path_0,path_1,path_2,path_3,path_4,path_5,path_6,path_7,path_8,path_9,path_10,path_11,path_12,path_13,path_14,path_15,path_16,path_17,path_18,path_19,path_20,path_21,path_22,path_23,path_24,path_25,path_26,path_27,path_28,path_29,path_30,path_31,path_32,path_33,path_34,path_35,path_36,path_37,path_38,path_39,path_40,path_41,path_42,path_43,path_44,path_45,path_46,path_47,path_48,path_49,path_50,path_51,path_52,path_53,path_54,path_55,path_56,path_57,path_58,path_59,path_60,path_61,path_62,path_63,path_64,path_65,path_66,path_67,path_68,path_69,path_70,path_71,path_72,path_73,path_74,path_75,path_76,path_77,path_78,path_79,path_80,path_81,path_82,path_83,path_84,path_85,path_86,path_87,path_88,path_89,path_90,path_91,path_92,path_93,path_94,path_95,path_96,path_97,path_98,path_99,month
3.5,3.5,3.5,3.5,3.5,3.5,3.5,3.5,3.5,3.5,3.5,3.5,3.5,3.5,3.5,3.5,3.5,3.5,3.5,3.5,3.5,3.5,3.5,3.5,3.5,3.5,3.5,3.5,3.5,3.5,3.5,3.5,3.5,3.5,3.5,3.5,3.5,3.5,3.5,3.5,3.5,3.5,3.5,3.5,3.5,3.5,3.5,3.5,3.5,3.5,3.5,3.5,3.5,3.5,3.5,3.5,3.5,3.5,3.5,3.5,3.5,3.5,3.5,3.5,3.5,3.5,3.5,3.5,3.5,3.5,3.5,3.5,3.5,3.5,3.5,3.5,3.5,3.5,3.5,3.5,3.5,3.5,3.5,3.5,3.5,3.5,3.5,3.5,3.5,3.5,3.5,3.5,3.5,3.5,3.5,3.5,3.5,3.5,3.5,3.5,0
9.17162335915303,4.897660465899645,6.256790788273745,9.2092754712848,4.8275665327366815,4.926229733758818,4.091383620400717,4.449214757600254,4.830679507830297,5.350444231307415,6.771164784851272,4.5574790072923195,4.815912180903035,4.273004405065328,4.382987368522075,4.88361340186116,4.644430163418386,4.45754996364056,4.532406502556034,8.236127445870022,5.747779238601625,4.922251477588095,4.736696641405,5.038601650672759,4.420982816192919,4.780295450476083,4.828389023488807,4.263288960704479,9.09198658307795,4.650389818643401,9.58134273697021,4.485863214651616,4.774353224569568,5.073262449205872,4.807888666781582,5.213308355515785,4.844266387017324,5.63698049370974,4.254442859405482,4.515544776429927,4.2072019899926625,4.400185704175771,5.120572892945816,5.424145687708024,4.636446885957481,5.365763972423272,4.544052304500217,4.405052123135138,5.3310506081192495,4.987113264576589,12.722949768216822,5.354601784766082,4.893389878072617,9.132439076175359,3.704449943573472,6.951551616755161,4.45465027716407,4.8549137666055,4.485476753334949,5.147373047386483,5.237541502254966,4.630266849622367,3.418011024059112,7.416637301484818,6.0573185850375255,4.255418964691609,4.189134238804767,3.939087165683533,4.278391987343464,5.009300998757567,12.578239660629166,4.360286171755927,4.413178520417103,4.632946432295855,4.253473137371976,4.183906402450457,4.640914317475983,5.585074809587376,4.390880799069492,3.8498985461845345,3.331656151766318,5.031921653759756,5.399452776402304,4.465650256551363,4.197015421835728,5.0506201655428,5.511540767174825,4.971164563693291,4.230603584601302,3.921666721216016,4.1624600476304625,4.31828946781957,5.159916340276809,5.28565109410531,2.2852839042983244,7.539099675696825,4.954347522336303,4.72243718120447,5.118287929264844,5.220444742636135,1
6.494227314043837,5.285511813253149,6.48370707545941,10.506827398507877,5.913175454833791,4.973335029683631,12.378775232109977,5.7400767728805855,6.5342402624034115,6.676310446419637,11.12829768433484,7.457693193748517,4.9776314018265415,7.087324738049843,4.676879477249716,6.5093307986139655,4.293045973826057,4.982274134619734,4.4690609329585635,6.156856810957321,5.3180231212670765,4.6453299835775335,5.833113190155929,7.085823748091212,4.344049485942285,4.830597909162056,5.226224161891724,5.080470992337014,8.438494011073503,5.722778277730875,14.371714583893372,5.360470331327323,5.28110683108719,6.398295312692397,15.05190757941343,5.711796146260684,5.6803577185250544,5.572544444840925,15.321662430455088,5.3282155720149955,4.766467078076087,5.3424157543712845,5.86825373194602,5.4655338407319105,9.306584292032756,10.549786839603296,5.503933307962652,5.337426963761917,9.881670539072392,7.919386213350404,11.995225605116818,5.199062989018795,6.18041507304741,17.735910256442384,3.4752841293774517,6.340776465739079,5.234451168262837,7.54547123935612,6.817332303345985,3.407557306518219,5.181686114488758,6.138987106195358,4.147304123239186,9.106909027600913,5.160940548812064,6.4158865931109625,6.352213758625225,5.606803054585514,6.270264516599268,6.4631667656692375,11.36995516176174,5.015974475698253,6.4255752147301,6.557398226199008,5.84400932152514,5.2222559948126195,5.405012414933516,6.496137156419584,5.170737827373137,4.857618795700851,4.664433391262112,4.1186843261300154,6.67356068992814,5.456908518838439,5.6395679618915056,5.810873431474265,8.858854259034509,5.183292346510455,5.94913121891402,4.260492083223962,5.156740500172465,5.883155189309433,6.971118723324105,15.005692607244697,1.5954302349803144,8.312213425811212,7.568646477088936,6.447484390888233,6.0791469501205855,7.230992061029191,2
6.619245791172391,6.997064625528239,5.472308163564568,12.148346132568445,5.893480114955795,6.400660667932229,25.0,14.459961939335646,5.179243763659229,6.186199622445637,8.941605447355045,7.939922986428533,5.52241515520964,9.60955910281013,5.26368277998066,9.381550278779542,5.278434969419583,8.253867210787217,4.60643251857414,6.090352428408753,1.608223310185756,4.722562663857741,6.208928336333694,9.280885878277864,5.971038490848821,5.324145983096184,4.124769361324047,5.924340217054553,11.022737309254193,5.8351774432287655,20.596378405269114,7.122417379577688,6.857912290102629,7.447701687799217,13.562560924960742,6.4104343568226785,7.476832607462912,6.099937470451973,21.621632219211925,6.360489219678296,5.737647352210561,5.180333996849314,5.5066804582930144,8.130625166128079,12.080235995578626,13.597994191637929,7.382215017713872,5.3366896409117475,12.656856525814797,8.70876107146405,9.605661746212917,6.04532088445032,7.602096332635068,7.123103943431177,4.665147694882887,7.455018686540084,7.816910240792378,7.61079591442184,6.929632600645384,4.362336519879864,4.544982040158589,3.9929643651627917,4.629044343261671,9.626055530483162,7.368561334647487,6.781335836316815,6.7059551511833675,5.920014000315697,9.485863750359929,8.7238383741363,8.453444120043406,5.850188127531595,7.082505137805143,9.720172366699485,5.761477636421928,6.681657985852959,7.9112193319225295,7.438883054138857,4.9872815408252045,6.54949900092382,6.438174650583026,5.32424753253401,7.281538190786448,6.014827081426521,8.020163265520743,6.683855760921201,8.892168189277792,4.580855756836399,6.208463954474491,4.056734590713328,6.540924226675394,6.964711924171887,8.024806670827344,5.816633528254718,2.2992825903309075,10.361448195586846,7.2681029507872825,9.076634957449327,6.3051554256356015,7.347294456561926,3
9.006832708225192,5.468744798160412,4.948909805877337,7.006051100545309,6.54086283547819,6.877938236923344,25.0,10.913775701615815,4.500817879484376,7.960349644771126,11.263460247418202,14.275579804014292,5.494066336715682,6.240696924795823,5.537692972986401,9.261270107185798,6.757871921667421,4.919477176338239,5.73926325879321,6.994615556776048,3.5225229833164873,5.417915180974389,10.687885340563119,12.947781742666292,5.5419309399238,6.992377532635076,4.090456518814861,7.257883733807219,10.059630745551448,5.666001619997416,25.0,7.330069271788732,6.297681033761931,9.3198659873945,16.295865474702808,8.490607839997914,6.8186872706932835,7.696157483947242,25.0,7.803364791106046,5.905628504541883,5.8456689553047045,5.310699357401842,10.928498515230546,10.698519918414256,18.96914133879255,6.987527141586168,5.9887279422671345,11.308942110472993,9.568423402573984,9.76276425660716,4.090823295542601,6.612886865880072,11.790442388815583,4.829115316560067,7.674116298433433,11.070446546435354,10.382628993323479,7.415041112778787,3.081411648157752,5.570198525445146,5.4758613303978585,5.487408860456006,8.828644014149107,8.773936227236296,6.271803914931206,6.383582608433972,5.292902835729683,6.575882616709975,10.896688905844433,7.30052299620937,7.055473714267849,7.239697592470212,9.246783428168394,4.613604948751115,8.060358723889893,6.829161978599395,8.005007927306897,5.808800497906159,7.592535653875977,7.955062759736396,5.5422543848449,7.135111816618279,5.1123732683772305,7.0904290424256615,4.693753392164499,11.112922617315274,5.7322808743339575,7.588947172285611,4.981809445258916,7.4892785373386275,7.052446609025523,8.630716837872425,4.677074282804548,4.102559840686707,7.5492043532085855,4.876795874960622,9.028216349581076,7.124857902870141,7.4013509064319445,4
12.084104720084742,6.052060687463931,7.149855932286709,9.172280292978161,8.006115038780123,7.591376908438546,11.754648600438797,9.727947305289415,5.739623090154401,7.161288576260247,9.945974668833868,14.642245790618407,6.140481550633666,9.517278410858538,7.405460605560146,8.43058859659986,8.256109039974131,5.752972876521218,3.9361317078324074,9.503711361312295,4.014170566791941,6.721498497760002,2.5799713829340583,25.0,6.073208558791919,7.032077609276231,2.964208782925777,8.39382410280082,10.981246663662171,7.209020217166893,25.0,8.424985782623926,7.63849805016401,8.911751728757864,17.02748446933739,11.59192239923307,8.8519553402785,7.436633148971824,25.0,5.194602264060363,7.8208192497606355,6.901089924703506,5.6068043918768895,9.944282504317547,8.524378017007061,25.0,7.146504271220499,7.011392628690164,13.195967897040578,11.019989317486111,11.757108189880451,4.272869150508363,5.992556562683537,15.165727527342996,5.250262145650948,9.09249549294704,5.521917039114779,13.696245081713311,7.999374237783224,3.3650552494763164,6.960837091821736,7.5647070650218975,6.1573047664072575,8.66510810994146,10.152044424189507,6.554449030799952,6.774439118154743,6.87171714287676,6.047909994314231,13.063836528969883,10.601773034144255,7.421141870689908,6.8226461250832084,11.516205700376625,6.758575709195173,7.183751371423127,7.902661496865251,8.112270662378203,6.80373563631072,8.246622753038068,7.564272809599635,4.912618392954167,9.639910475898787,7.0715662227313425,9.626930567832204,5.48434889467296,16.104500842212303,6.272390200943782,6.166550273628873,6.944941910424761,6.1639035373848365,7.085400438494341,9.694736560748954,5.163681936422693,1.5,10.934157523669947,4.360980341954452,9.181932587450284,8.675654708728128,9.314998377524997,5
3.826522881311055,6.538372547581557,5.655142981496687,6.940278254081347,9.070951524070134,8.851534053217483,1.5,7.720245311692164,5.749870920768174,8.214310917713593,10.605559925410086,22.99332645975688,7.473112882885658,7.23021520165436,9.322337690967581,8.356572508294573,10.855058202237226,6.264310242254879,4.4158776047791015,13.54517426201797,5.868414647259914,9.164399559153333,5.73420100072488,25.0,6.45627729388219,6.955568403999399,3.330187872702822,10.192106769267003,8.638291034595836,7.247123718185922,16.457430936428878,8.904673427247374,6.966316563725619,10.317984935032204,17.57039896863781,13.438420779679966,9.09726410169724,9.013574483093914,14.507162905278408,4.871084299524984,9.487612928859898,7.263499372628513,5.806024473817917,12.30528031042883,1.5,25.0,6.932477936251287,8.410837872684192,12.709714448048773,10.665783011842363,12.384320033652743,2.0745824937547686,8.250021627614988,13.587513985936802,5.708079000550897,5.946255539519459,6.303169138018101,12.848268635734483,10.11329959697877,3.6121895535824007,9.58650125058742,8.127864550002952,6.519582001156835,10.012249127202335,10.428148023270232,7.3574420277050026,6.9232341732566365,7.404473825577481,7.266348769327764,3.2437840533693976,10.536099242944136,7.144783137191218,7.240405979801947,10.296254246854401,6.166733929075594,8.661499015496585,7.845960505360326,10.094673787776479,6.20714266156,7.775249020580906,8.6608796048803,5.45981036452834,12.173893002952148,5.544593620256665,9.29723451178647,6.20870348239085,11.842086674699248,6.532076828200168,6.8290160803771,6.837188305334966,5.08293022458591,6.9297668636610075,13.485209181768335,6.170523811324501,2.541509645354279,8.602992548920913,5.690758492607164,11.307312638907256,12.001980002982437,10.594679147487737,6
5.221519231336848,6.473033673085103,6.041842828942512,9.841185744497853,10.790472285152665,8.282978857057028,1.5,7.366318081513112,5.93640465151597,8.33103246324059,8.901784708341212,22.74716141583623,9.964694716438428,5.7962625588060614,8.649472375456636,8.785576572444045,10.277390761194667,6.01562269373645,5.978455216134378,13.372380959976326,6.398295609202052,8.131482785306858,1.5,25.0,7.27764471772595,9.423930954196468,3.430019867668051,10.975619750126828,8.186390575196528,9.444289398821443,11.45433683219208,11.700705496804957,7.559269835458613,11.228701846469813,16.39144377991261,13.936598839724756,8.383958614548522,9.14081025574532,13.879508392603949,5.73642759039662,10.16190818562447,7.57869873315195,6.775691749421754,12.581793515270661,3.101699354057345,25.0,7.503373946187758,8.812410242029351,13.599110469575637,11.693540181468881,11.020429284379876,1.5,9.787218736770937,17.960037768582943,5.803791678879054,3.697324706759963,3.654161415914027,9.729696480311517,9.31912196611862,4.641145139100383,8.53226928745648,7.589765148081744,5.3657486787850095,8.935996989521938,14.851218458575703,7.231181333431248,7.154406886887837,7.8920541309985435,7.2288894844578016,5.472486013846626,10.76140179653172,8.905888153909396,9.297398193317235,12.92032419261454,5.139297799341617,10.767922181867453,7.0448876453918166,9.452185871333809,6.819430019779318,5.946409960044747,7.452674815518049,6.594338540051159,10.557707779255196,5.892093848509367,7.660926675247165,5.8262351984199,14.388011005996495,5.826849237069772,7.94368032888968,3.1626558687253725,5.431071092076315,5.806703330494484,10.090580894156396,7.502851117549127,3.089887058398841,4.555172843622642,6.86638603992511,10.139336518367575,18.882385562513456,11.985948413111227,7
4.001215590109284,6.708251119186629,5.601038026600225,9.693172941798233,10.682916404671058,8.119184829932687,3.7387796148706536,7.760289261162231,7.6561020597129925,11.350158161863224,6.554635982302646,21.882076149002998,10.387853006229617,6.4130128961781026,8.665009535660078,9.160013292635105,11.065304130846787,8.097471869931363,11.331968744659363,16.043440085110028,8.229312975801637,7.8756657649051425,1.7919856788085302,20.790306738794165,8.767608255208158,6.870973173942653,4.777247594951093,12.255809473353715,9.91840768650166,10.990233345452868,13.948954069644616,12.066998681878802,7.622905387153269,9.78125892985698,11.5888540497498,16.97270351315487,7.68374623448087,7.7495776060056,12.462875324641583,6.119746593324332,11.917685038025635,7.948434639151089,9.474666399188282,14.684238019852137,1.5,25.0,7.5834734941853625,11.054804995609862,14.28161361382683,12.135511571021471,12.64533471680433,3.2622648479875087,10.921394326007409,14.168281899198536,4.057724447306214,4.551543877201165,5.376488386110665,11.120605824703844,10.51607378322763,6.375558994769231,8.0925895294729,8.858141977459788,5.041622968008078,9.895517498489225,15.003258572852816,8.34033448349101,7.137495817664094,6.437970107831235,10.311789466354558,7.654286933516614,10.940277991763159,9.47323869967955,10.09676166298946,9.880300734748925,5.1069256093232545,12.974765288312172,8.088283502618973,12.895952589393836,6.441004866979346,8.851700914325136,8.48193007508566,4.144630154935156,11.504176532649204,5.755844639993964,10.266228200065356,6.164452068400093,16.835264518235782,6.063162790898642,9.192970499681985,4.9695327390752615,5.733456146362214,5.01389345767017,9.755851362869015,6.95034473730545,3.6713541911272913,3.6249590341014284,9.720727789577943,13.075426622744754,20.99731590057337,13.044438727997075,8
5.193903589936137,6.131686362896685,9.198147745719464,12.558253792726644,11.2294974716468,10.044903714366797,2.4431718535307922,9.015024495539258,7.801047943745395,12.19233911177717,6.4915545051256345,23.602658174926738,10.519643999229196,8.145554682209223,7.479356376868486,9.430466838359628,11.029528473596079,7.591027750102383,19.9640693785047,12.966987379646255,9.484195964140305,8.572673374988927,7.115134831186911,19.818419843276242,10.033086375749459,5.627728153994763,3.63747493976601,9.773819977607218,8.740787056672389,12.925572612334747,16.78512155359035,13.144992204280916,9.263590861783397,7.586196656780633,15.605029474235337,19.546178853549993,8.27016243033072,9.216170051004605,11.591665007869288,11.08958369862344,10.77536132885707,11.405778502213085,10.806191986589825,18.676919398463266,3.5097926498219234,25.0,8.398756373107213,9.28695941300067,12.321442520522028,12.952790234713033,11.966618665531453,1.5,13.245099613307042,14.229688919316612,2.6844204391591147,7.737635673646624,7.555249496919109,11.441400589730435,8.772532647905585,4.128006883024877,6.856183809805159,9.064982606029247,3.9066682300259226,11.870711462952599,12.758049189951675,8.866427734456407,11.40390509141114,8.368500036518041,10.263335171248517,4.105948531377676,12.8384379121842,10.890444851646285,11.27489242912417,8.946191193971291,5.676903693309997,12.968917221239886,8.332679229916506,10.108014306795049,10.83007502318889,10.160953609366846,8.417860024170809,4.417658824207813,11.082259663994977,5.467724857171043,11.445943772370386,6.436077035847307,14.178126372822469,6.076537203598353,8.912129403303958,7.9588961558705815,6.761859312557255,6.436260401627324,7.527905419096896,7.822283350710492,5.138119564836444,5.523631081312417,7.386041121476878,10.057013522454298,25.0,20.47039039488847,9
6.049971593174057,5.693082591554196,10.609950773001788,17.452998711108023,12.443593037543575,12.63962992371951,5.81209044341497,9.704534198167075,8.77417962296729,16.039147834902693,7.602488073393576,23.27424896779712,10.445221874098943,6.748625158814207,9.1290380863559,8.73524846347265,9.565905858964266,8.372964406039662,19.391076606578316,12.205463653657615,7.416241773874895,9.485069109121095,3.158093240449402,18.598196384225737,9.624921939739076,6.498035744954441,1.6262439910216786,11.153863971279558,8.147396467777181,13.017767713029752,18.32735651628547,6.84256574039772,9.274827512097678,7.744306012416998,17.305736183605845,12.749277757334877,7.26234662557978,10.993392713831522,12.384811085841466,17.556832447335804,15.627723700636752,11.054194580675734,7.327248084981312,17.404176930563565,4.36609347483691,25.0,9.179643878546013,7.376668198036883,7.1380371577883555,14.6336498857963,14.737619803694798,5.449952761795451,10.568053183527255,15.622142685829834,3.876642233467971,11.27388253996656,9.20735277315023,11.389389414884967,9.246164015564894,8.595162553676046,10.409072358593193,9.415646869863746,4.794034946695029,15.89051389755203,15.350233067327519,10.406871263347398,11.241369128296132,14.062332540718405,10.161173783782766,8.115791993704375,10.256245423752656,11.492627654618932,14.522458041012435,5.111630192802696,8.758979956663152,12.01061575714952,10.048510525196388,3.7404870153916834,25.0,14.052365565753458,10.392899206445378,6.144991359148397,7.655701120484871,5.176940231397795,9.767759775889992,5.801360806989024,14.17304302887683,6.320656949306285,7.3504707224868016,8.206905426909351,8.976559341910939,7.074551003447538,10.100387228975233,10.386308758352186,6.195845077122397,5.941159816046245,6.616441474954962,6.760859866940569,22.11961663438265,24.426579807937372,10
6.151102009335501,10.922214973770961,8.284036469232383,17.895376604908265,11.323725656356945,13.24307567523972,1.5,9.429984353535607,7.372628701810297,17.13322771643406,9.473037837068915,21.7517619855428,10.633446959043482,5.917147229472071,9.265513720158976,10.88677979932262,10.281067402504823,9.855653408619448,3.6677281040099956,12.465869485700008,10.129044007595693,11.018533266209042,7.226790297417898,13.88793233524072,10.129633301828424,6.800467971545826,1.5,11.28358372206221,9.73156691155124,6.90724611333166,20.176594058916315,7.227309540534339,7.6490999126986505,7.314714385557259,13.227285860337926,9.23094359841832,6.903501462586028,11.694262003989111,6.727728577079912,14.49426570376962,7.139258877741613,11.169497978705413,6.753462968976681,10.994705605923059,4.760347982789514,22.426017571730235,9.6587751325645,6.703076451356978,4.517819392324851,15.914709914564607,16.94089970124052,2.509827213817674,12.404796960734089,11.199747146756277,4.451568231974817,1.5,8.016966551425194,11.26869974065851,9.876455122903568,8.345972028090104,12.395501222650182,9.599236236775418,4.393608028622321,16.463777935378715,15.65110221421464,10.449762677165975,10.755659690182844,7.69446066490179,10.031857735154425,4.075697361623173,11.252835248343002,11.012210638324678,15.633719422441125,7.301935047597429,17.730869065630863,11.260522140724863,8.889408200650674,1.5,25.0,8.612208092444533,12.253510238328785,7.484057482378811,7.118880641769367,6.332132381486971,12.503648558518005,5.843937672898394,14.56955432456041,6.760308543004733,9.880582489137456,16.11921453028036,8.90702953255819,5.165372515422635,12.311021573167007,8.390176619515138,6.711021225267118,5.607560985492316,8.471339950037798,8.91272290496028,24.256894268303398,25.0,11
9.499586052464261,11.844775496996839,9.453049301538295,24.645324834574833,14.547159917870117,12.612148204906834,1.5,12.799458801049045,9.800263374321295,13.264261471155624,8.550325785525764,11.911768730850262,10.832376571497969,5.86960302416813,8.262893073253522,11.948037441351406,6.076788001420399,12.652990834880006,5.959578825648762,12.250078319794593,10.999215459783285,15.450282424909204,13.556335782748008,18.048207003468512,11.7330059461841,8.662843634686617,1.9828840925742717,18.617350712145054,11.03841372190342,5.215045892191356,15.907893471199047,6.285060005244539,9.410452987483994,7.4601026779990764,15.147172156775294,11.65798661198629,6.144050420830366,10.95435065364765,19.5987135121227,11.750783643465983,6.53895774168369,16.811845460007913,6.777318785880791,9.58896557341765,9.145786655613975,19.927647643259643,7.319486333202441,6.861009542099042,4.025295731099195,17.22624335800884,20.682852581382008,11.65767853300942,19.501992169415285,10.953138634506637,5.091212787590653,4.209444893654911,9.896867716794107,12.036280106202677,10.181608799628563,5.71837759939014,15.629406851767577,11.595803780406248,6.002705404264068,15.729616593075315,16.24589045418885,14.52026775610018,11.61745849346487,7.205447084278257,11.081896530078817,10.618376346068011,9.650186879566428,13.047917741774741,6.219178813303962,8.418469672372407,15.112538246204164,9.333655812484546,10.65421078783179,1.5,18.519039994279385,9.883145184874278,4.469940461754623,7.170481592302609,6.803411021959502,7.000704284914889,14.701055060444624,7.910524661159938,16.535327889361803,7.651966064368198,9.441219555802562,17.145548852070565,14.314042205889795,6.160046286922658,19.465607437557804,7.750749826541192,6.572968237532547,7.849289436389649,10.38933042133287,11.10683138325359,22.95238425728427,25.0,12
6.574537153625009,10.279556824339776,16.663835656613045,25.0,13.301893837189827,9.417038631847786,1.5,9.008575505216875,10.08987655389345,10.551360393311638,8.378408077256795,10.165700729564364,14.384317458508024,2.9133954245624394,11.255186293526611,15.64506809648005,21.63023208642317,12.228999940086315,9.806267473690012,15.351727499469156,10.193471093713782,19.15177747846674,17.97723635846286,20.0400789434211,12.562742149870717,10.833532684498483,3.6467773889665844,18.138668271762878,10.064555811171271,18.553217877288446,19.470472191357583,7.979042590655173,11.66180096796564,7.6529019228838,16.663657509521045,14.156873590076065,6.537657006104857,11.37511940092897,10.750283763144814,12.804864226344698,7.490337846295548,12.586632328607829,7.175816263397378,13.103929359815506,7.30968553736573,17.844332582256374,7.986799894888026,8.19261764578216,4.849124540856183,18.324300439276747,22.36914278371543,4.171676651232119,25.0,11.891039139312063,6.486287878191784,7.104893534493955,11.722026002018694,11.797138139972123,11.305447831841654,9.470039136180018,13.703064543626477,11.801476578251565,6.73004644064452,16.264820926346808,15.9129782400757,14.201836731754996,9.280556177434747,13.228551614603765,14.081014607402683,1.5,8.245566525544865,14.951068453553845,9.81191890155997,10.004554033363538,13.52944385252252,6.739825278792736,11.172410231352078,5.7341974597893834,22.98989050571235,11.292754433208026,11.596817747467659,7.825381458744585,16.7024214152806,9.547074034289816,7.673784196968081,10.278467074952928,14.864458875622763,7.237127934583169,14.849452464710396,14.965515655645639,11.909838585905133,3.7926449074227455,15.726175054813938,9.657772917183646,5.553001448609773,9.264563129946769,12.6777702851495,14.188120154661684,20.452879181222364,25.0,13
1.9108409947057696,10.495958380388506,13.60352393943762,25.0,12.785480491773036,8.480676555766836,2.311680551089437,8.755117530732683,7.7782189421696035,9.800892743344491,8.12025399530489,9.61881741297869,15.563904560352867,4.721426349632918,12.776771241560049,15.306722034405114,18.914951220303173,9.614181080846802,24.185819809130074,15.917391276051026,9.595822304567752,10.18595781939298,12.160601660375649,18.612528837495876,12.744843150830162,15.66603846416931,6.940721299129281,17.11415147620402,16.230627601652245,25.0,25.0,8.978637332004343,11.418007264783041,8.934096363783526,10.662426562598764,12.826154045709124,8.665682074931837,12.234553828159298,9.522096633269186,20.14423168161264,10.44619630720151,17.143032059304144,6.714806535462545,16.023593150568935,9.43413605203889,20.42467561503375,9.602282121753674,7.711688906165636,5.089253777987676,15.920365538761676,22.626856190194815,4.92255526046368,17.51321597601098,11.66637631079447,8.601402638394646,2.437690464231407,10.932132843135497,10.80561111794121,12.214719210529784,14.069223171938287,11.230046399915526,9.693050794061955,7.92183483542573,25.0,13.70593574525217,15.721278300053983,12.054975822103208,4.076649297558072,14.002698191552845,2.1023523530134605,9.775829380117754,13.498986841892043,1.5,5.506189420236074,13.807270989579408,3.916161738578599,11.931611022477819,2.658843077366288,25.0,14.125358623013382,24.90336833623919,11.355004152062124,14.18580717428338,11.608910552308133,6.635665939921392,10.816013193972873,21.54103990956778,2.6506067696214055,6.711819600993847,12.642220198927493,11.553522994824366,9.917681911276896,16.451401851118867,9.784082497759048,6.214501731459492,9.566108988066805,6.592358551851432,10.649489770321079,25.0,20.82751920132368,14
1.5,8.052337457259801,14.50597088385582,13.058231752215516,11.624614382230373,7.852097814548968,2.092610448694452,9.016787544961506,7.029714795359144,9.139044836240604,7.870358022379644,12.997434530640296,15.853317615939256,4.197930874072054,10.635330975241201,13.986422774612118,17.87222220618393,8.168390535401562,25.0,15.044766374840638,12.625388163764086,10.439722063387515,8.429926579948814,16.144666811130758,8.901365513406747,25.0,7.663492383766836,14.994935472750877,19.912930851553647,25.0,20.354171464261025,10.875877819124131,15.318340783535735,8.185543782106262,12.29694323087184,22.41927324829004,8.299556917767493,13.397332971383081,4.786334469906457,22.817383490205028,11.532557714385428,14.793382211382946,6.3841912829307095,16.981993761506192,8.21869266775964,17.53397490620231,11.880061794756124,9.809597341578248,4.788957753720924,12.90131914295937,18.949416218766437,10.597702123243394,4.663554555252832,9.775320314554074,8.905335185773694,5.631134068979186,11.4997451506977,10.104164841049897,11.890268705525786,11.026186789426621,9.876565991452981,11.617214128831119,10.182894602442605,22.45842631134523,10.699758156998792,18.344072838797796,9.923816897490518,7.645567440971856,13.198540826079707,6.096785492115732,11.802265289073473,12.280281154567302,1.5,5.181089379448337,17.4979505791989,12.987248576205431,13.116899592929618,8.881862728033404,16.616238923083543,13.05180596831547,12.498244594199624,8.588626998101226,13.159077809564142,10.415110640235435,2.658178276339929,10.581339538183274,25.0,1.683575297151753,6.2359494172769825,13.90378725319321,11.188788662717487,6.757115333846885,14.400478378742946,11.469138884181234,4.606506804049986,11.404137660001261,6.466064020476198,8.457686291395,25.0,25.0,15
2.953469632923227,8.409596242455294,13.227208287610948,3.4540102602339413,12.220033247795506,10.755729022413849,1.8346877778154935,7.90274261219733,7.693672222846908,8.72857354447017,8.86858155056396,25.0,14.375938363671063,4.296264191245494,10.349471013301164,14.26859481590927,11.63418205477945,9.34861327005321,24.365791595309016,15.39324786310746,14.104344144353465,6.349640508354794,6.291439734644026,16.771376022470463,5.5980740759665615,22.46792859509024,8.01206474005281,12.935899580895121,18.532541186149004,20.119395930719975,20.529607133672837,10.580811529328765,14.920694396974005,6.686590707068709,14.207130951719742,24.420939419812235,9.797623789734642,17.26657059079605,2.589686984570271,17.94290184961633,11.180582295185578,13.50136387968374,6.350959038487456,19.084961541421503,13.610387813506092,15.68253789862476,12.132997994292706,10.831928307423079,6.197249484668216,10.839662275757517,15.374744948516703,15.762895160542982,3.0218304512170664,11.33946122554728,9.755190138406304,3.107882248984738,11.942522875912104,7.34013032391751,11.771947902587044,10.635416550135501,10.22625733804312,16.60564201216002,7.088184819708154,24.706497981218178,12.117458029613594,11.26344212687738,10.012594371977556,10.955866670010392,12.262696949488184,9.033433061585036,12.196681350690175,12.226645162632142,3.0793768391353655,6.881333724058457,13.478882647284284,5.197119419449554,13.875096246886974,10.826669905763127,14.501739873881593,12.170418885497995,1.5,8.987240496426606,9.169810948312985,15.735430972216044,2.8811947364268176,8.864634186104166,25.0,2.5864009662843923,8.6477271332155,7.850092078392616,7.969791532753838,7.448518240613323,18.623271631118115,9.031232444267363,5.370617191955376,7.973570515822999,4.277930274771467,8.121906269860967,25.0,14.122776321295834,16
4.024514088391298,7.418871654019201,14.816628130191333,1.5,13.685870040243344,10.359614408086742,2.162105365408495,5.622735105721775,7.779072984089687,8.979436135466589,5.966763475452783,25.0,11.582067324703969,4.642762567623652,1.5,14.372275934622635,7.578023836071958,12.198881362101451,22.36230465529404,17.51361296385352,14.367530201675704,7.965403577668329,7.688476624117606,16.190040546815645,9.494527392481077,24.73028611385012,8.488000621499463,12.740560286697825,14.411470665257731,15.011299903322074,22.705448035412825,11.244407885879891,16.716105507245793,7.794264000015978,13.740446230221872,11.068589790659479,8.94789082106679,17.732566204598054,3.501421623175912,21.099595727354323,10.262698335955875,14.503851343028265,5.884337600608866,15.391180572807421,19.360654337508763,13.421489374814238,11.928869021521706,14.160471431839499,6.740305229070501,12.455102856512207,13.190847884253103,19.435901486407943,3.7572055196395517,10.217404372191348,9.033991126215025,1.5,10.464284558381317,6.776521561152591,9.842555983522633,3.989526873115401,9.408263197443729,6.889416235273451,8.921351263361387,25.0,10.975559190299274,2.502225095896888,10.18109770489221,13.817189074297485,8.03961554852691,8.014381782111704,8.910912473041385,13.097830910751828,5.597985875758354,6.858729814424162,14.37809338331517,1.5,12.405094689712922,17.953033678591545,15.173920006402062,9.306212159631928,6.095464863514165,11.097409307903291,9.948016893633337,20.93712084611851,4.438713853199009,10.535618370083968,21.5133905404404,1.9322820748407634,8.801255266772232,7.966505224109891,9.757245264168994,9.10395494116944,11.267344615527492,7.204873774972329,7.442090420801354,8.152573814254207,3.550530591713901,7.52802927918767,15.084932778383706,16.544901560885485,17
4.6880916938511765,7.462303832646837,15.266205402641795,1.5,15.391739101984257,10.026240203608666,2.6361379170918275,11.229182532735798,8.604037314227275,8.631987113323994,7.322970748393505,1.5,13.935278198766525,4.085028389580712,1.5,14.520985360628682,6.94667439735167,11.378969584353145,21.913784190509013,14.318412447343903,11.31590576634138,7.274940534074215,7.9938924264317155,17.50460721712767,15.90838016745488,24.21436010472151,8.268953253178214,14.89590986311691,17.386545013722863,19.98492711144402,17.04935590134568,11.014270430752001,18.516426956644175,8.370651164543723,13.17313683877394,9.864210107886205,10.603912328456463,17.130172908378672,7.292521773908634,21.36869002919928,10.473680808341609,13.975390314209982,6.2452752534908145,7.886046612952903,18.625900479315682,11.445528743804525,9.38960253481207,10.747196246033809,6.915598838134383,13.186170414698328,12.37014492728241,18.783153297634893,5.357315840202409,11.018615777398434,9.995091897446322,1.5,11.149262453507998,10.739463262645694,10.229339902649318,7.071852507882947,11.55846675733418,6.460203934578067,9.007042260904264,17.574083763327447,10.670846280257743,2.7593819279303617,10.680251695237864,16.34138482786556,8.055974234911808,10.57555527859365,7.3891555898593255,12.645338433229886,5.441248433143599,5.066068419634406,15.119300975068303,5.6003016636352125,10.162471566006566,25.0,12.166996945972667,8.384780493471352,5.7332565724676146,10.856516021067064,11.02230567480222,12.919625675042113,3.173073997476296,10.663467639311449,16.86586404563008,3.3983846337962076,6.560002217239868,5.560200513463373,10.088183449968321,9.50416756770355,13.840328809944385,7.800873081423218,7.302537753546984,6.5494401885052165,4.83296601787124,9.589204251424324,13.430282453370157,5.584113235278659,18
4.788615279797391,7.3569527144958675,13.130434824385729,2.440038252658154,17.39949517207799,9.667908593864071,1.7273308832645227,1.5,10.898048599219567,7.110892734336085,7.3364043255036755,1.5,13.07258820454125,4.3420095827636045,1.5,18.33428598860054,2.785672654454401,9.699647978762389,21.16952955679216,12.921308671975384,8.024988282476954,7.804840886281906,9.48959368251341,18.085694379506297,3.252300200388298,24.910431143445486,9.126136360260364,18.019188511068805,18.165453394553822,17.015888487386626,12.846159886193165,10.452690077902274,15.377382590603794,7.449911081447242,11.461311132593199,9.123967148492216,7.397612165703762,14.934115205573338,3.8682481564777222,18.33515940978383,11.668433147573946,12.3516673899483,7.048211039299512,6.098857661112551,19.352206334295786,11.954194785261373,10.876640244751968,10.238748395128232,6.517292120539139,11.289009050024065,12.52225893765046,21.450058442471025,5.897936435661441,10.131401917038309,11.24289434266488,1.9395594669439062,11.698629312579001,6.122542801807864,12.795853723069676,5.973160786510594,10.18119535625756,12.08901153486929,9.382682711429116,13.709587633355294,10.70029881306728,1.7422174034156213,10.293651969294485,14.499658454828307,8.359133336927776,10.147903419660267,6.577058822539777,12.243304965926713,5.197093709123267,5.565791949026205,16.13077482243562,9.321555790538921,9.787873250748241,1.5,10.939786856727318,8.283252662997503,10.049969884333592,11.04278175805331,11.071557028985856,6.574278851333263,3.9623612996915543,9.24834508548641,19.157955362120628,4.54070262393697,7.652790460920287,3.537856988933936,7.610205127353371,14.077994689575869,11.253844707853649,7.1653432277067965,7.71903931269633,6.3671274897107795,5.872831335416859,10.10267970878712,13.118279632925063,1.5,19
4.936233443293482,6.867060333544505,14.356247489016527,2.9401896548129685,19.572226309593162,11.359020918736112,2.6408630854319446,3.822103961285796,17.635319229352866,6.455943900839843,8.225342357260931,1.5,12.480681868084195,5.67795101776176,1.5,21.507342089530944,5.468408430937076,7.468858467280514,17.8395131529022,20.58972434329527,8.428839536565306,6.907934788024554,11.060732126419188,17.315597859083738,12.78807158585501,15.13391969752863,9.363757741771819,18.26574660738132,14.210964051471361,15.575945677054342,6.766708046269664,11.415777361784313,15.981172919430191,7.391614629868105,10.449009482398539,11.673535931809653,5.932853915481607,13.978310206555424,2.829353950010039,16.250565479392822,8.855868073665095,9.135822882221209,6.4477238936881776,4.270612631137814,14.606023395443026,11.21155926232997,8.333681857275185,9.87680592493099,6.811577985016732,11.297930230605273,13.659236616615855,18.93214669906859,7.728760684755638,11.248749994315329,10.168161574096782,3.872814329718412,11.226449877229882,5.790945050892385,14.734471408954006,7.130363055243388,11.940602721146144,14.571433223619694,13.313001012177214,9.17237453955154,8.403924538547383,1.5,7.147865399462308,11.262954187846791,9.038991347797978,12.417367787296582,6.8561756888101435,10.002584572857407,6.26426329992337,5.983033047271584,21.17796061246377,8.451463091541525,8.364450738588445,1.5,13.297478313907286,6.830432813200087,11.86812470156093,13.813394935529548,10.927702903949331,8.538246747259377,4.400879915712595,7.749439315082433,17.826268972372628,8.267173429328398,7.566288595133068,2.6141089025325823,7.427365083154929,13.308689057885768,10.71272273961886,8.507349444720836,9.097217281679095,6.921736383190503,4.674853542778808,10.976192005106336,16.106577931027367,1.9106798561938008,20
4.981708918383195,9.68125108640281,13.620448280984402,7.630640378117019,19.00252318535356,16.03981773924374,6.313461502780182,4.411475479014391,21.64917161029131,6.703711868208478,7.503922633594335,5.158979938411067,16.691099898939072,3.5585230221964763,1.6642944865982299,17.76300296476353,7.896468814805436,8.410384783549114,13.790037230392999,11.182506025599041,8.89527164071685,8.485416773214382,12.853399280325984,13.934670140085338,2.3382247442910598,16.62892428998177,13.0281064769187,15.820901343049602,17.267850034845395,13.602642827093627,7.807435699213414,10.385340032134966,14.167502975581838,7.39857902313041,12.32700734176053,7.467735264162171,8.519900592702552,18.24152229193163,1.5,17.50418759771683,14.35560230030995,3.750818603151684,7.677353760311283,2.7772829551832876,15.39968101202979,12.556237022573644,9.413709519978815,8.801208872980158,9.200699447164263,11.71242464520893,16.01130917745141,18.427949412317794,5.741507752568885,10.127356888557166,9.742633549383093,3.9049263149929745,10.464424357849262,7.6114721694525995,14.314403045487776,8.052058525339673,11.747890450354188,23.714845309002918,9.882438228413895,7.771459072711195,6.651506169472958,3.1352009685018793,10.957755982145896,10.105257266854045,7.972314734139219,14.212471222156864,7.121940751570148,9.084250008779653,7.3992019632127,5.547241441255935,23.209637433783307,6.054854508206573,8.457504960453122,1.5,14.818302080842477,7.724440389648162,11.89497274875588,16.586798547178674,10.216945755229114,10.44529636863218,4.747223103254307,6.951333273954829,19.413821778158724,6.750079588017373,7.9687761574053795,1.5092682888677198,7.293417296680789,15.723756334921376,9.269934988997019,9.331478822178347,8.398739472037219,9.338982113595591,3.986989475905954,10.43595245105476,11.141266385255413,7.179661506754163,21
6.530465524984729,11.614098238275469,14.815174981288466,7.852349491970874,13.538216208737197,14.419877260973038,11.946782672667414,5.605508197144542,22.74800422038178,6.993863070965727,7.6483654252242355,2.375081318020378,17.374894583009823,8.737827561574544,7.926832394751909,20.197666314052483,1.5,8.798200743490504,13.371432359304112,9.444194709198458,14.062323579739218,11.716234080788304,12.580939638695218,14.193006219937892,1.5,12.039530395957406,8.520559528171697,14.532614936663164,12.41219556952426,12.557377247097302,6.533651218202625,11.139764835239053,14.787303017463232,11.667691791217202,10.572585844549533,9.668037718165607,7.936597423487777,19.81223956448883,3.811133651384877,15.625196144371152,19.22093001219501,1.5,8.30720179283802,2.636164997668018,10.755902096504627,13.197751654536702,10.60068006281492,9.603947862241354,7.973967629710121,15.739476935823717,12.241575443662065,14.838994733262146,7.19026455093546,12.421588448417697,9.554683978966546,6.449182963170701,10.50593765020038,7.911602727131724,11.093579355170343,8.388584982413905,12.27386555718646,15.302211949069331,10.932762669911554,3.9210511913070425,10.098072474822226,1.5,19.015466501162216,11.32886785458712,7.824719568864732,14.544329689685025,6.955342010029244,10.209850469915796,7.798462268638384,6.139584713630963,21.157407911896197,6.845945246016145,9.801239124954916,2.3217958293390475,10.705144081528106,7.898664380615034,16.51078495821954,12.233157584311963,8.731557608404854,10.540212556125606,4.73268210220707,5.403237011310721,9.354443085272898,7.260668945837639,8.825093137797325,2.5066263243195066,9.599846714497646,19.09741749848716,10.979933129204845,14.510535484385152,9.423626975415576,8.47121011045287,3.7808788419478145,10.148922914686516,9.810900541151216,25.0,22
7.302267361414013,9.812838310278337,13.04077976888592,3.383064047793538,10.630619846302215,13.85299267606205,10.388385704160743,3.9350874314568856,23.880462255361934,7.230255586534598,5.700692270121347,3.592036742573379,18.876633645397533,5.067037549762793,1.5,15.413485653576274,1.5,7.441008661896735,11.893373046037636,13.29400848633211,4.45955377691938,9.840440052142906,13.291711518989828,11.190354533344166,2.6182249354735223,17.017593913418473,7.523776487573911,11.639669580098992,14.996242627451865,14.378665860625297,5.895769403204863,10.113754167874449,11.952399574279632,8.413651811006227,11.354528958467924,7.937897600050572,5.340359289868286,15.380652510545104,2.7678471175101773,16.58625202463211,15.323962201774599,3.7384368200135807,9.038806855659523,3.994751959497025,10.791368223614546,12.728447663371227,10.915556316530033,7.313248717061537,8.035338936049232,14.247347749401257,12.716731027263172,5.18108951516221,8.067491770466056,9.384694159077435,9.375018478356358,6.5366301951113766,10.440470423010256,7.320810962501752,7.24806389957693,9.478849182671711,11.7526529534852,12.97351880940289,10.830251483098237,5.323460977424487,10.8949519646361,3.1508742971362675,20.66475459682253,11.15257604526254,10.507925735761948,10.806526088651456,9.645529905763185,8.750863936290553,7.419397693548567,7.405747652521859,25.0,7.3064358470825175,9.271101371756831,4.789769868837381,10.944539563684366,6.809217627350217,15.205436580804884,13.14628533461779,10.095417646337037,9.347992488699926,5.473439849109058,4.931921154131745,7.335186808649876,4.715987218848858,8.095415458035887,2.9824609589569806,4.244319829549332,20.186990590743886,13.02826763686403,17.09508231661463,10.57149744583662,10.245837142449345,6.2040366369330116,7.771780453294644,7.860583529910921,25.0,23
7.369132766538747,11.320294432680543,20.40851158080413,2.456397192411079,8.845495327592173,14.001682492182576,8.631508839246596,6.096851003473555,25.0,6.788697947450347,8.63072696110188,7.276158426650015,18.761299772154786,1.5,2.0955954591492114,10.633428272393825,1.5,8.05188401338915,15.20850712972709,12.881868687438073,4.425307262888228,17.07766778127922,13.699741678677224,15.524700531265923,1.5,23.61162310945697,12.569404164300973,15.165356318188872,14.234737101957837,15.135147896551864,11.562420375375329,12.889348848386607,12.170572107872083,10.03252840024936,11.680017670030132,8.32059378444894,5.515427429561156,16.28169271224938,6.367233074384865,17.56042987912097,16.89006930514307,3.377557019868936,10.086912420424792,5.030391368053105,18.609984950570116,16.499752711473583,9.726758194246871,7.454621669779262,7.035749446997107,16.127494415084758,16.67206259502027,10.636006599026636,7.2657789803494435,12.364254295230744,11.242098545761976,8.609767285532664,10.0323601250796,7.982680191698542,11.533600708909585,10.569776665433077,11.415200775462651,15.540590393885246,10.792796851268509,7.999701018066533,7.088815760872889,3.171190646040222,25.0,9.300040752560282,9.404869722103639,9.814929810748358,13.941442623740077,9.800554900526912,6.590212196445706,7.842640426585346,11.253721558268563,6.0801938298401,9.035998609628864,5.257319110816823,24.992316737507295,9.059522424531002,14.718811240557358,9.79003946606031,13.501794072209147,7.491624592077957,12.879270112215373,4.994261197254519,12.406887170195894,3.398153625454939,9.325483260553575,2.6343077446833085,11.070943127038346,14.22364762483689,14.70620821629606,23.5916519128427,15.671565153874527,12.218148675043405,9.424526961477408,12.717244070330981,9.616442865279714,25.0,24
11.652083212862433,10.101643861366046,25.0,5.878501774037865,17.267738921576175,13.615198623464476,8.729672469346728,4.61850926335633,19.000522310607284,5.185473627180862,6.726449030604034,9.292752456289485,16.142340467552287,4.737461613084877,3.42337873373873,10.682661695365184,3.3664097364918177,11.013029621535495,12.498778161840312,14.71357216652165,4.0580188589248465,15.333493523343604,14.708652591999448,12.325149644269585,2.394112950607889,12.347499384136569,8.993598376831862,16.338752409677703,19.32259245400619,14.453661913550567,2.63362655916184,15.96448446263015,11.507564423150209,9.471569468466718,9.399027920617215,7.133188796835632,6.260355813351995,13.958297675620965,8.567652501659968,16.418694702031363,15.566226566928217,5.32387158160689,9.169802619932211,6.451255650203997,17.924702078081214,15.230129878489976,10.442694795387029,15.733734243211071,5.569449240213647,16.486982042080964,18.38308611949026,4.261957516071799,16.927358881621494,8.101504545527517,11.419912426627489,8.809988791511898,11.153177398589417,6.414084516380171,9.733541519107659,10.241509653615331,9.542390090329867,13.537646676445714,9.343091218503007,5.789105078820298,4.474355275671246,4.215710056891431,13.568229164677783,7.658416164761941,10.15041059486736,10.240397108445512,17.465053456495568,9.73977699323985,8.93871662935744,7.436214539900423,14.216850138259804,9.453360861902897,22.766993053079553,5.582621282841267,9.052076692574405,8.597026108586256,10.279166686236893,14.491316484370856,10.491143128834086,7.24113090573678,22.48158209693096,6.048638155923103,1.5,4.148739643868145,10.222203672429265,12.613736120070506,3.869487908497357,15.481889210914069,19.632218424492144,13.739591713026545,13.502851756580885,12.048613774082648,8.567509837533695,25.0,9.34824998593401,13.700642221588767,25
13.035828051032258,7.753093881093671,25.0,8.106396229041007,24.12047648134666,11.16695842720856,8.551202473144585,5.851138599476154,23.5070162385402,3.302344068114261,7.505628161818723,12.60584904971905,13.654092037589258,9.827400890005473,5.5633234944810575,10.712902809734699,9.336521162858476,11.320246935703892,4.806875315159951,13.142433420560925,8.461919344753762,16.285859987272502,13.979932949936499,10.867309842193972,3.5816857499953314,4.070494760747887,8.782924709189215,13.029064184559246,21.528727441958416,10.457080040476425,7.947461558319255,16.289111262561185,15.310812515298899,9.466224265329771,8.535577904684342,7.478629236520025,5.467152537386082,16.741993432782643,10.73155978077392,14.417673542655134,19.058844729103917,5.430799990911295,10.270765118473618,14.870611259338268,17.79536470422895,13.950274827753018,9.978369643023152,19.525631223399706,14.936519515734757,10.12404371352659,20.552962292074817,12.321674725144337,17.3515204978871,12.320726059524882,13.8643427040469,10.166207212723947,8.769110235283195,7.208212277081573,9.336689303095547,9.492503055504757,8.88947349801361,8.113352886182717,6.677791070496149,1.5,5.055927784955128,5.701009947037764,14.76871527171783,7.508503334672198,10.242717254434815,11.139936663009863,21.262174234738957,9.366169746552707,7.6790916692258735,7.57149308466467,5.266653991398615,15.547779133218029,8.664342345498287,5.136575028745232,13.20752328852036,9.977565735245937,11.92045292814442,15.7956495080355,9.923781854927162,16.00944081728767,23.163291871396574,5.65532387461423,6.142491524002309,5.183866559900121,7.34938632728411,4.9300105420257365,5.796214482408171,13.000411797224416,8.154478966756535,4.341660783244858,19.075783988103083,5.4149253521729355,7.470432217341513,14.033739645762356,9.296111541384445,14.160304431654902,26
18.78112750990819,6.615916852516473,23.995026461756677,5.097417870612601,24.645476024279347,12.029287328021127,9.984275529252255,6.241625741404678,19.97840093489934,3.066315408466613,8.88856181443515,12.988263372112721,9.959998749933057,25.0,7.785229383062484,10.5523770739535,15.57095190338562,14.186861390600543,13.20658403275663,11.228436088538711,13.100564814093925,19.283660108493223,14.001179226288597,9.316814322666641,24.23420031505677,6.70147371568857,8.627525014373038,17.351346850808053,14.382688330757054,9.400608145179904,1.5,11.070455562210995,13.602692929565645,9.92470280636206,7.078343192948859,8.535300037932284,5.227971201009015,13.492105086665998,9.960340410508692,13.00443623405195,10.749121992510048,5.669013505486032,10.589261964738855,1.5,18.485229565967302,15.222932191091566,11.002663557371015,10.530590619525007,23.957748532031694,7.091126928693644,19.117459566254027,7.900802135378664,25.0,15.348339435228889,13.440719816489787,1.7921640083815564,9.449017704140877,7.3374430141237434,10.413696036826094,7.055438964405116,9.489322304573767,6.1962534206415345,7.08645925895877,3.006921272033515,6.115808907091178,7.566814982524522,11.24310418223631,7.124813928605205,10.095963877809737,10.51534659213378,22.397183480427444,11.617511286256693,8.08656256727883,8.237379167876492,1.5,14.387775454260431,5.849219998319267,4.4376353008453995,9.715430095734462,6.755958235579238,13.993898551014468,13.330534439609563,7.0415472551587595,18.593125777645362,25.0,6.648809050561464,1.7608715043141725,5.3927152882529965,6.413338471987821,12.007787838116515,6.064893209470058,14.548578989854057,7.601556809724496,1.5,21.040720965276552,6.570681021930011,10.39633125742186,5.629733677373019,7.870690496683588,17.344435845800223,27
13.308636718165861,7.227994325905347,23.37502552905635,4.851960590194902,19.687903915941998,11.360214182040417,10.218442586998972,11.352772453518128,21.362198647075477,3.16932659743593,8.676943010423756,10.771590737980365,7.469807681700287,18.436956858860995,10.28588545040471,13.839813627846041,23.457842830231094,14.374617531575142,1.5,11.82439651149338,14.69368743138986,13.394890014065698,15.95744969081664,8.578361251086436,25.0,6.147974505358177,13.000214085579263,14.226955913814447,10.817544142493585,12.440843872060299,1.5,8.570836040536904,12.162445248048968,6.267140438085235,8.92249352983773,9.12836607604279,5.493437266438466,17.16390047851262,9.884361264608627,10.938929664116813,17.92508379556021,6.231163635313176,7.652025682304809,1.5,20.148479069088673,15.617257027165754,11.139916078719445,9.048634432463603,25.0,9.321570106301317,16.845247373063383,14.468012704188457,25.0,13.426289743219662,19.884499967322693,1.5,17.423653023617845,5.111159376903272,12.719261431408432,8.999088299568534,9.566365147384227,5.867733382352678,9.632062697116375,2.7537937055650183,5.949741784706894,7.5278610590765584,8.323976268830979,8.961217751149587,9.306666670548063,9.70565417153074,17.695612507010928,11.699667824609026,7.254361883077277,9.510927350708496,1.5,13.760028566969858,7.337000340640078,5.321502379322287,8.49386288933396,4.831842876109914,9.942255926648482,18.87724657629559,7.945977112017272,18.108402379972823,14.39739916415462,6.584977956752881,8.121878532559201,5.558906636482905,6.314282917408105,19.44193295449403,6.61170219781495,13.29579627900152,7.689314280185994,3.381368886763284,11.52573702973167,7.61868396183972,10.63876268526434,5.919740097180231,9.035149557452467,15.81150713893649,28
21.883210145849972,6.716359533043022,19.070378123082214,5.702862858107697,25.0,13.345582164295404,12.695867040527057,11.31989993952429,25.0,3.56736867313431,8.971208816164237,10.769097228870953,6.480590050754802,14.574456134990205,9.607869966617136,12.262572096483163,25.0,11.897184463124287,2.451031803435018,13.609835497334055,9.760705106419664,10.402490053885476,16.754137714576647,9.137162653063186,25.0,2.4027312373695597,22.534361097020334,13.23944880529707,13.405240264645547,13.478613947774297,2.4413454634805705,8.37604565798252,14.35988893384972,6.223788667980382,10.131200203531003,9.932241981328392,6.987545351680099,21.989924954365183,11.04095314648616,10.203929318633246,18.775357756261872,6.839384142351826,5.498175599927304,2.649018833117652,12.828217865412363,13.777457186975829,10.792578232926264,10.233357128573163,15.654569314476785,9.392093280932976,19.35866092299456,25.0,23.087452070135694,9.503605004448215,13.024867810078351,1.932735720258831,18.910824595441724,5.751194913176997,16.402094128689303,10.483602884377541,7.8473678999388,5.917497912122308,11.492423886982156,4.959573303450505,7.375010166328906,8.28643982399103,9.040522988520664,7.905961318354389,9.82385716698202,8.00992975825108,19.09769432098685,6.935919060709859,6.934401476534276,9.099279955790815,2.717147069964558,14.518116380879395,2.7927123133377254,5.0561361309925825,8.705463548919688,9.067649943734079,18.299674604168473,20.924171501673985,9.546055905477806,16.86640397447646,17.012451813774952,6.059403042318368,14.780224401213736,6.801675749220825,5.803698947718737,13.39250193447931,9.12544012973538,14.670398614278104,5.816080764484903,3.373311897364567,18.806331098390604,7.875035901539883,15.823143408948214,4.363958190079687,7.946575583904212,16.13107334896219,29
25.0,6.797988873582844,6.861493766561539,7.787755322330564,25.0,12.795943966521788,16.01295608440319,9.578792776407456,25.0,3.8921261772718223,7.3116856898428875,10.166688643029216,6.868418543253482,13.92844093347353,12.740951687541724,7.564832029206073,21.21782041499075,11.638995771860662,1.5,10.300550858196212,10.605837568361249,8.147957034466105,19.4735016679018,9.560123346527845,13.424062895908294,2.7472298364685948,1.5,12.99829999267554,10.553912635334878,14.08806943890053,3.0691436502735403,6.834653550807556,14.60557408559041,5.676224735428031,10.498713428702272,9.395491803542305,7.2668304944390005,25.0,9.72162165347008,10.087179012049388,21.245664536711867,7.415954035452715,5.729023118621778,1.5681145809448858,13.945402392619192,14.683457426464384,12.259459211613448,9.663221484957264,12.448636420105684,10.730383742698615,15.689257004881938,14.459386431994162,25.0,10.01713526277024,16.880362291370254,1.5,16.843771539714805,7.039639706905954,11.040336324397526,9.519457517525932,5.491970600758542,5.8640581297001635,11.996030855455345,4.2815361893452675,11.529967918636318,8.12054646602015,9.497671236242587,9.988349505263308,12.904665713345553,8.508137273904019,16.195573293152954,9.299014843181979,8.329228226862327,8.437661236507846,3.8411407518673775,12.995691975030407,2.1280464034826685,4.7410585209907685,7.112735173592407,20.126727685398635,1.5,23.75715602111155,10.824869486001903,16.886961088574147,14.226697201490369,3.204834040682331,10.903553109116396,6.998442926063002,5.228780880915766,6.4383911094974575,9.567677227368833,13.419524088457768,4.700517093078426,4.801776102073914,25.0,8.465638851507677,15.271014782092752,5.8435399470692095,8.305646784413703,15.037456623717912,30
8.978494972300686,7.951391538153771,13.127765498012288,7.625036357028701,19.762703879256787,13.770689121304931,14.568240689518367,9.163534881780679,25.0,4.3938048567664465,8.719619104906855,15.718485151808945,7.1896857961143485,15.794143178420208,13.419143238506159,9.723223490996093,4.259061216435036,13.428303509600115,2.143645283511764,11.516180494322525,7.928086559369965,1.9958458605542004,17.574006009403544,8.42916643384153,21.692695104525775,4.796817585834055,1.5,13.455585062265282,9.050232538221612,14.265242576587143,1.5,7.147027087401049,12.817484607018349,5.8699898734885085,4.516444564462637,10.060478108206933,7.442231729449647,25.0,7.667277744265651,13.594148471285195,15.55004423179617,6.979779860896693,6.409600347861215,2.4686325477686366,12.907175598486521,9.997485633052866,8.703678095399773,9.471539664664961,11.122978876304376,13.620253939801241,12.95106645257393,13.04911877401627,15.754233035089646,9.388805268934515,17.34762268146489,2.191830194409368,15.167316811446108,7.971157047659708,14.036734302357484,9.28359870970541,5.447931093060535,6.2324110149389345,13.215232283298946,3.7003559791759404,11.440896572831328,9.070216835321668,8.990241216799566,9.667864518028658,12.031149629255967,8.503414664736109,16.905726469369963,6.287226002882383,8.810604636015773,10.180115897626752,6.257809581510235,15.05409627592155,4.344333572221377,3.688875386887668,7.719005427874583,25.0,6.307919264208635,25.0,9.278782548923203,12.645563790483203,5.893233011747489,5.6431741506185595,16.057174751136408,6.258087635898929,5.431057261887879,7.870396878207005,12.251130377548055,14.836184267344406,6.522393913376048,4.654757331514293,24.57759577660217,10.347986094782886,17.731308886315137,4.883644155943708,6.326055344352005,14.175435738027895,31
2.624035378283472,5.416588977783527,24.18259536528783,9.16014655395833,16.95450763186374,15.324916153085661,17.364949181958128,8.19494500731996,22.093387280069955,1.69140295144426,10.885390022465067,20.368311873758824,6.3125417284367,13.071960152070815,13.683640028773608,8.443010670326123,1.5,14.706851242345081,3.143872981816964,10.128295086264586,9.90820256701751,5.2619982526256415,17.118762624113508,9.738961313463486,17.785294691511268,5.236088830431807,6.938168321501894,14.62670501369585,11.147276882295607,14.940656709779788,1.660399564551907,9.479293344479524,13.095757420908017,6.757437628138838,4.454372287754895,11.389820163373694,7.188910581669108,18.82930315793859,10.139761145132635,9.403622184323448,11.2196709199906,7.227613053322537,10.697325488007932,3.9344182577602895,9.741178039441387,9.276054709181233,6.857179138084622,9.222848544299636,11.483033477530984,11.584384563498883,8.626888152270592,14.375448932284595,25.0,10.119927186394465,15.902870857555847,1.5,10.706031006461277,8.515260054705896,11.655304745347873,10.628999988626635,7.201032209370843,7.327308886264653,14.656270567306013,4.551457927909491,11.398816333900715,7.434743181779326,8.333695194478356,11.565353996178064,10.17520051067947,8.836848161584744,9.805973769347027,10.779661841186098,5.751425750986207,7.5252900347048035,15.012984062314251,16.764382787054235,7.602208833938032,6.9040731379213565,7.219870935455252,21.303185071476562,4.897002265918245,15.081374750035112,7.581729670343828,11.011011580414051,9.752656583498517,4.849302388610903,20.680507716551666,7.131813142775714,5.726362570381992,5.418769141211223,12.097474382741385,10.581670365463744,8.446478312775877,5.024996656967605,12.462743271838164,10.78418309289338,14.924520289192795,6.22194078041735,7.2897398350712574,11.264478029536356,32
2.671422925005738,4.490362039704287,6.641365331607899,8.204906233788021,23.5551749520717,15.757940689557714,25.0,9.14764564497531,15.24205435346101,3.0695542514719327,10.254372702179635,15.614495601584558,6.014333252926639,13.007467389636583,7.664595843890191,8.716399055377085,2.4987214315822013,11.289021392184445,3.075414409427635,8.308015000863096,9.941011932522688,7.557743334577994,15.714675293851908,8.111190250825643,16.151750445295498,5.689207289585396,7.610726717946228,11.799941231955332,9.145346596061211,12.512463939500362,1.533165222477518,7.550823788862057,12.899037246279796,8.188103195415023,5.684417167949155,11.248253845281267,7.813380114193157,14.302752025930015,11.109054678564306,8.334696171558265,8.983178845281557,7.412032634040201,19.814934190077476,5.312485224885548,12.353652020468004,7.095917206090162,8.596161064851389,10.620141231528683,11.422601867011767,10.944202635477142,1.5,16.786346200533252,25.0,8.23145984298628,13.43301376292739,2.10579340358392,14.319368893557117,9.599092916946471,9.73214242987685,11.641565193852424,9.767040550339898,7.455388058589258,19.51803958536796,3.9915369119650608,11.704014243885398,9.585512688000534,10.625378346425173,8.625716677516335,8.772436661772069,6.770424562518398,13.845766348032033,11.675427849303578,6.015777369153881,15.031924461907845,20.81078496563621,18.176190434568234,2.250388338722276,9.577950474427169,6.727697150485936,25.0,6.998425229136289,25.0,6.186850118055461,7.805814760192298,10.13629650537015,5.8518274346352275,18.57001407665564,7.920599374219214,5.851849648496712,7.2137513879945825,9.484590923800347,14.551320377817472,6.925513182209276,8.60986593743996,18.045126210767634,16.358442123473402,17.24552132223401,6.094463199450946,6.05040150887106,10.824142312456178,33
13.896823646555665,4.788038378747316,2.4337917888136475,8.712595609928764,20.839712268893727,9.885415910037043,22.429143974500704,9.651881448207067,13.449798017067181,4.667002228949115,9.707142371775946,12.622451542623493,5.617707240238829,11.811446774677089,8.325175732983885,7.157856018198418,2.4295329464011752,14.945312805159071,4.1605000601859174,8.528600652418264,10.897261639531044,4.445107980376019,20.40729254400698,9.019668773844685,15.997555506002033,6.43023918293754,20.074083632211963,10.673409255418228,7.569211739508379,13.874745268603114,1.5,6.8831664424765595,12.015009524928184,7.595852770582638,5.487794089947612,8.7988728353293,6.191594290165602,9.728967940199158,11.774453206632867,9.755174225625435,10.332770289103557,8.260405464093761,1.5,5.542606038321757,10.760733885924388,6.11283029906923,7.679403379765768,11.062617031108246,14.21438358519308,8.487028948769048,1.716207809339859,14.681071134750658,19.7144967193652,7.4243290836365,13.807540916497453,1.5,10.76673490192986,7.840873522422595,10.194963567417382,12.944639729655407,8.386646232902725,6.229662279221262,11.430473779653575,4.689522529926672,14.258172170598312,9.056299162896119,14.939226886524608,10.768088309011457,11.100012591994107,9.290131301572577,16.178586399968715,13.288789600369327,6.173307577383327,4.516454291322701,17.05937929691832,18.056922149557696,8.504235363436688,7.464277104875473,11.087435600340303,24.993968922095426,1.5,24.65568314017005,5.854844952968787,7.71258822657025,12.446724451950823,2.416022033320955,15.994148157947631,8.704046252708281,5.393840300156862,3.7316332726783137,4.937493627771816,16.28797183996075,8.181368271381624,9.754895065981154,23.201433520204915,13.3794148241482,18.912247115527045,7.693541046025141,7.099649240319506,8.871913556111908,34
22.333825172167245,4.831501575340621,2.5893094240344783,8.353284358357223,15.215625311675195,8.444317595324915,8.551734165709222,10.036517924141855,14.359803531616002,5.142722603267444,9.49824506542656,13.715555192431232,5.670959468199868,11.909071450493938,9.588853586524046,6.899852774672978,3.291118326277749,11.62826693409339,5.764349595462171,10.943658314942239,9.746335326775737,5.748688857473605,19.845225189266372,8.881032459485123,14.9581954196571,5.196206826840761,25.0,11.978048058049424,6.277875752298886,15.271626675683098,1.9002169694649453,6.215955649012587,12.768516549448234,9.49884935355706,4.723460049854375,10.214307482891348,6.121877369179063,6.587571846806963,14.772672662032802,9.085999961296633,12.96108238537309,8.973849153987834,4.072657402181992,6.538928550746053,10.315767806610824,13.481441904617782,9.194950467552497,12.057167876802593,12.430940773867132,7.545306279881544,3.3256317072007344,16.470827196351838,20.760868952642376,6.231547813505223,13.065682074768738,1.6941387493265605,11.713718872813335,9.121291522229413,9.086312071060947,8.815142767271109,7.428368020688573,6.1627608501227025,1.5,5.108216886511368,13.255161969699266,10.179022665133559,19.237784815666387,8.169113630219222,11.342566177072259,7.805797799582512,16.092797764288125,13.53137036491336,5.860664239444781,1.7042640624264025,17.17180508089278,17.856670509972112,1.5,7.377110359341221,12.062758879282082,18.834635670493096,3.6267590806257837,23.053689874940968,6.381288716927333,7.796433650636606,14.218467134444792,1.8016491713926348,15.77303031263452,8.05780235537992,4.747574577931516,3.971186177692918,5.915140669051633,12.555497507443487,6.294977013848784,14.052590961337732,21.234909343271937,19.081554841486348,16.819398156690085,8.971508119938997,7.047545391972829,10.000637631410731,35
25.0,7.822892255053122,3.9238124531478524,9.49425191443448,11.411527167276159,6.908299636865935,5.985113236053046,10.132687900067472,17.80151643648875,7.450890310974545,9.232218354978507,11.830608914364944,4.296938621985338,14.485508967481442,8.756116084616233,6.3267546240541535,4.0227248036253,9.761181625405523,12.966503484559283,13.008417830765712,11.34990116266469,5.599905276894841,22.138883596447577,12.752973456250135,15.349034062727974,4.841690046427876,11.708538672532622,13.169433719421088,7.258729066295862,19.52138387442981,1.5,6.956738833588658,13.480349597489008,9.573433221948012,5.144213140169632,9.034945107089518,7.16039237782699,6.627080655894837,9.961577324542251,10.64492200136588,25.0,13.582159528286589,2.8269419591685425,16.673317495799544,9.179937249101014,1.5,9.197208786423282,11.871936121020486,10.263976075199789,5.712642212207832,3.655536484654421,12.807730691559161,17.47477105965965,6.361705856749249,12.304316413163438,2.5549362351509286,14.891825853595485,7.511191855450734,8.506491118402534,9.685736212001814,6.305696088015675,7.292751351967793,3.420628383004095,6.600808411033244,12.373622909372068,10.62499954796049,17.42847555385222,8.404022581267725,14.724597953525821,5.743333809230996,14.209581628480446,12.99307319772599,5.25083954805508,4.739558956248682,19.874635243353502,23.780629412811635,1.5,6.741326326490176,16.504621033993402,11.822388582472273,7.892157300603063,20.312219273959826,7.248954189555558,6.7253704488931225,18.291965015768568,1.5,16.45561344102408,8.892955896046823,4.314336514197756,7.248346081152043,1.7803636810038492,10.067134467040962,7.777155366685716,18.391928699563252,21.30894701952029,21.70560060815327,12.074073720611606,14.39889779382801,8.328853825944982,9.34258908423561,36
12.54164777333679,8.234004028818541,4.512941384521416,8.384912346626448,11.658596007034083,9.384529819680829,8.791657382801557,15.410447172828624,17.59935966982865,10.872860459684135,8.764984096053173,11.24179791132128,4.2343513060539415,18.23352894052013,12.564274723207621,7.961864408117394,4.010618068341445,13.497937802831016,12.85591662677147,13.00609102592066,9.221065666145492,6.619253056824785,21.449937365909403,13.651031421269924,13.649658995185119,6.099952561709493,4.461887922486535,15.632406886512506,7.291496128156313,15.703653057670165,4.736604958076368,6.316049911894371,9.603515536721712,7.255934462522671,4.35593347997454,11.292315769986415,7.094013581856261,4.074372727287637,13.577520046903626,11.443008198631,20.393176259549662,10.358514214217578,5.076226121224636,17.176737889602325,6.687410061068565,1.5,9.913423900089139,13.826148912495785,11.92481424256892,6.250036347895749,7.136659925471328,13.745282609039121,16.31760261335616,10.070283978588945,12.303732627718315,3.7971165523371924,20.624828617741358,5.67540407845661,9.150681381390532,10.686116465851912,6.5726786435905025,9.48361794538383,2.6669789848961143,7.243011464513564,10.198759432813784,10.756623046257936,25.0,14.56361445698182,15.29741637034722,5.0604303206550325,11.90190455721982,13.419227257765083,6.232203165350432,10.290631313000713,19.603568202206503,25.0,1.5,7.244053732486268,16.805174559350267,13.2081830713094,12.140333520355,18.044964492519043,5.434785474694861,12.632257734114418,21.040968019140628,1.5177085331351192,25.0,8.72810134390245,4.413891097691934,5.013976686074942,2.3183081653298263,7.32742437215135,5.0720422412501955,17.864573483465232,16.09056899857306,22.862950882519915,13.432890388667733,13.575280964877377,7.102605943346297,7.690500849936149,37
1.5,8.849600256254952,4.2529262583967355,7.230887995680935,13.769150507248558,8.480409596807325,8.593967935202073,21.760435619195043,18.627098294389008,8.098381470102886,11.482672808533742,13.43070166350509,4.715366925725329,17.44466648435754,18.505656075663307,8.213078635385392,5.828907217973114,16.103123931280077,9.148807654689204,13.845113969977886,10.116138727419298,7.303385769536776,19.26411168354879,13.70474934174927,16.57078974125183,15.145063680533088,8.53881110317121,22.347440787219156,9.161581933394295,13.409412026347585,6.309925495462706,3.9007443082665767,8.922034774202384,4.295284537620684,5.440803280415531,11.602088235132777,7.957801568289154,7.174760069976543,9.78662111706714,14.054591488990527,16.334998652176992,16.917506254904765,5.178134046733265,12.780575606220612,6.124169090146941,3.5930503743235294,10.766868343639509,13.483707795798646,9.040982697092026,6.5454379967386505,2.2894586281646445,14.402461610204307,16.59205259276649,12.973147561599358,10.16323699089316,2.3664505863700085,22.65588535834712,9.136672945490378,4.849107599836408,8.84884474426639,11.018221594070337,10.30814686442811,1.5,6.382149945908183,10.913012550121353,10.833507290953982,20.655018528419692,12.090800892038777,12.898242123094839,4.373430981542693,10.64843128481254,9.504228734152333,6.748797080861677,4.9892362228098035,19.194650804485217,20.810879825372332,1.5475695686794035,8.773635685270163,18.20319111103338,14.41241536256829,15.741031677522095,16.10134585168886,5.373562962358578,6.902759956108311,24.28169890402365,1.5,25.0,7.786942868634478,5.304241818472007,4.892447338674597,1.5,7.720025644530101,5.878855877400663,16.78713622530863,22.184728265355908,24.803994684120482,15.095230317371877,10.22038891524089,5.517653207989351,16.661547353023078,38
3.8362821981015376,9.430298410677166,4.854988696082983,5.3158056446175515,15.740007245867323,12.1635251892633,10.612050669046923,23.27128453300218,25.0,8.11454656124802,10.687635215124052,20.59679214222557,5.2282654257127135,14.479303569288444,20.19245932429569,7.108071937055073,8.437874857882573,15.03077124855394,11.742382686149476,9.816510778927514,11.870075655211803,6.21596005082918,16.895800512868576,15.686258646002821,16.48485157575385,1.5,8.966167142339177,11.532685645178193,7.215588158733949,11.266979920824918,4.39311454817914,5.400498198700495,9.239815051252515,3.552457202235365,4.454619842048103,10.704615767219178,6.424140336950371,10.054551182988913,12.074920254543738,13.964718797079108,16.227718384546165,17.027479129015017,4.808720347135062,8.542099929496914,6.081102651580024,4.454006340541031,8.13620543081782,12.262633352137847,10.689337609947945,7.3464933024424415,4.782424753717242,16.113889330082195,11.41248707446115,13.944598183120902,8.245881454240456,2.657560509782278,18.561662890551062,10.140881008821331,1.5,9.313012558517359,9.213767937607088,8.752001059356568,2.158945207571321,6.625453696695759,11.339549536389395,10.48679009611376,16.146001417620326,14.176392255762613,14.117569147687162,4.769417588000142,10.445998930256005,10.626226753893848,7.293530213677108,1.5,17.845370283465563,7.269526957305093,1.981934012259467,6.442303542542115,20.9799382577535,15.094919295696917,21.472896263159903,15.461908393124444,4.741153024353752,5.083399732747582,19.652730107748184,1.8471257700749755,25.0,6.77321754195384,4.8618098256718305,4.963674806296115,3.387284338744675,9.305436935399372,6.905858940756008,13.073485610445358,23.801128284076082,21.606066100215273,21.392226473566247,10.826974143798314,6.420593827850939,19.91435699143209,39
8.11937678884794,12.022306670680887,4.74624609376531,1.92853867954303,8.961864586679656,10.424162674554502,4.161838494794902,1.5,13.976278821791862,10.593896402532613,6.994360754309074,17.085531140131618,6.169194065061993,14.439937000018343,10.925493557912734,8.926413859034533,8.477608746263044,15.382682837640472,9.373445445671601,7.461737106151318,11.822637314885652,6.093861427152404,18.087861120995843,15.676857617119591,14.861460332279504,2.141776764062434,8.40962348062309,18.19363754468567,9.674675598457878,7.635649990857936,4.325032730290496,5.705932730186937,10.389244562146697,3.5288486759365094,4.868851912968956,9.922564120124585,5.853530373861977,9.239601676064991,7.978823648694112,13.038323159327518,14.362020454584687,18.529120624461424,6.379895315593371,9.147739562798096,6.30631699705156,5.987610102863256,7.762420002772805,9.934126389550766,6.878336760078911,8.924712330563496,3.754353458306653,14.854011542076304,11.515655447320416,12.134616229860654,6.584592635430105,1.5,17.810485895862822,9.073566062394681,3.4238989227108054,9.886493444306558,5.412619240228914,7.40426638331718,2.8171072647259723,7.804982762237126,16.210241829766574,9.616045614394082,14.128102599482816,11.864806846526447,13.658762804466466,4.300509332742591,10.65160313751774,10.302701607302286,7.0654425713694025,2.2519091975533145,16.52852098693808,6.385010341976718,3.2030458608525483,7.094120451654883,14.442039214740412,13.408427731380886,11.982319564665337,15.357074783287576,3.723430859079618,5.966997204942267,16.775864414329874,1.7889356012691127,25.0,6.421310102464872,4.89150388180159,5.8902342879423495,5.708342257742545,11.32878314512104,7.825560801370004,13.379388477588584,25.0,14.005082723346982,19.64388686409764,14.439623126714237,5.371346305596061,13.901999664134996,40
25.0,11.861071401287836,4.939206050166885,3.0688782582184677,5.434234204157594,10.950732529721279,6.525932704935341,1.8033018379444405,12.641114978197773,9.835073544786795,6.922389068032073,25.0,6.303307947380975,17.227717065379405,9.616040399796375,11.796386975045529,7.1779823502823135,12.009579974896635,8.582326490544828,7.77036308311804,10.931640765241623,8.140514054538757,13.309396473635648,17.177117686166426,16.77608148454116,5.082943377888803,10.784356013463649,18.910744569485217,6.923397364241686,6.687764050890565,5.758486332515203,5.925072483307768,10.170189514140322,5.456460569069559,5.78544287470732,8.953095965912516,5.772010356609172,8.94201284356286,9.403463180804389,16.67026906140352,13.71093358788294,10.835222534091756,6.3018889183426925,15.772880438855687,4.929565747159534,7.6783302148997015,9.111557614213671,9.923854912352654,12.414213384884636,7.54855986077831,4.874607911429705,14.415027977546325,9.1518176227059,12.78457954817826,7.932648232088625,1.7977300243246819,17.601719692409272,9.304178488375307,4.835247876348447,9.051218596490708,4.6237839561973155,6.863563713964632,2.7498381868972173,9.034884790718145,20.658893768870048,10.254024258844327,14.26218192303368,11.726504396708675,15.51682994394846,5.011254383336113,11.590473290320089,10.413815793044355,8.855964488219133,4.886779943774645,13.348762303616706,8.708145394734172,4.017208126229669,12.384358103135774,15.201474957961507,9.711405388182827,25.0,16.60039864607084,6.809481157585012,7.2513508885134055,23.307045862645392,2.3351551898210254,22.773824841986396,4.6253678309841995,6.558563977657913,6.899003202708707,6.340554830666052,10.619578630305599,6.4936136014067065,12.621478707958595,22.801056610516355,11.423952556355502,14.705825473491561,8.198386506103802,5.913628763630542,14.36418339417067,41
1.5,12.49258922315906,5.052035238974364,2.8354037529632055,6.169494371283403,11.092298919195033,11.435974851683895,5.775646623132294,12.126652200585115,14.27198189292072,6.6974219439187594,25.0,6.950120382423829,16.31865482087734,9.10365033627132,17.57582374304044,5.55216019792401,11.701109250123467,7.89731095482205,8.566697195063135,5.905195031361662,5.107206676669158,15.197235518826982,16.180436800194524,10.970423366047445,4.906588351675203,9.96682564342178,23.33047729791756,7.656864056266825,6.013221183586403,5.808346696916308,7.108176737881225,6.462104714403472,6.679614332910989,6.145640906901409,8.500181184151108,5.461830799392901,8.503326916246419,5.839103595830778,12.172949340681987,13.981504170468169,8.718997065232095,9.780438172415828,16.586699905267707,5.936100042758223,7.327359606916317,8.11242935632462,9.402660354410513,20.364855823603815,7.091390977985395,5.623439654251777,12.045839142833016,10.730488622595685,12.972406235950528,8.09155137134873,2.4567399606110336,19.74413441390601,9.059798806575373,4.405208848179287,8.094323490451256,5.735906735333234,6.503522713250165,3.1405229149352203,8.888647083927752,25.0,9.750660293674061,11.483636131955764,10.843089244370756,11.147372563757122,5.752009229705295,14.941044021249038,11.189923399233038,8.950398354085333,6.4890629518016665,14.303920223629017,9.701158897620806,5.104553953312806,7.508997084565028,9.079845928154157,9.530630855376348,25.0,17.16293045740959,2.1092631351599014,6.732469374243377,16.586230739159188,2.0987087461067286,19.922704618879536,4.4967215539129,5.236873437254724,5.849370907094819,6.032876048444768,7.729782798559222,6.464431843118449,12.842805559962118,20.520780740709057,6.608524372403526,10.988535061266514,6.952516565150752,7.028726880948737,10.049215966741095,42
1.6012631256222511,13.437512457634424,5.797638298151509,2.5947497400270647,6.115742435878502,9.554519032030989,8.144311296909056,7.934725949313485,14.19378256628922,12.285146236655644,5.593118323846468,24.124044101228147,7.191031864342663,14.08845221591756,10.23265787290888,13.62449260226986,1.7187757970970106,12.599803106815152,10.846899126237828,10.280187035132807,5.88079265601313,5.403834976414976,13.191731925307192,13.530023853063433,12.860649376377262,6.378883163050891,10.1093604101483,25.0,7.418908724535992,7.102522299217403,4.82673686212189,7.1161425680461825,6.359820694930267,6.995487131074445,9.210100483229457,10.157040101994914,6.387961898439518,6.773257573901564,8.011203816272063,13.65917274645027,16.27308866867841,9.019985714786003,13.150822501892064,19.197595615408662,6.253667441618278,5.317184342795448,7.798361542181854,10.548714671201104,18.22509133957347,7.0778644622763975,3.709420469245278,15.019433660379713,8.946237133899212,14.168728516586977,7.28495079352634,2.2256110140230376,21.76594439694721,7.590095619594676,5.41397441792305,8.209300758125996,2.6302200286361543,5.642829685530464,3.3964139946579404,9.228394747562229,25.0,7.76511345767392,8.97506407560617,11.96076752672079,10.884089167633006,5.334320078605735,13.87954061445321,10.523265316939598,9.339355687465515,4.229091079590965,12.811409596224978,7.577171801436733,5.0542537577595175,5.138361627628774,9.273572603356971,10.53084774595596,16.60573629427743,16.79531567815641,1.5,7.147214328650279,13.365287575485647,2.1560556856297763,22.050220809062925,5.756988608255992,5.7143327470832075,5.832836839752225,10.873106926716412,8.584331883837107,7.684474297516482,12.35623220976246,20.77996580580271,5.583910624892433,12.203466718502757,5.976784418510871,4.746017733370945,9.080885765264963,43
2.0797086273568,12.490018228208266,6.6552285122059835,3.458600370532701,5.288761604979805,8.26199746702925,8.93618559033092,6.854321180128868,11.549163259097707,15.225257545844425,5.244913669562892,22.993590378341104,7.343733897016568,9.13268551777077,11.79840270518277,14.937673799410065,8.77911456256847,12.701492594166503,10.19654114337645,7.98832424204409,7.452543691435461,7.227201153114301,17.16017830528428,13.931732512882457,10.426282191520215,7.92022625390681,7.680972025088822,25.0,8.404955897389902,6.9602719473024965,4.58198273328279,8.18489506634399,7.602456182861497,7.019961147163848,10.342677114415604,10.010065746877594,9.382371958711193,7.450954302513994,10.218329833391305,14.31046350524931,15.77732356000551,7.919301656708566,12.974275234130078,22.329678651262356,4.438147354403703,7.43386415387462,7.520016755630327,11.023171568629873,15.052064632043429,6.069219356118872,7.0785972185065855,6.305491703747256,6.8858566721877175,12.432163963942346,8.364475564874517,3.4728863995393446,19.00439755690178,7.325664024706926,6.148562123345951,8.527905510689523,2.310316623748973,6.3809303734969625,4.327880004403479,7.729633693664233,14.220999559727614,7.598977821586882,9.001194182366618,11.21168407881734,8.22800259849903,5.331125616085431,18.662901572956297,9.869780404112575,8.952073540162784,4.356096065353171,13.312973300247382,10.205092242598177,3.4696326061634712,6.821335459081958,17.605947760061365,12.58936926660127,15.631458681439774,14.268060918097888,2.822577238544505,7.943671077414743,16.637018497270372,2.579885146736555,22.66946087241847,5.032823639385302,4.527990637258846,5.992461774605575,20.806814761441082,10.774440958099689,9.394811046506675,8.471866553630171,20.35996807308347,6.3396251923873,14.342140985193183,6.881668692804013,5.380128441243102,9.64156008371187,44
1.9956727168437314,11.957625233870484,6.746625406340313,4.284020700956699,4.427520736537383,8.383146525475553,7.62283948316608,7.928280691270243,8.17482953643116,11.998817941528348,5.396396030776146,20.586069910851705,7.926107466356884,9.267345167029498,16.658673195038865,19.272507338667488,10.635988733902215,13.06482985942436,8.426551328221635,7.417467962110918,9.38594520016914,9.484415856171852,15.378960159978734,10.878408687549216,6.994068032527435,3.9028548546809594,4.591989301932594,1.6025273368940098,10.036798685484072,6.603603639790519,7.650375524040977,10.687322490440074,6.5379630111864575,8.745862310843009,9.089991948583494,13.318603472006721,11.203666812583327,6.714803970315958,7.630407759710241,14.151809648332097,13.121190535894117,11.29353131025253,13.647602147448811,13.515561078296596,5.786428352593962,8.815384838168121,7.845856997136966,9.911520477009736,10.615179378765685,7.4272781720798005,14.522004214546584,2.3813466209657115,6.82759277913247,12.905296674386962,10.284395137060807,4.87972932920782,13.402174325675304,7.904008110575601,5.100421371042784,8.75022217387298,3.9492710939020825,4.612075037081371,5.5912274292254045,7.894997394498362,4.340367935031427,8.310711072746265,8.719576596308764,8.779540755141841,5.938067754299789,9.076664465216588,19.665521832921392,10.218900032062452,10.170752081734202,6.828257163541468,13.202072420328404,10.34873448432994,3.5562202408829124,10.649181493046154,23.85448876642007,12.15038818606041,16.529896598278594,16.888531494881207,3.554879894093651,8.45822094464734,15.393260102141527,5.226026224744453,23.389877352295333,4.094930354812906,5.6479668338606945,6.006256535380124,25.0,11.582220742091945,11.57836539875593,11.577915424468337,15.979297057484134,9.920291435953498,17.997498286888245,7.9652412257278025,3.984116321708139,8.225293336397723,45
2.4817222008671616,14.202656501700496,5.972947298276764,5.295600218379302,4.800504746911177,10.573520012628155,7.102607808600187,8.3187468597492,8.222446999677908,10.150109553779084,5.945456484449319,14.974693847774503,11.950832533541242,7.899281259065056,14.915159514511505,16.021676248515472,4.0707293829670546,14.802892938276539,10.012573865269415,8.031988730247383,6.716339413905034,10.101832373757954,13.753976786146207,9.594065120120456,3.3726728622128133,7.582284491705509,7.036910607219496,3.1839138053804845,12.156828190486394,10.396873949463876,6.712284295549052,12.937595190365151,4.319135262042685,8.647086054080232,6.964585111549627,11.873994483420635,16.812116142066532,6.601073731035225,7.38409806642609,15.82859548035861,15.70879481223927,1.5,15.924489605663256,7.895508949287622,8.097341692857242,12.315993525835784,6.9755861181813525,9.105506948974748,8.46760551183375,4.806158170963997,16.857381420697504,3.8173339182665744,6.6339780229164615,11.664998428989565,12.590062231536505,6.326393670830174,19.866442377317174,8.04668482938721,6.513038441622805,10.814753115662915,4.308120533199936,5.280002342382778,4.657715847787673,10.031539623846275,4.992326464481226,7.127735186162495,5.43685371915122,10.27410383396009,7.660321827600729,21.605194365700065,8.349116781292034,10.813996678298768,13.212156099183272,8.913118139499595,13.841124673058971,9.955514339668774,4.382147413515446,14.389735735690673,21.24251121844636,10.909555275327168,9.12253017081149,14.467518149509402,3.8312367476937395,10.328100085910826,18.33920868952741,2.369566459892622,22.65072142154499,4.668311035587692,5.261911941871816,1.9841898347558082,25.0,12.420722601205597,12.444020109767205,15.718332743635504,14.421192236769441,9.57641612910204,10.930676741367911,11.942209420515159,4.946646115745152,8.787413701930715,46
3.437806951136362,10.999639454335393,6.038707728250425,4.669360200334076,4.721368047280822,9.48306724275756,7.835208288570037,8.052081098528287,7.704039899809543,9.802255286638017,6.5435789391358625,12.713894624966683,17.10859626935173,11.757327479220287,14.574675566642838,15.568647655242305,1.5,13.793983472696404,11.798738815919382,6.820639790445082,6.191341369835761,10.567793074210416,12.194280188181265,8.462251288245385,5.987942625841422,1.8900729823236864,10.21454913455691,2.992893312248904,12.887518561811898,11.768936453590984,5.936391998032063,11.271854134958609,3.843788441235828,5.931911168680095,3.6440415181488355,10.166035053956081,20.481642124072874,7.574946181017033,8.017768123380504,14.057332324592059,1.801279522683508,1.8549847216474777,14.612059957856026,13.454930874232238,6.3145770689319995,15.20073671627156,9.949526556554856,5.6661359779829805,9.207209575759844,7.57682901772049,7.165166184753799,4.748338029293677,10.558762611094341,13.510947089397751,11.864683754240001,7.0890905281714085,17.324954049032165,6.4451201692717195,3.8016888399509963,9.61108944739379,9.433743255338566,5.784259155564986,6.159683081532759,14.519308218558152,5.494407702492444,6.67614979786622,7.246052581590224,12.323279800554143,7.691699140922931,25.0,17.63059899636314,11.557651632252115,11.989976129441217,11.679929996990197,13.23538050135449,8.139464371773606,4.653398412847857,15.354724159854968,22.982150492650977,10.019232483322469,10.15764731044305,11.308631084634452,4.175002664525128,11.021557721826765,10.3078045064015,1.9717486607808068,23.210507102730894,3.5784106054105416,6.291665320290224,7.0509626974567094,22.92374208941173,14.897317063895713,11.139958017924808,12.696300182933342,13.626877027718647,9.378245891964884,5.532289846146831,11.193833616827126,5.48751191382403,9.403284444104637,47
4.843000490668474,21.00061576240287,5.202481063347128,5.343206680979581,5.976393898761527,8.325323227589397,18.263728933799772,10.913512004912196,5.757574748226309,11.351978788828886,16.751572330060668,13.475733562228964,15.084350698659991,12.51751641009381,12.064607683268791,15.605362170945568,1.5,12.917513099677649,13.650479836201537,6.017281937952914,7.290085854096275,13.044135604918324,13.04011416676723,7.026714758401952,7.946319759398167,4.909526997326852,13.384295646632925,5.090471191584923,24.01743654895131,11.040044961834543,6.8202917632207205,5.057097851918429,4.745763744215646,5.48270629629088,2.9988086688063764,10.502766010839178,17.21387762631194,9.970294113193976,13.394852927786058,24.34793328242111,11.45114456208149,1.5,10.574321082539186,6.688901118953395,7.696481390337042,14.088440817127813,11.233272494611676,6.43284669299666,15.587750170798174,10.44514334895624,9.646819015899231,4.816234145562002,6.657865026231721,15.857720033611285,17.87300420713789,7.504298673986745,16.775867467158793,9.100171530234743,3.773109601503812,7.2173686027551724,15.82795593332197,6.410167590667175,5.6252928438787455,11.473152429258208,7.142952830940409,7.957936172764986,18.67178978082767,15.395028069434483,7.951218854641601,24.378569374579833,21.725069551939157,17.79001313166644,13.874095353742355,10.680912934968015,12.447554841142493,10.639493323130733,4.854908778665547,14.469011878112601,17.92171745770965,9.524460227937691,15.870625388443464,12.448904743973998,4.805134811862803,13.956388946448898,7.643126384664681,2.3112770570206265,23.61912884535542,10.074231032763361,7.439623789845025,10.268239288188363,20.34545566106744,12.828112181866647,10.749858870017071,13.153180657135664,14.809510576023031,9.6122686945261,7.765564481696238,11.579816663807296,6.572552260257651,6.879859250768712,48
5.71324326498081,21.325327134626892,7.884574201398688,4.934015243003109,7.055761915738983,15.25512396296042,25.0,12.42771736986495,4.639097290001607,10.070109880712982,11.298052126209399,11.921601413687076,14.115603170557973,10.67428863025947,10.883455845285166,15.205493724689905,2.599124542463107,13.921847967752816,10.424911634340237,7.167480827394375,7.179993695128708,15.859087647319182,14.936956689467383,5.261635420393088,6.0987890743549595,6.429276343227724,17.331126400447594,4.495781107973352,22.80386572834074,13.353609351592809,4.940879676788404,6.661972749091826,4.5128887354552365,5.190589206224049,6.830508741156702,7.87749846527125,17.17995778649079,10.959002633017327,5.29478762960592,25.0,25.0,1.5,9.373000207334668,18.087247564383542,7.685733418209867,14.4783902977456,13.167622916595109,10.71458876832033,1.5,11.544297931973349,4.95313431323103,6.622958648715189,4.5372940964451125,18.43492952231812,22.059610630602485,9.260627473419806,14.533222288730679,9.261191066171055,3.579414490216551,5.77146665583744,16.948371712606512,6.7528190879226075,6.505806383668562,14.1953079618514,5.046264310489123,5.964153394488102,25.0,16.450377713124066,8.786917895801338,21.348405619865733,25.0,19.121579218954146,12.256292850494496,13.34328537953606,11.47705032761011,6.343194206847589,5.701252214233211,21.221714086225525,16.837169289470804,14.528503402228116,21.099887191772215,10.741547064099404,4.528210327447129,12.262796078243824,1.5,5.904076242595595,23.25554190702669,8.656880515474308,8.685131924556332,13.87485483794721,21.83255412850618,8.311477211266247,10.78098137420864,8.282346574055678,14.547477456232102,10.719691420376646,5.336506250552748,8.366846833454396,22.4038867387504,6.202789953310495,49
4.892170156681438,25.0,19.29367044054112,17.05569520680772,8.701754868589086,15.419080135966144,25.0,13.949981101708024,5.668356493127148,8.42538808111078,15.872435254002417,13.513837065754355,6.66659943681828,9.794758325963187,10.681817247006183,14.66447569742082,3.7793169182010637,13.260860000227352,7.814407659545276,5.635032610757385,8.712988446067774,3.7152630428043043,13.428577781314612,3.7433085985894783,6.486671625777512,6.220417787877121,9.257086102604998,5.072938805044946,17.87612292224019,9.825705982109872,6.726247643017888,10.583413193060617,4.299491048836931,5.473630056713013,15.057774403470507,7.961078434019505,11.484542340711709,9.452244218907055,5.514413723625884,25.0,19.27002603030624,2.848409254432255,8.071639472549057,1.5,6.848705382397251,14.047888112685905,12.724118494269476,1.9579111306945496,7.793192135558743,10.132155689091954,5.83036879429666,4.139506159939492,5.68609919747651,14.462248469314476,22.320888225257693,10.489932723282614,15.878664322338052,13.266011811727758,4.528417657327167,5.418075031439081,12.687246526122305,7.61282066677177,6.2437845936054215,12.168191210307024,5.06347009365366,8.07257342241245,15.966653679237954,16.648544633325894,7.5312017960774735,25.0,25.0,20.80852429529747,9.893994875965454,11.831196652806554,10.484532995872001,7.023074471029347,7.316306895707062,25.0,15.199311453203894,15.000461977999294,19.57960575467581,10.806540899688235,5.008489254492781,11.356747143578513,2.5023276726385717,3.550117461590017,18.663863362678597,6.565555845202802,10.75350501211516,10.59476024346804,17.670674964029676,13.293022285383735,8.715591836446555,9.318608525009656,14.579771686659,9.092644232158946,7.6515619406065305,11.829922605895797,10.363243254755115,9.393131621572095,50
5.431088869492289,16.61220374330414,10.491431339953824,9.243634804156581,7.444941164513704,14.81271318800648,25.0,8.858573659494951,5.172913566118473,11.231411687335271,15.007393629902957,13.31587458629712,5.8445901868986185,8.999879937908235,11.427205221913914,15.110631307905985,4.35590589939821,9.596578452718447,8.105453871448443,4.767017509710554,7.910930263343988,6.620090691902851,15.324667401380744,4.574241139100121,7.825611594418972,7.433315582548172,8.949713267921572,7.717704170996138,15.401653387792678,10.033386468698279,5.757308876958794,11.698526324579092,4.590883214951467,5.90400096501245,3.8921073942771933,8.435923712531608,11.00817390071542,11.163620881059751,6.649576901166861,17.674424788991963,1.5,3.406653847012726,8.88868034626333,2.9540224208298875,6.409795849350862,12.97585128036013,12.096009173851185,3.9160890616248585,15.468829618720513,10.9430328175374,6.705931039174425,5.167354215021828,1.5,14.979327552370822,21.87684235079299,10.717685793370071,14.901943635571426,15.44845997739284,5.472140661993592,7.139682144270087,13.864396718616693,6.9734154513147,7.507620697953651,8.80750058568995,5.688824066839115,8.204299372928874,15.981347706514738,13.032155847030491,9.539182546718493,16.20867677284926,25.0,18.398340025730963,9.684908765387544,11.934886241618445,10.767428092977998,4.530930385778747,9.930490488682903,25.0,12.9967900732023,17.421948578393582,19.258578873618546,8.863391830469768,5.899990102878732,1.5,2.8176337451061655,2.8434305952139285,21.896759243894735,6.893301268527876,8.551876355542381,14.064771481336603,20.856731514594273,6.211598830150643,7.968951134486819,10.97321261712635,14.179787861178259,10.865983312628128,11.512552698010284,13.63487785440778,1.5,5.856584333104427,51
5.253042287758824,13.791271382257172,3.0490746336504193,1.9514499551411744,8.584290303019351,17.880402391937604,19.387136050141905,9.391402074566246,2.53439406190885,16.271966165086255,9.529801942897647,8.009185283072929,5.96268904714308,8.642412457797858,10.430896529555815,14.69123541107071,4.776773114333675,6.873459599348347,9.212905559529734,5.352019947651317,7.901480543825871,4.668227032071382,8.926155162459999,5.142944144366813,8.123532962720757,6.110252350324576,8.4590759705172,7.632269548518508,14.039586600532683,10.548233413381602,6.200964543728719,5.9408281377406995,5.102359713748826,6.8851093041663,5.3690002554797855,9.702084274267735,9.87609046925357,8.825871797249947,6.904891629330878,20.32810786072355,6.147934464288976,4.646234902502469,8.867487287992127,1.5,8.028538278768949,10.61607140698449,10.85611493828555,9.361682194844835,25.0,11.791299590487045,7.6335556735689325,5.88737759486054,1.5842676923067054,12.403114224208808,24.03238552567028,11.835145139499298,10.848145433189009,16.87575821633755,5.590379052824988,7.010759507138071,13.604616164210128,8.134476334747918,7.857914235999004,10.501009263254408,5.374112853235205,7.059256485975679,9.066455193717797,11.64421207965981,7.506396498980959,21.102471800863178,22.74300173969795,19.991082478167538,13.342065057611489,10.839480979849998,12.465383676617863,5.282275092150154,9.567411166815408,25.0,11.629282529261621,17.13617945419534,18.98643380732141,12.691679318258121,6.251247968858209,1.762037036683171,3.748122505792877,2.3938884548633332,21.94001029084406,7.296957891883465,10.994392707271926,11.320468763821598,17.691812691841754,5.200659277454102,8.413865821773198,9.476773251028998,12.85586912590792,10.344019635145393,2.963221412647112,10.055845355878553,8.591144995532183,5.422720328399538,52
5.332542245530791,16.24899622531493,2.1282343498826264,1.5,8.984297395982535,13.662225744504909,18.346410536194384,11.25937741314982,1.680482365519307,9.879063813122258,7.817588925832423,5.228812782456052,6.128272818800378,7.569604146230369,10.122222315477828,12.249707336310793,6.988097131532982,7.017281577916669,7.733503930211544,6.064003834417492,6.651395914934767,4.058581586081533,7.654159002836552,10.415990815177167,8.655560696987363,8.32687824162504,9.091085804631875,5.347533028397267,14.322882789169238,9.329732954925618,6.485861604583911,8.528737531545502,5.548370900627817,6.611337420157215,5.072153409572983,10.543998671653842,8.89103286726957,8.653221237134677,3.234547278738426,25.0,13.132800021074729,4.585702355772897,10.044675974495577,2.717259971088465,7.517821799814407,10.798877146555782,10.846065343940301,7.699716951879372,25.0,12.16148103016141,6.759074473511779,6.288620951896223,1.81916274583666,13.253110627366182,19.169529147405775,11.479922648981876,12.20867522258444,13.896149220012646,5.516702787786691,8.200093613950806,12.81102121198381,8.373855049190695,7.264165709658036,9.423532360342941,5.9155649654771025,8.289197086749505,10.38139936160586,10.291882474070409,9.026739929826952,24.379741865634916,19.02795645132584,23.096295981814396,8.932859475099798,9.63323160143846,10.494357926288952,4.524307109337288,7.556856641604181,19.18879561990973,11.12405813626621,18.4356015660271,18.99402474234707,12.76515718123934,6.419193722054138,4.455396422907966,2.1405965419172395,2.178583773491966,25.0,10.445479072575223,8.434888054960437,13.373257372808771,18.845646996540143,5.148936365214538,5.909634588147993,9.267842357414937,9.127351318936764,11.559038074828647,3.4023586455391444,6.634477230907376,10.742522563247967,3.7800131128151477,53
7.4576852527435555,14.253839766323706,2.971678230393618,1.5,10.215228497839853,12.731901789531072,14.120431905802011,9.87812234527159,2.5810480728145793,9.333683855010706,7.987269917036608,7.764684592283815,5.855504892545045,7.685355125464087,8.184955887661221,12.444450972262047,12.810251112874775,8.58445898215852,6.88757136592541,6.229252744996681,6.392015773667852,1.7414222113265763,7.979985841562087,11.094258536819018,6.685105483034238,10.170894450206518,7.054501322738896,7.613805980408706,9.697930358436025,7.521172731982293,6.725714110314177,7.55048089231337,6.669079968703336,6.354644399555174,4.971241346640564,8.50485958800715,9.853626352692139,6.231255898308186,1.5,24.966883698649433,9.330408828665224,3.795606449211792,9.404982316847484,2.6426910462900732,8.174745257181897,10.118312983640239,9.399527689369318,2.418920875984787,22.890062106938704,9.321017624254402,7.4072804848222935,5.895960419568511,3.4606552557767554,10.156979920983682,13.34538171458047,11.914016867749144,20.207694721266712,15.26895095474978,8.033459451364868,8.994923652194569,15.089665799455346,7.666549747624891,7.428177235811941,11.073321516027395,5.668526645000253,8.163300405212322,9.656721529130607,8.659151147953587,10.228871020007777,24.556053317951168,24.79345514146755,25.0,4.836410303068164,11.530068903704619,10.292404459527999,5.64362584228981,9.120579257366716,21.255008075927638,11.05744983136278,16.508540513126263,15.036560096211591,16.6581333266318,6.477585899959007,3.3776788399320834,2.8377224102026153,3.0131422286872955,14.358327403219521,7.253045804336043,6.711296390065657,13.853007574618589,20.339344519865403,6.221322715096782,5.579961678889804,6.316660072638503,8.025321135592982,10.967963801230322,3.887145736886614,5.145676429938827,16.91217991399973,4.2122360395244955,54
4.019202652901708,14.95900395226346,1.5,1.5,8.613566605053611,14.451665112616286,16.42521096380649,12.861508500080188,2.0951308100943367,9.595228412376548,8.447015380111239,7.6197174240055725,5.852682193009865,9.647162241079636,9.422907855468829,13.127226294896273,19.703256094269296,8.508998549978822,5.485830490977415,7.379137083432564,8.218322793083967,3.272054142019566,9.640140695004234,9.146501425748593,6.237648672717709,10.440778777436869,8.008183047730235,9.74800377826437,11.60200441172464,8.337366195920886,7.056520378899282,5.898719175592207,8.659013584850932,7.427626896546878,6.054312965749194,9.960476159873945,10.545247747449029,7.0749443099481955,3.0322433729981495,25.0,5.279786111677141,4.666754693072782,8.626491460500025,1.79874180161535,8.025387584812796,8.51318087662812,11.25253457668982,1.5,14.310811510731964,3.4407620205732075,6.168691692139266,6.293295150803062,5.101006675774317,7.178790328562497,15.464847266725235,13.86643822235743,19.249102090599017,12.350131905879284,10.625292287506472,9.25230492252738,9.26662603650587,7.201929326062977,6.75764281526746,9.25399691232508,5.700652255260294,5.507865751775846,10.694458177428446,9.20943368163353,8.274686747434217,21.176760402984943,25.0,20.529920233482372,1.5,19.370552582033294,13.652854287116035,5.879195940212992,7.4829394024412625,20.75464887392237,10.56258765815848,13.34015241873324,13.97628378875496,18.057054018631295,5.517723044729001,3.4392412374212777,5.455843411255564,4.032136653675241,11.46990910192068,6.749353827848463,7.770367266954016,13.31681957237251,18.44926685965759,7.780062666784188,4.519413251400615,7.222471418630159,8.304339124071483,9.273209905078009,2.746866686957182,4.675323812571056,25.0,4.532642218016054,55
3.918686466021577,17.814881796849047,1.5,1.7410365248796138,8.088576277567771,13.035073501302604,16.716380323763573,13.499288988563087,2.9200700873495244,12.809985276290751,6.761252408627646,8.744661817207849,5.874495088506746,9.271971258984397,11.979360736767728,14.34889797048241,21.092040229090887,9.799210122871514,7.0912533798664645,7.489278480156603,9.09903105053646,4.264329526409168,4.860366516405393,11.016636778644497,6.530649820651865,10.824059743372466,8.339237543286885,17.642152488342617,7.721723440451276,9.400860116284026,9.333007805638879,6.898830011315208,10.144451631418638,6.813609486500186,7.1387777932194565,9.547185257470856,8.719570645105133,2.8478403326160553,7.556237211992228,25.0,3.0686576792737483,3.798296657474741,7.645681502918464,7.612108331503606,7.042258287070731,8.479034498427607,8.7088951991919,1.9662620219206393,1.5,4.672065493303249,4.412560463178628,9.443290640943857,4.837970663548971,8.029156165114372,12.902116062230151,13.927281217505191,25.0,11.131743185200902,14.547679415116798,7.780957089363277,3.4294063911507386,8.444836438849638,6.011126374229305,10.010830922210493,5.1120710080203535,7.0709175059504625,12.598648937641054,16.056219853059833,7.541402574490514,16.154183423103227,20.719236159526908,21.054969066131225,6.918600247800388,17.428137830168616,13.689057133631238,4.695161937196508,7.432024227977433,14.917376560372796,9.34821846986731,19.45013481387985,14.262125495743941,19.536403856715243,6.257236378831498,4.328429707693068,8.860135337338617,3.262861460732909,10.102036430674705,6.944263622233417,10.996941514312613,10.880411076088375,17.500146417507626,9.832910157813622,4.748452540337911,10.589457504972838,7.4752998727905,8.711817376685103,3.0265153292187823,3.1020345147216695,13.42729603806235,6.086588891988052,56
5.615374423864079,12.970101057797228,2.5805819704652087,8.731893593160475,8.353548552105686,14.640999206494891,19.004990624131736,10.121471447618731,3.1904560026172146,19.380622625809956,5.645376312337701,8.49433923747361,6.306425964729814,7.014943495331765,2.029608872781104,14.332020432659464,17.438666040431407,6.457999978928598,4.150566543969928,5.5749921089515215,10.61679897140873,1.5,6.449414623938589,13.449935087186182,5.877065841724569,15.48946214586087,8.84225608990353,12.499048594036426,17.092779909835116,10.55442496795904,10.94387503863059,6.395474563713992,9.306110304268461,6.793270941179925,7.297039563217675,10.243949862956521,7.599291389341604,1.7191896204681603,1.5,25.0,3.7904771931430403,4.373889145229958,8.575477146681264,8.735818176182837,8.277048859578999,9.104116487545193,6.655958828852497,2.4726729247155883,1.5,7.652442686650069,4.194973517634525,13.037054805450268,5.609758394190679,8.471299342318336,9.816543738140153,9.49664365689925,25.0,17.339601056612633,10.904072994547649,7.459589322442844,1.5,12.486535202865664,6.953518347857765,9.488975092975021,5.426022302629249,6.816858706497512,16.19846276825931,12.587095150990685,8.132030675039953,15.145835655616763,23.22711032766841,24.132469050398274,1.5,24.06008870230676,14.261200031012386,4.16471483242329,7.1852235235939075,17.005303302518797,14.662167067298817,16.418408702904564,9.684164375867072,21.15820337509889,6.0415306000865145,5.491242514969143,7.8129079332118145,3.631842980687211,11.335923037068829,6.918208532405838,5.769812792033452,14.127417223804994,13.864960790235708,9.549997951994646,10.079381000268636,10.684975479262604,9.854399918155643,7.48670999044089,3.394075374514489,7.518323117843993,13.97831847918752,5.020988957398525,57
6.11805711789023,13.221968020508413,3.7652028932676944,25.0,7.458954451563246,15.922278446970484,16.492516576413568,5.293208422841289,3.5777417977146633,6.117671628383869,5.03770180216722,8.046509920195842,7.208676813747571,9.622013863113906,1.5,12.981474177458061,18.068033446513127,11.36476928639047,5.5943559340102,5.595536558981207,11.258182650781139,3.1125479027009333,9.022328227518582,5.149210226077248,6.509754696916709,15.5119909571968,8.43227349213869,13.320623879867323,25.0,10.347510709306626,9.512781676790075,5.876984577394284,4.033025463940056,6.127342036933063,7.488947233831164,9.359854632614558,9.599388145818224,1.5,1.5,25.0,2.251320630265328,4.344411270914658,8.709081009553902,12.016473675081507,8.85650856892706,10.875756587566944,7.590007518069416,3.708562895706991,2.350201336829158,9.184715884084484,4.788460035115682,16.582406530750163,7.987138471101618,6.624344624722818,10.797989699476227,7.938136428561128,25.0,15.007104950699564,15.338054671121917,6.541981061442177,1.5165175613161628,11.110315006361017,6.011217850872493,10.46584064998468,6.006487765728181,7.191986997729357,12.343940755475872,19.13356056620899,6.895120099527185,11.551186000318253,14.742095157163021,25.0,4.169747665943813,25.0,13.530385912341297,4.231651383152099,6.354246606384447,11.465979618861336,17.09278802072682,6.166249389120363,7.436414675095232,20.576061052294882,6.125254725565609,5.522680896126446,10.25629546464434,3.991807314196987,9.237803191945126,6.689113376958972,12.539585139337841,10.08044981112084,11.403545542676255,12.360182761024165,20.00634423838043,13.732386633436416,7.509255758436646,6.45947527354029,3.743039268763577,4.001141801933961,13.906467956959734,5.0075651879759135,58
6.420062946941196,6.348421051348003,1.5,25.0,6.102958727052005,16.50725688262472,17.846788234156357,3.586611728416896,5.066248104900108,11.282750744052153,5.448469904930466,8.062775383976534,7.361243960362987,9.988911696420606,4.9463876256325285,12.58907989313159,18.57409589982453,7.738517586470955,6.824436473156567,3.9786069847057917,18.275040318597515,3.9758701925724766,11.378839747227495,8.105984004328057,5.660327381406156,12.568839315752484,10.059964533905415,8.09088420005088,25.0,10.598040452255134,11.04057379696545,6.336340915202833,7.343087154840404,6.448944361257644,8.314772156864567,11.518338137516604,6.66243254858132,1.9540198910950783,2.050179596937659,25.0,4.510030138920792,3.9234840051647213,8.9373758994666,8.22669862838126,7.407794895200275,10.014381125831243,8.468772209045998,3.712009304789736,3.602486763526902,9.299399770266351,4.273935126859944,6.400226345926988,9.854464065865866,6.9451931671782114,11.115765926196387,11.451694165803545,21.61668735978387,6.920686595689929,21.65793391561796,6.673668728259588,7.929371670803582,10.483360627856111,5.709235720750743,9.53558211673879,7.172220047561112,7.609342535068665,10.22386798624795,25.0,7.952586176149899,11.059488031771599,17.092703377751207,24.112399697307282,1.6666656474832777,25.0,24.534898203497946,4.593989683037576,6.326637241022834,12.565299257944277,13.456248334686924,6.6636635144315175,7.5685133204604,19.035943751363416,5.695734837417764,5.885764508319167,11.268311983661215,4.867401869410828,11.358725130952948,6.852428948227462,3.8815773764325954,13.850704354357793,11.271046264246399,15.33339941019075,1.5,12.46296110330612,6.990838875454867,6.907752035382788,3.4437735783913013,4.8759233296353,14.72407227865013,7.741732567298203,59
6.593842051261465,16.26441099027311,3.9758556093422532,25.0,8.211596545532451,15.76815508174587,21.553312312970125,3.236157588217787,5.211419180607747,10.156878705594561,6.171198014852589,7.985197879321579,8.12330127636691,7.578549013716806,10.805246226777854,11.571369779317964,17.830789383266463,12.081847586160315,18.672243217623006,4.357886128822106,9.983562354012308,6.8520526607674235,9.206105091786169,25.0,7.680422677335792,11.838364899810523,13.744186366933116,18.402578298292966,25.0,8.436385491365613,8.177049159669659,5.451922655629833,9.892366134784107,8.249776088807247,7.652090205357189,7.384980212787845,8.759255653803606,1.5,2.4210560081585344,9.398623556148058,6.838795244482043,3.8772749702049922,11.452210846707462,7.785764722304668,9.298722991861593,9.321867268038512,9.374417639132734,5.146937662234775,6.061724794753411,10.133964685566337,4.859759219639601,6.028735793419788,8.658929790101165,5.907590851537597,10.462521946800408,12.362832170638729,22.83353352512257,5.787926862298474,25.0,7.156100478309624,1.5,6.699582586014666,6.839416774125169,7.924405646227228,8.619550732762837,11.478650598978966,15.960705158328404,24.992250180850053,8.263279375810466,12.548759835371412,13.366017110525588,18.389882663914285,1.5,25.0,25.0,9.326005708417487,4.953980290437166,10.630981330755468,20.20441695303709,13.43835775858279,8.404376322270313,16.836521685509528,7.029503823430237,6.680654575496871,14.954252679211965,5.215034528749764,14.338836948940541,11.835888857758079,1.5,14.840216592661637,10.490595322207904,17.689645428591266,1.5,8.667350554878112,6.59196251815282,10.690481981069693,4.86595748026917,5.005175846204665,12.596588167042341,13.022212901614395,60
