Date,Technology,Estimated cost of hydrogen production [EUR/kg],Estimated cost of hydrogen production [EUR/MWh]
02/01/2024,Alcaline,6.00,181.00
02/01/2024,SMR with CCS,2.70,79.90
02/01/2024,SMR without CCS,2.00,58.60
03/01/2024,Alcaline,6.30,187.80
03/01/2024,SMR with CCS,2.80,84.30
03/01/2024,SMR without CCS,2.10,62.20
04/01/2024,Alcaline,6.30,188.80
04/01/2024,SMR with CCS,2.80,84.80
04/01/2024,SMR without CCS,2.10,62.60
05/01/2024,Alcaline,6.30,189.20
05/01/2024,SMR with CCS,2.90,86.70
05/01/2024,SMR without CCS,2.10,64.30
08/01/2024,Alcaline,5.70,171.90
08/01/2024,SMR with CCS,2.70,81.10
08/01/2024,SMR without CCS,2.00,60.00
09/01/2024,Alcaline,5.60,169.00
09/01/2024,SMR with CCS,2.70,80.50
09/01/2024,SMR without CCS,2.00,59.60
10/01/2024,Alcaline,5.60,167.80
10/01/2024,SMR with CCS,2.70,80.30
10/01/2024,SMR without CCS,2.00,59.50
11/01/2024,Alcaline,5.50,164.70
11/01/2024,SMR with CCS,2.70,79.90
11/01/2024,SMR without CCS,2.00,59.30
12/01/2024,Alcaline,5.50,166.40
12/01/2024,SMR with CCS,2.70,81.10
12/01/2024,SMR without CCS,2.00,60.40
15/01/2024,Alcaline,5.20,157.00
15/01/2024,SMR with CCS,2.60,78.10
15/01/2024,SMR without CCS,1.90,58.00
16/01/2024,Alcaline,5.20,156.20
16/01/2024,SMR with CCS,2.60,77.50
16/01/2024,SMR without CCS,1.90,57.40
17/01/2024,Alcaline,5.00,148.90
17/01/2024,SMR with CCS,2.50,74.30
17/01/2024,SMR without CCS,1.80,54.90
18/01/2024,Alcaline,5.00,151.40
18/01/2024,SMR with CCS,2.50,75.50
18/01/2024,SMR without CCS,1.90,55.90
19/01/2024,Alcaline,5.00,151.40
19/01/2024,SMR with CCS,2.50,75.40
19/01/2024,SMR without CCS,1.90,55.80
22/01/2024,Alcaline,4.80,144.20
22/01/2024,SMR with CCS,2.50,74.10
22/01/2024,SMR without CCS,1.80,55.00
23/01/2024,Alcaline,4.90,145.80
23/01/2024,SMR with CCS,2.50,73.70
23/01/2024,SMR without CCS,1.80,54.50
24/01/2024,Alcaline,5.00,150.80
24/01/2024,SMR with CCS,2.50,75.90
24/01/2024,SMR without CCS,1.90,56.40
25/01/2024,Alcaline,4.90,145.70
25/01/2024,SMR with CCS,2.50,74.00
25/01/2024,SMR without CCS,1.80,54.80
26/01/2024,Alcaline,4.80,144.70
26/01/2024,SMR with CCS,2.50,74.50
26/01/2024,SMR without CCS,1.80,55.30
29/01/2024,Alcaline,4.80,144.90
29/01/2024,SMR with CCS,2.50,75.20
29/01/2024,SMR without CCS,1.90,55.90
30/01/2024,Alcaline,5.00,149.00
30/01/2024,SMR with CCS,2.60,77.20
30/01/2024,SMR without CCS,1.90,57.50
31/01/2024,Alcaline,5.10,151.70
31/01/2024,SMR with CCS,2.60,77.70
31/01/2024,SMR without CCS,1.90,57.80
01/02/2024,Alcaline,4.70,142.40
01/02/2024,SMR with CCS,2.50,75.90
01/02/2024,SMR without CCS,1.90,56.70
02/02/2024,Alcaline,4.80,144.60
02/02/2024,SMR with CCS,2.60,76.60
02/02/2024,SMR without CCS,1.90,57.20
05/02/2024,Alcaline,4.70,140.90
05/02/2024,SMR with CCS,2.50,74.90
05/02/2024,SMR without CCS,1.90,55.70
06/02/2024,Alcaline,4.70,142.20
06/02/2024,SMR with CCS,2.50,75.60
06/02/2024,SMR without CCS,1.90,56.30
07/02/2024,Alcaline,4.70,139.90
07/02/2024,SMR with CCS,2.50,74.70
07/02/2024,SMR without CCS,1.90,55.70
08/02/2024,Alcaline,4.60,137.10
08/02/2024,SMR with CCS,2.50,73.90
08/02/2024,SMR without CCS,1.80,55.10
09/02/2024,Alcaline,4.40,133.10
09/02/2024,SMR with CCS,2.40,72.20
09/02/2024,SMR without CCS,1.80,53.70
12/02/2024,Alcaline,4.30,128.50
12/02/2024,SMR with CCS,2.30,70.40
12/02/2024,SMR without CCS,1.70,52.40
13/02/2024,Alcaline,4.30,130.10
13/02/2024,SMR with CCS,2.30,70.10
13/02/2024,SMR without CCS,1.70,51.90
14/02/2024,Alcaline,4.10,123.60
14/02/2024,SMR with CCS,2.30,68.80
14/02/2024,SMR without CCS,1.70,51.10
15/02/2024,Alcaline,4.10,122.00
15/02/2024,SMR with CCS,2.30,69.00
15/02/2024,SMR without CCS,1.70,51.30
16/02/2024,Alcaline,4.00,120.30
16/02/2024,SMR with CCS,2.30,68.40
16/02/2024,SMR without CCS,1.70,50.90
19/02/2024,Alcaline,3.90,115.90
19/02/2024,SMR with CCS,2.20,66.60
19/02/2024,SMR without CCS,1.60,49.40
20/02/2024,Alcaline,3.90,117.50
20/02/2024,SMR with CCS,2.20,66.90
20/02/2024,SMR without CCS,1.70,49.70
21/02/2024,Alcaline,4.00,118.80
21/02/2024,SMR with CCS,2.20,67.10
21/02/2024,SMR without CCS,1.70,49.70
22/02/2024,Alcaline,3.80,115.10
22/02/2024,SMR with CCS,2.20,65.50
22/02/2024,SMR without CCS,1.60,48.50
23/02/2024,Alcaline,3.90,116.20
23/02/2024,SMR with CCS,2.20,66.10
23/02/2024,SMR without CCS,1.60,49.00
26/02/2024,Alcaline,4.00,118.80
26/02/2024,SMR with CCS,2.20,67.30
26/02/2024,SMR without CCS,1.70,49.90
27/02/2024,Alcaline,4.00,119.00
27/02/2024,SMR with CCS,2.30,68.00
27/02/2024,SMR without CCS,1.70,50.60
28/02/2024,Alcaline,4.10,122.90
28/02/2024,SMR with CCS,2.30,69.50
28/02/2024,SMR without CCS,1.70,51.70
29/02/2024,Alcaline,4.00,120.20
29/02/2024,SMR with CCS,2.30,68.70
29/02/2024,SMR without CCS,1.70,51.10
01/03/2024,Alcaline,4.60,137.50
01/03/2024,SMR with CCS,2.20,66.30
01/03/2024,SMR without CCS,1.70,50.30
04/03/2024,Alcaline,4.60,139.50
04/03/2024,SMR with CCS,2.30,67.70
04/03/2024,SMR without CCS,1.70,51.50
05/03/2024,Alcaline,4.80,143.40
05/03/2024,SMR with CCS,2.30,69.10
05/03/2024,SMR without CCS,1.80,52.60
06/03/2024,Alcaline,4.80,145.60
06/03/2024,SMR with CCS,2.20,67.40
06/03/2024,SMR without CCS,1.70,51.00
07/03/2024,Alcaline,4.70,140.90
07/03/2024,SMR with CCS,2.20,66.70
07/03/2024,SMR without CCS,1.70,50.50
08/03/2024,Alcaline,4.60,138.50
08/03/2024,SMR with CCS,2.20,66.90
08/03/2024,SMR without CCS,1.70,50.90
11/03/2024,Alcaline,4.50,133.70
11/03/2024,SMR with CCS,2.20,64.60
11/03/2024,SMR without CCS,1.60,49.00
12/03/2024,Alcaline,4.50,134.10
12/03/2024,SMR with CCS,2.10,64.50
12/03/2024,SMR without CCS,1.60,48.80
13/03/2024,Alcaline,4.40,132.40
13/03/2024,SMR with CCS,2.10,64.30
13/03/2024,SMR without CCS,1.60,48.70
14/03/2024,Alcaline,4.30,129.70
14/03/2024,SMR with CCS,2.20,65.90
14/03/2024,SMR without CCS,1.70,50.30
15/03/2024,Alcaline,4.30,130.40
15/03/2024,SMR with CCS,2.30,67.60
15/03/2024,SMR without CCS,1.70,51.80
18/03/2024,Alcaline,4.50,136.20
18/03/2024,RFNBO compliant,6.40,192.50
18/03/2024,SMR with CCS,2.30,70.30
18/03/2024,SMR without CCS,1.80,54.00
18/03/2024,Minimum RFNBO compliant,5.80,175.40
18/03/2024,Maximum RFNBO compliant,6.80,205.40
19/03/2024,Alcaline,4.50,134.90
19/03/2024,RFNBO compliant,7.70,232.70
19/03/2024,SMR with CCS,2.30,70.50
19/03/2024,SMR without CCS,1.80,54.30
19/03/2024,Minimum RFNBO compliant,7.20,216.20
19/03/2024,Maximum RFNBO compliant,8.30,249.80
20/03/2024,Alcaline,4.50,134.00
20/03/2024,RFNBO compliant,7.70,232.40
20/03/2024,SMR with CCS,2.30,68.80
20/03/2024,SMR without CCS,1.80,52.70
20/03/2024,Minimum RFNBO compliant,7.20,215.90
20/03/2024,Maximum RFNBO compliant,8.30,248.00
21/03/2024,Alcaline,4.30,129.30
21/03/2024,RFNBO compliant,7.80,234.60
21/03/2024,SMR with CCS,2.20,66.80
21/03/2024,SMR without CCS,1.70,51.10
21/03/2024,Minimum RFNBO compliant,6.90,207.20
21/03/2024,Maximum RFNBO compliant,8.90,267.30
22/03/2024,Alcaline,4.40,131.50
22/03/2024,RFNBO compliant,7.20,215.80
22/03/2024,SMR with CCS,2.30,68.20
22/03/2024,SMR without CCS,1.70,52.30
22/03/2024,Minimum RFNBO compliant,5.90,177.20
22/03/2024,Maximum RFNBO compliant,8.20,247.10
25/03/2024,Alcaline,4.60,138.90
25/03/2024,RFNBO compliant,6.60,197.80
25/03/2024,SMR with CCS,2.30,70.20
25/03/2024,SMR without CCS,1.80,53.80
25/03/2024,Minimum RFNBO compliant,5.40,162.20
25/03/2024,Maximum RFNBO compliant,7.60,227.90
26/03/2024,Alcaline,4.50,134.70
26/03/2024,RFNBO compliant,7.10,212.80
26/03/2024,SMR with CCS,2.30,68.30
26/03/2024,SMR without CCS,1.70,52.20
26/03/2024,Minimum RFNBO compliant,5.40,162.20
26/03/2024,Maximum RFNBO compliant,8.60,257.10
27/03/2024,Alcaline,4.40,132.60
27/03/2024,RFNBO compliant,6.40,192.70
27/03/2024,SMR with CCS,2.30,68.70
27/03/2024,SMR without CCS,1.80,52.70
27/03/2024,Minimum RFNBO compliant,4.10,123.70
27/03/2024,Maximum RFNBO compliant,7.60,227.60
28/03/2024,Alcaline,4.40,131.90
28/03/2024,RFNBO compliant,6.50,195.00
28/03/2024,SMR with CCS,2.30,68.20
28/03/2024,SMR without CCS,1.70,52.30
28/03/2024,Minimum RFNBO compliant,3.90,116.80
28/03/2024,Maximum RFNBO compliant,8.20,245.00
02/04/2024,Alcaline,3.70,110.50
02/04/2024,RFNBO compliant,5.60,167.30
02/04/2024,SMR with CCS,2.00,61.50
02/04/2024,SMR without CCS,1.60,48.30
02/04/2024,Minimum RFNBO compliant,4.00,120.40
02/04/2024,Maximum RFNBO compliant,7.10,212.60
03/04/2024,Alcaline,3.70,110.50
03/04/2024,RFNBO compliant,5.50,166.10
03/04/2024,SMR with CCS,2.00,60.50
03/04/2024,SMR without CCS,1.60,47.40
03/04/2024,Minimum RFNBO compliant,4.70,139.60
03/04/2024,Maximum RFNBO compliant,6.50,195.50
04/04/2024,Alcaline,3.50,104.50
04/04/2024,RFNBO compliant,6.40,192.00
04/04/2024,SMR with CCS,2.00,60.80
04/04/2024,SMR without CCS,1.60,47.90
04/04/2024,Minimum RFNBO compliant,4.60,139.00
04/04/2024,Maximum RFNBO compliant,8.40,252.60
05/04/2024,Alcaline,3.50,106.20
05/04/2024,RFNBO compliant,5.90,175.90
05/04/2024,SMR with CCS,2.10,61.70
05/04/2024,SMR without CCS,1.60,48.70
05/04/2024,Minimum RFNBO compliant,4.50,134.80
05/04/2024,Maximum RFNBO compliant,7.30,219.80
08/04/2024,Alcaline,3.70,112.00
08/04/2024,RFNBO compliant,5.50,164.30
08/04/2024,SMR with CCS,2.10,63.50
08/04/2024,SMR without CCS,1.70,50.10
08/04/2024,Minimum RFNBO compliant,4.20,125.80
08/04/2024,Maximum RFNBO compliant,6.70,201.50
09/04/2024,Alcaline,3.80,114.90
09/04/2024,RFNBO compliant,6.40,191.90
09/04/2024,SMR with CCS,2.10,62.80
09/04/2024,SMR without CCS,1.60,49.40
09/04/2024,Minimum RFNBO compliant,4.20,127.00
09/04/2024,Maximum RFNBO compliant,8.50,254.10
10/04/2024,Alcaline,3.70,111.80
10/04/2024,RFNBO compliant,5.70,170.90
10/04/2024,SMR with CCS,2.10,62.80
10/04/2024,SMR without CCS,1.60,49.50
10/04/2024,Minimum RFNBO compliant,4.40,130.60
10/04/2024,Maximum RFNBO compliant,7.10,214.10
11/04/2024,Alcaline,4.00,121.50
11/04/2024,RFNBO compliant,6.30,187.80
11/04/2024,SMR with CCS,2.20,66.70
11/04/2024,SMR without CCS,1.70,52.50
11/04/2024,Minimum RFNBO compliant,4.50,134.50
11/04/2024,Maximum RFNBO compliant,7.60,228.80
12/04/2024,Alcaline,4.20,126.90
12/04/2024,RFNBO compliant,6.20,185.40
12/04/2024,SMR with CCS,2.30,68.80
12/04/2024,SMR without CCS,1.80,54.20
12/04/2024,Minimum RFNBO compliant,4.90,146.20
12/04/2024,Maximum RFNBO compliant,7.40,222.80
15/04/2024,Alcaline,4.30,129.10
15/04/2024,RFNBO compliant,6.20,187.30
15/04/2024,SMR with CCS,2.30,70.10
15/04/2024,SMR without CCS,1.80,55.30
15/04/2024,Minimum RFNBO compliant,5.40,163.10
15/04/2024,Maximum RFNBO compliant,7.10,214.40
16/04/2024,Alcaline,4.70,140.70
16/04/2024,RFNBO compliant,5.90,177.70
16/04/2024,SMR with CCS,2.50,73.90
16/04/2024,SMR without CCS,1.90,58.20
16/04/2024,Minimum RFNBO compliant,4.30,129.40
16/04/2024,Maximum RFNBO compliant,7.80,233.30
17/04/2024,Alcaline,4.40,131.10
17/04/2024,RFNBO compliant,5.70,170.70
17/04/2024,SMR with CCS,2.30,70.40
17/04/2024,SMR without CCS,1.80,55.40
17/04/2024,Minimum RFNBO compliant,4.20,124.90
17/04/2024,Maximum RFNBO compliant,7.30,219.50
18/04/2024,Alcaline,4.40,131.80
18/04/2024,RFNBO compliant,7.00,210.80
18/04/2024,SMR with CCS,2.40,71.60
18/04/2024,SMR without CCS,1.90,56.50
18/04/2024,Minimum RFNBO compliant,4.20,127.00
18/04/2024,Maximum RFNBO compliant,9.30,278.40
19/04/2024,Alcaline,4.40,131.90
19/04/2024,RFNBO compliant,7.10,211.80
19/04/2024,SMR with CCS,2.30,69.30
19/04/2024,SMR without CCS,1.80,54.40
19/04/2024,Minimum RFNBO compliant,4.20,127.30
19/04/2024,Maximum RFNBO compliant,8.80,264.00
22/04/2024,Alcaline,4.30,128.30
22/04/2024,RFNBO compliant,5.90,177.60
22/04/2024,SMR with CCS,2.20,66.90
22/04/2024,SMR without CCS,1.70,52.40
22/04/2024,Minimum RFNBO compliant,4.90,147.40
22/04/2024,Maximum RFNBO compliant,7.10,213.20
23/04/2024,Alcaline,4.30,128.60
23/04/2024,RFNBO compliant,7.00,211.00
23/04/2024,SMR with CCS,2.20,65.90
23/04/2024,SMR without CCS,1.70,51.50
23/04/2024,Minimum RFNBO compliant,4.00,120.70
23/04/2024,Maximum RFNBO compliant,9.00,271.50
24/04/2024,Alcaline,4.30,129.90
24/04/2024,RFNBO compliant,7.30,219.00
24/04/2024,SMR with CCS,2.20,67.10
24/04/2024,SMR without CCS,1.70,52.50
24/04/2024,Minimum RFNBO compliant,4.20,126.70
24/04/2024,Maximum RFNBO compliant,8.80,263.70
25/04/2024,Alcaline,4.30,129.70
25/04/2024,RFNBO compliant,7.10,213.40
25/04/2024,SMR with CCS,2.30,67.90
25/04/2024,SMR without CCS,1.80,53.20
25/04/2024,Minimum RFNBO compliant,4.90,147.10
25/04/2024,Maximum RFNBO compliant,8.60,259.50
26/04/2024,Alcaline,4.20,127.30
26/04/2024,RFNBO compliant,7.80,232.80
26/04/2024,SMR with CCS,2.20,66.40
26/04/2024,SMR without CCS,1.70,52.00
26/04/2024,Minimum RFNBO compliant,6.30,189.80
26/04/2024,Maximum RFNBO compliant,8.80,264.00
29/04/2024,Alcaline,4.10,123.60
29/04/2024,RFNBO compliant,7.90,236.70
29/04/2024,SMR with CCS,2.20,64.90
29/04/2024,SMR without CCS,1.70,50.80
29/04/2024,Minimum RFNBO compliant,7.00,211.10
29/04/2024,Maximum RFNBO compliant,8.70,260.40
30/04/2024,Alcaline,4.30,128.40
30/04/2024,RFNBO compliant,7.70,230.90
30/04/2024,SMR with CCS,2.20,67.00
30/04/2024,SMR without CCS,1.70,52.40
30/04/2024,Minimum RFNBO compliant,7.20,214.70
30/04/2024,Maximum RFNBO compliant,8.20,245.00
01/05/2024,Alcaline,4.50,135.90
01/05/2024,RFNBO compliant,7.20,215.50
01/05/2024,SMR with CCS,2.20,66.40
01/05/2024,SMR without CCS,1.70,51.60
01/05/2024,Minimum RFNBO compliant,6.60,198.20
01/05/2024,Maximum RFNBO compliant,7.70,230.30
02/05/2024,Alcaline,4.70,141.90
02/05/2024,RFNBO compliant,5.70,169.80
02/05/2024,SMR with CCS,2.30,70.10
02/05/2024,SMR without CCS,1.80,54.70
02/05/2024,Minimum RFNBO compliant,4.60,138.70
02/05/2024,Maximum RFNBO compliant,6.80,205.40
03/05/2024,Alcaline,4.70,141.20
03/05/2024,RFNBO compliant,5.70,169.90
03/05/2024,SMR with CCS,2.30,68.80
03/05/2024,SMR without CCS,1.80,53.60
03/05/2024,Minimum RFNBO compliant,4.70,140.80
03/05/2024,Maximum RFNBO compliant,6.80,202.70
07/05/2024,Alcaline,4.80,143.20
07/05/2024,RFNBO compliant,6.60,198.90
07/05/2024,SMR with CCS,2.30,70.00
07/05/2024,SMR without CCS,1.80,54.60
07/05/2024,Minimum RFNBO compliant,5.30,158.00
07/05/2024,Maximum RFNBO compliant,8.00,239.90
08/05/2024,Alcaline,4.70,141.80
08/05/2024,RFNBO compliant,7.50,226.70
08/05/2024,SMR with CCS,2.30,69.70
08/05/2024,SMR without CCS,1.80,54.40
08/05/2024,Minimum RFNBO compliant,6.00,179.60
08/05/2024,Maximum RFNBO compliant,9.00,270.60
09/05/2024,Alcaline,4.80,145.40
09/05/2024,RFNBO compliant,6.90,208.20
09/05/2024,SMR with CCS,2.30,70.30
09/05/2024,SMR without CCS,1.80,54.70
09/05/2024,Minimum RFNBO compliant,5.10,151.70
09/05/2024,Maximum RFNBO compliant,8.90,268.20
10/05/2024,Alcaline,4.70,140.50
10/05/2024,RFNBO compliant,6.50,194.10
10/05/2024,SMR with CCS,2.30,68.20
10/05/2024,SMR without CCS,1.80,53.00
10/05/2024,Minimum RFNBO compliant,5.20,154.70
10/05/2024,Maximum RFNBO compliant,7.60,226.70
13/05/2024,Alcaline,4.50,135.80
13/05/2024,RFNBO compliant,6.60,198.50
13/05/2024,SMR with CCS,2.30,67.70
13/05/2024,SMR without CCS,1.80,52.80
13/05/2024,Minimum RFNBO compliant,4.90,146.20
13/05/2024,Maximum RFNBO compliant,8.20,245.90
14/05/2024,Alcaline,4.50,133.60
14/05/2024,RFNBO compliant,6.00,180.90
14/05/2024,SMR with CCS,2.30,67.70
14/05/2024,SMR without CCS,1.80,52.90
14/05/2024,Minimum RFNBO compliant,5.20,156.50
14/05/2024,Maximum RFNBO compliant,6.90,207.50
15/05/2024,Alcaline,4.40,131.90
15/05/2024,RFNBO compliant,5.30,160.60
15/05/2024,SMR with CCS,2.20,67.50
15/05/2024,SMR without CCS,1.80,52.70
15/05/2024,Minimum RFNBO compliant,4.40,130.90
15/05/2024,Maximum RFNBO compliant,6.30,189.50
16/05/2024,Alcaline,4.40,133.20
16/05/2024,RFNBO compliant,6.10,181.70
16/05/2024,SMR with CCS,2.30,68.80
16/05/2024,SMR without CCS,1.80,53.90
16/05/2024,Minimum RFNBO compliant,4.80,143.50
16/05/2024,Maximum RFNBO compliant,7.40,223.10
17/05/2024,Alcaline,4.40,132.80
17/05/2024,RFNBO compliant,6.50,195.20
17/05/2024,SMR with CCS,2.30,68.80
17/05/2024,SMR without CCS,1.80,54.00
17/05/2024,Minimum RFNBO compliant,5.70,170.60
17/05/2024,Maximum RFNBO compliant,7.60,228.20
20/05/2024,Alcaline,4.70,141.40
20/05/2024,RFNBO compliant,7.20,216.70
20/05/2024,SMR with CCS,2.40,71.40
20/05/2024,SMR without CCS,1.90,55.90
20/05/2024,Minimum RFNBO compliant,6.20,186.80
20/05/2024,Maximum RFNBO compliant,8.10,243.50
21/05/2024,Alcaline,4.80,143.50
21/05/2024,RFNBO compliant,6.50,195.60
21/05/2024,SMR with CCS,2.40,73.20
21/05/2024,SMR without CCS,1.90,57.50
21/05/2024,Minimum RFNBO compliant,5.40,161.60
21/05/2024,Maximum RFNBO compliant,7.60,227.60
22/05/2024,Alcaline,4.90,145.90
22/05/2024,RFNBO compliant,7.10,212.20
22/05/2024,SMR with CCS,2.50,75.60
22/05/2024,SMR without CCS,2.00,59.60
22/05/2024,Minimum RFNBO compliant,5.80,174.20
22/05/2024,Maximum RFNBO compliant,8.10,241.70
23/05/2024,Alcaline,5.00,148.90
23/05/2024,RFNBO compliant,6.90,207.80
23/05/2024,SMR with CCS,2.60,76.90
23/05/2024,SMR without CCS,2.00,60.60
23/05/2024,Minimum RFNBO compliant,5.60,167.30
23/05/2024,Maximum RFNBO compliant,8.30,250.20
24/05/2024,Alcaline,4.90,147.10
24/05/2024,RFNBO compliant,7.60,228.40
24/05/2024,SMR with CCS,2.50,74.90
24/05/2024,SMR without CCS,2.00,58.80
24/05/2024,Minimum RFNBO compliant,6.40,192.20
24/05/2024,Maximum RFNBO compliant,8.80,264.30
28/05/2024,Alcaline,4.80,143.70
28/05/2024,RFNBO compliant,8.20,246.20
28/05/2024,SMR with CCS,2.50,74.00
28/05/2024,SMR without CCS,1.90,58.20
28/05/2024,Minimum RFNBO compliant,7.30,218.60
28/05/2024,Maximum RFNBO compliant,9.20,275.70
29/05/2024,Alcaline,4.70,142.20
29/05/2024,RFNBO compliant,7.00,208.80
29/05/2024,SMR with CCS,2.50,74.20
29/05/2024,SMR without CCS,1.90,58.40
29/05/2024,Minimum RFNBO compliant,5.10,152.30
29/05/2024,Maximum RFNBO compliant,8.70,260.10
30/05/2024,Alcaline,4.80,144.60
30/05/2024,RFNBO compliant,6.80,204.20
30/05/2024,SMR with CCS,2.50,76.00
30/05/2024,SMR without CCS,2.00,59.90
30/05/2024,Minimum RFNBO compliant,5.70,170.60
30/05/2024,Maximum RFNBO compliant,8.00,239.00
31/05/2024,Alcaline,4.80,144.50
31/05/2024,RFNBO compliant,6.70,201.20
31/05/2024,SMR with CCS,2.50,75.00
31/05/2024,SMR without CCS,2.00,59.10
31/05/2024,Minimum RFNBO compliant,4.40,131.20
31/05/2024,Maximum RFNBO compliant,9.00,271.20
03/06/2024,Alcaline,5.50,164.10
03/06/2024,RFNBO compliant,6.20,185.90
03/06/2024,SMR with CCS,2.60,78.40
03/06/2024,SMR without CCS,2.00,61.30
03/06/2024,Minimum RFNBO compliant,3.90,117.40
03/06/2024,Maximum RFNBO compliant,8.50,256.50
04/06/2024,Alcaline,5.00,149.30
04/06/2024,RFNBO compliant,7.40,220.90
04/06/2024,SMR with CCS,2.50,75.10
04/06/2024,SMR without CCS,2.00,58.90
04/06/2024,Minimum RFNBO compliant,5.40,160.70
04/06/2024,Maximum RFNBO compliant,9.60,289.20
05/06/2024,Alcaline,4.90,148.00
05/06/2024,RFNBO compliant,8.00,240.20
05/06/2024,SMR with CCS,2.50,74.00
05/06/2024,SMR without CCS,1.90,58.00
05/06/2024,Minimum RFNBO compliant,6.30,189.50
05/06/2024,Maximum RFNBO compliant,9.10,272.40
06/06/2024,Alcaline,4.90,147.70
06/06/2024,RFNBO compliant,7.60,228.10
06/06/2024,SMR with CCS,2.50,73.70
06/06/2024,SMR without CCS,1.90,57.70
06/06/2024,Minimum RFNBO compliant,6.00,179.90
06/06/2024,Maximum RFNBO compliant,8.60,258.90
07/06/2024,Alcaline,4.80,144.00
07/06/2024,RFNBO compliant,7.80,233.70
07/06/2024,SMR with CCS,2.40,73.20
07/06/2024,SMR without CCS,1.90,57.40
07/06/2024,Minimum RFNBO compliant,6.40,193.10
07/06/2024,Maximum RFNBO compliant,8.40,252.90
10/06/2024,Alcaline,4.80,143.60
10/06/2024,RFNBO compliant,7.60,228.40
10/06/2024,SMR with CCS,2.50,75.50
10/06/2024,SMR without CCS,2.00,59.50
10/06/2024,Minimum RFNBO compliant,6.70,200.90
10/06/2024,Maximum RFNBO compliant,8.10,243.80
11/06/2024,Alcaline,4.80,145.00
11/06/2024,RFNBO compliant,7.10,212.60
11/06/2024,SMR with CCS,2.50,74.80
11/06/2024,SMR without CCS,2.00,58.90
11/06/2024,Minimum RFNBO compliant,5.40,162.20
11/06/2024,Maximum RFNBO compliant,8.50,255.30
12/06/2024,Alcaline,4.90,147.50
12/06/2024,RFNBO compliant,7.00,209.20
12/06/2024,SMR with CCS,2.50,76.50
12/06/2024,SMR without CCS,2.00,60.30
12/06/2024,Minimum RFNBO compliant,6.30,188.60
12/06/2024,Maximum RFNBO compliant,7.30,217.70
13/06/2024,Alcaline,5.00,149.30
13/06/2024,RFNBO compliant,7.20,217.20
13/06/2024,SMR with CCS,2.60,77.30
13/06/2024,SMR without CCS,2.00,60.90
13/06/2024,Minimum RFNBO compliant,5.80,174.20
13/06/2024,Maximum RFNBO compliant,8.30,249.20
14/06/2024,Alcaline,4.90,146.70
14/06/2024,RFNBO compliant,7.40,221.40
14/06/2024,SMR with CCS,2.60,77.00
14/06/2024,SMR without CCS,2.00,60.80
14/06/2024,Minimum RFNBO compliant,5.30,160.10
14/06/2024,Maximum RFNBO compliant,8.70,260.40
17/06/2024,Alcaline,4.70,142.50
17/06/2024,RFNBO compliant,6.90,206.60
17/06/2024,SMR with CCS,2.50,75.00
17/06/2024,SMR without CCS,2.00,59.10
17/06/2024,Minimum RFNBO compliant,5.00,150.80
17/06/2024,Maximum RFNBO compliant,8.70,261.60
18/06/2024,Alcaline,4.80,143.60
18/06/2024,RFNBO compliant,7.20,215.60
18/06/2024,SMR with CCS,2.50,75.60
18/06/2024,SMR without CCS,2.00,59.60
18/06/2024,Minimum RFNBO compliant,5.50,164.90
18/06/2024,Maximum RFNBO compliant,8.80,262.80
19/06/2024,Alcaline,4.90,145.90
19/06/2024,RFNBO compliant,7.60,227.80
19/06/2024,SMR with CCS,2.60,76.70
19/06/2024,SMR without CCS,2.00,60.50
19/06/2024,Minimum RFNBO compliant,5.90,177.20
19/06/2024,Maximum RFNBO compliant,9.00,268.80
20/06/2024,Alcaline,4.80,145.30
20/06/2024,RFNBO compliant,7.70,231.50
20/06/2024,SMR with CCS,2.50,75.20
20/06/2024,SMR without CCS,2.00,59.20
20/06/2024,Minimum RFNBO compliant,6.60,199.40
20/06/2024,Maximum RFNBO compliant,8.40,251.40
21/06/2024,Alcaline,4.80,144.30
21/06/2024,RFNBO compliant,8.10,242.10
21/06/2024,SMR with CCS,2.50,74.70
21/06/2024,SMR without CCS,2.00,58.80
21/06/2024,Minimum RFNBO compliant,6.50,195.50
21/06/2024,Maximum RFNBO compliant,8.90,267.00
24/06/2024,Alcaline,4.70,141.40
24/06/2024,RFNBO compliant,8.40,251.10
24/06/2024,SMR with CCS,2.50,75.00
24/06/2024,SMR without CCS,2.00,59.20
24/06/2024,Minimum RFNBO compliant,7.50,226.40
24/06/2024,Maximum RFNBO compliant,9.00,271.20
25/06/2024,Alcaline,4.90,146.20
25/06/2024,RFNBO compliant,7.40,223.20
25/06/2024,SMR with CCS,2.50,76.00
25/06/2024,SMR without CCS,2.00,59.90
25/06/2024,Minimum RFNBO compliant,6.10,183.50
25/06/2024,Maximum RFNBO compliant,8.70,262.50
26/06/2024,Alcaline,4.80,142.90
26/06/2024,RFNBO compliant,7.30,219.70
26/06/2024,SMR with CCS,2.50,74.80
26/06/2024,SMR without CCS,2.00,58.90
26/06/2024,Minimum RFNBO compliant,6.20,185.30
26/06/2024,Maximum RFNBO compliant,8.00,239.90
27/06/2024,Alcaline,4.90,146.30
27/06/2024,RFNBO compliant,7.20,214.90
27/06/2024,SMR with CCS,2.50,75.30
27/06/2024,SMR without CCS,2.00,59.20
27/06/2024,Minimum RFNBO compliant,4.70,140.80
27/06/2024,Maximum RFNBO compliant,8.80,263.10
28/06/2024,Alcaline,4.90,147.30
28/06/2024,RFNBO compliant,7.90,238.40
28/06/2024,SMR with CCS,2.50,75.00
28/06/2024,SMR without CCS,2.00,58.90
28/06/2024,Minimum RFNBO compliant,7.00,209.60
28/06/2024,Maximum RFNBO compliant,8.70,260.10
01/07/2024,Alcaline,5.10,153.00
01/07/2024,RFNBO compliant,7.00,210.00
01/07/2024,SMR with CCS,2.50,74.40
01/07/2024,SMR without CCS,1.90,58.10
01/07/2024,Minimum RFNBO compliant,5.80,175.40
01/07/2024,Maximum RFNBO compliant,7.90,238.10
02/07/2024,Alcaline,5.20,156.00
02/07/2024,RFNBO compliant,7.50,224.20
02/07/2024,SMR with CCS,2.50,74.80
02/07/2024,SMR without CCS,1.90,58.30
02/07/2024,Minimum RFNBO compliant,6.50,194.30
02/07/2024,Maximum RFNBO compliant,8.60,259.20
03/07/2024,Alcaline,5.10,152.40
03/07/2024,RFNBO compliant,7.20,217.60
03/07/2024,SMR with CCS,2.40,73.20
03/07/2024,SMR without CCS,1.90,57.10
03/07/2024,Minimum RFNBO compliant,6.20,185.60
03/07/2024,Maximum RFNBO compliant,8.20,246.80
04/07/2024,Alcaline,5.10,153.20
04/07/2024,RFNBO compliant,7.40,222.70
04/07/2024,SMR with CCS,2.50,74.30
04/07/2024,SMR without CCS,1.90,58.00
04/07/2024,Minimum RFNBO compliant,5.90,176.90
04/07/2024,Maximum RFNBO compliant,8.50,253.80
05/07/2024,Alcaline,5.10,152.10
05/07/2024,RFNBO compliant,5.50,166.50
05/07/2024,SMR with CCS,2.40,73.50
05/07/2024,SMR without CCS,1.90,57.40
05/07/2024,Minimum RFNBO compliant,4.80,144.40
05/07/2024,Maximum RFNBO compliant,6.50,194.60
08/07/2024,Alcaline,5.00,150.00
08/07/2024,RFNBO compliant,6.20,185.50
08/07/2024,SMR with CCS,2.40,72.30
08/07/2024,SMR without CCS,1.90,56.30
08/07/2024,Minimum RFNBO compliant,5.40,162.50
08/07/2024,Maximum RFNBO compliant,6.90,205.70
09/07/2024,Alcaline,4.90,146.90
09/07/2024,RFNBO compliant,7.80,235.10
09/07/2024,SMR with CCS,2.40,70.80
09/07/2024,SMR without CCS,1.80,55.10
09/07/2024,Minimum RFNBO compliant,7.00,211.10
09/07/2024,Maximum RFNBO compliant,8.50,255.30
10/07/2024,Alcaline,4.80,144.30
10/07/2024,RFNBO compliant,7.30,219.10
10/07/2024,SMR with CCS,2.30,69.90
10/07/2024,SMR without CCS,1.80,54.40
10/07/2024,Minimum RFNBO compliant,6.20,184.70
10/07/2024,Maximum RFNBO compliant,7.90,236.30
11/07/2024,Alcaline,4.80,145.00
11/07/2024,RFNBO compliant,7.80,233.70
11/07/2024,SMR with CCS,2.30,70.40
11/07/2024,SMR without CCS,1.80,54.80
11/07/2024,Minimum RFNBO compliant,7.00,210.80
11/07/2024,Maximum RFNBO compliant,8.40,250.80
12/07/2024,Alcaline,4.90,146.70
12/07/2024,RFNBO compliant,8.10,244.10
12/07/2024,SMR with CCS,2.40,71.50
12/07/2024,SMR without CCS,1.90,55.80
12/07/2024,Minimum RFNBO compliant,7.40,223.40
12/07/2024,Maximum RFNBO compliant,8.70,259.80
15/07/2024,Alcaline,4.80,143.50
15/07/2024,RFNBO compliant,7.50,225.30
15/07/2024,SMR with CCS,2.40,70.70
15/07/2024,SMR without CCS,1.80,55.20
15/07/2024,Minimum RFNBO compliant,6.60,197.30
15/07/2024,Maximum RFNBO compliant,8.60,258.60
16/07/2024,Alcaline,4.90,147.90
16/07/2024,RFNBO compliant,7.20,214.90
16/07/2024,SMR with CCS,2.40,73.10
16/07/2024,SMR without CCS,1.90,57.20
16/07/2024,Minimum RFNBO compliant,6.30,188.90
16/07/2024,Maximum RFNBO compliant,8.00,238.70
17/07/2024,Alcaline,4.80,144.60
17/07/2024,RFNBO compliant,6.90,206.80
17/07/2024,SMR with CCS,2.40,71.40
17/07/2024,SMR without CCS,1.90,55.80
17/07/2024,Minimum RFNBO compliant,5.80,173.90
17/07/2024,Maximum RFNBO compliant,8.20,247.40
18/07/2024,Alcaline,4.80,145.00
18/07/2024,RFNBO compliant,7.90,237.20
18/07/2024,SMR with CCS,2.40,72.40
18/07/2024,SMR without CCS,1.90,56.70
18/07/2024,Minimum RFNBO compliant,7.20,216.80
18/07/2024,Maximum RFNBO compliant,8.60,257.40
19/07/2024,Alcaline,4.80,145.00
19/07/2024,RFNBO compliant,8.40,252.30
19/07/2024,SMR with CCS,2.40,71.80
19/07/2024,SMR without CCS,1.90,56.10
19/07/2024,Minimum RFNBO compliant,7.50,224.60
19/07/2024,Maximum RFNBO compliant,9.10,273.00
22/07/2024,Alcaline,4.90,146.70
22/07/2024,RFNBO compliant,8.20,247.20
22/07/2024,SMR with CCS,2.40,71.60
22/07/2024,SMR without CCS,1.90,55.80
22/07/2024,Minimum RFNBO compliant,7.40,221.90
22/07/2024,Maximum RFNBO compliant,8.90,266.40
23/07/2024,Alcaline,4.90,148.10
23/07/2024,RFNBO compliant,7.70,230.50
23/07/2024,SMR with CCS,2.40,71.00
23/07/2024,SMR without CCS,1.80,55.20
23/07/2024,Minimum RFNBO compliant,6.60,197.90
23/07/2024,Maximum RFNBO compliant,8.60,257.70
24/07/2024,Alcaline,5.10,151.70
24/07/2024,RFNBO compliant,7.70,230.50
24/07/2024,SMR with CCS,2.40,73.10
24/07/2024,SMR without CCS,1.90,57.00
24/07/2024,Minimum RFNBO compliant,6.30,190.40
24/07/2024,Maximum RFNBO compliant,8.40,251.10
25/07/2024,Alcaline,5.00,149.80
25/07/2024,RFNBO compliant,7.80,232.90
25/07/2024,SMR with CCS,2.40,71.60
25/07/2024,SMR without CCS,1.90,55.70
25/07/2024,Minimum RFNBO compliant,6.80,203.60
25/07/2024,Maximum RFNBO compliant,8.50,255.00
26/07/2024,Alcaline,5.00,151.20
26/07/2024,RFNBO compliant,7.60,229.50
26/07/2024,SMR with CCS,2.40,72.60
26/07/2024,SMR without CCS,1.90,56.60
26/07/2024,Minimum RFNBO compliant,6.50,194.00
26/07/2024,Maximum RFNBO compliant,8.20,246.20
29/07/2024,Alcaline,5.10,151.90
29/07/2024,RFNBO compliant,8.10,243.50
29/07/2024,SMR with CCS,2.50,74.70
29/07/2024,SMR without CCS,1.90,58.40
29/07/2024,Minimum RFNBO compliant,7.00,209.60
29/07/2024,Maximum RFNBO compliant,8.70,261.60
30/07/2024,Alcaline,5.00,150.90
30/07/2024,RFNBO compliant,7.60,228.50
30/07/2024,SMR with CCS,2.50,75.40
30/07/2024,SMR without CCS,2.00,59.10
30/07/2024,Minimum RFNBO compliant,5.60,167.60
30/07/2024,Maximum RFNBO compliant,9.30,279.90
31/07/2024,Alcaline,5.10,153.30
31/07/2024,RFNBO compliant,7.80,234.80
31/07/2024,SMR with CCS,2.60,76.70
31/07/2024,SMR without CCS,2.00,60.20
31/07/2024,Minimum RFNBO compliant,6.50,195.20
31/07/2024,Maximum RFNBO compliant,8.70,261.60
01/08/2024,Alcaline,6.10,181.90
01/08/2024,RFNBO compliant,8.10,242.10
01/08/2024,SMR with CCS,2.70,81.00
01/08/2024,SMR without CCS,2.10,62.90
01/08/2024,Minimum RFNBO compliant,6.90,208.10
01/08/2024,Maximum RFNBO compliant,9.20,275.40
02/08/2024,Alcaline,6.00,181.60
02/08/2024,RFNBO compliant,8.50,254.90
02/08/2024,SMR with CCS,2.70,80.70
02/08/2024,SMR without CCS,2.10,62.60
02/08/2024,Minimum RFNBO compliant,7.50,223.70
02/08/2024,Maximum RFNBO compliant,9.10,274.20
05/08/2024,Alcaline,5.90,177.20
05/08/2024,RFNBO compliant,8.30,248.30
05/08/2024,SMR with CCS,2.60,78.80
05/08/2024,SMR without CCS,2.00,61.10
05/08/2024,Minimum RFNBO compliant,7.40,221.00
05/08/2024,Maximum RFNBO compliant,9.00,270.00
06/08/2024,Alcaline,6.00,181.20
06/08/2024,RFNBO compliant,8.30,248.90
06/08/2024,SMR with CCS,2.70,80.50
06/08/2024,SMR without CCS,2.10,62.40
06/08/2024,Minimum RFNBO compliant,6.20,186.50
06/08/2024,Maximum RFNBO compliant,9.40,281.70
07/08/2024,Alcaline,6.20,185.40
07/08/2024,RFNBO compliant,8.00,239.80
07/08/2024,SMR with CCS,2.80,83.60
07/08/2024,SMR without CCS,2.20,65.10
07/08/2024,Minimum RFNBO compliant,6.20,184.70
07/08/2024,Maximum RFNBO compliant,9.10,273.00
08/08/2024,Alcaline,6.20,187.50
08/08/2024,RFNBO compliant,7.80,233.20
08/08/2024,SMR with CCS,2.90,85.90
08/08/2024,SMR without CCS,2.20,67.10
08/08/2024,Minimum RFNBO compliant,5.90,176.60
08/08/2024,Maximum RFNBO compliant,8.80,264.00
09/08/2024,Alcaline,6.30,189.00
09/08/2024,RFNBO compliant,7.90,236.50
09/08/2024,SMR with CCS,2.90,85.80
09/08/2024,SMR without CCS,2.20,67.00
09/08/2024,Minimum RFNBO compliant,5.60,169.10
09/08/2024,Maximum RFNBO compliant,8.90,266.10
12/08/2024,Alcaline,6.30,188.90
12/08/2024,RFNBO compliant,7.00,209.60
12/08/2024,SMR with CCS,2.80,85.50
12/08/2024,SMR without CCS,2.20,66.70
12/08/2024,Minimum RFNBO compliant,5.30,159.50
12/08/2024,Maximum RFNBO compliant,8.90,268.50
13/08/2024,Alcaline,6.30,188.20
13/08/2024,RFNBO compliant,8.00,239.30
13/08/2024,SMR with CCS,2.80,84.40
13/08/2024,SMR without CCS,2.20,65.70
13/08/2024,Minimum RFNBO compliant,6.10,184.40
13/08/2024,Maximum RFNBO compliant,9.20,274.80
14/08/2024,Alcaline,6.30,189.20
14/08/2024,RFNBO compliant,8.60,258.00
14/08/2024,SMR with CCS,2.80,84.30
14/08/2024,SMR without CCS,2.20,65.60
14/08/2024,Minimum RFNBO compliant,7.70,230.60
14/08/2024,Maximum RFNBO compliant,9.20,276.90
15/08/2024,Alcaline,6.40,191.30
15/08/2024,RFNBO compliant,8.60,258.40
15/08/2024,SMR with CCS,2.80,85.10
15/08/2024,SMR without CCS,2.20,66.20
15/08/2024,Minimum RFNBO compliant,7.80,235.40
15/08/2024,Maximum RFNBO compliant,9.30,279.90
16/08/2024,Alcaline,6.30,188.70
16/08/2024,RFNBO compliant,7.10,212.10
16/08/2024,SMR with CCS,2.80,85.10
16/08/2024,SMR without CCS,2.20,66.30
16/08/2024,Minimum RFNBO compliant,6.10,182.90
16/08/2024,Maximum RFNBO compliant,8.40,251.10
19/08/2024,Alcaline,6.40,191.80
19/08/2024,RFNBO compliant,8.40,253.50
19/08/2024,SMR with CCS,2.80,85.50
19/08/2024,SMR without CCS,2.20,66.60
19/08/2024,Minimum RFNBO compliant,7.30,218.90
19/08/2024,Maximum RFNBO compliant,9.30,278.70
20/08/2024,Alcaline,6.30,188.80
20/08/2024,RFNBO compliant,8.60,258.50
20/08/2024,SMR with CCS,2.70,82.40
20/08/2024,SMR without CCS,2.10,63.90
20/08/2024,Minimum RFNBO compliant,7.70,229.70
20/08/2024,Maximum RFNBO compliant,9.40,281.70
21/08/2024,Alcaline,6.20,186.00
21/08/2024,RFNBO compliant,7.90,236.40
21/08/2024,SMR with CCS,2.70,81.30
21/08/2024,SMR without CCS,2.10,63.00
21/08/2024,Minimum RFNBO compliant,6.40,192.50
21/08/2024,Maximum RFNBO compliant,8.60,257.70
22/08/2024,Alcaline,6.10,181.80
22/08/2024,RFNBO compliant,6.80,205.10
22/08/2024,SMR with CCS,2.70,80.50
22/08/2024,SMR without CCS,2.10,62.40
22/08/2024,Minimum RFNBO compliant,6.00,178.70
22/08/2024,Maximum RFNBO compliant,7.80,233.60
23/08/2024,Alcaline,6.00,180.40
23/08/2024,RFNBO compliant,7.20,216.30
23/08/2024,SMR with CCS,2.70,80.70
23/08/2024,SMR without CCS,2.10,62.70
23/08/2024,Minimum RFNBO compliant,5.70,171.80
23/08/2024,Maximum RFNBO compliant,9.50,284.10
27/08/2024,Alcaline,6.10,183.80
27/08/2024,RFNBO compliant,6.90,206.30
27/08/2024,SMR with CCS,2.80,83.40
27/08/2024,SMR without CCS,2.20,65.00
27/08/2024,Minimum RFNBO compliant,5.70,170.60
27/08/2024,Maximum RFNBO compliant,9.30,278.70
28/08/2024,Alcaline,6.20,187.50
28/08/2024,RFNBO compliant,8.30,249.70
28/08/2024,SMR with CCS,2.80,83.60
28/08/2024,SMR without CCS,2.20,65.10
28/08/2024,Minimum RFNBO compliant,7.00,209.90
28/08/2024,Maximum RFNBO compliant,9.40,282.30
29/08/2024,Alcaline,6.20,186.00
29/08/2024,RFNBO compliant,8.60,256.80
29/08/2024,SMR with CCS,2.80,83.70
29/08/2024,SMR without CCS,2.20,65.20
29/08/2024,Minimum RFNBO compliant,7.70,231.50
29/08/2024,Maximum RFNBO compliant,9.30,278.10
30/08/2024,Alcaline,6.20,186.00
30/08/2024,RFNBO compliant,9.10,274.70
30/08/2024,SMR with CCS,2.80,84.40
30/08/2024,SMR without CCS,2.20,65.90
30/08/2024,Minimum RFNBO compliant,8.20,247.10
30/08/2024,Maximum RFNBO compliant,9.80,293.70
02/09/2024,Alcaline,6.40,191.00
02/09/2024,RFNBO compliant,8.90,268.50
02/09/2024,SMR with CCS,2.80,83.80
02/09/2024,SMR without CCS,2.20,65.00
02/09/2024,Minimum RFNBO compliant,8.00,239.00
02/09/2024,Maximum RFNBO compliant,9.60,287.10
03/09/2024,Alcaline,6.10,184.50
03/09/2024,RFNBO compliant,9.20,276.10
03/09/2024,SMR with CCS,2.70,81.20
03/09/2024,SMR without CCS,2.10,62.90
03/09/2024,Minimum RFNBO compliant,8.40,253.50
03/09/2024,Maximum RFNBO compliant,9.70,291.60
04/09/2024,Alcaline,6.10,182.90
04/09/2024,RFNBO compliant,9.70,290.70
04/09/2024,SMR with CCS,2.60,79.00
04/09/2024,SMR without CCS,2.00,61.10
04/09/2024,Minimum RFNBO compliant,8.60,256.80
04/09/2024,Maximum RFNBO compliant,11.10,333.90
05/09/2024,Alcaline,6.10,182.80
05/09/2024,RFNBO compliant,9.20,275.40
05/09/2024,SMR with CCS,2.70,79.60
05/09/2024,SMR without CCS,2.10,61.60
05/09/2024,Minimum RFNBO compliant,8.50,254.40
05/09/2024,Maximum RFNBO compliant,10.00,300.00
06/09/2024,Alcaline,6.10,184.40
06/09/2024,RFNBO compliant,8.00,240.40
06/09/2024,SMR with CCS,2.70,80.00
06/09/2024,SMR without CCS,2.10,61.90
06/09/2024,Minimum RFNBO compliant,7.50,225.50
06/09/2024,Maximum RFNBO compliant,9.10,273.30
09/09/2024,Alcaline,6.20,185.60
09/09/2024,RFNBO compliant,7.80,235.40
09/09/2024,SMR with CCS,2.70,81.40
09/09/2024,SMR without CCS,2.10,63.10
09/09/2024,Minimum RFNBO compliant,7.60,227.30
09/09/2024,Maximum RFNBO compliant,8.20,245.00
10/09/2024,Alcaline,5.90,178.60
10/09/2024,RFNBO compliant,8.00,240.80
10/09/2024,SMR with CCS,2.60,78.10
10/09/2024,SMR without CCS,2.00,60.40
10/09/2024,Minimum RFNBO compliant,6.50,194.30
10/09/2024,Maximum RFNBO compliant,8.90,267.60
11/09/2024,Alcaline,6.00,178.70
11/09/2024,RFNBO compliant,6.90,207.10
11/09/2024,SMR with CCS,2.60,79.60
11/09/2024,SMR without CCS,2.10,61.70
11/09/2024,Minimum RFNBO compliant,5.80,174.80
11/09/2024,Maximum RFNBO compliant,7.60,227.60
12/09/2024,Alcaline,5.80,174.70
12/09/2024,RFNBO compliant,7.50,224.40
12/09/2024,SMR with CCS,2.60,78.00
12/09/2024,SMR without CCS,2.00,60.50
12/09/2024,Minimum RFNBO compliant,6.40,193.10
12/09/2024,Maximum RFNBO compliant,8.20,246.80
13/09/2024,Alcaline,5.90,176.50
13/09/2024,RFNBO compliant,8.10,244.50
13/09/2024,SMR with CCS,2.60,78.70
13/09/2024,SMR without CCS,2.00,61.10
13/09/2024,Minimum RFNBO compliant,7.00,209.00
13/09/2024,Maximum RFNBO compliant,9.50,285.30
16/09/2024,Alcaline,5.60,167.40
16/09/2024,RFNBO compliant,7.30,219.60
16/09/2024,SMR with CCS,2.50,75.80
16/09/2024,SMR without CCS,2.00,58.80
16/09/2024,Minimum RFNBO compliant,6.00,180.80
16/09/2024,Maximum RFNBO compliant,8.50,255.60
17/09/2024,Alcaline,5.70,171.70
17/09/2024,RFNBO compliant,7.10,212.80
17/09/2024,SMR with CCS,2.60,77.90
17/09/2024,SMR without CCS,2.00,60.50
17/09/2024,Minimum RFNBO compliant,5.10,152.30
17/09/2024,Maximum RFNBO compliant,9.00,270.30
18/09/2024,Alcaline,5.70,170.50
18/09/2024,RFNBO compliant,6.60,198.50
18/09/2024,SMR with CCS,2.60,77.60
18/09/2024,SMR without CCS,2.00,60.30
18/09/2024,Minimum RFNBO compliant,5.00,151.10
18/09/2024,Maximum RFNBO compliant,8.50,255.60
19/09/2024,Alcaline,5.50,165.00
19/09/2024,RFNBO compliant,7.50,226.20
19/09/2024,SMR with CCS,2.50,73.70
19/09/2024,SMR without CCS,1.90,57.00
19/09/2024,Minimum RFNBO compliant,6.00,179.60
19/09/2024,Maximum RFNBO compliant,8.40,251.10
20/09/2024,Alcaline,5.80,172.90
20/09/2024,RFNBO compliant,7.90,236.30
20/09/2024,SMR with CCS,2.60,76.90
20/09/2024,SMR without CCS,2.00,59.50
20/09/2024,Minimum RFNBO compliant,6.20,186.80
20/09/2024,Maximum RFNBO compliant,9.40,282.00
23/09/2024,Alcaline,5.80,174.10
23/09/2024,RFNBO compliant,7.80,235.50
23/09/2024,SMR with CCS,2.60,78.70
23/09/2024,SMR without CCS,2.00,61.20
23/09/2024,Minimum RFNBO compliant,6.60,198.20
23/09/2024,Maximum RFNBO compliant,9.40,283.20
24/09/2024,Alcaline,5.90,175.80
24/09/2024,RFNBO compliant,8.60,257.50
24/09/2024,SMR with CCS,2.60,78.80
24/09/2024,SMR without CCS,2.00,61.20
24/09/2024,Minimum RFNBO compliant,6.60,197.30
24/09/2024,Maximum RFNBO compliant,10.00,300.60
25/09/2024,Alcaline,6.00,179.20
25/09/2024,RFNBO compliant,8.00,240.50
25/09/2024,SMR with CCS,2.70,81.10
25/09/2024,SMR without CCS,2.10,63.10
25/09/2024,Minimum RFNBO compliant,6.50,195.50
25/09/2024,Maximum RFNBO compliant,8.80,264.60
26/09/2024,Alcaline,6.00,181.50
26/09/2024,RFNBO compliant,7.20,217.00
26/09/2024,SMR with CCS,2.70,82.00
26/09/2024,SMR without CCS,2.10,63.80
26/09/2024,Minimum RFNBO compliant,6.00,180.20
26/09/2024,Maximum RFNBO compliant,8.50,256.50
27/09/2024,Alcaline,6.10,182.10
27/09/2024,RFNBO compliant,6.00,180.50
27/09/2024,SMR with CCS,2.70,81.80
27/09/2024,SMR without CCS,2.10,63.70
27/09/2024,Minimum RFNBO compliant,4.80,143.80
27/09/2024,Maximum RFNBO compliant,7.20,215.90
30/09/2024,Alcaline,6.10,183.20
30/09/2024,RFNBO compliant,5.20,157.40
30/09/2024,SMR with CCS,2.80,83.30
30/09/2024,SMR without CCS,2.20,65.00
30/09/2024,Minimum RFNBO compliant,4.90,145.90
30/09/2024,Maximum RFNBO compliant,5.60,168.20
01/10/2024,Alcaline,6.80,204.20
01/10/2024,RFNBO compliant,6.40,192.50
01/10/2024,SMR with CCS,2.90,85.80
01/10/2024,SMR without CCS,2.20,66.30
01/10/2024,Minimum RFNBO compliant,4.70,139.60
01/10/2024,Maximum RFNBO compliant,8.40,253.20
02/10/2024,Alcaline,6.70,202.20
02/10/2024,RFNBO compliant,7.60,228.90
02/10/2024,SMR with CCS,2.80,84.50
02/10/2024,SMR without CCS,2.20,65.20
02/10/2024,Minimum RFNBO compliant,6.90,206.00
02/10/2024,Maximum RFNBO compliant,8.80,263.10
03/10/2024,Alcaline,6.70,201.10
03/10/2024,RFNBO compliant,8.30,249.80
03/10/2024,SMR with CCS,2.90,86.10
03/10/2024,SMR without CCS,2.20,66.60
03/10/2024,Minimum RFNBO compliant,8.00,239.60
03/10/2024,Maximum RFNBO compliant,8.50,255.60
04/10/2024,Alcaline,6.70,202.50
04/10/2024,RFNBO compliant,7.40,220.90
04/10/2024,SMR with CCS,2.90,87.60
04/10/2024,SMR without CCS,2.30,68.00
04/10/2024,Minimum RFNBO compliant,6.60,198.50
04/10/2024,Maximum RFNBO compliant,8.20,244.70
07/10/2024,Alcaline,6.80,203.30
07/10/2024,RFNBO compliant,8.60,258.30
07/10/2024,SMR with CCS,2.90,87.50
07/10/2024,SMR without CCS,2.30,67.80
07/10/2024,Minimum RFNBO compliant,7.80,233.30
07/10/2024,Maximum RFNBO compliant,9.20,275.70
08/10/2024,Alcaline,6.80,202.90
08/10/2024,RFNBO compliant,7.30,219.80
08/10/2024,SMR with CCS,2.80,84.90
08/10/2024,SMR without CCS,2.20,65.50
08/10/2024,Minimum RFNBO compliant,6.50,194.60
08/10/2024,Maximum RFNBO compliant,8.20,246.20
09/10/2024,Alcaline,6.70,202.50
09/10/2024,RFNBO compliant,6.80,204.40
09/10/2024,SMR with CCS,2.80,84.60
09/10/2024,SMR without CCS,2.20,65.20
09/10/2024,Minimum RFNBO compliant,5.20,156.80
09/10/2024,Maximum RFNBO compliant,8.50,255.60
10/10/2024,Alcaline,6.80,204.80
10/10/2024,RFNBO compliant,6.70,200.50
10/10/2024,SMR with CCS,2.90,86.90
10/10/2024,SMR without CCS,2.20,67.20
10/10/2024,Minimum RFNBO compliant,4.90,148.30
10/10/2024,Maximum RFNBO compliant,8.30,247.70
11/10/2024,Alcaline,6.90,206.20
11/10/2024,RFNBO compliant,7.10,214.60
11/10/2024,SMR with CCS,2.90,86.20
11/10/2024,SMR without CCS,2.20,66.50
11/10/2024,Minimum RFNBO compliant,6.30,188.90
11/10/2024,Maximum RFNBO compliant,7.80,233.90
14/10/2024,Alcaline,7.00,209.80
14/10/2024,RFNBO compliant,8.30,248.30
14/10/2024,SMR with CCS,2.90,87.60
14/10/2024,SMR without CCS,2.30,67.60
14/10/2024,Minimum RFNBO compliant,7.80,234.80
14/10/2024,Maximum RFNBO compliant,8.60,256.80
15/10/2024,Alcaline,6.90,207.70
15/10/2024,RFNBO compliant,9.00,271.00
15/10/2024,SMR with CCS,2.90,86.80
15/10/2024,SMR without CCS,2.20,67.00
15/10/2024,Minimum RFNBO compliant,8.00,239.60
15/10/2024,Maximum RFNBO compliant,9.40,282.60
16/10/2024,Alcaline,6.80,203.50
16/10/2024,RFNBO compliant,8.10,244.70
16/10/2024,SMR with CCS,2.90,85.80
16/10/2024,SMR without CCS,2.20,66.20
16/10/2024,Minimum RFNBO compliant,7.10,214.40
16/10/2024,Maximum RFNBO compliant,8.80,263.70
17/10/2024,Alcaline,6.80,205.30
17/10/2024,RFNBO compliant,6.10,183.90
17/10/2024,SMR with CCS,2.90,86.40
17/10/2024,SMR without CCS,2.20,66.70
17/10/2024,Minimum RFNBO compliant,5.50,165.20
17/10/2024,Maximum RFNBO compliant,6.40,191.30
18/10/2024,Alcaline,6.80,204.60
18/10/2024,RFNBO compliant,7.30,218.90
18/10/2024,SMR with CCS,2.90,85.70
18/10/2024,SMR without CCS,2.20,66.10
18/10/2024,Minimum RFNBO compliant,6.30,190.40
18/10/2024,Maximum RFNBO compliant,8.10,242.90
21/10/2024,Alcaline,6.80,205.20
21/10/2024,RFNBO compliant,8.00,239.50
21/10/2024,SMR with CCS,2.90,86.90
21/10/2024,SMR without CCS,2.20,67.20
21/10/2024,Minimum RFNBO compliant,6.40,191.60
21/10/2024,Maximum RFNBO compliant,9.40,280.80
22/10/2024,Alcaline,6.90,206.90
22/10/2024,RFNBO compliant,8.00,240.00
22/10/2024,SMR with CCS,2.90,88.30
22/10/2024,SMR without CCS,2.30,68.30
22/10/2024,Minimum RFNBO compliant,7.00,211.40
22/10/2024,Maximum RFNBO compliant,8.70,261.90
23/10/2024,Alcaline,7.10,214.10
23/10/2024,RFNBO compliant,8.40,251.80
23/10/2024,SMR with CCS,3.00,89.50
23/10/2024,SMR without CCS,2.30,69.10
23/10/2024,Minimum RFNBO compliant,7.90,236.90
23/10/2024,Maximum RFNBO compliant,9.00,270.00
24/10/2024,Alcaline,7.20,217.70
24/10/2024,RFNBO compliant,8.70,259.80
24/10/2024,SMR with CCS,3.00,91.00
24/10/2024,SMR without CCS,2.30,70.30
24/10/2024,Minimum RFNBO compliant,7.70,231.50
24/10/2024,Maximum RFNBO compliant,9.50,285.60
25/10/2024,Alcaline,7.30,219.30
25/10/2024,RFNBO compliant,8.00,240.50
25/10/2024,SMR with CCS,3.10,92.80
25/10/2024,SMR without CCS,2.40,71.90
25/10/2024,Minimum RFNBO compliant,6.90,206.60
25/10/2024,Maximum RFNBO compliant,9.10,273.00
28/10/2024,Alcaline,7.30,218.80
28/10/2024,RFNBO compliant,8.20,247.20
28/10/2024,SMR with CCS,3.00,91.50
28/10/2024,SMR without CCS,2.40,70.70
28/10/2024,Minimum RFNBO compliant,6.90,206.30
28/10/2024,Maximum RFNBO compliant,9.70,291.00
29/10/2024,Alcaline,7.50,223.90
29/10/2024,RFNBO compliant,8.30,249.80
29/10/2024,SMR with CCS,3.10,91.80
29/10/2024,SMR without CCS,2.40,70.80
29/10/2024,Minimum RFNBO compliant,7.60,229.10
29/10/2024,Maximum RFNBO compliant,9.20,275.10
30/10/2024,Alcaline,7.30,218.70
30/10/2024,RFNBO compliant,9.00,270.60
30/10/2024,SMR with CCS,3.00,89.20
30/10/2024,SMR without CCS,2.30,68.70
30/10/2024,Minimum RFNBO compliant,7.40,223.10
30/10/2024,Maximum RFNBO compliant,10.70,321.00
31/10/2024,Alcaline,7.20,217.40
31/10/2024,RFNBO compliant,8.80,263.00
31/10/2024,SMR with CCS,2.90,87.80
31/10/2024,SMR without CCS,2.20,67.40
31/10/2024,Minimum RFNBO compliant,7.60,228.80
31/10/2024,Maximum RFNBO compliant,10.10,301.80
01/11/2024,Alcaline,6.90,208.10
01/11/2024,RFNBO compliant,8.90,267.00
01/11/2024,SMR with CCS,2.80,85.40
01/11/2024,SMR without CCS,2.20,65.70
01/11/2024,Minimum RFNBO compliant,8.30,249.20
01/11/2024,Maximum RFNBO compliant,9.10,274.20
04/11/2024,Alcaline,7.00,210.50
04/11/2024,RFNBO compliant,8.20,246.70
04/11/2024,SMR with CCS,2.90,87.70
04/11/2024,SMR without CCS,2.30,67.60
04/11/2024,Minimum RFNBO compliant,7.70,231.80
04/11/2024,Maximum RFNBO compliant,8.90,268.50
05/11/2024,Alcaline,7.00,211.30
05/11/2024,RFNBO compliant,9.50,284.10
05/11/2024,SMR with CCS,2.90,87.70
05/11/2024,SMR without CCS,2.30,67.70
05/11/2024,Minimum RFNBO compliant,8.70,259.80
05/11/2024,Maximum RFNBO compliant,10.30,308.10
06/11/2024,Alcaline,7.00,210.30
06/11/2024,RFNBO compliant,10.40,312.20
06/11/2024,SMR with CCS,2.90,88.20
06/11/2024,SMR without CCS,2.30,68.10
06/11/2024,Minimum RFNBO compliant,9.00,271.50
06/11/2024,Maximum RFNBO compliant,11.70,350.20
07/11/2024,Alcaline,7.20,217.20
07/11/2024,RFNBO compliant,11.20,337.80
07/11/2024,SMR with CCS,3.00,89.60
07/11/2024,SMR without CCS,2.30,69.00
07/11/2024,Minimum RFNBO compliant,9.10,272.70
07/11/2024,Maximum RFNBO compliant,14.20,425.50
08/11/2024,Alcaline,7.40,223.40
08/11/2024,RFNBO compliant,10.10,303.80
08/11/2024,SMR with CCS,3.00,91.20
08/11/2024,SMR without CCS,2.30,70.20
08/11/2024,Minimum RFNBO compliant,8.70,262.20
08/11/2024,Maximum RFNBO compliant,11.60,348.60
11/11/2024,Alcaline,7.40,221.70
11/11/2024,RFNBO compliant,9.40,280.90
11/11/2024,SMR with CCS,3.10,93.90
11/11/2024,SMR without CCS,2.40,72.70
11/11/2024,Minimum RFNBO compliant,8.80,265.20
11/11/2024,Maximum RFNBO compliant,10.00,299.10
12/11/2024,Alcaline,7.50,225.70
12/11/2024,RFNBO compliant,8.60,256.80
12/11/2024,SMR with CCS,3.10,94.00
12/11/2024,SMR without CCS,2.40,72.70
12/11/2024,Minimum RFNBO compliant,7.60,226.70
12/11/2024,Maximum RFNBO compliant,9.60,288.60
13/11/2024,Alcaline,7.40,221.20
13/11/2024,RFNBO compliant,9.20,276.30
13/11/2024,SMR with CCS,3.10,93.80
13/11/2024,SMR without CCS,2.40,72.60
13/11/2024,Minimum RFNBO compliant,6.80,203.00
13/11/2024,Maximum RFNBO compliant,11.70,351.40
14/11/2024,Alcaline,7.80,233.70
14/11/2024,RFNBO compliant,9.80,294.30
14/11/2024,SMR with CCS,3.30,98.00
14/11/2024,SMR without CCS,2.50,75.90
14/11/2024,Minimum RFNBO compliant,8.90,268.20
14/11/2024,Maximum RFNBO compliant,10.80,325.50
15/11/2024,Alcaline,8.00,240.50
15/11/2024,RFNBO compliant,9.50,285.20
15/11/2024,SMR with CCS,3.30,98.20
15/11/2024,SMR without CCS,2.50,75.80
15/11/2024,Minimum RFNBO compliant,9.20,276.90
15/11/2024,Maximum RFNBO compliant,9.70,292.50
18/11/2024,Alcaline,8.10,243.50
18/11/2024,RFNBO compliant,9.70,291.00
18/11/2024,SMR with CCS,3.30,99.60
18/11/2024,SMR without CCS,2.60,76.90
18/11/2024,Minimum RFNBO compliant,9.20,277.50
18/11/2024,Maximum RFNBO compliant,10.10,303.60
19/11/2024,Alcaline,8.00,239.40
19/11/2024,RFNBO compliant,9.40,281.20
19/11/2024,SMR with CCS,3.30,97.70
19/11/2024,SMR without CCS,2.50,75.40
19/11/2024,Minimum RFNBO compliant,8.60,257.40
19/11/2024,Maximum RFNBO compliant,10.90,327.60
20/11/2024,Alcaline,7.90,236.00
20/11/2024,RFNBO compliant,9.30,278.00
20/11/2024,SMR with CCS,3.30,99.10
20/11/2024,SMR without CCS,2.60,76.80
20/11/2024,Minimum RFNBO compliant,7.30,218.30
20/11/2024,Maximum RFNBO compliant,10.50,313.80
21/11/2024,Alcaline,8.00,240.40
21/11/2024,RFNBO compliant,8.80,265.50
21/11/2024,SMR with CCS,3.40,102.00
21/11/2024,SMR without CCS,2.60,79.20
21/11/2024,Minimum RFNBO compliant,8.10,243.80
21/11/2024,Maximum RFNBO compliant,9.50,285.90
22/11/2024,Alcaline,7.90,237.40
22/11/2024,RFNBO compliant,8.70,262.00
22/11/2024,SMR with CCS,3.30,99.50
22/11/2024,SMR without CCS,2.60,77.10
22/11/2024,Minimum RFNBO compliant,7.10,212.60
22/11/2024,Maximum RFNBO compliant,9.70,291.30
25/11/2024,Alcaline,8.00,241.40
25/11/2024,RFNBO compliant,9.00,270.50
25/11/2024,SMR with CCS,3.40,101.20
25/11/2024,SMR without CCS,2.60,78.50
25/11/2024,Minimum RFNBO compliant,8.40,252.00
25/11/2024,Maximum RFNBO compliant,9.50,286.50
26/11/2024,Alcaline,7.80,235.50
26/11/2024,RFNBO compliant,7.40,221.30
26/11/2024,SMR with CCS,3.30,99.30
26/11/2024,SMR without CCS,2.60,77.00
26/11/2024,Minimum RFNBO compliant,6.90,205.70
26/11/2024,Maximum RFNBO compliant,7.70,231.50
27/11/2024,Alcaline,7.80,233.10
27/11/2024,RFNBO compliant,9.50,285.90
27/11/2024,SMR with CCS,3.30,98.50
27/11/2024,SMR without CCS,2.50,76.40
27/11/2024,Minimum RFNBO compliant,8.80,263.40
27/11/2024,Maximum RFNBO compliant,11.10,333.30
28/11/2024,Alcaline,7.70,231.50
28/11/2024,RFNBO compliant,9.20,274.80
28/11/2024,SMR with CCS,3.30,98.20
28/11/2024,SMR without CCS,2.50,76.20
28/11/2024,Minimum RFNBO compliant,7.20,217.40
28/11/2024,Maximum RFNBO compliant,10.80,323.70
29/11/2024,Alcaline,7.50,225.30
29/11/2024,RFNBO compliant,9.20,276.80
29/11/2024,SMR with CCS,3.30,98.90
29/11/2024,SMR without CCS,2.60,77.10
29/11/2024,Minimum RFNBO compliant,8.70,260.70
29/11/2024,Maximum RFNBO compliant,10.60,316.80
02/12/2024,Alcaline,8.40,251.20
02/12/2024,RFNBO compliant,9.60,289.10
02/12/2024,SMR with CCS,3.40,102.50
02/12/2024,SMR without CCS,2.60,79.20
02/12/2024,Minimum RFNBO compliant,8.60,259.50
02/12/2024,Maximum RFNBO compliant,10.20,306.60
03/12/2024,Alcaline,8.40,251.50
03/12/2024,RFNBO compliant,9.40,282.30
03/12/2024,SMR with CCS,3.40,102.50
03/12/2024,SMR without CCS,2.60,79.20
03/12/2024,Minimum RFNBO compliant,8.40,252.00
03/12/2024,Maximum RFNBO compliant,11.20,336.00
04/12/2024,Alcaline,8.30,250.70
04/12/2024,RFNBO compliant,10.40,311.00
04/12/2024,SMR with CCS,3.30,100.40
04/12/2024,SMR without CCS,2.60,77.40
04/12/2024,Minimum RFNBO compliant,10.00,300.60
04/12/2024,Maximum RFNBO compliant,10.90,326.10
05/12/2024,Alcaline,8.30,250.50
05/12/2024,RFNBO compliant,11.00,329.30
05/12/2024,SMR with CCS,3.30,99.50
05/12/2024,SMR without CCS,2.50,76.50
05/12/2024,Minimum RFNBO compliant,9.90,298.20
05/12/2024,Maximum RFNBO compliant,12.20,365.50
06/12/2024,Alcaline,8.10,244.70
06/12/2024,RFNBO compliant,9.00,271.70
06/12/2024,SMR with CCS,3.30,98.80
06/12/2024,SMR without CCS,2.50,76.20
06/12/2024,Minimum RFNBO compliant,8.10,243.80
06/12/2024,Maximum RFNBO compliant,10.40,312.00
09/12/2024,Alcaline,7.90,238.00
09/12/2024,RFNBO compliant,8.30,250.30
09/12/2024,SMR with CCS,3.20,96.30
09/12/2024,SMR without CCS,2.50,74.20
09/12/2024,Minimum RFNBO compliant,7.50,224.00
09/12/2024,Maximum RFNBO compliant,9.50,284.10
10/12/2024,Alcaline,8.00,239.50
10/12/2024,RFNBO compliant,7.80,234.40
10/12/2024,SMR with CCS,3.20,97.50
10/12/2024,SMR without CCS,2.50,75.20
10/12/2024,Minimum RFNBO compliant,6.80,203.90
10/12/2024,Maximum RFNBO compliant,8.60,257.10
11/12/2024,Alcaline,8.00,240.00
11/12/2024,RFNBO compliant,9.60,289.30
11/12/2024,SMR with CCS,3.20,96.40
11/12/2024,SMR without CCS,2.50,74.20
11/12/2024,Minimum RFNBO compliant,9.10,272.70
11/12/2024,Maximum RFNBO compliant,10.40,312.90
12/12/2024,Alcaline,7.70,230.80
12/12/2024,RFNBO compliant,12.50,374.50
12/12/2024,SMR with CCS,3.10,92.80
12/12/2024,SMR without CCS,2.40,71.30
12/12/2024,Minimum RFNBO compliant,10.60,318.30
12/12/2024,Maximum RFNBO compliant,14.80,443.20
13/12/2024,Alcaline,7.50,225.90
13/12/2024,RFNBO compliant,12.80,385.40
13/12/2024,SMR with CCS,3.00,90.30
13/12/2024,SMR without CCS,2.30,69.20
13/12/2024,Minimum RFNBO compliant,11.00,330.30
13/12/2024,Maximum RFNBO compliant,14.80,443.20
16/12/2024,Alcaline,7.30,218.00
16/12/2024,RFNBO compliant,11.60,347.40
16/12/2024,SMR with CCS,2.90,87.90
16/12/2024,SMR without CCS,2.20,67.40
16/12/2024,Minimum RFNBO compliant,11.30,338.40
16/12/2024,Maximum RFNBO compliant,12.10,364.00
17/12/2024,Alcaline,7.50,223.90
17/12/2024,RFNBO compliant,7.90,236.00
17/12/2024,SMR with CCS,3.00,91.00
17/12/2024,SMR without CCS,2.30,69.90
17/12/2024,Minimum RFNBO compliant,7.00,211.10
17/12/2024,Maximum RFNBO compliant,9.90,296.10
18/12/2024,Alcaline,7.40,223.40
18/12/2024,RFNBO compliant,8.60,258.60
18/12/2024,SMR with CCS,3.00,89.70
18/12/2024,SMR without CCS,2.30,68.80
18/12/2024,Minimum RFNBO compliant,8.10,241.70
18/12/2024,Maximum RFNBO compliant,9.90,297.30
19/12/2024,Alcaline,7.70,231.50
19/12/2024,RFNBO compliant,7.50,224.20
19/12/2024,SMR with CCS,3.10,93.60
19/12/2024,SMR without CCS,2.40,72.00
19/12/2024,Minimum RFNBO compliant,6.30,189.20
19/12/2024,Maximum RFNBO compliant,9.40,281.70
20/12/2024,Alcaline,7.90,236.80
20/12/2024,RFNBO compliant,6.90,208.60
20/12/2024,SMR with CCS,3.20,94.60
20/12/2024,SMR without CCS,2.40,72.70
20/12/2024,Minimum RFNBO compliant,6.30,188.30
20/12/2024,Maximum RFNBO compliant,7.40,221.30
23/12/2024,Alcaline,8.10,244.50
23/12/2024,RFNBO compliant,8.10,242.90
23/12/2024,SMR with CCS,3.30,97.90
23/12/2024,SMR without CCS,2.50,75.30
23/12/2024,Minimum RFNBO compliant,7.40,221.60
23/12/2024,Maximum RFNBO compliant,9.30,280.20
24/12/2024,Alcaline,8.10,244.50
24/12/2024,RFNBO compliant,6.80,203.70
24/12/2024,SMR with CCS,3.30,98.00
24/12/2024,SMR without CCS,2.50,75.40
24/12/2024,Minimum RFNBO compliant,5.90,175.70
24/12/2024,Maximum RFNBO compliant,7.30,218.90
27/12/2024,Alcaline,8.70,259.80
27/12/2024,RFNBO compliant,8.40,253.30
27/12/2024,SMR with CCS,3.40,101.60
27/12/2024,SMR without CCS,2.60,78.00
27/12/2024,Minimum RFNBO compliant,7.30,218.90
27/12/2024,Maximum RFNBO compliant,9.20,275.40
30/12/2024,Alcaline,8.30,249.00
30/12/2024,RFNBO compliant,9.90,297.00
30/12/2024,SMR with CCS,3.40,101.40
30/12/2024,SMR without CCS,2.60,78.20
30/12/2024,Minimum RFNBO compliant,9.20,276.00
30/12/2024,Maximum RFNBO compliant,10.60,318.60
31/12/2024,Alcaline,8.30,249.00
31/12/2024,RFNBO compliant,9.10,272.30
31/12/2024,SMR with CCS,3.40,102.60
31/12/2024,SMR without CCS,2.60,79.40
31/12/2024,Minimum RFNBO compliant,8.10,244.40
31/12/2024,Maximum RFNBO compliant,11.10,334.50
02/01/2025,Alcaline,8.30,248.40
02/01/2025,RFNBO compliant,8.30,250.60
02/01/2025,SMR with CCS,3.50,104.80
02/01/2025,SMR without CCS,2.70,81.40
02/01/2025,Minimum RFNBO compliant,7.30,219.50
02/01/2025,Maximum RFNBO compliant,10.90,328.50
03/01/2025,Alcaline,8.30,250.40
03/01/2025,RFNBO compliant,9.30,280.30
03/01/2025,SMR with CCS,3.50,104.30
03/01/2025,SMR without CCS,2.70,80.90
03/01/2025,Minimum RFNBO compliant,8.40,252.30
03/01/2025,Maximum RFNBO compliant,10.50,313.80
06/01/2025,Alcaline,8.00,241.20
06/01/2025,RFNBO compliant,9.00,271.20
06/01/2025,SMR with CCS,3.30,99.90
06/01/2025,SMR without CCS,2.60,77.30
06/01/2025,Minimum RFNBO compliant,8.40,253.50
06/01/2025,Maximum RFNBO compliant,9.60,286.80
07/01/2025,Alcaline,7.90,237.10
07/01/2025,RFNBO compliant,6.10,182.20
07/01/2025,SMR with CCS,3.30,100.50
07/01/2025,SMR without CCS,2.60,78.10
07/01/2025,Minimum RFNBO compliant,5.40,160.70
07/01/2025,Maximum RFNBO compliant,6.90,207.20
08/01/2025,Alcaline,7.60,229.20
08/01/2025,RFNBO compliant,7.40,223.40
08/01/2025,SMR with CCS,3.20,97.00
08/01/2025,SMR without CCS,2.50,75.20
08/01/2025,Minimum RFNBO compliant,7.00,209.30
08/01/2025,Maximum RFNBO compliant,7.90,237.50
09/01/2025,Alcaline,7.40,222.00
09/01/2025,RFNBO compliant,8.60,259.50
09/01/2025,SMR with CCS,3.20,96.00
09/01/2025,SMR without CCS,2.50,74.60
09/01/2025,Minimum RFNBO compliant,8.30,248.30
09/01/2025,Maximum RFNBO compliant,9.00,270.90
10/01/2025,Alcaline,7.40,221.10
10/01/2025,RFNBO compliant,8.60,257.90
10/01/2025,SMR with CCS,3.20,96.70
10/01/2025,SMR without CCS,2.50,75.20
10/01/2025,Minimum RFNBO compliant,7.60,226.70
10/01/2025,Maximum RFNBO compliant,9.90,296.70
13/01/2025,Alcaline,7.60,229.40
13/01/2025,RFNBO compliant,9.10,273.10
13/01/2025,SMR with CCS,3.40,101.70
13/01/2025,SMR without CCS,2.60,79.30
13/01/2025,Minimum RFNBO compliant,8.90,267.60
13/01/2025,Maximum RFNBO compliant,9.30,279.00
14/01/2025,Alcaline,7.70,231.10
14/01/2025,RFNBO compliant,9.60,288.60
14/01/2025,SMR with CCS,3.30,99.60
14/01/2025,SMR without CCS,2.60,77.40
14/01/2025,Minimum RFNBO compliant,9.20,274.80
14/01/2025,Maximum RFNBO compliant,9.90,295.80
15/01/2025,Alcaline,7.80,235.20
15/01/2025,RFNBO compliant,9.80,294.40
15/01/2025,SMR with CCS,3.30,99.70
15/01/2025,SMR without CCS,2.60,77.30
15/01/2025,Minimum RFNBO compliant,9.30,278.70
15/01/2025,Maximum RFNBO compliant,10.70,321.90
16/01/2025,Alcaline,7.60,228.50
16/01/2025,RFNBO compliant,11.90,357.10
16/01/2025,SMR with CCS,3.30,98.20
16/01/2025,SMR without CCS,2.50,76.30
16/01/2025,Minimum RFNBO compliant,10.60,316.80
16/01/2025,Maximum RFNBO compliant,13.70,411.40
17/01/2025,Alcaline,7.70,232.00
17/01/2025,RFNBO compliant,10.30,309.40
17/01/2025,SMR with CCS,3.30,99.70
17/01/2025,SMR without CCS,2.60,77.50
17/01/2025,Minimum RFNBO compliant,9.80,294.00
17/01/2025,Maximum RFNBO compliant,10.70,320.10
20/01/2025,Alcaline,7.90,236.40
20/01/2025,RFNBO compliant,10.40,312.50
20/01/2025,SMR with CCS,3.40,100.70
20/01/2025,SMR without CCS,2.60,78.30
20/01/2025,Minimum RFNBO compliant,10.00,299.40
20/01/2025,Maximum RFNBO compliant,10.70,320.70
21/01/2025,Alcaline,8.00,240.90
21/01/2025,RFNBO compliant,12.60,377.30
21/01/2025,SMR with CCS,3.50,104.00
21/01/2025,SMR without CCS,2.70,81.00
21/01/2025,Minimum RFNBO compliant,11.20,336.90
21/01/2025,Maximum RFNBO compliant,14.00,418.90
22/01/2025,Alcaline,7.90,237.70
22/01/2025,RFNBO compliant,10.90,327.20
22/01/2025,SMR with CCS,3.40,102.10
22/01/2025,SMR without CCS,2.60,79.50
22/01/2025,Minimum RFNBO compliant,10.50,315.30
22/01/2025,Maximum RFNBO compliant,11.40,340.80
23/01/2025,Alcaline,8.10,242.70
23/01/2025,RFNBO compliant,10.60,319.40
23/01/2025,SMR with CCS,3.40,102.80
23/01/2025,SMR without CCS,2.70,79.90
23/01/2025,Minimum RFNBO compliant,10.00,299.10
23/01/2025,Maximum RFNBO compliant,11.40,342.00
24/01/2025,Alcaline,8.30,248.70
24/01/2025,RFNBO compliant,9.20,275.90
24/01/2025,SMR with CCS,3.50,104.00
24/01/2025,SMR without CCS,2.70,80.70
24/01/2025,Minimum RFNBO compliant,8.30,249.50
24/01/2025,Maximum RFNBO compliant,10.80,324.60
27/01/2025,Alcaline,8.00,241.10
27/01/2025,RFNBO compliant,7.70,231.40
27/01/2025,SMR with CCS,3.40,100.90
27/01/2025,SMR without CCS,2.60,78.30
27/01/2025,Minimum RFNBO compliant,7.00,209.30
27/01/2025,Maximum RFNBO compliant,8.30,249.80
28/01/2025,Alcaline,8.10,242.30
28/01/2025,RFNBO compliant,5.90,177.60
28/01/2025,SMR with CCS,3.40,101.80
28/01/2025,SMR without CCS,2.60,79.00
28/01/2025,Minimum RFNBO compliant,4.70,139.60
28/01/2025,Maximum RFNBO compliant,7.10,213.50
29/01/2025,Alcaline,8.70,261.30
29/01/2025,RFNBO compliant,6.60,199.40
29/01/2025,SMR with CCS,3.60,107.30
29/01/2025,SMR without CCS,2.80,83.10
29/01/2025,Minimum RFNBO compliant,4.50,133.90
29/01/2025,Maximum RFNBO compliant,8.90,267.00
30/01/2025,Alcaline,8.80,263.60
30/01/2025,RFNBO compliant,7.70,231.70
30/01/2025,SMR with CCS,3.60,108.10
30/01/2025,SMR without CCS,2.80,83.80
30/01/2025,Minimum RFNBO compliant,6.10,183.50
30/01/2025,Maximum RFNBO compliant,9.00,270.30
31/01/2025,Alcaline,9.00,269.90
31/01/2025,RFNBO compliant,8.50,256.60
31/01/2025,SMR with CCS,3.70,110.40
31/01/2025,SMR without CCS,2.80,85.50
31/01/2025,Minimum RFNBO compliant,5.80,173.00
31/01/2025,Maximum RFNBO compliant,10.00,298.80
03/02/2025,Alcaline,7.40,221.20
03/02/2025,RFNBO compliant,9.70,290.10
03/02/2025,SMR with CCS,3.60,108.60
03/02/2025,SMR without CCS,2.90,86.00
03/02/2025,Minimum RFNBO compliant,8.50,255.90
03/02/2025,Maximum RFNBO compliant,10.50,314.70
04/02/2025,Alcaline,7.20,215.30
04/02/2025,RFNBO compliant,10.60,318.70
04/02/2025,SMR with CCS,3.50,105.60
04/02/2025,SMR without CCS,2.80,83.50
04/02/2025,Minimum RFNBO compliant,10.10,304.50
04/02/2025,Maximum RFNBO compliant,11.10,334.50
05/02/2025,Alcaline,7.30,218.30
05/02/2025,RFNBO compliant,10.20,306.80
05/02/2025,SMR with CCS,3.60,107.70
05/02/2025,SMR without CCS,2.80,85.40
05/02/2025,Minimum RFNBO compliant,9.70,292.20
05/02/2025,Maximum RFNBO compliant,11.10,333.30
06/02/2025,Alcaline,7.40,222.00
06/02/2025,RFNBO compliant,10.10,302.70
06/02/2025,SMR with CCS,3.60,109.40
06/02/2025,SMR without CCS,2.90,86.70
06/02/2025,Minimum RFNBO compliant,9.70,291.60
06/02/2025,Maximum RFNBO compliant,10.50,313.80
07/02/2025,Alcaline,7.40,223.60
07/02/2025,RFNBO compliant,10.40,311.20
07/02/2025,SMR with CCS,3.70,111.40
07/02/2025,SMR without CCS,2.90,88.40
07/02/2025,Minimum RFNBO compliant,9.50,286.50
07/02/2025,Maximum RFNBO compliant,10.90,328.50
10/02/2025,Alcaline,7.70,230.10
10/02/2025,RFNBO compliant,9.20,276.40
10/02/2025,SMR with CCS,3.80,115.50
10/02/2025,SMR without CCS,3.10,91.90
10/02/2025,Minimum RFNBO compliant,9.00,270.30
10/02/2025,Maximum RFNBO compliant,9.60,287.40
11/02/2025,Alcaline,7.50,226.70
11/02/2025,RFNBO compliant,9.80,292.90
11/02/2025,SMR with CCS,3.80,113.80
11/02/2025,SMR without CCS,3.00,90.50
11/02/2025,Minimum RFNBO compliant,9.20,277.50
11/02/2025,Maximum RFNBO compliant,10.60,316.80
12/02/2025,Alcaline,7.40,221.50
12/02/2025,RFNBO compliant,9.80,294.10
12/02/2025,SMR with CCS,3.70,111.00
12/02/2025,SMR without CCS,2.90,88.20
12/02/2025,Minimum RFNBO compliant,8.80,265.20
12/02/2025,Maximum RFNBO compliant,11.00,328.80
13/02/2025,Alcaline,7.00,211.60
13/02/2025,RFNBO compliant,10.30,310.70
13/02/2025,SMR with CCS,3.50,104.20
13/02/2025,SMR without CCS,2.70,82.50
13/02/2025,Minimum RFNBO compliant,9.70,289.80
13/02/2025,Maximum RFNBO compliant,10.70,321.30
14/02/2025,Alcaline,7.10,214.60
14/02/2025,RFNBO compliant,10.80,324.90
14/02/2025,SMR with CCS,3.40,103.50
14/02/2025,SMR without CCS,2.70,81.80
14/02/2025,Minimum RFNBO compliant,10.20,306.90
14/02/2025,Maximum RFNBO compliant,11.70,349.80
17/02/2025,Alcaline,6.70,200.60
17/02/2025,RFNBO compliant,10.90,326.40
17/02/2025,SMR with CCS,3.30,98.80
17/02/2025,SMR without CCS,2.60,78.10
17/02/2025,Minimum RFNBO compliant,9.90,296.40
17/02/2025,Maximum RFNBO compliant,12.20,367.30
18/02/2025,Alcaline,6.50,195.60
18/02/2025,RFNBO compliant,10.60,318.70
18/02/2025,SMR with CCS,3.30,100.50
18/02/2025,SMR without CCS,2.70,79.80
18/02/2025,Minimum RFNBO compliant,9.90,296.40
18/02/2025,Maximum RFNBO compliant,11.10,333.00
19/02/2025,Alcaline,6.40,193.20
19/02/2025,RFNBO compliant,9.20,276.70
19/02/2025,SMR with CCS,3.30,97.60
19/02/2025,SMR without CCS,2.60,77.30
19/02/2025,Minimum RFNBO compliant,7.90,237.50
19/02/2025,Maximum RFNBO compliant,10.00,301.50
20/02/2025,Alcaline,6.30,190.40
20/02/2025,RFNBO compliant,9.20,275.30
20/02/2025,SMR with CCS,3.20,97.30
20/02/2025,SMR without CCS,2.60,77.20
20/02/2025,Minimum RFNBO compliant,8.70,262.20
20/02/2025,Maximum RFNBO compliant,10.20,306.60
21/02/2025,Alcaline,6.40,192.30
21/02/2025,RFNBO compliant,8.30,248.30
21/02/2025,SMR with CCS,3.20,96.00
21/02/2025,SMR without CCS,2.50,75.90
21/02/2025,Minimum RFNBO compliant,8.00,240.20
21/02/2025,Maximum RFNBO compliant,8.40,253.50
24/02/2025,Alcaline,6.50,195.60
24/02/2025,RFNBO compliant,7.20,215.70
24/02/2025,SMR with CCS,3.20,97.10
24/02/2025,SMR without CCS,2.60,76.80
24/02/2025,Minimum RFNBO compliant,6.10,183.80
24/02/2025,Maximum RFNBO compliant,8.10,243.50
25/02/2025,Alcaline,6.50,196.20
25/02/2025,RFNBO compliant,7.80,233.00
25/02/2025,SMR with CCS,3.10,92.10
25/02/2025,SMR without CCS,2.40,72.20
25/02/2025,Minimum RFNBO compliant,7.50,225.80
25/02/2025,Maximum RFNBO compliant,8.10,243.50
26/02/2025,Alcaline,6.40,192.90
26/02/2025,RFNBO compliant,9.30,278.30
26/02/2025,SMR with CCS,2.90,88.10
26/02/2025,SMR without CCS,2.30,68.70
26/02/2025,Minimum RFNBO compliant,8.20,245.90
26/02/2025,Maximum RFNBO compliant,10.60,317.10
27/02/2025,Alcaline,6.50,195.50
27/02/2025,RFNBO compliant,9.30,279.10
27/02/2025,SMR with CCS,3.10,94.00
27/02/2025,SMR without CCS,2.50,74.00
27/02/2025,Minimum RFNBO compliant,7.90,238.10
27/02/2025,Maximum RFNBO compliant,10.60,317.70
28/02/2025,Alcaline,6.60,198.30
28/02/2025,RFNBO compliant,9.60,287.10
28/02/2025,SMR with CCS,3.10,93.40
28/02/2025,SMR without CCS,2.40,73.30
28/02/2025,Minimum RFNBO compliant,8.70,260.70
28/02/2025,Maximum RFNBO compliant,10.20,305.10
03/03/2025,Alcaline,5.70,170.20
03/03/2025,RFNBO compliant,9.40,282.70
03/03/2025,SMR with CCS,3.10,92.90
03/03/2025,SMR without CCS,2.50,74.00
03/03/2025,Minimum RFNBO compliant,8.50,255.90
03/03/2025,Maximum RFNBO compliant,10.30,308.10
04/03/2025,Alcaline,5.10,154.20
04/03/2025,RFNBO compliant,8.70,262.60
04/03/2025,SMR with CCS,3.00,89.40
04/03/2025,SMR without CCS,2.40,71.60
04/03/2025,Minimum RFNBO compliant,8.60,257.10
04/03/2025,Maximum RFNBO compliant,8.90,267.60
05/03/2025,Alcaline,5.10,153.80
05/03/2025,RFNBO compliant,8.70,260.70
05/03/2025,SMR with CCS,2.90,85.60
05/03/2025,SMR without CCS,2.30,68.20
05/03/2025,Minimum RFNBO compliant,8.50,254.70
05/03/2025,Maximum RFNBO compliant,8.90,268.20
06/03/2025,Alcaline,4.80,144.60
06/03/2025,RFNBO compliant,7.70,231.50
06/03/2025,SMR with CCS,2.70,79.90
06/03/2025,SMR without CCS,2.10,63.50
06/03/2025,Minimum RFNBO compliant,7.60,227.30
06/03/2025,Maximum RFNBO compliant,7.90,238.10
07/03/2025,Alcaline,5.00,150.50
07/03/2025,RFNBO compliant,7.70,231.90
07/03/2025,SMR with CCS,2.80,83.00
07/03/2025,SMR without CCS,2.20,66.00
07/03/2025,Minimum RFNBO compliant,6.80,205.10
07/03/2025,Maximum RFNBO compliant,8.30,249.20
10/03/2025,Alcaline,5.00,150.70
10/03/2025,RFNBO compliant,7.60,226.90
10/03/2025,SMR with CCS,2.80,85.30
10/03/2025,SMR without CCS,2.30,68.20
10/03/2025,Minimum RFNBO compliant,6.20,186.20
10/03/2025,Maximum RFNBO compliant,9.10,274.20
11/03/2025,Alcaline,5.10,152.60
11/03/2025,RFNBO compliant,8.80,265.00
11/03/2025,SMR with CCS,2.90,88.20
11/03/2025,SMR without CCS,2.40,70.70
11/03/2025,Minimum RFNBO compliant,8.10,242.60
11/03/2025,Maximum RFNBO compliant,9.60,289.20
12/03/2025,Alcaline,5.00,151.00
12/03/2025,RFNBO compliant,9.10,271.80
12/03/2025,SMR with CCS,2.90,86.60
12/03/2025,SMR without CCS,2.30,69.30
12/03/2025,Minimum RFNBO compliant,8.30,248.90
12/03/2025,Maximum RFNBO compliant,10.00,301.20
13/03/2025,Alcaline,5.20,155.30
13/03/2025,RFNBO compliant,9.20,276.60
13/03/2025,SMR with CCS,2.80,84.90
13/03/2025,SMR without CCS,2.30,67.60
13/03/2025,Minimum RFNBO compliant,8.50,254.10
13/03/2025,Maximum RFNBO compliant,10.20,305.70
14/03/2025,Alcaline,5.30,158.50
14/03/2025,RFNBO compliant,9.50,285.10
14/03/2025,SMR with CCS,2.90,87.30
14/03/2025,SMR without CCS,2.30,69.60
14/03/2025,Minimum RFNBO compliant,9.10,273.30
14/03/2025,Maximum RFNBO compliant,10.00,300.30
17/03/2025,Alcaline,5.30,157.90
17/03/2025,RFNBO compliant,8.70,260.70
17/03/2025,SMR with CCS,2.90,86.10
17/03/2025,SMR without CCS,2.30,68.50
17/03/2025,Minimum RFNBO compliant,6.80,203.60
17/03/2025,Maximum RFNBO compliant,9.90,296.70
18/03/2025,Alcaline,5.30,158.50
18/03/2025,RFNBO compliant,8.30,250.50
18/03/2025,SMR with CCS,2.80,84.90
18/03/2025,SMR without CCS,2.20,67.40
18/03/2025,Minimum RFNBO compliant,7.70,230.30
18/03/2025,Maximum RFNBO compliant,8.80,264.00
19/03/2025,Alcaline,5.40,161.60
19/03/2025,RFNBO compliant,7.60,226.90
19/03/2025,SMR with CCS,3.00,89.10
19/03/2025,SMR without CCS,2.40,71.10
19/03/2025,Minimum RFNBO compliant,6.80,202.70
19/03/2025,Maximum RFNBO compliant,8.60,258.00
20/03/2025,Alcaline,5.40,161.70
20/03/2025,RFNBO compliant,7.50,224.30
20/03/2025,SMR with CCS,2.90,88.20
20/03/2025,SMR without CCS,2.30,70.30
20/03/2025,Minimum RFNBO compliant,5.20,157.40
20/03/2025,Maximum RFNBO compliant,9.20,276.30
21/03/2025,Alcaline,5.30,159.30
21/03/2025,RFNBO compliant,7.20,216.80
21/03/2025,SMR with CCS,2.90,87.60
21/03/2025,SMR without CCS,2.30,69.90
21/03/2025,Minimum RFNBO compliant,4.70,142.00
21/03/2025,Maximum RFNBO compliant,9.40,280.80
24/03/2025,Alcaline,5.20,157.50
24/03/2025,RFNBO compliant,6.20,185.50
24/03/2025,SMR with CCS,2.90,87.70
24/03/2025,SMR without CCS,2.30,70.00
24/03/2025,Minimum RFNBO compliant,4.30,127.60
24/03/2025,Maximum RFNBO compliant,7.70,230.90
25/03/2025,Alcaline,5.20,155.00
25/03/2025,RFNBO compliant,8.70,259.90
25/03/2025,SMR with CCS,2.90,85.90
25/03/2025,SMR without CCS,2.30,68.40
25/03/2025,Minimum RFNBO compliant,6.20,186.50
25/03/2025,Maximum RFNBO compliant,10.30,310.50
26/03/2025,Alcaline,5.10,153.20
26/03/2025,RFNBO compliant,8.10,242.70
26/03/2025,SMR with CCS,2.80,85.00
26/03/2025,SMR without CCS,2.30,67.70
26/03/2025,Minimum RFNBO compliant,6.10,183.80
26/03/2025,Maximum RFNBO compliant,9.20,276.60
27/03/2025,Alcaline,5.10,152.10
27/03/2025,RFNBO compliant,8.20,245.90
27/03/2025,SMR with CCS,2.80,85.50
27/03/2025,SMR without CCS,2.30,68.20
27/03/2025,Minimum RFNBO compliant,5.80,174.50
27/03/2025,Maximum RFNBO compliant,9.60,286.80
28/03/2025,Alcaline,5.00,150.20
28/03/2025,RFNBO compliant,7.80,234.80
28/03/2025,SMR with CCS,2.80,84.10
28/03/2025,SMR without CCS,2.20,67.00
28/03/2025,Minimum RFNBO compliant,6.70,200.90
28/03/2025,Maximum RFNBO compliant,8.60,259.20
31/03/2025,Alcaline,4.90,145.80
31/03/2025,RFNBO compliant,7.10,212.80
31/03/2025,SMR with CCS,2.80,84.30
31/03/2025,SMR without CCS,2.30,67.80
31/03/2025,Minimum RFNBO compliant,5.30,158.60
31/03/2025,Maximum RFNBO compliant,8.30,249.20
01/04/2025,Alcaline,4.50,136.30
01/04/2025,RFNBO compliant,7.30,220.60
01/04/2025,SMR with CCS,2.90,86.80
01/04/2025,SMR without CCS,2.30,70.50
01/04/2025,Minimum RFNBO compliant,5.70,170.90
01/04/2025,Maximum RFNBO compliant,9.00,269.40
02/04/2025,Alcaline,4.50,134.90
02/04/2025,RFNBO compliant,7.50,225.90
02/04/2025,SMR with CCS,2.80,84.60
02/04/2025,SMR without CCS,2.30,68.60
02/04/2025,Minimum RFNBO compliant,6.00,178.70
02/04/2025,Maximum RFNBO compliant,8.90,266.70
03/04/2025,Alcaline,4.20,125.70
03/04/2025,RFNBO compliant,6.10,184.50
03/04/2025,SMR with CCS,2.70,81.70
03/04/2025,SMR without CCS,2.20,66.30
03/04/2025,Minimum RFNBO compliant,5.00,150.20
03/04/2025,Maximum RFNBO compliant,7.30,217.70
04/04/2025,Alcaline,4.10,123.30
04/04/2025,RFNBO compliant,6.70,201.90
04/04/2025,SMR with CCS,2.60,77.10
04/04/2025,SMR without CCS,2.10,62.20
04/04/2025,Minimum RFNBO compliant,5.10,153.20
04/04/2025,Maximum RFNBO compliant,8.00,241.10
07/04/2025,Alcaline,4.00,118.90
07/04/2025,RFNBO compliant,6.70,202.20
07/04/2025,SMR with CCS,2.50,75.90
07/04/2025,SMR without CCS,2.00,61.40
07/04/2025,Minimum RFNBO compliant,4.60,136.60
07/04/2025,Maximum RFNBO compliant,8.50,256.50
08/04/2025,Alcaline,3.90,118.40
08/04/2025,RFNBO compliant,7.70,231.80
08/04/2025,SMR with CCS,2.50,76.20
08/04/2025,SMR without CCS,2.10,61.60
08/04/2025,Minimum RFNBO compliant,6.60,199.10
08/04/2025,Maximum RFNBO compliant,8.90,266.10
09/04/2025,Alcaline,3.90,116.70
09/04/2025,RFNBO compliant,7.70,229.90
09/04/2025,SMR with CCS,2.40,72.60
09/04/2025,SMR without CCS,1.90,58.50
09/04/2025,Minimum RFNBO compliant,6.60,197.60
09/04/2025,Maximum RFNBO compliant,9.10,272.70
10/04/2025,Alcaline,3.90,115.90
10/04/2025,RFNBO compliant,7.00,209.00
10/04/2025,SMR with CCS,2.40,71.90
10/04/2025,SMR without CCS,1.90,57.90
10/04/2025,Minimum RFNBO compliant,5.60,167.30
10/04/2025,Maximum RFNBO compliant,8.50,254.40
11/04/2025,Alcaline,4.00,120.00
11/04/2025,RFNBO compliant,6.60,199.50
11/04/2025,SMR with CCS,2.40,72.00
11/04/2025,SMR without CCS,1.90,57.80
11/04/2025,Minimum RFNBO compliant,5.00,150.80
11/04/2025,Maximum RFNBO compliant,8.30,248.60
14/04/2025,Alcaline,4.20,126.20
14/04/2025,RFNBO compliant,6.50,195.20
14/04/2025,SMR with CCS,2.50,74.20
14/04/2025,SMR without CCS,2.00,59.50
14/04/2025,Minimum RFNBO compliant,5.00,150.20
14/04/2025,Maximum RFNBO compliant,7.80,233.30
15/04/2025,Alcaline,4.20,126.00
15/04/2025,RFNBO compliant,7.10,214.40
15/04/2025,SMR with CCS,2.50,73.60
15/04/2025,SMR without CCS,2.00,59.00
15/04/2025,Minimum RFNBO compliant,5.30,159.80
15/04/2025,Maximum RFNBO compliant,8.90,266.40
16/04/2025,Alcaline,4.30,129.30
16/04/2025,RFNBO compliant,6.20,185.60
16/04/2025,SMR with CCS,2.50,75.70
16/04/2025,SMR without CCS,2.00,60.80
16/04/2025,Minimum RFNBO compliant,4.60,136.60
16/04/2025,Maximum RFNBO compliant,7.60,227.00
17/04/2025,Alcaline,4.30,129.70
17/04/2025,RFNBO compliant,7.00,209.00
17/04/2025,SMR with CCS,2.50,75.70
17/04/2025,SMR without CCS,2.00,60.80
17/04/2025,Minimum RFNBO compliant,4.40,133.30
17/04/2025,Maximum RFNBO compliant,8.60,259.20
22/04/2025,Alcaline,4.10,123.80
22/04/2025,RFNBO compliant,7.40,222.00
22/04/2025,SMR with CCS,2.40,73.00
22/04/2025,SMR without CCS,2.00,58.60
22/04/2025,Minimum RFNBO compliant,5.10,152.60
22/04/2025,Maximum RFNBO compliant,9.00,270.00
23/04/2025,Alcaline,4.30,129.80
23/04/2025,RFNBO compliant,8.30,249.80
23/04/2025,SMR with CCS,2.50,73.60
23/04/2025,SMR without CCS,2.00,58.90
23/04/2025,Minimum RFNBO compliant,7.20,215.30
23/04/2025,Maximum RFNBO compliant,9.70,290.40
24/04/2025,Alcaline,4.30,128.00
24/04/2025,RFNBO compliant,7.90,235.90
24/04/2025,SMR with CCS,2.40,72.70
24/04/2025,SMR without CCS,1.90,58.20
24/04/2025,Minimum RFNBO compliant,6.20,187.40
24/04/2025,Maximum RFNBO compliant,9.40,281.70
25/04/2025,Alcaline,4.20,125.20
25/04/2025,RFNBO compliant,7.70,232.60
25/04/2025,SMR with CCS,2.30,70.40
25/04/2025,SMR without CCS,1.90,56.20
25/04/2025,Minimum RFNBO compliant,6.30,188.00
25/04/2025,Maximum RFNBO compliant,9.00,269.10
28/04/2025,Alcaline,4.00,121.30
28/04/2025,RFNBO compliant,7.60,227.80
28/04/2025,SMR with CCS,2.30,69.90
28/04/2025,SMR without CCS,1.90,55.90
28/04/2025,Minimum RFNBO compliant,6.40,192.50
28/04/2025,Maximum RFNBO compliant,8.90,265.80
29/04/2025,Alcaline,4.10,122.80
29/04/2025,RFNBO compliant,6.80,205.50
29/04/2025,SMR with CCS,2.30,69.90
29/04/2025,SMR without CCS,1.90,55.80
29/04/2025,Minimum RFNBO compliant,5.40,160.70
29/04/2025,Maximum RFNBO compliant,8.10,242.60
30/04/2025,Alcaline,4.10,123.30
30/04/2025,RFNBO compliant,6.40,191.70
30/04/2025,SMR with CCS,2.30,70.30
30/04/2025,SMR without CCS,1.90,56.20
30/04/2025,Minimum RFNBO compliant,4.70,141.40
30/04/2025,Maximum RFNBO compliant,8.00,240.20
01/05/2025,Alcaline,4.40,131.10
01/05/2025,RFNBO compliant,6.90,206.20
01/05/2025,SMR with CCS,2.30,70.50
01/05/2025,SMR without CCS,1.90,56.00
01/05/2025,Minimum RFNBO compliant,5.60,167.30
01/05/2025,Maximum RFNBO compliant,8.10,242.60
02/05/2025,Alcaline,4.60,137.20
02/05/2025,RFNBO compliant,5.90,175.90
02/05/2025,SMR with CCS,2.40,72.40
02/05/2025,SMR without CCS,1.90,57.40
02/05/2025,Minimum RFNBO compliant,4.70,140.20
02/05/2025,Maximum RFNBO compliant,7.00,211.40
06/05/2025,Alcaline,4.60,139.10
06/05/2025,RFNBO compliant,6.20,187.20
06/05/2025,SMR with CCS,2.50,75.00
06/05/2025,SMR without CCS,2.00,59.80
06/05/2025,Minimum RFNBO compliant,4.80,142.90
06/05/2025,Maximum RFNBO compliant,7.50,225.50
07/05/2025,Alcaline,4.70,140.60
07/05/2025,RFNBO compliant,6.50,194.30
07/05/2025,SMR with CCS,2.50,74.30
07/05/2025,SMR without CCS,2.00,59.00
07/05/2025,Minimum RFNBO compliant,4.70,139.60
07/05/2025,Maximum RFNBO compliant,8.30,249.80
08/05/2025,Alcaline,4.60,139.30
08/05/2025,RFNBO compliant,6.90,208.60
08/05/2025,SMR with CCS,2.50,76.20
08/05/2025,SMR without CCS,2.00,60.80
08/05/2025,Minimum RFNBO compliant,5.10,153.80
08/05/2025,Maximum RFNBO compliant,8.90,268.50
09/05/2025,Alcaline,4.50,135.90
09/05/2025,RFNBO compliant,7.00,209.20
09/05/2025,SMR with CCS,2.50,74.80
09/05/2025,SMR without CCS,2.00,59.60
09/05/2025,Minimum RFNBO compliant,4.80,143.50
09/05/2025,Maximum RFNBO compliant,9.20,275.40
12/05/2025,Alcaline,4.80,144.20
12/05/2025,RFNBO compliant,6.70,200.90
12/05/2025,SMR with CCS,2.50,76.30
12/05/2025,SMR without CCS,2.00,60.70
12/05/2025,Minimum RFNBO compliant,4.90,147.40
12/05/2025,Maximum RFNBO compliant,8.60,258.00
13/05/2025,Alcaline,4.80,143.30
13/05/2025,RFNBO compliant,6.40,192.20
13/05/2025,SMR with CCS,2.60,76.70
13/05/2025,SMR without CCS,2.00,61.00
13/05/2025,Minimum RFNBO compliant,5.40,162.50
13/05/2025,Maximum RFNBO compliant,7.40,220.70
14/05/2025,Alcaline,4.70,141.70
14/05/2025,RFNBO compliant,7.10,213.60
14/05/2025,SMR with CCS,2.50,75.50
14/05/2025,SMR without CCS,2.00,60.00
14/05/2025,Minimum RFNBO compliant,6.20,187.40
14/05/2025,Maximum RFNBO compliant,8.00,241.10
15/05/2025,Alcaline,4.80,144.90
15/05/2025,RFNBO compliant,6.60,198.70
15/05/2025,SMR with CCS,2.50,76.30
15/05/2025,SMR without CCS,2.00,60.60
15/05/2025,Minimum RFNBO compliant,5.70,169.70
15/05/2025,Maximum RFNBO compliant,7.50,226.40
16/05/2025,Alcaline,4.70,140.90
16/05/2025,RFNBO compliant,6.10,182.50
16/05/2025,SMR with CCS,2.50,75.90
16/05/2025,SMR without CCS,2.00,60.40
16/05/2025,Minimum RFNBO compliant,4.80,143.20
16/05/2025,Maximum RFNBO compliant,7.40,222.80
19/05/2025,Alcaline,4.60,138.50
19/05/2025,RFNBO compliant,6.10,183.20
19/05/2025,SMR with CCS,2.50,75.70
19/05/2025,SMR without CCS,2.00,60.40
19/05/2025,Minimum RFNBO compliant,4.40,131.80
19/05/2025,Maximum RFNBO compliant,7.70,232.40
20/05/2025,Alcaline,4.80,144.80
20/05/2025,RFNBO compliant,6.80,204.80
20/05/2025,SMR with CCS,2.60,79.10
20/05/2025,SMR without CCS,2.10,63.20
20/05/2025,Minimum RFNBO compliant,4.80,144.40
20/05/2025,Maximum RFNBO compliant,8.80,265.50
21/05/2025,Alcaline,4.90,146.30
21/05/2025,RFNBO compliant,6.70,199.70
21/05/2025,SMR with CCS,2.60,78.30
21/05/2025,SMR without CCS,2.10,62.40
21/05/2025,Minimum RFNBO compliant,4.80,145.00
21/05/2025,Maximum RFNBO compliant,8.30,249.80
22/05/2025,Alcaline,4.70,141.50
22/05/2025,RFNBO compliant,6.50,195.30
22/05/2025,SMR with CCS,2.60,77.40
22/05/2025,SMR without CCS,2.10,61.80
22/05/2025,Minimum RFNBO compliant,5.20,155.30
22/05/2025,Maximum RFNBO compliant,7.70,231.20
23/05/2025,Alcaline,4.70,140.90
23/05/2025,RFNBO compliant,5.90,178.50
23/05/2025,SMR with CCS,2.60,77.80
23/05/2025,SMR without CCS,2.10,62.20
23/05/2025,Minimum RFNBO compliant,4.20,125.50
23/05/2025,Maximum RFNBO compliant,7.30,219.80
27/05/2025,Alcaline,4.60,139.50
27/05/2025,RFNBO compliant,6.20,186.60
27/05/2025,SMR with CCS,2.60,77.80
27/05/2025,SMR without CCS,2.10,62.30
27/05/2025,Minimum RFNBO compliant,4.30,127.90
27/05/2025,Maximum RFNBO compliant,7.90,237.50
28/05/2025,Alcaline,4.60,136.70
28/05/2025,RFNBO compliant,6.20,186.50
28/05/2025,SMR with CCS,2.60,77.60
28/05/2025,SMR without CCS,2.10,62.20
28/05/2025,Minimum RFNBO compliant,5.10,152.60
28/05/2025,Maximum RFNBO compliant,7.40,221.00
29/05/2025,Alcaline,4.50,134.20
29/05/2025,RFNBO compliant,6.70,202.60
29/05/2025,SMR with CCS,2.50,75.20
29/05/2025,SMR without CCS,2.00,60.10
29/05/2025,Minimum RFNBO compliant,5.00,149.20
29/05/2025,Maximum RFNBO compliant,8.40,252.60
30/05/2025,Alcaline,4.40,131.90
30/05/2025,RFNBO compliant,6.40,193.30
30/05/2025,SMR with CCS,2.40,73.30
30/05/2025,SMR without CCS,1.90,58.50
30/05/2025,Minimum RFNBO compliant,5.60,166.70
30/05/2025,Maximum RFNBO compliant,7.20,215.00
02/06/2025,Alcaline,4.80,143.60
02/06/2025,RFNBO compliant,6.40,192.50
02/06/2025,SMR with CCS,2.50,75.60
02/06/2025,SMR without CCS,2.00,60.10
02/06/2025,Minimum RFNBO compliant,5.90,178.40
02/06/2025,Maximum RFNBO compliant,6.80,203.60
03/06/2025,Alcaline,4.80,144.10
03/06/2025,RFNBO compliant,7.00,210.20
03/06/2025,SMR with CCS,2.60,76.80
03/06/2025,SMR without CCS,2.00,61.20
03/06/2025,Minimum RFNBO compliant,5.50,165.20
03/06/2025,Maximum RFNBO compliant,8.40,252.90
04/06/2025,Alcaline,4.80,144.80
04/06/2025,RFNBO compliant,6.60,198.40
04/06/2025,SMR with CCS,2.50,76.30
04/06/2025,SMR without CCS,2.00,60.70
04/06/2025,Minimum RFNBO compliant,5.10,152.00
04/06/2025,Maximum RFNBO compliant,7.50,225.20
05/06/2025,Alcaline,4.90,146.40
05/06/2025,RFNBO compliant,7.00,211.50
05/06/2025,SMR with CCS,2.60,77.90
05/06/2025,SMR without CCS,2.10,62.10
05/06/2025,Minimum RFNBO compliant,5.30,159.20
05/06/2025,Maximum RFNBO compliant,8.10,244.10
06/06/2025,Alcaline,4.90,146.50
06/06/2025,RFNBO compliant,6.80,205.00
06/06/2025,SMR with CCS,2.60,77.80
06/06/2025,SMR without CCS,2.10,62.00
06/06/2025,Minimum RFNBO compliant,4.50,136.30
06/06/2025,Maximum RFNBO compliant,8.00,240.20
09/06/2025,Alcaline,4.90,147.90
09/06/2025,RFNBO compliant,6.50,196.20
09/06/2025,SMR with CCS,2.60,76.80
09/06/2025,SMR without CCS,2.00,61.00
09/06/2025,Minimum RFNBO compliant,5.20,155.90
09/06/2025,Maximum RFNBO compliant,7.60,227.00
10/06/2025,Alcaline,4.90,145.70
10/06/2025,RFNBO compliant,6.40,190.80
10/06/2025,SMR with CCS,2.50,75.40
10/06/2025,SMR without CCS,2.00,59.80
10/06/2025,Minimum RFNBO compliant,5.00,151.40
10/06/2025,Maximum RFNBO compliant,7.10,213.20
11/06/2025,Alcaline,4.90,147.60
11/06/2025,RFNBO compliant,7.00,211.00
11/06/2025,SMR with CCS,2.60,77.00
11/06/2025,SMR without CCS,2.00,61.20
11/06/2025,Minimum RFNBO compliant,5.30,158.90
11/06/2025,Maximum RFNBO compliant,8.90,268.50
12/06/2025,Alcaline,4.80,145.10
12/06/2025,RFNBO compliant,7.20,215.10
12/06/2025,SMR with CCS,2.60,77.50
12/06/2025,SMR without CCS,2.10,61.80
12/06/2025,Minimum RFNBO compliant,5.40,161.00
12/06/2025,Maximum RFNBO compliant,8.00,239.30
13/06/2025,Alcaline,5.00,149.80
13/06/2025,RFNBO compliant,6.70,200.20
13/06/2025,SMR with CCS,2.70,79.70
13/06/2025,SMR without CCS,2.10,63.60
13/06/2025,Minimum RFNBO compliant,5.30,160.40
13/06/2025,Maximum RFNBO compliant,7.10,213.80
16/06/2025,Alcaline,5.00,149.60
16/06/2025,RFNBO compliant,7.00,209.80
16/06/2025,SMR with CCS,2.70,79.90
16/06/2025,SMR without CCS,2.10,63.70
16/06/2025,Minimum RFNBO compliant,6.10,184.40
16/06/2025,Maximum RFNBO compliant,7.70,231.50
17/06/2025,Alcaline,5.10,152.20
17/06/2025,RFNBO compliant,7.10,212.80
17/06/2025,SMR with CCS,2.70,82.10
17/06/2025,SMR without CCS,2.20,65.60
17/06/2025,Minimum RFNBO compliant,5.50,165.20
17/06/2025,Maximum RFNBO compliant,8.20,246.80
18/06/2025,Alcaline,5.00,150.20
18/06/2025,RFNBO compliant,7.70,232.00
18/06/2025,SMR with CCS,2.70,81.10
18/06/2025,SMR without CCS,2.20,64.80
18/06/2025,Minimum RFNBO compliant,6.00,179.60
18/06/2025,Maximum RFNBO compliant,8.50,256.50
19/06/2025,Alcaline,5.20,156.80
19/06/2025,RFNBO compliant,8.00,239.90
19/06/2025,SMR with CCS,2.90,85.90
19/06/2025,SMR without CCS,2.30,68.90
19/06/2025,Minimum RFNBO compliant,6.60,197.90
19/06/2025,Maximum RFNBO compliant,9.20,276.90
20/06/2025,Alcaline,5.10,152.70
20/06/2025,RFNBO compliant,7.60,228.30
20/06/2025,SMR with CCS,2.80,84.40
20/06/2025,SMR without CCS,2.30,67.70
20/06/2025,Minimum RFNBO compliant,5.90,177.50
20/06/2025,Maximum RFNBO compliant,9.70,290.70
23/06/2025,Alcaline,5.10,152.60
23/06/2025,RFNBO compliant,8.20,247.20
23/06/2025,SMR with CCS,2.80,83.60
23/06/2025,SMR without CCS,2.20,67.00
23/06/2025,Minimum RFNBO compliant,6.70,202.40
23/06/2025,Maximum RFNBO compliant,9.50,284.70
24/06/2025,Alcaline,4.90,146.60
24/06/2025,RFNBO compliant,6.90,205.90
24/06/2025,SMR with CCS,2.50,76.20
24/06/2025,SMR without CCS,2.00,60.60
24/06/2025,Minimum RFNBO compliant,5.20,156.80
24/06/2025,Maximum RFNBO compliant,9.30,279.90
25/06/2025,Alcaline,5.00,148.80
25/06/2025,RFNBO compliant,7.20,215.10
25/06/2025,SMR with CCS,2.50,76.10
25/06/2025,SMR without CCS,2.00,60.40
25/06/2025,Minimum RFNBO compliant,6.40,191.90
25/06/2025,Maximum RFNBO compliant,8.60,259.50
26/06/2025,Alcaline,4.80,145.10
26/06/2025,RFNBO compliant,7.90,238.00
26/06/2025,SMR with CCS,2.40,73.40
26/06/2025,SMR without CCS,1.90,58.10
26/06/2025,Minimum RFNBO compliant,7.10,214.40
26/06/2025,Maximum RFNBO compliant,8.70,260.10
27/06/2025,Alcaline,4.80,144.30
27/06/2025,RFNBO compliant,8.10,242.80
27/06/2025,SMR with CCS,2.40,72.20
27/06/2025,SMR without CCS,1.90,57.00
27/06/2025,Minimum RFNBO compliant,7.10,214.10
27/06/2025,Maximum RFNBO compliant,8.40,253.50
30/06/2025,Alcaline,4.90,147.80
30/06/2025,RFNBO compliant,8.00,239.30
30/06/2025,SMR with CCS,2.40,71.80
30/06/2025,SMR without CCS,1.90,56.60
30/06/2025,Minimum RFNBO compliant,7.30,219.50
30/06/2025,Maximum RFNBO compliant,8.50,256.50
01/07/2025,Alcaline,4.90,148.30
01/07/2025,RFNBO compliant,8.70,262.50
01/07/2025,SMR with CCS,2.40,73.50
01/07/2025,SMR without CCS,1.90,58.10
01/07/2025,Minimum RFNBO compliant,7.90,236.60
01/07/2025,Maximum RFNBO compliant,9.40,282.30
02/07/2025,Alcaline,5.00,150.50
02/07/2025,RFNBO compliant,9.60,288.60
02/07/2025,SMR with CCS,2.40,73.20
02/07/2025,SMR without CCS,1.90,57.70
02/07/2025,Minimum RFNBO compliant,8.50,256.50
02/07/2025,Maximum RFNBO compliant,10.40,311.40
03/07/2025,Alcaline,5.00,149.30
03/07/2025,RFNBO compliant,8.60,257.60
03/07/2025,SMR with CCS,2.40,73.50
03/07/2025,SMR without CCS,1.90,58.00
03/07/2025,Minimum RFNBO compliant,7.60,228.80
03/07/2025,Maximum RFNBO compliant,9.20,275.10
04/07/2025,Alcaline,5.00,149.20
04/07/2025,RFNBO compliant,8.00,239.30
04/07/2025,SMR with CCS,2.40,73.00
04/07/2025,SMR without CCS,1.90,57.60
04/07/2025,Minimum RFNBO compliant,7.20,215.60
04/07/2025,Maximum RFNBO compliant,8.30,248.90
07/07/2025,Alcaline,5.00,150.70
07/07/2025,RFNBO compliant,7.80,234.20
07/07/2025,SMR with CCS,2.50,73.70
07/07/2025,SMR without CCS,1.90,58.20
07/07/2025,Minimum RFNBO compliant,6.80,205.40
07/07/2025,Maximum RFNBO compliant,8.70,260.40
08/07/2025,Alcaline,5.10,152.20
08/07/2025,RFNBO compliant,7.30,220.00
08/07/2025,SMR with CCS,2.50,74.90
08/07/2025,SMR without CCS,2.00,59.10
08/07/2025,Minimum RFNBO compliant,5.60,166.70
08/07/2025,Maximum RFNBO compliant,8.70,262.50
09/07/2025,Alcaline,5.10,151.90
09/07/2025,RFNBO compliant,7.00,211.30
09/07/2025,SMR with CCS,2.50,75.20
09/07/2025,SMR without CCS,2.00,59.40
09/07/2025,Minimum RFNBO compliant,5.60,167.00
09/07/2025,Maximum RFNBO compliant,8.30,249.80
10/07/2025,Alcaline,5.20,155.00
10/07/2025,RFNBO compliant,7.90,237.90
10/07/2025,SMR with CCS,2.50,76.00
10/07/2025,SMR without CCS,2.00,60.10
10/07/2025,Minimum RFNBO compliant,5.90,178.10
10/07/2025,Maximum RFNBO compliant,8.80,262.80
11/07/2025,Alcaline,5.00,151.00
11/07/2025,RFNBO compliant,8.30,248.30
11/07/2025,SMR with CCS,2.50,76.60
11/07/2025,SMR without CCS,2.00,60.70
11/07/2025,Minimum RFNBO compliant,6.70,199.70
11/07/2025,Maximum RFNBO compliant,9.30,278.40
14/07/2025,Alcaline,5.10,153.30
14/07/2025,RFNBO compliant,8.00,238.90
14/07/2025,SMR with CCS,2.50,75.90
14/07/2025,SMR without CCS,2.00,60.00
14/07/2025,Minimum RFNBO compliant,6.10,183.20
14/07/2025,Maximum RFNBO compliant,8.80,263.70
15/07/2025,Alcaline,5.10,151.80
15/07/2025,RFNBO compliant,8.00,239.50
15/07/2025,SMR with CCS,2.50,75.10
15/07/2025,SMR without CCS,2.00,59.30
15/07/2025,Minimum RFNBO compliant,6.20,184.70
15/07/2025,Maximum RFNBO compliant,9.10,273.30
16/07/2025,Alcaline,5.10,152.20
16/07/2025,RFNBO compliant,7.70,231.60
16/07/2025,SMR with CCS,2.50,75.40
16/07/2025,SMR without CCS,2.00,59.60
16/07/2025,Minimum RFNBO compliant,6.30,190.10
16/07/2025,Maximum RFNBO compliant,8.60,258.60
17/07/2025,Alcaline,5.10,153.80
17/07/2025,RFNBO compliant,8.20,245.70
17/07/2025,SMR with CCS,2.50,75.20
17/07/2025,SMR without CCS,2.00,59.40
17/07/2025,Minimum RFNBO compliant,6.50,194.60
17/07/2025,Maximum RFNBO compliant,9.00,268.80
18/07/2025,Alcaline,5.10,153.00
18/07/2025,RFNBO compliant,8.40,253.20
18/07/2025,SMR with CCS,2.50,73.70
18/07/2025,SMR without CCS,1.90,58.00
18/07/2025,Minimum RFNBO compliant,7.60,229.40
18/07/2025,Maximum RFNBO compliant,9.00,270.30
21/07/2025,Alcaline,5.00,151.40
21/07/2025,RFNBO compliant,8.50,256.60
21/07/2025,SMR with CCS,2.40,73.20
21/07/2025,SMR without CCS,1.90,57.70
21/07/2025,Minimum RFNBO compliant,7.70,231.80
21/07/2025,Maximum RFNBO compliant,9.20,275.40
22/07/2025,Alcaline,5.10,151.70
22/07/2025,RFNBO compliant,7.40,220.90
22/07/2025,SMR with CCS,2.40,73.20
22/07/2025,SMR without CCS,1.90,57.70
22/07/2025,Minimum RFNBO compliant,4.90,146.50
22/07/2025,Maximum RFNBO compliant,9.20,276.30
23/07/2025,Alcaline,5.00,150.70
23/07/2025,RFNBO compliant,7.60,228.80
23/07/2025,SMR with CCS,2.40,72.50
23/07/2025,SMR without CCS,1.90,57.10
23/07/2025,Minimum RFNBO compliant,6.40,191.60
23/07/2025,Maximum RFNBO compliant,8.20,244.70
24/07/2025,Alcaline,5.00,150.40
24/07/2025,RFNBO compliant,7.90,238.40
24/07/2025,SMR with CCS,2.40,71.70
24/07/2025,SMR without CCS,1.90,56.30
24/07/2025,Minimum RFNBO compliant,7.60,228.20
24/07/2025,Maximum RFNBO compliant,8.20,247.10
25/07/2025,Alcaline,5.10,151.80
25/07/2025,RFNBO compliant,7.70,232.70
25/07/2025,SMR with CCS,2.40,71.80
25/07/2025,SMR without CCS,1.90,56.40
25/07/2025,Minimum RFNBO compliant,6.00,181.10
25/07/2025,Maximum RFNBO compliant,9.20,276.60
28/07/2025,Alcaline,5.10,153.60
28/07/2025,RFNBO compliant,7.60,228.20
28/07/2025,SMR with CCS,2.40,73.10
28/07/2025,SMR without CCS,1.90,57.40
28/07/2025,Minimum RFNBO compliant,5.90,176.60
28/07/2025,Maximum RFNBO compliant,9.00,268.80
29/07/2025,Alcaline,5.20,155.70
29/07/2025,RFNBO compliant,7.10,212.20
29/07/2025,SMR with CCS,2.50,74.90
29/07/2025,SMR without CCS,2.00,58.90
29/07/2025,Minimum RFNBO compliant,5.50,164.00
29/07/2025,Maximum RFNBO compliant,8.70,260.70
30/07/2025,Alcaline,5.20,155.60
30/07/2025,RFNBO compliant,6.70,201.70
30/07/2025,SMR with CCS,2.50,75.30
30/07/2025,SMR without CCS,2.00,59.40
30/07/2025,Minimum RFNBO compliant,5.40,161.90
30/07/2025,Maximum RFNBO compliant,7.90,237.80
31/07/2025,Alcaline,5.20,154.70
31/07/2025,RFNBO compliant,6.80,205.40
31/07/2025,SMR with CCS,2.50,75.70
31/07/2025,SMR without CCS,2.00,59.70
31/07/2025,Minimum RFNBO compliant,5.80,174.50
31/07/2025,Maximum RFNBO compliant,7.80,233.60
01/08/2025,Alcaline,5.40,162.20
01/08/2025,RFNBO compliant,7.50,225.30
01/08/2025,SMR with CCS,2.50,74.90
01/08/2025,SMR without CCS,2.00,58.60
01/08/2025,Minimum RFNBO compliant,6.70,200.00
01/08/2025,Maximum RFNBO compliant,8.20,247.10
04/08/2025,Alcaline,5.90,175.80
04/08/2025,RFNBO compliant,7.70,230.60
04/08/2025,SMR with CCS,2.50,76.10
04/08/2025,SMR without CCS,2.00,59.20
04/08/2025,Minimum RFNBO compliant,6.70,201.50
04/08/2025,Maximum RFNBO compliant,8.80,263.10
05/08/2025,Alcaline,5.90,176.70
05/08/2025,RFNBO compliant,7.00,208.90
05/08/2025,SMR with CCS,2.50,76.50
05/08/2025,SMR without CCS,2.00,59.50
05/08/2025,Minimum RFNBO compliant,6.00,179.00
05/08/2025,Maximum RFNBO compliant,7.30,220.10
06/08/2025,Alcaline,5.80,174.90
06/08/2025,RFNBO compliant,5.90,177.30
06/08/2025,SMR with CCS,2.50,74.60
06/08/2025,SMR without CCS,1.90,57.90
06/08/2025,Minimum RFNBO compliant,4.80,145.00
06/08/2025,Maximum RFNBO compliant,6.60,198.50
07/08/2025,Alcaline,5.80,173.60
07/08/2025,RFNBO compliant,7.20,215.80
07/08/2025,SMR with CCS,2.50,74.30
07/08/2025,SMR without CCS,1.90,57.70
07/08/2025,Minimum RFNBO compliant,6.30,189.80
07/08/2025,Maximum RFNBO compliant,7.80,235.40
08/08/2025,Alcaline,5.80,175.30
08/08/2025,RFNBO compliant,7.40,223.50
08/08/2025,SMR with CCS,2.40,73.20
08/08/2025,SMR without CCS,1.90,56.60
08/08/2025,Minimum RFNBO compliant,6.40,191.30
08/08/2025,Maximum RFNBO compliant,8.20,245.30
11/08/2025,Alcaline,5.80,173.10
11/08/2025,RFNBO compliant,7.50,225.00
11/08/2025,SMR with CCS,2.50,74.30
11/08/2025,SMR without CCS,1.90,57.70
11/08/2025,Minimum RFNBO compliant,6.40,191.90
11/08/2025,Maximum RFNBO compliant,8.00,241.40
12/08/2025,Alcaline,5.70,170.50
12/08/2025,RFNBO compliant,7.60,229.70
12/08/2025,SMR with CCS,2.40,72.90
12/08/2025,SMR without CCS,1.90,56.60
12/08/2025,Minimum RFNBO compliant,6.10,182.00
12/08/2025,Maximum RFNBO compliant,8.40,252.60
13/08/2025,Alcaline,5.70,170.20
13/08/2025,RFNBO compliant,8.00,240.90
13/08/2025,SMR with CCS,2.40,73.50
13/08/2025,SMR without CCS,1.90,57.10
13/08/2025,Minimum RFNBO compliant,7.20,215.30
13/08/2025,Maximum RFNBO compliant,8.40,252.90
14/08/2025,Alcaline,5.60,169.60
14/08/2025,RFNBO compliant,8.60,259.50
14/08/2025,SMR with CCS,2.40,72.80
14/08/2025,SMR without CCS,1.90,56.50
14/08/2025,Minimum RFNBO compliant,8.00,239.00
14/08/2025,Maximum RFNBO compliant,9.00,269.70
15/08/2025,Alcaline,5.60,168.40
15/08/2025,RFNBO compliant,8.60,257.30
15/08/2025,SMR without CCS,1.80,54.90
15/08/2025,Minimum RFNBO compliant,7.60,227.90
15/08/2025,Maximum RFNBO compliant,9.10,272.40
18/08/2025,Alcaline,5.70,170.60
18/08/2025,RFNBO compliant,7.30,220.60
18/08/2025,SMR without CCS,1.80,55.10
18/08/2025,Minimum RFNBO compliant,6.30,189.20
18/08/2025,Maximum RFNBO compliant,7.80,235.10
19/08/2025,Alcaline,5.60,169.10
19/08/2025,RFNBO compliant,8.20,245.00
19/08/2025,SMR without CCS,1.80,55.00
19/08/2025,Minimum RFNBO compliant,6.90,206.60
19/08/2025,Maximum RFNBO compliant,8.80,263.70
20/08/2025,Alcaline,5.70,170.70
20/08/2025,RFNBO compliant,7.70,232.30
20/08/2025,SMR without CCS,1.90,56.40
20/08/2025,Minimum RFNBO compliant,7.10,214.40
20/08/2025,Maximum RFNBO compliant,8.20,246.20
21/08/2025,Alcaline,5.90,176.00
21/08/2025,RFNBO compliant,7.70,231.30
21/08/2025,SMR without CCS,1.90,57.80
21/08/2025,Minimum RFNBO compliant,6.80,205.40
21/08/2025,Maximum RFNBO compliant,8.50,256.50
22/08/2025,Alcaline,5.90,176.90
22/08/2025,RFNBO compliant,7.20,216.00
22/08/2025,SMR without CCS,1.90,58.10
22/08/2025,Minimum RFNBO compliant,5.60,167.30
22/08/2025,Maximum RFNBO compliant,8.50,253.80
26/08/2025,Alcaline,5.90,178.20
26/08/2025,RFNBO compliant,7.20,214.90
26/08/2025,SMR without CCS,1.90,58.00
26/08/2025,Minimum RFNBO compliant,6.20,187.10
26/08/2025,Maximum RFNBO compliant,8.20,245.90
27/08/2025,Alcaline,5.90,177.40
27/08/2025,RFNBO compliant,8.20,246.30
27/08/2025,SMR without CCS,1.90,57.00
27/08/2025,Minimum RFNBO compliant,7.20,215.60
27/08/2025,Maximum RFNBO compliant,8.90,266.40
28/08/2025,Alcaline,5.80,175.40
28/08/2025,RFNBO compliant,8.50,254.70
28/08/2025,SMR without CCS,1.90,55.90
28/08/2025,Minimum RFNBO compliant,7.80,232.70
28/08/2025,Maximum RFNBO compliant,9.10,274.20
29/08/2025,Alcaline,5.90,176.00
29/08/2025,RFNBO compliant,7.90,237.20
29/08/2025,SMR without CCS,1.90,55.60
29/08/2025,Minimum RFNBO compliant,6.50,195.80
29/08/2025,Maximum RFNBO compliant,9.80,295.20
01/09/2025,Alcaline,5.80,175.00
01/09/2025,RFNBO compliant,7.10,213.50
01/09/2025,SMR without CCS,1.90,56.50
01/09/2025,Minimum RFNBO compliant,5.50,164.00
01/09/2025,Maximum RFNBO compliant,8.70,262.20
02/09/2025,Alcaline,5.80,173.40
02/09/2025,RFNBO compliant,7.10,212.20
02/09/2025,SMR without CCS,1.90,56.30
02/09/2025,Minimum RFNBO compliant,5.50,164.00
02/09/2025,Maximum RFNBO compliant,9.10,273.60
03/09/2025,Alcaline,5.70,172.60
03/09/2025,RFNBO compliant,7.60,227.20
03/09/2025,SMR without CCS,1.90,56.40
03/09/2025,Minimum RFNBO compliant,5.20,155.00
03/09/2025,Maximum RFNBO compliant,9.80,294.00
04/09/2025,Alcaline,5.90,176.80
04/09/2025,RFNBO compliant,6.40,193.50
04/09/2025,SMR without CCS,1.90,57.00
04/09/2025,Minimum RFNBO compliant,4.70,140.80
04/09/2025,Maximum RFNBO compliant,7.20,217.40
05/09/2025,Alcaline,6.20,184.80
05/09/2025,RFNBO compliant,7.00,209.50
05/09/2025,SMR without CCS,1.90,56.30
05/09/2025,Minimum RFNBO compliant,5.40,163.10
05/09/2025,Maximum RFNBO compliant,8.30,248.00
08/09/2025,Alcaline,6.20,186.90
08/09/2025,RFNBO compliant,7.60,229.60
08/09/2025,SMR without CCS,1.90,57.90
08/09/2025,Minimum RFNBO compliant,6.50,194.00
08/09/2025,Maximum RFNBO compliant,9.00,270.60
09/09/2025,Alcaline,6.20,184.90
09/09/2025,RFNBO compliant,8.50,254.80
09/09/2025,SMR without CCS,1.90,57.80
09/09/2025,Minimum RFNBO compliant,7.00,210.80
09/09/2025,Maximum RFNBO compliant,9.80,293.40
10/09/2025,Alcaline,6.20,185.40
10/09/2025,RFNBO compliant,8.60,257.20
10/09/2025,SMR without CCS,1.90,58.00
10/09/2025,Minimum RFNBO compliant,6.40,191.30
10/09/2025,Maximum RFNBO compliant,10.70,321.60
11/09/2025,Alcaline,6.10,183.30
11/09/2025,RFNBO compliant,7.60,229.50
11/09/2025,SMR without CCS,1.90,56.80
11/09/2025,Minimum RFNBO compliant,4.90,146.80
11/09/2025,Maximum RFNBO compliant,10.00,301.50
12/09/2025,Alcaline,6.20,186.80
12/09/2025,RFNBO compliant,6.50,195.30
12/09/2025,SMR without CCS,1.90,57.30
12/09/2025,Minimum RFNBO compliant,4.60,136.60
12/09/2025,Maximum RFNBO compliant,7.50,225.20
15/09/2025,Alcaline,6.20,185.90
15/09/2025,RFNBO compliant,6.50,195.70
15/09/2025,SMR without CCS,1.90,56.40
15/09/2025,Minimum RFNBO compliant,4.90,146.80
15/09/2025,Maximum RFNBO compliant,7.70,231.20
16/09/2025,Alcaline,6.20,187.50
16/09/2025,RFNBO compliant,5.50,164.30
16/09/2025,SMR without CCS,1.90,56.60
16/09/2025,Minimum RFNBO compliant,4.20,126.10
16/09/2025,Maximum RFNBO compliant,7.30,219.50
17/09/2025,Alcaline,6.30,188.40
17/09/2025,RFNBO compliant,6.10,182.40
17/09/2025,SMR without CCS,1.90,56.90
17/09/2025,Minimum RFNBO compliant,5.30,158.60
17/09/2025,Maximum RFNBO compliant,7.60,228.80
18/09/2025,Alcaline,6.40,191.50
18/09/2025,RFNBO compliant,7.60,227.10
18/09/2025,SMR without CCS,1.90,57.50
18/09/2025,Minimum RFNBO compliant,6.50,194.90
18/09/2025,Maximum RFNBO compliant,8.40,250.80
19/09/2025,Alcaline,6.30,189.90
19/09/2025,RFNBO compliant,7.30,220.00
19/09/2025,SMR without CCS,1.90,56.60
19/09/2025,Minimum RFNBO compliant,6.30,188.30
19/09/2025,Maximum RFNBO compliant,8.80,264.00
22/09/2025,Alcaline,6.30,188.60
22/09/2025,RFNBO compliant,7.80,235.40
22/09/2025,SMR without CCS,1.90,56.20
22/09/2025,Minimum RFNBO compliant,6.20,186.20
22/09/2025,Maximum RFNBO compliant,8.50,254.70
23/09/2025,Alcaline,6.20,187.30
23/09/2025,RFNBO compliant,6.80,205.60
23/09/2025,SMR without CCS,1.90,56.70
23/09/2025,Minimum RFNBO compliant,4.80,143.20
23/09/2025,Maximum RFNBO compliant,8.60,258.30
24/09/2025,Alcaline,6.20,184.80
24/09/2025,RFNBO compliant,7.30,219.50
24/09/2025,SMR without CCS,1.90,56.20
24/09/2025,Minimum RFNBO compliant,4.90,145.90
24/09/2025,Maximum RFNBO compliant,9.10,274.50
25/09/2025,Alcaline,6.20,185.30
25/09/2025,RFNBO compliant,6.90,207.40
25/09/2025,SMR without CCS,1.90,57.10
25/09/2025,Minimum RFNBO compliant,5.60,169.10
25/09/2025,Maximum RFNBO compliant,8.00,240.80
26/09/2025,Alcaline,6.20,186.20
26/09/2025,RFNBO compliant,7.60,228.60
26/09/2025,SMR without CCS,1.90,57.20
26/09/2025,Minimum RFNBO compliant,6.90,206.90
26/09/2025,Maximum RFNBO compliant,8.00,238.70
29/09/2025,Alcaline,6.20,185.70
29/09/2025,RFNBO compliant,8.30,250.70
29/09/2025,SMR without CCS,1.90,56.30
29/09/2025,Minimum RFNBO compliant,7.90,236.60
29/09/2025,Maximum RFNBO compliant,8.70,260.10
30/09/2025,Alcaline,6.20,185.90
30/09/2025,RFNBO compliant,8.30,249.50
30/09/2025,SMR without CCS,1.80,55.10
30/09/2025,Minimum RFNBO compliant,6.60,197.90
30/09/2025,Maximum RFNBO compliant,10.20,307.20
01/10/2025,Alcaline,6.60,197.80
01/10/2025,RFNBO compliant,8.70,262.30
01/10/2025,SMR without CCS,1.90,55.90
01/10/2025,Minimum RFNBO compliant,6.70,200.30
01/10/2025,Maximum RFNBO compliant,10.50,314.40
02/10/2025,Alcaline,6.60,197.70
02/10/2025,RFNBO compliant,8.50,254.40
02/10/2025,SMR without CCS,1.90,55.60
02/10/2025,Minimum RFNBO compliant,6.80,203.30
02/10/2025,Maximum RFNBO compliant,9.60,288.30
03/10/2025,Alcaline,6.70,200.30
03/10/2025,RFNBO compliant,8.10,242.20
03/10/2025,SMR without CCS,1.90,55.70
03/10/2025,Minimum RFNBO compliant,6.50,195.50
03/10/2025,Maximum RFNBO compliant,8.80,265.50
06/10/2025,Alcaline,7.20,217.00
06/10/2025,RFNBO compliant,7.40,222.40
06/10/2025,SMR without CCS,1.90,58.20
06/10/2025,Minimum RFNBO compliant,6.00,181.40
06/10/2025,Maximum RFNBO compliant,8.80,263.10
07/10/2025,Alcaline,7.30,218.30
07/10/2025,RFNBO compliant,7.90,236.30
07/10/2025,SMR without CCS,1.90,58.50
07/10/2025,Minimum RFNBO compliant,7.00,209.90
07/10/2025,Maximum RFNBO compliant,8.40,253.50
08/10/2025,Alcaline,7.20,217.50
08/10/2025,RFNBO compliant,9.30,278.20
08/10/2025,SMR without CCS,1.90,57.60
08/10/2025,Minimum RFNBO compliant,7.80,233.00
08/10/2025,Maximum RFNBO compliant,10.50,314.70
09/10/2025,Alcaline,7.20,217.00
09/10/2025,RFNBO compliant,9.00,270.20
09/10/2025,SMR without CCS,1.90,57.30
09/10/2025,Minimum RFNBO compliant,8.00,240.80
09/10/2025,Maximum RFNBO compliant,9.80,293.70
10/10/2025,Alcaline,7.20,216.60
10/10/2025,RFNBO compliant,8.10,243.80
10/10/2025,SMR without CCS,1.90,56.70
10/10/2025,Minimum RFNBO compliant,7.00,209.00
10/10/2025,Maximum RFNBO compliant,9.00,270.60
13/10/2025,Alcaline,7.20,216.00
13/10/2025,RFNBO compliant,8.10,243.30
13/10/2025,SMR without CCS,1.90,56.10
13/10/2025,Minimum RFNBO compliant,7.50,225.20
13/10/2025,Maximum RFNBO compliant,8.60,258.60
14/10/2025,Alcaline,7.30,217.90
14/10/2025,RFNBO compliant,9.20,276.30
14/10/2025,SMR without CCS,1.90,56.50
14/10/2025,Minimum RFNBO compliant,7.10,213.80
14/10/2025,Maximum RFNBO compliant,10.70,320.40
15/10/2025,Alcaline,7.20,217.40
15/10/2025,RFNBO compliant,9.70,291.30
15/10/2025,SMR without CCS,1.90,56.60
15/10/2025,Minimum RFNBO compliant,7.80,233.60
15/10/2025,Maximum RFNBO compliant,11.10,333.90
16/10/2025,Alcaline,7.40,222.50
16/10/2025,RFNBO compliant,9.50,284.10
16/10/2025,SMR without CCS,1.90,57.20
16/10/2025,Minimum RFNBO compliant,7.60,229.10
16/10/2025,Maximum RFNBO compliant,10.70,320.70
