timestamp,P_wind_MW,P_solar_MW
2035-01-01 00:00:00,0.0,0.0
2035-01-01 01:00:00,0.0,0.0
2035-01-01 02:00:00,0.0,0.0
2035-01-01 03:00:00,0.0,76.87603028620626
2035-01-01 04:00:00,0.0,185.35141044465684
2035-01-01 05:00:00,0.0,265.52886534438113
2035-01-01 06:00:00,0.0,315.050234547152
2035-01-01 07:00:00,0.0,341.933263542942
2035-01-01 08:00:00,0.0,345.23468815646004
2035-01-01 09:00:00,0.0,324.01124421241536
2035-01-01 10:00:00,0.0,278.7345637984534
2035-01-01 11:00:00,0.0,206.57485438870148
2035-01-01 12:00:00,0.0,105.1739555449325
2035-01-01 13:00:00,0.0,4.244688788808935
2035-01-01 14:00:00,0.0,0.0
2035-01-01 15:00:00,0.0,0.0
2035-01-01 16:00:00,0.0,0.0
2035-01-01 17:00:00,0.0,0.0
2035-01-01 18:00:00,0.0,0.0
2035-01-01 19:00:00,0.0,0.0
2035-01-01 20:00:00,0.0,0.0
2035-01-01 21:00:00,0.0,0.0
2035-01-01 22:00:00,0.0,0.0
2035-01-01 23:00:00,0.0,0.0
2035-01-02 00:00:00,0.0,0.0
2035-01-02 01:00:00,0.0,0.0
2035-01-02 02:00:00,0.0,0.0
2035-01-02 03:00:00,0.0,71.68807732210645
2035-01-02 04:00:00,0.0,180.163457480557
2035-01-02 05:00:00,0.0,261.2841765555722
2035-01-02 06:00:00,0.0,313.16370619657033
2035-01-02 07:00:00,0.0,340.0467351923602
2035-01-02 08:00:00,0.0,342.40489563058736
2035-01-02 09:00:00,0.0,320.7098195988973
2035-01-02 10:00:00,0.0,274.9615070972899
2035-01-02 11:00:00,0.0,202.33016559989255
2035-01-02 12:00:00,0.0,101.400898843769
2035-01-02 13:00:00,0.0,4.244688788808935
2035-01-02 14:00:00,0.0,0.0
2035-01-02 15:00:00,0.0,0.0
2035-01-02 16:00:00,0.0,0.0
2035-01-02 17:00:00,0.0,0.0
2035-01-02 18:00:00,0.0,0.0
2035-01-02 19:00:00,0.0,0.0
2035-01-02 20:00:00,0.0,0.0
2035-01-02 21:00:00,0.0,0.0
2035-01-02 22:00:00,0.0,0.0
2035-01-02 23:00:00,0.0,0.0
2035-01-03 00:00:00,0.0,0.0
2035-01-03 01:00:00,0.0,0.0
2035-01-03 02:00:00,0.0,0.0
2035-01-03 03:00:00,0.0,76.87603028620626
2035-01-03 04:00:00,0.0,184.8797783570114
2035-01-03 05:00:00,0.0,266.0004974320266
2035-01-03 06:00:00,0.0,318.82329124831557
2035-01-03 07:00:00,0.0,344.76305606881454
2035-01-03 08:00:00,0.0,347.12121650704177
2035-01-03 09:00:00,0.0,326.3694046506425
2035-01-03 10:00:00,0.0,281.564356324326
2035-01-03 11:00:00,0.0,209.87627900221955
2035-01-03 12:00:00,0.0,109.41864433374143
2035-01-03 13:00:00,0.0,5.659585051745246
2035-01-03 14:00:00,0.0,0.0
2035-01-03 15:00:00,0.0,0.0
2035-01-03 16:00:00,0.0,0.0
2035-01-03 17:00:00,0.0,0.0
2035-01-03 18:00:00,0.0,0.0
2035-01-03 19:00:00,0.0,0.0
2035-01-03 20:00:00,0.0,0.0
2035-01-03 21:00:00,0.0,0.0
2035-01-03 22:00:00,0.0,0.0
2035-01-03 23:00:00,0.0,0.0
2035-01-04 00:00:00,0.0,0.0
2035-01-04 01:00:00,0.0,0.0
2035-01-04 02:00:00,0.0,0.0
2035-01-04 03:00:00,0.0,80.64908698736977
2035-01-04 04:00:00,0.0,190.0677313211112
2035-01-04 05:00:00,0.0,269.30192204554464
2035-01-04 06:00:00,0.0,318.3516591606701
2035-01-04 07:00:00,0.0,343.34815980587825
2035-01-04 08:00:00,0.0,345.23468815646004
2035-01-04 09:00:00,0.0,324.48287630006075
2035-01-04 10:00:00,0.0,278.7345637984534
2035-01-04 11:00:00,0.0,207.04648647634693
2035-01-04 12:00:00,0.0,106.5888518078688
2035-01-04 13:00:00,0.0,5.659585051745246
2035-01-04 14:00:00,0.0,0.0
2035-01-04 15:00:00,0.0,0.0
2035-01-04 16:00:00,0.0,0.0
2035-01-04 17:00:00,0.0,0.0
2035-01-04 18:00:00,0.0,0.0
2035-01-04 19:00:00,0.0,0.0
2035-01-04 20:00:00,0.0,0.0
2035-01-04 21:00:00,0.0,0.0
2035-01-04 22:00:00,0.0,0.0
2035-01-04 23:00:00,0.0,0.0
2035-01-05 00:00:00,0.0,0.0
2035-01-05 01:00:00,0.0,0.0
2035-01-05 02:00:00,0.0,0.0
2035-01-05 03:00:00,0.0,72.63134149739733
2035-01-05 04:00:00,0.0,179.22019330526612
2035-01-05 05:00:00,0.0,257.98275194205416
2035-01-05 06:00:00,0.0,304.6743286189525
2035-01-05 07:00:00,0.0,329.6708292641606
2035-01-05 08:00:00,0.0,331.55735761474233
2035-01-05 09:00:00,0.0,311.27717784598855
2035-01-05 10:00:00,0.0,265.0572332567357
2035-01-05 11:00:00,0.0,191.01099549640205
2035-01-05 12:00:00,0.0,89.13846456498761
2035-01-05 13:00:00,0.0,2.358160438227186
2035-01-05 14:00:00,0.0,0.0
2035-01-05 15:00:00,0.0,0.0
2035-01-05 16:00:00,0.0,0.0
2035-01-05 17:00:00,0.0,0.0
2035-01-05 18:00:00,0.0,0.0
2035-01-05 19:00:00,0.0,0.0
2035-01-05 20:00:00,0.0,0.0
2035-01-05 21:00:00,0.0,0.0
2035-01-05 22:00:00,0.0,0.0
2035-01-05 23:00:00,0.0,0.0
2035-01-06 00:00:00,0.0,0.0
2035-01-06 01:00:00,0.0,0.0
2035-01-06 02:00:00,0.0,0.0
2035-01-06 03:00:00,0.0,54.237690079225274
2035-01-06 04:00:00,0.0,154.22369266005796
2035-01-06 05:00:00,0.0,244.7770534879819
2035-01-06 06:00:00,0.0,300.4296398301435
2035-01-06 07:00:00,0.0,329.6708292641606
2035-01-06 08:00:00,0.0,333.9155180529695
2035-01-06 09:00:00,0.0,313.6353382842157
2035-01-06 10:00:00,0.0,267.4153936949629
2035-01-06 11:00:00,0.0,194.3124201099201
2035-01-06 12:00:00,0.0,91.96825709086025
2035-01-06 13:00:00,0.0,3.3014246135180607
2035-01-06 14:00:00,0.0,0.0
2035-01-06 15:00:00,0.0,0.0
2035-01-06 16:00:00,0.0,0.0
2035-01-06 17:00:00,0.0,0.0
2035-01-06 18:00:00,0.0,0.0
2035-01-06 19:00:00,0.0,0.0
2035-01-06 20:00:00,0.0,0.0
2035-01-06 21:00:00,0.0,0.0
2035-01-06 22:00:00,0.0,0.0
2035-01-06 23:00:00,0.0,0.0
2035-01-07 00:00:00,0.0,0.0
2035-01-07 01:00:00,0.0,0.0
2035-01-07 02:00:00,0.0,0.0
2035-01-07 03:00:00,0.0,76.87603028620626
2035-01-07 04:00:00,0.0,184.40814626936594
2035-01-07 05:00:00,0.0,265.52886534438113
2035-01-07 06:00:00,0.0,316.9367628977338
2035-01-07 07:00:00,0.0,344.29142398116915
2035-01-07 08:00:00,0.0,346.6495844193963
2035-01-07 09:00:00,0.0,322.5963479494791
2035-01-07 10:00:00,0.0,275.9047712725808
2035-01-07 11:00:00,0.0,201.8585335122471
2035-01-07 12:00:00,0.0,98.57110631789637
2035-01-07 13:00:00,0.0,3.7730567011634975
2035-01-07 14:00:00,0.0,0.0
2035-01-07 15:00:00,0.0,0.0
2035-01-07 16:00:00,0.0,0.0
2035-01-07 17:00:00,0.0,0.0
2035-01-07 18:00:00,0.0,0.0
2035-01-07 19:00:00,0.0,0.0
2035-01-07 20:00:00,0.0,0.0
2035-01-07 21:00:00,0.0,0.0
2035-01-07 22:00:00,0.0,0.0
2035-01-07 23:00:00,0.0,0.0
2035-01-08 00:00:00,0.0,0.0
2035-01-08 01:00:00,0.0,0.0
2035-01-08 02:00:00,0.0,0.0
2035-01-08 03:00:00,0.0,74.04623776033364
2035-01-08 04:00:00,0.0,184.40814626936594
2035-01-08 05:00:00,0.0,265.52886534438113
2035-01-08 06:00:00,0.0,315.9934987224429
2035-01-08 07:00:00,0.0,342.40489563058736
2035-01-08 08:00:00,0.0,344.29142398116915
2035-01-08 09:00:00,0.0,323.53961212477
2035-01-08 10:00:00,0.0,276.84803544787167
2035-01-08 11:00:00,0.0,203.74506186282886
2035-01-08 12:00:00,0.0,103.28742719435074
2035-01-08 13:00:00,0.0,5.659585051745246
2035-01-08 14:00:00,0.0,0.0
2035-01-08 15:00:00,0.0,0.0
2035-01-08 16:00:00,0.0,0.0
2035-01-08 17:00:00,0.0,0.0
2035-01-08 18:00:00,0.0,0.0
2035-01-08 19:00:00,0.0,0.0
2035-01-08 20:00:00,0.0,0.0
2035-01-08 21:00:00,0.0,0.0
2035-01-08 22:00:00,0.0,0.0
2035-01-08 23:00:00,0.0,0.0
2035-01-09 00:00:00,0.0,0.0
2035-01-09 01:00:00,0.0,0.0
2035-01-09 02:00:00,0.0,0.0
2035-01-09 03:00:00,0.0,78.29092654914258
2035-01-09 04:00:00,0.0,186.2946746199477
2035-01-09 05:00:00,0.0,266.94376160731747
2035-01-09 06:00:00,0.0,319.76655542360646
2035-01-09 07:00:00,0.0,345.7063202441054
2035-01-09 08:00:00,0.0,348.5361127699781
2035-01-09 09:00:00,0.0,324.95450838770626
2035-01-09 10:00:00,0.0,278.7345637984534
2035-01-09 11:00:00,0.0,202.801797687538
2035-01-09 12:00:00,0.0,104.23069136964162
2035-01-09 13:00:00,0.0,6.131217139390683
2035-01-09 14:00:00,0.0,0.0
2035-01-09 15:00:00,0.0,0.0
2035-01-09 16:00:00,0.0,0.0
2035-01-09 17:00:00,0.0,0.0
2035-01-09 18:00:00,0.0,0.0
2035-01-09 19:00:00,0.0,0.0
2035-01-09 20:00:00,0.0,0.0
2035-01-09 21:00:00,0.0,0.0
2035-01-09 22:00:00,0.0,0.0
2035-01-09 23:00:00,0.0,0.0
2035-01-10 00:00:00,0.0,0.0
2035-01-10 01:00:00,0.0,0.0
2035-01-10 02:00:00,0.0,0.0
2035-01-10 03:00:00,0.0,67.91502062094295
2035-01-10 04:00:00,0.0,186.2946746199477
2035-01-10 05:00:00,0.0,266.94376160731747
2035-01-10 06:00:00,0.0,321.18145168654274
2035-01-10 07:00:00,0.0,347.12121650704177
2035-01-10 08:00:00,0.0,349.0077448576235
2035-01-10 09:00:00,0.0,326.3694046506425
2035-01-10 10:00:00,0.0,278.7345637984534
2035-01-10 11:00:00,0.0,207.04648647634693
2035-01-10 12:00:00,0.0,106.11721972022336
2035-01-10 13:00:00,0.0,6.131217139390683
2035-01-10 14:00:00,0.0,0.0
2035-01-10 15:00:00,0.0,0.0
2035-01-10 16:00:00,0.0,0.0
2035-01-10 17:00:00,0.0,0.0
2035-01-10 18:00:00,0.0,0.0
2035-01-10 19:00:00,0.0,0.0
2035-01-10 20:00:00,0.0,0.0
2035-01-10 21:00:00,0.0,0.0
2035-01-10 22:00:00,0.0,0.0
2035-01-10 23:00:00,0.0,0.0
2035-01-11 00:00:00,0.0,0.0
2035-01-11 01:00:00,0.0,0.0
2035-01-11 02:00:00,0.0,0.0
2035-01-11 03:00:00,0.0,66.97175644565208
2035-01-11 04:00:00,0.0,176.3904007793935
2035-01-11 05:00:00,0.0,258.926016117345
2035-01-11 06:00:00,0.0,316.4651308100884
2035-01-11 07:00:00,0.0,340.0467351923602
2035-01-11 08:00:00,0.0,340.0467351923602
2035-01-11 09:00:00,0.0,310.33391367069765
2035-01-11 10:00:00,0.0,257.98275194205416
2035-01-11 11:00:00,0.0,176.3904007793935
2035-01-11 12:00:00,0.0,72.63134149739733
2035-01-11 13:00:00,0.0,1.4148962629363115
2035-01-11 14:00:00,0.0,0.0
2035-01-11 15:00:00,0.0,0.0
2035-01-11 16:00:00,0.0,0.0
2035-01-11 17:00:00,0.0,0.0
2035-01-11 18:00:00,0.0,0.0
2035-01-11 19:00:00,0.0,0.0
2035-01-11 20:00:00,0.0,0.0
2035-01-11 21:00:00,0.0,0.0
2035-01-11 22:00:00,0.0,0.0
2035-01-11 23:00:00,0.0,0.0
2035-01-12 00:00:00,0.0,0.0
2035-01-12 01:00:00,0.0,0.0
2035-01-12 02:00:00,0.0,0.0
2035-01-12 03:00:00,0.0,69.32991688387926
2035-01-12 04:00:00,0.0,179.69182539291157
2035-01-12 05:00:00,0.0,261.7558086432177
2035-01-12 06:00:00,0.0,322.5963479494791
2035-01-12 07:00:00,0.0,345.7063202441054
2035-01-12 08:00:00,0.0,346.17795233175093
2035-01-12 09:00:00,0.0,324.48287630006075
2035-01-12 10:00:00,0.0,277.31966753551706
2035-01-12 11:00:00,0.0,204.21669395047428
2035-01-12 12:00:00,0.0,101.400898843769
2035-01-12 13:00:00,0.0,5.187952964099809
2035-01-12 14:00:00,0.0,0.0
2035-01-12 15:00:00,0.0,0.0
2035-01-12 16:00:00,0.0,0.0
2035-01-12 17:00:00,0.0,0.0
2035-01-12 18:00:00,0.0,0.0
2035-01-12 19:00:00,0.0,0.0
2035-01-12 20:00:00,0.0,0.0
2035-01-12 21:00:00,0.0,0.0
2035-01-12 22:00:00,0.0,0.0
2035-01-12 23:00:00,0.0,0.0
2035-01-13 00:00:00,0.0,0.0
2035-01-13 01:00:00,0.0,0.0
2035-01-13 02:00:00,0.0,0.0
2035-01-13 03:00:00,0.0,73.5746056726882
2035-01-13 04:00:00,0.0,181.10672165584788
2035-01-13 05:00:00,0.0,262.6990728185085
2035-01-13 06:00:00,0.0,312.22044202127944
2035-01-13 07:00:00,0.0,339.10347101706935
2035-01-13 08:00:00,0.0,341.933263542942
2035-01-13 09:00:00,0.0,320.23818751125185
2035-01-13 10:00:00,0.0,273.0749787467081
2035-01-13 11:00:00,0.0,198.55710889872907
2035-01-13 12:00:00,0.0,95.74131379202375
2035-01-13 13:00:00,0.0,4.244688788808935
2035-01-13 14:00:00,0.0,0.0
2035-01-13 15:00:00,0.0,0.0
2035-01-13 16:00:00,0.0,0.0
2035-01-13 17:00:00,0.0,0.0
2035-01-13 18:00:00,0.0,0.0
2035-01-13 19:00:00,0.0,0.0
2035-01-13 20:00:00,0.0,0.0
2035-01-13 21:00:00,0.0,0.0
2035-01-13 22:00:00,0.0,0.0
2035-01-13 23:00:00,0.0,0.0
2035-01-14 00:00:00,0.0,0.0
2035-01-14 01:00:00,0.0,0.0
2035-01-14 02:00:00,0.0,0.0
2035-01-14 03:00:00,0.0,53.76605799157984
2035-01-14 04:00:00,0.0,161.29817397473954
2035-01-14 05:00:00,0.0,239.11746843623666
2035-01-14 06:00:00,0.0,303.2594323560161
2035-01-14 07:00:00,0.0,337.21694266648757
2035-01-14 08:00:00,0.0,327.31266882593343
2035-01-14 09:00:00,0.0,305.14596070659786
2035-01-14 10:00:00,0.0,267.8870257826083
2035-01-14 11:00:00,0.0,192.8975238469838
2035-01-14 12:00:00,0.0,92.91152126615113
2035-01-14 13:00:00,0.0,3.3014246135180607
2035-01-14 14:00:00,0.0,0.0
2035-01-14 15:00:00,0.0,0.0
2035-01-14 16:00:00,0.0,0.0
2035-01-14 17:00:00,0.0,0.0
2035-01-14 18:00:00,0.0,0.0
2035-01-14 19:00:00,0.0,0.0
2035-01-14 20:00:00,0.0,0.0
2035-01-14 21:00:00,0.0,0.0
2035-01-14 22:00:00,0.0,0.0
2035-01-14 23:00:00,0.0,0.0
2035-01-15 00:00:00,0.0,0.0
2035-01-15 01:00:00,0.0,0.0
2035-01-15 02:00:00,0.0,0.0
2035-01-15 03:00:00,0.0,63.670331832134025
2035-01-15 04:00:00,0.0,157.525117273576
2035-01-15 05:00:00,0.0,241.00399678681842
2035-01-15 06:00:00,0.0,303.2594323560161
2035-01-15 07:00:00,0.0,334.387150140615
2035-01-15 08:00:00,0.0,338.6318389294239
2035-01-15 09:00:00,0.0,324.01124421241536
2035-01-15 10:00:00,0.0,282.0359884119714
2035-01-15 11:00:00,0.0,209.87627900221955
2035-01-15 12:00:00,0.0,108.47538015845055
2035-01-15 13:00:00,0.0,7.546113402326995
2035-01-15 14:00:00,0.0,0.0
2035-01-15 15:00:00,0.0,0.0
2035-01-15 16:00:00,0.0,0.0
2035-01-15 17:00:00,0.0,0.0
2035-01-15 18:00:00,0.0,0.0
2035-01-15 19:00:00,0.0,0.0
2035-01-15 20:00:00,0.0,0.0
2035-01-15 21:00:00,0.0,0.0
2035-01-15 22:00:00,0.0,0.0
2035-01-15 23:00:00,0.0,0.0
2035-01-16 00:00:00,0.0,0.0
2035-01-16 01:00:00,0.0,0.0
2035-01-16 02:00:00,0.0,0.0
2035-01-16 03:00:00,0.0,79.70582281207889
2035-01-16 04:00:00,0.0,186.2946746199477
2035-01-16 05:00:00,0.0,267.8870257826083
2035-01-16 06:00:00,0.0,320.7098195988973
2035-01-16 07:00:00,0.0,347.12121650704177
2035-01-16 08:00:00,0.0,349.47937694526894
2035-01-16 09:00:00,0.0,330.14246135180605
2035-01-16 10:00:00,0.0,283.9225167625532
2035-01-16 11:00:00,0.0,211.29117526515589
2035-01-16 12:00:00,0.0,110.36190850903229
2035-01-16 13:00:00,0.0,8.017745489972432
2035-01-16 14:00:00,0.0,0.0
2035-01-16 15:00:00,0.0,0.0
2035-01-16 16:00:00,0.0,0.0
2035-01-16 17:00:00,0.0,0.0
2035-01-16 18:00:00,0.0,0.0
2035-01-16 19:00:00,0.0,0.0
2035-01-16 20:00:00,0.0,0.0
2035-01-16 21:00:00,0.0,0.0
2035-01-16 22:00:00,0.0,0.0
2035-01-16 23:00:00,0.0,0.0
2035-01-17 00:00:00,0.0,0.0
2035-01-17 01:00:00,0.0,0.0
2035-01-17 02:00:00,0.0,0.0
2035-01-17 03:00:00,0.0,85.36540786382412
2035-01-17 04:00:00,0.0,192.8975238469838
2035-01-17 05:00:00,0.0,273.0749787467081
2035-01-17 06:00:00,0.0,324.48287630006075
2035-01-17 07:00:00,0.0,350.42264112055983
2035-01-17 08:00:00,0.0,351.8375373834961
2035-01-17 09:00:00,0.0,328.25593300122426
2035-01-17 10:00:00,0.0,281.09272423668057
2035-01-17 11:00:00,0.0,206.57485438870148
2035-01-17 12:00:00,0.0,103.75905928199617
2035-01-17 13:00:00,0.0,6.602849227036121
2035-01-17 14:00:00,0.0,0.0
2035-01-17 15:00:00,0.0,0.0
2035-01-17 16:00:00,0.0,0.0
2035-01-17 17:00:00,0.0,0.0
2035-01-17 18:00:00,0.0,0.0
2035-01-17 19:00:00,0.0,0.0
2035-01-17 20:00:00,0.0,0.0
2035-01-17 21:00:00,0.0,0.0
2035-01-17 22:00:00,0.0,0.0
2035-01-17 23:00:00,0.0,0.0
2035-01-18 00:00:00,0.0,0.0
2035-01-18 01:00:00,0.0,0.0
2035-01-18 02:00:00,0.0,0.0
2035-01-18 03:00:00,0.0,78.29092654914258
2035-01-18 04:00:00,0.0,182.99325000642963
2035-01-18 05:00:00,0.0,257.0394877667633
2035-01-18 06:00:00,0.0,301.8445360930798
2035-01-18 07:00:00,0.0,338.6318389294239
2035-01-18 08:00:00,0.0,339.5751031047148
2035-01-18 09:00:00,0.0,319.76655542360646
2035-01-18 10:00:00,0.0,277.31966753551706
2035-01-18 11:00:00,0.0,206.10322230105606
2035-01-18 12:00:00,0.0,105.1739555449325
2035-01-18 13:00:00,0.0,7.546113402326995
2035-01-18 14:00:00,0.0,0.0
2035-01-18 15:00:00,0.0,0.0
2035-01-18 16:00:00,0.0,0.0
2035-01-18 17:00:00,0.0,0.0
2035-01-18 18:00:00,0.0,0.0
2035-01-18 19:00:00,0.0,0.0
2035-01-18 20:00:00,0.0,0.0
2035-01-18 21:00:00,0.0,0.0
2035-01-18 22:00:00,0.0,0.0
2035-01-18 23:00:00,0.0,0.0
2035-01-19 00:00:00,0.0,0.0
2035-01-19 01:00:00,0.0,0.0
2035-01-19 02:00:00,0.0,0.0
2035-01-19 03:00:00,0.0,78.29092654914258
2035-01-19 04:00:00,0.0,185.35141044465684
2035-01-19 05:00:00,0.0,264.5856011690903
2035-01-19 06:00:00,0.0,315.9934987224429
2035-01-19 07:00:00,0.0,341.933263542942
2035-01-19 08:00:00,0.0,344.29142398116915
2035-01-19 09:00:00,0.0,316.9367628977338
2035-01-19 10:00:00,0.0,267.8870257826083
2035-01-19 11:00:00,0.0,190.0677313211112
2035-01-19 12:00:00,0.0,85.83703995146956
2035-01-19 13:00:00,0.0,3.7730567011634975
2035-01-19 14:00:00,0.0,0.0
2035-01-19 15:00:00,0.0,0.0
2035-01-19 16:00:00,0.0,0.0
2035-01-19 17:00:00,0.0,0.0
2035-01-19 18:00:00,0.0,0.0
2035-01-19 19:00:00,0.0,0.0
2035-01-19 20:00:00,0.0,0.0
2035-01-19 21:00:00,0.0,0.0
2035-01-19 22:00:00,0.0,0.0
2035-01-19 23:00:00,0.0,0.0
2035-01-20 00:00:00,0.0,0.0
2035-01-20 01:00:00,0.0,0.0
2035-01-20 02:00:00,0.0,0.0
2035-01-20 03:00:00,0.0,48.578105027480035
2035-01-20 04:00:00,0.0,146.20594717008552
2035-01-20 05:00:00,0.0,231.57135503390967
2035-01-20 06:00:00,0.0,295.7133189536891
2035-01-20 07:00:00,0.0,322.5963479494791
2035-01-20 08:00:00,0.0,323.06798003712447
2035-01-20 09:00:00,0.0,301.37290400543435
2035-01-20 10:00:00,0.0,249.0217422767908
2035-01-20 11:00:00,0.0,169.7875515523574
2035-01-20 12:00:00,0.0,72.63134149739733
2035-01-20 13:00:00,0.0,2.829792525872623
2035-01-20 14:00:00,0.0,0.0
2035-01-20 15:00:00,0.0,0.0
2035-01-20 16:00:00,0.0,0.0
2035-01-20 17:00:00,0.0,0.0
2035-01-20 18:00:00,0.0,0.0
2035-01-20 19:00:00,0.0,0.0
2035-01-20 20:00:00,0.0,0.0
2035-01-20 21:00:00,0.0,0.0
2035-01-20 22:00:00,0.0,0.0
2035-01-20 23:00:00,0.0,0.0
2035-01-21 00:00:00,0.0,0.0
2035-01-21 01:00:00,0.0,0.0
2035-01-21 02:00:00,0.0,0.0
2035-01-21 03:00:00,0.0,85.36540786382412
2035-01-21 04:00:00,0.0,198.55710889872907
2035-01-21 05:00:00,0.0,279.20619588609884
2035-01-21 06:00:00,0.0,331.55735761474233
2035-01-21 07:00:00,0.0,355.6105940846597
2035-01-21 08:00:00,0.0,356.55385825995046
2035-01-21 09:00:00,0.0,333.9155180529695
2035-01-21 10:00:00,0.0,285.8090451131349
2035-01-21 11:00:00,0.0,209.4046469145741
2035-01-21 12:00:00,0.0,104.23069136964162
2035-01-21 13:00:00,0.0,7.546113402326995
2035-01-21 14:00:00,0.0,0.0
2035-01-21 15:00:00,0.0,0.0
2035-01-21 16:00:00,0.0,0.0
2035-01-21 17:00:00,0.0,0.0
2035-01-21 18:00:00,0.0,0.0
2035-01-21 19:00:00,0.0,0.0
2035-01-21 20:00:00,0.0,0.0
2035-01-21 21:00:00,0.0,0.0
2035-01-21 22:00:00,0.0,0.0
2035-01-21 23:00:00,0.0,0.0
2035-01-22 00:00:00,0.0,0.0
2035-01-22 01:00:00,0.0,0.0
2035-01-22 02:00:00,0.0,0.0
2035-01-22 03:00:00,0.0,85.36540786382412
2035-01-22 04:00:00,0.0,196.67058054814729
2035-01-22 05:00:00,0.0,277.7912996231625
2035-01-22 06:00:00,0.0,332.0289897023878
2035-01-22 07:00:00,0.0,357.96875452288685
2035-01-22 08:00:00,0.0,358.9120186981777
2035-01-22 09:00:00,0.0,337.688574754133
2035-01-22 10:00:00,0.0,289.5821018142984
2035-01-22 11:00:00,0.0,213.64933570338303
2035-01-22 12:00:00,0.0,108.47538015845055
2035-01-22 13:00:00,0.0,8.017745489972432
2035-01-22 14:00:00,0.0,0.0
2035-01-22 15:00:00,0.0,0.0
2035-01-22 16:00:00,0.0,0.0
2035-01-22 17:00:00,0.0,0.0
2035-01-22 18:00:00,0.0,0.0
2035-01-22 19:00:00,0.0,0.0
2035-01-22 20:00:00,0.0,0.0
2035-01-22 21:00:00,0.0,0.0
2035-01-22 22:00:00,0.0,0.0
2035-01-22 23:00:00,0.0,0.0
2035-01-23 00:00:00,0.0,0.0
2035-01-23 01:00:00,0.0,0.0
2035-01-23 02:00:00,0.0,0.0
2035-01-23 03:00:00,0.0,84.42214368853325
2035-01-23 04:00:00,0.0,195.25568428521098
2035-01-23 05:00:00,0.0,276.84803544787167
2035-01-23 06:00:00,0.0,327.31266882593343
2035-01-23 07:00:00,0.0,354.1956978217233
2035-01-23 08:00:00,0.0,356.08222617230507
2035-01-23 09:00:00,0.0,336.7453105788422
2035-01-23 10:00:00,0.0,289.5821018142984
2035-01-23 11:00:00,0.0,214.59259987867392
2035-01-23 12:00:00,0.0,110.36190850903229
2035-01-23 13:00:00,0.0,9.432641752908744
2035-01-23 14:00:00,0.0,0.0
2035-01-23 15:00:00,0.0,0.0
2035-01-23 16:00:00,0.0,0.0
2035-01-23 17:00:00,0.0,0.0
2035-01-23 18:00:00,0.0,0.0
2035-01-23 19:00:00,0.0,0.0
2035-01-23 20:00:00,0.0,0.0
2035-01-23 21:00:00,0.0,0.0
2035-01-23 22:00:00,0.0,0.0
2035-01-23 23:00:00,0.0,0.0
2035-01-24 00:00:00,0.0,0.0
2035-01-24 01:00:00,0.0,0.0
2035-01-24 02:00:00,0.0,0.0
2035-01-24 03:00:00,0.0,86.78030412676044
2035-01-24 04:00:00,0.0,194.78405219756553
2035-01-24 05:00:00,0.0,274.9615070972899
2035-01-24 06:00:00,0.0,327.31266882593343
2035-01-24 07:00:00,0.0,353.7240657340779
2035-01-24 08:00:00,0.0,356.08222617230507
2035-01-24 09:00:00,0.0,335.8020464035513
2035-01-24 10:00:00,0.0,289.110469726653
2035-01-24 11:00:00,0.0,215.06423196631937
2035-01-24 12:00:00,0.0,112.24843685961405
2035-01-24 13:00:00,0.0,10.847538015845055
2035-01-24 14:00:00,0.0,0.0
2035-01-24 15:00:00,0.0,0.0
2035-01-24 16:00:00,0.0,0.0
2035-01-24 17:00:00,0.0,0.0
2035-01-24 18:00:00,0.0,0.0
2035-01-24 19:00:00,0.0,0.0
2035-01-24 20:00:00,0.0,0.0
2035-01-24 21:00:00,0.0,0.0
2035-01-24 22:00:00,0.0,0.0
2035-01-24 23:00:00,0.0,0.0
2035-01-25 00:00:00,0.0,0.0
2035-01-25 01:00:00,0.0,0.0
2035-01-25 02:00:00,0.0,0.0
2035-01-25 03:00:00,0.0,81.12071907501519
2035-01-25 04:00:00,0.0,186.2946746199477
2035-01-25 05:00:00,0.0,267.4153936949629
2035-01-25 06:00:00,0.0,319.76655542360646
2035-01-25 07:00:00,0.0,346.6495844193963
2035-01-25 08:00:00,0.0,349.9510090329144
2035-01-25 09:00:00,0.0,325.42614047535164
2035-01-25 10:00:00,0.0,275.9047712725808
2035-01-25 11:00:00,0.0,202.801797687538
2035-01-25 12:00:00,0.0,103.75905928199617
2035-01-25 13:00:00,0.0,8.48937757761787
2035-01-25 14:00:00,0.0,0.0
2035-01-25 15:00:00,0.0,0.0
2035-01-25 16:00:00,0.0,0.0
2035-01-25 17:00:00,0.0,0.0
2035-01-25 18:00:00,0.0,0.0
2035-01-25 19:00:00,0.0,0.0
2035-01-25 20:00:00,0.0,0.0
2035-01-25 21:00:00,0.0,0.0
2035-01-25 22:00:00,0.0,0.0
2035-01-25 23:00:00,0.0,0.0
2035-01-26 00:00:00,0.0,0.0
2035-01-26 01:00:00,0.0,0.0
2035-01-26 02:00:00,0.0,0.0
2035-01-26 03:00:00,0.0,79.23419072443345
2035-01-26 04:00:00,0.0,185.82304253230225
2035-01-26 05:00:00,0.0,266.94376160731747
2035-01-26 06:00:00,0.0,321.18145168654274
2035-01-26 07:00:00,0.0,348.0644806823326
2035-01-26 08:00:00,0.0,349.9510090329144
2035-01-26 09:00:00,0.0,328.72756508886965
2035-01-26 10:00:00,0.0,281.564356324326
2035-01-26 11:00:00,0.0,207.04648647634693
2035-01-26 12:00:00,0.0,103.75905928199617
2035-01-26 13:00:00,0.0,8.48937757761787
2035-01-26 14:00:00,0.0,0.0
2035-01-26 15:00:00,0.0,0.0
2035-01-26 16:00:00,0.0,0.0
2035-01-26 17:00:00,0.0,0.0
2035-01-26 18:00:00,0.0,0.0
2035-01-26 19:00:00,0.0,0.0
2035-01-26 20:00:00,0.0,0.0
2035-01-26 21:00:00,0.0,0.0
2035-01-26 22:00:00,0.0,0.0
2035-01-26 23:00:00,0.0,0.0
2035-01-27 00:00:00,0.0,0.0
2035-01-27 01:00:00,0.0,0.0
2035-01-27 02:00:00,0.0,0.0
2035-01-27 03:00:00,0.0,79.23419072443345
2035-01-27 04:00:00,0.0,186.76630670759312
2035-01-27 05:00:00,0.0,267.8870257826083
2035-01-27 06:00:00,0.0,321.6530837741882
2035-01-27 07:00:00,0.0,348.5361127699781
2035-01-27 08:00:00,0.0,350.8942732082053
2035-01-27 09:00:00,0.0,327.31266882593343
2035-01-27 10:00:00,0.0,279.67782797374423
2035-01-27 11:00:00,0.0,204.68832603811973
2035-01-27 12:00:00,0.0,101.87253093141443
2035-01-27 13:00:00,0.0,8.48937757761787
2035-01-27 14:00:00,0.0,0.0
2035-01-27 15:00:00,0.0,0.0
2035-01-27 16:00:00,0.0,0.0
2035-01-27 17:00:00,0.0,0.0
2035-01-27 18:00:00,0.0,0.0
2035-01-27 19:00:00,0.0,0.0
2035-01-27 20:00:00,0.0,0.0
2035-01-27 21:00:00,0.0,0.0
2035-01-27 22:00:00,0.0,0.0
2035-01-27 23:00:00,0.0,0.0
2035-01-28 00:00:00,0.0,0.0
2035-01-28 01:00:00,0.0,0.0
2035-01-28 02:00:00,0.0,0.0
2035-01-28 03:00:00,0.0,82.53561533795151
2035-01-28 04:00:00,0.0,188.65283505817487
2035-01-28 05:00:00,0.0,267.8870257826083
2035-01-28 06:00:00,0.0,322.5963479494791
2035-01-28 07:00:00,0.0,349.47937694526894
2035-01-28 08:00:00,0.0,352.3091694711416
2035-01-28 09:00:00,0.0,332.0289897023878
2035-01-28 10:00:00,0.0,285.8090451131349
2035-01-28 11:00:00,0.0,211.76280735280127
2035-01-28 12:00:00,0.0,109.89027642138687
2035-01-28 13:00:00,0.0,10.847538015845055
2035-01-28 14:00:00,0.0,0.0
2035-01-28 15:00:00,0.0,0.0
2035-01-28 16:00:00,0.0,0.0
2035-01-28 17:00:00,0.0,0.0
2035-01-28 18:00:00,0.0,0.0
2035-01-28 19:00:00,0.0,0.0
2035-01-28 20:00:00,0.0,0.0
2035-01-28 21:00:00,0.0,0.0
2035-01-28 22:00:00,0.0,0.0
2035-01-28 23:00:00,0.0,0.0
2035-01-29 00:00:00,0.0,0.0
2035-01-29 01:00:00,0.0,0.0
2035-01-29 02:00:00,0.0,0.0
2035-01-29 03:00:00,0.0,49.99300129041634
2035-01-29 04:00:00,0.0,147.1492113453764
2035-01-29 05:00:00,0.0,216.9507603169011
2035-01-29 06:00:00,0.0,303.7310644436616
2035-01-29 07:00:00,0.0,342.87652771823286
2035-01-29 08:00:00,0.0,351.8375373834961
2035-01-29 09:00:00,0.0,332.0289897023878
2035-01-29 10:00:00,0.0,285.8090451131349
2035-01-29 11:00:00,0.0,211.76280735280127
2035-01-29 12:00:00,0.0,108.947012246096
2035-01-29 13:00:00,0.0,10.847538015845055
2035-01-29 14:00:00,0.0,0.0
2035-01-29 15:00:00,0.0,0.0
2035-01-29 16:00:00,0.0,0.0
2035-01-29 17:00:00,0.0,0.0
2035-01-29 18:00:00,0.0,0.0
2035-01-29 19:00:00,0.0,0.0
2035-01-29 20:00:00,0.0,0.0
2035-01-29 21:00:00,0.0,0.0
2035-01-29 22:00:00,0.0,0.0
2035-01-29 23:00:00,0.0,0.0
2035-01-30 00:00:00,0.0,0.0
2035-01-30 01:00:00,0.0,0.0
2035-01-30 02:00:00,0.0,0.0
2035-01-30 03:00:00,0.0,81.59235116266062
2035-01-30 04:00:00,0.0,189.59609923346576
2035-01-30 05:00:00,0.0,271.18845039612637
2035-01-30 06:00:00,0.0,322.5963479494791
2035-01-30 07:00:00,0.0,349.0077448576235
2035-01-30 08:00:00,0.0,350.8942732082053
2035-01-30 09:00:00,0.0,328.72756508886965
2035-01-30 10:00:00,0.0,282.0359884119714
2035-01-30 11:00:00,0.0,207.51811856399235
2035-01-30 12:00:00,0.0,106.11721972022336
2035-01-30 13:00:00,0.0,9.90427384055418
2035-01-30 14:00:00,0.0,0.0
2035-01-30 15:00:00,0.0,0.0
2035-01-30 16:00:00,0.0,0.0
2035-01-30 17:00:00,0.0,0.0
2035-01-30 18:00:00,0.0,0.0
2035-01-30 19:00:00,0.0,0.0
2035-01-30 20:00:00,0.0,0.0
2035-01-30 21:00:00,0.0,0.0
2035-01-30 22:00:00,0.0,0.0
2035-01-30 23:00:00,0.0,0.0
2035-01-31 00:00:00,0.0,0.0
2035-01-31 01:00:00,0.0,0.0
2035-01-31 02:00:00,0.0,0.0
2035-01-31 03:00:00,0.0,75.46113402326995
2035-01-31 04:00:00,0.0,179.22019330526612
2035-01-31 05:00:00,0.0,259.3976482049905
2035-01-31 06:00:00,0.0,312.6920741089248
2035-01-31 07:00:00,0.0,340.0467351923602
2035-01-31 08:00:00,0.0,341.933263542942
2035-01-31 09:00:00,0.0,314.1069703718612
2035-01-31 10:00:00,0.0,264.5856011690903
2035-01-31 11:00:00,0.0,188.18120297052945
2035-01-31 12:00:00,0.0,86.78030412676044
2035-01-31 13:00:00,0.0,6.131217139390683
2035-01-31 14:00:00,0.0,0.0
2035-01-31 15:00:00,0.0,0.0
2035-01-31 16:00:00,0.0,0.0
2035-01-31 17:00:00,0.0,0.0
2035-01-31 18:00:00,0.0,0.0
2035-01-31 19:00:00,0.0,0.0
2035-01-31 20:00:00,0.0,0.0
2035-01-31 21:00:00,0.0,0.0
2035-01-31 22:00:00,0.0,0.0
2035-01-31 23:00:00,0.0,0.0
2035-02-01 00:00:00,0.0,0.0
2035-02-01 01:00:00,0.0,0.0
2035-02-01 02:00:00,0.0,0.0
2035-02-01 03:00:00,0.0,62.2554355691977
2035-02-01 04:00:00,0.0,166.4861269388393
2035-02-01 05:00:00,0.0,250.43663853972714
2035-02-01 06:00:00,0.0,304.6743286189525
2035-02-01 07:00:00,0.0,332.9722538776786
2035-02-01 08:00:00,0.0,336.7453105788422
2035-02-01 09:00:00,0.0,322.5963479494791
2035-02-01 10:00:00,0.0,277.31966753551706
2035-02-01 11:00:00,0.0,202.801797687538
2035-02-01 12:00:00,0.0,101.87253093141443
2035-02-01 13:00:00,0.0,9.90427384055418
2035-02-01 14:00:00,0.0,0.0
2035-02-01 15:00:00,0.0,0.0
2035-02-01 16:00:00,0.0,0.0
2035-02-01 17:00:00,0.0,0.0
2035-02-01 18:00:00,0.0,0.0
2035-02-01 19:00:00,0.0,0.0
2035-02-01 20:00:00,0.0,0.0
2035-02-01 21:00:00,0.0,0.0
2035-02-01 22:00:00,0.0,0.0
2035-02-01 23:00:00,0.0,0.0
2035-02-02 00:00:00,0.0,0.0
2035-02-02 01:00:00,0.0,0.0
2035-02-02 02:00:00,0.0,0.0
2035-02-02 03:00:00,0.0,81.12071907501519
2035-02-02 04:00:00,0.0,185.82304253230225
2035-02-02 05:00:00,0.0,266.94376160731747
2035-02-02 06:00:00,0.0,323.06798003712447
2035-02-02 07:00:00,0.0,351.3659052958507
2035-02-02 08:00:00,0.0,354.1956978217233
2035-02-02 09:00:00,0.0,332.0289897023878
2035-02-02 10:00:00,0.0,284.8657809378441
2035-02-02 11:00:00,0.0,210.81954317751044
2035-02-02 12:00:00,0.0,109.41864433374143
2035-02-02 13:00:00,0.0,11.319170103490492
2035-02-02 14:00:00,0.0,0.0
2035-02-02 15:00:00,0.0,0.0
2035-02-02 16:00:00,0.0,0.0
2035-02-02 17:00:00,0.0,0.0
2035-02-02 18:00:00,0.0,0.0
2035-02-02 19:00:00,0.0,0.0
2035-02-02 20:00:00,0.0,0.0
2035-02-02 21:00:00,0.0,0.0
2035-02-02 22:00:00,0.0,0.0
2035-02-02 23:00:00,0.0,0.0
2035-02-03 00:00:00,0.0,0.0
2035-02-03 01:00:00,0.0,0.0
2035-02-03 02:00:00,0.0,0.0
2035-02-03 03:00:00,0.0,67.44338853329752
2035-02-03 04:00:00,0.0,180.63508956820243
2035-02-03 05:00:00,0.0,266.472129519672
2035-02-03 06:00:00,0.0,317.8800270730247
2035-02-03 07:00:00,0.0,345.7063202441054
2035-02-03 08:00:00,0.0,348.5361127699781
2035-02-03 09:00:00,0.0,325.8977725629971
2035-02-03 10:00:00,0.0,274.48987500964444
2035-02-03 11:00:00,0.0,195.72731637285642
2035-02-03 12:00:00,0.0,93.38315335379656
2035-02-03 13:00:00,0.0,8.961009665263306
2035-02-03 14:00:00,0.0,0.0
2035-02-03 15:00:00,0.0,0.0
2035-02-03 16:00:00,0.0,0.0
2035-02-03 17:00:00,0.0,0.0
2035-02-03 18:00:00,0.0,0.0
2035-02-03 19:00:00,0.0,0.0
2035-02-03 20:00:00,0.0,0.0
2035-02-03 21:00:00,0.0,0.0
2035-02-03 22:00:00,0.0,0.0
2035-02-03 23:00:00,0.0,0.0
2035-02-04 00:00:00,0.0,0.0
2035-02-04 01:00:00,0.0,0.0
2035-02-04 02:00:00,0.0,0.0
2035-02-04 03:00:00,0.0,74.51786984797907
2035-02-04 04:00:00,0.0,184.40814626936594
2035-02-04 05:00:00,0.0,264.11396908144485
2035-02-04 06:00:00,0.0,316.9367628977338
2035-02-04 07:00:00,0.0,343.81979189352376
2035-02-04 08:00:00,0.0,346.17795233175093
2035-02-04 09:00:00,0.0,323.06798003712447
2035-02-04 10:00:00,0.0,272.60334665906265
2035-02-04 11:00:00,0.0,197.61384472343818
2035-02-04 12:00:00,0.0,101.87253093141443
2035-02-04 13:00:00,0.0,10.375905928199616
2035-02-04 14:00:00,0.0,0.0
2035-02-04 15:00:00,0.0,0.0
2035-02-04 16:00:00,0.0,0.0
2035-02-04 17:00:00,0.0,0.0
2035-02-04 18:00:00,0.0,0.0
2035-02-04 19:00:00,0.0,0.0
2035-02-04 20:00:00,0.0,0.0
2035-02-04 21:00:00,0.0,0.0
2035-02-04 22:00:00,0.0,0.0
2035-02-04 23:00:00,0.0,0.0
2035-02-05 00:00:00,0.0,0.0
2035-02-05 01:00:00,0.0,0.0
2035-02-05 02:00:00,0.0,0.0
2035-02-05 03:00:00,0.0,78.29092654914258
2035-02-05 04:00:00,0.0,183.9365141817205
2035-02-05 05:00:00,0.0,264.5856011690903
2035-02-05 06:00:00,0.0,315.9934987224429
2035-02-05 07:00:00,0.0,341.4616314552965
2035-02-05 08:00:00,0.0,341.933263542942
2035-02-05 09:00:00,0.0,316.4651308100884
2035-02-05 10:00:00,0.0,263.6423369937994
2035-02-05 11:00:00,0.0,190.53936340875666
2035-02-05 12:00:00,0.0,95.74131379202375
2035-02-05 13:00:00,0.0,8.961009665263306
2035-02-05 14:00:00,0.0,0.0
2035-02-05 15:00:00,0.0,0.0
2035-02-05 16:00:00,0.0,0.0
2035-02-05 17:00:00,0.0,0.0
2035-02-05 18:00:00,0.0,0.0
2035-02-05 19:00:00,0.0,0.0
2035-02-05 20:00:00,0.0,0.0
2035-02-05 21:00:00,0.0,0.0
2035-02-05 22:00:00,0.0,0.0
2035-02-05 23:00:00,0.0,0.0
2035-02-06 00:00:00,0.0,0.0
2035-02-06 01:00:00,0.0,0.0
2035-02-06 02:00:00,0.0,0.0
2035-02-06 03:00:00,0.0,35.37240657340779
2035-02-06 04:00:00,0.0,99.98600258083268
2035-02-06 05:00:00,0.0,163.18470232532124
2035-02-06 06:00:00,0.0,204.68832603811973
2035-02-06 07:00:00,0.0,244.7770534879819
2035-02-06 08:00:00,0.0,265.52886534438113
2035-02-06 09:00:00,0.0,239.58910052388208
2035-02-06 10:00:00,0.0,179.69182539291157
2035-02-06 11:00:00,0.0,110.36190850903229
2035-02-06 12:00:00,0.0,44.80504832631653
2035-02-06 13:00:00,0.0,2.358160438227186
2035-02-06 14:00:00,0.0,0.0
2035-02-06 15:00:00,0.0,0.0
2035-02-06 16:00:00,0.0,0.0
2035-02-06 17:00:00,0.0,0.0
2035-02-06 18:00:00,0.0,0.0
2035-02-06 19:00:00,0.0,0.0
2035-02-06 20:00:00,0.0,0.0
2035-02-06 21:00:00,0.0,0.0
2035-02-06 22:00:00,0.0,0.0
2035-02-06 23:00:00,0.0,0.0
2035-02-07 00:00:00,0.0,0.0
2035-02-07 01:00:00,0.0,0.0
2035-02-07 02:00:00,0.0,0.0
2035-02-07 03:00:00,0.0,60.8405393062614
2035-02-07 04:00:00,0.0,169.31591946471195
2035-02-07 05:00:00,0.0,266.472129519672
2035-02-07 06:00:00,0.0,321.18145168654274
2035-02-07 07:00:00,0.0,353.25243364643245
2035-02-07 08:00:00,0.0,361.7418112240503
2035-02-07 09:00:00,0.0,338.16020684177846
2035-02-07 10:00:00,0.0,293.8267906031073
2035-02-07 11:00:00,0.0,219.3089207551283
2035-02-07 12:00:00,0.0,116.02149356077756
2035-02-07 13:00:00,0.0,14.148962629363115
2035-02-07 14:00:00,0.0,0.0
2035-02-07 15:00:00,0.0,0.0
2035-02-07 16:00:00,0.0,0.0
2035-02-07 17:00:00,0.0,0.0
2035-02-07 18:00:00,0.0,0.0
2035-02-07 19:00:00,0.0,0.0
2035-02-07 20:00:00,0.0,0.0
2035-02-07 21:00:00,0.0,0.0
2035-02-07 22:00:00,0.0,0.0
2035-02-07 23:00:00,0.0,0.0
2035-02-08 00:00:00,0.0,0.0
2035-02-08 01:00:00,0.0,0.0
2035-02-08 02:00:00,0.0,0.0
2035-02-08 03:00:00,0.0,99.98600258083268
2035-02-08 04:00:00,0.0,207.51811856399235
2035-02-08 05:00:00,0.0,287.6955734637167
2035-02-08 06:00:00,0.0,340.51836728000563
2035-02-08 07:00:00,0.0,367.4013962757956
2035-02-08 08:00:00,0.0,369.7595567140228
2035-02-08 09:00:00,0.0,349.0077448576235
2035-02-08 10:00:00,0.0,302.7878002683707
2035-02-08 11:00:00,0.0,229.21319459568247
2035-02-08 12:00:00,0.0,127.34066366426805
2035-02-08 13:00:00,0.0,18.865283505817487
2035-02-08 14:00:00,0.0,0.0
2035-02-08 15:00:00,0.0,0.0
2035-02-08 16:00:00,0.0,0.0
2035-02-08 17:00:00,0.0,0.0
2035-02-08 18:00:00,0.0,0.0
2035-02-08 19:00:00,0.0,0.0
2035-02-08 20:00:00,0.0,0.0
2035-02-08 21:00:00,0.0,0.0
2035-02-08 22:00:00,0.0,0.0
2035-02-08 23:00:00,0.0,0.0
2035-02-09 00:00:00,0.0,0.0
2035-02-09 01:00:00,0.0,0.0
2035-02-09 02:00:00,0.0,0.4716320876454372
2035-02-09 03:00:00,0.0,111.77680477196861
2035-02-09 04:00:00,0.0,216.47912822925565
2035-02-09 05:00:00,0.0,294.2984226907528
2035-02-09 06:00:00,0.0,345.23468815646004
2035-02-09 07:00:00,0.0,371.17445297695906
2035-02-09 08:00:00,0.0,373.53261341518623
2035-02-09 09:00:00,0.0,351.8375373834961
2035-02-09 10:00:00,0.0,306.08922488188875
2035-02-09 11:00:00,0.0,232.98625129684595
2035-02-09 12:00:00,0.0,131.11372036543156
2035-02-09 13:00:00,0.0,20.280179768753797
2035-02-09 14:00:00,0.0,0.0
2035-02-09 15:00:00,0.0,0.0
2035-02-09 16:00:00,0.0,0.0
2035-02-09 17:00:00,0.0,0.0
2035-02-09 18:00:00,0.0,0.0
2035-02-09 19:00:00,0.0,0.0
2035-02-09 20:00:00,0.0,0.0
2035-02-09 21:00:00,0.0,0.0
2035-02-09 22:00:00,0.0,0.0
2035-02-09 23:00:00,0.0,0.0
2035-02-10 00:00:00,0.0,0.0
2035-02-10 01:00:00,0.0,0.0
2035-02-10 02:00:00,0.0,0.9432641752908744
2035-02-10 03:00:00,0.0,108.47538015845055
2035-02-10 04:00:00,0.0,212.70607152809217
2035-02-10 05:00:00,0.0,290.99699807723476
2035-02-10 06:00:00,0.0,332.0289897023878
2035-02-10 07:00:00,0.0,357.49712243524135
2035-02-10 08:00:00,0.0,362.21344331169576
2035-02-10 09:00:00,0.0,344.76305606881454
2035-02-10 10:00:00,0.0,296.18495104133456
2035-02-10 11:00:00,0.0,224.96850580687354
2035-02-10 12:00:00,0.0,124.98250322604085
2035-02-10 13:00:00,0.0,18.865283505817487
2035-02-10 14:00:00,0.0,0.0
2035-02-10 15:00:00,0.0,0.0
2035-02-10 16:00:00,0.0,0.0
2035-02-10 17:00:00,0.0,0.0
2035-02-10 18:00:00,0.0,0.0
2035-02-10 19:00:00,0.0,0.0
2035-02-10 20:00:00,0.0,0.0
2035-02-10 21:00:00,0.0,0.0
2035-02-10 22:00:00,0.0,0.0
2035-02-10 23:00:00,0.0,0.0
2035-02-11 00:00:00,0.0,0.0
2035-02-11 01:00:00,0.0,0.0
2035-02-11 02:00:00,0.0,0.0
2035-02-11 03:00:00,0.0,74.04623776033364
2035-02-11 04:00:00,0.0,156.58185309828517
2035-02-11 05:00:00,0.0,243.83378931269104
2035-02-11 06:00:00,0.0,315.050234547152
2035-02-11 07:00:00,0.0,348.5361127699781
2035-02-11 08:00:00,0.0,352.780801558787
2035-02-11 09:00:00,0.0,331.55735761474233
2035-02-11 10:00:00,0.0,285.33741302548947
2035-02-11 11:00:00,0.0,214.59259987867392
2035-02-11 12:00:00,0.0,117.43638982371385
2035-02-11 13:00:00,0.0,16.035490979944864
2035-02-11 14:00:00,0.0,0.0
2035-02-11 15:00:00,0.0,0.0
2035-02-11 16:00:00,0.0,0.0
2035-02-11 17:00:00,0.0,0.0
2035-02-11 18:00:00,0.0,0.0
2035-02-11 19:00:00,0.0,0.0
2035-02-11 20:00:00,0.0,0.0
2035-02-11 21:00:00,0.0,0.0
2035-02-11 22:00:00,0.0,0.0
2035-02-11 23:00:00,0.0,0.0
2035-02-12 00:00:00,0.0,0.0
2035-02-12 01:00:00,0.0,0.0
2035-02-12 02:00:00,0.0,0.0
2035-02-12 03:00:00,0.0,87.25193621440587
2035-02-12 04:00:00,0.0,187.709570882884
2035-02-12 05:00:00,0.0,257.98275194205416
2035-02-12 06:00:00,0.0,305.6175927942433
2035-02-12 07:00:00,0.0,340.51836728000563
2035-02-12 08:00:00,0.0,345.23468815646004
2035-02-12 09:00:00,0.0,312.22044202127944
2035-02-12 10:00:00,0.0,262.6990728185085
2035-02-12 11:00:00,0.0,191.4826275840475
2035-02-12 12:00:00,0.0,89.13846456498761
2035-02-12 13:00:00,0.0,7.546113402326995
2035-02-12 14:00:00,0.0,0.0
2035-02-12 15:00:00,0.0,0.0
2035-02-12 16:00:00,0.0,0.0
2035-02-12 17:00:00,0.0,0.0
2035-02-12 18:00:00,0.0,0.0
2035-02-12 19:00:00,0.0,0.0
2035-02-12 20:00:00,0.0,0.0
2035-02-12 21:00:00,0.0,0.0
2035-02-12 22:00:00,0.0,0.0
2035-02-12 23:00:00,0.0,0.0
2035-02-13 00:00:00,0.0,0.0
2035-02-13 01:00:00,0.0,0.0
2035-02-13 02:00:00,0.0,0.0
2035-02-13 03:00:00,0.0,66.97175644565208
2035-02-13 04:00:00,0.0,173.08897616587547
2035-02-13 05:00:00,0.0,258.926016117345
2035-02-13 06:00:00,0.0,320.7098195988973
2035-02-13 07:00:00,0.0,347.12121650704177
2035-02-13 08:00:00,0.0,348.5361127699781
2035-02-13 09:00:00,0.0,328.25593300122426
2035-02-13 10:00:00,0.0,280.6210921490351
2035-02-13 11:00:00,0.0,205.63159021341062
2035-02-13 12:00:00,0.0,105.64558763257794
2035-02-13 13:00:00,0.0,12.734066366426804
2035-02-13 14:00:00,0.0,0.0
2035-02-13 15:00:00,0.0,0.0
2035-02-13 16:00:00,0.0,0.0
2035-02-13 17:00:00,0.0,0.0
2035-02-13 18:00:00,0.0,0.0
2035-02-13 19:00:00,0.0,0.0
2035-02-13 20:00:00,0.0,0.0
2035-02-13 21:00:00,0.0,0.0
2035-02-13 22:00:00,0.0,0.0
2035-02-13 23:00:00,0.0,0.0
2035-02-14 00:00:00,0.0,0.0
2035-02-14 01:00:00,0.0,0.0
2035-02-14 02:00:00,0.0,0.9432641752908744
2035-02-14 03:00:00,0.0,100.92926675612355
2035-02-14 04:00:00,0.0,209.87627900221955
2035-02-14 05:00:00,0.0,289.5821018142984
2035-02-14 06:00:00,0.0,337.688574754133
2035-02-14 07:00:00,0.0,364.57160374992293
2035-02-14 08:00:00,0.0,366.9297641881501
2035-02-14 09:00:00,0.0,344.76305606881454
2035-02-14 10:00:00,0.0,297.12821521662545
2035-02-14 11:00:00,0.0,222.61034536864636
2035-02-14 12:00:00,0.0,120.26618234958649
2035-02-14 13:00:00,0.0,17.450387242881177
2035-02-14 14:00:00,0.0,0.0
2035-02-14 15:00:00,0.0,0.0
2035-02-14 16:00:00,0.0,0.0
2035-02-14 17:00:00,0.0,0.0
2035-02-14 18:00:00,0.0,0.0
2035-02-14 19:00:00,0.0,0.0
2035-02-14 20:00:00,0.0,0.0
2035-02-14 21:00:00,0.0,0.0
2035-02-14 22:00:00,0.0,0.0
2035-02-14 23:00:00,0.0,0.0
2035-02-15 00:00:00,0.0,0.0
2035-02-15 01:00:00,0.0,0.0
2035-02-15 02:00:00,0.0,0.9432641752908744
2035-02-15 03:00:00,0.0,97.62784214260549
2035-02-15 04:00:00,0.0,203.74506186282886
2035-02-15 05:00:00,0.0,283.9225167625532
2035-02-15 06:00:00,0.0,336.2736784911967
2035-02-15 07:00:00,0.0,362.6850753993412
2035-02-15 08:00:00,0.0,365.04323583756843
2035-02-15 09:00:00,0.0,343.81979189352376
2035-02-15 10:00:00,0.0,298.0714793919163
2035-02-15 11:00:00,0.0,225.9117699821644
2035-02-15 12:00:00,0.0,126.39739948897716
2035-02-15 13:00:00,0.0,20.280179768753797
2035-02-15 14:00:00,0.0,0.0
2035-02-15 15:00:00,0.0,0.0
2035-02-15 16:00:00,0.0,0.0
2035-02-15 17:00:00,0.0,0.0
2035-02-15 18:00:00,0.0,0.0
2035-02-15 19:00:00,0.0,0.0
2035-02-15 20:00:00,0.0,0.0
2035-02-15 21:00:00,0.0,0.0
2035-02-15 22:00:00,0.0,0.0
2035-02-15 23:00:00,0.0,0.0
2035-02-16 00:00:00,0.0,0.0
2035-02-16 01:00:00,0.0,0.0
2035-02-16 02:00:00,0.0,1.8865283505817487
2035-02-16 03:00:00,0.0,108.0037480708051
2035-02-16 04:00:00,0.0,212.70607152809217
2035-02-16 05:00:00,0.0,291.46863016488015
2035-02-16 06:00:00,0.0,341.4616314552965
2035-02-16 07:00:00,0.0,367.4013962757956
2035-02-16 08:00:00,0.0,369.2879246263773
2035-02-16 09:00:00,0.0,348.0644806823326
2035-02-16 10:00:00,0.0,302.7878002683707
2035-02-16 11:00:00,0.0,231.57135503390967
2035-02-16 12:00:00,0.0,132.0569845407224
2035-02-16 13:00:00,0.0,23.109972294626424
2035-02-16 14:00:00,0.0,0.0
2035-02-16 15:00:00,0.0,0.0
2035-02-16 16:00:00,0.0,0.0
2035-02-16 17:00:00,0.0,0.0
2035-02-16 18:00:00,0.0,0.0
2035-02-16 19:00:00,0.0,0.0
2035-02-16 20:00:00,0.0,0.0
2035-02-16 21:00:00,0.0,0.0
2035-02-16 22:00:00,0.0,0.0
2035-02-16 23:00:00,0.0,0.0
2035-02-17 00:00:00,0.0,0.0
2035-02-17 01:00:00,0.0,0.0
2035-02-17 02:00:00,0.0,1.4148962629363115
2035-02-17 03:00:00,0.0,98.09947423025093
2035-02-17 04:00:00,0.0,211.76280735280127
2035-02-17 05:00:00,0.0,290.0537339019439
2035-02-17 06:00:00,0.0,340.0467351923602
2035-02-17 07:00:00,0.0,364.57160374992293
2035-02-17 08:00:00,0.0,365.98650001285927
2035-02-17 09:00:00,0.0,343.34815980587825
2035-02-17 10:00:00,0.0,298.0714793919163
2035-02-17 11:00:00,0.0,226.38340206980985
2035-02-17 12:00:00,0.0,126.8690315766226
2035-02-17 13:00:00,0.0,21.223443944044675
2035-02-17 14:00:00,0.0,0.0
2035-02-17 15:00:00,0.0,0.0
2035-02-17 16:00:00,0.0,0.0
2035-02-17 17:00:00,0.0,0.0
2035-02-17 18:00:00,0.0,0.0
2035-02-17 19:00:00,0.0,0.0
2035-02-17 20:00:00,0.0,0.0
2035-02-17 21:00:00,0.0,0.0
2035-02-17 22:00:00,0.0,0.0
2035-02-17 23:00:00,0.0,0.0
2035-02-18 00:00:00,0.0,0.0
2035-02-18 01:00:00,0.0,0.0
2035-02-18 02:00:00,0.0,0.4716320876454372
2035-02-18 03:00:00,0.0,72.63134149739733
2035-02-18 04:00:00,0.0,169.31591946471195
2035-02-18 05:00:00,0.0,268.8302899578992
2035-02-18 06:00:00,0.0,328.25593300122426
2035-02-18 07:00:00,0.0,353.7240657340779
2035-02-18 08:00:00,0.0,355.1389619970142
2035-02-18 09:00:00,0.0,332.5006217900332
2035-02-18 10:00:00,0.0,284.8657809378441
2035-02-18 11:00:00,0.0,210.347911089865
2035-02-18 12:00:00,0.0,110.36190850903229
2035-02-18 13:00:00,0.0,15.09222680465399
2035-02-18 14:00:00,0.0,0.0
2035-02-18 15:00:00,0.0,0.0
2035-02-18 16:00:00,0.0,0.0
2035-02-18 17:00:00,0.0,0.0
2035-02-18 18:00:00,0.0,0.0
2035-02-18 19:00:00,0.0,0.0
2035-02-18 20:00:00,0.0,0.0
2035-02-18 21:00:00,0.0,0.0
2035-02-18 22:00:00,0.0,0.0
2035-02-18 23:00:00,0.0,0.0
2035-02-19 00:00:00,0.0,0.0
2035-02-19 01:00:00,0.0,0.0
2035-02-19 02:00:00,0.0,0.4716320876454372
2035-02-19 03:00:00,0.0,79.23419072443345
2035-02-19 04:00:00,0.0,183.46488209407505
2035-02-19 05:00:00,0.0,263.17070490615396
2035-02-19 06:00:00,0.0,319.76655542360646
2035-02-19 07:00:00,0.0,346.17795233175093
2035-02-19 08:00:00,0.0,349.0077448576235
2035-02-19 09:00:00,0.0,330.14246135180605
2035-02-19 10:00:00,0.0,284.39414885019863
2035-02-19 11:00:00,0.0,212.23443944044672
2035-02-19 12:00:00,0.0,113.19170103490492
2035-02-19 13:00:00,0.0,15.563858892299425
2035-02-19 14:00:00,0.0,0.0
2035-02-19 15:00:00,0.0,0.0
2035-02-19 16:00:00,0.0,0.0
2035-02-19 17:00:00,0.0,0.0
2035-02-19 18:00:00,0.0,0.0
2035-02-19 19:00:00,0.0,0.0
2035-02-19 20:00:00,0.0,0.0
2035-02-19 21:00:00,0.0,0.0
2035-02-19 22:00:00,0.0,0.0
2035-02-19 23:00:00,0.0,0.0
2035-02-20 00:00:00,0.0,0.0
2035-02-20 01:00:00,0.0,0.0
2035-02-20 02:00:00,0.0,0.4716320876454372
2035-02-20 03:00:00,0.0,75.46113402326995
2035-02-20 04:00:00,0.0,176.86203286703895
2035-02-20 05:00:00,0.0,257.5111198544087
2035-02-20 06:00:00,0.0,311.27717784598855
2035-02-20 07:00:00,0.0,336.2736784911967
2035-02-20 08:00:00,0.0,336.2736784911967
2035-02-20 09:00:00,0.0,310.80554575834316
2035-02-20 10:00:00,0.0,259.8692802926359
2035-02-20 11:00:00,0.0,182.99325000642963
2035-02-20 12:00:00,0.0,88.19520038969675
2035-02-20 13:00:00,0.0,10.847538015845055
2035-02-20 14:00:00,0.0,0.0
2035-02-20 15:00:00,0.0,0.0
2035-02-20 16:00:00,0.0,0.0
2035-02-20 17:00:00,0.0,0.0
2035-02-20 18:00:00,0.0,0.0
2035-02-20 19:00:00,0.0,0.0
2035-02-20 20:00:00,0.0,0.0
2035-02-20 21:00:00,0.0,0.0
2035-02-20 22:00:00,0.0,0.0
2035-02-20 23:00:00,0.0,0.0
2035-02-21 00:00:00,0.0,0.0
2035-02-21 01:00:00,0.0,0.0
2035-02-21 02:00:00,0.0,0.9432641752908744
2035-02-21 03:00:00,0.0,83.00724742559693
2035-02-21 04:00:00,0.0,190.0677313211112
2035-02-21 05:00:00,0.0,272.60334665906265
2035-02-21 06:00:00,0.0,320.23818751125185
2035-02-21 07:00:00,0.0,347.5928485946872
2035-02-21 08:00:00,0.0,349.9510090329144
2035-02-21 09:00:00,0.0,328.72756508886965
2035-02-21 10:00:00,0.0,281.564356324326
2035-02-21 11:00:00,0.0,207.04648647634693
2035-02-21 12:00:00,0.0,108.0037480708051
2035-02-21 13:00:00,0.0,15.563858892299425
2035-02-21 14:00:00,0.0,0.0
2035-02-21 15:00:00,0.0,0.0
2035-02-21 16:00:00,0.0,0.0
2035-02-21 17:00:00,0.0,0.0
2035-02-21 18:00:00,0.0,0.0
2035-02-21 19:00:00,0.0,0.0
2035-02-21 20:00:00,0.0,0.0
2035-02-21 21:00:00,0.0,0.0
2035-02-21 22:00:00,0.0,0.0
2035-02-21 23:00:00,0.0,0.0
2035-02-22 00:00:00,0.0,0.0
2035-02-22 01:00:00,0.0,0.0
2035-02-22 02:00:00,0.0,1.4148962629363115
2035-02-22 03:00:00,0.0,87.72356830205132
2035-02-22 04:00:00,0.0,192.42589175933836
2035-02-22 05:00:00,0.0,271.6600824837718
2035-02-22 06:00:00,0.0,322.5963479494791
2035-02-22 07:00:00,0.0,325.42614047535164
2035-02-22 08:00:00,0.0,334.8587822282604
2035-02-22 09:00:00,0.0,331.0857255270968
2035-02-22 10:00:00,0.0,277.7912996231625
2035-02-22 11:00:00,0.0,207.04648647634693
2035-02-22 12:00:00,0.0,112.72006894725948
2035-02-22 13:00:00,0.0,16.97875515523574
2035-02-22 14:00:00,0.0,0.0
2035-02-22 15:00:00,0.0,0.0
2035-02-22 16:00:00,0.0,0.0
2035-02-22 17:00:00,0.0,0.0
2035-02-22 18:00:00,0.0,0.0
2035-02-22 19:00:00,0.0,0.0
2035-02-22 20:00:00,0.0,0.0
2035-02-22 21:00:00,0.0,0.0
2035-02-22 22:00:00,0.0,0.0
2035-02-22 23:00:00,0.0,0.0
2035-02-23 00:00:00,0.0,0.0
2035-02-23 01:00:00,0.0,0.0
2035-02-23 02:00:00,0.0,0.4716320876454372
2035-02-23 03:00:00,0.0,66.97175644565208
2035-02-23 04:00:00,0.0,174.0322403411663
2035-02-23 05:00:00,0.0,270.2451862208355
2035-02-23 06:00:00,0.0,332.0289897023878
2035-02-23 07:00:00,0.0,359.38365078582314
2035-02-23 08:00:00,0.0,362.21344331169576
2035-02-23 09:00:00,0.0,340.51836728000563
2035-02-23 10:00:00,0.0,289.5821018142984
2035-02-23 11:00:00,0.0,211.29117526515589
2035-02-23 12:00:00,0.0,97.62784214260549
2035-02-23 13:00:00,0.0,13.205698454072241
2035-02-23 14:00:00,0.0,0.0
2035-02-23 15:00:00,0.0,0.0
2035-02-23 16:00:00,0.0,0.0
2035-02-23 17:00:00,0.0,0.0
2035-02-23 18:00:00,0.0,0.0
2035-02-23 19:00:00,0.0,0.0
2035-02-23 20:00:00,0.0,0.0
2035-02-23 21:00:00,0.0,0.0
2035-02-23 22:00:00,0.0,0.0
2035-02-23 23:00:00,0.0,0.0
2035-02-24 00:00:00,0.0,0.0
2035-02-24 01:00:00,0.0,0.0
2035-02-24 02:00:00,0.0,1.8865283505817487
2035-02-24 03:00:00,0.0,90.0817287402785
2035-02-24 04:00:00,0.0,197.61384472343818
2035-02-24 05:00:00,0.0,280.1494600613897
2035-02-24 06:00:00,0.0,332.5006217900332
2035-02-24 07:00:00,0.0,358.44038661053224
2035-02-24 08:00:00,0.0,360.7985470487594
2035-02-24 09:00:00,0.0,339.5751031047148
2035-02-24 10:00:00,0.0,294.2984226907528
2035-02-24 11:00:00,0.0,222.61034536864636
2035-02-24 12:00:00,0.0,124.5108711383954
2035-02-24 13:00:00,0.0,21.69507603169011
2035-02-24 14:00:00,0.0,0.0
2035-02-24 15:00:00,0.0,0.0
2035-02-24 16:00:00,0.0,0.0
2035-02-24 17:00:00,0.0,0.0
2035-02-24 18:00:00,0.0,0.0
2035-02-24 19:00:00,0.0,0.0
2035-02-24 20:00:00,0.0,0.0
2035-02-24 21:00:00,0.0,0.0
2035-02-24 22:00:00,0.0,0.0
2035-02-24 23:00:00,0.0,0.0
2035-02-25 00:00:00,0.0,0.0
2035-02-25 01:00:00,0.0,0.0
2035-02-25 02:00:00,0.0,2.829792525872623
2035-02-25 03:00:00,0.0,96.21294587966918
2035-02-25 04:00:00,0.0,199.5003730740199
2035-02-25 05:00:00,0.0,277.7912996231625
2035-02-25 06:00:00,0.0,329.19919717651516
2035-02-25 07:00:00,0.0,353.25243364643245
2035-02-25 08:00:00,0.0,355.1389619970142
2035-02-25 09:00:00,0.0,331.55735761474233
2035-02-25 10:00:00,0.0,277.31966753551706
2035-02-25 11:00:00,0.0,188.18120297052945
2035-02-25 12:00:00,0.0,112.72006894725948
2035-02-25 13:00:00,0.0,21.69507603169011
2035-02-25 14:00:00,0.0,0.0
2035-02-25 15:00:00,0.0,0.0
2035-02-25 16:00:00,0.0,0.0
2035-02-25 17:00:00,0.0,0.0
2035-02-25 18:00:00,0.0,0.0
2035-02-25 19:00:00,0.0,0.0
2035-02-25 20:00:00,0.0,0.0
2035-02-25 21:00:00,0.0,0.0
2035-02-25 22:00:00,0.0,0.0
2035-02-25 23:00:00,0.0,0.0
2035-02-26 00:00:00,0.0,0.0
2035-02-26 01:00:00,0.0,0.0
2035-02-26 02:00:00,0.0,1.4148962629363115
2035-02-26 03:00:00,0.0,75.9327661109154
2035-02-26 04:00:00,0.0,182.52161791878422
2035-02-26 05:00:00,0.0,268.35865787025375
2035-02-26 06:00:00,0.0,324.48287630006075
2035-02-26 07:00:00,0.0,353.25243364643245
2035-02-26 08:00:00,0.0,356.55385825995046
2035-02-26 09:00:00,0.0,329.19919717651516
2035-02-26 10:00:00,0.0,281.564356324326
2035-02-26 11:00:00,0.0,210.347911089865
2035-02-26 12:00:00,0.0,115.54986147313211
2035-02-26 13:00:00,0.0,20.280179768753797
2035-02-26 14:00:00,0.0,0.0
2035-02-26 15:00:00,0.0,0.0
2035-02-26 16:00:00,0.0,0.0
2035-02-26 17:00:00,0.0,0.0
2035-02-26 18:00:00,0.0,0.0
2035-02-26 19:00:00,0.0,0.0
2035-02-26 20:00:00,0.0,0.0
2035-02-26 21:00:00,0.0,0.0
2035-02-26 22:00:00,0.0,0.0
2035-02-26 23:00:00,0.0,0.0
2035-02-27 00:00:00,0.0,0.0
2035-02-27 01:00:00,0.0,0.0
2035-02-27 02:00:00,0.0,3.3014246135180607
2035-02-27 03:00:00,0.0,99.04273840554181
2035-02-27 04:00:00,0.0,207.04648647634693
2035-02-27 05:00:00,0.0,287.22394137607125
2035-02-27 06:00:00,0.0,337.688574754133
2035-02-27 07:00:00,0.0,361.27017913640486
2035-02-27 08:00:00,0.0,360.326914961114
2035-02-27 09:00:00,0.0,336.2736784911967
2035-02-27 10:00:00,0.0,287.22394137607125
2035-02-27 11:00:00,0.0,212.70607152809217
2035-02-27 12:00:00,0.0,115.07822938548667
2035-02-27 13:00:00,0.0,19.80854768110836
2035-02-27 14:00:00,0.0,0.0
2035-02-27 15:00:00,0.0,0.0
2035-02-27 16:00:00,0.0,0.0
2035-02-27 17:00:00,0.0,0.0
2035-02-27 18:00:00,0.0,0.0
2035-02-27 19:00:00,0.0,0.0
2035-02-27 20:00:00,0.0,0.0
2035-02-27 21:00:00,0.0,0.0
2035-02-27 22:00:00,0.0,0.0
2035-02-27 23:00:00,0.0,0.0
2035-02-28 00:00:00,0.0,0.0
2035-02-28 01:00:00,0.0,0.0
2035-02-28 02:00:00,0.0,3.3014246135180607
2035-02-28 03:00:00,0.0,91.49662500321482
2035-02-28 04:00:00,0.0,194.78405219756553
2035-02-28 05:00:00,0.0,274.48987500964444
2035-02-28 06:00:00,0.0,324.95450838770626
2035-02-28 07:00:00,0.0,351.3659052958507
2035-02-28 08:00:00,0.0,353.7240657340779
2035-02-28 09:00:00,0.0,331.55735761474233
2035-02-28 10:00:00,0.0,284.8657809378441
2035-02-28 11:00:00,0.0,211.76280735280127
2035-02-28 12:00:00,0.0,114.60659729784123
2035-02-28 13:00:00,0.0,19.336915593462926
2035-02-28 14:00:00,0.0,0.0
2035-02-28 15:00:00,0.0,0.0
2035-02-28 16:00:00,0.0,0.0
2035-02-28 17:00:00,0.0,0.0
2035-02-28 18:00:00,0.0,0.0
2035-02-28 19:00:00,0.0,0.0
2035-02-28 20:00:00,0.0,0.0
2035-02-28 21:00:00,0.0,0.0
2035-02-28 22:00:00,0.0,0.0
2035-02-28 23:00:00,0.0,0.0
2035-03-01 00:00:00,0.0,0.0
2035-03-01 01:00:00,0.0,0.0
2035-03-01 02:00:00,0.0,3.3014246135180607
2035-03-01 03:00:00,0.0,91.02499291556938
2035-03-01 04:00:00,0.0,192.8975238469838
2035-03-01 05:00:00,0.0,272.13171457141726
2035-03-01 06:00:00,0.0,323.53961212477
2035-03-01 07:00:00,0.0,349.47937694526894
2035-03-01 08:00:00,0.0,351.3659052958507
2035-03-01 09:00:00,0.0,327.31266882593343
2035-03-01 10:00:00,0.0,280.6210921490351
2035-03-01 11:00:00,0.0,207.04648647634693
2035-03-01 12:00:00,0.0,109.41864433374143
2035-03-01 13:00:00,0.0,16.97875515523574
2035-03-01 14:00:00,0.0,0.0
2035-03-01 15:00:00,0.0,0.0
2035-03-01 16:00:00,0.0,0.0
2035-03-01 17:00:00,0.0,0.0
2035-03-01 18:00:00,0.0,0.0
2035-03-01 19:00:00,0.0,0.0
2035-03-01 20:00:00,0.0,0.0
2035-03-01 21:00:00,0.0,0.0
2035-03-01 22:00:00,0.0,0.0
2035-03-01 23:00:00,0.0,0.0
2035-03-02 00:00:00,0.0,0.0
2035-03-02 01:00:00,0.0,0.0
2035-03-02 02:00:00,0.0,0.9432641752908744
2035-03-02 03:00:00,0.0,55.65258634216159
2035-03-02 04:00:00,0.0,143.84778673185835
2035-03-02 05:00:00,0.0,223.55360954393723
2035-03-02 06:00:00,0.0,279.67782797374423
2035-03-02 07:00:00,0.0,307.03248905717965
2035-03-02 08:00:00,0.0,310.33391367069765
2035-03-02 09:00:00,0.0,282.9792525872623
2035-03-02 10:00:00,0.0,229.6848266833279
2035-03-02 11:00:00,0.0,155.16695683534883
2035-03-02 12:00:00,0.0,74.04623776033364
2035-03-02 13:00:00,0.0,10.375905928199616
2035-03-02 14:00:00,0.0,0.0
2035-03-02 15:00:00,0.0,0.0
2035-03-02 16:00:00,0.0,0.0
2035-03-02 17:00:00,0.0,0.0
2035-03-02 18:00:00,0.0,0.0
2035-03-02 19:00:00,0.0,0.0
2035-03-02 20:00:00,0.0,0.0
2035-03-02 21:00:00,0.0,0.0
2035-03-02 22:00:00,0.0,0.0
2035-03-02 23:00:00,0.0,0.0
2035-03-03 00:00:00,0.0,0.0
2035-03-03 01:00:00,0.0,0.0
2035-03-03 02:00:00,0.0,3.3014246135180607
2035-03-03 03:00:00,0.0,85.36540786382412
2035-03-03 04:00:00,0.0,190.53936340875666
2035-03-03 05:00:00,0.0,274.018242921999
2035-03-03 06:00:00,0.0,331.55735761474233
2035-03-03 07:00:00,0.0,356.55385825995046
2035-03-03 08:00:00,0.0,356.55385825995046
2035-03-03 09:00:00,0.0,340.51836728000563
2035-03-03 10:00:00,0.0,291.9402622525256
2035-03-03 11:00:00,0.0,216.9507603169011
2035-03-03 12:00:00,0.0,117.43638982371385
2035-03-03 13:00:00,0.0,20.280179768753797
2035-03-03 14:00:00,0.0,0.0
2035-03-03 15:00:00,0.0,0.0
2035-03-03 16:00:00,0.0,0.0
2035-03-03 17:00:00,0.0,0.0
2035-03-03 18:00:00,0.0,0.0
2035-03-03 19:00:00,0.0,0.0
2035-03-03 20:00:00,0.0,0.0
2035-03-03 21:00:00,0.0,0.0
2035-03-03 22:00:00,0.0,0.0
2035-03-03 23:00:00,0.0,0.0
2035-03-04 00:00:00,0.0,0.0
2035-03-04 01:00:00,0.0,0.0
2035-03-04 02:00:00,0.0,2.829792525872623
2035-03-04 03:00:00,0.0,80.64908698736977
2035-03-04 04:00:00,0.0,184.8797783570114
2035-03-04 05:00:00,0.0,268.8302899578992
2035-03-04 06:00:00,0.0,303.2594323560161
2035-03-04 07:00:00,0.0,329.6708292641606
2035-03-04 08:00:00,0.0,330.61409343945144
2035-03-04 09:00:00,0.0,308.4473853201159
2035-03-04 10:00:00,0.0,259.8692802926359
2035-03-04 11:00:00,0.0,187.23793879523856
2035-03-04 12:00:00,0.0,97.15621005496006
2035-03-04 13:00:00,0.0,16.035490979944864
2035-03-04 14:00:00,0.0,0.0
2035-03-04 15:00:00,0.0,0.0
2035-03-04 16:00:00,0.0,0.0
2035-03-04 17:00:00,0.0,0.0
2035-03-04 18:00:00,0.0,0.0
2035-03-04 19:00:00,0.0,0.0
2035-03-04 20:00:00,0.0,0.0
2035-03-04 21:00:00,0.0,0.0
2035-03-04 22:00:00,0.0,0.0
2035-03-04 23:00:00,0.0,0.0
2035-03-05 00:00:00,0.0,0.0
2035-03-05 01:00:00,0.0,0.0
2035-03-05 02:00:00,0.0,3.7730567011634975
2035-03-05 03:00:00,0.0,92.4398891785057
2035-03-05 04:00:00,0.0,198.55710889872907
2035-03-05 05:00:00,0.0,279.67782797374423
2035-03-05 06:00:00,0.0,332.0289897023878
2035-03-05 07:00:00,0.0,357.96875452288685
2035-03-05 08:00:00,0.0,359.38365078582314
2035-03-05 09:00:00,0.0,338.6318389294239
2035-03-05 10:00:00,0.0,290.5253659895893
2035-03-05 11:00:00,0.0,215.53586405396481
2035-03-05 12:00:00,0.0,116.49312564842297
2035-03-05 13:00:00,0.0,20.751811856399232
2035-03-05 14:00:00,0.0,0.0
2035-03-05 15:00:00,0.0,0.0
2035-03-05 16:00:00,0.0,0.0
2035-03-05 17:00:00,0.0,0.0
2035-03-05 18:00:00,0.0,0.0
2035-03-05 19:00:00,0.0,0.0
2035-03-05 20:00:00,0.0,0.0
2035-03-05 21:00:00,0.0,0.0
2035-03-05 22:00:00,0.0,0.0
2035-03-05 23:00:00,0.0,0.0
2035-03-06 00:00:00,0.0,0.0
2035-03-06 01:00:00,0.0,0.0
2035-03-06 02:00:00,0.0,4.716320876454372
2035-03-06 03:00:00,0.0,94.79804961673288
2035-03-06 04:00:00,0.0,198.55710889872907
2035-03-06 05:00:00,0.0,276.84803544787167
2035-03-06 06:00:00,0.0,332.9722538776786
2035-03-06 07:00:00,0.0,358.44038661053224
2035-03-06 08:00:00,0.0,359.8552828734686
2035-03-06 09:00:00,0.0,337.21694266648757
2035-03-06 10:00:00,0.0,289.5821018142984
2035-03-06 11:00:00,0.0,216.0074961416102
2035-03-06 12:00:00,0.0,118.85128608665016
2035-03-06 13:00:00,0.0,22.16670811933555
2035-03-06 14:00:00,0.0,0.0
2035-03-06 15:00:00,0.0,0.0
2035-03-06 16:00:00,0.0,0.0
2035-03-06 17:00:00,0.0,0.0
2035-03-06 18:00:00,0.0,0.0
2035-03-06 19:00:00,0.0,0.0
2035-03-06 20:00:00,0.0,0.0
2035-03-06 21:00:00,0.0,0.0
2035-03-06 22:00:00,0.0,0.0
2035-03-06 23:00:00,0.0,0.0
2035-03-07 00:00:00,0.0,0.0
2035-03-07 01:00:00,0.0,0.0
2035-03-07 02:00:00,0.0,3.7730567011634975
2035-03-07 03:00:00,0.0,81.12071907501519
2035-03-07 04:00:00,0.0,180.163457480557
2035-03-07 05:00:00,0.0,258.926016117345
2035-03-07 06:00:00,0.0,308.9190174077614
2035-03-07 07:00:00,0.0,321.18145168654274
2035-03-07 08:00:00,0.0,313.6353382842157
2035-03-07 09:00:00,0.0,284.8657809378441
2035-03-07 10:00:00,0.0,216.9507603169011
2035-03-07 11:00:00,0.0,124.98250322604085
2035-03-07 12:00:00,0.0,49.521369202770906
2035-03-07 13:00:00,0.0,7.546113402326995
2035-03-07 14:00:00,0.0,0.0
2035-03-07 15:00:00,0.0,0.0
2035-03-07 16:00:00,0.0,0.0
2035-03-07 17:00:00,0.0,0.0
2035-03-07 18:00:00,0.0,0.0
2035-03-07 19:00:00,0.0,0.0
2035-03-07 20:00:00,0.0,0.0
2035-03-07 21:00:00,0.0,0.0
2035-03-07 22:00:00,0.0,0.0
2035-03-07 23:00:00,0.0,0.0
2035-03-08 00:00:00,0.0,0.0
2035-03-08 01:00:00,0.0,0.0
2035-03-08 02:00:00,0.0,4.244688788808935
2035-03-08 03:00:00,0.0,83.00724742559693
2035-03-08 04:00:00,0.0,175.91876869174806
2035-03-08 05:00:00,0.0,232.98625129684595
2035-03-08 06:00:00,0.0,253.7380631532452
2035-03-08 07:00:00,0.0,278.26293171080795
2035-03-08 08:00:00,0.0,273.0749787467081
2035-03-08 09:00:00,0.0,235.34441173507315
2035-03-08 10:00:00,0.0,198.08547681108362
2035-03-08 11:00:00,0.0,143.3761546442129
2035-03-08 12:00:00,0.0,66.50012435800663
2035-03-08 13:00:00,0.0,10.375905928199616
2035-03-08 14:00:00,0.0,0.0
2035-03-08 15:00:00,0.0,0.0
2035-03-08 16:00:00,0.0,0.0
2035-03-08 17:00:00,0.0,0.0
2035-03-08 18:00:00,0.0,0.0
2035-03-08 19:00:00,0.0,0.0
2035-03-08 20:00:00,0.0,0.0
2035-03-08 21:00:00,0.0,0.0
2035-03-08 22:00:00,0.0,0.0
2035-03-08 23:00:00,0.0,0.0
2035-03-09 00:00:00,0.0,0.0
2035-03-09 01:00:00,0.0,0.0
2035-03-09 02:00:00,0.0,3.3014246135180607
2035-03-09 03:00:00,0.0,62.2554355691977
2035-03-09 04:00:00,0.0,131.58535245307698
2035-03-09 05:00:00,0.0,206.10322230105606
2035-03-09 06:00:00,0.0,272.13171457141726
2035-03-09 07:00:00,0.0,289.5821018142984
2035-03-09 08:00:00,0.0,266.472129519672
2035-03-09 09:00:00,0.0,241.00399678681842
2035-03-09 10:00:00,0.0,193.36915593462925
2035-03-09 11:00:00,0.0,136.30167332953133
2035-03-09 12:00:00,0.0,73.10297358504276
2035-03-09 13:00:00,0.0,14.148962629363115
2035-03-09 14:00:00,0.0,0.0
2035-03-09 15:00:00,0.0,0.0
2035-03-09 16:00:00,0.0,0.0
2035-03-09 17:00:00,0.0,0.0
2035-03-09 18:00:00,0.0,0.0
2035-03-09 19:00:00,0.0,0.0
2035-03-09 20:00:00,0.0,0.0
2035-03-09 21:00:00,0.0,0.0
2035-03-09 22:00:00,0.0,0.0
2035-03-09 23:00:00,0.0,0.0
2035-03-10 00:00:00,0.0,0.0
2035-03-10 01:00:00,0.0,0.0
2035-03-10 02:00:00,0.0,6.602849227036121
2035-03-10 03:00:00,0.0,100.92926675612355
2035-03-10 04:00:00,0.0,205.63159021341062
2035-03-10 05:00:00,0.0,286.28067720078036
2035-03-10 06:00:00,0.0,339.5751031047148
2035-03-10 07:00:00,0.0,365.5148679252138
2035-03-10 08:00:00,0.0,367.4013962757956
2035-03-10 09:00:00,0.0,346.6495844193963
2035-03-10 10:00:00,0.0,300.4296398301435
2035-03-10 11:00:00,0.0,228.2699304203916
2035-03-10 12:00:00,0.0,130.6420882777861
2035-03-10 13:00:00,0.0,28.29792525872623
2035-03-10 14:00:00,0.0,0.0
2035-03-10 15:00:00,0.0,0.0
2035-03-10 16:00:00,0.0,0.0
2035-03-10 17:00:00,0.0,0.0
2035-03-10 18:00:00,0.0,0.0
2035-03-10 19:00:00,0.0,0.0
2035-03-10 20:00:00,0.0,0.0
2035-03-10 21:00:00,0.0,0.0
2035-03-10 22:00:00,0.0,0.0
2035-03-10 23:00:00,0.0,0.0
2035-03-11 00:00:00,0.0,0.0
2035-03-11 01:00:00,0.0,0.0
2035-03-11 02:00:00,0.0,8.48937757761787
2035-03-11 03:00:00,0.0,115.07822938548667
2035-03-11 04:00:00,0.0,222.13871328100092
2035-03-11 05:00:00,0.0,300.9012719177889
2035-03-11 06:00:00,0.0,355.6105940846597
2035-03-11 07:00:00,0.0,381.5503589051587
2035-03-11 08:00:00,0.0,382.965255168095
2035-03-11 09:00:00,0.0,362.21344331169576
2035-03-11 10:00:00,0.0,316.4651308100884
2035-03-11 11:00:00,0.0,241.47562887446384
2035-03-11 12:00:00,0.0,133.94351289130415
2035-03-11 13:00:00,0.0,25.939764820499043
2035-03-11 14:00:00,0.0,0.0
2035-03-11 15:00:00,0.0,0.0
2035-03-11 16:00:00,0.0,0.0
2035-03-11 17:00:00,0.0,0.0
2035-03-11 18:00:00,0.0,0.0
2035-03-11 19:00:00,0.0,0.0
2035-03-11 20:00:00,0.0,0.0
2035-03-11 21:00:00,0.0,0.0
2035-03-11 22:00:00,0.0,0.0
2035-03-11 23:00:00,0.0,0.0
2035-03-12 00:00:00,0.0,0.0
2035-03-12 01:00:00,0.0,0.0
2035-03-12 02:00:00,0.0,2.829792525872623
2035-03-12 03:00:00,0.0,46.21994458925285
2035-03-12 04:00:00,0.0,104.23069136964162
2035-03-12 05:00:00,0.0,153.28042848476707
2035-03-12 06:00:00,0.0,185.82304253230225
2035-03-12 07:00:00,0.0,189.12446714582032
2035-03-12 08:00:00,0.0,197.61384472343818
2035-03-12 09:00:00,0.0,188.18120297052945
2035-03-12 10:00:00,0.0,157.99674936122145
2035-03-12 11:00:00,0.0,119.32291817429561
2035-03-12 12:00:00,0.0,73.10297358504276
2035-03-12 13:00:00,0.0,20.280179768753797
2035-03-12 14:00:00,0.0,0.0
2035-03-12 15:00:00,0.0,0.0
2035-03-12 16:00:00,0.0,0.0
2035-03-12 17:00:00,0.0,0.0
2035-03-12 18:00:00,0.0,0.0
2035-03-12 19:00:00,0.0,0.0
2035-03-12 20:00:00,0.0,0.0
2035-03-12 21:00:00,0.0,0.0
2035-03-12 22:00:00,0.0,0.0
2035-03-12 23:00:00,0.0,0.0
2035-03-13 00:00:00,0.0,0.0
2035-03-13 01:00:00,0.0,0.0
2035-03-13 02:00:00,0.0,8.961009665263306
2035-03-13 03:00:00,0.0,115.54986147313211
2035-03-13 04:00:00,0.0,225.9117699821644
2035-03-13 05:00:00,0.0,306.08922488188875
2035-03-13 06:00:00,0.0,357.02549034759596
2035-03-13 07:00:00,0.0,382.965255168095
2035-03-13 08:00:00,0.0,384.8517835186767
2035-03-13 09:00:00,0.0,364.09997166227754
2035-03-13 10:00:00,0.0,318.3516591606701
2035-03-13 11:00:00,0.0,246.1919497509182
2035-03-13 12:00:00,0.0,147.1492113453764
2035-03-13 13:00:00,0.0,36.7873028363441
2035-03-13 14:00:00,0.0,0.0
2035-03-13 15:00:00,0.0,0.0
2035-03-13 16:00:00,0.0,0.0
2035-03-13 17:00:00,0.0,0.0
2035-03-13 18:00:00,0.0,0.0
2035-03-13 19:00:00,0.0,0.0
2035-03-13 20:00:00,0.0,0.0
2035-03-13 21:00:00,0.0,0.0
2035-03-13 22:00:00,0.0,0.0
2035-03-13 23:00:00,0.0,0.0
2035-03-14 00:00:00,0.0,0.0
2035-03-14 01:00:00,0.0,0.0
2035-03-14 02:00:00,0.0,10.375905928199616
2035-03-14 03:00:00,0.0,117.9080219113593
2035-03-14 04:00:00,0.0,223.55360954393723
2035-03-14 05:00:00,0.0,300.9012719177889
2035-03-14 06:00:00,0.0,351.3659052958507
2035-03-14 07:00:00,0.0,376.83403802870436
2035-03-14 08:00:00,0.0,378.72056637928614
2035-03-14 09:00:00,0.0,358.44038661053224
2035-03-14 10:00:00,0.0,314.1069703718612
2035-03-14 11:00:00,0.0,243.3621572250456
2035-03-14 12:00:00,0.0,147.1492113453764
2035-03-14 13:00:00,0.0,38.20219909928041
2035-03-14 14:00:00,0.0,0.0
2035-03-14 15:00:00,0.0,0.0
2035-03-14 16:00:00,0.0,0.0
2035-03-14 17:00:00,0.0,0.0
2035-03-14 18:00:00,0.0,0.0
2035-03-14 19:00:00,0.0,0.0
2035-03-14 20:00:00,0.0,0.0
2035-03-14 21:00:00,0.0,0.0
2035-03-14 22:00:00,0.0,0.0
2035-03-14 23:00:00,0.0,0.0
2035-03-15 00:00:00,0.0,0.0
2035-03-15 01:00:00,0.0,0.0
2035-03-15 02:00:00,0.0,11.319170103490492
2035-03-15 03:00:00,0.0,118.37965399900474
2035-03-15 04:00:00,0.0,221.66708119335547
2035-03-15 05:00:00,0.0,299.4863756548526
2035-03-15 06:00:00,0.0,350.42264112055983
2035-03-15 07:00:00,0.0,375.419141765768
2035-03-15 08:00:00,0.0,377.30567011634975
2035-03-15 09:00:00,0.0,355.6105940846597
2035-03-15 10:00:00,0.0,309.3906494954068
2035-03-15 11:00:00,0.0,237.70257217330033
2035-03-15 12:00:00,0.0,140.54636211834028
2035-03-15 13:00:00,0.0,34.429142398116916
2035-03-15 14:00:00,0.0,0.0
2035-03-15 15:00:00,0.0,0.0
2035-03-15 16:00:00,0.0,0.0
2035-03-15 17:00:00,0.0,0.0
2035-03-15 18:00:00,0.0,0.0
2035-03-15 19:00:00,0.0,0.0
2035-03-15 20:00:00,0.0,0.0
2035-03-15 21:00:00,0.0,0.0
2035-03-15 22:00:00,0.0,0.0
2035-03-15 23:00:00,0.0,0.0
2035-03-16 00:00:00,0.0,0.0
2035-03-16 01:00:00,0.0,0.0
2035-03-16 02:00:00,0.0,8.961009665263306
2035-03-16 03:00:00,0.0,101.87253093141443
2035-03-16 04:00:00,0.0,203.27342977518344
2035-03-16 05:00:00,0.0,290.0537339019439
2035-03-16 06:00:00,0.0,339.5751031047148
2035-03-16 07:00:00,0.0,365.5148679252138
2035-03-16 08:00:00,0.0,367.873028363441
2035-03-16 09:00:00,0.0,344.76305606881454
2035-03-16 10:00:00,0.0,299.4863756548526
2035-03-16 11:00:00,0.0,228.2699304203916
2035-03-16 12:00:00,0.0,133.00024871601326
2035-03-16 13:00:00,0.0,31.12771778459885
2035-03-16 14:00:00,0.0,0.0
2035-03-16 15:00:00,0.0,0.0
2035-03-16 16:00:00,0.0,0.0
2035-03-16 17:00:00,0.0,0.0
2035-03-16 18:00:00,0.0,0.0
2035-03-16 19:00:00,0.0,0.0
2035-03-16 20:00:00,0.0,0.0
2035-03-16 21:00:00,0.0,0.0
2035-03-16 22:00:00,0.0,0.0
2035-03-16 23:00:00,0.0,0.0
2035-03-17 00:00:00,0.0,0.0
2035-03-17 01:00:00,0.0,0.0
2035-03-17 02:00:00,0.0,8.961009665263306
2035-03-17 03:00:00,0.0,101.87253093141443
2035-03-17 04:00:00,0.0,207.9897506516378
2035-03-17 05:00:00,0.0,288.16720555136214
2035-03-17 06:00:00,0.0,334.387150140615
2035-03-17 07:00:00,0.0,360.7985470487594
2035-03-17 08:00:00,0.0,363.6283395746321
2035-03-17 09:00:00,0.0,342.40489563058736
2035-03-17 10:00:00,0.0,297.5998473042709
2035-03-17 11:00:00,0.0,227.32666624510074
2035-03-17 12:00:00,0.0,133.00024871601326
2035-03-17 13:00:00,0.0,32.07098195988973
2035-03-17 14:00:00,0.0,0.0
2035-03-17 15:00:00,0.0,0.0
2035-03-17 16:00:00,0.0,0.0
2035-03-17 17:00:00,0.0,0.0
2035-03-17 18:00:00,0.0,0.0
2035-03-17 19:00:00,0.0,0.0
2035-03-17 20:00:00,0.0,0.0
2035-03-17 21:00:00,0.0,0.0
2035-03-17 22:00:00,0.0,0.0
2035-03-17 23:00:00,0.0,0.0
2035-03-18 00:00:00,0.0,0.0
2035-03-18 01:00:00,0.0,0.0
2035-03-18 02:00:00,0.0,8.48937757761787
2035-03-18 03:00:00,0.0,89.13846456498761
2035-03-18 04:00:00,0.0,193.84078802227467
2035-03-18 05:00:00,0.0,271.18845039612637
2035-03-18 06:00:00,0.0,328.72756508886965
2035-03-18 07:00:00,0.0,357.96875452288685
2035-03-18 08:00:00,0.0,359.38365078582314
2035-03-18 09:00:00,0.0,336.2736784911967
2035-03-18 10:00:00,0.0,289.5821018142984
2035-03-18 11:00:00,0.0,215.06423196631937
2035-03-18 12:00:00,0.0,117.43638982371385
2035-03-18 13:00:00,0.0,24.053236469917294
2035-03-18 14:00:00,0.0,0.0
2035-03-18 15:00:00,0.0,0.0
2035-03-18 16:00:00,0.0,0.0
2035-03-18 17:00:00,0.0,0.0
2035-03-18 18:00:00,0.0,0.0
2035-03-18 19:00:00,0.0,0.0
2035-03-18 20:00:00,0.0,0.0
2035-03-18 21:00:00,0.0,0.0
2035-03-18 22:00:00,0.0,0.0
2035-03-18 23:00:00,0.0,0.0
2035-03-19 00:00:00,0.0,0.0
2035-03-19 01:00:00,0.0,0.0
2035-03-19 02:00:00,0.0,8.48937757761787
2035-03-19 03:00:00,0.0,101.400898843769
2035-03-19 04:00:00,0.0,208.93301482692866
2035-03-19 05:00:00,0.0,290.0537339019439
2035-03-19 06:00:00,0.0,342.87652771823286
2035-03-19 07:00:00,0.0,365.5148679252138
2035-03-19 08:00:00,0.0,365.5148679252138
2035-03-19 09:00:00,0.0,335.8020464035513
2035-03-19 10:00:00,0.0,288.16720555136214
2035-03-19 11:00:00,0.0,215.53586405396481
2035-03-19 12:00:00,0.0,121.6810786125228
2035-03-19 13:00:00,0.0,27.35466108343536
2035-03-19 14:00:00,0.0,0.0
2035-03-19 15:00:00,0.0,0.0
2035-03-19 16:00:00,0.0,0.0
2035-03-19 17:00:00,0.0,0.0
2035-03-19 18:00:00,0.0,0.0
2035-03-19 19:00:00,0.0,0.0
2035-03-19 20:00:00,0.0,0.0
2035-03-19 21:00:00,0.0,0.0
2035-03-19 22:00:00,0.0,0.0
2035-03-19 23:00:00,0.0,0.0
2035-03-20 00:00:00,0.0,0.0
2035-03-20 01:00:00,0.0,0.0
2035-03-20 02:00:00,0.0,8.48937757761787
2035-03-20 03:00:00,0.0,96.68457796731462
2035-03-20 04:00:00,0.0,199.02874098637446
2035-03-20 05:00:00,0.0,278.7345637984534
2035-03-20 06:00:00,0.0,338.16020684177846
2035-03-20 07:00:00,0.0,362.21344331169576
2035-03-20 08:00:00,0.0,363.15670748698665
2035-03-20 09:00:00,0.0,342.87652771823286
2035-03-20 10:00:00,0.0,296.18495104133456
2035-03-20 11:00:00,0.0,224.02524163158267
2035-03-20 12:00:00,0.0,128.75555992720436
2035-03-20 13:00:00,0.0,30.65608569695342
2035-03-20 14:00:00,0.0,0.0
2035-03-20 15:00:00,0.0,0.0
2035-03-20 16:00:00,0.0,0.0
2035-03-20 17:00:00,0.0,0.0
2035-03-20 18:00:00,0.0,0.0
2035-03-20 19:00:00,0.0,0.0
2035-03-20 20:00:00,0.0,0.0
2035-03-20 21:00:00,0.0,0.0
2035-03-20 22:00:00,0.0,0.0
2035-03-20 23:00:00,0.0,0.0
2035-03-21 00:00:00,0.0,0.0
2035-03-21 01:00:00,0.0,0.0
2035-03-21 02:00:00,0.0,10.375905928199616
2035-03-21 03:00:00,0.0,103.75905928199617
2035-03-21 04:00:00,0.0,204.68832603811973
2035-03-21 05:00:00,0.0,281.09272423668057
2035-03-21 06:00:00,0.0,331.0857255270968
2035-03-21 07:00:00,0.0,356.55385825995046
2035-03-21 08:00:00,0.0,358.44038661053224
2035-03-21 09:00:00,0.0,332.5006217900332
2035-03-21 10:00:00,0.0,286.7523092884258
2035-03-21 11:00:00,0.0,216.47912822925565
2035-03-21 12:00:00,0.0,124.03923905074998
2035-03-21 13:00:00,0.0,30.18445360930798
2035-03-21 14:00:00,0.0,0.0
2035-03-21 15:00:00,0.0,0.0
2035-03-21 16:00:00,0.0,0.0
2035-03-21 17:00:00,0.0,0.0
2035-03-21 18:00:00,0.0,0.0
2035-03-21 19:00:00,0.0,0.0
2035-03-21 20:00:00,0.0,0.0
2035-03-21 21:00:00,0.0,0.0
2035-03-21 22:00:00,0.0,0.0
2035-03-21 23:00:00,0.0,0.0
2035-03-22 00:00:00,0.0,0.0
2035-03-22 01:00:00,0.0,0.0
2035-03-22 02:00:00,0.0,9.90427384055418
2035-03-22 03:00:00,0.0,96.68457796731462
2035-03-22 04:00:00,0.0,195.25568428521098
2035-03-22 05:00:00,0.0,272.13171457141726
2035-03-22 06:00:00,0.0,318.82329124831557
2035-03-22 07:00:00,0.0,345.23468815646004
2035-03-22 08:00:00,0.0,350.42264112055983
2035-03-22 09:00:00,0.0,329.6708292641606
2035-03-22 10:00:00,0.0,284.39414885019863
2035-03-22 11:00:00,0.0,214.12096779102848
2035-03-22 12:00:00,0.0,122.15271070016823
2035-03-22 13:00:00,0.0,29.241189434017105
2035-03-22 14:00:00,0.0,0.0
2035-03-22 15:00:00,0.0,0.0
2035-03-22 16:00:00,0.0,0.0
2035-03-22 17:00:00,0.0,0.0
2035-03-22 18:00:00,0.0,0.0
2035-03-22 19:00:00,0.0,0.0
2035-03-22 20:00:00,0.0,0.0
2035-03-22 21:00:00,0.0,0.0
2035-03-22 22:00:00,0.0,0.0
2035-03-22 23:00:00,0.0,0.0
2035-03-23 00:00:00,0.0,0.0
2035-03-23 01:00:00,0.0,0.0
2035-03-23 02:00:00,0.0,9.432641752908744
2035-03-23 03:00:00,0.0,92.91152126615113
2035-03-23 04:00:00,0.0,196.67058054814729
2035-03-23 05:00:00,0.0,275.4331391849353
2035-03-23 06:00:00,0.0,326.8410367382879
2035-03-23 07:00:00,0.0,349.0077448576235
2035-03-23 08:00:00,0.0,341.933263542942
2035-03-23 09:00:00,0.0,331.0857255270968
2035-03-23 10:00:00,0.0,295.24168686604366
2035-03-23 11:00:00,0.0,226.8550341574553
2035-03-23 12:00:00,0.0,134.88677706659504
2035-03-23 13:00:00,0.0,35.844038661053226
2035-03-23 14:00:00,0.0,0.0
2035-03-23 15:00:00,0.0,0.0
2035-03-23 16:00:00,0.0,0.0
2035-03-23 17:00:00,0.0,0.0
2035-03-23 18:00:00,0.0,0.0
2035-03-23 19:00:00,0.0,0.0
2035-03-23 20:00:00,0.0,0.0
2035-03-23 21:00:00,0.0,0.0
2035-03-23 22:00:00,0.0,0.0
2035-03-23 23:00:00,0.0,0.0
2035-03-24 00:00:00,0.0,0.0
2035-03-24 01:00:00,0.0,0.0
2035-03-24 02:00:00,0.0,12.734066366426804
2035-03-24 03:00:00,0.0,109.41864433374143
2035-03-24 04:00:00,0.0,213.1777036157376
2035-03-24 05:00:00,0.0,289.5821018142984
2035-03-24 06:00:00,0.0,339.10347101706935
2035-03-24 07:00:00,0.0,364.57160374992293
2035-03-24 08:00:00,0.0,366.9297641881501
2035-03-24 09:00:00,0.0,345.7063202441054
2035-03-24 10:00:00,0.0,301.37290400543435
2035-03-24 11:00:00,0.0,231.57135503390967
2035-03-24 12:00:00,0.0,127.8122957519135
2035-03-24 13:00:00,0.0,33.95751031047148
2035-03-24 14:00:00,0.0,0.0
2035-03-24 15:00:00,0.0,0.0
2035-03-24 16:00:00,0.0,0.0
2035-03-24 17:00:00,0.0,0.0
2035-03-24 18:00:00,0.0,0.0
2035-03-24 19:00:00,0.0,0.0
2035-03-24 20:00:00,0.0,0.0
2035-03-24 21:00:00,0.0,0.0
2035-03-24 22:00:00,0.0,0.0
2035-03-24 23:00:00,0.0,0.0
2035-03-25 00:00:00,0.0,0.0
2035-03-25 01:00:00,0.0,0.0
2035-03-25 02:00:00,0.0,12.262434278781367
2035-03-25 03:00:00,0.0,104.23069136964162
2035-03-25 04:00:00,0.0,212.23443944044672
2035-03-25 05:00:00,0.0,289.5821018142984
2035-03-25 06:00:00,0.0,341.933263542942
2035-03-25 07:00:00,0.0,367.4013962757956
2035-03-25 08:00:00,0.0,370.23118880166817
2035-03-25 09:00:00,0.0,347.5928485946872
2035-03-25 10:00:00,0.0,304.20269653130697
2035-03-25 11:00:00,0.0,235.8160438227186
2035-03-25 12:00:00,0.0,143.3761546442129
2035-03-25 13:00:00,0.0,41.50362371279847
2035-03-25 14:00:00,0.0,0.0
2035-03-25 15:00:00,0.0,0.0
2035-03-25 16:00:00,0.0,0.0
2035-03-25 17:00:00,0.0,0.0
2035-03-25 18:00:00,0.0,0.0
2035-03-25 19:00:00,0.0,0.0
2035-03-25 20:00:00,0.0,0.0
2035-03-25 21:00:00,0.0,0.0
2035-03-25 22:00:00,0.0,0.0
2035-03-25 23:00:00,0.0,0.0
2035-03-26 00:00:00,0.0,0.0
2035-03-26 01:00:00,0.0,0.0
2035-03-26 02:00:00,0.0,14.620594717008553
2035-03-26 03:00:00,0.0,115.54986147313211
2035-03-26 04:00:00,0.0,217.42239240454654
2035-03-26 05:00:00,0.0,293.35515851546194
2035-03-26 06:00:00,0.0,342.40489563058736
2035-03-26 07:00:00,0.0,367.4013962757956
2035-03-26 08:00:00,0.0,369.2879246263773
2035-03-26 09:00:00,0.0,345.23468815646004
2035-03-26 10:00:00,0.0,301.8445360930798
2035-03-26 11:00:00,0.0,232.98625129684595
2035-03-26 12:00:00,0.0,141.0179942059857
2035-03-26 13:00:00,0.0,40.08872744986216
2035-03-26 14:00:00,0.0,0.0
2035-03-26 15:00:00,0.0,0.0
2035-03-26 16:00:00,0.0,0.0
2035-03-26 17:00:00,0.0,0.0
2035-03-26 18:00:00,0.0,0.0
2035-03-26 19:00:00,0.0,0.0
2035-03-26 20:00:00,0.0,0.0
2035-03-26 21:00:00,0.0,0.0
2035-03-26 22:00:00,0.0,0.0
2035-03-26 23:00:00,0.0,0.0
2035-03-27 00:00:00,0.0,0.0
2035-03-27 01:00:00,0.0,0.0
2035-03-27 02:00:00,0.0,15.563858892299425
2035-03-27 03:00:00,0.0,116.49312564842297
2035-03-27 04:00:00,0.0,216.0074961416102
2035-03-27 05:00:00,0.0,290.99699807723476
2035-03-27 06:00:00,0.0,340.9899993676511
2035-03-27 07:00:00,0.0,364.09997166227754
2035-03-27 08:00:00,0.0,364.57160374992293
2035-03-27 09:00:00,0.0,343.81979189352376
2035-03-27 10:00:00,0.0,300.9012719177889
2035-03-27 11:00:00,0.0,236.28767591036404
2035-03-27 12:00:00,0.0,147.1492113453764
2035-03-27 13:00:00,0.0,44.80504832631653
2035-03-27 14:00:00,0.0,0.0
2035-03-27 15:00:00,0.0,0.0
2035-03-27 16:00:00,0.0,0.0
2035-03-27 17:00:00,0.0,0.0
2035-03-27 18:00:00,0.0,0.0
2035-03-27 19:00:00,0.0,0.0
2035-03-27 20:00:00,0.0,0.0
2035-03-27 21:00:00,0.0,0.0
2035-03-27 22:00:00,0.0,0.0
2035-03-27 23:00:00,0.0,0.0
2035-03-28 00:00:00,0.0,0.0
2035-03-28 01:00:00,0.0,0.0
2035-03-28 02:00:00,0.0,16.507123067590303
2035-03-28 03:00:00,0.0,116.49312564842297
2035-03-28 04:00:00,0.0,215.06423196631937
2035-03-28 05:00:00,0.0,289.5821018142984
2035-03-28 06:00:00,0.0,336.7453105788422
2035-03-28 07:00:00,0.0,360.326914961114
2035-03-28 08:00:00,0.0,361.7418112240503
2035-03-28 09:00:00,0.0,341.4616314552965
2035-03-28 10:00:00,0.0,298.0714793919163
2035-03-28 11:00:00,0.0,224.02524163158267
2035-03-28 12:00:00,0.0,124.98250322604085
2035-03-28 13:00:00,0.0,32.07098195988973
2035-03-28 14:00:00,0.0,0.0
2035-03-28 15:00:00,0.0,0.0
2035-03-28 16:00:00,0.0,0.0
2035-03-28 17:00:00,0.0,0.0
2035-03-28 18:00:00,0.0,0.0
2035-03-28 19:00:00,0.0,0.0
2035-03-28 20:00:00,0.0,0.0
2035-03-28 21:00:00,0.0,0.0
2035-03-28 22:00:00,0.0,0.0
2035-03-28 23:00:00,0.0,0.0
2035-03-29 00:00:00,0.0,0.0
2035-03-29 01:00:00,0.0,0.0
2035-03-29 02:00:00,0.0,14.148962629363115
2035-03-29 03:00:00,0.0,107.53211598315968
2035-03-29 04:00:00,0.0,204.21669395047428
2035-03-29 05:00:00,0.0,278.7345637984534
2035-03-29 06:00:00,0.0,326.3694046506425
2035-03-29 07:00:00,0.0,349.9510090329144
2035-03-29 08:00:00,0.0,356.08222617230507
2035-03-29 09:00:00,0.0,337.21694266648757
2035-03-29 10:00:00,0.0,294.2984226907528
2035-03-29 11:00:00,0.0,226.38340206980985
2035-03-29 12:00:00,0.0,133.47188080365873
2035-03-29 13:00:00,0.0,38.20219909928041
2035-03-29 14:00:00,0.0,0.0
2035-03-29 15:00:00,0.0,0.0
2035-03-29 16:00:00,0.0,0.0
2035-03-29 17:00:00,0.0,0.0
2035-03-29 18:00:00,0.0,0.0
2035-03-29 19:00:00,0.0,0.0
2035-03-29 20:00:00,0.0,0.0
2035-03-29 21:00:00,0.0,0.0
2035-03-29 22:00:00,0.0,0.0
2035-03-29 23:00:00,0.0,0.0
2035-03-30 00:00:00,0.0,0.0
2035-03-30 01:00:00,0.0,0.0
2035-03-30 02:00:00,0.0,15.09222680465399
2035-03-30 03:00:00,0.0,110.36190850903229
2035-03-30 04:00:00,0.0,210.81954317751044
2035-03-30 05:00:00,0.0,285.8090451131349
2035-03-30 06:00:00,0.0,334.387150140615
2035-03-30 07:00:00,0.0,359.38365078582314
2035-03-30 08:00:00,0.0,361.7418112240503
2035-03-30 09:00:00,0.0,340.9899993676511
2035-03-30 10:00:00,0.0,298.54311147956173
2035-03-30 11:00:00,0.0,231.57135503390967
2035-03-30 12:00:00,0.0,141.48962629363115
2035-03-30 13:00:00,0.0,42.44688788808935
2035-03-30 14:00:00,0.0,0.0
2035-03-30 15:00:00,0.0,0.0
2035-03-30 16:00:00,0.0,0.0
2035-03-30 17:00:00,0.0,0.0
2035-03-30 18:00:00,0.0,0.0
2035-03-30 19:00:00,0.0,0.0
2035-03-30 20:00:00,0.0,0.0
2035-03-30 21:00:00,0.0,0.0
2035-03-30 22:00:00,0.0,0.0
2035-03-30 23:00:00,0.0,0.0
2035-03-31 00:00:00,0.0,0.0
2035-03-31 01:00:00,0.0,0.0
2035-03-31 02:00:00,0.0,17.450387242881177
2035-03-31 03:00:00,0.0,118.85128608665016
2035-03-31 04:00:00,0.0,217.42239240454654
2035-03-31 05:00:00,0.0,291.9402622525256
2035-03-31 06:00:00,0.0,340.0467351923602
2035-03-31 07:00:00,0.0,363.6283395746321
2035-03-31 08:00:00,0.0,365.5148679252138
2035-03-31 09:00:00,0.0,345.7063202441054
2035-03-31 10:00:00,0.0,302.7878002683707
2035-03-31 11:00:00,0.0,235.34441173507315
2035-03-31 12:00:00,0.0,144.7910509071492
2035-03-31 13:00:00,0.0,44.3334162386711
2035-03-31 14:00:00,0.0,0.0
2035-03-31 15:00:00,0.0,0.0
2035-03-31 16:00:00,0.0,0.0
2035-03-31 17:00:00,0.0,0.0
2035-03-31 18:00:00,0.0,0.0
2035-03-31 19:00:00,0.0,0.0
2035-03-31 20:00:00,0.0,0.0
2035-03-31 21:00:00,0.0,0.0
2035-03-31 22:00:00,0.0,0.0
2035-03-31 23:00:00,0.0,0.0
2035-04-01 00:00:00,0.0,0.0
2035-04-01 01:00:00,0.0,0.0
2035-04-01 02:00:00,0.0,17.922019330526613
2035-04-01 03:00:00,0.0,117.43638982371385
2035-04-01 04:00:00,0.0,215.06423196631937
2035-04-01 05:00:00,0.0,289.110469726653
2035-04-01 06:00:00,0.0,336.2736784911967
2035-04-01 07:00:00,0.0,359.38365078582314
2035-04-01 08:00:00,0.0,361.27017913640486
2035-04-01 09:00:00,0.0,341.4616314552965
2035-04-01 10:00:00,0.0,299.4863756548526
2035-04-01 11:00:00,0.0,232.98625129684595
2035-04-01 12:00:00,0.0,143.3761546442129
2035-04-01 13:00:00,0.0,43.86178415102566
2035-04-01 14:00:00,0.0,0.0
2035-04-01 15:00:00,0.0,0.0
2035-04-01 16:00:00,0.0,0.0
2035-04-01 17:00:00,0.0,0.0
2035-04-01 18:00:00,0.0,0.0
2035-04-01 19:00:00,0.0,0.0
2035-04-01 20:00:00,0.0,0.0
2035-04-01 21:00:00,0.0,0.0
2035-04-01 22:00:00,0.0,0.0
2035-04-01 23:00:00,0.0,0.0
2035-04-02 00:00:00,0.0,0.0
2035-04-02 01:00:00,0.0,0.0
2035-04-02 02:00:00,0.0,18.39365141817205
2035-04-02 03:00:00,0.0,118.85128608665016
2035-04-02 04:00:00,0.0,217.42239240454654
2035-04-02 05:00:00,0.0,290.99699807723476
2035-04-02 06:00:00,0.0,332.9722538776786
2035-04-02 07:00:00,0.0,332.5006217900332
2035-04-02 08:00:00,0.0,311.27717784598855
2035-04-02 09:00:00,0.0,292.8835264278165
2035-04-02 10:00:00,0.0,268.8302899578992
2035-04-02 11:00:00,0.0,224.96850580687354
2035-04-02 12:00:00,0.0,144.3194188195038
2035-04-02 13:00:00,0.0,44.80504832631653
2035-04-02 14:00:00,0.0,0.0
2035-04-02 15:00:00,0.0,0.0
2035-04-02 16:00:00,0.0,0.0
2035-04-02 17:00:00,0.0,0.0
2035-04-02 18:00:00,0.0,0.0
2035-04-02 19:00:00,0.0,0.0
2035-04-02 20:00:00,0.0,0.0
2035-04-02 21:00:00,0.0,0.0
2035-04-02 22:00:00,0.0,0.0
2035-04-02 23:00:00,0.0,0.0
2035-04-03 00:00:00,0.0,0.0
2035-04-03 01:00:00,0.0,0.0
2035-04-03 02:00:00,0.0,11.79080219113593
2035-04-03 03:00:00,0.0,95.26968170437833
2035-04-03 04:00:00,0.0,213.64933570338303
2035-04-03 05:00:00,0.0,288.6388376390076
2035-04-03 06:00:00,0.0,334.8587822282604
2035-04-03 07:00:00,0.0,358.44038661053224
2035-04-03 08:00:00,0.0,361.27017913640486
2035-04-03 09:00:00,0.0,341.933263542942
2035-04-03 10:00:00,0.0,299.0147435672072
2035-04-03 11:00:00,0.0,227.79829833274616
2035-04-03 12:00:00,0.0,121.20944652487735
2035-04-03 13:00:00,0.0,33.95751031047148
2035-04-03 14:00:00,0.0,0.0
2035-04-03 15:00:00,0.0,0.0
2035-04-03 16:00:00,0.0,0.0
2035-04-03 17:00:00,0.0,0.0
2035-04-03 18:00:00,0.0,0.0
2035-04-03 19:00:00,0.0,0.0
2035-04-03 20:00:00,0.0,0.0
2035-04-03 21:00:00,0.0,0.0
2035-04-03 22:00:00,0.0,0.0
2035-04-03 23:00:00,0.0,0.0
2035-04-04 00:00:00,0.0,0.0
2035-04-04 01:00:00,0.0,0.0
2035-04-04 02:00:00,0.0,19.80854768110836
2035-04-04 03:00:00,0.0,121.6810786125228
2035-04-04 04:00:00,0.0,219.78055284277374
2035-04-04 05:00:00,0.0,292.41189434017105
2035-04-04 06:00:00,0.0,337.688574754133
2035-04-04 07:00:00,0.0,358.9120186981777
2035-04-04 08:00:00,0.0,357.49712243524135
2035-04-04 09:00:00,0.0,331.55735761474233
2035-04-04 10:00:00,0.0,281.09272423668057
2035-04-04 11:00:00,0.0,205.63159021341062
2035-04-04 12:00:00,0.0,118.85128608665016
2035-04-04 13:00:00,0.0,38.67383118692585
2035-04-04 14:00:00,0.0,0.0
2035-04-04 15:00:00,0.0,0.0
2035-04-04 16:00:00,0.0,0.0
2035-04-04 17:00:00,0.0,0.0
2035-04-04 18:00:00,0.0,0.0
2035-04-04 19:00:00,0.0,0.0
2035-04-04 20:00:00,0.0,0.0
2035-04-04 21:00:00,0.0,0.0
2035-04-04 22:00:00,0.0,0.0
2035-04-04 23:00:00,0.0,0.0
2035-04-05 00:00:00,0.0,0.0
2035-04-05 01:00:00,0.0,0.0
2035-04-05 02:00:00,0.0,10.375905928199616
2035-04-05 03:00:00,0.0,68.38665270858839
2035-04-05 04:00:00,0.0,147.62084343302183
2035-04-05 05:00:00,0.0,214.59259987867392
2035-04-05 06:00:00,0.0,294.2984226907528
2035-04-05 07:00:00,0.0,349.0077448576235
2035-04-05 08:00:00,0.0,358.44038661053224
2035-04-05 09:00:00,0.0,326.8410367382879
2035-04-05 10:00:00,0.0,280.1494600613897
2035-04-05 11:00:00,0.0,227.32666624510074
2035-04-05 12:00:00,0.0,143.3761546442129
2035-04-05 13:00:00,0.0,43.86178415102566
2035-04-05 14:00:00,0.0,0.0
2035-04-05 15:00:00,0.0,0.0
2035-04-05 16:00:00,0.0,0.0
2035-04-05 17:00:00,0.0,0.0
2035-04-05 18:00:00,0.0,0.0
2035-04-05 19:00:00,0.0,0.0
2035-04-05 20:00:00,0.0,0.0
2035-04-05 21:00:00,0.0,0.0
2035-04-05 22:00:00,0.0,0.0
2035-04-05 23:00:00,0.0,0.0
2035-04-06 00:00:00,0.0,0.0
2035-04-06 01:00:00,0.0,0.0
2035-04-06 02:00:00,0.0,8.017745489972432
2035-04-06 03:00:00,0.0,84.8937757761787
2035-04-06 04:00:00,0.0,187.23793879523856
2035-04-06 05:00:00,0.0,250.9082706273726
2035-04-06 06:00:00,0.0,288.6388376390076
2035-04-06 07:00:00,0.0,320.23818751125185
2035-04-06 08:00:00,0.0,347.5928485946872
2035-04-06 09:00:00,0.0,338.6318389294239
2035-04-06 10:00:00,0.0,297.12821521662545
2035-04-06 11:00:00,0.0,228.2699304203916
2035-04-06 12:00:00,0.0,138.65983376775853
2035-04-06 13:00:00,0.0,43.39015206338022
2035-04-06 14:00:00,0.0,0.0
2035-04-06 15:00:00,0.0,0.0
2035-04-06 16:00:00,0.0,0.0
2035-04-06 17:00:00,0.0,0.0
2035-04-06 18:00:00,0.0,0.0
2035-04-06 19:00:00,0.0,0.0
2035-04-06 20:00:00,0.0,0.0
2035-04-06 21:00:00,0.0,0.0
2035-04-06 22:00:00,0.0,0.0
2035-04-06 23:00:00,0.0,0.0
2035-04-07 00:00:00,0.0,0.0
2035-04-07 01:00:00,0.0,0.0
2035-04-07 02:00:00,0.0,14.620594717008553
2035-04-07 03:00:00,0.0,92.91152126615113
2035-04-07 04:00:00,0.0,187.23793879523856
2035-04-07 05:00:00,0.0,266.472129519672
2035-04-07 06:00:00,0.0,318.3516591606701
2035-04-07 07:00:00,0.0,344.76305606881454
2035-04-07 08:00:00,0.0,348.5361127699781
2035-04-07 09:00:00,0.0,326.3694046506425
2035-04-07 10:00:00,0.0,280.1494600613897
2035-04-07 11:00:00,0.0,207.04648647634693
2035-04-07 12:00:00,0.0,114.60659729784123
2035-04-07 13:00:00,0.0,29.71282152166254
2035-04-07 14:00:00,0.0,0.0
2035-04-07 15:00:00,0.0,0.0
2035-04-07 16:00:00,0.0,0.0
2035-04-07 17:00:00,0.0,0.0
2035-04-07 18:00:00,0.0,0.0
2035-04-07 19:00:00,0.0,0.0
2035-04-07 20:00:00,0.0,0.0
2035-04-07 21:00:00,0.0,0.0
2035-04-07 22:00:00,0.0,0.0
2035-04-07 23:00:00,0.0,0.0
2035-04-08 00:00:00,0.0,0.0
2035-04-08 01:00:00,0.0,0.0
2035-04-08 02:00:00,0.0,20.280179768753797
2035-04-08 03:00:00,0.0,115.07822938548667
2035-04-08 04:00:00,0.0,202.33016559989255
2035-04-08 05:00:00,0.0,266.0004974320266
2035-04-08 06:00:00,0.0,299.95800774249807
2035-04-08 07:00:00,0.0,319.29492333596096
2035-04-08 08:00:00,0.0,341.4616314552965
2035-04-08 09:00:00,0.0,335.3304143159058
2035-04-08 10:00:00,0.0,296.18495104133456
2035-04-08 11:00:00,0.0,230.15645877097333
2035-04-08 12:00:00,0.0,141.48962629363115
2035-04-08 13:00:00,0.0,44.80504832631653
2035-04-08 14:00:00,0.0,0.0
2035-04-08 15:00:00,0.0,0.0
2035-04-08 16:00:00,0.0,0.0
2035-04-08 17:00:00,0.0,0.0
2035-04-08 18:00:00,0.0,0.0
2035-04-08 19:00:00,0.0,0.0
2035-04-08 20:00:00,0.0,0.0
2035-04-08 21:00:00,0.0,0.0
2035-04-08 22:00:00,0.0,0.0
2035-04-08 23:00:00,0.0,0.0
2035-04-09 00:00:00,0.0,0.0
2035-04-09 01:00:00,0.0,0.0
2035-04-09 02:00:00,0.0,17.450387242881177
2035-04-09 03:00:00,0.0,104.23069136964162
2035-04-09 04:00:00,0.0,208.46138273928324
2035-04-09 05:00:00,0.0,283.9225167625532
2035-04-09 06:00:00,0.0,330.61409343945144
2035-04-09 07:00:00,0.0,354.1956978217233
2035-04-09 08:00:00,0.0,356.08222617230507
2035-04-09 09:00:00,0.0,335.8020464035513
2035-04-09 10:00:00,0.0,293.8267906031073
2035-04-09 11:00:00,0.0,227.79829833274616
2035-04-09 12:00:00,0.0,139.60309794304942
2035-04-09 13:00:00,0.0,44.3334162386711
2035-04-09 14:00:00,0.0,0.0
2035-04-09 15:00:00,0.0,0.0
2035-04-09 16:00:00,0.0,0.0
2035-04-09 17:00:00,0.0,0.0
2035-04-09 18:00:00,0.0,0.0
2035-04-09 19:00:00,0.0,0.0
2035-04-09 20:00:00,0.0,0.0
2035-04-09 21:00:00,0.0,0.0
2035-04-09 22:00:00,0.0,0.0
2035-04-09 23:00:00,0.0,0.0
2035-04-10 00:00:00,0.0,0.0
2035-04-10 01:00:00,0.0,0.0
2035-04-10 02:00:00,0.0,21.69507603169011
2035-04-10 03:00:00,0.0,117.9080219113593
2035-04-10 04:00:00,0.0,213.64933570338303
2035-04-10 05:00:00,0.0,285.8090451131349
2035-04-10 06:00:00,0.0,331.0857255270968
2035-04-10 07:00:00,0.0,355.6105940846597
2035-04-10 08:00:00,0.0,358.44038661053224
2035-04-10 09:00:00,0.0,338.6318389294239
2035-04-10 10:00:00,0.0,296.65658312898
2035-04-10 11:00:00,0.0,228.2699304203916
2035-04-10 12:00:00,0.0,141.9612583812766
2035-04-10 13:00:00,0.0,45.7483125016074
2035-04-10 14:00:00,0.0,0.0
2035-04-10 15:00:00,0.0,0.0
2035-04-10 16:00:00,0.0,0.0
2035-04-10 17:00:00,0.0,0.0
2035-04-10 18:00:00,0.0,0.0
2035-04-10 19:00:00,0.0,0.0
2035-04-10 20:00:00,0.0,0.0
2035-04-10 21:00:00,0.0,0.0
2035-04-10 22:00:00,0.0,0.0
2035-04-10 23:00:00,0.0,0.0
2035-04-11 00:00:00,0.0,0.0
2035-04-11 01:00:00,0.0,0.0
2035-04-11 02:00:00,0.0,22.16670811933555
2035-04-11 03:00:00,0.0,116.96475773606842
2035-04-11 04:00:00,0.0,211.76280735280127
2035-04-11 05:00:00,0.0,284.39414885019863
2035-04-11 06:00:00,0.0,330.61409343945144
2035-04-11 07:00:00,0.0,354.1956978217233
2035-04-11 08:00:00,0.0,356.08222617230507
2035-04-11 09:00:00,0.0,334.387150140615
2035-04-11 10:00:00,0.0,291.46863016488015
2035-04-11 11:00:00,0.0,225.9117699821644
2035-04-11 12:00:00,0.0,138.65983376775853
2035-04-11 13:00:00,0.0,44.3334162386711
2035-04-11 14:00:00,0.0,0.0
2035-04-11 15:00:00,0.0,0.0
2035-04-11 16:00:00,0.0,0.0
2035-04-11 17:00:00,0.0,0.0
2035-04-11 18:00:00,0.0,0.0
2035-04-11 19:00:00,0.0,0.0
2035-04-11 20:00:00,0.0,0.0
2035-04-11 21:00:00,0.0,0.0
2035-04-11 22:00:00,0.0,0.0
2035-04-11 23:00:00,0.0,0.0
2035-04-12 00:00:00,0.0,0.0
2035-04-12 01:00:00,0.0,0.0
2035-04-12 02:00:00,0.0,20.751811856399232
2035-04-12 03:00:00,0.0,110.83354059667774
2035-04-12 04:00:00,0.0,203.27342977518344
2035-04-12 05:00:00,0.0,275.4331391849353
2035-04-12 06:00:00,0.0,324.95450838770626
2035-04-12 07:00:00,0.0,349.0077448576235
2035-04-12 08:00:00,0.0,349.47937694526894
2035-04-12 09:00:00,0.0,330.61409343945144
2035-04-12 10:00:00,0.0,286.7523092884258
2035-04-12 11:00:00,0.0,220.72381701806458
2035-04-12 12:00:00,0.0,126.8690315766226
2035-04-12 13:00:00,0.0,35.844038661053226
2035-04-12 14:00:00,0.0,0.0
2035-04-12 15:00:00,0.0,0.0
2035-04-12 16:00:00,0.0,0.0
2035-04-12 17:00:00,0.0,0.0
2035-04-12 18:00:00,0.0,0.0
2035-04-12 19:00:00,0.0,0.0
2035-04-12 20:00:00,0.0,0.0
2035-04-12 21:00:00,0.0,0.0
2035-04-12 22:00:00,0.0,0.0
2035-04-12 23:00:00,0.0,0.0
2035-04-13 00:00:00,0.0,0.0
2035-04-13 01:00:00,0.0,0.0
2035-04-13 02:00:00,0.0,16.507123067590303
2035-04-13 03:00:00,0.0,92.91152126615113
2035-04-13 04:00:00,0.0,186.2946746199477
2035-04-13 05:00:00,0.0,244.30542140033646
2035-04-13 06:00:00,0.0,234.8727796474277
2035-04-13 07:00:00,0.0,274.018242921999
2035-04-13 08:00:00,0.0,316.9367628977338
2035-04-13 09:00:00,0.0,303.2594323560161
2035-04-13 10:00:00,0.0,249.49337436443625
2035-04-13 11:00:00,0.0,185.35141044465684
2035-04-13 12:00:00,0.0,127.8122957519135
2035-04-13 13:00:00,0.0,41.97525580044391
2035-04-13 14:00:00,0.0,0.0
2035-04-13 15:00:00,0.0,0.0
2035-04-13 16:00:00,0.0,0.0
2035-04-13 17:00:00,0.0,0.0
2035-04-13 18:00:00,0.0,0.0
2035-04-13 19:00:00,0.0,0.0
2035-04-13 20:00:00,0.0,0.0
2035-04-13 21:00:00,0.0,0.0
2035-04-13 22:00:00,0.0,0.0
2035-04-13 23:00:00,0.0,0.0
2035-04-14 00:00:00,0.0,0.0
2035-04-14 01:00:00,0.0,0.0
2035-04-14 02:00:00,0.0,5.187952964099809
2035-04-14 03:00:00,0.0,55.65258634216159
2035-04-14 04:00:00,0.0,145.73431508244008
2035-04-14 05:00:00,0.0,209.87627900221955
2035-04-14 06:00:00,0.0,250.9082706273726
2035-04-14 07:00:00,0.0,281.09272423668057
2035-04-14 08:00:00,0.0,289.5821018142984
2035-04-14 09:00:00,0.0,251.85153480266342
2035-04-14 10:00:00,0.0,229.6848266833279
2035-04-14 11:00:00,0.0,180.163457480557
2035-04-14 12:00:00,0.0,93.854785441442
2035-04-14 13:00:00,0.0,21.223443944044675
2035-04-14 14:00:00,0.0,0.0
2035-04-14 15:00:00,0.0,0.0
2035-04-14 16:00:00,0.0,0.0
2035-04-14 17:00:00,0.0,0.0
2035-04-14 18:00:00,0.0,0.0
2035-04-14 19:00:00,0.0,0.0
2035-04-14 20:00:00,0.0,0.0
2035-04-14 21:00:00,0.0,0.0
2035-04-14 22:00:00,0.0,0.0
2035-04-14 23:00:00,0.0,0.0
2035-04-15 00:00:00,0.0,0.0
2035-04-15 01:00:00,0.0,0.0
2035-04-15 02:00:00,0.0,19.80854768110836
2035-04-15 03:00:00,0.0,108.947012246096
2035-04-15 04:00:00,0.0,204.68832603811973
2035-04-15 05:00:00,0.0,278.7345637984534
2035-04-15 06:00:00,0.0,328.72756508886965
2035-04-15 07:00:00,0.0,354.6673299093688
2035-04-15 08:00:00,0.0,358.9120186981777
2035-04-15 09:00:00,0.0,343.81979189352376
2035-04-15 10:00:00,0.0,301.8445360930798
2035-04-15 11:00:00,0.0,234.8727796474277
2035-04-15 12:00:00,0.0,145.73431508244008
2035-04-15 13:00:00,0.0,48.10647293983459
2035-04-15 14:00:00,0.0,0.0
2035-04-15 15:00:00,0.0,0.0
2035-04-15 16:00:00,0.0,0.0
2035-04-15 17:00:00,0.0,0.0
2035-04-15 18:00:00,0.0,0.0
2035-04-15 19:00:00,0.0,0.0
2035-04-15 20:00:00,0.0,0.0
2035-04-15 21:00:00,0.0,0.0
2035-04-15 22:00:00,0.0,0.0
2035-04-15 23:00:00,0.0,0.0
2035-04-16 00:00:00,0.0,0.0
2035-04-16 01:00:00,0.0,0.0
2035-04-16 02:00:00,0.0,24.053236469917294
2035-04-16 03:00:00,0.0,121.20944652487735
2035-04-16 04:00:00,0.0,218.3656565798374
2035-04-16 05:00:00,0.0,290.0537339019439
2035-04-16 06:00:00,0.0,336.7453105788422
2035-04-16 07:00:00,0.0,361.27017913640486
2035-04-16 08:00:00,0.0,363.15670748698665
2035-04-16 09:00:00,0.0,343.34815980587825
2035-04-16 10:00:00,0.0,300.9012719177889
2035-04-16 11:00:00,0.0,234.4011475597823
2035-04-16 12:00:00,0.0,146.20594717008552
2035-04-16 13:00:00,0.0,49.04973711512547
2035-04-16 14:00:00,0.0,0.0
2035-04-16 15:00:00,0.0,0.0
2035-04-16 16:00:00,0.0,0.0
2035-04-16 17:00:00,0.0,0.0
2035-04-16 18:00:00,0.0,0.0
2035-04-16 19:00:00,0.0,0.0
2035-04-16 20:00:00,0.0,0.0
2035-04-16 21:00:00,0.0,0.0
2035-04-16 22:00:00,0.0,0.0
2035-04-16 23:00:00,0.0,0.0
2035-04-17 00:00:00,0.0,0.0
2035-04-17 01:00:00,0.0,0.0
2035-04-17 02:00:00,0.0,24.524868557562733
2035-04-17 03:00:00,0.0,123.0959748754591
2035-04-17 04:00:00,0.0,220.72381701806458
2035-04-17 05:00:00,0.0,292.41189434017105
2035-04-17 06:00:00,0.0,338.6318389294239
2035-04-17 07:00:00,0.0,362.21344331169576
2035-04-17 08:00:00,0.0,364.09997166227754
2035-04-17 09:00:00,0.0,345.23468815646004
2035-04-17 10:00:00,0.0,302.7878002683707
2035-04-17 11:00:00,0.0,236.7593079980095
2035-04-17 12:00:00,0.0,148.09247552066728
2035-04-17 13:00:00,0.0,49.99300129041634
2035-04-17 14:00:00,0.0,0.0
2035-04-17 15:00:00,0.0,0.0
2035-04-17 16:00:00,0.0,0.0
2035-04-17 17:00:00,0.0,0.0
2035-04-17 18:00:00,0.0,0.0
2035-04-17 19:00:00,0.0,0.0
2035-04-17 20:00:00,0.0,0.0
2035-04-17 21:00:00,0.0,0.0
2035-04-17 22:00:00,0.0,0.0
2035-04-17 23:00:00,0.0,0.0
2035-04-18 00:00:00,0.0,0.0
2035-04-18 01:00:00,0.0,0.0
2035-04-18 02:00:00,0.0,25.468132732853608
2035-04-18 03:00:00,0.0,123.56760696310454
2035-04-18 04:00:00,0.0,218.83728866748285
2035-04-18 05:00:00,0.0,290.99699807723476
2035-04-18 06:00:00,0.0,337.688574754133
2035-04-18 07:00:00,0.0,361.27017913640486
2035-04-18 08:00:00,0.0,362.6850753993412
2035-04-18 09:00:00,0.0,342.87652771823286
2035-04-18 10:00:00,0.0,300.9012719177889
2035-04-18 11:00:00,0.0,235.34441173507315
2035-04-18 12:00:00,0.0,147.62084343302183
2035-04-18 13:00:00,0.0,50.46463337806178
2035-04-18 14:00:00,0.0,0.0
2035-04-18 15:00:00,0.0,0.0
2035-04-18 16:00:00,0.0,0.0
2035-04-18 17:00:00,0.0,0.0
2035-04-18 18:00:00,0.0,0.0
2035-04-18 19:00:00,0.0,0.0
2035-04-18 20:00:00,0.0,0.0
2035-04-18 21:00:00,0.0,0.0
2035-04-18 22:00:00,0.0,0.0
2035-04-18 23:00:00,0.0,0.0
2035-04-19 00:00:00,0.0,0.0
2035-04-19 01:00:00,0.0,0.0
2035-04-19 02:00:00,0.0,24.99650064520817
2035-04-19 03:00:00,0.0,119.32291817429561
2035-04-19 04:00:00,0.0,212.70607152809217
2035-04-19 05:00:00,0.0,284.39414885019863
2035-04-19 06:00:00,0.0,332.5006217900332
2035-04-19 07:00:00,0.0,356.08222617230507
2035-04-19 08:00:00,0.0,357.96875452288685
2035-04-19 09:00:00,0.0,338.16020684177846
2035-04-19 10:00:00,0.0,296.65658312898
2035-04-19 11:00:00,0.0,232.04298712155511
2035-04-19 12:00:00,0.0,145.73431508244008
2035-04-19 13:00:00,0.0,49.99300129041634
2035-04-19 14:00:00,0.0,0.0
2035-04-19 15:00:00,0.0,0.0
2035-04-19 16:00:00,0.0,0.0
2035-04-19 17:00:00,0.0,0.0
2035-04-19 18:00:00,0.0,0.0
2035-04-19 19:00:00,0.0,0.0
2035-04-19 20:00:00,0.0,0.0
2035-04-19 21:00:00,0.0,0.0
2035-04-19 22:00:00,0.0,0.0
2035-04-19 23:00:00,0.0,0.0
2035-04-20 00:00:00,0.0,0.0
2035-04-20 01:00:00,0.0,0.0
2035-04-20 02:00:00,0.0,24.99650064520817
2035-04-20 03:00:00,0.0,118.37965399900474
2035-04-20 04:00:00,0.0,211.29117526515589
2035-04-20 05:00:00,0.0,282.50762049961685
2035-04-20 06:00:00,0.0,329.6708292641606
2035-04-20 07:00:00,0.0,353.25243364643245
2035-04-20 08:00:00,0.0,355.6105940846597
2035-04-20 09:00:00,0.0,336.2736784911967
2035-04-20 10:00:00,0.0,294.7700547783982
2035-04-20 11:00:00,0.0,229.6848266833279
2035-04-20 12:00:00,0.0,143.84778673185835
2035-04-20 13:00:00,0.0,49.04973711512547
2035-04-20 14:00:00,0.0,0.0
2035-04-20 15:00:00,0.0,0.0
2035-04-20 16:00:00,0.0,0.0
2035-04-20 17:00:00,0.0,0.0
2035-04-20 18:00:00,0.0,0.0
2035-04-20 19:00:00,0.0,0.0
2035-04-20 20:00:00,0.0,0.0
2035-04-20 21:00:00,0.0,0.0
2035-04-20 22:00:00,0.0,0.0
2035-04-20 23:00:00,0.0,0.0
2035-04-21 00:00:00,0.0,0.0
2035-04-21 01:00:00,0.0,0.0
2035-04-21 02:00:00,0.0,24.99650064520817
2035-04-21 03:00:00,0.0,117.9080219113593
2035-04-21 04:00:00,0.0,210.347911089865
2035-04-21 05:00:00,0.0,281.564356324326
2035-04-21 06:00:00,0.0,327.31266882593343
2035-04-21 07:00:00,0.0,350.42264112055983
2035-04-21 08:00:00,0.0,352.3091694711416
2035-04-21 09:00:00,0.0,333.4438859653241
2035-04-21 10:00:00,0.0,291.9402622525256
2035-04-21 11:00:00,0.0,227.79829833274616
2035-04-21 12:00:00,0.0,142.43289046892204
2035-04-21 13:00:00,0.0,49.04973711512547
2035-04-21 14:00:00,0.0,0.0
2035-04-21 15:00:00,0.0,0.0
2035-04-21 16:00:00,0.0,0.0
2035-04-21 17:00:00,0.0,0.0
2035-04-21 18:00:00,0.0,0.0
2035-04-21 19:00:00,0.0,0.0
2035-04-21 20:00:00,0.0,0.0
2035-04-21 21:00:00,0.0,0.0
2035-04-21 22:00:00,0.0,0.0
2035-04-21 23:00:00,0.0,0.0
2035-04-22 00:00:00,0.0,0.0
2035-04-22 01:00:00,0.0,0.0
2035-04-22 02:00:00,0.0,25.468132732853608
2035-04-22 03:00:00,0.0,118.37965399900474
2035-04-22 04:00:00,0.0,210.81954317751044
2035-04-22 05:00:00,0.0,282.0359884119714
2035-04-22 06:00:00,0.0,329.19919717651516
2035-04-22 07:00:00,0.0,352.780801558787
2035-04-22 08:00:00,0.0,355.1389619970142
2035-04-22 09:00:00,0.0,334.8587822282604
2035-04-22 10:00:00,0.0,293.35515851546194
2035-04-22 11:00:00,0.0,229.21319459568247
2035-04-22 12:00:00,0.0,143.3761546442129
2035-04-22 13:00:00,0.0,49.521369202770906
2035-04-22 14:00:00,0.0,0.0
2035-04-22 15:00:00,0.0,0.0
2035-04-22 16:00:00,0.0,0.0
2035-04-22 17:00:00,0.0,0.0
2035-04-22 18:00:00,0.0,0.0
2035-04-22 19:00:00,0.0,0.0
2035-04-22 20:00:00,0.0,0.0
2035-04-22 21:00:00,0.0,0.0
2035-04-22 22:00:00,0.0,0.0
2035-04-22 23:00:00,0.0,0.0
2035-04-23 00:00:00,0.0,0.0
2035-04-23 01:00:00,0.0,0.0
2035-04-23 02:00:00,0.0,26.411396908144482
2035-04-23 03:00:00,0.0,120.73781443723192
2035-04-23 04:00:00,0.0,213.64933570338303
2035-04-23 05:00:00,0.0,285.33741302548947
2035-04-23 06:00:00,0.0,332.5006217900332
2035-04-23 07:00:00,0.0,355.6105940846597
2035-04-23 08:00:00,0.0,357.49712243524135
2035-04-23 09:00:00,0.0,337.688574754133
2035-04-23 10:00:00,0.0,296.18495104133456
2035-04-23 11:00:00,0.0,232.04298712155511
2035-04-23 12:00:00,0.0,145.73431508244008
2035-04-23 13:00:00,0.0,50.46463337806178
2035-04-23 14:00:00,0.0,0.0
2035-04-23 15:00:00,0.0,0.0
2035-04-23 16:00:00,0.0,0.0
2035-04-23 17:00:00,0.0,0.0
2035-04-23 18:00:00,0.0,0.0
2035-04-23 19:00:00,0.0,0.0
2035-04-23 20:00:00,0.0,0.0
2035-04-23 21:00:00,0.0,0.0
2035-04-23 22:00:00,0.0,0.0
2035-04-23 23:00:00,0.0,0.0
2035-04-24 00:00:00,0.0,0.0
2035-04-24 01:00:00,0.0,0.0
2035-04-24 02:00:00,0.0,26.411396908144482
2035-04-24 03:00:00,0.0,116.49312564842297
2035-04-24 04:00:00,0.0,206.57485438870148
2035-04-24 05:00:00,0.0,275.9047712725808
2035-04-24 06:00:00,0.0,322.12471586183364
2035-04-24 07:00:00,0.0,344.76305606881454
2035-04-24 08:00:00,0.0,345.23468815646004
2035-04-24 09:00:00,0.0,320.7098195988973
2035-04-24 10:00:00,0.0,277.31966753551706
2035-04-24 11:00:00,0.0,211.29117526515589
2035-04-24 12:00:00,0.0,126.8690315766226
2035-04-24 13:00:00,0.0,41.03199162515303
2035-04-24 14:00:00,0.0,0.0
2035-04-24 15:00:00,0.0,0.0
2035-04-24 16:00:00,0.0,0.0
2035-04-24 17:00:00,0.0,0.0
2035-04-24 18:00:00,0.0,0.0
2035-04-24 19:00:00,0.0,0.0
2035-04-24 20:00:00,0.0,0.0
2035-04-24 21:00:00,0.0,0.0
2035-04-24 22:00:00,0.0,0.0
2035-04-24 23:00:00,0.0,0.0
2035-04-25 00:00:00,0.0,0.0
2035-04-25 01:00:00,0.0,0.0
2035-04-25 02:00:00,0.0,20.751811856399232
2035-04-25 03:00:00,0.0,100.92926675612355
2035-04-25 04:00:00,0.0,190.0677313211112
2035-04-25 05:00:00,0.0,262.2274407308631
2035-04-25 06:00:00,0.0,312.22044202127944
2035-04-25 07:00:00,0.0,336.2736784911967
2035-04-25 08:00:00,0.0,337.688574754133
2035-04-25 09:00:00,0.0,321.6530837741882
2035-04-25 10:00:00,0.0,279.20619588609884
2035-04-25 11:00:00,0.0,214.59259987867392
2035-04-25 12:00:00,0.0,130.6420882777861
2035-04-25 13:00:00,0.0,44.3334162386711
2035-04-25 14:00:00,0.0,0.0
2035-04-25 15:00:00,0.0,0.0
2035-04-25 16:00:00,0.0,0.0
2035-04-25 17:00:00,0.0,0.0
2035-04-25 18:00:00,0.0,0.0
2035-04-25 19:00:00,0.0,0.0
2035-04-25 20:00:00,0.0,0.0
2035-04-25 21:00:00,0.0,0.0
2035-04-25 22:00:00,0.0,0.0
2035-04-25 23:00:00,0.0,0.0
2035-04-26 00:00:00,0.0,0.0
2035-04-26 01:00:00,0.0,0.0
2035-04-26 02:00:00,0.0,23.109972294626424
2035-04-26 03:00:00,0.0,107.06048389551424
2035-04-26 04:00:00,0.0,197.14221263579273
2035-04-26 05:00:00,0.0,268.8302899578992
2035-04-26 06:00:00,0.0,321.18145168654274
2035-04-26 07:00:00,0.0,344.29142398116915
2035-04-26 08:00:00,0.0,346.17795233175093
2035-04-26 09:00:00,0.0,328.25593300122426
2035-04-26 10:00:00,0.0,285.8090451131349
2035-04-26 11:00:00,0.0,220.72381701806458
2035-04-26 12:00:00,0.0,135.8300412418859
2035-04-26 13:00:00,0.0,46.21994458925285
2035-04-26 14:00:00,0.0,0.0
2035-04-26 15:00:00,0.0,0.0
2035-04-26 16:00:00,0.0,0.0
2035-04-26 17:00:00,0.0,0.0
2035-04-26 18:00:00,0.0,0.0
2035-04-26 19:00:00,0.0,0.0
2035-04-26 20:00:00,0.0,0.0
2035-04-26 21:00:00,0.0,0.0
2035-04-26 22:00:00,0.0,0.0
2035-04-26 23:00:00,0.0,0.0
2035-04-27 00:00:00,0.0,0.0
2035-04-27 01:00:00,0.0,0.0
2035-04-27 02:00:00,0.0,24.524868557562733
2035-04-27 03:00:00,0.0,110.83354059667774
2035-04-27 04:00:00,0.0,201.38690142460166
2035-04-27 05:00:00,0.0,272.13171457141726
2035-04-27 06:00:00,0.0,320.7098195988973
2035-04-27 07:00:00,0.0,343.81979189352376
2035-04-27 08:00:00,0.0,345.7063202441054
2035-04-27 09:00:00,0.0,326.8410367382879
2035-04-27 10:00:00,0.0,285.33741302548947
2035-04-27 11:00:00,0.0,221.66708119335547
2035-04-27 12:00:00,0.0,137.71656959246766
2035-04-27 13:00:00,0.0,47.634840852189164
2035-04-27 14:00:00,0.0,0.0
2035-04-27 15:00:00,0.0,0.0
2035-04-27 16:00:00,0.0,0.0
2035-04-27 17:00:00,0.0,0.0
2035-04-27 18:00:00,0.0,0.0
2035-04-27 19:00:00,0.0,0.0
2035-04-27 20:00:00,0.0,0.0
2035-04-27 21:00:00,0.0,0.0
2035-04-27 22:00:00,0.0,0.0
2035-04-27 23:00:00,0.0,0.0
2035-04-28 00:00:00,0.0,0.0
2035-04-28 01:00:00,0.0,0.0
2035-04-28 02:00:00,0.0,25.939764820499043
2035-04-28 03:00:00,0.0,115.54986147313211
2035-04-28 04:00:00,0.0,207.04648647634693
2035-04-28 05:00:00,0.0,277.31966753551706
2035-04-28 06:00:00,0.0,321.6530837741882
2035-04-28 07:00:00,0.0,343.81979189352376
2035-04-28 08:00:00,0.0,344.76305606881454
2035-04-28 09:00:00,0.0,326.3694046506425
2035-04-28 10:00:00,0.0,285.8090451131349
2035-04-28 11:00:00,0.0,222.61034536864636
2035-04-28 12:00:00,0.0,139.13146585540397
2035-04-28 13:00:00,0.0,48.578105027480035
2035-04-28 14:00:00,0.0,0.0
2035-04-28 15:00:00,0.0,0.0
2035-04-28 16:00:00,0.0,0.0
2035-04-28 17:00:00,0.0,0.0
2035-04-28 18:00:00,0.0,0.0
2035-04-28 19:00:00,0.0,0.0
2035-04-28 20:00:00,0.0,0.0
2035-04-28 21:00:00,0.0,0.0
2035-04-28 22:00:00,0.0,0.0
2035-04-28 23:00:00,0.0,0.0
2035-04-29 00:00:00,0.0,0.0
2035-04-29 01:00:00,0.0,0.0
2035-04-29 02:00:00,0.0,26.411396908144482
2035-04-29 03:00:00,0.0,114.1349652101958
2035-04-29 04:00:00,0.0,203.74506186282886
2035-04-29 05:00:00,0.0,271.18845039612637
2035-04-29 06:00:00,0.0,315.050234547152
2035-04-29 07:00:00,0.0,338.16020684177846
2035-04-29 08:00:00,0.0,340.0467351923602
2035-04-29 09:00:00,0.0,321.18145168654274
2035-04-29 10:00:00,0.0,281.09272423668057
2035-04-29 11:00:00,0.0,217.42239240454654
2035-04-29 12:00:00,0.0,134.4151449789496
2035-04-29 13:00:00,0.0,46.69157667689828
2035-04-29 14:00:00,0.0,0.0
2035-04-29 15:00:00,0.0,0.0
2035-04-29 16:00:00,0.0,0.0
2035-04-29 17:00:00,0.0,0.0
2035-04-29 18:00:00,0.0,0.0
2035-04-29 19:00:00,0.0,0.0
2035-04-29 20:00:00,0.0,0.0
2035-04-29 21:00:00,0.0,0.0
2035-04-29 22:00:00,0.0,0.0
2035-04-29 23:00:00,0.0,0.0
2035-04-30 00:00:00,0.0,0.0
2035-04-30 01:00:00,0.0,0.0
2035-04-30 02:00:00,0.0,23.109972294626424
2035-04-30 03:00:00,0.0,102.34416301905986
2035-04-30 04:00:00,0.0,189.12446714582032
2035-04-30 05:00:00,0.0,258.45438402969955
2035-04-30 06:00:00,0.0,304.6743286189525
2035-04-30 07:00:00,0.0,328.72756508886965
2035-04-30 08:00:00,0.0,330.61409343945144
2035-04-30 09:00:00,0.0,311.27717784598855
2035-04-30 10:00:00,0.0,269.7735541331901
2035-04-30 11:00:00,0.0,206.57485438870148
2035-04-30 12:00:00,0.0,125.4541353136863
2035-04-30 13:00:00,0.0,43.39015206338022
2035-04-30 14:00:00,0.0,0.0
2035-04-30 15:00:00,0.0,0.0
2035-04-30 16:00:00,0.0,0.0
2035-04-30 17:00:00,0.0,0.0
2035-04-30 18:00:00,0.0,0.0
2035-04-30 19:00:00,0.0,0.0
2035-04-30 20:00:00,0.0,0.0
2035-04-30 21:00:00,0.0,0.0
2035-04-30 22:00:00,0.0,0.0
2035-04-30 23:00:00,0.0,0.0
2035-05-01 00:00:00,0.0,0.0
2035-05-01 01:00:00,0.0,0.0
2035-05-01 02:00:00,0.0,24.99650064520817
2035-05-01 03:00:00,0.0,107.06048389551424
2035-05-01 04:00:00,0.0,193.36915593462925
2035-05-01 05:00:00,0.0,260.8125444679267
2035-05-01 06:00:00,0.0,306.08922488188875
2035-05-01 07:00:00,0.0,329.6708292641606
2035-05-01 08:00:00,0.0,332.0289897023878
2035-05-01 09:00:00,0.0,317.4083949853793
2035-05-01 10:00:00,0.0,275.9047712725808
2035-05-01 11:00:00,0.0,212.23443944044672
2035-05-01 12:00:00,0.0,129.69882410249522
2035-05-01 13:00:00,0.0,44.80504832631653
2035-05-01 14:00:00,0.0,0.0
2035-05-01 15:00:00,0.0,0.0
2035-05-01 16:00:00,0.0,0.0
2035-05-01 17:00:00,0.0,0.0
2035-05-01 18:00:00,0.0,0.0
2035-05-01 19:00:00,0.0,0.0
2035-05-01 20:00:00,0.0,0.0
2035-05-01 21:00:00,0.0,0.0
2035-05-01 22:00:00,0.0,0.0
2035-05-01 23:00:00,0.0,0.0
2035-05-02 00:00:00,0.0,0.0
2035-05-02 01:00:00,0.0,0.0
2035-05-02 02:00:00,0.0,26.411396908144482
2035-05-02 03:00:00,0.0,116.02149356077756
2035-05-02 04:00:00,0.0,208.46138273928324
2035-05-02 05:00:00,0.0,277.7912996231625
2035-05-02 06:00:00,0.0,323.53961212477
2035-05-02 07:00:00,0.0,344.29142398116915
2035-05-02 08:00:00,0.0,344.29142398116915
2035-05-02 09:00:00,0.0,324.01124421241536
2035-05-02 10:00:00,0.0,282.50762049961685
2035-05-02 11:00:00,0.0,218.83728866748285
2035-05-02 12:00:00,0.0,135.8300412418859
2035-05-02 13:00:00,0.0,47.634840852189164
2035-05-02 14:00:00,0.0,0.0
2035-05-02 15:00:00,0.0,0.0
2035-05-02 16:00:00,0.0,0.0
2035-05-02 17:00:00,0.0,0.0
2035-05-02 18:00:00,0.0,0.0
2035-05-02 19:00:00,0.0,0.0
2035-05-02 20:00:00,0.0,0.0
2035-05-02 21:00:00,0.0,0.0
2035-05-02 22:00:00,0.0,0.0
2035-05-02 23:00:00,0.0,0.0
2035-05-03 00:00:00,0.0,0.0
2035-05-03 01:00:00,0.0,0.0
2035-05-03 02:00:00,0.0,26.88302899578992
2035-05-03 03:00:00,0.0,114.1349652101958
2035-05-03 04:00:00,0.0,204.68832603811973
2035-05-03 05:00:00,0.0,273.54661083435354
2035-05-03 06:00:00,0.0,318.3516591606701
2035-05-03 07:00:00,0.0,341.933263542942
2035-05-03 08:00:00,0.0,344.29142398116915
2035-05-03 09:00:00,0.0,328.72756508886965
2035-05-03 10:00:00,0.0,287.6955734637167
2035-05-03 11:00:00,0.0,224.02524163158267
2035-05-03 12:00:00,0.0,139.60309794304942
2035-05-03 13:00:00,0.0,49.04973711512547
2035-05-03 14:00:00,0.0,0.0
2035-05-03 15:00:00,0.0,0.0
2035-05-03 16:00:00,0.0,0.0
2035-05-03 17:00:00,0.0,0.0
2035-05-03 18:00:00,0.0,0.0
2035-05-03 19:00:00,0.0,0.0
2035-05-03 20:00:00,0.0,0.0
2035-05-03 21:00:00,0.0,0.0
2035-05-03 22:00:00,0.0,0.0
2035-05-03 23:00:00,0.0,0.0
2035-05-04 00:00:00,0.0,0.0
2035-05-04 01:00:00,0.0,0.0
2035-05-04 02:00:00,0.0,27.35466108343536
2035-05-04 03:00:00,0.0,114.1349652101958
2035-05-04 04:00:00,0.0,202.801797687538
2035-05-04 05:00:00,0.0,272.13171457141726
2035-05-04 06:00:00,0.0,317.8800270730247
2035-05-04 07:00:00,0.0,340.9899993676511
2035-05-04 08:00:00,0.0,343.34815980587825
2035-05-04 09:00:00,0.0,325.42614047535164
2035-05-04 10:00:00,0.0,285.8090451131349
2035-05-04 11:00:00,0.0,224.02524163158267
2035-05-04 12:00:00,0.0,141.48962629363115
2035-05-04 13:00:00,0.0,50.936265465707216
2035-05-04 14:00:00,0.0,0.0
2035-05-04 15:00:00,0.0,0.0
2035-05-04 16:00:00,0.0,0.0
2035-05-04 17:00:00,0.0,0.0
2035-05-04 18:00:00,0.0,0.0
2035-05-04 19:00:00,0.0,0.0
2035-05-04 20:00:00,0.0,0.0
2035-05-04 21:00:00,0.0,0.0
2035-05-04 22:00:00,0.0,0.0
2035-05-04 23:00:00,0.0,0.0
2035-05-05 00:00:00,0.0,0.0
2035-05-05 01:00:00,0.0,0.0
2035-05-05 02:00:00,0.0,28.769557346371666
2035-05-05 03:00:00,0.0,118.85128608665016
2035-05-05 04:00:00,0.0,208.93301482692866
2035-05-05 05:00:00,0.0,277.31966753551706
2035-05-05 06:00:00,0.0,321.18145168654274
2035-05-05 07:00:00,0.0,345.23468815646004
2035-05-05 08:00:00,0.0,348.0644806823326
2035-05-05 09:00:00,0.0,329.6708292641606
2035-05-05 10:00:00,0.0,289.110469726653
2035-05-05 11:00:00,0.0,226.38340206980985
2035-05-05 12:00:00,0.0,142.43289046892204
2035-05-05 13:00:00,0.0,50.936265465707216
2035-05-05 14:00:00,0.0,0.0
2035-05-05 15:00:00,0.0,0.0
2035-05-05 16:00:00,0.0,0.0
2035-05-05 17:00:00,0.0,0.0
2035-05-05 18:00:00,0.0,0.0
2035-05-05 19:00:00,0.0,0.0
2035-05-05 20:00:00,0.0,0.0
2035-05-05 21:00:00,0.0,0.0
2035-05-05 22:00:00,0.0,0.0
2035-05-05 23:00:00,0.0,0.0
2035-05-06 00:00:00,0.0,0.0
2035-05-06 01:00:00,0.0,0.0
2035-05-06 02:00:00,0.0,29.71282152166254
2035-05-06 03:00:00,0.0,120.26618234958649
2035-05-06 04:00:00,0.0,209.87627900221955
2035-05-06 05:00:00,0.0,275.4331391849353
2035-05-06 06:00:00,0.0,319.29492333596096
2035-05-06 07:00:00,0.0,341.933263542942
2035-05-06 08:00:00,0.0,343.34815980587825
2035-05-06 09:00:00,0.0,324.48287630006075
2035-05-06 10:00:00,0.0,284.39414885019863
2035-05-06 11:00:00,0.0,221.66708119335547
2035-05-06 12:00:00,0.0,139.13146585540397
2035-05-06 13:00:00,0.0,49.521369202770906
2035-05-06 14:00:00,0.0,0.0
2035-05-06 15:00:00,0.0,0.0
2035-05-06 16:00:00,0.0,0.0
2035-05-06 17:00:00,0.0,0.0
2035-05-06 18:00:00,0.0,0.0
2035-05-06 19:00:00,0.0,0.0
2035-05-06 20:00:00,0.0,0.0
2035-05-06 21:00:00,0.0,0.0
2035-05-06 22:00:00,0.0,0.0
2035-05-06 23:00:00,0.0,0.0
2035-05-07 00:00:00,0.0,0.0
2035-05-07 01:00:00,0.0,0.0
2035-05-07 02:00:00,0.0,26.88302899578992
2035-05-07 03:00:00,0.0,107.53211598315968
2035-05-07 04:00:00,0.0,192.8975238469838
2035-05-07 05:00:00,0.0,260.8125444679267
2035-05-07 06:00:00,0.0,310.33391367069765
2035-05-07 07:00:00,0.0,332.9722538776786
2035-05-07 08:00:00,0.0,334.387150140615
2035-05-07 09:00:00,0.0,316.9367628977338
2035-05-07 10:00:00,0.0,276.3764033602262
2035-05-07 11:00:00,0.0,213.64933570338303
2035-05-07 12:00:00,0.0,132.52861662836784
2035-05-07 13:00:00,0.0,47.16320876454372
2035-05-07 14:00:00,0.0,0.0
2035-05-07 15:00:00,0.0,0.0
2035-05-07 16:00:00,0.0,0.0
2035-05-07 17:00:00,0.0,0.0
2035-05-07 18:00:00,0.0,0.0
2035-05-07 19:00:00,0.0,0.0
2035-05-07 20:00:00,0.0,0.0
2035-05-07 21:00:00,0.0,0.0
2035-05-07 22:00:00,0.0,0.0
2035-05-07 23:00:00,0.0,0.0
2035-05-08 00:00:00,0.0,0.0
2035-05-08 01:00:00,0.0,0.0
2035-05-08 02:00:00,0.0,24.524868557562733
2035-05-08 03:00:00,0.0,100.45763466847812
2035-05-08 04:00:00,0.0,183.9365141817205
2035-05-08 05:00:00,0.0,251.85153480266342
2035-05-08 06:00:00,0.0,299.0147435672072
2035-05-08 07:00:00,0.0,324.01124421241536
2035-05-08 08:00:00,0.0,327.7843009135788
2035-05-08 09:00:00,0.0,315.9934987224429
2035-05-08 10:00:00,0.0,275.9047712725808
2035-05-08 11:00:00,0.0,213.64933570338303
2035-05-08 12:00:00,0.0,133.00024871601326
2035-05-08 13:00:00,0.0,48.10647293983459
2035-05-08 14:00:00,0.0,0.0
2035-05-08 15:00:00,0.0,0.0
2035-05-08 16:00:00,0.0,0.0
2035-05-08 17:00:00,0.0,0.0
2035-05-08 18:00:00,0.0,0.0
2035-05-08 19:00:00,0.0,0.0
2035-05-08 20:00:00,0.0,0.0
2035-05-08 21:00:00,0.0,0.0
2035-05-08 22:00:00,0.0,0.0
2035-05-08 23:00:00,0.0,0.0
2035-05-09 00:00:00,0.0,0.0
2035-05-09 01:00:00,0.0,0.0
2035-05-09 02:00:00,0.0,27.826293171080795
2035-05-09 03:00:00,0.0,109.41864433374143
2035-05-09 04:00:00,0.0,195.25568428521098
2035-05-09 05:00:00,0.0,262.2274407308631
2035-05-09 06:00:00,0.0,311.27717784598855
2035-05-09 07:00:00,0.0,334.387150140615
2035-05-09 08:00:00,0.0,335.3304143159058
2035-05-09 09:00:00,0.0,315.5218666347975
2035-05-09 10:00:00,0.0,274.48987500964444
2035-05-09 11:00:00,0.0,211.76280735280127
2035-05-09 12:00:00,0.0,131.11372036543156
2035-05-09 13:00:00,0.0,47.634840852189164
2035-05-09 14:00:00,0.0,0.0
2035-05-09 15:00:00,0.0,0.0
2035-05-09 16:00:00,0.0,0.0
2035-05-09 17:00:00,0.0,0.0
2035-05-09 18:00:00,0.0,0.0
2035-05-09 19:00:00,0.0,0.0
2035-05-09 20:00:00,0.0,0.0
2035-05-09 21:00:00,0.0,0.0
2035-05-09 22:00:00,0.0,0.0
2035-05-09 23:00:00,0.0,0.0
2035-05-10 00:00:00,0.0,0.0
2035-05-10 01:00:00,0.0,0.0
2035-05-10 02:00:00,0.0,28.29792525872623
2035-05-10 03:00:00,0.0,110.83354059667774
2035-05-10 04:00:00,0.0,196.67058054814729
2035-05-10 05:00:00,0.0,264.11396908144485
2035-05-10 06:00:00,0.0,308.9190174077614
2035-05-10 07:00:00,0.0,331.0857255270968
2035-05-10 08:00:00,0.0,332.5006217900332
2035-05-10 09:00:00,0.0,314.1069703718612
2035-05-10 10:00:00,0.0,273.54661083435354
2035-05-10 11:00:00,0.0,211.29117526515589
2035-05-10 12:00:00,0.0,131.11372036543156
2035-05-10 13:00:00,0.0,47.634840852189164
2035-05-10 14:00:00,0.0,0.0
2035-05-10 15:00:00,0.0,0.0
2035-05-10 16:00:00,0.0,0.0
2035-05-10 17:00:00,0.0,0.0
2035-05-10 18:00:00,0.0,0.0
2035-05-10 19:00:00,0.0,0.0
2035-05-10 20:00:00,0.0,0.0
2035-05-10 21:00:00,0.0,0.0
2035-05-10 22:00:00,0.0,0.0
2035-05-10 23:00:00,0.0,0.0
2035-05-11 00:00:00,0.0,0.0
2035-05-11 01:00:00,0.0,0.0
2035-05-11 02:00:00,0.0,27.826293171080795
2035-05-11 03:00:00,0.0,108.0037480708051
2035-05-11 04:00:00,0.0,192.42589175933836
2035-05-11 05:00:00,0.0,259.8692802926359
2035-05-11 06:00:00,0.0,307.03248905717965
2035-05-11 07:00:00,0.0,329.6708292641606
2035-05-11 08:00:00,0.0,331.55735761474233
2035-05-11 09:00:00,0.0,314.5786024595066
2035-05-11 10:00:00,0.0,274.018242921999
2035-05-11 11:00:00,0.0,212.70607152809217
2035-05-11 12:00:00,0.0,132.0569845407224
2035-05-11 13:00:00,0.0,47.634840852189164
2035-05-11 14:00:00,0.0,0.0
2035-05-11 15:00:00,0.0,0.0
2035-05-11 16:00:00,0.0,0.0
2035-05-11 17:00:00,0.0,0.0
2035-05-11 18:00:00,0.0,0.0
2035-05-11 19:00:00,0.0,0.0
2035-05-11 20:00:00,0.0,0.0
2035-05-11 21:00:00,0.0,0.0
2035-05-11 22:00:00,0.0,0.0
2035-05-11 23:00:00,0.0,0.0
2035-05-12 00:00:00,0.0,0.0
2035-05-12 01:00:00,0.0,0.0
2035-05-12 02:00:00,0.0,28.769557346371666
2035-05-12 03:00:00,0.0,109.41864433374143
2035-05-12 04:00:00,0.0,194.78405219756553
2035-05-12 05:00:00,0.0,261.7558086432177
2035-05-12 06:00:00,0.0,307.9757532324705
2035-05-12 07:00:00,0.0,331.55735761474233
2035-05-12 08:00:00,0.0,334.8587822282604
2035-05-12 09:00:00,0.0,316.4651308100884
2035-05-12 10:00:00,0.0,277.31966753551706
2035-05-12 11:00:00,0.0,216.47912822925565
2035-05-12 12:00:00,0.0,136.30167332953133
2035-05-12 13:00:00,0.0,50.46463337806178
2035-05-12 14:00:00,0.0,0.0
2035-05-12 15:00:00,0.0,0.0
2035-05-12 16:00:00,0.0,0.0
2035-05-12 17:00:00,0.0,0.0
2035-05-12 18:00:00,0.0,0.0
2035-05-12 19:00:00,0.0,0.0
2035-05-12 20:00:00,0.0,0.0
2035-05-12 21:00:00,0.0,0.0
2035-05-12 22:00:00,0.0,0.0
2035-05-12 23:00:00,0.0,0.0
2035-05-13 00:00:00,0.0,0.0
2035-05-13 01:00:00,0.0,0.0
2035-05-13 02:00:00,0.0,28.29792525872623
2035-05-13 03:00:00,0.0,108.47538015845055
2035-05-13 04:00:00,0.0,191.9542596716929
2035-05-13 05:00:00,0.0,258.926016117345
2035-05-13 06:00:00,0.0,308.9190174077614
2035-05-13 07:00:00,0.0,331.0857255270968
2035-05-13 08:00:00,0.0,332.0289897023878
2035-05-13 09:00:00,0.0,314.1069703718612
2035-05-13 10:00:00,0.0,273.0749787467081
2035-05-13 11:00:00,0.0,211.29117526515589
2035-05-13 12:00:00,0.0,131.58535245307698
2035-05-13 13:00:00,0.0,48.10647293983459
2035-05-13 14:00:00,0.0,0.0
2035-05-13 15:00:00,0.0,0.0
2035-05-13 16:00:00,0.0,0.0
2035-05-13 17:00:00,0.0,0.0
2035-05-13 18:00:00,0.0,0.0
2035-05-13 19:00:00,0.0,0.0
2035-05-13 20:00:00,0.0,0.0
2035-05-13 21:00:00,0.0,0.0
2035-05-13 22:00:00,0.0,0.0
2035-05-13 23:00:00,0.0,0.0
2035-05-14 00:00:00,0.0,0.0
2035-05-14 01:00:00,0.0,0.0
2035-05-14 02:00:00,0.0,28.29792525872623
2035-05-14 03:00:00,0.0,107.53211598315968
2035-05-14 04:00:00,0.0,190.53936340875666
2035-05-14 05:00:00,0.0,257.0394877667633
2035-05-14 06:00:00,0.0,304.6743286189525
2035-05-14 07:00:00,0.0,326.3694046506425
2035-05-14 08:00:00,0.0,327.31266882593343
2035-05-14 09:00:00,0.0,307.9757532324705
2035-05-14 10:00:00,0.0,266.94376160731747
2035-05-14 11:00:00,0.0,205.15995812576517
2035-05-14 12:00:00,0.0,126.39739948897716
2035-05-14 13:00:00,0.0,46.21994458925285
2035-05-14 14:00:00,0.0,0.0
2035-05-14 15:00:00,0.0,0.0
2035-05-14 16:00:00,0.0,0.0
2035-05-14 17:00:00,0.0,0.0
2035-05-14 18:00:00,0.0,0.0
2035-05-14 19:00:00,0.0,0.0
2035-05-14 20:00:00,0.0,0.0
2035-05-14 21:00:00,0.0,0.0
2035-05-14 22:00:00,0.0,0.0
2035-05-14 23:00:00,0.0,0.0
2035-05-15 00:00:00,0.0,0.0
2035-05-15 01:00:00,0.0,0.0
2035-05-15 02:00:00,0.0,26.411396908144482
2035-05-15 03:00:00,0.0,102.34416301905986
2035-05-15 04:00:00,0.0,183.46488209407505
2035-05-15 05:00:00,0.0,249.9650064520817
2035-05-15 06:00:00,0.0,296.18495104133456
2035-05-15 07:00:00,0.0,318.82329124831557
2035-05-15 08:00:00,0.0,319.29492333596096
2035-05-15 09:00:00,0.0,303.2594323560161
2035-05-15 10:00:00,0.0,261.2841765555722
2035-05-15 11:00:00,0.0,199.97200516166535
2035-05-15 12:00:00,0.0,122.62434278781367
2035-05-15 13:00:00,0.0,45.27668041396197
2035-05-15 14:00:00,0.0,0.0
2035-05-15 15:00:00,0.0,0.0
2035-05-15 16:00:00,0.0,0.0
2035-05-15 17:00:00,0.0,0.0
2035-05-15 18:00:00,0.0,0.0
2035-05-15 19:00:00,0.0,0.0
2035-05-15 20:00:00,0.0,0.0
2035-05-15 21:00:00,0.0,0.0
2035-05-15 22:00:00,0.0,0.0
2035-05-15 23:00:00,0.0,0.0
2035-05-16 00:00:00,0.0,0.0
2035-05-16 01:00:00,0.0,0.0
2035-05-16 02:00:00,0.0,19.80854768110836
2035-05-16 03:00:00,0.0,80.64908698736977
2035-05-16 04:00:00,0.0,151.8655322218308
2035-05-16 05:00:00,0.0,216.9507603169011
2035-05-16 06:00:00,0.0,276.3764033602262
2035-05-16 07:00:00,0.0,302.3161681807252
2035-05-16 08:00:00,0.0,307.03248905717965
2035-05-16 09:00:00,0.0,290.5253659895893
2035-05-16 10:00:00,0.0,246.1919497509182
2035-05-16 11:00:00,0.0,184.40814626936594
2035-05-16 12:00:00,0.0,110.83354059667774
2035-05-16 13:00:00,0.0,40.08872744986216
2035-05-16 14:00:00,0.0,0.0
2035-05-16 15:00:00,0.0,0.0
2035-05-16 16:00:00,0.0,0.0
2035-05-16 17:00:00,0.0,0.0
2035-05-16 18:00:00,0.0,0.0
2035-05-16 19:00:00,0.0,0.0
2035-05-16 20:00:00,0.0,0.0
2035-05-16 21:00:00,0.0,0.0
2035-05-16 22:00:00,0.0,0.0
2035-05-16 23:00:00,0.0,0.0
2035-05-17 00:00:00,0.0,0.0
2035-05-17 01:00:00,0.0,0.0
2035-05-17 02:00:00,0.0,24.053236469917294
2035-05-17 03:00:00,0.0,98.09947423025093
2035-05-17 04:00:00,0.0,177.80529704232984
2035-05-17 05:00:00,0.0,243.83378931269104
2035-05-17 06:00:00,0.0,288.6388376390076
2035-05-17 07:00:00,0.0,311.748809933634
2035-05-17 08:00:00,0.0,314.5786024595066
2035-05-17 09:00:00,0.0,305.6175927942433
2035-05-17 10:00:00,0.0,266.0004974320266
2035-05-17 11:00:00,0.0,205.63159021341062
2035-05-17 12:00:00,0.0,127.34066366426805
2035-05-17 13:00:00,0.0,47.634840852189164
2035-05-17 14:00:00,0.0,0.0
2035-05-17 15:00:00,0.0,0.0
2035-05-17 16:00:00,0.0,0.0
2035-05-17 17:00:00,0.0,0.0
2035-05-17 18:00:00,0.0,0.0
2035-05-17 19:00:00,0.0,0.0
2035-05-17 20:00:00,0.0,0.0
2035-05-17 21:00:00,0.0,0.0
2035-05-17 22:00:00,0.0,0.0
2035-05-17 23:00:00,0.0,0.0
2035-05-18 00:00:00,0.0,0.0
2035-05-18 01:00:00,0.0,0.0
2035-05-18 02:00:00,0.0,27.826293171080795
2035-05-18 03:00:00,0.0,99.98600258083268
2035-05-18 04:00:00,0.0,173.08897616587547
2035-05-18 05:00:00,0.0,232.04298712155511
2035-05-18 06:00:00,0.0,280.1494600613897
2035-05-18 07:00:00,0.0,299.0147435672072
2035-05-18 08:00:00,0.0,297.12821521662545
2035-05-18 09:00:00,0.0,281.09272423668057
2035-05-18 10:00:00,0.0,244.30542140033646
2035-05-18 11:00:00,0.0,177.3336649546844
2035-05-18 12:00:00,0.0,119.32291817429561
2035-05-18 13:00:00,0.0,46.21994458925285
2035-05-18 14:00:00,0.0,0.0
2035-05-18 15:00:00,0.0,0.0
2035-05-18 16:00:00,0.0,0.0
2035-05-18 17:00:00,0.0,0.0
2035-05-18 18:00:00,0.0,0.0
2035-05-18 19:00:00,0.0,0.0
2035-05-18 20:00:00,0.0,0.0
2035-05-18 21:00:00,0.0,0.0
2035-05-18 22:00:00,0.0,0.0
2035-05-18 23:00:00,0.0,0.0
2035-05-19 00:00:00,0.0,0.0
2035-05-19 01:00:00,0.0,0.0
2035-05-19 02:00:00,0.0,27.826293171080795
2035-05-19 03:00:00,0.0,102.81579510670531
2035-05-19 04:00:00,0.0,180.163457480557
2035-05-19 05:00:00,0.0,241.47562887446384
2035-05-19 06:00:00,0.0,283.45088467490774
2035-05-19 07:00:00,0.0,291.9402622525256
2035-05-19 08:00:00,0.0,249.0217422767908
2035-05-19 09:00:00,0.0,247.60684601385452
2035-05-19 10:00:00,0.0,241.94726096210925
2035-05-19 11:00:00,0.0,197.14221263579273
2035-05-19 12:00:00,0.0,124.98250322604085
2035-05-19 13:00:00,0.0,45.7483125016074
2035-05-19 14:00:00,0.0,0.0
2035-05-19 15:00:00,0.0,0.0
2035-05-19 16:00:00,0.0,0.0
2035-05-19 17:00:00,0.0,0.0
2035-05-19 18:00:00,0.0,0.0
2035-05-19 19:00:00,0.0,0.0
2035-05-19 20:00:00,0.0,0.0
2035-05-19 21:00:00,0.0,0.0
2035-05-19 22:00:00,0.0,0.0
2035-05-19 23:00:00,0.0,0.0
2035-05-20 00:00:00,0.0,0.0
2035-05-20 01:00:00,0.0,0.0
2035-05-20 02:00:00,0.0,16.97875515523574
2035-05-20 03:00:00,0.0,68.38665270858839
2035-05-20 04:00:00,0.0,140.07473003069484
2035-05-20 05:00:00,0.0,209.87627900221955
2035-05-20 06:00:00,0.0,260.34091238028134
2035-05-20 07:00:00,0.0,292.8835264278165
2035-05-20 08:00:00,0.0,290.0537339019439
2035-05-20 09:00:00,0.0,264.5856011690903
2035-05-20 10:00:00,0.0,221.19544910571003
2035-05-20 11:00:00,0.0,169.7875515523574
2035-05-20 12:00:00,0.0,107.06048389551424
2035-05-20 13:00:00,0.0,41.50362371279847
2035-05-20 14:00:00,0.0,0.0
2035-05-20 15:00:00,0.0,0.0
2035-05-20 16:00:00,0.0,0.0
2035-05-20 17:00:00,0.0,0.0
2035-05-20 18:00:00,0.0,0.0
2035-05-20 19:00:00,0.0,0.0
2035-05-20 20:00:00,0.0,0.0
2035-05-20 21:00:00,0.0,0.0
2035-05-20 22:00:00,0.0,0.0
2035-05-20 23:00:00,0.0,0.0
2035-05-21 00:00:00,0.0,0.0
2035-05-21 01:00:00,0.0,0.0
2035-05-21 02:00:00,0.0,27.826293171080795
2035-05-21 03:00:00,0.0,106.5888518078688
2035-05-21 04:00:00,0.0,192.8975238469838
2035-05-21 05:00:00,0.0,260.8125444679267
2035-05-21 06:00:00,0.0,304.6743286189525
2035-05-21 07:00:00,0.0,324.01124421241536
2035-05-21 08:00:00,0.0,324.48287630006075
2035-05-21 09:00:00,0.0,307.03248905717965
2035-05-21 10:00:00,0.0,269.30192204554464
2035-05-21 11:00:00,0.0,209.87627900221955
2035-05-21 12:00:00,0.0,133.47188080365873
2035-05-21 13:00:00,0.0,50.46463337806178
2035-05-21 14:00:00,0.0,0.4716320876454372
2035-05-21 15:00:00,0.0,0.0
2035-05-21 16:00:00,0.0,0.0
2035-05-21 17:00:00,0.0,0.0
2035-05-21 18:00:00,0.0,0.0
2035-05-21 19:00:00,0.0,0.0
2035-05-21 20:00:00,0.0,0.0
2035-05-21 21:00:00,0.0,0.0
2035-05-21 22:00:00,0.0,0.0
2035-05-21 23:00:00,0.0,0.0
2035-05-22 00:00:00,0.0,0.0
2035-05-22 01:00:00,0.0,0.0
2035-05-22 02:00:00,0.0,29.241189434017105
2035-05-22 03:00:00,0.0,101.400898843769
2035-05-22 04:00:00,0.0,173.56060825352088
2035-05-22 05:00:00,0.0,236.7593079980095
2035-05-22 06:00:00,0.0,291.9402622525256
2035-05-22 07:00:00,0.0,317.8800270730247
2035-05-22 08:00:00,0.0,320.7098195988973
2035-05-22 09:00:00,0.0,299.95800774249807
2035-05-22 10:00:00,0.0,258.45438402969955
2035-05-22 11:00:00,0.0,194.78405219756553
2035-05-22 12:00:00,0.0,116.02149356077756
2035-05-22 13:00:00,0.0,43.86178415102566
2035-05-22 14:00:00,0.0,0.0
2035-05-22 15:00:00,0.0,0.0
2035-05-22 16:00:00,0.0,0.0
2035-05-22 17:00:00,0.0,0.0
2035-05-22 18:00:00,0.0,0.0
2035-05-22 19:00:00,0.0,0.0
2035-05-22 20:00:00,0.0,0.0
2035-05-22 21:00:00,0.0,0.0
2035-05-22 22:00:00,0.0,0.0
2035-05-22 23:00:00,0.0,0.0
2035-05-23 00:00:00,0.0,0.0
2035-05-23 01:00:00,0.0,0.0
2035-05-23 02:00:00,0.0,22.16670811933555
2035-05-23 03:00:00,0.0,86.30867203911501
2035-05-23 04:00:00,0.0,164.59959858825758
2035-05-23 05:00:00,0.0,227.79829833274616
2035-05-23 06:00:00,0.0,277.7912996231625
2035-05-23 07:00:00,0.0,304.20269653130697
2035-05-23 08:00:00,0.0,309.3906494954068
2035-05-23 09:00:00,0.0,291.9402622525256
2035-05-23 10:00:00,0.0,252.32316689030887
2035-05-23 11:00:00,0.0,196.19894846050187
2035-05-23 12:00:00,0.0,125.4541353136863
2035-05-23 13:00:00,0.0,49.04973711512547
2035-05-23 14:00:00,0.0,0.4716320876454372
2035-05-23 15:00:00,0.0,0.0
2035-05-23 16:00:00,0.0,0.0
2035-05-23 17:00:00,0.0,0.0
2035-05-23 18:00:00,0.0,0.0
2035-05-23 19:00:00,0.0,0.0
2035-05-23 20:00:00,0.0,0.0
2035-05-23 21:00:00,0.0,0.0
2035-05-23 22:00:00,0.0,0.0
2035-05-23 23:00:00,0.0,0.0
2035-05-24 00:00:00,0.0,0.0
2035-05-24 01:00:00,0.0,0.0
2035-05-24 02:00:00,0.0,27.826293171080795
2035-05-24 03:00:00,0.0,100.92926675612355
2035-05-24 04:00:00,0.0,178.27692912997523
2035-05-24 05:00:00,0.0,242.89052513740015
2035-05-24 06:00:00,0.0,288.16720555136214
2035-05-24 07:00:00,0.0,311.27717784598855
2035-05-24 08:00:00,0.0,315.5218666347975
2035-05-24 09:00:00,0.0,302.7878002683707
2035-05-24 10:00:00,0.0,264.5856011690903
2035-05-24 11:00:00,0.0,206.10322230105606
2035-05-24 12:00:00,0.0,129.22719201484978
2035-05-24 13:00:00,0.0,49.04973711512547
2035-05-24 14:00:00,0.0,0.4716320876454372
2035-05-24 15:00:00,0.0,0.0
2035-05-24 16:00:00,0.0,0.0
2035-05-24 17:00:00,0.0,0.0
2035-05-24 18:00:00,0.0,0.0
2035-05-24 19:00:00,0.0,0.0
2035-05-24 20:00:00,0.0,0.0
2035-05-24 21:00:00,0.0,0.0
2035-05-24 22:00:00,0.0,0.0
2035-05-24 23:00:00,0.0,0.0
2035-05-25 00:00:00,0.0,0.0
2035-05-25 01:00:00,0.0,0.0
2035-05-25 02:00:00,0.0,29.71282152166254
2035-05-25 03:00:00,0.0,107.06048389551424
2035-05-25 04:00:00,0.0,187.709570882884
2035-05-25 05:00:00,0.0,250.43663853972714
2035-05-25 06:00:00,0.0,298.0714793919163
2035-05-25 07:00:00,0.0,320.23818751125185
2035-05-25 08:00:00,0.0,322.5963479494791
2035-05-25 09:00:00,0.0,305.6175927942433
2035-05-25 10:00:00,0.0,267.4153936949629
2035-05-25 11:00:00,0.0,208.46138273928324
2035-05-25 12:00:00,0.0,131.58535245307698
2035-05-25 13:00:00,0.0,50.46463337806178
2035-05-25 14:00:00,0.0,0.9432641752908744
2035-05-25 15:00:00,0.0,0.0
2035-05-25 16:00:00,0.0,0.0
2035-05-25 17:00:00,0.0,0.0
2035-05-25 18:00:00,0.0,0.0
2035-05-25 19:00:00,0.0,0.0
2035-05-25 20:00:00,0.0,0.0
2035-05-25 21:00:00,0.0,0.0
2035-05-25 22:00:00,0.0,0.0
2035-05-25 23:00:00,0.0,0.0
2035-05-26 00:00:00,0.0,0.0
2035-05-26 01:00:00,0.0,0.0
2035-05-26 02:00:00,0.0,30.18445360930798
2035-05-26 03:00:00,0.0,107.53211598315968
2035-05-26 04:00:00,0.0,184.8797783570114
2035-05-26 05:00:00,0.0,247.60684601385452
2035-05-26 06:00:00,0.0,296.18495104133456
2035-05-26 07:00:00,0.0,321.18145168654274
2035-05-26 08:00:00,0.0,325.42614047535164
2035-05-26 09:00:00,0.0,306.08922488188875
2035-05-26 10:00:00,0.0,266.472129519672
2035-05-26 11:00:00,0.0,206.57485438870148
2035-05-26 12:00:00,0.0,131.58535245307698
2035-05-26 13:00:00,0.0,51.879529640998086
2035-05-26 14:00:00,0.0,0.9432641752908744
2035-05-26 15:00:00,0.0,0.0
2035-05-26 16:00:00,0.0,0.0
2035-05-26 17:00:00,0.0,0.0
2035-05-26 18:00:00,0.0,0.0
2035-05-26 19:00:00,0.0,0.0
2035-05-26 20:00:00,0.0,0.0
2035-05-26 21:00:00,0.0,0.0
2035-05-26 22:00:00,0.0,0.0
2035-05-26 23:00:00,0.0,0.0
2035-05-27 00:00:00,0.0,0.0
2035-05-27 01:00:00,0.0,0.0
2035-05-27 02:00:00,0.0,29.241189434017105
2035-05-27 03:00:00,0.0,102.34416301905986
2035-05-27 04:00:00,0.0,179.69182539291157
2035-05-27 05:00:00,0.0,246.1919497509182
2035-05-27 06:00:00,0.0,296.65658312898
2035-05-27 07:00:00,0.0,324.48287630006075
2035-05-27 08:00:00,0.0,330.61409343945144
2035-05-27 09:00:00,0.0,315.050234547152
2035-05-27 10:00:00,0.0,277.31966753551706
2035-05-27 11:00:00,0.0,217.42239240454654
2035-05-27 12:00:00,0.0,138.65983376775853
2035-05-27 13:00:00,0.0,53.2944259039344
2035-05-27 14:00:00,0.0,0.9432641752908744
2035-05-27 15:00:00,0.0,0.0
2035-05-27 16:00:00,0.0,0.0
2035-05-27 17:00:00,0.0,0.0
2035-05-27 18:00:00,0.0,0.0
2035-05-27 19:00:00,0.0,0.0
2035-05-27 20:00:00,0.0,0.0
2035-05-27 21:00:00,0.0,0.0
2035-05-27 22:00:00,0.0,0.0
2035-05-27 23:00:00,0.0,0.0
2035-05-28 00:00:00,0.0,0.0
2035-05-28 01:00:00,0.0,0.0
2035-05-28 02:00:00,0.0,28.769557346371666
2035-05-28 03:00:00,0.0,103.28742719435074
2035-05-28 04:00:00,0.0,186.76630670759312
2035-05-28 05:00:00,0.0,257.5111198544087
2035-05-28 06:00:00,0.0,304.20269653130697
2035-05-28 07:00:00,0.0,327.31266882593343
2035-05-28 08:00:00,0.0,329.19919717651516
2035-05-28 09:00:00,0.0,311.748809933634
2035-05-28 10:00:00,0.0,274.9615070972899
2035-05-28 11:00:00,0.0,214.12096779102848
2035-05-28 12:00:00,0.0,128.2839278395589
2035-05-28 13:00:00,0.0,46.69157667689828
2035-05-28 14:00:00,0.0,0.9432641752908744
2035-05-28 15:00:00,0.0,0.0
2035-05-28 16:00:00,0.0,0.0
2035-05-28 17:00:00,0.0,0.0
2035-05-28 18:00:00,0.0,0.0
2035-05-28 19:00:00,0.0,0.0
2035-05-28 20:00:00,0.0,0.0
2035-05-28 21:00:00,0.0,0.0
2035-05-28 22:00:00,0.0,0.0
2035-05-28 23:00:00,0.0,0.0
2035-05-29 00:00:00,0.0,0.0
2035-05-29 01:00:00,0.0,0.0
2035-05-29 02:00:00,0.0,29.241189434017105
2035-05-29 03:00:00,0.0,102.34416301905986
2035-05-29 04:00:00,0.0,172.14571199058457
2035-05-29 05:00:00,0.0,236.7593079980095
2035-05-29 06:00:00,0.0,276.84803544787167
2035-05-29 07:00:00,0.0,306.56085696953414
2035-05-29 08:00:00,0.0,312.6920741089248
2035-05-29 09:00:00,0.0,298.0714793919163
2035-05-29 10:00:00,0.0,261.7558086432177
2035-05-29 11:00:00,0.0,204.68832603811973
2035-05-29 12:00:00,0.0,130.17045619014067
2035-05-29 13:00:00,0.0,51.407897553352655
2035-05-29 14:00:00,0.0,1.4148962629363115
2035-05-29 15:00:00,0.0,0.0
2035-05-29 16:00:00,0.0,0.0
2035-05-29 17:00:00,0.0,0.0
2035-05-29 18:00:00,0.0,0.0
2035-05-29 19:00:00,0.0,0.0
2035-05-29 20:00:00,0.0,0.0
2035-05-29 21:00:00,0.0,0.0
2035-05-29 22:00:00,0.0,0.0
2035-05-29 23:00:00,0.0,0.0
2035-05-30 00:00:00,0.0,0.0
2035-05-30 01:00:00,0.0,0.0
2035-05-30 02:00:00,0.0,31.12771778459885
2035-05-30 03:00:00,0.0,104.23069136964162
2035-05-30 04:00:00,0.0,182.52161791878422
2035-05-30 05:00:00,0.0,246.1919497509182
2035-05-30 06:00:00,0.0,290.99699807723476
2035-05-30 07:00:00,0.0,314.5786024595066
2035-05-30 08:00:00,0.0,318.3516591606701
2035-05-30 09:00:00,0.0,301.8445360930798
2035-05-30 10:00:00,0.0,264.5856011690903
2035-05-30 11:00:00,0.0,207.04648647634693
2035-05-30 12:00:00,0.0,131.58535245307698
2035-05-30 13:00:00,0.0,50.936265465707216
2035-05-30 14:00:00,0.0,0.9432641752908744
2035-05-30 15:00:00,0.0,0.0
2035-05-30 16:00:00,0.0,0.0
2035-05-30 17:00:00,0.0,0.0
2035-05-30 18:00:00,0.0,0.0
2035-05-30 19:00:00,0.0,0.0
2035-05-30 20:00:00,0.0,0.0
2035-05-30 21:00:00,0.0,0.0
2035-05-30 22:00:00,0.0,0.0
2035-05-30 23:00:00,0.0,0.0
2035-05-31 00:00:00,0.0,0.0
2035-05-31 01:00:00,0.0,0.0
2035-05-31 02:00:00,0.0,28.29792525872623
2035-05-31 03:00:00,0.0,92.4398891785057
2035-05-31 04:00:00,0.0,150.45063595889445
2035-05-31 05:00:00,0.0,202.801797687538
2035-05-31 06:00:00,0.0,249.9650064520817
2035-05-31 07:00:00,0.0,273.0749787467081
2035-05-31 08:00:00,0.0,270.2451862208355
2035-05-31 09:00:00,0.0,238.17420426094577
2035-05-31 10:00:00,0.0,193.84078802227467
2035-05-31 11:00:00,0.0,142.43289046892204
2035-05-31 12:00:00,0.0,85.83703995146956
2035-05-31 13:00:00,0.0,33.95751031047148
2035-05-31 14:00:00,0.0,0.0
2035-05-31 15:00:00,0.0,0.0
2035-05-31 16:00:00,0.0,0.0
2035-05-31 17:00:00,0.0,0.0
2035-05-31 18:00:00,0.0,0.0
2035-05-31 19:00:00,0.0,0.0
2035-05-31 20:00:00,0.0,0.0
2035-05-31 21:00:00,0.0,0.0
2035-05-31 22:00:00,0.0,0.0
2035-05-31 23:00:00,0.0,0.0
2035-06-01 00:00:00,0.0,0.0
2035-06-01 01:00:00,0.0,0.0
2035-06-01 02:00:00,0.0,26.411396908144482
2035-06-01 03:00:00,0.0,89.61009665263306
2035-06-01 04:00:00,0.0,151.8655322218308
2035-06-01 05:00:00,0.0,206.10322230105606
2035-06-01 06:00:00,0.0,247.60684601385452
2035-06-01 07:00:00,0.0,261.7558086432177
2035-06-01 08:00:00,0.0,249.49337436443625
2035-06-01 09:00:00,0.0,226.38340206980985
2035-06-01 10:00:00,0.0,194.3124201099201
2035-06-01 11:00:00,0.0,156.58185309828517
2035-06-01 12:00:00,0.0,109.41864433374143
2035-06-01 13:00:00,0.0,47.16320876454372
2035-06-01 14:00:00,0.0,1.4148962629363115
2035-06-01 15:00:00,0.0,0.0
2035-06-01 16:00:00,0.0,0.0
2035-06-01 17:00:00,0.0,0.0
2035-06-01 18:00:00,0.0,0.0
2035-06-01 19:00:00,0.0,0.0
2035-06-01 20:00:00,0.0,0.0
2035-06-01 21:00:00,0.0,0.0
2035-06-01 22:00:00,0.0,0.0
2035-06-01 23:00:00,0.0,0.0
2035-06-02 00:00:00,0.0,0.0
2035-06-02 01:00:00,0.0,0.0
2035-06-02 02:00:00,0.0,19.336915593462926
2035-06-02 03:00:00,0.0,66.97175644565208
2035-06-02 04:00:00,0.0,121.20944652487735
2035-06-02 05:00:00,0.0,177.80529704232984
2035-06-02 06:00:00,0.0,229.21319459568247
2035-06-02 07:00:00,0.0,255.624591503827
2035-06-02 08:00:00,0.0,254.6813273285361
2035-06-02 09:00:00,0.0,239.58910052388208
2035-06-02 10:00:00,0.0,202.801797687538
2035-06-02 11:00:00,0.0,151.8655322218308
2035-06-02 12:00:00,0.0,99.04273840554181
2035-06-02 13:00:00,0.0,44.3334162386711
2035-06-02 14:00:00,0.0,1.4148962629363115
2035-06-02 15:00:00,0.0,0.0
2035-06-02 16:00:00,0.0,0.0
2035-06-02 17:00:00,0.0,0.0
2035-06-02 18:00:00,0.0,0.0
2035-06-02 19:00:00,0.0,0.0
2035-06-02 20:00:00,0.0,0.0
2035-06-02 21:00:00,0.0,0.0
2035-06-02 22:00:00,0.0,0.0
2035-06-02 23:00:00,0.0,0.0
2035-06-03 00:00:00,0.0,0.0
2035-06-03 01:00:00,0.0,0.0
2035-06-03 02:00:00,0.0,26.411396908144482
2035-06-03 03:00:00,0.0,93.854785441442
2035-06-03 04:00:00,0.0,174.0322403411663
2035-06-03 05:00:00,0.0,240.53236469917297
2035-06-03 06:00:00,0.0,289.5821018142984
2035-06-03 07:00:00,0.0,313.16370619657033
2035-06-03 08:00:00,0.0,315.050234547152
2035-06-03 09:00:00,0.0,298.0714793919163
2035-06-03 10:00:00,0.0,259.3976482049905
2035-06-03 11:00:00,0.0,201.38690142460166
2035-06-03 12:00:00,0.0,126.8690315766226
2035-06-03 13:00:00,0.0,50.46463337806178
2035-06-03 14:00:00,0.0,1.4148962629363115
2035-06-03 15:00:00,0.0,0.0
2035-06-03 16:00:00,0.0,0.0
2035-06-03 17:00:00,0.0,0.0
2035-06-03 18:00:00,0.0,0.0
2035-06-03 19:00:00,0.0,0.0
2035-06-03 20:00:00,0.0,0.0
2035-06-03 21:00:00,0.0,0.0
2035-06-03 22:00:00,0.0,0.0
2035-06-03 23:00:00,0.0,0.0
2035-06-04 00:00:00,0.0,0.0
2035-06-04 01:00:00,0.0,0.0
2035-06-04 02:00:00,0.0,27.826293171080795
2035-06-04 03:00:00,0.0,97.62784214260549
2035-06-04 04:00:00,0.0,174.50387242881175
2035-06-04 05:00:00,0.0,239.11746843623666
2035-06-04 06:00:00,0.0,288.16720555136214
2035-06-04 07:00:00,0.0,315.050234547152
2035-06-04 08:00:00,0.0,320.23818751125185
2035-06-04 09:00:00,0.0,304.6743286189525
2035-06-04 10:00:00,0.0,266.94376160731747
2035-06-04 11:00:00,0.0,207.9897506516378
2035-06-04 12:00:00,0.0,132.52861662836784
2035-06-04 13:00:00,0.0,52.351161728643525
2035-06-04 14:00:00,0.0,1.4148962629363115
2035-06-04 15:00:00,0.0,0.0
2035-06-04 16:00:00,0.0,0.0
2035-06-04 17:00:00,0.0,0.0
2035-06-04 18:00:00,0.0,0.0
2035-06-04 19:00:00,0.0,0.0
2035-06-04 20:00:00,0.0,0.0
2035-06-04 21:00:00,0.0,0.0
2035-06-04 22:00:00,0.0,0.0
2035-06-04 23:00:00,0.0,0.0
2035-06-05 00:00:00,0.0,0.0
2035-06-05 01:00:00,0.0,0.0
2035-06-05 02:00:00,0.0,30.65608569695342
2035-06-05 03:00:00,0.0,99.51437049318723
2035-06-05 04:00:00,0.0,167.90102320177564
2035-06-05 05:00:00,0.0,230.62809085861878
2035-06-05 06:00:00,0.0,279.67782797374423
2035-06-05 07:00:00,0.0,305.6175927942433
2035-06-05 08:00:00,0.0,306.08922488188875
2035-06-05 09:00:00,0.0,286.28067720078036
2035-06-05 10:00:00,0.0,235.8160438227186
2035-06-05 11:00:00,0.0,174.0322403411663
2035-06-05 12:00:00,0.0,111.30517268432318
2035-06-05 13:00:00,0.0,50.936265465707216
2035-06-05 14:00:00,0.0,1.8865283505817487
2035-06-05 15:00:00,0.0,0.0
2035-06-05 16:00:00,0.0,0.0
2035-06-05 17:00:00,0.0,0.0
2035-06-05 18:00:00,0.0,0.0
2035-06-05 19:00:00,0.0,0.0
2035-06-05 20:00:00,0.0,0.0
2035-06-05 21:00:00,0.0,0.0
2035-06-05 22:00:00,0.0,0.0
2035-06-05 23:00:00,0.0,0.0
2035-06-06 00:00:00,0.0,0.0
2035-06-06 01:00:00,0.0,0.0
2035-06-06 02:00:00,0.0,28.769557346371666
2035-06-06 03:00:00,0.0,89.13846456498761
2035-06-06 04:00:00,0.0,149.97900387124903
2035-06-06 05:00:00,0.0,205.15995812576517
2035-06-06 06:00:00,0.0,250.9082706273726
2035-06-06 07:00:00,0.0,277.31966753551706
2035-06-06 08:00:00,0.0,285.33741302548947
2035-06-06 09:00:00,0.0,274.018242921999
2035-06-06 10:00:00,0.0,242.4188930497547
2035-06-06 11:00:00,0.0,192.8975238469838
2035-06-06 12:00:00,0.0,124.98250322604085
2035-06-06 13:00:00,0.0,51.879529640998086
2035-06-06 14:00:00,0.0,1.8865283505817487
2035-06-06 15:00:00,0.0,0.0
2035-06-06 16:00:00,0.0,0.0
2035-06-06 17:00:00,0.0,0.0
2035-06-06 18:00:00,0.0,0.0
2035-06-06 19:00:00,0.0,0.0
2035-06-06 20:00:00,0.0,0.0
2035-06-06 21:00:00,0.0,0.0
2035-06-06 22:00:00,0.0,0.0
2035-06-06 23:00:00,0.0,0.0
2035-06-07 00:00:00,0.0,0.0
2035-06-07 01:00:00,0.0,0.0
2035-06-07 02:00:00,0.0,27.35466108343536
2035-06-07 03:00:00,0.0,83.00724742559693
2035-06-07 04:00:00,0.0,134.4151449789496
2035-06-07 05:00:00,0.0,175.91876869174806
2035-06-07 06:00:00,0.0,210.81954317751044
2035-06-07 07:00:00,0.0,234.8727796474277
2035-06-07 08:00:00,0.0,243.3621572250456
2035-06-07 09:00:00,0.0,229.6848266833279
2035-06-07 10:00:00,0.0,200.91526933695624
2035-06-07 11:00:00,0.0,156.11022101063972
2035-06-07 12:00:00,0.0,97.62784214260549
2035-06-07 13:00:00,0.0,37.730567011634975
2035-06-07 14:00:00,0.0,0.4716320876454372
2035-06-07 15:00:00,0.0,0.0
2035-06-07 16:00:00,0.0,0.0
2035-06-07 17:00:00,0.0,0.0
2035-06-07 18:00:00,0.0,0.0
2035-06-07 19:00:00,0.0,0.0
2035-06-07 20:00:00,0.0,0.0
2035-06-07 21:00:00,0.0,0.0
2035-06-07 22:00:00,0.0,0.0
2035-06-07 23:00:00,0.0,0.0
2035-06-08 00:00:00,0.0,0.0
2035-06-08 01:00:00,0.0,0.0
2035-06-08 02:00:00,0.0,23.58160438227186
2035-06-08 03:00:00,0.0,83.47887951324238
2035-06-08 04:00:00,0.0,157.0534851859306
2035-06-08 05:00:00,0.0,218.3656565798374
2035-06-08 06:00:00,0.0,265.0572332567357
2035-06-08 07:00:00,0.0,292.8835264278165
2035-06-08 08:00:00,0.0,299.4863756548526
2035-06-08 09:00:00,0.0,283.45088467490774
2035-06-08 10:00:00,0.0,248.5501101891454
2035-06-08 11:00:00,0.0,193.36915593462925
2035-06-08 12:00:00,0.0,124.5108711383954
2035-06-08 13:00:00,0.0,51.879529640998086
2035-06-08 14:00:00,0.0,1.8865283505817487
2035-06-08 15:00:00,0.0,0.0
2035-06-08 16:00:00,0.0,0.0
2035-06-08 17:00:00,0.0,0.0
2035-06-08 18:00:00,0.0,0.0
2035-06-08 19:00:00,0.0,0.0
2035-06-08 20:00:00,0.0,0.0
2035-06-08 21:00:00,0.0,0.0
2035-06-08 22:00:00,0.0,0.0
2035-06-08 23:00:00,0.0,0.0
2035-06-09 00:00:00,0.0,0.0
2035-06-09 01:00:00,0.0,0.0
2035-06-09 02:00:00,0.0,31.12771778459885
2035-06-09 03:00:00,0.0,104.23069136964162
2035-06-09 04:00:00,0.0,181.10672165584788
2035-06-09 05:00:00,0.0,240.53236469917297
2035-06-09 06:00:00,0.0,282.0359884119714
2035-06-09 07:00:00,0.0,304.6743286189525
2035-06-09 08:00:00,0.0,306.56085696953414
2035-06-09 09:00:00,0.0,289.110469726653
2035-06-09 10:00:00,0.0,252.79479897795431
2035-06-09 11:00:00,0.0,196.19894846050187
2035-06-09 12:00:00,0.0,124.5108711383954
2035-06-09 13:00:00,0.0,50.46463337806178
2035-06-09 14:00:00,0.0,1.8865283505817487
2035-06-09 15:00:00,0.0,0.0
2035-06-09 16:00:00,0.0,0.0
2035-06-09 17:00:00,0.0,0.0
2035-06-09 18:00:00,0.0,0.0
2035-06-09 19:00:00,0.0,0.0
2035-06-09 20:00:00,0.0,0.0
2035-06-09 21:00:00,0.0,0.0
2035-06-09 22:00:00,0.0,0.0
2035-06-09 23:00:00,0.0,0.0
2035-06-10 00:00:00,0.0,0.0
2035-06-10 01:00:00,0.0,0.0
2035-06-10 02:00:00,0.0,30.65608569695342
2035-06-10 03:00:00,0.0,102.34416301905986
2035-06-10 04:00:00,0.0,172.61734407823002
2035-06-10 05:00:00,0.0,233.92951547213684
2035-06-10 06:00:00,0.0,278.26293171080795
2035-06-10 07:00:00,0.0,298.0714793919163
2035-06-10 08:00:00,0.0,298.0714793919163
2035-06-10 09:00:00,0.0,276.3764033602262
2035-06-10 10:00:00,0.0,237.70257217330033
2035-06-10 11:00:00,0.0,181.57835374349332
2035-06-10 12:00:00,0.0,112.24843685961405
2035-06-10 13:00:00,0.0,45.27668041396197
2035-06-10 14:00:00,0.0,1.4148962629363115
2035-06-10 15:00:00,0.0,0.0
2035-06-10 16:00:00,0.0,0.0
2035-06-10 17:00:00,0.0,0.0
2035-06-10 18:00:00,0.0,0.0
2035-06-10 19:00:00,0.0,0.0
2035-06-10 20:00:00,0.0,0.0
2035-06-10 21:00:00,0.0,0.0
2035-06-10 22:00:00,0.0,0.0
2035-06-10 23:00:00,0.0,0.0
2035-06-11 00:00:00,0.0,0.0
2035-06-11 01:00:00,0.0,0.0
2035-06-11 02:00:00,0.0,27.35466108343536
2035-06-11 03:00:00,0.0,90.55336082792394
2035-06-11 04:00:00,0.0,153.75206057241252
2035-06-11 05:00:00,0.0,218.3656565798374
2035-06-11 06:00:00,0.0,269.7735541331901
2035-06-11 07:00:00,0.0,291.46863016488015
2035-06-11 08:00:00,0.0,296.18495104133456
2035-06-11 09:00:00,0.0,281.09272423668057
2035-06-11 10:00:00,0.0,238.64583634859122
2035-06-11 11:00:00,0.0,183.46488209407505
2035-06-11 12:00:00,0.0,114.1349652101958
2035-06-11 13:00:00,0.0,47.634840852189164
2035-06-11 14:00:00,0.0,1.4148962629363115
2035-06-11 15:00:00,0.0,0.0
2035-06-11 16:00:00,0.0,0.0
2035-06-11 17:00:00,0.0,0.0
2035-06-11 18:00:00,0.0,0.0
2035-06-11 19:00:00,0.0,0.0
2035-06-11 20:00:00,0.0,0.0
2035-06-11 21:00:00,0.0,0.0
2035-06-11 22:00:00,0.0,0.0
2035-06-11 23:00:00,0.0,0.0
2035-06-12 00:00:00,0.0,0.0
2035-06-12 01:00:00,0.0,0.0
2035-06-12 02:00:00,0.0,26.411396908144482
2035-06-12 03:00:00,0.0,82.06398325030607
2035-06-12 04:00:00,0.0,147.62084343302183
2035-06-12 05:00:00,0.0,212.23443944044672
2035-06-12 06:00:00,0.0,254.6813273285361
2035-06-12 07:00:00,0.0,280.6210921490351
2035-06-12 08:00:00,0.0,285.8090451131349
2035-06-12 09:00:00,0.0,270.7168183084809
2035-06-12 10:00:00,0.0,227.79829833274616
2035-06-12 11:00:00,0.0,165.5428627635484
2035-06-12 12:00:00,0.0,100.45763466847812
2035-06-12 13:00:00,0.0,40.08872744986216
2035-06-12 14:00:00,0.0,0.9432641752908744
2035-06-12 15:00:00,0.0,0.0
2035-06-12 16:00:00,0.0,0.0
2035-06-12 17:00:00,0.0,0.0
2035-06-12 18:00:00,0.0,0.0
2035-06-12 19:00:00,0.0,0.0
2035-06-12 20:00:00,0.0,0.0
2035-06-12 21:00:00,0.0,0.0
2035-06-12 22:00:00,0.0,0.0
2035-06-12 23:00:00,0.0,0.0
2035-06-13 00:00:00,0.0,0.0
2035-06-13 01:00:00,0.0,0.0
2035-06-13 02:00:00,0.0,21.223443944044675
2035-06-13 03:00:00,0.0,81.12071907501519
2035-06-13 04:00:00,0.0,147.62084343302183
2035-06-13 05:00:00,0.0,200.91526933695624
2035-06-13 06:00:00,0.0,232.98625129684595
2035-06-13 07:00:00,0.0,259.8692802926359
2035-06-13 08:00:00,0.0,266.0004974320266
2035-06-13 09:00:00,0.0,257.0394877667633
2035-06-13 10:00:00,0.0,222.61034536864636
2035-06-13 11:00:00,0.0,167.90102320177564
2035-06-13 12:00:00,0.0,106.11721972022336
2035-06-13 13:00:00,0.0,43.86178415102566
2035-06-13 14:00:00,0.0,1.4148962629363115
2035-06-13 15:00:00,0.0,0.0
2035-06-13 16:00:00,0.0,0.0
2035-06-13 17:00:00,0.0,0.0
2035-06-13 18:00:00,0.0,0.0
2035-06-13 19:00:00,0.0,0.0
2035-06-13 20:00:00,0.0,0.0
2035-06-13 21:00:00,0.0,0.0
2035-06-13 22:00:00,0.0,0.0
2035-06-13 23:00:00,0.0,0.0
2035-06-14 00:00:00,0.0,0.0
2035-06-14 01:00:00,0.0,0.0
2035-06-14 02:00:00,0.0,22.638340206980985
2035-06-14 03:00:00,0.0,78.762558636788
2035-06-14 04:00:00,0.0,138.65983376775853
2035-06-14 05:00:00,0.0,190.53936340875666
2035-06-14 06:00:00,0.0,237.23094008565488
2035-06-14 07:00:00,0.0,262.6990728185085
2035-06-14 08:00:00,0.0,255.624591503827
2035-06-14 09:00:00,0.0,236.7593079980095
2035-06-14 10:00:00,0.0,203.74506186282886
2035-06-14 11:00:00,0.0,157.525117273576
2035-06-14 12:00:00,0.0,97.15621005496006
2035-06-14 13:00:00,0.0,39.14546327457129
2035-06-14 14:00:00,0.0,0.9432641752908744
2035-06-14 15:00:00,0.0,0.0
2035-06-14 16:00:00,0.0,0.0
2035-06-14 17:00:00,0.0,0.0
2035-06-14 18:00:00,0.0,0.0
2035-06-14 19:00:00,0.0,0.0
2035-06-14 20:00:00,0.0,0.0
2035-06-14 21:00:00,0.0,0.0
2035-06-14 22:00:00,0.0,0.0
2035-06-14 23:00:00,0.0,0.0
2035-06-15 00:00:00,0.0,0.0
2035-06-15 01:00:00,0.0,0.0
2035-06-15 02:00:00,0.0,24.99650064520817
2035-06-15 03:00:00,0.0,82.53561533795151
2035-06-15 04:00:00,0.0,144.7910509071492
2035-06-15 05:00:00,0.0,202.33016559989255
2035-06-15 06:00:00,0.0,237.70257217330033
2035-06-15 07:00:00,0.0,248.07847810149997
2035-06-15 08:00:00,0.0,237.23094008565488
2035-06-15 09:00:00,0.0,215.06423196631937
2035-06-15 10:00:00,0.0,187.709570882884
2035-06-15 11:00:00,0.0,147.1492113453764
2035-06-15 12:00:00,0.0,91.02499291556938
2035-06-15 13:00:00,0.0,36.7873028363441
2035-06-15 14:00:00,0.0,0.4716320876454372
2035-06-15 15:00:00,0.0,0.0
2035-06-15 16:00:00,0.0,0.0
2035-06-15 17:00:00,0.0,0.0
2035-06-15 18:00:00,0.0,0.0
2035-06-15 19:00:00,0.0,0.0
2035-06-15 20:00:00,0.0,0.0
2035-06-15 21:00:00,0.0,0.0
2035-06-15 22:00:00,0.0,0.0
2035-06-15 23:00:00,0.0,0.0
2035-06-16 00:00:00,0.0,0.0
2035-06-16 01:00:00,0.0,0.0
2035-06-16 02:00:00,0.0,16.035490979944864
2035-06-16 03:00:00,0.0,53.76605799157984
2035-06-16 04:00:00,0.0,95.26968170437833
2035-06-16 05:00:00,0.0,136.30167332953133
2035-06-16 06:00:00,0.0,157.525117273576
2035-06-16 07:00:00,0.0,157.99674936122145
2035-06-16 08:00:00,0.0,133.94351289130415
2035-06-16 09:00:00,0.0,109.41864433374143
2035-06-16 10:00:00,0.0,90.0817287402785
2035-06-16 11:00:00,0.0,63.670331832134025
2035-06-16 12:00:00,0.0,29.241189434017105
2035-06-16 13:00:00,0.0,7.546113402326995
2035-06-16 14:00:00,0.0,0.0
2035-06-16 15:00:00,0.0,0.0
2035-06-16 16:00:00,0.0,0.0
2035-06-16 17:00:00,0.0,0.0
2035-06-16 18:00:00,0.0,0.0
2035-06-16 19:00:00,0.0,0.0
2035-06-16 20:00:00,0.0,0.0
2035-06-16 21:00:00,0.0,0.0
2035-06-16 22:00:00,0.0,0.0
2035-06-16 23:00:00,0.0,0.0
2035-06-17 00:00:00,0.0,0.0
2035-06-17 01:00:00,0.0,0.0
2035-06-17 02:00:00,0.0,21.223443944044675
2035-06-17 03:00:00,0.0,73.5746056726882
2035-06-17 04:00:00,0.0,130.6420882777861
2035-06-17 05:00:00,0.0,182.52161791878422
2035-06-17 06:00:00,0.0,235.8160438227186
2035-06-17 07:00:00,0.0,261.2841765555722
2035-06-17 08:00:00,0.0,268.35865787025375
2035-06-17 09:00:00,0.0,253.7380631532452
2035-06-17 10:00:00,0.0,225.9117699821644
2035-06-17 11:00:00,0.0,174.50387242881175
2035-06-17 12:00:00,0.0,109.41864433374143
2035-06-17 13:00:00,0.0,44.3334162386711
2035-06-17 14:00:00,0.0,1.4148962629363115
2035-06-17 15:00:00,0.0,0.0
2035-06-17 16:00:00,0.0,0.0
2035-06-17 17:00:00,0.0,0.0
2035-06-17 18:00:00,0.0,0.0
2035-06-17 19:00:00,0.0,0.0
2035-06-17 20:00:00,0.0,0.0
2035-06-17 21:00:00,0.0,0.0
2035-06-17 22:00:00,0.0,0.0
2035-06-17 23:00:00,0.0,0.0
2035-06-18 00:00:00,0.0,0.0
2035-06-18 01:00:00,0.0,0.0
2035-06-18 02:00:00,0.0,23.58160438227186
2035-06-18 03:00:00,0.0,85.36540786382412
2035-06-18 04:00:00,0.0,161.29817397473954
2035-06-18 05:00:00,0.0,227.79829833274616
2035-06-18 06:00:00,0.0,277.31966753551706
2035-06-18 07:00:00,0.0,301.37290400543435
2035-06-18 08:00:00,0.0,300.9012719177889
2035-06-18 09:00:00,0.0,289.5821018142984
2035-06-18 10:00:00,0.0,247.60684601385452
2035-06-18 11:00:00,0.0,183.46488209407505
2035-06-18 12:00:00,0.0,114.60659729784123
2035-06-18 13:00:00,0.0,45.27668041396197
2035-06-18 14:00:00,0.0,1.4148962629363115
2035-06-18 15:00:00,0.0,0.0
2035-06-18 16:00:00,0.0,0.0
2035-06-18 17:00:00,0.0,0.0
2035-06-18 18:00:00,0.0,0.0
2035-06-18 19:00:00,0.0,0.0
2035-06-18 20:00:00,0.0,0.0
2035-06-18 21:00:00,0.0,0.0
2035-06-18 22:00:00,0.0,0.0
2035-06-18 23:00:00,0.0,0.0
2035-06-19 00:00:00,0.0,0.0
2035-06-19 01:00:00,0.0,0.0
2035-06-19 02:00:00,0.0,29.71282152166254
2035-06-19 03:00:00,0.0,101.400898843769
2035-06-19 04:00:00,0.0,178.27692912997523
2035-06-19 05:00:00,0.0,240.53236469917297
2035-06-19 06:00:00,0.0,283.45088467490774
2035-06-19 07:00:00,0.0,303.7310644436616
2035-06-19 08:00:00,0.0,304.20269653130697
2035-06-19 09:00:00,0.0,286.7523092884258
2035-06-19 10:00:00,0.0,249.9650064520817
2035-06-19 11:00:00,0.0,193.84078802227467
2035-06-19 12:00:00,0.0,121.6810786125228
2035-06-19 13:00:00,0.0,49.04973711512547
2035-06-19 14:00:00,0.0,1.8865283505817487
2035-06-19 15:00:00,0.0,0.0
2035-06-19 16:00:00,0.0,0.0
2035-06-19 17:00:00,0.0,0.0
2035-06-19 18:00:00,0.0,0.0
2035-06-19 19:00:00,0.0,0.0
2035-06-19 20:00:00,0.0,0.0
2035-06-19 21:00:00,0.0,0.0
2035-06-19 22:00:00,0.0,0.0
2035-06-19 23:00:00,0.0,0.0
2035-06-20 00:00:00,0.0,0.0
2035-06-20 01:00:00,0.0,0.0
2035-06-20 02:00:00,0.0,31.12771778459885
2035-06-20 03:00:00,0.0,110.36190850903229
2035-06-20 04:00:00,0.0,192.42589175933836
2035-06-20 05:00:00,0.0,257.0394877667633
2035-06-20 06:00:00,0.0,299.4863756548526
2035-06-20 07:00:00,0.0,320.7098195988973
2035-06-20 08:00:00,0.0,322.5963479494791
2035-06-20 09:00:00,0.0,303.7310644436616
2035-06-20 10:00:00,0.0,263.17070490615396
2035-06-20 11:00:00,0.0,199.97200516166535
2035-06-20 12:00:00,0.0,121.20944652487735
2035-06-20 13:00:00,0.0,45.27668041396197
2035-06-20 14:00:00,0.0,0.9432641752908744
2035-06-20 15:00:00,0.0,0.0
2035-06-20 16:00:00,0.0,0.0
2035-06-20 17:00:00,0.0,0.0
2035-06-20 18:00:00,0.0,0.0
2035-06-20 19:00:00,0.0,0.0
2035-06-20 20:00:00,0.0,0.0
2035-06-20 21:00:00,0.0,0.0
2035-06-20 22:00:00,0.0,0.0
2035-06-20 23:00:00,0.0,0.0
2035-06-21 00:00:00,0.0,0.0
2035-06-21 01:00:00,0.0,0.0
2035-06-21 02:00:00,0.0,23.58160438227186
2035-06-21 03:00:00,0.0,85.83703995146956
2035-06-21 04:00:00,0.0,158.4683814488669
2035-06-21 05:00:00,0.0,220.72381701806458
2035-06-21 06:00:00,0.0,287.6955734637167
2035-06-21 07:00:00,0.0,309.3906494954068
2035-06-21 08:00:00,0.0,310.80554575834316
2035-06-21 09:00:00,0.0,291.46863016488015
2035-06-21 10:00:00,0.0,252.32316689030887
2035-06-21 11:00:00,0.0,193.84078802227467
2035-06-21 12:00:00,0.0,122.15271070016823
2035-06-21 13:00:00,0.0,49.04973711512547
2035-06-21 14:00:00,0.0,1.8865283505817487
2035-06-21 15:00:00,0.0,0.0
2035-06-21 16:00:00,0.0,0.0
2035-06-21 17:00:00,0.0,0.0
2035-06-21 18:00:00,0.0,0.0
2035-06-21 19:00:00,0.0,0.0
2035-06-21 20:00:00,0.0,0.0
2035-06-21 21:00:00,0.0,0.0
2035-06-21 22:00:00,0.0,0.0
2035-06-21 23:00:00,0.0,0.0
2035-06-22 00:00:00,0.0,0.0
2035-06-22 01:00:00,0.0,0.0
2035-06-22 02:00:00,0.0,30.18445360930798
2035-06-22 03:00:00,0.0,105.1739555449325
2035-06-22 04:00:00,0.0,184.8797783570114
2035-06-22 05:00:00,0.0,249.49337436443625
2035-06-22 06:00:00,0.0,292.41189434017105
2035-06-22 07:00:00,0.0,314.1069703718612
2035-06-22 08:00:00,0.0,315.5218666347975
2035-06-22 09:00:00,0.0,298.54311147956173
2035-06-22 10:00:00,0.0,260.34091238028134
2035-06-22 11:00:00,0.0,202.33016559989255
2035-06-22 12:00:00,0.0,127.8122957519135
2035-06-22 13:00:00,0.0,51.407897553352655
2035-06-22 14:00:00,0.0,1.8865283505817487
2035-06-22 15:00:00,0.0,0.0
2035-06-22 16:00:00,0.0,0.0
2035-06-22 17:00:00,0.0,0.0
2035-06-22 18:00:00,0.0,0.0
2035-06-22 19:00:00,0.0,0.0
2035-06-22 20:00:00,0.0,0.0
2035-06-22 21:00:00,0.0,0.0
2035-06-22 22:00:00,0.0,0.0
2035-06-22 23:00:00,0.0,0.0
2035-06-23 00:00:00,0.0,0.0
2035-06-23 01:00:00,0.0,0.0
2035-06-23 02:00:00,0.0,30.18445360930798
2035-06-23 03:00:00,0.0,103.28742719435074
2035-06-23 04:00:00,0.0,180.163457480557
2035-06-23 05:00:00,0.0,242.4188930497547
2035-06-23 06:00:00,0.0,288.16720555136214
2035-06-23 07:00:00,0.0,308.4473853201159
2035-06-23 08:00:00,0.0,307.03248905717965
2035-06-23 09:00:00,0.0,284.8657809378441
2035-06-23 10:00:00,0.0,245.24868557562735
2035-06-23 11:00:00,0.0,187.709570882884
2035-06-23 12:00:00,0.0,119.32291817429561
2035-06-23 13:00:00,0.0,49.521369202770906
2035-06-23 14:00:00,0.0,1.8865283505817487
2035-06-23 15:00:00,0.0,0.0
2035-06-23 16:00:00,0.0,0.0
2035-06-23 17:00:00,0.0,0.0
2035-06-23 18:00:00,0.0,0.0
2035-06-23 19:00:00,0.0,0.0
2035-06-23 20:00:00,0.0,0.0
2035-06-23 21:00:00,0.0,0.0
2035-06-23 22:00:00,0.0,0.0
2035-06-23 23:00:00,0.0,0.0
2035-06-24 00:00:00,0.0,0.0
2035-06-24 01:00:00,0.0,0.0
2035-06-24 02:00:00,0.0,30.18445360930798
2035-06-24 03:00:00,0.0,101.400898843769
2035-06-24 04:00:00,0.0,177.3336649546844
2035-06-24 05:00:00,0.0,239.58910052388208
2035-06-24 06:00:00,0.0,279.20619588609884
2035-06-24 07:00:00,0.0,295.24168686604366
2035-06-24 08:00:00,0.0,289.110469726653
2035-06-24 09:00:00,0.0,249.49337436443625
2035-06-24 10:00:00,0.0,203.27342977518344
2035-06-24 11:00:00,0.0,142.90452255656746
2035-06-24 12:00:00,0.0,77.3476623738517
2035-06-24 13:00:00,0.0,26.88302899578992
2035-06-24 14:00:00,0.0,0.0
2035-06-24 15:00:00,0.0,0.0
2035-06-24 16:00:00,0.0,0.0
2035-06-24 17:00:00,0.0,0.0
2035-06-24 18:00:00,0.0,0.0
2035-06-24 19:00:00,0.0,0.0
2035-06-24 20:00:00,0.0,0.0
2035-06-24 21:00:00,0.0,0.0
2035-06-24 22:00:00,0.0,0.0
2035-06-24 23:00:00,0.0,0.0
2035-06-25 00:00:00,0.0,0.0
2035-06-25 01:00:00,0.0,0.0
2035-06-25 02:00:00,0.0,28.769557346371666
2035-06-25 03:00:00,0.0,99.04273840554181
2035-06-25 04:00:00,0.0,177.3336649546844
2035-06-25 05:00:00,0.0,241.94726096210925
2035-06-25 06:00:00,0.0,288.16720555136214
2035-06-25 07:00:00,0.0,312.6920741089248
2035-06-25 08:00:00,0.0,315.5218666347975
2035-06-25 09:00:00,0.0,298.54311147956173
2035-06-25 10:00:00,0.0,260.34091238028134
2035-06-25 11:00:00,0.0,202.33016559989255
2035-06-25 12:00:00,0.0,128.2839278395589
2035-06-25 13:00:00,0.0,51.879529640998086
2035-06-25 14:00:00,0.0,1.8865283505817487
2035-06-25 15:00:00,0.0,0.0
2035-06-25 16:00:00,0.0,0.0
2035-06-25 17:00:00,0.0,0.0
2035-06-25 18:00:00,0.0,0.0
2035-06-25 19:00:00,0.0,0.0
2035-06-25 20:00:00,0.0,0.0
2035-06-25 21:00:00,0.0,0.0
2035-06-25 22:00:00,0.0,0.0
2035-06-25 23:00:00,0.0,0.0
2035-06-26 00:00:00,0.0,0.0
2035-06-26 01:00:00,0.0,0.0
2035-06-26 02:00:00,0.0,29.71282152166254
2035-06-26 03:00:00,0.0,105.1739555449325
2035-06-26 04:00:00,0.0,185.35141044465684
2035-06-26 05:00:00,0.0,249.9650064520817
2035-06-26 06:00:00,0.0,294.7700547783982
2035-06-26 07:00:00,0.0,317.4083949853793
2035-06-26 08:00:00,0.0,319.29492333596096
2035-06-26 09:00:00,0.0,299.4863756548526
2035-06-26 10:00:00,0.0,258.45438402969955
2035-06-26 11:00:00,0.0,198.55710889872907
2035-06-26 12:00:00,0.0,124.5108711383954
2035-06-26 13:00:00,0.0,49.04973711512547
2035-06-26 14:00:00,0.0,1.4148962629363115
2035-06-26 15:00:00,0.0,0.0
2035-06-26 16:00:00,0.0,0.0
2035-06-26 17:00:00,0.0,0.0
2035-06-26 18:00:00,0.0,0.0
2035-06-26 19:00:00,0.0,0.0
2035-06-26 20:00:00,0.0,0.0
2035-06-26 21:00:00,0.0,0.0
2035-06-26 22:00:00,0.0,0.0
2035-06-26 23:00:00,0.0,0.0
2035-06-27 00:00:00,0.0,0.0
2035-06-27 01:00:00,0.0,0.0
2035-06-27 02:00:00,0.0,28.769557346371666
2035-06-27 03:00:00,0.0,103.28742719435074
2035-06-27 04:00:00,0.0,182.52161791878422
2035-06-27 05:00:00,0.0,246.66358183856363
2035-06-27 06:00:00,0.0,290.99699807723476
2035-06-27 07:00:00,0.0,307.50412114482504
2035-06-27 08:00:00,0.0,294.7700547783982
2035-06-27 09:00:00,0.0,258.45438402969955
2035-06-27 10:00:00,0.0,224.4968737192281
2035-06-27 11:00:00,0.0,186.2946746199477
2035-06-27 12:00:00,0.0,125.92576740133171
2035-06-27 13:00:00,0.0,52.351161728643525
2035-06-27 14:00:00,0.0,1.8865283505817487
2035-06-27 15:00:00,0.0,0.0
2035-06-27 16:00:00,0.0,0.0
2035-06-27 17:00:00,0.0,0.0
2035-06-27 18:00:00,0.0,0.0
2035-06-27 19:00:00,0.0,0.0
2035-06-27 20:00:00,0.0,0.0
2035-06-27 21:00:00,0.0,0.0
2035-06-27 22:00:00,0.0,0.0
2035-06-27 23:00:00,0.0,0.0
2035-06-28 00:00:00,0.0,0.0
2035-06-28 01:00:00,0.0,0.0
2035-06-28 02:00:00,0.0,29.241189434017105
2035-06-28 03:00:00,0.0,103.75905928199617
2035-06-28 04:00:00,0.0,182.99325000642963
2035-06-28 05:00:00,0.0,247.60684601385452
2035-06-28 06:00:00,0.0,291.9402622525256
2035-06-28 07:00:00,0.0,314.1069703718612
2035-06-28 08:00:00,0.0,315.9934987224429
2035-06-28 09:00:00,0.0,299.4863756548526
2035-06-28 10:00:00,0.0,260.8125444679267
2035-06-28 11:00:00,0.0,201.8585335122471
2035-06-28 12:00:00,0.0,127.8122957519135
2035-06-28 13:00:00,0.0,51.879529640998086
2035-06-28 14:00:00,0.0,1.8865283505817487
2035-06-28 15:00:00,0.0,0.0
2035-06-28 16:00:00,0.0,0.0
2035-06-28 17:00:00,0.0,0.0
2035-06-28 18:00:00,0.0,0.0
2035-06-28 19:00:00,0.0,0.0
2035-06-28 20:00:00,0.0,0.0
2035-06-28 21:00:00,0.0,0.0
2035-06-28 22:00:00,0.0,0.0
2035-06-28 23:00:00,0.0,0.0
2035-06-29 00:00:00,0.0,0.0
2035-06-29 01:00:00,0.0,0.0
2035-06-29 02:00:00,0.0,30.18445360930798
2035-06-29 03:00:00,0.0,103.28742719435074
2035-06-29 04:00:00,0.0,180.163457480557
2035-06-29 05:00:00,0.0,242.89052513740015
2035-06-29 06:00:00,0.0,291.46863016488015
2035-06-29 07:00:00,0.0,312.6920741089248
2035-06-29 08:00:00,0.0,314.1069703718612
2035-06-29 09:00:00,0.0,295.24168686604366
2035-06-29 10:00:00,0.0,255.624591503827
2035-06-29 11:00:00,0.0,195.72731637285642
2035-06-29 12:00:00,0.0,120.73781443723192
2035-06-29 13:00:00,0.0,46.21994458925285
2035-06-29 14:00:00,0.0,1.4148962629363115
2035-06-29 15:00:00,0.0,0.0
2035-06-29 16:00:00,0.0,0.0
2035-06-29 17:00:00,0.0,0.0
2035-06-29 18:00:00,0.0,0.0
2035-06-29 19:00:00,0.0,0.0
2035-06-29 20:00:00,0.0,0.0
2035-06-29 21:00:00,0.0,0.0
2035-06-29 22:00:00,0.0,0.0
2035-06-29 23:00:00,0.0,0.0
2035-06-30 00:00:00,0.0,0.0
2035-06-30 01:00:00,0.0,0.0
2035-06-30 02:00:00,0.0,29.71282152166254
2035-06-30 03:00:00,0.0,101.87253093141443
2035-06-30 04:00:00,0.0,178.74856121762068
2035-06-30 05:00:00,0.0,242.4188930497547
2035-06-30 06:00:00,0.0,291.46863016488015
2035-06-30 07:00:00,0.0,312.6920741089248
2035-06-30 08:00:00,0.0,313.6353382842157
2035-06-30 09:00:00,0.0,296.65658312898
2035-06-30 10:00:00,0.0,257.0394877667633
2035-06-30 11:00:00,0.0,197.14221263579273
2035-06-30 12:00:00,0.0,122.15271070016823
2035-06-30 13:00:00,0.0,48.578105027480035
2035-06-30 14:00:00,0.0,1.4148962629363115
2035-06-30 15:00:00,0.0,0.0
2035-06-30 16:00:00,0.0,0.0
2035-06-30 17:00:00,0.0,0.0
2035-06-30 18:00:00,0.0,0.0
2035-06-30 19:00:00,0.0,0.0
2035-06-30 20:00:00,0.0,0.0
2035-06-30 21:00:00,0.0,0.0
2035-06-30 22:00:00,0.0,0.0
2035-06-30 23:00:00,0.0,0.0
2035-07-01 00:00:00,0.0,0.0
2035-07-01 01:00:00,0.0,0.0
2035-07-01 02:00:00,0.0,26.411396908144482
2035-07-01 03:00:00,0.0,97.15621005496006
2035-07-01 04:00:00,0.0,177.3336649546844
2035-07-01 05:00:00,0.0,241.00399678681842
2035-07-01 06:00:00,0.0,284.39414885019863
2035-07-01 07:00:00,0.0,309.86228158305227
2035-07-01 08:00:00,0.0,312.6920741089248
2035-07-01 09:00:00,0.0,293.35515851546194
2035-07-01 10:00:00,0.0,254.20969524089065
2035-07-01 11:00:00,0.0,196.67058054814729
2035-07-01 12:00:00,0.0,124.03923905074998
2035-07-01 13:00:00,0.0,50.936265465707216
2035-07-01 14:00:00,0.0,1.8865283505817487
2035-07-01 15:00:00,0.0,0.0
2035-07-01 16:00:00,0.0,0.0
2035-07-01 17:00:00,0.0,0.0
2035-07-01 18:00:00,0.0,0.0
2035-07-01 19:00:00,0.0,0.0
2035-07-01 20:00:00,0.0,0.0
2035-07-01 21:00:00,0.0,0.0
2035-07-01 22:00:00,0.0,0.0
2035-07-01 23:00:00,0.0,0.0
2035-07-02 00:00:00,0.0,0.0
2035-07-02 01:00:00,0.0,0.0
2035-07-02 02:00:00,0.0,30.18445360930798
2035-07-02 03:00:00,0.0,105.64558763257794
2035-07-02 04:00:00,0.0,185.35141044465684
2035-07-02 05:00:00,0.0,249.0217422767908
2035-07-02 06:00:00,0.0,292.41189434017105
2035-07-02 07:00:00,0.0,312.6920741089248
2035-07-02 08:00:00,0.0,312.22044202127944
2035-07-02 09:00:00,0.0,295.24168686604366
2035-07-02 10:00:00,0.0,256.5678556791178
2035-07-02 11:00:00,0.0,197.61384472343818
2035-07-02 12:00:00,0.0,123.56760696310454
2035-07-02 13:00:00,0.0,48.10647293983459
2035-07-02 14:00:00,0.0,1.4148962629363115
2035-07-02 15:00:00,0.0,0.0
2035-07-02 16:00:00,0.0,0.0
2035-07-02 17:00:00,0.0,0.0
2035-07-02 18:00:00,0.0,0.0
2035-07-02 19:00:00,0.0,0.0
2035-07-02 20:00:00,0.0,0.0
2035-07-02 21:00:00,0.0,0.0
2035-07-02 22:00:00,0.0,0.0
2035-07-02 23:00:00,0.0,0.0
2035-07-03 00:00:00,0.0,0.0
2035-07-03 01:00:00,0.0,0.0
2035-07-03 02:00:00,0.0,28.769557346371666
2035-07-03 03:00:00,0.0,98.57110631789637
2035-07-03 04:00:00,0.0,174.0322403411663
2035-07-03 05:00:00,0.0,230.15645877097333
2035-07-03 06:00:00,0.0,273.54661083435354
2035-07-03 07:00:00,0.0,280.6210921490351
2035-07-03 08:00:00,0.0,289.5821018142984
2035-07-03 09:00:00,0.0,271.6600824837718
2035-07-03 10:00:00,0.0,225.9117699821644
2035-07-03 11:00:00,0.0,166.01449485119386
2035-07-03 12:00:00,0.0,99.51437049318723
2035-07-03 13:00:00,0.0,38.67383118692585
2035-07-03 14:00:00,0.0,0.4716320876454372
2035-07-03 15:00:00,0.0,0.0
2035-07-03 16:00:00,0.0,0.0
2035-07-03 17:00:00,0.0,0.0
2035-07-03 18:00:00,0.0,0.0
2035-07-03 19:00:00,0.0,0.0
2035-07-03 20:00:00,0.0,0.0
2035-07-03 21:00:00,0.0,0.0
2035-07-03 22:00:00,0.0,0.0
2035-07-03 23:00:00,0.0,0.0
2035-07-04 00:00:00,0.0,0.0
2035-07-04 01:00:00,0.0,0.0
2035-07-04 02:00:00,0.0,22.638340206980985
2035-07-04 03:00:00,0.0,82.06398325030607
2035-07-04 04:00:00,0.0,160.8265418870941
2035-07-04 05:00:00,0.0,226.8550341574553
2035-07-04 06:00:00,0.0,272.60334665906265
2035-07-04 07:00:00,0.0,298.0714793919163
2035-07-04 08:00:00,0.0,298.54311147956173
2035-07-04 09:00:00,0.0,289.5821018142984
2035-07-04 10:00:00,0.0,250.9082706273726
2035-07-04 11:00:00,0.0,193.36915593462925
2035-07-04 12:00:00,0.0,122.15271070016823
2035-07-04 13:00:00,0.0,49.04973711512547
2035-07-04 14:00:00,0.0,1.4148962629363115
2035-07-04 15:00:00,0.0,0.0
2035-07-04 16:00:00,0.0,0.0
2035-07-04 17:00:00,0.0,0.0
2035-07-04 18:00:00,0.0,0.0
2035-07-04 19:00:00,0.0,0.0
2035-07-04 20:00:00,0.0,0.0
2035-07-04 21:00:00,0.0,0.0
2035-07-04 22:00:00,0.0,0.0
2035-07-04 23:00:00,0.0,0.0
2035-07-05 00:00:00,0.0,0.0
2035-07-05 01:00:00,0.0,0.0
2035-07-05 02:00:00,0.0,27.826293171080795
2035-07-05 03:00:00,0.0,92.91152126615113
2035-07-05 04:00:00,0.0,150.45063595889445
2035-07-05 05:00:00,0.0,183.9365141817205
2035-07-05 06:00:00,0.0,216.47912822925565
2035-07-05 07:00:00,0.0,274.9615070972899
2035-07-05 08:00:00,0.0,300.4296398301435
2035-07-05 09:00:00,0.0,282.0359884119714
2035-07-05 10:00:00,0.0,248.07847810149997
2035-07-05 11:00:00,0.0,187.709570882884
2035-07-05 12:00:00,0.0,113.66333312255037
2035-07-05 13:00:00,0.0,43.39015206338022
2035-07-05 14:00:00,0.0,0.9432641752908744
2035-07-05 15:00:00,0.0,0.0
2035-07-05 16:00:00,0.0,0.0
2035-07-05 17:00:00,0.0,0.0
2035-07-05 18:00:00,0.0,0.0
2035-07-05 19:00:00,0.0,0.0
2035-07-05 20:00:00,0.0,0.0
2035-07-05 21:00:00,0.0,0.0
2035-07-05 22:00:00,0.0,0.0
2035-07-05 23:00:00,0.0,0.0
2035-07-06 00:00:00,0.0,0.0
2035-07-06 01:00:00,0.0,0.0
2035-07-06 02:00:00,0.0,25.468132732853608
2035-07-06 03:00:00,0.0,89.61009665263306
2035-07-06 04:00:00,0.0,163.18470232532124
2035-07-06 05:00:00,0.0,226.38340206980985
2035-07-06 06:00:00,0.0,270.2451862208355
2035-07-06 07:00:00,0.0,286.28067720078036
2035-07-06 08:00:00,0.0,283.9225167625532
2035-07-06 09:00:00,0.0,277.7912996231625
2035-07-06 10:00:00,0.0,242.4188930497547
2035-07-06 11:00:00,0.0,185.82304253230225
2035-07-06 12:00:00,0.0,117.43638982371385
2035-07-06 13:00:00,0.0,46.21994458925285
2035-07-06 14:00:00,0.0,0.9432641752908744
2035-07-06 15:00:00,0.0,0.0
2035-07-06 16:00:00,0.0,0.0
2035-07-06 17:00:00,0.0,0.0
2035-07-06 18:00:00,0.0,0.0
2035-07-06 19:00:00,0.0,0.0
2035-07-06 20:00:00,0.0,0.0
2035-07-06 21:00:00,0.0,0.0
2035-07-06 22:00:00,0.0,0.0
2035-07-06 23:00:00,0.0,0.0
2035-07-07 00:00:00,0.0,0.0
2035-07-07 01:00:00,0.0,0.0
2035-07-07 02:00:00,0.0,22.638340206980985
2035-07-07 03:00:00,0.0,84.42214368853325
2035-07-07 04:00:00,0.0,153.28042848476707
2035-07-07 05:00:00,0.0,201.8585335122471
2035-07-07 06:00:00,0.0,241.94726096210925
2035-07-07 07:00:00,0.0,265.52886534438113
2035-07-07 08:00:00,0.0,267.4153936949629
2035-07-07 09:00:00,0.0,257.5111198544087
2035-07-07 10:00:00,0.0,230.15645877097333
2035-07-07 11:00:00,0.0,183.46488209407505
2035-07-07 12:00:00,0.0,117.9080219113593
2035-07-07 13:00:00,0.0,47.16320876454372
2035-07-07 14:00:00,0.0,0.9432641752908744
2035-07-07 15:00:00,0.0,0.0
2035-07-07 16:00:00,0.0,0.0
2035-07-07 17:00:00,0.0,0.0
2035-07-07 18:00:00,0.0,0.0
2035-07-07 19:00:00,0.0,0.0
2035-07-07 20:00:00,0.0,0.0
2035-07-07 21:00:00,0.0,0.0
2035-07-07 22:00:00,0.0,0.0
2035-07-07 23:00:00,0.0,0.0
2035-07-08 00:00:00,0.0,0.0
2035-07-08 01:00:00,0.0,0.0
2035-07-08 02:00:00,0.0,27.826293171080795
2035-07-08 03:00:00,0.0,101.400898843769
2035-07-08 04:00:00,0.0,181.57835374349332
2035-07-08 05:00:00,0.0,245.72031766327277
2035-07-08 06:00:00,0.0,289.110469726653
2035-07-08 07:00:00,0.0,308.9190174077614
2035-07-08 08:00:00,0.0,310.33391367069765
2035-07-08 09:00:00,0.0,292.41189434017105
2035-07-08 10:00:00,0.0,245.24868557562735
2035-07-08 11:00:00,0.0,173.56060825352088
2035-07-08 12:00:00,0.0,89.61009665263306
2035-07-08 13:00:00,0.0,32.07098195988973
2035-07-08 14:00:00,0.0,0.0
2035-07-08 15:00:00,0.0,0.0
2035-07-08 16:00:00,0.0,0.0
2035-07-08 17:00:00,0.0,0.0
2035-07-08 18:00:00,0.0,0.0
2035-07-08 19:00:00,0.0,0.0
2035-07-08 20:00:00,0.0,0.0
2035-07-08 21:00:00,0.0,0.0
2035-07-08 22:00:00,0.0,0.0
2035-07-08 23:00:00,0.0,0.0
2035-07-09 00:00:00,0.0,0.0
2035-07-09 01:00:00,0.0,0.0
2035-07-09 02:00:00,0.0,28.769557346371666
2035-07-09 03:00:00,0.0,100.45763466847812
2035-07-09 04:00:00,0.0,177.80529704232984
2035-07-09 05:00:00,0.0,239.58910052388208
2035-07-09 06:00:00,0.0,268.8302899578992
2035-07-09 07:00:00,0.0,253.26643106559976
2035-07-09 08:00:00,0.0,214.12096779102848
2035-07-09 09:00:00,0.0,191.9542596716929
2035-07-09 10:00:00,0.0,181.57835374349332
2035-07-09 11:00:00,0.0,167.4293911141302
2035-07-09 12:00:00,0.0,114.1349652101958
2035-07-09 13:00:00,0.0,44.3334162386711
2035-07-09 14:00:00,0.0,0.0
2035-07-09 15:00:00,0.0,0.0
2035-07-09 16:00:00,0.0,0.0
2035-07-09 17:00:00,0.0,0.0
2035-07-09 18:00:00,0.0,0.0
2035-07-09 19:00:00,0.0,0.0
2035-07-09 20:00:00,0.0,0.0
2035-07-09 21:00:00,0.0,0.0
2035-07-09 22:00:00,0.0,0.0
2035-07-09 23:00:00,0.0,0.0
2035-07-10 00:00:00,0.0,0.0
2035-07-10 01:00:00,0.0,0.0
2035-07-10 02:00:00,0.0,23.109972294626424
2035-07-10 03:00:00,0.0,80.17745489972432
2035-07-10 04:00:00,0.0,144.7910509071492
2035-07-10 05:00:00,0.0,208.46138273928324
2035-07-10 06:00:00,0.0,275.4331391849353
2035-07-10 07:00:00,0.0,304.6743286189525
2035-07-10 08:00:00,0.0,308.9190174077614
2035-07-10 09:00:00,0.0,292.8835264278165
2035-07-10 10:00:00,0.0,252.79479897795431
2035-07-10 11:00:00,0.0,190.53936340875666
2035-07-10 12:00:00,0.0,109.89027642138687
2035-07-10 13:00:00,0.0,43.39015206338022
2035-07-10 14:00:00,0.0,0.4716320876454372
2035-07-10 15:00:00,0.0,0.0
2035-07-10 16:00:00,0.0,0.0
2035-07-10 17:00:00,0.0,0.0
2035-07-10 18:00:00,0.0,0.0
2035-07-10 19:00:00,0.0,0.0
2035-07-10 20:00:00,0.0,0.0
2035-07-10 21:00:00,0.0,0.0
2035-07-10 22:00:00,0.0,0.0
2035-07-10 23:00:00,0.0,0.0
2035-07-11 00:00:00,0.0,0.0
2035-07-11 01:00:00,0.0,0.0
2035-07-11 02:00:00,0.0,26.88302899578992
2035-07-11 03:00:00,0.0,97.62784214260549
2035-07-11 04:00:00,0.0,174.0322403411663
2035-07-11 05:00:00,0.0,237.70257217330033
2035-07-11 06:00:00,0.0,280.6210921490351
2035-07-11 07:00:00,0.0,300.9012719177889
2035-07-11 08:00:00,0.0,300.9012719177889
2035-07-11 09:00:00,0.0,297.12821521662545
2035-07-11 10:00:00,0.0,257.5111198544087
2035-07-11 11:00:00,0.0,198.55710889872907
2035-07-11 12:00:00,0.0,124.03923905074998
2035-07-11 13:00:00,0.0,49.04973711512547
2035-07-11 14:00:00,0.0,0.9432641752908744
2035-07-11 15:00:00,0.0,0.0
2035-07-11 16:00:00,0.0,0.0
2035-07-11 17:00:00,0.0,0.0
2035-07-11 18:00:00,0.0,0.0
2035-07-11 19:00:00,0.0,0.0
2035-07-11 20:00:00,0.0,0.0
2035-07-11 21:00:00,0.0,0.0
2035-07-11 22:00:00,0.0,0.0
2035-07-11 23:00:00,0.0,0.0
2035-07-12 00:00:00,0.0,0.0
2035-07-12 01:00:00,0.0,0.0
2035-07-12 02:00:00,0.0,25.939764820499043
2035-07-12 03:00:00,0.0,92.91152126615113
2035-07-12 04:00:00,0.0,161.29817397473954
2035-07-12 05:00:00,0.0,213.1777036157376
2035-07-12 06:00:00,0.0,257.98275194205416
2035-07-12 07:00:00,0.0,284.8657809378441
2035-07-12 08:00:00,0.0,295.7133189536891
2035-07-12 09:00:00,0.0,285.33741302548947
2035-07-12 10:00:00,0.0,247.60684601385452
2035-07-12 11:00:00,0.0,189.59609923346576
2035-07-12 12:00:00,0.0,117.43638982371385
2035-07-12 13:00:00,0.0,45.7483125016074
2035-07-12 14:00:00,0.0,0.9432641752908744
2035-07-12 15:00:00,0.0,0.0
2035-07-12 16:00:00,0.0,0.0
2035-07-12 17:00:00,0.0,0.0
2035-07-12 18:00:00,0.0,0.0
2035-07-12 19:00:00,0.0,0.0
2035-07-12 20:00:00,0.0,0.0
2035-07-12 21:00:00,0.0,0.0
2035-07-12 22:00:00,0.0,0.0
2035-07-12 23:00:00,0.0,0.0
2035-07-13 00:00:00,0.0,0.0
2035-07-13 01:00:00,0.0,0.0
2035-07-13 02:00:00,0.0,27.35466108343536
2035-07-13 03:00:00,0.0,98.57110631789637
2035-07-13 04:00:00,0.0,174.9755045164572
2035-07-13 05:00:00,0.0,237.70257217330033
2035-07-13 06:00:00,0.0,280.6210921490351
2035-07-13 07:00:00,0.0,302.3161681807252
2035-07-13 08:00:00,0.0,301.8445360930798
2035-07-13 09:00:00,0.0,298.54311147956173
2035-07-13 10:00:00,0.0,259.8692802926359
2035-07-13 11:00:00,0.0,202.33016559989255
2035-07-13 12:00:00,0.0,127.8122957519135
2035-07-13 13:00:00,0.0,50.936265465707216
2035-07-13 14:00:00,0.0,0.9432641752908744
2035-07-13 15:00:00,0.0,0.0
2035-07-13 16:00:00,0.0,0.0
2035-07-13 17:00:00,0.0,0.0
2035-07-13 18:00:00,0.0,0.0
2035-07-13 19:00:00,0.0,0.0
2035-07-13 20:00:00,0.0,0.0
2035-07-13 21:00:00,0.0,0.0
2035-07-13 22:00:00,0.0,0.0
2035-07-13 23:00:00,0.0,0.0
2035-07-14 00:00:00,0.0,0.0
2035-07-14 01:00:00,0.0,0.0
2035-07-14 02:00:00,0.0,26.88302899578992
2035-07-14 03:00:00,0.0,100.45763466847812
2035-07-14 04:00:00,0.0,178.74856121762068
2035-07-14 05:00:00,0.0,243.3621572250456
2035-07-14 06:00:00,0.0,287.22394137607125
2035-07-14 07:00:00,0.0,309.86228158305227
2035-07-14 08:00:00,0.0,311.27717784598855
2035-07-14 09:00:00,0.0,303.2594323560161
2035-07-14 10:00:00,0.0,262.6990728185085
2035-07-14 11:00:00,0.0,201.8585335122471
2035-07-14 12:00:00,0.0,125.4541353136863
2035-07-14 13:00:00,0.0,48.578105027480035
2035-07-14 14:00:00,0.0,0.9432641752908744
2035-07-14 15:00:00,0.0,0.0
2035-07-14 16:00:00,0.0,0.0
2035-07-14 17:00:00,0.0,0.0
2035-07-14 18:00:00,0.0,0.0
2035-07-14 19:00:00,0.0,0.0
2035-07-14 20:00:00,0.0,0.0
2035-07-14 21:00:00,0.0,0.0
2035-07-14 22:00:00,0.0,0.0
2035-07-14 23:00:00,0.0,0.0
2035-07-15 00:00:00,0.0,0.0
2035-07-15 01:00:00,0.0,0.0
2035-07-15 02:00:00,0.0,25.939764820499043
2035-07-15 03:00:00,0.0,93.854785441442
2035-07-15 04:00:00,0.0,168.8442873770665
2035-07-15 05:00:00,0.0,230.15645877097333
2035-07-15 06:00:00,0.0,281.564356324326
2035-07-15 07:00:00,0.0,304.20269653130697
2035-07-15 08:00:00,0.0,306.56085696953414
2035-07-15 09:00:00,0.0,290.0537339019439
2035-07-15 10:00:00,0.0,250.43663853972714
2035-07-15 11:00:00,0.0,192.42589175933836
2035-07-15 12:00:00,0.0,120.73781443723192
2035-07-15 13:00:00,0.0,47.634840852189164
2035-07-15 14:00:00,0.0,0.9432641752908744
2035-07-15 15:00:00,0.0,0.0
2035-07-15 16:00:00,0.0,0.0
2035-07-15 17:00:00,0.0,0.0
2035-07-15 18:00:00,0.0,0.0
2035-07-15 19:00:00,0.0,0.0
2035-07-15 20:00:00,0.0,0.0
2035-07-15 21:00:00,0.0,0.0
2035-07-15 22:00:00,0.0,0.0
2035-07-15 23:00:00,0.0,0.0
2035-07-16 00:00:00,0.0,0.0
2035-07-16 01:00:00,0.0,0.0
2035-07-16 02:00:00,0.0,26.88302899578992
2035-07-16 03:00:00,0.0,99.04273840554181
2035-07-16 04:00:00,0.0,177.80529704232984
2035-07-16 05:00:00,0.0,242.89052513740015
2035-07-16 06:00:00,0.0,294.2984226907528
2035-07-16 07:00:00,0.0,314.5786024595066
2035-07-16 08:00:00,0.0,314.5786024595066
2035-07-16 09:00:00,0.0,295.24168686604366
2035-07-16 10:00:00,0.0,255.624591503827
2035-07-16 11:00:00,0.0,196.67058054814729
2035-07-16 12:00:00,0.0,123.0959748754591
2035-07-16 13:00:00,0.0,48.10647293983459
2035-07-16 14:00:00,0.0,0.4716320876454372
2035-07-16 15:00:00,0.0,0.0
2035-07-16 16:00:00,0.0,0.0
2035-07-16 17:00:00,0.0,0.0
2035-07-16 18:00:00,0.0,0.0
2035-07-16 19:00:00,0.0,0.0
2035-07-16 20:00:00,0.0,0.0
2035-07-16 21:00:00,0.0,0.0
2035-07-16 22:00:00,0.0,0.0
2035-07-16 23:00:00,0.0,0.0
2035-07-17 00:00:00,0.0,0.0
2035-07-17 01:00:00,0.0,0.0
2035-07-17 02:00:00,0.0,26.88302899578992
2035-07-17 03:00:00,0.0,99.98600258083268
2035-07-17 04:00:00,0.0,179.69182539291157
2035-07-17 05:00:00,0.0,245.24868557562735
2035-07-17 06:00:00,0.0,298.0714793919163
2035-07-17 07:00:00,0.0,317.8800270730247
2035-07-17 08:00:00,0.0,316.4651308100884
2035-07-17 09:00:00,0.0,295.24168686604366
2035-07-17 10:00:00,0.0,253.26643106559976
2035-07-17 11:00:00,0.0,192.42589175933836
2035-07-17 12:00:00,0.0,118.85128608665016
2035-07-17 13:00:00,0.0,46.69157667689828
2035-07-17 14:00:00,0.0,0.4716320876454372
2035-07-17 15:00:00,0.0,0.0
2035-07-17 16:00:00,0.0,0.0
2035-07-17 17:00:00,0.0,0.0
2035-07-17 18:00:00,0.0,0.0
2035-07-17 19:00:00,0.0,0.0
2035-07-17 20:00:00,0.0,0.0
2035-07-17 21:00:00,0.0,0.0
2035-07-17 22:00:00,0.0,0.0
2035-07-17 23:00:00,0.0,0.0
2035-07-18 00:00:00,0.0,0.0
2035-07-18 01:00:00,0.0,0.0
2035-07-18 02:00:00,0.0,24.053236469917294
2035-07-18 03:00:00,0.0,89.13846456498761
2035-07-18 04:00:00,0.0,158.4683814488669
2035-07-18 05:00:00,0.0,220.2521849304192
2035-07-18 06:00:00,0.0,268.8302899578992
2035-07-18 07:00:00,0.0,294.2984226907528
2035-07-18 08:00:00,0.0,298.54311147956173
2035-07-18 09:00:00,0.0,291.46863016488015
2035-07-18 10:00:00,0.0,250.43663853972714
2035-07-18 11:00:00,0.0,189.12446714582032
2035-07-18 12:00:00,0.0,115.54986147313211
2035-07-18 13:00:00,0.0,46.69157667689828
2035-07-18 14:00:00,0.0,0.4716320876454372
2035-07-18 15:00:00,0.0,0.0
2035-07-18 16:00:00,0.0,0.0
2035-07-18 17:00:00,0.0,0.0
2035-07-18 18:00:00,0.0,0.0
2035-07-18 19:00:00,0.0,0.0
2035-07-18 20:00:00,0.0,0.0
2035-07-18 21:00:00,0.0,0.0
2035-07-18 22:00:00,0.0,0.0
2035-07-18 23:00:00,0.0,0.0
2035-07-19 00:00:00,0.0,0.0
2035-07-19 01:00:00,0.0,0.0
2035-07-19 02:00:00,0.0,24.053236469917294
2035-07-19 03:00:00,0.0,90.55336082792394
2035-07-19 04:00:00,0.0,164.59959858825758
2035-07-19 05:00:00,0.0,227.32666624510074
2035-07-19 06:00:00,0.0,285.33741302548947
2035-07-19 07:00:00,0.0,307.50412114482504
2035-07-19 08:00:00,0.0,309.3906494954068
2035-07-19 09:00:00,0.0,290.99699807723476
2035-07-19 10:00:00,0.0,251.37990271501798
2035-07-19 11:00:00,0.0,192.42589175933836
2035-07-19 12:00:00,0.0,119.32291817429561
2035-07-19 13:00:00,0.0,45.7483125016074
2035-07-19 14:00:00,0.0,0.4716320876454372
2035-07-19 15:00:00,0.0,0.0
2035-07-19 16:00:00,0.0,0.0
2035-07-19 17:00:00,0.0,0.0
2035-07-19 18:00:00,0.0,0.0
2035-07-19 19:00:00,0.0,0.0
2035-07-19 20:00:00,0.0,0.0
2035-07-19 21:00:00,0.0,0.0
2035-07-19 22:00:00,0.0,0.0
2035-07-19 23:00:00,0.0,0.0
2035-07-20 00:00:00,0.0,0.0
2035-07-20 01:00:00,0.0,0.0
2035-07-20 02:00:00,0.0,26.88302899578992
2035-07-20 03:00:00,0.0,101.400898843769
2035-07-20 04:00:00,0.0,181.10672165584788
2035-07-20 05:00:00,0.0,244.30542140033646
2035-07-20 06:00:00,0.0,288.16720555136214
2035-07-20 07:00:00,0.0,317.8800270730247
2035-07-20 08:00:00,0.0,324.48287630006075
2035-07-20 09:00:00,0.0,304.6743286189525
2035-07-20 10:00:00,0.0,264.5856011690903
2035-07-20 11:00:00,0.0,204.21669395047428
2035-07-20 12:00:00,0.0,127.8122957519135
2035-07-20 13:00:00,0.0,49.99300129041634
2035-07-20 14:00:00,0.0,0.4716320876454372
2035-07-20 15:00:00,0.0,0.0
2035-07-20 16:00:00,0.0,0.0
2035-07-20 17:00:00,0.0,0.0
2035-07-20 18:00:00,0.0,0.0
2035-07-20 19:00:00,0.0,0.0
2035-07-20 20:00:00,0.0,0.0
2035-07-20 21:00:00,0.0,0.0
2035-07-20 22:00:00,0.0,0.0
2035-07-20 23:00:00,0.0,0.0
2035-07-21 00:00:00,0.0,0.0
2035-07-21 01:00:00,0.0,0.0
2035-07-21 02:00:00,0.0,25.939764820499043
2035-07-21 03:00:00,0.0,99.04273840554181
2035-07-21 04:00:00,0.0,172.61734407823002
2035-07-21 05:00:00,0.0,235.34441173507315
2035-07-21 06:00:00,0.0,268.35865787025375
2035-07-21 07:00:00,0.0,282.9792525872623
2035-07-21 08:00:00,0.0,268.8302899578992
2035-07-21 09:00:00,0.0,253.26643106559976
2035-07-21 10:00:00,0.0,235.34441173507315
2035-07-21 11:00:00,0.0,192.8975238469838
2035-07-21 12:00:00,0.0,123.56760696310454
2035-07-21 13:00:00,0.0,48.10647293983459
2035-07-21 14:00:00,0.0,0.4716320876454372
2035-07-21 15:00:00,0.0,0.0
2035-07-21 16:00:00,0.0,0.0
2035-07-21 17:00:00,0.0,0.0
2035-07-21 18:00:00,0.0,0.0
2035-07-21 19:00:00,0.0,0.0
2035-07-21 20:00:00,0.0,0.0
2035-07-21 21:00:00,0.0,0.0
2035-07-21 22:00:00,0.0,0.0
2035-07-21 23:00:00,0.0,0.0
2035-07-22 00:00:00,0.0,0.0
2035-07-22 01:00:00,0.0,0.0
2035-07-22 02:00:00,0.0,24.99650064520817
2035-07-22 03:00:00,0.0,91.96825709086025
2035-07-22 04:00:00,0.0,174.0322403411663
2035-07-22 05:00:00,0.0,243.3621572250456
2035-07-22 06:00:00,0.0,294.2984226907528
2035-07-22 07:00:00,0.0,319.29492333596096
2035-07-22 08:00:00,0.0,321.18145168654274
2035-07-22 09:00:00,0.0,301.37290400543435
2035-07-22 10:00:00,0.0,262.2274407308631
2035-07-22 11:00:00,0.0,201.38690142460166
2035-07-22 12:00:00,0.0,124.03923905074998
2035-07-22 13:00:00,0.0,47.16320876454372
2035-07-22 14:00:00,0.0,0.0
2035-07-22 15:00:00,0.0,0.0
2035-07-22 16:00:00,0.0,0.0
2035-07-22 17:00:00,0.0,0.0
2035-07-22 18:00:00,0.0,0.0
2035-07-22 19:00:00,0.0,0.0
2035-07-22 20:00:00,0.0,0.0
2035-07-22 21:00:00,0.0,0.0
2035-07-22 22:00:00,0.0,0.0
2035-07-22 23:00:00,0.0,0.0
2035-07-23 00:00:00,0.0,0.0
2035-07-23 01:00:00,0.0,0.0
2035-07-23 02:00:00,0.0,20.280179768753797
2035-07-23 03:00:00,0.0,86.30867203911501
2035-07-23 04:00:00,0.0,157.525117273576
2035-07-23 05:00:00,0.0,231.57135503390967
2035-07-23 06:00:00,0.0,283.9225167625532
2035-07-23 07:00:00,0.0,307.9757532324705
2035-07-23 08:00:00,0.0,316.9367628977338
2035-07-23 09:00:00,0.0,304.6743286189525
2035-07-23 10:00:00,0.0,268.35865787025375
2035-07-23 11:00:00,0.0,210.81954317751044
2035-07-23 12:00:00,0.0,134.4151449789496
2035-07-23 13:00:00,0.0,54.237690079225274
2035-07-23 14:00:00,0.0,0.4716320876454372
2035-07-23 15:00:00,0.0,0.0
2035-07-23 16:00:00,0.0,0.0
2035-07-23 17:00:00,0.0,0.0
2035-07-23 18:00:00,0.0,0.0
2035-07-23 19:00:00,0.0,0.0
2035-07-23 20:00:00,0.0,0.0
2035-07-23 21:00:00,0.0,0.0
2035-07-23 22:00:00,0.0,0.0
2035-07-23 23:00:00,0.0,0.0
2035-07-24 00:00:00,0.0,0.0
2035-07-24 01:00:00,0.0,0.0
2035-07-24 02:00:00,0.0,24.99650064520817
2035-07-24 03:00:00,0.0,94.32641752908744
2035-07-24 04:00:00,0.0,174.0322403411663
2035-07-24 05:00:00,0.0,233.92951547213684
2035-07-24 06:00:00,0.0,288.6388376390076
2035-07-24 07:00:00,0.0,309.86228158305227
2035-07-24 08:00:00,0.0,312.22044202127944
2035-07-24 09:00:00,0.0,290.5253659895893
2035-07-24 10:00:00,0.0,247.13521392620908
2035-07-24 11:00:00,0.0,188.18120297052945
2035-07-24 12:00:00,0.0,117.43638982371385
2035-07-24 13:00:00,0.0,43.39015206338022
2035-07-24 14:00:00,0.0,0.0
2035-07-24 15:00:00,0.0,0.0
2035-07-24 16:00:00,0.0,0.0
2035-07-24 17:00:00,0.0,0.0
2035-07-24 18:00:00,0.0,0.0
2035-07-24 19:00:00,0.0,0.0
2035-07-24 20:00:00,0.0,0.0
2035-07-24 21:00:00,0.0,0.0
2035-07-24 22:00:00,0.0,0.0
2035-07-24 23:00:00,0.0,0.0
2035-07-25 00:00:00,0.0,0.0
2035-07-25 01:00:00,0.0,0.0
2035-07-25 02:00:00,0.0,21.223443944044675
2035-07-25 03:00:00,0.0,84.42214368853325
2035-07-25 04:00:00,0.0,159.41164562415779
2035-07-25 05:00:00,0.0,211.29117526515589
2035-07-25 06:00:00,0.0,270.7168183084809
2035-07-25 07:00:00,0.0,307.9757532324705
2035-07-25 08:00:00,0.0,311.748809933634
2035-07-25 09:00:00,0.0,295.24168686604366
2035-07-25 10:00:00,0.0,248.5501101891454
2035-07-25 11:00:00,0.0,187.23793879523856
2035-07-25 12:00:00,0.0,107.06048389551424
2035-07-25 13:00:00,0.0,37.730567011634975
2035-07-25 14:00:00,0.0,0.0
2035-07-25 15:00:00,0.0,0.0
2035-07-25 16:00:00,0.0,0.0
2035-07-25 17:00:00,0.0,0.0
2035-07-25 18:00:00,0.0,0.0
2035-07-25 19:00:00,0.0,0.0
2035-07-25 20:00:00,0.0,0.0
2035-07-25 21:00:00,0.0,0.0
2035-07-25 22:00:00,0.0,0.0
2035-07-25 23:00:00,0.0,0.0
2035-07-26 00:00:00,0.0,0.0
2035-07-26 01:00:00,0.0,0.0
2035-07-26 02:00:00,0.0,21.69507603169011
2035-07-26 03:00:00,0.0,94.32641752908744
2035-07-26 04:00:00,0.0,177.3336649546844
2035-07-26 05:00:00,0.0,241.47562887446384
2035-07-26 06:00:00,0.0,290.5253659895893
2035-07-26 07:00:00,0.0,313.16370619657033
2035-07-26 08:00:00,0.0,316.9367628977338
2035-07-26 09:00:00,0.0,298.54311147956173
2035-07-26 10:00:00,0.0,257.0394877667633
2035-07-26 11:00:00,0.0,195.72731637285642
2035-07-26 12:00:00,0.0,120.26618234958649
2035-07-26 13:00:00,0.0,44.80504832631653
2035-07-26 14:00:00,0.0,0.0
2035-07-26 15:00:00,0.0,0.0
2035-07-26 16:00:00,0.0,0.0
2035-07-26 17:00:00,0.0,0.0
2035-07-26 18:00:00,0.0,0.0
2035-07-26 19:00:00,0.0,0.0
2035-07-26 20:00:00,0.0,0.0
2035-07-26 21:00:00,0.0,0.0
2035-07-26 22:00:00,0.0,0.0
2035-07-26 23:00:00,0.0,0.0
2035-07-27 00:00:00,0.0,0.0
2035-07-27 01:00:00,0.0,0.0
2035-07-27 02:00:00,0.0,23.58160438227186
2035-07-27 03:00:00,0.0,93.38315335379656
2035-07-27 04:00:00,0.0,173.56060825352088
2035-07-27 05:00:00,0.0,237.70257217330033
2035-07-27 06:00:00,0.0,281.09272423668057
2035-07-27 07:00:00,0.0,304.6743286189525
2035-07-27 08:00:00,0.0,309.86228158305227
2035-07-27 09:00:00,0.0,306.56085696953414
2035-07-27 10:00:00,0.0,266.0004974320266
2035-07-27 11:00:00,0.0,204.68832603811973
2035-07-27 12:00:00,0.0,127.34066366426805
2035-07-27 13:00:00,0.0,48.578105027480035
2035-07-27 14:00:00,0.0,0.0
2035-07-27 15:00:00,0.0,0.0
2035-07-27 16:00:00,0.0,0.0
2035-07-27 17:00:00,0.0,0.0
2035-07-27 18:00:00,0.0,0.0
2035-07-27 19:00:00,0.0,0.0
2035-07-27 20:00:00,0.0,0.0
2035-07-27 21:00:00,0.0,0.0
2035-07-27 22:00:00,0.0,0.0
2035-07-27 23:00:00,0.0,0.0
2035-07-28 00:00:00,0.0,0.0
2035-07-28 01:00:00,0.0,0.0
2035-07-28 02:00:00,0.0,25.939764820499043
2035-07-28 03:00:00,0.0,102.81579510670531
2035-07-28 04:00:00,0.0,184.40814626936594
2035-07-28 05:00:00,0.0,251.37990271501798
2035-07-28 06:00:00,0.0,303.7310644436616
2035-07-28 07:00:00,0.0,327.31266882593343
2035-07-28 08:00:00,0.0,329.6708292641606
2035-07-28 09:00:00,0.0,310.80554575834316
2035-07-28 10:00:00,0.0,270.2451862208355
2035-07-28 11:00:00,0.0,208.93301482692866
2035-07-28 12:00:00,0.0,130.6420882777861
2035-07-28 13:00:00,0.0,49.521369202770906
2035-07-28 14:00:00,0.0,0.0
2035-07-28 15:00:00,0.0,0.0
2035-07-28 16:00:00,0.0,0.0
2035-07-28 17:00:00,0.0,0.0
2035-07-28 18:00:00,0.0,0.0
2035-07-28 19:00:00,0.0,0.0
2035-07-28 20:00:00,0.0,0.0
2035-07-28 21:00:00,0.0,0.0
2035-07-28 22:00:00,0.0,0.0
2035-07-28 23:00:00,0.0,0.0
2035-07-29 00:00:00,0.0,0.0
2035-07-29 01:00:00,0.0,0.0
2035-07-29 02:00:00,0.0,24.053236469917294
2035-07-29 03:00:00,0.0,92.4398891785057
2035-07-29 04:00:00,0.0,156.11022101063972
2035-07-29 05:00:00,0.0,232.5146192092005
2035-07-29 06:00:00,0.0,291.46863016488015
2035-07-29 07:00:00,0.0,316.4651308100884
2035-07-29 08:00:00,0.0,320.7098195988973
2035-07-29 09:00:00,0.0,301.8445360930798
2035-07-29 10:00:00,0.0,253.26643106559976
2035-07-29 11:00:00,0.0,163.18470232532124
2035-07-29 12:00:00,0.0,64.61359600742489
2035-07-29 13:00:00,0.0,18.865283505817487
2035-07-29 14:00:00,0.0,0.0
2035-07-29 15:00:00,0.0,0.0
2035-07-29 16:00:00,0.0,0.0
2035-07-29 17:00:00,0.0,0.0
2035-07-29 18:00:00,0.0,0.0
2035-07-29 19:00:00,0.0,0.0
2035-07-29 20:00:00,0.0,0.0
2035-07-29 21:00:00,0.0,0.0
2035-07-29 22:00:00,0.0,0.0
2035-07-29 23:00:00,0.0,0.0
2035-07-30 00:00:00,0.0,0.0
2035-07-30 01:00:00,0.0,0.0
2035-07-30 02:00:00,0.0,19.336915593462926
2035-07-30 03:00:00,0.0,74.98950193562452
2035-07-30 04:00:00,0.0,158.4683814488669
2035-07-30 05:00:00,0.0,234.8727796474277
2035-07-30 06:00:00,0.0,280.6210921490351
2035-07-30 07:00:00,0.0,299.4863756548526
2035-07-30 08:00:00,0.0,299.0147435672072
2035-07-30 09:00:00,0.0,271.18845039612637
2035-07-30 10:00:00,0.0,213.1777036157376
2035-07-30 11:00:00,0.0,146.67757925773097
2035-07-30 12:00:00,0.0,72.63134149739733
2035-07-30 13:00:00,0.0,26.411396908144482
2035-07-30 14:00:00,0.0,0.0
2035-07-30 15:00:00,0.0,0.0
2035-07-30 16:00:00,0.0,0.0
2035-07-30 17:00:00,0.0,0.0
2035-07-30 18:00:00,0.0,0.0
2035-07-30 19:00:00,0.0,0.0
2035-07-30 20:00:00,0.0,0.0
2035-07-30 21:00:00,0.0,0.0
2035-07-30 22:00:00,0.0,0.0
2035-07-30 23:00:00,0.0,0.0
2035-07-31 00:00:00,0.0,0.0
2035-07-31 01:00:00,0.0,0.0
2035-07-31 02:00:00,0.0,18.865283505817487
2035-07-31 03:00:00,0.0,66.02849227036121
2035-07-31 04:00:00,0.0,117.9080219113593
2035-07-31 05:00:00,0.0,166.4861269388393
2035-07-31 06:00:00,0.0,210.81954317751044
2035-07-31 07:00:00,0.0,239.11746843623666
2035-07-31 08:00:00,0.0,252.32316689030887
2035-07-31 09:00:00,0.0,258.926016117345
2035-07-31 10:00:00,0.0,229.21319459568247
2035-07-31 11:00:00,0.0,148.56410760831272
2035-07-31 12:00:00,0.0,58.95401095567965
2035-07-31 13:00:00,0.0,14.148962629363115
2035-07-31 14:00:00,0.0,0.0
2035-07-31 15:00:00,0.0,0.0
2035-07-31 16:00:00,0.0,0.0
2035-07-31 17:00:00,0.0,0.0
2035-07-31 18:00:00,0.0,0.0
2035-07-31 19:00:00,0.0,0.0
2035-07-31 20:00:00,0.0,0.0
2035-07-31 21:00:00,0.0,0.0
2035-07-31 22:00:00,0.0,0.0
2035-07-31 23:00:00,0.0,0.0
2035-08-01 00:00:00,0.0,0.0
2035-08-01 01:00:00,0.0,0.0
2035-08-01 02:00:00,0.0,22.638340206980985
2035-08-01 03:00:00,0.0,80.17745489972432
2035-08-01 04:00:00,0.0,138.1882016801131
2035-08-01 05:00:00,0.0,194.78405219756553
2035-08-01 06:00:00,0.0,245.72031766327277
2035-08-01 07:00:00,0.0,291.46863016488015
2035-08-01 08:00:00,0.0,316.9367628977338
2035-08-01 09:00:00,0.0,291.9402622525256
2035-08-01 10:00:00,0.0,245.72031766327277
2035-08-01 11:00:00,0.0,177.80529704232984
2035-08-01 12:00:00,0.0,95.26968170437833
2035-08-01 13:00:00,0.0,29.241189434017105
2035-08-01 14:00:00,0.0,0.0
2035-08-01 15:00:00,0.0,0.0
2035-08-01 16:00:00,0.0,0.0
2035-08-01 17:00:00,0.0,0.0
2035-08-01 18:00:00,0.0,0.0
2035-08-01 19:00:00,0.0,0.0
2035-08-01 20:00:00,0.0,0.0
2035-08-01 21:00:00,0.0,0.0
2035-08-01 22:00:00,0.0,0.0
2035-08-01 23:00:00,0.0,0.0
2035-08-02 00:00:00,0.0,0.0
2035-08-02 01:00:00,0.0,0.0
2035-08-02 02:00:00,0.0,11.79080219113593
2035-08-02 03:00:00,0.0,63.19869974448858
2035-08-02 04:00:00,0.0,139.60309794304942
2035-08-02 05:00:00,0.0,182.52161791878422
2035-08-02 06:00:00,0.0,203.74506186282886
2035-08-02 07:00:00,0.0,195.72731637285642
2035-08-02 08:00:00,0.0,183.46488209407505
2035-08-02 09:00:00,0.0,156.11022101063972
2035-08-02 10:00:00,0.0,130.6420882777861
2035-08-02 11:00:00,0.0,92.4398891785057
2035-08-02 12:00:00,0.0,52.822793816288964
2035-08-02 13:00:00,0.0,20.751811856399232
2035-08-02 14:00:00,0.0,0.0
2035-08-02 15:00:00,0.0,0.0
2035-08-02 16:00:00,0.0,0.0
2035-08-02 17:00:00,0.0,0.0
2035-08-02 18:00:00,0.0,0.0
2035-08-02 19:00:00,0.0,0.0
2035-08-02 20:00:00,0.0,0.0
2035-08-02 21:00:00,0.0,0.0
2035-08-02 22:00:00,0.0,0.0
2035-08-02 23:00:00,0.0,0.0
2035-08-03 00:00:00,0.0,0.0
2035-08-03 01:00:00,0.0,0.0
2035-08-03 02:00:00,0.0,12.262434278781367
2035-08-03 03:00:00,0.0,49.521369202770906
2035-08-03 04:00:00,0.0,90.0817287402785
2035-08-03 05:00:00,0.0,127.34066366426805
2035-08-03 06:00:00,0.0,173.08897616587547
2035-08-03 07:00:00,0.0,229.21319459568247
2035-08-03 08:00:00,0.0,282.9792525872623
2035-08-03 09:00:00,0.0,292.8835264278165
2035-08-03 10:00:00,0.0,255.624591503827
2035-08-03 11:00:00,0.0,192.8975238469838
2035-08-03 12:00:00,0.0,117.43638982371385
2035-08-03 13:00:00,0.0,41.03199162515303
2035-08-03 14:00:00,0.0,0.0
2035-08-03 15:00:00,0.0,0.0
2035-08-03 16:00:00,0.0,0.0
2035-08-03 17:00:00,0.0,0.0
2035-08-03 18:00:00,0.0,0.0
2035-08-03 19:00:00,0.0,0.0
2035-08-03 20:00:00,0.0,0.0
2035-08-03 21:00:00,0.0,0.0
2035-08-03 22:00:00,0.0,0.0
2035-08-03 23:00:00,0.0,0.0
2035-08-04 00:00:00,0.0,0.0
2035-08-04 01:00:00,0.0,0.0
2035-08-04 02:00:00,0.0,20.751811856399232
2035-08-04 03:00:00,0.0,82.53561533795151
2035-08-04 04:00:00,0.0,160.8265418870941
2035-08-04 05:00:00,0.0,231.57135503390967
2035-08-04 06:00:00,0.0,293.8267906031073
2035-08-04 07:00:00,0.0,314.1069703718612
2035-08-04 08:00:00,0.0,306.08922488188875
2035-08-04 09:00:00,0.0,269.7735541331901
2035-08-04 10:00:00,0.0,229.21319459568247
2035-08-04 11:00:00,0.0,178.27692912997523
2035-08-04 12:00:00,0.0,109.41864433374143
2035-08-04 13:00:00,0.0,37.730567011634975
2035-08-04 14:00:00,0.0,0.0
2035-08-04 15:00:00,0.0,0.0
2035-08-04 16:00:00,0.0,0.0
2035-08-04 17:00:00,0.0,0.0
2035-08-04 18:00:00,0.0,0.0
2035-08-04 19:00:00,0.0,0.0
2035-08-04 20:00:00,0.0,0.0
2035-08-04 21:00:00,0.0,0.0
2035-08-04 22:00:00,0.0,0.0
2035-08-04 23:00:00,0.0,0.0
2035-08-05 00:00:00,0.0,0.0
2035-08-05 01:00:00,0.0,0.0
2035-08-05 02:00:00,0.0,9.432641752908744
2035-08-05 03:00:00,0.0,50.936265465707216
2035-08-05 04:00:00,0.0,118.37965399900474
2035-08-05 05:00:00,0.0,191.9542596716929
2035-08-05 06:00:00,0.0,241.94726096210925
2035-08-05 07:00:00,0.0,267.8870257826083
2035-08-05 08:00:00,0.0,273.54661083435354
2035-08-05 09:00:00,0.0,273.0749787467081
2035-08-05 10:00:00,0.0,231.57135503390967
2035-08-05 11:00:00,0.0,176.86203286703895
2035-08-05 12:00:00,0.0,106.11721972022336
2035-08-05 13:00:00,0.0,39.61709536221672
2035-08-05 14:00:00,0.0,0.0
2035-08-05 15:00:00,0.0,0.0
2035-08-05 16:00:00,0.0,0.0
2035-08-05 17:00:00,0.0,0.0
2035-08-05 18:00:00,0.0,0.0
2035-08-05 19:00:00,0.0,0.0
2035-08-05 20:00:00,0.0,0.0
2035-08-05 21:00:00,0.0,0.0
2035-08-05 22:00:00,0.0,0.0
2035-08-05 23:00:00,0.0,0.0
2035-08-06 00:00:00,0.0,0.0
2035-08-06 01:00:00,0.0,0.0
2035-08-06 02:00:00,0.0,14.148962629363115
2035-08-06 03:00:00,0.0,66.02849227036121
2035-08-06 04:00:00,0.0,135.35840915424046
2035-08-06 05:00:00,0.0,201.8585335122471
2035-08-06 06:00:00,0.0,249.9650064520817
2035-08-06 07:00:00,0.0,285.8090451131349
2035-08-06 08:00:00,0.0,298.0714793919163
2035-08-06 09:00:00,0.0,285.8090451131349
2035-08-06 10:00:00,0.0,245.72031766327277
2035-08-06 11:00:00,0.0,187.709570882884
2035-08-06 12:00:00,0.0,115.54986147313211
2035-08-06 13:00:00,0.0,42.44688788808935
2035-08-06 14:00:00,0.0,0.0
2035-08-06 15:00:00,0.0,0.0
2035-08-06 16:00:00,0.0,0.0
2035-08-06 17:00:00,0.0,0.0
2035-08-06 18:00:00,0.0,0.0
2035-08-06 19:00:00,0.0,0.0
2035-08-06 20:00:00,0.0,0.0
2035-08-06 21:00:00,0.0,0.0
2035-08-06 22:00:00,0.0,0.0
2035-08-06 23:00:00,0.0,0.0
2035-08-07 00:00:00,0.0,0.0
2035-08-07 01:00:00,0.0,0.0
2035-08-07 02:00:00,0.0,13.205698454072241
2035-08-07 03:00:00,0.0,70.27318105917014
2035-08-07 04:00:00,0.0,151.39390013418534
2035-08-07 05:00:00,0.0,214.12096779102848
2035-08-07 06:00:00,0.0,257.0394877667633
2035-08-07 07:00:00,0.0,288.6388376390076
2035-08-07 08:00:00,0.0,298.0714793919163
2035-08-07 09:00:00,0.0,289.5821018142984
2035-08-07 10:00:00,0.0,246.1919497509182
2035-08-07 11:00:00,0.0,188.18120297052945
2035-08-07 12:00:00,0.0,118.37965399900474
2035-08-07 13:00:00,0.0,41.97525580044391
2035-08-07 14:00:00,0.0,0.0
2035-08-07 15:00:00,0.0,0.0
2035-08-07 16:00:00,0.0,0.0
2035-08-07 17:00:00,0.0,0.0
2035-08-07 18:00:00,0.0,0.0
2035-08-07 19:00:00,0.0,0.0
2035-08-07 20:00:00,0.0,0.0
2035-08-07 21:00:00,0.0,0.0
2035-08-07 22:00:00,0.0,0.0
2035-08-07 23:00:00,0.0,0.0
2035-08-08 00:00:00,0.0,0.0
2035-08-08 01:00:00,0.0,0.0
2035-08-08 02:00:00,0.0,16.035490979944864
2035-08-08 03:00:00,0.0,73.10297358504276
2035-08-08 04:00:00,0.0,141.48962629363115
2035-08-08 05:00:00,0.0,198.55710889872907
2035-08-08 06:00:00,0.0,260.34091238028134
2035-08-08 07:00:00,0.0,280.1494600613897
2035-08-08 08:00:00,0.0,284.39414885019863
2035-08-08 09:00:00,0.0,282.0359884119714
2035-08-08 10:00:00,0.0,249.9650064520817
2035-08-08 11:00:00,0.0,191.4826275840475
2035-08-08 12:00:00,0.0,109.41864433374143
2035-08-08 13:00:00,0.0,33.014246135180606
2035-08-08 14:00:00,0.0,0.0
2035-08-08 15:00:00,0.0,0.0
2035-08-08 16:00:00,0.0,0.0
2035-08-08 17:00:00,0.0,0.0
2035-08-08 18:00:00,0.0,0.0
2035-08-08 19:00:00,0.0,0.0
2035-08-08 20:00:00,0.0,0.0
2035-08-08 21:00:00,0.0,0.0
2035-08-08 22:00:00,0.0,0.0
2035-08-08 23:00:00,0.0,0.0
2035-08-09 00:00:00,0.0,0.0
2035-08-09 01:00:00,0.0,0.0
2035-08-09 02:00:00,0.0,14.620594717008553
2035-08-09 03:00:00,0.0,69.80154897152471
2035-08-09 04:00:00,0.0,142.43289046892204
2035-08-09 05:00:00,0.0,210.347911089865
2035-08-09 06:00:00,0.0,292.41189434017105
2035-08-09 07:00:00,0.0,311.27717784598855
2035-08-09 08:00:00,0.0,307.50412114482504
2035-08-09 09:00:00,0.0,275.4331391849353
2035-08-09 10:00:00,0.0,231.09972294626422
2035-08-09 11:00:00,0.0,168.37265528942106
2035-08-09 12:00:00,0.0,96.21294587966918
2035-08-09 13:00:00,0.0,30.65608569695342
2035-08-09 14:00:00,0.0,0.0
2035-08-09 15:00:00,0.0,0.0
2035-08-09 16:00:00,0.0,0.0
2035-08-09 17:00:00,0.0,0.0
2035-08-09 18:00:00,0.0,0.0
2035-08-09 19:00:00,0.0,0.0
2035-08-09 20:00:00,0.0,0.0
2035-08-09 21:00:00,0.0,0.0
2035-08-09 22:00:00,0.0,0.0
2035-08-09 23:00:00,0.0,0.0
2035-08-10 00:00:00,0.0,0.0
2035-08-10 01:00:00,0.0,0.0
2035-08-10 02:00:00,0.0,16.035490979944864
2035-08-10 03:00:00,0.0,76.40439819856083
2035-08-10 04:00:00,0.0,151.39390013418534
2035-08-10 05:00:00,0.0,217.894024492192
2035-08-10 06:00:00,0.0,286.7523092884258
2035-08-10 07:00:00,0.0,305.14596070659786
2035-08-10 08:00:00,0.0,301.8445360930798
2035-08-10 09:00:00,0.0,286.28067720078036
2035-08-10 10:00:00,0.0,245.24868557562735
2035-08-10 11:00:00,0.0,183.46488209407505
2035-08-10 12:00:00,0.0,104.23069136964162
2035-08-10 13:00:00,0.0,26.88302899578992
2035-08-10 14:00:00,0.0,0.0
2035-08-10 15:00:00,0.0,0.0
2035-08-10 16:00:00,0.0,0.0
2035-08-10 17:00:00,0.0,0.0
2035-08-10 18:00:00,0.0,0.0
2035-08-10 19:00:00,0.0,0.0
2035-08-10 20:00:00,0.0,0.0
2035-08-10 21:00:00,0.0,0.0
2035-08-10 22:00:00,0.0,0.0
2035-08-10 23:00:00,0.0,0.0
2035-08-11 00:00:00,0.0,0.0
2035-08-11 01:00:00,0.0,0.0
2035-08-11 02:00:00,0.0,16.507123067590303
2035-08-11 03:00:00,0.0,76.40439819856083
2035-08-11 04:00:00,0.0,149.97900387124903
2035-08-11 05:00:00,0.0,216.0074961416102
2035-08-11 06:00:00,0.0,273.0749787467081
2035-08-11 07:00:00,0.0,298.0714793919163
2035-08-11 08:00:00,0.0,297.5998473042709
2035-08-11 09:00:00,0.0,277.31966753551706
2035-08-11 10:00:00,0.0,234.8727796474277
2035-08-11 11:00:00,0.0,163.6563344129667
2035-08-11 12:00:00,0.0,76.40439819856083
2035-08-11 13:00:00,0.0,16.035490979944864
2035-08-11 14:00:00,0.0,0.0
2035-08-11 15:00:00,0.0,0.0
2035-08-11 16:00:00,0.0,0.0
2035-08-11 17:00:00,0.0,0.0
2035-08-11 18:00:00,0.0,0.0
2035-08-11 19:00:00,0.0,0.0
2035-08-11 20:00:00,0.0,0.0
2035-08-11 21:00:00,0.0,0.0
2035-08-11 22:00:00,0.0,0.0
2035-08-11 23:00:00,0.0,0.0
2035-08-12 00:00:00,0.0,0.0
2035-08-12 01:00:00,0.0,0.0
2035-08-12 02:00:00,0.0,5.187952964099809
2035-08-12 03:00:00,0.0,34.429142398116916
2035-08-12 04:00:00,0.0,78.29092654914258
2035-08-12 05:00:00,0.0,122.62434278781367
2035-08-12 06:00:00,0.0,161.29817397473954
2035-08-12 07:00:00,0.0,200.4436372493108
2035-08-12 08:00:00,0.0,213.1777036157376
2035-08-12 09:00:00,0.0,195.72731637285642
2035-08-12 10:00:00,0.0,173.08897616587547
2035-08-12 11:00:00,0.0,134.4151449789496
2035-08-12 12:00:00,0.0,83.95051160088782
2035-08-12 13:00:00,0.0,32.07098195988973
2035-08-12 14:00:00,0.0,0.0
2035-08-12 15:00:00,0.0,0.0
2035-08-12 16:00:00,0.0,0.0
2035-08-12 17:00:00,0.0,0.0
2035-08-12 18:00:00,0.0,0.0
2035-08-12 19:00:00,0.0,0.0
2035-08-12 20:00:00,0.0,0.0
2035-08-12 21:00:00,0.0,0.0
2035-08-12 22:00:00,0.0,0.0
2035-08-12 23:00:00,0.0,0.0
2035-08-13 00:00:00,0.0,0.0
2035-08-13 01:00:00,0.0,0.0
2035-08-13 02:00:00,0.0,19.336915593462926
2035-08-13 03:00:00,0.0,89.13846456498761
2035-08-13 04:00:00,0.0,166.4861269388393
2035-08-13 05:00:00,0.0,225.44013789451895
2035-08-13 06:00:00,0.0,267.4153936949629
2035-08-13 07:00:00,0.0,292.41189434017105
2035-08-13 08:00:00,0.0,289.5821018142984
2035-08-13 09:00:00,0.0,271.18845039612637
2035-08-13 10:00:00,0.0,229.21319459568247
2035-08-13 11:00:00,0.0,169.31591946471195
2035-08-13 12:00:00,0.0,101.87253093141443
2035-08-13 13:00:00,0.0,33.48587822282604
2035-08-13 14:00:00,0.0,0.0
2035-08-13 15:00:00,0.0,0.0
2035-08-13 16:00:00,0.0,0.0
2035-08-13 17:00:00,0.0,0.0
2035-08-13 18:00:00,0.0,0.0
2035-08-13 19:00:00,0.0,0.0
2035-08-13 20:00:00,0.0,0.0
2035-08-13 21:00:00,0.0,0.0
2035-08-13 22:00:00,0.0,0.0
2035-08-13 23:00:00,0.0,0.0
2035-08-14 00:00:00,0.0,0.0
2035-08-14 01:00:00,0.0,0.0
2035-08-14 02:00:00,0.0,13.677330541717678
2035-08-14 03:00:00,0.0,58.48237886803421
2035-08-14 04:00:00,0.0,106.5888518078688
2035-08-14 05:00:00,0.0,169.31591946471195
2035-08-14 06:00:00,0.0,239.11746843623666
2035-08-14 07:00:00,0.0,277.7912996231625
2035-08-14 08:00:00,0.0,278.7345637984534
2035-08-14 09:00:00,0.0,260.8125444679267
2035-08-14 10:00:00,0.0,225.9117699821644
2035-08-14 11:00:00,0.0,166.4861269388393
2035-08-14 12:00:00,0.0,96.21294587966918
2035-08-14 13:00:00,0.0,32.54261404753517
2035-08-14 14:00:00,0.0,0.0
2035-08-14 15:00:00,0.0,0.0
2035-08-14 16:00:00,0.0,0.0
2035-08-14 17:00:00,0.0,0.0
2035-08-14 18:00:00,0.0,0.0
2035-08-14 19:00:00,0.0,0.0
2035-08-14 20:00:00,0.0,0.0
2035-08-14 21:00:00,0.0,0.0
2035-08-14 22:00:00,0.0,0.0
2035-08-14 23:00:00,0.0,0.0
2035-08-15 00:00:00,0.0,0.0
2035-08-15 01:00:00,0.0,0.0
2035-08-15 02:00:00,0.0,21.69507603169011
2035-08-15 03:00:00,0.0,99.04273840554181
2035-08-15 04:00:00,0.0,183.9365141817205
2035-08-15 05:00:00,0.0,252.79479897795431
2035-08-15 06:00:00,0.0,297.12821521662545
2035-08-15 07:00:00,0.0,319.29492333596096
2035-08-15 08:00:00,0.0,319.76655542360646
2035-08-15 09:00:00,0.0,299.0147435672072
2035-08-15 10:00:00,0.0,258.926016117345
2035-08-15 11:00:00,0.0,196.67058054814729
2035-08-15 12:00:00,0.0,117.9080219113593
2035-08-15 13:00:00,0.0,40.08872744986216
2035-08-15 14:00:00,0.0,0.0
2035-08-15 15:00:00,0.0,0.0
2035-08-15 16:00:00,0.0,0.0
2035-08-15 17:00:00,0.0,0.0
2035-08-15 18:00:00,0.0,0.0
2035-08-15 19:00:00,0.0,0.0
2035-08-15 20:00:00,0.0,0.0
2035-08-15 21:00:00,0.0,0.0
2035-08-15 22:00:00,0.0,0.0
2035-08-15 23:00:00,0.0,0.0
2035-08-16 00:00:00,0.0,0.0
2035-08-16 01:00:00,0.0,0.0
2035-08-16 02:00:00,0.0,18.39365141817205
2035-08-16 03:00:00,0.0,79.23419072443345
2035-08-16 04:00:00,0.0,168.37265528942106
2035-08-16 05:00:00,0.0,241.94726096210925
2035-08-16 06:00:00,0.0,285.33741302548947
2035-08-16 07:00:00,0.0,309.86228158305227
2035-08-16 08:00:00,0.0,314.5786024595066
2035-08-16 09:00:00,0.0,295.7133189536891
2035-08-16 10:00:00,0.0,257.0394877667633
2035-08-16 11:00:00,0.0,194.78405219756553
2035-08-16 12:00:00,0.0,115.54986147313211
2035-08-16 13:00:00,0.0,37.258934923989536
2035-08-16 14:00:00,0.0,0.0
2035-08-16 15:00:00,0.0,0.0
2035-08-16 16:00:00,0.0,0.0
2035-08-16 17:00:00,0.0,0.0
2035-08-16 18:00:00,0.0,0.0
2035-08-16 19:00:00,0.0,0.0
2035-08-16 20:00:00,0.0,0.0
2035-08-16 21:00:00,0.0,0.0
2035-08-16 22:00:00,0.0,0.0
2035-08-16 23:00:00,0.0,0.0
2035-08-17 00:00:00,0.0,0.0
2035-08-17 01:00:00,0.0,0.0
2035-08-17 02:00:00,0.0,9.90427384055418
2035-08-17 03:00:00,0.0,59.89727513097052
2035-08-17 04:00:00,0.0,147.1492113453764
2035-08-17 05:00:00,0.0,231.09972294626422
2035-08-17 06:00:00,0.0,287.22394137607125
2035-08-17 07:00:00,0.0,318.82329124831557
2035-08-17 08:00:00,0.0,326.3694046506425
2035-08-17 09:00:00,0.0,311.748809933634
2035-08-17 10:00:00,0.0,273.0749787467081
2035-08-17 11:00:00,0.0,212.23443944044672
2035-08-17 12:00:00,0.0,132.0569845407224
2035-08-17 13:00:00,0.0,46.69157667689828
2035-08-17 14:00:00,0.0,0.0
2035-08-17 15:00:00,0.0,0.0
2035-08-17 16:00:00,0.0,0.0
2035-08-17 17:00:00,0.0,0.0
2035-08-17 18:00:00,0.0,0.0
2035-08-17 19:00:00,0.0,0.0
2035-08-17 20:00:00,0.0,0.0
2035-08-17 21:00:00,0.0,0.0
2035-08-17 22:00:00,0.0,0.0
2035-08-17 23:00:00,0.0,0.0
2035-08-18 00:00:00,0.0,0.0
2035-08-18 01:00:00,0.0,0.0
2035-08-18 02:00:00,0.0,22.16670811933555
2035-08-18 03:00:00,0.0,104.23069136964162
2035-08-18 04:00:00,0.0,191.9542596716929
2035-08-18 05:00:00,0.0,261.2841765555722
2035-08-18 06:00:00,0.0,305.14596070659786
2035-08-18 07:00:00,0.0,326.3694046506425
2035-08-18 08:00:00,0.0,328.25593300122426
2035-08-18 09:00:00,0.0,307.03248905717965
2035-08-18 10:00:00,0.0,265.52886534438113
2035-08-18 11:00:00,0.0,203.27342977518344
2035-08-18 12:00:00,0.0,123.0959748754591
2035-08-18 13:00:00,0.0,41.50362371279847
2035-08-18 14:00:00,0.0,0.0
2035-08-18 15:00:00,0.0,0.0
2035-08-18 16:00:00,0.0,0.0
2035-08-18 17:00:00,0.0,0.0
2035-08-18 18:00:00,0.0,0.0
2035-08-18 19:00:00,0.0,0.0
2035-08-18 20:00:00,0.0,0.0
2035-08-18 21:00:00,0.0,0.0
2035-08-18 22:00:00,0.0,0.0
2035-08-18 23:00:00,0.0,0.0
2035-08-19 00:00:00,0.0,0.0
2035-08-19 01:00:00,0.0,0.0
2035-08-19 02:00:00,0.0,21.69507603169011
2035-08-19 03:00:00,0.0,104.70232345728705
2035-08-19 04:00:00,0.0,195.25568428521098
2035-08-19 05:00:00,0.0,266.94376160731747
2035-08-19 06:00:00,0.0,314.1069703718612
2035-08-19 07:00:00,0.0,337.688574754133
2035-08-19 08:00:00,0.0,340.51836728000563
2035-08-19 09:00:00,0.0,320.23818751125185
2035-08-19 10:00:00,0.0,280.1494600613897
2035-08-19 11:00:00,0.0,217.42239240454654
2035-08-19 12:00:00,0.0,134.88677706659504
2035-08-19 13:00:00,0.0,47.16320876454372
2035-08-19 14:00:00,0.0,0.0
2035-08-19 15:00:00,0.0,0.0
2035-08-19 16:00:00,0.0,0.0
2035-08-19 17:00:00,0.0,0.0
2035-08-19 18:00:00,0.0,0.0
2035-08-19 19:00:00,0.0,0.0
2035-08-19 20:00:00,0.0,0.0
2035-08-19 21:00:00,0.0,0.0
2035-08-19 22:00:00,0.0,0.0
2035-08-19 23:00:00,0.0,0.0
2035-08-20 00:00:00,0.0,0.0
2035-08-20 01:00:00,0.0,0.0
2035-08-20 02:00:00,0.0,22.16670811933555
2035-08-20 03:00:00,0.0,101.87253093141443
2035-08-20 04:00:00,0.0,196.67058054814729
2035-08-20 05:00:00,0.0,268.8302899578992
2035-08-20 06:00:00,0.0,317.4083949853793
2035-08-20 07:00:00,0.0,340.51836728000563
2035-08-20 08:00:00,0.0,343.81979189352376
2035-08-20 09:00:00,0.0,321.6530837741882
2035-08-20 10:00:00,0.0,281.09272423668057
2035-08-20 11:00:00,0.0,218.3656565798374
2035-08-20 12:00:00,0.0,136.30167332953133
2035-08-20 13:00:00,0.0,47.16320876454372
2035-08-20 14:00:00,0.0,0.0
2035-08-20 15:00:00,0.0,0.0
2035-08-20 16:00:00,0.0,0.0
2035-08-20 17:00:00,0.0,0.0
2035-08-20 18:00:00,0.0,0.0
2035-08-20 19:00:00,0.0,0.0
2035-08-20 20:00:00,0.0,0.0
2035-08-20 21:00:00,0.0,0.0
2035-08-20 22:00:00,0.0,0.0
2035-08-20 23:00:00,0.0,0.0
2035-08-21 00:00:00,0.0,0.0
2035-08-21 01:00:00,0.0,0.0
2035-08-21 02:00:00,0.0,20.280179768753797
2035-08-21 03:00:00,0.0,97.62784214260549
2035-08-21 04:00:00,0.0,184.8797783570114
2035-08-21 05:00:00,0.0,266.0004974320266
2035-08-21 06:00:00,0.0,315.9934987224429
2035-08-21 07:00:00,0.0,342.40489563058736
2035-08-21 08:00:00,0.0,345.23468815646004
2035-08-21 09:00:00,0.0,326.3694046506425
2035-08-21 10:00:00,0.0,284.8657809378441
2035-08-21 11:00:00,0.0,221.19544910571003
2035-08-21 12:00:00,0.0,137.24493750482222
2035-08-21 13:00:00,0.0,47.634840852189164
2035-08-21 14:00:00,0.0,0.0
2035-08-21 15:00:00,0.0,0.0
2035-08-21 16:00:00,0.0,0.0
2035-08-21 17:00:00,0.0,0.0
2035-08-21 18:00:00,0.0,0.0
2035-08-21 19:00:00,0.0,0.0
2035-08-21 20:00:00,0.0,0.0
2035-08-21 21:00:00,0.0,0.0
2035-08-21 22:00:00,0.0,0.0
2035-08-21 23:00:00,0.0,0.0
2035-08-22 00:00:00,0.0,0.0
2035-08-22 01:00:00,0.0,0.0
2035-08-22 02:00:00,0.0,21.69507603169011
2035-08-22 03:00:00,0.0,106.5888518078688
2035-08-22 04:00:00,0.0,196.67058054814729
2035-08-22 05:00:00,0.0,267.4153936949629
2035-08-22 06:00:00,0.0,314.1069703718612
2035-08-22 07:00:00,0.0,337.21694266648757
2035-08-22 08:00:00,0.0,338.6318389294239
2035-08-22 09:00:00,0.0,319.29492333596096
2035-08-22 10:00:00,0.0,278.26293171080795
2035-08-22 11:00:00,0.0,214.59259987867392
2035-08-22 12:00:00,0.0,131.58535245307698
2035-08-22 13:00:00,0.0,44.3334162386711
2035-08-22 14:00:00,0.0,0.0
2035-08-22 15:00:00,0.0,0.0
2035-08-22 16:00:00,0.0,0.0
2035-08-22 17:00:00,0.0,0.0
2035-08-22 18:00:00,0.0,0.0
2035-08-22 19:00:00,0.0,0.0
2035-08-22 20:00:00,0.0,0.0
2035-08-22 21:00:00,0.0,0.0
2035-08-22 22:00:00,0.0,0.0
2035-08-22 23:00:00,0.0,0.0
2035-08-23 00:00:00,0.0,0.0
2035-08-23 01:00:00,0.0,0.0
2035-08-23 02:00:00,0.0,21.69507603169011
2035-08-23 03:00:00,0.0,106.5888518078688
2035-08-23 04:00:00,0.0,195.72731637285642
2035-08-23 05:00:00,0.0,265.52886534438113
2035-08-23 06:00:00,0.0,311.748809933634
2035-08-23 07:00:00,0.0,334.387150140615
2035-08-23 08:00:00,0.0,335.3304143159058
2035-08-23 09:00:00,0.0,317.4083949853793
2035-08-23 10:00:00,0.0,276.3764033602262
2035-08-23 11:00:00,0.0,213.64933570338303
2035-08-23 12:00:00,0.0,131.58535245307698
2035-08-23 13:00:00,0.0,44.3334162386711
2035-08-23 14:00:00,0.0,0.0
2035-08-23 15:00:00,0.0,0.0
2035-08-23 16:00:00,0.0,0.0
2035-08-23 17:00:00,0.0,0.0
2035-08-23 18:00:00,0.0,0.0
2035-08-23 19:00:00,0.0,0.0
2035-08-23 20:00:00,0.0,0.0
2035-08-23 21:00:00,0.0,0.0
2035-08-23 22:00:00,0.0,0.0
2035-08-23 23:00:00,0.0,0.0
2035-08-24 00:00:00,0.0,0.0
2035-08-24 01:00:00,0.0,0.0
2035-08-24 02:00:00,0.0,22.638340206980985
2035-08-24 03:00:00,0.0,111.77680477196861
2035-08-24 04:00:00,0.0,203.27342977518344
2035-08-24 05:00:00,0.0,274.018242921999
2035-08-24 06:00:00,0.0,319.29492333596096
2035-08-24 07:00:00,0.0,341.933263542942
2035-08-24 08:00:00,0.0,342.87652771823286
2035-08-24 09:00:00,0.0,324.01124421241536
2035-08-24 10:00:00,0.0,283.45088467490774
2035-08-24 11:00:00,0.0,220.72381701806458
2035-08-24 12:00:00,0.0,137.24493750482222
2035-08-24 13:00:00,0.0,47.16320876454372
2035-08-24 14:00:00,0.0,0.0
2035-08-24 15:00:00,0.0,0.0
2035-08-24 16:00:00,0.0,0.0
2035-08-24 17:00:00,0.0,0.0
2035-08-24 18:00:00,0.0,0.0
2035-08-24 19:00:00,0.0,0.0
2035-08-24 20:00:00,0.0,0.0
2035-08-24 21:00:00,0.0,0.0
2035-08-24 22:00:00,0.0,0.0
2035-08-24 23:00:00,0.0,0.0
2035-08-25 00:00:00,0.0,0.0
2035-08-25 01:00:00,0.0,0.0
2035-08-25 02:00:00,0.0,23.109972294626424
2035-08-25 03:00:00,0.0,112.72006894725948
2035-08-25 04:00:00,0.0,203.27342977518344
2035-08-25 05:00:00,0.0,273.0749787467081
2035-08-25 06:00:00,0.0,317.4083949853793
2035-08-25 07:00:00,0.0,339.10347101706935
2035-08-25 08:00:00,0.0,339.5751031047148
2035-08-25 09:00:00,0.0,320.23818751125185
2035-08-25 10:00:00,0.0,279.20619588609884
2035-08-25 11:00:00,0.0,216.47912822925565
2035-08-25 12:00:00,0.0,133.94351289130415
2035-08-25 13:00:00,0.0,44.80504832631653
2035-08-25 14:00:00,0.0,0.0
2035-08-25 15:00:00,0.0,0.0
2035-08-25 16:00:00,0.0,0.0
2035-08-25 17:00:00,0.0,0.0
2035-08-25 18:00:00,0.0,0.0
2035-08-25 19:00:00,0.0,0.0
2035-08-25 20:00:00,0.0,0.0
2035-08-25 21:00:00,0.0,0.0
2035-08-25 22:00:00,0.0,0.0
2035-08-25 23:00:00,0.0,0.0
2035-08-26 00:00:00,0.0,0.0
2035-08-26 01:00:00,0.0,0.0
2035-08-26 02:00:00,0.0,20.751811856399232
2035-08-26 03:00:00,0.0,105.64558763257794
2035-08-26 04:00:00,0.0,194.78405219756553
2035-08-26 05:00:00,0.0,264.5856011690903
2035-08-26 06:00:00,0.0,308.9190174077614
2035-08-26 07:00:00,0.0,331.0857255270968
2035-08-26 08:00:00,0.0,332.0289897023878
2035-08-26 09:00:00,0.0,315.5218666347975
2035-08-26 10:00:00,0.0,274.9615070972899
2035-08-26 11:00:00,0.0,212.23443944044672
2035-08-26 12:00:00,0.0,129.22719201484978
2035-08-26 13:00:00,0.0,42.44688788808935
2035-08-26 14:00:00,0.0,0.0
2035-08-26 15:00:00,0.0,0.0
2035-08-26 16:00:00,0.0,0.0
2035-08-26 17:00:00,0.0,0.0
2035-08-26 18:00:00,0.0,0.0
2035-08-26 19:00:00,0.0,0.0
2035-08-26 20:00:00,0.0,0.0
2035-08-26 21:00:00,0.0,0.0
2035-08-26 22:00:00,0.0,0.0
2035-08-26 23:00:00,0.0,0.0
2035-08-27 00:00:00,0.0,0.0
2035-08-27 01:00:00,0.0,0.0
2035-08-27 02:00:00,0.0,10.375905928199616
2035-08-27 03:00:00,0.0,56.59585051745246
2035-08-27 04:00:00,0.0,112.72006894725948
2035-08-27 05:00:00,0.0,163.18470232532124
2035-08-27 06:00:00,0.0,207.9897506516378
2035-08-27 07:00:00,0.0,233.4578833844914
2035-08-27 08:00:00,0.0,245.24868557562735
2035-08-27 09:00:00,0.0,262.6990728185085
2035-08-27 10:00:00,0.0,254.6813273285361
2035-08-27 11:00:00,0.0,203.27342977518344
2035-08-27 12:00:00,0.0,125.4541353136863
2035-08-27 13:00:00,0.0,41.50362371279847
2035-08-27 14:00:00,0.0,0.0
2035-08-27 15:00:00,0.0,0.0
2035-08-27 16:00:00,0.0,0.0
2035-08-27 17:00:00,0.0,0.0
2035-08-27 18:00:00,0.0,0.0
2035-08-27 19:00:00,0.0,0.0
2035-08-27 20:00:00,0.0,0.0
2035-08-27 21:00:00,0.0,0.0
2035-08-27 22:00:00,0.0,0.0
2035-08-27 23:00:00,0.0,0.0
2035-08-28 00:00:00,0.0,0.0
2035-08-28 01:00:00,0.0,0.0
2035-08-28 02:00:00,0.0,18.865283505817487
2035-08-28 03:00:00,0.0,104.70232345728705
2035-08-28 04:00:00,0.0,201.38690142460166
2035-08-28 05:00:00,0.0,273.0749787467081
2035-08-28 06:00:00,0.0,318.3516591606701
2035-08-28 07:00:00,0.0,336.2736784911967
2035-08-28 08:00:00,0.0,317.8800270730247
2035-08-28 09:00:00,0.0,270.2451862208355
2035-08-28 10:00:00,0.0,213.64933570338303
2035-08-28 11:00:00,0.0,154.6953247477034
2035-08-28 12:00:00,0.0,98.09947423025093
2035-08-28 13:00:00,0.0,36.315670748698665
2035-08-28 14:00:00,0.0,0.0
2035-08-28 15:00:00,0.0,0.0
2035-08-28 16:00:00,0.0,0.0
2035-08-28 17:00:00,0.0,0.0
2035-08-28 18:00:00,0.0,0.0
2035-08-28 19:00:00,0.0,0.0
2035-08-28 20:00:00,0.0,0.0
2035-08-28 21:00:00,0.0,0.0
2035-08-28 22:00:00,0.0,0.0
2035-08-28 23:00:00,0.0,0.0
2035-08-29 00:00:00,0.0,0.0
2035-08-29 01:00:00,0.0,0.0
2035-08-29 02:00:00,0.0,19.336915593462926
2035-08-29 03:00:00,0.0,103.28742719435074
2035-08-29 04:00:00,0.0,191.01099549640205
2035-08-29 05:00:00,0.0,258.926016117345
2035-08-29 06:00:00,0.0,298.54311147956173
2035-08-29 07:00:00,0.0,311.748809933634
2035-08-29 08:00:00,0.0,314.5786024595066
2035-08-29 09:00:00,0.0,301.37290400543435
2035-08-29 10:00:00,0.0,267.8870257826083
2035-08-29 11:00:00,0.0,208.46138273928324
2035-08-29 12:00:00,0.0,126.8690315766226
2035-08-29 13:00:00,0.0,41.03199162515303
2035-08-29 14:00:00,0.0,0.0
2035-08-29 15:00:00,0.0,0.0
2035-08-29 16:00:00,0.0,0.0
2035-08-29 17:00:00,0.0,0.0
2035-08-29 18:00:00,0.0,0.0
2035-08-29 19:00:00,0.0,0.0
2035-08-29 20:00:00,0.0,0.0
2035-08-29 21:00:00,0.0,0.0
2035-08-29 22:00:00,0.0,0.0
2035-08-29 23:00:00,0.0,0.0
2035-08-30 00:00:00,0.0,0.0
2035-08-30 01:00:00,0.0,0.0
2035-08-30 02:00:00,0.0,13.677330541717678
2035-08-30 03:00:00,0.0,83.00724742559693
2035-08-30 04:00:00,0.0,181.10672165584788
2035-08-30 05:00:00,0.0,263.17070490615396
2035-08-30 06:00:00,0.0,314.5786024595066
2035-08-30 07:00:00,0.0,340.0467351923602
2035-08-30 08:00:00,0.0,340.51836728000563
2035-08-30 09:00:00,0.0,315.9934987224429
2035-08-30 10:00:00,0.0,266.472129519672
2035-08-30 11:00:00,0.0,202.33016559989255
2035-08-30 12:00:00,0.0,123.0959748754591
2035-08-30 13:00:00,0.0,39.61709536221672
2035-08-30 14:00:00,0.0,0.0
2035-08-30 15:00:00,0.0,0.0
2035-08-30 16:00:00,0.0,0.0
2035-08-30 17:00:00,0.0,0.0
2035-08-30 18:00:00,0.0,0.0
2035-08-30 19:00:00,0.0,0.0
2035-08-30 20:00:00,0.0,0.0
2035-08-30 21:00:00,0.0,0.0
2035-08-30 22:00:00,0.0,0.0
2035-08-30 23:00:00,0.0,0.0
2035-08-31 00:00:00,0.0,0.0
2035-08-31 01:00:00,0.0,0.0
2035-08-31 02:00:00,0.0,16.035490979944864
2035-08-31 03:00:00,0.0,92.4398891785057
2035-08-31 04:00:00,0.0,185.82304253230225
2035-08-31 05:00:00,0.0,264.5856011690903
2035-08-31 06:00:00,0.0,314.1069703718612
2035-08-31 07:00:00,0.0,336.7453105788422
2035-08-31 08:00:00,0.0,338.6318389294239
2035-08-31 09:00:00,0.0,319.76655542360646
2035-08-31 10:00:00,0.0,278.7345637984534
2035-08-31 11:00:00,0.0,215.06423196631937
2035-08-31 12:00:00,0.0,131.58535245307698
2035-08-31 13:00:00,0.0,42.44688788808935
2035-08-31 14:00:00,0.0,0.0
2035-08-31 15:00:00,0.0,0.0
2035-08-31 16:00:00,0.0,0.0
2035-08-31 17:00:00,0.0,0.0
2035-08-31 18:00:00,0.0,0.0
2035-08-31 19:00:00,0.0,0.0
2035-08-31 20:00:00,0.0,0.0
2035-08-31 21:00:00,0.0,0.0
2035-08-31 22:00:00,0.0,0.0
2035-08-31 23:00:00,0.0,0.0
2035-09-01 00:00:00,0.0,0.0
2035-09-01 01:00:00,0.0,0.0
2035-09-01 02:00:00,0.0,18.865283505817487
2035-09-01 03:00:00,0.0,104.23069136964162
2035-09-01 04:00:00,0.0,195.25568428521098
2035-09-01 05:00:00,0.0,265.52886534438113
2035-09-01 06:00:00,0.0,313.6353382842157
2035-09-01 07:00:00,0.0,334.8587822282604
2035-09-01 08:00:00,0.0,328.72756508886965
2035-09-01 09:00:00,0.0,299.4863756548526
2035-09-01 10:00:00,0.0,252.79479897795431
2035-09-01 11:00:00,0.0,207.9897506516378
2035-09-01 12:00:00,0.0,129.69882410249522
2035-09-01 13:00:00,0.0,41.03199162515303
2035-09-01 14:00:00,0.0,0.0
2035-09-01 15:00:00,0.0,0.0
2035-09-01 16:00:00,0.0,0.0
2035-09-01 17:00:00,0.0,0.0
2035-09-01 18:00:00,0.0,0.0
2035-09-01 19:00:00,0.0,0.0
2035-09-01 20:00:00,0.0,0.0
2035-09-01 21:00:00,0.0,0.0
2035-09-01 22:00:00,0.0,0.0
2035-09-01 23:00:00,0.0,0.0
2035-09-02 00:00:00,0.0,0.0
2035-09-02 01:00:00,0.0,0.0
2035-09-02 02:00:00,0.0,10.847538015845055
2035-09-02 03:00:00,0.0,62.2554355691977
2035-09-02 04:00:00,0.0,123.0959748754591
2035-09-02 05:00:00,0.0,189.12446714582032
2035-09-02 06:00:00,0.0,239.11746843623666
2035-09-02 07:00:00,0.0,261.7558086432177
2035-09-02 08:00:00,0.0,253.26643106559976
2035-09-02 09:00:00,0.0,232.98625129684595
2035-09-02 10:00:00,0.0,222.61034536864636
2035-09-02 11:00:00,0.0,193.84078802227467
2035-09-02 12:00:00,0.0,121.6810786125228
2035-09-02 13:00:00,0.0,39.14546327457129
2035-09-02 14:00:00,0.0,0.0
2035-09-02 15:00:00,0.0,0.0
2035-09-02 16:00:00,0.0,0.0
2035-09-02 17:00:00,0.0,0.0
2035-09-02 18:00:00,0.0,0.0
2035-09-02 19:00:00,0.0,0.0
2035-09-02 20:00:00,0.0,0.0
2035-09-02 21:00:00,0.0,0.0
2035-09-02 22:00:00,0.0,0.0
2035-09-02 23:00:00,0.0,0.0
2035-09-03 00:00:00,0.0,0.0
2035-09-03 01:00:00,0.0,0.0
2035-09-03 02:00:00,0.0,12.734066366426804
2035-09-03 03:00:00,0.0,79.23419072443345
2035-09-03 04:00:00,0.0,174.0322403411663
2035-09-03 05:00:00,0.0,255.624591503827
2035-09-03 06:00:00,0.0,310.80554575834316
2035-09-03 07:00:00,0.0,333.9155180529695
2035-09-03 08:00:00,0.0,336.7453105788422
2035-09-03 09:00:00,0.0,313.6353382842157
2035-09-03 10:00:00,0.0,268.35865787025375
2035-09-03 11:00:00,0.0,197.14221263579273
2035-09-03 12:00:00,0.0,112.24843685961405
2035-09-03 13:00:00,0.0,32.54261404753517
2035-09-03 14:00:00,0.0,0.0
2035-09-03 15:00:00,0.0,0.0
2035-09-03 16:00:00,0.0,0.0
2035-09-03 17:00:00,0.0,0.0
2035-09-03 18:00:00,0.0,0.0
2035-09-03 19:00:00,0.0,0.0
2035-09-03 20:00:00,0.0,0.0
2035-09-03 21:00:00,0.0,0.0
2035-09-03 22:00:00,0.0,0.0
2035-09-03 23:00:00,0.0,0.0
2035-09-04 00:00:00,0.0,0.0
2035-09-04 01:00:00,0.0,0.0
2035-09-04 02:00:00,0.0,14.148962629363115
2035-09-04 03:00:00,0.0,91.02499291556938
2035-09-04 04:00:00,0.0,195.72731637285642
2035-09-04 05:00:00,0.0,272.13171457141726
2035-09-04 06:00:00,0.0,319.76655542360646
2035-09-04 07:00:00,0.0,342.87652771823286
2035-09-04 08:00:00,0.0,343.81979189352376
2035-09-04 09:00:00,0.0,321.18145168654274
2035-09-04 10:00:00,0.0,279.67782797374423
2035-09-04 11:00:00,0.0,215.06423196631937
2035-09-04 12:00:00,0.0,130.17045619014067
2035-09-04 13:00:00,0.0,40.08872744986216
2035-09-04 14:00:00,0.0,0.0
2035-09-04 15:00:00,0.0,0.0
2035-09-04 16:00:00,0.0,0.0
2035-09-04 17:00:00,0.0,0.0
2035-09-04 18:00:00,0.0,0.0
2035-09-04 19:00:00,0.0,0.0
2035-09-04 20:00:00,0.0,0.0
2035-09-04 21:00:00,0.0,0.0
2035-09-04 22:00:00,0.0,0.0
2035-09-04 23:00:00,0.0,0.0
2035-09-05 00:00:00,0.0,0.0
2035-09-05 01:00:00,0.0,0.0
2035-09-05 02:00:00,0.0,8.48937757761787
2035-09-05 03:00:00,0.0,65.55686018271578
2035-09-05 04:00:00,0.0,153.75206057241252
2035-09-05 05:00:00,0.0,252.32316689030887
2035-09-05 06:00:00,0.0,305.6175927942433
2035-09-05 07:00:00,0.0,330.61409343945144
2035-09-05 08:00:00,0.0,330.61409343945144
2035-09-05 09:00:00,0.0,310.33391367069765
2035-09-05 10:00:00,0.0,268.8302899578992
2035-09-05 11:00:00,0.0,205.63159021341062
2035-09-05 12:00:00,0.0,121.6810786125228
2035-09-05 13:00:00,0.0,35.844038661053226
2035-09-05 14:00:00,0.0,0.0
2035-09-05 15:00:00,0.0,0.0
2035-09-05 16:00:00,0.0,0.0
2035-09-05 17:00:00,0.0,0.0
2035-09-05 18:00:00,0.0,0.0
2035-09-05 19:00:00,0.0,0.0
2035-09-05 20:00:00,0.0,0.0
2035-09-05 21:00:00,0.0,0.0
2035-09-05 22:00:00,0.0,0.0
2035-09-05 23:00:00,0.0,0.0
2035-09-06 00:00:00,0.0,0.0
2035-09-06 01:00:00,0.0,0.0
2035-09-06 02:00:00,0.0,13.677330541717678
2035-09-06 03:00:00,0.0,83.47887951324238
2035-09-06 04:00:00,0.0,163.18470232532124
2035-09-06 05:00:00,0.0,235.34441173507315
2035-09-06 06:00:00,0.0,291.9402622525256
2035-09-06 07:00:00,0.0,323.06798003712447
2035-09-06 08:00:00,0.0,324.95450838770626
2035-09-06 09:00:00,0.0,308.4473853201159
2035-09-06 10:00:00,0.0,268.35865787025375
2035-09-06 11:00:00,0.0,204.68832603811973
2035-09-06 12:00:00,0.0,122.15271070016823
2035-09-06 13:00:00,0.0,35.844038661053226
2035-09-06 14:00:00,0.0,0.0
2035-09-06 15:00:00,0.0,0.0
2035-09-06 16:00:00,0.0,0.0
2035-09-06 17:00:00,0.0,0.0
2035-09-06 18:00:00,0.0,0.0
2035-09-06 19:00:00,0.0,0.0
2035-09-06 20:00:00,0.0,0.0
2035-09-06 21:00:00,0.0,0.0
2035-09-06 22:00:00,0.0,0.0
2035-09-06 23:00:00,0.0,0.0
2035-09-07 00:00:00,0.0,0.0
2035-09-07 01:00:00,0.0,0.0
2035-09-07 02:00:00,0.0,5.187952964099809
2035-09-07 03:00:00,0.0,48.10647293983459
2035-09-07 04:00:00,0.0,126.8690315766226
2035-09-07 05:00:00,0.0,231.57135503390967
2035-09-07 06:00:00,0.0,295.24168686604366
2035-09-07 07:00:00,0.0,314.5786024595066
2035-09-07 08:00:00,0.0,317.8800270730247
2035-09-07 09:00:00,0.0,305.14596070659786
2035-09-07 10:00:00,0.0,266.0004974320266
2035-09-07 11:00:00,0.0,203.27342977518344
2035-09-07 12:00:00,0.0,119.32291817429561
2035-09-07 13:00:00,0.0,32.07098195988973
2035-09-07 14:00:00,0.0,0.0
2035-09-07 15:00:00,0.0,0.0
2035-09-07 16:00:00,0.0,0.0
2035-09-07 17:00:00,0.0,0.0
2035-09-07 18:00:00,0.0,0.0
2035-09-07 19:00:00,0.0,0.0
2035-09-07 20:00:00,0.0,0.0
2035-09-07 21:00:00,0.0,0.0
2035-09-07 22:00:00,0.0,0.0
2035-09-07 23:00:00,0.0,0.0
2035-09-08 00:00:00,0.0,0.0
2035-09-08 01:00:00,0.0,0.0
2035-09-08 02:00:00,0.0,8.017745489972432
2035-09-08 03:00:00,0.0,53.76605799157984
2035-09-08 04:00:00,0.0,116.02149356077756
2035-09-08 05:00:00,0.0,188.18120297052945
2035-09-08 06:00:00,0.0,255.624591503827
2035-09-08 07:00:00,0.0,306.56085696953414
2035-09-08 08:00:00,0.0,323.06798003712447
2035-09-08 09:00:00,0.0,299.95800774249807
2035-09-08 10:00:00,0.0,255.15295941618155
2035-09-08 11:00:00,0.0,186.76630670759312
2035-09-08 12:00:00,0.0,104.70232345728705
2035-09-08 13:00:00,0.0,25.939764820499043
2035-09-08 14:00:00,0.0,0.0
2035-09-08 15:00:00,0.0,0.0
2035-09-08 16:00:00,0.0,0.0
2035-09-08 17:00:00,0.0,0.0
2035-09-08 18:00:00,0.0,0.0
2035-09-08 19:00:00,0.0,0.0
2035-09-08 20:00:00,0.0,0.0
2035-09-08 21:00:00,0.0,0.0
2035-09-08 22:00:00,0.0,0.0
2035-09-08 23:00:00,0.0,0.0
2035-09-09 00:00:00,0.0,0.0
2035-09-09 01:00:00,0.0,0.0
2035-09-09 02:00:00,0.0,9.90427384055418
2035-09-09 03:00:00,0.0,73.10297358504276
2035-09-09 04:00:00,0.0,151.39390013418534
2035-09-09 05:00:00,0.0,221.66708119335547
2035-09-09 06:00:00,0.0,290.99699807723476
2035-09-09 07:00:00,0.0,319.29492333596096
2035-09-09 08:00:00,0.0,322.5963479494791
2035-09-09 09:00:00,0.0,306.56085696953414
2035-09-09 10:00:00,0.0,266.94376160731747
2035-09-09 11:00:00,0.0,200.91526933695624
2035-09-09 12:00:00,0.0,116.96475773606842
2035-09-09 13:00:00,0.0,33.95751031047148
2035-09-09 14:00:00,0.0,0.0
2035-09-09 15:00:00,0.0,0.0
2035-09-09 16:00:00,0.0,0.0
2035-09-09 17:00:00,0.0,0.0
2035-09-09 18:00:00,0.0,0.0
2035-09-09 19:00:00,0.0,0.0
2035-09-09 20:00:00,0.0,0.0
2035-09-09 21:00:00,0.0,0.0
2035-09-09 22:00:00,0.0,0.0
2035-09-09 23:00:00,0.0,0.0
2035-09-10 00:00:00,0.0,0.0
2035-09-10 01:00:00,0.0,0.0
2035-09-10 02:00:00,0.0,11.319170103490492
2035-09-10 03:00:00,0.0,72.1597094097519
2035-09-10 04:00:00,0.0,144.7910509071492
2035-09-10 05:00:00,0.0,189.12446714582032
2035-09-10 06:00:00,0.0,228.74156250803702
2035-09-10 07:00:00,0.0,249.49337436443625
2035-09-10 08:00:00,0.0,238.64583634859122
2035-09-10 09:00:00,0.0,224.96850580687354
2035-09-10 10:00:00,0.0,195.72731637285642
2035-09-10 11:00:00,0.0,142.43289046892204
2035-09-10 12:00:00,0.0,82.53561533795151
2035-09-10 13:00:00,0.0,20.751811856399232
2035-09-10 14:00:00,0.0,0.0
2035-09-10 15:00:00,0.0,0.0
2035-09-10 16:00:00,0.0,0.0
2035-09-10 17:00:00,0.0,0.0
2035-09-10 18:00:00,0.0,0.0
2035-09-10 19:00:00,0.0,0.0
2035-09-10 20:00:00,0.0,0.0
2035-09-10 21:00:00,0.0,0.0
2035-09-10 22:00:00,0.0,0.0
2035-09-10 23:00:00,0.0,0.0
2035-09-11 00:00:00,0.0,0.0
2035-09-11 01:00:00,0.0,0.0
2035-09-11 02:00:00,0.0,15.09222680465399
2035-09-11 03:00:00,0.0,98.09947423025093
2035-09-11 04:00:00,0.0,189.59609923346576
2035-09-11 05:00:00,0.0,265.0572332567357
2035-09-11 06:00:00,0.0,316.4651308100884
2035-09-11 07:00:00,0.0,341.933263542942
2035-09-11 08:00:00,0.0,340.51836728000563
2035-09-11 09:00:00,0.0,306.08922488188875
2035-09-11 10:00:00,0.0,240.53236469917297
2035-09-11 11:00:00,0.0,144.3194188195038
2035-09-11 12:00:00,0.0,62.72706765684315
2035-09-11 13:00:00,0.0,11.319170103490492
2035-09-11 14:00:00,0.0,0.0
2035-09-11 15:00:00,0.0,0.0
2035-09-11 16:00:00,0.0,0.0
2035-09-11 17:00:00,0.0,0.0
2035-09-11 18:00:00,0.0,0.0
2035-09-11 19:00:00,0.0,0.0
2035-09-11 20:00:00,0.0,0.0
2035-09-11 21:00:00,0.0,0.0
2035-09-11 22:00:00,0.0,0.0
2035-09-11 23:00:00,0.0,0.0
2035-09-12 00:00:00,0.0,0.0
2035-09-12 01:00:00,0.0,0.0
2035-09-12 02:00:00,0.0,16.97875515523574
2035-09-12 03:00:00,0.0,108.947012246096
2035-09-12 04:00:00,0.0,202.801797687538
2035-09-12 05:00:00,0.0,274.9615070972899
2035-09-12 06:00:00,0.0,322.12471586183364
2035-09-12 07:00:00,0.0,343.34815980587825
2035-09-12 08:00:00,0.0,339.10347101706935
2035-09-12 09:00:00,0.0,315.9934987224429
2035-09-12 10:00:00,0.0,268.8302899578992
2035-09-12 11:00:00,0.0,206.57485438870148
2035-09-12 12:00:00,0.0,118.37965399900474
2035-09-12 13:00:00,0.0,29.241189434017105
2035-09-12 14:00:00,0.0,0.0
2035-09-12 15:00:00,0.0,0.0
2035-09-12 16:00:00,0.0,0.0
2035-09-12 17:00:00,0.0,0.0
2035-09-12 18:00:00,0.0,0.0
2035-09-12 19:00:00,0.0,0.0
2035-09-12 20:00:00,0.0,0.0
2035-09-12 21:00:00,0.0,0.0
2035-09-12 22:00:00,0.0,0.0
2035-09-12 23:00:00,0.0,0.0
2035-09-13 00:00:00,0.0,0.0
2035-09-13 01:00:00,0.0,0.0
2035-09-13 02:00:00,0.0,11.79080219113593
2035-09-13 03:00:00,0.0,93.854785441442
2035-09-13 04:00:00,0.0,193.36915593462925
2035-09-13 05:00:00,0.0,268.35865787025375
2035-09-13 06:00:00,0.0,315.5218666347975
2035-09-13 07:00:00,0.0,336.2736784911967
2035-09-13 08:00:00,0.0,330.14246135180605
2035-09-13 09:00:00,0.0,289.5821018142984
2035-09-13 10:00:00,0.0,224.02524163158267
2035-09-13 11:00:00,0.0,153.75206057241252
2035-09-13 12:00:00,0.0,90.0817287402785
2035-09-13 13:00:00,0.0,29.241189434017105
2035-09-13 14:00:00,0.0,0.0
2035-09-13 15:00:00,0.0,0.0
2035-09-13 16:00:00,0.0,0.0
2035-09-13 17:00:00,0.0,0.0
2035-09-13 18:00:00,0.0,0.0
2035-09-13 19:00:00,0.0,0.0
2035-09-13 20:00:00,0.0,0.0
2035-09-13 21:00:00,0.0,0.0
2035-09-13 22:00:00,0.0,0.0
2035-09-13 23:00:00,0.0,0.0
2035-09-14 00:00:00,0.0,0.0
2035-09-14 01:00:00,0.0,0.0
2035-09-14 02:00:00,0.0,13.205698454072241
2035-09-14 03:00:00,0.0,93.38315335379656
2035-09-14 04:00:00,0.0,189.59609923346576
2035-09-14 05:00:00,0.0,264.5856011690903
2035-09-14 06:00:00,0.0,314.5786024595066
2035-09-14 07:00:00,0.0,341.933263542942
2035-09-14 08:00:00,0.0,346.6495844193963
2035-09-14 09:00:00,0.0,329.19919717651516
2035-09-14 10:00:00,0.0,287.6955734637167
2035-09-14 11:00:00,0.0,222.13871328100092
2035-09-14 12:00:00,0.0,132.52861662836784
2035-09-14 13:00:00,0.0,35.844038661053226
2035-09-14 14:00:00,0.0,0.0
2035-09-14 15:00:00,0.0,0.0
2035-09-14 16:00:00,0.0,0.0
2035-09-14 17:00:00,0.0,0.0
2035-09-14 18:00:00,0.0,0.0
2035-09-14 19:00:00,0.0,0.0
2035-09-14 20:00:00,0.0,0.0
2035-09-14 21:00:00,0.0,0.0
2035-09-14 22:00:00,0.0,0.0
2035-09-14 23:00:00,0.0,0.0
2035-09-15 00:00:00,0.0,0.0
2035-09-15 01:00:00,0.0,0.0
2035-09-15 02:00:00,0.0,8.017745489972432
2035-09-15 03:00:00,0.0,75.9327661109154
2035-09-15 04:00:00,0.0,155.63858892299427
2035-09-15 05:00:00,0.0,190.0677313211112
2035-09-15 06:00:00,0.0,223.08197745629178
2035-09-15 07:00:00,0.0,247.60684601385452
2035-09-15 08:00:00,0.0,246.1919497509182
2035-09-15 09:00:00,0.0,196.19894846050187
2035-09-15 10:00:00,0.0,132.0569845407224
2035-09-15 11:00:00,0.0,80.64908698736977
2035-09-15 12:00:00,0.0,42.44688788808935
2035-09-15 13:00:00,0.0,10.847538015845055
2035-09-15 14:00:00,0.0,0.0
2035-09-15 15:00:00,0.0,0.0
2035-09-15 16:00:00,0.0,0.0
2035-09-15 17:00:00,0.0,0.0
2035-09-15 18:00:00,0.0,0.0
2035-09-15 19:00:00,0.0,0.0
2035-09-15 20:00:00,0.0,0.0
2035-09-15 21:00:00,0.0,0.0
2035-09-15 22:00:00,0.0,0.0
2035-09-15 23:00:00,0.0,0.0
2035-09-16 00:00:00,0.0,0.0
2035-09-16 01:00:00,0.0,0.0
2035-09-16 02:00:00,0.0,11.79080219113593
2035-09-16 03:00:00,0.0,95.26968170437833
2035-09-16 04:00:00,0.0,191.9542596716929
2035-09-16 05:00:00,0.0,265.0572332567357
2035-09-16 06:00:00,0.0,315.9934987224429
2035-09-16 07:00:00,0.0,343.81979189352376
2035-09-16 08:00:00,0.0,348.0644806823326
2035-09-16 09:00:00,0.0,329.19919717651516
2035-09-16 10:00:00,0.0,287.6955734637167
2035-09-16 11:00:00,0.0,221.19544910571003
2035-09-16 12:00:00,0.0,132.52861662836784
2035-09-16 13:00:00,0.0,37.258934923989536
2035-09-16 14:00:00,0.0,0.0
2035-09-16 15:00:00,0.0,0.0
2035-09-16 16:00:00,0.0,0.0
2035-09-16 17:00:00,0.0,0.0
2035-09-16 18:00:00,0.0,0.0
2035-09-16 19:00:00,0.0,0.0
2035-09-16 20:00:00,0.0,0.0
2035-09-16 21:00:00,0.0,0.0
2035-09-16 22:00:00,0.0,0.0
2035-09-16 23:00:00,0.0,0.0
2035-09-17 00:00:00,0.0,0.0
2035-09-17 01:00:00,0.0,0.0
2035-09-17 02:00:00,0.0,13.677330541717678
2035-09-17 03:00:00,0.0,101.87253093141443
2035-09-17 04:00:00,0.0,199.02874098637446
2035-09-17 05:00:00,0.0,273.54661083435354
2035-09-17 06:00:00,0.0,324.48287630006075
2035-09-17 07:00:00,0.0,349.9510090329144
2035-09-17 08:00:00,0.0,352.3091694711416
2035-09-17 09:00:00,0.0,332.0289897023878
2035-09-17 10:00:00,0.0,289.110469726653
2035-09-17 11:00:00,0.0,222.61034536864636
2035-09-17 12:00:00,0.0,133.47188080365873
2035-09-17 13:00:00,0.0,37.258934923989536
2035-09-17 14:00:00,0.0,0.0
2035-09-17 15:00:00,0.0,0.0
2035-09-17 16:00:00,0.0,0.0
2035-09-17 17:00:00,0.0,0.0
2035-09-17 18:00:00,0.0,0.0
2035-09-17 19:00:00,0.0,0.0
2035-09-17 20:00:00,0.0,0.0
2035-09-17 21:00:00,0.0,0.0
2035-09-17 22:00:00,0.0,0.0
2035-09-17 23:00:00,0.0,0.0
2035-09-18 00:00:00,0.0,0.0
2035-09-18 01:00:00,0.0,0.0
2035-09-18 02:00:00,0.0,12.734066366426804
2035-09-18 03:00:00,0.0,99.04273840554181
2035-09-18 04:00:00,0.0,195.72731637285642
2035-09-18 05:00:00,0.0,266.0004974320266
2035-09-18 06:00:00,0.0,318.82329124831557
2035-09-18 07:00:00,0.0,344.76305606881454
2035-09-18 08:00:00,0.0,348.0644806823326
2035-09-18 09:00:00,0.0,327.7843009135788
2035-09-18 10:00:00,0.0,285.33741302548947
2035-09-18 11:00:00,0.0,219.3089207551283
2035-09-18 12:00:00,0.0,128.2839278395589
2035-09-18 13:00:00,0.0,34.900774485762355
2035-09-18 14:00:00,0.0,0.0
2035-09-18 15:00:00,0.0,0.0
2035-09-18 16:00:00,0.0,0.0
2035-09-18 17:00:00,0.0,0.0
2035-09-18 18:00:00,0.0,0.0
2035-09-18 19:00:00,0.0,0.0
2035-09-18 20:00:00,0.0,0.0
2035-09-18 21:00:00,0.0,0.0
2035-09-18 22:00:00,0.0,0.0
2035-09-18 23:00:00,0.0,0.0
2035-09-19 00:00:00,0.0,0.0
2035-09-19 01:00:00,0.0,0.0
2035-09-19 02:00:00,0.0,15.09222680465399
2035-09-19 03:00:00,0.0,105.64558763257794
2035-09-19 04:00:00,0.0,206.10322230105606
2035-09-19 05:00:00,0.0,279.20619588609884
2035-09-19 06:00:00,0.0,323.53961212477
2035-09-19 07:00:00,0.0,348.5361127699781
2035-09-19 08:00:00,0.0,350.8942732082053
2035-09-19 09:00:00,0.0,333.4438859653241
2035-09-19 10:00:00,0.0,290.99699807723476
2035-09-19 11:00:00,0.0,224.4968737192281
2035-09-19 12:00:00,0.0,135.35840915424046
2035-09-19 13:00:00,0.0,37.730567011634975
2035-09-19 14:00:00,0.0,0.0
2035-09-19 15:00:00,0.0,0.0
2035-09-19 16:00:00,0.0,0.0
2035-09-19 17:00:00,0.0,0.0
2035-09-19 18:00:00,0.0,0.0
2035-09-19 19:00:00,0.0,0.0
2035-09-19 20:00:00,0.0,0.0
2035-09-19 21:00:00,0.0,0.0
2035-09-19 22:00:00,0.0,0.0
2035-09-19 23:00:00,0.0,0.0
2035-09-20 00:00:00,0.0,0.0
2035-09-20 01:00:00,0.0,0.0
2035-09-20 02:00:00,0.0,14.148962629363115
2035-09-20 03:00:00,0.0,103.28742719435074
2035-09-20 04:00:00,0.0,204.68832603811973
2035-09-20 05:00:00,0.0,278.7345637984534
2035-09-20 06:00:00,0.0,328.25593300122426
2035-09-20 07:00:00,0.0,351.8375373834961
2035-09-20 08:00:00,0.0,353.7240657340779
2035-09-20 09:00:00,0.0,331.55735761474233
2035-09-20 10:00:00,0.0,289.110469726653
2035-09-20 11:00:00,0.0,222.61034536864636
2035-09-20 12:00:00,0.0,133.94351289130415
2035-09-20 13:00:00,0.0,36.7873028363441
2035-09-20 14:00:00,0.0,0.0
2035-09-20 15:00:00,0.0,0.0
2035-09-20 16:00:00,0.0,0.0
2035-09-20 17:00:00,0.0,0.0
2035-09-20 18:00:00,0.0,0.0
2035-09-20 19:00:00,0.0,0.0
2035-09-20 20:00:00,0.0,0.0
2035-09-20 21:00:00,0.0,0.0
2035-09-20 22:00:00,0.0,0.0
2035-09-20 23:00:00,0.0,0.0
2035-09-21 00:00:00,0.0,0.0
2035-09-21 01:00:00,0.0,0.0
2035-09-21 02:00:00,0.0,13.677330541717678
2035-09-21 03:00:00,0.0,105.1739555449325
2035-09-21 04:00:00,0.0,202.801797687538
2035-09-21 05:00:00,0.0,277.7912996231625
2035-09-21 06:00:00,0.0,323.06798003712447
2035-09-21 07:00:00,0.0,347.12121650704177
2035-09-21 08:00:00,0.0,348.0644806823326
2035-09-21 09:00:00,0.0,327.31266882593343
2035-09-21 10:00:00,0.0,284.8657809378441
2035-09-21 11:00:00,0.0,218.3656565798374
2035-09-21 12:00:00,0.0,130.17045619014067
2035-09-21 13:00:00,0.0,34.429142398116916
2035-09-21 14:00:00,0.0,0.0
2035-09-21 15:00:00,0.0,0.0
2035-09-21 16:00:00,0.0,0.0
2035-09-21 17:00:00,0.0,0.0
2035-09-21 18:00:00,0.0,0.0
2035-09-21 19:00:00,0.0,0.0
2035-09-21 20:00:00,0.0,0.0
2035-09-21 21:00:00,0.0,0.0
2035-09-21 22:00:00,0.0,0.0
2035-09-21 23:00:00,0.0,0.0
2035-09-22 00:00:00,0.0,0.0
2035-09-22 01:00:00,0.0,0.0
2035-09-22 02:00:00,0.0,13.205698454072241
2035-09-22 03:00:00,0.0,105.1739555449325
2035-09-22 04:00:00,0.0,202.33016559989255
2035-09-22 05:00:00,0.0,277.31966753551706
2035-09-22 06:00:00,0.0,326.3694046506425
2035-09-22 07:00:00,0.0,350.42264112055983
2035-09-22 08:00:00,0.0,352.780801558787
2035-09-22 09:00:00,0.0,329.6708292641606
2035-09-22 10:00:00,0.0,286.7523092884258
2035-09-22 11:00:00,0.0,219.78055284277374
2035-09-22 12:00:00,0.0,129.69882410249522
2035-09-22 13:00:00,0.0,33.48587822282604
2035-09-22 14:00:00,0.0,0.0
2035-09-22 15:00:00,0.0,0.0
2035-09-22 16:00:00,0.0,0.0
2035-09-22 17:00:00,0.0,0.0
2035-09-22 18:00:00,0.0,0.0
2035-09-22 19:00:00,0.0,0.0
2035-09-22 20:00:00,0.0,0.0
2035-09-22 21:00:00,0.0,0.0
2035-09-22 22:00:00,0.0,0.0
2035-09-22 23:00:00,0.0,0.0
2035-09-23 00:00:00,0.0,0.0
2035-09-23 01:00:00,0.0,0.0
2035-09-23 02:00:00,0.0,12.262434278781367
2035-09-23 03:00:00,0.0,99.51437049318723
2035-09-23 04:00:00,0.0,193.84078802227467
2035-09-23 05:00:00,0.0,267.8870257826083
2035-09-23 06:00:00,0.0,316.4651308100884
2035-09-23 07:00:00,0.0,341.4616314552965
2035-09-23 08:00:00,0.0,342.40489563058736
2035-09-23 09:00:00,0.0,322.12471586183364
2035-09-23 10:00:00,0.0,278.26293171080795
2035-09-23 11:00:00,0.0,208.46138273928324
2035-09-23 12:00:00,0.0,115.54986147313211
2035-09-23 13:00:00,0.0,25.939764820499043
2035-09-23 14:00:00,0.0,0.0
2035-09-23 15:00:00,0.0,0.0
2035-09-23 16:00:00,0.0,0.0
2035-09-23 17:00:00,0.0,0.0
2035-09-23 18:00:00,0.0,0.0
2035-09-23 19:00:00,0.0,0.0
2035-09-23 20:00:00,0.0,0.0
2035-09-23 21:00:00,0.0,0.0
2035-09-23 22:00:00,0.0,0.0
2035-09-23 23:00:00,0.0,0.0
2035-09-24 00:00:00,0.0,0.0
2035-09-24 01:00:00,0.0,0.0
2035-09-24 02:00:00,0.0,8.961009665263306
2035-09-24 03:00:00,0.0,78.29092654914258
2035-09-24 04:00:00,0.0,156.11022101063972
2035-09-24 05:00:00,0.0,208.46138273928324
2035-09-24 06:00:00,0.0,240.53236469917297
2035-09-24 07:00:00,0.0,264.11396908144485
2035-09-24 08:00:00,0.0,272.13171457141726
2035-09-24 09:00:00,0.0,261.2841765555722
2035-09-24 10:00:00,0.0,236.7593079980095
2035-09-24 11:00:00,0.0,196.67058054814729
2035-09-24 12:00:00,0.0,118.37965399900474
2035-09-24 13:00:00,0.0,30.18445360930798
2035-09-24 14:00:00,0.0,0.0
2035-09-24 15:00:00,0.0,0.0
2035-09-24 16:00:00,0.0,0.0
2035-09-24 17:00:00,0.0,0.0
2035-09-24 18:00:00,0.0,0.0
2035-09-24 19:00:00,0.0,0.0
2035-09-24 20:00:00,0.0,0.0
2035-09-24 21:00:00,0.0,0.0
2035-09-24 22:00:00,0.0,0.0
2035-09-24 23:00:00,0.0,0.0
2035-09-25 00:00:00,0.0,0.0
2035-09-25 01:00:00,0.0,0.0
2035-09-25 02:00:00,0.0,7.546113402326995
2035-09-25 03:00:00,0.0,78.762558636788
2035-09-25 04:00:00,0.0,174.0322403411663
2035-09-25 05:00:00,0.0,252.32316689030887
2035-09-25 06:00:00,0.0,313.16370619657033
2035-09-25 07:00:00,0.0,336.2736784911967
2035-09-25 08:00:00,0.0,338.16020684177846
2035-09-25 09:00:00,0.0,312.6920741089248
2035-09-25 10:00:00,0.0,269.30192204554464
2035-09-25 11:00:00,0.0,203.27342977518344
2035-09-25 12:00:00,0.0,114.60659729784123
2035-09-25 13:00:00,0.0,27.35466108343536
2035-09-25 14:00:00,0.0,0.0
2035-09-25 15:00:00,0.0,0.0
2035-09-25 16:00:00,0.0,0.0
2035-09-25 17:00:00,0.0,0.0
2035-09-25 18:00:00,0.0,0.0
2035-09-25 19:00:00,0.0,0.0
2035-09-25 20:00:00,0.0,0.0
2035-09-25 21:00:00,0.0,0.0
2035-09-25 22:00:00,0.0,0.0
2035-09-25 23:00:00,0.0,0.0
2035-09-26 00:00:00,0.0,0.0
2035-09-26 01:00:00,0.0,0.0
2035-09-26 02:00:00,0.0,7.074481314681558
2035-09-26 03:00:00,0.0,84.8937757761787
2035-09-26 04:00:00,0.0,185.82304253230225
2035-09-26 05:00:00,0.0,263.17070490615396
2035-09-26 06:00:00,0.0,315.050234547152
2035-09-26 07:00:00,0.0,342.40489563058736
2035-09-26 08:00:00,0.0,349.47937694526894
2035-09-26 09:00:00,0.0,332.0289897023878
2035-09-26 10:00:00,0.0,291.9402622525256
2035-09-26 11:00:00,0.0,225.44013789451895
2035-09-26 12:00:00,0.0,135.35840915424046
2035-09-26 13:00:00,0.0,35.844038661053226
2035-09-26 14:00:00,0.0,0.0
2035-09-26 15:00:00,0.0,0.0
2035-09-26 16:00:00,0.0,0.0
2035-09-26 17:00:00,0.0,0.0
2035-09-26 18:00:00,0.0,0.0
2035-09-26 19:00:00,0.0,0.0
2035-09-26 20:00:00,0.0,0.0
2035-09-26 21:00:00,0.0,0.0
2035-09-26 22:00:00,0.0,0.0
2035-09-26 23:00:00,0.0,0.0
2035-09-27 00:00:00,0.0,0.0
2035-09-27 01:00:00,0.0,0.0
2035-09-27 02:00:00,0.0,11.319170103490492
2035-09-27 03:00:00,0.0,101.400898843769
2035-09-27 04:00:00,0.0,198.08547681108362
2035-09-27 05:00:00,0.0,275.9047712725808
2035-09-27 06:00:00,0.0,324.95450838770626
2035-09-27 07:00:00,0.0,349.0077448576235
2035-09-27 08:00:00,0.0,349.47937694526894
2035-09-27 09:00:00,0.0,325.42614047535164
2035-09-27 10:00:00,0.0,274.018242921999
2035-09-27 11:00:00,0.0,193.36915593462925
2035-09-27 12:00:00,0.0,102.34416301905986
2035-09-27 13:00:00,0.0,24.524868557562733
2035-09-27 14:00:00,0.0,0.0
2035-09-27 15:00:00,0.0,0.0
2035-09-27 16:00:00,0.0,0.0
2035-09-27 17:00:00,0.0,0.0
2035-09-27 18:00:00,0.0,0.0
2035-09-27 19:00:00,0.0,0.0
2035-09-27 20:00:00,0.0,0.0
2035-09-27 21:00:00,0.0,0.0
2035-09-27 22:00:00,0.0,0.0
2035-09-27 23:00:00,0.0,0.0
2035-09-28 00:00:00,0.0,0.0
2035-09-28 01:00:00,0.0,0.0
2035-09-28 02:00:00,0.0,6.602849227036121
2035-09-28 03:00:00,0.0,75.9327661109154
2035-09-28 04:00:00,0.0,184.40814626936594
2035-09-28 05:00:00,0.0,266.0004974320266
2035-09-28 06:00:00,0.0,317.4083949853793
2035-09-28 07:00:00,0.0,341.933263542942
2035-09-28 08:00:00,0.0,344.29142398116915
2035-09-28 09:00:00,0.0,325.42614047535164
2035-09-28 10:00:00,0.0,286.28067720078036
2035-09-28 11:00:00,0.0,223.08197745629178
2035-09-28 12:00:00,0.0,134.88677706659504
2035-09-28 13:00:00,0.0,35.37240657340779
2035-09-28 14:00:00,0.0,0.0
2035-09-28 15:00:00,0.0,0.0
2035-09-28 16:00:00,0.0,0.0
2035-09-28 17:00:00,0.0,0.0
2035-09-28 18:00:00,0.0,0.0
2035-09-28 19:00:00,0.0,0.0
2035-09-28 20:00:00,0.0,0.0
2035-09-28 21:00:00,0.0,0.0
2035-09-28 22:00:00,0.0,0.0
2035-09-28 23:00:00,0.0,0.0
2035-09-29 00:00:00,0.0,0.0
2035-09-29 01:00:00,0.0,0.0
2035-09-29 02:00:00,0.0,11.319170103490492
2035-09-29 03:00:00,0.0,103.28742719435074
2035-09-29 04:00:00,0.0,199.97200516166535
2035-09-29 05:00:00,0.0,274.018242921999
2035-09-29 06:00:00,0.0,322.12471586183364
2035-09-29 07:00:00,0.0,346.6495844193963
2035-09-29 08:00:00,0.0,349.0077448576235
2035-09-29 09:00:00,0.0,330.61409343945144
2035-09-29 10:00:00,0.0,287.6955734637167
2035-09-29 11:00:00,0.0,219.78055284277374
2035-09-29 12:00:00,0.0,129.69882410249522
2035-09-29 13:00:00,0.0,32.07098195988973
2035-09-29 14:00:00,0.0,0.0
2035-09-29 15:00:00,0.0,0.0
2035-09-29 16:00:00,0.0,0.0
2035-09-29 17:00:00,0.0,0.0
2035-09-29 18:00:00,0.0,0.0
2035-09-29 19:00:00,0.0,0.0
2035-09-29 20:00:00,0.0,0.0
2035-09-29 21:00:00,0.0,0.0
2035-09-29 22:00:00,0.0,0.0
2035-09-29 23:00:00,0.0,0.0
2035-09-30 00:00:00,0.0,0.0
2035-09-30 01:00:00,0.0,0.0
2035-09-30 02:00:00,0.0,8.961009665263306
2035-09-30 03:00:00,0.0,95.26968170437833
2035-09-30 04:00:00,0.0,194.78405219756553
2035-09-30 05:00:00,0.0,270.2451862208355
2035-09-30 06:00:00,0.0,318.82329124831557
2035-09-30 07:00:00,0.0,343.81979189352376
2035-09-30 08:00:00,0.0,346.17795233175093
2035-09-30 09:00:00,0.0,326.3694046506425
2035-09-30 10:00:00,0.0,283.9225167625532
2035-09-30 11:00:00,0.0,216.9507603169011
2035-09-30 12:00:00,0.0,126.8690315766226
2035-09-30 13:00:00,0.0,30.65608569695342
2035-09-30 14:00:00,0.0,0.0
2035-09-30 15:00:00,0.0,0.0
2035-09-30 16:00:00,0.0,0.0
2035-09-30 17:00:00,0.0,0.0
2035-09-30 18:00:00,0.0,0.0
2035-09-30 19:00:00,0.0,0.0
2035-09-30 20:00:00,0.0,0.0
2035-09-30 21:00:00,0.0,0.0
2035-09-30 22:00:00,0.0,0.0
2035-09-30 23:00:00,0.0,0.0
2035-10-01 00:00:00,0.0,0.0
2035-10-01 01:00:00,0.0,0.0
2035-10-01 02:00:00,0.0,9.432641752908744
2035-10-01 03:00:00,0.0,97.62784214260549
2035-10-01 04:00:00,0.0,195.25568428521098
2035-10-01 05:00:00,0.0,270.2451862208355
2035-10-01 06:00:00,0.0,318.82329124831557
2035-10-01 07:00:00,0.0,343.34815980587825
2035-10-01 08:00:00,0.0,345.7063202441054
2035-10-01 09:00:00,0.0,324.95450838770626
2035-10-01 10:00:00,0.0,281.09272423668057
2035-10-01 11:00:00,0.0,212.70607152809217
2035-10-01 12:00:00,0.0,121.6810786125228
2035-10-01 13:00:00,0.0,27.35466108343536
2035-10-01 14:00:00,0.0,0.0
2035-10-01 15:00:00,0.0,0.0
2035-10-01 16:00:00,0.0,0.0
2035-10-01 17:00:00,0.0,0.0
2035-10-01 18:00:00,0.0,0.0
2035-10-01 19:00:00,0.0,0.0
2035-10-01 20:00:00,0.0,0.0
2035-10-01 21:00:00,0.0,0.0
2035-10-01 22:00:00,0.0,0.0
2035-10-01 23:00:00,0.0,0.0
2035-10-02 00:00:00,0.0,0.0
2035-10-02 01:00:00,0.0,0.0
2035-10-02 02:00:00,0.0,7.546113402326995
2035-10-02 03:00:00,0.0,91.49662500321482
2035-10-02 04:00:00,0.0,189.59609923346576
2035-10-02 05:00:00,0.0,266.0004974320266
2035-10-02 06:00:00,0.0,317.4083949853793
2035-10-02 07:00:00,0.0,342.40489563058736
2035-10-02 08:00:00,0.0,344.76305606881454
2035-10-02 09:00:00,0.0,325.42614047535164
2035-10-02 10:00:00,0.0,282.0359884119714
2035-10-02 11:00:00,0.0,213.64933570338303
2035-10-02 12:00:00,0.0,122.62434278781367
2035-10-02 13:00:00,0.0,27.35466108343536
2035-10-02 14:00:00,0.0,0.0
2035-10-02 15:00:00,0.0,0.0
2035-10-02 16:00:00,0.0,0.0
2035-10-02 17:00:00,0.0,0.0
2035-10-02 18:00:00,0.0,0.0
2035-10-02 19:00:00,0.0,0.0
2035-10-02 20:00:00,0.0,0.0
2035-10-02 21:00:00,0.0,0.0
2035-10-02 22:00:00,0.0,0.0
2035-10-02 23:00:00,0.0,0.0
2035-10-03 00:00:00,0.0,0.0
2035-10-03 01:00:00,0.0,0.0
2035-10-03 02:00:00,0.0,8.48937757761787
2035-10-03 03:00:00,0.0,94.79804961673288
2035-10-03 04:00:00,0.0,192.42589175933836
2035-10-03 05:00:00,0.0,267.8870257826083
2035-10-03 06:00:00,0.0,318.3516591606701
2035-10-03 07:00:00,0.0,342.40489563058736
2035-10-03 08:00:00,0.0,344.29142398116915
2035-10-03 09:00:00,0.0,322.5963479494791
2035-10-03 10:00:00,0.0,277.7912996231625
2035-10-03 11:00:00,0.0,208.46138273928324
2035-10-03 12:00:00,0.0,117.43638982371385
2035-10-03 13:00:00,0.0,24.99650064520817
2035-10-03 14:00:00,0.0,0.0
2035-10-03 15:00:00,0.0,0.0
2035-10-03 16:00:00,0.0,0.0
2035-10-03 17:00:00,0.0,0.0
2035-10-03 18:00:00,0.0,0.0
2035-10-03 19:00:00,0.0,0.0
2035-10-03 20:00:00,0.0,0.0
2035-10-03 21:00:00,0.0,0.0
2035-10-03 22:00:00,0.0,0.0
2035-10-03 23:00:00,0.0,0.0
2035-10-04 00:00:00,0.0,0.0
2035-10-04 01:00:00,0.0,0.0
2035-10-04 02:00:00,0.0,7.546113402326995
2035-10-04 03:00:00,0.0,91.96825709086025
2035-10-04 04:00:00,0.0,189.12446714582032
2035-10-04 05:00:00,0.0,264.5856011690903
2035-10-04 06:00:00,0.0,315.050234547152
2035-10-04 07:00:00,0.0,339.5751031047148
2035-10-04 08:00:00,0.0,341.4616314552965
2035-10-04 09:00:00,0.0,320.7098195988973
2035-10-04 10:00:00,0.0,275.9047712725808
2035-10-04 11:00:00,0.0,206.57485438870148
2035-10-04 12:00:00,0.0,115.07822938548667
2035-10-04 13:00:00,0.0,23.109972294626424
2035-10-04 14:00:00,0.0,0.0
2035-10-04 15:00:00,0.0,0.0
2035-10-04 16:00:00,0.0,0.0
2035-10-04 17:00:00,0.0,0.0
2035-10-04 18:00:00,0.0,0.0
2035-10-04 19:00:00,0.0,0.0
2035-10-04 20:00:00,0.0,0.0
2035-10-04 21:00:00,0.0,0.0
2035-10-04 22:00:00,0.0,0.0
2035-10-04 23:00:00,0.0,0.0
2035-10-05 00:00:00,0.0,0.0
2035-10-05 01:00:00,0.0,0.0
2035-10-05 02:00:00,0.0,6.131217139390683
2035-10-05 03:00:00,0.0,83.00724742559693
2035-10-05 04:00:00,0.0,184.8797783570114
2035-10-05 05:00:00,0.0,262.2274407308631
2035-10-05 06:00:00,0.0,317.8800270730247
2035-10-05 07:00:00,0.0,343.81979189352376
2035-10-05 08:00:00,0.0,345.7063202441054
2035-10-05 09:00:00,0.0,325.42614047535164
2035-10-05 10:00:00,0.0,280.1494600613897
2035-10-05 11:00:00,0.0,205.63159021341062
2035-10-05 12:00:00,0.0,111.30517268432318
2035-10-05 13:00:00,0.0,20.280179768753797
2035-10-05 14:00:00,0.0,0.0
2035-10-05 15:00:00,0.0,0.0
2035-10-05 16:00:00,0.0,0.0
2035-10-05 17:00:00,0.0,0.0
2035-10-05 18:00:00,0.0,0.0
2035-10-05 19:00:00,0.0,0.0
2035-10-05 20:00:00,0.0,0.0
2035-10-05 21:00:00,0.0,0.0
2035-10-05 22:00:00,0.0,0.0
2035-10-05 23:00:00,0.0,0.0
2035-10-06 00:00:00,0.0,0.0
2035-10-06 01:00:00,0.0,0.0
2035-10-06 02:00:00,0.0,4.716320876454372
2035-10-06 03:00:00,0.0,77.3476623738517
2035-10-06 04:00:00,0.0,178.74856121762068
2035-10-06 05:00:00,0.0,265.52886534438113
2035-10-06 06:00:00,0.0,316.9367628977338
2035-10-06 07:00:00,0.0,339.5751031047148
2035-10-06 08:00:00,0.0,340.51836728000563
2035-10-06 09:00:00,0.0,321.18145168654274
2035-10-06 10:00:00,0.0,276.84803544787167
2035-10-06 11:00:00,0.0,208.46138273928324
2035-10-06 12:00:00,0.0,115.07822938548667
2035-10-06 13:00:00,0.0,23.109972294626424
2035-10-06 14:00:00,0.0,0.0
2035-10-06 15:00:00,0.0,0.0
2035-10-06 16:00:00,0.0,0.0
2035-10-06 17:00:00,0.0,0.0
2035-10-06 18:00:00,0.0,0.0
2035-10-06 19:00:00,0.0,0.0
2035-10-06 20:00:00,0.0,0.0
2035-10-06 21:00:00,0.0,0.0
2035-10-06 22:00:00,0.0,0.0
2035-10-06 23:00:00,0.0,0.0
2035-10-07 00:00:00,0.0,0.0
2035-10-07 01:00:00,0.0,0.0
2035-10-07 02:00:00,0.0,5.187952964099809
2035-10-07 03:00:00,0.0,77.81929446149714
2035-10-07 04:00:00,0.0,186.2946746199477
2035-10-07 05:00:00,0.0,263.17070490615396
2035-10-07 06:00:00,0.0,315.9934987224429
2035-10-07 07:00:00,0.0,344.76305606881454
2035-10-07 08:00:00,0.0,349.0077448576235
2035-10-07 09:00:00,0.0,328.72756508886965
2035-10-07 10:00:00,0.0,286.28067720078036
2035-10-07 11:00:00,0.0,218.3656565798374
2035-10-07 12:00:00,0.0,124.98250322604085
2035-10-07 13:00:00,0.0,25.939764820499043
2035-10-07 14:00:00,0.0,0.0
2035-10-07 15:00:00,0.0,0.0
2035-10-07 16:00:00,0.0,0.0
2035-10-07 17:00:00,0.0,0.0
2035-10-07 18:00:00,0.0,0.0
2035-10-07 19:00:00,0.0,0.0
2035-10-07 20:00:00,0.0,0.0
2035-10-07 21:00:00,0.0,0.0
2035-10-07 22:00:00,0.0,0.0
2035-10-07 23:00:00,0.0,0.0
2035-10-08 00:00:00,0.0,0.0
2035-10-08 01:00:00,0.0,0.0
2035-10-08 02:00:00,0.0,6.131217139390683
2035-10-08 03:00:00,0.0,91.02499291556938
2035-10-08 04:00:00,0.0,186.2946746199477
2035-10-08 05:00:00,0.0,268.8302899578992
2035-10-08 06:00:00,0.0,321.6530837741882
2035-10-08 07:00:00,0.0,347.5928485946872
2035-10-08 08:00:00,0.0,350.42264112055983
2035-10-08 09:00:00,0.0,329.6708292641606
2035-10-08 10:00:00,0.0,286.28067720078036
2035-10-08 11:00:00,0.0,218.83728866748285
2035-10-08 12:00:00,0.0,127.8122957519135
2035-10-08 13:00:00,0.0,26.88302899578992
2035-10-08 14:00:00,0.0,0.0
2035-10-08 15:00:00,0.0,0.0
2035-10-08 16:00:00,0.0,0.0
2035-10-08 17:00:00,0.0,0.0
2035-10-08 18:00:00,0.0,0.0
2035-10-08 19:00:00,0.0,0.0
2035-10-08 20:00:00,0.0,0.0
2035-10-08 21:00:00,0.0,0.0
2035-10-08 22:00:00,0.0,0.0
2035-10-08 23:00:00,0.0,0.0
2035-10-09 00:00:00,0.0,0.0
2035-10-09 01:00:00,0.0,0.0
2035-10-09 02:00:00,0.0,8.017745489972432
2035-10-09 03:00:00,0.0,99.98600258083268
2035-10-09 04:00:00,0.0,200.4436372493108
2035-10-09 05:00:00,0.0,275.9047712725808
2035-10-09 06:00:00,0.0,324.95450838770626
2035-10-09 07:00:00,0.0,349.47937694526894
2035-10-09 08:00:00,0.0,352.3091694711416
2035-10-09 09:00:00,0.0,332.9722538776786
2035-10-09 10:00:00,0.0,290.5253659895893
2035-10-09 11:00:00,0.0,224.02524163158267
2035-10-09 12:00:00,0.0,133.00024871601326
2035-10-09 13:00:00,0.0,29.241189434017105
2035-10-09 14:00:00,0.0,0.0
2035-10-09 15:00:00,0.0,0.0
2035-10-09 16:00:00,0.0,0.0
2035-10-09 17:00:00,0.0,0.0
2035-10-09 18:00:00,0.0,0.0
2035-10-09 19:00:00,0.0,0.0
2035-10-09 20:00:00,0.0,0.0
2035-10-09 21:00:00,0.0,0.0
2035-10-09 22:00:00,0.0,0.0
2035-10-09 23:00:00,0.0,0.0
2035-10-10 00:00:00,0.0,0.0
2035-10-10 01:00:00,0.0,0.0
2035-10-10 02:00:00,0.0,8.017745489972432
2035-10-10 03:00:00,0.0,101.87253093141443
2035-10-10 04:00:00,0.0,203.27342977518344
2035-10-10 05:00:00,0.0,278.7345637984534
2035-10-10 06:00:00,0.0,327.31266882593343
2035-10-10 07:00:00,0.0,351.8375373834961
2035-10-10 08:00:00,0.0,353.7240657340779
2035-10-10 09:00:00,0.0,334.387150140615
2035-10-10 10:00:00,0.0,291.9402622525256
2035-10-10 11:00:00,0.0,224.96850580687354
2035-10-10 12:00:00,0.0,133.47188080365873
2035-10-10 13:00:00,0.0,28.29792525872623
2035-10-10 14:00:00,0.0,0.0
2035-10-10 15:00:00,0.0,0.0
2035-10-10 16:00:00,0.0,0.0
2035-10-10 17:00:00,0.0,0.0
2035-10-10 18:00:00,0.0,0.0
2035-10-10 19:00:00,0.0,0.0
2035-10-10 20:00:00,0.0,0.0
2035-10-10 21:00:00,0.0,0.0
2035-10-10 22:00:00,0.0,0.0
2035-10-10 23:00:00,0.0,0.0
2035-10-11 00:00:00,0.0,0.0
2035-10-11 01:00:00,0.0,0.0
2035-10-11 02:00:00,0.0,5.187952964099809
2035-10-11 03:00:00,0.0,87.72356830205132
2035-10-11 04:00:00,0.0,191.01099549640205
2035-10-11 05:00:00,0.0,270.7168183084809
2035-10-11 06:00:00,0.0,321.6530837741882
2035-10-11 07:00:00,0.0,347.5928485946872
2035-10-11 08:00:00,0.0,350.8942732082053
2035-10-11 09:00:00,0.0,330.14246135180605
2035-10-11 10:00:00,0.0,285.33741302548947
2035-10-11 11:00:00,0.0,216.0074961416102
2035-10-11 12:00:00,0.0,124.03923905074998
2035-10-11 13:00:00,0.0,24.524868557562733
2035-10-11 14:00:00,0.0,0.0
2035-10-11 15:00:00,0.0,0.0
2035-10-11 16:00:00,0.0,0.0
2035-10-11 17:00:00,0.0,0.0
2035-10-11 18:00:00,0.0,0.0
2035-10-11 19:00:00,0.0,0.0
2035-10-11 20:00:00,0.0,0.0
2035-10-11 21:00:00,0.0,0.0
2035-10-11 22:00:00,0.0,0.0
2035-10-11 23:00:00,0.0,0.0
2035-10-12 00:00:00,0.0,0.0
2035-10-12 01:00:00,0.0,0.0
2035-10-12 02:00:00,0.0,5.187952964099809
2035-10-12 03:00:00,0.0,90.0817287402785
2035-10-12 04:00:00,0.0,191.01099549640205
2035-10-12 05:00:00,0.0,268.8302899578992
2035-10-12 06:00:00,0.0,319.29492333596096
2035-10-12 07:00:00,0.0,344.29142398116915
2035-10-12 08:00:00,0.0,346.17795233175093
2035-10-12 09:00:00,0.0,326.3694046506425
2035-10-12 10:00:00,0.0,282.50762049961685
2035-10-12 11:00:00,0.0,214.59259987867392
2035-10-12 12:00:00,0.0,122.62434278781367
2035-10-12 13:00:00,0.0,22.638340206980985
2035-10-12 14:00:00,0.0,0.0
2035-10-12 15:00:00,0.0,0.0
2035-10-12 16:00:00,0.0,0.0
2035-10-12 17:00:00,0.0,0.0
2035-10-12 18:00:00,0.0,0.0
2035-10-12 19:00:00,0.0,0.0
2035-10-12 20:00:00,0.0,0.0
2035-10-12 21:00:00,0.0,0.0
2035-10-12 22:00:00,0.0,0.0
2035-10-12 23:00:00,0.0,0.0
2035-10-13 00:00:00,0.0,0.0
2035-10-13 01:00:00,0.0,0.0
2035-10-13 02:00:00,0.0,5.659585051745246
2035-10-13 03:00:00,0.0,93.854785441442
2035-10-13 04:00:00,0.0,196.19894846050187
2035-10-13 05:00:00,0.0,274.018242921999
2035-10-13 06:00:00,0.0,321.6530837741882
2035-10-13 07:00:00,0.0,349.0077448576235
2035-10-13 08:00:00,0.0,351.8375373834961
2035-10-13 09:00:00,0.0,331.0857255270968
2035-10-13 10:00:00,0.0,287.22394137607125
2035-10-13 11:00:00,0.0,217.894024492192
2035-10-13 12:00:00,0.0,124.5108711383954
2035-10-13 13:00:00,0.0,22.638340206980985
2035-10-13 14:00:00,0.0,0.0
2035-10-13 15:00:00,0.0,0.0
2035-10-13 16:00:00,0.0,0.0
2035-10-13 17:00:00,0.0,0.0
2035-10-13 18:00:00,0.0,0.0
2035-10-13 19:00:00,0.0,0.0
2035-10-13 20:00:00,0.0,0.0
2035-10-13 21:00:00,0.0,0.0
2035-10-13 22:00:00,0.0,0.0
2035-10-13 23:00:00,0.0,0.0
2035-10-14 00:00:00,0.0,0.0
2035-10-14 01:00:00,0.0,0.0
2035-10-14 02:00:00,0.0,1.4148962629363115
2035-10-14 03:00:00,0.0,58.01074678038878
2035-10-14 04:00:00,0.0,141.9612583812766
2035-10-14 05:00:00,0.0,221.19544910571003
2035-10-14 06:00:00,0.0,271.18845039612637
2035-10-14 07:00:00,0.0,299.4863756548526
2035-10-14 08:00:00,0.0,315.5218666347975
2035-10-14 09:00:00,0.0,304.20269653130697
2035-10-14 10:00:00,0.0,266.94376160731747
2035-10-14 11:00:00,0.0,205.63159021341062
2035-10-14 12:00:00,0.0,120.26618234958649
2035-10-14 13:00:00,0.0,20.280179768753797
2035-10-14 14:00:00,0.0,0.0
2035-10-14 15:00:00,0.0,0.0
2035-10-14 16:00:00,0.0,0.0
2035-10-14 17:00:00,0.0,0.0
2035-10-14 18:00:00,0.0,0.0
2035-10-14 19:00:00,0.0,0.0
2035-10-14 20:00:00,0.0,0.0
2035-10-14 21:00:00,0.0,0.0
2035-10-14 22:00:00,0.0,0.0
2035-10-14 23:00:00,0.0,0.0
2035-10-15 00:00:00,0.0,0.0
2035-10-15 01:00:00,0.0,0.0
2035-10-15 02:00:00,0.0,5.187952964099809
2035-10-15 03:00:00,0.0,90.55336082792394
2035-10-15 04:00:00,0.0,188.65283505817487
2035-10-15 05:00:00,0.0,272.13171457141726
2035-10-15 06:00:00,0.0,322.12471586183364
2035-10-15 07:00:00,0.0,348.0644806823326
2035-10-15 08:00:00,0.0,348.5361127699781
2035-10-15 09:00:00,0.0,329.19919717651516
2035-10-15 10:00:00,0.0,286.28067720078036
2035-10-15 11:00:00,0.0,219.78055284277374
2035-10-15 12:00:00,0.0,128.2839278395589
2035-10-15 13:00:00,0.0,23.58160438227186
2035-10-15 14:00:00,0.0,0.0
2035-10-15 15:00:00,0.0,0.0
2035-10-15 16:00:00,0.0,0.0
2035-10-15 17:00:00,0.0,0.0
2035-10-15 18:00:00,0.0,0.0
2035-10-15 19:00:00,0.0,0.0
2035-10-15 20:00:00,0.0,0.0
2035-10-15 21:00:00,0.0,0.0
2035-10-15 22:00:00,0.0,0.0
2035-10-15 23:00:00,0.0,0.0
2035-10-16 00:00:00,0.0,0.0
2035-10-16 01:00:00,0.0,0.0
2035-10-16 02:00:00,0.0,4.716320876454372
2035-10-16 03:00:00,0.0,91.49662500321482
2035-10-16 04:00:00,0.0,191.9542596716929
2035-10-16 05:00:00,0.0,267.8870257826083
2035-10-16 06:00:00,0.0,315.5218666347975
2035-10-16 07:00:00,0.0,341.933263542942
2035-10-16 08:00:00,0.0,345.7063202441054
2035-10-16 09:00:00,0.0,326.3694046506425
2035-10-16 10:00:00,0.0,283.45088467490774
2035-10-16 11:00:00,0.0,216.0074961416102
2035-10-16 12:00:00,0.0,124.5108711383954
2035-10-16 13:00:00,0.0,21.69507603169011
2035-10-16 14:00:00,0.0,0.0
2035-10-16 15:00:00,0.0,0.0
2035-10-16 16:00:00,0.0,0.0
2035-10-16 17:00:00,0.0,0.0
2035-10-16 18:00:00,0.0,0.0
2035-10-16 19:00:00,0.0,0.0
2035-10-16 20:00:00,0.0,0.0
2035-10-16 21:00:00,0.0,0.0
2035-10-16 22:00:00,0.0,0.0
2035-10-16 23:00:00,0.0,0.0
2035-10-17 00:00:00,0.0,0.0
2035-10-17 01:00:00,0.0,0.0
2035-10-17 02:00:00,0.0,4.716320876454372
2035-10-17 03:00:00,0.0,94.32641752908744
2035-10-17 04:00:00,0.0,197.61384472343818
2035-10-17 05:00:00,0.0,274.48987500964444
2035-10-17 06:00:00,0.0,326.3694046506425
2035-10-17 07:00:00,0.0,351.8375373834961
2035-10-17 08:00:00,0.0,354.6673299093688
2035-10-17 09:00:00,0.0,332.9722538776786
2035-10-17 10:00:00,0.0,289.110469726653
2035-10-17 11:00:00,0.0,219.78055284277374
2035-10-17 12:00:00,0.0,125.92576740133171
2035-10-17 13:00:00,0.0,21.69507603169011
2035-10-17 14:00:00,0.0,0.0
2035-10-17 15:00:00,0.0,0.0
2035-10-17 16:00:00,0.0,0.0
2035-10-17 17:00:00,0.0,0.0
2035-10-17 18:00:00,0.0,0.0
2035-10-17 19:00:00,0.0,0.0
2035-10-17 20:00:00,0.0,0.0
2035-10-17 21:00:00,0.0,0.0
2035-10-17 22:00:00,0.0,0.0
2035-10-17 23:00:00,0.0,0.0
2035-10-18 00:00:00,0.0,0.0
2035-10-18 01:00:00,0.0,0.0
2035-10-18 02:00:00,0.0,5.187952964099809
2035-10-18 03:00:00,0.0,96.68457796731462
2035-10-18 04:00:00,0.0,199.02874098637446
2035-10-18 05:00:00,0.0,276.3764033602262
2035-10-18 06:00:00,0.0,325.8977725629971
2035-10-18 07:00:00,0.0,351.3659052958507
2035-10-18 08:00:00,0.0,354.1956978217233
2035-10-18 09:00:00,0.0,334.387150140615
2035-10-18 10:00:00,0.0,291.9402622525256
2035-10-18 11:00:00,0.0,224.02524163158267
2035-10-18 12:00:00,0.0,131.58535245307698
2035-10-18 13:00:00,0.0,23.58160438227186
2035-10-18 14:00:00,0.0,0.0
2035-10-18 15:00:00,0.0,0.0
2035-10-18 16:00:00,0.0,0.0
2035-10-18 17:00:00,0.0,0.0
2035-10-18 18:00:00,0.0,0.0
2035-10-18 19:00:00,0.0,0.0
2035-10-18 20:00:00,0.0,0.0
2035-10-18 21:00:00,0.0,0.0
2035-10-18 22:00:00,0.0,0.0
2035-10-18 23:00:00,0.0,0.0
2035-10-19 00:00:00,0.0,0.0
2035-10-19 01:00:00,0.0,0.0
2035-10-19 02:00:00,0.0,4.716320876454372
2035-10-19 03:00:00,0.0,96.21294587966918
2035-10-19 04:00:00,0.0,198.55710889872907
2035-10-19 05:00:00,0.0,274.9615070972899
2035-10-19 06:00:00,0.0,321.18145168654274
2035-10-19 07:00:00,0.0,347.5928485946872
2035-10-19 08:00:00,0.0,351.3659052958507
2035-10-19 09:00:00,0.0,330.61409343945144
2035-10-19 10:00:00,0.0,288.16720555136214
2035-10-19 11:00:00,0.0,220.2521849304192
2035-10-19 12:00:00,0.0,128.2839278395589
2035-10-19 13:00:00,0.0,22.16670811933555
2035-10-19 14:00:00,0.0,0.0
2035-10-19 15:00:00,0.0,0.0
2035-10-19 16:00:00,0.0,0.0
2035-10-19 17:00:00,0.0,0.0
2035-10-19 18:00:00,0.0,0.0
2035-10-19 19:00:00,0.0,0.0
2035-10-19 20:00:00,0.0,0.0
2035-10-19 21:00:00,0.0,0.0
2035-10-19 22:00:00,0.0,0.0
2035-10-19 23:00:00,0.0,0.0
2035-10-20 00:00:00,0.0,0.0
2035-10-20 01:00:00,0.0,0.0
2035-10-20 02:00:00,0.0,4.716320876454372
2035-10-20 03:00:00,0.0,95.74131379202375
2035-10-20 04:00:00,0.0,198.55710889872907
2035-10-20 05:00:00,0.0,275.4331391849353
2035-10-20 06:00:00,0.0,323.06798003712447
2035-10-20 07:00:00,0.0,348.5361127699781
2035-10-20 08:00:00,0.0,351.3659052958507
2035-10-20 09:00:00,0.0,331.55735761474233
2035-10-20 10:00:00,0.0,288.16720555136214
2035-10-20 11:00:00,0.0,220.2521849304192
2035-10-20 12:00:00,0.0,127.34066366426805
2035-10-20 13:00:00,0.0,20.751811856399232
2035-10-20 14:00:00,0.0,0.0
2035-10-20 15:00:00,0.0,0.0
2035-10-20 16:00:00,0.0,0.0
2035-10-20 17:00:00,0.0,0.0
2035-10-20 18:00:00,0.0,0.0
2035-10-20 19:00:00,0.0,0.0
2035-10-20 20:00:00,0.0,0.0
2035-10-20 21:00:00,0.0,0.0
2035-10-20 22:00:00,0.0,0.0
2035-10-20 23:00:00,0.0,0.0
2035-10-21 00:00:00,0.0,0.0
2035-10-21 01:00:00,0.0,0.0
2035-10-21 02:00:00,0.0,2.829792525872623
2035-10-21 03:00:00,0.0,84.42214368853325
2035-10-21 04:00:00,0.0,186.76630670759312
2035-10-21 05:00:00,0.0,266.0004974320266
2035-10-21 06:00:00,0.0,318.82329124831557
2035-10-21 07:00:00,0.0,344.76305606881454
2035-10-21 08:00:00,0.0,348.0644806823326
2035-10-21 09:00:00,0.0,329.19919717651516
2035-10-21 10:00:00,0.0,286.7523092884258
2035-10-21 11:00:00,0.0,218.3656565798374
2035-10-21 12:00:00,0.0,125.4541353136863
2035-10-21 13:00:00,0.0,19.80854768110836
2035-10-21 14:00:00,0.0,0.0
2035-10-21 15:00:00,0.0,0.0
2035-10-21 16:00:00,0.0,0.0
2035-10-21 17:00:00,0.0,0.0
2035-10-21 18:00:00,0.0,0.0
2035-10-21 19:00:00,0.0,0.0
2035-10-21 20:00:00,0.0,0.0
2035-10-21 21:00:00,0.0,0.0
2035-10-21 22:00:00,0.0,0.0
2035-10-21 23:00:00,0.0,0.0
2035-10-22 00:00:00,0.0,0.0
2035-10-22 01:00:00,0.0,0.0
2035-10-22 02:00:00,0.0,2.829792525872623
2035-10-22 03:00:00,0.0,83.95051160088782
2035-10-22 04:00:00,0.0,188.18120297052945
2035-10-22 05:00:00,0.0,268.35865787025375
2035-10-22 06:00:00,0.0,317.4083949853793
2035-10-22 07:00:00,0.0,344.76305606881454
2035-10-22 08:00:00,0.0,348.5361127699781
2035-10-22 09:00:00,0.0,328.72756508886965
2035-10-22 10:00:00,0.0,286.28067720078036
2035-10-22 11:00:00,0.0,217.894024492192
2035-10-22 12:00:00,0.0,124.5108711383954
2035-10-22 13:00:00,0.0,18.865283505817487
2035-10-22 14:00:00,0.0,0.0
2035-10-22 15:00:00,0.0,0.0
2035-10-22 16:00:00,0.0,0.0
2035-10-22 17:00:00,0.0,0.0
2035-10-22 18:00:00,0.0,0.0
2035-10-22 19:00:00,0.0,0.0
2035-10-22 20:00:00,0.0,0.0
2035-10-22 21:00:00,0.0,0.0
2035-10-22 22:00:00,0.0,0.0
2035-10-22 23:00:00,0.0,0.0
2035-10-23 00:00:00,0.0,0.0
2035-10-23 01:00:00,0.0,0.0
2035-10-23 02:00:00,0.0,1.8865283505817487
2035-10-23 03:00:00,0.0,78.29092654914258
2035-10-23 04:00:00,0.0,179.69182539291157
2035-10-23 05:00:00,0.0,259.3976482049905
2035-10-23 06:00:00,0.0,310.33391367069765
2035-10-23 07:00:00,0.0,337.21694266648757
2035-10-23 08:00:00,0.0,340.51836728000563
2035-10-23 09:00:00,0.0,320.7098195988973
2035-10-23 10:00:00,0.0,277.31966753551706
2035-10-23 11:00:00,0.0,208.93301482692866
2035-10-23 12:00:00,0.0,117.43638982371385
2035-10-23 13:00:00,0.0,16.97875515523574
2035-10-23 14:00:00,0.0,0.0
2035-10-23 15:00:00,0.0,0.0
2035-10-23 16:00:00,0.0,0.0
2035-10-23 17:00:00,0.0,0.0
2035-10-23 18:00:00,0.0,0.0
2035-10-23 19:00:00,0.0,0.0
2035-10-23 20:00:00,0.0,0.0
2035-10-23 21:00:00,0.0,0.0
2035-10-23 22:00:00,0.0,0.0
2035-10-23 23:00:00,0.0,0.0
2035-10-24 00:00:00,0.0,0.0
2035-10-24 01:00:00,0.0,0.0
2035-10-24 02:00:00,0.0,2.358160438227186
2035-10-24 03:00:00,0.0,84.8937757761787
2035-10-24 04:00:00,0.0,189.12446714582032
2035-10-24 05:00:00,0.0,267.4153936949629
2035-10-24 06:00:00,0.0,316.9367628977338
2035-10-24 07:00:00,0.0,343.34815980587825
2035-10-24 08:00:00,0.0,346.6495844193963
2035-10-24 09:00:00,0.0,326.8410367382879
2035-10-24 10:00:00,0.0,283.9225167625532
2035-10-24 11:00:00,0.0,216.0074961416102
2035-10-24 12:00:00,0.0,123.56760696310454
2035-10-24 13:00:00,0.0,17.922019330526613
2035-10-24 14:00:00,0.0,0.0
2035-10-24 15:00:00,0.0,0.0
2035-10-24 16:00:00,0.0,0.0
2035-10-24 17:00:00,0.0,0.0
2035-10-24 18:00:00,0.0,0.0
2035-10-24 19:00:00,0.0,0.0
2035-10-24 20:00:00,0.0,0.0
2035-10-24 21:00:00,0.0,0.0
2035-10-24 22:00:00,0.0,0.0
2035-10-24 23:00:00,0.0,0.0
2035-10-25 00:00:00,0.0,0.0
2035-10-25 01:00:00,0.0,0.0
2035-10-25 02:00:00,0.0,2.829792525872623
2035-10-25 03:00:00,0.0,92.91152126615113
2035-10-25 04:00:00,0.0,198.08547681108362
2035-10-25 05:00:00,0.0,275.9047712725808
2035-10-25 06:00:00,0.0,324.95450838770626
2035-10-25 07:00:00,0.0,350.42264112055983
2035-10-25 08:00:00,0.0,352.780801558787
2035-10-25 09:00:00,0.0,332.9722538776786
2035-10-25 10:00:00,0.0,289.110469726653
2035-10-25 11:00:00,0.0,219.78055284277374
2035-10-25 12:00:00,0.0,125.92576740133171
2035-10-25 13:00:00,0.0,17.922019330526613
2035-10-25 14:00:00,0.0,0.0
2035-10-25 15:00:00,0.0,0.0
2035-10-25 16:00:00,0.0,0.0
2035-10-25 17:00:00,0.0,0.0
2035-10-25 18:00:00,0.0,0.0
2035-10-25 19:00:00,0.0,0.0
2035-10-25 20:00:00,0.0,0.0
2035-10-25 21:00:00,0.0,0.0
2035-10-25 22:00:00,0.0,0.0
2035-10-25 23:00:00,0.0,0.0
2035-10-26 00:00:00,0.0,0.0
2035-10-26 01:00:00,0.0,0.0
2035-10-26 02:00:00,0.0,2.358160438227186
2035-10-26 03:00:00,0.0,92.4398891785057
2035-10-26 04:00:00,0.0,198.55710889872907
2035-10-26 05:00:00,0.0,276.3764033602262
2035-10-26 06:00:00,0.0,324.48287630006075
2035-10-26 07:00:00,0.0,349.0077448576235
2035-10-26 08:00:00,0.0,351.8375373834961
2035-10-26 09:00:00,0.0,331.55735761474233
2035-10-26 10:00:00,0.0,288.16720555136214
2035-10-26 11:00:00,0.0,219.3089207551283
2035-10-26 12:00:00,0.0,126.39739948897716
2035-10-26 13:00:00,0.0,17.450387242881177
2035-10-26 14:00:00,0.0,0.0
2035-10-26 15:00:00,0.0,0.0
2035-10-26 16:00:00,0.0,0.0
2035-10-26 17:00:00,0.0,0.0
2035-10-26 18:00:00,0.0,0.0
2035-10-26 19:00:00,0.0,0.0
2035-10-26 20:00:00,0.0,0.0
2035-10-26 21:00:00,0.0,0.0
2035-10-26 22:00:00,0.0,0.0
2035-10-26 23:00:00,0.0,0.0
2035-10-27 00:00:00,0.0,0.0
2035-10-27 01:00:00,0.0,0.0
2035-10-27 02:00:00,0.0,1.8865283505817487
2035-10-27 03:00:00,0.0,89.13846456498761
2035-10-27 04:00:00,0.0,193.84078802227467
2035-10-27 05:00:00,0.0,272.13171457141726
2035-10-27 06:00:00,0.0,321.6530837741882
2035-10-27 07:00:00,0.0,348.0644806823326
2035-10-27 08:00:00,0.0,350.8942732082053
2035-10-27 09:00:00,0.0,331.0857255270968
2035-10-27 10:00:00,0.0,288.16720555136214
2035-10-27 11:00:00,0.0,219.3089207551283
2035-10-27 12:00:00,0.0,125.4541353136863
2035-10-27 13:00:00,0.0,16.97875515523574
2035-10-27 14:00:00,0.0,0.0
2035-10-27 15:00:00,0.0,0.0
2035-10-27 16:00:00,0.0,0.0
2035-10-27 17:00:00,0.0,0.0
2035-10-27 18:00:00,0.0,0.0
2035-10-27 19:00:00,0.0,0.0
2035-10-27 20:00:00,0.0,0.0
2035-10-27 21:00:00,0.0,0.0
2035-10-27 22:00:00,0.0,0.0
2035-10-27 23:00:00,0.0,0.0
2035-10-28 00:00:00,0.0,0.0
2035-10-28 01:00:00,0.0,0.0
2035-10-28 02:00:00,0.0,1.4148962629363115
2035-10-28 03:00:00,0.0,82.53561533795151
2035-10-28 04:00:00,0.0,186.2946746199477
2035-10-28 05:00:00,0.0,265.0572332567357
2035-10-28 06:00:00,0.0,315.9934987224429
2035-10-28 07:00:00,0.0,341.933263542942
2035-10-28 08:00:00,0.0,344.29142398116915
2035-10-28 09:00:00,0.0,324.01124421241536
2035-10-28 10:00:00,0.0,279.20619588609884
2035-10-28 11:00:00,0.0,208.46138273928324
2035-10-28 12:00:00,0.0,112.72006894725948
2035-10-28 13:00:00,0.0,13.205698454072241
2035-10-28 14:00:00,0.0,0.0
2035-10-28 15:00:00,0.0,0.0
2035-10-28 16:00:00,0.0,0.0
2035-10-28 17:00:00,0.0,0.0
2035-10-28 18:00:00,0.0,0.0
2035-10-28 19:00:00,0.0,0.0
2035-10-28 20:00:00,0.0,0.0
2035-10-28 21:00:00,0.0,0.0
2035-10-28 22:00:00,0.0,0.0
2035-10-28 23:00:00,0.0,0.0
2035-10-29 00:00:00,0.0,0.0
2035-10-29 01:00:00,0.0,0.0
2035-10-29 02:00:00,0.0,0.9432641752908744
2035-10-29 03:00:00,0.0,75.9327661109154
2035-10-29 04:00:00,0.0,183.46488209407505
2035-10-29 05:00:00,0.0,262.6990728185085
2035-10-29 06:00:00,0.0,310.33391367069765
2035-10-29 07:00:00,0.0,335.8020464035513
2035-10-29 08:00:00,0.0,337.21694266648757
2035-10-29 09:00:00,0.0,315.9934987224429
2035-10-29 10:00:00,0.0,270.2451862208355
2035-10-29 11:00:00,0.0,198.08547681108362
2035-10-29 12:00:00,0.0,100.92926675612355
2035-10-29 13:00:00,0.0,9.432641752908744
2035-10-29 14:00:00,0.0,0.0
2035-10-29 15:00:00,0.0,0.0
2035-10-29 16:00:00,0.0,0.0
2035-10-29 17:00:00,0.0,0.0
2035-10-29 18:00:00,0.0,0.0
2035-10-29 19:00:00,0.0,0.0
2035-10-29 20:00:00,0.0,0.0
2035-10-29 21:00:00,0.0,0.0
2035-10-29 22:00:00,0.0,0.0
2035-10-29 23:00:00,0.0,0.0
2035-10-30 00:00:00,0.0,0.0
2035-10-30 01:00:00,0.0,0.0
2035-10-30 02:00:00,0.0,0.4716320876454372
2035-10-30 03:00:00,0.0,79.70582281207889
2035-10-30 04:00:00,0.0,183.9365141817205
2035-10-30 05:00:00,0.0,262.2274407308631
2035-10-30 06:00:00,0.0,310.80554575834316
2035-10-30 07:00:00,0.0,334.8587822282604
2035-10-30 08:00:00,0.0,333.9155180529695
2035-10-30 09:00:00,0.0,296.65658312898
2035-10-30 10:00:00,0.0,226.8550341574553
2035-10-30 11:00:00,0.0,141.0179942059857
2035-10-30 12:00:00,0.0,62.2554355691977
2035-10-30 13:00:00,0.0,4.716320876454372
2035-10-30 14:00:00,0.0,0.0
2035-10-30 15:00:00,0.0,0.0
2035-10-30 16:00:00,0.0,0.0
2035-10-30 17:00:00,0.0,0.0
2035-10-30 18:00:00,0.0,0.0
2035-10-30 19:00:00,0.0,0.0
2035-10-30 20:00:00,0.0,0.0
2035-10-30 21:00:00,0.0,0.0
2035-10-30 22:00:00,0.0,0.0
2035-10-30 23:00:00,0.0,0.0
2035-10-31 00:00:00,0.0,0.0
2035-10-31 01:00:00,0.0,0.0
2035-10-31 02:00:00,0.0,0.0
2035-10-31 03:00:00,0.0,56.12421842980702
2035-10-31 04:00:00,0.0,135.8300412418859
2035-10-31 05:00:00,0.0,216.47912822925565
2035-10-31 06:00:00,0.0,278.7345637984534
2035-10-31 07:00:00,0.0,304.20269653130697
2035-10-31 08:00:00,0.0,305.14596070659786
2035-10-31 09:00:00,0.0,287.22394137607125
2035-10-31 10:00:00,0.0,237.23094008565488
2035-10-31 11:00:00,0.0,164.12796650061213
2035-10-31 12:00:00,0.0,86.78030412676044
2035-10-31 13:00:00,0.0,6.602849227036121
2035-10-31 14:00:00,0.0,0.0
2035-10-31 15:00:00,0.0,0.0
2035-10-31 16:00:00,0.0,0.0
2035-10-31 17:00:00,0.0,0.0
2035-10-31 18:00:00,0.0,0.0
2035-10-31 19:00:00,0.0,0.0
2035-10-31 20:00:00,0.0,0.0
2035-10-31 21:00:00,0.0,0.0
2035-10-31 22:00:00,0.0,0.0
2035-10-31 23:00:00,0.0,0.0
2035-11-01 00:00:00,0.0,0.0
2035-11-01 01:00:00,0.0,0.0
2035-11-01 02:00:00,0.0,0.0
2035-11-01 03:00:00,0.0,64.61359600742489
2035-11-01 04:00:00,0.0,177.3336649546844
2035-11-01 05:00:00,0.0,250.9082706273726
2035-11-01 06:00:00,0.0,305.6175927942433
2035-11-01 07:00:00,0.0,343.34815980587825
2035-11-01 08:00:00,0.0,349.47937694526894
2035-11-01 09:00:00,0.0,330.61409343945144
2035-11-01 10:00:00,0.0,288.16720555136214
2035-11-01 11:00:00,0.0,220.72381701806458
2035-11-01 12:00:00,0.0,128.2839278395589
2035-11-01 13:00:00,0.0,16.035490979944864
2035-11-01 14:00:00,0.0,0.0
2035-11-01 15:00:00,0.0,0.0
2035-11-01 16:00:00,0.0,0.0
2035-11-01 17:00:00,0.0,0.0
2035-11-01 18:00:00,0.0,0.0
2035-11-01 19:00:00,0.0,0.0
2035-11-01 20:00:00,0.0,0.0
2035-11-01 21:00:00,0.0,0.0
2035-11-01 22:00:00,0.0,0.0
2035-11-01 23:00:00,0.0,0.0
2035-11-02 00:00:00,0.0,0.0
2035-11-02 01:00:00,0.0,0.0
2035-11-02 02:00:00,0.0,0.4716320876454372
2035-11-02 03:00:00,0.0,80.17745489972432
2035-11-02 04:00:00,0.0,182.99325000642963
2035-11-02 05:00:00,0.0,261.2841765555722
2035-11-02 06:00:00,0.0,313.16370619657033
2035-11-02 07:00:00,0.0,339.10347101706935
2035-11-02 08:00:00,0.0,342.40489563058736
2035-11-02 09:00:00,0.0,323.06798003712447
2035-11-02 10:00:00,0.0,279.67782797374423
2035-11-02 11:00:00,0.0,211.29117526515589
2035-11-02 12:00:00,0.0,118.85128608665016
2035-11-02 13:00:00,0.0,13.205698454072241
2035-11-02 14:00:00,0.0,0.0
2035-11-02 15:00:00,0.0,0.0
2035-11-02 16:00:00,0.0,0.0
2035-11-02 17:00:00,0.0,0.0
2035-11-02 18:00:00,0.0,0.0
2035-11-02 19:00:00,0.0,0.0
2035-11-02 20:00:00,0.0,0.0
2035-11-02 21:00:00,0.0,0.0
2035-11-02 22:00:00,0.0,0.0
2035-11-02 23:00:00,0.0,0.0
2035-11-03 00:00:00,0.0,0.0
2035-11-03 01:00:00,0.0,0.0
2035-11-03 02:00:00,0.0,0.0
2035-11-03 03:00:00,0.0,74.98950193562452
2035-11-03 04:00:00,0.0,178.74856121762068
2035-11-03 05:00:00,0.0,257.98275194205416
2035-11-03 06:00:00,0.0,311.27717784598855
2035-11-03 07:00:00,0.0,338.16020684177846
2035-11-03 08:00:00,0.0,341.4616314552965
2035-11-03 09:00:00,0.0,322.12471586183364
2035-11-03 10:00:00,0.0,279.67782797374423
2035-11-03 11:00:00,0.0,211.29117526515589
2035-11-03 12:00:00,0.0,118.37965399900474
2035-11-03 13:00:00,0.0,12.734066366426804
2035-11-03 14:00:00,0.0,0.0
2035-11-03 15:00:00,0.0,0.0
2035-11-03 16:00:00,0.0,0.0
2035-11-03 17:00:00,0.0,0.0
2035-11-03 18:00:00,0.0,0.0
2035-11-03 19:00:00,0.0,0.0
2035-11-03 20:00:00,0.0,0.0
2035-11-03 21:00:00,0.0,0.0
2035-11-03 22:00:00,0.0,0.0
2035-11-03 23:00:00,0.0,0.0
2035-11-04 00:00:00,0.0,0.0
2035-11-04 01:00:00,0.0,0.0
2035-11-04 02:00:00,0.0,0.0
2035-11-04 03:00:00,0.0,73.5746056726882
2035-11-04 04:00:00,0.0,177.80529704232984
2035-11-04 05:00:00,0.0,257.98275194205416
2035-11-04 06:00:00,0.0,307.50412114482504
2035-11-04 07:00:00,0.0,334.8587822282604
2035-11-04 08:00:00,0.0,338.6318389294239
2035-11-04 09:00:00,0.0,320.7098195988973
2035-11-04 10:00:00,0.0,276.84803544787167
2035-11-04 11:00:00,0.0,206.57485438870148
2035-11-04 12:00:00,0.0,111.30517268432318
2035-11-04 13:00:00,0.0,10.847538015845055
2035-11-04 14:00:00,0.0,0.0
2035-11-04 15:00:00,0.0,0.0
2035-11-04 16:00:00,0.0,0.0
2035-11-04 17:00:00,0.0,0.0
2035-11-04 18:00:00,0.0,0.0
2035-11-04 19:00:00,0.0,0.0
2035-11-04 20:00:00,0.0,0.0
2035-11-04 21:00:00,0.0,0.0
2035-11-04 22:00:00,0.0,0.0
2035-11-04 23:00:00,0.0,0.0
2035-11-05 00:00:00,0.0,0.0
2035-11-05 01:00:00,0.0,0.0
2035-11-05 02:00:00,0.0,0.0
2035-11-05 03:00:00,0.0,66.50012435800663
2035-11-05 04:00:00,0.0,174.9755045164572
2035-11-05 05:00:00,0.0,259.8692802926359
2035-11-05 06:00:00,0.0,311.27717784598855
2035-11-05 07:00:00,0.0,338.16020684177846
2035-11-05 08:00:00,0.0,340.51836728000563
2035-11-05 09:00:00,0.0,320.23818751125185
2035-11-05 10:00:00,0.0,275.4331391849353
2035-11-05 11:00:00,0.0,204.68832603811973
2035-11-05 12:00:00,0.0,108.947012246096
2035-11-05 13:00:00,0.0,9.432641752908744
2035-11-05 14:00:00,0.0,0.0
2035-11-05 15:00:00,0.0,0.0
2035-11-05 16:00:00,0.0,0.0
2035-11-05 17:00:00,0.0,0.0
2035-11-05 18:00:00,0.0,0.0
2035-11-05 19:00:00,0.0,0.0
2035-11-05 20:00:00,0.0,0.0
2035-11-05 21:00:00,0.0,0.0
2035-11-05 22:00:00,0.0,0.0
2035-11-05 23:00:00,0.0,0.0
2035-11-06 00:00:00,0.0,0.0
2035-11-06 01:00:00,0.0,0.0
2035-11-06 02:00:00,0.0,0.0
2035-11-06 03:00:00,0.0,67.91502062094295
2035-11-06 04:00:00,0.0,167.90102320177564
2035-11-06 05:00:00,0.0,245.24868557562735
2035-11-06 06:00:00,0.0,307.50412114482504
2035-11-06 07:00:00,0.0,335.3304143159058
2035-11-06 08:00:00,0.0,337.688574754133
2035-11-06 09:00:00,0.0,319.29492333596096
2035-11-06 10:00:00,0.0,275.4331391849353
2035-11-06 11:00:00,0.0,206.10322230105606
2035-11-06 12:00:00,0.0,112.72006894725948
2035-11-06 13:00:00,0.0,10.375905928199616
2035-11-06 14:00:00,0.0,0.0
2035-11-06 15:00:00,0.0,0.0
2035-11-06 16:00:00,0.0,0.0
2035-11-06 17:00:00,0.0,0.0
2035-11-06 18:00:00,0.0,0.0
2035-11-06 19:00:00,0.0,0.0
2035-11-06 20:00:00,0.0,0.0
2035-11-06 21:00:00,0.0,0.0
2035-11-06 22:00:00,0.0,0.0
2035-11-06 23:00:00,0.0,0.0
2035-11-07 00:00:00,0.0,0.0
2035-11-07 01:00:00,0.0,0.0
2035-11-07 02:00:00,0.0,0.0
2035-11-07 03:00:00,0.0,73.10297358504276
2035-11-07 04:00:00,0.0,175.91876869174806
2035-11-07 05:00:00,0.0,255.624591503827
2035-11-07 06:00:00,0.0,310.33391367069765
2035-11-07 07:00:00,0.0,336.2736784911967
2035-11-07 08:00:00,0.0,340.0467351923602
2035-11-07 09:00:00,0.0,315.050234547152
2035-11-07 10:00:00,0.0,270.7168183084809
2035-11-07 11:00:00,0.0,179.69182539291157
2035-11-07 12:00:00,0.0,85.83703995146956
2035-11-07 13:00:00,0.0,5.187952964099809
2035-11-07 14:00:00,0.0,0.0
2035-11-07 15:00:00,0.0,0.0
2035-11-07 16:00:00,0.0,0.0
2035-11-07 17:00:00,0.0,0.0
2035-11-07 18:00:00,0.0,0.0
2035-11-07 19:00:00,0.0,0.0
2035-11-07 20:00:00,0.0,0.0
2035-11-07 21:00:00,0.0,0.0
2035-11-07 22:00:00,0.0,0.0
2035-11-07 23:00:00,0.0,0.0
2035-11-08 00:00:00,0.0,0.0
2035-11-08 01:00:00,0.0,0.0
2035-11-08 02:00:00,0.0,0.0
2035-11-08 03:00:00,0.0,70.74481314681557
2035-11-08 04:00:00,0.0,173.08897616587547
2035-11-08 05:00:00,0.0,249.49337436443625
2035-11-08 06:00:00,0.0,307.50412114482504
2035-11-08 07:00:00,0.0,334.387150140615
2035-11-08 08:00:00,0.0,323.53961212477
2035-11-08 09:00:00,0.0,266.94376160731747
2035-11-08 10:00:00,0.0,216.9507603169011
2035-11-08 11:00:00,0.0,180.63508956820243
2035-11-08 12:00:00,0.0,99.04273840554181
2035-11-08 13:00:00,0.0,8.48937757761787
2035-11-08 14:00:00,0.0,0.0
2035-11-08 15:00:00,0.0,0.0
2035-11-08 16:00:00,0.0,0.0
2035-11-08 17:00:00,0.0,0.0
2035-11-08 18:00:00,0.0,0.0
2035-11-08 19:00:00,0.0,0.0
2035-11-08 20:00:00,0.0,0.0
2035-11-08 21:00:00,0.0,0.0
2035-11-08 22:00:00,0.0,0.0
2035-11-08 23:00:00,0.0,0.0
2035-11-09 00:00:00,0.0,0.0
2035-11-09 01:00:00,0.0,0.0
2035-11-09 02:00:00,0.0,0.0
2035-11-09 03:00:00,0.0,51.407897553352655
2035-11-09 04:00:00,0.0,162.71307023767582
2035-11-09 05:00:00,0.0,249.49337436443625
2035-11-09 06:00:00,0.0,296.65658312898
2035-11-09 07:00:00,0.0,329.19919717651516
2035-11-09 08:00:00,0.0,340.9899993676511
2035-11-09 09:00:00,0.0,327.31266882593343
2035-11-09 10:00:00,0.0,284.39414885019863
2035-11-09 11:00:00,0.0,215.06423196631937
2035-11-09 12:00:00,0.0,121.20944652487735
2035-11-09 13:00:00,0.0,11.319170103490492
2035-11-09 14:00:00,0.0,0.0
2035-11-09 15:00:00,0.0,0.0
2035-11-09 16:00:00,0.0,0.0
2035-11-09 17:00:00,0.0,0.0
2035-11-09 18:00:00,0.0,0.0
2035-11-09 19:00:00,0.0,0.0
2035-11-09 20:00:00,0.0,0.0
2035-11-09 21:00:00,0.0,0.0
2035-11-09 22:00:00,0.0,0.0
2035-11-09 23:00:00,0.0,0.0
2035-11-10 00:00:00,0.0,0.0
2035-11-10 01:00:00,0.0,0.0
2035-11-10 02:00:00,0.0,0.0
2035-11-10 03:00:00,0.0,58.48237886803421
2035-11-10 04:00:00,0.0,173.56060825352088
2035-11-10 05:00:00,0.0,245.72031766327277
2035-11-10 06:00:00,0.0,315.9934987224429
2035-11-10 07:00:00,0.0,345.23468815646004
2035-11-10 08:00:00,0.0,348.5361127699781
2035-11-10 09:00:00,0.0,328.72756508886965
2035-11-10 10:00:00,0.0,285.33741302548947
2035-11-10 11:00:00,0.0,216.0074961416102
2035-11-10 12:00:00,0.0,119.79455026194104
2035-11-10 13:00:00,0.0,10.375905928199616
2035-11-10 14:00:00,0.0,0.0
2035-11-10 15:00:00,0.0,0.0
2035-11-10 16:00:00,0.0,0.0
2035-11-10 17:00:00,0.0,0.0
2035-11-10 18:00:00,0.0,0.0
2035-11-10 19:00:00,0.0,0.0
2035-11-10 20:00:00,0.0,0.0
2035-11-10 21:00:00,0.0,0.0
2035-11-10 22:00:00,0.0,0.0
2035-11-10 23:00:00,0.0,0.0
2035-11-11 00:00:00,0.0,0.0
2035-11-11 01:00:00,0.0,0.0
2035-11-11 02:00:00,0.0,0.0
2035-11-11 03:00:00,0.0,70.27318105917014
2035-11-11 04:00:00,0.0,173.56060825352088
2035-11-11 05:00:00,0.0,254.6813273285361
2035-11-11 06:00:00,0.0,308.9190174077614
2035-11-11 07:00:00,0.0,336.2736784911967
2035-11-11 08:00:00,0.0,340.0467351923602
2035-11-11 09:00:00,0.0,318.3516591606701
2035-11-11 10:00:00,0.0,270.7168183084809
2035-11-11 11:00:00,0.0,194.78405219756553
2035-11-11 12:00:00,0.0,78.29092654914258
2035-11-11 13:00:00,0.0,2.829792525872623
2035-11-11 14:00:00,0.0,0.0
2035-11-11 15:00:00,0.0,0.0
2035-11-11 16:00:00,0.0,0.0
2035-11-11 17:00:00,0.0,0.0
2035-11-11 18:00:00,0.0,0.0
2035-11-11 19:00:00,0.0,0.0
2035-11-11 20:00:00,0.0,0.0
2035-11-11 21:00:00,0.0,0.0
2035-11-11 22:00:00,0.0,0.0
2035-11-11 23:00:00,0.0,0.0
2035-11-12 00:00:00,0.0,0.0
2035-11-12 01:00:00,0.0,0.0
2035-11-12 02:00:00,0.0,0.0
2035-11-12 03:00:00,0.0,62.72706765684315
2035-11-12 04:00:00,0.0,163.6563344129667
2035-11-12 05:00:00,0.0,239.11746843623666
2035-11-12 06:00:00,0.0,289.5821018142984
2035-11-12 07:00:00,0.0,313.16370619657033
2035-11-12 08:00:00,0.0,313.16370619657033
2035-11-12 09:00:00,0.0,289.5821018142984
2035-11-12 10:00:00,0.0,238.17420426094577
2035-11-12 11:00:00,0.0,162.71307023767582
2035-11-12 12:00:00,0.0,72.63134149739733
2035-11-12 13:00:00,0.0,4.244688788808935
2035-11-12 14:00:00,0.0,0.0
2035-11-12 15:00:00,0.0,0.0
2035-11-12 16:00:00,0.0,0.0
2035-11-12 17:00:00,0.0,0.0
2035-11-12 18:00:00,0.0,0.0
2035-11-12 19:00:00,0.0,0.0
2035-11-12 20:00:00,0.0,0.0
2035-11-12 21:00:00,0.0,0.0
2035-11-12 22:00:00,0.0,0.0
2035-11-12 23:00:00,0.0,0.0
2035-11-13 00:00:00,0.0,0.0
2035-11-13 01:00:00,0.0,0.0
2035-11-13 02:00:00,0.0,0.0
2035-11-13 03:00:00,0.0,60.8405393062614
2035-11-13 04:00:00,0.0,160.35490979944865
2035-11-13 05:00:00,0.0,239.11746843623666
2035-11-13 06:00:00,0.0,287.6955734637167
2035-11-13 07:00:00,0.0,310.80554575834316
2035-11-13 08:00:00,0.0,305.6175927942433
2035-11-13 09:00:00,0.0,263.6423369937994
2035-11-13 10:00:00,0.0,206.10322230105606
2035-11-13 11:00:00,0.0,127.8122957519135
2035-11-13 12:00:00,0.0,58.01074678038878
2035-11-13 13:00:00,0.0,5.187952964099809
2035-11-13 14:00:00,0.0,0.0
2035-11-13 15:00:00,0.0,0.0
2035-11-13 16:00:00,0.0,0.0
2035-11-13 17:00:00,0.0,0.0
2035-11-13 18:00:00,0.0,0.0
2035-11-13 19:00:00,0.0,0.0
2035-11-13 20:00:00,0.0,0.0
2035-11-13 21:00:00,0.0,0.0
2035-11-13 22:00:00,0.0,0.0
2035-11-13 23:00:00,0.0,0.0
2035-11-14 00:00:00,0.0,0.0
2035-11-14 01:00:00,0.0,0.0
2035-11-14 02:00:00,0.0,0.0
2035-11-14 03:00:00,0.0,71.68807732210645
2035-11-14 04:00:00,0.0,177.80529704232984
2035-11-14 05:00:00,0.0,259.3976482049905
2035-11-14 06:00:00,0.0,312.22044202127944
2035-11-14 07:00:00,0.0,337.21694266648757
2035-11-14 08:00:00,0.0,340.9899993676511
2035-11-14 09:00:00,0.0,322.12471586183364
2035-11-14 10:00:00,0.0,277.31966753551706
2035-11-14 11:00:00,0.0,201.8585335122471
2035-11-14 12:00:00,0.0,108.0037480708051
2035-11-14 13:00:00,0.0,7.546113402326995
2035-11-14 14:00:00,0.0,0.0
2035-11-14 15:00:00,0.0,0.0
2035-11-14 16:00:00,0.0,0.0
2035-11-14 17:00:00,0.0,0.0
2035-11-14 18:00:00,0.0,0.0
2035-11-14 19:00:00,0.0,0.0
2035-11-14 20:00:00,0.0,0.0
2035-11-14 21:00:00,0.0,0.0
2035-11-14 22:00:00,0.0,0.0
2035-11-14 23:00:00,0.0,0.0
2035-11-15 00:00:00,0.0,0.0
2035-11-15 01:00:00,0.0,0.0
2035-11-15 02:00:00,0.0,0.0
2035-11-15 03:00:00,0.0,74.51786984797907
2035-11-15 04:00:00,0.0,183.9365141817205
2035-11-15 05:00:00,0.0,264.5856011690903
2035-11-15 06:00:00,0.0,317.8800270730247
2035-11-15 07:00:00,0.0,344.76305606881454
2035-11-15 08:00:00,0.0,348.5361127699781
2035-11-15 09:00:00,0.0,329.19919717651516
2035-11-15 10:00:00,0.0,285.8090451131349
2035-11-15 11:00:00,0.0,216.9507603169011
2035-11-15 12:00:00,0.0,120.73781443723192
2035-11-15 13:00:00,0.0,8.48937757761787
2035-11-15 14:00:00,0.0,0.0
2035-11-15 15:00:00,0.0,0.0
2035-11-15 16:00:00,0.0,0.0
2035-11-15 17:00:00,0.0,0.0
2035-11-15 18:00:00,0.0,0.0
2035-11-15 19:00:00,0.0,0.0
2035-11-15 20:00:00,0.0,0.0
2035-11-15 21:00:00,0.0,0.0
2035-11-15 22:00:00,0.0,0.0
2035-11-15 23:00:00,0.0,0.0
2035-11-16 00:00:00,0.0,0.0
2035-11-16 01:00:00,0.0,0.0
2035-11-16 02:00:00,0.0,0.0
2035-11-16 03:00:00,0.0,77.81929446149714
2035-11-16 04:00:00,0.0,185.82304253230225
2035-11-16 05:00:00,0.0,265.52886534438113
2035-11-16 06:00:00,0.0,320.23818751125185
2035-11-16 07:00:00,0.0,348.5361127699781
2035-11-16 08:00:00,0.0,351.8375373834961
2035-11-16 09:00:00,0.0,332.0289897023878
2035-11-16 10:00:00,0.0,288.6388376390076
2035-11-16 11:00:00,0.0,219.3089207551283
2035-11-16 12:00:00,0.0,124.5108711383954
2035-11-16 13:00:00,0.0,9.90427384055418
2035-11-16 14:00:00,0.0,0.0
2035-11-16 15:00:00,0.0,0.0
2035-11-16 16:00:00,0.0,0.0
2035-11-16 17:00:00,0.0,0.0
2035-11-16 18:00:00,0.0,0.0
2035-11-16 19:00:00,0.0,0.0
2035-11-16 20:00:00,0.0,0.0
2035-11-16 21:00:00,0.0,0.0
2035-11-16 22:00:00,0.0,0.0
2035-11-16 23:00:00,0.0,0.0
2035-11-17 00:00:00,0.0,0.0
2035-11-17 01:00:00,0.0,0.0
2035-11-17 02:00:00,0.0,0.0
2035-11-17 03:00:00,0.0,82.53561533795151
2035-11-17 04:00:00,0.0,191.01099549640205
2035-11-17 05:00:00,0.0,271.6600824837718
2035-11-17 06:00:00,0.0,324.01124421241536
2035-11-17 07:00:00,0.0,349.9510090329144
2035-11-17 08:00:00,0.0,352.780801558787
2035-11-17 09:00:00,0.0,332.9722538776786
2035-11-17 10:00:00,0.0,288.6388376390076
2035-11-17 11:00:00,0.0,218.83728866748285
2035-11-17 12:00:00,0.0,122.62434278781367
2035-11-17 13:00:00,0.0,8.961009665263306
2035-11-17 14:00:00,0.0,0.0
2035-11-17 15:00:00,0.0,0.0
2035-11-17 16:00:00,0.0,0.0
2035-11-17 17:00:00,0.0,0.0
2035-11-17 18:00:00,0.0,0.0
2035-11-17 19:00:00,0.0,0.0
2035-11-17 20:00:00,0.0,0.0
2035-11-17 21:00:00,0.0,0.0
2035-11-17 22:00:00,0.0,0.0
2035-11-17 23:00:00,0.0,0.0
2035-11-18 00:00:00,0.0,0.0
2035-11-18 01:00:00,0.0,0.0
2035-11-18 02:00:00,0.0,0.0
2035-11-18 03:00:00,0.0,44.3334162386711
2035-11-18 04:00:00,0.0,131.58535245307698
2035-11-18 05:00:00,0.0,215.06423196631937
2035-11-18 06:00:00,0.0,267.4153936949629
2035-11-18 07:00:00,0.0,288.16720555136214
2035-11-18 08:00:00,0.0,274.9615070972899
2035-11-18 09:00:00,0.0,240.53236469917297
2035-11-18 10:00:00,0.0,188.18120297052945
2035-11-18 11:00:00,0.0,128.2839278395589
2035-11-18 12:00:00,0.0,61.78380348155228
2035-11-18 13:00:00,0.0,1.8865283505817487
2035-11-18 14:00:00,0.0,0.0
2035-11-18 15:00:00,0.0,0.0
2035-11-18 16:00:00,0.0,0.0
2035-11-18 17:00:00,0.0,0.0
2035-11-18 18:00:00,0.0,0.0
2035-11-18 19:00:00,0.0,0.0
2035-11-18 20:00:00,0.0,0.0
2035-11-18 21:00:00,0.0,0.0
2035-11-18 22:00:00,0.0,0.0
2035-11-18 23:00:00,0.0,0.0
2035-11-19 00:00:00,0.0,0.0
2035-11-19 01:00:00,0.0,0.0
2035-11-19 02:00:00,0.0,0.0
2035-11-19 03:00:00,0.0,52.822793816288964
2035-11-19 04:00:00,0.0,123.0959748754591
2035-11-19 05:00:00,0.0,188.65283505817487
2035-11-19 06:00:00,0.0,232.04298712155511
2035-11-19 07:00:00,0.0,257.0394877667633
2035-11-19 08:00:00,0.0,280.1494600613897
2035-11-19 09:00:00,0.0,299.95800774249807
2035-11-19 10:00:00,0.0,271.6600824837718
2035-11-19 11:00:00,0.0,202.33016559989255
2035-11-19 12:00:00,0.0,95.26968170437833
2035-11-19 13:00:00,0.0,3.7730567011634975
2035-11-19 14:00:00,0.0,0.0
2035-11-19 15:00:00,0.0,0.0
2035-11-19 16:00:00,0.0,0.0
2035-11-19 17:00:00,0.0,0.0
2035-11-19 18:00:00,0.0,0.0
2035-11-19 19:00:00,0.0,0.0
2035-11-19 20:00:00,0.0,0.0
2035-11-19 21:00:00,0.0,0.0
2035-11-19 22:00:00,0.0,0.0
2035-11-19 23:00:00,0.0,0.0
2035-11-20 00:00:00,0.0,0.0
2035-11-20 01:00:00,0.0,0.0
2035-11-20 02:00:00,0.0,0.0
2035-11-20 03:00:00,0.0,52.351161728643525
2035-11-20 04:00:00,0.0,156.11022101063972
2035-11-20 05:00:00,0.0,236.7593079980095
2035-11-20 06:00:00,0.0,278.26293171080795
2035-11-20 07:00:00,0.0,311.27717784598855
2035-11-20 08:00:00,0.0,325.42614047535164
2035-11-20 09:00:00,0.0,308.9190174077614
2035-11-20 10:00:00,0.0,262.2274407308631
2035-11-20 11:00:00,0.0,187.709570882884
2035-11-20 12:00:00,0.0,81.12071907501519
2035-11-20 13:00:00,0.0,3.3014246135180607
2035-11-20 14:00:00,0.0,0.0
2035-11-20 15:00:00,0.0,0.0
2035-11-20 16:00:00,0.0,0.0
2035-11-20 17:00:00,0.0,0.0
2035-11-20 18:00:00,0.0,0.0
2035-11-20 19:00:00,0.0,0.0
2035-11-20 20:00:00,0.0,0.0
2035-11-20 21:00:00,0.0,0.0
2035-11-20 22:00:00,0.0,0.0
2035-11-20 23:00:00,0.0,0.0
2035-11-21 00:00:00,0.0,0.0
2035-11-21 01:00:00,0.0,0.0
2035-11-21 02:00:00,0.0,0.0
2035-11-21 03:00:00,0.0,52.351161728643525
2035-11-21 04:00:00,0.0,148.56410760831272
2035-11-21 05:00:00,0.0,232.04298712155511
2035-11-21 06:00:00,0.0,275.4331391849353
2035-11-21 07:00:00,0.0,299.95800774249807
2035-11-21 08:00:00,0.0,299.4863756548526
2035-11-21 09:00:00,0.0,271.18845039612637
2035-11-21 10:00:00,0.0,226.8550341574553
2035-11-21 11:00:00,0.0,155.16695683534883
2035-11-21 12:00:00,0.0,57.53911469274333
2035-11-21 13:00:00,0.0,0.9432641752908744
2035-11-21 14:00:00,0.0,0.0
2035-11-21 15:00:00,0.0,0.0
2035-11-21 16:00:00,0.0,0.0
2035-11-21 17:00:00,0.0,0.0
2035-11-21 18:00:00,0.0,0.0
2035-11-21 19:00:00,0.0,0.0
2035-11-21 20:00:00,0.0,0.0
2035-11-21 21:00:00,0.0,0.0
2035-11-21 22:00:00,0.0,0.0
2035-11-21 23:00:00,0.0,0.0
2035-11-22 00:00:00,0.0,0.0
2035-11-22 01:00:00,0.0,0.0
2035-11-22 02:00:00,0.0,0.0
2035-11-22 03:00:00,0.0,46.21994458925285
2035-11-22 04:00:00,0.0,148.09247552066728
2035-11-22 05:00:00,0.0,237.23094008565488
2035-11-22 06:00:00,0.0,300.4296398301435
2035-11-22 07:00:00,0.0,326.8410367382879
2035-11-22 08:00:00,0.0,328.72756508886965
2035-11-22 09:00:00,0.0,313.6353382842157
2035-11-22 10:00:00,0.0,267.4153936949629
2035-11-22 11:00:00,0.0,194.78405219756553
2035-11-22 12:00:00,0.0,96.68457796731462
2035-11-22 13:00:00,0.0,4.244688788808935
2035-11-22 14:00:00,0.0,0.0
2035-11-22 15:00:00,0.0,0.0
2035-11-22 16:00:00,0.0,0.0
2035-11-22 17:00:00,0.0,0.0
2035-11-22 18:00:00,0.0,0.0
2035-11-22 19:00:00,0.0,0.0
2035-11-22 20:00:00,0.0,0.0
2035-11-22 21:00:00,0.0,0.0
2035-11-22 22:00:00,0.0,0.0
2035-11-22 23:00:00,0.0,0.0
2035-11-23 00:00:00,0.0,0.0
2035-11-23 01:00:00,0.0,0.0
2035-11-23 02:00:00,0.0,0.0
2035-11-23 03:00:00,0.0,43.39015206338022
2035-11-23 04:00:00,0.0,117.43638982371385
2035-11-23 05:00:00,0.0,177.80529704232984
2035-11-23 06:00:00,0.0,222.61034536864636
2035-11-23 07:00:00,0.0,259.8692802926359
2035-11-23 08:00:00,0.0,292.8835264278165
2035-11-23 09:00:00,0.0,282.0359884119714
2035-11-23 10:00:00,0.0,235.34441173507315
2035-11-23 11:00:00,0.0,176.86203286703895
2035-11-23 12:00:00,0.0,80.64908698736977
2035-11-23 13:00:00,0.0,1.4148962629363115
2035-11-23 14:00:00,0.0,0.0
2035-11-23 15:00:00,0.0,0.0
2035-11-23 16:00:00,0.0,0.0
2035-11-23 17:00:00,0.0,0.0
2035-11-23 18:00:00,0.0,0.0
2035-11-23 19:00:00,0.0,0.0
2035-11-23 20:00:00,0.0,0.0
2035-11-23 21:00:00,0.0,0.0
2035-11-23 22:00:00,0.0,0.0
2035-11-23 23:00:00,0.0,0.0
2035-11-24 00:00:00,0.0,0.0
2035-11-24 01:00:00,0.0,0.0
2035-11-24 02:00:00,0.0,0.0
2035-11-24 03:00:00,0.0,52.351161728643525
2035-11-24 04:00:00,0.0,158.94001353651234
2035-11-24 05:00:00,0.0,240.53236469917297
2035-11-24 06:00:00,0.0,291.46863016488015
2035-11-24 07:00:00,0.0,316.9367628977338
2035-11-24 08:00:00,0.0,316.9367628977338
2035-11-24 09:00:00,0.0,297.5998473042709
2035-11-24 10:00:00,0.0,249.9650064520817
2035-11-24 11:00:00,0.0,174.0322403411663
2035-11-24 12:00:00,0.0,69.80154897152471
2035-11-24 13:00:00,0.0,2.358160438227186
2035-11-24 14:00:00,0.0,0.0
2035-11-24 15:00:00,0.0,0.0
2035-11-24 16:00:00,0.0,0.0
2035-11-24 17:00:00,0.0,0.0
2035-11-24 18:00:00,0.0,0.0
2035-11-24 19:00:00,0.0,0.0
2035-11-24 20:00:00,0.0,0.0
2035-11-24 21:00:00,0.0,0.0
2035-11-24 22:00:00,0.0,0.0
2035-11-24 23:00:00,0.0,0.0
2035-11-25 00:00:00,0.0,0.0
2035-11-25 01:00:00,0.0,0.0
2035-11-25 02:00:00,0.0,0.0
2035-11-25 03:00:00,0.0,58.95401095567965
2035-11-25 04:00:00,0.0,163.6563344129667
2035-11-25 05:00:00,0.0,245.72031766327277
2035-11-25 06:00:00,0.0,299.95800774249807
2035-11-25 07:00:00,0.0,327.7843009135788
2035-11-25 08:00:00,0.0,331.55735761474233
2035-11-25 09:00:00,0.0,312.6920741089248
2035-11-25 10:00:00,0.0,257.5111198544087
2035-11-25 11:00:00,0.0,191.01099549640205
2035-11-25 12:00:00,0.0,83.95051160088782
2035-11-25 13:00:00,0.0,3.3014246135180607
2035-11-25 14:00:00,0.0,0.0
2035-11-25 15:00:00,0.0,0.0
2035-11-25 16:00:00,0.0,0.0
2035-11-25 17:00:00,0.0,0.0
2035-11-25 18:00:00,0.0,0.0
2035-11-25 19:00:00,0.0,0.0
2035-11-25 20:00:00,0.0,0.0
2035-11-25 21:00:00,0.0,0.0
2035-11-25 22:00:00,0.0,0.0
2035-11-25 23:00:00,0.0,0.0
2035-11-26 00:00:00,0.0,0.0
2035-11-26 01:00:00,0.0,0.0
2035-11-26 02:00:00,0.0,0.0
2035-11-26 03:00:00,0.0,61.31217139390684
2035-11-26 04:00:00,0.0,168.37265528942106
2035-11-26 05:00:00,0.0,251.85153480266342
2035-11-26 06:00:00,0.0,305.6175927942433
2035-11-26 07:00:00,0.0,332.9722538776786
2035-11-26 08:00:00,0.0,336.7453105788422
2035-11-26 09:00:00,0.0,316.9367628977338
2035-11-26 10:00:00,0.0,273.54661083435354
2035-11-26 11:00:00,0.0,201.38690142460166
2035-11-26 12:00:00,0.0,103.75905928199617
2035-11-26 13:00:00,0.0,4.244688788808935
2035-11-26 14:00:00,0.0,0.0
2035-11-26 15:00:00,0.0,0.0
2035-11-26 16:00:00,0.0,0.0
2035-11-26 17:00:00,0.0,0.0
2035-11-26 18:00:00,0.0,0.0
2035-11-26 19:00:00,0.0,0.0
2035-11-26 20:00:00,0.0,0.0
2035-11-26 21:00:00,0.0,0.0
2035-11-26 22:00:00,0.0,0.0
2035-11-26 23:00:00,0.0,0.0
2035-11-27 00:00:00,0.0,0.0
2035-11-27 01:00:00,0.0,0.0
2035-11-27 02:00:00,0.0,0.0
2035-11-27 03:00:00,0.0,66.97175644565208
2035-11-27 04:00:00,0.0,175.91876869174806
2035-11-27 05:00:00,0.0,257.98275194205416
2035-11-27 06:00:00,0.0,312.6920741089248
2035-11-27 07:00:00,0.0,340.51836728000563
2035-11-27 08:00:00,0.0,344.29142398116915
2035-11-27 09:00:00,0.0,324.48287630006075
2035-11-27 10:00:00,0.0,280.1494600613897
2035-11-27 11:00:00,0.0,208.93301482692866
2035-11-27 12:00:00,0.0,110.83354059667774
2035-11-27 13:00:00,0.0,5.187952964099809
2035-11-27 14:00:00,0.0,0.0
2035-11-27 15:00:00,0.0,0.0
2035-11-27 16:00:00,0.0,0.0
2035-11-27 17:00:00,0.0,0.0
2035-11-27 18:00:00,0.0,0.0
2035-11-27 19:00:00,0.0,0.0
2035-11-27 20:00:00,0.0,0.0
2035-11-27 21:00:00,0.0,0.0
2035-11-27 22:00:00,0.0,0.0
2035-11-27 23:00:00,0.0,0.0
2035-11-28 00:00:00,0.0,0.0
2035-11-28 01:00:00,0.0,0.0
2035-11-28 02:00:00,0.0,0.0
2035-11-28 03:00:00,0.0,56.59585051745246
2035-11-28 04:00:00,0.0,170.25918364000282
2035-11-28 05:00:00,0.0,251.85153480266342
2035-11-28 06:00:00,0.0,300.9012719177889
2035-11-28 07:00:00,0.0,333.9155180529695
2035-11-28 08:00:00,0.0,339.10347101706935
2035-11-28 09:00:00,0.0,317.4083949853793
2035-11-28 10:00:00,0.0,270.2451862208355
2035-11-28 11:00:00,0.0,200.4436372493108
2035-11-28 12:00:00,0.0,103.75905928199617
2035-11-28 13:00:00,0.0,4.716320876454372
2035-11-28 14:00:00,0.0,0.0
2035-11-28 15:00:00,0.0,0.0
2035-11-28 16:00:00,0.0,0.0
2035-11-28 17:00:00,0.0,0.0
2035-11-28 18:00:00,0.0,0.0
2035-11-28 19:00:00,0.0,0.0
2035-11-28 20:00:00,0.0,0.0
2035-11-28 21:00:00,0.0,0.0
2035-11-28 22:00:00,0.0,0.0
2035-11-28 23:00:00,0.0,0.0
2035-11-29 00:00:00,0.0,0.0
2035-11-29 01:00:00,0.0,0.0
2035-11-29 02:00:00,0.0,0.0
2035-11-29 03:00:00,0.0,74.51786984797907
2035-11-29 04:00:00,0.0,183.9365141817205
2035-11-29 05:00:00,0.0,265.52886534438113
2035-11-29 06:00:00,0.0,318.3516591606701
2035-11-29 07:00:00,0.0,344.76305606881454
2035-11-29 08:00:00,0.0,347.5928485946872
2035-11-29 09:00:00,0.0,326.8410367382879
2035-11-29 10:00:00,0.0,281.564356324326
2035-11-29 11:00:00,0.0,209.87627900221955
2035-11-29 12:00:00,0.0,110.83354059667774
2035-11-29 13:00:00,0.0,5.187952964099809
2035-11-29 14:00:00,0.0,0.0
2035-11-29 15:00:00,0.0,0.0
2035-11-29 16:00:00,0.0,0.0
2035-11-29 17:00:00,0.0,0.0
2035-11-29 18:00:00,0.0,0.0
2035-11-29 19:00:00,0.0,0.0
2035-11-29 20:00:00,0.0,0.0
2035-11-29 21:00:00,0.0,0.0
2035-11-29 22:00:00,0.0,0.0
2035-11-29 23:00:00,0.0,0.0
2035-11-30 00:00:00,0.0,0.0
2035-11-30 01:00:00,0.0,0.0
2035-11-30 02:00:00,0.0,0.0
2035-11-30 03:00:00,0.0,72.1597094097519
2035-11-30 04:00:00,0.0,182.04998583113877
2035-11-30 05:00:00,0.0,262.6990728185085
2035-11-30 06:00:00,0.0,315.5218666347975
2035-11-30 07:00:00,0.0,342.40489563058736
2035-11-30 08:00:00,0.0,345.23468815646004
2035-11-30 09:00:00,0.0,324.48287630006075
2035-11-30 10:00:00,0.0,279.20619588609884
2035-11-30 11:00:00,0.0,206.57485438870148
2035-11-30 12:00:00,0.0,110.36190850903229
2035-11-30 13:00:00,0.0,5.659585051745246
2035-11-30 14:00:00,0.0,0.0
2035-11-30 15:00:00,0.0,0.0
2035-11-30 16:00:00,0.0,0.0
2035-11-30 17:00:00,0.0,0.0
2035-11-30 18:00:00,0.0,0.0
2035-11-30 19:00:00,0.0,0.0
2035-11-30 20:00:00,0.0,0.0
2035-11-30 21:00:00,0.0,0.0
2035-11-30 22:00:00,0.0,0.0
2035-11-30 23:00:00,0.0,0.0
2035-12-01 00:00:00,0.0,0.0
2035-12-01 01:00:00,0.0,0.0
2035-12-01 02:00:00,0.0,0.0
2035-12-01 03:00:00,0.0,71.68807732210645
2035-12-01 04:00:00,0.0,180.63508956820243
2035-12-01 05:00:00,0.0,262.6990728185085
2035-12-01 06:00:00,0.0,315.050234547152
2035-12-01 07:00:00,0.0,342.40489563058736
2035-12-01 08:00:00,0.0,345.7063202441054
2035-12-01 09:00:00,0.0,325.42614047535164
2035-12-01 10:00:00,0.0,281.09272423668057
2035-12-01 11:00:00,0.0,209.87627900221955
2035-12-01 12:00:00,0.0,111.30517268432318
2035-12-01 13:00:00,0.0,5.187952964099809
2035-12-01 14:00:00,0.0,0.0
2035-12-01 15:00:00,0.0,0.0
2035-12-01 16:00:00,0.0,0.0
2035-12-01 17:00:00,0.0,0.0
2035-12-01 18:00:00,0.0,0.0
2035-12-01 19:00:00,0.0,0.0
2035-12-01 20:00:00,0.0,0.0
2035-12-01 21:00:00,0.0,0.0
2035-12-01 22:00:00,0.0,0.0
2035-12-01 23:00:00,0.0,0.0
2035-12-02 00:00:00,0.0,0.0
2035-12-02 01:00:00,0.0,0.0
2035-12-02 02:00:00,0.0,0.0
2035-12-02 03:00:00,0.0,60.8405393062614
2035-12-02 04:00:00,0.0,162.24143815003038
2035-12-02 05:00:00,0.0,254.20969524089065
2035-12-02 06:00:00,0.0,300.4296398301435
2035-12-02 07:00:00,0.0,329.6708292641606
2035-12-02 08:00:00,0.0,327.7843009135788
2035-12-02 09:00:00,0.0,309.3906494954068
2035-12-02 10:00:00,0.0,258.45438402969955
2035-12-02 11:00:00,0.0,187.23793879523856
2035-12-02 12:00:00,0.0,72.63134149739733
2035-12-02 13:00:00,0.0,1.8865283505817487
2035-12-02 14:00:00,0.0,0.0
2035-12-02 15:00:00,0.0,0.0
2035-12-02 16:00:00,0.0,0.0
2035-12-02 17:00:00,0.0,0.0
2035-12-02 18:00:00,0.0,0.0
2035-12-02 19:00:00,0.0,0.0
2035-12-02 20:00:00,0.0,0.0
2035-12-02 21:00:00,0.0,0.0
2035-12-02 22:00:00,0.0,0.0
2035-12-02 23:00:00,0.0,0.0
2035-12-03 00:00:00,0.0,0.0
2035-12-03 01:00:00,0.0,0.0
2035-12-03 02:00:00,0.0,0.0
2035-12-03 03:00:00,0.0,49.521369202770906
2035-12-03 04:00:00,0.0,136.77330541717677
2035-12-03 05:00:00,0.0,214.59259987867392
2035-12-03 06:00:00,0.0,290.5253659895893
2035-12-03 07:00:00,0.0,325.42614047535164
2035-12-03 08:00:00,0.0,328.25593300122426
2035-12-03 09:00:00,0.0,305.14596070659786
2035-12-03 10:00:00,0.0,255.15295941618155
2035-12-03 11:00:00,0.0,174.9755045164572
2035-12-03 12:00:00,0.0,79.23419072443345
2035-12-03 13:00:00,0.0,2.829792525872623
2035-12-03 14:00:00,0.0,0.0
2035-12-03 15:00:00,0.0,0.0
2035-12-03 16:00:00,0.0,0.0
2035-12-03 17:00:00,0.0,0.0
2035-12-03 18:00:00,0.0,0.0
2035-12-03 19:00:00,0.0,0.0
2035-12-03 20:00:00,0.0,0.0
2035-12-03 21:00:00,0.0,0.0
2035-12-03 22:00:00,0.0,0.0
2035-12-03 23:00:00,0.0,0.0
2035-12-04 00:00:00,0.0,0.0
2035-12-04 01:00:00,0.0,0.0
2035-12-04 02:00:00,0.0,0.0
2035-12-04 03:00:00,0.0,55.180954254516145
2035-12-04 04:00:00,0.0,155.16695683534883
2035-12-04 05:00:00,0.0,232.5146192092005
2035-12-04 06:00:00,0.0,286.7523092884258
2035-12-04 07:00:00,0.0,315.5218666347975
2035-12-04 08:00:00,0.0,319.29492333596096
2035-12-04 09:00:00,0.0,305.6175927942433
2035-12-04 10:00:00,0.0,270.7168183084809
2035-12-04 11:00:00,0.0,201.8585335122471
2035-12-04 12:00:00,0.0,103.28742719435074
2035-12-04 13:00:00,0.0,3.7730567011634975
2035-12-04 14:00:00,0.0,0.0
2035-12-04 15:00:00,0.0,0.0
2035-12-04 16:00:00,0.0,0.0
2035-12-04 17:00:00,0.0,0.0
2035-12-04 18:00:00,0.0,0.0
2035-12-04 19:00:00,0.0,0.0
2035-12-04 20:00:00,0.0,0.0
2035-12-04 21:00:00,0.0,0.0
2035-12-04 22:00:00,0.0,0.0
2035-12-04 23:00:00,0.0,0.0
2035-12-05 00:00:00,0.0,0.0
2035-12-05 01:00:00,0.0,0.0
2035-12-05 02:00:00,0.0,0.0
2035-12-05 03:00:00,0.0,49.99300129041634
2035-12-05 04:00:00,0.0,154.6953247477034
2035-12-05 05:00:00,0.0,241.47562887446384
2035-12-05 06:00:00,0.0,297.12821521662545
2035-12-05 07:00:00,0.0,325.42614047535164
2035-12-05 08:00:00,0.0,327.31266882593343
2035-12-05 09:00:00,0.0,272.13171457141726
2035-12-05 10:00:00,0.0,215.06423196631937
2035-12-05 11:00:00,0.0,133.47188080365873
2035-12-05 12:00:00,0.0,54.70932216687072
2035-12-05 13:00:00,0.0,0.0
2035-12-05 14:00:00,0.0,0.0
2035-12-05 15:00:00,0.0,0.0
2035-12-05 16:00:00,0.0,0.0
2035-12-05 17:00:00,0.0,0.0
2035-12-05 18:00:00,0.0,0.0
2035-12-05 19:00:00,0.0,0.0
2035-12-05 20:00:00,0.0,0.0
2035-12-05 21:00:00,0.0,0.0
2035-12-05 22:00:00,0.0,0.0
2035-12-05 23:00:00,0.0,0.0
2035-12-06 00:00:00,0.0,0.0
2035-12-06 01:00:00,0.0,0.0
2035-12-06 02:00:00,0.0,0.0
2035-12-06 03:00:00,0.0,28.29792525872623
2035-12-06 04:00:00,0.0,103.75905928199617
2035-12-06 05:00:00,0.0,175.91876869174806
2035-12-06 06:00:00,0.0,239.58910052388208
2035-12-06 07:00:00,0.0,272.13171457141726
2035-12-06 08:00:00,0.0,273.0749787467081
2035-12-06 09:00:00,0.0,250.43663853972714
2035-12-06 10:00:00,0.0,204.21669395047428
2035-12-06 11:00:00,0.0,136.30167332953133
2035-12-06 12:00:00,0.0,58.01074678038878
2035-12-06 13:00:00,0.0,0.0
2035-12-06 14:00:00,0.0,0.0
2035-12-06 15:00:00,0.0,0.0
2035-12-06 16:00:00,0.0,0.0
2035-12-06 17:00:00,0.0,0.0
2035-12-06 18:00:00,0.0,0.0
2035-12-06 19:00:00,0.0,0.0
2035-12-06 20:00:00,0.0,0.0
2035-12-06 21:00:00,0.0,0.0
2035-12-06 22:00:00,0.0,0.0
2035-12-06 23:00:00,0.0,0.0
2035-12-07 00:00:00,0.0,0.0
2035-12-07 01:00:00,0.0,0.0
2035-12-07 02:00:00,0.0,0.0
2035-12-07 03:00:00,0.0,25.939764820499043
2035-12-07 04:00:00,0.0,95.74131379202375
2035-12-07 05:00:00,0.0,189.59609923346576
2035-12-07 06:00:00,0.0,258.45438402969955
2035-12-07 07:00:00,0.0,296.18495104133456
2035-12-07 08:00:00,0.0,295.24168686604366
2035-12-07 09:00:00,0.0,261.7558086432177
2035-12-07 10:00:00,0.0,199.97200516166535
2035-12-07 11:00:00,0.0,135.35840915424046
2035-12-07 12:00:00,0.0,51.407897553352655
2035-12-07 13:00:00,0.0,0.0
2035-12-07 14:00:00,0.0,0.0
2035-12-07 15:00:00,0.0,0.0
2035-12-07 16:00:00,0.0,0.0
2035-12-07 17:00:00,0.0,0.0
2035-12-07 18:00:00,0.0,0.0
2035-12-07 19:00:00,0.0,0.0
2035-12-07 20:00:00,0.0,0.0
2035-12-07 21:00:00,0.0,0.0
2035-12-07 22:00:00,0.0,0.0
2035-12-07 23:00:00,0.0,0.0
2035-12-08 00:00:00,0.0,0.0
2035-12-08 01:00:00,0.0,0.0
2035-12-08 02:00:00,0.0,0.0
2035-12-08 03:00:00,0.0,30.18445360930798
2035-12-08 04:00:00,0.0,107.53211598315968
2035-12-08 05:00:00,0.0,203.74506186282886
2035-12-08 06:00:00,0.0,265.0572332567357
2035-12-08 07:00:00,0.0,295.7133189536891
2035-12-08 08:00:00,0.0,304.20269653130697
2035-12-08 09:00:00,0.0,295.24168686604366
2035-12-08 10:00:00,0.0,249.0217422767908
2035-12-08 11:00:00,0.0,174.50387242881175
2035-12-08 12:00:00,0.0,78.29092654914258
2035-12-08 13:00:00,0.0,1.4148962629363115
2035-12-08 14:00:00,0.0,0.0
2035-12-08 15:00:00,0.0,0.0
2035-12-08 16:00:00,0.0,0.0
2035-12-08 17:00:00,0.0,0.0
2035-12-08 18:00:00,0.0,0.0
2035-12-08 19:00:00,0.0,0.0
2035-12-08 20:00:00,0.0,0.0
2035-12-08 21:00:00,0.0,0.0
2035-12-08 22:00:00,0.0,0.0
2035-12-08 23:00:00,0.0,0.0
2035-12-09 00:00:00,0.0,0.0
2035-12-09 01:00:00,0.0,0.0
2035-12-09 02:00:00,0.0,0.0
2035-12-09 03:00:00,0.0,48.578105027480035
2035-12-09 04:00:00,0.0,148.09247552066728
2035-12-09 05:00:00,0.0,235.8160438227186
2035-12-09 06:00:00,0.0,291.9402622525256
2035-12-09 07:00:00,0.0,320.23818751125185
2035-12-09 08:00:00,0.0,323.53961212477
2035-12-09 09:00:00,0.0,299.4863756548526
2035-12-09 10:00:00,0.0,255.15295941618155
2035-12-09 11:00:00,0.0,182.99325000642963
2035-12-09 12:00:00,0.0,86.30867203911501
2035-12-09 13:00:00,0.0,1.8865283505817487
2035-12-09 14:00:00,0.0,0.0
2035-12-09 15:00:00,0.0,0.0
2035-12-09 16:00:00,0.0,0.0
2035-12-09 17:00:00,0.0,0.0
2035-12-09 18:00:00,0.0,0.0
2035-12-09 19:00:00,0.0,0.0
2035-12-09 20:00:00,0.0,0.0
2035-12-09 21:00:00,0.0,0.0
2035-12-09 22:00:00,0.0,0.0
2035-12-09 23:00:00,0.0,0.0
2035-12-10 00:00:00,0.0,0.0
2035-12-10 01:00:00,0.0,0.0
2035-12-10 02:00:00,0.0,0.0
2035-12-10 03:00:00,0.0,53.76605799157984
2035-12-10 04:00:00,0.0,158.4683814488669
2035-12-10 05:00:00,0.0,241.00399678681842
2035-12-10 06:00:00,0.0,299.4863756548526
2035-12-10 07:00:00,0.0,328.25593300122426
2035-12-10 08:00:00,0.0,332.0289897023878
2035-12-10 09:00:00,0.0,313.16370619657033
2035-12-10 10:00:00,0.0,269.7735541331901
2035-12-10 11:00:00,0.0,199.5003730740199
2035-12-10 12:00:00,0.0,101.87253093141443
2035-12-10 13:00:00,0.0,3.3014246135180607
2035-12-10 14:00:00,0.0,0.0
2035-12-10 15:00:00,0.0,0.0
2035-12-10 16:00:00,0.0,0.0
2035-12-10 17:00:00,0.0,0.0
2035-12-10 18:00:00,0.0,0.0
2035-12-10 19:00:00,0.0,0.0
2035-12-10 20:00:00,0.0,0.0
2035-12-10 21:00:00,0.0,0.0
2035-12-10 22:00:00,0.0,0.0
2035-12-10 23:00:00,0.0,0.0
2035-12-11 00:00:00,0.0,0.0
2035-12-11 01:00:00,0.0,0.0
2035-12-11 02:00:00,0.0,0.0
2035-12-11 03:00:00,0.0,66.97175644565208
2035-12-11 04:00:00,0.0,175.91876869174806
2035-12-11 05:00:00,0.0,257.0394877667633
2035-12-11 06:00:00,0.0,308.9190174077614
2035-12-11 07:00:00,0.0,335.3304143159058
2035-12-11 08:00:00,0.0,337.688574754133
2035-12-11 09:00:00,0.0,316.9367628977338
2035-12-11 10:00:00,0.0,272.13171457141726
2035-12-11 11:00:00,0.0,201.38690142460166
2035-12-11 12:00:00,0.0,104.23069136964162
2035-12-11 13:00:00,0.0,3.7730567011634975
2035-12-11 14:00:00,0.0,0.0
2035-12-11 15:00:00,0.0,0.0
2035-12-11 16:00:00,0.0,0.0
2035-12-11 17:00:00,0.0,0.0
2035-12-11 18:00:00,0.0,0.0
2035-12-11 19:00:00,0.0,0.0
2035-12-11 20:00:00,0.0,0.0
2035-12-11 21:00:00,0.0,0.0
2035-12-11 22:00:00,0.0,0.0
2035-12-11 23:00:00,0.0,0.0
2035-12-12 00:00:00,0.0,0.0
2035-12-12 01:00:00,0.0,0.0
2035-12-12 02:00:00,0.0,0.0
2035-12-12 03:00:00,0.0,58.48237886803421
2035-12-12 04:00:00,0.0,164.59959858825758
2035-12-12 05:00:00,0.0,245.72031766327277
2035-12-12 06:00:00,0.0,298.0714793919163
2035-12-12 07:00:00,0.0,324.01124421241536
2035-12-12 08:00:00,0.0,326.8410367382879
2035-12-12 09:00:00,0.0,304.20269653130697
2035-12-12 10:00:00,0.0,258.45438402969955
2035-12-12 11:00:00,0.0,185.35141044465684
2035-12-12 12:00:00,0.0,87.72356830205132
2035-12-12 13:00:00,0.0,0.9432641752908744
2035-12-12 14:00:00,0.0,0.0
2035-12-12 15:00:00,0.0,0.0
2035-12-12 16:00:00,0.0,0.0
2035-12-12 17:00:00,0.0,0.0
2035-12-12 18:00:00,0.0,0.0
2035-12-12 19:00:00,0.0,0.0
2035-12-12 20:00:00,0.0,0.0
2035-12-12 21:00:00,0.0,0.0
2035-12-12 22:00:00,0.0,0.0
2035-12-12 23:00:00,0.0,0.0
2035-12-13 00:00:00,0.0,0.0
2035-12-13 01:00:00,0.0,0.0
2035-12-13 02:00:00,0.0,0.0
2035-12-13 03:00:00,0.0,66.50012435800663
2035-12-13 04:00:00,0.0,178.74856121762068
2035-12-13 05:00:00,0.0,260.8125444679267
2035-12-13 06:00:00,0.0,313.6353382842157
2035-12-13 07:00:00,0.0,340.51836728000563
2035-12-13 08:00:00,0.0,343.34815980587825
2035-12-13 09:00:00,0.0,323.53961212477
2035-12-13 10:00:00,0.0,278.7345637984534
2035-12-13 11:00:00,0.0,207.51811856399235
2035-12-13 12:00:00,0.0,109.41864433374143
2035-12-13 13:00:00,0.0,4.244688788808935
2035-12-13 14:00:00,0.0,0.0
2035-12-13 15:00:00,0.0,0.0
2035-12-13 16:00:00,0.0,0.0
2035-12-13 17:00:00,0.0,0.0
2035-12-13 18:00:00,0.0,0.0
2035-12-13 19:00:00,0.0,0.0
2035-12-13 20:00:00,0.0,0.0
2035-12-13 21:00:00,0.0,0.0
2035-12-13 22:00:00,0.0,0.0
2035-12-13 23:00:00,0.0,0.0
2035-12-14 00:00:00,0.0,0.0
2035-12-14 01:00:00,0.0,0.0
2035-12-14 02:00:00,0.0,0.0
2035-12-14 03:00:00,0.0,67.44338853329752
2035-12-14 04:00:00,0.0,175.44713660410264
2035-12-14 05:00:00,0.0,255.624591503827
2035-12-14 06:00:00,0.0,307.03248905717965
2035-12-14 07:00:00,0.0,333.4438859653241
2035-12-14 08:00:00,0.0,336.2736784911967
2035-12-14 09:00:00,0.0,315.9934987224429
2035-12-14 10:00:00,0.0,272.13171457141726
2035-12-14 11:00:00,0.0,201.38690142460166
2035-12-14 12:00:00,0.0,102.34416301905986
2035-12-14 13:00:00,0.0,3.3014246135180607
2035-12-14 14:00:00,0.0,0.0
2035-12-14 15:00:00,0.0,0.0
2035-12-14 16:00:00,0.0,0.0
2035-12-14 17:00:00,0.0,0.0
2035-12-14 18:00:00,0.0,0.0
2035-12-14 19:00:00,0.0,0.0
2035-12-14 20:00:00,0.0,0.0
2035-12-14 21:00:00,0.0,0.0
2035-12-14 22:00:00,0.0,0.0
2035-12-14 23:00:00,0.0,0.0
2035-12-15 00:00:00,0.0,0.0
2035-12-15 01:00:00,0.0,0.0
2035-12-15 02:00:00,0.0,0.0
2035-12-15 03:00:00,0.0,61.31217139390684
2035-12-15 04:00:00,0.0,168.8442873770665
2035-12-15 05:00:00,0.0,250.43663853972714
2035-12-15 06:00:00,0.0,304.20269653130697
2035-12-15 07:00:00,0.0,331.55735761474233
2035-12-15 08:00:00,0.0,335.3304143159058
2035-12-15 09:00:00,0.0,315.9934987224429
2035-12-15 10:00:00,0.0,271.6600824837718
2035-12-15 11:00:00,0.0,200.4436372493108
2035-12-15 12:00:00,0.0,101.400898843769
2035-12-15 13:00:00,0.0,3.3014246135180607
2035-12-15 14:00:00,0.0,0.0
2035-12-15 15:00:00,0.0,0.0
2035-12-15 16:00:00,0.0,0.0
2035-12-15 17:00:00,0.0,0.0
2035-12-15 18:00:00,0.0,0.0
2035-12-15 19:00:00,0.0,0.0
2035-12-15 20:00:00,0.0,0.0
2035-12-15 21:00:00,0.0,0.0
2035-12-15 22:00:00,0.0,0.0
2035-12-15 23:00:00,0.0,0.0
2035-12-16 00:00:00,0.0,0.0
2035-12-16 01:00:00,0.0,0.0
2035-12-16 02:00:00,0.0,0.0
2035-12-16 03:00:00,0.0,63.670331832134025
2035-12-16 04:00:00,0.0,170.73081572764823
2035-12-16 05:00:00,0.0,251.85153480266342
2035-12-16 06:00:00,0.0,302.7878002683707
2035-12-16 07:00:00,0.0,330.14246135180605
2035-12-16 08:00:00,0.0,333.9155180529695
2035-12-16 09:00:00,0.0,314.1069703718612
2035-12-16 10:00:00,0.0,266.94376160731747
2035-12-16 11:00:00,0.0,194.78405219756553
2035-12-16 12:00:00,0.0,94.32641752908744
2035-12-16 13:00:00,0.0,2.829792525872623
2035-12-16 14:00:00,0.0,0.0
2035-12-16 15:00:00,0.0,0.0
2035-12-16 16:00:00,0.0,0.0
2035-12-16 17:00:00,0.0,0.0
2035-12-16 18:00:00,0.0,0.0
2035-12-16 19:00:00,0.0,0.0
2035-12-16 20:00:00,0.0,0.0
2035-12-16 21:00:00,0.0,0.0
2035-12-16 22:00:00,0.0,0.0
2035-12-16 23:00:00,0.0,0.0
2035-12-17 00:00:00,0.0,0.0
2035-12-17 01:00:00,0.0,0.0
2035-12-17 02:00:00,0.0,0.0
2035-12-17 03:00:00,0.0,41.03199162515303
2035-12-17 04:00:00,0.0,132.52861662836784
2035-12-17 05:00:00,0.0,243.3621572250456
2035-12-17 06:00:00,0.0,289.110469726653
2035-12-17 07:00:00,0.0,330.14246135180605
2035-12-17 08:00:00,0.0,335.8020464035513
2035-12-17 09:00:00,0.0,315.9934987224429
2035-12-17 10:00:00,0.0,275.4331391849353
2035-12-17 11:00:00,0.0,203.74506186282886
2035-12-17 12:00:00,0.0,89.61009665263306
2035-12-17 13:00:00,0.0,1.8865283505817487
2035-12-17 14:00:00,0.0,0.0
2035-12-17 15:00:00,0.0,0.0
2035-12-17 16:00:00,0.0,0.0
2035-12-17 17:00:00,0.0,0.0
2035-12-17 18:00:00,0.0,0.0
2035-12-17 19:00:00,0.0,0.0
2035-12-17 20:00:00,0.0,0.0
2035-12-17 21:00:00,0.0,0.0
2035-12-17 22:00:00,0.0,0.0
2035-12-17 23:00:00,0.0,0.0
2035-12-18 00:00:00,0.0,0.0
2035-12-18 01:00:00,0.0,0.0
2035-12-18 02:00:00,0.0,0.0
2035-12-18 03:00:00,0.0,37.258934923989536
2035-12-18 04:00:00,0.0,130.17045619014067
2035-12-18 05:00:00,0.0,211.29117526515589
2035-12-18 06:00:00,0.0,285.33741302548947
2035-12-18 07:00:00,0.0,331.55735761474233
2035-12-18 08:00:00,0.0,336.7453105788422
2035-12-18 09:00:00,0.0,318.3516591606701
2035-12-18 10:00:00,0.0,275.9047712725808
2035-12-18 11:00:00,0.0,205.63159021341062
2035-12-18 12:00:00,0.0,105.1739555449325
2035-12-18 13:00:00,0.0,3.3014246135180607
2035-12-18 14:00:00,0.0,0.0
2035-12-18 15:00:00,0.0,0.0
2035-12-18 16:00:00,0.0,0.0
2035-12-18 17:00:00,0.0,0.0
2035-12-18 18:00:00,0.0,0.0
2035-12-18 19:00:00,0.0,0.0
2035-12-18 20:00:00,0.0,0.0
2035-12-18 21:00:00,0.0,0.0
2035-12-18 22:00:00,0.0,0.0
2035-12-18 23:00:00,0.0,0.0
2035-12-19 00:00:00,0.0,0.0
2035-12-19 01:00:00,0.0,0.0
2035-12-19 02:00:00,0.0,0.0
2035-12-19 03:00:00,0.0,54.70932216687072
2035-12-19 04:00:00,0.0,168.8442873770665
2035-12-19 05:00:00,0.0,250.9082706273726
2035-12-19 06:00:00,0.0,303.7310644436616
2035-12-19 07:00:00,0.0,330.14246135180605
2035-12-19 08:00:00,0.0,332.5006217900332
2035-12-19 09:00:00,0.0,311.27717784598855
2035-12-19 10:00:00,0.0,262.2274407308631
2035-12-19 11:00:00,0.0,189.12446714582032
2035-12-19 12:00:00,0.0,91.96825709086025
2035-12-19 13:00:00,0.0,1.8865283505817487
2035-12-19 14:00:00,0.0,0.0
2035-12-19 15:00:00,0.0,0.0
2035-12-19 16:00:00,0.0,0.0
2035-12-19 17:00:00,0.0,0.0
2035-12-19 18:00:00,0.0,0.0
2035-12-19 19:00:00,0.0,0.0
2035-12-19 20:00:00,0.0,0.0
2035-12-19 21:00:00,0.0,0.0
2035-12-19 22:00:00,0.0,0.0
2035-12-19 23:00:00,0.0,0.0
2035-12-20 00:00:00,0.0,0.0
2035-12-20 01:00:00,0.0,0.0
2035-12-20 02:00:00,0.0,0.0
2035-12-20 03:00:00,0.0,43.86178415102566
2035-12-20 04:00:00,0.0,144.7910509071492
2035-12-20 05:00:00,0.0,229.6848266833279
2035-12-20 06:00:00,0.0,299.4863756548526
2035-12-20 07:00:00,0.0,325.8977725629971
2035-12-20 08:00:00,0.0,328.25593300122426
2035-12-20 09:00:00,0.0,302.3161681807252
2035-12-20 10:00:00,0.0,254.6813273285361
2035-12-20 11:00:00,0.0,179.22019330526612
2035-12-20 12:00:00,0.0,78.762558636788
2035-12-20 13:00:00,0.0,0.0
2035-12-20 14:00:00,0.0,0.0
2035-12-20 15:00:00,0.0,0.0
2035-12-20 16:00:00,0.0,0.0
2035-12-20 17:00:00,0.0,0.0
2035-12-20 18:00:00,0.0,0.0
2035-12-20 19:00:00,0.0,0.0
2035-12-20 20:00:00,0.0,0.0
2035-12-20 21:00:00,0.0,0.0
2035-12-20 22:00:00,0.0,0.0
2035-12-20 23:00:00,0.0,0.0
2035-12-21 00:00:00,0.0,0.0
2035-12-21 01:00:00,0.0,0.0
2035-12-21 02:00:00,0.0,0.0
2035-12-21 03:00:00,0.0,52.351161728643525
2035-12-21 04:00:00,0.0,160.35490979944865
2035-12-21 05:00:00,0.0,245.24868557562735
2035-12-21 06:00:00,0.0,300.9012719177889
2035-12-21 07:00:00,0.0,329.19919717651516
2035-12-21 08:00:00,0.0,331.0857255270968
2035-12-21 09:00:00,0.0,305.6175927942433
2035-12-21 10:00:00,0.0,256.5678556791178
2035-12-21 11:00:00,0.0,170.25918364000282
2035-12-21 12:00:00,0.0,77.81929446149714
2035-12-21 13:00:00,0.0,0.9432641752908744
2035-12-21 14:00:00,0.0,0.0
2035-12-21 15:00:00,0.0,0.0
2035-12-21 16:00:00,0.0,0.0
2035-12-21 17:00:00,0.0,0.0
2035-12-21 18:00:00,0.0,0.0
2035-12-21 19:00:00,0.0,0.0
2035-12-21 20:00:00,0.0,0.0
2035-12-21 21:00:00,0.0,0.0
2035-12-21 22:00:00,0.0,0.0
2035-12-21 23:00:00,0.0,0.0
2035-12-22 00:00:00,0.0,0.0
2035-12-22 01:00:00,0.0,0.0
2035-12-22 02:00:00,0.0,0.0
2035-12-22 03:00:00,0.0,58.48237886803421
2035-12-22 04:00:00,0.0,165.5428627635484
2035-12-22 05:00:00,0.0,248.07847810149997
2035-12-22 06:00:00,0.0,301.37290400543435
2035-12-22 07:00:00,0.0,329.6708292641606
2035-12-22 08:00:00,0.0,332.0289897023878
2035-12-22 09:00:00,0.0,310.80554575834316
2035-12-22 10:00:00,0.0,268.35865787025375
2035-12-22 11:00:00,0.0,199.97200516166535
2035-12-22 12:00:00,0.0,100.45763466847812
2035-12-22 13:00:00,0.0,2.829792525872623
2035-12-22 14:00:00,0.0,0.0
2035-12-22 15:00:00,0.0,0.0
2035-12-22 16:00:00,0.0,0.0
2035-12-22 17:00:00,0.0,0.0
2035-12-22 18:00:00,0.0,0.0
2035-12-22 19:00:00,0.0,0.0
2035-12-22 20:00:00,0.0,0.0
2035-12-22 21:00:00,0.0,0.0
2035-12-22 22:00:00,0.0,0.0
2035-12-22 23:00:00,0.0,0.0
2035-12-23 00:00:00,0.0,0.0
2035-12-23 01:00:00,0.0,0.0
2035-12-23 02:00:00,0.0,0.0
2035-12-23 03:00:00,0.0,73.5746056726882
2035-12-23 04:00:00,0.0,184.8797783570114
2035-12-23 05:00:00,0.0,266.0004974320266
2035-12-23 06:00:00,0.0,319.29492333596096
2035-12-23 07:00:00,0.0,345.7063202441054
2035-12-23 08:00:00,0.0,349.0077448576235
2035-12-23 09:00:00,0.0,328.72756508886965
2035-12-23 10:00:00,0.0,282.9792525872623
2035-12-23 11:00:00,0.0,210.347911089865
2035-12-23 12:00:00,0.0,108.947012246096
2035-12-23 13:00:00,0.0,4.244688788808935
2035-12-23 14:00:00,0.0,0.0
2035-12-23 15:00:00,0.0,0.0
2035-12-23 16:00:00,0.0,0.0
2035-12-23 17:00:00,0.0,0.0
2035-12-23 18:00:00,0.0,0.0
2035-12-23 19:00:00,0.0,0.0
2035-12-23 20:00:00,0.0,0.0
2035-12-23 21:00:00,0.0,0.0
2035-12-23 22:00:00,0.0,0.0
2035-12-23 23:00:00,0.0,0.0
2035-12-24 00:00:00,0.0,0.0
2035-12-24 01:00:00,0.0,0.0
2035-12-24 02:00:00,0.0,0.0
2035-12-24 03:00:00,0.0,60.8405393062614
2035-12-24 04:00:00,0.0,174.9755045164572
2035-12-24 05:00:00,0.0,257.0394877667633
2035-12-24 06:00:00,0.0,301.8445360930798
2035-12-24 07:00:00,0.0,325.42614047535164
2035-12-24 08:00:00,0.0,326.3694046506425
2035-12-24 09:00:00,0.0,304.6743286189525
2035-12-24 10:00:00,0.0,259.8692802926359
2035-12-24 11:00:00,0.0,191.01099549640205
2035-12-24 12:00:00,0.0,95.74131379202375
2035-12-24 13:00:00,0.0,3.3014246135180607
2035-12-24 14:00:00,0.0,0.0
2035-12-24 15:00:00,0.0,0.0
2035-12-24 16:00:00,0.0,0.0
2035-12-24 17:00:00,0.0,0.0
2035-12-24 18:00:00,0.0,0.0
2035-12-24 19:00:00,0.0,0.0
2035-12-24 20:00:00,0.0,0.0
2035-12-24 21:00:00,0.0,0.0
2035-12-24 22:00:00,0.0,0.0
2035-12-24 23:00:00,0.0,0.0
2035-12-25 00:00:00,0.0,0.0
2035-12-25 01:00:00,0.0,0.0
2035-12-25 02:00:00,0.0,0.0
2035-12-25 03:00:00,0.0,79.70582281207889
2035-12-25 04:00:00,0.0,190.0677313211112
2035-12-25 05:00:00,0.0,270.2451862208355
2035-12-25 06:00:00,0.0,321.6530837741882
2035-12-25 07:00:00,0.0,348.0644806823326
2035-12-25 08:00:00,0.0,350.42264112055983
2035-12-25 09:00:00,0.0,331.55735761474233
2035-12-25 10:00:00,0.0,286.28067720078036
2035-12-25 11:00:00,0.0,214.12096779102848
2035-12-25 12:00:00,0.0,112.72006894725948
2035-12-25 13:00:00,0.0,5.187952964099809
2035-12-25 14:00:00,0.0,0.0
2035-12-25 15:00:00,0.0,0.0
2035-12-25 16:00:00,0.0,0.0
2035-12-25 17:00:00,0.0,0.0
2035-12-25 18:00:00,0.0,0.0
2035-12-25 19:00:00,0.0,0.0
2035-12-25 20:00:00,0.0,0.0
2035-12-25 21:00:00,0.0,0.0
2035-12-25 22:00:00,0.0,0.0
2035-12-25 23:00:00,0.0,0.0
2035-12-26 00:00:00,0.0,0.0
2035-12-26 01:00:00,0.0,0.0
2035-12-26 02:00:00,0.0,0.0
2035-12-26 03:00:00,0.0,58.48237886803421
2035-12-26 04:00:00,0.0,168.8442873770665
2035-12-26 05:00:00,0.0,258.926016117345
2035-12-26 06:00:00,0.0,304.20269653130697
2035-12-26 07:00:00,0.0,335.3304143159058
2035-12-26 08:00:00,0.0,321.18145168654274
2035-12-26 09:00:00,0.0,267.4153936949629
2035-12-26 10:00:00,0.0,206.57485438870148
2035-12-26 11:00:00,0.0,135.35840915424046
2035-12-26 12:00:00,0.0,58.48237886803421
2035-12-26 13:00:00,0.0,0.0
2035-12-26 14:00:00,0.0,0.0
2035-12-26 15:00:00,0.0,0.0
2035-12-26 16:00:00,0.0,0.0
2035-12-26 17:00:00,0.0,0.0
2035-12-26 18:00:00,0.0,0.0
2035-12-26 19:00:00,0.0,0.0
2035-12-26 20:00:00,0.0,0.0
2035-12-26 21:00:00,0.0,0.0
2035-12-26 22:00:00,0.0,0.0
2035-12-26 23:00:00,0.0,0.0
2035-12-27 00:00:00,0.0,0.0
2035-12-27 01:00:00,0.0,0.0
2035-12-27 02:00:00,0.0,0.0
2035-12-27 03:00:00,0.0,27.826293171080795
2035-12-27 04:00:00,0.0,89.13846456498761
2035-12-27 05:00:00,0.0,153.75206057241252
2035-12-27 06:00:00,0.0,204.21669395047428
2035-12-27 07:00:00,0.0,235.34441173507315
2035-12-27 08:00:00,0.0,238.64583634859122
2035-12-27 09:00:00,0.0,200.91526933695624
2035-12-27 10:00:00,0.0,156.58185309828517
2035-12-27 11:00:00,0.0,103.28742719435074
2035-12-27 12:00:00,0.0,43.39015206338022
2035-12-27 13:00:00,0.0,0.0
2035-12-27 14:00:00,0.0,0.0
2035-12-27 15:00:00,0.0,0.0
2035-12-27 16:00:00,0.0,0.0
2035-12-27 17:00:00,0.0,0.0
2035-12-27 18:00:00,0.0,0.0
2035-12-27 19:00:00,0.0,0.0
2035-12-27 20:00:00,0.0,0.0
2035-12-27 21:00:00,0.0,0.0
2035-12-27 22:00:00,0.0,0.0
2035-12-27 23:00:00,0.0,0.0
2035-12-28 00:00:00,0.0,0.0
2035-12-28 01:00:00,0.0,0.0
2035-12-28 02:00:00,0.0,0.0
2035-12-28 03:00:00,0.0,15.563858892299425
2035-12-28 04:00:00,0.0,63.19869974448858
2035-12-28 05:00:00,0.0,105.64558763257794
2035-12-28 06:00:00,0.0,132.0569845407224
2035-12-28 07:00:00,0.0,140.54636211834028
2035-12-28 08:00:00,0.0,133.00024871601326
2035-12-28 09:00:00,0.0,112.24843685961405
2035-12-28 10:00:00,0.0,86.78030412676044
2035-12-28 11:00:00,0.0,56.12421842980702
2035-12-28 12:00:00,0.0,22.16670811933555
2035-12-28 13:00:00,0.0,0.0
2035-12-28 14:00:00,0.0,0.0
2035-12-28 15:00:00,0.0,0.0
2035-12-28 16:00:00,0.0,0.0
2035-12-28 17:00:00,0.0,0.0
2035-12-28 18:00:00,0.0,0.0
2035-12-28 19:00:00,0.0,0.0
2035-12-28 20:00:00,0.0,0.0
2035-12-28 21:00:00,0.0,0.0
2035-12-28 22:00:00,0.0,0.0
2035-12-28 23:00:00,0.0,0.0
2035-12-29 00:00:00,0.0,0.0
2035-12-29 01:00:00,0.0,0.0
2035-12-29 02:00:00,0.0,0.0
2035-12-29 03:00:00,0.0,29.71282152166254
2035-12-29 04:00:00,0.0,105.64558763257794
2035-12-29 05:00:00,0.0,190.53936340875666
2035-12-29 06:00:00,0.0,218.3656565798374
2035-12-29 07:00:00,0.0,234.8727796474277
2035-12-29 08:00:00,0.0,234.4011475597823
2035-12-29 09:00:00,0.0,223.55360954393723
2035-12-29 10:00:00,0.0,178.27692912997523
2035-12-29 11:00:00,0.0,115.07822938548667
2035-12-29 12:00:00,0.0,41.03199162515303
2035-12-29 13:00:00,0.0,0.0
2035-12-29 14:00:00,0.0,0.0
2035-12-29 15:00:00,0.0,0.0
2035-12-29 16:00:00,0.0,0.0
2035-12-29 17:00:00,0.0,0.0
2035-12-29 18:00:00,0.0,0.0
2035-12-29 19:00:00,0.0,0.0
2035-12-29 20:00:00,0.0,0.0
2035-12-29 21:00:00,0.0,0.0
2035-12-29 22:00:00,0.0,0.0
2035-12-29 23:00:00,0.0,0.0
2035-12-30 00:00:00,0.0,0.0
2035-12-30 01:00:00,0.0,0.0
2035-12-30 02:00:00,0.0,0.0
2035-12-30 03:00:00,0.0,53.76605799157984
2035-12-30 04:00:00,0.0,158.94001353651234
2035-12-30 05:00:00,0.0,241.00399678681842
2035-12-30 06:00:00,0.0,293.8267906031073
2035-12-30 07:00:00,0.0,309.86228158305227
2035-12-30 08:00:00,0.0,315.5218666347975
2035-12-30 09:00:00,0.0,271.6600824837718
2035-12-30 10:00:00,0.0,207.51811856399235
2035-12-30 11:00:00,0.0,147.1492113453764
2035-12-30 12:00:00,0.0,67.44338853329752
2035-12-30 13:00:00,0.0,0.9432641752908744
2035-12-30 14:00:00,0.0,0.0
2035-12-30 15:00:00,0.0,0.0
2035-12-30 16:00:00,0.0,0.0
2035-12-30 17:00:00,0.0,0.0
2035-12-30 18:00:00,0.0,0.0
2035-12-30 19:00:00,0.0,0.0
2035-12-30 20:00:00,0.0,0.0
2035-12-30 21:00:00,0.0,0.0
2035-12-30 22:00:00,0.0,0.0
2035-12-30 23:00:00,0.0,0.0
2035-12-31 00:00:00,0.0,0.0
2035-12-31 01:00:00,0.0,0.0
2035-12-31 02:00:00,0.0,0.0
2035-12-31 03:00:00,0.0,67.44338853329752
2035-12-31 04:00:00,0.0,173.08897616587547
2035-12-31 05:00:00,0.0,253.7380631532452
2035-12-31 06:00:00,0.0,289.5821018142984
2035-12-31 07:00:00,0.0,310.33391367069765
2035-12-31 08:00:00,0.0,304.20269653130697
2035-12-31 09:00:00,0.0,303.2594323560161
2035-12-31 10:00:00,0.0,250.9082706273726
2035-12-31 11:00:00,0.0,184.40814626936594
2035-12-31 12:00:00,0.0,76.87603028620626
2035-12-31 13:00:00,0.0,0.9432641752908744
2035-12-31 14:00:00,0.0,0.0
2035-12-31 15:00:00,0.0,0.0
2035-12-31 16:00:00,0.0,0.0
2035-12-31 17:00:00,0.0,0.0
2035-12-31 18:00:00,0.0,0.0
2035-12-31 19:00:00,0.0,0.0
2035-12-31 20:00:00,0.0,0.0
2035-12-31 21:00:00,0.0,0.0
2035-12-31 22:00:00,0.0,0.0
2035-12-31 23:00:00,0.0,0.0
