timestamp,P_wind_MW,P_solar_MW
2050-01-01 00:00:00,0.0,0.0
2050-01-01 01:00:00,0.0,0.0
2050-01-01 02:00:00,0.0,0.0
2050-01-01 03:00:00,0.0,70.77221058674886
2050-01-01 04:00:00,0.0,170.63483902203868
2050-01-01 05:00:00,0.0,244.4463469959485
2050-01-01 06:00:00,0.0,290.03580780336335
2050-01-01 07:00:00,0.0,314.78437224167436
2050-01-01 08:00:00,0.0,317.8236696288354
2050-01-01 09:00:00,0.0,298.2853292828004
2050-01-01 10:00:00,0.0,256.6035365445925
2050-01-01 11:00:00,0.0,190.1731793680736
2050-01-01 12:00:00,0.0,96.82333104812881
2050-01-01 13:00:00,0.0,3.907668069206992
2050-01-01 14:00:00,0.0,0.0
2050-01-01 15:00:00,0.0,0.0
2050-01-01 16:00:00,0.0,0.0
2050-01-01 17:00:00,0.0,0.0
2050-01-01 18:00:00,0.0,0.0
2050-01-01 19:00:00,0.0,0.0
2050-01-01 20:00:00,0.0,0.0
2050-01-01 21:00:00,0.0,0.0
2050-01-01 22:00:00,0.0,0.0
2050-01-01 23:00:00,0.0,0.0
2050-01-02 00:00:00,0.0,0.0
2050-01-02 01:00:00,0.0,0.0
2050-01-02 02:00:00,0.0,0.0
2050-01-02 03:00:00,0.0,65.99617183549586
2050-01-02 04:00:00,0.0,165.85880027078565
2050-01-02 05:00:00,0.0,240.53867892674148
2050-01-02 06:00:00,0.0,288.2990664392714
2050-01-02 07:00:00,0.0,313.0476308775823
2050-01-02 08:00:00,0.0,315.2185575826973
2050-01-02 09:00:00,0.0,295.2460318956394
2050-01-02 10:00:00,0.0,253.13005381640846
2050-01-02 11:00:00,0.0,186.2655112988666
2050-01-02 12:00:00,0.0,93.34984831994481
2050-01-02 13:00:00,0.0,3.907668069206992
2050-01-02 14:00:00,0.0,0.0
2050-01-02 15:00:00,0.0,0.0
2050-01-02 16:00:00,0.0,0.0
2050-01-02 17:00:00,0.0,0.0
2050-01-02 18:00:00,0.0,0.0
2050-01-02 19:00:00,0.0,0.0
2050-01-02 20:00:00,0.0,0.0
2050-01-02 21:00:00,0.0,0.0
2050-01-02 22:00:00,0.0,0.0
2050-01-02 23:00:00,0.0,0.0
2050-01-03 00:00:00,0.0,0.0
2050-01-03 01:00:00,0.0,0.0
2050-01-03 02:00:00,0.0,0.0
2050-01-03 03:00:00,0.0,70.77221058674886
2050-01-03 04:00:00,0.0,170.20065368101567
2050-01-03 05:00:00,0.0,244.8805323369715
2050-01-03 06:00:00,0.0,293.50929053154744
2050-01-03 07:00:00,0.0,317.3894842878123
2050-01-03 08:00:00,0.0,319.5604109929273
2050-01-03 09:00:00,0.0,300.4562559879153
2050-01-03 10:00:00,0.0,259.2086485907305
2050-01-03 11:00:00,0.0,193.2124767552346
2050-01-03 12:00:00,0.0,100.73099911733578
2050-01-03 13:00:00,0.0,5.210224092275989
2050-01-03 14:00:00,0.0,0.0
2050-01-03 15:00:00,0.0,0.0
2050-01-03 16:00:00,0.0,0.0
2050-01-03 17:00:00,0.0,0.0
2050-01-03 18:00:00,0.0,0.0
2050-01-03 19:00:00,0.0,0.0
2050-01-03 20:00:00,0.0,0.0
2050-01-03 21:00:00,0.0,0.0
2050-01-03 22:00:00,0.0,0.0
2050-01-03 23:00:00,0.0,0.0
2050-01-04 00:00:00,0.0,0.0
2050-01-04 01:00:00,0.0,0.0
2050-01-04 02:00:00,0.0,0.0
2050-01-04 03:00:00,0.0,74.24569331493285
2050-01-04 04:00:00,0.0,174.97669243226866
2050-01-04 05:00:00,0.0,247.91982972413248
2050-01-04 06:00:00,0.0,293.0751051905244
2050-01-04 07:00:00,0.0,316.08692826474334
2050-01-04 08:00:00,0.0,317.8236696288354
2050-01-04 09:00:00,0.0,298.71951462382333
2050-01-04 10:00:00,0.0,256.6035365445925
2050-01-04 11:00:00,0.0,190.6073647090966
2050-01-04 12:00:00,0.0,98.1258870711978
2050-01-04 13:00:00,0.0,5.210224092275989
2050-01-04 14:00:00,0.0,0.0
2050-01-04 15:00:00,0.0,0.0
2050-01-04 16:00:00,0.0,0.0
2050-01-04 17:00:00,0.0,0.0
2050-01-04 18:00:00,0.0,0.0
2050-01-04 19:00:00,0.0,0.0
2050-01-04 20:00:00,0.0,0.0
2050-01-04 21:00:00,0.0,0.0
2050-01-04 22:00:00,0.0,0.0
2050-01-04 23:00:00,0.0,0.0
2050-01-05 00:00:00,0.0,0.0
2050-01-05 01:00:00,0.0,0.0
2050-01-05 02:00:00,0.0,0.0
2050-01-05 03:00:00,0.0,66.86454251754186
2050-01-05 04:00:00,0.0,164.99042958873966
2050-01-05 05:00:00,0.0,237.49938153958053
2050-01-05 06:00:00,0.0,280.4837303008575
2050-01-05 07:00:00,0.0,303.4955533750764
2050-01-05 08:00:00,0.0,305.23229473916837
2050-01-05 09:00:00,0.0,286.5623250751794
2050-01-05 10:00:00,0.0,244.01216165492548
2050-01-05 11:00:00,0.0,175.84506311431463
2050-01-05 12:00:00,0.0,82.06102945334682
2050-01-05 13:00:00,0.0,2.1709267051149954
2050-01-05 14:00:00,0.0,0.0
2050-01-05 15:00:00,0.0,0.0
2050-01-05 16:00:00,0.0,0.0
2050-01-05 17:00:00,0.0,0.0
2050-01-05 18:00:00,0.0,0.0
2050-01-05 19:00:00,0.0,0.0
2050-01-05 20:00:00,0.0,0.0
2050-01-05 21:00:00,0.0,0.0
2050-01-05 22:00:00,0.0,0.0
2050-01-05 23:00:00,0.0,0.0
2050-01-06 00:00:00,0.0,0.0
2050-01-06 01:00:00,0.0,0.0
2050-01-06 02:00:00,0.0,0.0
2050-01-06 03:00:00,0.0,49.931314217644896
2050-01-06 04:00:00,0.0,141.97860651452072
2050-01-06 05:00:00,0.0,225.34219199093653
2050-01-06 06:00:00,0.0,276.57606223165044
2050-01-06 07:00:00,0.0,303.4955533750764
2050-01-06 08:00:00,0.0,307.40322144428336
2050-01-06 09:00:00,0.0,288.7332517802944
2050-01-06 10:00:00,0.0,246.1830883600405
2050-01-06 11:00:00,0.0,178.8843605014756
2050-01-06 12:00:00,0.0,84.66614149948482
2050-01-06 13:00:00,0.0,3.039297387160994
2050-01-06 14:00:00,0.0,0.0
2050-01-06 15:00:00,0.0,0.0
2050-01-06 16:00:00,0.0,0.0
2050-01-06 17:00:00,0.0,0.0
2050-01-06 18:00:00,0.0,0.0
2050-01-06 19:00:00,0.0,0.0
2050-01-06 20:00:00,0.0,0.0
2050-01-06 21:00:00,0.0,0.0
2050-01-06 22:00:00,0.0,0.0
2050-01-06 23:00:00,0.0,0.0
2050-01-07 00:00:00,0.0,0.0
2050-01-07 01:00:00,0.0,0.0
2050-01-07 02:00:00,0.0,0.0
2050-01-07 03:00:00,0.0,70.77221058674886
2050-01-07 04:00:00,0.0,169.76646833999266
2050-01-07 05:00:00,0.0,244.4463469959485
2050-01-07 06:00:00,0.0,291.7725491674554
2050-01-07 07:00:00,0.0,316.95529894678936
2050-01-07 08:00:00,0.0,319.12622565190435
2050-01-07 09:00:00,0.0,296.9827732597314
2050-01-07 10:00:00,0.0,253.99842449845448
2050-01-07 11:00:00,0.0,185.8313259578436
2050-01-07 12:00:00,0.0,90.74473627380681
2050-01-07 13:00:00,0.0,3.473482728183993
2050-01-07 14:00:00,0.0,0.0
2050-01-07 15:00:00,0.0,0.0
2050-01-07 16:00:00,0.0,0.0
2050-01-07 17:00:00,0.0,0.0
2050-01-07 18:00:00,0.0,0.0
2050-01-07 19:00:00,0.0,0.0
2050-01-07 20:00:00,0.0,0.0
2050-01-07 21:00:00,0.0,0.0
2050-01-07 22:00:00,0.0,0.0
2050-01-07 23:00:00,0.0,0.0
2050-01-08 00:00:00,0.0,0.0
2050-01-08 01:00:00,0.0,0.0
2050-01-08 02:00:00,0.0,0.0
2050-01-08 03:00:00,0.0,68.16709854061087
2050-01-08 04:00:00,0.0,169.76646833999266
2050-01-08 05:00:00,0.0,244.4463469959485
2050-01-08 06:00:00,0.0,290.9041784854094
2050-01-08 07:00:00,0.0,315.2185575826973
2050-01-08 08:00:00,0.0,316.95529894678936
2050-01-08 09:00:00,0.0,297.8511439417774
2050-01-08 10:00:00,0.0,254.8667951805005
2050-01-08 11:00:00,0.0,187.56806732193562
2050-01-08 12:00:00,0.0,95.0865896840368
2050-01-08 13:00:00,0.0,5.210224092275989
2050-01-08 14:00:00,0.0,0.0
2050-01-08 15:00:00,0.0,0.0
2050-01-08 16:00:00,0.0,0.0
2050-01-08 17:00:00,0.0,0.0
2050-01-08 18:00:00,0.0,0.0
2050-01-08 19:00:00,0.0,0.0
2050-01-08 20:00:00,0.0,0.0
2050-01-08 21:00:00,0.0,0.0
2050-01-08 22:00:00,0.0,0.0
2050-01-08 23:00:00,0.0,0.0
2050-01-09 00:00:00,0.0,0.0
2050-01-09 01:00:00,0.0,0.0
2050-01-09 02:00:00,0.0,0.0
2050-01-09 03:00:00,0.0,72.07476660981786
2050-01-09 04:00:00,0.0,171.50320970408464
2050-01-09 05:00:00,0.0,245.74890301901752
2050-01-09 06:00:00,0.0,294.37766121359346
2050-01-09 07:00:00,0.0,318.25785496985833
2050-01-09 08:00:00,0.0,320.86296701599633
2050-01-09 09:00:00,0.0,299.1536999648464
2050-01-09 10:00:00,0.0,256.6035365445925
2050-01-09 11:00:00,0.0,186.69969663988962
2050-01-09 12:00:00,0.0,95.9549603660828
2050-01-09 13:00:00,0.0,5.644409433298988
2050-01-09 14:00:00,0.0,0.0
2050-01-09 15:00:00,0.0,0.0
2050-01-09 16:00:00,0.0,0.0
2050-01-09 17:00:00,0.0,0.0
2050-01-09 18:00:00,0.0,0.0
2050-01-09 19:00:00,0.0,0.0
2050-01-09 20:00:00,0.0,0.0
2050-01-09 21:00:00,0.0,0.0
2050-01-09 22:00:00,0.0,0.0
2050-01-09 23:00:00,0.0,0.0
2050-01-10 00:00:00,0.0,0.0
2050-01-10 01:00:00,0.0,0.0
2050-01-10 02:00:00,0.0,0.0
2050-01-10 03:00:00,0.0,62.52268910731187
2050-01-10 04:00:00,0.0,171.50320970408464
2050-01-10 05:00:00,0.0,245.74890301901752
2050-01-10 06:00:00,0.0,295.68021723666243
2050-01-10 07:00:00,0.0,319.5604109929273
2050-01-10 08:00:00,0.0,321.2971523570193
2050-01-10 09:00:00,0.0,300.4562559879153
2050-01-10 10:00:00,0.0,256.6035365445925
2050-01-10 11:00:00,0.0,190.6073647090966
2050-01-10 12:00:00,0.0,97.69170173017478
2050-01-10 13:00:00,0.0,5.644409433298988
2050-01-10 14:00:00,0.0,0.0
2050-01-10 15:00:00,0.0,0.0
2050-01-10 16:00:00,0.0,0.0
2050-01-10 17:00:00,0.0,0.0
2050-01-10 18:00:00,0.0,0.0
2050-01-10 19:00:00,0.0,0.0
2050-01-10 20:00:00,0.0,0.0
2050-01-10 21:00:00,0.0,0.0
2050-01-10 22:00:00,0.0,0.0
2050-01-10 23:00:00,0.0,0.0
2050-01-11 00:00:00,0.0,0.0
2050-01-11 01:00:00,0.0,0.0
2050-01-11 02:00:00,0.0,0.0
2050-01-11 03:00:00,0.0,61.65431842526587
2050-01-11 04:00:00,0.0,162.38531754260165
2050-01-11 05:00:00,0.0,238.3677522216265
2050-01-11 06:00:00,0.0,291.33836382643244
2050-01-11 07:00:00,0.0,313.0476308775823
2050-01-11 08:00:00,0.0,313.0476308775823
2050-01-11 09:00:00,0.0,285.69395439313337
2050-01-11 10:00:00,0.0,237.49938153958053
2050-01-11 11:00:00,0.0,162.38531754260165
2050-01-11 12:00:00,0.0,66.86454251754186
2050-01-11 13:00:00,0.0,1.3025560230689972
2050-01-11 14:00:00,0.0,0.0
2050-01-11 15:00:00,0.0,0.0
2050-01-11 16:00:00,0.0,0.0
2050-01-11 17:00:00,0.0,0.0
2050-01-11 18:00:00,0.0,0.0
2050-01-11 19:00:00,0.0,0.0
2050-01-11 20:00:00,0.0,0.0
2050-01-11 21:00:00,0.0,0.0
2050-01-11 22:00:00,0.0,0.0
2050-01-11 23:00:00,0.0,0.0
2050-01-12 00:00:00,0.0,0.0
2050-01-12 01:00:00,0.0,0.0
2050-01-12 02:00:00,0.0,0.0
2050-01-12 03:00:00,0.0,63.825245130380864
2050-01-12 04:00:00,0.0,165.42461492976267
2050-01-12 05:00:00,0.0,240.97286426776452
2050-01-12 06:00:00,0.0,296.9827732597314
2050-01-12 07:00:00,0.0,318.25785496985833
2050-01-12 08:00:00,0.0,318.69204031088134
2050-01-12 09:00:00,0.0,298.71951462382333
2050-01-12 10:00:00,0.0,255.30098052152346
2050-01-12 11:00:00,0.0,188.0022526629586
2050-01-12 12:00:00,0.0,93.34984831994481
2050-01-12 13:00:00,0.0,4.77603875125299
2050-01-12 14:00:00,0.0,0.0
2050-01-12 15:00:00,0.0,0.0
2050-01-12 16:00:00,0.0,0.0
2050-01-12 17:00:00,0.0,0.0
2050-01-12 18:00:00,0.0,0.0
2050-01-12 19:00:00,0.0,0.0
2050-01-12 20:00:00,0.0,0.0
2050-01-12 21:00:00,0.0,0.0
2050-01-12 22:00:00,0.0,0.0
2050-01-12 23:00:00,0.0,0.0
2050-01-13 00:00:00,0.0,0.0
2050-01-13 01:00:00,0.0,0.0
2050-01-13 02:00:00,0.0,0.0
2050-01-13 03:00:00,0.0,67.73291319958786
2050-01-13 04:00:00,0.0,166.72717095283164
2050-01-13 05:00:00,0.0,241.84123494981048
2050-01-13 06:00:00,0.0,287.4306957572254
2050-01-13 07:00:00,0.0,312.17926019553636
2050-01-13 08:00:00,0.0,314.78437224167436
2050-01-13 09:00:00,0.0,294.8118465546164
2050-01-13 10:00:00,0.0,251.39331245231645
2050-01-13 11:00:00,0.0,182.79202857068262
2050-01-13 12:00:00,0.0,88.13962422766882
2050-01-13 13:00:00,0.0,3.907668069206992
2050-01-13 14:00:00,0.0,0.0
2050-01-13 15:00:00,0.0,0.0
2050-01-13 16:00:00,0.0,0.0
2050-01-13 17:00:00,0.0,0.0
2050-01-13 18:00:00,0.0,0.0
2050-01-13 19:00:00,0.0,0.0
2050-01-13 20:00:00,0.0,0.0
2050-01-13 21:00:00,0.0,0.0
2050-01-13 22:00:00,0.0,0.0
2050-01-13 23:00:00,0.0,0.0
2050-01-14 00:00:00,0.0,0.0
2050-01-14 01:00:00,0.0,0.0
2050-01-14 02:00:00,0.0,0.0
2050-01-14 03:00:00,0.0,49.4971288766219
2050-01-14 04:00:00,0.0,148.4913866298657
2050-01-14 05:00:00,0.0,220.13196789866055
2050-01-14 06:00:00,0.0,279.1811742777884
2050-01-14 07:00:00,0.0,310.4425188314443
2050-01-14 08:00:00,0.0,301.3246266699614
2050-01-14 09:00:00,0.0,280.9179156418804
2050-01-14 10:00:00,0.0,246.61727370106348
2050-01-14 11:00:00,0.0,177.5818044784066
2050-01-14 12:00:00,0.0,85.53451218153083
2050-01-14 13:00:00,0.0,3.039297387160994
2050-01-14 14:00:00,0.0,0.0
2050-01-14 15:00:00,0.0,0.0
2050-01-14 16:00:00,0.0,0.0
2050-01-14 17:00:00,0.0,0.0
2050-01-14 18:00:00,0.0,0.0
2050-01-14 19:00:00,0.0,0.0
2050-01-14 20:00:00,0.0,0.0
2050-01-14 21:00:00,0.0,0.0
2050-01-14 22:00:00,0.0,0.0
2050-01-14 23:00:00,0.0,0.0
2050-01-15 00:00:00,0.0,0.0
2050-01-15 01:00:00,0.0,0.0
2050-01-15 02:00:00,0.0,0.0
2050-01-15 03:00:00,0.0,58.615021038104885
2050-01-15 04:00:00,0.0,145.01790390168168
2050-01-15 05:00:00,0.0,221.86870926275256
2050-01-15 06:00:00,0.0,279.1811742777884
2050-01-15 07:00:00,0.0,307.83740678530637
2050-01-15 08:00:00,0.0,311.74507485451335
2050-01-15 09:00:00,0.0,298.2853292828004
2050-01-15 10:00:00,0.0,259.64283393175344
2050-01-15 11:00:00,0.0,193.2124767552346
2050-01-15 12:00:00,0.0,99.86262843528979
2050-01-15 13:00:00,0.0,6.946965456367986
2050-01-15 14:00:00,0.0,0.0
2050-01-15 15:00:00,0.0,0.0
2050-01-15 16:00:00,0.0,0.0
2050-01-15 17:00:00,0.0,0.0
2050-01-15 18:00:00,0.0,0.0
2050-01-15 19:00:00,0.0,0.0
2050-01-15 20:00:00,0.0,0.0
2050-01-15 21:00:00,0.0,0.0
2050-01-15 22:00:00,0.0,0.0
2050-01-15 23:00:00,0.0,0.0
2050-01-16 00:00:00,0.0,0.0
2050-01-16 01:00:00,0.0,0.0
2050-01-16 02:00:00,0.0,0.0
2050-01-16 03:00:00,0.0,73.37732263288686
2050-01-16 04:00:00,0.0,171.50320970408464
2050-01-16 05:00:00,0.0,246.61727370106348
2050-01-16 06:00:00,0.0,295.2460318956394
2050-01-16 07:00:00,0.0,319.5604109929273
2050-01-16 08:00:00,0.0,321.7313376980423
2050-01-16 09:00:00,0.0,303.9297387160994
2050-01-16 10:00:00,0.0,261.3795752958454
2050-01-16 11:00:00,0.0,194.5150327783036
2050-01-16 12:00:00,0.0,101.59936979938178
2050-01-16 13:00:00,0.0,7.381150797390984
2050-01-16 14:00:00,0.0,0.0
2050-01-16 15:00:00,0.0,0.0
2050-01-16 16:00:00,0.0,0.0
2050-01-16 17:00:00,0.0,0.0
2050-01-16 18:00:00,0.0,0.0
2050-01-16 19:00:00,0.0,0.0
2050-01-16 20:00:00,0.0,0.0
2050-01-16 21:00:00,0.0,0.0
2050-01-16 22:00:00,0.0,0.0
2050-01-16 23:00:00,0.0,0.0
2050-01-17 00:00:00,0.0,0.0
2050-01-17 01:00:00,0.0,0.0
2050-01-17 02:00:00,0.0,0.0
2050-01-17 03:00:00,0.0,78.58754672516282
2050-01-17 04:00:00,0.0,177.5818044784066
2050-01-17 05:00:00,0.0,251.39331245231645
2050-01-17 06:00:00,0.0,298.71951462382333
2050-01-17 07:00:00,0.0,322.5997083800883
2050-01-17 08:00:00,0.0,323.9022644031573
2050-01-17 09:00:00,0.0,302.19299735200735
2050-01-17 10:00:00,0.0,258.7744632497075
2050-01-17 11:00:00,0.0,190.1731793680736
2050-01-17 12:00:00,0.0,95.52077502505979
2050-01-17 13:00:00,0.0,6.078594774321988
2050-01-17 14:00:00,0.0,0.0
2050-01-17 15:00:00,0.0,0.0
2050-01-17 16:00:00,0.0,0.0
2050-01-17 17:00:00,0.0,0.0
2050-01-17 18:00:00,0.0,0.0
2050-01-17 19:00:00,0.0,0.0
2050-01-17 20:00:00,0.0,0.0
2050-01-17 21:00:00,0.0,0.0
2050-01-17 22:00:00,0.0,0.0
2050-01-17 23:00:00,0.0,0.0
2050-01-18 00:00:00,0.0,0.0
2050-01-18 01:00:00,0.0,0.0
2050-01-18 02:00:00,0.0,0.0
2050-01-18 03:00:00,0.0,72.07476660981786
2050-01-18 04:00:00,0.0,168.46391231692365
2050-01-18 05:00:00,0.0,236.6310108575345
2050-01-18 06:00:00,0.0,277.8786182547194
2050-01-18 07:00:00,0.0,311.74507485451335
2050-01-18 08:00:00,0.0,312.61344553655937
2050-01-18 09:00:00,0.0,294.37766121359346
2050-01-18 10:00:00,0.0,255.30098052152346
2050-01-18 11:00:00,0.0,189.7389940270506
2050-01-18 12:00:00,0.0,96.82333104812881
2050-01-18 13:00:00,0.0,6.946965456367986
2050-01-18 14:00:00,0.0,0.0
2050-01-18 15:00:00,0.0,0.0
2050-01-18 16:00:00,0.0,0.0
2050-01-18 17:00:00,0.0,0.0
2050-01-18 18:00:00,0.0,0.0
2050-01-18 19:00:00,0.0,0.0
2050-01-18 20:00:00,0.0,0.0
2050-01-18 21:00:00,0.0,0.0
2050-01-18 22:00:00,0.0,0.0
2050-01-18 23:00:00,0.0,0.0
2050-01-19 00:00:00,0.0,0.0
2050-01-19 01:00:00,0.0,0.0
2050-01-19 02:00:00,0.0,0.0
2050-01-19 03:00:00,0.0,72.07476660981786
2050-01-19 04:00:00,0.0,170.63483902203868
2050-01-19 05:00:00,0.0,243.57797631390252
2050-01-19 06:00:00,0.0,290.9041784854094
2050-01-19 07:00:00,0.0,314.78437224167436
2050-01-19 08:00:00,0.0,316.95529894678936
2050-01-19 09:00:00,0.0,291.7725491674554
2050-01-19 10:00:00,0.0,246.61727370106348
2050-01-19 11:00:00,0.0,174.97669243226866
2050-01-19 12:00:00,0.0,79.02173206618583
2050-01-19 13:00:00,0.0,3.473482728183993
2050-01-19 14:00:00,0.0,0.0
2050-01-19 15:00:00,0.0,0.0
2050-01-19 16:00:00,0.0,0.0
2050-01-19 17:00:00,0.0,0.0
2050-01-19 18:00:00,0.0,0.0
2050-01-19 19:00:00,0.0,0.0
2050-01-19 20:00:00,0.0,0.0
2050-01-19 21:00:00,0.0,0.0
2050-01-19 22:00:00,0.0,0.0
2050-01-19 23:00:00,0.0,0.0
2050-01-20 00:00:00,0.0,0.0
2050-01-20 01:00:00,0.0,0.0
2050-01-20 02:00:00,0.0,0.0
2050-01-20 03:00:00,0.0,44.72109012536891
2050-01-20 04:00:00,0.0,134.59745571712972
2050-01-20 05:00:00,0.0,213.18500244229256
2050-01-20 06:00:00,0.0,272.23420882142045
2050-01-20 07:00:00,0.0,296.9827732597314
2050-01-20 08:00:00,0.0,297.41695860075436
2050-01-20 09:00:00,0.0,277.4444329136964
2050-01-20 10:00:00,0.0,229.2498600601435
2050-01-20 11:00:00,0.0,156.30672276827968
2050-01-20 12:00:00,0.0,66.86454251754186
2050-01-20 13:00:00,0.0,2.6051120461379944
2050-01-20 14:00:00,0.0,0.0
2050-01-20 15:00:00,0.0,0.0
2050-01-20 16:00:00,0.0,0.0
2050-01-20 17:00:00,0.0,0.0
2050-01-20 18:00:00,0.0,0.0
2050-01-20 19:00:00,0.0,0.0
2050-01-20 20:00:00,0.0,0.0
2050-01-20 21:00:00,0.0,0.0
2050-01-20 22:00:00,0.0,0.0
2050-01-20 23:00:00,0.0,0.0
2050-01-21 00:00:00,0.0,0.0
2050-01-21 01:00:00,0.0,0.0
2050-01-21 02:00:00,0.0,0.0
2050-01-21 03:00:00,0.0,78.58754672516282
2050-01-21 04:00:00,0.0,182.79202857068262
2050-01-21 05:00:00,0.0,257.0377218856155
2050-01-21 06:00:00,0.0,305.23229473916837
2050-01-21 07:00:00,0.0,327.37574713134137
2050-01-21 08:00:00,0.0,328.2441178133873
2050-01-21 09:00:00,0.0,307.40322144428336
2050-01-21 10:00:00,0.0,263.1163166599374
2050-01-21 11:00:00,0.0,192.7782914142116
2050-01-21 12:00:00,0.0,95.9549603660828
2050-01-21 13:00:00,0.0,6.946965456367986
2050-01-21 14:00:00,0.0,0.0
2050-01-21 15:00:00,0.0,0.0
2050-01-21 16:00:00,0.0,0.0
2050-01-21 17:00:00,0.0,0.0
2050-01-21 18:00:00,0.0,0.0
2050-01-21 19:00:00,0.0,0.0
2050-01-21 20:00:00,0.0,0.0
2050-01-21 21:00:00,0.0,0.0
2050-01-21 22:00:00,0.0,0.0
2050-01-21 23:00:00,0.0,0.0
2050-01-22 00:00:00,0.0,0.0
2050-01-22 01:00:00,0.0,0.0
2050-01-22 02:00:00,0.0,0.0
2050-01-22 03:00:00,0.0,78.58754672516282
2050-01-22 04:00:00,0.0,181.0552872065906
2050-01-22 05:00:00,0.0,255.73516586254647
2050-01-22 06:00:00,0.0,305.6664800801914
2050-01-22 07:00:00,0.0,329.54667383645636
2050-01-22 08:00:00,0.0,330.4150445185023
2050-01-22 09:00:00,0.0,310.8767041724673
2050-01-22 10:00:00,0.0,266.58979938812143
2050-01-22 11:00:00,0.0,196.68595948341857
2050-01-22 12:00:00,0.0,99.86262843528979
2050-01-22 13:00:00,0.0,7.381150797390984
2050-01-22 14:00:00,0.0,0.0
2050-01-22 15:00:00,0.0,0.0
2050-01-22 16:00:00,0.0,0.0
2050-01-22 17:00:00,0.0,0.0
2050-01-22 18:00:00,0.0,0.0
2050-01-22 19:00:00,0.0,0.0
2050-01-22 20:00:00,0.0,0.0
2050-01-22 21:00:00,0.0,0.0
2050-01-22 22:00:00,0.0,0.0
2050-01-22 23:00:00,0.0,0.0
2050-01-23 00:00:00,0.0,0.0
2050-01-23 01:00:00,0.0,0.0
2050-01-23 02:00:00,0.0,0.0
2050-01-23 03:00:00,0.0,77.71917604311683
2050-01-23 04:00:00,0.0,179.7527311835216
2050-01-23 05:00:00,0.0,254.8667951805005
2050-01-23 06:00:00,0.0,301.3246266699614
2050-01-23 07:00:00,0.0,326.0731911082723
2050-01-23 08:00:00,0.0,327.8099324723643
2050-01-23 09:00:00,0.0,310.00833349042136
2050-01-23 10:00:00,0.0,266.58979938812143
2050-01-23 11:00:00,0.0,197.5543301654646
2050-01-23 12:00:00,0.0,101.59936979938178
2050-01-23 13:00:00,0.0,8.683706820459982
2050-01-23 14:00:00,0.0,0.0
2050-01-23 15:00:00,0.0,0.0
2050-01-23 16:00:00,0.0,0.0
2050-01-23 17:00:00,0.0,0.0
2050-01-23 18:00:00,0.0,0.0
2050-01-23 19:00:00,0.0,0.0
2050-01-23 20:00:00,0.0,0.0
2050-01-23 21:00:00,0.0,0.0
2050-01-23 22:00:00,0.0,0.0
2050-01-23 23:00:00,0.0,0.0
2050-01-24 00:00:00,0.0,0.0
2050-01-24 01:00:00,0.0,0.0
2050-01-24 02:00:00,0.0,0.0
2050-01-24 03:00:00,0.0,79.89010274823183
2050-01-24 04:00:00,0.0,179.3185458424986
2050-01-24 05:00:00,0.0,253.13005381640846
2050-01-24 06:00:00,0.0,301.3246266699614
2050-01-24 07:00:00,0.0,325.63900576724933
2050-01-24 08:00:00,0.0,327.8099324723643
2050-01-24 09:00:00,0.0,309.13996280837534
2050-01-24 10:00:00,0.0,266.1556140470984
2050-01-24 11:00:00,0.0,197.9885155064876
2050-01-24 12:00:00,0.0,103.33611116347377
2050-01-24 13:00:00,0.0,9.986262843528978
2050-01-24 14:00:00,0.0,0.0
2050-01-24 15:00:00,0.0,0.0
2050-01-24 16:00:00,0.0,0.0
2050-01-24 17:00:00,0.0,0.0
2050-01-24 18:00:00,0.0,0.0
2050-01-24 19:00:00,0.0,0.0
2050-01-24 20:00:00,0.0,0.0
2050-01-24 21:00:00,0.0,0.0
2050-01-24 22:00:00,0.0,0.0
2050-01-24 23:00:00,0.0,0.0
2050-01-25 00:00:00,0.0,0.0
2050-01-25 01:00:00,0.0,0.0
2050-01-25 02:00:00,0.0,0.0
2050-01-25 03:00:00,0.0,74.67987865595583
2050-01-25 04:00:00,0.0,171.50320970408464
2050-01-25 05:00:00,0.0,246.1830883600405
2050-01-25 06:00:00,0.0,294.37766121359346
2050-01-25 07:00:00,0.0,319.12622565190435
2050-01-25 08:00:00,0.0,322.1655230390653
2050-01-25 09:00:00,0.0,299.58788530586935
2050-01-25 10:00:00,0.0,253.99842449845448
2050-01-25 11:00:00,0.0,186.69969663988962
2050-01-25 12:00:00,0.0,95.52077502505979
2050-01-25 13:00:00,0.0,7.815336138413984
2050-01-25 14:00:00,0.0,0.0
2050-01-25 15:00:00,0.0,0.0
2050-01-25 16:00:00,0.0,0.0
2050-01-25 17:00:00,0.0,0.0
2050-01-25 18:00:00,0.0,0.0
2050-01-25 19:00:00,0.0,0.0
2050-01-25 20:00:00,0.0,0.0
2050-01-25 21:00:00,0.0,0.0
2050-01-25 22:00:00,0.0,0.0
2050-01-25 23:00:00,0.0,0.0
2050-01-26 00:00:00,0.0,0.0
2050-01-26 01:00:00,0.0,0.0
2050-01-26 02:00:00,0.0,0.0
2050-01-26 03:00:00,0.0,72.94313729186385
2050-01-26 04:00:00,0.0,171.06902436306166
2050-01-26 05:00:00,0.0,245.74890301901752
2050-01-26 06:00:00,0.0,295.68021723666243
2050-01-26 07:00:00,0.0,320.42878167497327
2050-01-26 08:00:00,0.0,322.1655230390653
2050-01-26 09:00:00,0.0,302.6271826930303
2050-01-26 10:00:00,0.0,259.2086485907305
2050-01-26 11:00:00,0.0,190.6073647090966
2050-01-26 12:00:00,0.0,95.52077502505979
2050-01-26 13:00:00,0.0,7.815336138413984
2050-01-26 14:00:00,0.0,0.0
2050-01-26 15:00:00,0.0,0.0
2050-01-26 16:00:00,0.0,0.0
2050-01-26 17:00:00,0.0,0.0
2050-01-26 18:00:00,0.0,0.0
2050-01-26 19:00:00,0.0,0.0
2050-01-26 20:00:00,0.0,0.0
2050-01-26 21:00:00,0.0,0.0
2050-01-26 22:00:00,0.0,0.0
2050-01-26 23:00:00,0.0,0.0
2050-01-27 00:00:00,0.0,0.0
2050-01-27 01:00:00,0.0,0.0
2050-01-27 02:00:00,0.0,0.0
2050-01-27 03:00:00,0.0,72.94313729186385
2050-01-27 04:00:00,0.0,171.93739504510762
2050-01-27 05:00:00,0.0,246.61727370106348
2050-01-27 06:00:00,0.0,296.1144025776854
2050-01-27 07:00:00,0.0,320.86296701599633
2050-01-27 08:00:00,0.0,323.0338937211113
2050-01-27 09:00:00,0.0,301.3246266699614
2050-01-27 10:00:00,0.0,257.47190722663845
2050-01-27 11:00:00,0.0,188.4364380039816
2050-01-27 12:00:00,0.0,93.78403366096781
2050-01-27 13:00:00,0.0,7.815336138413984
2050-01-27 14:00:00,0.0,0.0
2050-01-27 15:00:00,0.0,0.0
2050-01-27 16:00:00,0.0,0.0
2050-01-27 17:00:00,0.0,0.0
2050-01-27 18:00:00,0.0,0.0
2050-01-27 19:00:00,0.0,0.0
2050-01-27 20:00:00,0.0,0.0
2050-01-27 21:00:00,0.0,0.0
2050-01-27 22:00:00,0.0,0.0
2050-01-27 23:00:00,0.0,0.0
2050-01-28 00:00:00,0.0,0.0
2050-01-28 01:00:00,0.0,0.0
2050-01-28 02:00:00,0.0,0.0
2050-01-28 03:00:00,0.0,75.98243467902485
2050-01-28 04:00:00,0.0,173.67413640919963
2050-01-28 05:00:00,0.0,246.61727370106348
2050-01-28 06:00:00,0.0,296.9827732597314
2050-01-28 07:00:00,0.0,321.7313376980423
2050-01-28 08:00:00,0.0,324.33644974418036
2050-01-28 09:00:00,0.0,305.6664800801914
2050-01-28 10:00:00,0.0,263.1163166599374
2050-01-28 11:00:00,0.0,194.9492181193266
2050-01-28 12:00:00,0.0,101.1651844583588
2050-01-28 13:00:00,0.0,9.986262843528978
2050-01-28 14:00:00,0.0,0.0
2050-01-28 15:00:00,0.0,0.0
2050-01-28 16:00:00,0.0,0.0
2050-01-28 17:00:00,0.0,0.0
2050-01-28 18:00:00,0.0,0.0
2050-01-28 19:00:00,0.0,0.0
2050-01-28 20:00:00,0.0,0.0
2050-01-28 21:00:00,0.0,0.0
2050-01-28 22:00:00,0.0,0.0
2050-01-28 23:00:00,0.0,0.0
2050-01-29 00:00:00,0.0,0.0
2050-01-29 01:00:00,0.0,0.0
2050-01-29 02:00:00,0.0,0.0
2050-01-29 03:00:00,0.0,46.0236461484379
2050-01-29 04:00:00,0.0,135.4658263991757
2050-01-29 05:00:00,0.0,199.72525687057959
2050-01-29 06:00:00,0.0,279.61535961881145
2050-01-29 07:00:00,0.0,315.6527429237204
2050-01-29 08:00:00,0.0,323.9022644031573
2050-01-29 09:00:00,0.0,305.6664800801914
2050-01-29 10:00:00,0.0,263.1163166599374
2050-01-29 11:00:00,0.0,194.9492181193266
2050-01-29 12:00:00,0.0,100.29681377631279
2050-01-29 13:00:00,0.0,9.986262843528978
2050-01-29 14:00:00,0.0,0.0
2050-01-29 15:00:00,0.0,0.0
2050-01-29 16:00:00,0.0,0.0
2050-01-29 17:00:00,0.0,0.0
2050-01-29 18:00:00,0.0,0.0
2050-01-29 19:00:00,0.0,0.0
2050-01-29 20:00:00,0.0,0.0
2050-01-29 21:00:00,0.0,0.0
2050-01-29 22:00:00,0.0,0.0
2050-01-29 23:00:00,0.0,0.0
2050-01-30 00:00:00,0.0,0.0
2050-01-30 01:00:00,0.0,0.0
2050-01-30 02:00:00,0.0,0.0
2050-01-30 03:00:00,0.0,75.11406399697883
2050-01-30 04:00:00,0.0,174.54250709124565
2050-01-30 05:00:00,0.0,249.65657108822447
2050-01-30 06:00:00,0.0,296.9827732597314
2050-01-30 07:00:00,0.0,321.2971523570193
2050-01-30 08:00:00,0.0,323.0338937211113
2050-01-30 09:00:00,0.0,302.6271826930303
2050-01-30 10:00:00,0.0,259.64283393175344
2050-01-30 11:00:00,0.0,191.04155005011958
2050-01-30 12:00:00,0.0,97.69170173017478
2050-01-30 13:00:00,0.0,9.117892161482981
2050-01-30 14:00:00,0.0,0.0
2050-01-30 15:00:00,0.0,0.0
2050-01-30 16:00:00,0.0,0.0
2050-01-30 17:00:00,0.0,0.0
2050-01-30 18:00:00,0.0,0.0
2050-01-30 19:00:00,0.0,0.0
2050-01-30 20:00:00,0.0,0.0
2050-01-30 21:00:00,0.0,0.0
2050-01-30 22:00:00,0.0,0.0
2050-01-30 23:00:00,0.0,0.0
2050-01-31 00:00:00,0.0,0.0
2050-01-31 01:00:00,0.0,0.0
2050-01-31 02:00:00,0.0,0.0
2050-01-31 03:00:00,0.0,69.46965456367985
2050-01-31 04:00:00,0.0,164.99042958873966
2050-01-31 05:00:00,0.0,238.80193756264956
2050-01-31 06:00:00,0.0,287.86488109824836
2050-01-31 07:00:00,0.0,313.0476308775823
2050-01-31 08:00:00,0.0,314.78437224167436
2050-01-31 09:00:00,0.0,289.16743712131745
2050-01-31 10:00:00,0.0,243.57797631390252
2050-01-31 11:00:00,0.0,173.23995106817665
2050-01-31 12:00:00,0.0,79.89010274823183
2050-01-31 13:00:00,0.0,5.644409433298988
2050-01-31 14:00:00,0.0,0.0
2050-01-31 15:00:00,0.0,0.0
2050-01-31 16:00:00,0.0,0.0
2050-01-31 17:00:00,0.0,0.0
2050-01-31 18:00:00,0.0,0.0
2050-01-31 19:00:00,0.0,0.0
2050-01-31 20:00:00,0.0,0.0
2050-01-31 21:00:00,0.0,0.0
2050-01-31 22:00:00,0.0,0.0
2050-01-31 23:00:00,0.0,0.0
2050-02-01 00:00:00,0.0,0.0
2050-02-01 01:00:00,0.0,0.0
2050-02-01 02:00:00,0.0,0.0
2050-02-01 03:00:00,0.0,57.312465015035876
2050-02-01 04:00:00,0.0,153.26742538111867
2050-02-01 05:00:00,0.0,230.5524160832125
2050-02-01 06:00:00,0.0,280.4837303008575
2050-02-01 07:00:00,0.0,306.53485076223734
2050-02-01 08:00:00,0.0,310.00833349042136
2050-02-01 09:00:00,0.0,296.9827732597314
2050-02-01 10:00:00,0.0,255.30098052152346
2050-02-01 11:00:00,0.0,186.69969663988962
2050-02-01 12:00:00,0.0,93.78403366096781
2050-02-01 13:00:00,0.0,9.117892161482981
2050-02-01 14:00:00,0.0,0.0
2050-02-01 15:00:00,0.0,0.0
2050-02-01 16:00:00,0.0,0.0
2050-02-01 17:00:00,0.0,0.0
2050-02-01 18:00:00,0.0,0.0
2050-02-01 19:00:00,0.0,0.0
2050-02-01 20:00:00,0.0,0.0
2050-02-01 21:00:00,0.0,0.0
2050-02-01 22:00:00,0.0,0.0
2050-02-01 23:00:00,0.0,0.0
2050-02-02 00:00:00,0.0,0.0
2050-02-02 01:00:00,0.0,0.0
2050-02-02 02:00:00,0.0,0.0
2050-02-02 03:00:00,0.0,74.67987865595583
2050-02-02 04:00:00,0.0,171.06902436306166
2050-02-02 05:00:00,0.0,245.74890301901752
2050-02-02 06:00:00,0.0,297.41695860075436
2050-02-02 07:00:00,0.0,323.46807906213434
2050-02-02 08:00:00,0.0,326.0731911082723
2050-02-02 09:00:00,0.0,305.6664800801914
2050-02-02 10:00:00,0.0,262.24794597789145
2050-02-02 11:00:00,0.0,194.08084743728062
2050-02-02 12:00:00,0.0,100.73099911733578
2050-02-02 13:00:00,0.0,10.420448184551978
2050-02-02 14:00:00,0.0,0.0
2050-02-02 15:00:00,0.0,0.0
2050-02-02 16:00:00,0.0,0.0
2050-02-02 17:00:00,0.0,0.0
2050-02-02 18:00:00,0.0,0.0
2050-02-02 19:00:00,0.0,0.0
2050-02-02 20:00:00,0.0,0.0
2050-02-02 21:00:00,0.0,0.0
2050-02-02 22:00:00,0.0,0.0
2050-02-02 23:00:00,0.0,0.0
2050-02-03 00:00:00,0.0,0.0
2050-02-03 01:00:00,0.0,0.0
2050-02-03 02:00:00,0.0,0.0
2050-02-03 03:00:00,0.0,62.08850376628887
2050-02-03 04:00:00,0.0,166.29298561180863
2050-02-03 05:00:00,0.0,245.3147176779945
2050-02-03 06:00:00,0.0,292.6409198495014
2050-02-03 07:00:00,0.0,318.25785496985833
2050-02-03 08:00:00,0.0,320.86296701599633
2050-02-03 09:00:00,0.0,300.02207064689236
2050-02-03 10:00:00,0.0,252.69586847538548
2050-02-03 11:00:00,0.0,180.1869165245446
2050-02-03 12:00:00,0.0,85.96869752255381
2050-02-03 13:00:00,0.0,8.249521479436982
2050-02-03 14:00:00,0.0,0.0
2050-02-03 15:00:00,0.0,0.0
2050-02-03 16:00:00,0.0,0.0
2050-02-03 17:00:00,0.0,0.0
2050-02-03 18:00:00,0.0,0.0
2050-02-03 19:00:00,0.0,0.0
2050-02-03 20:00:00,0.0,0.0
2050-02-03 21:00:00,0.0,0.0
2050-02-03 22:00:00,0.0,0.0
2050-02-03 23:00:00,0.0,0.0
2050-02-04 00:00:00,0.0,0.0
2050-02-04 01:00:00,0.0,0.0
2050-02-04 02:00:00,0.0,0.0
2050-02-04 03:00:00,0.0,68.60128388163385
2050-02-04 04:00:00,0.0,169.76646833999266
2050-02-04 05:00:00,0.0,243.14379097287951
2050-02-04 06:00:00,0.0,291.7725491674554
2050-02-04 07:00:00,0.0,316.5211136057664
2050-02-04 08:00:00,0.0,318.69204031088134
2050-02-04 09:00:00,0.0,297.41695860075436
2050-02-04 10:00:00,0.0,250.95912711129344
2050-02-04 11:00:00,0.0,181.92365788863663
2050-02-04 12:00:00,0.0,93.78403366096781
2050-02-04 13:00:00,0.0,9.552077502505979
2050-02-04 14:00:00,0.0,0.0
2050-02-04 15:00:00,0.0,0.0
2050-02-04 16:00:00,0.0,0.0
2050-02-04 17:00:00,0.0,0.0
2050-02-04 18:00:00,0.0,0.0
2050-02-04 19:00:00,0.0,0.0
2050-02-04 20:00:00,0.0,0.0
2050-02-04 21:00:00,0.0,0.0
2050-02-04 22:00:00,0.0,0.0
2050-02-04 23:00:00,0.0,0.0
2050-02-05 00:00:00,0.0,0.0
2050-02-05 01:00:00,0.0,0.0
2050-02-05 02:00:00,0.0,0.0
2050-02-05 03:00:00,0.0,72.07476660981786
2050-02-05 04:00:00,0.0,169.33228299896965
2050-02-05 05:00:00,0.0,243.57797631390252
2050-02-05 06:00:00,0.0,290.9041784854094
2050-02-05 07:00:00,0.0,314.35018690065135
2050-02-05 08:00:00,0.0,314.78437224167436
2050-02-05 09:00:00,0.0,291.33836382643244
2050-02-05 10:00:00,0.0,242.7096056318565
2050-02-05 11:00:00,0.0,175.41087777329167
2050-02-05 12:00:00,0.0,88.13962422766882
2050-02-05 13:00:00,0.0,8.249521479436982
2050-02-05 14:00:00,0.0,0.0
2050-02-05 15:00:00,0.0,0.0
2050-02-05 16:00:00,0.0,0.0
2050-02-05 17:00:00,0.0,0.0
2050-02-05 18:00:00,0.0,0.0
2050-02-05 19:00:00,0.0,0.0
2050-02-05 20:00:00,0.0,0.0
2050-02-05 21:00:00,0.0,0.0
2050-02-05 22:00:00,0.0,0.0
2050-02-05 23:00:00,0.0,0.0
2050-02-06 00:00:00,0.0,0.0
2050-02-06 01:00:00,0.0,0.0
2050-02-06 02:00:00,0.0,0.0
2050-02-06 03:00:00,0.0,32.56390057672493
2050-02-06 04:00:00,0.0,92.0472922968758
2050-02-06 05:00:00,0.0,150.22812799395766
2050-02-06 06:00:00,0.0,188.4364380039816
2050-02-06 07:00:00,0.0,225.34219199093653
2050-02-06 08:00:00,0.0,244.4463469959485
2050-02-06 09:00:00,0.0,220.56615323968353
2050-02-06 10:00:00,0.0,165.42461492976267
2050-02-06 11:00:00,0.0,101.59936979938178
2050-02-06 12:00:00,0.0,41.247607397184915
2050-02-06 13:00:00,0.0,2.1709267051149954
2050-02-06 14:00:00,0.0,0.0
2050-02-06 15:00:00,0.0,0.0
2050-02-06 16:00:00,0.0,0.0
2050-02-06 17:00:00,0.0,0.0
2050-02-06 18:00:00,0.0,0.0
2050-02-06 19:00:00,0.0,0.0
2050-02-06 20:00:00,0.0,0.0
2050-02-06 21:00:00,0.0,0.0
2050-02-06 22:00:00,0.0,0.0
2050-02-06 23:00:00,0.0,0.0
2050-02-07 00:00:00,0.0,0.0
2050-02-07 01:00:00,0.0,0.0
2050-02-07 02:00:00,0.0,0.0
2050-02-07 03:00:00,0.0,56.00990899196688
2050-02-07 04:00:00,0.0,155.87253742725667
2050-02-07 05:00:00,0.0,245.3147176779945
2050-02-07 06:00:00,0.0,295.68021723666243
2050-02-07 07:00:00,0.0,325.2048204262263
2050-02-07 08:00:00,0.0,333.0201565646403
2050-02-07 09:00:00,0.0,311.31088951349034
2050-02-07 10:00:00,0.0,270.4974674573284
2050-02-07 11:00:00,0.0,201.89618357569458
2050-02-07 12:00:00,0.0,106.80959389165778
2050-02-07 13:00:00,0.0,13.025560230689972
2050-02-07 14:00:00,0.0,0.0
2050-02-07 15:00:00,0.0,0.0
2050-02-07 16:00:00,0.0,0.0
2050-02-07 17:00:00,0.0,0.0
2050-02-07 18:00:00,0.0,0.0
2050-02-07 19:00:00,0.0,0.0
2050-02-07 20:00:00,0.0,0.0
2050-02-07 21:00:00,0.0,0.0
2050-02-07 22:00:00,0.0,0.0
2050-02-07 23:00:00,0.0,0.0
2050-02-08 00:00:00,0.0,0.0
2050-02-08 01:00:00,0.0,0.0
2050-02-08 02:00:00,0.0,0.0
2050-02-08 03:00:00,0.0,92.0472922968758
2050-02-08 04:00:00,0.0,191.04155005011958
2050-02-08 05:00:00,0.0,264.85305802402945
2050-02-08 06:00:00,0.0,313.48181621860533
2050-02-08 07:00:00,0.0,338.23038065691634
2050-02-08 08:00:00,0.0,340.40130736203133
2050-02-08 09:00:00,0.0,321.2971523570193
2050-02-08 10:00:00,0.0,278.74698893676543
2050-02-08 11:00:00,0.0,211.01407573717756
2050-02-08 12:00:00,0.0,117.23004207620977
2050-02-08 13:00:00,0.0,17.367413640919963
2050-02-08 14:00:00,0.0,0.0
2050-02-08 15:00:00,0.0,0.0
2050-02-08 16:00:00,0.0,0.0
2050-02-08 17:00:00,0.0,0.0
2050-02-08 18:00:00,0.0,0.0
2050-02-08 19:00:00,0.0,0.0
2050-02-08 20:00:00,0.0,0.0
2050-02-08 21:00:00,0.0,0.0
2050-02-08 22:00:00,0.0,0.0
2050-02-08 23:00:00,0.0,0.0
2050-02-09 00:00:00,0.0,0.0
2050-02-09 01:00:00,0.0,0.0
2050-02-09 02:00:00,0.0,0.4341853410229991
2050-02-09 03:00:00,0.0,102.90192582245079
2050-02-09 04:00:00,0.0,199.29107152955658
2050-02-09 05:00:00,0.0,270.9316527983514
2050-02-09 06:00:00,0.0,317.8236696288354
2050-02-09 07:00:00,0.0,341.7038633851003
2050-02-09 08:00:00,0.0,343.87479009021524
2050-02-09 09:00:00,0.0,323.9022644031573
2050-02-09 10:00:00,0.0,281.78628632392645
2050-02-09 11:00:00,0.0,214.48755846536153
2050-02-09 12:00:00,0.0,120.70352480439377
2050-02-09 13:00:00,0.0,18.669969663988958
2050-02-09 14:00:00,0.0,0.0
2050-02-09 15:00:00,0.0,0.0
2050-02-09 16:00:00,0.0,0.0
2050-02-09 17:00:00,0.0,0.0
2050-02-09 18:00:00,0.0,0.0
2050-02-09 19:00:00,0.0,0.0
2050-02-09 20:00:00,0.0,0.0
2050-02-09 21:00:00,0.0,0.0
2050-02-09 22:00:00,0.0,0.0
2050-02-09 23:00:00,0.0,0.0
2050-02-10 00:00:00,0.0,0.0
2050-02-10 01:00:00,0.0,0.0
2050-02-10 02:00:00,0.0,0.8683706820459982
2050-02-10 03:00:00,0.0,99.86262843528979
2050-02-10 04:00:00,0.0,195.81758880137258
2050-02-10 05:00:00,0.0,267.89235541119047
2050-02-10 06:00:00,0.0,305.6664800801914
2050-02-10 07:00:00,0.0,329.1124884954333
2050-02-10 08:00:00,0.0,333.4543419056633
2050-02-10 09:00:00,0.0,317.3894842878123
2050-02-10 10:00:00,0.0,272.66839416244346
2050-02-10 11:00:00,0.0,207.10640766797056
2050-02-10 12:00:00,0.0,115.05911537109475
2050-02-10 13:00:00,0.0,17.367413640919963
2050-02-10 14:00:00,0.0,0.0
2050-02-10 15:00:00,0.0,0.0
2050-02-10 16:00:00,0.0,0.0
2050-02-10 17:00:00,0.0,0.0
2050-02-10 18:00:00,0.0,0.0
2050-02-10 19:00:00,0.0,0.0
2050-02-10 20:00:00,0.0,0.0
2050-02-10 21:00:00,0.0,0.0
2050-02-10 22:00:00,0.0,0.0
2050-02-10 23:00:00,0.0,0.0
2050-02-11 00:00:00,0.0,0.0
2050-02-11 01:00:00,0.0,0.0
2050-02-11 02:00:00,0.0,0.0
2050-02-11 03:00:00,0.0,68.16709854061087
2050-02-11 04:00:00,0.0,144.1495332196357
2050-02-11 05:00:00,0.0,224.47382130889054
2050-02-11 06:00:00,0.0,290.03580780336335
2050-02-11 07:00:00,0.0,320.86296701599633
2050-02-11 08:00:00,0.0,324.7706350852033
2050-02-11 09:00:00,0.0,305.23229473916837
2050-02-11 10:00:00,0.0,262.6821313189144
2050-02-11 11:00:00,0.0,197.5543301654646
2050-02-11 12:00:00,0.0,108.11214991472677
2050-02-11 13:00:00,0.0,14.762301594781968
2050-02-11 14:00:00,0.0,0.0
2050-02-11 15:00:00,0.0,0.0
2050-02-11 16:00:00,0.0,0.0
2050-02-11 17:00:00,0.0,0.0
2050-02-11 18:00:00,0.0,0.0
2050-02-11 19:00:00,0.0,0.0
2050-02-11 20:00:00,0.0,0.0
2050-02-11 21:00:00,0.0,0.0
2050-02-11 22:00:00,0.0,0.0
2050-02-11 23:00:00,0.0,0.0
2050-02-12 00:00:00,0.0,0.0
2050-02-12 01:00:00,0.0,0.0
2050-02-12 02:00:00,0.0,0.0
2050-02-12 03:00:00,0.0,80.32428808925482
2050-02-12 04:00:00,0.0,172.80576572715364
2050-02-12 05:00:00,0.0,237.49938153958053
2050-02-12 06:00:00,0.0,281.35210098290344
2050-02-12 07:00:00,0.0,313.48181621860533
2050-02-12 08:00:00,0.0,317.8236696288354
2050-02-12 09:00:00,0.0,287.4306957572254
2050-02-12 10:00:00,0.0,241.84123494981048
2050-02-12 11:00:00,0.0,176.27924845533764
2050-02-12 12:00:00,0.0,82.06102945334682
2050-02-12 13:00:00,0.0,6.946965456367986
2050-02-12 14:00:00,0.0,0.0
2050-02-12 15:00:00,0.0,0.0
2050-02-12 16:00:00,0.0,0.0
2050-02-12 17:00:00,0.0,0.0
2050-02-12 18:00:00,0.0,0.0
2050-02-12 19:00:00,0.0,0.0
2050-02-12 20:00:00,0.0,0.0
2050-02-12 21:00:00,0.0,0.0
2050-02-12 22:00:00,0.0,0.0
2050-02-12 23:00:00,0.0,0.0
2050-02-13 00:00:00,0.0,0.0
2050-02-13 01:00:00,0.0,0.0
2050-02-13 02:00:00,0.0,0.0
2050-02-13 03:00:00,0.0,61.65431842526587
2050-02-13 04:00:00,0.0,159.34602015544067
2050-02-13 05:00:00,0.0,238.3677522216265
2050-02-13 06:00:00,0.0,295.2460318956394
2050-02-13 07:00:00,0.0,319.5604109929273
2050-02-13 08:00:00,0.0,320.86296701599633
2050-02-13 09:00:00,0.0,302.19299735200735
2050-02-13 10:00:00,0.0,258.34027790868447
2050-02-13 11:00:00,0.0,189.3048086860276
2050-02-13 12:00:00,0.0,97.2575163891518
2050-02-13 13:00:00,0.0,11.723004207620976
2050-02-13 14:00:00,0.0,0.0
2050-02-13 15:00:00,0.0,0.0
2050-02-13 16:00:00,0.0,0.0
2050-02-13 17:00:00,0.0,0.0
2050-02-13 18:00:00,0.0,0.0
2050-02-13 19:00:00,0.0,0.0
2050-02-13 20:00:00,0.0,0.0
2050-02-13 21:00:00,0.0,0.0
2050-02-13 22:00:00,0.0,0.0
2050-02-13 23:00:00,0.0,0.0
2050-02-14 00:00:00,0.0,0.0
2050-02-14 01:00:00,0.0,0.0
2050-02-14 02:00:00,0.0,0.8683706820459982
2050-02-14 03:00:00,0.0,92.9156629789218
2050-02-14 04:00:00,0.0,193.2124767552346
2050-02-14 05:00:00,0.0,266.58979938812143
2050-02-14 06:00:00,0.0,310.8767041724673
2050-02-14 07:00:00,0.0,335.6252686107783
2050-02-14 08:00:00,0.0,337.79619531589327
2050-02-14 09:00:00,0.0,317.3894842878123
2050-02-14 10:00:00,0.0,273.5367648444894
2050-02-14 11:00:00,0.0,204.9354809628556
2050-02-14 12:00:00,0.0,110.71726196086478
2050-02-14 13:00:00,0.0,16.06485761785097
2050-02-14 14:00:00,0.0,0.0
2050-02-14 15:00:00,0.0,0.0
2050-02-14 16:00:00,0.0,0.0
2050-02-14 17:00:00,0.0,0.0
2050-02-14 18:00:00,0.0,0.0
2050-02-14 19:00:00,0.0,0.0
2050-02-14 20:00:00,0.0,0.0
2050-02-14 21:00:00,0.0,0.0
2050-02-14 22:00:00,0.0,0.0
2050-02-14 23:00:00,0.0,0.0
2050-02-15 00:00:00,0.0,0.0
2050-02-15 01:00:00,0.0,0.0
2050-02-15 02:00:00,0.0,0.8683706820459982
2050-02-15 03:00:00,0.0,89.8763655917608
2050-02-15 04:00:00,0.0,187.56806732193562
2050-02-15 05:00:00,0.0,261.3795752958454
2050-02-15 06:00:00,0.0,309.5741481493983
2050-02-15 07:00:00,0.0,333.8885272466863
2050-02-15 08:00:00,0.0,336.05945395180134
2050-02-15 09:00:00,0.0,316.5211136057664
2050-02-15 10:00:00,0.0,274.4051355265354
2050-02-15 11:00:00,0.0,207.97477835001655
2050-02-15 12:00:00,0.0,116.36167139416375
2050-02-15 13:00:00,0.0,18.669969663988958
2050-02-15 14:00:00,0.0,0.0
2050-02-15 15:00:00,0.0,0.0
2050-02-15 16:00:00,0.0,0.0
2050-02-15 17:00:00,0.0,0.0
2050-02-15 18:00:00,0.0,0.0
2050-02-15 19:00:00,0.0,0.0
2050-02-15 20:00:00,0.0,0.0
2050-02-15 21:00:00,0.0,0.0
2050-02-15 22:00:00,0.0,0.0
2050-02-15 23:00:00,0.0,0.0
2050-02-16 00:00:00,0.0,0.0
2050-02-16 01:00:00,0.0,0.0
2050-02-16 02:00:00,0.0,1.7367413640919964
2050-02-16 03:00:00,0.0,99.42844309426678
2050-02-16 04:00:00,0.0,195.81758880137258
2050-02-16 05:00:00,0.0,268.3265407522134
2050-02-16 06:00:00,0.0,314.35018690065135
2050-02-16 07:00:00,0.0,338.23038065691634
2050-02-16 08:00:00,0.0,339.96712202100827
2050-02-16 09:00:00,0.0,320.42878167497327
2050-02-16 10:00:00,0.0,278.74698893676543
2050-02-16 11:00:00,0.0,213.18500244229256
2050-02-16 12:00:00,0.0,121.57189548643973
2050-02-16 13:00:00,0.0,21.27508171012696
2050-02-16 14:00:00,0.0,0.0
2050-02-16 15:00:00,0.0,0.0
2050-02-16 16:00:00,0.0,0.0
2050-02-16 17:00:00,0.0,0.0
2050-02-16 18:00:00,0.0,0.0
2050-02-16 19:00:00,0.0,0.0
2050-02-16 20:00:00,0.0,0.0
2050-02-16 21:00:00,0.0,0.0
2050-02-16 22:00:00,0.0,0.0
2050-02-16 23:00:00,0.0,0.0
2050-02-17 00:00:00,0.0,0.0
2050-02-17 01:00:00,0.0,0.0
2050-02-17 02:00:00,0.0,1.3025560230689972
2050-02-17 03:00:00,0.0,90.31055093278381
2050-02-17 04:00:00,0.0,194.9492181193266
2050-02-17 05:00:00,0.0,267.02398472914444
2050-02-17 06:00:00,0.0,313.0476308775823
2050-02-17 07:00:00,0.0,335.6252686107783
2050-02-17 08:00:00,0.0,336.9278246338473
2050-02-17 09:00:00,0.0,316.08692826474334
2050-02-17 10:00:00,0.0,274.4051355265354
2050-02-17 11:00:00,0.0,208.40896369103956
2050-02-17 12:00:00,0.0,116.79585673518676
2050-02-17 13:00:00,0.0,19.53834034603496
2050-02-17 14:00:00,0.0,0.0
2050-02-17 15:00:00,0.0,0.0
2050-02-17 16:00:00,0.0,0.0
2050-02-17 17:00:00,0.0,0.0
2050-02-17 18:00:00,0.0,0.0
2050-02-17 19:00:00,0.0,0.0
2050-02-17 20:00:00,0.0,0.0
2050-02-17 21:00:00,0.0,0.0
2050-02-17 22:00:00,0.0,0.0
2050-02-17 23:00:00,0.0,0.0
2050-02-18 00:00:00,0.0,0.0
2050-02-18 01:00:00,0.0,0.0
2050-02-18 02:00:00,0.0,0.4341853410229991
2050-02-18 03:00:00,0.0,66.86454251754186
2050-02-18 04:00:00,0.0,155.87253742725667
2050-02-18 05:00:00,0.0,247.48564438310947
2050-02-18 06:00:00,0.0,302.19299735200735
2050-02-18 07:00:00,0.0,325.63900576724933
2050-02-18 08:00:00,0.0,326.9415617903183
2050-02-18 09:00:00,0.0,306.1006654212144
2050-02-18 10:00:00,0.0,262.24794597789145
2050-02-18 11:00:00,0.0,193.64666209625761
2050-02-18 12:00:00,0.0,101.59936979938178
2050-02-18 13:00:00,0.0,13.893930912735971
2050-02-18 14:00:00,0.0,0.0
2050-02-18 15:00:00,0.0,0.0
2050-02-18 16:00:00,0.0,0.0
2050-02-18 17:00:00,0.0,0.0
2050-02-18 18:00:00,0.0,0.0
2050-02-18 19:00:00,0.0,0.0
2050-02-18 20:00:00,0.0,0.0
2050-02-18 21:00:00,0.0,0.0
2050-02-18 22:00:00,0.0,0.0
2050-02-18 23:00:00,0.0,0.0
2050-02-19 00:00:00,0.0,0.0
2050-02-19 01:00:00,0.0,0.0
2050-02-19 02:00:00,0.0,0.4341853410229991
2050-02-19 03:00:00,0.0,72.94313729186385
2050-02-19 04:00:00,0.0,168.89809765794664
2050-02-19 05:00:00,0.0,242.2754202908335
2050-02-19 06:00:00,0.0,294.37766121359346
2050-02-19 07:00:00,0.0,318.69204031088134
2050-02-19 08:00:00,0.0,321.2971523570193
2050-02-19 09:00:00,0.0,303.9297387160994
2050-02-19 10:00:00,0.0,261.81376063686844
2050-02-19 11:00:00,0.0,195.38340346034957
2050-02-19 12:00:00,0.0,104.20448184551978
2050-02-19 13:00:00,0.0,14.328116253758969
2050-02-19 14:00:00,0.0,0.0
2050-02-19 15:00:00,0.0,0.0
2050-02-19 16:00:00,0.0,0.0
2050-02-19 17:00:00,0.0,0.0
2050-02-19 18:00:00,0.0,0.0
2050-02-19 19:00:00,0.0,0.0
2050-02-19 20:00:00,0.0,0.0
2050-02-19 21:00:00,0.0,0.0
2050-02-19 22:00:00,0.0,0.0
2050-02-19 23:00:00,0.0,0.0
2050-02-20 00:00:00,0.0,0.0
2050-02-20 01:00:00,0.0,0.0
2050-02-20 02:00:00,0.0,0.4341853410229991
2050-02-20 03:00:00,0.0,69.46965456367985
2050-02-20 04:00:00,0.0,162.81950288362466
2050-02-20 05:00:00,0.0,237.06519619855752
2050-02-20 06:00:00,0.0,286.5623250751794
2050-02-20 07:00:00,0.0,309.5741481493983
2050-02-20 08:00:00,0.0,309.5741481493983
2050-02-20 09:00:00,0.0,286.12813973415643
2050-02-20 10:00:00,0.0,239.2361229036725
2050-02-20 11:00:00,0.0,168.46391231692365
2050-02-20 12:00:00,0.0,81.19265877130083
2050-02-20 13:00:00,0.0,9.986262843528978
2050-02-20 14:00:00,0.0,0.0
2050-02-20 15:00:00,0.0,0.0
2050-02-20 16:00:00,0.0,0.0
2050-02-20 17:00:00,0.0,0.0
2050-02-20 18:00:00,0.0,0.0
2050-02-20 19:00:00,0.0,0.0
2050-02-20 20:00:00,0.0,0.0
2050-02-20 21:00:00,0.0,0.0
2050-02-20 22:00:00,0.0,0.0
2050-02-20 23:00:00,0.0,0.0
2050-02-21 00:00:00,0.0,0.0
2050-02-21 01:00:00,0.0,0.0
2050-02-21 02:00:00,0.0,0.8683706820459982
2050-02-21 03:00:00,0.0,76.41662002004783
2050-02-21 04:00:00,0.0,174.97669243226866
2050-02-21 05:00:00,0.0,250.95912711129344
2050-02-21 06:00:00,0.0,294.8118465546164
2050-02-21 07:00:00,0.0,319.9945963339503
2050-02-21 08:00:00,0.0,322.1655230390653
2050-02-21 09:00:00,0.0,302.6271826930303
2050-02-21 10:00:00,0.0,259.2086485907305
2050-02-21 11:00:00,0.0,190.6073647090966
2050-02-21 12:00:00,0.0,99.42844309426678
2050-02-21 13:00:00,0.0,14.328116253758969
2050-02-21 14:00:00,0.0,0.0
2050-02-21 15:00:00,0.0,0.0
2050-02-21 16:00:00,0.0,0.0
2050-02-21 17:00:00,0.0,0.0
2050-02-21 18:00:00,0.0,0.0
2050-02-21 19:00:00,0.0,0.0
2050-02-21 20:00:00,0.0,0.0
2050-02-21 21:00:00,0.0,0.0
2050-02-21 22:00:00,0.0,0.0
2050-02-21 23:00:00,0.0,0.0
2050-02-22 00:00:00,0.0,0.0
2050-02-22 01:00:00,0.0,0.0
2050-02-22 02:00:00,0.0,1.3025560230689972
2050-02-22 03:00:00,0.0,80.75847343027783
2050-02-22 04:00:00,0.0,177.14761913738363
2050-02-22 05:00:00,0.0,250.09075642924748
2050-02-22 06:00:00,0.0,296.9827732597314
2050-02-22 07:00:00,0.0,299.58788530586935
2050-02-22 08:00:00,0.0,308.2715921263293
2050-02-22 09:00:00,0.0,304.7981093981453
2050-02-22 10:00:00,0.0,255.73516586254647
2050-02-22 11:00:00,0.0,190.6073647090966
2050-02-22 12:00:00,0.0,103.77029650449677
2050-02-22 13:00:00,0.0,15.630672276827967
2050-02-22 14:00:00,0.0,0.0
2050-02-22 15:00:00,0.0,0.0
2050-02-22 16:00:00,0.0,0.0
2050-02-22 17:00:00,0.0,0.0
2050-02-22 18:00:00,0.0,0.0
2050-02-22 19:00:00,0.0,0.0
2050-02-22 20:00:00,0.0,0.0
2050-02-22 21:00:00,0.0,0.0
2050-02-22 22:00:00,0.0,0.0
2050-02-22 23:00:00,0.0,0.0
2050-02-23 00:00:00,0.0,0.0
2050-02-23 01:00:00,0.0,0.0
2050-02-23 02:00:00,0.0,0.4341853410229991
2050-02-23 03:00:00,0.0,61.65431842526587
2050-02-23 04:00:00,0.0,160.21439083748663
2050-02-23 05:00:00,0.0,248.78820040617845
2050-02-23 06:00:00,0.0,305.6664800801914
2050-02-23 07:00:00,0.0,330.84922985952534
2050-02-23 08:00:00,0.0,333.4543419056633
2050-02-23 09:00:00,0.0,313.48181621860533
2050-02-23 10:00:00,0.0,266.58979938812143
2050-02-23 11:00:00,0.0,194.5150327783036
2050-02-23 12:00:00,0.0,89.8763655917608
2050-02-23 13:00:00,0.0,12.157189548643975
2050-02-23 14:00:00,0.0,0.0
2050-02-23 15:00:00,0.0,0.0
2050-02-23 16:00:00,0.0,0.0
2050-02-23 17:00:00,0.0,0.0
2050-02-23 18:00:00,0.0,0.0
2050-02-23 19:00:00,0.0,0.0
2050-02-23 20:00:00,0.0,0.0
2050-02-23 21:00:00,0.0,0.0
2050-02-23 22:00:00,0.0,0.0
2050-02-23 23:00:00,0.0,0.0
2050-02-24 00:00:00,0.0,0.0
2050-02-24 01:00:00,0.0,0.0
2050-02-24 02:00:00,0.0,1.7367413640919964
2050-02-24 03:00:00,0.0,82.92940013539283
2050-02-24 04:00:00,0.0,181.92365788863663
2050-02-24 05:00:00,0.0,257.90609256766146
2050-02-24 06:00:00,0.0,306.1006654212144
2050-02-24 07:00:00,0.0,329.9808591774793
2050-02-24 08:00:00,0.0,332.15178588259425
2050-02-24 09:00:00,0.0,312.61344553655937
2050-02-24 10:00:00,0.0,270.9316527983514
2050-02-24 11:00:00,0.0,204.9354809628556
2050-02-24 12:00:00,0.0,114.62493003007175
2050-02-24 13:00:00,0.0,19.972525687057956
2050-02-24 14:00:00,0.0,0.0
2050-02-24 15:00:00,0.0,0.0
2050-02-24 16:00:00,0.0,0.0
2050-02-24 17:00:00,0.0,0.0
2050-02-24 18:00:00,0.0,0.0
2050-02-24 19:00:00,0.0,0.0
2050-02-24 20:00:00,0.0,0.0
2050-02-24 21:00:00,0.0,0.0
2050-02-24 22:00:00,0.0,0.0
2050-02-24 23:00:00,0.0,0.0
2050-02-25 00:00:00,0.0,0.0
2050-02-25 01:00:00,0.0,0.0
2050-02-25 02:00:00,0.0,2.6051120461379944
2050-02-25 03:00:00,0.0,88.57380956869181
2050-02-25 04:00:00,0.0,183.66039925272858
2050-02-25 05:00:00,0.0,255.73516586254647
2050-02-25 06:00:00,0.0,303.0613680340534
2050-02-25 07:00:00,0.0,325.2048204262263
2050-02-25 08:00:00,0.0,326.9415617903183
2050-02-25 09:00:00,0.0,305.23229473916837
2050-02-25 10:00:00,0.0,255.30098052152346
2050-02-25 11:00:00,0.0,173.23995106817665
2050-02-25 12:00:00,0.0,103.77029650449677
2050-02-25 13:00:00,0.0,19.972525687057956
2050-02-25 14:00:00,0.0,0.0
2050-02-25 15:00:00,0.0,0.0
2050-02-25 16:00:00,0.0,0.0
2050-02-25 17:00:00,0.0,0.0
2050-02-25 18:00:00,0.0,0.0
2050-02-25 19:00:00,0.0,0.0
2050-02-25 20:00:00,0.0,0.0
2050-02-25 21:00:00,0.0,0.0
2050-02-25 22:00:00,0.0,0.0
2050-02-25 23:00:00,0.0,0.0
2050-02-26 00:00:00,0.0,0.0
2050-02-26 01:00:00,0.0,0.0
2050-02-26 02:00:00,0.0,1.3025560230689972
2050-02-26 03:00:00,0.0,69.90383990470286
2050-02-26 04:00:00,0.0,168.02972697590067
2050-02-26 05:00:00,0.0,247.05145904208646
2050-02-26 06:00:00,0.0,298.71951462382333
2050-02-26 07:00:00,0.0,325.2048204262263
2050-02-26 08:00:00,0.0,328.2441178133873
2050-02-26 09:00:00,0.0,303.0613680340534
2050-02-26 10:00:00,0.0,259.2086485907305
2050-02-26 11:00:00,0.0,193.64666209625761
2050-02-26 12:00:00,0.0,106.37540855063477
2050-02-26 13:00:00,0.0,18.669969663988958
2050-02-26 14:00:00,0.0,0.0
2050-02-26 15:00:00,0.0,0.0
2050-02-26 16:00:00,0.0,0.0
2050-02-26 17:00:00,0.0,0.0
2050-02-26 18:00:00,0.0,0.0
2050-02-26 19:00:00,0.0,0.0
2050-02-26 20:00:00,0.0,0.0
2050-02-26 21:00:00,0.0,0.0
2050-02-26 22:00:00,0.0,0.0
2050-02-26 23:00:00,0.0,0.0
2050-02-27 00:00:00,0.0,0.0
2050-02-27 01:00:00,0.0,0.0
2050-02-27 02:00:00,0.0,3.039297387160994
2050-02-27 03:00:00,0.0,91.17892161482982
2050-02-27 04:00:00,0.0,190.6073647090966
2050-02-27 05:00:00,0.0,264.41887268300644
2050-02-27 06:00:00,0.0,310.8767041724673
2050-02-27 07:00:00,0.0,332.58597122361726
2050-02-27 08:00:00,0.0,331.7176005415713
2050-02-27 09:00:00,0.0,309.5741481493983
2050-02-27 10:00:00,0.0,264.41887268300644
2050-02-27 11:00:00,0.0,195.81758880137258
2050-02-27 12:00:00,0.0,105.94122320961178
2050-02-27 13:00:00,0.0,18.235784322965962
2050-02-27 14:00:00,0.0,0.0
2050-02-27 15:00:00,0.0,0.0
2050-02-27 16:00:00,0.0,0.0
2050-02-27 17:00:00,0.0,0.0
2050-02-27 18:00:00,0.0,0.0
2050-02-27 19:00:00,0.0,0.0
2050-02-27 20:00:00,0.0,0.0
2050-02-27 21:00:00,0.0,0.0
2050-02-27 22:00:00,0.0,0.0
2050-02-27 23:00:00,0.0,0.0
2050-02-28 00:00:00,0.0,0.0
2050-02-28 01:00:00,0.0,0.0
2050-02-28 02:00:00,0.0,3.039297387160994
2050-02-28 03:00:00,0.0,84.23195615846183
2050-02-28 04:00:00,0.0,179.3185458424986
2050-02-28 05:00:00,0.0,252.69586847538548
2050-02-28 06:00:00,0.0,299.1536999648464
2050-02-28 07:00:00,0.0,323.46807906213434
2050-02-28 08:00:00,0.0,325.63900576724933
2050-02-28 09:00:00,0.0,305.23229473916837
2050-02-28 10:00:00,0.0,262.24794597789145
2050-02-28 11:00:00,0.0,194.9492181193266
2050-02-28 12:00:00,0.0,105.50703786858878
2050-02-28 13:00:00,0.0,17.801598981942963
2050-02-28 14:00:00,0.0,0.0
2050-02-28 15:00:00,0.0,0.0
2050-02-28 16:00:00,0.0,0.0
2050-02-28 17:00:00,0.0,0.0
2050-02-28 18:00:00,0.0,0.0
2050-02-28 19:00:00,0.0,0.0
2050-02-28 20:00:00,0.0,0.0
2050-02-28 21:00:00,0.0,0.0
2050-02-28 22:00:00,0.0,0.0
2050-02-28 23:00:00,0.0,0.0
2050-03-01 00:00:00,0.0,0.0
2050-03-01 01:00:00,0.0,0.0
2050-03-01 02:00:00,0.0,3.039297387160994
2050-03-01 03:00:00,0.0,83.79777081743883
2050-03-01 04:00:00,0.0,177.5818044784066
2050-03-01 05:00:00,0.0,250.5249417702705
2050-03-01 06:00:00,0.0,297.8511439417774
2050-03-01 07:00:00,0.0,321.7313376980423
2050-03-01 08:00:00,0.0,323.46807906213434
2050-03-01 09:00:00,0.0,301.3246266699614
2050-03-01 10:00:00,0.0,258.34027790868447
2050-03-01 11:00:00,0.0,190.6073647090966
2050-03-01 12:00:00,0.0,100.73099911733578
2050-03-01 13:00:00,0.0,15.630672276827967
2050-03-01 14:00:00,0.0,0.0
2050-03-01 15:00:00,0.0,0.0
2050-03-01 16:00:00,0.0,0.0
2050-03-01 17:00:00,0.0,0.0
2050-03-01 18:00:00,0.0,0.0
2050-03-01 19:00:00,0.0,0.0
2050-03-01 20:00:00,0.0,0.0
2050-03-01 21:00:00,0.0,0.0
2050-03-01 22:00:00,0.0,0.0
2050-03-01 23:00:00,0.0,0.0
2050-03-02 00:00:00,0.0,0.0
2050-03-02 01:00:00,0.0,0.0
2050-03-02 02:00:00,0.0,0.8683706820459982
2050-03-02 03:00:00,0.0,51.2338702407139
2050-03-02 04:00:00,0.0,132.42652901201473
2050-03-02 05:00:00,0.0,205.80385164490158
2050-03-02 06:00:00,0.0,257.47190722663845
2050-03-02 07:00:00,0.0,282.65465700597247
2050-03-02 08:00:00,0.0,285.69395439313337
2050-03-02 09:00:00,0.0,260.51120461379946
2050-03-02 10:00:00,0.0,211.44826107820057
2050-03-02 11:00:00,0.0,142.84697719656668
2050-03-02 12:00:00,0.0,68.16709854061087
2050-03-02 13:00:00,0.0,9.552077502505979
2050-03-02 14:00:00,0.0,0.0
2050-03-02 15:00:00,0.0,0.0
2050-03-02 16:00:00,0.0,0.0
2050-03-02 17:00:00,0.0,0.0
2050-03-02 18:00:00,0.0,0.0
2050-03-02 19:00:00,0.0,0.0
2050-03-02 20:00:00,0.0,0.0
2050-03-02 21:00:00,0.0,0.0
2050-03-02 22:00:00,0.0,0.0
2050-03-02 23:00:00,0.0,0.0
2050-03-03 00:00:00,0.0,0.0
2050-03-03 01:00:00,0.0,0.0
2050-03-03 02:00:00,0.0,3.039297387160994
2050-03-03 03:00:00,0.0,78.58754672516282
2050-03-03 04:00:00,0.0,175.41087777329167
2050-03-03 05:00:00,0.0,252.26168313436247
2050-03-03 06:00:00,0.0,305.23229473916837
2050-03-03 07:00:00,0.0,328.2441178133873
2050-03-03 08:00:00,0.0,328.2441178133873
2050-03-03 09:00:00,0.0,313.48181621860533
2050-03-03 10:00:00,0.0,268.7607260932364
2050-03-03 11:00:00,0.0,199.72525687057959
2050-03-03 12:00:00,0.0,108.11214991472677
2050-03-03 13:00:00,0.0,18.669969663988958
2050-03-03 14:00:00,0.0,0.0
2050-03-03 15:00:00,0.0,0.0
2050-03-03 16:00:00,0.0,0.0
2050-03-03 17:00:00,0.0,0.0
2050-03-03 18:00:00,0.0,0.0
2050-03-03 19:00:00,0.0,0.0
2050-03-03 20:00:00,0.0,0.0
2050-03-03 21:00:00,0.0,0.0
2050-03-03 22:00:00,0.0,0.0
2050-03-03 23:00:00,0.0,0.0
2050-03-04 00:00:00,0.0,0.0
2050-03-04 01:00:00,0.0,0.0
2050-03-04 02:00:00,0.0,2.6051120461379944
2050-03-04 03:00:00,0.0,74.24569331493285
2050-03-04 04:00:00,0.0,170.20065368101567
2050-03-04 05:00:00,0.0,247.48564438310947
2050-03-04 06:00:00,0.0,279.1811742777884
2050-03-04 07:00:00,0.0,303.4955533750764
2050-03-04 08:00:00,0.0,304.36392405712235
2050-03-04 09:00:00,0.0,283.95721302904144
2050-03-04 10:00:00,0.0,239.2361229036725
2050-03-04 11:00:00,0.0,172.37158038613063
2050-03-04 12:00:00,0.0,89.4421802507378
2050-03-04 13:00:00,0.0,14.762301594781968
2050-03-04 14:00:00,0.0,0.0
2050-03-04 15:00:00,0.0,0.0
2050-03-04 16:00:00,0.0,0.0
2050-03-04 17:00:00,0.0,0.0
2050-03-04 18:00:00,0.0,0.0
2050-03-04 19:00:00,0.0,0.0
2050-03-04 20:00:00,0.0,0.0
2050-03-04 21:00:00,0.0,0.0
2050-03-04 22:00:00,0.0,0.0
2050-03-04 23:00:00,0.0,0.0
2050-03-05 00:00:00,0.0,0.0
2050-03-05 01:00:00,0.0,0.0
2050-03-05 02:00:00,0.0,3.473482728183993
2050-03-05 03:00:00,0.0,85.10032684050783
2050-03-05 04:00:00,0.0,182.79202857068262
2050-03-05 05:00:00,0.0,257.47190722663845
2050-03-05 06:00:00,0.0,305.6664800801914
2050-03-05 07:00:00,0.0,329.54667383645636
2050-03-05 08:00:00,0.0,330.84922985952534
2050-03-05 09:00:00,0.0,311.74507485451335
2050-03-05 10:00:00,0.0,267.45817007016745
2050-03-05 11:00:00,0.0,198.4227008475106
2050-03-05 12:00:00,0.0,107.24377923268077
2050-03-05 13:00:00,0.0,19.104155005011958
2050-03-05 14:00:00,0.0,0.0
2050-03-05 15:00:00,0.0,0.0
2050-03-05 16:00:00,0.0,0.0
2050-03-05 17:00:00,0.0,0.0
2050-03-05 18:00:00,0.0,0.0
2050-03-05 19:00:00,0.0,0.0
2050-03-05 20:00:00,0.0,0.0
2050-03-05 21:00:00,0.0,0.0
2050-03-05 22:00:00,0.0,0.0
2050-03-05 23:00:00,0.0,0.0
2050-03-06 00:00:00,0.0,0.0
2050-03-06 01:00:00,0.0,0.0
2050-03-06 02:00:00,0.0,4.341853410229991
2050-03-06 03:00:00,0.0,87.27125354562283
2050-03-06 04:00:00,0.0,182.79202857068262
2050-03-06 05:00:00,0.0,254.8667951805005
2050-03-06 06:00:00,0.0,306.53485076223734
2050-03-06 07:00:00,0.0,329.9808591774793
2050-03-06 08:00:00,0.0,331.2834152005483
2050-03-06 09:00:00,0.0,310.4425188314443
2050-03-06 10:00:00,0.0,266.58979938812143
2050-03-06 11:00:00,0.0,198.85688618853357
2050-03-06 12:00:00,0.0,109.41470593779576
2050-03-06 13:00:00,0.0,20.40671102808096
2050-03-06 14:00:00,0.0,0.0
2050-03-06 15:00:00,0.0,0.0
2050-03-06 16:00:00,0.0,0.0
2050-03-06 17:00:00,0.0,0.0
2050-03-06 18:00:00,0.0,0.0
2050-03-06 19:00:00,0.0,0.0
2050-03-06 20:00:00,0.0,0.0
2050-03-06 21:00:00,0.0,0.0
2050-03-06 22:00:00,0.0,0.0
2050-03-06 23:00:00,0.0,0.0
2050-03-07 00:00:00,0.0,0.0
2050-03-07 01:00:00,0.0,0.0
2050-03-07 02:00:00,0.0,3.473482728183993
2050-03-07 03:00:00,0.0,74.67987865595583
2050-03-07 04:00:00,0.0,165.85880027078565
2050-03-07 05:00:00,0.0,238.3677522216265
2050-03-07 06:00:00,0.0,284.3913983700644
2050-03-07 07:00:00,0.0,295.68021723666243
2050-03-07 08:00:00,0.0,288.7332517802944
2050-03-07 09:00:00,0.0,262.24794597789145
2050-03-07 10:00:00,0.0,199.72525687057959
2050-03-07 11:00:00,0.0,115.05911537109475
2050-03-07 12:00:00,0.0,45.58946080741491
2050-03-07 13:00:00,0.0,6.946965456367986
2050-03-07 14:00:00,0.0,0.0
2050-03-07 15:00:00,0.0,0.0
2050-03-07 16:00:00,0.0,0.0
2050-03-07 17:00:00,0.0,0.0
2050-03-07 18:00:00,0.0,0.0
2050-03-07 19:00:00,0.0,0.0
2050-03-07 20:00:00,0.0,0.0
2050-03-07 21:00:00,0.0,0.0
2050-03-07 22:00:00,0.0,0.0
2050-03-07 23:00:00,0.0,0.0
2050-03-08 00:00:00,0.0,0.0
2050-03-08 01:00:00,0.0,0.0
2050-03-08 02:00:00,0.0,3.907668069206992
2050-03-08 03:00:00,0.0,76.41662002004783
2050-03-08 04:00:00,0.0,161.95113220157864
2050-03-08 05:00:00,0.0,214.48755846536153
2050-03-08 06:00:00,0.0,233.59171347037352
2050-03-08 07:00:00,0.0,256.1693512035695
2050-03-08 08:00:00,0.0,251.39331245231645
2050-03-08 09:00:00,0.0,216.65848517047655
2050-03-08 10:00:00,0.0,182.35784322965964
2050-03-08 11:00:00,0.0,131.99234367099172
2050-03-08 12:00:00,0.0,61.22013308424286
2050-03-08 13:00:00,0.0,9.552077502505979
2050-03-08 14:00:00,0.0,0.0
2050-03-08 15:00:00,0.0,0.0
2050-03-08 16:00:00,0.0,0.0
2050-03-08 17:00:00,0.0,0.0
2050-03-08 18:00:00,0.0,0.0
2050-03-08 19:00:00,0.0,0.0
2050-03-08 20:00:00,0.0,0.0
2050-03-08 21:00:00,0.0,0.0
2050-03-08 22:00:00,0.0,0.0
2050-03-08 23:00:00,0.0,0.0
2050-03-09 00:00:00,0.0,0.0
2050-03-09 01:00:00,0.0,0.0
2050-03-09 02:00:00,0.0,3.039297387160994
2050-03-09 03:00:00,0.0,57.312465015035876
2050-03-09 04:00:00,0.0,121.13771014541675
2050-03-09 05:00:00,0.0,189.7389940270506
2050-03-09 06:00:00,0.0,250.5249417702705
2050-03-09 07:00:00,0.0,266.58979938812143
2050-03-09 08:00:00,0.0,245.3147176779945
2050-03-09 09:00:00,0.0,221.86870926275256
2050-03-09 10:00:00,0.0,178.01598981942962
2050-03-09 11:00:00,0.0,125.47956355564672
2050-03-09 12:00:00,0.0,67.29872785856486
2050-03-09 13:00:00,0.0,13.025560230689972
2050-03-09 14:00:00,0.0,0.0
2050-03-09 15:00:00,0.0,0.0
2050-03-09 16:00:00,0.0,0.0
2050-03-09 17:00:00,0.0,0.0
2050-03-09 18:00:00,0.0,0.0
2050-03-09 19:00:00,0.0,0.0
2050-03-09 20:00:00,0.0,0.0
2050-03-09 21:00:00,0.0,0.0
2050-03-09 22:00:00,0.0,0.0
2050-03-09 23:00:00,0.0,0.0
2050-03-10 00:00:00,0.0,0.0
2050-03-10 01:00:00,0.0,0.0
2050-03-10 02:00:00,0.0,6.078594774321988
2050-03-10 03:00:00,0.0,92.9156629789218
2050-03-10 04:00:00,0.0,189.3048086860276
2050-03-10 05:00:00,0.0,263.5505020009604
2050-03-10 06:00:00,0.0,312.61344553655937
2050-03-10 07:00:00,0.0,336.4936392928243
2050-03-10 08:00:00,0.0,338.23038065691634
2050-03-10 09:00:00,0.0,319.12622565190435
2050-03-10 10:00:00,0.0,276.57606223165044
2050-03-10 11:00:00,0.0,210.14570505513157
2050-03-10 12:00:00,0.0,120.26933946337074
2050-03-10 13:00:00,0.0,26.051120461379945
2050-03-10 14:00:00,0.0,0.0
2050-03-10 15:00:00,0.0,0.0
2050-03-10 16:00:00,0.0,0.0
2050-03-10 17:00:00,0.0,0.0
2050-03-10 18:00:00,0.0,0.0
2050-03-10 19:00:00,0.0,0.0
2050-03-10 20:00:00,0.0,0.0
2050-03-10 21:00:00,0.0,0.0
2050-03-10 22:00:00,0.0,0.0
2050-03-10 23:00:00,0.0,0.0
2050-03-11 00:00:00,0.0,0.0
2050-03-11 01:00:00,0.0,0.0
2050-03-11 02:00:00,0.0,7.815336138413984
2050-03-11 03:00:00,0.0,105.94122320961178
2050-03-11 04:00:00,0.0,204.50129562183258
2050-03-11 05:00:00,0.0,277.0102475726734
2050-03-11 06:00:00,0.0,327.37574713134137
2050-03-11 07:00:00,0.0,351.2559408876063
2050-03-11 08:00:00,0.0,352.5584969106753
2050-03-11 09:00:00,0.0,333.4543419056633
2050-03-11 10:00:00,0.0,291.33836382643244
2050-03-11 11:00:00,0.0,222.30289460377554
2050-03-11 12:00:00,0.0,123.30863685053174
2050-03-11 13:00:00,0.0,23.880193756264948
2050-03-11 14:00:00,0.0,0.0
2050-03-11 15:00:00,0.0,0.0
2050-03-11 16:00:00,0.0,0.0
2050-03-11 17:00:00,0.0,0.0
2050-03-11 18:00:00,0.0,0.0
2050-03-11 19:00:00,0.0,0.0
2050-03-11 20:00:00,0.0,0.0
2050-03-11 21:00:00,0.0,0.0
2050-03-11 22:00:00,0.0,0.0
2050-03-11 23:00:00,0.0,0.0
2050-03-12 00:00:00,0.0,0.0
2050-03-12 01:00:00,0.0,0.0
2050-03-12 02:00:00,0.0,2.6051120461379944
2050-03-12 03:00:00,0.0,42.55016342025392
2050-03-12 04:00:00,0.0,95.9549603660828
2050-03-12 05:00:00,0.0,141.1102358324747
2050-03-12 06:00:00,0.0,171.06902436306166
2050-03-12 07:00:00,0.0,174.10832175022264
2050-03-12 08:00:00,0.0,181.92365788863663
2050-03-12 09:00:00,0.0,173.23995106817665
2050-03-12 10:00:00,0.0,145.4520892427047
2050-03-12 11:00:00,0.0,109.84889127881877
2050-03-12 12:00:00,0.0,67.29872785856486
2050-03-12 13:00:00,0.0,18.669969663988958
2050-03-12 14:00:00,0.0,0.0
2050-03-12 15:00:00,0.0,0.0
2050-03-12 16:00:00,0.0,0.0
2050-03-12 17:00:00,0.0,0.0
2050-03-12 18:00:00,0.0,0.0
2050-03-12 19:00:00,0.0,0.0
2050-03-12 20:00:00,0.0,0.0
2050-03-12 21:00:00,0.0,0.0
2050-03-12 22:00:00,0.0,0.0
2050-03-12 23:00:00,0.0,0.0
2050-03-13 00:00:00,0.0,0.0
2050-03-13 01:00:00,0.0,0.0
2050-03-13 02:00:00,0.0,8.249521479436982
2050-03-13 03:00:00,0.0,106.37540855063477
2050-03-13 04:00:00,0.0,207.97477835001655
2050-03-13 05:00:00,0.0,281.78628632392645
2050-03-13 06:00:00,0.0,328.67830315441034
2050-03-13 07:00:00,0.0,352.5584969106753
2050-03-13 08:00:00,0.0,354.29523827476726
2050-03-13 09:00:00,0.0,335.1910832697553
2050-03-13 10:00:00,0.0,293.0751051905244
2050-03-13 11:00:00,0.0,226.64474801400553
2050-03-13 12:00:00,0.0,135.4658263991757
2050-03-13 13:00:00,0.0,33.86645659979393
2050-03-13 14:00:00,0.0,0.0
2050-03-13 15:00:00,0.0,0.0
2050-03-13 16:00:00,0.0,0.0
2050-03-13 17:00:00,0.0,0.0
2050-03-13 18:00:00,0.0,0.0
2050-03-13 19:00:00,0.0,0.0
2050-03-13 20:00:00,0.0,0.0
2050-03-13 21:00:00,0.0,0.0
2050-03-13 22:00:00,0.0,0.0
2050-03-13 23:00:00,0.0,0.0
2050-03-14 00:00:00,0.0,0.0
2050-03-14 01:00:00,0.0,0.0
2050-03-14 02:00:00,0.0,9.552077502505979
2050-03-14 03:00:00,0.0,108.54633525574978
2050-03-14 04:00:00,0.0,205.80385164490158
2050-03-14 05:00:00,0.0,277.0102475726734
2050-03-14 06:00:00,0.0,323.46807906213434
2050-03-14 07:00:00,0.0,346.9140874773763
2050-03-14 08:00:00,0.0,348.65082884146835
2050-03-14 09:00:00,0.0,329.9808591774793
2050-03-14 10:00:00,0.0,289.16743712131745
2050-03-14 11:00:00,0.0,224.03963596786753
2050-03-14 12:00:00,0.0,135.4658263991757
2050-03-14 13:00:00,0.0,35.16901262286293
2050-03-14 14:00:00,0.0,0.0
2050-03-14 15:00:00,0.0,0.0
2050-03-14 16:00:00,0.0,0.0
2050-03-14 17:00:00,0.0,0.0
2050-03-14 18:00:00,0.0,0.0
2050-03-14 19:00:00,0.0,0.0
2050-03-14 20:00:00,0.0,0.0
2050-03-14 21:00:00,0.0,0.0
2050-03-14 22:00:00,0.0,0.0
2050-03-14 23:00:00,0.0,0.0
2050-03-15 00:00:00,0.0,0.0
2050-03-15 01:00:00,0.0,0.0
2050-03-15 02:00:00,0.0,10.420448184551978
2050-03-15 03:00:00,0.0,108.98052059677278
2050-03-15 04:00:00,0.0,204.06711028080957
2050-03-15 05:00:00,0.0,275.7076915496044
2050-03-15 06:00:00,0.0,322.5997083800883
2050-03-15 07:00:00,0.0,345.6115314543073
2050-03-15 08:00:00,0.0,347.34827281839927
2050-03-15 09:00:00,0.0,327.37574713134137
2050-03-15 10:00:00,0.0,284.8255837110874
2050-03-15 11:00:00,0.0,218.82941187559152
2050-03-15 12:00:00,0.0,129.38723162485374
2050-03-15 13:00:00,0.0,31.695529894678934
2050-03-15 14:00:00,0.0,0.0
2050-03-15 15:00:00,0.0,0.0
2050-03-15 16:00:00,0.0,0.0
2050-03-15 17:00:00,0.0,0.0
2050-03-15 18:00:00,0.0,0.0
2050-03-15 19:00:00,0.0,0.0
2050-03-15 20:00:00,0.0,0.0
2050-03-15 21:00:00,0.0,0.0
2050-03-15 22:00:00,0.0,0.0
2050-03-15 23:00:00,0.0,0.0
2050-03-16 00:00:00,0.0,0.0
2050-03-16 01:00:00,0.0,0.0
2050-03-16 02:00:00,0.0,8.249521479436982
2050-03-16 03:00:00,0.0,93.78403366096781
2050-03-16 04:00:00,0.0,187.13388198091263
2050-03-16 05:00:00,0.0,267.02398472914444
2050-03-16 06:00:00,0.0,312.61344553655937
2050-03-16 07:00:00,0.0,336.4936392928243
2050-03-16 08:00:00,0.0,338.6645659979393
2050-03-16 09:00:00,0.0,317.3894842878123
2050-03-16 10:00:00,0.0,275.7076915496044
2050-03-16 11:00:00,0.0,210.14570505513157
2050-03-16 12:00:00,0.0,122.44026616848572
2050-03-16 13:00:00,0.0,28.656232507517938
2050-03-16 14:00:00,0.0,0.0
2050-03-16 15:00:00,0.0,0.0
2050-03-16 16:00:00,0.0,0.0
2050-03-16 17:00:00,0.0,0.0
2050-03-16 18:00:00,0.0,0.0
2050-03-16 19:00:00,0.0,0.0
2050-03-16 20:00:00,0.0,0.0
2050-03-16 21:00:00,0.0,0.0
2050-03-16 22:00:00,0.0,0.0
2050-03-16 23:00:00,0.0,0.0
2050-03-17 00:00:00,0.0,0.0
2050-03-17 01:00:00,0.0,0.0
2050-03-17 02:00:00,0.0,8.249521479436982
2050-03-17 03:00:00,0.0,93.78403366096781
2050-03-17 04:00:00,0.0,191.4757353911426
2050-03-17 05:00:00,0.0,265.28724336505246
2050-03-17 06:00:00,0.0,307.83740678530637
2050-03-17 07:00:00,0.0,332.15178588259425
2050-03-17 08:00:00,0.0,334.7568979287323
2050-03-17 09:00:00,0.0,315.2185575826973
2050-03-17 10:00:00,0.0,273.97095018551244
2050-03-17 11:00:00,0.0,209.27733437308558
2050-03-17 12:00:00,0.0,122.44026616848572
2050-03-17 13:00:00,0.0,29.524603189563937
2050-03-17 14:00:00,0.0,0.0
2050-03-17 15:00:00,0.0,0.0
2050-03-17 16:00:00,0.0,0.0
2050-03-17 17:00:00,0.0,0.0
2050-03-17 18:00:00,0.0,0.0
2050-03-17 19:00:00,0.0,0.0
2050-03-17 20:00:00,0.0,0.0
2050-03-17 21:00:00,0.0,0.0
2050-03-17 22:00:00,0.0,0.0
2050-03-17 23:00:00,0.0,0.0
2050-03-18 00:00:00,0.0,0.0
2050-03-18 01:00:00,0.0,0.0
2050-03-18 02:00:00,0.0,7.815336138413984
2050-03-18 03:00:00,0.0,82.06102945334682
2050-03-18 04:00:00,0.0,178.4501751604526
2050-03-18 05:00:00,0.0,249.65657108822447
2050-03-18 06:00:00,0.0,302.6271826930303
2050-03-18 07:00:00,0.0,329.54667383645636
2050-03-18 08:00:00,0.0,330.84922985952534
2050-03-18 09:00:00,0.0,309.5741481493983
2050-03-18 10:00:00,0.0,266.58979938812143
2050-03-18 11:00:00,0.0,197.9885155064876
2050-03-18 12:00:00,0.0,108.11214991472677
2050-03-18 13:00:00,0.0,22.143452392172954
2050-03-18 14:00:00,0.0,0.0
2050-03-18 15:00:00,0.0,0.0
2050-03-18 16:00:00,0.0,0.0
2050-03-18 17:00:00,0.0,0.0
2050-03-18 18:00:00,0.0,0.0
2050-03-18 19:00:00,0.0,0.0
2050-03-18 20:00:00,0.0,0.0
2050-03-18 21:00:00,0.0,0.0
2050-03-18 22:00:00,0.0,0.0
2050-03-18 23:00:00,0.0,0.0
2050-03-19 00:00:00,0.0,0.0
2050-03-19 01:00:00,0.0,0.0
2050-03-19 02:00:00,0.0,7.815336138413984
2050-03-19 03:00:00,0.0,93.34984831994481
2050-03-19 04:00:00,0.0,192.34410607318858
2050-03-19 05:00:00,0.0,267.02398472914444
2050-03-19 06:00:00,0.0,315.6527429237204
2050-03-19 07:00:00,0.0,336.4936392928243
2050-03-19 08:00:00,0.0,336.4936392928243
2050-03-19 09:00:00,0.0,309.13996280837534
2050-03-19 10:00:00,0.0,265.28724336505246
2050-03-19 11:00:00,0.0,198.4227008475106
2050-03-19 12:00:00,0.0,112.01981798393376
2050-03-19 13:00:00,0.0,25.18274977933395
2050-03-19 14:00:00,0.0,0.0
2050-03-19 15:00:00,0.0,0.0
2050-03-19 16:00:00,0.0,0.0
2050-03-19 17:00:00,0.0,0.0
2050-03-19 18:00:00,0.0,0.0
2050-03-19 19:00:00,0.0,0.0
2050-03-19 20:00:00,0.0,0.0
2050-03-19 21:00:00,0.0,0.0
2050-03-19 22:00:00,0.0,0.0
2050-03-19 23:00:00,0.0,0.0
2050-03-20 00:00:00,0.0,0.0
2050-03-20 01:00:00,0.0,0.0
2050-03-20 02:00:00,0.0,7.815336138413984
2050-03-20 03:00:00,0.0,89.00799490971481
2050-03-20 04:00:00,0.0,183.2262139117056
2050-03-20 05:00:00,0.0,256.6035365445925
2050-03-20 06:00:00,0.0,311.31088951349034
2050-03-20 07:00:00,0.0,333.4543419056633
2050-03-20 08:00:00,0.0,334.3227125877093
2050-03-20 09:00:00,0.0,315.6527429237204
2050-03-20 10:00:00,0.0,272.66839416244346
2050-03-20 11:00:00,0.0,206.23803698592457
2050-03-20 12:00:00,0.0,118.53259809927876
2050-03-20 13:00:00,0.0,28.222047166494942
2050-03-20 14:00:00,0.0,0.0
2050-03-20 15:00:00,0.0,0.0
2050-03-20 16:00:00,0.0,0.0
2050-03-20 17:00:00,0.0,0.0
2050-03-20 18:00:00,0.0,0.0
2050-03-20 19:00:00,0.0,0.0
2050-03-20 20:00:00,0.0,0.0
2050-03-20 21:00:00,0.0,0.0
2050-03-20 22:00:00,0.0,0.0
2050-03-20 23:00:00,0.0,0.0
2050-03-21 00:00:00,0.0,0.0
2050-03-21 01:00:00,0.0,0.0
2050-03-21 02:00:00,0.0,9.552077502505979
2050-03-21 03:00:00,0.0,95.52077502505979
2050-03-21 04:00:00,0.0,188.4364380039816
2050-03-21 05:00:00,0.0,258.7744632497075
2050-03-21 06:00:00,0.0,304.7981093981453
2050-03-21 07:00:00,0.0,328.2441178133873
2050-03-21 08:00:00,0.0,329.9808591774793
2050-03-21 09:00:00,0.0,306.1006654212144
2050-03-21 10:00:00,0.0,263.98468734198343
2050-03-21 11:00:00,0.0,199.29107152955658
2050-03-21 12:00:00,0.0,114.19074468904877
2050-03-21 13:00:00,0.0,27.787861825471943
2050-03-21 14:00:00,0.0,0.0
2050-03-21 15:00:00,0.0,0.0
2050-03-21 16:00:00,0.0,0.0
2050-03-21 17:00:00,0.0,0.0
2050-03-21 18:00:00,0.0,0.0
2050-03-21 19:00:00,0.0,0.0
2050-03-21 20:00:00,0.0,0.0
2050-03-21 21:00:00,0.0,0.0
2050-03-21 22:00:00,0.0,0.0
2050-03-21 23:00:00,0.0,0.0
2050-03-22 00:00:00,0.0,0.0
2050-03-22 01:00:00,0.0,0.0
2050-03-22 02:00:00,0.0,9.117892161482981
2050-03-22 03:00:00,0.0,89.00799490971481
2050-03-22 04:00:00,0.0,179.7527311835216
2050-03-22 05:00:00,0.0,250.5249417702705
2050-03-22 06:00:00,0.0,293.50929053154744
2050-03-22 07:00:00,0.0,317.8236696288354
2050-03-22 08:00:00,0.0,322.5997083800883
2050-03-22 09:00:00,0.0,303.4955533750764
2050-03-22 10:00:00,0.0,261.81376063686844
2050-03-22 11:00:00,0.0,197.12014482444158
2050-03-22 12:00:00,0.0,112.45400332495676
2050-03-22 13:00:00,0.0,26.919491143425944
2050-03-22 14:00:00,0.0,0.0
2050-03-22 15:00:00,0.0,0.0
2050-03-22 16:00:00,0.0,0.0
2050-03-22 17:00:00,0.0,0.0
2050-03-22 18:00:00,0.0,0.0
2050-03-22 19:00:00,0.0,0.0
2050-03-22 20:00:00,0.0,0.0
2050-03-22 21:00:00,0.0,0.0
2050-03-22 22:00:00,0.0,0.0
2050-03-22 23:00:00,0.0,0.0
2050-03-23 00:00:00,0.0,0.0
2050-03-23 01:00:00,0.0,0.0
2050-03-23 02:00:00,0.0,8.683706820459982
2050-03-23 03:00:00,0.0,85.53451218153083
2050-03-23 04:00:00,0.0,181.0552872065906
2050-03-23 05:00:00,0.0,253.56423915743147
2050-03-23 06:00:00,0.0,300.8904413289383
2050-03-23 07:00:00,0.0,321.2971523570193
2050-03-23 08:00:00,0.0,314.78437224167436
2050-03-23 09:00:00,0.0,304.7981093981453
2050-03-23 10:00:00,0.0,271.80002348039744
2050-03-23 11:00:00,0.0,208.84314903206257
2050-03-23 12:00:00,0.0,124.17700753257775
2050-03-23 13:00:00,0.0,32.99808591774793
2050-03-23 14:00:00,0.0,0.0
2050-03-23 15:00:00,0.0,0.0
2050-03-23 16:00:00,0.0,0.0
2050-03-23 17:00:00,0.0,0.0
2050-03-23 18:00:00,0.0,0.0
2050-03-23 19:00:00,0.0,0.0
2050-03-23 20:00:00,0.0,0.0
2050-03-23 21:00:00,0.0,0.0
2050-03-23 22:00:00,0.0,0.0
2050-03-23 23:00:00,0.0,0.0
2050-03-24 00:00:00,0.0,0.0
2050-03-24 01:00:00,0.0,0.0
2050-03-24 02:00:00,0.0,11.723004207620976
2050-03-24 03:00:00,0.0,100.73099911733578
2050-03-24 04:00:00,0.0,196.2517741423956
2050-03-24 05:00:00,0.0,266.58979938812143
2050-03-24 06:00:00,0.0,312.17926019553636
2050-03-24 07:00:00,0.0,335.6252686107783
2050-03-24 08:00:00,0.0,337.79619531589327
2050-03-24 09:00:00,0.0,318.25785496985833
2050-03-24 10:00:00,0.0,277.4444329136964
2050-03-24 11:00:00,0.0,213.18500244229256
2050-03-24 12:00:00,0.0,117.66422741723277
2050-03-24 13:00:00,0.0,31.261344553655935
2050-03-24 14:00:00,0.0,0.0
2050-03-24 15:00:00,0.0,0.0
2050-03-24 16:00:00,0.0,0.0
2050-03-24 17:00:00,0.0,0.0
2050-03-24 18:00:00,0.0,0.0
2050-03-24 19:00:00,0.0,0.0
2050-03-24 20:00:00,0.0,0.0
2050-03-24 21:00:00,0.0,0.0
2050-03-24 22:00:00,0.0,0.0
2050-03-24 23:00:00,0.0,0.0
2050-03-25 00:00:00,0.0,0.0
2050-03-25 01:00:00,0.0,0.0
2050-03-25 02:00:00,0.0,11.288818866597977
2050-03-25 03:00:00,0.0,95.9549603660828
2050-03-25 04:00:00,0.0,195.38340346034957
2050-03-25 05:00:00,0.0,266.58979938812143
2050-03-25 06:00:00,0.0,314.78437224167436
2050-03-25 07:00:00,0.0,338.23038065691634
2050-03-25 08:00:00,0.0,340.8354927030543
2050-03-25 09:00:00,0.0,319.9945963339503
2050-03-25 10:00:00,0.0,280.0495449598344
2050-03-25 11:00:00,0.0,217.09267051149956
2050-03-25 12:00:00,0.0,131.99234367099172
2050-03-25 13:00:00,0.0,38.20831001002392
2050-03-25 14:00:00,0.0,0.0
2050-03-25 15:00:00,0.0,0.0
2050-03-25 16:00:00,0.0,0.0
2050-03-25 17:00:00,0.0,0.0
2050-03-25 18:00:00,0.0,0.0
2050-03-25 19:00:00,0.0,0.0
2050-03-25 20:00:00,0.0,0.0
2050-03-25 21:00:00,0.0,0.0
2050-03-25 22:00:00,0.0,0.0
2050-03-25 23:00:00,0.0,0.0
2050-03-26 00:00:00,0.0,0.0
2050-03-26 01:00:00,0.0,0.0
2050-03-26 02:00:00,0.0,13.459745571712972
2050-03-26 03:00:00,0.0,106.37540855063477
2050-03-26 04:00:00,0.0,200.1594422116026
2050-03-26 05:00:00,0.0,270.06328211630546
2050-03-26 06:00:00,0.0,315.2185575826973
2050-03-26 07:00:00,0.0,338.23038065691634
2050-03-26 08:00:00,0.0,339.96712202100827
2050-03-26 09:00:00,0.0,317.8236696288354
2050-03-26 10:00:00,0.0,277.8786182547194
2050-03-26 11:00:00,0.0,214.48755846536153
2050-03-26 12:00:00,0.0,129.82141696587672
2050-03-26 13:00:00,0.0,36.90575398695493
2050-03-26 14:00:00,0.0,0.0
2050-03-26 15:00:00,0.0,0.0
2050-03-26 16:00:00,0.0,0.0
2050-03-26 17:00:00,0.0,0.0
2050-03-26 18:00:00,0.0,0.0
2050-03-26 19:00:00,0.0,0.0
2050-03-26 20:00:00,0.0,0.0
2050-03-26 21:00:00,0.0,0.0
2050-03-26 22:00:00,0.0,0.0
2050-03-26 23:00:00,0.0,0.0
2050-03-27 00:00:00,0.0,0.0
2050-03-27 01:00:00,0.0,0.0
2050-03-27 02:00:00,0.0,14.328116253758969
2050-03-27 03:00:00,0.0,107.24377923268077
2050-03-27 04:00:00,0.0,198.85688618853357
2050-03-27 05:00:00,0.0,267.89235541119047
2050-03-27 06:00:00,0.0,313.91600155962834
2050-03-27 07:00:00,0.0,335.1910832697553
2050-03-27 08:00:00,0.0,335.6252686107783
2050-03-27 09:00:00,0.0,316.5211136057664
2050-03-27 10:00:00,0.0,277.0102475726734
2050-03-27 11:00:00,0.0,217.52685585252254
2050-03-27 12:00:00,0.0,135.4658263991757
2050-03-27 13:00:00,0.0,41.247607397184915
2050-03-27 14:00:00,0.0,0.0
2050-03-27 15:00:00,0.0,0.0
2050-03-27 16:00:00,0.0,0.0
2050-03-27 17:00:00,0.0,0.0
2050-03-27 18:00:00,0.0,0.0
2050-03-27 19:00:00,0.0,0.0
2050-03-27 20:00:00,0.0,0.0
2050-03-27 21:00:00,0.0,0.0
2050-03-27 22:00:00,0.0,0.0
2050-03-27 23:00:00,0.0,0.0
2050-03-28 00:00:00,0.0,0.0
2050-03-28 01:00:00,0.0,0.0
2050-03-28 02:00:00,0.0,15.19648693580497
2050-03-28 03:00:00,0.0,107.24377923268077
2050-03-28 04:00:00,0.0,197.9885155064876
2050-03-28 05:00:00,0.0,266.58979938812143
2050-03-28 06:00:00,0.0,310.00833349042136
2050-03-28 07:00:00,0.0,331.7176005415713
2050-03-28 08:00:00,0.0,333.0201565646403
2050-03-28 09:00:00,0.0,314.35018690065135
2050-03-28 10:00:00,0.0,274.4051355265354
2050-03-28 11:00:00,0.0,206.23803698592457
2050-03-28 12:00:00,0.0,115.05911537109475
2050-03-28 13:00:00,0.0,29.524603189563937
2050-03-28 14:00:00,0.0,0.0
2050-03-28 15:00:00,0.0,0.0
2050-03-28 16:00:00,0.0,0.0
2050-03-28 17:00:00,0.0,0.0
2050-03-28 18:00:00,0.0,0.0
2050-03-28 19:00:00,0.0,0.0
2050-03-28 20:00:00,0.0,0.0
2050-03-28 21:00:00,0.0,0.0
2050-03-28 22:00:00,0.0,0.0
2050-03-28 23:00:00,0.0,0.0
2050-03-29 00:00:00,0.0,0.0
2050-03-29 01:00:00,0.0,0.0
2050-03-29 02:00:00,0.0,13.025560230689972
2050-03-29 03:00:00,0.0,98.9942577532438
2050-03-29 04:00:00,0.0,188.0022526629586
2050-03-29 05:00:00,0.0,256.6035365445925
2050-03-29 06:00:00,0.0,300.4562559879153
2050-03-29 07:00:00,0.0,322.1655230390653
2050-03-29 08:00:00,0.0,327.8099324723643
2050-03-29 09:00:00,0.0,310.4425188314443
2050-03-29 10:00:00,0.0,270.9316527983514
2050-03-29 11:00:00,0.0,208.40896369103956
2050-03-29 12:00:00,0.0,122.87445150950876
2050-03-29 13:00:00,0.0,35.16901262286293
2050-03-29 14:00:00,0.0,0.0
2050-03-29 15:00:00,0.0,0.0
2050-03-29 16:00:00,0.0,0.0
2050-03-29 17:00:00,0.0,0.0
2050-03-29 18:00:00,0.0,0.0
2050-03-29 19:00:00,0.0,0.0
2050-03-29 20:00:00,0.0,0.0
2050-03-29 21:00:00,0.0,0.0
2050-03-29 22:00:00,0.0,0.0
2050-03-29 23:00:00,0.0,0.0
2050-03-30 00:00:00,0.0,0.0
2050-03-30 01:00:00,0.0,0.0
2050-03-30 02:00:00,0.0,13.893930912735971
2050-03-30 03:00:00,0.0,101.59936979938178
2050-03-30 04:00:00,0.0,194.08084743728062
2050-03-30 05:00:00,0.0,263.1163166599374
2050-03-30 06:00:00,0.0,307.83740678530637
2050-03-30 07:00:00,0.0,330.84922985952534
2050-03-30 08:00:00,0.0,333.0201565646403
2050-03-30 09:00:00,0.0,313.91600155962834
2050-03-30 10:00:00,0.0,274.8393208675584
2050-03-30 11:00:00,0.0,213.18500244229256
2050-03-30 12:00:00,0.0,130.25560230689973
2050-03-30 13:00:00,0.0,39.07668069206992
2050-03-30 14:00:00,0.0,0.0
2050-03-30 15:00:00,0.0,0.0
2050-03-30 16:00:00,0.0,0.0
2050-03-30 17:00:00,0.0,0.0
2050-03-30 18:00:00,0.0,0.0
2050-03-30 19:00:00,0.0,0.0
2050-03-30 20:00:00,0.0,0.0
2050-03-30 21:00:00,0.0,0.0
2050-03-30 22:00:00,0.0,0.0
2050-03-30 23:00:00,0.0,0.0
2050-03-31 00:00:00,0.0,0.0
2050-03-31 01:00:00,0.0,0.0
2050-03-31 02:00:00,0.0,16.06485761785097
2050-03-31 03:00:00,0.0,109.41470593779576
2050-03-31 04:00:00,0.0,200.1594422116026
2050-03-31 05:00:00,0.0,268.7607260932364
2050-03-31 06:00:00,0.0,313.0476308775823
2050-03-31 07:00:00,0.0,334.7568979287323
2050-03-31 08:00:00,0.0,336.4936392928243
2050-03-31 09:00:00,0.0,318.25785496985833
2050-03-31 10:00:00,0.0,278.74698893676543
2050-03-31 11:00:00,0.0,216.65848517047655
2050-03-31 12:00:00,0.0,133.29489969406072
2050-03-31 13:00:00,0.0,40.81342205616192
2050-03-31 14:00:00,0.0,0.0
2050-03-31 15:00:00,0.0,0.0
2050-03-31 16:00:00,0.0,0.0
2050-03-31 17:00:00,0.0,0.0
2050-03-31 18:00:00,0.0,0.0
2050-03-31 19:00:00,0.0,0.0
2050-03-31 20:00:00,0.0,0.0
2050-03-31 21:00:00,0.0,0.0
2050-03-31 22:00:00,0.0,0.0
2050-03-31 23:00:00,0.0,0.0
2050-04-01 00:00:00,0.0,0.0
2050-04-01 01:00:00,0.0,0.0
2050-04-01 02:00:00,0.0,16.499042958873964
2050-04-01 03:00:00,0.0,108.11214991472677
2050-04-01 04:00:00,0.0,197.9885155064876
2050-04-01 05:00:00,0.0,266.1556140470984
2050-04-01 06:00:00,0.0,309.5741481493983
2050-04-01 07:00:00,0.0,330.84922985952534
2050-04-01 08:00:00,0.0,332.58597122361726
2050-04-01 09:00:00,0.0,314.35018690065135
2050-04-01 10:00:00,0.0,275.7076915496044
2050-04-01 11:00:00,0.0,214.48755846536153
2050-04-01 12:00:00,0.0,131.99234367099172
2050-04-01 13:00:00,0.0,40.379236715138916
2050-04-01 14:00:00,0.0,0.0
2050-04-01 15:00:00,0.0,0.0
2050-04-01 16:00:00,0.0,0.0
2050-04-01 17:00:00,0.0,0.0
2050-04-01 18:00:00,0.0,0.0
2050-04-01 19:00:00,0.0,0.0
2050-04-01 20:00:00,0.0,0.0
2050-04-01 21:00:00,0.0,0.0
2050-04-01 22:00:00,0.0,0.0
2050-04-01 23:00:00,0.0,0.0
2050-04-02 00:00:00,0.0,0.0
2050-04-02 01:00:00,0.0,0.0
2050-04-02 02:00:00,0.0,16.933228299896964
2050-04-02 03:00:00,0.0,109.41470593779576
2050-04-02 04:00:00,0.0,200.1594422116026
2050-04-02 05:00:00,0.0,267.89235541119047
2050-04-02 06:00:00,0.0,306.53485076223734
2050-04-02 07:00:00,0.0,306.1006654212144
2050-04-02 08:00:00,0.0,286.5623250751794
2050-04-02 09:00:00,0.0,269.62909677528245
2050-04-02 10:00:00,0.0,247.48564438310947
2050-04-02 11:00:00,0.0,207.10640766797056
2050-04-02 12:00:00,0.0,132.86071435303774
2050-04-02 13:00:00,0.0,41.247607397184915
2050-04-02 14:00:00,0.0,0.0
2050-04-02 15:00:00,0.0,0.0
2050-04-02 16:00:00,0.0,0.0
2050-04-02 17:00:00,0.0,0.0
2050-04-02 18:00:00,0.0,0.0
2050-04-02 19:00:00,0.0,0.0
2050-04-02 20:00:00,0.0,0.0
2050-04-02 21:00:00,0.0,0.0
2050-04-02 22:00:00,0.0,0.0
2050-04-02 23:00:00,0.0,0.0
2050-04-03 00:00:00,0.0,0.0
2050-04-03 01:00:00,0.0,0.0
2050-04-03 02:00:00,0.0,10.854633525574977
2050-04-03 03:00:00,0.0,87.70543888664584
2050-04-03 04:00:00,0.0,196.68595948341857
2050-04-03 05:00:00,0.0,265.72142870607547
2050-04-03 06:00:00,0.0,308.2715921263293
2050-04-03 07:00:00,0.0,329.9808591774793
2050-04-03 08:00:00,0.0,332.58597122361726
2050-04-03 09:00:00,0.0,314.78437224167436
2050-04-03 10:00:00,0.0,275.2735062085814
2050-04-03 11:00:00,0.0,209.71151971410856
2050-04-03 12:00:00,0.0,111.58563264291077
2050-04-03 13:00:00,0.0,31.261344553655935
2050-04-03 14:00:00,0.0,0.0
2050-04-03 15:00:00,0.0,0.0
2050-04-03 16:00:00,0.0,0.0
2050-04-03 17:00:00,0.0,0.0
2050-04-03 18:00:00,0.0,0.0
2050-04-03 19:00:00,0.0,0.0
2050-04-03 20:00:00,0.0,0.0
2050-04-03 21:00:00,0.0,0.0
2050-04-03 22:00:00,0.0,0.0
2050-04-03 23:00:00,0.0,0.0
2050-04-04 00:00:00,0.0,0.0
2050-04-04 01:00:00,0.0,0.0
2050-04-04 02:00:00,0.0,18.235784322965962
2050-04-04 03:00:00,0.0,112.01981798393376
2050-04-04 04:00:00,0.0,202.3303689167176
2050-04-04 05:00:00,0.0,269.19491143425944
2050-04-04 06:00:00,0.0,310.8767041724673
2050-04-04 07:00:00,0.0,330.4150445185023
2050-04-04 08:00:00,0.0,329.1124884954333
2050-04-04 09:00:00,0.0,305.23229473916837
2050-04-04 10:00:00,0.0,258.7744632497075
2050-04-04 11:00:00,0.0,189.3048086860276
2050-04-04 12:00:00,0.0,109.41470593779576
2050-04-04 13:00:00,0.0,35.603197963885926
2050-04-04 14:00:00,0.0,0.0
2050-04-04 15:00:00,0.0,0.0
2050-04-04 16:00:00,0.0,0.0
2050-04-04 17:00:00,0.0,0.0
2050-04-04 18:00:00,0.0,0.0
2050-04-04 19:00:00,0.0,0.0
2050-04-04 20:00:00,0.0,0.0
2050-04-04 21:00:00,0.0,0.0
2050-04-04 22:00:00,0.0,0.0
2050-04-04 23:00:00,0.0,0.0
2050-04-05 00:00:00,0.0,0.0
2050-04-05 01:00:00,0.0,0.0
2050-04-05 02:00:00,0.0,9.552077502505979
2050-04-05 03:00:00,0.0,62.956874448334865
2050-04-05 04:00:00,0.0,135.90001174019872
2050-04-05 05:00:00,0.0,197.5543301654646
2050-04-05 06:00:00,0.0,270.9316527983514
2050-04-05 07:00:00,0.0,321.2971523570193
2050-04-05 08:00:00,0.0,329.9808591774793
2050-04-05 09:00:00,0.0,300.8904413289383
2050-04-05 10:00:00,0.0,257.90609256766146
2050-04-05 11:00:00,0.0,209.27733437308558
2050-04-05 12:00:00,0.0,131.99234367099172
2050-04-05 13:00:00,0.0,40.379236715138916
2050-04-05 14:00:00,0.0,0.0
2050-04-05 15:00:00,0.0,0.0
2050-04-05 16:00:00,0.0,0.0
2050-04-05 17:00:00,0.0,0.0
2050-04-05 18:00:00,0.0,0.0
2050-04-05 19:00:00,0.0,0.0
2050-04-05 20:00:00,0.0,0.0
2050-04-05 21:00:00,0.0,0.0
2050-04-05 22:00:00,0.0,0.0
2050-04-05 23:00:00,0.0,0.0
2050-04-06 00:00:00,0.0,0.0
2050-04-06 01:00:00,0.0,0.0
2050-04-06 02:00:00,0.0,7.381150797390984
2050-04-06 03:00:00,0.0,78.15336138413984
2050-04-06 04:00:00,0.0,172.37158038613063
2050-04-06 05:00:00,0.0,230.98660142423552
2050-04-06 06:00:00,0.0,265.72142870607547
2050-04-06 07:00:00,0.0,294.8118465546164
2050-04-06 08:00:00,0.0,319.9945963339503
2050-04-06 09:00:00,0.0,311.74507485451335
2050-04-06 10:00:00,0.0,273.5367648444894
2050-04-06 11:00:00,0.0,210.14570505513157
2050-04-06 12:00:00,0.0,127.65049026076173
2050-04-06 13:00:00,0.0,39.94505137411591
2050-04-06 14:00:00,0.0,0.0
2050-04-06 15:00:00,0.0,0.0
2050-04-06 16:00:00,0.0,0.0
2050-04-06 17:00:00,0.0,0.0
2050-04-06 18:00:00,0.0,0.0
2050-04-06 19:00:00,0.0,0.0
2050-04-06 20:00:00,0.0,0.0
2050-04-06 21:00:00,0.0,0.0
2050-04-06 22:00:00,0.0,0.0
2050-04-06 23:00:00,0.0,0.0
2050-04-07 00:00:00,0.0,0.0
2050-04-07 01:00:00,0.0,0.0
2050-04-07 02:00:00,0.0,13.459745571712972
2050-04-07 03:00:00,0.0,85.53451218153083
2050-04-07 04:00:00,0.0,172.37158038613063
2050-04-07 05:00:00,0.0,245.3147176779945
2050-04-07 06:00:00,0.0,293.0751051905244
2050-04-07 07:00:00,0.0,317.3894842878123
2050-04-07 08:00:00,0.0,320.86296701599633
2050-04-07 09:00:00,0.0,300.4562559879153
2050-04-07 10:00:00,0.0,257.90609256766146
2050-04-07 11:00:00,0.0,190.6073647090966
2050-04-07 12:00:00,0.0,105.50703786858878
2050-04-07 13:00:00,0.0,27.35367648444894
2050-04-07 14:00:00,0.0,0.0
2050-04-07 15:00:00,0.0,0.0
2050-04-07 16:00:00,0.0,0.0
2050-04-07 17:00:00,0.0,0.0
2050-04-07 18:00:00,0.0,0.0
2050-04-07 19:00:00,0.0,0.0
2050-04-07 20:00:00,0.0,0.0
2050-04-07 21:00:00,0.0,0.0
2050-04-07 22:00:00,0.0,0.0
2050-04-07 23:00:00,0.0,0.0
2050-04-08 00:00:00,0.0,0.0
2050-04-08 01:00:00,0.0,0.0
2050-04-08 02:00:00,0.0,18.669969663988958
2050-04-08 03:00:00,0.0,105.94122320961178
2050-04-08 04:00:00,0.0,186.2655112988666
2050-04-08 05:00:00,0.0,244.8805323369715
2050-04-08 06:00:00,0.0,276.14187689062743
2050-04-08 07:00:00,0.0,293.9434758725704
2050-04-08 08:00:00,0.0,314.35018690065135
2050-04-08 09:00:00,0.0,308.70577746735233
2050-04-08 10:00:00,0.0,272.66839416244346
2050-04-08 11:00:00,0.0,211.88244641922356
2050-04-08 12:00:00,0.0,130.25560230689973
2050-04-08 13:00:00,0.0,41.247607397184915
2050-04-08 14:00:00,0.0,0.0
2050-04-08 15:00:00,0.0,0.0
2050-04-08 16:00:00,0.0,0.0
2050-04-08 17:00:00,0.0,0.0
2050-04-08 18:00:00,0.0,0.0
2050-04-08 19:00:00,0.0,0.0
2050-04-08 20:00:00,0.0,0.0
2050-04-08 21:00:00,0.0,0.0
2050-04-08 22:00:00,0.0,0.0
2050-04-08 23:00:00,0.0,0.0
2050-04-09 00:00:00,0.0,0.0
2050-04-09 01:00:00,0.0,0.0
2050-04-09 02:00:00,0.0,16.06485761785097
2050-04-09 03:00:00,0.0,95.9549603660828
2050-04-09 04:00:00,0.0,191.9099207321656
2050-04-09 05:00:00,0.0,261.3795752958454
2050-04-09 06:00:00,0.0,304.36392405712235
2050-04-09 07:00:00,0.0,326.0731911082723
2050-04-09 08:00:00,0.0,327.8099324723643
2050-04-09 09:00:00,0.0,309.13996280837534
2050-04-09 10:00:00,0.0,270.4974674573284
2050-04-09 11:00:00,0.0,209.71151971410856
2050-04-09 12:00:00,0.0,128.51886094280775
2050-04-09 13:00:00,0.0,40.81342205616192
2050-04-09 14:00:00,0.0,0.0
2050-04-09 15:00:00,0.0,0.0
2050-04-09 16:00:00,0.0,0.0
2050-04-09 17:00:00,0.0,0.0
2050-04-09 18:00:00,0.0,0.0
2050-04-09 19:00:00,0.0,0.0
2050-04-09 20:00:00,0.0,0.0
2050-04-09 21:00:00,0.0,0.0
2050-04-09 22:00:00,0.0,0.0
2050-04-09 23:00:00,0.0,0.0
2050-04-10 00:00:00,0.0,0.0
2050-04-10 01:00:00,0.0,0.0
2050-04-10 02:00:00,0.0,19.972525687057956
2050-04-10 03:00:00,0.0,108.54633525574978
2050-04-10 04:00:00,0.0,196.68595948341857
2050-04-10 05:00:00,0.0,263.1163166599374
2050-04-10 06:00:00,0.0,304.7981093981453
2050-04-10 07:00:00,0.0,327.37574713134137
2050-04-10 08:00:00,0.0,329.9808591774793
2050-04-10 09:00:00,0.0,311.74507485451335
2050-04-10 10:00:00,0.0,273.1025795034664
2050-04-10 11:00:00,0.0,210.14570505513157
2050-04-10 12:00:00,0.0,130.6897876479227
2050-04-10 13:00:00,0.0,42.115978079230906
2050-04-10 14:00:00,0.0,0.0
2050-04-10 15:00:00,0.0,0.0
2050-04-10 16:00:00,0.0,0.0
2050-04-10 17:00:00,0.0,0.0
2050-04-10 18:00:00,0.0,0.0
2050-04-10 19:00:00,0.0,0.0
2050-04-10 20:00:00,0.0,0.0
2050-04-10 21:00:00,0.0,0.0
2050-04-10 22:00:00,0.0,0.0
2050-04-10 23:00:00,0.0,0.0
2050-04-11 00:00:00,0.0,0.0
2050-04-11 01:00:00,0.0,0.0
2050-04-11 02:00:00,0.0,20.40671102808096
2050-04-11 03:00:00,0.0,107.67796457370378
2050-04-11 04:00:00,0.0,194.9492181193266
2050-04-11 05:00:00,0.0,261.81376063686844
2050-04-11 06:00:00,0.0,304.36392405712235
2050-04-11 07:00:00,0.0,326.0731911082723
2050-04-11 08:00:00,0.0,327.8099324723643
2050-04-11 09:00:00,0.0,307.83740678530637
2050-04-11 10:00:00,0.0,268.3265407522134
2050-04-11 11:00:00,0.0,207.97477835001655
2050-04-11 12:00:00,0.0,127.65049026076173
2050-04-11 13:00:00,0.0,40.81342205616192
2050-04-11 14:00:00,0.0,0.0
2050-04-11 15:00:00,0.0,0.0
2050-04-11 16:00:00,0.0,0.0
2050-04-11 17:00:00,0.0,0.0
2050-04-11 18:00:00,0.0,0.0
2050-04-11 19:00:00,0.0,0.0
2050-04-11 20:00:00,0.0,0.0
2050-04-11 21:00:00,0.0,0.0
2050-04-11 22:00:00,0.0,0.0
2050-04-11 23:00:00,0.0,0.0
2050-04-12 00:00:00,0.0,0.0
2050-04-12 01:00:00,0.0,0.0
2050-04-12 02:00:00,0.0,19.104155005011958
2050-04-12 03:00:00,0.0,102.03355514040479
2050-04-12 04:00:00,0.0,187.13388198091263
2050-04-12 05:00:00,0.0,253.56423915743147
2050-04-12 06:00:00,0.0,299.1536999648464
2050-04-12 07:00:00,0.0,321.2971523570193
2050-04-12 08:00:00,0.0,321.7313376980423
2050-04-12 09:00:00,0.0,304.36392405712235
2050-04-12 10:00:00,0.0,263.98468734198343
2050-04-12 11:00:00,0.0,203.19873959876355
2050-04-12 12:00:00,0.0,116.79585673518676
2050-04-12 13:00:00,0.0,32.99808591774793
2050-04-12 14:00:00,0.0,0.0
2050-04-12 15:00:00,0.0,0.0
2050-04-12 16:00:00,0.0,0.0
2050-04-12 17:00:00,0.0,0.0
2050-04-12 18:00:00,0.0,0.0
2050-04-12 19:00:00,0.0,0.0
2050-04-12 20:00:00,0.0,0.0
2050-04-12 21:00:00,0.0,0.0
2050-04-12 22:00:00,0.0,0.0
2050-04-12 23:00:00,0.0,0.0
2050-04-13 00:00:00,0.0,0.0
2050-04-13 01:00:00,0.0,0.0
2050-04-13 02:00:00,0.0,15.19648693580497
2050-04-13 03:00:00,0.0,85.53451218153083
2050-04-13 04:00:00,0.0,171.50320970408464
2050-04-13 05:00:00,0.0,224.90800664991352
2050-04-13 06:00:00,0.0,216.22429982945354
2050-04-13 07:00:00,0.0,252.26168313436247
2050-04-13 08:00:00,0.0,291.7725491674554
2050-04-13 09:00:00,0.0,279.1811742777884
2050-04-13 10:00:00,0.0,229.68404540116651
2050-04-13 11:00:00,0.0,170.63483902203868
2050-04-13 12:00:00,0.0,117.66422741723277
2050-04-13 13:00:00,0.0,38.64249535104692
2050-04-13 14:00:00,0.0,0.0
2050-04-13 15:00:00,0.0,0.0
2050-04-13 16:00:00,0.0,0.0
2050-04-13 17:00:00,0.0,0.0
2050-04-13 18:00:00,0.0,0.0
2050-04-13 19:00:00,0.0,0.0
2050-04-13 20:00:00,0.0,0.0
2050-04-13 21:00:00,0.0,0.0
2050-04-13 22:00:00,0.0,0.0
2050-04-13 23:00:00,0.0,0.0
2050-04-14 00:00:00,0.0,0.0
2050-04-14 01:00:00,0.0,0.0
2050-04-14 02:00:00,0.0,4.77603875125299
2050-04-14 03:00:00,0.0,51.2338702407139
2050-04-14 04:00:00,0.0,134.1632703761067
2050-04-14 05:00:00,0.0,193.2124767552346
2050-04-14 06:00:00,0.0,230.98660142423552
2050-04-14 07:00:00,0.0,258.7744632497075
2050-04-14 08:00:00,0.0,266.58979938812143
2050-04-14 09:00:00,0.0,231.85497210628148
2050-04-14 10:00:00,0.0,211.44826107820057
2050-04-14 11:00:00,0.0,165.85880027078565
2050-04-14 12:00:00,0.0,86.40288286357682
2050-04-14 13:00:00,0.0,19.53834034603496
2050-04-14 14:00:00,0.0,0.0
2050-04-14 15:00:00,0.0,0.0
2050-04-14 16:00:00,0.0,0.0
2050-04-14 17:00:00,0.0,0.0
2050-04-14 18:00:00,0.0,0.0
2050-04-14 19:00:00,0.0,0.0
2050-04-14 20:00:00,0.0,0.0
2050-04-14 21:00:00,0.0,0.0
2050-04-14 22:00:00,0.0,0.0
2050-04-14 23:00:00,0.0,0.0
2050-04-15 00:00:00,0.0,0.0
2050-04-15 01:00:00,0.0,0.0
2050-04-15 02:00:00,0.0,18.235784322965962
2050-04-15 03:00:00,0.0,100.29681377631279
2050-04-15 04:00:00,0.0,188.4364380039816
2050-04-15 05:00:00,0.0,256.6035365445925
2050-04-15 06:00:00,0.0,302.6271826930303
2050-04-15 07:00:00,0.0,326.50737644929535
2050-04-15 08:00:00,0.0,330.4150445185023
2050-04-15 09:00:00,0.0,316.5211136057664
2050-04-15 10:00:00,0.0,277.8786182547194
2050-04-15 11:00:00,0.0,216.22429982945354
2050-04-15 12:00:00,0.0,134.1632703761067
2050-04-15 13:00:00,0.0,44.28690478434591
2050-04-15 14:00:00,0.0,0.0
2050-04-15 15:00:00,0.0,0.0
2050-04-15 16:00:00,0.0,0.0
2050-04-15 17:00:00,0.0,0.0
2050-04-15 18:00:00,0.0,0.0
2050-04-15 19:00:00,0.0,0.0
2050-04-15 20:00:00,0.0,0.0
2050-04-15 21:00:00,0.0,0.0
2050-04-15 22:00:00,0.0,0.0
2050-04-15 23:00:00,0.0,0.0
2050-04-16 00:00:00,0.0,0.0
2050-04-16 01:00:00,0.0,0.0
2050-04-16 02:00:00,0.0,22.143452392172954
2050-04-16 03:00:00,0.0,111.58563264291077
2050-04-16 04:00:00,0.0,201.02781289364856
2050-04-16 05:00:00,0.0,267.02398472914444
2050-04-16 06:00:00,0.0,310.00833349042136
2050-04-16 07:00:00,0.0,332.58597122361726
2050-04-16 08:00:00,0.0,334.3227125877093
2050-04-16 09:00:00,0.0,316.08692826474334
2050-04-16 10:00:00,0.0,277.0102475726734
2050-04-16 11:00:00,0.0,215.79011448843056
2050-04-16 12:00:00,0.0,134.59745571712972
2050-04-16 13:00:00,0.0,45.155275466391906
2050-04-16 14:00:00,0.0,0.0
2050-04-16 15:00:00,0.0,0.0
2050-04-16 16:00:00,0.0,0.0
2050-04-16 17:00:00,0.0,0.0
2050-04-16 18:00:00,0.0,0.0
2050-04-16 19:00:00,0.0,0.0
2050-04-16 20:00:00,0.0,0.0
2050-04-16 21:00:00,0.0,0.0
2050-04-16 22:00:00,0.0,0.0
2050-04-16 23:00:00,0.0,0.0
2050-04-17 00:00:00,0.0,0.0
2050-04-17 01:00:00,0.0,0.0
2050-04-17 02:00:00,0.0,22.577637733195953
2050-04-17 03:00:00,0.0,113.32237400700276
2050-04-17 04:00:00,0.0,203.19873959876355
2050-04-17 05:00:00,0.0,269.19491143425944
2050-04-17 06:00:00,0.0,311.74507485451335
2050-04-17 07:00:00,0.0,333.4543419056633
2050-04-17 08:00:00,0.0,335.1910832697553
2050-04-17 09:00:00,0.0,317.8236696288354
2050-04-17 10:00:00,0.0,278.74698893676543
2050-04-17 11:00:00,0.0,217.96104119354555
2050-04-17 12:00:00,0.0,136.33419708122173
2050-04-17 13:00:00,0.0,46.0236461484379
2050-04-17 14:00:00,0.0,0.0
2050-04-17 15:00:00,0.0,0.0
2050-04-17 16:00:00,0.0,0.0
2050-04-17 17:00:00,0.0,0.0
2050-04-17 18:00:00,0.0,0.0
2050-04-17 19:00:00,0.0,0.0
2050-04-17 20:00:00,0.0,0.0
2050-04-17 21:00:00,0.0,0.0
2050-04-17 22:00:00,0.0,0.0
2050-04-17 23:00:00,0.0,0.0
2050-04-18 00:00:00,0.0,0.0
2050-04-18 01:00:00,0.0,0.0
2050-04-18 02:00:00,0.0,23.446008415241952
2050-04-18 03:00:00,0.0,113.75655934802576
2050-04-18 04:00:00,0.0,201.46199823467157
2050-04-18 05:00:00,0.0,267.89235541119047
2050-04-18 06:00:00,0.0,310.8767041724673
2050-04-18 07:00:00,0.0,332.58597122361726
2050-04-18 08:00:00,0.0,333.8885272466863
2050-04-18 09:00:00,0.0,315.6527429237204
2050-04-18 10:00:00,0.0,277.0102475726734
2050-04-18 11:00:00,0.0,216.65848517047655
2050-04-18 12:00:00,0.0,135.90001174019872
2050-04-18 13:00:00,0.0,46.4578314894609
2050-04-18 14:00:00,0.0,0.0
2050-04-18 15:00:00,0.0,0.0
2050-04-18 16:00:00,0.0,0.0
2050-04-18 17:00:00,0.0,0.0
2050-04-18 18:00:00,0.0,0.0
2050-04-18 19:00:00,0.0,0.0
2050-04-18 20:00:00,0.0,0.0
2050-04-18 21:00:00,0.0,0.0
2050-04-18 22:00:00,0.0,0.0
2050-04-18 23:00:00,0.0,0.0
2050-04-19 00:00:00,0.0,0.0
2050-04-19 01:00:00,0.0,0.0
2050-04-19 02:00:00,0.0,23.01182307421895
2050-04-19 03:00:00,0.0,109.84889127881877
2050-04-19 04:00:00,0.0,195.81758880137258
2050-04-19 05:00:00,0.0,261.81376063686844
2050-04-19 06:00:00,0.0,306.1006654212144
2050-04-19 07:00:00,0.0,327.8099324723643
2050-04-19 08:00:00,0.0,329.54667383645636
2050-04-19 09:00:00,0.0,311.31088951349034
2050-04-19 10:00:00,0.0,273.1025795034664
2050-04-19 11:00:00,0.0,213.61918778331557
2050-04-19 12:00:00,0.0,134.1632703761067
2050-04-19 13:00:00,0.0,46.0236461484379
2050-04-19 14:00:00,0.0,0.0
2050-04-19 15:00:00,0.0,0.0
2050-04-19 16:00:00,0.0,0.0
2050-04-19 17:00:00,0.0,0.0
2050-04-19 18:00:00,0.0,0.0
2050-04-19 19:00:00,0.0,0.0
2050-04-19 20:00:00,0.0,0.0
2050-04-19 21:00:00,0.0,0.0
2050-04-19 22:00:00,0.0,0.0
2050-04-19 23:00:00,0.0,0.0
2050-04-20 00:00:00,0.0,0.0
2050-04-20 01:00:00,0.0,0.0
2050-04-20 02:00:00,0.0,23.01182307421895
2050-04-20 03:00:00,0.0,108.98052059677278
2050-04-20 04:00:00,0.0,194.5150327783036
2050-04-20 05:00:00,0.0,260.07701927277645
2050-04-20 06:00:00,0.0,303.4955533750764
2050-04-20 07:00:00,0.0,325.2048204262263
2050-04-20 08:00:00,0.0,327.37574713134137
2050-04-20 09:00:00,0.0,309.5741481493983
2050-04-20 10:00:00,0.0,271.36583813937443
2050-04-20 11:00:00,0.0,211.44826107820057
2050-04-20 12:00:00,0.0,132.42652901201473
2050-04-20 13:00:00,0.0,45.155275466391906
2050-04-20 14:00:00,0.0,0.0
2050-04-20 15:00:00,0.0,0.0
2050-04-20 16:00:00,0.0,0.0
2050-04-20 17:00:00,0.0,0.0
2050-04-20 18:00:00,0.0,0.0
2050-04-20 19:00:00,0.0,0.0
2050-04-20 20:00:00,0.0,0.0
2050-04-20 21:00:00,0.0,0.0
2050-04-20 22:00:00,0.0,0.0
2050-04-20 23:00:00,0.0,0.0
2050-04-21 00:00:00,0.0,0.0
2050-04-21 01:00:00,0.0,0.0
2050-04-21 02:00:00,0.0,23.01182307421895
2050-04-21 03:00:00,0.0,108.54633525574978
2050-04-21 04:00:00,0.0,193.64666209625761
2050-04-21 05:00:00,0.0,259.2086485907305
2050-04-21 06:00:00,0.0,301.3246266699614
2050-04-21 07:00:00,0.0,322.5997083800883
2050-04-21 08:00:00,0.0,324.33644974418036
2050-04-21 09:00:00,0.0,306.9690361032604
2050-04-21 10:00:00,0.0,268.7607260932364
2050-04-21 11:00:00,0.0,209.71151971410856
2050-04-21 12:00:00,0.0,131.12397298894572
2050-04-21 13:00:00,0.0,45.155275466391906
2050-04-21 14:00:00,0.0,0.0
2050-04-21 15:00:00,0.0,0.0
2050-04-21 16:00:00,0.0,0.0
2050-04-21 17:00:00,0.0,0.0
2050-04-21 18:00:00,0.0,0.0
2050-04-21 19:00:00,0.0,0.0
2050-04-21 20:00:00,0.0,0.0
2050-04-21 21:00:00,0.0,0.0
2050-04-21 22:00:00,0.0,0.0
2050-04-21 23:00:00,0.0,0.0
2050-04-22 00:00:00,0.0,0.0
2050-04-22 01:00:00,0.0,0.0
2050-04-22 02:00:00,0.0,23.446008415241952
2050-04-22 03:00:00,0.0,108.98052059677278
2050-04-22 04:00:00,0.0,194.08084743728062
2050-04-22 05:00:00,0.0,259.64283393175344
2050-04-22 06:00:00,0.0,303.0613680340534
2050-04-22 07:00:00,0.0,324.7706350852033
2050-04-22 08:00:00,0.0,326.9415617903183
2050-04-22 09:00:00,0.0,308.2715921263293
2050-04-22 10:00:00,0.0,270.06328211630546
2050-04-22 11:00:00,0.0,211.01407573717756
2050-04-22 12:00:00,0.0,131.99234367099172
2050-04-22 13:00:00,0.0,45.58946080741491
2050-04-22 14:00:00,0.0,0.0
2050-04-22 15:00:00,0.0,0.0
2050-04-22 16:00:00,0.0,0.0
2050-04-22 17:00:00,0.0,0.0
2050-04-22 18:00:00,0.0,0.0
2050-04-22 19:00:00,0.0,0.0
2050-04-22 20:00:00,0.0,0.0
2050-04-22 21:00:00,0.0,0.0
2050-04-22 22:00:00,0.0,0.0
2050-04-22 23:00:00,0.0,0.0
2050-04-23 00:00:00,0.0,0.0
2050-04-23 01:00:00,0.0,0.0
2050-04-23 02:00:00,0.0,24.31437909728795
2050-04-23 03:00:00,0.0,111.15144730188777
2050-04-23 04:00:00,0.0,196.68595948341857
2050-04-23 05:00:00,0.0,262.6821313189144
2050-04-23 06:00:00,0.0,306.1006654212144
2050-04-23 07:00:00,0.0,327.37574713134137
2050-04-23 08:00:00,0.0,329.1124884954333
2050-04-23 09:00:00,0.0,310.8767041724673
2050-04-23 10:00:00,0.0,272.66839416244346
2050-04-23 11:00:00,0.0,213.61918778331557
2050-04-23 12:00:00,0.0,134.1632703761067
2050-04-23 13:00:00,0.0,46.4578314894609
2050-04-23 14:00:00,0.0,0.0
2050-04-23 15:00:00,0.0,0.0
2050-04-23 16:00:00,0.0,0.0
2050-04-23 17:00:00,0.0,0.0
2050-04-23 18:00:00,0.0,0.0
2050-04-23 19:00:00,0.0,0.0
2050-04-23 20:00:00,0.0,0.0
2050-04-23 21:00:00,0.0,0.0
2050-04-23 22:00:00,0.0,0.0
2050-04-23 23:00:00,0.0,0.0
2050-04-24 00:00:00,0.0,0.0
2050-04-24 01:00:00,0.0,0.0
2050-04-24 02:00:00,0.0,24.31437909728795
2050-04-24 03:00:00,0.0,107.24377923268077
2050-04-24 04:00:00,0.0,190.1731793680736
2050-04-24 05:00:00,0.0,253.99842449845448
2050-04-24 06:00:00,0.0,296.5485879187084
2050-04-24 07:00:00,0.0,317.3894842878123
2050-04-24 08:00:00,0.0,317.8236696288354
2050-04-24 09:00:00,0.0,295.2460318956394
2050-04-24 10:00:00,0.0,255.30098052152346
2050-04-24 11:00:00,0.0,194.5150327783036
2050-04-24 12:00:00,0.0,116.79585673518676
2050-04-24 13:00:00,0.0,37.77412466900092
2050-04-24 14:00:00,0.0,0.0
2050-04-24 15:00:00,0.0,0.0
2050-04-24 16:00:00,0.0,0.0
2050-04-24 17:00:00,0.0,0.0
2050-04-24 18:00:00,0.0,0.0
2050-04-24 19:00:00,0.0,0.0
2050-04-24 20:00:00,0.0,0.0
2050-04-24 21:00:00,0.0,0.0
2050-04-24 22:00:00,0.0,0.0
2050-04-24 23:00:00,0.0,0.0
2050-04-25 00:00:00,0.0,0.0
2050-04-25 01:00:00,0.0,0.0
2050-04-25 02:00:00,0.0,19.104155005011958
2050-04-25 03:00:00,0.0,92.9156629789218
2050-04-25 04:00:00,0.0,174.97669243226866
2050-04-25 05:00:00,0.0,241.40704960878753
2050-04-25 06:00:00,0.0,287.4306957572254
2050-04-25 07:00:00,0.0,309.5741481493983
2050-04-25 08:00:00,0.0,310.8767041724673
2050-04-25 09:00:00,0.0,296.1144025776854
2050-04-25 10:00:00,0.0,257.0377218856155
2050-04-25 11:00:00,0.0,197.5543301654646
2050-04-25 12:00:00,0.0,120.26933946337074
2050-04-25 13:00:00,0.0,40.81342205616192
2050-04-25 14:00:00,0.0,0.0
2050-04-25 15:00:00,0.0,0.0
2050-04-25 16:00:00,0.0,0.0
2050-04-25 17:00:00,0.0,0.0
2050-04-25 18:00:00,0.0,0.0
2050-04-25 19:00:00,0.0,0.0
2050-04-25 20:00:00,0.0,0.0
2050-04-25 21:00:00,0.0,0.0
2050-04-25 22:00:00,0.0,0.0
2050-04-25 23:00:00,0.0,0.0
2050-04-26 00:00:00,0.0,0.0
2050-04-26 01:00:00,0.0,0.0
2050-04-26 02:00:00,0.0,21.27508171012696
2050-04-26 03:00:00,0.0,98.56007241222079
2050-04-26 04:00:00,0.0,181.48947254761362
2050-04-26 05:00:00,0.0,247.48564438310947
2050-04-26 06:00:00,0.0,295.68021723666243
2050-04-26 07:00:00,0.0,316.95529894678936
2050-04-26 08:00:00,0.0,318.69204031088134
2050-04-26 09:00:00,0.0,302.19299735200735
2050-04-26 10:00:00,0.0,263.1163166599374
2050-04-26 11:00:00,0.0,203.19873959876355
2050-04-26 12:00:00,0.0,125.04537821462374
2050-04-26 13:00:00,0.0,42.55016342025392
2050-04-26 14:00:00,0.0,0.0
2050-04-26 15:00:00,0.0,0.0
2050-04-26 16:00:00,0.0,0.0
2050-04-26 17:00:00,0.0,0.0
2050-04-26 18:00:00,0.0,0.0
2050-04-26 19:00:00,0.0,0.0
2050-04-26 20:00:00,0.0,0.0
2050-04-26 21:00:00,0.0,0.0
2050-04-26 22:00:00,0.0,0.0
2050-04-26 23:00:00,0.0,0.0
2050-04-27 00:00:00,0.0,0.0
2050-04-27 01:00:00,0.0,0.0
2050-04-27 02:00:00,0.0,22.577637733195953
2050-04-27 03:00:00,0.0,102.03355514040479
2050-04-27 04:00:00,0.0,185.3971406168206
2050-04-27 05:00:00,0.0,250.5249417702705
2050-04-27 06:00:00,0.0,295.2460318956394
2050-04-27 07:00:00,0.0,316.5211136057664
2050-04-27 08:00:00,0.0,318.25785496985833
2050-04-27 09:00:00,0.0,300.8904413289383
2050-04-27 10:00:00,0.0,262.6821313189144
2050-04-27 11:00:00,0.0,204.06711028080957
2050-04-27 12:00:00,0.0,126.78211957871574
2050-04-27 13:00:00,0.0,43.85271944332292
2050-04-27 14:00:00,0.0,0.0
2050-04-27 15:00:00,0.0,0.0
2050-04-27 16:00:00,0.0,0.0
2050-04-27 17:00:00,0.0,0.0
2050-04-27 18:00:00,0.0,0.0
2050-04-27 19:00:00,0.0,0.0
2050-04-27 20:00:00,0.0,0.0
2050-04-27 21:00:00,0.0,0.0
2050-04-27 22:00:00,0.0,0.0
2050-04-27 23:00:00,0.0,0.0
2050-04-28 00:00:00,0.0,0.0
2050-04-28 01:00:00,0.0,0.0
2050-04-28 02:00:00,0.0,23.880193756264948
2050-04-28 03:00:00,0.0,106.37540855063477
2050-04-28 04:00:00,0.0,190.6073647090966
2050-04-28 05:00:00,0.0,255.30098052152346
2050-04-28 06:00:00,0.0,296.1144025776854
2050-04-28 07:00:00,0.0,316.5211136057664
2050-04-28 08:00:00,0.0,317.3894842878123
2050-04-28 09:00:00,0.0,300.4562559879153
2050-04-28 10:00:00,0.0,263.1163166599374
2050-04-28 11:00:00,0.0,204.9354809628556
2050-04-28 12:00:00,0.0,128.08467560178474
2050-04-28 13:00:00,0.0,44.72109012536891
2050-04-28 14:00:00,0.0,0.0
2050-04-28 15:00:00,0.0,0.0
2050-04-28 16:00:00,0.0,0.0
2050-04-28 17:00:00,0.0,0.0
2050-04-28 18:00:00,0.0,0.0
2050-04-28 19:00:00,0.0,0.0
2050-04-28 20:00:00,0.0,0.0
2050-04-28 21:00:00,0.0,0.0
2050-04-28 22:00:00,0.0,0.0
2050-04-28 23:00:00,0.0,0.0
2050-04-29 00:00:00,0.0,0.0
2050-04-29 01:00:00,0.0,0.0
2050-04-29 02:00:00,0.0,24.31437909728795
2050-04-29 03:00:00,0.0,105.07285252756579
2050-04-29 04:00:00,0.0,187.56806732193562
2050-04-29 05:00:00,0.0,249.65657108822447
2050-04-29 06:00:00,0.0,290.03580780336335
2050-04-29 07:00:00,0.0,311.31088951349034
2050-04-29 08:00:00,0.0,313.0476308775823
2050-04-29 09:00:00,0.0,295.68021723666243
2050-04-29 10:00:00,0.0,258.7744632497075
2050-04-29 11:00:00,0.0,200.1594422116026
2050-04-29 12:00:00,0.0,123.74282219155474
2050-04-29 13:00:00,0.0,42.984348761276905
2050-04-29 14:00:00,0.0,0.0
2050-04-29 15:00:00,0.0,0.0
2050-04-29 16:00:00,0.0,0.0
2050-04-29 17:00:00,0.0,0.0
2050-04-29 18:00:00,0.0,0.0
2050-04-29 19:00:00,0.0,0.0
2050-04-29 20:00:00,0.0,0.0
2050-04-29 21:00:00,0.0,0.0
2050-04-29 22:00:00,0.0,0.0
2050-04-29 23:00:00,0.0,0.0
2050-04-30 00:00:00,0.0,0.0
2050-04-30 01:00:00,0.0,0.0
2050-04-30 02:00:00,0.0,21.27508171012696
2050-04-30 03:00:00,0.0,94.2182190019908
2050-04-30 04:00:00,0.0,174.10832175022264
2050-04-30 05:00:00,0.0,237.93356688060348
2050-04-30 06:00:00,0.0,280.4837303008575
2050-04-30 07:00:00,0.0,302.6271826930303
2050-04-30 08:00:00,0.0,304.36392405712235
2050-04-30 09:00:00,0.0,286.5623250751794
2050-04-30 10:00:00,0.0,248.3540150651555
2050-04-30 11:00:00,0.0,190.1731793680736
2050-04-30 12:00:00,0.0,115.49330071211776
2050-04-30 13:00:00,0.0,39.94505137411591
2050-04-30 14:00:00,0.0,0.0
2050-04-30 15:00:00,0.0,0.0
2050-04-30 16:00:00,0.0,0.0
2050-04-30 17:00:00,0.0,0.0
2050-04-30 18:00:00,0.0,0.0
2050-04-30 19:00:00,0.0,0.0
2050-04-30 20:00:00,0.0,0.0
2050-04-30 21:00:00,0.0,0.0
2050-04-30 22:00:00,0.0,0.0
2050-04-30 23:00:00,0.0,0.0
2050-05-01 00:00:00,0.0,0.0
2050-05-01 01:00:00,0.0,0.0
2050-05-01 02:00:00,0.0,23.01182307421895
2050-05-01 03:00:00,0.0,98.56007241222079
2050-05-01 04:00:00,0.0,178.01598981942962
2050-05-01 05:00:00,0.0,240.10449358571847
2050-05-01 06:00:00,0.0,281.78628632392645
2050-05-01 07:00:00,0.0,303.4955533750764
2050-05-01 08:00:00,0.0,305.6664800801914
2050-05-01 09:00:00,0.0,292.20673450847846
2050-05-01 10:00:00,0.0,253.99842449845448
2050-05-01 11:00:00,0.0,195.38340346034957
2050-05-01 12:00:00,0.0,119.40096878132475
2050-05-01 13:00:00,0.0,41.247607397184915
2050-05-01 14:00:00,0.0,0.0
2050-05-01 15:00:00,0.0,0.0
2050-05-01 16:00:00,0.0,0.0
2050-05-01 17:00:00,0.0,0.0
2050-05-01 18:00:00,0.0,0.0
2050-05-01 19:00:00,0.0,0.0
2050-05-01 20:00:00,0.0,0.0
2050-05-01 21:00:00,0.0,0.0
2050-05-01 22:00:00,0.0,0.0
2050-05-01 23:00:00,0.0,0.0
2050-05-02 00:00:00,0.0,0.0
2050-05-02 01:00:00,0.0,0.0
2050-05-02 02:00:00,0.0,24.31437909728795
2050-05-02 03:00:00,0.0,106.80959389165778
2050-05-02 04:00:00,0.0,191.9099207321656
2050-05-02 05:00:00,0.0,255.73516586254647
2050-05-02 06:00:00,0.0,297.8511439417774
2050-05-02 07:00:00,0.0,316.95529894678936
2050-05-02 08:00:00,0.0,316.95529894678936
2050-05-02 09:00:00,0.0,298.2853292828004
2050-05-02 10:00:00,0.0,260.07701927277645
2050-05-02 11:00:00,0.0,201.46199823467157
2050-05-02 12:00:00,0.0,125.04537821462374
2050-05-02 13:00:00,0.0,43.85271944332292
2050-05-02 14:00:00,0.0,0.0
2050-05-02 15:00:00,0.0,0.0
2050-05-02 16:00:00,0.0,0.0
2050-05-02 17:00:00,0.0,0.0
2050-05-02 18:00:00,0.0,0.0
2050-05-02 19:00:00,0.0,0.0
2050-05-02 20:00:00,0.0,0.0
2050-05-02 21:00:00,0.0,0.0
2050-05-02 22:00:00,0.0,0.0
2050-05-02 23:00:00,0.0,0.0
2050-05-03 00:00:00,0.0,0.0
2050-05-03 01:00:00,0.0,0.0
2050-05-03 02:00:00,0.0,24.74856443831095
2050-05-03 03:00:00,0.0,105.07285252756579
2050-05-03 04:00:00,0.0,188.4364380039816
2050-05-03 05:00:00,0.0,251.82749779333946
2050-05-03 06:00:00,0.0,293.0751051905244
2050-05-03 07:00:00,0.0,314.78437224167436
2050-05-03 08:00:00,0.0,316.95529894678936
2050-05-03 09:00:00,0.0,302.6271826930303
2050-05-03 10:00:00,0.0,264.85305802402945
2050-05-03 11:00:00,0.0,206.23803698592457
2050-05-03 12:00:00,0.0,128.51886094280775
2050-05-03 13:00:00,0.0,45.155275466391906
2050-05-03 14:00:00,0.0,0.0
2050-05-03 15:00:00,0.0,0.0
2050-05-03 16:00:00,0.0,0.0
2050-05-03 17:00:00,0.0,0.0
2050-05-03 18:00:00,0.0,0.0
2050-05-03 19:00:00,0.0,0.0
2050-05-03 20:00:00,0.0,0.0
2050-05-03 21:00:00,0.0,0.0
2050-05-03 22:00:00,0.0,0.0
2050-05-03 23:00:00,0.0,0.0
2050-05-04 00:00:00,0.0,0.0
2050-05-04 01:00:00,0.0,0.0
2050-05-04 02:00:00,0.0,25.18274977933395
2050-05-04 03:00:00,0.0,105.07285252756579
2050-05-04 04:00:00,0.0,186.69969663988962
2050-05-04 05:00:00,0.0,250.5249417702705
2050-05-04 06:00:00,0.0,292.6409198495014
2050-05-04 07:00:00,0.0,313.91600155962834
2050-05-04 08:00:00,0.0,316.08692826474334
2050-05-04 09:00:00,0.0,299.58788530586935
2050-05-04 10:00:00,0.0,263.1163166599374
2050-05-04 11:00:00,0.0,206.23803698592457
2050-05-04 12:00:00,0.0,130.25560230689973
2050-05-04 13:00:00,0.0,46.892016830483904
2050-05-04 14:00:00,0.0,0.0
2050-05-04 15:00:00,0.0,0.0
2050-05-04 16:00:00,0.0,0.0
2050-05-04 17:00:00,0.0,0.0
2050-05-04 18:00:00,0.0,0.0
2050-05-04 19:00:00,0.0,0.0
2050-05-04 20:00:00,0.0,0.0
2050-05-04 21:00:00,0.0,0.0
2050-05-04 22:00:00,0.0,0.0
2050-05-04 23:00:00,0.0,0.0
2050-05-05 00:00:00,0.0,0.0
2050-05-05 01:00:00,0.0,0.0
2050-05-05 02:00:00,0.0,26.485305802402944
2050-05-05 03:00:00,0.0,109.41470593779576
2050-05-05 04:00:00,0.0,192.34410607318858
2050-05-05 05:00:00,0.0,255.30098052152346
2050-05-05 06:00:00,0.0,295.68021723666243
2050-05-05 07:00:00,0.0,317.8236696288354
2050-05-05 08:00:00,0.0,320.42878167497327
2050-05-05 09:00:00,0.0,303.4955533750764
2050-05-05 10:00:00,0.0,266.1556140470984
2050-05-05 11:00:00,0.0,208.40896369103956
2050-05-05 12:00:00,0.0,131.12397298894572
2050-05-05 13:00:00,0.0,46.892016830483904
2050-05-05 14:00:00,0.0,0.0
2050-05-05 15:00:00,0.0,0.0
2050-05-05 16:00:00,0.0,0.0
2050-05-05 17:00:00,0.0,0.0
2050-05-05 18:00:00,0.0,0.0
2050-05-05 19:00:00,0.0,0.0
2050-05-05 20:00:00,0.0,0.0
2050-05-05 21:00:00,0.0,0.0
2050-05-05 22:00:00,0.0,0.0
2050-05-05 23:00:00,0.0,0.0
2050-05-06 00:00:00,0.0,0.0
2050-05-06 01:00:00,0.0,0.0
2050-05-06 02:00:00,0.0,27.35367648444894
2050-05-06 03:00:00,0.0,110.71726196086478
2050-05-06 04:00:00,0.0,193.2124767552346
2050-05-06 05:00:00,0.0,253.56423915743147
2050-05-06 06:00:00,0.0,293.9434758725704
2050-05-06 07:00:00,0.0,314.78437224167436
2050-05-06 08:00:00,0.0,316.08692826474334
2050-05-06 09:00:00,0.0,298.71951462382333
2050-05-06 10:00:00,0.0,261.81376063686844
2050-05-06 11:00:00,0.0,204.06711028080957
2050-05-06 12:00:00,0.0,128.08467560178474
2050-05-06 13:00:00,0.0,45.58946080741491
2050-05-06 14:00:00,0.0,0.0
2050-05-06 15:00:00,0.0,0.0
2050-05-06 16:00:00,0.0,0.0
2050-05-06 17:00:00,0.0,0.0
2050-05-06 18:00:00,0.0,0.0
2050-05-06 19:00:00,0.0,0.0
2050-05-06 20:00:00,0.0,0.0
2050-05-06 21:00:00,0.0,0.0
2050-05-06 22:00:00,0.0,0.0
2050-05-06 23:00:00,0.0,0.0
2050-05-07 00:00:00,0.0,0.0
2050-05-07 01:00:00,0.0,0.0
2050-05-07 02:00:00,0.0,24.74856443831095
2050-05-07 03:00:00,0.0,98.9942577532438
2050-05-07 04:00:00,0.0,177.5818044784066
2050-05-07 05:00:00,0.0,240.10449358571847
2050-05-07 06:00:00,0.0,285.69395439313337
2050-05-07 07:00:00,0.0,306.53485076223734
2050-05-07 08:00:00,0.0,307.83740678530637
2050-05-07 09:00:00,0.0,291.7725491674554
2050-05-07 10:00:00,0.0,254.4326098394775
2050-05-07 11:00:00,0.0,196.68595948341857
2050-05-07 12:00:00,0.0,122.00608082746274
2050-05-07 13:00:00,0.0,43.41853410229991
2050-05-07 14:00:00,0.0,0.0
2050-05-07 15:00:00,0.0,0.0
2050-05-07 16:00:00,0.0,0.0
2050-05-07 17:00:00,0.0,0.0
2050-05-07 18:00:00,0.0,0.0
2050-05-07 19:00:00,0.0,0.0
2050-05-07 20:00:00,0.0,0.0
2050-05-07 21:00:00,0.0,0.0
2050-05-07 22:00:00,0.0,0.0
2050-05-07 23:00:00,0.0,0.0
2050-05-08 00:00:00,0.0,0.0
2050-05-08 01:00:00,0.0,0.0
2050-05-08 02:00:00,0.0,22.577637733195953
2050-05-08 03:00:00,0.0,92.4814776378988
2050-05-08 04:00:00,0.0,169.33228299896965
2050-05-08 05:00:00,0.0,231.85497210628148
2050-05-08 06:00:00,0.0,275.2735062085814
2050-05-08 07:00:00,0.0,298.2853292828004
2050-05-08 08:00:00,0.0,301.75881201098434
2050-05-08 09:00:00,0.0,290.9041784854094
2050-05-08 10:00:00,0.0,253.99842449845448
2050-05-08 11:00:00,0.0,196.68595948341857
2050-05-08 12:00:00,0.0,122.44026616848572
2050-05-08 13:00:00,0.0,44.28690478434591
2050-05-08 14:00:00,0.0,0.0
2050-05-08 15:00:00,0.0,0.0
2050-05-08 16:00:00,0.0,0.0
2050-05-08 17:00:00,0.0,0.0
2050-05-08 18:00:00,0.0,0.0
2050-05-08 19:00:00,0.0,0.0
2050-05-08 20:00:00,0.0,0.0
2050-05-08 21:00:00,0.0,0.0
2050-05-08 22:00:00,0.0,0.0
2050-05-08 23:00:00,0.0,0.0
2050-05-09 00:00:00,0.0,0.0
2050-05-09 01:00:00,0.0,0.0
2050-05-09 02:00:00,0.0,25.61693512035695
2050-05-09 03:00:00,0.0,100.73099911733578
2050-05-09 04:00:00,0.0,179.7527311835216
2050-05-09 05:00:00,0.0,241.40704960878753
2050-05-09 06:00:00,0.0,286.5623250751794
2050-05-09 07:00:00,0.0,307.83740678530637
2050-05-09 08:00:00,0.0,308.70577746735233
2050-05-09 09:00:00,0.0,290.4699931443864
2050-05-09 10:00:00,0.0,252.69586847538548
2050-05-09 11:00:00,0.0,194.9492181193266
2050-05-09 12:00:00,0.0,120.70352480439377
2050-05-09 13:00:00,0.0,43.85271944332292
2050-05-09 14:00:00,0.0,0.0
2050-05-09 15:00:00,0.0,0.0
2050-05-09 16:00:00,0.0,0.0
2050-05-09 17:00:00,0.0,0.0
2050-05-09 18:00:00,0.0,0.0
2050-05-09 19:00:00,0.0,0.0
2050-05-09 20:00:00,0.0,0.0
2050-05-09 21:00:00,0.0,0.0
2050-05-09 22:00:00,0.0,0.0
2050-05-09 23:00:00,0.0,0.0
2050-05-10 00:00:00,0.0,0.0
2050-05-10 01:00:00,0.0,0.0
2050-05-10 02:00:00,0.0,26.051120461379945
2050-05-10 03:00:00,0.0,102.03355514040479
2050-05-10 04:00:00,0.0,181.0552872065906
2050-05-10 05:00:00,0.0,243.14379097287951
2050-05-10 06:00:00,0.0,284.3913983700644
2050-05-10 07:00:00,0.0,304.7981093981453
2050-05-10 08:00:00,0.0,306.1006654212144
2050-05-10 09:00:00,0.0,289.16743712131745
2050-05-10 10:00:00,0.0,251.82749779333946
2050-05-10 11:00:00,0.0,194.5150327783036
2050-05-10 12:00:00,0.0,120.70352480439377
2050-05-10 13:00:00,0.0,43.85271944332292
2050-05-10 14:00:00,0.0,0.0
2050-05-10 15:00:00,0.0,0.0
2050-05-10 16:00:00,0.0,0.0
2050-05-10 17:00:00,0.0,0.0
2050-05-10 18:00:00,0.0,0.0
2050-05-10 19:00:00,0.0,0.0
2050-05-10 20:00:00,0.0,0.0
2050-05-10 21:00:00,0.0,0.0
2050-05-10 22:00:00,0.0,0.0
2050-05-10 23:00:00,0.0,0.0
2050-05-11 00:00:00,0.0,0.0
2050-05-11 01:00:00,0.0,0.0
2050-05-11 02:00:00,0.0,25.61693512035695
2050-05-11 03:00:00,0.0,99.42844309426678
2050-05-11 04:00:00,0.0,177.14761913738363
2050-05-11 05:00:00,0.0,239.2361229036725
2050-05-11 06:00:00,0.0,282.65465700597247
2050-05-11 07:00:00,0.0,303.4955533750764
2050-05-11 08:00:00,0.0,305.23229473916837
2050-05-11 09:00:00,0.0,289.6016224623404
2050-05-11 10:00:00,0.0,252.26168313436247
2050-05-11 11:00:00,0.0,195.81758880137258
2050-05-11 12:00:00,0.0,121.57189548643973
2050-05-11 13:00:00,0.0,43.85271944332292
2050-05-11 14:00:00,0.0,0.0
2050-05-11 15:00:00,0.0,0.0
2050-05-11 16:00:00,0.0,0.0
2050-05-11 17:00:00,0.0,0.0
2050-05-11 18:00:00,0.0,0.0
2050-05-11 19:00:00,0.0,0.0
2050-05-11 20:00:00,0.0,0.0
2050-05-11 21:00:00,0.0,0.0
2050-05-11 22:00:00,0.0,0.0
2050-05-11 23:00:00,0.0,0.0
2050-05-12 00:00:00,0.0,0.0
2050-05-12 01:00:00,0.0,0.0
2050-05-12 02:00:00,0.0,26.485305802402944
2050-05-12 03:00:00,0.0,100.73099911733578
2050-05-12 04:00:00,0.0,179.3185458424986
2050-05-12 05:00:00,0.0,240.97286426776452
2050-05-12 06:00:00,0.0,283.52302768801843
2050-05-12 07:00:00,0.0,305.23229473916837
2050-05-12 08:00:00,0.0,308.2715921263293
2050-05-12 09:00:00,0.0,291.33836382643244
2050-05-12 10:00:00,0.0,255.30098052152346
2050-05-12 11:00:00,0.0,199.29107152955658
2050-05-12 12:00:00,0.0,125.47956355564672
2050-05-12 13:00:00,0.0,46.4578314894609
2050-05-12 14:00:00,0.0,0.0
2050-05-12 15:00:00,0.0,0.0
2050-05-12 16:00:00,0.0,0.0
2050-05-12 17:00:00,0.0,0.0
2050-05-12 18:00:00,0.0,0.0
2050-05-12 19:00:00,0.0,0.0
2050-05-12 20:00:00,0.0,0.0
2050-05-12 21:00:00,0.0,0.0
2050-05-12 22:00:00,0.0,0.0
2050-05-12 23:00:00,0.0,0.0
2050-05-13 00:00:00,0.0,0.0
2050-05-13 01:00:00,0.0,0.0
2050-05-13 02:00:00,0.0,26.051120461379945
2050-05-13 03:00:00,0.0,99.86262843528979
2050-05-13 04:00:00,0.0,176.71343379636062
2050-05-13 05:00:00,0.0,238.3677522216265
2050-05-13 06:00:00,0.0,284.3913983700644
2050-05-13 07:00:00,0.0,304.7981093981453
2050-05-13 08:00:00,0.0,305.6664800801914
2050-05-13 09:00:00,0.0,289.16743712131745
2050-05-13 10:00:00,0.0,251.39331245231645
2050-05-13 11:00:00,0.0,194.5150327783036
2050-05-13 12:00:00,0.0,121.13771014541675
2050-05-13 13:00:00,0.0,44.28690478434591
2050-05-13 14:00:00,0.0,0.0
2050-05-13 15:00:00,0.0,0.0
2050-05-13 16:00:00,0.0,0.0
2050-05-13 17:00:00,0.0,0.0
2050-05-13 18:00:00,0.0,0.0
2050-05-13 19:00:00,0.0,0.0
2050-05-13 20:00:00,0.0,0.0
2050-05-13 21:00:00,0.0,0.0
2050-05-13 22:00:00,0.0,0.0
2050-05-13 23:00:00,0.0,0.0
2050-05-14 00:00:00,0.0,0.0
2050-05-14 01:00:00,0.0,0.0
2050-05-14 02:00:00,0.0,26.051120461379945
2050-05-14 03:00:00,0.0,98.9942577532438
2050-05-14 04:00:00,0.0,175.41087777329167
2050-05-14 05:00:00,0.0,236.6310108575345
2050-05-14 06:00:00,0.0,280.4837303008575
2050-05-14 07:00:00,0.0,300.4562559879153
2050-05-14 08:00:00,0.0,301.3246266699614
2050-05-14 09:00:00,0.0,283.52302768801843
2050-05-14 10:00:00,0.0,245.74890301901752
2050-05-14 11:00:00,0.0,188.8706233450046
2050-05-14 12:00:00,0.0,116.36167139416375
2050-05-14 13:00:00,0.0,42.55016342025392
2050-05-14 14:00:00,0.0,0.0
2050-05-14 15:00:00,0.0,0.0
2050-05-14 16:00:00,0.0,0.0
2050-05-14 17:00:00,0.0,0.0
2050-05-14 18:00:00,0.0,0.0
2050-05-14 19:00:00,0.0,0.0
2050-05-14 20:00:00,0.0,0.0
2050-05-14 21:00:00,0.0,0.0
2050-05-14 22:00:00,0.0,0.0
2050-05-14 23:00:00,0.0,0.0
2050-05-15 00:00:00,0.0,0.0
2050-05-15 01:00:00,0.0,0.0
2050-05-15 02:00:00,0.0,24.31437909728795
2050-05-15 03:00:00,0.0,94.2182190019908
2050-05-15 04:00:00,0.0,168.89809765794664
2050-05-15 05:00:00,0.0,230.1182307421895
2050-05-15 06:00:00,0.0,272.66839416244346
2050-05-15 07:00:00,0.0,293.50929053154744
2050-05-15 08:00:00,0.0,293.9434758725704
2050-05-15 09:00:00,0.0,279.1811742777884
2050-05-15 10:00:00,0.0,240.53867892674148
2050-05-15 11:00:00,0.0,184.0945845937516
2050-05-15 12:00:00,0.0,112.88818866597977
2050-05-15 13:00:00,0.0,41.68179273820791
2050-05-15 14:00:00,0.0,0.0
2050-05-15 15:00:00,0.0,0.0
2050-05-15 16:00:00,0.0,0.0
2050-05-15 17:00:00,0.0,0.0
2050-05-15 18:00:00,0.0,0.0
2050-05-15 19:00:00,0.0,0.0
2050-05-15 20:00:00,0.0,0.0
2050-05-15 21:00:00,0.0,0.0
2050-05-15 22:00:00,0.0,0.0
2050-05-15 23:00:00,0.0,0.0
2050-05-16 00:00:00,0.0,0.0
2050-05-16 01:00:00,0.0,0.0
2050-05-16 02:00:00,0.0,18.235784322965962
2050-05-16 03:00:00,0.0,74.24569331493285
2050-05-16 04:00:00,0.0,139.80767980940573
2050-05-16 05:00:00,0.0,199.72525687057959
2050-05-16 06:00:00,0.0,254.4326098394775
2050-05-16 07:00:00,0.0,278.31280359574237
2050-05-16 08:00:00,0.0,282.65465700597247
2050-05-16 09:00:00,0.0,267.45817007016745
2050-05-16 10:00:00,0.0,226.64474801400553
2050-05-16 11:00:00,0.0,169.76646833999266
2050-05-16 12:00:00,0.0,102.03355514040479
2050-05-16 13:00:00,0.0,36.90575398695493
2050-05-16 14:00:00,0.0,0.0
2050-05-16 15:00:00,0.0,0.0
2050-05-16 16:00:00,0.0,0.0
2050-05-16 17:00:00,0.0,0.0
2050-05-16 18:00:00,0.0,0.0
2050-05-16 19:00:00,0.0,0.0
2050-05-16 20:00:00,0.0,0.0
2050-05-16 21:00:00,0.0,0.0
2050-05-16 22:00:00,0.0,0.0
2050-05-16 23:00:00,0.0,0.0
2050-05-17 00:00:00,0.0,0.0
2050-05-17 01:00:00,0.0,0.0
2050-05-17 02:00:00,0.0,22.143452392172954
2050-05-17 03:00:00,0.0,90.31055093278381
2050-05-17 04:00:00,0.0,163.68787356567069
2050-05-17 05:00:00,0.0,224.47382130889054
2050-05-17 06:00:00,0.0,265.72142870607547
2050-05-17 07:00:00,0.0,286.9965104162024
2050-05-17 08:00:00,0.0,289.6016224623404
2050-05-17 09:00:00,0.0,281.35210098290344
2050-05-17 10:00:00,0.0,244.8805323369715
2050-05-17 11:00:00,0.0,189.3048086860276
2050-05-17 12:00:00,0.0,117.23004207620977
2050-05-17 13:00:00,0.0,43.85271944332292
2050-05-17 14:00:00,0.0,0.0
2050-05-17 15:00:00,0.0,0.0
2050-05-17 16:00:00,0.0,0.0
2050-05-17 17:00:00,0.0,0.0
2050-05-17 18:00:00,0.0,0.0
2050-05-17 19:00:00,0.0,0.0
2050-05-17 20:00:00,0.0,0.0
2050-05-17 21:00:00,0.0,0.0
2050-05-17 22:00:00,0.0,0.0
2050-05-17 23:00:00,0.0,0.0
2050-05-18 00:00:00,0.0,0.0
2050-05-18 01:00:00,0.0,0.0
2050-05-18 02:00:00,0.0,25.61693512035695
2050-05-18 03:00:00,0.0,92.0472922968758
2050-05-18 04:00:00,0.0,159.34602015544067
2050-05-18 05:00:00,0.0,213.61918778331557
2050-05-18 06:00:00,0.0,257.90609256766146
2050-05-18 07:00:00,0.0,275.2735062085814
2050-05-18 08:00:00,0.0,273.5367648444894
2050-05-18 09:00:00,0.0,258.7744632497075
2050-05-18 10:00:00,0.0,224.90800664991352
2050-05-18 11:00:00,0.0,163.25368822464768
2050-05-18 12:00:00,0.0,109.84889127881877
2050-05-18 13:00:00,0.0,42.55016342025392
2050-05-18 14:00:00,0.0,0.0
2050-05-18 15:00:00,0.0,0.0
2050-05-18 16:00:00,0.0,0.0
2050-05-18 17:00:00,0.0,0.0
2050-05-18 18:00:00,0.0,0.0
2050-05-18 19:00:00,0.0,0.0
2050-05-18 20:00:00,0.0,0.0
2050-05-18 21:00:00,0.0,0.0
2050-05-18 22:00:00,0.0,0.0
2050-05-18 23:00:00,0.0,0.0
2050-05-19 00:00:00,0.0,0.0
2050-05-19 01:00:00,0.0,0.0
2050-05-19 02:00:00,0.0,25.61693512035695
2050-05-19 03:00:00,0.0,94.6524043430138
2050-05-19 04:00:00,0.0,165.85880027078565
2050-05-19 05:00:00,0.0,222.30289460377554
2050-05-19 06:00:00,0.0,260.9453899548225
2050-05-19 07:00:00,0.0,268.7607260932364
2050-05-19 08:00:00,0.0,229.2498600601435
2050-05-19 09:00:00,0.0,227.94730403707453
2050-05-19 10:00:00,0.0,222.73707994479852
2050-05-19 11:00:00,0.0,181.48947254761362
2050-05-19 12:00:00,0.0,115.05911537109475
2050-05-19 13:00:00,0.0,42.115978079230906
2050-05-19 14:00:00,0.0,0.0
2050-05-19 15:00:00,0.0,0.0
2050-05-19 16:00:00,0.0,0.0
2050-05-19 17:00:00,0.0,0.0
2050-05-19 18:00:00,0.0,0.0
2050-05-19 19:00:00,0.0,0.0
2050-05-19 20:00:00,0.0,0.0
2050-05-19 21:00:00,0.0,0.0
2050-05-19 22:00:00,0.0,0.0
2050-05-19 23:00:00,0.0,0.0
2050-05-20 00:00:00,0.0,0.0
2050-05-20 01:00:00,0.0,0.0
2050-05-20 02:00:00,0.0,15.630672276827967
2050-05-20 03:00:00,0.0,62.956874448334865
2050-05-20 04:00:00,0.0,128.95304628383073
2050-05-20 05:00:00,0.0,193.2124767552346
2050-05-20 06:00:00,0.0,239.67030824469552
2050-05-20 07:00:00,0.0,269.62909677528245
2050-05-20 08:00:00,0.0,267.02398472914444
2050-05-20 09:00:00,0.0,243.57797631390252
2050-05-20 10:00:00,0.0,203.63292493978656
2050-05-20 11:00:00,0.0,156.30672276827968
2050-05-20 12:00:00,0.0,98.56007241222079
2050-05-20 13:00:00,0.0,38.20831001002392
2050-05-20 14:00:00,0.0,0.0
2050-05-20 15:00:00,0.0,0.0
2050-05-20 16:00:00,0.0,0.0
2050-05-20 17:00:00,0.0,0.0
2050-05-20 18:00:00,0.0,0.0
2050-05-20 19:00:00,0.0,0.0
2050-05-20 20:00:00,0.0,0.0
2050-05-20 21:00:00,0.0,0.0
2050-05-20 22:00:00,0.0,0.0
2050-05-20 23:00:00,0.0,0.0
2050-05-21 00:00:00,0.0,0.0
2050-05-21 01:00:00,0.0,0.0
2050-05-21 02:00:00,0.0,25.61693512035695
2050-05-21 03:00:00,0.0,98.1258870711978
2050-05-21 04:00:00,0.0,177.5818044784066
2050-05-21 05:00:00,0.0,240.10449358571847
2050-05-21 06:00:00,0.0,280.4837303008575
2050-05-21 07:00:00,0.0,298.2853292828004
2050-05-21 08:00:00,0.0,298.71951462382333
2050-05-21 09:00:00,0.0,282.65465700597247
2050-05-21 10:00:00,0.0,247.91982972413248
2050-05-21 11:00:00,0.0,193.2124767552346
2050-05-21 12:00:00,0.0,122.87445150950876
2050-05-21 13:00:00,0.0,46.4578314894609
2050-05-21 14:00:00,0.0,0.4341853410229991
2050-05-21 15:00:00,0.0,0.0
2050-05-21 16:00:00,0.0,0.0
2050-05-21 17:00:00,0.0,0.0
2050-05-21 18:00:00,0.0,0.0
2050-05-21 19:00:00,0.0,0.0
2050-05-21 20:00:00,0.0,0.0
2050-05-21 21:00:00,0.0,0.0
2050-05-21 22:00:00,0.0,0.0
2050-05-21 23:00:00,0.0,0.0
2050-05-22 00:00:00,0.0,0.0
2050-05-22 01:00:00,0.0,0.0
2050-05-22 02:00:00,0.0,26.919491143425944
2050-05-22 03:00:00,0.0,93.34984831994481
2050-05-22 04:00:00,0.0,159.78020549646365
2050-05-22 05:00:00,0.0,217.96104119354555
2050-05-22 06:00:00,0.0,268.7607260932364
2050-05-22 07:00:00,0.0,292.6409198495014
2050-05-22 08:00:00,0.0,295.2460318956394
2050-05-22 09:00:00,0.0,276.14187689062743
2050-05-22 10:00:00,0.0,237.93356688060348
2050-05-22 11:00:00,0.0,179.3185458424986
2050-05-22 12:00:00,0.0,106.80959389165778
2050-05-22 13:00:00,0.0,40.379236715138916
2050-05-22 14:00:00,0.0,0.0
2050-05-22 15:00:00,0.0,0.0
2050-05-22 16:00:00,0.0,0.0
2050-05-22 17:00:00,0.0,0.0
2050-05-22 18:00:00,0.0,0.0
2050-05-22 19:00:00,0.0,0.0
2050-05-22 20:00:00,0.0,0.0
2050-05-22 21:00:00,0.0,0.0
2050-05-22 22:00:00,0.0,0.0
2050-05-22 23:00:00,0.0,0.0
2050-05-23 00:00:00,0.0,0.0
2050-05-23 01:00:00,0.0,0.0
2050-05-23 02:00:00,0.0,20.40671102808096
2050-05-23 03:00:00,0.0,79.45591740720884
2050-05-23 04:00:00,0.0,151.5306840170267
2050-05-23 05:00:00,0.0,209.71151971410856
2050-05-23 06:00:00,0.0,255.73516586254647
2050-05-23 07:00:00,0.0,280.0495449598344
2050-05-23 08:00:00,0.0,284.8255837110874
2050-05-23 09:00:00,0.0,268.7607260932364
2050-05-23 10:00:00,0.0,232.2891574473045
2050-05-23 11:00:00,0.0,180.62110186556762
2050-05-23 12:00:00,0.0,115.49330071211776
2050-05-23 13:00:00,0.0,45.155275466391906
2050-05-23 14:00:00,0.0,0.4341853410229991
2050-05-23 15:00:00,0.0,0.0
2050-05-23 16:00:00,0.0,0.0
2050-05-23 17:00:00,0.0,0.0
2050-05-23 18:00:00,0.0,0.0
2050-05-23 19:00:00,0.0,0.0
2050-05-23 20:00:00,0.0,0.0
2050-05-23 21:00:00,0.0,0.0
2050-05-23 22:00:00,0.0,0.0
2050-05-23 23:00:00,0.0,0.0
2050-05-24 00:00:00,0.0,0.0
2050-05-24 01:00:00,0.0,0.0
2050-05-24 02:00:00,0.0,25.61693512035695
2050-05-24 03:00:00,0.0,92.9156629789218
2050-05-24 04:00:00,0.0,164.12205890669364
2050-05-24 05:00:00,0.0,223.60545062684454
2050-05-24 06:00:00,0.0,265.28724336505246
2050-05-24 07:00:00,0.0,286.5623250751794
2050-05-24 08:00:00,0.0,290.4699931443864
2050-05-24 09:00:00,0.0,278.74698893676543
2050-05-24 10:00:00,0.0,243.57797631390252
2050-05-24 11:00:00,0.0,189.7389940270506
2050-05-24 12:00:00,0.0,118.96678344030174
2050-05-24 13:00:00,0.0,45.155275466391906
2050-05-24 14:00:00,0.0,0.4341853410229991
2050-05-24 15:00:00,0.0,0.0
2050-05-24 16:00:00,0.0,0.0
2050-05-24 17:00:00,0.0,0.0
2050-05-24 18:00:00,0.0,0.0
2050-05-24 19:00:00,0.0,0.0
2050-05-24 20:00:00,0.0,0.0
2050-05-24 21:00:00,0.0,0.0
2050-05-24 22:00:00,0.0,0.0
2050-05-24 23:00:00,0.0,0.0
2050-05-25 00:00:00,0.0,0.0
2050-05-25 01:00:00,0.0,0.0
2050-05-25 02:00:00,0.0,27.35367648444894
2050-05-25 03:00:00,0.0,98.56007241222079
2050-05-25 04:00:00,0.0,172.80576572715364
2050-05-25 05:00:00,0.0,230.5524160832125
2050-05-25 06:00:00,0.0,274.4051355265354
2050-05-25 07:00:00,0.0,294.8118465546164
2050-05-25 08:00:00,0.0,296.9827732597314
2050-05-25 09:00:00,0.0,281.35210098290344
2050-05-25 10:00:00,0.0,246.1830883600405
2050-05-25 11:00:00,0.0,191.9099207321656
2050-05-25 12:00:00,0.0,121.13771014541675
2050-05-25 13:00:00,0.0,46.4578314894609
2050-05-25 14:00:00,0.0,0.8683706820459982
2050-05-25 15:00:00,0.0,0.0
2050-05-25 16:00:00,0.0,0.0
2050-05-25 17:00:00,0.0,0.0
2050-05-25 18:00:00,0.0,0.0
2050-05-25 19:00:00,0.0,0.0
2050-05-25 20:00:00,0.0,0.0
2050-05-25 21:00:00,0.0,0.0
2050-05-25 22:00:00,0.0,0.0
2050-05-25 23:00:00,0.0,0.0
2050-05-26 00:00:00,0.0,0.0
2050-05-26 01:00:00,0.0,0.0
2050-05-26 02:00:00,0.0,27.787861825471943
2050-05-26 03:00:00,0.0,98.9942577532438
2050-05-26 04:00:00,0.0,170.20065368101567
2050-05-26 05:00:00,0.0,227.94730403707453
2050-05-26 06:00:00,0.0,272.66839416244346
2050-05-26 07:00:00,0.0,295.68021723666243
2050-05-26 08:00:00,0.0,299.58788530586935
2050-05-26 09:00:00,0.0,281.78628632392645
2050-05-26 10:00:00,0.0,245.3147176779945
2050-05-26 11:00:00,0.0,190.1731793680736
2050-05-26 12:00:00,0.0,121.13771014541675
2050-05-26 13:00:00,0.0,47.760387512529896
2050-05-26 14:00:00,0.0,0.8683706820459982
2050-05-26 15:00:00,0.0,0.0
2050-05-26 16:00:00,0.0,0.0
2050-05-26 17:00:00,0.0,0.0
2050-05-26 18:00:00,0.0,0.0
2050-05-26 19:00:00,0.0,0.0
2050-05-26 20:00:00,0.0,0.0
2050-05-26 21:00:00,0.0,0.0
2050-05-26 22:00:00,0.0,0.0
2050-05-26 23:00:00,0.0,0.0
2050-05-27 00:00:00,0.0,0.0
2050-05-27 01:00:00,0.0,0.0
2050-05-27 02:00:00,0.0,26.919491143425944
2050-05-27 03:00:00,0.0,94.2182190019908
2050-05-27 04:00:00,0.0,165.42461492976267
2050-05-27 05:00:00,0.0,226.64474801400553
2050-05-27 06:00:00,0.0,273.1025795034664
2050-05-27 07:00:00,0.0,298.71951462382333
2050-05-27 08:00:00,0.0,304.36392405712235
2050-05-27 09:00:00,0.0,290.03580780336335
2050-05-27 10:00:00,0.0,255.30098052152346
2050-05-27 11:00:00,0.0,200.1594422116026
2050-05-27 12:00:00,0.0,127.65049026076173
2050-05-27 13:00:00,0.0,49.0629435355989
2050-05-27 14:00:00,0.0,0.8683706820459982
2050-05-27 15:00:00,0.0,0.0
2050-05-27 16:00:00,0.0,0.0
2050-05-27 17:00:00,0.0,0.0
2050-05-27 18:00:00,0.0,0.0
2050-05-27 19:00:00,0.0,0.0
2050-05-27 20:00:00,0.0,0.0
2050-05-27 21:00:00,0.0,0.0
2050-05-27 22:00:00,0.0,0.0
2050-05-27 23:00:00,0.0,0.0
2050-05-28 00:00:00,0.0,0.0
2050-05-28 01:00:00,0.0,0.0
2050-05-28 02:00:00,0.0,26.485305802402944
2050-05-28 03:00:00,0.0,95.0865896840368
2050-05-28 04:00:00,0.0,171.93739504510762
2050-05-28 05:00:00,0.0,237.06519619855752
2050-05-28 06:00:00,0.0,280.0495449598344
2050-05-28 07:00:00,0.0,301.3246266699614
2050-05-28 08:00:00,0.0,303.0613680340534
2050-05-28 09:00:00,0.0,286.9965104162024
2050-05-28 10:00:00,0.0,253.13005381640846
2050-05-28 11:00:00,0.0,197.12014482444158
2050-05-28 12:00:00,0.0,118.09841275825575
2050-05-28 13:00:00,0.0,42.984348761276905
2050-05-28 14:00:00,0.0,0.8683706820459982
2050-05-28 15:00:00,0.0,0.0
2050-05-28 16:00:00,0.0,0.0
2050-05-28 17:00:00,0.0,0.0
2050-05-28 18:00:00,0.0,0.0
2050-05-28 19:00:00,0.0,0.0
2050-05-28 20:00:00,0.0,0.0
2050-05-28 21:00:00,0.0,0.0
2050-05-28 22:00:00,0.0,0.0
2050-05-28 23:00:00,0.0,0.0
2050-05-29 00:00:00,0.0,0.0
2050-05-29 01:00:00,0.0,0.0
2050-05-29 02:00:00,0.0,26.919491143425944
2050-05-29 03:00:00,0.0,94.2182190019908
2050-05-29 04:00:00,0.0,158.47764947339468
2050-05-29 05:00:00,0.0,217.96104119354555
2050-05-29 06:00:00,0.0,254.8667951805005
2050-05-29 07:00:00,0.0,282.2204716649494
2050-05-29 08:00:00,0.0,287.86488109824836
2050-05-29 09:00:00,0.0,274.4051355265354
2050-05-29 10:00:00,0.0,240.97286426776452
2050-05-29 11:00:00,0.0,188.4364380039816
2050-05-29 12:00:00,0.0,119.83515412234776
2050-05-29 13:00:00,0.0,47.3262021715069
2050-05-29 14:00:00,0.0,1.3025560230689972
2050-05-29 15:00:00,0.0,0.0
2050-05-29 16:00:00,0.0,0.0
2050-05-29 17:00:00,0.0,0.0
2050-05-29 18:00:00,0.0,0.0
2050-05-29 19:00:00,0.0,0.0
2050-05-29 20:00:00,0.0,0.0
2050-05-29 21:00:00,0.0,0.0
2050-05-29 22:00:00,0.0,0.0
2050-05-29 23:00:00,0.0,0.0
2050-05-30 00:00:00,0.0,0.0
2050-05-30 01:00:00,0.0,0.0
2050-05-30 02:00:00,0.0,28.656232507517938
2050-05-30 03:00:00,0.0,95.9549603660828
2050-05-30 04:00:00,0.0,168.02972697590067
2050-05-30 05:00:00,0.0,226.64474801400553
2050-05-30 06:00:00,0.0,267.89235541119047
2050-05-30 07:00:00,0.0,289.6016224623404
2050-05-30 08:00:00,0.0,293.0751051905244
2050-05-30 09:00:00,0.0,277.8786182547194
2050-05-30 10:00:00,0.0,243.57797631390252
2050-05-30 11:00:00,0.0,190.6073647090966
2050-05-30 12:00:00,0.0,121.13771014541675
2050-05-30 13:00:00,0.0,46.892016830483904
2050-05-30 14:00:00,0.0,0.8683706820459982
2050-05-30 15:00:00,0.0,0.0
2050-05-30 16:00:00,0.0,0.0
2050-05-30 17:00:00,0.0,0.0
2050-05-30 18:00:00,0.0,0.0
2050-05-30 19:00:00,0.0,0.0
2050-05-30 20:00:00,0.0,0.0
2050-05-30 21:00:00,0.0,0.0
2050-05-30 22:00:00,0.0,0.0
2050-05-30 23:00:00,0.0,0.0
2050-05-31 00:00:00,0.0,0.0
2050-05-31 01:00:00,0.0,0.0
2050-05-31 02:00:00,0.0,26.051120461379945
2050-05-31 03:00:00,0.0,85.10032684050783
2050-05-31 04:00:00,0.0,138.5051237863367
2050-05-31 05:00:00,0.0,186.69969663988962
2050-05-31 06:00:00,0.0,230.1182307421895
2050-05-31 07:00:00,0.0,251.39331245231645
2050-05-31 08:00:00,0.0,248.78820040617845
2050-05-31 09:00:00,0.0,219.26359721661453
2050-05-31 10:00:00,0.0,178.4501751604526
2050-05-31 11:00:00,0.0,131.12397298894572
2050-05-31 12:00:00,0.0,79.02173206618583
2050-05-31 13:00:00,0.0,31.261344553655935
2050-05-31 14:00:00,0.0,0.0
2050-05-31 15:00:00,0.0,0.0
2050-05-31 16:00:00,0.0,0.0
2050-05-31 17:00:00,0.0,0.0
2050-05-31 18:00:00,0.0,0.0
2050-05-31 19:00:00,0.0,0.0
2050-05-31 20:00:00,0.0,0.0
2050-05-31 21:00:00,0.0,0.0
2050-05-31 22:00:00,0.0,0.0
2050-05-31 23:00:00,0.0,0.0
2050-06-01 00:00:00,0.0,0.0
2050-06-01 01:00:00,0.0,0.0
2050-06-01 02:00:00,0.0,24.31437909728795
2050-06-01 03:00:00,0.0,82.49521479436983
2050-06-01 04:00:00,0.0,139.80767980940573
2050-06-01 05:00:00,0.0,189.7389940270506
2050-06-01 06:00:00,0.0,227.94730403707453
2050-06-01 07:00:00,0.0,240.97286426776452
2050-06-01 08:00:00,0.0,229.68404540116651
2050-06-01 09:00:00,0.0,208.40896369103956
2050-06-01 10:00:00,0.0,178.8843605014756
2050-06-01 11:00:00,0.0,144.1495332196357
2050-06-01 12:00:00,0.0,100.73099911733578
2050-06-01 13:00:00,0.0,43.41853410229991
2050-06-01 14:00:00,0.0,1.3025560230689972
2050-06-01 15:00:00,0.0,0.0
2050-06-01 16:00:00,0.0,0.0
2050-06-01 17:00:00,0.0,0.0
2050-06-01 18:00:00,0.0,0.0
2050-06-01 19:00:00,0.0,0.0
2050-06-01 20:00:00,0.0,0.0
2050-06-01 21:00:00,0.0,0.0
2050-06-01 22:00:00,0.0,0.0
2050-06-01 23:00:00,0.0,0.0
2050-06-02 00:00:00,0.0,0.0
2050-06-02 01:00:00,0.0,0.0
2050-06-02 02:00:00,0.0,17.801598981942963
2050-06-02 03:00:00,0.0,61.65431842526587
2050-06-02 04:00:00,0.0,111.58563264291077
2050-06-02 05:00:00,0.0,163.68787356567069
2050-06-02 06:00:00,0.0,211.01407573717756
2050-06-02 07:00:00,0.0,235.32845483446553
2050-06-02 08:00:00,0.0,234.46008415241954
2050-06-02 09:00:00,0.0,220.56615323968353
2050-06-02 10:00:00,0.0,186.69969663988962
2050-06-02 11:00:00,0.0,139.80767980940573
2050-06-02 12:00:00,0.0,91.17892161482982
2050-06-02 13:00:00,0.0,40.81342205616192
2050-06-02 14:00:00,0.0,1.3025560230689972
2050-06-02 15:00:00,0.0,0.0
2050-06-02 16:00:00,0.0,0.0
2050-06-02 17:00:00,0.0,0.0
2050-06-02 18:00:00,0.0,0.0
2050-06-02 19:00:00,0.0,0.0
2050-06-02 20:00:00,0.0,0.0
2050-06-02 21:00:00,0.0,0.0
2050-06-02 22:00:00,0.0,0.0
2050-06-02 23:00:00,0.0,0.0
2050-06-03 00:00:00,0.0,0.0
2050-06-03 01:00:00,0.0,0.0
2050-06-03 02:00:00,0.0,24.31437909728795
2050-06-03 03:00:00,0.0,86.40288286357682
2050-06-03 04:00:00,0.0,160.21439083748663
2050-06-03 05:00:00,0.0,221.43452392172955
2050-06-03 06:00:00,0.0,266.58979938812143
2050-06-03 07:00:00,0.0,288.2990664392714
2050-06-03 08:00:00,0.0,290.03580780336335
2050-06-03 09:00:00,0.0,274.4051355265354
2050-06-03 10:00:00,0.0,238.80193756264956
2050-06-03 11:00:00,0.0,185.3971406168206
2050-06-03 12:00:00,0.0,116.79585673518676
2050-06-03 13:00:00,0.0,46.4578314894609
2050-06-03 14:00:00,0.0,1.3025560230689972
2050-06-03 15:00:00,0.0,0.0
2050-06-03 16:00:00,0.0,0.0
2050-06-03 17:00:00,0.0,0.0
2050-06-03 18:00:00,0.0,0.0
2050-06-03 19:00:00,0.0,0.0
2050-06-03 20:00:00,0.0,0.0
2050-06-03 21:00:00,0.0,0.0
2050-06-03 22:00:00,0.0,0.0
2050-06-03 23:00:00,0.0,0.0
2050-06-04 00:00:00,0.0,0.0
2050-06-04 01:00:00,0.0,0.0
2050-06-04 02:00:00,0.0,25.61693512035695
2050-06-04 03:00:00,0.0,89.8763655917608
2050-06-04 04:00:00,0.0,160.64857617850964
2050-06-04 05:00:00,0.0,220.13196789866055
2050-06-04 06:00:00,0.0,265.28724336505246
2050-06-04 07:00:00,0.0,290.03580780336335
2050-06-04 08:00:00,0.0,294.8118465546164
2050-06-04 09:00:00,0.0,280.4837303008575
2050-06-04 10:00:00,0.0,245.74890301901752
2050-06-04 11:00:00,0.0,191.4757353911426
2050-06-04 12:00:00,0.0,122.00608082746274
2050-06-04 13:00:00,0.0,48.1945728535529
2050-06-04 14:00:00,0.0,1.3025560230689972
2050-06-04 15:00:00,0.0,0.0
2050-06-04 16:00:00,0.0,0.0
2050-06-04 17:00:00,0.0,0.0
2050-06-04 18:00:00,0.0,0.0
2050-06-04 19:00:00,0.0,0.0
2050-06-04 20:00:00,0.0,0.0
2050-06-04 21:00:00,0.0,0.0
2050-06-04 22:00:00,0.0,0.0
2050-06-04 23:00:00,0.0,0.0
2050-06-05 00:00:00,0.0,0.0
2050-06-05 01:00:00,0.0,0.0
2050-06-05 02:00:00,0.0,28.222047166494942
2050-06-05 03:00:00,0.0,91.6131069558528
2050-06-05 04:00:00,0.0,154.56998140418767
2050-06-05 05:00:00,0.0,212.31663176024654
2050-06-05 06:00:00,0.0,257.47190722663845
2050-06-05 07:00:00,0.0,281.35210098290344
2050-06-05 08:00:00,0.0,281.78628632392645
2050-06-05 09:00:00,0.0,263.5505020009604
2050-06-05 10:00:00,0.0,217.09267051149956
2050-06-05 11:00:00,0.0,160.21439083748663
2050-06-05 12:00:00,0.0,102.4677404814278
2050-06-05 13:00:00,0.0,46.892016830483904
2050-06-05 14:00:00,0.0,1.7367413640919964
2050-06-05 15:00:00,0.0,0.0
2050-06-05 16:00:00,0.0,0.0
2050-06-05 17:00:00,0.0,0.0
2050-06-05 18:00:00,0.0,0.0
2050-06-05 19:00:00,0.0,0.0
2050-06-05 20:00:00,0.0,0.0
2050-06-05 21:00:00,0.0,0.0
2050-06-05 22:00:00,0.0,0.0
2050-06-05 23:00:00,0.0,0.0
2050-06-06 00:00:00,0.0,0.0
2050-06-06 01:00:00,0.0,0.0
2050-06-06 02:00:00,0.0,26.485305802402944
2050-06-06 03:00:00,0.0,82.06102945334682
2050-06-06 04:00:00,0.0,138.07093844531371
2050-06-06 05:00:00,0.0,188.8706233450046
2050-06-06 06:00:00,0.0,230.98660142423552
2050-06-06 07:00:00,0.0,255.30098052152346
2050-06-06 08:00:00,0.0,262.6821313189144
2050-06-06 09:00:00,0.0,252.26168313436247
2050-06-06 10:00:00,0.0,223.17126528582153
2050-06-06 11:00:00,0.0,177.5818044784066
2050-06-06 12:00:00,0.0,115.05911537109475
2050-06-06 13:00:00,0.0,47.760387512529896
2050-06-06 14:00:00,0.0,1.7367413640919964
2050-06-06 15:00:00,0.0,0.0
2050-06-06 16:00:00,0.0,0.0
2050-06-06 17:00:00,0.0,0.0
2050-06-06 18:00:00,0.0,0.0
2050-06-06 19:00:00,0.0,0.0
2050-06-06 20:00:00,0.0,0.0
2050-06-06 21:00:00,0.0,0.0
2050-06-06 22:00:00,0.0,0.0
2050-06-06 23:00:00,0.0,0.0
2050-06-07 00:00:00,0.0,0.0
2050-06-07 01:00:00,0.0,0.0
2050-06-07 02:00:00,0.0,25.18274977933395
2050-06-07 03:00:00,0.0,76.41662002004783
2050-06-07 04:00:00,0.0,123.74282219155474
2050-06-07 05:00:00,0.0,161.95113220157864
2050-06-07 06:00:00,0.0,194.08084743728062
2050-06-07 07:00:00,0.0,216.22429982945354
2050-06-07 08:00:00,0.0,224.03963596786753
2050-06-07 09:00:00,0.0,211.44826107820057
2050-06-07 10:00:00,0.0,184.9629552757976
2050-06-07 11:00:00,0.0,143.7153478786127
2050-06-07 12:00:00,0.0,89.8763655917608
2050-06-07 13:00:00,0.0,34.73482728183993
2050-06-07 14:00:00,0.0,0.4341853410229991
2050-06-07 15:00:00,0.0,0.0
2050-06-07 16:00:00,0.0,0.0
2050-06-07 17:00:00,0.0,0.0
2050-06-07 18:00:00,0.0,0.0
2050-06-07 19:00:00,0.0,0.0
2050-06-07 20:00:00,0.0,0.0
2050-06-07 21:00:00,0.0,0.0
2050-06-07 22:00:00,0.0,0.0
2050-06-07 23:00:00,0.0,0.0
2050-06-08 00:00:00,0.0,0.0
2050-06-08 01:00:00,0.0,0.0
2050-06-08 02:00:00,0.0,21.709267051149954
2050-06-08 03:00:00,0.0,76.85080536107084
2050-06-08 04:00:00,0.0,144.58371856065872
2050-06-08 05:00:00,0.0,201.02781289364856
2050-06-08 06:00:00,0.0,244.01216165492548
2050-06-08 07:00:00,0.0,269.62909677528245
2050-06-08 08:00:00,0.0,275.7076915496044
2050-06-08 09:00:00,0.0,260.9453899548225
2050-06-08 10:00:00,0.0,228.81567471912055
2050-06-08 11:00:00,0.0,178.01598981942962
2050-06-08 12:00:00,0.0,114.62493003007175
2050-06-08 13:00:00,0.0,47.760387512529896
2050-06-08 14:00:00,0.0,1.7367413640919964
2050-06-08 15:00:00,0.0,0.0
2050-06-08 16:00:00,0.0,0.0
2050-06-08 17:00:00,0.0,0.0
2050-06-08 18:00:00,0.0,0.0
2050-06-08 19:00:00,0.0,0.0
2050-06-08 20:00:00,0.0,0.0
2050-06-08 21:00:00,0.0,0.0
2050-06-08 22:00:00,0.0,0.0
2050-06-08 23:00:00,0.0,0.0
2050-06-09 00:00:00,0.0,0.0
2050-06-09 01:00:00,0.0,0.0
2050-06-09 02:00:00,0.0,28.656232507517938
2050-06-09 03:00:00,0.0,95.9549603660828
2050-06-09 04:00:00,0.0,166.72717095283164
2050-06-09 05:00:00,0.0,221.43452392172955
2050-06-09 06:00:00,0.0,259.64283393175344
2050-06-09 07:00:00,0.0,280.4837303008575
2050-06-09 08:00:00,0.0,282.2204716649494
2050-06-09 09:00:00,0.0,266.1556140470984
2050-06-09 10:00:00,0.0,232.7233427883275
2050-06-09 11:00:00,0.0,180.62110186556762
2050-06-09 12:00:00,0.0,114.62493003007175
2050-06-09 13:00:00,0.0,46.4578314894609
2050-06-09 14:00:00,0.0,1.7367413640919964
2050-06-09 15:00:00,0.0,0.0
2050-06-09 16:00:00,0.0,0.0
2050-06-09 17:00:00,0.0,0.0
2050-06-09 18:00:00,0.0,0.0
2050-06-09 19:00:00,0.0,0.0
2050-06-09 20:00:00,0.0,0.0
2050-06-09 21:00:00,0.0,0.0
2050-06-09 22:00:00,0.0,0.0
2050-06-09 23:00:00,0.0,0.0
2050-06-10 00:00:00,0.0,0.0
2050-06-10 01:00:00,0.0,0.0
2050-06-10 02:00:00,0.0,28.222047166494942
2050-06-10 03:00:00,0.0,94.2182190019908
2050-06-10 04:00:00,0.0,158.9118348144177
2050-06-10 05:00:00,0.0,215.35592914740755
2050-06-10 06:00:00,0.0,256.1693512035695
2050-06-10 07:00:00,0.0,274.4051355265354
2050-06-10 08:00:00,0.0,274.4051355265354
2050-06-10 09:00:00,0.0,254.4326098394775
2050-06-10 10:00:00,0.0,218.82941187559152
2050-06-10 11:00:00,0.0,167.16135629385465
2050-06-10 12:00:00,0.0,103.33611116347377
2050-06-10 13:00:00,0.0,41.68179273820791
2050-06-10 14:00:00,0.0,1.3025560230689972
2050-06-10 15:00:00,0.0,0.0
2050-06-10 16:00:00,0.0,0.0
2050-06-10 17:00:00,0.0,0.0
2050-06-10 18:00:00,0.0,0.0
2050-06-10 19:00:00,0.0,0.0
2050-06-10 20:00:00,0.0,0.0
2050-06-10 21:00:00,0.0,0.0
2050-06-10 22:00:00,0.0,0.0
2050-06-10 23:00:00,0.0,0.0
2050-06-11 00:00:00,0.0,0.0
2050-06-11 01:00:00,0.0,0.0
2050-06-11 02:00:00,0.0,25.18274977933395
2050-06-11 03:00:00,0.0,83.36358547641582
2050-06-11 04:00:00,0.0,141.5444211734977
2050-06-11 05:00:00,0.0,201.02781289364856
2050-06-11 06:00:00,0.0,248.3540150651555
2050-06-11 07:00:00,0.0,268.3265407522134
2050-06-11 08:00:00,0.0,272.66839416244346
2050-06-11 09:00:00,0.0,258.7744632497075
2050-06-11 10:00:00,0.0,219.69778255763754
2050-06-11 11:00:00,0.0,168.89809765794664
2050-06-11 12:00:00,0.0,105.07285252756579
2050-06-11 13:00:00,0.0,43.85271944332292
2050-06-11 14:00:00,0.0,1.3025560230689972
2050-06-11 15:00:00,0.0,0.0
2050-06-11 16:00:00,0.0,0.0
2050-06-11 17:00:00,0.0,0.0
2050-06-11 18:00:00,0.0,0.0
2050-06-11 19:00:00,0.0,0.0
2050-06-11 20:00:00,0.0,0.0
2050-06-11 21:00:00,0.0,0.0
2050-06-11 22:00:00,0.0,0.0
2050-06-11 23:00:00,0.0,0.0
2050-06-12 00:00:00,0.0,0.0
2050-06-12 01:00:00,0.0,0.0
2050-06-12 02:00:00,0.0,24.31437909728795
2050-06-12 03:00:00,0.0,75.54824933800184
2050-06-12 04:00:00,0.0,135.90001174019872
2050-06-12 05:00:00,0.0,195.38340346034957
2050-06-12 06:00:00,0.0,234.46008415241954
2050-06-12 07:00:00,0.0,258.34027790868447
2050-06-12 08:00:00,0.0,263.1163166599374
2050-06-12 09:00:00,0.0,249.22238574720146
2050-06-12 10:00:00,0.0,209.71151971410856
2050-06-12 11:00:00,0.0,152.39905469907265
2050-06-12 12:00:00,0.0,92.4814776378988
2050-06-12 13:00:00,0.0,36.90575398695493
2050-06-12 14:00:00,0.0,0.8683706820459982
2050-06-12 15:00:00,0.0,0.0
2050-06-12 16:00:00,0.0,0.0
2050-06-12 17:00:00,0.0,0.0
2050-06-12 18:00:00,0.0,0.0
2050-06-12 19:00:00,0.0,0.0
2050-06-12 20:00:00,0.0,0.0
2050-06-12 21:00:00,0.0,0.0
2050-06-12 22:00:00,0.0,0.0
2050-06-12 23:00:00,0.0,0.0
2050-06-13 00:00:00,0.0,0.0
2050-06-13 01:00:00,0.0,0.0
2050-06-13 02:00:00,0.0,19.53834034603496
2050-06-13 03:00:00,0.0,74.67987865595583
2050-06-13 04:00:00,0.0,135.90001174019872
2050-06-13 05:00:00,0.0,184.9629552757976
2050-06-13 06:00:00,0.0,214.48755846536153
2050-06-13 07:00:00,0.0,239.2361229036725
2050-06-13 08:00:00,0.0,244.8805323369715
2050-06-13 09:00:00,0.0,236.6310108575345
2050-06-13 10:00:00,0.0,204.9354809628556
2050-06-13 11:00:00,0.0,154.56998140418767
2050-06-13 12:00:00,0.0,97.69170173017478
2050-06-13 13:00:00,0.0,40.379236715138916
2050-06-13 14:00:00,0.0,1.3025560230689972
2050-06-13 15:00:00,0.0,0.0
2050-06-13 16:00:00,0.0,0.0
2050-06-13 17:00:00,0.0,0.0
2050-06-13 18:00:00,0.0,0.0
2050-06-13 19:00:00,0.0,0.0
2050-06-13 20:00:00,0.0,0.0
2050-06-13 21:00:00,0.0,0.0
2050-06-13 22:00:00,0.0,0.0
2050-06-13 23:00:00,0.0,0.0
2050-06-14 00:00:00,0.0,0.0
2050-06-14 01:00:00,0.0,0.0
2050-06-14 02:00:00,0.0,20.840896369103955
2050-06-14 03:00:00,0.0,72.50895195084084
2050-06-14 04:00:00,0.0,127.65049026076173
2050-06-14 05:00:00,0.0,175.41087777329167
2050-06-14 06:00:00,0.0,218.3952265345685
2050-06-14 07:00:00,0.0,241.84123494981048
2050-06-14 08:00:00,0.0,235.32845483446553
2050-06-14 09:00:00,0.0,217.96104119354555
2050-06-14 10:00:00,0.0,187.56806732193562
2050-06-14 11:00:00,0.0,145.01790390168168
2050-06-14 12:00:00,0.0,89.4421802507378
2050-06-14 13:00:00,0.0,36.03738330490893
2050-06-14 14:00:00,0.0,0.8683706820459982
2050-06-14 15:00:00,0.0,0.0
2050-06-14 16:00:00,0.0,0.0
2050-06-14 17:00:00,0.0,0.0
2050-06-14 18:00:00,0.0,0.0
2050-06-14 19:00:00,0.0,0.0
2050-06-14 20:00:00,0.0,0.0
2050-06-14 21:00:00,0.0,0.0
2050-06-14 22:00:00,0.0,0.0
2050-06-14 23:00:00,0.0,0.0
2050-06-15 00:00:00,0.0,0.0
2050-06-15 01:00:00,0.0,0.0
2050-06-15 02:00:00,0.0,23.01182307421895
2050-06-15 03:00:00,0.0,75.98243467902485
2050-06-15 04:00:00,0.0,133.29489969406072
2050-06-15 05:00:00,0.0,186.2655112988666
2050-06-15 06:00:00,0.0,218.82941187559152
2050-06-15 07:00:00,0.0,228.38148937809754
2050-06-15 08:00:00,0.0,218.3952265345685
2050-06-15 09:00:00,0.0,197.9885155064876
2050-06-15 10:00:00,0.0,172.80576572715364
2050-06-15 11:00:00,0.0,135.4658263991757
2050-06-15 12:00:00,0.0,83.79777081743883
2050-06-15 13:00:00,0.0,33.86645659979393
2050-06-15 14:00:00,0.0,0.4341853410229991
2050-06-15 15:00:00,0.0,0.0
2050-06-15 16:00:00,0.0,0.0
2050-06-15 17:00:00,0.0,0.0
2050-06-15 18:00:00,0.0,0.0
2050-06-15 19:00:00,0.0,0.0
2050-06-15 20:00:00,0.0,0.0
2050-06-15 21:00:00,0.0,0.0
2050-06-15 22:00:00,0.0,0.0
2050-06-15 23:00:00,0.0,0.0
2050-06-16 00:00:00,0.0,0.0
2050-06-16 01:00:00,0.0,0.0
2050-06-16 02:00:00,0.0,14.762301594781968
2050-06-16 03:00:00,0.0,49.4971288766219
2050-06-16 04:00:00,0.0,87.70543888664584
2050-06-16 05:00:00,0.0,125.47956355564672
2050-06-16 06:00:00,0.0,145.01790390168168
2050-06-16 07:00:00,0.0,145.4520892427047
2050-06-16 08:00:00,0.0,123.30863685053174
2050-06-16 09:00:00,0.0,100.73099911733578
2050-06-16 10:00:00,0.0,82.92940013539283
2050-06-16 11:00:00,0.0,58.615021038104885
2050-06-16 12:00:00,0.0,26.919491143425944
2050-06-16 13:00:00,0.0,6.946965456367986
2050-06-16 14:00:00,0.0,0.0
2050-06-16 15:00:00,0.0,0.0
2050-06-16 16:00:00,0.0,0.0
2050-06-16 17:00:00,0.0,0.0
2050-06-16 18:00:00,0.0,0.0
2050-06-16 19:00:00,0.0,0.0
2050-06-16 20:00:00,0.0,0.0
2050-06-16 21:00:00,0.0,0.0
2050-06-16 22:00:00,0.0,0.0
2050-06-16 23:00:00,0.0,0.0
2050-06-17 00:00:00,0.0,0.0
2050-06-17 01:00:00,0.0,0.0
2050-06-17 02:00:00,0.0,19.53834034603496
2050-06-17 03:00:00,0.0,67.73291319958786
2050-06-17 04:00:00,0.0,120.26933946337074
2050-06-17 05:00:00,0.0,168.02972697590067
2050-06-17 06:00:00,0.0,217.09267051149956
2050-06-17 07:00:00,0.0,240.53867892674148
2050-06-17 08:00:00,0.0,247.05145904208646
2050-06-17 09:00:00,0.0,233.59171347037352
2050-06-17 10:00:00,0.0,207.97477835001655
2050-06-17 11:00:00,0.0,160.64857617850964
2050-06-17 12:00:00,0.0,100.73099911733578
2050-06-17 13:00:00,0.0,40.81342205616192
2050-06-17 14:00:00,0.0,1.3025560230689972
2050-06-17 15:00:00,0.0,0.0
2050-06-17 16:00:00,0.0,0.0
2050-06-17 17:00:00,0.0,0.0
2050-06-17 18:00:00,0.0,0.0
2050-06-17 19:00:00,0.0,0.0
2050-06-17 20:00:00,0.0,0.0
2050-06-17 21:00:00,0.0,0.0
2050-06-17 22:00:00,0.0,0.0
2050-06-17 23:00:00,0.0,0.0
2050-06-18 00:00:00,0.0,0.0
2050-06-18 01:00:00,0.0,0.0
2050-06-18 02:00:00,0.0,21.709267051149954
2050-06-18 03:00:00,0.0,78.58754672516282
2050-06-18 04:00:00,0.0,148.4913866298657
2050-06-18 05:00:00,0.0,209.71151971410856
2050-06-18 06:00:00,0.0,255.30098052152346
2050-06-18 07:00:00,0.0,277.4444329136964
2050-06-18 08:00:00,0.0,277.0102475726734
2050-06-18 09:00:00,0.0,266.58979938812143
2050-06-18 10:00:00,0.0,227.94730403707453
2050-06-18 11:00:00,0.0,168.89809765794664
2050-06-18 12:00:00,0.0,105.50703786858878
2050-06-18 13:00:00,0.0,41.68179273820791
2050-06-18 14:00:00,0.0,1.3025560230689972
2050-06-18 15:00:00,0.0,0.0
2050-06-18 16:00:00,0.0,0.0
2050-06-18 17:00:00,0.0,0.0
2050-06-18 18:00:00,0.0,0.0
2050-06-18 19:00:00,0.0,0.0
2050-06-18 20:00:00,0.0,0.0
2050-06-18 21:00:00,0.0,0.0
2050-06-18 22:00:00,0.0,0.0
2050-06-18 23:00:00,0.0,0.0
2050-06-19 00:00:00,0.0,0.0
2050-06-19 01:00:00,0.0,0.0
2050-06-19 02:00:00,0.0,27.35367648444894
2050-06-19 03:00:00,0.0,93.34984831994481
2050-06-19 04:00:00,0.0,164.12205890669364
2050-06-19 05:00:00,0.0,221.43452392172955
2050-06-19 06:00:00,0.0,260.9453899548225
2050-06-19 07:00:00,0.0,279.61535961881145
2050-06-19 08:00:00,0.0,280.0495449598344
2050-06-19 09:00:00,0.0,263.98468734198343
2050-06-19 10:00:00,0.0,230.1182307421895
2050-06-19 11:00:00,0.0,178.4501751604526
2050-06-19 12:00:00,0.0,112.01981798393376
2050-06-19 13:00:00,0.0,45.155275466391906
2050-06-19 14:00:00,0.0,1.7367413640919964
2050-06-19 15:00:00,0.0,0.0
2050-06-19 16:00:00,0.0,0.0
2050-06-19 17:00:00,0.0,0.0
2050-06-19 18:00:00,0.0,0.0
2050-06-19 19:00:00,0.0,0.0
2050-06-19 20:00:00,0.0,0.0
2050-06-19 21:00:00,0.0,0.0
2050-06-19 22:00:00,0.0,0.0
2050-06-19 23:00:00,0.0,0.0
2050-06-20 00:00:00,0.0,0.0
2050-06-20 01:00:00,0.0,0.0
2050-06-20 02:00:00,0.0,28.656232507517938
2050-06-20 03:00:00,0.0,101.59936979938178
2050-06-20 04:00:00,0.0,177.14761913738363
2050-06-20 05:00:00,0.0,236.6310108575345
2050-06-20 06:00:00,0.0,275.7076915496044
2050-06-20 07:00:00,0.0,295.2460318956394
2050-06-20 08:00:00,0.0,296.9827732597314
2050-06-20 09:00:00,0.0,279.61535961881145
2050-06-20 10:00:00,0.0,242.2754202908335
2050-06-20 11:00:00,0.0,184.0945845937516
2050-06-20 12:00:00,0.0,111.58563264291077
2050-06-20 13:00:00,0.0,41.68179273820791
2050-06-20 14:00:00,0.0,0.8683706820459982
2050-06-20 15:00:00,0.0,0.0
2050-06-20 16:00:00,0.0,0.0
2050-06-20 17:00:00,0.0,0.0
2050-06-20 18:00:00,0.0,0.0
2050-06-20 19:00:00,0.0,0.0
2050-06-20 20:00:00,0.0,0.0
2050-06-20 21:00:00,0.0,0.0
2050-06-20 22:00:00,0.0,0.0
2050-06-20 23:00:00,0.0,0.0
2050-06-21 00:00:00,0.0,0.0
2050-06-21 01:00:00,0.0,0.0
2050-06-21 02:00:00,0.0,21.709267051149954
2050-06-21 03:00:00,0.0,79.02173206618583
2050-06-21 04:00:00,0.0,145.8862745837277
2050-06-21 05:00:00,0.0,203.19873959876355
2050-06-21 06:00:00,0.0,264.85305802402945
2050-06-21 07:00:00,0.0,284.8255837110874
2050-06-21 08:00:00,0.0,286.12813973415643
2050-06-21 09:00:00,0.0,268.3265407522134
2050-06-21 10:00:00,0.0,232.2891574473045
2050-06-21 11:00:00,0.0,178.4501751604526
2050-06-21 12:00:00,0.0,112.45400332495676
2050-06-21 13:00:00,0.0,45.155275466391906
2050-06-21 14:00:00,0.0,1.7367413640919964
2050-06-21 15:00:00,0.0,0.0
2050-06-21 16:00:00,0.0,0.0
2050-06-21 17:00:00,0.0,0.0
2050-06-21 18:00:00,0.0,0.0
2050-06-21 19:00:00,0.0,0.0
2050-06-21 20:00:00,0.0,0.0
2050-06-21 21:00:00,0.0,0.0
2050-06-21 22:00:00,0.0,0.0
2050-06-21 23:00:00,0.0,0.0
2050-06-22 00:00:00,0.0,0.0
2050-06-22 01:00:00,0.0,0.0
2050-06-22 02:00:00,0.0,27.787861825471943
2050-06-22 03:00:00,0.0,96.82333104812881
2050-06-22 04:00:00,0.0,170.20065368101567
2050-06-22 05:00:00,0.0,229.68404540116651
2050-06-22 06:00:00,0.0,269.19491143425944
2050-06-22 07:00:00,0.0,289.16743712131745
2050-06-22 08:00:00,0.0,290.4699931443864
2050-06-22 09:00:00,0.0,274.8393208675584
2050-06-22 10:00:00,0.0,239.67030824469552
2050-06-22 11:00:00,0.0,186.2655112988666
2050-06-22 12:00:00,0.0,117.66422741723277
2050-06-22 13:00:00,0.0,47.3262021715069
2050-06-22 14:00:00,0.0,1.7367413640919964
2050-06-22 15:00:00,0.0,0.0
2050-06-22 16:00:00,0.0,0.0
2050-06-22 17:00:00,0.0,0.0
2050-06-22 18:00:00,0.0,0.0
2050-06-22 19:00:00,0.0,0.0
2050-06-22 20:00:00,0.0,0.0
2050-06-22 21:00:00,0.0,0.0
2050-06-22 22:00:00,0.0,0.0
2050-06-22 23:00:00,0.0,0.0
2050-06-23 00:00:00,0.0,0.0
2050-06-23 01:00:00,0.0,0.0
2050-06-23 02:00:00,0.0,27.787861825471943
2050-06-23 03:00:00,0.0,95.0865896840368
2050-06-23 04:00:00,0.0,165.85880027078565
2050-06-23 05:00:00,0.0,223.17126528582153
2050-06-23 06:00:00,0.0,265.28724336505246
2050-06-23 07:00:00,0.0,283.95721302904144
2050-06-23 08:00:00,0.0,282.65465700597247
2050-06-23 09:00:00,0.0,262.24794597789145
2050-06-23 10:00:00,0.0,225.77637733195954
2050-06-23 11:00:00,0.0,172.80576572715364
2050-06-23 12:00:00,0.0,109.84889127881877
2050-06-23 13:00:00,0.0,45.58946080741491
2050-06-23 14:00:00,0.0,1.7367413640919964
2050-06-23 15:00:00,0.0,0.0
2050-06-23 16:00:00,0.0,0.0
2050-06-23 17:00:00,0.0,0.0
2050-06-23 18:00:00,0.0,0.0
2050-06-23 19:00:00,0.0,0.0
2050-06-23 20:00:00,0.0,0.0
2050-06-23 21:00:00,0.0,0.0
2050-06-23 22:00:00,0.0,0.0
2050-06-23 23:00:00,0.0,0.0
2050-06-24 00:00:00,0.0,0.0
2050-06-24 01:00:00,0.0,0.0
2050-06-24 02:00:00,0.0,27.787861825471943
2050-06-24 03:00:00,0.0,93.34984831994481
2050-06-24 04:00:00,0.0,163.25368822464768
2050-06-24 05:00:00,0.0,220.56615323968353
2050-06-24 06:00:00,0.0,257.0377218856155
2050-06-24 07:00:00,0.0,271.80002348039744
2050-06-24 08:00:00,0.0,266.1556140470984
2050-06-24 09:00:00,0.0,229.68404540116651
2050-06-24 10:00:00,0.0,187.13388198091263
2050-06-24 11:00:00,0.0,131.5581583299687
2050-06-24 12:00:00,0.0,71.20639592777185
2050-06-24 13:00:00,0.0,24.74856443831095
2050-06-24 14:00:00,0.0,0.0
2050-06-24 15:00:00,0.0,0.0
2050-06-24 16:00:00,0.0,0.0
2050-06-24 17:00:00,0.0,0.0
2050-06-24 18:00:00,0.0,0.0
2050-06-24 19:00:00,0.0,0.0
2050-06-24 20:00:00,0.0,0.0
2050-06-24 21:00:00,0.0,0.0
2050-06-24 22:00:00,0.0,0.0
2050-06-24 23:00:00,0.0,0.0
2050-06-25 00:00:00,0.0,0.0
2050-06-25 01:00:00,0.0,0.0
2050-06-25 02:00:00,0.0,26.485305802402944
2050-06-25 03:00:00,0.0,91.17892161482982
2050-06-25 04:00:00,0.0,163.25368822464768
2050-06-25 05:00:00,0.0,222.73707994479852
2050-06-25 06:00:00,0.0,265.28724336505246
2050-06-25 07:00:00,0.0,287.86488109824836
2050-06-25 08:00:00,0.0,290.4699931443864
2050-06-25 09:00:00,0.0,274.8393208675584
2050-06-25 10:00:00,0.0,239.67030824469552
2050-06-25 11:00:00,0.0,186.2655112988666
2050-06-25 12:00:00,0.0,118.09841275825575
2050-06-25 13:00:00,0.0,47.760387512529896
2050-06-25 14:00:00,0.0,1.7367413640919964
2050-06-25 15:00:00,0.0,0.0
2050-06-25 16:00:00,0.0,0.0
2050-06-25 17:00:00,0.0,0.0
2050-06-25 18:00:00,0.0,0.0
2050-06-25 19:00:00,0.0,0.0
2050-06-25 20:00:00,0.0,0.0
2050-06-25 21:00:00,0.0,0.0
2050-06-25 22:00:00,0.0,0.0
2050-06-25 23:00:00,0.0,0.0
2050-06-26 00:00:00,0.0,0.0
2050-06-26 01:00:00,0.0,0.0
2050-06-26 02:00:00,0.0,27.35367648444894
2050-06-26 03:00:00,0.0,96.82333104812881
2050-06-26 04:00:00,0.0,170.63483902203868
2050-06-26 05:00:00,0.0,230.1182307421895
2050-06-26 06:00:00,0.0,271.36583813937443
2050-06-26 07:00:00,0.0,292.20673450847846
2050-06-26 08:00:00,0.0,293.9434758725704
2050-06-26 09:00:00,0.0,275.7076915496044
2050-06-26 10:00:00,0.0,237.93356688060348
2050-06-26 11:00:00,0.0,182.79202857068262
2050-06-26 12:00:00,0.0,114.62493003007175
2050-06-26 13:00:00,0.0,45.155275466391906
2050-06-26 14:00:00,0.0,1.3025560230689972
2050-06-26 15:00:00,0.0,0.0
2050-06-26 16:00:00,0.0,0.0
2050-06-26 17:00:00,0.0,0.0
2050-06-26 18:00:00,0.0,0.0
2050-06-26 19:00:00,0.0,0.0
2050-06-26 20:00:00,0.0,0.0
2050-06-26 21:00:00,0.0,0.0
2050-06-26 22:00:00,0.0,0.0
2050-06-26 23:00:00,0.0,0.0
2050-06-27 00:00:00,0.0,0.0
2050-06-27 01:00:00,0.0,0.0
2050-06-27 02:00:00,0.0,26.485305802402944
2050-06-27 03:00:00,0.0,95.0865896840368
2050-06-27 04:00:00,0.0,168.02972697590067
2050-06-27 05:00:00,0.0,227.0789333550285
2050-06-27 06:00:00,0.0,267.89235541119047
2050-06-27 07:00:00,0.0,283.0888423469954
2050-06-27 08:00:00,0.0,271.36583813937443
2050-06-27 09:00:00,0.0,237.93356688060348
2050-06-27 10:00:00,0.0,206.67222232694755
2050-06-27 11:00:00,0.0,171.50320970408464
2050-06-27 12:00:00,0.0,115.92748605314074
2050-06-27 13:00:00,0.0,48.1945728535529
2050-06-27 14:00:00,0.0,1.7367413640919964
2050-06-27 15:00:00,0.0,0.0
2050-06-27 16:00:00,0.0,0.0
2050-06-27 17:00:00,0.0,0.0
2050-06-27 18:00:00,0.0,0.0
2050-06-27 19:00:00,0.0,0.0
2050-06-27 20:00:00,0.0,0.0
2050-06-27 21:00:00,0.0,0.0
2050-06-27 22:00:00,0.0,0.0
2050-06-27 23:00:00,0.0,0.0
2050-06-28 00:00:00,0.0,0.0
2050-06-28 01:00:00,0.0,0.0
2050-06-28 02:00:00,0.0,26.919491143425944
2050-06-28 03:00:00,0.0,95.52077502505979
2050-06-28 04:00:00,0.0,168.46391231692365
2050-06-28 05:00:00,0.0,227.94730403707453
2050-06-28 06:00:00,0.0,268.7607260932364
2050-06-28 07:00:00,0.0,289.16743712131745
2050-06-28 08:00:00,0.0,290.9041784854094
2050-06-28 09:00:00,0.0,275.7076915496044
2050-06-28 10:00:00,0.0,240.10449358571847
2050-06-28 11:00:00,0.0,185.8313259578436
2050-06-28 12:00:00,0.0,117.66422741723277
2050-06-28 13:00:00,0.0,47.760387512529896
2050-06-28 14:00:00,0.0,1.7367413640919964
2050-06-28 15:00:00,0.0,0.0
2050-06-28 16:00:00,0.0,0.0
2050-06-28 17:00:00,0.0,0.0
2050-06-28 18:00:00,0.0,0.0
2050-06-28 19:00:00,0.0,0.0
2050-06-28 20:00:00,0.0,0.0
2050-06-28 21:00:00,0.0,0.0
2050-06-28 22:00:00,0.0,0.0
2050-06-28 23:00:00,0.0,0.0
2050-06-29 00:00:00,0.0,0.0
2050-06-29 01:00:00,0.0,0.0
2050-06-29 02:00:00,0.0,27.787861825471943
2050-06-29 03:00:00,0.0,95.0865896840368
2050-06-29 04:00:00,0.0,165.85880027078565
2050-06-29 05:00:00,0.0,223.60545062684454
2050-06-29 06:00:00,0.0,268.3265407522134
2050-06-29 07:00:00,0.0,287.86488109824836
2050-06-29 08:00:00,0.0,289.16743712131745
2050-06-29 09:00:00,0.0,271.80002348039744
2050-06-29 10:00:00,0.0,235.32845483446553
2050-06-29 11:00:00,0.0,180.1869165245446
2050-06-29 12:00:00,0.0,111.15144730188777
2050-06-29 13:00:00,0.0,42.55016342025392
2050-06-29 14:00:00,0.0,1.3025560230689972
2050-06-29 15:00:00,0.0,0.0
2050-06-29 16:00:00,0.0,0.0
2050-06-29 17:00:00,0.0,0.0
2050-06-29 18:00:00,0.0,0.0
2050-06-29 19:00:00,0.0,0.0
2050-06-29 20:00:00,0.0,0.0
2050-06-29 21:00:00,0.0,0.0
2050-06-29 22:00:00,0.0,0.0
2050-06-29 23:00:00,0.0,0.0
2050-06-30 00:00:00,0.0,0.0
2050-06-30 01:00:00,0.0,0.0
2050-06-30 02:00:00,0.0,27.35367648444894
2050-06-30 03:00:00,0.0,93.78403366096781
2050-06-30 04:00:00,0.0,164.55624424771665
2050-06-30 05:00:00,0.0,223.17126528582153
2050-06-30 06:00:00,0.0,268.3265407522134
2050-06-30 07:00:00,0.0,287.86488109824836
2050-06-30 08:00:00,0.0,288.7332517802944
2050-06-30 09:00:00,0.0,273.1025795034664
2050-06-30 10:00:00,0.0,236.6310108575345
2050-06-30 11:00:00,0.0,181.48947254761362
2050-06-30 12:00:00,0.0,112.45400332495676
2050-06-30 13:00:00,0.0,44.72109012536891
2050-06-30 14:00:00,0.0,1.3025560230689972
2050-06-30 15:00:00,0.0,0.0
2050-06-30 16:00:00,0.0,0.0
2050-06-30 17:00:00,0.0,0.0
2050-06-30 18:00:00,0.0,0.0
2050-06-30 19:00:00,0.0,0.0
2050-06-30 20:00:00,0.0,0.0
2050-06-30 21:00:00,0.0,0.0
2050-06-30 22:00:00,0.0,0.0
2050-06-30 23:00:00,0.0,0.0
2050-07-01 00:00:00,0.0,0.0
2050-07-01 01:00:00,0.0,0.0
2050-07-01 02:00:00,0.0,24.31437909728795
2050-07-01 03:00:00,0.0,89.4421802507378
2050-07-01 04:00:00,0.0,163.25368822464768
2050-07-01 05:00:00,0.0,221.86870926275256
2050-07-01 06:00:00,0.0,261.81376063686844
2050-07-01 07:00:00,0.0,285.2597690521104
2050-07-01 08:00:00,0.0,287.86488109824836
2050-07-01 09:00:00,0.0,270.06328211630546
2050-07-01 10:00:00,0.0,234.02589881139653
2050-07-01 11:00:00,0.0,181.0552872065906
2050-07-01 12:00:00,0.0,114.19074468904877
2050-07-01 13:00:00,0.0,46.892016830483904
2050-07-01 14:00:00,0.0,1.7367413640919964
2050-07-01 15:00:00,0.0,0.0
2050-07-01 16:00:00,0.0,0.0
2050-07-01 17:00:00,0.0,0.0
2050-07-01 18:00:00,0.0,0.0
2050-07-01 19:00:00,0.0,0.0
2050-07-01 20:00:00,0.0,0.0
2050-07-01 21:00:00,0.0,0.0
2050-07-01 22:00:00,0.0,0.0
2050-07-01 23:00:00,0.0,0.0
2050-07-02 00:00:00,0.0,0.0
2050-07-02 01:00:00,0.0,0.0
2050-07-02 02:00:00,0.0,27.787861825471943
2050-07-02 03:00:00,0.0,97.2575163891518
2050-07-02 04:00:00,0.0,170.63483902203868
2050-07-02 05:00:00,0.0,229.2498600601435
2050-07-02 06:00:00,0.0,269.19491143425944
2050-07-02 07:00:00,0.0,287.86488109824836
2050-07-02 08:00:00,0.0,287.4306957572254
2050-07-02 09:00:00,0.0,271.80002348039744
2050-07-02 10:00:00,0.0,236.1968255165115
2050-07-02 11:00:00,0.0,181.92365788863663
2050-07-02 12:00:00,0.0,113.75655934802576
2050-07-02 13:00:00,0.0,44.28690478434591
2050-07-02 14:00:00,0.0,1.3025560230689972
2050-07-02 15:00:00,0.0,0.0
2050-07-02 16:00:00,0.0,0.0
2050-07-02 17:00:00,0.0,0.0
2050-07-02 18:00:00,0.0,0.0
2050-07-02 19:00:00,0.0,0.0
2050-07-02 20:00:00,0.0,0.0
2050-07-02 21:00:00,0.0,0.0
2050-07-02 22:00:00,0.0,0.0
2050-07-02 23:00:00,0.0,0.0
2050-07-03 00:00:00,0.0,0.0
2050-07-03 01:00:00,0.0,0.0
2050-07-03 02:00:00,0.0,26.485305802402944
2050-07-03 03:00:00,0.0,90.74473627380681
2050-07-03 04:00:00,0.0,160.21439083748663
2050-07-03 05:00:00,0.0,211.88244641922356
2050-07-03 06:00:00,0.0,251.82749779333946
2050-07-03 07:00:00,0.0,258.34027790868447
2050-07-03 08:00:00,0.0,266.58979938812143
2050-07-03 09:00:00,0.0,250.09075642924748
2050-07-03 10:00:00,0.0,207.97477835001655
2050-07-03 11:00:00,0.0,152.83324004009566
2050-07-03 12:00:00,0.0,91.6131069558528
2050-07-03 13:00:00,0.0,35.603197963885926
2050-07-03 14:00:00,0.0,0.4341853410229991
2050-07-03 15:00:00,0.0,0.0
2050-07-03 16:00:00,0.0,0.0
2050-07-03 17:00:00,0.0,0.0
2050-07-03 18:00:00,0.0,0.0
2050-07-03 19:00:00,0.0,0.0
2050-07-03 20:00:00,0.0,0.0
2050-07-03 21:00:00,0.0,0.0
2050-07-03 22:00:00,0.0,0.0
2050-07-03 23:00:00,0.0,0.0
2050-07-04 00:00:00,0.0,0.0
2050-07-04 01:00:00,0.0,0.0
2050-07-04 02:00:00,0.0,20.840896369103955
2050-07-04 03:00:00,0.0,75.54824933800184
2050-07-04 04:00:00,0.0,148.0572012888427
2050-07-04 05:00:00,0.0,208.84314903206257
2050-07-04 06:00:00,0.0,250.95912711129344
2050-07-04 07:00:00,0.0,274.4051355265354
2050-07-04 08:00:00,0.0,274.8393208675584
2050-07-04 09:00:00,0.0,266.58979938812143
2050-07-04 10:00:00,0.0,230.98660142423552
2050-07-04 11:00:00,0.0,178.01598981942962
2050-07-04 12:00:00,0.0,112.45400332495676
2050-07-04 13:00:00,0.0,45.155275466391906
2050-07-04 14:00:00,0.0,1.3025560230689972
2050-07-04 15:00:00,0.0,0.0
2050-07-04 16:00:00,0.0,0.0
2050-07-04 17:00:00,0.0,0.0
2050-07-04 18:00:00,0.0,0.0
2050-07-04 19:00:00,0.0,0.0
2050-07-04 20:00:00,0.0,0.0
2050-07-04 21:00:00,0.0,0.0
2050-07-04 22:00:00,0.0,0.0
2050-07-04 23:00:00,0.0,0.0
2050-07-05 00:00:00,0.0,0.0
2050-07-05 01:00:00,0.0,0.0
2050-07-05 02:00:00,0.0,25.61693512035695
2050-07-05 03:00:00,0.0,85.53451218153083
2050-07-05 04:00:00,0.0,138.5051237863367
2050-07-05 05:00:00,0.0,169.33228299896965
2050-07-05 06:00:00,0.0,199.29107152955658
2050-07-05 07:00:00,0.0,253.13005381640846
2050-07-05 08:00:00,0.0,276.57606223165044
2050-07-05 09:00:00,0.0,259.64283393175344
2050-07-05 10:00:00,0.0,228.38148937809754
2050-07-05 11:00:00,0.0,172.80576572715364
2050-07-05 12:00:00,0.0,104.63866718654279
2050-07-05 13:00:00,0.0,39.94505137411591
2050-07-05 14:00:00,0.0,0.8683706820459982
2050-07-05 15:00:00,0.0,0.0
2050-07-05 16:00:00,0.0,0.0
2050-07-05 17:00:00,0.0,0.0
2050-07-05 18:00:00,0.0,0.0
2050-07-05 19:00:00,0.0,0.0
2050-07-05 20:00:00,0.0,0.0
2050-07-05 21:00:00,0.0,0.0
2050-07-05 22:00:00,0.0,0.0
2050-07-05 23:00:00,0.0,0.0
2050-07-06 00:00:00,0.0,0.0
2050-07-06 01:00:00,0.0,0.0
2050-07-06 02:00:00,0.0,23.446008415241952
2050-07-06 03:00:00,0.0,82.49521479436983
2050-07-06 04:00:00,0.0,150.22812799395766
2050-07-06 05:00:00,0.0,208.40896369103956
2050-07-06 06:00:00,0.0,248.78820040617845
2050-07-06 07:00:00,0.0,263.5505020009604
2050-07-06 08:00:00,0.0,261.3795752958454
2050-07-06 09:00:00,0.0,255.73516586254647
2050-07-06 10:00:00,0.0,223.17126528582153
2050-07-06 11:00:00,0.0,171.06902436306166
2050-07-06 12:00:00,0.0,108.11214991472677
2050-07-06 13:00:00,0.0,42.55016342025392
2050-07-06 14:00:00,0.0,0.8683706820459982
2050-07-06 15:00:00,0.0,0.0
2050-07-06 16:00:00,0.0,0.0
2050-07-06 17:00:00,0.0,0.0
2050-07-06 18:00:00,0.0,0.0
2050-07-06 19:00:00,0.0,0.0
2050-07-06 20:00:00,0.0,0.0
2050-07-06 21:00:00,0.0,0.0
2050-07-06 22:00:00,0.0,0.0
2050-07-06 23:00:00,0.0,0.0
2050-07-07 00:00:00,0.0,0.0
2050-07-07 01:00:00,0.0,0.0
2050-07-07 02:00:00,0.0,20.840896369103955
2050-07-07 03:00:00,0.0,77.71917604311683
2050-07-07 04:00:00,0.0,141.1102358324747
2050-07-07 05:00:00,0.0,185.8313259578436
2050-07-07 06:00:00,0.0,222.73707994479852
2050-07-07 07:00:00,0.0,244.4463469959485
2050-07-07 08:00:00,0.0,246.1830883600405
2050-07-07 09:00:00,0.0,237.06519619855752
2050-07-07 10:00:00,0.0,211.88244641922356
2050-07-07 11:00:00,0.0,168.89809765794664
2050-07-07 12:00:00,0.0,108.54633525574978
2050-07-07 13:00:00,0.0,43.41853410229991
2050-07-07 14:00:00,0.0,0.8683706820459982
2050-07-07 15:00:00,0.0,0.0
2050-07-07 16:00:00,0.0,0.0
2050-07-07 17:00:00,0.0,0.0
2050-07-07 18:00:00,0.0,0.0
2050-07-07 19:00:00,0.0,0.0
2050-07-07 20:00:00,0.0,0.0
2050-07-07 21:00:00,0.0,0.0
2050-07-07 22:00:00,0.0,0.0
2050-07-07 23:00:00,0.0,0.0
2050-07-08 00:00:00,0.0,0.0
2050-07-08 01:00:00,0.0,0.0
2050-07-08 02:00:00,0.0,25.61693512035695
2050-07-08 03:00:00,0.0,93.34984831994481
2050-07-08 04:00:00,0.0,167.16135629385465
2050-07-08 05:00:00,0.0,226.21056267298252
2050-07-08 06:00:00,0.0,266.1556140470984
2050-07-08 07:00:00,0.0,284.3913983700644
2050-07-08 08:00:00,0.0,285.69395439313337
2050-07-08 09:00:00,0.0,269.19491143425944
2050-07-08 10:00:00,0.0,225.77637733195954
2050-07-08 11:00:00,0.0,159.78020549646365
2050-07-08 12:00:00,0.0,82.49521479436983
2050-07-08 13:00:00,0.0,29.524603189563937
2050-07-08 14:00:00,0.0,0.0
2050-07-08 15:00:00,0.0,0.0
2050-07-08 16:00:00,0.0,0.0
2050-07-08 17:00:00,0.0,0.0
2050-07-08 18:00:00,0.0,0.0
2050-07-08 19:00:00,0.0,0.0
2050-07-08 20:00:00,0.0,0.0
2050-07-08 21:00:00,0.0,0.0
2050-07-08 22:00:00,0.0,0.0
2050-07-08 23:00:00,0.0,0.0
2050-07-09 00:00:00,0.0,0.0
2050-07-09 01:00:00,0.0,0.0
2050-07-09 02:00:00,0.0,26.485305802402944
2050-07-09 03:00:00,0.0,92.4814776378988
2050-07-09 04:00:00,0.0,163.68787356567069
2050-07-09 05:00:00,0.0,220.56615323968353
2050-07-09 06:00:00,0.0,247.48564438310947
2050-07-09 07:00:00,0.0,233.1575281293505
2050-07-09 08:00:00,0.0,197.12014482444158
2050-07-09 09:00:00,0.0,176.71343379636062
2050-07-09 10:00:00,0.0,167.16135629385465
2050-07-09 11:00:00,0.0,154.13579606316466
2050-07-09 12:00:00,0.0,105.07285252756579
2050-07-09 13:00:00,0.0,40.81342205616192
2050-07-09 14:00:00,0.0,0.0
2050-07-09 15:00:00,0.0,0.0
2050-07-09 16:00:00,0.0,0.0
2050-07-09 17:00:00,0.0,0.0
2050-07-09 18:00:00,0.0,0.0
2050-07-09 19:00:00,0.0,0.0
2050-07-09 20:00:00,0.0,0.0
2050-07-09 21:00:00,0.0,0.0
2050-07-09 22:00:00,0.0,0.0
2050-07-09 23:00:00,0.0,0.0
2050-07-10 00:00:00,0.0,0.0
2050-07-10 01:00:00,0.0,0.0
2050-07-10 02:00:00,0.0,21.27508171012696
2050-07-10 03:00:00,0.0,73.81150797390985
2050-07-10 04:00:00,0.0,133.29489969406072
2050-07-10 05:00:00,0.0,191.9099207321656
2050-07-10 06:00:00,0.0,253.56423915743147
2050-07-10 07:00:00,0.0,280.4837303008575
2050-07-10 08:00:00,0.0,284.3913983700644
2050-07-10 09:00:00,0.0,269.62909677528245
2050-07-10 10:00:00,0.0,232.7233427883275
2050-07-10 11:00:00,0.0,175.41087777329167
2050-07-10 12:00:00,0.0,101.1651844583588
2050-07-10 13:00:00,0.0,39.94505137411591
2050-07-10 14:00:00,0.0,0.4341853410229991
2050-07-10 15:00:00,0.0,0.0
2050-07-10 16:00:00,0.0,0.0
2050-07-10 17:00:00,0.0,0.0
2050-07-10 18:00:00,0.0,0.0
2050-07-10 19:00:00,0.0,0.0
2050-07-10 20:00:00,0.0,0.0
2050-07-10 21:00:00,0.0,0.0
2050-07-10 22:00:00,0.0,0.0
2050-07-10 23:00:00,0.0,0.0
2050-07-11 00:00:00,0.0,0.0
2050-07-11 01:00:00,0.0,0.0
2050-07-11 02:00:00,0.0,24.74856443831095
2050-07-11 03:00:00,0.0,89.8763655917608
2050-07-11 04:00:00,0.0,160.21439083748663
2050-07-11 05:00:00,0.0,218.82941187559152
2050-07-11 06:00:00,0.0,258.34027790868447
2050-07-11 07:00:00,0.0,277.0102475726734
2050-07-11 08:00:00,0.0,277.0102475726734
2050-07-11 09:00:00,0.0,273.5367648444894
2050-07-11 10:00:00,0.0,237.06519619855752
2050-07-11 11:00:00,0.0,182.79202857068262
2050-07-11 12:00:00,0.0,114.19074468904877
2050-07-11 13:00:00,0.0,45.155275466391906
2050-07-11 14:00:00,0.0,0.8683706820459982
2050-07-11 15:00:00,0.0,0.0
2050-07-11 16:00:00,0.0,0.0
2050-07-11 17:00:00,0.0,0.0
2050-07-11 18:00:00,0.0,0.0
2050-07-11 19:00:00,0.0,0.0
2050-07-11 20:00:00,0.0,0.0
2050-07-11 21:00:00,0.0,0.0
2050-07-11 22:00:00,0.0,0.0
2050-07-11 23:00:00,0.0,0.0
2050-07-12 00:00:00,0.0,0.0
2050-07-12 01:00:00,0.0,0.0
2050-07-12 02:00:00,0.0,23.880193756264948
2050-07-12 03:00:00,0.0,85.53451218153083
2050-07-12 04:00:00,0.0,148.4913866298657
2050-07-12 05:00:00,0.0,196.2517741423956
2050-07-12 06:00:00,0.0,237.49938153958053
2050-07-12 07:00:00,0.0,262.24794597789145
2050-07-12 08:00:00,0.0,272.23420882142045
2050-07-12 09:00:00,0.0,262.6821313189144
2050-07-12 10:00:00,0.0,227.94730403707453
2050-07-12 11:00:00,0.0,174.54250709124565
2050-07-12 12:00:00,0.0,108.11214991472677
2050-07-12 13:00:00,0.0,42.115978079230906
2050-07-12 14:00:00,0.0,0.8683706820459982
2050-07-12 15:00:00,0.0,0.0
2050-07-12 16:00:00,0.0,0.0
2050-07-12 17:00:00,0.0,0.0
2050-07-12 18:00:00,0.0,0.0
2050-07-12 19:00:00,0.0,0.0
2050-07-12 20:00:00,0.0,0.0
2050-07-12 21:00:00,0.0,0.0
2050-07-12 22:00:00,0.0,0.0
2050-07-12 23:00:00,0.0,0.0
2050-07-13 00:00:00,0.0,0.0
2050-07-13 01:00:00,0.0,0.0
2050-07-13 02:00:00,0.0,25.18274977933395
2050-07-13 03:00:00,0.0,90.74473627380681
2050-07-13 04:00:00,0.0,161.08276151953265
2050-07-13 05:00:00,0.0,218.82941187559152
2050-07-13 06:00:00,0.0,258.34027790868447
2050-07-13 07:00:00,0.0,278.31280359574237
2050-07-13 08:00:00,0.0,277.8786182547194
2050-07-13 09:00:00,0.0,274.8393208675584
2050-07-13 10:00:00,0.0,239.2361229036725
2050-07-13 11:00:00,0.0,186.2655112988666
2050-07-13 12:00:00,0.0,117.66422741723277
2050-07-13 13:00:00,0.0,46.892016830483904
2050-07-13 14:00:00,0.0,0.8683706820459982
2050-07-13 15:00:00,0.0,0.0
2050-07-13 16:00:00,0.0,0.0
2050-07-13 17:00:00,0.0,0.0
2050-07-13 18:00:00,0.0,0.0
2050-07-13 19:00:00,0.0,0.0
2050-07-13 20:00:00,0.0,0.0
2050-07-13 21:00:00,0.0,0.0
2050-07-13 22:00:00,0.0,0.0
2050-07-13 23:00:00,0.0,0.0
2050-07-14 00:00:00,0.0,0.0
2050-07-14 01:00:00,0.0,0.0
2050-07-14 02:00:00,0.0,24.74856443831095
2050-07-14 03:00:00,0.0,92.4814776378988
2050-07-14 04:00:00,0.0,164.55624424771665
2050-07-14 05:00:00,0.0,224.03963596786753
2050-07-14 06:00:00,0.0,264.41887268300644
2050-07-14 07:00:00,0.0,285.2597690521104
2050-07-14 08:00:00,0.0,286.5623250751794
2050-07-14 09:00:00,0.0,279.1811742777884
2050-07-14 10:00:00,0.0,241.84123494981048
2050-07-14 11:00:00,0.0,185.8313259578436
2050-07-14 12:00:00,0.0,115.49330071211776
2050-07-14 13:00:00,0.0,44.72109012536891
2050-07-14 14:00:00,0.0,0.8683706820459982
2050-07-14 15:00:00,0.0,0.0
2050-07-14 16:00:00,0.0,0.0
2050-07-14 17:00:00,0.0,0.0
2050-07-14 18:00:00,0.0,0.0
2050-07-14 19:00:00,0.0,0.0
2050-07-14 20:00:00,0.0,0.0
2050-07-14 21:00:00,0.0,0.0
2050-07-14 22:00:00,0.0,0.0
2050-07-14 23:00:00,0.0,0.0
2050-07-15 00:00:00,0.0,0.0
2050-07-15 01:00:00,0.0,0.0
2050-07-15 02:00:00,0.0,23.880193756264948
2050-07-15 03:00:00,0.0,86.40288286357682
2050-07-15 04:00:00,0.0,155.43835208623366
2050-07-15 05:00:00,0.0,211.88244641922356
2050-07-15 06:00:00,0.0,259.2086485907305
2050-07-15 07:00:00,0.0,280.0495449598344
2050-07-15 08:00:00,0.0,282.2204716649494
2050-07-15 09:00:00,0.0,267.02398472914444
2050-07-15 10:00:00,0.0,230.5524160832125
2050-07-15 11:00:00,0.0,177.14761913738363
2050-07-15 12:00:00,0.0,111.15144730188777
2050-07-15 13:00:00,0.0,43.85271944332292
2050-07-15 14:00:00,0.0,0.8683706820459982
2050-07-15 15:00:00,0.0,0.0
2050-07-15 16:00:00,0.0,0.0
2050-07-15 17:00:00,0.0,0.0
2050-07-15 18:00:00,0.0,0.0
2050-07-15 19:00:00,0.0,0.0
2050-07-15 20:00:00,0.0,0.0
2050-07-15 21:00:00,0.0,0.0
2050-07-15 22:00:00,0.0,0.0
2050-07-15 23:00:00,0.0,0.0
2050-07-16 00:00:00,0.0,0.0
2050-07-16 01:00:00,0.0,0.0
2050-07-16 02:00:00,0.0,24.74856443831095
2050-07-16 03:00:00,0.0,91.17892161482982
2050-07-16 04:00:00,0.0,163.68787356567069
2050-07-16 05:00:00,0.0,223.60545062684454
2050-07-16 06:00:00,0.0,270.9316527983514
2050-07-16 07:00:00,0.0,289.6016224623404
2050-07-16 08:00:00,0.0,289.6016224623404
2050-07-16 09:00:00,0.0,271.80002348039744
2050-07-16 10:00:00,0.0,235.32845483446553
2050-07-16 11:00:00,0.0,181.0552872065906
2050-07-16 12:00:00,0.0,113.32237400700276
2050-07-16 13:00:00,0.0,44.28690478434591
2050-07-16 14:00:00,0.0,0.4341853410229991
2050-07-16 15:00:00,0.0,0.0
2050-07-16 16:00:00,0.0,0.0
2050-07-16 17:00:00,0.0,0.0
2050-07-16 18:00:00,0.0,0.0
2050-07-16 19:00:00,0.0,0.0
2050-07-16 20:00:00,0.0,0.0
2050-07-16 21:00:00,0.0,0.0
2050-07-16 22:00:00,0.0,0.0
2050-07-16 23:00:00,0.0,0.0
2050-07-17 00:00:00,0.0,0.0
2050-07-17 01:00:00,0.0,0.0
2050-07-17 02:00:00,0.0,24.74856443831095
2050-07-17 03:00:00,0.0,92.0472922968758
2050-07-17 04:00:00,0.0,165.42461492976267
2050-07-17 05:00:00,0.0,225.77637733195954
2050-07-17 06:00:00,0.0,274.4051355265354
2050-07-17 07:00:00,0.0,292.6409198495014
2050-07-17 08:00:00,0.0,291.33836382643244
2050-07-17 09:00:00,0.0,271.80002348039744
2050-07-17 10:00:00,0.0,233.1575281293505
2050-07-17 11:00:00,0.0,177.14761913738363
2050-07-17 12:00:00,0.0,109.41470593779576
2050-07-17 13:00:00,0.0,42.984348761276905
2050-07-17 14:00:00,0.0,0.4341853410229991
2050-07-17 15:00:00,0.0,0.0
2050-07-17 16:00:00,0.0,0.0
2050-07-17 17:00:00,0.0,0.0
2050-07-17 18:00:00,0.0,0.0
2050-07-17 19:00:00,0.0,0.0
2050-07-17 20:00:00,0.0,0.0
2050-07-17 21:00:00,0.0,0.0
2050-07-17 22:00:00,0.0,0.0
2050-07-17 23:00:00,0.0,0.0
2050-07-18 00:00:00,0.0,0.0
2050-07-18 01:00:00,0.0,0.0
2050-07-18 02:00:00,0.0,22.143452392172954
2050-07-18 03:00:00,0.0,82.06102945334682
2050-07-18 04:00:00,0.0,145.8862745837277
2050-07-18 05:00:00,0.0,202.7645542577406
2050-07-18 06:00:00,0.0,247.48564438310947
2050-07-18 07:00:00,0.0,270.9316527983514
2050-07-18 08:00:00,0.0,274.8393208675584
2050-07-18 09:00:00,0.0,268.3265407522134
2050-07-18 10:00:00,0.0,230.5524160832125
2050-07-18 11:00:00,0.0,174.10832175022264
2050-07-18 12:00:00,0.0,106.37540855063477
2050-07-18 13:00:00,0.0,42.984348761276905
2050-07-18 14:00:00,0.0,0.4341853410229991
2050-07-18 15:00:00,0.0,0.0
2050-07-18 16:00:00,0.0,0.0
2050-07-18 17:00:00,0.0,0.0
2050-07-18 18:00:00,0.0,0.0
2050-07-18 19:00:00,0.0,0.0
2050-07-18 20:00:00,0.0,0.0
2050-07-18 21:00:00,0.0,0.0
2050-07-18 22:00:00,0.0,0.0
2050-07-18 23:00:00,0.0,0.0
2050-07-19 00:00:00,0.0,0.0
2050-07-19 01:00:00,0.0,0.0
2050-07-19 02:00:00,0.0,22.143452392172954
2050-07-19 03:00:00,0.0,83.36358547641582
2050-07-19 04:00:00,0.0,151.5306840170267
2050-07-19 05:00:00,0.0,209.27733437308558
2050-07-19 06:00:00,0.0,262.6821313189144
2050-07-19 07:00:00,0.0,283.0888423469954
2050-07-19 08:00:00,0.0,284.8255837110874
2050-07-19 09:00:00,0.0,267.89235541119047
2050-07-19 10:00:00,0.0,231.42078676525847
2050-07-19 11:00:00,0.0,177.14761913738363
2050-07-19 12:00:00,0.0,109.84889127881877
2050-07-19 13:00:00,0.0,42.115978079230906
2050-07-19 14:00:00,0.0,0.4341853410229991
2050-07-19 15:00:00,0.0,0.0
2050-07-19 16:00:00,0.0,0.0
2050-07-19 17:00:00,0.0,0.0
2050-07-19 18:00:00,0.0,0.0
2050-07-19 19:00:00,0.0,0.0
2050-07-19 20:00:00,0.0,0.0
2050-07-19 21:00:00,0.0,0.0
2050-07-19 22:00:00,0.0,0.0
2050-07-19 23:00:00,0.0,0.0
2050-07-20 00:00:00,0.0,0.0
2050-07-20 01:00:00,0.0,0.0
2050-07-20 02:00:00,0.0,24.74856443831095
2050-07-20 03:00:00,0.0,93.34984831994481
2050-07-20 04:00:00,0.0,166.72717095283164
2050-07-20 05:00:00,0.0,224.90800664991352
2050-07-20 06:00:00,0.0,265.28724336505246
2050-07-20 07:00:00,0.0,292.6409198495014
2050-07-20 08:00:00,0.0,298.71951462382333
2050-07-20 09:00:00,0.0,280.4837303008575
2050-07-20 10:00:00,0.0,243.57797631390252
2050-07-20 11:00:00,0.0,188.0022526629586
2050-07-20 12:00:00,0.0,117.66422741723277
2050-07-20 13:00:00,0.0,46.0236461484379
2050-07-20 14:00:00,0.0,0.4341853410229991
2050-07-20 15:00:00,0.0,0.0
2050-07-20 16:00:00,0.0,0.0
2050-07-20 17:00:00,0.0,0.0
2050-07-20 18:00:00,0.0,0.0
2050-07-20 19:00:00,0.0,0.0
2050-07-20 20:00:00,0.0,0.0
2050-07-20 21:00:00,0.0,0.0
2050-07-20 22:00:00,0.0,0.0
2050-07-20 23:00:00,0.0,0.0
2050-07-21 00:00:00,0.0,0.0
2050-07-21 01:00:00,0.0,0.0
2050-07-21 02:00:00,0.0,23.880193756264948
2050-07-21 03:00:00,0.0,91.17892161482982
2050-07-21 04:00:00,0.0,158.9118348144177
2050-07-21 05:00:00,0.0,216.65848517047655
2050-07-21 06:00:00,0.0,247.05145904208646
2050-07-21 07:00:00,0.0,260.51120461379946
2050-07-21 08:00:00,0.0,247.48564438310947
2050-07-21 09:00:00,0.0,233.1575281293505
2050-07-21 10:00:00,0.0,216.65848517047655
2050-07-21 11:00:00,0.0,177.5818044784066
2050-07-21 12:00:00,0.0,113.75655934802576
2050-07-21 13:00:00,0.0,44.28690478434591
2050-07-21 14:00:00,0.0,0.4341853410229991
2050-07-21 15:00:00,0.0,0.0
2050-07-21 16:00:00,0.0,0.0
2050-07-21 17:00:00,0.0,0.0
2050-07-21 18:00:00,0.0,0.0
2050-07-21 19:00:00,0.0,0.0
2050-07-21 20:00:00,0.0,0.0
2050-07-21 21:00:00,0.0,0.0
2050-07-21 22:00:00,0.0,0.0
2050-07-21 23:00:00,0.0,0.0
2050-07-22 00:00:00,0.0,0.0
2050-07-22 01:00:00,0.0,0.0
2050-07-22 02:00:00,0.0,23.01182307421895
2050-07-22 03:00:00,0.0,84.66614149948482
2050-07-22 04:00:00,0.0,160.21439083748663
2050-07-22 05:00:00,0.0,224.03963596786753
2050-07-22 06:00:00,0.0,270.9316527983514
2050-07-22 07:00:00,0.0,293.9434758725704
2050-07-22 08:00:00,0.0,295.68021723666243
2050-07-22 09:00:00,0.0,277.4444329136964
2050-07-22 10:00:00,0.0,241.40704960878753
2050-07-22 11:00:00,0.0,185.3971406168206
2050-07-22 12:00:00,0.0,114.19074468904877
2050-07-22 13:00:00,0.0,43.41853410229991
2050-07-22 14:00:00,0.0,0.0
2050-07-22 15:00:00,0.0,0.0
2050-07-22 16:00:00,0.0,0.0
2050-07-22 17:00:00,0.0,0.0
2050-07-22 18:00:00,0.0,0.0
2050-07-22 19:00:00,0.0,0.0
2050-07-22 20:00:00,0.0,0.0
2050-07-22 21:00:00,0.0,0.0
2050-07-22 22:00:00,0.0,0.0
2050-07-22 23:00:00,0.0,0.0
2050-07-23 00:00:00,0.0,0.0
2050-07-23 01:00:00,0.0,0.0
2050-07-23 02:00:00,0.0,18.669969663988958
2050-07-23 03:00:00,0.0,79.45591740720884
2050-07-23 04:00:00,0.0,145.01790390168168
2050-07-23 05:00:00,0.0,213.18500244229256
2050-07-23 06:00:00,0.0,261.3795752958454
2050-07-23 07:00:00,0.0,283.52302768801843
2050-07-23 08:00:00,0.0,291.7725491674554
2050-07-23 09:00:00,0.0,280.4837303008575
2050-07-23 10:00:00,0.0,247.05145904208646
2050-07-23 11:00:00,0.0,194.08084743728062
2050-07-23 12:00:00,0.0,123.74282219155474
2050-07-23 13:00:00,0.0,49.931314217644896
2050-07-23 14:00:00,0.0,0.4341853410229991
2050-07-23 15:00:00,0.0,0.0
2050-07-23 16:00:00,0.0,0.0
2050-07-23 17:00:00,0.0,0.0
2050-07-23 18:00:00,0.0,0.0
2050-07-23 19:00:00,0.0,0.0
2050-07-23 20:00:00,0.0,0.0
2050-07-23 21:00:00,0.0,0.0
2050-07-23 22:00:00,0.0,0.0
2050-07-23 23:00:00,0.0,0.0
2050-07-24 00:00:00,0.0,0.0
2050-07-24 01:00:00,0.0,0.0
2050-07-24 02:00:00,0.0,23.01182307421895
2050-07-24 03:00:00,0.0,86.83706820459982
2050-07-24 04:00:00,0.0,160.21439083748663
2050-07-24 05:00:00,0.0,215.35592914740755
2050-07-24 06:00:00,0.0,265.72142870607547
2050-07-24 07:00:00,0.0,285.2597690521104
2050-07-24 08:00:00,0.0,287.4306957572254
2050-07-24 09:00:00,0.0,267.45817007016745
2050-07-24 10:00:00,0.0,227.51311869605152
2050-07-24 11:00:00,0.0,173.23995106817665
2050-07-24 12:00:00,0.0,108.11214991472677
2050-07-24 13:00:00,0.0,39.94505137411591
2050-07-24 14:00:00,0.0,0.0
2050-07-24 15:00:00,0.0,0.0
2050-07-24 16:00:00,0.0,0.0
2050-07-24 17:00:00,0.0,0.0
2050-07-24 18:00:00,0.0,0.0
2050-07-24 19:00:00,0.0,0.0
2050-07-24 20:00:00,0.0,0.0
2050-07-24 21:00:00,0.0,0.0
2050-07-24 22:00:00,0.0,0.0
2050-07-24 23:00:00,0.0,0.0
2050-07-25 00:00:00,0.0,0.0
2050-07-25 01:00:00,0.0,0.0
2050-07-25 02:00:00,0.0,19.53834034603496
2050-07-25 03:00:00,0.0,77.71917604311683
2050-07-25 04:00:00,0.0,146.75464526577372
2050-07-25 05:00:00,0.0,194.5150327783036
2050-07-25 06:00:00,0.0,249.22238574720146
2050-07-25 07:00:00,0.0,283.52302768801843
2050-07-25 08:00:00,0.0,286.9965104162024
2050-07-25 09:00:00,0.0,271.80002348039744
2050-07-25 10:00:00,0.0,228.81567471912055
2050-07-25 11:00:00,0.0,172.37158038613063
2050-07-25 12:00:00,0.0,98.56007241222079
2050-07-25 13:00:00,0.0,34.73482728183993
2050-07-25 14:00:00,0.0,0.0
2050-07-25 15:00:00,0.0,0.0
2050-07-25 16:00:00,0.0,0.0
2050-07-25 17:00:00,0.0,0.0
2050-07-25 18:00:00,0.0,0.0
2050-07-25 19:00:00,0.0,0.0
2050-07-25 20:00:00,0.0,0.0
2050-07-25 21:00:00,0.0,0.0
2050-07-25 22:00:00,0.0,0.0
2050-07-25 23:00:00,0.0,0.0
2050-07-26 00:00:00,0.0,0.0
2050-07-26 01:00:00,0.0,0.0
2050-07-26 02:00:00,0.0,19.972525687057956
2050-07-26 03:00:00,0.0,86.83706820459982
2050-07-26 04:00:00,0.0,163.25368822464768
2050-07-26 05:00:00,0.0,222.30289460377554
2050-07-26 06:00:00,0.0,267.45817007016745
2050-07-26 07:00:00,0.0,288.2990664392714
2050-07-26 08:00:00,0.0,291.7725491674554
2050-07-26 09:00:00,0.0,274.8393208675584
2050-07-26 10:00:00,0.0,236.6310108575345
2050-07-26 11:00:00,0.0,180.1869165245446
2050-07-26 12:00:00,0.0,110.71726196086478
2050-07-26 13:00:00,0.0,41.247607397184915
2050-07-26 14:00:00,0.0,0.0
2050-07-26 15:00:00,0.0,0.0
2050-07-26 16:00:00,0.0,0.0
2050-07-26 17:00:00,0.0,0.0
2050-07-26 18:00:00,0.0,0.0
2050-07-26 19:00:00,0.0,0.0
2050-07-26 20:00:00,0.0,0.0
2050-07-26 21:00:00,0.0,0.0
2050-07-26 22:00:00,0.0,0.0
2050-07-26 23:00:00,0.0,0.0
2050-07-27 00:00:00,0.0,0.0
2050-07-27 01:00:00,0.0,0.0
2050-07-27 02:00:00,0.0,21.709267051149954
2050-07-27 03:00:00,0.0,85.96869752255381
2050-07-27 04:00:00,0.0,159.78020549646365
2050-07-27 05:00:00,0.0,218.82941187559152
2050-07-27 06:00:00,0.0,258.7744632497075
2050-07-27 07:00:00,0.0,280.4837303008575
2050-07-27 08:00:00,0.0,285.2597690521104
2050-07-27 09:00:00,0.0,282.2204716649494
2050-07-27 10:00:00,0.0,244.8805323369715
2050-07-27 11:00:00,0.0,188.4364380039816
2050-07-27 12:00:00,0.0,117.23004207620977
2050-07-27 13:00:00,0.0,44.72109012536891
2050-07-27 14:00:00,0.0,0.0
2050-07-27 15:00:00,0.0,0.0
2050-07-27 16:00:00,0.0,0.0
2050-07-27 17:00:00,0.0,0.0
2050-07-27 18:00:00,0.0,0.0
2050-07-27 19:00:00,0.0,0.0
2050-07-27 20:00:00,0.0,0.0
2050-07-27 21:00:00,0.0,0.0
2050-07-27 22:00:00,0.0,0.0
2050-07-27 23:00:00,0.0,0.0
2050-07-28 00:00:00,0.0,0.0
2050-07-28 01:00:00,0.0,0.0
2050-07-28 02:00:00,0.0,23.880193756264948
2050-07-28 03:00:00,0.0,94.6524043430138
2050-07-28 04:00:00,0.0,169.76646833999266
2050-07-28 05:00:00,0.0,231.42078676525847
2050-07-28 06:00:00,0.0,279.61535961881145
2050-07-28 07:00:00,0.0,301.3246266699614
2050-07-28 08:00:00,0.0,303.4955533750764
2050-07-28 09:00:00,0.0,286.12813973415643
2050-07-28 10:00:00,0.0,248.78820040617845
2050-07-28 11:00:00,0.0,192.34410607318858
2050-07-28 12:00:00,0.0,120.26933946337074
2050-07-28 13:00:00,0.0,45.58946080741491
2050-07-28 14:00:00,0.0,0.0
2050-07-28 15:00:00,0.0,0.0
2050-07-28 16:00:00,0.0,0.0
2050-07-28 17:00:00,0.0,0.0
2050-07-28 18:00:00,0.0,0.0
2050-07-28 19:00:00,0.0,0.0
2050-07-28 20:00:00,0.0,0.0
2050-07-28 21:00:00,0.0,0.0
2050-07-28 22:00:00,0.0,0.0
2050-07-28 23:00:00,0.0,0.0
2050-07-29 00:00:00,0.0,0.0
2050-07-29 01:00:00,0.0,0.0
2050-07-29 02:00:00,0.0,22.143452392172954
2050-07-29 03:00:00,0.0,85.10032684050783
2050-07-29 04:00:00,0.0,143.7153478786127
2050-07-29 05:00:00,0.0,214.05337312433852
2050-07-29 06:00:00,0.0,268.3265407522134
2050-07-29 07:00:00,0.0,291.33836382643244
2050-07-29 08:00:00,0.0,295.2460318956394
2050-07-29 09:00:00,0.0,277.8786182547194
2050-07-29 10:00:00,0.0,233.1575281293505
2050-07-29 11:00:00,0.0,150.22812799395766
2050-07-29 12:00:00,0.0,59.48339172015087
2050-07-29 13:00:00,0.0,17.367413640919963
2050-07-29 14:00:00,0.0,0.0
2050-07-29 15:00:00,0.0,0.0
2050-07-29 16:00:00,0.0,0.0
2050-07-29 17:00:00,0.0,0.0
2050-07-29 18:00:00,0.0,0.0
2050-07-29 19:00:00,0.0,0.0
2050-07-29 20:00:00,0.0,0.0
2050-07-29 21:00:00,0.0,0.0
2050-07-29 22:00:00,0.0,0.0
2050-07-29 23:00:00,0.0,0.0
2050-07-30 00:00:00,0.0,0.0
2050-07-30 01:00:00,0.0,0.0
2050-07-30 02:00:00,0.0,17.801598981942963
2050-07-30 03:00:00,0.0,69.03546922265686
2050-07-30 04:00:00,0.0,145.8862745837277
2050-07-30 05:00:00,0.0,216.22429982945354
2050-07-30 06:00:00,0.0,258.34027790868447
2050-07-30 07:00:00,0.0,275.7076915496044
2050-07-30 08:00:00,0.0,275.2735062085814
2050-07-30 09:00:00,0.0,249.65657108822447
2050-07-30 10:00:00,0.0,196.2517741423956
2050-07-30 11:00:00,0.0,135.03164105815273
2050-07-30 12:00:00,0.0,66.86454251754186
2050-07-30 13:00:00,0.0,24.31437909728795
2050-07-30 14:00:00,0.0,0.0
2050-07-30 15:00:00,0.0,0.0
2050-07-30 16:00:00,0.0,0.0
2050-07-30 17:00:00,0.0,0.0
2050-07-30 18:00:00,0.0,0.0
2050-07-30 19:00:00,0.0,0.0
2050-07-30 20:00:00,0.0,0.0
2050-07-30 21:00:00,0.0,0.0
2050-07-30 22:00:00,0.0,0.0
2050-07-30 23:00:00,0.0,0.0
2050-07-31 00:00:00,0.0,0.0
2050-07-31 01:00:00,0.0,0.0
2050-07-31 02:00:00,0.0,17.367413640919963
2050-07-31 03:00:00,0.0,60.78594774321988
2050-07-31 04:00:00,0.0,108.54633525574978
2050-07-31 05:00:00,0.0,153.26742538111867
2050-07-31 06:00:00,0.0,194.08084743728062
2050-07-31 07:00:00,0.0,220.13196789866055
2050-07-31 08:00:00,0.0,232.2891574473045
2050-07-31 09:00:00,0.0,238.3677522216265
2050-07-31 10:00:00,0.0,211.01407573717756
2050-07-31 11:00:00,0.0,136.7683824222447
2050-07-31 12:00:00,0.0,54.27316762787489
2050-07-31 13:00:00,0.0,13.025560230689972
2050-07-31 14:00:00,0.0,0.0
2050-07-31 15:00:00,0.0,0.0
2050-07-31 16:00:00,0.0,0.0
2050-07-31 17:00:00,0.0,0.0
2050-07-31 18:00:00,0.0,0.0
2050-07-31 19:00:00,0.0,0.0
2050-07-31 20:00:00,0.0,0.0
2050-07-31 21:00:00,0.0,0.0
2050-07-31 22:00:00,0.0,0.0
2050-07-31 23:00:00,0.0,0.0
2050-08-01 00:00:00,0.0,0.0
2050-08-01 01:00:00,0.0,0.0
2050-08-01 02:00:00,0.0,20.840896369103955
2050-08-01 03:00:00,0.0,73.81150797390985
2050-08-01 04:00:00,0.0,127.21630491973875
2050-08-01 05:00:00,0.0,179.3185458424986
2050-08-01 06:00:00,0.0,226.21056267298252
2050-08-01 07:00:00,0.0,268.3265407522134
2050-08-01 08:00:00,0.0,291.7725491674554
2050-08-01 09:00:00,0.0,268.7607260932364
2050-08-01 10:00:00,0.0,226.21056267298252
2050-08-01 11:00:00,0.0,163.68787356567069
2050-08-01 12:00:00,0.0,87.70543888664584
2050-08-01 13:00:00,0.0,26.919491143425944
2050-08-01 14:00:00,0.0,0.0
2050-08-01 15:00:00,0.0,0.0
2050-08-01 16:00:00,0.0,0.0
2050-08-01 17:00:00,0.0,0.0
2050-08-01 18:00:00,0.0,0.0
2050-08-01 19:00:00,0.0,0.0
2050-08-01 20:00:00,0.0,0.0
2050-08-01 21:00:00,0.0,0.0
2050-08-01 22:00:00,0.0,0.0
2050-08-01 23:00:00,0.0,0.0
2050-08-02 00:00:00,0.0,0.0
2050-08-02 01:00:00,0.0,0.0
2050-08-02 02:00:00,0.0,10.854633525574977
2050-08-02 03:00:00,0.0,58.180835697081875
2050-08-02 04:00:00,0.0,128.51886094280775
2050-08-02 05:00:00,0.0,168.02972697590067
2050-08-02 06:00:00,0.0,187.56806732193562
2050-08-02 07:00:00,0.0,180.1869165245446
2050-08-02 08:00:00,0.0,168.89809765794664
2050-08-02 09:00:00,0.0,143.7153478786127
2050-08-02 10:00:00,0.0,120.26933946337074
2050-08-02 11:00:00,0.0,85.10032684050783
2050-08-02 12:00:00,0.0,48.6287581945759
2050-08-02 13:00:00,0.0,19.104155005011958
2050-08-02 14:00:00,0.0,0.0
2050-08-02 15:00:00,0.0,0.0
2050-08-02 16:00:00,0.0,0.0
2050-08-02 17:00:00,0.0,0.0
2050-08-02 18:00:00,0.0,0.0
2050-08-02 19:00:00,0.0,0.0
2050-08-02 20:00:00,0.0,0.0
2050-08-02 21:00:00,0.0,0.0
2050-08-02 22:00:00,0.0,0.0
2050-08-02 23:00:00,0.0,0.0
2050-08-03 00:00:00,0.0,0.0
2050-08-03 01:00:00,0.0,0.0
2050-08-03 02:00:00,0.0,11.288818866597977
2050-08-03 03:00:00,0.0,45.58946080741491
2050-08-03 04:00:00,0.0,82.92940013539283
2050-08-03 05:00:00,0.0,117.23004207620977
2050-08-03 06:00:00,0.0,159.34602015544067
2050-08-03 07:00:00,0.0,211.01407573717756
2050-08-03 08:00:00,0.0,260.51120461379946
2050-08-03 09:00:00,0.0,269.62909677528245
2050-08-03 10:00:00,0.0,235.32845483446553
2050-08-03 11:00:00,0.0,177.5818044784066
2050-08-03 12:00:00,0.0,108.11214991472677
2050-08-03 13:00:00,0.0,37.77412466900092
2050-08-03 14:00:00,0.0,0.0
2050-08-03 15:00:00,0.0,0.0
2050-08-03 16:00:00,0.0,0.0
2050-08-03 17:00:00,0.0,0.0
2050-08-03 18:00:00,0.0,0.0
2050-08-03 19:00:00,0.0,0.0
2050-08-03 20:00:00,0.0,0.0
2050-08-03 21:00:00,0.0,0.0
2050-08-03 22:00:00,0.0,0.0
2050-08-03 23:00:00,0.0,0.0
2050-08-04 00:00:00,0.0,0.0
2050-08-04 01:00:00,0.0,0.0
2050-08-04 02:00:00,0.0,19.104155005011958
2050-08-04 03:00:00,0.0,75.98243467902485
2050-08-04 04:00:00,0.0,148.0572012888427
2050-08-04 05:00:00,0.0,213.18500244229256
2050-08-04 06:00:00,0.0,270.4974674573284
2050-08-04 07:00:00,0.0,289.16743712131745
2050-08-04 08:00:00,0.0,281.78628632392645
2050-08-04 09:00:00,0.0,248.3540150651555
2050-08-04 10:00:00,0.0,211.01407573717756
2050-08-04 11:00:00,0.0,164.12205890669364
2050-08-04 12:00:00,0.0,100.73099911733578
2050-08-04 13:00:00,0.0,34.73482728183993
2050-08-04 14:00:00,0.0,0.0
2050-08-04 15:00:00,0.0,0.0
2050-08-04 16:00:00,0.0,0.0
2050-08-04 17:00:00,0.0,0.0
2050-08-04 18:00:00,0.0,0.0
2050-08-04 19:00:00,0.0,0.0
2050-08-04 20:00:00,0.0,0.0
2050-08-04 21:00:00,0.0,0.0
2050-08-04 22:00:00,0.0,0.0
2050-08-04 23:00:00,0.0,0.0
2050-08-05 00:00:00,0.0,0.0
2050-08-05 01:00:00,0.0,0.0
2050-08-05 02:00:00,0.0,8.683706820459982
2050-08-05 03:00:00,0.0,46.892016830483904
2050-08-05 04:00:00,0.0,108.98052059677278
2050-08-05 05:00:00,0.0,176.71343379636062
2050-08-05 06:00:00,0.0,222.73707994479852
2050-08-05 07:00:00,0.0,246.61727370106348
2050-08-05 08:00:00,0.0,251.82749779333946
2050-08-05 09:00:00,0.0,251.39331245231645
2050-08-05 10:00:00,0.0,213.18500244229256
2050-08-05 11:00:00,0.0,162.81950288362466
2050-08-05 12:00:00,0.0,97.69170173017478
2050-08-05 13:00:00,0.0,36.471568645931924
2050-08-05 14:00:00,0.0,0.0
2050-08-05 15:00:00,0.0,0.0
2050-08-05 16:00:00,0.0,0.0
2050-08-05 17:00:00,0.0,0.0
2050-08-05 18:00:00,0.0,0.0
2050-08-05 19:00:00,0.0,0.0
2050-08-05 20:00:00,0.0,0.0
2050-08-05 21:00:00,0.0,0.0
2050-08-05 22:00:00,0.0,0.0
2050-08-05 23:00:00,0.0,0.0
2050-08-06 00:00:00,0.0,0.0
2050-08-06 01:00:00,0.0,0.0
2050-08-06 02:00:00,0.0,13.025560230689972
2050-08-06 03:00:00,0.0,60.78594774321988
2050-08-06 04:00:00,0.0,124.61119287360073
2050-08-06 05:00:00,0.0,185.8313259578436
2050-08-06 06:00:00,0.0,230.1182307421895
2050-08-06 07:00:00,0.0,263.1163166599374
2050-08-06 08:00:00,0.0,274.4051355265354
2050-08-06 09:00:00,0.0,263.1163166599374
2050-08-06 10:00:00,0.0,226.21056267298252
2050-08-06 11:00:00,0.0,172.80576572715364
2050-08-06 12:00:00,0.0,106.37540855063477
2050-08-06 13:00:00,0.0,39.07668069206992
2050-08-06 14:00:00,0.0,0.0
2050-08-06 15:00:00,0.0,0.0
2050-08-06 16:00:00,0.0,0.0
2050-08-06 17:00:00,0.0,0.0
2050-08-06 18:00:00,0.0,0.0
2050-08-06 19:00:00,0.0,0.0
2050-08-06 20:00:00,0.0,0.0
2050-08-06 21:00:00,0.0,0.0
2050-08-06 22:00:00,0.0,0.0
2050-08-06 23:00:00,0.0,0.0
2050-08-07 00:00:00,0.0,0.0
2050-08-07 01:00:00,0.0,0.0
2050-08-07 02:00:00,0.0,12.157189548643975
2050-08-07 03:00:00,0.0,64.69361581242687
2050-08-07 04:00:00,0.0,139.37349446838272
2050-08-07 05:00:00,0.0,197.12014482444158
2050-08-07 06:00:00,0.0,236.6310108575345
2050-08-07 07:00:00,0.0,265.72142870607547
2050-08-07 08:00:00,0.0,274.4051355265354
2050-08-07 09:00:00,0.0,266.58979938812143
2050-08-07 10:00:00,0.0,226.64474801400553
2050-08-07 11:00:00,0.0,173.23995106817665
2050-08-07 12:00:00,0.0,108.98052059677278
2050-08-07 13:00:00,0.0,38.64249535104692
2050-08-07 14:00:00,0.0,0.0
2050-08-07 15:00:00,0.0,0.0
2050-08-07 16:00:00,0.0,0.0
2050-08-07 17:00:00,0.0,0.0
2050-08-07 18:00:00,0.0,0.0
2050-08-07 19:00:00,0.0,0.0
2050-08-07 20:00:00,0.0,0.0
2050-08-07 21:00:00,0.0,0.0
2050-08-07 22:00:00,0.0,0.0
2050-08-07 23:00:00,0.0,0.0
2050-08-08 00:00:00,0.0,0.0
2050-08-08 01:00:00,0.0,0.0
2050-08-08 02:00:00,0.0,14.762301594781968
2050-08-08 03:00:00,0.0,67.29872785856486
2050-08-08 04:00:00,0.0,130.25560230689973
2050-08-08 05:00:00,0.0,182.79202857068262
2050-08-08 06:00:00,0.0,239.67030824469552
2050-08-08 07:00:00,0.0,257.90609256766146
2050-08-08 08:00:00,0.0,261.81376063686844
2050-08-08 09:00:00,0.0,259.64283393175344
2050-08-08 10:00:00,0.0,230.1182307421895
2050-08-08 11:00:00,0.0,176.27924845533764
2050-08-08 12:00:00,0.0,100.73099911733578
2050-08-08 13:00:00,0.0,30.39297387160994
2050-08-08 14:00:00,0.0,0.0
2050-08-08 15:00:00,0.0,0.0
2050-08-08 16:00:00,0.0,0.0
2050-08-08 17:00:00,0.0,0.0
2050-08-08 18:00:00,0.0,0.0
2050-08-08 19:00:00,0.0,0.0
2050-08-08 20:00:00,0.0,0.0
2050-08-08 21:00:00,0.0,0.0
2050-08-08 22:00:00,0.0,0.0
2050-08-08 23:00:00,0.0,0.0
2050-08-09 00:00:00,0.0,0.0
2050-08-09 01:00:00,0.0,0.0
2050-08-09 02:00:00,0.0,13.459745571712972
2050-08-09 03:00:00,0.0,64.25943047140387
2050-08-09 04:00:00,0.0,131.12397298894572
2050-08-09 05:00:00,0.0,193.64666209625761
2050-08-09 06:00:00,0.0,269.19491143425944
2050-08-09 07:00:00,0.0,286.5623250751794
2050-08-09 08:00:00,0.0,283.0888423469954
2050-08-09 09:00:00,0.0,253.56423915743147
2050-08-09 10:00:00,0.0,212.75081710126955
2050-08-09 11:00:00,0.0,155.00416674521065
2050-08-09 12:00:00,0.0,88.57380956869181
2050-08-09 13:00:00,0.0,28.222047166494942
2050-08-09 14:00:00,0.0,0.0
2050-08-09 15:00:00,0.0,0.0
2050-08-09 16:00:00,0.0,0.0
2050-08-09 17:00:00,0.0,0.0
2050-08-09 18:00:00,0.0,0.0
2050-08-09 19:00:00,0.0,0.0
2050-08-09 20:00:00,0.0,0.0
2050-08-09 21:00:00,0.0,0.0
2050-08-09 22:00:00,0.0,0.0
2050-08-09 23:00:00,0.0,0.0
2050-08-10 00:00:00,0.0,0.0
2050-08-10 01:00:00,0.0,0.0
2050-08-10 02:00:00,0.0,14.762301594781968
2050-08-10 03:00:00,0.0,70.33802524572586
2050-08-10 04:00:00,0.0,139.37349446838272
2050-08-10 05:00:00,0.0,200.59362755262558
2050-08-10 06:00:00,0.0,263.98468734198343
2050-08-10 07:00:00,0.0,280.9179156418804
2050-08-10 08:00:00,0.0,277.8786182547194
2050-08-10 09:00:00,0.0,263.5505020009604
2050-08-10 10:00:00,0.0,225.77637733195954
2050-08-10 11:00:00,0.0,168.89809765794664
2050-08-10 12:00:00,0.0,95.9549603660828
2050-08-10 13:00:00,0.0,24.74856443831095
2050-08-10 14:00:00,0.0,0.0
2050-08-10 15:00:00,0.0,0.0
2050-08-10 16:00:00,0.0,0.0
2050-08-10 17:00:00,0.0,0.0
2050-08-10 18:00:00,0.0,0.0
2050-08-10 19:00:00,0.0,0.0
2050-08-10 20:00:00,0.0,0.0
2050-08-10 21:00:00,0.0,0.0
2050-08-10 22:00:00,0.0,0.0
2050-08-10 23:00:00,0.0,0.0
2050-08-11 00:00:00,0.0,0.0
2050-08-11 01:00:00,0.0,0.0
2050-08-11 02:00:00,0.0,15.19648693580497
2050-08-11 03:00:00,0.0,70.33802524572586
2050-08-11 04:00:00,0.0,138.07093844531371
2050-08-11 05:00:00,0.0,198.85688618853357
2050-08-11 06:00:00,0.0,251.39331245231645
2050-08-11 07:00:00,0.0,274.4051355265354
2050-08-11 08:00:00,0.0,273.97095018551244
2050-08-11 09:00:00,0.0,255.30098052152346
2050-08-11 10:00:00,0.0,216.22429982945354
2050-08-11 11:00:00,0.0,150.66231333498067
2050-08-11 12:00:00,0.0,70.33802524572586
2050-08-11 13:00:00,0.0,14.762301594781968
2050-08-11 14:00:00,0.0,0.0
2050-08-11 15:00:00,0.0,0.0
2050-08-11 16:00:00,0.0,0.0
2050-08-11 17:00:00,0.0,0.0
2050-08-11 18:00:00,0.0,0.0
2050-08-11 19:00:00,0.0,0.0
2050-08-11 20:00:00,0.0,0.0
2050-08-11 21:00:00,0.0,0.0
2050-08-11 22:00:00,0.0,0.0
2050-08-11 23:00:00,0.0,0.0
2050-08-12 00:00:00,0.0,0.0
2050-08-12 01:00:00,0.0,0.0
2050-08-12 02:00:00,0.0,4.77603875125299
2050-08-12 03:00:00,0.0,31.695529894678934
2050-08-12 04:00:00,0.0,72.07476660981786
2050-08-12 05:00:00,0.0,112.88818866597977
2050-08-12 06:00:00,0.0,148.4913866298657
2050-08-12 07:00:00,0.0,184.5287699347746
2050-08-12 08:00:00,0.0,196.2517741423956
2050-08-12 09:00:00,0.0,180.1869165245446
2050-08-12 10:00:00,0.0,159.34602015544067
2050-08-12 11:00:00,0.0,123.74282219155474
2050-08-12 12:00:00,0.0,77.28499070209384
2050-08-12 13:00:00,0.0,29.524603189563937
2050-08-12 14:00:00,0.0,0.0
2050-08-12 15:00:00,0.0,0.0
2050-08-12 16:00:00,0.0,0.0
2050-08-12 17:00:00,0.0,0.0
2050-08-12 18:00:00,0.0,0.0
2050-08-12 19:00:00,0.0,0.0
2050-08-12 20:00:00,0.0,0.0
2050-08-12 21:00:00,0.0,0.0
2050-08-12 22:00:00,0.0,0.0
2050-08-12 23:00:00,0.0,0.0
2050-08-13 00:00:00,0.0,0.0
2050-08-13 01:00:00,0.0,0.0
2050-08-13 02:00:00,0.0,17.801598981942963
2050-08-13 03:00:00,0.0,82.06102945334682
2050-08-13 04:00:00,0.0,153.26742538111867
2050-08-13 05:00:00,0.0,207.54059300899354
2050-08-13 06:00:00,0.0,246.1830883600405
2050-08-13 07:00:00,0.0,269.19491143425944
2050-08-13 08:00:00,0.0,266.58979938812143
2050-08-13 09:00:00,0.0,249.65657108822447
2050-08-13 10:00:00,0.0,211.01407573717756
2050-08-13 11:00:00,0.0,155.87253742725667
2050-08-13 12:00:00,0.0,93.78403366096781
2050-08-13 13:00:00,0.0,30.827159212632935
2050-08-13 14:00:00,0.0,0.0
2050-08-13 15:00:00,0.0,0.0
2050-08-13 16:00:00,0.0,0.0
2050-08-13 17:00:00,0.0,0.0
2050-08-13 18:00:00,0.0,0.0
2050-08-13 19:00:00,0.0,0.0
2050-08-13 20:00:00,0.0,0.0
2050-08-13 21:00:00,0.0,0.0
2050-08-13 22:00:00,0.0,0.0
2050-08-13 23:00:00,0.0,0.0
2050-08-14 00:00:00,0.0,0.0
2050-08-14 01:00:00,0.0,0.0
2050-08-14 02:00:00,0.0,12.591374889666973
2050-08-14 03:00:00,0.0,53.83898228685189
2050-08-14 04:00:00,0.0,98.1258870711978
2050-08-14 05:00:00,0.0,155.87253742725667
2050-08-14 06:00:00,0.0,220.13196789866055
2050-08-14 07:00:00,0.0,255.73516586254647
2050-08-14 08:00:00,0.0,256.6035365445925
2050-08-14 09:00:00,0.0,240.10449358571847
2050-08-14 10:00:00,0.0,207.97477835001655
2050-08-14 11:00:00,0.0,153.26742538111867
2050-08-14 12:00:00,0.0,88.57380956869181
2050-08-14 13:00:00,0.0,29.95878853058694
2050-08-14 14:00:00,0.0,0.0
2050-08-14 15:00:00,0.0,0.0
2050-08-14 16:00:00,0.0,0.0
2050-08-14 17:00:00,0.0,0.0
2050-08-14 18:00:00,0.0,0.0
2050-08-14 19:00:00,0.0,0.0
2050-08-14 20:00:00,0.0,0.0
2050-08-14 21:00:00,0.0,0.0
2050-08-14 22:00:00,0.0,0.0
2050-08-14 23:00:00,0.0,0.0
2050-08-15 00:00:00,0.0,0.0
2050-08-15 01:00:00,0.0,0.0
2050-08-15 02:00:00,0.0,19.972525687057956
2050-08-15 03:00:00,0.0,91.17892161482982
2050-08-15 04:00:00,0.0,169.33228299896965
2050-08-15 05:00:00,0.0,232.7233427883275
2050-08-15 06:00:00,0.0,273.5367648444894
2050-08-15 07:00:00,0.0,293.9434758725704
2050-08-15 08:00:00,0.0,294.37766121359346
2050-08-15 09:00:00,0.0,275.2735062085814
2050-08-15 10:00:00,0.0,238.3677522216265
2050-08-15 11:00:00,0.0,181.0552872065906
2050-08-15 12:00:00,0.0,108.54633525574978
2050-08-15 13:00:00,0.0,36.90575398695493
2050-08-15 14:00:00,0.0,0.0
2050-08-15 15:00:00,0.0,0.0
2050-08-15 16:00:00,0.0,0.0
2050-08-15 17:00:00,0.0,0.0
2050-08-15 18:00:00,0.0,0.0
2050-08-15 19:00:00,0.0,0.0
2050-08-15 20:00:00,0.0,0.0
2050-08-15 21:00:00,0.0,0.0
2050-08-15 22:00:00,0.0,0.0
2050-08-15 23:00:00,0.0,0.0
2050-08-16 00:00:00,0.0,0.0
2050-08-16 01:00:00,0.0,0.0
2050-08-16 02:00:00,0.0,16.933228299896964
2050-08-16 03:00:00,0.0,72.94313729186385
2050-08-16 04:00:00,0.0,155.00416674521065
2050-08-16 05:00:00,0.0,222.73707994479852
2050-08-16 06:00:00,0.0,262.6821313189144
2050-08-16 07:00:00,0.0,285.2597690521104
2050-08-16 08:00:00,0.0,289.6016224623404
2050-08-16 09:00:00,0.0,272.23420882142045
2050-08-16 10:00:00,0.0,236.6310108575345
2050-08-16 11:00:00,0.0,179.3185458424986
2050-08-16 12:00:00,0.0,106.37540855063477
2050-08-16 13:00:00,0.0,34.300641940816924
2050-08-16 14:00:00,0.0,0.0
2050-08-16 15:00:00,0.0,0.0
2050-08-16 16:00:00,0.0,0.0
2050-08-16 17:00:00,0.0,0.0
2050-08-16 18:00:00,0.0,0.0
2050-08-16 19:00:00,0.0,0.0
2050-08-16 20:00:00,0.0,0.0
2050-08-16 21:00:00,0.0,0.0
2050-08-16 22:00:00,0.0,0.0
2050-08-16 23:00:00,0.0,0.0
2050-08-17 00:00:00,0.0,0.0
2050-08-17 01:00:00,0.0,0.0
2050-08-17 02:00:00,0.0,9.117892161482981
2050-08-17 03:00:00,0.0,55.14153830992088
2050-08-17 04:00:00,0.0,135.4658263991757
2050-08-17 05:00:00,0.0,212.75081710126955
2050-08-17 06:00:00,0.0,264.41887268300644
2050-08-17 07:00:00,0.0,293.50929053154744
2050-08-17 08:00:00,0.0,300.4562559879153
2050-08-17 09:00:00,0.0,286.9965104162024
2050-08-17 10:00:00,0.0,251.39331245231645
2050-08-17 11:00:00,0.0,195.38340346034957
2050-08-17 12:00:00,0.0,121.57189548643973
2050-08-17 13:00:00,0.0,42.984348761276905
2050-08-17 14:00:00,0.0,0.0
2050-08-17 15:00:00,0.0,0.0
2050-08-17 16:00:00,0.0,0.0
2050-08-17 17:00:00,0.0,0.0
2050-08-17 18:00:00,0.0,0.0
2050-08-17 19:00:00,0.0,0.0
2050-08-17 20:00:00,0.0,0.0
2050-08-17 21:00:00,0.0,0.0
2050-08-17 22:00:00,0.0,0.0
2050-08-17 23:00:00,0.0,0.0
2050-08-18 00:00:00,0.0,0.0
2050-08-18 01:00:00,0.0,0.0
2050-08-18 02:00:00,0.0,20.40671102808096
2050-08-18 03:00:00,0.0,95.9549603660828
2050-08-18 04:00:00,0.0,176.71343379636062
2050-08-18 05:00:00,0.0,240.53867892674148
2050-08-18 06:00:00,0.0,280.9179156418804
2050-08-18 07:00:00,0.0,300.4562559879153
2050-08-18 08:00:00,0.0,302.19299735200735
2050-08-18 09:00:00,0.0,282.65465700597247
2050-08-18 10:00:00,0.0,244.4463469959485
2050-08-18 11:00:00,0.0,187.13388198091263
2050-08-18 12:00:00,0.0,113.32237400700276
2050-08-18 13:00:00,0.0,38.20831001002392
2050-08-18 14:00:00,0.0,0.0
2050-08-18 15:00:00,0.0,0.0
2050-08-18 16:00:00,0.0,0.0
2050-08-18 17:00:00,0.0,0.0
2050-08-18 18:00:00,0.0,0.0
2050-08-18 19:00:00,0.0,0.0
2050-08-18 20:00:00,0.0,0.0
2050-08-18 21:00:00,0.0,0.0
2050-08-18 22:00:00,0.0,0.0
2050-08-18 23:00:00,0.0,0.0
2050-08-19 00:00:00,0.0,0.0
2050-08-19 01:00:00,0.0,0.0
2050-08-19 02:00:00,0.0,19.972525687057956
2050-08-19 03:00:00,0.0,96.3891457071058
2050-08-19 04:00:00,0.0,179.7527311835216
2050-08-19 05:00:00,0.0,245.74890301901752
2050-08-19 06:00:00,0.0,289.16743712131745
2050-08-19 07:00:00,0.0,310.8767041724673
2050-08-19 08:00:00,0.0,313.48181621860533
2050-08-19 09:00:00,0.0,294.8118465546164
2050-08-19 10:00:00,0.0,257.90609256766146
2050-08-19 11:00:00,0.0,200.1594422116026
2050-08-19 12:00:00,0.0,124.17700753257775
2050-08-19 13:00:00,0.0,43.41853410229991
2050-08-19 14:00:00,0.0,0.0
2050-08-19 15:00:00,0.0,0.0
2050-08-19 16:00:00,0.0,0.0
2050-08-19 17:00:00,0.0,0.0
2050-08-19 18:00:00,0.0,0.0
2050-08-19 19:00:00,0.0,0.0
2050-08-19 20:00:00,0.0,0.0
2050-08-19 21:00:00,0.0,0.0
2050-08-19 22:00:00,0.0,0.0
2050-08-19 23:00:00,0.0,0.0
2050-08-20 00:00:00,0.0,0.0
2050-08-20 01:00:00,0.0,0.0
2050-08-20 02:00:00,0.0,20.40671102808096
2050-08-20 03:00:00,0.0,93.78403366096781
2050-08-20 04:00:00,0.0,181.0552872065906
2050-08-20 05:00:00,0.0,247.48564438310947
2050-08-20 06:00:00,0.0,292.20673450847846
2050-08-20 07:00:00,0.0,313.48181621860533
2050-08-20 08:00:00,0.0,316.5211136057664
2050-08-20 09:00:00,0.0,296.1144025776854
2050-08-20 10:00:00,0.0,258.7744632497075
2050-08-20 11:00:00,0.0,201.02781289364856
2050-08-20 12:00:00,0.0,125.47956355564672
2050-08-20 13:00:00,0.0,43.41853410229991
2050-08-20 14:00:00,0.0,0.0
2050-08-20 15:00:00,0.0,0.0
2050-08-20 16:00:00,0.0,0.0
2050-08-20 17:00:00,0.0,0.0
2050-08-20 18:00:00,0.0,0.0
2050-08-20 19:00:00,0.0,0.0
2050-08-20 20:00:00,0.0,0.0
2050-08-20 21:00:00,0.0,0.0
2050-08-20 22:00:00,0.0,0.0
2050-08-20 23:00:00,0.0,0.0
2050-08-21 00:00:00,0.0,0.0
2050-08-21 01:00:00,0.0,0.0
2050-08-21 02:00:00,0.0,18.669969663988958
2050-08-21 03:00:00,0.0,89.8763655917608
2050-08-21 04:00:00,0.0,170.20065368101567
2050-08-21 05:00:00,0.0,244.8805323369715
2050-08-21 06:00:00,0.0,290.9041784854094
2050-08-21 07:00:00,0.0,315.2185575826973
2050-08-21 08:00:00,0.0,317.8236696288354
2050-08-21 09:00:00,0.0,300.4562559879153
2050-08-21 10:00:00,0.0,262.24794597789145
2050-08-21 11:00:00,0.0,203.63292493978656
2050-08-21 12:00:00,0.0,126.34793423769274
2050-08-21 13:00:00,0.0,43.85271944332292
2050-08-21 14:00:00,0.0,0.0
2050-08-21 15:00:00,0.0,0.0
2050-08-21 16:00:00,0.0,0.0
2050-08-21 17:00:00,0.0,0.0
2050-08-21 18:00:00,0.0,0.0
2050-08-21 19:00:00,0.0,0.0
2050-08-21 20:00:00,0.0,0.0
2050-08-21 21:00:00,0.0,0.0
2050-08-21 22:00:00,0.0,0.0
2050-08-21 23:00:00,0.0,0.0
2050-08-22 00:00:00,0.0,0.0
2050-08-22 01:00:00,0.0,0.0
2050-08-22 02:00:00,0.0,19.972525687057956
2050-08-22 03:00:00,0.0,98.1258870711978
2050-08-22 04:00:00,0.0,181.0552872065906
2050-08-22 05:00:00,0.0,246.1830883600405
2050-08-22 06:00:00,0.0,289.16743712131745
2050-08-22 07:00:00,0.0,310.4425188314443
2050-08-22 08:00:00,0.0,311.74507485451335
2050-08-22 09:00:00,0.0,293.9434758725704
2050-08-22 10:00:00,0.0,256.1693512035695
2050-08-22 11:00:00,0.0,197.5543301654646
2050-08-22 12:00:00,0.0,121.13771014541675
2050-08-22 13:00:00,0.0,40.81342205616192
2050-08-22 14:00:00,0.0,0.0
2050-08-22 15:00:00,0.0,0.0
2050-08-22 16:00:00,0.0,0.0
2050-08-22 17:00:00,0.0,0.0
2050-08-22 18:00:00,0.0,0.0
2050-08-22 19:00:00,0.0,0.0
2050-08-22 20:00:00,0.0,0.0
2050-08-22 21:00:00,0.0,0.0
2050-08-22 22:00:00,0.0,0.0
2050-08-22 23:00:00,0.0,0.0
2050-08-23 00:00:00,0.0,0.0
2050-08-23 01:00:00,0.0,0.0
2050-08-23 02:00:00,0.0,19.972525687057956
2050-08-23 03:00:00,0.0,98.1258870711978
2050-08-23 04:00:00,0.0,180.1869165245446
2050-08-23 05:00:00,0.0,244.4463469959485
2050-08-23 06:00:00,0.0,286.9965104162024
2050-08-23 07:00:00,0.0,307.83740678530637
2050-08-23 08:00:00,0.0,308.70577746735233
2050-08-23 09:00:00,0.0,292.20673450847846
2050-08-23 10:00:00,0.0,254.4326098394775
2050-08-23 11:00:00,0.0,196.68595948341857
2050-08-23 12:00:00,0.0,121.13771014541675
2050-08-23 13:00:00,0.0,40.81342205616192
2050-08-23 14:00:00,0.0,0.0
2050-08-23 15:00:00,0.0,0.0
2050-08-23 16:00:00,0.0,0.0
2050-08-23 17:00:00,0.0,0.0
2050-08-23 18:00:00,0.0,0.0
2050-08-23 19:00:00,0.0,0.0
2050-08-23 20:00:00,0.0,0.0
2050-08-23 21:00:00,0.0,0.0
2050-08-23 22:00:00,0.0,0.0
2050-08-23 23:00:00,0.0,0.0
2050-08-24 00:00:00,0.0,0.0
2050-08-24 01:00:00,0.0,0.0
2050-08-24 02:00:00,0.0,20.840896369103955
2050-08-24 03:00:00,0.0,102.90192582245079
2050-08-24 04:00:00,0.0,187.13388198091263
2050-08-24 05:00:00,0.0,252.26168313436247
2050-08-24 06:00:00,0.0,293.9434758725704
2050-08-24 07:00:00,0.0,314.78437224167436
2050-08-24 08:00:00,0.0,315.6527429237204
2050-08-24 09:00:00,0.0,298.2853292828004
2050-08-24 10:00:00,0.0,260.9453899548225
2050-08-24 11:00:00,0.0,203.19873959876355
2050-08-24 12:00:00,0.0,126.34793423769274
2050-08-24 13:00:00,0.0,43.41853410229991
2050-08-24 14:00:00,0.0,0.0
2050-08-24 15:00:00,0.0,0.0
2050-08-24 16:00:00,0.0,0.0
2050-08-24 17:00:00,0.0,0.0
2050-08-24 18:00:00,0.0,0.0
2050-08-24 19:00:00,0.0,0.0
2050-08-24 20:00:00,0.0,0.0
2050-08-24 21:00:00,0.0,0.0
2050-08-24 22:00:00,0.0,0.0
2050-08-24 23:00:00,0.0,0.0
2050-08-25 00:00:00,0.0,0.0
2050-08-25 01:00:00,0.0,0.0
2050-08-25 02:00:00,0.0,21.27508171012696
2050-08-25 03:00:00,0.0,103.77029650449677
2050-08-25 04:00:00,0.0,187.13388198091263
2050-08-25 05:00:00,0.0,251.39331245231645
2050-08-25 06:00:00,0.0,292.20673450847846
2050-08-25 07:00:00,0.0,312.17926019553636
2050-08-25 08:00:00,0.0,312.61344553655937
2050-08-25 09:00:00,0.0,294.8118465546164
2050-08-25 10:00:00,0.0,257.0377218856155
2050-08-25 11:00:00,0.0,199.29107152955658
2050-08-25 12:00:00,0.0,123.30863685053174
2050-08-25 13:00:00,0.0,41.247607397184915
2050-08-25 14:00:00,0.0,0.0
2050-08-25 15:00:00,0.0,0.0
2050-08-25 16:00:00,0.0,0.0
2050-08-25 17:00:00,0.0,0.0
2050-08-25 18:00:00,0.0,0.0
2050-08-25 19:00:00,0.0,0.0
2050-08-25 20:00:00,0.0,0.0
2050-08-25 21:00:00,0.0,0.0
2050-08-25 22:00:00,0.0,0.0
2050-08-25 23:00:00,0.0,0.0
2050-08-26 00:00:00,0.0,0.0
2050-08-26 01:00:00,0.0,0.0
2050-08-26 02:00:00,0.0,19.104155005011958
2050-08-26 03:00:00,0.0,97.2575163891518
2050-08-26 04:00:00,0.0,179.3185458424986
2050-08-26 05:00:00,0.0,243.57797631390252
2050-08-26 06:00:00,0.0,284.3913983700644
2050-08-26 07:00:00,0.0,304.7981093981453
2050-08-26 08:00:00,0.0,305.6664800801914
2050-08-26 09:00:00,0.0,290.4699931443864
2050-08-26 10:00:00,0.0,253.13005381640846
2050-08-26 11:00:00,0.0,195.38340346034957
2050-08-26 12:00:00,0.0,118.96678344030174
2050-08-26 13:00:00,0.0,39.07668069206992
2050-08-26 14:00:00,0.0,0.0
2050-08-26 15:00:00,0.0,0.0
2050-08-26 16:00:00,0.0,0.0
2050-08-26 17:00:00,0.0,0.0
2050-08-26 18:00:00,0.0,0.0
2050-08-26 19:00:00,0.0,0.0
2050-08-26 20:00:00,0.0,0.0
2050-08-26 21:00:00,0.0,0.0
2050-08-26 22:00:00,0.0,0.0
2050-08-26 23:00:00,0.0,0.0
2050-08-27 00:00:00,0.0,0.0
2050-08-27 01:00:00,0.0,0.0
2050-08-27 02:00:00,0.0,9.552077502505979
2050-08-27 03:00:00,0.0,52.10224092275989
2050-08-27 04:00:00,0.0,103.77029650449677
2050-08-27 05:00:00,0.0,150.22812799395766
2050-08-27 06:00:00,0.0,191.4757353911426
2050-08-27 07:00:00,0.0,214.92174380638454
2050-08-27 08:00:00,0.0,225.77637733195954
2050-08-27 09:00:00,0.0,241.84123494981048
2050-08-27 10:00:00,0.0,234.46008415241954
2050-08-27 11:00:00,0.0,187.13388198091263
2050-08-27 12:00:00,0.0,115.49330071211776
2050-08-27 13:00:00,0.0,38.20831001002392
2050-08-27 14:00:00,0.0,0.0
2050-08-27 15:00:00,0.0,0.0
2050-08-27 16:00:00,0.0,0.0
2050-08-27 17:00:00,0.0,0.0
2050-08-27 18:00:00,0.0,0.0
2050-08-27 19:00:00,0.0,0.0
2050-08-27 20:00:00,0.0,0.0
2050-08-27 21:00:00,0.0,0.0
2050-08-27 22:00:00,0.0,0.0
2050-08-27 23:00:00,0.0,0.0
2050-08-28 00:00:00,0.0,0.0
2050-08-28 01:00:00,0.0,0.0
2050-08-28 02:00:00,0.0,17.367413640919963
2050-08-28 03:00:00,0.0,96.3891457071058
2050-08-28 04:00:00,0.0,185.3971406168206
2050-08-28 05:00:00,0.0,251.39331245231645
2050-08-28 06:00:00,0.0,293.0751051905244
2050-08-28 07:00:00,0.0,309.5741481493983
2050-08-28 08:00:00,0.0,292.6409198495014
2050-08-28 09:00:00,0.0,248.78820040617845
2050-08-28 10:00:00,0.0,196.68595948341857
2050-08-28 11:00:00,0.0,142.4127918555437
2050-08-28 12:00:00,0.0,90.31055093278381
2050-08-28 13:00:00,0.0,33.43227125877093
2050-08-28 14:00:00,0.0,0.0
2050-08-28 15:00:00,0.0,0.0
2050-08-28 16:00:00,0.0,0.0
2050-08-28 17:00:00,0.0,0.0
2050-08-28 18:00:00,0.0,0.0
2050-08-28 19:00:00,0.0,0.0
2050-08-28 20:00:00,0.0,0.0
2050-08-28 21:00:00,0.0,0.0
2050-08-28 22:00:00,0.0,0.0
2050-08-28 23:00:00,0.0,0.0
2050-08-29 00:00:00,0.0,0.0
2050-08-29 01:00:00,0.0,0.0
2050-08-29 02:00:00,0.0,17.801598981942963
2050-08-29 03:00:00,0.0,95.0865896840368
2050-08-29 04:00:00,0.0,175.84506311431463
2050-08-29 05:00:00,0.0,238.3677522216265
2050-08-29 06:00:00,0.0,274.8393208675584
2050-08-29 07:00:00,0.0,286.9965104162024
2050-08-29 08:00:00,0.0,289.6016224623404
2050-08-29 09:00:00,0.0,277.4444329136964
2050-08-29 10:00:00,0.0,246.61727370106348
2050-08-29 11:00:00,0.0,191.9099207321656
2050-08-29 12:00:00,0.0,116.79585673518676
2050-08-29 13:00:00,0.0,37.77412466900092
2050-08-29 14:00:00,0.0,0.0
2050-08-29 15:00:00,0.0,0.0
2050-08-29 16:00:00,0.0,0.0
2050-08-29 17:00:00,0.0,0.0
2050-08-29 18:00:00,0.0,0.0
2050-08-29 19:00:00,0.0,0.0
2050-08-29 20:00:00,0.0,0.0
2050-08-29 21:00:00,0.0,0.0
2050-08-29 22:00:00,0.0,0.0
2050-08-29 23:00:00,0.0,0.0
2050-08-30 00:00:00,0.0,0.0
2050-08-30 01:00:00,0.0,0.0
2050-08-30 02:00:00,0.0,12.591374889666973
2050-08-30 03:00:00,0.0,76.41662002004783
2050-08-30 04:00:00,0.0,166.72717095283164
2050-08-30 05:00:00,0.0,242.2754202908335
2050-08-30 06:00:00,0.0,289.6016224623404
2050-08-30 07:00:00,0.0,313.0476308775823
2050-08-30 08:00:00,0.0,313.48181621860533
2050-08-30 09:00:00,0.0,290.9041784854094
2050-08-30 10:00:00,0.0,245.3147176779945
2050-08-30 11:00:00,0.0,186.2655112988666
2050-08-30 12:00:00,0.0,113.32237400700276
2050-08-30 13:00:00,0.0,36.471568645931924
2050-08-30 14:00:00,0.0,0.0
2050-08-30 15:00:00,0.0,0.0
2050-08-30 16:00:00,0.0,0.0
2050-08-30 17:00:00,0.0,0.0
2050-08-30 18:00:00,0.0,0.0
2050-08-30 19:00:00,0.0,0.0
2050-08-30 20:00:00,0.0,0.0
2050-08-30 21:00:00,0.0,0.0
2050-08-30 22:00:00,0.0,0.0
2050-08-30 23:00:00,0.0,0.0
2050-08-31 00:00:00,0.0,0.0
2050-08-31 01:00:00,0.0,0.0
2050-08-31 02:00:00,0.0,14.762301594781968
2050-08-31 03:00:00,0.0,85.10032684050783
2050-08-31 04:00:00,0.0,171.06902436306166
2050-08-31 05:00:00,0.0,243.57797631390252
2050-08-31 06:00:00,0.0,289.16743712131745
2050-08-31 07:00:00,0.0,310.00833349042136
2050-08-31 08:00:00,0.0,311.74507485451335
2050-08-31 09:00:00,0.0,294.37766121359346
2050-08-31 10:00:00,0.0,256.6035365445925
2050-08-31 11:00:00,0.0,197.9885155064876
2050-08-31 12:00:00,0.0,121.13771014541675
2050-08-31 13:00:00,0.0,39.07668069206992
2050-08-31 14:00:00,0.0,0.0
2050-08-31 15:00:00,0.0,0.0
2050-08-31 16:00:00,0.0,0.0
2050-08-31 17:00:00,0.0,0.0
2050-08-31 18:00:00,0.0,0.0
2050-08-31 19:00:00,0.0,0.0
2050-08-31 20:00:00,0.0,0.0
2050-08-31 21:00:00,0.0,0.0
2050-08-31 22:00:00,0.0,0.0
2050-08-31 23:00:00,0.0,0.0
2050-09-01 00:00:00,0.0,0.0
2050-09-01 01:00:00,0.0,0.0
2050-09-01 02:00:00,0.0,17.367413640919963
2050-09-01 03:00:00,0.0,95.9549603660828
2050-09-01 04:00:00,0.0,179.7527311835216
2050-09-01 05:00:00,0.0,244.4463469959485
2050-09-01 06:00:00,0.0,288.7332517802944
2050-09-01 07:00:00,0.0,308.2715921263293
2050-09-01 08:00:00,0.0,302.6271826930303
2050-09-01 09:00:00,0.0,275.7076915496044
2050-09-01 10:00:00,0.0,232.7233427883275
2050-09-01 11:00:00,0.0,191.4757353911426
2050-09-01 12:00:00,0.0,119.40096878132475
2050-09-01 13:00:00,0.0,37.77412466900092
2050-09-01 14:00:00,0.0,0.0
2050-09-01 15:00:00,0.0,0.0
2050-09-01 16:00:00,0.0,0.0
2050-09-01 17:00:00,0.0,0.0
2050-09-01 18:00:00,0.0,0.0
2050-09-01 19:00:00,0.0,0.0
2050-09-01 20:00:00,0.0,0.0
2050-09-01 21:00:00,0.0,0.0
2050-09-01 22:00:00,0.0,0.0
2050-09-01 23:00:00,0.0,0.0
2050-09-02 00:00:00,0.0,0.0
2050-09-02 01:00:00,0.0,0.0
2050-09-02 02:00:00,0.0,9.986262843528978
2050-09-02 03:00:00,0.0,57.312465015035876
2050-09-02 04:00:00,0.0,113.32237400700276
2050-09-02 05:00:00,0.0,174.10832175022264
2050-09-02 06:00:00,0.0,220.13196789866055
2050-09-02 07:00:00,0.0,240.97286426776452
2050-09-02 08:00:00,0.0,233.1575281293505
2050-09-02 09:00:00,0.0,214.48755846536153
2050-09-02 10:00:00,0.0,204.9354809628556
2050-09-02 11:00:00,0.0,178.4501751604526
2050-09-02 12:00:00,0.0,112.01981798393376
2050-09-02 13:00:00,0.0,36.03738330490893
2050-09-02 14:00:00,0.0,0.0
2050-09-02 15:00:00,0.0,0.0
2050-09-02 16:00:00,0.0,0.0
2050-09-02 17:00:00,0.0,0.0
2050-09-02 18:00:00,0.0,0.0
2050-09-02 19:00:00,0.0,0.0
2050-09-02 20:00:00,0.0,0.0
2050-09-02 21:00:00,0.0,0.0
2050-09-02 22:00:00,0.0,0.0
2050-09-02 23:00:00,0.0,0.0
2050-09-03 00:00:00,0.0,0.0
2050-09-03 01:00:00,0.0,0.0
2050-09-03 02:00:00,0.0,11.723004207620976
2050-09-03 03:00:00,0.0,72.94313729186385
2050-09-03 04:00:00,0.0,160.21439083748663
2050-09-03 05:00:00,0.0,235.32845483446553
2050-09-03 06:00:00,0.0,286.12813973415643
2050-09-03 07:00:00,0.0,307.40322144428336
2050-09-03 08:00:00,0.0,310.00833349042136
2050-09-03 09:00:00,0.0,288.7332517802944
2050-09-03 10:00:00,0.0,247.05145904208646
2050-09-03 11:00:00,0.0,181.48947254761362
2050-09-03 12:00:00,0.0,103.33611116347377
2050-09-03 13:00:00,0.0,29.95878853058694
2050-09-03 14:00:00,0.0,0.0
2050-09-03 15:00:00,0.0,0.0
2050-09-03 16:00:00,0.0,0.0
2050-09-03 17:00:00,0.0,0.0
2050-09-03 18:00:00,0.0,0.0
2050-09-03 19:00:00,0.0,0.0
2050-09-03 20:00:00,0.0,0.0
2050-09-03 21:00:00,0.0,0.0
2050-09-03 22:00:00,0.0,0.0
2050-09-03 23:00:00,0.0,0.0
2050-09-04 00:00:00,0.0,0.0
2050-09-04 01:00:00,0.0,0.0
2050-09-04 02:00:00,0.0,13.025560230689972
2050-09-04 03:00:00,0.0,83.79777081743883
2050-09-04 04:00:00,0.0,180.1869165245446
2050-09-04 05:00:00,0.0,250.5249417702705
2050-09-04 06:00:00,0.0,294.37766121359346
2050-09-04 07:00:00,0.0,315.6527429237204
2050-09-04 08:00:00,0.0,316.5211136057664
2050-09-04 09:00:00,0.0,295.68021723666243
2050-09-04 10:00:00,0.0,257.47190722663845
2050-09-04 11:00:00,0.0,197.9885155064876
2050-09-04 12:00:00,0.0,119.83515412234776
2050-09-04 13:00:00,0.0,36.90575398695493
2050-09-04 14:00:00,0.0,0.0
2050-09-04 15:00:00,0.0,0.0
2050-09-04 16:00:00,0.0,0.0
2050-09-04 17:00:00,0.0,0.0
2050-09-04 18:00:00,0.0,0.0
2050-09-04 19:00:00,0.0,0.0
2050-09-04 20:00:00,0.0,0.0
2050-09-04 21:00:00,0.0,0.0
2050-09-04 22:00:00,0.0,0.0
2050-09-04 23:00:00,0.0,0.0
2050-09-05 00:00:00,0.0,0.0
2050-09-05 01:00:00,0.0,0.0
2050-09-05 02:00:00,0.0,7.815336138413984
2050-09-05 03:00:00,0.0,60.35176240219688
2050-09-05 04:00:00,0.0,141.5444211734977
2050-09-05 05:00:00,0.0,232.2891574473045
2050-09-05 06:00:00,0.0,281.35210098290344
2050-09-05 07:00:00,0.0,304.36392405712235
2050-09-05 08:00:00,0.0,304.36392405712235
2050-09-05 09:00:00,0.0,285.69395439313337
2050-09-05 10:00:00,0.0,247.48564438310947
2050-09-05 11:00:00,0.0,189.3048086860276
2050-09-05 12:00:00,0.0,112.01981798393376
2050-09-05 13:00:00,0.0,32.99808591774793
2050-09-05 14:00:00,0.0,0.0
2050-09-05 15:00:00,0.0,0.0
2050-09-05 16:00:00,0.0,0.0
2050-09-05 17:00:00,0.0,0.0
2050-09-05 18:00:00,0.0,0.0
2050-09-05 19:00:00,0.0,0.0
2050-09-05 20:00:00,0.0,0.0
2050-09-05 21:00:00,0.0,0.0
2050-09-05 22:00:00,0.0,0.0
2050-09-05 23:00:00,0.0,0.0
2050-09-06 00:00:00,0.0,0.0
2050-09-06 01:00:00,0.0,0.0
2050-09-06 02:00:00,0.0,12.591374889666973
2050-09-06 03:00:00,0.0,76.85080536107084
2050-09-06 04:00:00,0.0,150.22812799395766
2050-09-06 05:00:00,0.0,216.65848517047655
2050-09-06 06:00:00,0.0,268.7607260932364
2050-09-06 07:00:00,0.0,297.41695860075436
2050-09-06 08:00:00,0.0,299.1536999648464
2050-09-06 09:00:00,0.0,283.95721302904144
2050-09-06 10:00:00,0.0,247.05145904208646
2050-09-06 11:00:00,0.0,188.4364380039816
2050-09-06 12:00:00,0.0,112.45400332495676
2050-09-06 13:00:00,0.0,32.99808591774793
2050-09-06 14:00:00,0.0,0.0
2050-09-06 15:00:00,0.0,0.0
2050-09-06 16:00:00,0.0,0.0
2050-09-06 17:00:00,0.0,0.0
2050-09-06 18:00:00,0.0,0.0
2050-09-06 19:00:00,0.0,0.0
2050-09-06 20:00:00,0.0,0.0
2050-09-06 21:00:00,0.0,0.0
2050-09-06 22:00:00,0.0,0.0
2050-09-06 23:00:00,0.0,0.0
2050-09-07 00:00:00,0.0,0.0
2050-09-07 01:00:00,0.0,0.0
2050-09-07 02:00:00,0.0,4.77603875125299
2050-09-07 03:00:00,0.0,44.28690478434591
2050-09-07 04:00:00,0.0,116.79585673518676
2050-09-07 05:00:00,0.0,213.18500244229256
2050-09-07 06:00:00,0.0,271.80002348039744
2050-09-07 07:00:00,0.0,289.6016224623404
2050-09-07 08:00:00,0.0,292.6409198495014
2050-09-07 09:00:00,0.0,280.9179156418804
2050-09-07 10:00:00,0.0,244.8805323369715
2050-09-07 11:00:00,0.0,187.13388198091263
2050-09-07 12:00:00,0.0,109.84889127881877
2050-09-07 13:00:00,0.0,29.524603189563937
2050-09-07 14:00:00,0.0,0.0
2050-09-07 15:00:00,0.0,0.0
2050-09-07 16:00:00,0.0,0.0
2050-09-07 17:00:00,0.0,0.0
2050-09-07 18:00:00,0.0,0.0
2050-09-07 19:00:00,0.0,0.0
2050-09-07 20:00:00,0.0,0.0
2050-09-07 21:00:00,0.0,0.0
2050-09-07 22:00:00,0.0,0.0
2050-09-07 23:00:00,0.0,0.0
2050-09-08 00:00:00,0.0,0.0
2050-09-08 01:00:00,0.0,0.0
2050-09-08 02:00:00,0.0,7.381150797390984
2050-09-08 03:00:00,0.0,49.4971288766219
2050-09-08 04:00:00,0.0,106.80959389165778
2050-09-08 05:00:00,0.0,173.23995106817665
2050-09-08 06:00:00,0.0,235.32845483446553
2050-09-08 07:00:00,0.0,282.2204716649494
2050-09-08 08:00:00,0.0,297.41695860075436
2050-09-08 09:00:00,0.0,276.14187689062743
2050-09-08 10:00:00,0.0,234.89426949344252
2050-09-08 11:00:00,0.0,171.93739504510762
2050-09-08 12:00:00,0.0,96.3891457071058
2050-09-08 13:00:00,0.0,23.880193756264948
2050-09-08 14:00:00,0.0,0.0
2050-09-08 15:00:00,0.0,0.0
2050-09-08 16:00:00,0.0,0.0
2050-09-08 17:00:00,0.0,0.0
2050-09-08 18:00:00,0.0,0.0
2050-09-08 19:00:00,0.0,0.0
2050-09-08 20:00:00,0.0,0.0
2050-09-08 21:00:00,0.0,0.0
2050-09-08 22:00:00,0.0,0.0
2050-09-08 23:00:00,0.0,0.0
2050-09-09 00:00:00,0.0,0.0
2050-09-09 01:00:00,0.0,0.0
2050-09-09 02:00:00,0.0,9.117892161482981
2050-09-09 03:00:00,0.0,67.29872785856486
2050-09-09 04:00:00,0.0,139.37349446838272
2050-09-09 05:00:00,0.0,204.06711028080957
2050-09-09 06:00:00,0.0,267.89235541119047
2050-09-09 07:00:00,0.0,293.9434758725704
2050-09-09 08:00:00,0.0,296.9827732597314
2050-09-09 09:00:00,0.0,282.2204716649494
2050-09-09 10:00:00,0.0,245.74890301901752
2050-09-09 11:00:00,0.0,184.9629552757976
2050-09-09 12:00:00,0.0,107.67796457370378
2050-09-09 13:00:00,0.0,31.261344553655935
2050-09-09 14:00:00,0.0,0.0
2050-09-09 15:00:00,0.0,0.0
2050-09-09 16:00:00,0.0,0.0
2050-09-09 17:00:00,0.0,0.0
2050-09-09 18:00:00,0.0,0.0
2050-09-09 19:00:00,0.0,0.0
2050-09-09 20:00:00,0.0,0.0
2050-09-09 21:00:00,0.0,0.0
2050-09-09 22:00:00,0.0,0.0
2050-09-09 23:00:00,0.0,0.0
2050-09-10 00:00:00,0.0,0.0
2050-09-10 01:00:00,0.0,0.0
2050-09-10 02:00:00,0.0,10.420448184551978
2050-09-10 03:00:00,0.0,66.43035717651887
2050-09-10 04:00:00,0.0,133.29489969406072
2050-09-10 05:00:00,0.0,174.10832175022264
2050-09-10 06:00:00,0.0,210.57989039615455
2050-09-10 07:00:00,0.0,229.68404540116651
2050-09-10 08:00:00,0.0,219.69778255763754
2050-09-10 09:00:00,0.0,207.10640766797056
2050-09-10 10:00:00,0.0,180.1869165245446
2050-09-10 11:00:00,0.0,131.12397298894572
2050-09-10 12:00:00,0.0,75.98243467902485
2050-09-10 13:00:00,0.0,19.104155005011958
2050-09-10 14:00:00,0.0,0.0
2050-09-10 15:00:00,0.0,0.0
2050-09-10 16:00:00,0.0,0.0
2050-09-10 17:00:00,0.0,0.0
2050-09-10 18:00:00,0.0,0.0
2050-09-10 19:00:00,0.0,0.0
2050-09-10 20:00:00,0.0,0.0
2050-09-10 21:00:00,0.0,0.0
2050-09-10 22:00:00,0.0,0.0
2050-09-10 23:00:00,0.0,0.0
2050-09-11 00:00:00,0.0,0.0
2050-09-11 01:00:00,0.0,0.0
2050-09-11 02:00:00,0.0,13.893930912735971
2050-09-11 03:00:00,0.0,90.31055093278381
2050-09-11 04:00:00,0.0,174.54250709124565
2050-09-11 05:00:00,0.0,244.01216165492548
2050-09-11 06:00:00,0.0,291.33836382643244
2050-09-11 07:00:00,0.0,314.78437224167436
2050-09-11 08:00:00,0.0,313.48181621860533
2050-09-11 09:00:00,0.0,281.78628632392645
2050-09-11 10:00:00,0.0,221.43452392172955
2050-09-11 11:00:00,0.0,132.86071435303774
2050-09-11 12:00:00,0.0,57.74665035605888
2050-09-11 13:00:00,0.0,10.420448184551978
2050-09-11 14:00:00,0.0,0.0
2050-09-11 15:00:00,0.0,0.0
2050-09-11 16:00:00,0.0,0.0
2050-09-11 17:00:00,0.0,0.0
2050-09-11 18:00:00,0.0,0.0
2050-09-11 19:00:00,0.0,0.0
2050-09-11 20:00:00,0.0,0.0
2050-09-11 21:00:00,0.0,0.0
2050-09-11 22:00:00,0.0,0.0
2050-09-11 23:00:00,0.0,0.0
2050-09-12 00:00:00,0.0,0.0
2050-09-12 01:00:00,0.0,0.0
2050-09-12 02:00:00,0.0,15.630672276827967
2050-09-12 03:00:00,0.0,100.29681377631279
2050-09-12 04:00:00,0.0,186.69969663988962
2050-09-12 05:00:00,0.0,253.13005381640846
2050-09-12 06:00:00,0.0,296.5485879187084
2050-09-12 07:00:00,0.0,316.08692826474334
2050-09-12 08:00:00,0.0,312.17926019553636
2050-09-12 09:00:00,0.0,290.9041784854094
2050-09-12 10:00:00,0.0,247.48564438310947
2050-09-12 11:00:00,0.0,190.1731793680736
2050-09-12 12:00:00,0.0,108.98052059677278
2050-09-12 13:00:00,0.0,26.919491143425944
2050-09-12 14:00:00,0.0,0.0
2050-09-12 15:00:00,0.0,0.0
2050-09-12 16:00:00,0.0,0.0
2050-09-12 17:00:00,0.0,0.0
2050-09-12 18:00:00,0.0,0.0
2050-09-12 19:00:00,0.0,0.0
2050-09-12 20:00:00,0.0,0.0
2050-09-12 21:00:00,0.0,0.0
2050-09-12 22:00:00,0.0,0.0
2050-09-12 23:00:00,0.0,0.0
2050-09-13 00:00:00,0.0,0.0
2050-09-13 01:00:00,0.0,0.0
2050-09-13 02:00:00,0.0,10.854633525574977
2050-09-13 03:00:00,0.0,86.40288286357682
2050-09-13 04:00:00,0.0,178.01598981942962
2050-09-13 05:00:00,0.0,247.05145904208646
2050-09-13 06:00:00,0.0,290.4699931443864
2050-09-13 07:00:00,0.0,309.5741481493983
2050-09-13 08:00:00,0.0,303.9297387160994
2050-09-13 09:00:00,0.0,266.58979938812143
2050-09-13 10:00:00,0.0,206.23803698592457
2050-09-13 11:00:00,0.0,141.5444211734977
2050-09-13 12:00:00,0.0,82.92940013539283
2050-09-13 13:00:00,0.0,26.919491143425944
2050-09-13 14:00:00,0.0,0.0
2050-09-13 15:00:00,0.0,0.0
2050-09-13 16:00:00,0.0,0.0
2050-09-13 17:00:00,0.0,0.0
2050-09-13 18:00:00,0.0,0.0
2050-09-13 19:00:00,0.0,0.0
2050-09-13 20:00:00,0.0,0.0
2050-09-13 21:00:00,0.0,0.0
2050-09-13 22:00:00,0.0,0.0
2050-09-13 23:00:00,0.0,0.0
2050-09-14 00:00:00,0.0,0.0
2050-09-14 01:00:00,0.0,0.0
2050-09-14 02:00:00,0.0,12.157189548643975
2050-09-14 03:00:00,0.0,85.96869752255381
2050-09-14 04:00:00,0.0,174.54250709124565
2050-09-14 05:00:00,0.0,243.57797631390252
2050-09-14 06:00:00,0.0,289.6016224623404
2050-09-14 07:00:00,0.0,314.78437224167436
2050-09-14 08:00:00,0.0,319.12622565190435
2050-09-14 09:00:00,0.0,303.0613680340534
2050-09-14 10:00:00,0.0,264.85305802402945
2050-09-14 11:00:00,0.0,204.50129562183258
2050-09-14 12:00:00,0.0,122.00608082746274
2050-09-14 13:00:00,0.0,32.99808591774793
2050-09-14 14:00:00,0.0,0.0
2050-09-14 15:00:00,0.0,0.0
2050-09-14 16:00:00,0.0,0.0
2050-09-14 17:00:00,0.0,0.0
2050-09-14 18:00:00,0.0,0.0
2050-09-14 19:00:00,0.0,0.0
2050-09-14 20:00:00,0.0,0.0
2050-09-14 21:00:00,0.0,0.0
2050-09-14 22:00:00,0.0,0.0
2050-09-14 23:00:00,0.0,0.0
2050-09-15 00:00:00,0.0,0.0
2050-09-15 01:00:00,0.0,0.0
2050-09-15 02:00:00,0.0,7.381150797390984
2050-09-15 03:00:00,0.0,69.90383990470286
2050-09-15 04:00:00,0.0,143.2811625375897
2050-09-15 05:00:00,0.0,174.97669243226866
2050-09-15 06:00:00,0.0,205.36966630387857
2050-09-15 07:00:00,0.0,227.94730403707453
2050-09-15 08:00:00,0.0,226.64474801400553
2050-09-15 09:00:00,0.0,180.62110186556762
2050-09-15 10:00:00,0.0,121.57189548643973
2050-09-15 11:00:00,0.0,74.24569331493285
2050-09-15 12:00:00,0.0,39.07668069206992
2050-09-15 13:00:00,0.0,9.986262843528978
2050-09-15 14:00:00,0.0,0.0
2050-09-15 15:00:00,0.0,0.0
2050-09-15 16:00:00,0.0,0.0
2050-09-15 17:00:00,0.0,0.0
2050-09-15 18:00:00,0.0,0.0
2050-09-15 19:00:00,0.0,0.0
2050-09-15 20:00:00,0.0,0.0
2050-09-15 21:00:00,0.0,0.0
2050-09-15 22:00:00,0.0,0.0
2050-09-15 23:00:00,0.0,0.0
2050-09-16 00:00:00,0.0,0.0
2050-09-16 01:00:00,0.0,0.0
2050-09-16 02:00:00,0.0,10.854633525574977
2050-09-16 03:00:00,0.0,87.70543888664584
2050-09-16 04:00:00,0.0,176.71343379636062
2050-09-16 05:00:00,0.0,244.01216165492548
2050-09-16 06:00:00,0.0,290.9041784854094
2050-09-16 07:00:00,0.0,316.5211136057664
2050-09-16 08:00:00,0.0,320.42878167497327
2050-09-16 09:00:00,0.0,303.0613680340534
2050-09-16 10:00:00,0.0,264.85305802402945
2050-09-16 11:00:00,0.0,203.63292493978656
2050-09-16 12:00:00,0.0,122.00608082746274
2050-09-16 13:00:00,0.0,34.300641940816924
2050-09-16 14:00:00,0.0,0.0
2050-09-16 15:00:00,0.0,0.0
2050-09-16 16:00:00,0.0,0.0
2050-09-16 17:00:00,0.0,0.0
2050-09-16 18:00:00,0.0,0.0
2050-09-16 19:00:00,0.0,0.0
2050-09-16 20:00:00,0.0,0.0
2050-09-16 21:00:00,0.0,0.0
2050-09-16 22:00:00,0.0,0.0
2050-09-16 23:00:00,0.0,0.0
2050-09-17 00:00:00,0.0,0.0
2050-09-17 01:00:00,0.0,0.0
2050-09-17 02:00:00,0.0,12.591374889666973
2050-09-17 03:00:00,0.0,93.78403366096781
2050-09-17 04:00:00,0.0,183.2262139117056
2050-09-17 05:00:00,0.0,251.82749779333946
2050-09-17 06:00:00,0.0,298.71951462382333
2050-09-17 07:00:00,0.0,322.1655230390653
2050-09-17 08:00:00,0.0,324.33644974418036
2050-09-17 09:00:00,0.0,305.6664800801914
2050-09-17 10:00:00,0.0,266.1556140470984
2050-09-17 11:00:00,0.0,204.9354809628556
2050-09-17 12:00:00,0.0,122.87445150950876
2050-09-17 13:00:00,0.0,34.300641940816924
2050-09-17 14:00:00,0.0,0.0
2050-09-17 15:00:00,0.0,0.0
2050-09-17 16:00:00,0.0,0.0
2050-09-17 17:00:00,0.0,0.0
2050-09-17 18:00:00,0.0,0.0
2050-09-17 19:00:00,0.0,0.0
2050-09-17 20:00:00,0.0,0.0
2050-09-17 21:00:00,0.0,0.0
2050-09-17 22:00:00,0.0,0.0
2050-09-17 23:00:00,0.0,0.0
2050-09-18 00:00:00,0.0,0.0
2050-09-18 01:00:00,0.0,0.0
2050-09-18 02:00:00,0.0,11.723004207620976
2050-09-18 03:00:00,0.0,91.17892161482982
2050-09-18 04:00:00,0.0,180.1869165245446
2050-09-18 05:00:00,0.0,244.8805323369715
2050-09-18 06:00:00,0.0,293.50929053154744
2050-09-18 07:00:00,0.0,317.3894842878123
2050-09-18 08:00:00,0.0,320.42878167497327
2050-09-18 09:00:00,0.0,301.75881201098434
2050-09-18 10:00:00,0.0,262.6821313189144
2050-09-18 11:00:00,0.0,201.89618357569458
2050-09-18 12:00:00,0.0,118.09841275825575
2050-09-18 13:00:00,0.0,32.12971523570194
2050-09-18 14:00:00,0.0,0.0
2050-09-18 15:00:00,0.0,0.0
2050-09-18 16:00:00,0.0,0.0
2050-09-18 17:00:00,0.0,0.0
2050-09-18 18:00:00,0.0,0.0
2050-09-18 19:00:00,0.0,0.0
2050-09-18 20:00:00,0.0,0.0
2050-09-18 21:00:00,0.0,0.0
2050-09-18 22:00:00,0.0,0.0
2050-09-18 23:00:00,0.0,0.0
2050-09-19 00:00:00,0.0,0.0
2050-09-19 01:00:00,0.0,0.0
2050-09-19 02:00:00,0.0,13.893930912735971
2050-09-19 03:00:00,0.0,97.2575163891518
2050-09-19 04:00:00,0.0,189.7389940270506
2050-09-19 05:00:00,0.0,257.0377218856155
2050-09-19 06:00:00,0.0,297.8511439417774
2050-09-19 07:00:00,0.0,320.86296701599633
2050-09-19 08:00:00,0.0,323.0338937211113
2050-09-19 09:00:00,0.0,306.9690361032604
2050-09-19 10:00:00,0.0,267.89235541119047
2050-09-19 11:00:00,0.0,206.67222232694755
2050-09-19 12:00:00,0.0,124.61119287360073
2050-09-19 13:00:00,0.0,34.73482728183993
2050-09-19 14:00:00,0.0,0.0
2050-09-19 15:00:00,0.0,0.0
2050-09-19 16:00:00,0.0,0.0
2050-09-19 17:00:00,0.0,0.0
2050-09-19 18:00:00,0.0,0.0
2050-09-19 19:00:00,0.0,0.0
2050-09-19 20:00:00,0.0,0.0
2050-09-19 21:00:00,0.0,0.0
2050-09-19 22:00:00,0.0,0.0
2050-09-19 23:00:00,0.0,0.0
2050-09-20 00:00:00,0.0,0.0
2050-09-20 01:00:00,0.0,0.0
2050-09-20 02:00:00,0.0,13.025560230689972
2050-09-20 03:00:00,0.0,95.0865896840368
2050-09-20 04:00:00,0.0,188.4364380039816
2050-09-20 05:00:00,0.0,256.6035365445925
2050-09-20 06:00:00,0.0,302.19299735200735
2050-09-20 07:00:00,0.0,323.9022644031573
2050-09-20 08:00:00,0.0,325.63900576724933
2050-09-20 09:00:00,0.0,305.23229473916837
2050-09-20 10:00:00,0.0,266.1556140470984
2050-09-20 11:00:00,0.0,204.9354809628556
2050-09-20 12:00:00,0.0,123.30863685053174
2050-09-20 13:00:00,0.0,33.86645659979393
2050-09-20 14:00:00,0.0,0.0
2050-09-20 15:00:00,0.0,0.0
2050-09-20 16:00:00,0.0,0.0
2050-09-20 17:00:00,0.0,0.0
2050-09-20 18:00:00,0.0,0.0
2050-09-20 19:00:00,0.0,0.0
2050-09-20 20:00:00,0.0,0.0
2050-09-20 21:00:00,0.0,0.0
2050-09-20 22:00:00,0.0,0.0
2050-09-20 23:00:00,0.0,0.0
2050-09-21 00:00:00,0.0,0.0
2050-09-21 01:00:00,0.0,0.0
2050-09-21 02:00:00,0.0,12.591374889666973
2050-09-21 03:00:00,0.0,96.82333104812881
2050-09-21 04:00:00,0.0,186.69969663988962
2050-09-21 05:00:00,0.0,255.73516586254647
2050-09-21 06:00:00,0.0,297.41695860075436
2050-09-21 07:00:00,0.0,319.5604109929273
2050-09-21 08:00:00,0.0,320.42878167497327
2050-09-21 09:00:00,0.0,301.3246266699614
2050-09-21 10:00:00,0.0,262.24794597789145
2050-09-21 11:00:00,0.0,201.02781289364856
2050-09-21 12:00:00,0.0,119.83515412234776
2050-09-21 13:00:00,0.0,31.695529894678934
2050-09-21 14:00:00,0.0,0.0
2050-09-21 15:00:00,0.0,0.0
2050-09-21 16:00:00,0.0,0.0
2050-09-21 17:00:00,0.0,0.0
2050-09-21 18:00:00,0.0,0.0
2050-09-21 19:00:00,0.0,0.0
2050-09-21 20:00:00,0.0,0.0
2050-09-21 21:00:00,0.0,0.0
2050-09-21 22:00:00,0.0,0.0
2050-09-21 23:00:00,0.0,0.0
2050-09-22 00:00:00,0.0,0.0
2050-09-22 01:00:00,0.0,0.0
2050-09-22 02:00:00,0.0,12.157189548643975
2050-09-22 03:00:00,0.0,96.82333104812881
2050-09-22 04:00:00,0.0,186.2655112988666
2050-09-22 05:00:00,0.0,255.30098052152346
2050-09-22 06:00:00,0.0,300.4562559879153
2050-09-22 07:00:00,0.0,322.5997083800883
2050-09-22 08:00:00,0.0,324.7706350852033
2050-09-22 09:00:00,0.0,303.4955533750764
2050-09-22 10:00:00,0.0,263.98468734198343
2050-09-22 11:00:00,0.0,202.3303689167176
2050-09-22 12:00:00,0.0,119.40096878132475
2050-09-22 13:00:00,0.0,30.827159212632935
2050-09-22 14:00:00,0.0,0.0
2050-09-22 15:00:00,0.0,0.0
2050-09-22 16:00:00,0.0,0.0
2050-09-22 17:00:00,0.0,0.0
2050-09-22 18:00:00,0.0,0.0
2050-09-22 19:00:00,0.0,0.0
2050-09-22 20:00:00,0.0,0.0
2050-09-22 21:00:00,0.0,0.0
2050-09-22 22:00:00,0.0,0.0
2050-09-22 23:00:00,0.0,0.0
2050-09-23 00:00:00,0.0,0.0
2050-09-23 01:00:00,0.0,0.0
2050-09-23 02:00:00,0.0,11.288818866597977
2050-09-23 03:00:00,0.0,91.6131069558528
2050-09-23 04:00:00,0.0,178.4501751604526
2050-09-23 05:00:00,0.0,246.61727370106348
2050-09-23 06:00:00,0.0,291.33836382643244
2050-09-23 07:00:00,0.0,314.35018690065135
2050-09-23 08:00:00,0.0,315.2185575826973
2050-09-23 09:00:00,0.0,296.5485879187084
2050-09-23 10:00:00,0.0,256.1693512035695
2050-09-23 11:00:00,0.0,191.9099207321656
2050-09-23 12:00:00,0.0,106.37540855063477
2050-09-23 13:00:00,0.0,23.880193756264948
2050-09-23 14:00:00,0.0,0.0
2050-09-23 15:00:00,0.0,0.0
2050-09-23 16:00:00,0.0,0.0
2050-09-23 17:00:00,0.0,0.0
2050-09-23 18:00:00,0.0,0.0
2050-09-23 19:00:00,0.0,0.0
2050-09-23 20:00:00,0.0,0.0
2050-09-23 21:00:00,0.0,0.0
2050-09-23 22:00:00,0.0,0.0
2050-09-23 23:00:00,0.0,0.0
2050-09-24 00:00:00,0.0,0.0
2050-09-24 01:00:00,0.0,0.0
2050-09-24 02:00:00,0.0,8.249521479436982
2050-09-24 03:00:00,0.0,72.07476660981786
2050-09-24 04:00:00,0.0,143.7153478786127
2050-09-24 05:00:00,0.0,191.9099207321656
2050-09-24 06:00:00,0.0,221.43452392172955
2050-09-24 07:00:00,0.0,243.14379097287951
2050-09-24 08:00:00,0.0,250.5249417702705
2050-09-24 09:00:00,0.0,240.53867892674148
2050-09-24 10:00:00,0.0,217.96104119354555
2050-09-24 11:00:00,0.0,181.0552872065906
2050-09-24 12:00:00,0.0,108.98052059677278
2050-09-24 13:00:00,0.0,27.787861825471943
2050-09-24 14:00:00,0.0,0.0
2050-09-24 15:00:00,0.0,0.0
2050-09-24 16:00:00,0.0,0.0
2050-09-24 17:00:00,0.0,0.0
2050-09-24 18:00:00,0.0,0.0
2050-09-24 19:00:00,0.0,0.0
2050-09-24 20:00:00,0.0,0.0
2050-09-24 21:00:00,0.0,0.0
2050-09-24 22:00:00,0.0,0.0
2050-09-24 23:00:00,0.0,0.0
2050-09-25 00:00:00,0.0,0.0
2050-09-25 01:00:00,0.0,0.0
2050-09-25 02:00:00,0.0,6.946965456367986
2050-09-25 03:00:00,0.0,72.50895195084084
2050-09-25 04:00:00,0.0,160.21439083748663
2050-09-25 05:00:00,0.0,232.2891574473045
2050-09-25 06:00:00,0.0,288.2990664392714
2050-09-25 07:00:00,0.0,309.5741481493983
2050-09-25 08:00:00,0.0,311.31088951349034
2050-09-25 09:00:00,0.0,287.86488109824836
2050-09-25 10:00:00,0.0,247.91982972413248
2050-09-25 11:00:00,0.0,187.13388198091263
2050-09-25 12:00:00,0.0,105.50703786858878
2050-09-25 13:00:00,0.0,25.18274977933395
2050-09-25 14:00:00,0.0,0.0
2050-09-25 15:00:00,0.0,0.0
2050-09-25 16:00:00,0.0,0.0
2050-09-25 17:00:00,0.0,0.0
2050-09-25 18:00:00,0.0,0.0
2050-09-25 19:00:00,0.0,0.0
2050-09-25 20:00:00,0.0,0.0
2050-09-25 21:00:00,0.0,0.0
2050-09-25 22:00:00,0.0,0.0
2050-09-25 23:00:00,0.0,0.0
2050-09-26 00:00:00,0.0,0.0
2050-09-26 01:00:00,0.0,0.0
2050-09-26 02:00:00,0.0,6.512780115344986
2050-09-26 03:00:00,0.0,78.15336138413984
2050-09-26 04:00:00,0.0,171.06902436306166
2050-09-26 05:00:00,0.0,242.2754202908335
2050-09-26 06:00:00,0.0,290.03580780336335
2050-09-26 07:00:00,0.0,315.2185575826973
2050-09-26 08:00:00,0.0,321.7313376980423
2050-09-26 09:00:00,0.0,305.6664800801914
2050-09-26 10:00:00,0.0,268.7607260932364
2050-09-26 11:00:00,0.0,207.54059300899354
2050-09-26 12:00:00,0.0,124.61119287360073
2050-09-26 13:00:00,0.0,32.99808591774793
2050-09-26 14:00:00,0.0,0.0
2050-09-26 15:00:00,0.0,0.0
2050-09-26 16:00:00,0.0,0.0
2050-09-26 17:00:00,0.0,0.0
2050-09-26 18:00:00,0.0,0.0
2050-09-26 19:00:00,0.0,0.0
2050-09-26 20:00:00,0.0,0.0
2050-09-26 21:00:00,0.0,0.0
2050-09-26 22:00:00,0.0,0.0
2050-09-26 23:00:00,0.0,0.0
2050-09-27 00:00:00,0.0,0.0
2050-09-27 01:00:00,0.0,0.0
2050-09-27 02:00:00,0.0,10.420448184551978
2050-09-27 03:00:00,0.0,93.34984831994481
2050-09-27 04:00:00,0.0,182.35784322965964
2050-09-27 05:00:00,0.0,253.99842449845448
2050-09-27 06:00:00,0.0,299.1536999648464
2050-09-27 07:00:00,0.0,321.2971523570193
2050-09-27 08:00:00,0.0,321.7313376980423
2050-09-27 09:00:00,0.0,299.58788530586935
2050-09-27 10:00:00,0.0,252.26168313436247
2050-09-27 11:00:00,0.0,178.01598981942962
2050-09-27 12:00:00,0.0,94.2182190019908
2050-09-27 13:00:00,0.0,22.577637733195953
2050-09-27 14:00:00,0.0,0.0
2050-09-27 15:00:00,0.0,0.0
2050-09-27 16:00:00,0.0,0.0
2050-09-27 17:00:00,0.0,0.0
2050-09-27 18:00:00,0.0,0.0
2050-09-27 19:00:00,0.0,0.0
2050-09-27 20:00:00,0.0,0.0
2050-09-27 21:00:00,0.0,0.0
2050-09-27 22:00:00,0.0,0.0
2050-09-27 23:00:00,0.0,0.0
2050-09-28 00:00:00,0.0,0.0
2050-09-28 01:00:00,0.0,0.0
2050-09-28 02:00:00,0.0,6.078594774321988
2050-09-28 03:00:00,0.0,69.90383990470286
2050-09-28 04:00:00,0.0,169.76646833999266
2050-09-28 05:00:00,0.0,244.8805323369715
2050-09-28 06:00:00,0.0,292.20673450847846
2050-09-28 07:00:00,0.0,314.78437224167436
2050-09-28 08:00:00,0.0,316.95529894678936
2050-09-28 09:00:00,0.0,299.58788530586935
2050-09-28 10:00:00,0.0,263.5505020009604
2050-09-28 11:00:00,0.0,205.36966630387857
2050-09-28 12:00:00,0.0,124.17700753257775
2050-09-28 13:00:00,0.0,32.56390057672493
2050-09-28 14:00:00,0.0,0.0
2050-09-28 15:00:00,0.0,0.0
2050-09-28 16:00:00,0.0,0.0
2050-09-28 17:00:00,0.0,0.0
2050-09-28 18:00:00,0.0,0.0
2050-09-28 19:00:00,0.0,0.0
2050-09-28 20:00:00,0.0,0.0
2050-09-28 21:00:00,0.0,0.0
2050-09-28 22:00:00,0.0,0.0
2050-09-28 23:00:00,0.0,0.0
2050-09-29 00:00:00,0.0,0.0
2050-09-29 01:00:00,0.0,0.0
2050-09-29 02:00:00,0.0,10.420448184551978
2050-09-29 03:00:00,0.0,95.0865896840368
2050-09-29 04:00:00,0.0,184.0945845937516
2050-09-29 05:00:00,0.0,252.26168313436247
2050-09-29 06:00:00,0.0,296.5485879187084
2050-09-29 07:00:00,0.0,319.12622565190435
2050-09-29 08:00:00,0.0,321.2971523570193
2050-09-29 09:00:00,0.0,304.36392405712235
2050-09-29 10:00:00,0.0,264.85305802402945
2050-09-29 11:00:00,0.0,202.3303689167176
2050-09-29 12:00:00,0.0,119.40096878132475
2050-09-29 13:00:00,0.0,29.524603189563937
2050-09-29 14:00:00,0.0,0.0
2050-09-29 15:00:00,0.0,0.0
2050-09-29 16:00:00,0.0,0.0
2050-09-29 17:00:00,0.0,0.0
2050-09-29 18:00:00,0.0,0.0
2050-09-29 19:00:00,0.0,0.0
2050-09-29 20:00:00,0.0,0.0
2050-09-29 21:00:00,0.0,0.0
2050-09-29 22:00:00,0.0,0.0
2050-09-29 23:00:00,0.0,0.0
2050-09-30 00:00:00,0.0,0.0
2050-09-30 01:00:00,0.0,0.0
2050-09-30 02:00:00,0.0,8.249521479436982
2050-09-30 03:00:00,0.0,87.70543888664584
2050-09-30 04:00:00,0.0,179.3185458424986
2050-09-30 05:00:00,0.0,248.78820040617845
2050-09-30 06:00:00,0.0,293.50929053154744
2050-09-30 07:00:00,0.0,316.5211136057664
2050-09-30 08:00:00,0.0,318.69204031088134
2050-09-30 09:00:00,0.0,300.4562559879153
2050-09-30 10:00:00,0.0,261.3795752958454
2050-09-30 11:00:00,0.0,199.72525687057959
2050-09-30 12:00:00,0.0,116.79585673518676
2050-09-30 13:00:00,0.0,28.222047166494942
2050-09-30 14:00:00,0.0,0.0
2050-09-30 15:00:00,0.0,0.0
2050-09-30 16:00:00,0.0,0.0
2050-09-30 17:00:00,0.0,0.0
2050-09-30 18:00:00,0.0,0.0
2050-09-30 19:00:00,0.0,0.0
2050-09-30 20:00:00,0.0,0.0
2050-09-30 21:00:00,0.0,0.0
2050-09-30 22:00:00,0.0,0.0
2050-09-30 23:00:00,0.0,0.0
2050-10-01 00:00:00,0.0,0.0
2050-10-01 01:00:00,0.0,0.0
2050-10-01 02:00:00,0.0,8.683706820459982
2050-10-01 03:00:00,0.0,89.8763655917608
2050-10-01 04:00:00,0.0,179.7527311835216
2050-10-01 05:00:00,0.0,248.78820040617845
2050-10-01 06:00:00,0.0,293.50929053154744
2050-10-01 07:00:00,0.0,316.08692826474334
2050-10-01 08:00:00,0.0,318.25785496985833
2050-10-01 09:00:00,0.0,299.1536999648464
2050-10-01 10:00:00,0.0,258.7744632497075
2050-10-01 11:00:00,0.0,195.81758880137258
2050-10-01 12:00:00,0.0,112.01981798393376
2050-10-01 13:00:00,0.0,25.18274977933395
2050-10-01 14:00:00,0.0,0.0
2050-10-01 15:00:00,0.0,0.0
2050-10-01 16:00:00,0.0,0.0
2050-10-01 17:00:00,0.0,0.0
2050-10-01 18:00:00,0.0,0.0
2050-10-01 19:00:00,0.0,0.0
2050-10-01 20:00:00,0.0,0.0
2050-10-01 21:00:00,0.0,0.0
2050-10-01 22:00:00,0.0,0.0
2050-10-01 23:00:00,0.0,0.0
2050-10-02 00:00:00,0.0,0.0
2050-10-02 01:00:00,0.0,0.0
2050-10-02 02:00:00,0.0,6.946965456367986
2050-10-02 03:00:00,0.0,84.23195615846183
2050-10-02 04:00:00,0.0,174.54250709124565
2050-10-02 05:00:00,0.0,244.8805323369715
2050-10-02 06:00:00,0.0,292.20673450847846
2050-10-02 07:00:00,0.0,315.2185575826973
2050-10-02 08:00:00,0.0,317.3894842878123
2050-10-02 09:00:00,0.0,299.58788530586935
2050-10-02 10:00:00,0.0,259.64283393175344
2050-10-02 11:00:00,0.0,196.68595948341857
2050-10-02 12:00:00,0.0,112.88818866597977
2050-10-02 13:00:00,0.0,25.18274977933395
2050-10-02 14:00:00,0.0,0.0
2050-10-02 15:00:00,0.0,0.0
2050-10-02 16:00:00,0.0,0.0
2050-10-02 17:00:00,0.0,0.0
2050-10-02 18:00:00,0.0,0.0
2050-10-02 19:00:00,0.0,0.0
2050-10-02 20:00:00,0.0,0.0
2050-10-02 21:00:00,0.0,0.0
2050-10-02 22:00:00,0.0,0.0
2050-10-02 23:00:00,0.0,0.0
2050-10-03 00:00:00,0.0,0.0
2050-10-03 01:00:00,0.0,0.0
2050-10-03 02:00:00,0.0,7.815336138413984
2050-10-03 03:00:00,0.0,87.27125354562283
2050-10-03 04:00:00,0.0,177.14761913738363
2050-10-03 05:00:00,0.0,246.61727370106348
2050-10-03 06:00:00,0.0,293.0751051905244
2050-10-03 07:00:00,0.0,315.2185575826973
2050-10-03 08:00:00,0.0,316.95529894678936
2050-10-03 09:00:00,0.0,296.9827732597314
2050-10-03 10:00:00,0.0,255.73516586254647
2050-10-03 11:00:00,0.0,191.9099207321656
2050-10-03 12:00:00,0.0,108.11214991472677
2050-10-03 13:00:00,0.0,23.01182307421895
2050-10-03 14:00:00,0.0,0.0
2050-10-03 15:00:00,0.0,0.0
2050-10-03 16:00:00,0.0,0.0
2050-10-03 17:00:00,0.0,0.0
2050-10-03 18:00:00,0.0,0.0
2050-10-03 19:00:00,0.0,0.0
2050-10-03 20:00:00,0.0,0.0
2050-10-03 21:00:00,0.0,0.0
2050-10-03 22:00:00,0.0,0.0
2050-10-03 23:00:00,0.0,0.0
2050-10-04 00:00:00,0.0,0.0
2050-10-04 01:00:00,0.0,0.0
2050-10-04 02:00:00,0.0,6.946965456367986
2050-10-04 03:00:00,0.0,84.66614149948482
2050-10-04 04:00:00,0.0,174.10832175022264
2050-10-04 05:00:00,0.0,243.57797631390252
2050-10-04 06:00:00,0.0,290.03580780336335
2050-10-04 07:00:00,0.0,312.61344553655937
2050-10-04 08:00:00,0.0,314.35018690065135
2050-10-04 09:00:00,0.0,295.2460318956394
2050-10-04 10:00:00,0.0,253.99842449845448
2050-10-04 11:00:00,0.0,190.1731793680736
2050-10-04 12:00:00,0.0,105.94122320961178
2050-10-04 13:00:00,0.0,21.27508171012696
2050-10-04 14:00:00,0.0,0.0
2050-10-04 15:00:00,0.0,0.0
2050-10-04 16:00:00,0.0,0.0
2050-10-04 17:00:00,0.0,0.0
2050-10-04 18:00:00,0.0,0.0
2050-10-04 19:00:00,0.0,0.0
2050-10-04 20:00:00,0.0,0.0
2050-10-04 21:00:00,0.0,0.0
2050-10-04 22:00:00,0.0,0.0
2050-10-04 23:00:00,0.0,0.0
2050-10-05 00:00:00,0.0,0.0
2050-10-05 01:00:00,0.0,0.0
2050-10-05 02:00:00,0.0,5.644409433298988
2050-10-05 03:00:00,0.0,76.41662002004783
2050-10-05 04:00:00,0.0,170.20065368101567
2050-10-05 05:00:00,0.0,241.40704960878753
2050-10-05 06:00:00,0.0,292.6409198495014
2050-10-05 07:00:00,0.0,316.5211136057664
2050-10-05 08:00:00,0.0,318.25785496985833
2050-10-05 09:00:00,0.0,299.58788530586935
2050-10-05 10:00:00,0.0,257.90609256766146
2050-10-05 11:00:00,0.0,189.3048086860276
2050-10-05 12:00:00,0.0,102.4677404814278
2050-10-05 13:00:00,0.0,18.669969663988958
2050-10-05 14:00:00,0.0,0.0
2050-10-05 15:00:00,0.0,0.0
2050-10-05 16:00:00,0.0,0.0
2050-10-05 17:00:00,0.0,0.0
2050-10-05 18:00:00,0.0,0.0
2050-10-05 19:00:00,0.0,0.0
2050-10-05 20:00:00,0.0,0.0
2050-10-05 21:00:00,0.0,0.0
2050-10-05 22:00:00,0.0,0.0
2050-10-05 23:00:00,0.0,0.0
2050-10-06 00:00:00,0.0,0.0
2050-10-06 01:00:00,0.0,0.0
2050-10-06 02:00:00,0.0,4.341853410229991
2050-10-06 03:00:00,0.0,71.20639592777185
2050-10-06 04:00:00,0.0,164.55624424771665
2050-10-06 05:00:00,0.0,244.4463469959485
2050-10-06 06:00:00,0.0,291.7725491674554
2050-10-06 07:00:00,0.0,312.61344553655937
2050-10-06 08:00:00,0.0,313.48181621860533
2050-10-06 09:00:00,0.0,295.68021723666243
2050-10-06 10:00:00,0.0,254.8667951805005
2050-10-06 11:00:00,0.0,191.9099207321656
2050-10-06 12:00:00,0.0,105.94122320961178
2050-10-06 13:00:00,0.0,21.27508171012696
2050-10-06 14:00:00,0.0,0.0
2050-10-06 15:00:00,0.0,0.0
2050-10-06 16:00:00,0.0,0.0
2050-10-06 17:00:00,0.0,0.0
2050-10-06 18:00:00,0.0,0.0
2050-10-06 19:00:00,0.0,0.0
2050-10-06 20:00:00,0.0,0.0
2050-10-06 21:00:00,0.0,0.0
2050-10-06 22:00:00,0.0,0.0
2050-10-06 23:00:00,0.0,0.0
2050-10-07 00:00:00,0.0,0.0
2050-10-07 01:00:00,0.0,0.0
2050-10-07 02:00:00,0.0,4.77603875125299
2050-10-07 03:00:00,0.0,71.64058126879485
2050-10-07 04:00:00,0.0,171.50320970408464
2050-10-07 05:00:00,0.0,242.2754202908335
2050-10-07 06:00:00,0.0,290.9041784854094
2050-10-07 07:00:00,0.0,317.3894842878123
2050-10-07 08:00:00,0.0,321.2971523570193
2050-10-07 09:00:00,0.0,302.6271826930303
2050-10-07 10:00:00,0.0,263.5505020009604
2050-10-07 11:00:00,0.0,201.02781289364856
2050-10-07 12:00:00,0.0,115.05911537109475
2050-10-07 13:00:00,0.0,23.880193756264948
2050-10-07 14:00:00,0.0,0.0
2050-10-07 15:00:00,0.0,0.0
2050-10-07 16:00:00,0.0,0.0
2050-10-07 17:00:00,0.0,0.0
2050-10-07 18:00:00,0.0,0.0
2050-10-07 19:00:00,0.0,0.0
2050-10-07 20:00:00,0.0,0.0
2050-10-07 21:00:00,0.0,0.0
2050-10-07 22:00:00,0.0,0.0
2050-10-07 23:00:00,0.0,0.0
2050-10-08 00:00:00,0.0,0.0
2050-10-08 01:00:00,0.0,0.0
2050-10-08 02:00:00,0.0,5.644409433298988
2050-10-08 03:00:00,0.0,83.79777081743883
2050-10-08 04:00:00,0.0,171.50320970408464
2050-10-08 05:00:00,0.0,247.48564438310947
2050-10-08 06:00:00,0.0,296.1144025776854
2050-10-08 07:00:00,0.0,319.9945963339503
2050-10-08 08:00:00,0.0,322.5997083800883
2050-10-08 09:00:00,0.0,303.4955533750764
2050-10-08 10:00:00,0.0,263.5505020009604
2050-10-08 11:00:00,0.0,201.46199823467157
2050-10-08 12:00:00,0.0,117.66422741723277
2050-10-08 13:00:00,0.0,24.74856443831095
2050-10-08 14:00:00,0.0,0.0
2050-10-08 15:00:00,0.0,0.0
2050-10-08 16:00:00,0.0,0.0
2050-10-08 17:00:00,0.0,0.0
2050-10-08 18:00:00,0.0,0.0
2050-10-08 19:00:00,0.0,0.0
2050-10-08 20:00:00,0.0,0.0
2050-10-08 21:00:00,0.0,0.0
2050-10-08 22:00:00,0.0,0.0
2050-10-08 23:00:00,0.0,0.0
2050-10-09 00:00:00,0.0,0.0
2050-10-09 01:00:00,0.0,0.0
2050-10-09 02:00:00,0.0,7.381150797390984
2050-10-09 03:00:00,0.0,92.0472922968758
2050-10-09 04:00:00,0.0,184.5287699347746
2050-10-09 05:00:00,0.0,253.99842449845448
2050-10-09 06:00:00,0.0,299.1536999648464
2050-10-09 07:00:00,0.0,321.7313376980423
2050-10-09 08:00:00,0.0,324.33644974418036
2050-10-09 09:00:00,0.0,306.53485076223734
2050-10-09 10:00:00,0.0,267.45817007016745
2050-10-09 11:00:00,0.0,206.23803698592457
2050-10-09 12:00:00,0.0,122.44026616848572
2050-10-09 13:00:00,0.0,26.919491143425944
2050-10-09 14:00:00,0.0,0.0
2050-10-09 15:00:00,0.0,0.0
2050-10-09 16:00:00,0.0,0.0
2050-10-09 17:00:00,0.0,0.0
2050-10-09 18:00:00,0.0,0.0
2050-10-09 19:00:00,0.0,0.0
2050-10-09 20:00:00,0.0,0.0
2050-10-09 21:00:00,0.0,0.0
2050-10-09 22:00:00,0.0,0.0
2050-10-09 23:00:00,0.0,0.0
2050-10-10 00:00:00,0.0,0.0
2050-10-10 01:00:00,0.0,0.0
2050-10-10 02:00:00,0.0,7.381150797390984
2050-10-10 03:00:00,0.0,93.78403366096781
2050-10-10 04:00:00,0.0,187.13388198091263
2050-10-10 05:00:00,0.0,256.6035365445925
2050-10-10 06:00:00,0.0,301.3246266699614
2050-10-10 07:00:00,0.0,323.9022644031573
2050-10-10 08:00:00,0.0,325.63900576724933
2050-10-10 09:00:00,0.0,307.83740678530637
2050-10-10 10:00:00,0.0,268.7607260932364
2050-10-10 11:00:00,0.0,207.10640766797056
2050-10-10 12:00:00,0.0,122.87445150950876
2050-10-10 13:00:00,0.0,26.051120461379945
2050-10-10 14:00:00,0.0,0.0
2050-10-10 15:00:00,0.0,0.0
2050-10-10 16:00:00,0.0,0.0
2050-10-10 17:00:00,0.0,0.0
2050-10-10 18:00:00,0.0,0.0
2050-10-10 19:00:00,0.0,0.0
2050-10-10 20:00:00,0.0,0.0
2050-10-10 21:00:00,0.0,0.0
2050-10-10 22:00:00,0.0,0.0
2050-10-10 23:00:00,0.0,0.0
2050-10-11 00:00:00,0.0,0.0
2050-10-11 01:00:00,0.0,0.0
2050-10-11 02:00:00,0.0,4.77603875125299
2050-10-11 03:00:00,0.0,80.75847343027783
2050-10-11 04:00:00,0.0,175.84506311431463
2050-10-11 05:00:00,0.0,249.22238574720146
2050-10-11 06:00:00,0.0,296.1144025776854
2050-10-11 07:00:00,0.0,319.9945963339503
2050-10-11 08:00:00,0.0,323.0338937211113
2050-10-11 09:00:00,0.0,303.9297387160994
2050-10-11 10:00:00,0.0,262.6821313189144
2050-10-11 11:00:00,0.0,198.85688618853357
2050-10-11 12:00:00,0.0,114.19074468904877
2050-10-11 13:00:00,0.0,22.577637733195953
2050-10-11 14:00:00,0.0,0.0
2050-10-11 15:00:00,0.0,0.0
2050-10-11 16:00:00,0.0,0.0
2050-10-11 17:00:00,0.0,0.0
2050-10-11 18:00:00,0.0,0.0
2050-10-11 19:00:00,0.0,0.0
2050-10-11 20:00:00,0.0,0.0
2050-10-11 21:00:00,0.0,0.0
2050-10-11 22:00:00,0.0,0.0
2050-10-11 23:00:00,0.0,0.0
2050-10-12 00:00:00,0.0,0.0
2050-10-12 01:00:00,0.0,0.0
2050-10-12 02:00:00,0.0,4.77603875125299
2050-10-12 03:00:00,0.0,82.92940013539283
2050-10-12 04:00:00,0.0,175.84506311431463
2050-10-12 05:00:00,0.0,247.48564438310947
2050-10-12 06:00:00,0.0,293.9434758725704
2050-10-12 07:00:00,0.0,316.95529894678936
2050-10-12 08:00:00,0.0,318.69204031088134
2050-10-12 09:00:00,0.0,300.4562559879153
2050-10-12 10:00:00,0.0,260.07701927277645
2050-10-12 11:00:00,0.0,197.5543301654646
2050-10-12 12:00:00,0.0,112.88818866597977
2050-10-12 13:00:00,0.0,20.840896369103955
2050-10-12 14:00:00,0.0,0.0
2050-10-12 15:00:00,0.0,0.0
2050-10-12 16:00:00,0.0,0.0
2050-10-12 17:00:00,0.0,0.0
2050-10-12 18:00:00,0.0,0.0
2050-10-12 19:00:00,0.0,0.0
2050-10-12 20:00:00,0.0,0.0
2050-10-12 21:00:00,0.0,0.0
2050-10-12 22:00:00,0.0,0.0
2050-10-12 23:00:00,0.0,0.0
2050-10-13 00:00:00,0.0,0.0
2050-10-13 01:00:00,0.0,0.0
2050-10-13 02:00:00,0.0,5.210224092275989
2050-10-13 03:00:00,0.0,86.40288286357682
2050-10-13 04:00:00,0.0,180.62110186556762
2050-10-13 05:00:00,0.0,252.26168313436247
2050-10-13 06:00:00,0.0,296.1144025776854
2050-10-13 07:00:00,0.0,321.2971523570193
2050-10-13 08:00:00,0.0,323.9022644031573
2050-10-13 09:00:00,0.0,304.7981093981453
2050-10-13 10:00:00,0.0,264.41887268300644
2050-10-13 11:00:00,0.0,200.59362755262558
2050-10-13 12:00:00,0.0,114.62493003007175
2050-10-13 13:00:00,0.0,20.840896369103955
2050-10-13 14:00:00,0.0,0.0
2050-10-13 15:00:00,0.0,0.0
2050-10-13 16:00:00,0.0,0.0
2050-10-13 17:00:00,0.0,0.0
2050-10-13 18:00:00,0.0,0.0
2050-10-13 19:00:00,0.0,0.0
2050-10-13 20:00:00,0.0,0.0
2050-10-13 21:00:00,0.0,0.0
2050-10-13 22:00:00,0.0,0.0
2050-10-13 23:00:00,0.0,0.0
2050-10-14 00:00:00,0.0,0.0
2050-10-14 01:00:00,0.0,0.0
2050-10-14 02:00:00,0.0,1.3025560230689972
2050-10-14 03:00:00,0.0,53.40479694582889
2050-10-14 04:00:00,0.0,130.6897876479227
2050-10-14 05:00:00,0.0,203.63292493978656
2050-10-14 06:00:00,0.0,249.65657108822447
2050-10-14 07:00:00,0.0,275.7076915496044
2050-10-14 08:00:00,0.0,290.4699931443864
2050-10-14 09:00:00,0.0,280.0495449598344
2050-10-14 10:00:00,0.0,245.74890301901752
2050-10-14 11:00:00,0.0,189.3048086860276
2050-10-14 12:00:00,0.0,110.71726196086478
2050-10-14 13:00:00,0.0,18.669969663988958
2050-10-14 14:00:00,0.0,0.0
2050-10-14 15:00:00,0.0,0.0
2050-10-14 16:00:00,0.0,0.0
2050-10-14 17:00:00,0.0,0.0
2050-10-14 18:00:00,0.0,0.0
2050-10-14 19:00:00,0.0,0.0
2050-10-14 20:00:00,0.0,0.0
2050-10-14 21:00:00,0.0,0.0
2050-10-14 22:00:00,0.0,0.0
2050-10-14 23:00:00,0.0,0.0
2050-10-15 00:00:00,0.0,0.0
2050-10-15 01:00:00,0.0,0.0
2050-10-15 02:00:00,0.0,4.77603875125299
2050-10-15 03:00:00,0.0,83.36358547641582
2050-10-15 04:00:00,0.0,173.67413640919963
2050-10-15 05:00:00,0.0,250.5249417702705
2050-10-15 06:00:00,0.0,296.5485879187084
2050-10-15 07:00:00,0.0,320.42878167497327
2050-10-15 08:00:00,0.0,320.86296701599633
2050-10-15 09:00:00,0.0,303.0613680340534
2050-10-15 10:00:00,0.0,263.5505020009604
2050-10-15 11:00:00,0.0,202.3303689167176
2050-10-15 12:00:00,0.0,118.09841275825575
2050-10-15 13:00:00,0.0,21.709267051149954
2050-10-15 14:00:00,0.0,0.0
2050-10-15 15:00:00,0.0,0.0
2050-10-15 16:00:00,0.0,0.0
2050-10-15 17:00:00,0.0,0.0
2050-10-15 18:00:00,0.0,0.0
2050-10-15 19:00:00,0.0,0.0
2050-10-15 20:00:00,0.0,0.0
2050-10-15 21:00:00,0.0,0.0
2050-10-15 22:00:00,0.0,0.0
2050-10-15 23:00:00,0.0,0.0
2050-10-16 00:00:00,0.0,0.0
2050-10-16 01:00:00,0.0,0.0
2050-10-16 02:00:00,0.0,4.341853410229991
2050-10-16 03:00:00,0.0,84.23195615846183
2050-10-16 04:00:00,0.0,176.71343379636062
2050-10-16 05:00:00,0.0,246.61727370106348
2050-10-16 06:00:00,0.0,290.4699931443864
2050-10-16 07:00:00,0.0,314.78437224167436
2050-10-16 08:00:00,0.0,318.25785496985833
2050-10-16 09:00:00,0.0,300.4562559879153
2050-10-16 10:00:00,0.0,260.9453899548225
2050-10-16 11:00:00,0.0,198.85688618853357
2050-10-16 12:00:00,0.0,114.62493003007175
2050-10-16 13:00:00,0.0,19.972525687057956
2050-10-16 14:00:00,0.0,0.0
2050-10-16 15:00:00,0.0,0.0
2050-10-16 16:00:00,0.0,0.0
2050-10-16 17:00:00,0.0,0.0
2050-10-16 18:00:00,0.0,0.0
2050-10-16 19:00:00,0.0,0.0
2050-10-16 20:00:00,0.0,0.0
2050-10-16 21:00:00,0.0,0.0
2050-10-16 22:00:00,0.0,0.0
2050-10-16 23:00:00,0.0,0.0
2050-10-17 00:00:00,0.0,0.0
2050-10-17 01:00:00,0.0,0.0
2050-10-17 02:00:00,0.0,4.341853410229991
2050-10-17 03:00:00,0.0,86.83706820459982
2050-10-17 04:00:00,0.0,181.92365788863663
2050-10-17 05:00:00,0.0,252.69586847538548
2050-10-17 06:00:00,0.0,300.4562559879153
2050-10-17 07:00:00,0.0,323.9022644031573
2050-10-17 08:00:00,0.0,326.50737644929535
2050-10-17 09:00:00,0.0,306.53485076223734
2050-10-17 10:00:00,0.0,266.1556140470984
2050-10-17 11:00:00,0.0,202.3303689167176
2050-10-17 12:00:00,0.0,115.92748605314074
2050-10-17 13:00:00,0.0,19.972525687057956
2050-10-17 14:00:00,0.0,0.0
2050-10-17 15:00:00,0.0,0.0
2050-10-17 16:00:00,0.0,0.0
2050-10-17 17:00:00,0.0,0.0
2050-10-17 18:00:00,0.0,0.0
2050-10-17 19:00:00,0.0,0.0
2050-10-17 20:00:00,0.0,0.0
2050-10-17 21:00:00,0.0,0.0
2050-10-17 22:00:00,0.0,0.0
2050-10-17 23:00:00,0.0,0.0
2050-10-18 00:00:00,0.0,0.0
2050-10-18 01:00:00,0.0,0.0
2050-10-18 02:00:00,0.0,4.77603875125299
2050-10-18 03:00:00,0.0,89.00799490971481
2050-10-18 04:00:00,0.0,183.2262139117056
2050-10-18 05:00:00,0.0,254.4326098394775
2050-10-18 06:00:00,0.0,300.02207064689236
2050-10-18 07:00:00,0.0,323.46807906213434
2050-10-18 08:00:00,0.0,326.0731911082723
2050-10-18 09:00:00,0.0,307.83740678530637
2050-10-18 10:00:00,0.0,268.7607260932364
2050-10-18 11:00:00,0.0,206.23803698592457
2050-10-18 12:00:00,0.0,121.13771014541675
2050-10-18 13:00:00,0.0,21.709267051149954
2050-10-18 14:00:00,0.0,0.0
2050-10-18 15:00:00,0.0,0.0
2050-10-18 16:00:00,0.0,0.0
2050-10-18 17:00:00,0.0,0.0
2050-10-18 18:00:00,0.0,0.0
2050-10-18 19:00:00,0.0,0.0
2050-10-18 20:00:00,0.0,0.0
2050-10-18 21:00:00,0.0,0.0
2050-10-18 22:00:00,0.0,0.0
2050-10-18 23:00:00,0.0,0.0
2050-10-19 00:00:00,0.0,0.0
2050-10-19 01:00:00,0.0,0.0
2050-10-19 02:00:00,0.0,4.341853410229991
2050-10-19 03:00:00,0.0,88.57380956869181
2050-10-19 04:00:00,0.0,182.79202857068262
2050-10-19 05:00:00,0.0,253.13005381640846
2050-10-19 06:00:00,0.0,295.68021723666243
2050-10-19 07:00:00,0.0,319.9945963339503
2050-10-19 08:00:00,0.0,323.46807906213434
2050-10-19 09:00:00,0.0,304.36392405712235
2050-10-19 10:00:00,0.0,265.28724336505246
2050-10-19 11:00:00,0.0,202.7645542577406
2050-10-19 12:00:00,0.0,118.09841275825575
2050-10-19 13:00:00,0.0,20.40671102808096
2050-10-19 14:00:00,0.0,0.0
2050-10-19 15:00:00,0.0,0.0
2050-10-19 16:00:00,0.0,0.0
2050-10-19 17:00:00,0.0,0.0
2050-10-19 18:00:00,0.0,0.0
2050-10-19 19:00:00,0.0,0.0
2050-10-19 20:00:00,0.0,0.0
2050-10-19 21:00:00,0.0,0.0
2050-10-19 22:00:00,0.0,0.0
2050-10-19 23:00:00,0.0,0.0
2050-10-20 00:00:00,0.0,0.0
2050-10-20 01:00:00,0.0,0.0
2050-10-20 02:00:00,0.0,4.341853410229991
2050-10-20 03:00:00,0.0,88.13962422766882
2050-10-20 04:00:00,0.0,182.79202857068262
2050-10-20 05:00:00,0.0,253.56423915743147
2050-10-20 06:00:00,0.0,297.41695860075436
2050-10-20 07:00:00,0.0,320.86296701599633
2050-10-20 08:00:00,0.0,323.46807906213434
2050-10-20 09:00:00,0.0,305.23229473916837
2050-10-20 10:00:00,0.0,265.28724336505246
2050-10-20 11:00:00,0.0,202.7645542577406
2050-10-20 12:00:00,0.0,117.23004207620977
2050-10-20 13:00:00,0.0,19.104155005011958
2050-10-20 14:00:00,0.0,0.0
2050-10-20 15:00:00,0.0,0.0
2050-10-20 16:00:00,0.0,0.0
2050-10-20 17:00:00,0.0,0.0
2050-10-20 18:00:00,0.0,0.0
2050-10-20 19:00:00,0.0,0.0
2050-10-20 20:00:00,0.0,0.0
2050-10-20 21:00:00,0.0,0.0
2050-10-20 22:00:00,0.0,0.0
2050-10-20 23:00:00,0.0,0.0
2050-10-21 00:00:00,0.0,0.0
2050-10-21 01:00:00,0.0,0.0
2050-10-21 02:00:00,0.0,2.6051120461379944
2050-10-21 03:00:00,0.0,77.71917604311683
2050-10-21 04:00:00,0.0,171.93739504510762
2050-10-21 05:00:00,0.0,244.8805323369715
2050-10-21 06:00:00,0.0,293.50929053154744
2050-10-21 07:00:00,0.0,317.3894842878123
2050-10-21 08:00:00,0.0,320.42878167497327
2050-10-21 09:00:00,0.0,303.0613680340534
2050-10-21 10:00:00,0.0,263.98468734198343
2050-10-21 11:00:00,0.0,201.02781289364856
2050-10-21 12:00:00,0.0,115.49330071211776
2050-10-21 13:00:00,0.0,18.235784322965962
2050-10-21 14:00:00,0.0,0.0
2050-10-21 15:00:00,0.0,0.0
2050-10-21 16:00:00,0.0,0.0
2050-10-21 17:00:00,0.0,0.0
2050-10-21 18:00:00,0.0,0.0
2050-10-21 19:00:00,0.0,0.0
2050-10-21 20:00:00,0.0,0.0
2050-10-21 21:00:00,0.0,0.0
2050-10-21 22:00:00,0.0,0.0
2050-10-21 23:00:00,0.0,0.0
2050-10-22 00:00:00,0.0,0.0
2050-10-22 01:00:00,0.0,0.0
2050-10-22 02:00:00,0.0,2.6051120461379944
2050-10-22 03:00:00,0.0,77.28499070209384
2050-10-22 04:00:00,0.0,173.23995106817665
2050-10-22 05:00:00,0.0,247.05145904208646
2050-10-22 06:00:00,0.0,292.20673450847846
2050-10-22 07:00:00,0.0,317.3894842878123
2050-10-22 08:00:00,0.0,320.86296701599633
2050-10-22 09:00:00,0.0,302.6271826930303
2050-10-22 10:00:00,0.0,263.5505020009604
2050-10-22 11:00:00,0.0,200.59362755262558
2050-10-22 12:00:00,0.0,114.62493003007175
2050-10-22 13:00:00,0.0,17.367413640919963
2050-10-22 14:00:00,0.0,0.0
2050-10-22 15:00:00,0.0,0.0
2050-10-22 16:00:00,0.0,0.0
2050-10-22 17:00:00,0.0,0.0
2050-10-22 18:00:00,0.0,0.0
2050-10-22 19:00:00,0.0,0.0
2050-10-22 20:00:00,0.0,0.0
2050-10-22 21:00:00,0.0,0.0
2050-10-22 22:00:00,0.0,0.0
2050-10-22 23:00:00,0.0,0.0
2050-10-23 00:00:00,0.0,0.0
2050-10-23 01:00:00,0.0,0.0
2050-10-23 02:00:00,0.0,1.7367413640919964
2050-10-23 03:00:00,0.0,72.07476660981786
2050-10-23 04:00:00,0.0,165.42461492976267
2050-10-23 05:00:00,0.0,238.80193756264956
2050-10-23 06:00:00,0.0,285.69395439313337
2050-10-23 07:00:00,0.0,310.4425188314443
2050-10-23 08:00:00,0.0,313.48181621860533
2050-10-23 09:00:00,0.0,295.2460318956394
2050-10-23 10:00:00,0.0,255.30098052152346
2050-10-23 11:00:00,0.0,192.34410607318858
2050-10-23 12:00:00,0.0,108.11214991472677
2050-10-23 13:00:00,0.0,15.630672276827967
2050-10-23 14:00:00,0.0,0.0
2050-10-23 15:00:00,0.0,0.0
2050-10-23 16:00:00,0.0,0.0
2050-10-23 17:00:00,0.0,0.0
2050-10-23 18:00:00,0.0,0.0
2050-10-23 19:00:00,0.0,0.0
2050-10-23 20:00:00,0.0,0.0
2050-10-23 21:00:00,0.0,0.0
2050-10-23 22:00:00,0.0,0.0
2050-10-23 23:00:00,0.0,0.0
2050-10-24 00:00:00,0.0,0.0
2050-10-24 01:00:00,0.0,0.0
2050-10-24 02:00:00,0.0,2.1709267051149954
2050-10-24 03:00:00,0.0,78.15336138413984
2050-10-24 04:00:00,0.0,174.10832175022264
2050-10-24 05:00:00,0.0,246.1830883600405
2050-10-24 06:00:00,0.0,291.7725491674554
2050-10-24 07:00:00,0.0,316.08692826474334
2050-10-24 08:00:00,0.0,319.12622565190435
2050-10-24 09:00:00,0.0,300.8904413289383
2050-10-24 10:00:00,0.0,261.3795752958454
2050-10-24 11:00:00,0.0,198.85688618853357
2050-10-24 12:00:00,0.0,113.75655934802576
2050-10-24 13:00:00,0.0,16.499042958873964
2050-10-24 14:00:00,0.0,0.0
2050-10-24 15:00:00,0.0,0.0
2050-10-24 16:00:00,0.0,0.0
2050-10-24 17:00:00,0.0,0.0
2050-10-24 18:00:00,0.0,0.0
2050-10-24 19:00:00,0.0,0.0
2050-10-24 20:00:00,0.0,0.0
2050-10-24 21:00:00,0.0,0.0
2050-10-24 22:00:00,0.0,0.0
2050-10-24 23:00:00,0.0,0.0
2050-10-25 00:00:00,0.0,0.0
2050-10-25 01:00:00,0.0,0.0
2050-10-25 02:00:00,0.0,2.6051120461379944
2050-10-25 03:00:00,0.0,85.53451218153083
2050-10-25 04:00:00,0.0,182.35784322965964
2050-10-25 05:00:00,0.0,253.99842449845448
2050-10-25 06:00:00,0.0,299.1536999648464
2050-10-25 07:00:00,0.0,322.5997083800883
2050-10-25 08:00:00,0.0,324.7706350852033
2050-10-25 09:00:00,0.0,306.53485076223734
2050-10-25 10:00:00,0.0,266.1556140470984
2050-10-25 11:00:00,0.0,202.3303689167176
2050-10-25 12:00:00,0.0,115.92748605314074
2050-10-25 13:00:00,0.0,16.499042958873964
2050-10-25 14:00:00,0.0,0.0
2050-10-25 15:00:00,0.0,0.0
2050-10-25 16:00:00,0.0,0.0
2050-10-25 17:00:00,0.0,0.0
2050-10-25 18:00:00,0.0,0.0
2050-10-25 19:00:00,0.0,0.0
2050-10-25 20:00:00,0.0,0.0
2050-10-25 21:00:00,0.0,0.0
2050-10-25 22:00:00,0.0,0.0
2050-10-25 23:00:00,0.0,0.0
2050-10-26 00:00:00,0.0,0.0
2050-10-26 01:00:00,0.0,0.0
2050-10-26 02:00:00,0.0,2.1709267051149954
2050-10-26 03:00:00,0.0,85.10032684050783
2050-10-26 04:00:00,0.0,182.79202857068262
2050-10-26 05:00:00,0.0,254.4326098394775
2050-10-26 06:00:00,0.0,298.71951462382333
2050-10-26 07:00:00,0.0,321.2971523570193
2050-10-26 08:00:00,0.0,323.9022644031573
2050-10-26 09:00:00,0.0,305.23229473916837
2050-10-26 10:00:00,0.0,265.28724336505246
2050-10-26 11:00:00,0.0,201.89618357569458
2050-10-26 12:00:00,0.0,116.36167139416375
2050-10-26 13:00:00,0.0,16.06485761785097
2050-10-26 14:00:00,0.0,0.0
2050-10-26 15:00:00,0.0,0.0
2050-10-26 16:00:00,0.0,0.0
2050-10-26 17:00:00,0.0,0.0
2050-10-26 18:00:00,0.0,0.0
2050-10-26 19:00:00,0.0,0.0
2050-10-26 20:00:00,0.0,0.0
2050-10-26 21:00:00,0.0,0.0
2050-10-26 22:00:00,0.0,0.0
2050-10-26 23:00:00,0.0,0.0
2050-10-27 00:00:00,0.0,0.0
2050-10-27 01:00:00,0.0,0.0
2050-10-27 02:00:00,0.0,1.7367413640919964
2050-10-27 03:00:00,0.0,82.06102945334682
2050-10-27 04:00:00,0.0,178.4501751604526
2050-10-27 05:00:00,0.0,250.5249417702705
2050-10-27 06:00:00,0.0,296.1144025776854
2050-10-27 07:00:00,0.0,320.42878167497327
2050-10-27 08:00:00,0.0,323.0338937211113
2050-10-27 09:00:00,0.0,304.7981093981453
2050-10-27 10:00:00,0.0,265.28724336505246
2050-10-27 11:00:00,0.0,201.89618357569458
2050-10-27 12:00:00,0.0,115.49330071211776
2050-10-27 13:00:00,0.0,15.630672276827967
2050-10-27 14:00:00,0.0,0.0
2050-10-27 15:00:00,0.0,0.0
2050-10-27 16:00:00,0.0,0.0
2050-10-27 17:00:00,0.0,0.0
2050-10-27 18:00:00,0.0,0.0
2050-10-27 19:00:00,0.0,0.0
2050-10-27 20:00:00,0.0,0.0
2050-10-27 21:00:00,0.0,0.0
2050-10-27 22:00:00,0.0,0.0
2050-10-27 23:00:00,0.0,0.0
2050-10-28 00:00:00,0.0,0.0
2050-10-28 01:00:00,0.0,0.0
2050-10-28 02:00:00,0.0,1.3025560230689972
2050-10-28 03:00:00,0.0,75.98243467902485
2050-10-28 04:00:00,0.0,171.50320970408464
2050-10-28 05:00:00,0.0,244.01216165492548
2050-10-28 06:00:00,0.0,290.9041784854094
2050-10-28 07:00:00,0.0,314.78437224167436
2050-10-28 08:00:00,0.0,316.95529894678936
2050-10-28 09:00:00,0.0,298.2853292828004
2050-10-28 10:00:00,0.0,257.0377218856155
2050-10-28 11:00:00,0.0,191.9099207321656
2050-10-28 12:00:00,0.0,103.77029650449677
2050-10-28 13:00:00,0.0,12.157189548643975
2050-10-28 14:00:00,0.0,0.0
2050-10-28 15:00:00,0.0,0.0
2050-10-28 16:00:00,0.0,0.0
2050-10-28 17:00:00,0.0,0.0
2050-10-28 18:00:00,0.0,0.0
2050-10-28 19:00:00,0.0,0.0
2050-10-28 20:00:00,0.0,0.0
2050-10-28 21:00:00,0.0,0.0
2050-10-28 22:00:00,0.0,0.0
2050-10-28 23:00:00,0.0,0.0
2050-10-29 00:00:00,0.0,0.0
2050-10-29 01:00:00,0.0,0.0
2050-10-29 02:00:00,0.0,0.8683706820459982
2050-10-29 03:00:00,0.0,69.90383990470286
2050-10-29 04:00:00,0.0,168.89809765794664
2050-10-29 05:00:00,0.0,241.84123494981048
2050-10-29 06:00:00,0.0,285.69395439313337
2050-10-29 07:00:00,0.0,309.13996280837534
2050-10-29 08:00:00,0.0,310.4425188314443
2050-10-29 09:00:00,0.0,290.9041784854094
2050-10-29 10:00:00,0.0,248.78820040617845
2050-10-29 11:00:00,0.0,182.35784322965964
2050-10-29 12:00:00,0.0,92.9156629789218
2050-10-29 13:00:00,0.0,8.683706820459982
2050-10-29 14:00:00,0.0,0.0
2050-10-29 15:00:00,0.0,0.0
2050-10-29 16:00:00,0.0,0.0
2050-10-29 17:00:00,0.0,0.0
2050-10-29 18:00:00,0.0,0.0
2050-10-29 19:00:00,0.0,0.0
2050-10-29 20:00:00,0.0,0.0
2050-10-29 21:00:00,0.0,0.0
2050-10-29 22:00:00,0.0,0.0
2050-10-29 23:00:00,0.0,0.0
2050-10-30 00:00:00,0.0,0.0
2050-10-30 01:00:00,0.0,0.0
2050-10-30 02:00:00,0.0,0.4341853410229991
2050-10-30 03:00:00,0.0,73.37732263288686
2050-10-30 04:00:00,0.0,169.33228299896965
2050-10-30 05:00:00,0.0,241.40704960878753
2050-10-30 06:00:00,0.0,286.12813973415643
2050-10-30 07:00:00,0.0,308.2715921263293
2050-10-30 08:00:00,0.0,307.40322144428336
2050-10-30 09:00:00,0.0,273.1025795034664
2050-10-30 10:00:00,0.0,208.84314903206257
2050-10-30 11:00:00,0.0,129.82141696587672
2050-10-30 12:00:00,0.0,57.312465015035876
2050-10-30 13:00:00,0.0,4.341853410229991
2050-10-30 14:00:00,0.0,0.0
2050-10-30 15:00:00,0.0,0.0
2050-10-30 16:00:00,0.0,0.0
2050-10-30 17:00:00,0.0,0.0
2050-10-30 18:00:00,0.0,0.0
2050-10-30 19:00:00,0.0,0.0
2050-10-30 20:00:00,0.0,0.0
2050-10-30 21:00:00,0.0,0.0
2050-10-30 22:00:00,0.0,0.0
2050-10-30 23:00:00,0.0,0.0
2050-10-31 00:00:00,0.0,0.0
2050-10-31 01:00:00,0.0,0.0
2050-10-31 02:00:00,0.0,0.0
2050-10-31 03:00:00,0.0,51.66805558173689
2050-10-31 04:00:00,0.0,125.04537821462374
2050-10-31 05:00:00,0.0,199.29107152955658
2050-10-31 06:00:00,0.0,256.6035365445925
2050-10-31 07:00:00,0.0,280.0495449598344
2050-10-31 08:00:00,0.0,280.9179156418804
2050-10-31 09:00:00,0.0,264.41887268300644
2050-10-31 10:00:00,0.0,218.3952265345685
2050-10-31 11:00:00,0.0,151.09649867600368
2050-10-31 12:00:00,0.0,79.89010274823183
2050-10-31 13:00:00,0.0,6.078594774321988
2050-10-31 14:00:00,0.0,0.0
2050-10-31 15:00:00,0.0,0.0
2050-10-31 16:00:00,0.0,0.0
2050-10-31 17:00:00,0.0,0.0
2050-10-31 18:00:00,0.0,0.0
2050-10-31 19:00:00,0.0,0.0
2050-10-31 20:00:00,0.0,0.0
2050-10-31 21:00:00,0.0,0.0
2050-10-31 22:00:00,0.0,0.0
2050-10-31 23:00:00,0.0,0.0
2050-11-01 00:00:00,0.0,0.0
2050-11-01 01:00:00,0.0,0.0
2050-11-01 02:00:00,0.0,0.0
2050-11-01 03:00:00,0.0,59.48339172015087
2050-11-01 04:00:00,0.0,163.25368822464768
2050-11-01 05:00:00,0.0,230.98660142423552
2050-11-01 06:00:00,0.0,281.35210098290344
2050-11-01 07:00:00,0.0,316.08692826474334
2050-11-01 08:00:00,0.0,321.7313376980423
2050-11-01 09:00:00,0.0,304.36392405712235
2050-11-01 10:00:00,0.0,265.28724336505246
2050-11-01 11:00:00,0.0,203.19873959876355
2050-11-01 12:00:00,0.0,118.09841275825575
2050-11-01 13:00:00,0.0,14.762301594781968
2050-11-01 14:00:00,0.0,0.0
2050-11-01 15:00:00,0.0,0.0
2050-11-01 16:00:00,0.0,0.0
2050-11-01 17:00:00,0.0,0.0
2050-11-01 18:00:00,0.0,0.0
2050-11-01 19:00:00,0.0,0.0
2050-11-01 20:00:00,0.0,0.0
2050-11-01 21:00:00,0.0,0.0
2050-11-01 22:00:00,0.0,0.0
2050-11-01 23:00:00,0.0,0.0
2050-11-02 00:00:00,0.0,0.0
2050-11-02 01:00:00,0.0,0.0
2050-11-02 02:00:00,0.0,0.4341853410229991
2050-11-02 03:00:00,0.0,73.81150797390985
2050-11-02 04:00:00,0.0,168.46391231692365
2050-11-02 05:00:00,0.0,240.53867892674148
2050-11-02 06:00:00,0.0,288.2990664392714
2050-11-02 07:00:00,0.0,312.17926019553636
2050-11-02 08:00:00,0.0,315.2185575826973
2050-11-02 09:00:00,0.0,297.41695860075436
2050-11-02 10:00:00,0.0,257.47190722663845
2050-11-02 11:00:00,0.0,194.5150327783036
2050-11-02 12:00:00,0.0,109.41470593779576
2050-11-02 13:00:00,0.0,12.157189548643975
2050-11-02 14:00:00,0.0,0.0
2050-11-02 15:00:00,0.0,0.0
2050-11-02 16:00:00,0.0,0.0
2050-11-02 17:00:00,0.0,0.0
2050-11-02 18:00:00,0.0,0.0
2050-11-02 19:00:00,0.0,0.0
2050-11-02 20:00:00,0.0,0.0
2050-11-02 21:00:00,0.0,0.0
2050-11-02 22:00:00,0.0,0.0
2050-11-02 23:00:00,0.0,0.0
2050-11-03 00:00:00,0.0,0.0
2050-11-03 01:00:00,0.0,0.0
2050-11-03 02:00:00,0.0,0.0
2050-11-03 03:00:00,0.0,69.03546922265686
2050-11-03 04:00:00,0.0,164.55624424771665
2050-11-03 05:00:00,0.0,237.49938153958053
2050-11-03 06:00:00,0.0,286.5623250751794
2050-11-03 07:00:00,0.0,311.31088951349034
2050-11-03 08:00:00,0.0,314.35018690065135
2050-11-03 09:00:00,0.0,296.5485879187084
2050-11-03 10:00:00,0.0,257.47190722663845
2050-11-03 11:00:00,0.0,194.5150327783036
2050-11-03 12:00:00,0.0,108.98052059677278
2050-11-03 13:00:00,0.0,11.723004207620976
2050-11-03 14:00:00,0.0,0.0
2050-11-03 15:00:00,0.0,0.0
2050-11-03 16:00:00,0.0,0.0
2050-11-03 17:00:00,0.0,0.0
2050-11-03 18:00:00,0.0,0.0
2050-11-03 19:00:00,0.0,0.0
2050-11-03 20:00:00,0.0,0.0
2050-11-03 21:00:00,0.0,0.0
2050-11-03 22:00:00,0.0,0.0
2050-11-03 23:00:00,0.0,0.0
2050-11-04 00:00:00,0.0,0.0
2050-11-04 01:00:00,0.0,0.0
2050-11-04 02:00:00,0.0,0.0
2050-11-04 03:00:00,0.0,67.73291319958786
2050-11-04 04:00:00,0.0,163.68787356567069
2050-11-04 05:00:00,0.0,237.49938153958053
2050-11-04 06:00:00,0.0,283.0888423469954
2050-11-04 07:00:00,0.0,308.2715921263293
2050-11-04 08:00:00,0.0,311.74507485451335
2050-11-04 09:00:00,0.0,295.2460318956394
2050-11-04 10:00:00,0.0,254.8667951805005
2050-11-04 11:00:00,0.0,190.1731793680736
2050-11-04 12:00:00,0.0,102.4677404814278
2050-11-04 13:00:00,0.0,9.986262843528978
2050-11-04 14:00:00,0.0,0.0
2050-11-04 15:00:00,0.0,0.0
2050-11-04 16:00:00,0.0,0.0
2050-11-04 17:00:00,0.0,0.0
2050-11-04 18:00:00,0.0,0.0
2050-11-04 19:00:00,0.0,0.0
2050-11-04 20:00:00,0.0,0.0
2050-11-04 21:00:00,0.0,0.0
2050-11-04 22:00:00,0.0,0.0
2050-11-04 23:00:00,0.0,0.0
2050-11-05 00:00:00,0.0,0.0
2050-11-05 01:00:00,0.0,0.0
2050-11-05 02:00:00,0.0,0.0
2050-11-05 03:00:00,0.0,61.22013308424286
2050-11-05 04:00:00,0.0,161.08276151953265
2050-11-05 05:00:00,0.0,239.2361229036725
2050-11-05 06:00:00,0.0,286.5623250751794
2050-11-05 07:00:00,0.0,311.31088951349034
2050-11-05 08:00:00,0.0,313.48181621860533
2050-11-05 09:00:00,0.0,294.8118465546164
2050-11-05 10:00:00,0.0,253.56423915743147
2050-11-05 11:00:00,0.0,188.4364380039816
2050-11-05 12:00:00,0.0,100.29681377631279
2050-11-05 13:00:00,0.0,8.683706820459982
2050-11-05 14:00:00,0.0,0.0
2050-11-05 15:00:00,0.0,0.0
2050-11-05 16:00:00,0.0,0.0
2050-11-05 17:00:00,0.0,0.0
2050-11-05 18:00:00,0.0,0.0
2050-11-05 19:00:00,0.0,0.0
2050-11-05 20:00:00,0.0,0.0
2050-11-05 21:00:00,0.0,0.0
2050-11-05 22:00:00,0.0,0.0
2050-11-05 23:00:00,0.0,0.0
2050-11-06 00:00:00,0.0,0.0
2050-11-06 01:00:00,0.0,0.0
2050-11-06 02:00:00,0.0,0.0
2050-11-06 03:00:00,0.0,62.52268910731187
2050-11-06 04:00:00,0.0,154.56998140418767
2050-11-06 05:00:00,0.0,225.77637733195954
2050-11-06 06:00:00,0.0,283.0888423469954
2050-11-06 07:00:00,0.0,308.70577746735233
2050-11-06 08:00:00,0.0,310.8767041724673
2050-11-06 09:00:00,0.0,293.9434758725704
2050-11-06 10:00:00,0.0,253.56423915743147
2050-11-06 11:00:00,0.0,189.7389940270506
2050-11-06 12:00:00,0.0,103.77029650449677
2050-11-06 13:00:00,0.0,9.552077502505979
2050-11-06 14:00:00,0.0,0.0
2050-11-06 15:00:00,0.0,0.0
2050-11-06 16:00:00,0.0,0.0
2050-11-06 17:00:00,0.0,0.0
2050-11-06 18:00:00,0.0,0.0
2050-11-06 19:00:00,0.0,0.0
2050-11-06 20:00:00,0.0,0.0
2050-11-06 21:00:00,0.0,0.0
2050-11-06 22:00:00,0.0,0.0
2050-11-06 23:00:00,0.0,0.0
2050-11-07 00:00:00,0.0,0.0
2050-11-07 01:00:00,0.0,0.0
2050-11-07 02:00:00,0.0,0.0
2050-11-07 03:00:00,0.0,67.29872785856486
2050-11-07 04:00:00,0.0,161.95113220157864
2050-11-07 05:00:00,0.0,235.32845483446553
2050-11-07 06:00:00,0.0,285.69395439313337
2050-11-07 07:00:00,0.0,309.5741481493983
2050-11-07 08:00:00,0.0,313.0476308775823
2050-11-07 09:00:00,0.0,290.03580780336335
2050-11-07 10:00:00,0.0,249.22238574720146
2050-11-07 11:00:00,0.0,165.42461492976267
2050-11-07 12:00:00,0.0,79.02173206618583
2050-11-07 13:00:00,0.0,4.77603875125299
2050-11-07 14:00:00,0.0,0.0
2050-11-07 15:00:00,0.0,0.0
2050-11-07 16:00:00,0.0,0.0
2050-11-07 17:00:00,0.0,0.0
2050-11-07 18:00:00,0.0,0.0
2050-11-07 19:00:00,0.0,0.0
2050-11-07 20:00:00,0.0,0.0
2050-11-07 21:00:00,0.0,0.0
2050-11-07 22:00:00,0.0,0.0
2050-11-07 23:00:00,0.0,0.0
2050-11-08 00:00:00,0.0,0.0
2050-11-08 01:00:00,0.0,0.0
2050-11-08 02:00:00,0.0,0.0
2050-11-08 03:00:00,0.0,65.12780115344987
2050-11-08 04:00:00,0.0,159.34602015544067
2050-11-08 05:00:00,0.0,229.68404540116651
2050-11-08 06:00:00,0.0,283.0888423469954
2050-11-08 07:00:00,0.0,307.83740678530637
2050-11-08 08:00:00,0.0,297.8511439417774
2050-11-08 09:00:00,0.0,245.74890301901752
2050-11-08 10:00:00,0.0,199.72525687057959
2050-11-08 11:00:00,0.0,166.29298561180863
2050-11-08 12:00:00,0.0,91.17892161482982
2050-11-08 13:00:00,0.0,7.815336138413984
2050-11-08 14:00:00,0.0,0.0
2050-11-08 15:00:00,0.0,0.0
2050-11-08 16:00:00,0.0,0.0
2050-11-08 17:00:00,0.0,0.0
2050-11-08 18:00:00,0.0,0.0
2050-11-08 19:00:00,0.0,0.0
2050-11-08 20:00:00,0.0,0.0
2050-11-08 21:00:00,0.0,0.0
2050-11-08 22:00:00,0.0,0.0
2050-11-08 23:00:00,0.0,0.0
2050-11-09 00:00:00,0.0,0.0
2050-11-09 01:00:00,0.0,0.0
2050-11-09 02:00:00,0.0,0.0
2050-11-09 03:00:00,0.0,47.3262021715069
2050-11-09 04:00:00,0.0,149.79394265293467
2050-11-09 05:00:00,0.0,229.68404540116651
2050-11-09 06:00:00,0.0,273.1025795034664
2050-11-09 07:00:00,0.0,303.0613680340534
2050-11-09 08:00:00,0.0,313.91600155962834
2050-11-09 09:00:00,0.0,301.3246266699614
2050-11-09 10:00:00,0.0,261.81376063686844
2050-11-09 11:00:00,0.0,197.9885155064876
2050-11-09 12:00:00,0.0,111.58563264291077
2050-11-09 13:00:00,0.0,10.420448184551978
2050-11-09 14:00:00,0.0,0.0
2050-11-09 15:00:00,0.0,0.0
2050-11-09 16:00:00,0.0,0.0
2050-11-09 17:00:00,0.0,0.0
2050-11-09 18:00:00,0.0,0.0
2050-11-09 19:00:00,0.0,0.0
2050-11-09 20:00:00,0.0,0.0
2050-11-09 21:00:00,0.0,0.0
2050-11-09 22:00:00,0.0,0.0
2050-11-09 23:00:00,0.0,0.0
2050-11-10 00:00:00,0.0,0.0
2050-11-10 01:00:00,0.0,0.0
2050-11-10 02:00:00,0.0,0.0
2050-11-10 03:00:00,0.0,53.83898228685189
2050-11-10 04:00:00,0.0,159.78020549646365
2050-11-10 05:00:00,0.0,226.21056267298252
2050-11-10 06:00:00,0.0,290.9041784854094
2050-11-10 07:00:00,0.0,317.8236696288354
2050-11-10 08:00:00,0.0,320.86296701599633
2050-11-10 09:00:00,0.0,302.6271826930303
2050-11-10 10:00:00,0.0,262.6821313189144
2050-11-10 11:00:00,0.0,198.85688618853357
2050-11-10 12:00:00,0.0,110.28307661984176
2050-11-10 13:00:00,0.0,9.552077502505979
2050-11-10 14:00:00,0.0,0.0
2050-11-10 15:00:00,0.0,0.0
2050-11-10 16:00:00,0.0,0.0
2050-11-10 17:00:00,0.0,0.0
2050-11-10 18:00:00,0.0,0.0
2050-11-10 19:00:00,0.0,0.0
2050-11-10 20:00:00,0.0,0.0
2050-11-10 21:00:00,0.0,0.0
2050-11-10 22:00:00,0.0,0.0
2050-11-10 23:00:00,0.0,0.0
2050-11-11 00:00:00,0.0,0.0
2050-11-11 01:00:00,0.0,0.0
2050-11-11 02:00:00,0.0,0.0
2050-11-11 03:00:00,0.0,64.69361581242687
2050-11-11 04:00:00,0.0,159.78020549646365
2050-11-11 05:00:00,0.0,234.46008415241954
2050-11-11 06:00:00,0.0,284.3913983700644
2050-11-11 07:00:00,0.0,309.5741481493983
2050-11-11 08:00:00,0.0,313.0476308775823
2050-11-11 09:00:00,0.0,293.0751051905244
2050-11-11 10:00:00,0.0,249.22238574720146
2050-11-11 11:00:00,0.0,179.3185458424986
2050-11-11 12:00:00,0.0,72.07476660981786
2050-11-11 13:00:00,0.0,2.6051120461379944
2050-11-11 14:00:00,0.0,0.0
2050-11-11 15:00:00,0.0,0.0
2050-11-11 16:00:00,0.0,0.0
2050-11-11 17:00:00,0.0,0.0
2050-11-11 18:00:00,0.0,0.0
2050-11-11 19:00:00,0.0,0.0
2050-11-11 20:00:00,0.0,0.0
2050-11-11 21:00:00,0.0,0.0
2050-11-11 22:00:00,0.0,0.0
2050-11-11 23:00:00,0.0,0.0
2050-11-12 00:00:00,0.0,0.0
2050-11-12 01:00:00,0.0,0.0
2050-11-12 02:00:00,0.0,0.0
2050-11-12 03:00:00,0.0,57.74665035605888
2050-11-12 04:00:00,0.0,150.66231333498067
2050-11-12 05:00:00,0.0,220.13196789866055
2050-11-12 06:00:00,0.0,266.58979938812143
2050-11-12 07:00:00,0.0,288.2990664392714
2050-11-12 08:00:00,0.0,288.2990664392714
2050-11-12 09:00:00,0.0,266.58979938812143
2050-11-12 10:00:00,0.0,219.26359721661453
2050-11-12 11:00:00,0.0,149.79394265293467
2050-11-12 12:00:00,0.0,66.86454251754186
2050-11-12 13:00:00,0.0,3.907668069206992
2050-11-12 14:00:00,0.0,0.0
2050-11-12 15:00:00,0.0,0.0
2050-11-12 16:00:00,0.0,0.0
2050-11-12 17:00:00,0.0,0.0
2050-11-12 18:00:00,0.0,0.0
2050-11-12 19:00:00,0.0,0.0
2050-11-12 20:00:00,0.0,0.0
2050-11-12 21:00:00,0.0,0.0
2050-11-12 22:00:00,0.0,0.0
2050-11-12 23:00:00,0.0,0.0
2050-11-13 00:00:00,0.0,0.0
2050-11-13 01:00:00,0.0,0.0
2050-11-13 02:00:00,0.0,0.0
2050-11-13 03:00:00,0.0,56.00990899196688
2050-11-13 04:00:00,0.0,147.6230159478197
2050-11-13 05:00:00,0.0,220.13196789866055
2050-11-13 06:00:00,0.0,264.85305802402945
2050-11-13 07:00:00,0.0,286.12813973415643
2050-11-13 08:00:00,0.0,281.35210098290344
2050-11-13 09:00:00,0.0,242.7096056318565
2050-11-13 10:00:00,0.0,189.7389940270506
2050-11-13 11:00:00,0.0,117.66422741723277
2050-11-13 12:00:00,0.0,53.40479694582889
2050-11-13 13:00:00,0.0,4.77603875125299
2050-11-13 14:00:00,0.0,0.0
2050-11-13 15:00:00,0.0,0.0
2050-11-13 16:00:00,0.0,0.0
2050-11-13 17:00:00,0.0,0.0
2050-11-13 18:00:00,0.0,0.0
2050-11-13 19:00:00,0.0,0.0
2050-11-13 20:00:00,0.0,0.0
2050-11-13 21:00:00,0.0,0.0
2050-11-13 22:00:00,0.0,0.0
2050-11-13 23:00:00,0.0,0.0
2050-11-14 00:00:00,0.0,0.0
2050-11-14 01:00:00,0.0,0.0
2050-11-14 02:00:00,0.0,0.0
2050-11-14 03:00:00,0.0,65.99617183549586
2050-11-14 04:00:00,0.0,163.68787356567069
2050-11-14 05:00:00,0.0,238.80193756264956
2050-11-14 06:00:00,0.0,287.4306957572254
2050-11-14 07:00:00,0.0,310.4425188314443
2050-11-14 08:00:00,0.0,313.91600155962834
2050-11-14 09:00:00,0.0,296.5485879187084
2050-11-14 10:00:00,0.0,255.30098052152346
2050-11-14 11:00:00,0.0,185.8313259578436
2050-11-14 12:00:00,0.0,99.42844309426678
2050-11-14 13:00:00,0.0,6.946965456367986
2050-11-14 14:00:00,0.0,0.0
2050-11-14 15:00:00,0.0,0.0
2050-11-14 16:00:00,0.0,0.0
2050-11-14 17:00:00,0.0,0.0
2050-11-14 18:00:00,0.0,0.0
2050-11-14 19:00:00,0.0,0.0
2050-11-14 20:00:00,0.0,0.0
2050-11-14 21:00:00,0.0,0.0
2050-11-14 22:00:00,0.0,0.0
2050-11-14 23:00:00,0.0,0.0
2050-11-15 00:00:00,0.0,0.0
2050-11-15 01:00:00,0.0,0.0
2050-11-15 02:00:00,0.0,0.0
2050-11-15 03:00:00,0.0,68.60128388163385
2050-11-15 04:00:00,0.0,169.33228299896965
2050-11-15 05:00:00,0.0,243.57797631390252
2050-11-15 06:00:00,0.0,292.6409198495014
2050-11-15 07:00:00,0.0,317.3894842878123
2050-11-15 08:00:00,0.0,320.86296701599633
2050-11-15 09:00:00,0.0,303.0613680340534
2050-11-15 10:00:00,0.0,263.1163166599374
2050-11-15 11:00:00,0.0,199.72525687057959
2050-11-15 12:00:00,0.0,111.15144730188777
2050-11-15 13:00:00,0.0,7.815336138413984
2050-11-15 14:00:00,0.0,0.0
2050-11-15 15:00:00,0.0,0.0
2050-11-15 16:00:00,0.0,0.0
2050-11-15 17:00:00,0.0,0.0
2050-11-15 18:00:00,0.0,0.0
2050-11-15 19:00:00,0.0,0.0
2050-11-15 20:00:00,0.0,0.0
2050-11-15 21:00:00,0.0,0.0
2050-11-15 22:00:00,0.0,0.0
2050-11-15 23:00:00,0.0,0.0
2050-11-16 00:00:00,0.0,0.0
2050-11-16 01:00:00,0.0,0.0
2050-11-16 02:00:00,0.0,0.0
2050-11-16 03:00:00,0.0,71.64058126879485
2050-11-16 04:00:00,0.0,171.06902436306166
2050-11-16 05:00:00,0.0,244.4463469959485
2050-11-16 06:00:00,0.0,294.8118465546164
2050-11-16 07:00:00,0.0,320.86296701599633
2050-11-16 08:00:00,0.0,323.9022644031573
2050-11-16 09:00:00,0.0,305.6664800801914
2050-11-16 10:00:00,0.0,265.72142870607547
2050-11-16 11:00:00,0.0,201.89618357569458
2050-11-16 12:00:00,0.0,114.62493003007175
2050-11-16 13:00:00,0.0,9.117892161482981
2050-11-16 14:00:00,0.0,0.0
2050-11-16 15:00:00,0.0,0.0
2050-11-16 16:00:00,0.0,0.0
2050-11-16 17:00:00,0.0,0.0
2050-11-16 18:00:00,0.0,0.0
2050-11-16 19:00:00,0.0,0.0
2050-11-16 20:00:00,0.0,0.0
2050-11-16 21:00:00,0.0,0.0
2050-11-16 22:00:00,0.0,0.0
2050-11-16 23:00:00,0.0,0.0
2050-11-17 00:00:00,0.0,0.0
2050-11-17 01:00:00,0.0,0.0
2050-11-17 02:00:00,0.0,0.0
2050-11-17 03:00:00,0.0,75.98243467902485
2050-11-17 04:00:00,0.0,175.84506311431463
2050-11-17 05:00:00,0.0,250.09075642924748
2050-11-17 06:00:00,0.0,298.2853292828004
2050-11-17 07:00:00,0.0,322.1655230390653
2050-11-17 08:00:00,0.0,324.7706350852033
2050-11-17 09:00:00,0.0,306.53485076223734
2050-11-17 10:00:00,0.0,265.72142870607547
2050-11-17 11:00:00,0.0,201.46199823467157
2050-11-17 12:00:00,0.0,112.88818866597977
2050-11-17 13:00:00,0.0,8.249521479436982
2050-11-17 14:00:00,0.0,0.0
2050-11-17 15:00:00,0.0,0.0
2050-11-17 16:00:00,0.0,0.0
2050-11-17 17:00:00,0.0,0.0
2050-11-17 18:00:00,0.0,0.0
2050-11-17 19:00:00,0.0,0.0
2050-11-17 20:00:00,0.0,0.0
2050-11-17 21:00:00,0.0,0.0
2050-11-17 22:00:00,0.0,0.0
2050-11-17 23:00:00,0.0,0.0
2050-11-18 00:00:00,0.0,0.0
2050-11-18 01:00:00,0.0,0.0
2050-11-18 02:00:00,0.0,0.0
2050-11-18 03:00:00,0.0,40.81342205616192
2050-11-18 04:00:00,0.0,121.13771014541675
2050-11-18 05:00:00,0.0,197.9885155064876
2050-11-18 06:00:00,0.0,246.1830883600405
2050-11-18 07:00:00,0.0,265.28724336505246
2050-11-18 08:00:00,0.0,253.13005381640846
2050-11-18 09:00:00,0.0,221.43452392172955
2050-11-18 10:00:00,0.0,173.23995106817665
2050-11-18 11:00:00,0.0,118.09841275825575
2050-11-18 12:00:00,0.0,56.878279674012894
2050-11-18 13:00:00,0.0,1.7367413640919964
2050-11-18 14:00:00,0.0,0.0
2050-11-18 15:00:00,0.0,0.0
2050-11-18 16:00:00,0.0,0.0
2050-11-18 17:00:00,0.0,0.0
2050-11-18 18:00:00,0.0,0.0
2050-11-18 19:00:00,0.0,0.0
2050-11-18 20:00:00,0.0,0.0
2050-11-18 21:00:00,0.0,0.0
2050-11-18 22:00:00,0.0,0.0
2050-11-18 23:00:00,0.0,0.0
2050-11-19 00:00:00,0.0,0.0
2050-11-19 01:00:00,0.0,0.0
2050-11-19 02:00:00,0.0,0.0
2050-11-19 03:00:00,0.0,48.6287581945759
2050-11-19 04:00:00,0.0,113.32237400700276
2050-11-19 05:00:00,0.0,173.67413640919963
2050-11-19 06:00:00,0.0,213.61918778331557
2050-11-19 07:00:00,0.0,236.6310108575345
2050-11-19 08:00:00,0.0,257.90609256766146
2050-11-19 09:00:00,0.0,276.14187689062743
2050-11-19 10:00:00,0.0,250.09075642924748
2050-11-19 11:00:00,0.0,186.2655112988666
2050-11-19 12:00:00,0.0,87.70543888664584
2050-11-19 13:00:00,0.0,3.473482728183993
2050-11-19 14:00:00,0.0,0.0
2050-11-19 15:00:00,0.0,0.0
2050-11-19 16:00:00,0.0,0.0
2050-11-19 17:00:00,0.0,0.0
2050-11-19 18:00:00,0.0,0.0
2050-11-19 19:00:00,0.0,0.0
2050-11-19 20:00:00,0.0,0.0
2050-11-19 21:00:00,0.0,0.0
2050-11-19 22:00:00,0.0,0.0
2050-11-19 23:00:00,0.0,0.0
2050-11-20 00:00:00,0.0,0.0
2050-11-20 01:00:00,0.0,0.0
2050-11-20 02:00:00,0.0,0.0
2050-11-20 03:00:00,0.0,48.1945728535529
2050-11-20 04:00:00,0.0,143.7153478786127
2050-11-20 05:00:00,0.0,217.96104119354555
2050-11-20 06:00:00,0.0,256.1693512035695
2050-11-20 07:00:00,0.0,286.5623250751794
2050-11-20 08:00:00,0.0,299.58788530586935
2050-11-20 09:00:00,0.0,284.3913983700644
2050-11-20 10:00:00,0.0,241.40704960878753
2050-11-20 11:00:00,0.0,172.80576572715364
2050-11-20 12:00:00,0.0,74.67987865595583
2050-11-20 13:00:00,0.0,3.039297387160994
2050-11-20 14:00:00,0.0,0.0
2050-11-20 15:00:00,0.0,0.0
2050-11-20 16:00:00,0.0,0.0
2050-11-20 17:00:00,0.0,0.0
2050-11-20 18:00:00,0.0,0.0
2050-11-20 19:00:00,0.0,0.0
2050-11-20 20:00:00,0.0,0.0
2050-11-20 21:00:00,0.0,0.0
2050-11-20 22:00:00,0.0,0.0
2050-11-20 23:00:00,0.0,0.0
2050-11-21 00:00:00,0.0,0.0
2050-11-21 01:00:00,0.0,0.0
2050-11-21 02:00:00,0.0,0.0
2050-11-21 03:00:00,0.0,48.1945728535529
2050-11-21 04:00:00,0.0,136.7683824222447
2050-11-21 05:00:00,0.0,213.61918778331557
2050-11-21 06:00:00,0.0,253.56423915743147
2050-11-21 07:00:00,0.0,276.14187689062743
2050-11-21 08:00:00,0.0,275.7076915496044
2050-11-21 09:00:00,0.0,249.65657108822447
2050-11-21 10:00:00,0.0,208.84314903206257
2050-11-21 11:00:00,0.0,142.84697719656668
2050-11-21 12:00:00,0.0,52.97061160480589
2050-11-21 13:00:00,0.0,0.8683706820459982
2050-11-21 14:00:00,0.0,0.0
2050-11-21 15:00:00,0.0,0.0
2050-11-21 16:00:00,0.0,0.0
2050-11-21 17:00:00,0.0,0.0
2050-11-21 18:00:00,0.0,0.0
2050-11-21 19:00:00,0.0,0.0
2050-11-21 20:00:00,0.0,0.0
2050-11-21 21:00:00,0.0,0.0
2050-11-21 22:00:00,0.0,0.0
2050-11-21 23:00:00,0.0,0.0
2050-11-22 00:00:00,0.0,0.0
2050-11-22 01:00:00,0.0,0.0
2050-11-22 02:00:00,0.0,0.0
2050-11-22 03:00:00,0.0,42.55016342025392
2050-11-22 04:00:00,0.0,136.33419708122173
2050-11-22 05:00:00,0.0,218.3952265345685
2050-11-22 06:00:00,0.0,276.57606223165044
2050-11-22 07:00:00,0.0,300.8904413289383
2050-11-22 08:00:00,0.0,302.6271826930303
2050-11-22 09:00:00,0.0,288.7332517802944
2050-11-22 10:00:00,0.0,246.1830883600405
2050-11-22 11:00:00,0.0,179.3185458424986
2050-11-22 12:00:00,0.0,89.00799490971481
2050-11-22 13:00:00,0.0,3.907668069206992
2050-11-22 14:00:00,0.0,0.0
2050-11-22 15:00:00,0.0,0.0
2050-11-22 16:00:00,0.0,0.0
2050-11-22 17:00:00,0.0,0.0
2050-11-22 18:00:00,0.0,0.0
2050-11-22 19:00:00,0.0,0.0
2050-11-22 20:00:00,0.0,0.0
2050-11-22 21:00:00,0.0,0.0
2050-11-22 22:00:00,0.0,0.0
2050-11-22 23:00:00,0.0,0.0
2050-11-23 00:00:00,0.0,0.0
2050-11-23 01:00:00,0.0,0.0
2050-11-23 02:00:00,0.0,0.0
2050-11-23 03:00:00,0.0,39.94505137411591
2050-11-23 04:00:00,0.0,108.11214991472677
2050-11-23 05:00:00,0.0,163.68787356567069
2050-11-23 06:00:00,0.0,204.9354809628556
2050-11-23 07:00:00,0.0,239.2361229036725
2050-11-23 08:00:00,0.0,269.62909677528245
2050-11-23 09:00:00,0.0,259.64283393175344
2050-11-23 10:00:00,0.0,216.65848517047655
2050-11-23 11:00:00,0.0,162.81950288362466
2050-11-23 12:00:00,0.0,74.24569331493285
2050-11-23 13:00:00,0.0,1.3025560230689972
2050-11-23 14:00:00,0.0,0.0
2050-11-23 15:00:00,0.0,0.0
2050-11-23 16:00:00,0.0,0.0
2050-11-23 17:00:00,0.0,0.0
2050-11-23 18:00:00,0.0,0.0
2050-11-23 19:00:00,0.0,0.0
2050-11-23 20:00:00,0.0,0.0
2050-11-23 21:00:00,0.0,0.0
2050-11-23 22:00:00,0.0,0.0
2050-11-23 23:00:00,0.0,0.0
2050-11-24 00:00:00,0.0,0.0
2050-11-24 01:00:00,0.0,0.0
2050-11-24 02:00:00,0.0,0.0
2050-11-24 03:00:00,0.0,48.1945728535529
2050-11-24 04:00:00,0.0,146.3204599247507
2050-11-24 05:00:00,0.0,221.43452392172955
2050-11-24 06:00:00,0.0,268.3265407522134
2050-11-24 07:00:00,0.0,291.7725491674554
2050-11-24 08:00:00,0.0,291.7725491674554
2050-11-24 09:00:00,0.0,273.97095018551244
2050-11-24 10:00:00,0.0,230.1182307421895
2050-11-24 11:00:00,0.0,160.21439083748663
2050-11-24 12:00:00,0.0,64.25943047140387
2050-11-24 13:00:00,0.0,2.1709267051149954
2050-11-24 14:00:00,0.0,0.0
2050-11-24 15:00:00,0.0,0.0
2050-11-24 16:00:00,0.0,0.0
2050-11-24 17:00:00,0.0,0.0
2050-11-24 18:00:00,0.0,0.0
2050-11-24 19:00:00,0.0,0.0
2050-11-24 20:00:00,0.0,0.0
2050-11-24 21:00:00,0.0,0.0
2050-11-24 22:00:00,0.0,0.0
2050-11-24 23:00:00,0.0,0.0
2050-11-25 00:00:00,0.0,0.0
2050-11-25 01:00:00,0.0,0.0
2050-11-25 02:00:00,0.0,0.0
2050-11-25 03:00:00,0.0,54.27316762787489
2050-11-25 04:00:00,0.0,150.66231333498067
2050-11-25 05:00:00,0.0,226.21056267298252
2050-11-25 06:00:00,0.0,276.14187689062743
2050-11-25 07:00:00,0.0,301.75881201098434
2050-11-25 08:00:00,0.0,305.23229473916837
2050-11-25 09:00:00,0.0,287.86488109824836
2050-11-25 10:00:00,0.0,237.06519619855752
2050-11-25 11:00:00,0.0,175.84506311431463
2050-11-25 12:00:00,0.0,77.28499070209384
2050-11-25 13:00:00,0.0,3.039297387160994
2050-11-25 14:00:00,0.0,0.0
2050-11-25 15:00:00,0.0,0.0
2050-11-25 16:00:00,0.0,0.0
2050-11-25 17:00:00,0.0,0.0
2050-11-25 18:00:00,0.0,0.0
2050-11-25 19:00:00,0.0,0.0
2050-11-25 20:00:00,0.0,0.0
2050-11-25 21:00:00,0.0,0.0
2050-11-25 22:00:00,0.0,0.0
2050-11-25 23:00:00,0.0,0.0
2050-11-26 00:00:00,0.0,0.0
2050-11-26 01:00:00,0.0,0.0
2050-11-26 02:00:00,0.0,0.0
2050-11-26 03:00:00,0.0,56.444094332989884
2050-11-26 04:00:00,0.0,155.00416674521065
2050-11-26 05:00:00,0.0,231.85497210628148
2050-11-26 06:00:00,0.0,281.35210098290344
2050-11-26 07:00:00,0.0,306.53485076223734
2050-11-26 08:00:00,0.0,310.00833349042136
2050-11-26 09:00:00,0.0,291.7725491674554
2050-11-26 10:00:00,0.0,251.82749779333946
2050-11-26 11:00:00,0.0,185.3971406168206
2050-11-26 12:00:00,0.0,95.52077502505979
2050-11-26 13:00:00,0.0,3.907668069206992
2050-11-26 14:00:00,0.0,0.0
2050-11-26 15:00:00,0.0,0.0
2050-11-26 16:00:00,0.0,0.0
2050-11-26 17:00:00,0.0,0.0
2050-11-26 18:00:00,0.0,0.0
2050-11-26 19:00:00,0.0,0.0
2050-11-26 20:00:00,0.0,0.0
2050-11-26 21:00:00,0.0,0.0
2050-11-26 22:00:00,0.0,0.0
2050-11-26 23:00:00,0.0,0.0
2050-11-27 00:00:00,0.0,0.0
2050-11-27 01:00:00,0.0,0.0
2050-11-27 02:00:00,0.0,0.0
2050-11-27 03:00:00,0.0,61.65431842526587
2050-11-27 04:00:00,0.0,161.95113220157864
2050-11-27 05:00:00,0.0,237.49938153958053
2050-11-27 06:00:00,0.0,287.86488109824836
2050-11-27 07:00:00,0.0,313.48181621860533
2050-11-27 08:00:00,0.0,316.95529894678936
2050-11-27 09:00:00,0.0,298.71951462382333
2050-11-27 10:00:00,0.0,257.90609256766146
2050-11-27 11:00:00,0.0,192.34410607318858
2050-11-27 12:00:00,0.0,102.03355514040479
2050-11-27 13:00:00,0.0,4.77603875125299
2050-11-27 14:00:00,0.0,0.0
2050-11-27 15:00:00,0.0,0.0
2050-11-27 16:00:00,0.0,0.0
2050-11-27 17:00:00,0.0,0.0
2050-11-27 18:00:00,0.0,0.0
2050-11-27 19:00:00,0.0,0.0
2050-11-27 20:00:00,0.0,0.0
2050-11-27 21:00:00,0.0,0.0
2050-11-27 22:00:00,0.0,0.0
2050-11-27 23:00:00,0.0,0.0
2050-11-28 00:00:00,0.0,0.0
2050-11-28 01:00:00,0.0,0.0
2050-11-28 02:00:00,0.0,0.0
2050-11-28 03:00:00,0.0,52.10224092275989
2050-11-28 04:00:00,0.0,156.74090810930267
2050-11-28 05:00:00,0.0,231.85497210628148
2050-11-28 06:00:00,0.0,277.0102475726734
2050-11-28 07:00:00,0.0,307.40322144428336
2050-11-28 08:00:00,0.0,312.17926019553636
2050-11-28 09:00:00,0.0,292.20673450847846
2050-11-28 10:00:00,0.0,248.78820040617845
2050-11-28 11:00:00,0.0,184.5287699347746
2050-11-28 12:00:00,0.0,95.52077502505979
2050-11-28 13:00:00,0.0,4.341853410229991
2050-11-28 14:00:00,0.0,0.0
2050-11-28 15:00:00,0.0,0.0
2050-11-28 16:00:00,0.0,0.0
2050-11-28 17:00:00,0.0,0.0
2050-11-28 18:00:00,0.0,0.0
2050-11-28 19:00:00,0.0,0.0
2050-11-28 20:00:00,0.0,0.0
2050-11-28 21:00:00,0.0,0.0
2050-11-28 22:00:00,0.0,0.0
2050-11-28 23:00:00,0.0,0.0
2050-11-29 00:00:00,0.0,0.0
2050-11-29 01:00:00,0.0,0.0
2050-11-29 02:00:00,0.0,0.0
2050-11-29 03:00:00,0.0,68.60128388163385
2050-11-29 04:00:00,0.0,169.33228299896965
2050-11-29 05:00:00,0.0,244.4463469959485
2050-11-29 06:00:00,0.0,293.0751051905244
2050-11-29 07:00:00,0.0,317.3894842878123
2050-11-29 08:00:00,0.0,319.9945963339503
2050-11-29 09:00:00,0.0,300.8904413289383
2050-11-29 10:00:00,0.0,259.2086485907305
2050-11-29 11:00:00,0.0,193.2124767552346
2050-11-29 12:00:00,0.0,102.03355514040479
2050-11-29 13:00:00,0.0,4.77603875125299
2050-11-29 14:00:00,0.0,0.0
2050-11-29 15:00:00,0.0,0.0
2050-11-29 16:00:00,0.0,0.0
2050-11-29 17:00:00,0.0,0.0
2050-11-29 18:00:00,0.0,0.0
2050-11-29 19:00:00,0.0,0.0
2050-11-29 20:00:00,0.0,0.0
2050-11-29 21:00:00,0.0,0.0
2050-11-29 22:00:00,0.0,0.0
2050-11-29 23:00:00,0.0,0.0
2050-11-30 00:00:00,0.0,0.0
2050-11-30 01:00:00,0.0,0.0
2050-11-30 02:00:00,0.0,0.0
2050-11-30 03:00:00,0.0,66.43035717651887
2050-11-30 04:00:00,0.0,167.59554163487766
2050-11-30 05:00:00,0.0,241.84123494981048
2050-11-30 06:00:00,0.0,290.4699931443864
2050-11-30 07:00:00,0.0,315.2185575826973
2050-11-30 08:00:00,0.0,317.8236696288354
2050-11-30 09:00:00,0.0,298.71951462382333
2050-11-30 10:00:00,0.0,257.0377218856155
2050-11-30 11:00:00,0.0,190.1731793680736
2050-11-30 12:00:00,0.0,101.59936979938178
2050-11-30 13:00:00,0.0,5.210224092275989
2050-11-30 14:00:00,0.0,0.0
2050-11-30 15:00:00,0.0,0.0
2050-11-30 16:00:00,0.0,0.0
2050-11-30 17:00:00,0.0,0.0
2050-11-30 18:00:00,0.0,0.0
2050-11-30 19:00:00,0.0,0.0
2050-11-30 20:00:00,0.0,0.0
2050-11-30 21:00:00,0.0,0.0
2050-11-30 22:00:00,0.0,0.0
2050-11-30 23:00:00,0.0,0.0
2050-12-01 00:00:00,0.0,0.0
2050-12-01 01:00:00,0.0,0.0
2050-12-01 02:00:00,0.0,0.0
2050-12-01 03:00:00,0.0,65.99617183549586
2050-12-01 04:00:00,0.0,166.29298561180863
2050-12-01 05:00:00,0.0,241.84123494981048
2050-12-01 06:00:00,0.0,290.03580780336335
2050-12-01 07:00:00,0.0,315.2185575826973
2050-12-01 08:00:00,0.0,318.25785496985833
2050-12-01 09:00:00,0.0,299.58788530586935
2050-12-01 10:00:00,0.0,258.7744632497075
2050-12-01 11:00:00,0.0,193.2124767552346
2050-12-01 12:00:00,0.0,102.4677404814278
2050-12-01 13:00:00,0.0,4.77603875125299
2050-12-01 14:00:00,0.0,0.0
2050-12-01 15:00:00,0.0,0.0
2050-12-01 16:00:00,0.0,0.0
2050-12-01 17:00:00,0.0,0.0
2050-12-01 18:00:00,0.0,0.0
2050-12-01 19:00:00,0.0,0.0
2050-12-01 20:00:00,0.0,0.0
2050-12-01 21:00:00,0.0,0.0
2050-12-01 22:00:00,0.0,0.0
2050-12-01 23:00:00,0.0,0.0
2050-12-02 00:00:00,0.0,0.0
2050-12-02 01:00:00,0.0,0.0
2050-12-02 02:00:00,0.0,0.0
2050-12-02 03:00:00,0.0,56.00990899196688
2050-12-02 04:00:00,0.0,149.35975731191166
2050-12-02 05:00:00,0.0,234.02589881139653
2050-12-02 06:00:00,0.0,276.57606223165044
2050-12-02 07:00:00,0.0,303.4955533750764
2050-12-02 08:00:00,0.0,301.75881201098434
2050-12-02 09:00:00,0.0,284.8255837110874
2050-12-02 10:00:00,0.0,237.93356688060348
2050-12-02 11:00:00,0.0,172.37158038613063
2050-12-02 12:00:00,0.0,66.86454251754186
2050-12-02 13:00:00,0.0,1.7367413640919964
2050-12-02 14:00:00,0.0,0.0
2050-12-02 15:00:00,0.0,0.0
2050-12-02 16:00:00,0.0,0.0
2050-12-02 17:00:00,0.0,0.0
2050-12-02 18:00:00,0.0,0.0
2050-12-02 19:00:00,0.0,0.0
2050-12-02 20:00:00,0.0,0.0
2050-12-02 21:00:00,0.0,0.0
2050-12-02 22:00:00,0.0,0.0
2050-12-02 23:00:00,0.0,0.0
2050-12-03 00:00:00,0.0,0.0
2050-12-03 01:00:00,0.0,0.0
2050-12-03 02:00:00,0.0,0.0
2050-12-03 03:00:00,0.0,45.58946080741491
2050-12-03 04:00:00,0.0,125.91374889666973
2050-12-03 05:00:00,0.0,197.5543301654646
2050-12-03 06:00:00,0.0,267.45817007016745
2050-12-03 07:00:00,0.0,299.58788530586935
2050-12-03 08:00:00,0.0,302.19299735200735
2050-12-03 09:00:00,0.0,280.9179156418804
2050-12-03 10:00:00,0.0,234.89426949344252
2050-12-03 11:00:00,0.0,161.08276151953265
2050-12-03 12:00:00,0.0,72.94313729186385
2050-12-03 13:00:00,0.0,2.6051120461379944
2050-12-03 14:00:00,0.0,0.0
2050-12-03 15:00:00,0.0,0.0
2050-12-03 16:00:00,0.0,0.0
2050-12-03 17:00:00,0.0,0.0
2050-12-03 18:00:00,0.0,0.0
2050-12-03 19:00:00,0.0,0.0
2050-12-03 20:00:00,0.0,0.0
2050-12-03 21:00:00,0.0,0.0
2050-12-03 22:00:00,0.0,0.0
2050-12-03 23:00:00,0.0,0.0
2050-12-04 00:00:00,0.0,0.0
2050-12-04 01:00:00,0.0,0.0
2050-12-04 02:00:00,0.0,0.0
2050-12-04 03:00:00,0.0,50.79968489969089
2050-12-04 04:00:00,0.0,142.84697719656668
2050-12-04 05:00:00,0.0,214.05337312433852
2050-12-04 06:00:00,0.0,263.98468734198343
2050-12-04 07:00:00,0.0,290.4699931443864
2050-12-04 08:00:00,0.0,293.9434758725704
2050-12-04 09:00:00,0.0,281.35210098290344
2050-12-04 10:00:00,0.0,249.22238574720146
2050-12-04 11:00:00,0.0,185.8313259578436
2050-12-04 12:00:00,0.0,95.0865896840368
2050-12-04 13:00:00,0.0,3.473482728183993
2050-12-04 14:00:00,0.0,0.0
2050-12-04 15:00:00,0.0,0.0
2050-12-04 16:00:00,0.0,0.0
2050-12-04 17:00:00,0.0,0.0
2050-12-04 18:00:00,0.0,0.0
2050-12-04 19:00:00,0.0,0.0
2050-12-04 20:00:00,0.0,0.0
2050-12-04 21:00:00,0.0,0.0
2050-12-04 22:00:00,0.0,0.0
2050-12-04 23:00:00,0.0,0.0
2050-12-05 00:00:00,0.0,0.0
2050-12-05 01:00:00,0.0,0.0
2050-12-05 02:00:00,0.0,0.0
2050-12-05 03:00:00,0.0,46.0236461484379
2050-12-05 04:00:00,0.0,142.4127918555437
2050-12-05 05:00:00,0.0,222.30289460377554
2050-12-05 06:00:00,0.0,273.5367648444894
2050-12-05 07:00:00,0.0,299.58788530586935
2050-12-05 08:00:00,0.0,301.3246266699614
2050-12-05 09:00:00,0.0,250.5249417702705
2050-12-05 10:00:00,0.0,197.9885155064876
2050-12-05 11:00:00,0.0,122.87445150950876
2050-12-05 12:00:00,0.0,50.3654995586679
2050-12-05 13:00:00,0.0,0.0
2050-12-05 14:00:00,0.0,0.0
2050-12-05 15:00:00,0.0,0.0
2050-12-05 16:00:00,0.0,0.0
2050-12-05 17:00:00,0.0,0.0
2050-12-05 18:00:00,0.0,0.0
2050-12-05 19:00:00,0.0,0.0
2050-12-05 20:00:00,0.0,0.0
2050-12-05 21:00:00,0.0,0.0
2050-12-05 22:00:00,0.0,0.0
2050-12-05 23:00:00,0.0,0.0
2050-12-06 00:00:00,0.0,0.0
2050-12-06 01:00:00,0.0,0.0
2050-12-06 02:00:00,0.0,0.0
2050-12-06 03:00:00,0.0,26.051120461379945
2050-12-06 04:00:00,0.0,95.52077502505979
2050-12-06 05:00:00,0.0,161.95113220157864
2050-12-06 06:00:00,0.0,220.56615323968353
2050-12-06 07:00:00,0.0,250.5249417702705
2050-12-06 08:00:00,0.0,251.39331245231645
2050-12-06 09:00:00,0.0,230.5524160832125
2050-12-06 10:00:00,0.0,188.0022526629586
2050-12-06 11:00:00,0.0,125.47956355564672
2050-12-06 12:00:00,0.0,53.40479694582889
2050-12-06 13:00:00,0.0,0.0
2050-12-06 14:00:00,0.0,0.0
2050-12-06 15:00:00,0.0,0.0
2050-12-06 16:00:00,0.0,0.0
2050-12-06 17:00:00,0.0,0.0
2050-12-06 18:00:00,0.0,0.0
2050-12-06 19:00:00,0.0,0.0
2050-12-06 20:00:00,0.0,0.0
2050-12-06 21:00:00,0.0,0.0
2050-12-06 22:00:00,0.0,0.0
2050-12-06 23:00:00,0.0,0.0
2050-12-07 00:00:00,0.0,0.0
2050-12-07 01:00:00,0.0,0.0
2050-12-07 02:00:00,0.0,0.0
2050-12-07 03:00:00,0.0,23.880193756264948
2050-12-07 04:00:00,0.0,88.13962422766882
2050-12-07 05:00:00,0.0,174.54250709124565
2050-12-07 06:00:00,0.0,237.93356688060348
2050-12-07 07:00:00,0.0,272.66839416244346
2050-12-07 08:00:00,0.0,271.80002348039744
2050-12-07 09:00:00,0.0,240.97286426776452
2050-12-07 10:00:00,0.0,184.0945845937516
2050-12-07 11:00:00,0.0,124.61119287360073
2050-12-07 12:00:00,0.0,47.3262021715069
2050-12-07 13:00:00,0.0,0.0
2050-12-07 14:00:00,0.0,0.0
2050-12-07 15:00:00,0.0,0.0
2050-12-07 16:00:00,0.0,0.0
2050-12-07 17:00:00,0.0,0.0
2050-12-07 18:00:00,0.0,0.0
2050-12-07 19:00:00,0.0,0.0
2050-12-07 20:00:00,0.0,0.0
2050-12-07 21:00:00,0.0,0.0
2050-12-07 22:00:00,0.0,0.0
2050-12-07 23:00:00,0.0,0.0
2050-12-08 00:00:00,0.0,0.0
2050-12-08 01:00:00,0.0,0.0
2050-12-08 02:00:00,0.0,0.0
2050-12-08 03:00:00,0.0,27.787861825471943
2050-12-08 04:00:00,0.0,98.9942577532438
2050-12-08 05:00:00,0.0,187.56806732193562
2050-12-08 06:00:00,0.0,244.01216165492548
2050-12-08 07:00:00,0.0,272.23420882142045
2050-12-08 08:00:00,0.0,280.0495449598344
2050-12-08 09:00:00,0.0,271.80002348039744
2050-12-08 10:00:00,0.0,229.2498600601435
2050-12-08 11:00:00,0.0,160.64857617850964
2050-12-08 12:00:00,0.0,72.07476660981786
2050-12-08 13:00:00,0.0,1.3025560230689972
2050-12-08 14:00:00,0.0,0.0
2050-12-08 15:00:00,0.0,0.0
2050-12-08 16:00:00,0.0,0.0
2050-12-08 17:00:00,0.0,0.0
2050-12-08 18:00:00,0.0,0.0
2050-12-08 19:00:00,0.0,0.0
2050-12-08 20:00:00,0.0,0.0
2050-12-08 21:00:00,0.0,0.0
2050-12-08 22:00:00,0.0,0.0
2050-12-08 23:00:00,0.0,0.0
2050-12-09 00:00:00,0.0,0.0
2050-12-09 01:00:00,0.0,0.0
2050-12-09 02:00:00,0.0,0.0
2050-12-09 03:00:00,0.0,44.72109012536891
2050-12-09 04:00:00,0.0,136.33419708122173
2050-12-09 05:00:00,0.0,217.09267051149956
2050-12-09 06:00:00,0.0,268.7607260932364
2050-12-09 07:00:00,0.0,294.8118465546164
2050-12-09 08:00:00,0.0,297.8511439417774
2050-12-09 09:00:00,0.0,275.7076915496044
2050-12-09 10:00:00,0.0,234.89426949344252
2050-12-09 11:00:00,0.0,168.46391231692365
2050-12-09 12:00:00,0.0,79.45591740720884
2050-12-09 13:00:00,0.0,1.7367413640919964
2050-12-09 14:00:00,0.0,0.0
2050-12-09 15:00:00,0.0,0.0
2050-12-09 16:00:00,0.0,0.0
2050-12-09 17:00:00,0.0,0.0
2050-12-09 18:00:00,0.0,0.0
2050-12-09 19:00:00,0.0,0.0
2050-12-09 20:00:00,0.0,0.0
2050-12-09 21:00:00,0.0,0.0
2050-12-09 22:00:00,0.0,0.0
2050-12-09 23:00:00,0.0,0.0
2050-12-10 00:00:00,0.0,0.0
2050-12-10 01:00:00,0.0,0.0
2050-12-10 02:00:00,0.0,0.0
2050-12-10 03:00:00,0.0,49.4971288766219
2050-12-10 04:00:00,0.0,145.8862745837277
2050-12-10 05:00:00,0.0,221.86870926275256
2050-12-10 06:00:00,0.0,275.7076915496044
2050-12-10 07:00:00,0.0,302.19299735200735
2050-12-10 08:00:00,0.0,305.6664800801914
2050-12-10 09:00:00,0.0,288.2990664392714
2050-12-10 10:00:00,0.0,248.3540150651555
2050-12-10 11:00:00,0.0,183.66039925272858
2050-12-10 12:00:00,0.0,93.78403366096781
2050-12-10 13:00:00,0.0,3.039297387160994
2050-12-10 14:00:00,0.0,0.0
2050-12-10 15:00:00,0.0,0.0
2050-12-10 16:00:00,0.0,0.0
2050-12-10 17:00:00,0.0,0.0
2050-12-10 18:00:00,0.0,0.0
2050-12-10 19:00:00,0.0,0.0
2050-12-10 20:00:00,0.0,0.0
2050-12-10 21:00:00,0.0,0.0
2050-12-10 22:00:00,0.0,0.0
2050-12-10 23:00:00,0.0,0.0
2050-12-11 00:00:00,0.0,0.0
2050-12-11 01:00:00,0.0,0.0
2050-12-11 02:00:00,0.0,0.0
2050-12-11 03:00:00,0.0,61.65431842526587
2050-12-11 04:00:00,0.0,161.95113220157864
2050-12-11 05:00:00,0.0,236.6310108575345
2050-12-11 06:00:00,0.0,284.3913983700644
2050-12-11 07:00:00,0.0,308.70577746735233
2050-12-11 08:00:00,0.0,310.8767041724673
2050-12-11 09:00:00,0.0,291.7725491674554
2050-12-11 10:00:00,0.0,250.5249417702705
2050-12-11 11:00:00,0.0,185.3971406168206
2050-12-11 12:00:00,0.0,95.9549603660828
2050-12-11 13:00:00,0.0,3.473482728183993
2050-12-11 14:00:00,0.0,0.0
2050-12-11 15:00:00,0.0,0.0
2050-12-11 16:00:00,0.0,0.0
2050-12-11 17:00:00,0.0,0.0
2050-12-11 18:00:00,0.0,0.0
2050-12-11 19:00:00,0.0,0.0
2050-12-11 20:00:00,0.0,0.0
2050-12-11 21:00:00,0.0,0.0
2050-12-11 22:00:00,0.0,0.0
2050-12-11 23:00:00,0.0,0.0
2050-12-12 00:00:00,0.0,0.0
2050-12-12 01:00:00,0.0,0.0
2050-12-12 02:00:00,0.0,0.0
2050-12-12 03:00:00,0.0,53.83898228685189
2050-12-12 04:00:00,0.0,151.5306840170267
2050-12-12 05:00:00,0.0,226.21056267298252
2050-12-12 06:00:00,0.0,274.4051355265354
2050-12-12 07:00:00,0.0,298.2853292828004
2050-12-12 08:00:00,0.0,300.8904413289383
2050-12-12 09:00:00,0.0,280.0495449598344
2050-12-12 10:00:00,0.0,237.93356688060348
2050-12-12 11:00:00,0.0,170.63483902203868
2050-12-12 12:00:00,0.0,80.75847343027783
2050-12-12 13:00:00,0.0,0.8683706820459982
2050-12-12 14:00:00,0.0,0.0
2050-12-12 15:00:00,0.0,0.0
2050-12-12 16:00:00,0.0,0.0
2050-12-12 17:00:00,0.0,0.0
2050-12-12 18:00:00,0.0,0.0
2050-12-12 19:00:00,0.0,0.0
2050-12-12 20:00:00,0.0,0.0
2050-12-12 21:00:00,0.0,0.0
2050-12-12 22:00:00,0.0,0.0
2050-12-12 23:00:00,0.0,0.0
2050-12-13 00:00:00,0.0,0.0
2050-12-13 01:00:00,0.0,0.0
2050-12-13 02:00:00,0.0,0.0
2050-12-13 03:00:00,0.0,61.22013308424286
2050-12-13 04:00:00,0.0,164.55624424771665
2050-12-13 05:00:00,0.0,240.10449358571847
2050-12-13 06:00:00,0.0,288.7332517802944
2050-12-13 07:00:00,0.0,313.48181621860533
2050-12-13 08:00:00,0.0,316.08692826474334
2050-12-13 09:00:00,0.0,297.8511439417774
2050-12-13 10:00:00,0.0,256.6035365445925
2050-12-13 11:00:00,0.0,191.04155005011958
2050-12-13 12:00:00,0.0,100.73099911733578
2050-12-13 13:00:00,0.0,3.907668069206992
2050-12-13 14:00:00,0.0,0.0
2050-12-13 15:00:00,0.0,0.0
2050-12-13 16:00:00,0.0,0.0
2050-12-13 17:00:00,0.0,0.0
2050-12-13 18:00:00,0.0,0.0
2050-12-13 19:00:00,0.0,0.0
2050-12-13 20:00:00,0.0,0.0
2050-12-13 21:00:00,0.0,0.0
2050-12-13 22:00:00,0.0,0.0
2050-12-13 23:00:00,0.0,0.0
2050-12-14 00:00:00,0.0,0.0
2050-12-14 01:00:00,0.0,0.0
2050-12-14 02:00:00,0.0,0.0
2050-12-14 03:00:00,0.0,62.08850376628887
2050-12-14 04:00:00,0.0,161.51694686055566
2050-12-14 05:00:00,0.0,235.32845483446553
2050-12-14 06:00:00,0.0,282.65465700597247
2050-12-14 07:00:00,0.0,306.9690361032604
2050-12-14 08:00:00,0.0,309.5741481493983
2050-12-14 09:00:00,0.0,290.9041784854094
2050-12-14 10:00:00,0.0,250.5249417702705
2050-12-14 11:00:00,0.0,185.3971406168206
2050-12-14 12:00:00,0.0,94.2182190019908
2050-12-14 13:00:00,0.0,3.039297387160994
2050-12-14 14:00:00,0.0,0.0
2050-12-14 15:00:00,0.0,0.0
2050-12-14 16:00:00,0.0,0.0
2050-12-14 17:00:00,0.0,0.0
2050-12-14 18:00:00,0.0,0.0
2050-12-14 19:00:00,0.0,0.0
2050-12-14 20:00:00,0.0,0.0
2050-12-14 21:00:00,0.0,0.0
2050-12-14 22:00:00,0.0,0.0
2050-12-14 23:00:00,0.0,0.0
2050-12-15 00:00:00,0.0,0.0
2050-12-15 01:00:00,0.0,0.0
2050-12-15 02:00:00,0.0,0.0
2050-12-15 03:00:00,0.0,56.444094332989884
2050-12-15 04:00:00,0.0,155.43835208623366
2050-12-15 05:00:00,0.0,230.5524160832125
2050-12-15 06:00:00,0.0,280.0495449598344
2050-12-15 07:00:00,0.0,305.23229473916837
2050-12-15 08:00:00,0.0,308.70577746735233
2050-12-15 09:00:00,0.0,290.9041784854094
2050-12-15 10:00:00,0.0,250.09075642924748
2050-12-15 11:00:00,0.0,184.5287699347746
2050-12-15 12:00:00,0.0,93.34984831994481
2050-12-15 13:00:00,0.0,3.039297387160994
2050-12-15 14:00:00,0.0,0.0
2050-12-15 15:00:00,0.0,0.0
2050-12-15 16:00:00,0.0,0.0
2050-12-15 17:00:00,0.0,0.0
2050-12-15 18:00:00,0.0,0.0
2050-12-15 19:00:00,0.0,0.0
2050-12-15 20:00:00,0.0,0.0
2050-12-15 21:00:00,0.0,0.0
2050-12-15 22:00:00,0.0,0.0
2050-12-15 23:00:00,0.0,0.0
2050-12-16 00:00:00,0.0,0.0
2050-12-16 01:00:00,0.0,0.0
2050-12-16 02:00:00,0.0,0.0
2050-12-16 03:00:00,0.0,58.615021038104885
2050-12-16 04:00:00,0.0,157.17509345032565
2050-12-16 05:00:00,0.0,231.85497210628148
2050-12-16 06:00:00,0.0,278.74698893676543
2050-12-16 07:00:00,0.0,303.9297387160994
2050-12-16 08:00:00,0.0,307.40322144428336
2050-12-16 09:00:00,0.0,289.16743712131745
2050-12-16 10:00:00,0.0,245.74890301901752
2050-12-16 11:00:00,0.0,179.3185458424986
2050-12-16 12:00:00,0.0,86.83706820459982
2050-12-16 13:00:00,0.0,2.6051120461379944
2050-12-16 14:00:00,0.0,0.0
2050-12-16 15:00:00,0.0,0.0
2050-12-16 16:00:00,0.0,0.0
2050-12-16 17:00:00,0.0,0.0
2050-12-16 18:00:00,0.0,0.0
2050-12-16 19:00:00,0.0,0.0
2050-12-16 20:00:00,0.0,0.0
2050-12-16 21:00:00,0.0,0.0
2050-12-16 22:00:00,0.0,0.0
2050-12-16 23:00:00,0.0,0.0
2050-12-17 00:00:00,0.0,0.0
2050-12-17 01:00:00,0.0,0.0
2050-12-17 02:00:00,0.0,0.0
2050-12-17 03:00:00,0.0,37.77412466900092
2050-12-17 04:00:00,0.0,122.00608082746274
2050-12-17 05:00:00,0.0,224.03963596786753
2050-12-17 06:00:00,0.0,266.1556140470984
2050-12-17 07:00:00,0.0,303.9297387160994
2050-12-17 08:00:00,0.0,309.13996280837534
2050-12-17 09:00:00,0.0,290.9041784854094
2050-12-17 10:00:00,0.0,253.56423915743147
2050-12-17 11:00:00,0.0,187.56806732193562
2050-12-17 12:00:00,0.0,82.49521479436983
2050-12-17 13:00:00,0.0,1.7367413640919964
2050-12-17 14:00:00,0.0,0.0
2050-12-17 15:00:00,0.0,0.0
2050-12-17 16:00:00,0.0,0.0
2050-12-17 17:00:00,0.0,0.0
2050-12-17 18:00:00,0.0,0.0
2050-12-17 19:00:00,0.0,0.0
2050-12-17 20:00:00,0.0,0.0
2050-12-17 21:00:00,0.0,0.0
2050-12-17 22:00:00,0.0,0.0
2050-12-17 23:00:00,0.0,0.0
2050-12-18 00:00:00,0.0,0.0
2050-12-18 01:00:00,0.0,0.0
2050-12-18 02:00:00,0.0,0.0
2050-12-18 03:00:00,0.0,34.300641940816924
2050-12-18 04:00:00,0.0,119.83515412234776
2050-12-18 05:00:00,0.0,194.5150327783036
2050-12-18 06:00:00,0.0,262.6821313189144
2050-12-18 07:00:00,0.0,305.23229473916837
2050-12-18 08:00:00,0.0,310.00833349042136
2050-12-18 09:00:00,0.0,293.0751051905244
2050-12-18 10:00:00,0.0,253.99842449845448
2050-12-18 11:00:00,0.0,189.3048086860276
2050-12-18 12:00:00,0.0,96.82333104812881
2050-12-18 13:00:00,0.0,3.039297387160994
2050-12-18 14:00:00,0.0,0.0
2050-12-18 15:00:00,0.0,0.0
2050-12-18 16:00:00,0.0,0.0
2050-12-18 17:00:00,0.0,0.0
2050-12-18 18:00:00,0.0,0.0
2050-12-18 19:00:00,0.0,0.0
2050-12-18 20:00:00,0.0,0.0
2050-12-18 21:00:00,0.0,0.0
2050-12-18 22:00:00,0.0,0.0
2050-12-18 23:00:00,0.0,0.0
2050-12-19 00:00:00,0.0,0.0
2050-12-19 01:00:00,0.0,0.0
2050-12-19 02:00:00,0.0,0.0
2050-12-19 03:00:00,0.0,50.3654995586679
2050-12-19 04:00:00,0.0,155.43835208623366
2050-12-19 05:00:00,0.0,230.98660142423552
2050-12-19 06:00:00,0.0,279.61535961881145
2050-12-19 07:00:00,0.0,303.9297387160994
2050-12-19 08:00:00,0.0,306.1006654212144
2050-12-19 09:00:00,0.0,286.5623250751794
2050-12-19 10:00:00,0.0,241.40704960878753
2050-12-19 11:00:00,0.0,174.10832175022264
2050-12-19 12:00:00,0.0,84.66614149948482
2050-12-19 13:00:00,0.0,1.7367413640919964
2050-12-19 14:00:00,0.0,0.0
2050-12-19 15:00:00,0.0,0.0
2050-12-19 16:00:00,0.0,0.0
2050-12-19 17:00:00,0.0,0.0
2050-12-19 18:00:00,0.0,0.0
2050-12-19 19:00:00,0.0,0.0
2050-12-19 20:00:00,0.0,0.0
2050-12-19 21:00:00,0.0,0.0
2050-12-19 22:00:00,0.0,0.0
2050-12-19 23:00:00,0.0,0.0
2050-12-20 00:00:00,0.0,0.0
2050-12-20 01:00:00,0.0,0.0
2050-12-20 02:00:00,0.0,0.0
2050-12-20 03:00:00,0.0,40.379236715138916
2050-12-20 04:00:00,0.0,133.29489969406072
2050-12-20 05:00:00,0.0,211.44826107820057
2050-12-20 06:00:00,0.0,275.7076915496044
2050-12-20 07:00:00,0.0,300.02207064689236
2050-12-20 08:00:00,0.0,302.19299735200735
2050-12-20 09:00:00,0.0,278.31280359574237
2050-12-20 10:00:00,0.0,234.46008415241954
2050-12-20 11:00:00,0.0,164.99042958873966
2050-12-20 12:00:00,0.0,72.50895195084084
2050-12-20 13:00:00,0.0,0.0
2050-12-20 14:00:00,0.0,0.0
2050-12-20 15:00:00,0.0,0.0
2050-12-20 16:00:00,0.0,0.0
2050-12-20 17:00:00,0.0,0.0
2050-12-20 18:00:00,0.0,0.0
2050-12-20 19:00:00,0.0,0.0
2050-12-20 20:00:00,0.0,0.0
2050-12-20 21:00:00,0.0,0.0
2050-12-20 22:00:00,0.0,0.0
2050-12-20 23:00:00,0.0,0.0
2050-12-21 00:00:00,0.0,0.0
2050-12-21 01:00:00,0.0,0.0
2050-12-21 02:00:00,0.0,0.0
2050-12-21 03:00:00,0.0,48.1945728535529
2050-12-21 04:00:00,0.0,147.6230159478197
2050-12-21 05:00:00,0.0,225.77637733195954
2050-12-21 06:00:00,0.0,277.0102475726734
2050-12-21 07:00:00,0.0,303.0613680340534
2050-12-21 08:00:00,0.0,304.7981093981453
2050-12-21 09:00:00,0.0,281.35210098290344
2050-12-21 10:00:00,0.0,236.1968255165115
2050-12-21 11:00:00,0.0,156.74090810930267
2050-12-21 12:00:00,0.0,71.64058126879485
2050-12-21 13:00:00,0.0,0.8683706820459982
2050-12-21 14:00:00,0.0,0.0
2050-12-21 15:00:00,0.0,0.0
2050-12-21 16:00:00,0.0,0.0
2050-12-21 17:00:00,0.0,0.0
2050-12-21 18:00:00,0.0,0.0
2050-12-21 19:00:00,0.0,0.0
2050-12-21 20:00:00,0.0,0.0
2050-12-21 21:00:00,0.0,0.0
2050-12-21 22:00:00,0.0,0.0
2050-12-21 23:00:00,0.0,0.0
2050-12-22 00:00:00,0.0,0.0
2050-12-22 01:00:00,0.0,0.0
2050-12-22 02:00:00,0.0,0.0
2050-12-22 03:00:00,0.0,53.83898228685189
2050-12-22 04:00:00,0.0,152.39905469907265
2050-12-22 05:00:00,0.0,228.38148937809754
2050-12-22 06:00:00,0.0,277.4444329136964
2050-12-22 07:00:00,0.0,303.4955533750764
2050-12-22 08:00:00,0.0,305.6664800801914
2050-12-22 09:00:00,0.0,286.12813973415643
2050-12-22 10:00:00,0.0,247.05145904208646
2050-12-22 11:00:00,0.0,184.0945845937516
2050-12-22 12:00:00,0.0,92.4814776378988
2050-12-22 13:00:00,0.0,2.6051120461379944
2050-12-22 14:00:00,0.0,0.0
2050-12-22 15:00:00,0.0,0.0
2050-12-22 16:00:00,0.0,0.0
2050-12-22 17:00:00,0.0,0.0
2050-12-22 18:00:00,0.0,0.0
2050-12-22 19:00:00,0.0,0.0
2050-12-22 20:00:00,0.0,0.0
2050-12-22 21:00:00,0.0,0.0
2050-12-22 22:00:00,0.0,0.0
2050-12-22 23:00:00,0.0,0.0
2050-12-23 00:00:00,0.0,0.0
2050-12-23 01:00:00,0.0,0.0
2050-12-23 02:00:00,0.0,0.0
2050-12-23 03:00:00,0.0,67.73291319958786
2050-12-23 04:00:00,0.0,170.20065368101567
2050-12-23 05:00:00,0.0,244.8805323369715
2050-12-23 06:00:00,0.0,293.9434758725704
2050-12-23 07:00:00,0.0,318.25785496985833
2050-12-23 08:00:00,0.0,321.2971523570193
2050-12-23 09:00:00,0.0,302.6271826930303
2050-12-23 10:00:00,0.0,260.51120461379946
2050-12-23 11:00:00,0.0,193.64666209625761
2050-12-23 12:00:00,0.0,100.29681377631279
2050-12-23 13:00:00,0.0,3.907668069206992
2050-12-23 14:00:00,0.0,0.0
2050-12-23 15:00:00,0.0,0.0
2050-12-23 16:00:00,0.0,0.0
2050-12-23 17:00:00,0.0,0.0
2050-12-23 18:00:00,0.0,0.0
2050-12-23 19:00:00,0.0,0.0
2050-12-23 20:00:00,0.0,0.0
2050-12-23 21:00:00,0.0,0.0
2050-12-23 22:00:00,0.0,0.0
2050-12-23 23:00:00,0.0,0.0
2050-12-24 00:00:00,0.0,0.0
2050-12-24 01:00:00,0.0,0.0
2050-12-24 02:00:00,0.0,0.0
2050-12-24 03:00:00,0.0,56.00990899196688
2050-12-24 04:00:00,0.0,161.08276151953265
2050-12-24 05:00:00,0.0,236.6310108575345
2050-12-24 06:00:00,0.0,277.8786182547194
2050-12-24 07:00:00,0.0,299.58788530586935
2050-12-24 08:00:00,0.0,300.4562559879153
2050-12-24 09:00:00,0.0,280.4837303008575
2050-12-24 10:00:00,0.0,239.2361229036725
2050-12-24 11:00:00,0.0,175.84506311431463
2050-12-24 12:00:00,0.0,88.13962422766882
2050-12-24 13:00:00,0.0,3.039297387160994
2050-12-24 14:00:00,0.0,0.0
2050-12-24 15:00:00,0.0,0.0
2050-12-24 16:00:00,0.0,0.0
2050-12-24 17:00:00,0.0,0.0
2050-12-24 18:00:00,0.0,0.0
2050-12-24 19:00:00,0.0,0.0
2050-12-24 20:00:00,0.0,0.0
2050-12-24 21:00:00,0.0,0.0
2050-12-24 22:00:00,0.0,0.0
2050-12-24 23:00:00,0.0,0.0
2050-12-25 00:00:00,0.0,0.0
2050-12-25 01:00:00,0.0,0.0
2050-12-25 02:00:00,0.0,0.0
2050-12-25 03:00:00,0.0,73.37732263288686
2050-12-25 04:00:00,0.0,174.97669243226866
2050-12-25 05:00:00,0.0,248.78820040617845
2050-12-25 06:00:00,0.0,296.1144025776854
2050-12-25 07:00:00,0.0,320.42878167497327
2050-12-25 08:00:00,0.0,322.5997083800883
2050-12-25 09:00:00,0.0,305.23229473916837
2050-12-25 10:00:00,0.0,263.5505020009604
2050-12-25 11:00:00,0.0,197.12014482444158
2050-12-25 12:00:00,0.0,103.77029650449677
2050-12-25 13:00:00,0.0,4.77603875125299
2050-12-25 14:00:00,0.0,0.0
2050-12-25 15:00:00,0.0,0.0
2050-12-25 16:00:00,0.0,0.0
2050-12-25 17:00:00,0.0,0.0
2050-12-25 18:00:00,0.0,0.0
2050-12-25 19:00:00,0.0,0.0
2050-12-25 20:00:00,0.0,0.0
2050-12-25 21:00:00,0.0,0.0
2050-12-25 22:00:00,0.0,0.0
2050-12-25 23:00:00,0.0,0.0
2050-12-26 00:00:00,0.0,0.0
2050-12-26 01:00:00,0.0,0.0
2050-12-26 02:00:00,0.0,0.0
2050-12-26 03:00:00,0.0,53.83898228685189
2050-12-26 04:00:00,0.0,155.43835208623366
2050-12-26 05:00:00,0.0,238.3677522216265
2050-12-26 06:00:00,0.0,280.0495449598344
2050-12-26 07:00:00,0.0,308.70577746735233
2050-12-26 08:00:00,0.0,295.68021723666243
2050-12-26 09:00:00,0.0,246.1830883600405
2050-12-26 10:00:00,0.0,190.1731793680736
2050-12-26 11:00:00,0.0,124.61119287360073
2050-12-26 12:00:00,0.0,53.83898228685189
2050-12-26 13:00:00,0.0,0.0
2050-12-26 14:00:00,0.0,0.0
2050-12-26 15:00:00,0.0,0.0
2050-12-26 16:00:00,0.0,0.0
2050-12-26 17:00:00,0.0,0.0
2050-12-26 18:00:00,0.0,0.0
2050-12-26 19:00:00,0.0,0.0
2050-12-26 20:00:00,0.0,0.0
2050-12-26 21:00:00,0.0,0.0
2050-12-26 22:00:00,0.0,0.0
2050-12-26 23:00:00,0.0,0.0
2050-12-27 00:00:00,0.0,0.0
2050-12-27 01:00:00,0.0,0.0
2050-12-27 02:00:00,0.0,0.0
2050-12-27 03:00:00,0.0,25.61693512035695
2050-12-27 04:00:00,0.0,82.06102945334682
2050-12-27 05:00:00,0.0,141.5444211734977
2050-12-27 06:00:00,0.0,188.0022526629586
2050-12-27 07:00:00,0.0,216.65848517047655
2050-12-27 08:00:00,0.0,219.69778255763754
2050-12-27 09:00:00,0.0,184.9629552757976
2050-12-27 10:00:00,0.0,144.1495332196357
2050-12-27 11:00:00,0.0,95.0865896840368
2050-12-27 12:00:00,0.0,39.94505137411591
2050-12-27 13:00:00,0.0,0.0
2050-12-27 14:00:00,0.0,0.0
2050-12-27 15:00:00,0.0,0.0
2050-12-27 16:00:00,0.0,0.0
2050-12-27 17:00:00,0.0,0.0
2050-12-27 18:00:00,0.0,0.0
2050-12-27 19:00:00,0.0,0.0
2050-12-27 20:00:00,0.0,0.0
2050-12-27 21:00:00,0.0,0.0
2050-12-27 22:00:00,0.0,0.0
2050-12-27 23:00:00,0.0,0.0
2050-12-28 00:00:00,0.0,0.0
2050-12-28 01:00:00,0.0,0.0
2050-12-28 02:00:00,0.0,0.0
2050-12-28 03:00:00,0.0,14.328116253758969
2050-12-28 04:00:00,0.0,58.180835697081875
2050-12-28 05:00:00,0.0,97.2575163891518
2050-12-28 06:00:00,0.0,121.57189548643973
2050-12-28 07:00:00,0.0,129.38723162485374
2050-12-28 08:00:00,0.0,122.44026616848572
2050-12-28 09:00:00,0.0,103.33611116347377
2050-12-28 10:00:00,0.0,79.89010274823183
2050-12-28 11:00:00,0.0,51.66805558173689
2050-12-28 12:00:00,0.0,20.40671102808096
2050-12-28 13:00:00,0.0,0.0
2050-12-28 14:00:00,0.0,0.0
2050-12-28 15:00:00,0.0,0.0
2050-12-28 16:00:00,0.0,0.0
2050-12-28 17:00:00,0.0,0.0
2050-12-28 18:00:00,0.0,0.0
2050-12-28 19:00:00,0.0,0.0
2050-12-28 20:00:00,0.0,0.0
2050-12-28 21:00:00,0.0,0.0
2050-12-28 22:00:00,0.0,0.0
2050-12-28 23:00:00,0.0,0.0
2050-12-29 00:00:00,0.0,0.0
2050-12-29 01:00:00,0.0,0.0
2050-12-29 02:00:00,0.0,0.0
2050-12-29 03:00:00,0.0,27.35367648444894
2050-12-29 04:00:00,0.0,97.2575163891518
2050-12-29 05:00:00,0.0,175.41087777329167
2050-12-29 06:00:00,0.0,201.02781289364856
2050-12-29 07:00:00,0.0,216.22429982945354
2050-12-29 08:00:00,0.0,215.79011448843056
2050-12-29 09:00:00,0.0,205.80385164490158
2050-12-29 10:00:00,0.0,164.12205890669364
2050-12-29 11:00:00,0.0,105.94122320961178
2050-12-29 12:00:00,0.0,37.77412466900092
2050-12-29 13:00:00,0.0,0.0
2050-12-29 14:00:00,0.0,0.0
2050-12-29 15:00:00,0.0,0.0
2050-12-29 16:00:00,0.0,0.0
2050-12-29 17:00:00,0.0,0.0
2050-12-29 18:00:00,0.0,0.0
2050-12-29 19:00:00,0.0,0.0
2050-12-29 20:00:00,0.0,0.0
2050-12-29 21:00:00,0.0,0.0
2050-12-29 22:00:00,0.0,0.0
2050-12-29 23:00:00,0.0,0.0
2050-12-30 00:00:00,0.0,0.0
2050-12-30 01:00:00,0.0,0.0
2050-12-30 02:00:00,0.0,0.0
2050-12-30 03:00:00,0.0,49.4971288766219
2050-12-30 04:00:00,0.0,146.3204599247507
2050-12-30 05:00:00,0.0,221.86870926275256
2050-12-30 06:00:00,0.0,270.4974674573284
2050-12-30 07:00:00,0.0,285.2597690521104
2050-12-30 08:00:00,0.0,290.4699931443864
2050-12-30 09:00:00,0.0,250.09075642924748
2050-12-30 10:00:00,0.0,191.04155005011958
2050-12-30 11:00:00,0.0,135.4658263991757
2050-12-30 12:00:00,0.0,62.08850376628887
2050-12-30 13:00:00,0.0,0.8683706820459982
2050-12-30 14:00:00,0.0,0.0
2050-12-30 15:00:00,0.0,0.0
2050-12-30 16:00:00,0.0,0.0
2050-12-30 17:00:00,0.0,0.0
2050-12-30 18:00:00,0.0,0.0
2050-12-30 19:00:00,0.0,0.0
2050-12-30 20:00:00,0.0,0.0
2050-12-30 21:00:00,0.0,0.0
2050-12-30 22:00:00,0.0,0.0
2050-12-30 23:00:00,0.0,0.0
2050-12-31 00:00:00,0.0,0.0
2050-12-31 01:00:00,0.0,0.0
2050-12-31 02:00:00,0.0,0.0
2050-12-31 03:00:00,0.0,62.08850376628887
2050-12-31 04:00:00,0.0,159.34602015544067
2050-12-31 05:00:00,0.0,233.59171347037352
2050-12-31 06:00:00,0.0,266.58979938812143
2050-12-31 07:00:00,0.0,285.69395439313337
2050-12-31 08:00:00,0.0,280.0495449598344
2050-12-31 09:00:00,0.0,279.1811742777884
2050-12-31 10:00:00,0.0,230.98660142423552
2050-12-31 11:00:00,0.0,169.76646833999266
2050-12-31 12:00:00,0.0,70.77221058674886
2050-12-31 13:00:00,0.0,0.8683706820459982
2050-12-31 14:00:00,0.0,0.0
2050-12-31 15:00:00,0.0,0.0
2050-12-31 16:00:00,0.0,0.0
2050-12-31 17:00:00,0.0,0.0
2050-12-31 18:00:00,0.0,0.0
2050-12-31 19:00:00,0.0,0.0
2050-12-31 20:00:00,0.0,0.0
2050-12-31 21:00:00,0.0,0.0
2050-12-31 22:00:00,0.0,0.0
2050-12-31 23:00:00,0.0,0.0
