timestamp,P_wind_MW,P_solar_MW
2033-01-01 00:00:00,0.0,0.0
2033-01-01 01:00:00,0.0,0.0
2033-01-01 02:00:00,0.0,0.0
2033-01-01 03:00:00,0.0,77.72869463416943
2033-01-01 04:00:00,0.0,187.40722080508337
2033-01-01 05:00:00,0.0,268.4739575401067
2033-01-01 06:00:00,0.0,318.54458905291517
2033-01-01 07:00:00,0.0,345.7257890170113
2033-01-01 08:00:00,0.0,349.0638311178652
2033-01-01 09:00:00,0.0,327.60498904094726
2033-01-01 10:00:00,0.0,281.8261259435223
2033-01-01 11:00:00,0.0,208.8660628820013
2033-01-01 12:00:00,0.0,106.34048407006003
2033-01-01 13:00:00,0.0,4.291768415383588
2033-01-01 14:00:00,0.0,0.0
2033-01-01 15:00:00,0.0,0.0
2033-01-01 16:00:00,0.0,0.0
2033-01-01 17:00:00,0.0,0.0
2033-01-01 18:00:00,0.0,0.0
2033-01-01 19:00:00,0.0,0.0
2033-01-01 20:00:00,0.0,0.0
2033-01-01 21:00:00,0.0,0.0
2033-01-01 22:00:00,0.0,0.0
2033-01-01 23:00:00,0.0,0.0
2033-01-02 00:00:00,0.0,0.0
2033-01-02 01:00:00,0.0,0.0
2033-01-02 02:00:00,0.0,0.0
2033-01-02 03:00:00,0.0,72.48319990425615
2033-01-02 04:00:00,0.0,182.1617260751701
2033-01-02 05:00:00,0.0,264.1821891247231
2033-01-02 06:00:00,0.0,316.6371364238559
2033-01-02 07:00:00,0.0,343.8183363879519
2033-01-02 08:00:00,0.0,346.20265217427607
2033-01-02 09:00:00,0.0,324.26694694009336
2033-01-02 10:00:00,0.0,278.01122068540354
2033-01-02 11:00:00,0.0,204.57429446661772
2033-01-02 12:00:00,0.0,102.52557881194129
2033-01-02 13:00:00,0.0,4.291768415383588
2033-01-02 14:00:00,0.0,0.0
2033-01-02 15:00:00,0.0,0.0
2033-01-02 16:00:00,0.0,0.0
2033-01-02 17:00:00,0.0,0.0
2033-01-02 18:00:00,0.0,0.0
2033-01-02 19:00:00,0.0,0.0
2033-01-02 20:00:00,0.0,0.0
2033-01-02 21:00:00,0.0,0.0
2033-01-02 22:00:00,0.0,0.0
2033-01-02 23:00:00,0.0,0.0
2033-01-03 00:00:00,0.0,0.0
2033-01-03 01:00:00,0.0,0.0
2033-01-03 02:00:00,0.0,0.0
2033-01-03 03:00:00,0.0,77.72869463416943
2033-01-03 04:00:00,0.0,186.93035764781854
2033-01-03 05:00:00,0.0,268.95082069737157
2033-01-03 06:00:00,0.0,322.359494311034
2033-01-03 07:00:00,0.0,348.5869679606003
2033-01-03 08:00:00,0.0,350.97128374692454
2033-01-03 09:00:00,0.0,329.9893048272714
2033-01-03 10:00:00,0.0,284.6873048871114
2033-01-03 11:00:00,0.0,212.2041049828552
2033-01-03 12:00:00,0.0,110.63225248544362
2033-01-03 13:00:00,0.0,5.722357887178118
2033-01-03 14:00:00,0.0,0.0
2033-01-03 15:00:00,0.0,0.0
2033-01-03 16:00:00,0.0,0.0
2033-01-03 17:00:00,0.0,0.0
2033-01-03 18:00:00,0.0,0.0
2033-01-03 19:00:00,0.0,0.0
2033-01-03 20:00:00,0.0,0.0
2033-01-03 21:00:00,0.0,0.0
2033-01-03 22:00:00,0.0,0.0
2033-01-03 23:00:00,0.0,0.0
2033-01-04 00:00:00,0.0,0.0
2033-01-04 01:00:00,0.0,0.0
2033-01-04 02:00:00,0.0,0.0
2033-01-04 03:00:00,0.0,81.54359989228819
2033-01-04 04:00:00,0.0,192.17585237773181
2033-01-04 05:00:00,0.0,272.28886279822547
2033-01-04 06:00:00,0.0,321.8826311537691
2033-01-04 07:00:00,0.0,347.1563784888058
2033-01-04 08:00:00,0.0,349.0638311178652
2033-01-04 09:00:00,0.0,328.08185219821206
2033-01-04 10:00:00,0.0,281.8261259435223
2033-01-04 11:00:00,0.0,209.34292603926616
2033-01-04 12:00:00,0.0,107.77107354185455
2033-01-04 13:00:00,0.0,5.722357887178118
2033-01-04 14:00:00,0.0,0.0
2033-01-04 15:00:00,0.0,0.0
2033-01-04 16:00:00,0.0,0.0
2033-01-04 17:00:00,0.0,0.0
2033-01-04 18:00:00,0.0,0.0
2033-01-04 19:00:00,0.0,0.0
2033-01-04 20:00:00,0.0,0.0
2033-01-04 21:00:00,0.0,0.0
2033-01-04 22:00:00,0.0,0.0
2033-01-04 23:00:00,0.0,0.0
2033-01-05 00:00:00,0.0,0.0
2033-01-05 01:00:00,0.0,0.0
2033-01-05 02:00:00,0.0,0.0
2033-01-05 03:00:00,0.0,73.43692621878584
2033-01-05 04:00:00,0.0,181.20799976064038
2033-01-05 05:00:00,0.0,260.84414702386925
2033-01-05 06:00:00,0.0,308.05359959308873
2033-01-05 07:00:00,0.0,333.3273469281254
2033-01-05 08:00:00,0.0,335.2347995571847
2033-01-05 09:00:00,0.0,314.7296837947965
2033-01-05 10:00:00,0.0,267.99709438284185
2033-01-05 11:00:00,0.0,193.12957869226148
2033-01-05 12:00:00,0.0,90.12713672305534
2033-01-05 13:00:00,0.0,2.384315786324216
2033-01-05 14:00:00,0.0,0.0
2033-01-05 15:00:00,0.0,0.0
2033-01-05 16:00:00,0.0,0.0
2033-01-05 17:00:00,0.0,0.0
2033-01-05 18:00:00,0.0,0.0
2033-01-05 19:00:00,0.0,0.0
2033-01-05 20:00:00,0.0,0.0
2033-01-05 21:00:00,0.0,0.0
2033-01-05 22:00:00,0.0,0.0
2033-01-05 23:00:00,0.0,0.0
2033-01-06 00:00:00,0.0,0.0
2033-01-06 01:00:00,0.0,0.0
2033-01-06 02:00:00,0.0,0.0
2033-01-06 03:00:00,0.0,54.83926308545696
2033-01-06 04:00:00,0.0,155.93425242560372
2033-01-06 05:00:00,0.0,247.4919786204536
2033-01-06 06:00:00,0.0,303.7618311777051
2033-01-06 07:00:00,0.0,333.3273469281254
2033-01-06 08:00:00,0.0,337.61911534350895
2033-01-06 09:00:00,0.0,317.1139995811207
2033-01-06 10:00:00,0.0,270.3814101691661
2033-01-06 11:00:00,0.0,196.46762079311537
2033-01-06 12:00:00,0.0,92.98831566664441
2033-01-06 13:00:00,0.0,3.3380421008539023
2033-01-06 14:00:00,0.0,0.0
2033-01-06 15:00:00,0.0,0.0
2033-01-06 16:00:00,0.0,0.0
2033-01-06 17:00:00,0.0,0.0
2033-01-06 18:00:00,0.0,0.0
2033-01-06 19:00:00,0.0,0.0
2033-01-06 20:00:00,0.0,0.0
2033-01-06 21:00:00,0.0,0.0
2033-01-06 22:00:00,0.0,0.0
2033-01-06 23:00:00,0.0,0.0
2033-01-07 00:00:00,0.0,0.0
2033-01-07 01:00:00,0.0,0.0
2033-01-07 02:00:00,0.0,0.0
2033-01-07 03:00:00,0.0,77.72869463416943
2033-01-07 04:00:00,0.0,186.45349449055368
2033-01-07 05:00:00,0.0,268.4739575401067
2033-01-07 06:00:00,0.0,320.4520416819746
2033-01-07 07:00:00,0.0,348.1101048033355
2033-01-07 08:00:00,0.0,350.4944205896597
2033-01-07 09:00:00,0.0,326.17439956915274
2033-01-07 10:00:00,0.0,278.96494699993326
2033-01-07 11:00:00,0.0,204.09743130935286
2033-01-07 12:00:00,0.0,99.66439986835222
2033-01-07 13:00:00,0.0,3.814905258118745
2033-01-07 14:00:00,0.0,0.0
2033-01-07 15:00:00,0.0,0.0
2033-01-07 16:00:00,0.0,0.0
2033-01-07 17:00:00,0.0,0.0
2033-01-07 18:00:00,0.0,0.0
2033-01-07 19:00:00,0.0,0.0
2033-01-07 20:00:00,0.0,0.0
2033-01-07 21:00:00,0.0,0.0
2033-01-07 22:00:00,0.0,0.0
2033-01-07 23:00:00,0.0,0.0
2033-01-08 00:00:00,0.0,0.0
2033-01-08 01:00:00,0.0,0.0
2033-01-08 02:00:00,0.0,0.0
2033-01-08 03:00:00,0.0,74.86751569058038
2033-01-08 04:00:00,0.0,186.45349449055368
2033-01-08 05:00:00,0.0,268.4739575401067
2033-01-08 06:00:00,0.0,319.4983153674449
2033-01-08 07:00:00,0.0,346.20265217427607
2033-01-08 08:00:00,0.0,348.1101048033355
2033-01-08 09:00:00,0.0,327.12812588368246
2033-01-08 10:00:00,0.0,279.918673314463
2033-01-08 11:00:00,0.0,206.00488393841223
2033-01-08 12:00:00,0.0,104.43303144100065
2033-01-08 13:00:00,0.0,5.722357887178118
2033-01-08 14:00:00,0.0,0.0
2033-01-08 15:00:00,0.0,0.0
2033-01-08 16:00:00,0.0,0.0
2033-01-08 17:00:00,0.0,0.0
2033-01-08 18:00:00,0.0,0.0
2033-01-08 19:00:00,0.0,0.0
2033-01-08 20:00:00,0.0,0.0
2033-01-08 21:00:00,0.0,0.0
2033-01-08 22:00:00,0.0,0.0
2033-01-08 23:00:00,0.0,0.0
2033-01-09 00:00:00,0.0,0.0
2033-01-09 01:00:00,0.0,0.0
2033-01-09 02:00:00,0.0,0.0
2033-01-09 03:00:00,0.0,79.15928410596398
2033-01-09 04:00:00,0.0,188.36094711961306
2033-01-09 05:00:00,0.0,269.90454701190123
2033-01-09 06:00:00,0.0,323.3132206255637
2033-01-09 07:00:00,0.0,349.54069427513
2033-01-09 08:00:00,0.0,352.4018732187191
2033-01-09 09:00:00,0.0,328.558715355477
2033-01-09 10:00:00,0.0,281.8261259435223
2033-01-09 11:00:00,0.0,205.05115762388257
2033-01-09 12:00:00,0.0,105.38675775553034
2033-01-09 13:00:00,0.0,6.199221044442961
2033-01-09 14:00:00,0.0,0.0
2033-01-09 15:00:00,0.0,0.0
2033-01-09 16:00:00,0.0,0.0
2033-01-09 17:00:00,0.0,0.0
2033-01-09 18:00:00,0.0,0.0
2033-01-09 19:00:00,0.0,0.0
2033-01-09 20:00:00,0.0,0.0
2033-01-09 21:00:00,0.0,0.0
2033-01-09 22:00:00,0.0,0.0
2033-01-09 23:00:00,0.0,0.0
2033-01-10 00:00:00,0.0,0.0
2033-01-10 01:00:00,0.0,0.0
2033-01-10 02:00:00,0.0,0.0
2033-01-10 03:00:00,0.0,68.66829464613741
2033-01-10 04:00:00,0.0,188.36094711961306
2033-01-10 05:00:00,0.0,269.90454701190123
2033-01-10 06:00:00,0.0,324.7438100973582
2033-01-10 07:00:00,0.0,350.97128374692454
2033-01-10 08:00:00,0.0,352.8787363759839
2033-01-10 09:00:00,0.0,329.9893048272714
2033-01-10 10:00:00,0.0,281.8261259435223
2033-01-10 11:00:00,0.0,209.34292603926616
2033-01-10 12:00:00,0.0,107.2942103845897
2033-01-10 13:00:00,0.0,6.199221044442961
2033-01-10 14:00:00,0.0,0.0
2033-01-10 15:00:00,0.0,0.0
2033-01-10 16:00:00,0.0,0.0
2033-01-10 17:00:00,0.0,0.0
2033-01-10 18:00:00,0.0,0.0
2033-01-10 19:00:00,0.0,0.0
2033-01-10 20:00:00,0.0,0.0
2033-01-10 21:00:00,0.0,0.0
2033-01-10 22:00:00,0.0,0.0
2033-01-10 23:00:00,0.0,0.0
2033-01-11 00:00:00,0.0,0.0
2033-01-11 01:00:00,0.0,0.0
2033-01-11 02:00:00,0.0,0.0
2033-01-11 03:00:00,0.0,67.71456833160772
2033-01-11 04:00:00,0.0,178.34682081705134
2033-01-11 05:00:00,0.0,261.79787333839886
2033-01-11 06:00:00,0.0,319.9751785247098
2033-01-11 07:00:00,0.0,343.8183363879519
2033-01-11 08:00:00,0.0,343.8183363879519
2033-01-11 09:00:00,0.0,313.77595748026675
2033-01-11 10:00:00,0.0,260.84414702386925
2033-01-11 11:00:00,0.0,178.34682081705134
2033-01-11 12:00:00,0.0,73.43692621878584
2033-01-11 13:00:00,0.0,1.4305894717945296
2033-01-11 14:00:00,0.0,0.0
2033-01-11 15:00:00,0.0,0.0
2033-01-11 16:00:00,0.0,0.0
2033-01-11 17:00:00,0.0,0.0
2033-01-11 18:00:00,0.0,0.0
2033-01-11 19:00:00,0.0,0.0
2033-01-11 20:00:00,0.0,0.0
2033-01-11 21:00:00,0.0,0.0
2033-01-11 22:00:00,0.0,0.0
2033-01-11 23:00:00,0.0,0.0
2033-01-12 00:00:00,0.0,0.0
2033-01-12 01:00:00,0.0,0.0
2033-01-12 02:00:00,0.0,0.0
2033-01-12 03:00:00,0.0,70.09888411793195
2033-01-12 04:00:00,0.0,181.68486291790524
2033-01-12 05:00:00,0.0,264.659052281988
2033-01-12 06:00:00,0.0,326.17439956915274
2033-01-12 07:00:00,0.0,349.54069427513
2033-01-12 08:00:00,0.0,350.01755743239494
2033-01-12 09:00:00,0.0,328.08185219821206
2033-01-12 10:00:00,0.0,280.3955364717278
2033-01-12 11:00:00,0.0,206.48174709567706
2033-01-12 12:00:00,0.0,102.52557881194129
2033-01-12 13:00:00,0.0,5.245494729913275
2033-01-12 14:00:00,0.0,0.0
2033-01-12 15:00:00,0.0,0.0
2033-01-12 16:00:00,0.0,0.0
2033-01-12 17:00:00,0.0,0.0
2033-01-12 18:00:00,0.0,0.0
2033-01-12 19:00:00,0.0,0.0
2033-01-12 20:00:00,0.0,0.0
2033-01-12 21:00:00,0.0,0.0
2033-01-12 22:00:00,0.0,0.0
2033-01-12 23:00:00,0.0,0.0
2033-01-13 00:00:00,0.0,0.0
2033-01-13 01:00:00,0.0,0.0
2033-01-13 02:00:00,0.0,0.0
2033-01-13 03:00:00,0.0,74.39065253331552
2033-01-13 04:00:00,0.0,183.11545238969978
2033-01-13 05:00:00,0.0,265.6127785965176
2033-01-13 06:00:00,0.0,315.6834101093262
2033-01-13 07:00:00,0.0,342.8646100734222
2033-01-13 08:00:00,0.0,345.7257890170113
2033-01-13 09:00:00,0.0,323.7900837828285
2033-01-13 10:00:00,0.0,276.10376805634417
2033-01-13 11:00:00,0.0,200.759389208499
2033-01-13 12:00:00,0.0,96.80322092476315
2033-01-13 13:00:00,0.0,4.291768415383588
2033-01-13 14:00:00,0.0,0.0
2033-01-13 15:00:00,0.0,0.0
2033-01-13 16:00:00,0.0,0.0
2033-01-13 17:00:00,0.0,0.0
2033-01-13 18:00:00,0.0,0.0
2033-01-13 19:00:00,0.0,0.0
2033-01-13 20:00:00,0.0,0.0
2033-01-13 21:00:00,0.0,0.0
2033-01-13 22:00:00,0.0,0.0
2033-01-13 23:00:00,0.0,0.0
2033-01-14 00:00:00,0.0,0.0
2033-01-14 01:00:00,0.0,0.0
2033-01-14 02:00:00,0.0,0.0
2033-01-14 03:00:00,0.0,54.362399928192126
2033-01-14 04:00:00,0.0,163.08719978457637
2033-01-14 05:00:00,0.0,241.7696207332755
2033-01-14 06:00:00,0.0,306.6230101212941
2033-01-14 07:00:00,0.0,340.95715744436285
2033-01-14 08:00:00,0.0,330.94303114180116
2033-01-14 09:00:00,0.0,308.53046275035354
2033-01-14 10:00:00,0.0,270.8582733264309
2033-01-14 11:00:00,0.0,195.03703132132085
2033-01-14 12:00:00,0.0,93.9420419811741
2033-01-14 13:00:00,0.0,3.3380421008539023
2033-01-14 14:00:00,0.0,0.0
2033-01-14 15:00:00,0.0,0.0
2033-01-14 16:00:00,0.0,0.0
2033-01-14 17:00:00,0.0,0.0
2033-01-14 18:00:00,0.0,0.0
2033-01-14 19:00:00,0.0,0.0
2033-01-14 20:00:00,0.0,0.0
2033-01-14 21:00:00,0.0,0.0
2033-01-14 22:00:00,0.0,0.0
2033-01-14 23:00:00,0.0,0.0
2033-01-15 00:00:00,0.0,0.0
2033-01-15 01:00:00,0.0,0.0
2033-01-15 02:00:00,0.0,0.0
2033-01-15 03:00:00,0.0,64.37652623075383
2033-01-15 04:00:00,0.0,159.27229452645759
2033-01-15 05:00:00,0.0,243.67707336233488
2033-01-15 06:00:00,0.0,306.6230101212941
2033-01-15 07:00:00,0.0,338.0959785007738
2033-01-15 08:00:00,0.0,342.38774691615737
2033-01-15 09:00:00,0.0,327.60498904094726
2033-01-15 10:00:00,0.0,285.1641680443762
2033-01-15 11:00:00,0.0,212.2041049828552
2033-01-15 12:00:00,0.0,109.67852617091393
2033-01-15 13:00:00,0.0,7.62981051623749
2033-01-15 14:00:00,0.0,0.0
2033-01-15 15:00:00,0.0,0.0
2033-01-15 16:00:00,0.0,0.0
2033-01-15 17:00:00,0.0,0.0
2033-01-15 18:00:00,0.0,0.0
2033-01-15 19:00:00,0.0,0.0
2033-01-15 20:00:00,0.0,0.0
2033-01-15 21:00:00,0.0,0.0
2033-01-15 22:00:00,0.0,0.0
2033-01-15 23:00:00,0.0,0.0
2033-01-16 00:00:00,0.0,0.0
2033-01-16 01:00:00,0.0,0.0
2033-01-16 02:00:00,0.0,0.0
2033-01-16 03:00:00,0.0,80.5898735777585
2033-01-16 04:00:00,0.0,188.36094711961306
2033-01-16 05:00:00,0.0,270.8582733264309
2033-01-16 06:00:00,0.0,324.26694694009336
2033-01-16 07:00:00,0.0,350.97128374692454
2033-01-16 08:00:00,0.0,353.3555995332488
2033-01-16 09:00:00,0.0,333.80421008539025
2033-01-16 10:00:00,0.0,287.0716206734356
2033-01-16 11:00:00,0.0,213.63469445464975
2033-01-16 12:00:00,0.0,111.58597879997329
2033-01-16 13:00:00,0.0,8.106673673502334
2033-01-16 14:00:00,0.0,0.0
2033-01-16 15:00:00,0.0,0.0
2033-01-16 16:00:00,0.0,0.0
2033-01-16 17:00:00,0.0,0.0
2033-01-16 18:00:00,0.0,0.0
2033-01-16 19:00:00,0.0,0.0
2033-01-16 20:00:00,0.0,0.0
2033-01-16 21:00:00,0.0,0.0
2033-01-16 22:00:00,0.0,0.0
2033-01-16 23:00:00,0.0,0.0
2033-01-17 00:00:00,0.0,0.0
2033-01-17 01:00:00,0.0,0.0
2033-01-17 02:00:00,0.0,0.0
2033-01-17 03:00:00,0.0,86.3122314649366
2033-01-17 04:00:00,0.0,195.03703132132085
2033-01-17 05:00:00,0.0,276.10376805634417
2033-01-17 06:00:00,0.0,328.08185219821206
2033-01-17 07:00:00,0.0,354.30932584777844
2033-01-17 08:00:00,0.0,355.73991531957296
2033-01-17 09:00:00,0.0,331.8967574563308
2033-01-17 10:00:00,0.0,284.21044172984654
2033-01-17 11:00:00,0.0,208.8660628820013
2033-01-17 12:00:00,0.0,104.90989459826548
2033-01-17 13:00:00,0.0,6.676084201707805
2033-01-17 14:00:00,0.0,0.0
2033-01-17 15:00:00,0.0,0.0
2033-01-17 16:00:00,0.0,0.0
2033-01-17 17:00:00,0.0,0.0
2033-01-17 18:00:00,0.0,0.0
2033-01-17 19:00:00,0.0,0.0
2033-01-17 20:00:00,0.0,0.0
2033-01-17 21:00:00,0.0,0.0
2033-01-17 22:00:00,0.0,0.0
2033-01-17 23:00:00,0.0,0.0
2033-01-18 00:00:00,0.0,0.0
2033-01-18 01:00:00,0.0,0.0
2033-01-18 02:00:00,0.0,0.0
2033-01-18 03:00:00,0.0,79.15928410596398
2033-01-18 04:00:00,0.0,185.02290501875916
2033-01-18 05:00:00,0.0,259.89042070933954
2033-01-18 06:00:00,0.0,305.19242064949964
2033-01-18 07:00:00,0.0,342.38774691615737
2033-01-18 08:00:00,0.0,343.3414732306871
2033-01-18 09:00:00,0.0,323.3132206255637
2033-01-18 10:00:00,0.0,280.3955364717278
2033-01-18 11:00:00,0.0,208.38919972473647
2033-01-18 12:00:00,0.0,106.34048407006003
2033-01-18 13:00:00,0.0,7.62981051623749
2033-01-18 14:00:00,0.0,0.0
2033-01-18 15:00:00,0.0,0.0
2033-01-18 16:00:00,0.0,0.0
2033-01-18 17:00:00,0.0,0.0
2033-01-18 18:00:00,0.0,0.0
2033-01-18 19:00:00,0.0,0.0
2033-01-18 20:00:00,0.0,0.0
2033-01-18 21:00:00,0.0,0.0
2033-01-18 22:00:00,0.0,0.0
2033-01-18 23:00:00,0.0,0.0
2033-01-19 00:00:00,0.0,0.0
2033-01-19 01:00:00,0.0,0.0
2033-01-19 02:00:00,0.0,0.0
2033-01-19 03:00:00,0.0,79.15928410596398
2033-01-19 04:00:00,0.0,187.40722080508337
2033-01-19 05:00:00,0.0,267.52023122557705
2033-01-19 06:00:00,0.0,319.4983153674449
2033-01-19 07:00:00,0.0,345.7257890170113
2033-01-19 08:00:00,0.0,348.1101048033355
2033-01-19 09:00:00,0.0,320.4520416819746
2033-01-19 10:00:00,0.0,270.8582733264309
2033-01-19 11:00:00,0.0,192.17585237773181
2033-01-19 12:00:00,0.0,86.78909462220145
2033-01-19 13:00:00,0.0,3.814905258118745
2033-01-19 14:00:00,0.0,0.0
2033-01-19 15:00:00,0.0,0.0
2033-01-19 16:00:00,0.0,0.0
2033-01-19 17:00:00,0.0,0.0
2033-01-19 18:00:00,0.0,0.0
2033-01-19 19:00:00,0.0,0.0
2033-01-19 20:00:00,0.0,0.0
2033-01-19 21:00:00,0.0,0.0
2033-01-19 22:00:00,0.0,0.0
2033-01-19 23:00:00,0.0,0.0
2033-01-20 00:00:00,0.0,0.0
2033-01-20 01:00:00,0.0,0.0
2033-01-20 02:00:00,0.0,0.0
2033-01-20 03:00:00,0.0,49.11690519827885
2033-01-20 04:00:00,0.0,147.82757875210137
2033-01-20 05:00:00,0.0,234.139810217038
2033-01-20 06:00:00,0.0,298.99319960505665
2033-01-20 07:00:00,0.0,326.17439956915274
2033-01-20 08:00:00,0.0,326.65126272641754
2033-01-20 09:00:00,0.0,304.7155574922348
2033-01-20 10:00:00,0.0,251.78374703583717
2033-01-20 11:00:00,0.0,171.67073661534354
2033-01-20 12:00:00,0.0,73.43692621878584
2033-01-20 13:00:00,0.0,2.861178943589059
2033-01-20 14:00:00,0.0,0.0
2033-01-20 15:00:00,0.0,0.0
2033-01-20 16:00:00,0.0,0.0
2033-01-20 17:00:00,0.0,0.0
2033-01-20 18:00:00,0.0,0.0
2033-01-20 19:00:00,0.0,0.0
2033-01-20 20:00:00,0.0,0.0
2033-01-20 21:00:00,0.0,0.0
2033-01-20 22:00:00,0.0,0.0
2033-01-20 23:00:00,0.0,0.0
2033-01-21 00:00:00,0.0,0.0
2033-01-21 01:00:00,0.0,0.0
2033-01-21 02:00:00,0.0,0.0
2033-01-21 03:00:00,0.0,86.3122314649366
2033-01-21 04:00:00,0.0,200.759389208499
2033-01-21 05:00:00,0.0,282.30298910078716
2033-01-21 06:00:00,0.0,335.2347995571847
2033-01-21 07:00:00,0.0,359.55482057769177
2033-01-21 08:00:00,0.0,360.5085468922214
2033-01-21 09:00:00,0.0,337.61911534350895
2033-01-21 10:00:00,0.0,288.97907330249495
2033-01-21 11:00:00,0.0,211.72724182559034
2033-01-21 12:00:00,0.0,105.38675775553034
2033-01-21 13:00:00,0.0,7.62981051623749
2033-01-21 14:00:00,0.0,0.0
2033-01-21 15:00:00,0.0,0.0
2033-01-21 16:00:00,0.0,0.0
2033-01-21 17:00:00,0.0,0.0
2033-01-21 18:00:00,0.0,0.0
2033-01-21 19:00:00,0.0,0.0
2033-01-21 20:00:00,0.0,0.0
2033-01-21 21:00:00,0.0,0.0
2033-01-21 22:00:00,0.0,0.0
2033-01-21 23:00:00,0.0,0.0
2033-01-22 00:00:00,0.0,0.0
2033-01-22 01:00:00,0.0,0.0
2033-01-22 02:00:00,0.0,0.0
2033-01-22 03:00:00,0.0,86.3122314649366
2033-01-22 04:00:00,0.0,198.85193657943958
2033-01-22 05:00:00,0.0,280.87239962899264
2033-01-22 06:00:00,0.0,335.7116627144496
2033-01-22 07:00:00,0.0,361.939136364016
2033-01-22 08:00:00,0.0,362.8928626785456
2033-01-22 09:00:00,0.0,341.4340206016277
2033-01-22 10:00:00,0.0,292.7939785606137
2033-01-22 11:00:00,0.0,216.01901024097393
2033-01-22 12:00:00,0.0,109.67852617091393
2033-01-22 13:00:00,0.0,8.106673673502334
2033-01-22 14:00:00,0.0,0.0
2033-01-22 15:00:00,0.0,0.0
2033-01-22 16:00:00,0.0,0.0
2033-01-22 17:00:00,0.0,0.0
2033-01-22 18:00:00,0.0,0.0
2033-01-22 19:00:00,0.0,0.0
2033-01-22 20:00:00,0.0,0.0
2033-01-22 21:00:00,0.0,0.0
2033-01-22 22:00:00,0.0,0.0
2033-01-22 23:00:00,0.0,0.0
2033-01-23 00:00:00,0.0,0.0
2033-01-23 01:00:00,0.0,0.0
2033-01-23 02:00:00,0.0,0.0
2033-01-23 03:00:00,0.0,85.35850515040693
2033-01-23 04:00:00,0.0,197.42134710764503
2033-01-23 05:00:00,0.0,279.918673314463
2033-01-23 06:00:00,0.0,330.94303114180116
2033-01-23 07:00:00,0.0,358.1242311058972
2033-01-23 08:00:00,0.0,360.0316837349566
2033-01-23 09:00:00,0.0,340.48029428709805
2033-01-23 10:00:00,0.0,292.7939785606137
2033-01-23 11:00:00,0.0,216.97273655550364
2033-01-23 12:00:00,0.0,111.58597879997329
2033-01-23 13:00:00,0.0,9.537263145296864
2033-01-23 14:00:00,0.0,0.0
2033-01-23 15:00:00,0.0,0.0
2033-01-23 16:00:00,0.0,0.0
2033-01-23 17:00:00,0.0,0.0
2033-01-23 18:00:00,0.0,0.0
2033-01-23 19:00:00,0.0,0.0
2033-01-23 20:00:00,0.0,0.0
2033-01-23 21:00:00,0.0,0.0
2033-01-23 22:00:00,0.0,0.0
2033-01-23 23:00:00,0.0,0.0
2033-01-24 00:00:00,0.0,0.0
2033-01-24 01:00:00,0.0,0.0
2033-01-24 02:00:00,0.0,0.0
2033-01-24 03:00:00,0.0,87.74282093673114
2033-01-24 04:00:00,0.0,196.9444839503802
2033-01-24 05:00:00,0.0,278.01122068540354
2033-01-24 06:00:00,0.0,330.94303114180116
2033-01-24 07:00:00,0.0,357.6473679486324
2033-01-24 08:00:00,0.0,360.0316837349566
2033-01-24 09:00:00,0.0,339.52656797256833
2033-01-24 10:00:00,0.0,292.31711540334885
2033-01-24 11:00:00,0.0,217.4495997127685
2033-01-24 12:00:00,0.0,113.49343142903267
2033-01-24 13:00:00,0.0,10.967852617091392
2033-01-24 14:00:00,0.0,0.0
2033-01-24 15:00:00,0.0,0.0
2033-01-24 16:00:00,0.0,0.0
2033-01-24 17:00:00,0.0,0.0
2033-01-24 18:00:00,0.0,0.0
2033-01-24 19:00:00,0.0,0.0
2033-01-24 20:00:00,0.0,0.0
2033-01-24 21:00:00,0.0,0.0
2033-01-24 22:00:00,0.0,0.0
2033-01-24 23:00:00,0.0,0.0
2033-01-25 00:00:00,0.0,0.0
2033-01-25 01:00:00,0.0,0.0
2033-01-25 02:00:00,0.0,0.0
2033-01-25 03:00:00,0.0,82.02046304955302
2033-01-25 04:00:00,0.0,188.36094711961306
2033-01-25 05:00:00,0.0,270.3814101691661
2033-01-25 06:00:00,0.0,323.3132206255637
2033-01-25 07:00:00,0.0,350.4944205896597
2033-01-25 08:00:00,0.0,353.83246269051364
2033-01-25 09:00:00,0.0,329.0355785127418
2033-01-25 10:00:00,0.0,278.96494699993326
2033-01-25 11:00:00,0.0,205.05115762388257
2033-01-25 12:00:00,0.0,104.90989459826548
2033-01-25 13:00:00,0.0,8.583536830767176
2033-01-25 14:00:00,0.0,0.0
2033-01-25 15:00:00,0.0,0.0
2033-01-25 16:00:00,0.0,0.0
2033-01-25 17:00:00,0.0,0.0
2033-01-25 18:00:00,0.0,0.0
2033-01-25 19:00:00,0.0,0.0
2033-01-25 20:00:00,0.0,0.0
2033-01-25 21:00:00,0.0,0.0
2033-01-25 22:00:00,0.0,0.0
2033-01-25 23:00:00,0.0,0.0
2033-01-26 00:00:00,0.0,0.0
2033-01-26 01:00:00,0.0,0.0
2033-01-26 02:00:00,0.0,0.0
2033-01-26 03:00:00,0.0,80.11301042049365
2033-01-26 04:00:00,0.0,187.8840839623482
2033-01-26 05:00:00,0.0,269.90454701190123
2033-01-26 06:00:00,0.0,324.7438100973582
2033-01-26 07:00:00,0.0,351.9250100614542
2033-01-26 08:00:00,0.0,353.83246269051364
2033-01-26 09:00:00,0.0,332.3736206135956
2033-01-26 10:00:00,0.0,284.6873048871114
2033-01-26 11:00:00,0.0,209.34292603926616
2033-01-26 12:00:00,0.0,104.90989459826548
2033-01-26 13:00:00,0.0,8.583536830767176
2033-01-26 14:00:00,0.0,0.0
2033-01-26 15:00:00,0.0,0.0
2033-01-26 16:00:00,0.0,0.0
2033-01-26 17:00:00,0.0,0.0
2033-01-26 18:00:00,0.0,0.0
2033-01-26 19:00:00,0.0,0.0
2033-01-26 20:00:00,0.0,0.0
2033-01-26 21:00:00,0.0,0.0
2033-01-26 22:00:00,0.0,0.0
2033-01-26 23:00:00,0.0,0.0
2033-01-27 00:00:00,0.0,0.0
2033-01-27 01:00:00,0.0,0.0
2033-01-27 02:00:00,0.0,0.0
2033-01-27 03:00:00,0.0,80.11301042049365
2033-01-27 04:00:00,0.0,188.8378102768779
2033-01-27 05:00:00,0.0,270.8582733264309
2033-01-27 06:00:00,0.0,325.2206732546231
2033-01-27 07:00:00,0.0,352.4018732187191
2033-01-27 08:00:00,0.0,354.7861890050433
2033-01-27 09:00:00,0.0,330.94303114180116
2033-01-27 10:00:00,0.0,282.77985225805196
2033-01-27 11:00:00,0.0,206.95861025294192
2033-01-27 12:00:00,0.0,103.00244196920612
2033-01-27 13:00:00,0.0,8.583536830767176
2033-01-27 14:00:00,0.0,0.0
2033-01-27 15:00:00,0.0,0.0
2033-01-27 16:00:00,0.0,0.0
2033-01-27 17:00:00,0.0,0.0
2033-01-27 18:00:00,0.0,0.0
2033-01-27 19:00:00,0.0,0.0
2033-01-27 20:00:00,0.0,0.0
2033-01-27 21:00:00,0.0,0.0
2033-01-27 22:00:00,0.0,0.0
2033-01-27 23:00:00,0.0,0.0
2033-01-28 00:00:00,0.0,0.0
2033-01-28 01:00:00,0.0,0.0
2033-01-28 02:00:00,0.0,0.0
2033-01-28 03:00:00,0.0,83.45105252134756
2033-01-28 04:00:00,0.0,190.74526290593727
2033-01-28 05:00:00,0.0,270.8582733264309
2033-01-28 06:00:00,0.0,326.17439956915274
2033-01-28 07:00:00,0.0,353.3555995332488
2033-01-28 08:00:00,0.0,356.2167784768379
2033-01-28 09:00:00,0.0,335.7116627144496
2033-01-28 10:00:00,0.0,288.97907330249495
2033-01-28 11:00:00,0.0,214.11155761191455
2033-01-28 12:00:00,0.0,111.10911564270846
2033-01-28 13:00:00,0.0,10.967852617091392
2033-01-28 14:00:00,0.0,0.0
2033-01-28 15:00:00,0.0,0.0
2033-01-28 16:00:00,0.0,0.0
2033-01-28 17:00:00,0.0,0.0
2033-01-28 18:00:00,0.0,0.0
2033-01-28 19:00:00,0.0,0.0
2033-01-28 20:00:00,0.0,0.0
2033-01-28 21:00:00,0.0,0.0
2033-01-28 22:00:00,0.0,0.0
2033-01-28 23:00:00,0.0,0.0
2033-01-29 00:00:00,0.0,0.0
2033-01-29 01:00:00,0.0,0.0
2033-01-29 02:00:00,0.0,0.0
2033-01-29 03:00:00,0.0,50.54749467007337
2033-01-29 04:00:00,0.0,148.78130506663103
2033-01-29 05:00:00,0.0,219.35705234182785
2033-01-29 06:00:00,0.0,307.099873278559
2033-01-29 07:00:00,0.0,346.679515331541
2033-01-29 08:00:00,0.0,355.73991531957296
2033-01-29 09:00:00,0.0,335.7116627144496
2033-01-29 10:00:00,0.0,288.97907330249495
2033-01-29 11:00:00,0.0,214.11155761191455
2033-01-29 12:00:00,0.0,110.15538932817877
2033-01-29 13:00:00,0.0,10.967852617091392
2033-01-29 14:00:00,0.0,0.0
2033-01-29 15:00:00,0.0,0.0
2033-01-29 16:00:00,0.0,0.0
2033-01-29 17:00:00,0.0,0.0
2033-01-29 18:00:00,0.0,0.0
2033-01-29 19:00:00,0.0,0.0
2033-01-29 20:00:00,0.0,0.0
2033-01-29 21:00:00,0.0,0.0
2033-01-29 22:00:00,0.0,0.0
2033-01-29 23:00:00,0.0,0.0
2033-01-30 00:00:00,0.0,0.0
2033-01-30 01:00:00,0.0,0.0
2033-01-30 02:00:00,0.0,0.0
2033-01-30 03:00:00,0.0,82.49732620681785
2033-01-30 04:00:00,0.0,191.69898922046696
2033-01-30 05:00:00,0.0,274.1963154272848
2033-01-30 06:00:00,0.0,326.17439956915274
2033-01-30 07:00:00,0.0,352.8787363759839
2033-01-30 08:00:00,0.0,354.7861890050433
2033-01-30 09:00:00,0.0,332.3736206135956
2033-01-30 10:00:00,0.0,285.1641680443762
2033-01-30 11:00:00,0.0,209.81978919653096
2033-01-30 12:00:00,0.0,107.2942103845897
2033-01-30 13:00:00,0.0,10.014126302561706
2033-01-30 14:00:00,0.0,0.0
2033-01-30 15:00:00,0.0,0.0
2033-01-30 16:00:00,0.0,0.0
2033-01-30 17:00:00,0.0,0.0
2033-01-30 18:00:00,0.0,0.0
2033-01-30 19:00:00,0.0,0.0
2033-01-30 20:00:00,0.0,0.0
2033-01-30 21:00:00,0.0,0.0
2033-01-30 22:00:00,0.0,0.0
2033-01-30 23:00:00,0.0,0.0
2033-01-31 00:00:00,0.0,0.0
2033-01-31 01:00:00,0.0,0.0
2033-01-31 02:00:00,0.0,0.0
2033-01-31 03:00:00,0.0,76.29810516237491
2033-01-31 04:00:00,0.0,181.20799976064038
2033-01-31 05:00:00,0.0,262.2747364956638
2033-01-31 06:00:00,0.0,316.160273266591
2033-01-31 07:00:00,0.0,343.8183363879519
2033-01-31 08:00:00,0.0,345.7257890170113
2033-01-31 09:00:00,0.0,317.5908627383856
2033-01-31 10:00:00,0.0,267.52023122557705
2033-01-31 11:00:00,0.0,190.26839974867244
2033-01-31 12:00:00,0.0,87.74282093673114
2033-01-31 13:00:00,0.0,6.199221044442961
2033-01-31 14:00:00,0.0,0.0
2033-01-31 15:00:00,0.0,0.0
2033-01-31 16:00:00,0.0,0.0
2033-01-31 17:00:00,0.0,0.0
2033-01-31 18:00:00,0.0,0.0
2033-01-31 19:00:00,0.0,0.0
2033-01-31 20:00:00,0.0,0.0
2033-01-31 21:00:00,0.0,0.0
2033-01-31 22:00:00,0.0,0.0
2033-01-31 23:00:00,0.0,0.0
2033-02-01 00:00:00,0.0,0.0
2033-02-01 01:00:00,0.0,0.0
2033-02-01 02:00:00,0.0,0.0
2033-02-01 03:00:00,0.0,62.94593675895929
2033-02-01 04:00:00,0.0,168.33269451448962
2033-02-01 05:00:00,0.0,253.2143365076317
2033-02-01 06:00:00,0.0,308.05359959308873
2033-02-01 07:00:00,0.0,336.66538902897923
2033-02-01 08:00:00,0.0,340.48029428709805
2033-02-01 09:00:00,0.0,326.17439956915274
2033-02-01 10:00:00,0.0,280.3955364717278
2033-02-01 11:00:00,0.0,205.05115762388257
2033-02-01 12:00:00,0.0,103.00244196920612
2033-02-01 13:00:00,0.0,10.014126302561706
2033-02-01 14:00:00,0.0,0.0
2033-02-01 15:00:00,0.0,0.0
2033-02-01 16:00:00,0.0,0.0
2033-02-01 17:00:00,0.0,0.0
2033-02-01 18:00:00,0.0,0.0
2033-02-01 19:00:00,0.0,0.0
2033-02-01 20:00:00,0.0,0.0
2033-02-01 21:00:00,0.0,0.0
2033-02-01 22:00:00,0.0,0.0
2033-02-01 23:00:00,0.0,0.0
2033-02-02 00:00:00,0.0,0.0
2033-02-02 01:00:00,0.0,0.0
2033-02-02 02:00:00,0.0,0.0
2033-02-02 03:00:00,0.0,82.02046304955302
2033-02-02 04:00:00,0.0,187.8840839623482
2033-02-02 05:00:00,0.0,269.90454701190123
2033-02-02 06:00:00,0.0,326.65126272641754
2033-02-02 07:00:00,0.0,355.26305216230816
2033-02-02 08:00:00,0.0,358.1242311058972
2033-02-02 09:00:00,0.0,335.7116627144496
2033-02-02 10:00:00,0.0,288.0253469879653
2033-02-02 11:00:00,0.0,213.15783129738492
2033-02-02 12:00:00,0.0,110.63225248544362
2033-02-02 13:00:00,0.0,11.444715774356236
2033-02-02 14:00:00,0.0,0.0
2033-02-02 15:00:00,0.0,0.0
2033-02-02 16:00:00,0.0,0.0
2033-02-02 17:00:00,0.0,0.0
2033-02-02 18:00:00,0.0,0.0
2033-02-02 19:00:00,0.0,0.0
2033-02-02 20:00:00,0.0,0.0
2033-02-02 21:00:00,0.0,0.0
2033-02-02 22:00:00,0.0,0.0
2033-02-02 23:00:00,0.0,0.0
2033-02-03 00:00:00,0.0,0.0
2033-02-03 01:00:00,0.0,0.0
2033-02-03 02:00:00,0.0,0.0
2033-02-03 03:00:00,0.0,68.19143148887258
2033-02-03 04:00:00,0.0,182.63858923243492
2033-02-03 05:00:00,0.0,269.42768385463637
2033-02-03 06:00:00,0.0,321.4057679965043
2033-02-03 07:00:00,0.0,349.54069427513
2033-02-03 08:00:00,0.0,352.4018732187191
2033-02-03 09:00:00,0.0,329.51244167000664
2033-02-03 10:00:00,0.0,277.5343575281387
2033-02-03 11:00:00,0.0,197.8982102649099
2033-02-03 12:00:00,0.0,94.41890513843894
2033-02-03 13:00:00,0.0,9.06039998803202
2033-02-03 14:00:00,0.0,0.0
2033-02-03 15:00:00,0.0,0.0
2033-02-03 16:00:00,0.0,0.0
2033-02-03 17:00:00,0.0,0.0
2033-02-03 18:00:00,0.0,0.0
2033-02-03 19:00:00,0.0,0.0
2033-02-03 20:00:00,0.0,0.0
2033-02-03 21:00:00,0.0,0.0
2033-02-03 22:00:00,0.0,0.0
2033-02-03 23:00:00,0.0,0.0
2033-02-04 00:00:00,0.0,0.0
2033-02-04 01:00:00,0.0,0.0
2033-02-04 02:00:00,0.0,0.0
2033-02-04 03:00:00,0.0,75.34437884784522
2033-02-04 04:00:00,0.0,186.45349449055368
2033-02-04 05:00:00,0.0,267.0433680683122
2033-02-04 06:00:00,0.0,320.4520416819746
2033-02-04 07:00:00,0.0,347.6332416460707
2033-02-04 08:00:00,0.0,350.01755743239494
2033-02-04 09:00:00,0.0,326.65126272641754
2033-02-04 10:00:00,0.0,275.6269048990793
2033-02-04 11:00:00,0.0,199.80566289396927
2033-02-04 12:00:00,0.0,103.00244196920612
2033-02-04 13:00:00,0.0,10.490989459826547
2033-02-04 14:00:00,0.0,0.0
2033-02-04 15:00:00,0.0,0.0
2033-02-04 16:00:00,0.0,0.0
2033-02-04 17:00:00,0.0,0.0
2033-02-04 18:00:00,0.0,0.0
2033-02-04 19:00:00,0.0,0.0
2033-02-04 20:00:00,0.0,0.0
2033-02-04 21:00:00,0.0,0.0
2033-02-04 22:00:00,0.0,0.0
2033-02-04 23:00:00,0.0,0.0
2033-02-05 00:00:00,0.0,0.0
2033-02-05 01:00:00,0.0,0.0
2033-02-05 02:00:00,0.0,0.0
2033-02-05 03:00:00,0.0,79.15928410596398
2033-02-05 04:00:00,0.0,185.97663133328882
2033-02-05 05:00:00,0.0,267.52023122557705
2033-02-05 06:00:00,0.0,319.4983153674449
2033-02-05 07:00:00,0.0,345.24892585974646
2033-02-05 08:00:00,0.0,345.7257890170113
2033-02-05 09:00:00,0.0,319.9751785247098
2033-02-05 10:00:00,0.0,266.56650491104733
2033-02-05 11:00:00,0.0,192.65271553499667
2033-02-05 12:00:00,0.0,96.80322092476315
2033-02-05 13:00:00,0.0,9.06039998803202
2033-02-05 14:00:00,0.0,0.0
2033-02-05 15:00:00,0.0,0.0
2033-02-05 16:00:00,0.0,0.0
2033-02-05 17:00:00,0.0,0.0
2033-02-05 18:00:00,0.0,0.0
2033-02-05 19:00:00,0.0,0.0
2033-02-05 20:00:00,0.0,0.0
2033-02-05 21:00:00,0.0,0.0
2033-02-05 22:00:00,0.0,0.0
2033-02-05 23:00:00,0.0,0.0
2033-02-06 00:00:00,0.0,0.0
2033-02-06 01:00:00,0.0,0.0
2033-02-06 02:00:00,0.0,0.0
2033-02-06 03:00:00,0.0,35.76473679486323
2033-02-06 04:00:00,0.0,101.09498934014674
2033-02-06 05:00:00,0.0,164.9946524136357
2033-02-06 06:00:00,0.0,206.95861025294192
2033-02-06 07:00:00,0.0,247.4919786204536
2033-02-06 08:00:00,0.0,268.4739575401067
2033-02-06 09:00:00,0.0,242.2464838905403
2033-02-06 10:00:00,0.0,181.68486291790524
2033-02-06 11:00:00,0.0,111.58597879997329
2033-02-06 12:00:00,0.0,45.301999940160094
2033-02-06 13:00:00,0.0,2.384315786324216
2033-02-06 14:00:00,0.0,0.0
2033-02-06 15:00:00,0.0,0.0
2033-02-06 16:00:00,0.0,0.0
2033-02-06 17:00:00,0.0,0.0
2033-02-06 18:00:00,0.0,0.0
2033-02-06 19:00:00,0.0,0.0
2033-02-06 20:00:00,0.0,0.0
2033-02-06 21:00:00,0.0,0.0
2033-02-06 22:00:00,0.0,0.0
2033-02-06 23:00:00,0.0,0.0
2033-02-07 00:00:00,0.0,0.0
2033-02-07 01:00:00,0.0,0.0
2033-02-07 02:00:00,0.0,0.0
2033-02-07 03:00:00,0.0,61.515347287164765
2033-02-07 04:00:00,0.0,171.19387345807868
2033-02-07 05:00:00,0.0,269.42768385463637
2033-02-07 06:00:00,0.0,324.7438100973582
2033-02-07 07:00:00,0.0,357.17050479136753
2033-02-07 08:00:00,0.0,365.7540416221347
2033-02-07 09:00:00,0.0,341.91088375889257
2033-02-07 10:00:00,0.0,297.08574697599727
2033-02-07 11:00:00,0.0,221.74136812815206
2033-02-07 12:00:00,0.0,117.30833668715142
2033-02-07 13:00:00,0.0,14.305894717945295
2033-02-07 14:00:00,0.0,0.0
2033-02-07 15:00:00,0.0,0.0
2033-02-07 16:00:00,0.0,0.0
2033-02-07 17:00:00,0.0,0.0
2033-02-07 18:00:00,0.0,0.0
2033-02-07 19:00:00,0.0,0.0
2033-02-07 20:00:00,0.0,0.0
2033-02-07 21:00:00,0.0,0.0
2033-02-07 22:00:00,0.0,0.0
2033-02-07 23:00:00,0.0,0.0
2033-02-08 00:00:00,0.0,0.0
2033-02-08 01:00:00,0.0,0.0
2033-02-08 02:00:00,0.0,0.0
2033-02-08 03:00:00,0.0,101.09498934014674
2033-02-08 04:00:00,0.0,209.81978919653096
2033-02-08 05:00:00,0.0,290.88652593155433
2033-02-08 06:00:00,0.0,344.29519954521675
2033-02-08 07:00:00,0.0,371.47639950931284
2033-02-08 08:00:00,0.0,373.8607152956371
2033-02-08 09:00:00,0.0,352.8787363759839
2033-02-08 10:00:00,0.0,306.1461469640293
2033-02-08 11:00:00,0.0,231.75549443071375
2033-02-08 12:00:00,0.0,128.75305246150765
2033-02-08 13:00:00,0.0,19.074526290593727
2033-02-08 14:00:00,0.0,0.0
2033-02-08 15:00:00,0.0,0.0
2033-02-08 16:00:00,0.0,0.0
2033-02-08 17:00:00,0.0,0.0
2033-02-08 18:00:00,0.0,0.0
2033-02-08 19:00:00,0.0,0.0
2033-02-08 20:00:00,0.0,0.0
2033-02-08 21:00:00,0.0,0.0
2033-02-08 22:00:00,0.0,0.0
2033-02-08 23:00:00,0.0,0.0
2033-02-09 00:00:00,0.0,0.0
2033-02-09 01:00:00,0.0,0.0
2033-02-09 02:00:00,0.0,0.47686315726484313
2033-02-09 03:00:00,0.0,113.01656827176782
2033-02-09 04:00:00,0.0,218.880189184563
2033-02-09 05:00:00,0.0,297.56261013326207
2033-02-09 06:00:00,0.0,349.0638311178652
2033-02-09 07:00:00,0.0,375.29130476743154
2033-02-09 08:00:00,0.0,377.6756205537558
2033-02-09 09:00:00,0.0,355.73991531957296
2033-02-09 10:00:00,0.0,309.48418906488325
2033-02-09 11:00:00,0.0,235.5703996888325
2033-02-09 12:00:00,0.0,132.5679577196264
2033-02-09 13:00:00,0.0,20.505115762388254
2033-02-09 14:00:00,0.0,0.0
2033-02-09 15:00:00,0.0,0.0
2033-02-09 16:00:00,0.0,0.0
2033-02-09 17:00:00,0.0,0.0
2033-02-09 18:00:00,0.0,0.0
2033-02-09 19:00:00,0.0,0.0
2033-02-09 20:00:00,0.0,0.0
2033-02-09 21:00:00,0.0,0.0
2033-02-09 22:00:00,0.0,0.0
2033-02-09 23:00:00,0.0,0.0
2033-02-10 00:00:00,0.0,0.0
2033-02-10 01:00:00,0.0,0.0
2033-02-10 02:00:00,0.0,0.9537263145296863
2033-02-10 03:00:00,0.0,109.67852617091393
2033-02-10 04:00:00,0.0,215.06528392644427
2033-02-10 05:00:00,0.0,294.22456803240823
2033-02-10 06:00:00,0.0,335.7116627144496
2033-02-10 07:00:00,0.0,361.4622732067511
2033-02-10 08:00:00,0.0,366.23090477939957
2033-02-10 09:00:00,0.0,348.5869679606003
2033-02-10 10:00:00,0.0,299.4700627623215
2033-02-10 11:00:00,0.0,227.4637260153302
2033-02-10 12:00:00,0.0,126.36873667518343
2033-02-10 13:00:00,0.0,19.074526290593727
2033-02-10 14:00:00,0.0,0.0
2033-02-10 15:00:00,0.0,0.0
2033-02-10 16:00:00,0.0,0.0
2033-02-10 17:00:00,0.0,0.0
2033-02-10 18:00:00,0.0,0.0
2033-02-10 19:00:00,0.0,0.0
2033-02-10 20:00:00,0.0,0.0
2033-02-10 21:00:00,0.0,0.0
2033-02-10 22:00:00,0.0,0.0
2033-02-10 23:00:00,0.0,0.0
2033-02-11 00:00:00,0.0,0.0
2033-02-11 01:00:00,0.0,0.0
2033-02-11 02:00:00,0.0,0.0
2033-02-11 03:00:00,0.0,74.86751569058038
2033-02-11 04:00:00,0.0,158.31856821192795
2033-02-11 05:00:00,0.0,246.53825230592392
2033-02-11 06:00:00,0.0,318.54458905291517
2033-02-11 07:00:00,0.0,352.4018732187191
2033-02-11 08:00:00,0.0,356.6936416341027
2033-02-11 09:00:00,0.0,335.2347995571847
2033-02-11 10:00:00,0.0,288.5022101452301
2033-02-11 11:00:00,0.0,216.97273655550364
2033-02-11 12:00:00,0.0,118.73892615894594
2033-02-11 13:00:00,0.0,16.213347347004667
2033-02-11 14:00:00,0.0,0.0
2033-02-11 15:00:00,0.0,0.0
2033-02-11 16:00:00,0.0,0.0
2033-02-11 17:00:00,0.0,0.0
2033-02-11 18:00:00,0.0,0.0
2033-02-11 19:00:00,0.0,0.0
2033-02-11 20:00:00,0.0,0.0
2033-02-11 21:00:00,0.0,0.0
2033-02-11 22:00:00,0.0,0.0
2033-02-11 23:00:00,0.0,0.0
2033-02-12 00:00:00,0.0,0.0
2033-02-12 01:00:00,0.0,0.0
2033-02-12 02:00:00,0.0,0.0
2033-02-12 03:00:00,0.0,88.21968409399598
2033-02-12 04:00:00,0.0,189.79153659140758
2033-02-12 05:00:00,0.0,260.84414702386925
2033-02-12 06:00:00,0.0,309.0073259076184
2033-02-12 07:00:00,0.0,344.29519954521675
2033-02-12 08:00:00,0.0,349.0638311178652
2033-02-12 09:00:00,0.0,315.6834101093262
2033-02-12 10:00:00,0.0,265.6127785965176
2033-02-12 11:00:00,0.0,193.6064418495263
2033-02-12 12:00:00,0.0,90.12713672305534
2033-02-12 13:00:00,0.0,7.62981051623749
2033-02-12 14:00:00,0.0,0.0
2033-02-12 15:00:00,0.0,0.0
2033-02-12 16:00:00,0.0,0.0
2033-02-12 17:00:00,0.0,0.0
2033-02-12 18:00:00,0.0,0.0
2033-02-12 19:00:00,0.0,0.0
2033-02-12 20:00:00,0.0,0.0
2033-02-12 21:00:00,0.0,0.0
2033-02-12 22:00:00,0.0,0.0
2033-02-12 23:00:00,0.0,0.0
2033-02-13 00:00:00,0.0,0.0
2033-02-13 01:00:00,0.0,0.0
2033-02-13 02:00:00,0.0,0.0
2033-02-13 03:00:00,0.0,67.71456833160772
2033-02-13 04:00:00,0.0,175.00877871619747
2033-02-13 05:00:00,0.0,261.79787333839886
2033-02-13 06:00:00,0.0,324.26694694009336
2033-02-13 07:00:00,0.0,350.97128374692454
2033-02-13 08:00:00,0.0,352.4018732187191
2033-02-13 09:00:00,0.0,331.8967574563308
2033-02-13 10:00:00,0.0,283.7335785725817
2033-02-13 11:00:00,0.0,207.9123365674716
2033-02-13 12:00:00,0.0,106.81734722732487
2033-02-13 13:00:00,0.0,12.875305246150765
2033-02-13 14:00:00,0.0,0.0
2033-02-13 15:00:00,0.0,0.0
2033-02-13 16:00:00,0.0,0.0
2033-02-13 17:00:00,0.0,0.0
2033-02-13 18:00:00,0.0,0.0
2033-02-13 19:00:00,0.0,0.0
2033-02-13 20:00:00,0.0,0.0
2033-02-13 21:00:00,0.0,0.0
2033-02-13 22:00:00,0.0,0.0
2033-02-13 23:00:00,0.0,0.0
2033-02-14 00:00:00,0.0,0.0
2033-02-14 01:00:00,0.0,0.0
2033-02-14 02:00:00,0.0,0.9537263145296863
2033-02-14 03:00:00,0.0,102.04871565467643
2033-02-14 04:00:00,0.0,212.2041049828552
2033-02-14 05:00:00,0.0,292.7939785606137
2033-02-14 06:00:00,0.0,341.4340206016277
2033-02-14 07:00:00,0.0,368.61522056572375
2033-02-14 08:00:00,0.0,370.9995363520479
2033-02-14 09:00:00,0.0,348.5869679606003
2033-02-14 10:00:00,0.0,300.4237890768512
2033-02-14 11:00:00,0.0,225.079410229006
2033-02-14 12:00:00,0.0,121.60010510253501
2033-02-14 13:00:00,0.0,17.643936818799197
2033-02-14 14:00:00,0.0,0.0
2033-02-14 15:00:00,0.0,0.0
2033-02-14 16:00:00,0.0,0.0
2033-02-14 17:00:00,0.0,0.0
2033-02-14 18:00:00,0.0,0.0
2033-02-14 19:00:00,0.0,0.0
2033-02-14 20:00:00,0.0,0.0
2033-02-14 21:00:00,0.0,0.0
2033-02-14 22:00:00,0.0,0.0
2033-02-14 23:00:00,0.0,0.0
2033-02-15 00:00:00,0.0,0.0
2033-02-15 01:00:00,0.0,0.0
2033-02-15 02:00:00,0.0,0.9537263145296863
2033-02-15 03:00:00,0.0,98.71067355382252
2033-02-15 04:00:00,0.0,206.00488393841223
2033-02-15 05:00:00,0.0,287.0716206734356
2033-02-15 06:00:00,0.0,340.00343112983313
2033-02-15 07:00:00,0.0,366.70776793666437
2033-02-15 08:00:00,0.0,369.09208372298866
2033-02-15 09:00:00,0.0,347.6332416460707
2033-02-15 10:00:00,0.0,301.3775153913809
2033-02-15 11:00:00,0.0,228.41745232985986
2033-02-15 12:00:00,0.0,127.79932614697796
2033-02-15 13:00:00,0.0,20.505115762388254
2033-02-15 14:00:00,0.0,0.0
2033-02-15 15:00:00,0.0,0.0
2033-02-15 16:00:00,0.0,0.0
2033-02-15 17:00:00,0.0,0.0
2033-02-15 18:00:00,0.0,0.0
2033-02-15 19:00:00,0.0,0.0
2033-02-15 20:00:00,0.0,0.0
2033-02-15 21:00:00,0.0,0.0
2033-02-15 22:00:00,0.0,0.0
2033-02-15 23:00:00,0.0,0.0
2033-02-16 00:00:00,0.0,0.0
2033-02-16 01:00:00,0.0,0.0
2033-02-16 02:00:00,0.0,1.9074526290593725
2033-02-16 03:00:00,0.0,109.20166301364907
2033-02-16 04:00:00,0.0,215.06528392644427
2033-02-16 05:00:00,0.0,294.70143118967303
2033-02-16 06:00:00,0.0,345.24892585974646
2033-02-16 07:00:00,0.0,371.47639950931284
2033-02-16 08:00:00,0.0,373.38385213837216
2033-02-16 09:00:00,0.0,351.9250100614542
2033-02-16 10:00:00,0.0,306.1461469640293
2033-02-16 11:00:00,0.0,234.139810217038
2033-02-16 12:00:00,0.0,133.52168403415607
2033-02-16 13:00:00,0.0,23.366294705977317
2033-02-16 14:00:00,0.0,0.0
2033-02-16 15:00:00,0.0,0.0
2033-02-16 16:00:00,0.0,0.0
2033-02-16 17:00:00,0.0,0.0
2033-02-16 18:00:00,0.0,0.0
2033-02-16 19:00:00,0.0,0.0
2033-02-16 20:00:00,0.0,0.0
2033-02-16 21:00:00,0.0,0.0
2033-02-16 22:00:00,0.0,0.0
2033-02-16 23:00:00,0.0,0.0
2033-02-17 00:00:00,0.0,0.0
2033-02-17 01:00:00,0.0,0.0
2033-02-17 02:00:00,0.0,1.4305894717945296
2033-02-17 03:00:00,0.0,99.18753671108738
2033-02-17 04:00:00,0.0,214.11155761191455
2033-02-17 05:00:00,0.0,293.27084171787857
2033-02-17 06:00:00,0.0,343.8183363879519
2033-02-17 07:00:00,0.0,368.61522056572375
2033-02-17 08:00:00,0.0,370.0458100375183
2033-02-17 09:00:00,0.0,347.1563784888058
2033-02-17 10:00:00,0.0,301.3775153913809
2033-02-17 11:00:00,0.0,228.89431548712471
2033-02-17 12:00:00,0.0,128.27618930424282
2033-02-17 13:00:00,0.0,21.458842076917943
2033-02-17 14:00:00,0.0,0.0
2033-02-17 15:00:00,0.0,0.0
2033-02-17 16:00:00,0.0,0.0
2033-02-17 17:00:00,0.0,0.0
2033-02-17 18:00:00,0.0,0.0
2033-02-17 19:00:00,0.0,0.0
2033-02-17 20:00:00,0.0,0.0
2033-02-17 21:00:00,0.0,0.0
2033-02-17 22:00:00,0.0,0.0
2033-02-17 23:00:00,0.0,0.0
2033-02-18 00:00:00,0.0,0.0
2033-02-18 01:00:00,0.0,0.0
2033-02-18 02:00:00,0.0,0.47686315726484313
2033-02-18 03:00:00,0.0,73.43692621878584
2033-02-18 04:00:00,0.0,171.19387345807868
2033-02-18 05:00:00,0.0,271.8119996409606
2033-02-18 06:00:00,0.0,331.8967574563308
2033-02-18 07:00:00,0.0,357.6473679486324
2033-02-18 08:00:00,0.0,359.07795742042686
2033-02-18 09:00:00,0.0,336.18852587171443
2033-02-18 10:00:00,0.0,288.0253469879653
2033-02-18 11:00:00,0.0,212.68096814012006
2033-02-18 12:00:00,0.0,111.58597879997329
2033-02-18 13:00:00,0.0,15.25962103247498
2033-02-18 14:00:00,0.0,0.0
2033-02-18 15:00:00,0.0,0.0
2033-02-18 16:00:00,0.0,0.0
2033-02-18 17:00:00,0.0,0.0
2033-02-18 18:00:00,0.0,0.0
2033-02-18 19:00:00,0.0,0.0
2033-02-18 20:00:00,0.0,0.0
2033-02-18 21:00:00,0.0,0.0
2033-02-18 22:00:00,0.0,0.0
2033-02-18 23:00:00,0.0,0.0
2033-02-19 00:00:00,0.0,0.0
2033-02-19 01:00:00,0.0,0.0
2033-02-19 02:00:00,0.0,0.47686315726484313
2033-02-19 03:00:00,0.0,80.11301042049365
2033-02-19 04:00:00,0.0,185.49976817602396
2033-02-19 05:00:00,0.0,266.0896417537825
2033-02-19 06:00:00,0.0,323.3132206255637
2033-02-19 07:00:00,0.0,350.01755743239494
2033-02-19 08:00:00,0.0,352.8787363759839
2033-02-19 09:00:00,0.0,333.80421008539025
2033-02-19 10:00:00,0.0,287.54848383070043
2033-02-19 11:00:00,0.0,214.5884207691794
2033-02-19 12:00:00,0.0,114.44715774356236
2033-02-19 13:00:00,0.0,15.736484189739823
2033-02-19 14:00:00,0.0,0.0
2033-02-19 15:00:00,0.0,0.0
2033-02-19 16:00:00,0.0,0.0
2033-02-19 17:00:00,0.0,0.0
2033-02-19 18:00:00,0.0,0.0
2033-02-19 19:00:00,0.0,0.0
2033-02-19 20:00:00,0.0,0.0
2033-02-19 21:00:00,0.0,0.0
2033-02-19 22:00:00,0.0,0.0
2033-02-19 23:00:00,0.0,0.0
2033-02-20 00:00:00,0.0,0.0
2033-02-20 01:00:00,0.0,0.0
2033-02-20 02:00:00,0.0,0.47686315726484313
2033-02-20 03:00:00,0.0,76.29810516237491
2033-02-20 04:00:00,0.0,178.8236839743162
2033-02-20 05:00:00,0.0,260.3672838666044
2033-02-20 06:00:00,0.0,314.7296837947965
2033-02-20 07:00:00,0.0,340.00343112983313
2033-02-20 08:00:00,0.0,340.00343112983313
2033-02-20 09:00:00,0.0,314.25282063753167
2033-02-20 10:00:00,0.0,262.7515996529286
2033-02-20 11:00:00,0.0,185.02290501875916
2033-02-20 12:00:00,0.0,89.17341040852567
2033-02-20 13:00:00,0.0,10.967852617091392
2033-02-20 14:00:00,0.0,0.0
2033-02-20 15:00:00,0.0,0.0
2033-02-20 16:00:00,0.0,0.0
2033-02-20 17:00:00,0.0,0.0
2033-02-20 18:00:00,0.0,0.0
2033-02-20 19:00:00,0.0,0.0
2033-02-20 20:00:00,0.0,0.0
2033-02-20 21:00:00,0.0,0.0
2033-02-20 22:00:00,0.0,0.0
2033-02-20 23:00:00,0.0,0.0
2033-02-21 00:00:00,0.0,0.0
2033-02-21 01:00:00,0.0,0.0
2033-02-21 02:00:00,0.0,0.9537263145296863
2033-02-21 03:00:00,0.0,83.92791567861238
2033-02-21 04:00:00,0.0,192.17585237773181
2033-02-21 05:00:00,0.0,275.6269048990793
2033-02-21 06:00:00,0.0,323.7900837828285
2033-02-21 07:00:00,0.0,351.4481469041894
2033-02-21 08:00:00,0.0,353.83246269051364
2033-02-21 09:00:00,0.0,332.3736206135956
2033-02-21 10:00:00,0.0,284.6873048871114
2033-02-21 11:00:00,0.0,209.34292603926616
2033-02-21 12:00:00,0.0,109.20166301364907
2033-02-21 13:00:00,0.0,15.736484189739823
2033-02-21 14:00:00,0.0,0.0
2033-02-21 15:00:00,0.0,0.0
2033-02-21 16:00:00,0.0,0.0
2033-02-21 17:00:00,0.0,0.0
2033-02-21 18:00:00,0.0,0.0
2033-02-21 19:00:00,0.0,0.0
2033-02-21 20:00:00,0.0,0.0
2033-02-21 21:00:00,0.0,0.0
2033-02-21 22:00:00,0.0,0.0
2033-02-21 23:00:00,0.0,0.0
2033-02-22 00:00:00,0.0,0.0
2033-02-22 01:00:00,0.0,0.0
2033-02-22 02:00:00,0.0,1.4305894717945296
2033-02-22 03:00:00,0.0,88.69654725126082
2033-02-22 04:00:00,0.0,194.560168164056
2033-02-22 05:00:00,0.0,274.67317858454965
2033-02-22 06:00:00,0.0,326.17439956915274
2033-02-22 07:00:00,0.0,329.0355785127418
2033-02-22 08:00:00,0.0,338.5728416580386
2033-02-22 09:00:00,0.0,334.7579363999198
2033-02-22 10:00:00,0.0,280.87239962899264
2033-02-22 11:00:00,0.0,209.34292603926616
2033-02-22 12:00:00,0.0,113.9702945862975
2033-02-22 13:00:00,0.0,17.167073661534353
2033-02-22 14:00:00,0.0,0.0
2033-02-22 15:00:00,0.0,0.0
2033-02-22 16:00:00,0.0,0.0
2033-02-22 17:00:00,0.0,0.0
2033-02-22 18:00:00,0.0,0.0
2033-02-22 19:00:00,0.0,0.0
2033-02-22 20:00:00,0.0,0.0
2033-02-22 21:00:00,0.0,0.0
2033-02-22 22:00:00,0.0,0.0
2033-02-22 23:00:00,0.0,0.0
2033-02-23 00:00:00,0.0,0.0
2033-02-23 01:00:00,0.0,0.0
2033-02-23 02:00:00,0.0,0.47686315726484313
2033-02-23 03:00:00,0.0,67.71456833160772
2033-02-23 04:00:00,0.0,175.9625050307271
2033-02-23 05:00:00,0.0,273.2425891127551
2033-02-23 06:00:00,0.0,335.7116627144496
2033-02-23 07:00:00,0.0,363.36972583581047
2033-02-23 08:00:00,0.0,366.23090477939957
2033-02-23 09:00:00,0.0,344.29519954521675
2033-02-23 10:00:00,0.0,292.7939785606137
2033-02-23 11:00:00,0.0,213.63469445464975
2033-02-23 12:00:00,0.0,98.71067355382252
2033-02-23 13:00:00,0.0,13.352168403415607
2033-02-23 14:00:00,0.0,0.0
2033-02-23 15:00:00,0.0,0.0
2033-02-23 16:00:00,0.0,0.0
2033-02-23 17:00:00,0.0,0.0
2033-02-23 18:00:00,0.0,0.0
2033-02-23 19:00:00,0.0,0.0
2033-02-23 20:00:00,0.0,0.0
2033-02-23 21:00:00,0.0,0.0
2033-02-23 22:00:00,0.0,0.0
2033-02-23 23:00:00,0.0,0.0
2033-02-24 00:00:00,0.0,0.0
2033-02-24 01:00:00,0.0,0.0
2033-02-24 02:00:00,0.0,1.9074526290593725
2033-02-24 03:00:00,0.0,91.08086303758505
2033-02-24 04:00:00,0.0,199.80566289396927
2033-02-24 05:00:00,0.0,283.2567154153168
2033-02-24 06:00:00,0.0,336.18852587171443
2033-02-24 07:00:00,0.0,362.41599952128075
2033-02-24 08:00:00,0.0,364.800315307605
2033-02-24 09:00:00,0.0,343.3414732306871
2033-02-24 10:00:00,0.0,297.56261013326207
2033-02-24 11:00:00,0.0,225.079410229006
2033-02-24 12:00:00,0.0,125.89187351791858
2033-02-24 13:00:00,0.0,21.935705234182784
2033-02-24 14:00:00,0.0,0.0
2033-02-24 15:00:00,0.0,0.0
2033-02-24 16:00:00,0.0,0.0
2033-02-24 17:00:00,0.0,0.0
2033-02-24 18:00:00,0.0,0.0
2033-02-24 19:00:00,0.0,0.0
2033-02-24 20:00:00,0.0,0.0
2033-02-24 21:00:00,0.0,0.0
2033-02-24 22:00:00,0.0,0.0
2033-02-24 23:00:00,0.0,0.0
2033-02-25 00:00:00,0.0,0.0
2033-02-25 01:00:00,0.0,0.0
2033-02-25 02:00:00,0.0,2.861178943589059
2033-02-25 03:00:00,0.0,97.280084082028
2033-02-25 04:00:00,0.0,201.71311552302862
2033-02-25 05:00:00,0.0,280.87239962899264
2033-02-25 06:00:00,0.0,332.85048377086054
2033-02-25 07:00:00,0.0,357.17050479136753
2033-02-25 08:00:00,0.0,359.07795742042686
2033-02-25 09:00:00,0.0,335.2347995571847
2033-02-25 10:00:00,0.0,280.3955364717278
2033-02-25 11:00:00,0.0,190.26839974867244
2033-02-25 12:00:00,0.0,113.9702945862975
2033-02-25 13:00:00,0.0,21.935705234182784
2033-02-25 14:00:00,0.0,0.0
2033-02-25 15:00:00,0.0,0.0
2033-02-25 16:00:00,0.0,0.0
2033-02-25 17:00:00,0.0,0.0
2033-02-25 18:00:00,0.0,0.0
2033-02-25 19:00:00,0.0,0.0
2033-02-25 20:00:00,0.0,0.0
2033-02-25 21:00:00,0.0,0.0
2033-02-25 22:00:00,0.0,0.0
2033-02-25 23:00:00,0.0,0.0
2033-02-26 00:00:00,0.0,0.0
2033-02-26 01:00:00,0.0,0.0
2033-02-26 02:00:00,0.0,1.4305894717945296
2033-02-26 03:00:00,0.0,76.77496831963975
2033-02-26 04:00:00,0.0,184.54604186149433
2033-02-26 05:00:00,0.0,271.33513648369575
2033-02-26 06:00:00,0.0,328.08185219821206
2033-02-26 07:00:00,0.0,357.17050479136753
2033-02-26 08:00:00,0.0,360.5085468922214
2033-02-26 09:00:00,0.0,332.85048377086054
2033-02-26 10:00:00,0.0,284.6873048871114
2033-02-26 11:00:00,0.0,212.68096814012006
2033-02-26 12:00:00,0.0,116.83147352988658
2033-02-26 13:00:00,0.0,20.505115762388254
2033-02-26 14:00:00,0.0,0.0
2033-02-26 15:00:00,0.0,0.0
2033-02-26 16:00:00,0.0,0.0
2033-02-26 17:00:00,0.0,0.0
2033-02-26 18:00:00,0.0,0.0
2033-02-26 19:00:00,0.0,0.0
2033-02-26 20:00:00,0.0,0.0
2033-02-26 21:00:00,0.0,0.0
2033-02-26 22:00:00,0.0,0.0
2033-02-26 23:00:00,0.0,0.0
2033-02-27 00:00:00,0.0,0.0
2033-02-27 01:00:00,0.0,0.0
2033-02-27 02:00:00,0.0,3.3380421008539023
2033-02-27 03:00:00,0.0,100.14126302561706
2033-02-27 04:00:00,0.0,209.34292603926616
2033-02-27 05:00:00,0.0,290.4096627742895
2033-02-27 06:00:00,0.0,341.4340206016277
2033-02-27 07:00:00,0.0,365.27717846486985
2033-02-27 08:00:00,0.0,364.3234521503402
2033-02-27 09:00:00,0.0,340.00343112983313
2033-02-27 10:00:00,0.0,290.4096627742895
2033-02-27 11:00:00,0.0,215.06528392644427
2033-02-27 12:00:00,0.0,116.35461037262172
2033-02-27 13:00:00,0.0,20.028252605123413
2033-02-27 14:00:00,0.0,0.0
2033-02-27 15:00:00,0.0,0.0
2033-02-27 16:00:00,0.0,0.0
2033-02-27 17:00:00,0.0,0.0
2033-02-27 18:00:00,0.0,0.0
2033-02-27 19:00:00,0.0,0.0
2033-02-27 20:00:00,0.0,0.0
2033-02-27 21:00:00,0.0,0.0
2033-02-27 22:00:00,0.0,0.0
2033-02-27 23:00:00,0.0,0.0
2033-02-28 00:00:00,0.0,0.0
2033-02-28 01:00:00,0.0,0.0
2033-02-28 02:00:00,0.0,3.3380421008539023
2033-02-28 03:00:00,0.0,92.51145250937958
2033-02-28 04:00:00,0.0,196.9444839503802
2033-02-28 05:00:00,0.0,277.5343575281387
2033-02-28 06:00:00,0.0,328.558715355477
2033-02-28 07:00:00,0.0,355.26305216230816
2033-02-28 08:00:00,0.0,357.6473679486324
2033-02-28 09:00:00,0.0,335.2347995571847
2033-02-28 10:00:00,0.0,288.0253469879653
2033-02-28 11:00:00,0.0,214.11155761191455
2033-02-28 12:00:00,0.0,115.87774721535688
2033-02-28 13:00:00,0.0,19.551389447858572
2033-02-28 14:00:00,0.0,0.0
2033-02-28 15:00:00,0.0,0.0
2033-02-28 16:00:00,0.0,0.0
2033-02-28 17:00:00,0.0,0.0
2033-02-28 18:00:00,0.0,0.0
2033-02-28 19:00:00,0.0,0.0
2033-02-28 20:00:00,0.0,0.0
2033-02-28 21:00:00,0.0,0.0
2033-02-28 22:00:00,0.0,0.0
2033-02-28 23:00:00,0.0,0.0
2033-03-01 00:00:00,0.0,0.0
2033-03-01 01:00:00,0.0,0.0
2033-03-01 02:00:00,0.0,3.3380421008539023
2033-03-01 03:00:00,0.0,92.03458935211474
2033-03-01 04:00:00,0.0,195.03703132132085
2033-03-01 05:00:00,0.0,275.1500417418145
2033-03-01 06:00:00,0.0,327.12812588368246
2033-03-01 07:00:00,0.0,353.3555995332488
2033-03-01 08:00:00,0.0,355.26305216230816
2033-03-01 09:00:00,0.0,330.94303114180116
2033-03-01 10:00:00,0.0,283.7335785725817
2033-03-01 11:00:00,0.0,209.34292603926616
2033-03-01 12:00:00,0.0,110.63225248544362
2033-03-01 13:00:00,0.0,17.167073661534353
2033-03-01 14:00:00,0.0,0.0
2033-03-01 15:00:00,0.0,0.0
2033-03-01 16:00:00,0.0,0.0
2033-03-01 17:00:00,0.0,0.0
2033-03-01 18:00:00,0.0,0.0
2033-03-01 19:00:00,0.0,0.0
2033-03-01 20:00:00,0.0,0.0
2033-03-01 21:00:00,0.0,0.0
2033-03-01 22:00:00,0.0,0.0
2033-03-01 23:00:00,0.0,0.0
2033-03-02 00:00:00,0.0,0.0
2033-03-02 01:00:00,0.0,0.0
2033-03-02 02:00:00,0.0,0.9537263145296863
2033-03-02 03:00:00,0.0,56.2698525572515
2033-03-02 04:00:00,0.0,145.44326296577717
2033-03-02 05:00:00,0.0,226.03313654353565
2033-03-02 06:00:00,0.0,282.77985225805196
2033-03-02 07:00:00,0.0,310.4379153794129
2033-03-02 08:00:00,0.0,313.77595748026675
2033-03-02 09:00:00,0.0,286.11789435890586
2033-03-02 10:00:00,0.0,232.2323575879786
2033-03-02 11:00:00,0.0,156.88797874013338
2033-03-02 12:00:00,0.0,74.86751569058038
2033-03-02 13:00:00,0.0,10.490989459826547
2033-03-02 14:00:00,0.0,0.0
2033-03-02 15:00:00,0.0,0.0
2033-03-02 16:00:00,0.0,0.0
2033-03-02 17:00:00,0.0,0.0
2033-03-02 18:00:00,0.0,0.0
2033-03-02 19:00:00,0.0,0.0
2033-03-02 20:00:00,0.0,0.0
2033-03-02 21:00:00,0.0,0.0
2033-03-02 22:00:00,0.0,0.0
2033-03-02 23:00:00,0.0,0.0
2033-03-03 00:00:00,0.0,0.0
2033-03-03 01:00:00,0.0,0.0
2033-03-03 02:00:00,0.0,3.3380421008539023
2033-03-03 03:00:00,0.0,86.3122314649366
2033-03-03 04:00:00,0.0,192.65271553499667
2033-03-03 05:00:00,0.0,277.0574943708739
2033-03-03 06:00:00,0.0,335.2347995571847
2033-03-03 07:00:00,0.0,360.5085468922214
2033-03-03 08:00:00,0.0,360.5085468922214
2033-03-03 09:00:00,0.0,344.29519954521675
2033-03-03 10:00:00,0.0,295.1782943469379
2033-03-03 11:00:00,0.0,219.35705234182785
2033-03-03 12:00:00,0.0,118.73892615894594
2033-03-03 13:00:00,0.0,20.505115762388254
2033-03-03 14:00:00,0.0,0.0
2033-03-03 15:00:00,0.0,0.0
2033-03-03 16:00:00,0.0,0.0
2033-03-03 17:00:00,0.0,0.0
2033-03-03 18:00:00,0.0,0.0
2033-03-03 19:00:00,0.0,0.0
2033-03-03 20:00:00,0.0,0.0
2033-03-03 21:00:00,0.0,0.0
2033-03-03 22:00:00,0.0,0.0
2033-03-03 23:00:00,0.0,0.0
2033-03-04 00:00:00,0.0,0.0
2033-03-04 01:00:00,0.0,0.0
2033-03-04 02:00:00,0.0,2.861178943589059
2033-03-04 03:00:00,0.0,81.54359989228819
2033-03-04 04:00:00,0.0,186.93035764781854
2033-03-04 05:00:00,0.0,271.8119996409606
2033-03-04 06:00:00,0.0,306.6230101212941
2033-03-04 07:00:00,0.0,333.3273469281254
2033-03-04 08:00:00,0.0,334.281073242655
2033-03-04 09:00:00,0.0,311.86850485120743
2033-03-04 10:00:00,0.0,262.7515996529286
2033-03-04 11:00:00,0.0,189.31467343414272
2033-03-04 12:00:00,0.0,98.23381039655769
2033-03-04 13:00:00,0.0,16.213347347004667
2033-03-04 14:00:00,0.0,0.0
2033-03-04 15:00:00,0.0,0.0
2033-03-04 16:00:00,0.0,0.0
2033-03-04 17:00:00,0.0,0.0
2033-03-04 18:00:00,0.0,0.0
2033-03-04 19:00:00,0.0,0.0
2033-03-04 20:00:00,0.0,0.0
2033-03-04 21:00:00,0.0,0.0
2033-03-04 22:00:00,0.0,0.0
2033-03-04 23:00:00,0.0,0.0
2033-03-05 00:00:00,0.0,0.0
2033-03-05 01:00:00,0.0,0.0
2033-03-05 02:00:00,0.0,3.814905258118745
2033-03-05 03:00:00,0.0,93.46517882390927
2033-03-05 04:00:00,0.0,200.759389208499
2033-03-05 05:00:00,0.0,282.77985225805196
2033-03-05 06:00:00,0.0,335.7116627144496
2033-03-05 07:00:00,0.0,361.939136364016
2033-03-05 08:00:00,0.0,363.36972583581047
2033-03-05 09:00:00,0.0,342.38774691615737
2033-03-05 10:00:00,0.0,293.74770487514337
2033-03-05 11:00:00,0.0,217.92646287003333
2033-03-05 12:00:00,0.0,117.78519984441625
2033-03-05 13:00:00,0.0,20.981978919653095
2033-03-05 14:00:00,0.0,0.0
2033-03-05 15:00:00,0.0,0.0
2033-03-05 16:00:00,0.0,0.0
2033-03-05 17:00:00,0.0,0.0
2033-03-05 18:00:00,0.0,0.0
2033-03-05 19:00:00,0.0,0.0
2033-03-05 20:00:00,0.0,0.0
2033-03-05 21:00:00,0.0,0.0
2033-03-05 22:00:00,0.0,0.0
2033-03-05 23:00:00,0.0,0.0
2033-03-06 00:00:00,0.0,0.0
2033-03-06 01:00:00,0.0,0.0
2033-03-06 02:00:00,0.0,4.768631572648432
2033-03-06 03:00:00,0.0,95.84949461023348
2033-03-06 04:00:00,0.0,200.759389208499
2033-03-06 05:00:00,0.0,279.918673314463
2033-03-06 06:00:00,0.0,336.66538902897923
2033-03-06 07:00:00,0.0,362.41599952128075
2033-03-06 08:00:00,0.0,363.84658899307533
2033-03-06 09:00:00,0.0,340.95715744436285
2033-03-06 10:00:00,0.0,292.7939785606137
2033-03-06 11:00:00,0.0,218.40332602729814
2033-03-06 12:00:00,0.0,120.16951563074046
2033-03-06 13:00:00,0.0,22.41256839144763
2033-03-06 14:00:00,0.0,0.0
2033-03-06 15:00:00,0.0,0.0
2033-03-06 16:00:00,0.0,0.0
2033-03-06 17:00:00,0.0,0.0
2033-03-06 18:00:00,0.0,0.0
2033-03-06 19:00:00,0.0,0.0
2033-03-06 20:00:00,0.0,0.0
2033-03-06 21:00:00,0.0,0.0
2033-03-06 22:00:00,0.0,0.0
2033-03-06 23:00:00,0.0,0.0
2033-03-07 00:00:00,0.0,0.0
2033-03-07 01:00:00,0.0,0.0
2033-03-07 02:00:00,0.0,3.814905258118745
2033-03-07 03:00:00,0.0,82.02046304955302
2033-03-07 04:00:00,0.0,182.1617260751701
2033-03-07 05:00:00,0.0,261.79787333839886
2033-03-07 06:00:00,0.0,312.3453680084723
2033-03-07 07:00:00,0.0,324.7438100973582
2033-03-07 08:00:00,0.0,317.1139995811207
2033-03-07 09:00:00,0.0,288.0253469879653
2033-03-07 10:00:00,0.0,219.35705234182785
2033-03-07 11:00:00,0.0,126.36873667518343
2033-03-07 12:00:00,0.0,50.07063151280853
2033-03-07 13:00:00,0.0,7.62981051623749
2033-03-07 14:00:00,0.0,0.0
2033-03-07 15:00:00,0.0,0.0
2033-03-07 16:00:00,0.0,0.0
2033-03-07 17:00:00,0.0,0.0
2033-03-07 18:00:00,0.0,0.0
2033-03-07 19:00:00,0.0,0.0
2033-03-07 20:00:00,0.0,0.0
2033-03-07 21:00:00,0.0,0.0
2033-03-07 22:00:00,0.0,0.0
2033-03-07 23:00:00,0.0,0.0
2033-03-08 00:00:00,0.0,0.0
2033-03-08 01:00:00,0.0,0.0
2033-03-08 02:00:00,0.0,4.291768415383588
2033-03-08 03:00:00,0.0,83.92791567861238
2033-03-08 04:00:00,0.0,177.86995765978648
2033-03-08 05:00:00,0.0,235.5703996888325
2033-03-08 06:00:00,0.0,256.55237860848564
2033-03-08 07:00:00,0.0,281.34926278625744
2033-03-08 08:00:00,0.0,276.10376805634417
2033-03-08 09:00:00,0.0,237.95471547515672
2033-03-08 10:00:00,0.0,200.28252605123413
2033-03-08 11:00:00,0.0,144.9663998085123
2033-03-08 12:00:00,0.0,67.23770517434288
2033-03-08 13:00:00,0.0,10.490989459826547
2033-03-08 14:00:00,0.0,0.0
2033-03-08 15:00:00,0.0,0.0
2033-03-08 16:00:00,0.0,0.0
2033-03-08 17:00:00,0.0,0.0
2033-03-08 18:00:00,0.0,0.0
2033-03-08 19:00:00,0.0,0.0
2033-03-08 20:00:00,0.0,0.0
2033-03-08 21:00:00,0.0,0.0
2033-03-08 22:00:00,0.0,0.0
2033-03-08 23:00:00,0.0,0.0
2033-03-09 00:00:00,0.0,0.0
2033-03-09 01:00:00,0.0,0.0
2033-03-09 02:00:00,0.0,3.3380421008539023
2033-03-09 03:00:00,0.0,62.94593675895929
2033-03-09 04:00:00,0.0,133.04482087689124
2033-03-09 05:00:00,0.0,208.38919972473647
2033-03-09 06:00:00,0.0,275.1500417418145
2033-03-09 07:00:00,0.0,292.7939785606137
2033-03-09 08:00:00,0.0,269.42768385463637
2033-03-09 09:00:00,0.0,243.67707336233488
2033-03-09 10:00:00,0.0,195.51389447858568
2033-03-09 11:00:00,0.0,137.81345244953965
2033-03-09 12:00:00,0.0,73.91378937605069
2033-03-09 13:00:00,0.0,14.305894717945295
2033-03-09 14:00:00,0.0,0.0
2033-03-09 15:00:00,0.0,0.0
2033-03-09 16:00:00,0.0,0.0
2033-03-09 17:00:00,0.0,0.0
2033-03-09 18:00:00,0.0,0.0
2033-03-09 19:00:00,0.0,0.0
2033-03-09 20:00:00,0.0,0.0
2033-03-09 21:00:00,0.0,0.0
2033-03-09 22:00:00,0.0,0.0
2033-03-09 23:00:00,0.0,0.0
2033-03-10 00:00:00,0.0,0.0
2033-03-10 01:00:00,0.0,0.0
2033-03-10 02:00:00,0.0,6.676084201707805
2033-03-10 03:00:00,0.0,102.04871565467643
2033-03-10 04:00:00,0.0,207.9123365674716
2033-03-10 05:00:00,0.0,289.45593645975976
2033-03-10 06:00:00,0.0,343.3414732306871
2033-03-10 07:00:00,0.0,369.56894688025346
2033-03-10 08:00:00,0.0,371.47639950931284
2033-03-10 09:00:00,0.0,350.4944205896597
2033-03-10 10:00:00,0.0,303.7618311777051
2033-03-10 11:00:00,0.0,230.8017681161841
2033-03-10 12:00:00,0.0,132.09109456236155
2033-03-10 13:00:00,0.0,28.61178943589059
2033-03-10 14:00:00,0.0,0.0
2033-03-10 15:00:00,0.0,0.0
2033-03-10 16:00:00,0.0,0.0
2033-03-10 17:00:00,0.0,0.0
2033-03-10 18:00:00,0.0,0.0
2033-03-10 19:00:00,0.0,0.0
2033-03-10 20:00:00,0.0,0.0
2033-03-10 21:00:00,0.0,0.0
2033-03-10 22:00:00,0.0,0.0
2033-03-10 23:00:00,0.0,0.0
2033-03-11 00:00:00,0.0,0.0
2033-03-11 01:00:00,0.0,0.0
2033-03-11 02:00:00,0.0,8.583536830767176
2033-03-11 03:00:00,0.0,116.35461037262172
2033-03-11 04:00:00,0.0,224.60254707174113
2033-03-11 05:00:00,0.0,304.2386943349699
2033-03-11 06:00:00,0.0,359.55482057769177
2033-03-11 07:00:00,0.0,385.78229422725815
2033-03-11 08:00:00,0.0,387.2128836990526
2033-03-11 09:00:00,0.0,366.23090477939957
2033-03-11 10:00:00,0.0,319.9751785247098
2033-03-11 11:00:00,0.0,244.15393651959968
2033-03-11 12:00:00,0.0,135.42913666321544
2033-03-11 13:00:00,0.0,26.22747364956637
2033-03-11 14:00:00,0.0,0.0
2033-03-11 15:00:00,0.0,0.0
2033-03-11 16:00:00,0.0,0.0
2033-03-11 17:00:00,0.0,0.0
2033-03-11 18:00:00,0.0,0.0
2033-03-11 19:00:00,0.0,0.0
2033-03-11 20:00:00,0.0,0.0
2033-03-11 21:00:00,0.0,0.0
2033-03-11 22:00:00,0.0,0.0
2033-03-11 23:00:00,0.0,0.0
2033-03-12 00:00:00,0.0,0.0
2033-03-12 01:00:00,0.0,0.0
2033-03-12 02:00:00,0.0,2.861178943589059
2033-03-12 03:00:00,0.0,46.732589411954635
2033-03-12 04:00:00,0.0,105.38675775553034
2033-03-12 05:00:00,0.0,154.980526111074
2033-03-12 06:00:00,0.0,187.8840839623482
2033-03-12 07:00:00,0.0,191.22212606320213
2033-03-12 08:00:00,0.0,199.80566289396927
2033-03-12 09:00:00,0.0,190.26839974867244
2033-03-12 10:00:00,0.0,159.74915768372244
2033-03-12 11:00:00,0.0,120.64637878800532
2033-03-12 12:00:00,0.0,73.91378937605069
2033-03-12 13:00:00,0.0,20.505115762388254
2033-03-12 14:00:00,0.0,0.0
2033-03-12 15:00:00,0.0,0.0
2033-03-12 16:00:00,0.0,0.0
2033-03-12 17:00:00,0.0,0.0
2033-03-12 18:00:00,0.0,0.0
2033-03-12 19:00:00,0.0,0.0
2033-03-12 20:00:00,0.0,0.0
2033-03-12 21:00:00,0.0,0.0
2033-03-12 22:00:00,0.0,0.0
2033-03-12 23:00:00,0.0,0.0
2033-03-13 00:00:00,0.0,0.0
2033-03-13 01:00:00,0.0,0.0
2033-03-13 02:00:00,0.0,9.06039998803202
2033-03-13 03:00:00,0.0,116.83147352988658
2033-03-13 04:00:00,0.0,228.41745232985986
2033-03-13 05:00:00,0.0,309.48418906488325
2033-03-13 06:00:00,0.0,360.9854100494863
2033-03-13 07:00:00,0.0,387.2128836990526
2033-03-13 08:00:00,0.0,389.120336328112
2033-03-13 09:00:00,0.0,368.13835740845894
2033-03-13 10:00:00,0.0,321.8826311537691
2033-03-13 11:00:00,0.0,248.92256809224813
2033-03-13 12:00:00,0.0,148.78130506663103
2033-03-13 13:00:00,0.0,37.19532626665776
2033-03-13 14:00:00,0.0,0.0
2033-03-13 15:00:00,0.0,0.0
2033-03-13 16:00:00,0.0,0.0
2033-03-13 17:00:00,0.0,0.0
2033-03-13 18:00:00,0.0,0.0
2033-03-13 19:00:00,0.0,0.0
2033-03-13 20:00:00,0.0,0.0
2033-03-13 21:00:00,0.0,0.0
2033-03-13 22:00:00,0.0,0.0
2033-03-13 23:00:00,0.0,0.0
2033-03-14 00:00:00,0.0,0.0
2033-03-14 01:00:00,0.0,0.0
2033-03-14 02:00:00,0.0,10.490989459826547
2033-03-14 03:00:00,0.0,119.21578931621079
2033-03-14 04:00:00,0.0,226.03313654353565
2033-03-14 05:00:00,0.0,304.2386943349699
2033-03-14 06:00:00,0.0,355.26305216230816
2033-03-14 07:00:00,0.0,381.01366265460973
2033-03-14 08:00:00,0.0,382.9211152836691
2033-03-14 09:00:00,0.0,362.41599952128075
2033-03-14 10:00:00,0.0,317.5908627383856
2033-03-14 11:00:00,0.0,246.06138914865906
2033-03-14 12:00:00,0.0,148.78130506663103
2033-03-14 13:00:00,0.0,38.6259157384523
2033-03-14 14:00:00,0.0,0.0
2033-03-14 15:00:00,0.0,0.0
2033-03-14 16:00:00,0.0,0.0
2033-03-14 17:00:00,0.0,0.0
2033-03-14 18:00:00,0.0,0.0
2033-03-14 19:00:00,0.0,0.0
2033-03-14 20:00:00,0.0,0.0
2033-03-14 21:00:00,0.0,0.0
2033-03-14 22:00:00,0.0,0.0
2033-03-14 23:00:00,0.0,0.0
2033-03-15 00:00:00,0.0,0.0
2033-03-15 01:00:00,0.0,0.0
2033-03-15 02:00:00,0.0,11.444715774356236
2033-03-15 03:00:00,0.0,119.69265247347565
2033-03-15 04:00:00,0.0,224.12568391447627
2033-03-15 05:00:00,0.0,302.8081048631754
2033-03-15 06:00:00,0.0,354.30932584777844
2033-03-15 07:00:00,0.0,379.58307318281516
2033-03-15 08:00:00,0.0,381.49052581187453
2033-03-15 09:00:00,0.0,359.55482057769177
2033-03-15 10:00:00,0.0,312.82223116573715
2033-03-15 11:00:00,0.0,240.33903126148093
2033-03-15 12:00:00,0.0,142.10522086492327
2033-03-15 13:00:00,0.0,34.81101048033355
2033-03-15 14:00:00,0.0,0.0
2033-03-15 15:00:00,0.0,0.0
2033-03-15 16:00:00,0.0,0.0
2033-03-15 17:00:00,0.0,0.0
2033-03-15 18:00:00,0.0,0.0
2033-03-15 19:00:00,0.0,0.0
2033-03-15 20:00:00,0.0,0.0
2033-03-15 21:00:00,0.0,0.0
2033-03-15 22:00:00,0.0,0.0
2033-03-15 23:00:00,0.0,0.0
2033-03-16 00:00:00,0.0,0.0
2033-03-16 01:00:00,0.0,0.0
2033-03-16 02:00:00,0.0,9.06039998803202
2033-03-16 03:00:00,0.0,103.00244196920612
2033-03-16 04:00:00,0.0,205.5280207811474
2033-03-16 05:00:00,0.0,293.27084171787857
2033-03-16 06:00:00,0.0,343.3414732306871
2033-03-16 07:00:00,0.0,369.56894688025346
2033-03-16 08:00:00,0.0,371.95326266657764
2033-03-16 09:00:00,0.0,348.5869679606003
2033-03-16 10:00:00,0.0,302.8081048631754
2033-03-16 11:00:00,0.0,230.8017681161841
2033-03-16 12:00:00,0.0,134.47541034868576
2033-03-16 13:00:00,0.0,31.472968379479646
2033-03-16 14:00:00,0.0,0.0
2033-03-16 15:00:00,0.0,0.0
2033-03-16 16:00:00,0.0,0.0
2033-03-16 17:00:00,0.0,0.0
2033-03-16 18:00:00,0.0,0.0
2033-03-16 19:00:00,0.0,0.0
2033-03-16 20:00:00,0.0,0.0
2033-03-16 21:00:00,0.0,0.0
2033-03-16 22:00:00,0.0,0.0
2033-03-16 23:00:00,0.0,0.0
2033-03-17 00:00:00,0.0,0.0
2033-03-17 01:00:00,0.0,0.0
2033-03-17 02:00:00,0.0,9.06039998803202
2033-03-17 03:00:00,0.0,103.00244196920612
2033-03-17 04:00:00,0.0,210.29665235379582
2033-03-17 05:00:00,0.0,291.3633890888192
2033-03-17 06:00:00,0.0,338.0959785007738
2033-03-17 07:00:00,0.0,364.800315307605
2033-03-17 08:00:00,0.0,367.6614942511941
2033-03-17 09:00:00,0.0,346.20265217427607
2033-03-17 10:00:00,0.0,300.9006522341161
2033-03-17 11:00:00,0.0,229.8480418016544
2033-03-17 12:00:00,0.0,134.47541034868576
2033-03-17 13:00:00,0.0,32.426694694009335
2033-03-17 14:00:00,0.0,0.0
2033-03-17 15:00:00,0.0,0.0
2033-03-17 16:00:00,0.0,0.0
2033-03-17 17:00:00,0.0,0.0
2033-03-17 18:00:00,0.0,0.0
2033-03-17 19:00:00,0.0,0.0
2033-03-17 20:00:00,0.0,0.0
2033-03-17 21:00:00,0.0,0.0
2033-03-17 22:00:00,0.0,0.0
2033-03-17 23:00:00,0.0,0.0
2033-03-18 00:00:00,0.0,0.0
2033-03-18 01:00:00,0.0,0.0
2033-03-18 02:00:00,0.0,8.583536830767176
2033-03-18 03:00:00,0.0,90.12713672305534
2033-03-18 04:00:00,0.0,195.9907576358505
2033-03-18 05:00:00,0.0,274.1963154272848
2033-03-18 06:00:00,0.0,332.3736206135956
2033-03-18 07:00:00,0.0,361.939136364016
2033-03-18 08:00:00,0.0,363.36972583581047
2033-03-18 09:00:00,0.0,340.00343112983313
2033-03-18 10:00:00,0.0,292.7939785606137
2033-03-18 11:00:00,0.0,217.4495997127685
2033-03-18 12:00:00,0.0,118.73892615894594
2033-03-18 13:00:00,0.0,24.320021020507
2033-03-18 14:00:00,0.0,0.0
2033-03-18 15:00:00,0.0,0.0
2033-03-18 16:00:00,0.0,0.0
2033-03-18 17:00:00,0.0,0.0
2033-03-18 18:00:00,0.0,0.0
2033-03-18 19:00:00,0.0,0.0
2033-03-18 20:00:00,0.0,0.0
2033-03-18 21:00:00,0.0,0.0
2033-03-18 22:00:00,0.0,0.0
2033-03-18 23:00:00,0.0,0.0
2033-03-19 00:00:00,0.0,0.0
2033-03-19 01:00:00,0.0,0.0
2033-03-19 02:00:00,0.0,8.583536830767176
2033-03-19 03:00:00,0.0,102.52557881194129
2033-03-19 04:00:00,0.0,211.2503786683255
2033-03-19 05:00:00,0.0,293.27084171787857
2033-03-19 06:00:00,0.0,346.679515331541
2033-03-19 07:00:00,0.0,369.56894688025346
2033-03-19 08:00:00,0.0,369.56894688025346
2033-03-19 09:00:00,0.0,339.52656797256833
2033-03-19 10:00:00,0.0,291.3633890888192
2033-03-19 11:00:00,0.0,217.92646287003333
2033-03-19 12:00:00,0.0,123.03069457432953
2033-03-19 13:00:00,0.0,27.658063121360907
2033-03-19 14:00:00,0.0,0.0
2033-03-19 15:00:00,0.0,0.0
2033-03-19 16:00:00,0.0,0.0
2033-03-19 17:00:00,0.0,0.0
2033-03-19 18:00:00,0.0,0.0
2033-03-19 19:00:00,0.0,0.0
2033-03-19 20:00:00,0.0,0.0
2033-03-19 21:00:00,0.0,0.0
2033-03-19 22:00:00,0.0,0.0
2033-03-19 23:00:00,0.0,0.0
2033-03-20 00:00:00,0.0,0.0
2033-03-20 01:00:00,0.0,0.0
2033-03-20 02:00:00,0.0,8.583536830767176
2033-03-20 03:00:00,0.0,97.75694723929284
2033-03-20 04:00:00,0.0,201.2362523657638
2033-03-20 05:00:00,0.0,281.8261259435223
2033-03-20 06:00:00,0.0,341.91088375889257
2033-03-20 07:00:00,0.0,366.23090477939957
2033-03-20 08:00:00,0.0,367.1846310939292
2033-03-20 09:00:00,0.0,346.679515331541
2033-03-20 10:00:00,0.0,299.4700627623215
2033-03-20 11:00:00,0.0,226.5099997008005
2033-03-20 12:00:00,0.0,130.1836419333022
2033-03-20 13:00:00,0.0,30.996105222214805
2033-03-20 14:00:00,0.0,0.0
2033-03-20 15:00:00,0.0,0.0
2033-03-20 16:00:00,0.0,0.0
2033-03-20 17:00:00,0.0,0.0
2033-03-20 18:00:00,0.0,0.0
2033-03-20 19:00:00,0.0,0.0
2033-03-20 20:00:00,0.0,0.0
2033-03-20 21:00:00,0.0,0.0
2033-03-20 22:00:00,0.0,0.0
2033-03-20 23:00:00,0.0,0.0
2033-03-21 00:00:00,0.0,0.0
2033-03-21 01:00:00,0.0,0.0
2033-03-21 02:00:00,0.0,10.490989459826547
2033-03-21 03:00:00,0.0,104.90989459826548
2033-03-21 04:00:00,0.0,206.95861025294192
2033-03-21 05:00:00,0.0,284.21044172984654
2033-03-21 06:00:00,0.0,334.7579363999198
2033-03-21 07:00:00,0.0,360.5085468922214
2033-03-21 08:00:00,0.0,362.41599952128075
2033-03-21 09:00:00,0.0,336.18852587171443
2033-03-21 10:00:00,0.0,289.9327996170246
2033-03-21 11:00:00,0.0,218.880189184563
2033-03-21 12:00:00,0.0,125.41501036065375
2033-03-21 13:00:00,0.0,30.51924206494996
2033-03-21 14:00:00,0.0,0.0
2033-03-21 15:00:00,0.0,0.0
2033-03-21 16:00:00,0.0,0.0
2033-03-21 17:00:00,0.0,0.0
2033-03-21 18:00:00,0.0,0.0
2033-03-21 19:00:00,0.0,0.0
2033-03-21 20:00:00,0.0,0.0
2033-03-21 21:00:00,0.0,0.0
2033-03-21 22:00:00,0.0,0.0
2033-03-21 23:00:00,0.0,0.0
2033-03-22 00:00:00,0.0,0.0
2033-03-22 01:00:00,0.0,0.0
2033-03-22 02:00:00,0.0,10.014126302561706
2033-03-22 03:00:00,0.0,97.75694723929284
2033-03-22 04:00:00,0.0,197.42134710764503
2033-03-22 05:00:00,0.0,275.1500417418145
2033-03-22 06:00:00,0.0,322.359494311034
2033-03-22 07:00:00,0.0,349.0638311178652
2033-03-22 08:00:00,0.0,354.30932584777844
2033-03-22 09:00:00,0.0,333.3273469281254
2033-03-22 10:00:00,0.0,287.54848383070043
2033-03-22 11:00:00,0.0,216.49587339823879
2033-03-22 12:00:00,0.0,123.50755773159437
2033-03-22 13:00:00,0.0,29.565515750420275
2033-03-22 14:00:00,0.0,0.0
2033-03-22 15:00:00,0.0,0.0
2033-03-22 16:00:00,0.0,0.0
2033-03-22 17:00:00,0.0,0.0
2033-03-22 18:00:00,0.0,0.0
2033-03-22 19:00:00,0.0,0.0
2033-03-22 20:00:00,0.0,0.0
2033-03-22 21:00:00,0.0,0.0
2033-03-22 22:00:00,0.0,0.0
2033-03-22 23:00:00,0.0,0.0
2033-03-23 00:00:00,0.0,0.0
2033-03-23 01:00:00,0.0,0.0
2033-03-23 02:00:00,0.0,9.537263145296864
2033-03-23 03:00:00,0.0,93.9420419811741
2033-03-23 04:00:00,0.0,198.85193657943958
2033-03-23 05:00:00,0.0,278.4880838426684
2033-03-23 06:00:00,0.0,330.46616798453624
2033-03-23 07:00:00,0.0,352.8787363759839
2033-03-23 08:00:00,0.0,345.7257890170113
2033-03-23 09:00:00,0.0,334.7579363999198
2033-03-23 10:00:00,0.0,298.5163364477918
2033-03-23 11:00:00,0.0,229.37117864438957
2033-03-23 12:00:00,0.0,136.38286297774516
2033-03-23 13:00:00,0.0,36.24159995212808
2033-03-23 14:00:00,0.0,0.0
2033-03-23 15:00:00,0.0,0.0
2033-03-23 16:00:00,0.0,0.0
2033-03-23 17:00:00,0.0,0.0
2033-03-23 18:00:00,0.0,0.0
2033-03-23 19:00:00,0.0,0.0
2033-03-23 20:00:00,0.0,0.0
2033-03-23 21:00:00,0.0,0.0
2033-03-23 22:00:00,0.0,0.0
2033-03-23 23:00:00,0.0,0.0
2033-03-24 00:00:00,0.0,0.0
2033-03-24 01:00:00,0.0,0.0
2033-03-24 02:00:00,0.0,12.875305246150765
2033-03-24 03:00:00,0.0,110.63225248544362
2033-03-24 04:00:00,0.0,215.5421470837091
2033-03-24 05:00:00,0.0,292.7939785606137
2033-03-24 06:00:00,0.0,342.8646100734222
2033-03-24 07:00:00,0.0,368.61522056572375
2033-03-24 08:00:00,0.0,370.9995363520479
2033-03-24 09:00:00,0.0,349.54069427513
2033-03-24 10:00:00,0.0,304.7155574922348
2033-03-24 11:00:00,0.0,234.139810217038
2033-03-24 12:00:00,0.0,129.2299156187725
2033-03-24 13:00:00,0.0,34.334147323068706
2033-03-24 14:00:00,0.0,0.0
2033-03-24 15:00:00,0.0,0.0
2033-03-24 16:00:00,0.0,0.0
2033-03-24 17:00:00,0.0,0.0
2033-03-24 18:00:00,0.0,0.0
2033-03-24 19:00:00,0.0,0.0
2033-03-24 20:00:00,0.0,0.0
2033-03-24 21:00:00,0.0,0.0
2033-03-24 22:00:00,0.0,0.0
2033-03-24 23:00:00,0.0,0.0
2033-03-25 00:00:00,0.0,0.0
2033-03-25 01:00:00,0.0,0.0
2033-03-25 02:00:00,0.0,12.398442088885922
2033-03-25 03:00:00,0.0,105.38675775553034
2033-03-25 04:00:00,0.0,214.5884207691794
2033-03-25 05:00:00,0.0,292.7939785606137
2033-03-25 06:00:00,0.0,345.7257890170113
2033-03-25 07:00:00,0.0,371.47639950931284
2033-03-25 08:00:00,0.0,374.3375784529019
2033-03-25 09:00:00,0.0,351.4481469041894
2033-03-25 10:00:00,0.0,307.5767364358238
2033-03-25 11:00:00,0.0,238.43157863242158
2033-03-25 12:00:00,0.0,144.9663998085123
2033-03-25 13:00:00,0.0,41.9639578393062
2033-03-25 14:00:00,0.0,0.0
2033-03-25 15:00:00,0.0,0.0
2033-03-25 16:00:00,0.0,0.0
2033-03-25 17:00:00,0.0,0.0
2033-03-25 18:00:00,0.0,0.0
2033-03-25 19:00:00,0.0,0.0
2033-03-25 20:00:00,0.0,0.0
2033-03-25 21:00:00,0.0,0.0
2033-03-25 22:00:00,0.0,0.0
2033-03-25 23:00:00,0.0,0.0
2033-03-26 00:00:00,0.0,0.0
2033-03-26 01:00:00,0.0,0.0
2033-03-26 02:00:00,0.0,14.782757875210137
2033-03-26 03:00:00,0.0,116.83147352988658
2033-03-26 04:00:00,0.0,219.83391549909268
2033-03-26 05:00:00,0.0,296.60888381873247
2033-03-26 06:00:00,0.0,346.20265217427607
2033-03-26 07:00:00,0.0,371.47639950931284
2033-03-26 08:00:00,0.0,373.38385213837216
2033-03-26 09:00:00,0.0,349.0638311178652
2033-03-26 10:00:00,0.0,305.19242064949964
2033-03-26 11:00:00,0.0,235.5703996888325
2033-03-26 12:00:00,0.0,142.5820840221881
2033-03-26 13:00:00,0.0,40.53336836751167
2033-03-26 14:00:00,0.0,0.0
2033-03-26 15:00:00,0.0,0.0
2033-03-26 16:00:00,0.0,0.0
2033-03-26 17:00:00,0.0,0.0
2033-03-26 18:00:00,0.0,0.0
2033-03-26 19:00:00,0.0,0.0
2033-03-26 20:00:00,0.0,0.0
2033-03-26 21:00:00,0.0,0.0
2033-03-26 22:00:00,0.0,0.0
2033-03-26 23:00:00,0.0,0.0
2033-03-27 00:00:00,0.0,0.0
2033-03-27 01:00:00,0.0,0.0
2033-03-27 02:00:00,0.0,15.736484189739823
2033-03-27 03:00:00,0.0,117.78519984441625
2033-03-27 04:00:00,0.0,218.40332602729814
2033-03-27 05:00:00,0.0,294.22456803240823
2033-03-27 06:00:00,0.0,344.7720627024816
2033-03-27 07:00:00,0.0,368.13835740845894
2033-03-27 08:00:00,0.0,368.61522056572375
2033-03-27 09:00:00,0.0,347.6332416460707
2033-03-27 10:00:00,0.0,304.2386943349699
2033-03-27 11:00:00,0.0,238.90844178968644
2033-03-27 12:00:00,0.0,148.78130506663103
2033-03-27 13:00:00,0.0,45.301999940160094
2033-03-27 14:00:00,0.0,0.0
2033-03-27 15:00:00,0.0,0.0
2033-03-27 16:00:00,0.0,0.0
2033-03-27 17:00:00,0.0,0.0
2033-03-27 18:00:00,0.0,0.0
2033-03-27 19:00:00,0.0,0.0
2033-03-27 20:00:00,0.0,0.0
2033-03-27 21:00:00,0.0,0.0
2033-03-27 22:00:00,0.0,0.0
2033-03-27 23:00:00,0.0,0.0
2033-03-28 00:00:00,0.0,0.0
2033-03-28 01:00:00,0.0,0.0
2033-03-28 02:00:00,0.0,16.690210504269512
2033-03-28 03:00:00,0.0,117.78519984441625
2033-03-28 04:00:00,0.0,217.4495997127685
2033-03-28 05:00:00,0.0,292.7939785606137
2033-03-28 06:00:00,0.0,340.48029428709805
2033-03-28 07:00:00,0.0,364.3234521503402
2033-03-28 08:00:00,0.0,365.7540416221347
2033-03-28 09:00:00,0.0,345.24892585974646
2033-03-28 10:00:00,0.0,301.3775153913809
2033-03-28 11:00:00,0.0,226.5099997008005
2033-03-28 12:00:00,0.0,126.36873667518343
2033-03-28 13:00:00,0.0,32.426694694009335
2033-03-28 14:00:00,0.0,0.0
2033-03-28 15:00:00,0.0,0.0
2033-03-28 16:00:00,0.0,0.0
2033-03-28 17:00:00,0.0,0.0
2033-03-28 18:00:00,0.0,0.0
2033-03-28 19:00:00,0.0,0.0
2033-03-28 20:00:00,0.0,0.0
2033-03-28 21:00:00,0.0,0.0
2033-03-28 22:00:00,0.0,0.0
2033-03-28 23:00:00,0.0,0.0
2033-03-29 00:00:00,0.0,0.0
2033-03-29 01:00:00,0.0,0.0
2033-03-29 02:00:00,0.0,14.305894717945295
2033-03-29 03:00:00,0.0,108.72479985638425
2033-03-29 04:00:00,0.0,206.48174709567706
2033-03-29 05:00:00,0.0,281.8261259435223
2033-03-29 06:00:00,0.0,329.9893048272714
2033-03-29 07:00:00,0.0,353.83246269051364
2033-03-29 08:00:00,0.0,360.0316837349566
2033-03-29 09:00:00,0.0,340.95715744436285
2033-03-29 10:00:00,0.0,297.56261013326207
2033-03-29 11:00:00,0.0,228.89431548712471
2033-03-29 12:00:00,0.0,134.95227350595061
2033-03-29 13:00:00,0.0,38.6259157384523
2033-03-29 14:00:00,0.0,0.0
2033-03-29 15:00:00,0.0,0.0
2033-03-29 16:00:00,0.0,0.0
2033-03-29 17:00:00,0.0,0.0
2033-03-29 18:00:00,0.0,0.0
2033-03-29 19:00:00,0.0,0.0
2033-03-29 20:00:00,0.0,0.0
2033-03-29 21:00:00,0.0,0.0
2033-03-29 22:00:00,0.0,0.0
2033-03-29 23:00:00,0.0,0.0
2033-03-30 00:00:00,0.0,0.0
2033-03-30 01:00:00,0.0,0.0
2033-03-30 02:00:00,0.0,15.25962103247498
2033-03-30 03:00:00,0.0,111.58597879997329
2033-03-30 04:00:00,0.0,213.15783129738492
2033-03-30 05:00:00,0.0,288.97907330249495
2033-03-30 06:00:00,0.0,338.0959785007738
2033-03-30 07:00:00,0.0,363.36972583581047
2033-03-30 08:00:00,0.0,365.7540416221347
2033-03-30 09:00:00,0.0,344.7720627024816
2033-03-30 10:00:00,0.0,301.8543785486457
2033-03-30 11:00:00,0.0,234.139810217038
2033-03-30 12:00:00,0.0,143.05894717945293
2033-03-30 13:00:00,0.0,42.917684153835886
2033-03-30 14:00:00,0.0,0.0
2033-03-30 15:00:00,0.0,0.0
2033-03-30 16:00:00,0.0,0.0
2033-03-30 17:00:00,0.0,0.0
2033-03-30 18:00:00,0.0,0.0
2033-03-30 19:00:00,0.0,0.0
2033-03-30 20:00:00,0.0,0.0
2033-03-30 21:00:00,0.0,0.0
2033-03-30 22:00:00,0.0,0.0
2033-03-30 23:00:00,0.0,0.0
2033-03-31 00:00:00,0.0,0.0
2033-03-31 01:00:00,0.0,0.0
2033-03-31 02:00:00,0.0,17.643936818799197
2033-03-31 03:00:00,0.0,120.16951563074046
2033-03-31 04:00:00,0.0,219.83391549909268
2033-03-31 05:00:00,0.0,295.1782943469379
2033-03-31 06:00:00,0.0,343.8183363879519
2033-03-31 07:00:00,0.0,367.6614942511941
2033-03-31 08:00:00,0.0,369.56894688025346
2033-03-31 09:00:00,0.0,349.54069427513
2033-03-31 10:00:00,0.0,306.1461469640293
2033-03-31 11:00:00,0.0,237.95471547515672
2033-03-31 12:00:00,0.0,146.39698928030685
2033-03-31 13:00:00,0.0,44.82513678289526
2033-03-31 14:00:00,0.0,0.0
2033-03-31 15:00:00,0.0,0.0
2033-03-31 16:00:00,0.0,0.0
2033-03-31 17:00:00,0.0,0.0
2033-03-31 18:00:00,0.0,0.0
2033-03-31 19:00:00,0.0,0.0
2033-03-31 20:00:00,0.0,0.0
2033-03-31 21:00:00,0.0,0.0
2033-03-31 22:00:00,0.0,0.0
2033-03-31 23:00:00,0.0,0.0
2033-04-01 00:00:00,0.0,0.0
2033-04-01 01:00:00,0.0,0.0
2033-04-01 02:00:00,0.0,18.12079997606404
2033-04-01 03:00:00,0.0,118.73892615894594
2033-04-01 04:00:00,0.0,217.4495997127685
2033-04-01 05:00:00,0.0,292.31711540334885
2033-04-01 06:00:00,0.0,340.00343112983313
2033-04-01 07:00:00,0.0,363.36972583581047
2033-04-01 08:00:00,0.0,365.27717846486985
2033-04-01 09:00:00,0.0,345.24892585974646
2033-04-01 10:00:00,0.0,302.8081048631754
2033-04-01 11:00:00,0.0,235.5703996888325
2033-04-01 12:00:00,0.0,144.9663998085123
2033-04-01 13:00:00,0.0,44.34827362563041
2033-04-01 14:00:00,0.0,0.0
2033-04-01 15:00:00,0.0,0.0
2033-04-01 16:00:00,0.0,0.0
2033-04-01 17:00:00,0.0,0.0
2033-04-01 18:00:00,0.0,0.0
2033-04-01 19:00:00,0.0,0.0
2033-04-01 20:00:00,0.0,0.0
2033-04-01 21:00:00,0.0,0.0
2033-04-01 22:00:00,0.0,0.0
2033-04-01 23:00:00,0.0,0.0
2033-04-02 00:00:00,0.0,0.0
2033-04-02 01:00:00,0.0,0.0
2033-04-02 02:00:00,0.0,18.59766313332888
2033-04-02 03:00:00,0.0,120.16951563074046
2033-04-02 04:00:00,0.0,219.83391549909268
2033-04-02 05:00:00,0.0,294.22456803240823
2033-04-02 06:00:00,0.0,336.66538902897923
2033-04-02 07:00:00,0.0,336.18852587171443
2033-04-02 08:00:00,0.0,314.7296837947965
2033-04-02 09:00:00,0.0,296.1320206614676
2033-04-02 10:00:00,0.0,271.8119996409606
2033-04-02 11:00:00,0.0,227.4637260153302
2033-04-02 12:00:00,0.0,145.92012612304202
2033-04-02 13:00:00,0.0,45.301999940160094
2033-04-02 14:00:00,0.0,0.0
2033-04-02 15:00:00,0.0,0.0
2033-04-02 16:00:00,0.0,0.0
2033-04-02 17:00:00,0.0,0.0
2033-04-02 18:00:00,0.0,0.0
2033-04-02 19:00:00,0.0,0.0
2033-04-02 20:00:00,0.0,0.0
2033-04-02 21:00:00,0.0,0.0
2033-04-02 22:00:00,0.0,0.0
2033-04-02 23:00:00,0.0,0.0
2033-04-03 00:00:00,0.0,0.0
2033-04-03 01:00:00,0.0,0.0
2033-04-03 02:00:00,0.0,11.92157893162108
2033-04-03 03:00:00,0.0,96.32635776749834
2033-04-03 04:00:00,0.0,216.01901024097393
2033-04-03 05:00:00,0.0,291.84025224608405
2033-04-03 06:00:00,0.0,338.5728416580386
2033-04-03 07:00:00,0.0,362.41599952128075
2033-04-03 08:00:00,0.0,365.27717846486985
2033-04-03 09:00:00,0.0,345.7257890170113
2033-04-03 10:00:00,0.0,302.33124170591054
2033-04-03 11:00:00,0.0,230.32490495891923
2033-04-03 12:00:00,0.0,122.55383141706469
2033-04-03 13:00:00,0.0,34.334147323068706
2033-04-03 14:00:00,0.0,0.0
2033-04-03 15:00:00,0.0,0.0
2033-04-03 16:00:00,0.0,0.0
2033-04-03 17:00:00,0.0,0.0
2033-04-03 18:00:00,0.0,0.0
2033-04-03 19:00:00,0.0,0.0
2033-04-03 20:00:00,0.0,0.0
2033-04-03 21:00:00,0.0,0.0
2033-04-03 22:00:00,0.0,0.0
2033-04-03 23:00:00,0.0,0.0
2033-04-04 00:00:00,0.0,0.0
2033-04-04 01:00:00,0.0,0.0
2033-04-04 02:00:00,0.0,20.028252605123413
2033-04-04 03:00:00,0.0,123.03069457432953
2033-04-04 04:00:00,0.0,222.21823128541692
2033-04-04 05:00:00,0.0,295.65515750420275
2033-04-04 06:00:00,0.0,341.4340206016277
2033-04-04 07:00:00,0.0,362.8928626785456
2033-04-04 08:00:00,0.0,361.4622732067511
2033-04-04 09:00:00,0.0,335.2347995571847
2033-04-04 10:00:00,0.0,284.21044172984654
2033-04-04 11:00:00,0.0,207.9123365674716
2033-04-04 12:00:00,0.0,120.16951563074046
2033-04-04 13:00:00,0.0,39.102778895717144
2033-04-04 14:00:00,0.0,0.0
2033-04-04 15:00:00,0.0,0.0
2033-04-04 16:00:00,0.0,0.0
2033-04-04 17:00:00,0.0,0.0
2033-04-04 18:00:00,0.0,0.0
2033-04-04 19:00:00,0.0,0.0
2033-04-04 20:00:00,0.0,0.0
2033-04-04 21:00:00,0.0,0.0
2033-04-04 22:00:00,0.0,0.0
2033-04-04 23:00:00,0.0,0.0
2033-04-05 00:00:00,0.0,0.0
2033-04-05 01:00:00,0.0,0.0
2033-04-05 02:00:00,0.0,10.490989459826547
2033-04-05 03:00:00,0.0,69.14515780340226
2033-04-05 04:00:00,0.0,149.2581682238959
2033-04-05 05:00:00,0.0,216.97273655550364
2033-04-05 06:00:00,0.0,297.56261013326207
2033-04-05 07:00:00,0.0,352.8787363759839
2033-04-05 08:00:00,0.0,362.41599952128075
2033-04-05 09:00:00,0.0,330.46616798453624
2033-04-05 10:00:00,0.0,283.2567154153168
2033-04-05 11:00:00,0.0,229.8480418016544
2033-04-05 12:00:00,0.0,144.9663998085123
2033-04-05 13:00:00,0.0,44.34827362563041
2033-04-05 14:00:00,0.0,0.0
2033-04-05 15:00:00,0.0,0.0
2033-04-05 16:00:00,0.0,0.0
2033-04-05 17:00:00,0.0,0.0
2033-04-05 18:00:00,0.0,0.0
2033-04-05 19:00:00,0.0,0.0
2033-04-05 20:00:00,0.0,0.0
2033-04-05 21:00:00,0.0,0.0
2033-04-05 22:00:00,0.0,0.0
2033-04-05 23:00:00,0.0,0.0
2033-04-06 00:00:00,0.0,0.0
2033-04-06 01:00:00,0.0,0.0
2033-04-06 02:00:00,0.0,8.106673673502334
2033-04-06 03:00:00,0.0,85.83536830767177
2033-04-06 04:00:00,0.0,189.31467343414272
2033-04-06 05:00:00,0.0,253.69119966489657
2033-04-06 06:00:00,0.0,291.84025224608405
2033-04-06 07:00:00,0.0,323.7900837828285
2033-04-06 08:00:00,0.0,351.4481469041894
2033-04-06 09:00:00,0.0,342.38774691615737
2033-04-06 10:00:00,0.0,300.4237890768512
2033-04-06 11:00:00,0.0,230.8017681161841
2033-04-06 12:00:00,0.0,140.1977682358639
2033-04-06 13:00:00,0.0,43.87141046836557
2033-04-06 14:00:00,0.0,0.0
2033-04-06 15:00:00,0.0,0.0
2033-04-06 16:00:00,0.0,0.0
2033-04-06 17:00:00,0.0,0.0
2033-04-06 18:00:00,0.0,0.0
2033-04-06 19:00:00,0.0,0.0
2033-04-06 20:00:00,0.0,0.0
2033-04-06 21:00:00,0.0,0.0
2033-04-06 22:00:00,0.0,0.0
2033-04-06 23:00:00,0.0,0.0
2033-04-07 00:00:00,0.0,0.0
2033-04-07 01:00:00,0.0,0.0
2033-04-07 02:00:00,0.0,14.782757875210137
2033-04-07 03:00:00,0.0,93.9420419811741
2033-04-07 04:00:00,0.0,189.31467343414272
2033-04-07 05:00:00,0.0,269.42768385463637
2033-04-07 06:00:00,0.0,321.8826311537691
2033-04-07 07:00:00,0.0,348.5869679606003
2033-04-07 08:00:00,0.0,352.4018732187191
2033-04-07 09:00:00,0.0,329.9893048272714
2033-04-07 10:00:00,0.0,283.2567154153168
2033-04-07 11:00:00,0.0,209.34292603926616
2033-04-07 12:00:00,0.0,115.87774721535688
2033-04-07 13:00:00,0.0,30.042378907685116
2033-04-07 14:00:00,0.0,0.0
2033-04-07 15:00:00,0.0,0.0
2033-04-07 16:00:00,0.0,0.0
2033-04-07 17:00:00,0.0,0.0
2033-04-07 18:00:00,0.0,0.0
2033-04-07 19:00:00,0.0,0.0
2033-04-07 20:00:00,0.0,0.0
2033-04-07 21:00:00,0.0,0.0
2033-04-07 22:00:00,0.0,0.0
2033-04-07 23:00:00,0.0,0.0
2033-04-08 00:00:00,0.0,0.0
2033-04-08 01:00:00,0.0,0.0
2033-04-08 02:00:00,0.0,20.505115762388254
2033-04-08 03:00:00,0.0,116.35461037262172
2033-04-08 04:00:00,0.0,204.57429446661772
2033-04-08 05:00:00,0.0,268.95082069737157
2033-04-08 06:00:00,0.0,303.28496802044026
2033-04-08 07:00:00,0.0,322.8363574682988
2033-04-08 08:00:00,0.0,345.24892585974646
2033-04-08 09:00:00,0.0,339.0497048153034
2033-04-08 10:00:00,0.0,299.4700627623215
2033-04-08 11:00:00,0.0,232.70922074524344
2033-04-08 12:00:00,0.0,143.05894717945293
2033-04-08 13:00:00,0.0,45.301999940160094
2033-04-08 14:00:00,0.0,0.0
2033-04-08 15:00:00,0.0,0.0
2033-04-08 16:00:00,0.0,0.0
2033-04-08 17:00:00,0.0,0.0
2033-04-08 18:00:00,0.0,0.0
2033-04-08 19:00:00,0.0,0.0
2033-04-08 20:00:00,0.0,0.0
2033-04-08 21:00:00,0.0,0.0
2033-04-08 22:00:00,0.0,0.0
2033-04-08 23:00:00,0.0,0.0
2033-04-09 00:00:00,0.0,0.0
2033-04-09 01:00:00,0.0,0.0
2033-04-09 02:00:00,0.0,17.643936818799197
2033-04-09 03:00:00,0.0,105.38675775553034
2033-04-09 04:00:00,0.0,210.77351551106068
2033-04-09 05:00:00,0.0,287.0716206734356
2033-04-09 06:00:00,0.0,334.281073242655
2033-04-09 07:00:00,0.0,358.1242311058972
2033-04-09 08:00:00,0.0,360.0316837349566
2033-04-09 09:00:00,0.0,339.52656797256833
2033-04-09 10:00:00,0.0,297.08574697599727
2033-04-09 11:00:00,0.0,230.32490495891923
2033-04-09 12:00:00,0.0,141.15149455039358
2033-04-09 13:00:00,0.0,44.82513678289526
2033-04-09 14:00:00,0.0,0.0
2033-04-09 15:00:00,0.0,0.0
2033-04-09 16:00:00,0.0,0.0
2033-04-09 17:00:00,0.0,0.0
2033-04-09 18:00:00,0.0,0.0
2033-04-09 19:00:00,0.0,0.0
2033-04-09 20:00:00,0.0,0.0
2033-04-09 21:00:00,0.0,0.0
2033-04-09 22:00:00,0.0,0.0
2033-04-09 23:00:00,0.0,0.0
2033-04-10 00:00:00,0.0,0.0
2033-04-10 01:00:00,0.0,0.0
2033-04-10 02:00:00,0.0,21.935705234182784
2033-04-10 03:00:00,0.0,119.21578931621079
2033-04-10 04:00:00,0.0,216.01901024097393
2033-04-10 05:00:00,0.0,288.97907330249495
2033-04-10 06:00:00,0.0,334.7579363999198
2033-04-10 07:00:00,0.0,359.55482057769177
2033-04-10 08:00:00,0.0,362.41599952128075
2033-04-10 09:00:00,0.0,342.38774691615737
2033-04-10 10:00:00,0.0,299.94692591958636
2033-04-10 11:00:00,0.0,230.8017681161841
2033-04-10 12:00:00,0.0,143.5358103367178
2033-04-10 13:00:00,0.0,46.25572625468978
2033-04-10 14:00:00,0.0,0.0
2033-04-10 15:00:00,0.0,0.0
2033-04-10 16:00:00,0.0,0.0
2033-04-10 17:00:00,0.0,0.0
2033-04-10 18:00:00,0.0,0.0
2033-04-10 19:00:00,0.0,0.0
2033-04-10 20:00:00,0.0,0.0
2033-04-10 21:00:00,0.0,0.0
2033-04-10 22:00:00,0.0,0.0
2033-04-10 23:00:00,0.0,0.0
2033-04-11 00:00:00,0.0,0.0
2033-04-11 01:00:00,0.0,0.0
2033-04-11 02:00:00,0.0,22.41256839144763
2033-04-11 03:00:00,0.0,118.2620630016811
2033-04-11 04:00:00,0.0,214.11155761191455
2033-04-11 05:00:00,0.0,287.54848383070043
2033-04-11 06:00:00,0.0,334.281073242655
2033-04-11 07:00:00,0.0,358.1242311058972
2033-04-11 08:00:00,0.0,360.0316837349566
2033-04-11 09:00:00,0.0,338.0959785007738
2033-04-11 10:00:00,0.0,294.70143118967303
2033-04-11 11:00:00,0.0,228.41745232985986
2033-04-11 12:00:00,0.0,140.1977682358639
2033-04-11 13:00:00,0.0,44.82513678289526
2033-04-11 14:00:00,0.0,0.0
2033-04-11 15:00:00,0.0,0.0
2033-04-11 16:00:00,0.0,0.0
2033-04-11 17:00:00,0.0,0.0
2033-04-11 18:00:00,0.0,0.0
2033-04-11 19:00:00,0.0,0.0
2033-04-11 20:00:00,0.0,0.0
2033-04-11 21:00:00,0.0,0.0
2033-04-11 22:00:00,0.0,0.0
2033-04-11 23:00:00,0.0,0.0
2033-04-12 00:00:00,0.0,0.0
2033-04-12 01:00:00,0.0,0.0
2033-04-12 02:00:00,0.0,20.981978919653095
2033-04-12 03:00:00,0.0,112.06284195723813
2033-04-12 04:00:00,0.0,205.5280207811474
2033-04-12 05:00:00,0.0,278.4880838426684
2033-04-12 06:00:00,0.0,328.558715355477
2033-04-12 07:00:00,0.0,352.8787363759839
2033-04-12 08:00:00,0.0,353.3555995332488
2033-04-12 09:00:00,0.0,334.281073242655
2033-04-12 10:00:00,0.0,289.9327996170246
2033-04-12 11:00:00,0.0,223.17195759994658
2033-04-12 12:00:00,0.0,128.27618930424282
2033-04-12 13:00:00,0.0,36.24159995212808
2033-04-12 14:00:00,0.0,0.0
2033-04-12 15:00:00,0.0,0.0
2033-04-12 16:00:00,0.0,0.0
2033-04-12 17:00:00,0.0,0.0
2033-04-12 18:00:00,0.0,0.0
2033-04-12 19:00:00,0.0,0.0
2033-04-12 20:00:00,0.0,0.0
2033-04-12 21:00:00,0.0,0.0
2033-04-12 22:00:00,0.0,0.0
2033-04-12 23:00:00,0.0,0.0
2033-04-13 00:00:00,0.0,0.0
2033-04-13 01:00:00,0.0,0.0
2033-04-13 02:00:00,0.0,16.690210504269512
2033-04-13 03:00:00,0.0,93.9420419811741
2033-04-13 04:00:00,0.0,188.36094711961306
2033-04-13 05:00:00,0.0,247.01511546318875
2033-04-13 06:00:00,0.0,237.4778523178919
2033-04-13 07:00:00,0.0,277.0574943708739
2033-04-13 08:00:00,0.0,320.4520416819746
2033-04-13 09:00:00,0.0,306.6230101212941
2033-04-13 10:00:00,0.0,252.260610193102
2033-04-13 11:00:00,0.0,187.40722080508337
2033-04-13 12:00:00,0.0,129.2299156187725
2033-04-13 13:00:00,0.0,42.44082099657104
2033-04-13 14:00:00,0.0,0.0
2033-04-13 15:00:00,0.0,0.0
2033-04-13 16:00:00,0.0,0.0
2033-04-13 17:00:00,0.0,0.0
2033-04-13 18:00:00,0.0,0.0
2033-04-13 19:00:00,0.0,0.0
2033-04-13 20:00:00,0.0,0.0
2033-04-13 21:00:00,0.0,0.0
2033-04-13 22:00:00,0.0,0.0
2033-04-13 23:00:00,0.0,0.0
2033-04-14 00:00:00,0.0,0.0
2033-04-14 01:00:00,0.0,0.0
2033-04-14 02:00:00,0.0,5.245494729913275
2033-04-14 03:00:00,0.0,56.2698525572515
2033-04-14 04:00:00,0.0,147.35071559483652
2033-04-14 05:00:00,0.0,212.2041049828552
2033-04-14 06:00:00,0.0,253.69119966489657
2033-04-14 07:00:00,0.0,284.21044172984654
2033-04-14 08:00:00,0.0,292.7939785606137
2033-04-14 09:00:00,0.0,254.6449259794262
2033-04-14 10:00:00,0.0,232.2323575879786
2033-04-14 11:00:00,0.0,182.1617260751701
2033-04-14 12:00:00,0.0,94.89576829570379
2033-04-14 13:00:00,0.0,21.458842076917943
2033-04-14 14:00:00,0.0,0.0
2033-04-14 15:00:00,0.0,0.0
2033-04-14 16:00:00,0.0,0.0
2033-04-14 17:00:00,0.0,0.0
2033-04-14 18:00:00,0.0,0.0
2033-04-14 19:00:00,0.0,0.0
2033-04-14 20:00:00,0.0,0.0
2033-04-14 21:00:00,0.0,0.0
2033-04-14 22:00:00,0.0,0.0
2033-04-14 23:00:00,0.0,0.0
2033-04-15 00:00:00,0.0,0.0
2033-04-15 01:00:00,0.0,0.0
2033-04-15 02:00:00,0.0,20.028252605123413
2033-04-15 03:00:00,0.0,110.15538932817877
2033-04-15 04:00:00,0.0,206.95861025294192
2033-04-15 05:00:00,0.0,281.8261259435223
2033-04-15 06:00:00,0.0,332.3736206135956
2033-04-15 07:00:00,0.0,358.60109426316205
2033-04-15 08:00:00,0.0,362.8928626785456
2033-04-15 09:00:00,0.0,347.6332416460707
2033-04-15 10:00:00,0.0,305.19242064949964
2033-04-15 11:00:00,0.0,237.4778523178919
2033-04-15 12:00:00,0.0,147.35071559483652
2033-04-15 13:00:00,0.0,48.640042041014
2033-04-15 14:00:00,0.0,0.0
2033-04-15 15:00:00,0.0,0.0
2033-04-15 16:00:00,0.0,0.0
2033-04-15 17:00:00,0.0,0.0
2033-04-15 18:00:00,0.0,0.0
2033-04-15 19:00:00,0.0,0.0
2033-04-15 20:00:00,0.0,0.0
2033-04-15 21:00:00,0.0,0.0
2033-04-15 22:00:00,0.0,0.0
2033-04-15 23:00:00,0.0,0.0
2033-04-16 00:00:00,0.0,0.0
2033-04-16 01:00:00,0.0,0.0
2033-04-16 02:00:00,0.0,24.320021020507
2033-04-16 03:00:00,0.0,122.55383141706469
2033-04-16 04:00:00,0.0,220.78764181362237
2033-04-16 05:00:00,0.0,293.27084171787857
2033-04-16 06:00:00,0.0,340.48029428709805
2033-04-16 07:00:00,0.0,365.27717846486985
2033-04-16 08:00:00,0.0,367.1846310939292
2033-04-16 09:00:00,0.0,347.1563784888058
2033-04-16 10:00:00,0.0,304.2386943349699
2033-04-16 11:00:00,0.0,237.00098916062706
2033-04-16 12:00:00,0.0,147.82757875210137
2033-04-16 13:00:00,0.0,49.59376835554369
2033-04-16 14:00:00,0.0,0.0
2033-04-16 15:00:00,0.0,0.0
2033-04-16 16:00:00,0.0,0.0
2033-04-16 17:00:00,0.0,0.0
2033-04-16 18:00:00,0.0,0.0
2033-04-16 19:00:00,0.0,0.0
2033-04-16 20:00:00,0.0,0.0
2033-04-16 21:00:00,0.0,0.0
2033-04-16 22:00:00,0.0,0.0
2033-04-16 23:00:00,0.0,0.0
2033-04-17 00:00:00,0.0,0.0
2033-04-17 01:00:00,0.0,0.0
2033-04-17 02:00:00,0.0,24.796884177771844
2033-04-17 03:00:00,0.0,124.46128404612406
2033-04-17 04:00:00,0.0,223.17195759994658
2033-04-17 05:00:00,0.0,295.65515750420275
2033-04-17 06:00:00,0.0,342.38774691615737
2033-04-17 07:00:00,0.0,366.23090477939957
2033-04-17 08:00:00,0.0,368.13835740845894
2033-04-17 09:00:00,0.0,349.0638311178652
2033-04-17 10:00:00,0.0,306.1461469640293
2033-04-17 11:00:00,0.0,239.3853049469513
2033-04-17 12:00:00,0.0,149.73503138116075
2033-04-17 13:00:00,0.0,50.54749467007337
2033-04-17 14:00:00,0.0,0.0
2033-04-17 15:00:00,0.0,0.0
2033-04-17 16:00:00,0.0,0.0
2033-04-17 17:00:00,0.0,0.0
2033-04-17 18:00:00,0.0,0.0
2033-04-17 19:00:00,0.0,0.0
2033-04-17 20:00:00,0.0,0.0
2033-04-17 21:00:00,0.0,0.0
2033-04-17 22:00:00,0.0,0.0
2033-04-17 23:00:00,0.0,0.0
2033-04-18 00:00:00,0.0,0.0
2033-04-18 01:00:00,0.0,0.0
2033-04-18 02:00:00,0.0,25.75061049230153
2033-04-18 03:00:00,0.0,124.93814720338891
2033-04-18 04:00:00,0.0,221.26450497088723
2033-04-18 05:00:00,0.0,294.22456803240823
2033-04-18 06:00:00,0.0,341.4340206016277
2033-04-18 07:00:00,0.0,365.27717846486985
2033-04-18 08:00:00,0.0,366.70776793666437
2033-04-18 09:00:00,0.0,346.679515331541
2033-04-18 10:00:00,0.0,304.2386943349699
2033-04-18 11:00:00,0.0,237.95471547515672
2033-04-18 12:00:00,0.0,149.2581682238959
2033-04-18 13:00:00,0.0,51.024357827338214
2033-04-18 14:00:00,0.0,0.0
2033-04-18 15:00:00,0.0,0.0
2033-04-18 16:00:00,0.0,0.0
2033-04-18 17:00:00,0.0,0.0
2033-04-18 18:00:00,0.0,0.0
2033-04-18 19:00:00,0.0,0.0
2033-04-18 20:00:00,0.0,0.0
2033-04-18 21:00:00,0.0,0.0
2033-04-18 22:00:00,0.0,0.0
2033-04-18 23:00:00,0.0,0.0
2033-04-19 00:00:00,0.0,0.0
2033-04-19 01:00:00,0.0,0.0
2033-04-19 02:00:00,0.0,25.273747335036685
2033-04-19 03:00:00,0.0,120.64637878800532
2033-04-19 04:00:00,0.0,215.06528392644427
2033-04-19 05:00:00,0.0,287.54848383070043
2033-04-19 06:00:00,0.0,336.18852587171443
2033-04-19 07:00:00,0.0,360.0316837349566
2033-04-19 08:00:00,0.0,361.939136364016
2033-04-19 09:00:00,0.0,341.91088375889257
2033-04-19 10:00:00,0.0,299.94692591958636
2033-04-19 11:00:00,0.0,234.61667337430285
2033-04-19 12:00:00,0.0,147.35071559483652
2033-04-19 13:00:00,0.0,50.54749467007337
2033-04-19 14:00:00,0.0,0.0
2033-04-19 15:00:00,0.0,0.0
2033-04-19 16:00:00,0.0,0.0
2033-04-19 17:00:00,0.0,0.0
2033-04-19 18:00:00,0.0,0.0
2033-04-19 19:00:00,0.0,0.0
2033-04-19 20:00:00,0.0,0.0
2033-04-19 21:00:00,0.0,0.0
2033-04-19 22:00:00,0.0,0.0
2033-04-19 23:00:00,0.0,0.0
2033-04-20 00:00:00,0.0,0.0
2033-04-20 01:00:00,0.0,0.0
2033-04-20 02:00:00,0.0,25.273747335036685
2033-04-20 03:00:00,0.0,119.69265247347565
2033-04-20 04:00:00,0.0,213.63469445464975
2033-04-20 05:00:00,0.0,285.641031201641
2033-04-20 06:00:00,0.0,333.3273469281254
2033-04-20 07:00:00,0.0,357.17050479136753
2033-04-20 08:00:00,0.0,359.55482057769177
2033-04-20 09:00:00,0.0,340.00343112983313
2033-04-20 10:00:00,0.0,298.0394732905269
2033-04-20 11:00:00,0.0,232.2323575879786
2033-04-20 12:00:00,0.0,145.44326296577717
2033-04-20 13:00:00,0.0,49.59376835554369
2033-04-20 14:00:00,0.0,0.0
2033-04-20 15:00:00,0.0,0.0
2033-04-20 16:00:00,0.0,0.0
2033-04-20 17:00:00,0.0,0.0
2033-04-20 18:00:00,0.0,0.0
2033-04-20 19:00:00,0.0,0.0
2033-04-20 20:00:00,0.0,0.0
2033-04-20 21:00:00,0.0,0.0
2033-04-20 22:00:00,0.0,0.0
2033-04-20 23:00:00,0.0,0.0
2033-04-21 00:00:00,0.0,0.0
2033-04-21 01:00:00,0.0,0.0
2033-04-21 02:00:00,0.0,25.273747335036685
2033-04-21 03:00:00,0.0,119.21578931621079
2033-04-21 04:00:00,0.0,212.68096814012006
2033-04-21 05:00:00,0.0,284.6873048871114
2033-04-21 06:00:00,0.0,330.94303114180116
2033-04-21 07:00:00,0.0,354.30932584777844
2033-04-21 08:00:00,0.0,356.2167784768379
2033-04-21 09:00:00,0.0,337.14225218624415
2033-04-21 10:00:00,0.0,295.1782943469379
2033-04-21 11:00:00,0.0,230.32490495891923
2033-04-21 12:00:00,0.0,144.01267349398265
2033-04-21 13:00:00,0.0,49.59376835554369
2033-04-21 14:00:00,0.0,0.0
2033-04-21 15:00:00,0.0,0.0
2033-04-21 16:00:00,0.0,0.0
2033-04-21 17:00:00,0.0,0.0
2033-04-21 18:00:00,0.0,0.0
2033-04-21 19:00:00,0.0,0.0
2033-04-21 20:00:00,0.0,0.0
2033-04-21 21:00:00,0.0,0.0
2033-04-21 22:00:00,0.0,0.0
2033-04-21 23:00:00,0.0,0.0
2033-04-22 00:00:00,0.0,0.0
2033-04-22 01:00:00,0.0,0.0
2033-04-22 02:00:00,0.0,25.75061049230153
2033-04-22 03:00:00,0.0,119.69265247347565
2033-04-22 04:00:00,0.0,213.15783129738492
2033-04-22 05:00:00,0.0,285.1641680443762
2033-04-22 06:00:00,0.0,332.85048377086054
2033-04-22 07:00:00,0.0,356.6936416341027
2033-04-22 08:00:00,0.0,359.07795742042686
2033-04-22 09:00:00,0.0,338.5728416580386
2033-04-22 10:00:00,0.0,296.60888381873247
2033-04-22 11:00:00,0.0,231.75549443071375
2033-04-22 12:00:00,0.0,144.9663998085123
2033-04-22 13:00:00,0.0,50.07063151280853
2033-04-22 14:00:00,0.0,0.0
2033-04-22 15:00:00,0.0,0.0
2033-04-22 16:00:00,0.0,0.0
2033-04-22 17:00:00,0.0,0.0
2033-04-22 18:00:00,0.0,0.0
2033-04-22 19:00:00,0.0,0.0
2033-04-22 20:00:00,0.0,0.0
2033-04-22 21:00:00,0.0,0.0
2033-04-22 22:00:00,0.0,0.0
2033-04-22 23:00:00,0.0,0.0
2033-04-23 00:00:00,0.0,0.0
2033-04-23 01:00:00,0.0,0.0
2033-04-23 02:00:00,0.0,26.704336806831215
2033-04-23 03:00:00,0.0,122.07696825979984
2033-04-23 04:00:00,0.0,216.01901024097393
2033-04-23 05:00:00,0.0,288.5022101452301
2033-04-23 06:00:00,0.0,336.18852587171443
2033-04-23 07:00:00,0.0,359.55482057769177
2033-04-23 08:00:00,0.0,361.4622732067511
2033-04-23 09:00:00,0.0,341.4340206016277
2033-04-23 10:00:00,0.0,299.4700627623215
2033-04-23 11:00:00,0.0,234.61667337430285
2033-04-23 12:00:00,0.0,147.35071559483652
2033-04-23 13:00:00,0.0,51.024357827338214
2033-04-23 14:00:00,0.0,0.0
2033-04-23 15:00:00,0.0,0.0
2033-04-23 16:00:00,0.0,0.0
2033-04-23 17:00:00,0.0,0.0
2033-04-23 18:00:00,0.0,0.0
2033-04-23 19:00:00,0.0,0.0
2033-04-23 20:00:00,0.0,0.0
2033-04-23 21:00:00,0.0,0.0
2033-04-23 22:00:00,0.0,0.0
2033-04-23 23:00:00,0.0,0.0
2033-04-24 00:00:00,0.0,0.0
2033-04-24 01:00:00,0.0,0.0
2033-04-24 02:00:00,0.0,26.704336806831215
2033-04-24 03:00:00,0.0,117.78519984441625
2033-04-24 04:00:00,0.0,208.8660628820013
2033-04-24 05:00:00,0.0,278.96494699993326
2033-04-24 06:00:00,0.0,325.69753641188794
2033-04-24 07:00:00,0.0,348.5869679606003
2033-04-24 08:00:00,0.0,349.0638311178652
2033-04-24 09:00:00,0.0,324.26694694009336
2033-04-24 10:00:00,0.0,280.3955364717278
2033-04-24 11:00:00,0.0,213.63469445464975
2033-04-24 12:00:00,0.0,128.27618930424282
2033-04-24 13:00:00,0.0,41.48709468204135
2033-04-24 14:00:00,0.0,0.0
2033-04-24 15:00:00,0.0,0.0
2033-04-24 16:00:00,0.0,0.0
2033-04-24 17:00:00,0.0,0.0
2033-04-24 18:00:00,0.0,0.0
2033-04-24 19:00:00,0.0,0.0
2033-04-24 20:00:00,0.0,0.0
2033-04-24 21:00:00,0.0,0.0
2033-04-24 22:00:00,0.0,0.0
2033-04-24 23:00:00,0.0,0.0
2033-04-25 00:00:00,0.0,0.0
2033-04-25 01:00:00,0.0,0.0
2033-04-25 02:00:00,0.0,20.981978919653095
2033-04-25 03:00:00,0.0,102.04871565467643
2033-04-25 04:00:00,0.0,192.17585237773181
2033-04-25 05:00:00,0.0,265.1359154392528
2033-04-25 06:00:00,0.0,315.6834101093262
2033-04-25 07:00:00,0.0,340.00343112983313
2033-04-25 08:00:00,0.0,341.4340206016277
2033-04-25 09:00:00,0.0,325.2206732546231
2033-04-25 10:00:00,0.0,282.30298910078716
2033-04-25 11:00:00,0.0,216.97273655550364
2033-04-25 12:00:00,0.0,132.09109456236155
2033-04-25 13:00:00,0.0,44.82513678289526
2033-04-25 14:00:00,0.0,0.0
2033-04-25 15:00:00,0.0,0.0
2033-04-25 16:00:00,0.0,0.0
2033-04-25 17:00:00,0.0,0.0
2033-04-25 18:00:00,0.0,0.0
2033-04-25 19:00:00,0.0,0.0
2033-04-25 20:00:00,0.0,0.0
2033-04-25 21:00:00,0.0,0.0
2033-04-25 22:00:00,0.0,0.0
2033-04-25 23:00:00,0.0,0.0
2033-04-26 00:00:00,0.0,0.0
2033-04-26 01:00:00,0.0,0.0
2033-04-26 02:00:00,0.0,23.366294705977317
2033-04-26 03:00:00,0.0,108.24793669911939
2033-04-26 04:00:00,0.0,199.32879973670444
2033-04-26 05:00:00,0.0,271.8119996409606
2033-04-26 06:00:00,0.0,324.7438100973582
2033-04-26 07:00:00,0.0,348.1101048033355
2033-04-26 08:00:00,0.0,350.01755743239494
2033-04-26 09:00:00,0.0,331.8967574563308
2033-04-26 10:00:00,0.0,288.97907330249495
2033-04-26 11:00:00,0.0,223.17195759994658
2033-04-26 12:00:00,0.0,137.33658929227482
2033-04-26 13:00:00,0.0,46.732589411954635
2033-04-26 14:00:00,0.0,0.0
2033-04-26 15:00:00,0.0,0.0
2033-04-26 16:00:00,0.0,0.0
2033-04-26 17:00:00,0.0,0.0
2033-04-26 18:00:00,0.0,0.0
2033-04-26 19:00:00,0.0,0.0
2033-04-26 20:00:00,0.0,0.0
2033-04-26 21:00:00,0.0,0.0
2033-04-26 22:00:00,0.0,0.0
2033-04-26 23:00:00,0.0,0.0
2033-04-27 00:00:00,0.0,0.0
2033-04-27 01:00:00,0.0,0.0
2033-04-27 02:00:00,0.0,24.796884177771844
2033-04-27 03:00:00,0.0,112.06284195723813
2033-04-27 04:00:00,0.0,203.620568152088
2033-04-27 05:00:00,0.0,275.1500417418145
2033-04-27 06:00:00,0.0,324.26694694009336
2033-04-27 07:00:00,0.0,347.6332416460707
2033-04-27 08:00:00,0.0,349.54069427513
2033-04-27 09:00:00,0.0,330.46616798453624
2033-04-27 10:00:00,0.0,288.5022101452301
2033-04-27 11:00:00,0.0,224.12568391447627
2033-04-27 12:00:00,0.0,139.2440419213342
2033-04-27 13:00:00,0.0,48.16317888374917
2033-04-27 14:00:00,0.0,0.0
2033-04-27 15:00:00,0.0,0.0
2033-04-27 16:00:00,0.0,0.0
2033-04-27 17:00:00,0.0,0.0
2033-04-27 18:00:00,0.0,0.0
2033-04-27 19:00:00,0.0,0.0
2033-04-27 20:00:00,0.0,0.0
2033-04-27 21:00:00,0.0,0.0
2033-04-27 22:00:00,0.0,0.0
2033-04-27 23:00:00,0.0,0.0
2033-04-28 00:00:00,0.0,0.0
2033-04-28 01:00:00,0.0,0.0
2033-04-28 02:00:00,0.0,26.22747364956637
2033-04-28 03:00:00,0.0,116.83147352988658
2033-04-28 04:00:00,0.0,209.34292603926616
2033-04-28 05:00:00,0.0,280.3955364717278
2033-04-28 06:00:00,0.0,325.2206732546231
2033-04-28 07:00:00,0.0,347.6332416460707
2033-04-28 08:00:00,0.0,348.5869679606003
2033-04-28 09:00:00,0.0,329.9893048272714
2033-04-28 10:00:00,0.0,288.97907330249495
2033-04-28 11:00:00,0.0,225.079410229006
2033-04-28 12:00:00,0.0,140.67463139312872
2033-04-28 13:00:00,0.0,49.11690519827885
2033-04-28 14:00:00,0.0,0.0
2033-04-28 15:00:00,0.0,0.0
2033-04-28 16:00:00,0.0,0.0
2033-04-28 17:00:00,0.0,0.0
2033-04-28 18:00:00,0.0,0.0
2033-04-28 19:00:00,0.0,0.0
2033-04-28 20:00:00,0.0,0.0
2033-04-28 21:00:00,0.0,0.0
2033-04-28 22:00:00,0.0,0.0
2033-04-28 23:00:00,0.0,0.0
2033-04-29 00:00:00,0.0,0.0
2033-04-29 01:00:00,0.0,0.0
2033-04-29 02:00:00,0.0,26.704336806831215
2033-04-29 03:00:00,0.0,115.40088405809205
2033-04-29 04:00:00,0.0,206.00488393841223
2033-04-29 05:00:00,0.0,274.1963154272848
2033-04-29 06:00:00,0.0,318.54458905291517
2033-04-29 07:00:00,0.0,341.91088375889257
2033-04-29 08:00:00,0.0,343.8183363879519
2033-04-29 09:00:00,0.0,324.7438100973582
2033-04-29 10:00:00,0.0,284.21044172984654
2033-04-29 11:00:00,0.0,219.83391549909268
2033-04-29 12:00:00,0.0,135.9059998204803
2033-04-29 13:00:00,0.0,47.20945256921947
2033-04-29 14:00:00,0.0,0.0
2033-04-29 15:00:00,0.0,0.0
2033-04-29 16:00:00,0.0,0.0
2033-04-29 17:00:00,0.0,0.0
2033-04-29 18:00:00,0.0,0.0
2033-04-29 19:00:00,0.0,0.0
2033-04-29 20:00:00,0.0,0.0
2033-04-29 21:00:00,0.0,0.0
2033-04-29 22:00:00,0.0,0.0
2033-04-29 23:00:00,0.0,0.0
2033-04-30 00:00:00,0.0,0.0
2033-04-30 01:00:00,0.0,0.0
2033-04-30 02:00:00,0.0,23.366294705977317
2033-04-30 03:00:00,0.0,103.47930512647096
2033-04-30 04:00:00,0.0,191.22212606320213
2033-04-30 05:00:00,0.0,261.321010181134
2033-04-30 06:00:00,0.0,308.05359959308873
2033-04-30 07:00:00,0.0,332.3736206135956
2033-04-30 08:00:00,0.0,334.281073242655
2033-04-30 09:00:00,0.0,314.7296837947965
2033-04-30 10:00:00,0.0,272.7657259554903
2033-04-30 11:00:00,0.0,208.8660628820013
2033-04-30 12:00:00,0.0,126.84559983244829
2033-04-30 13:00:00,0.0,43.87141046836557
2033-04-30 14:00:00,0.0,0.0
2033-04-30 15:00:00,0.0,0.0
2033-04-30 16:00:00,0.0,0.0
2033-04-30 17:00:00,0.0,0.0
2033-04-30 18:00:00,0.0,0.0
2033-04-30 19:00:00,0.0,0.0
2033-04-30 20:00:00,0.0,0.0
2033-04-30 21:00:00,0.0,0.0
2033-04-30 22:00:00,0.0,0.0
2033-04-30 23:00:00,0.0,0.0
2033-05-01 00:00:00,0.0,0.0
2033-05-01 01:00:00,0.0,0.0
2033-05-01 02:00:00,0.0,25.273747335036685
2033-05-01 03:00:00,0.0,108.24793669911939
2033-05-01 04:00:00,0.0,195.51389447858568
2033-05-01 05:00:00,0.0,263.70532596745824
2033-05-01 06:00:00,0.0,309.48418906488325
2033-05-01 07:00:00,0.0,333.3273469281254
2033-05-01 08:00:00,0.0,335.7116627144496
2033-05-01 09:00:00,0.0,320.9289048392395
2033-05-01 10:00:00,0.0,278.96494699993326
2033-05-01 11:00:00,0.0,214.5884207691794
2033-05-01 12:00:00,0.0,131.13736824783186
2033-05-01 13:00:00,0.0,45.301999940160094
2033-05-01 14:00:00,0.0,0.0
2033-05-01 15:00:00,0.0,0.0
2033-05-01 16:00:00,0.0,0.0
2033-05-01 17:00:00,0.0,0.0
2033-05-01 18:00:00,0.0,0.0
2033-05-01 19:00:00,0.0,0.0
2033-05-01 20:00:00,0.0,0.0
2033-05-01 21:00:00,0.0,0.0
2033-05-01 22:00:00,0.0,0.0
2033-05-01 23:00:00,0.0,0.0
2033-05-02 00:00:00,0.0,0.0
2033-05-02 01:00:00,0.0,0.0
2033-05-02 02:00:00,0.0,26.704336806831215
2033-05-02 03:00:00,0.0,117.30833668715142
2033-05-02 04:00:00,0.0,210.77351551106068
2033-05-02 05:00:00,0.0,280.87239962899264
2033-05-02 06:00:00,0.0,327.12812588368246
2033-05-02 07:00:00,0.0,348.1101048033355
2033-05-02 08:00:00,0.0,348.1101048033355
2033-05-02 09:00:00,0.0,327.60498904094726
2033-05-02 10:00:00,0.0,285.641031201641
2033-05-02 11:00:00,0.0,221.26450497088723
2033-05-02 12:00:00,0.0,137.33658929227482
2033-05-02 13:00:00,0.0,48.16317888374917
2033-05-02 14:00:00,0.0,0.0
2033-05-02 15:00:00,0.0,0.0
2033-05-02 16:00:00,0.0,0.0
2033-05-02 17:00:00,0.0,0.0
2033-05-02 18:00:00,0.0,0.0
2033-05-02 19:00:00,0.0,0.0
2033-05-02 20:00:00,0.0,0.0
2033-05-02 21:00:00,0.0,0.0
2033-05-02 22:00:00,0.0,0.0
2033-05-02 23:00:00,0.0,0.0
2033-05-03 00:00:00,0.0,0.0
2033-05-03 01:00:00,0.0,0.0
2033-05-03 02:00:00,0.0,27.181199964096063
2033-05-03 03:00:00,0.0,115.40088405809205
2033-05-03 04:00:00,0.0,206.95861025294192
2033-05-03 05:00:00,0.0,276.580631213609
2033-05-03 06:00:00,0.0,321.8826311537691
2033-05-03 07:00:00,0.0,345.7257890170113
2033-05-03 08:00:00,0.0,348.1101048033355
2033-05-03 09:00:00,0.0,332.3736206135956
2033-05-03 10:00:00,0.0,290.88652593155433
2033-05-03 11:00:00,0.0,226.5099997008005
2033-05-03 12:00:00,0.0,141.15149455039358
2033-05-03 13:00:00,0.0,49.59376835554369
2033-05-03 14:00:00,0.0,0.0
2033-05-03 15:00:00,0.0,0.0
2033-05-03 16:00:00,0.0,0.0
2033-05-03 17:00:00,0.0,0.0
2033-05-03 18:00:00,0.0,0.0
2033-05-03 19:00:00,0.0,0.0
2033-05-03 20:00:00,0.0,0.0
2033-05-03 21:00:00,0.0,0.0
2033-05-03 22:00:00,0.0,0.0
2033-05-03 23:00:00,0.0,0.0
2033-05-04 00:00:00,0.0,0.0
2033-05-04 01:00:00,0.0,0.0
2033-05-04 02:00:00,0.0,27.658063121360907
2033-05-04 03:00:00,0.0,115.40088405809205
2033-05-04 04:00:00,0.0,205.05115762388257
2033-05-04 05:00:00,0.0,275.1500417418145
2033-05-04 06:00:00,0.0,321.4057679965043
2033-05-04 07:00:00,0.0,344.7720627024816
2033-05-04 08:00:00,0.0,347.1563784888058
2033-05-04 09:00:00,0.0,329.0355785127418
2033-05-04 10:00:00,0.0,288.97907330249495
2033-05-04 11:00:00,0.0,226.5099997008005
2033-05-04 12:00:00,0.0,143.05894717945293
2033-05-04 13:00:00,0.0,51.50122098460306
2033-05-04 14:00:00,0.0,0.0
2033-05-04 15:00:00,0.0,0.0
2033-05-04 16:00:00,0.0,0.0
2033-05-04 17:00:00,0.0,0.0
2033-05-04 18:00:00,0.0,0.0
2033-05-04 19:00:00,0.0,0.0
2033-05-04 20:00:00,0.0,0.0
2033-05-04 21:00:00,0.0,0.0
2033-05-04 22:00:00,0.0,0.0
2033-05-04 23:00:00,0.0,0.0
2033-05-05 00:00:00,0.0,0.0
2033-05-05 01:00:00,0.0,0.0
2033-05-05 02:00:00,0.0,29.08865259315543
2033-05-05 03:00:00,0.0,120.16951563074046
2033-05-05 04:00:00,0.0,211.2503786683255
2033-05-05 05:00:00,0.0,280.3955364717278
2033-05-05 06:00:00,0.0,324.7438100973582
2033-05-05 07:00:00,0.0,349.0638311178652
2033-05-05 08:00:00,0.0,351.9250100614542
2033-05-05 09:00:00,0.0,333.3273469281254
2033-05-05 10:00:00,0.0,292.31711540334885
2033-05-05 11:00:00,0.0,228.89431548712471
2033-05-05 12:00:00,0.0,144.01267349398265
2033-05-05 13:00:00,0.0,51.50122098460306
2033-05-05 14:00:00,0.0,0.0
2033-05-05 15:00:00,0.0,0.0
2033-05-05 16:00:00,0.0,0.0
2033-05-05 17:00:00,0.0,0.0
2033-05-05 18:00:00,0.0,0.0
2033-05-05 19:00:00,0.0,0.0
2033-05-05 20:00:00,0.0,0.0
2033-05-05 21:00:00,0.0,0.0
2033-05-05 22:00:00,0.0,0.0
2033-05-05 23:00:00,0.0,0.0
2033-05-06 00:00:00,0.0,0.0
2033-05-06 01:00:00,0.0,0.0
2033-05-06 02:00:00,0.0,30.042378907685116
2033-05-06 03:00:00,0.0,121.60010510253501
2033-05-06 04:00:00,0.0,212.2041049828552
2033-05-06 05:00:00,0.0,278.4880838426684
2033-05-06 06:00:00,0.0,322.8363574682988
2033-05-06 07:00:00,0.0,345.7257890170113
2033-05-06 08:00:00,0.0,347.1563784888058
2033-05-06 09:00:00,0.0,328.08185219821206
2033-05-06 10:00:00,0.0,287.54848383070043
2033-05-06 11:00:00,0.0,224.12568391447627
2033-05-06 12:00:00,0.0,140.67463139312872
2033-05-06 13:00:00,0.0,50.07063151280853
2033-05-06 14:00:00,0.0,0.0
2033-05-06 15:00:00,0.0,0.0
2033-05-06 16:00:00,0.0,0.0
2033-05-06 17:00:00,0.0,0.0
2033-05-06 18:00:00,0.0,0.0
2033-05-06 19:00:00,0.0,0.0
2033-05-06 20:00:00,0.0,0.0
2033-05-06 21:00:00,0.0,0.0
2033-05-06 22:00:00,0.0,0.0
2033-05-06 23:00:00,0.0,0.0
2033-05-07 00:00:00,0.0,0.0
2033-05-07 01:00:00,0.0,0.0
2033-05-07 02:00:00,0.0,27.181199964096063
2033-05-07 03:00:00,0.0,108.72479985638425
2033-05-07 04:00:00,0.0,195.03703132132085
2033-05-07 05:00:00,0.0,263.70532596745824
2033-05-07 06:00:00,0.0,313.77595748026675
2033-05-07 07:00:00,0.0,336.66538902897923
2033-05-07 08:00:00,0.0,338.0959785007738
2033-05-07 09:00:00,0.0,320.4520416819746
2033-05-07 10:00:00,0.0,279.4418101571981
2033-05-07 11:00:00,0.0,216.01901024097393
2033-05-07 12:00:00,0.0,133.99854719142093
2033-05-07 13:00:00,0.0,47.68631572648432
2033-05-07 14:00:00,0.0,0.0
2033-05-07 15:00:00,0.0,0.0
2033-05-07 16:00:00,0.0,0.0
2033-05-07 17:00:00,0.0,0.0
2033-05-07 18:00:00,0.0,0.0
2033-05-07 19:00:00,0.0,0.0
2033-05-07 20:00:00,0.0,0.0
2033-05-07 21:00:00,0.0,0.0
2033-05-07 22:00:00,0.0,0.0
2033-05-07 23:00:00,0.0,0.0
2033-05-08 00:00:00,0.0,0.0
2033-05-08 01:00:00,0.0,0.0
2033-05-08 02:00:00,0.0,24.796884177771844
2033-05-08 03:00:00,0.0,101.5718524974116
2033-05-08 04:00:00,0.0,185.97663133328882
2033-05-08 05:00:00,0.0,254.6449259794262
2033-05-08 06:00:00,0.0,302.33124170591054
2033-05-08 07:00:00,0.0,327.60498904094726
2033-05-08 08:00:00,0.0,331.41989429906596
2033-05-08 09:00:00,0.0,319.4983153674449
2033-05-08 10:00:00,0.0,278.96494699993326
2033-05-08 11:00:00,0.0,216.01901024097393
2033-05-08 12:00:00,0.0,134.47541034868576
2033-05-08 13:00:00,0.0,48.640042041014
2033-05-08 14:00:00,0.0,0.0
2033-05-08 15:00:00,0.0,0.0
2033-05-08 16:00:00,0.0,0.0
2033-05-08 17:00:00,0.0,0.0
2033-05-08 18:00:00,0.0,0.0
2033-05-08 19:00:00,0.0,0.0
2033-05-08 20:00:00,0.0,0.0
2033-05-08 21:00:00,0.0,0.0
2033-05-08 22:00:00,0.0,0.0
2033-05-08 23:00:00,0.0,0.0
2033-05-09 00:00:00,0.0,0.0
2033-05-09 01:00:00,0.0,0.0
2033-05-09 02:00:00,0.0,28.13492627862575
2033-05-09 03:00:00,0.0,110.63225248544362
2033-05-09 04:00:00,0.0,197.42134710764503
2033-05-09 05:00:00,0.0,265.1359154392528
2033-05-09 06:00:00,0.0,314.7296837947965
2033-05-09 07:00:00,0.0,338.0959785007738
2033-05-09 08:00:00,0.0,339.0497048153034
2033-05-09 09:00:00,0.0,319.0214522101801
2033-05-09 10:00:00,0.0,277.5343575281387
2033-05-09 11:00:00,0.0,214.11155761191455
2033-05-09 12:00:00,0.0,132.5679577196264
2033-05-09 13:00:00,0.0,48.16317888374917
2033-05-09 14:00:00,0.0,0.0
2033-05-09 15:00:00,0.0,0.0
2033-05-09 16:00:00,0.0,0.0
2033-05-09 17:00:00,0.0,0.0
2033-05-09 18:00:00,0.0,0.0
2033-05-09 19:00:00,0.0,0.0
2033-05-09 20:00:00,0.0,0.0
2033-05-09 21:00:00,0.0,0.0
2033-05-09 22:00:00,0.0,0.0
2033-05-09 23:00:00,0.0,0.0
2033-05-10 00:00:00,0.0,0.0
2033-05-10 01:00:00,0.0,0.0
2033-05-10 02:00:00,0.0,28.61178943589059
2033-05-10 03:00:00,0.0,112.06284195723813
2033-05-10 04:00:00,0.0,198.85193657943958
2033-05-10 05:00:00,0.0,267.0433680683122
2033-05-10 06:00:00,0.0,312.3453680084723
2033-05-10 07:00:00,0.0,334.7579363999198
2033-05-10 08:00:00,0.0,336.18852587171443
2033-05-10 09:00:00,0.0,317.5908627383856
2033-05-10 10:00:00,0.0,276.580631213609
2033-05-10 11:00:00,0.0,213.63469445464975
2033-05-10 12:00:00,0.0,132.5679577196264
2033-05-10 13:00:00,0.0,48.16317888374917
2033-05-10 14:00:00,0.0,0.0
2033-05-10 15:00:00,0.0,0.0
2033-05-10 16:00:00,0.0,0.0
2033-05-10 17:00:00,0.0,0.0
2033-05-10 18:00:00,0.0,0.0
2033-05-10 19:00:00,0.0,0.0
2033-05-10 20:00:00,0.0,0.0
2033-05-10 21:00:00,0.0,0.0
2033-05-10 22:00:00,0.0,0.0
2033-05-10 23:00:00,0.0,0.0
2033-05-11 00:00:00,0.0,0.0
2033-05-11 01:00:00,0.0,0.0
2033-05-11 02:00:00,0.0,28.13492627862575
2033-05-11 03:00:00,0.0,109.20166301364907
2033-05-11 04:00:00,0.0,194.560168164056
2033-05-11 05:00:00,0.0,262.7515996529286
2033-05-11 06:00:00,0.0,310.4379153794129
2033-05-11 07:00:00,0.0,333.3273469281254
2033-05-11 08:00:00,0.0,335.2347995571847
2033-05-11 09:00:00,0.0,318.06772589565037
2033-05-11 10:00:00,0.0,277.0574943708739
2033-05-11 11:00:00,0.0,215.06528392644427
2033-05-11 12:00:00,0.0,133.52168403415607
2033-05-11 13:00:00,0.0,48.16317888374917
2033-05-11 14:00:00,0.0,0.0
2033-05-11 15:00:00,0.0,0.0
2033-05-11 16:00:00,0.0,0.0
2033-05-11 17:00:00,0.0,0.0
2033-05-11 18:00:00,0.0,0.0
2033-05-11 19:00:00,0.0,0.0
2033-05-11 20:00:00,0.0,0.0
2033-05-11 21:00:00,0.0,0.0
2033-05-11 22:00:00,0.0,0.0
2033-05-11 23:00:00,0.0,0.0
2033-05-12 00:00:00,0.0,0.0
2033-05-12 01:00:00,0.0,0.0
2033-05-12 02:00:00,0.0,29.08865259315543
2033-05-12 03:00:00,0.0,110.63225248544362
2033-05-12 04:00:00,0.0,196.9444839503802
2033-05-12 05:00:00,0.0,264.659052281988
2033-05-12 06:00:00,0.0,311.3916416939426
2033-05-12 07:00:00,0.0,335.2347995571847
2033-05-12 08:00:00,0.0,338.5728416580386
2033-05-12 09:00:00,0.0,319.9751785247098
2033-05-12 10:00:00,0.0,280.3955364717278
2033-05-12 11:00:00,0.0,218.880189184563
2033-05-12 12:00:00,0.0,137.81345244953965
2033-05-12 13:00:00,0.0,51.024357827338214
2033-05-12 14:00:00,0.0,0.0
2033-05-12 15:00:00,0.0,0.0
2033-05-12 16:00:00,0.0,0.0
2033-05-12 17:00:00,0.0,0.0
2033-05-12 18:00:00,0.0,0.0
2033-05-12 19:00:00,0.0,0.0
2033-05-12 20:00:00,0.0,0.0
2033-05-12 21:00:00,0.0,0.0
2033-05-12 22:00:00,0.0,0.0
2033-05-12 23:00:00,0.0,0.0
2033-05-13 00:00:00,0.0,0.0
2033-05-13 01:00:00,0.0,0.0
2033-05-13 02:00:00,0.0,28.61178943589059
2033-05-13 03:00:00,0.0,109.67852617091393
2033-05-13 04:00:00,0.0,194.08330500679114
2033-05-13 05:00:00,0.0,261.79787333839886
2033-05-13 06:00:00,0.0,312.3453680084723
2033-05-13 07:00:00,0.0,334.7579363999198
2033-05-13 08:00:00,0.0,335.7116627144496
2033-05-13 09:00:00,0.0,317.5908627383856
2033-05-13 10:00:00,0.0,276.10376805634417
2033-05-13 11:00:00,0.0,213.63469445464975
2033-05-13 12:00:00,0.0,133.04482087689124
2033-05-13 13:00:00,0.0,48.640042041014
2033-05-13 14:00:00,0.0,0.0
2033-05-13 15:00:00,0.0,0.0
2033-05-13 16:00:00,0.0,0.0
2033-05-13 17:00:00,0.0,0.0
2033-05-13 18:00:00,0.0,0.0
2033-05-13 19:00:00,0.0,0.0
2033-05-13 20:00:00,0.0,0.0
2033-05-13 21:00:00,0.0,0.0
2033-05-13 22:00:00,0.0,0.0
2033-05-13 23:00:00,0.0,0.0
2033-05-14 00:00:00,0.0,0.0
2033-05-14 01:00:00,0.0,0.0
2033-05-14 02:00:00,0.0,28.61178943589059
2033-05-14 03:00:00,0.0,108.72479985638425
2033-05-14 04:00:00,0.0,192.65271553499667
2033-05-14 05:00:00,0.0,259.89042070933954
2033-05-14 06:00:00,0.0,308.05359959308873
2033-05-14 07:00:00,0.0,329.9893048272714
2033-05-14 08:00:00,0.0,330.94303114180116
2033-05-14 09:00:00,0.0,311.3916416939426
2033-05-14 10:00:00,0.0,269.90454701190123
2033-05-14 11:00:00,0.0,207.43547341020678
2033-05-14 12:00:00,0.0,127.79932614697796
2033-05-14 13:00:00,0.0,46.732589411954635
2033-05-14 14:00:00,0.0,0.0
2033-05-14 15:00:00,0.0,0.0
2033-05-14 16:00:00,0.0,0.0
2033-05-14 17:00:00,0.0,0.0
2033-05-14 18:00:00,0.0,0.0
2033-05-14 19:00:00,0.0,0.0
2033-05-14 20:00:00,0.0,0.0
2033-05-14 21:00:00,0.0,0.0
2033-05-14 22:00:00,0.0,0.0
2033-05-14 23:00:00,0.0,0.0
2033-05-15 00:00:00,0.0,0.0
2033-05-15 01:00:00,0.0,0.0
2033-05-15 02:00:00,0.0,26.704336806831215
2033-05-15 03:00:00,0.0,103.47930512647096
2033-05-15 04:00:00,0.0,185.49976817602396
2033-05-15 05:00:00,0.0,252.73747335036686
2033-05-15 06:00:00,0.0,299.4700627623215
2033-05-15 07:00:00,0.0,322.359494311034
2033-05-15 08:00:00,0.0,322.8363574682988
2033-05-15 09:00:00,0.0,306.6230101212941
2033-05-15 10:00:00,0.0,264.1821891247231
2033-05-15 11:00:00,0.0,202.18997868029348
2033-05-15 12:00:00,0.0,123.98442088885922
2033-05-15 13:00:00,0.0,45.778863097424946
2033-05-15 14:00:00,0.0,0.0
2033-05-15 15:00:00,0.0,0.0
2033-05-15 16:00:00,0.0,0.0
2033-05-15 17:00:00,0.0,0.0
2033-05-15 18:00:00,0.0,0.0
2033-05-15 19:00:00,0.0,0.0
2033-05-15 20:00:00,0.0,0.0
2033-05-15 21:00:00,0.0,0.0
2033-05-15 22:00:00,0.0,0.0
2033-05-15 23:00:00,0.0,0.0
2033-05-16 00:00:00,0.0,0.0
2033-05-16 01:00:00,0.0,0.0
2033-05-16 02:00:00,0.0,20.028252605123413
2033-05-16 03:00:00,0.0,81.54359989228819
2033-05-16 04:00:00,0.0,153.5499366392795
2033-05-16 05:00:00,0.0,219.35705234182785
2033-05-16 06:00:00,0.0,279.4418101571981
2033-05-16 07:00:00,0.0,305.66928380676444
2033-05-16 08:00:00,0.0,310.4379153794129
2033-05-16 09:00:00,0.0,293.74770487514337
2033-05-16 10:00:00,0.0,248.92256809224813
2033-05-16 11:00:00,0.0,186.45349449055368
2033-05-16 12:00:00,0.0,112.06284195723813
2033-05-16 13:00:00,0.0,40.53336836751167
2033-05-16 14:00:00,0.0,0.0
2033-05-16 15:00:00,0.0,0.0
2033-05-16 16:00:00,0.0,0.0
2033-05-16 17:00:00,0.0,0.0
2033-05-16 18:00:00,0.0,0.0
2033-05-16 19:00:00,0.0,0.0
2033-05-16 20:00:00,0.0,0.0
2033-05-16 21:00:00,0.0,0.0
2033-05-16 22:00:00,0.0,0.0
2033-05-16 23:00:00,0.0,0.0
2033-05-17 00:00:00,0.0,0.0
2033-05-17 01:00:00,0.0,0.0
2033-05-17 02:00:00,0.0,24.320021020507
2033-05-17 03:00:00,0.0,99.18753671108738
2033-05-17 04:00:00,0.0,179.77741028884589
2033-05-17 05:00:00,0.0,246.53825230592392
2033-05-17 06:00:00,0.0,291.84025224608405
2033-05-17 07:00:00,0.0,315.20654695206133
2033-05-17 08:00:00,0.0,318.06772589565037
2033-05-17 09:00:00,0.0,309.0073259076184
2033-05-17 10:00:00,0.0,268.95082069737157
2033-05-17 11:00:00,0.0,207.9123365674716
2033-05-17 12:00:00,0.0,128.75305246150765
2033-05-17 13:00:00,0.0,48.16317888374917
2033-05-17 14:00:00,0.0,0.0
2033-05-17 15:00:00,0.0,0.0
2033-05-17 16:00:00,0.0,0.0
2033-05-17 17:00:00,0.0,0.0
2033-05-17 18:00:00,0.0,0.0
2033-05-17 19:00:00,0.0,0.0
2033-05-17 20:00:00,0.0,0.0
2033-05-17 21:00:00,0.0,0.0
2033-05-17 22:00:00,0.0,0.0
2033-05-17 23:00:00,0.0,0.0
2033-05-18 00:00:00,0.0,0.0
2033-05-18 01:00:00,0.0,0.0
2033-05-18 02:00:00,0.0,28.13492627862575
2033-05-18 03:00:00,0.0,101.09498934014674
2033-05-18 04:00:00,0.0,175.00877871619747
2033-05-18 05:00:00,0.0,234.61667337430285
2033-05-18 06:00:00,0.0,283.2567154153168
2033-05-18 07:00:00,0.0,302.33124170591054
2033-05-18 08:00:00,0.0,300.4237890768512
2033-05-18 09:00:00,0.0,284.21044172984654
2033-05-18 10:00:00,0.0,247.01511546318875
2033-05-18 11:00:00,0.0,179.30054713158103
2033-05-18 12:00:00,0.0,120.64637878800532
2033-05-18 13:00:00,0.0,46.732589411954635
2033-05-18 14:00:00,0.0,0.0
2033-05-18 15:00:00,0.0,0.0
2033-05-18 16:00:00,0.0,0.0
2033-05-18 17:00:00,0.0,0.0
2033-05-18 18:00:00,0.0,0.0
2033-05-18 19:00:00,0.0,0.0
2033-05-18 20:00:00,0.0,0.0
2033-05-18 21:00:00,0.0,0.0
2033-05-18 22:00:00,0.0,0.0
2033-05-18 23:00:00,0.0,0.0
2033-05-19 00:00:00,0.0,0.0
2033-05-19 01:00:00,0.0,0.0
2033-05-19 02:00:00,0.0,28.13492627862575
2033-05-19 03:00:00,0.0,103.9561682837358
2033-05-19 04:00:00,0.0,182.1617260751701
2033-05-19 05:00:00,0.0,244.15393651959968
2033-05-19 06:00:00,0.0,286.5947575161707
2033-05-19 07:00:00,0.0,295.1782943469379
2033-05-19 08:00:00,0.0,251.78374703583717
2033-05-19 09:00:00,0.0,250.35315756404265
2033-05-19 10:00:00,0.0,244.6307996768645
2033-05-19 11:00:00,0.0,199.32879973670444
2033-05-19 12:00:00,0.0,126.36873667518343
2033-05-19 13:00:00,0.0,46.25572625468978
2033-05-19 14:00:00,0.0,0.0
2033-05-19 15:00:00,0.0,0.0
2033-05-19 16:00:00,0.0,0.0
2033-05-19 17:00:00,0.0,0.0
2033-05-19 18:00:00,0.0,0.0
2033-05-19 19:00:00,0.0,0.0
2033-05-19 20:00:00,0.0,0.0
2033-05-19 21:00:00,0.0,0.0
2033-05-19 22:00:00,0.0,0.0
2033-05-19 23:00:00,0.0,0.0
2033-05-20 00:00:00,0.0,0.0
2033-05-20 01:00:00,0.0,0.0
2033-05-20 02:00:00,0.0,17.167073661534353
2033-05-20 03:00:00,0.0,69.14515780340226
2033-05-20 04:00:00,0.0,141.6283577076584
2033-05-20 05:00:00,0.0,212.2041049828552
2033-05-20 06:00:00,0.0,263.22846281019343
2033-05-20 07:00:00,0.0,296.1320206614676
2033-05-20 08:00:00,0.0,293.27084171787857
2033-05-20 09:00:00,0.0,267.52023122557705
2033-05-20 10:00:00,0.0,223.6488207572114
2033-05-20 11:00:00,0.0,171.67073661534354
2033-05-20 12:00:00,0.0,108.24793669911939
2033-05-20 13:00:00,0.0,41.9639578393062
2033-05-20 14:00:00,0.0,0.0
2033-05-20 15:00:00,0.0,0.0
2033-05-20 16:00:00,0.0,0.0
2033-05-20 17:00:00,0.0,0.0
2033-05-20 18:00:00,0.0,0.0
2033-05-20 19:00:00,0.0,0.0
2033-05-20 20:00:00,0.0,0.0
2033-05-20 21:00:00,0.0,0.0
2033-05-20 22:00:00,0.0,0.0
2033-05-20 23:00:00,0.0,0.0
2033-05-21 00:00:00,0.0,0.0
2033-05-21 01:00:00,0.0,0.0
2033-05-21 02:00:00,0.0,28.13492627862575
2033-05-21 03:00:00,0.0,107.77107354185455
2033-05-21 04:00:00,0.0,195.03703132132085
2033-05-21 05:00:00,0.0,263.70532596745824
2033-05-21 06:00:00,0.0,308.05359959308873
2033-05-21 07:00:00,0.0,327.60498904094726
2033-05-21 08:00:00,0.0,328.08185219821206
2033-05-21 09:00:00,0.0,310.4379153794129
2033-05-21 10:00:00,0.0,272.28886279822547
2033-05-21 11:00:00,0.0,212.2041049828552
2033-05-21 12:00:00,0.0,134.95227350595061
2033-05-21 13:00:00,0.0,51.024357827338214
2033-05-21 14:00:00,0.0,0.47686315726484313
2033-05-21 15:00:00,0.0,0.0
2033-05-21 16:00:00,0.0,0.0
2033-05-21 17:00:00,0.0,0.0
2033-05-21 18:00:00,0.0,0.0
2033-05-21 19:00:00,0.0,0.0
2033-05-21 20:00:00,0.0,0.0
2033-05-21 21:00:00,0.0,0.0
2033-05-21 22:00:00,0.0,0.0
2033-05-21 23:00:00,0.0,0.0
2033-05-22 00:00:00,0.0,0.0
2033-05-22 01:00:00,0.0,0.0
2033-05-22 02:00:00,0.0,29.565515750420275
2033-05-22 03:00:00,0.0,102.52557881194129
2033-05-22 04:00:00,0.0,175.48564187346227
2033-05-22 05:00:00,0.0,239.3853049469513
2033-05-22 06:00:00,0.0,295.1782943469379
2033-05-22 07:00:00,0.0,321.4057679965043
2033-05-22 08:00:00,0.0,324.26694694009336
2033-05-22 09:00:00,0.0,303.28496802044026
2033-05-22 10:00:00,0.0,261.321010181134
2033-05-22 11:00:00,0.0,196.9444839503802
2033-05-22 12:00:00,0.0,117.30833668715142
2033-05-22 13:00:00,0.0,44.34827362563041
2033-05-22 14:00:00,0.0,0.0
2033-05-22 15:00:00,0.0,0.0
2033-05-22 16:00:00,0.0,0.0
2033-05-22 17:00:00,0.0,0.0
2033-05-22 18:00:00,0.0,0.0
2033-05-22 19:00:00,0.0,0.0
2033-05-22 20:00:00,0.0,0.0
2033-05-22 21:00:00,0.0,0.0
2033-05-22 22:00:00,0.0,0.0
2033-05-22 23:00:00,0.0,0.0
2033-05-23 00:00:00,0.0,0.0
2033-05-23 01:00:00,0.0,0.0
2033-05-23 02:00:00,0.0,22.41256839144763
2033-05-23 03:00:00,0.0,87.2659577794663
2033-05-23 04:00:00,0.0,166.42524188543027
2033-05-23 05:00:00,0.0,230.32490495891923
2033-05-23 06:00:00,0.0,280.87239962899264
2033-05-23 07:00:00,0.0,307.5767364358238
2033-05-23 08:00:00,0.0,312.82223116573715
2033-05-23 09:00:00,0.0,295.1782943469379
2033-05-23 10:00:00,0.0,255.12178913669106
2033-05-23 11:00:00,0.0,198.37507342217475
2033-05-23 12:00:00,0.0,126.84559983244829
2033-05-23 13:00:00,0.0,49.59376835554369
2033-05-23 14:00:00,0.0,0.47686315726484313
2033-05-23 15:00:00,0.0,0.0
2033-05-23 16:00:00,0.0,0.0
2033-05-23 17:00:00,0.0,0.0
2033-05-23 18:00:00,0.0,0.0
2033-05-23 19:00:00,0.0,0.0
2033-05-23 20:00:00,0.0,0.0
2033-05-23 21:00:00,0.0,0.0
2033-05-23 22:00:00,0.0,0.0
2033-05-23 23:00:00,0.0,0.0
2033-05-24 00:00:00,0.0,0.0
2033-05-24 01:00:00,0.0,0.0
2033-05-24 02:00:00,0.0,28.13492627862575
2033-05-24 03:00:00,0.0,102.04871565467643
2033-05-24 04:00:00,0.0,180.2542734461107
2033-05-24 05:00:00,0.0,245.58452599139423
2033-05-24 06:00:00,0.0,291.3633890888192
2033-05-24 07:00:00,0.0,314.7296837947965
2033-05-24 08:00:00,0.0,319.0214522101801
2033-05-24 09:00:00,0.0,306.1461469640293
2033-05-24 10:00:00,0.0,267.52023122557705
2033-05-24 11:00:00,0.0,208.38919972473647
2033-05-24 12:00:00,0.0,130.660505090567
2033-05-24 13:00:00,0.0,49.59376835554369
2033-05-24 14:00:00,0.0,0.47686315726484313
2033-05-24 15:00:00,0.0,0.0
2033-05-24 16:00:00,0.0,0.0
2033-05-24 17:00:00,0.0,0.0
2033-05-24 18:00:00,0.0,0.0
2033-05-24 19:00:00,0.0,0.0
2033-05-24 20:00:00,0.0,0.0
2033-05-24 21:00:00,0.0,0.0
2033-05-24 22:00:00,0.0,0.0
2033-05-24 23:00:00,0.0,0.0
2033-05-25 00:00:00,0.0,0.0
2033-05-25 01:00:00,0.0,0.0
2033-05-25 02:00:00,0.0,30.042378907685116
2033-05-25 03:00:00,0.0,108.24793669911939
2033-05-25 04:00:00,0.0,189.79153659140758
2033-05-25 05:00:00,0.0,253.2143365076317
2033-05-25 06:00:00,0.0,301.3775153913809
2033-05-25 07:00:00,0.0,323.7900837828285
2033-05-25 08:00:00,0.0,326.17439956915274
2033-05-25 09:00:00,0.0,309.0073259076184
2033-05-25 10:00:00,0.0,270.3814101691661
2033-05-25 11:00:00,0.0,210.77351551106068
2033-05-25 12:00:00,0.0,133.04482087689124
2033-05-25 13:00:00,0.0,51.024357827338214
2033-05-25 14:00:00,0.0,0.9537263145296863
2033-05-25 15:00:00,0.0,0.0
2033-05-25 16:00:00,0.0,0.0
2033-05-25 17:00:00,0.0,0.0
2033-05-25 18:00:00,0.0,0.0
2033-05-25 19:00:00,0.0,0.0
2033-05-25 20:00:00,0.0,0.0
2033-05-25 21:00:00,0.0,0.0
2033-05-25 22:00:00,0.0,0.0
2033-05-25 23:00:00,0.0,0.0
2033-05-26 00:00:00,0.0,0.0
2033-05-26 01:00:00,0.0,0.0
2033-05-26 02:00:00,0.0,30.51924206494996
2033-05-26 03:00:00,0.0,108.72479985638425
2033-05-26 04:00:00,0.0,186.93035764781854
2033-05-26 05:00:00,0.0,250.35315756404265
2033-05-26 06:00:00,0.0,299.4700627623215
2033-05-26 07:00:00,0.0,324.7438100973582
2033-05-26 08:00:00,0.0,329.0355785127418
2033-05-26 09:00:00,0.0,309.48418906488325
2033-05-26 10:00:00,0.0,269.42768385463637
2033-05-26 11:00:00,0.0,208.8660628820013
2033-05-26 12:00:00,0.0,133.04482087689124
2033-05-26 13:00:00,0.0,52.45494729913274
2033-05-26 14:00:00,0.0,0.9537263145296863
2033-05-26 15:00:00,0.0,0.0
2033-05-26 16:00:00,0.0,0.0
2033-05-26 17:00:00,0.0,0.0
2033-05-26 18:00:00,0.0,0.0
2033-05-26 19:00:00,0.0,0.0
2033-05-26 20:00:00,0.0,0.0
2033-05-26 21:00:00,0.0,0.0
2033-05-26 22:00:00,0.0,0.0
2033-05-26 23:00:00,0.0,0.0
2033-05-27 00:00:00,0.0,0.0
2033-05-27 01:00:00,0.0,0.0
2033-05-27 02:00:00,0.0,29.565515750420275
2033-05-27 03:00:00,0.0,103.47930512647096
2033-05-27 04:00:00,0.0,181.68486291790524
2033-05-27 05:00:00,0.0,248.92256809224813
2033-05-27 06:00:00,0.0,299.94692591958636
2033-05-27 07:00:00,0.0,328.08185219821206
2033-05-27 08:00:00,0.0,334.281073242655
2033-05-27 09:00:00,0.0,318.54458905291517
2033-05-27 10:00:00,0.0,280.3955364717278
2033-05-27 11:00:00,0.0,219.83391549909268
2033-05-27 12:00:00,0.0,140.1977682358639
2033-05-27 13:00:00,0.0,53.885536770927274
2033-05-27 14:00:00,0.0,0.9537263145296863
2033-05-27 15:00:00,0.0,0.0
2033-05-27 16:00:00,0.0,0.0
2033-05-27 17:00:00,0.0,0.0
2033-05-27 18:00:00,0.0,0.0
2033-05-27 19:00:00,0.0,0.0
2033-05-27 20:00:00,0.0,0.0
2033-05-27 21:00:00,0.0,0.0
2033-05-27 22:00:00,0.0,0.0
2033-05-27 23:00:00,0.0,0.0
2033-05-28 00:00:00,0.0,0.0
2033-05-28 01:00:00,0.0,0.0
2033-05-28 02:00:00,0.0,29.08865259315543
2033-05-28 03:00:00,0.0,104.43303144100065
2033-05-28 04:00:00,0.0,188.8378102768779
2033-05-28 05:00:00,0.0,260.3672838666044
2033-05-28 06:00:00,0.0,307.5767364358238
2033-05-28 07:00:00,0.0,330.94303114180116
2033-05-28 08:00:00,0.0,332.85048377086054
2033-05-28 09:00:00,0.0,315.20654695206133
2033-05-28 10:00:00,0.0,278.01122068540354
2033-05-28 11:00:00,0.0,216.49587339823879
2033-05-28 12:00:00,0.0,129.70677877603734
2033-05-28 13:00:00,0.0,47.20945256921947
2033-05-28 14:00:00,0.0,0.9537263145296863
2033-05-28 15:00:00,0.0,0.0
2033-05-28 16:00:00,0.0,0.0
2033-05-28 17:00:00,0.0,0.0
2033-05-28 18:00:00,0.0,0.0
2033-05-28 19:00:00,0.0,0.0
2033-05-28 20:00:00,0.0,0.0
2033-05-28 21:00:00,0.0,0.0
2033-05-28 22:00:00,0.0,0.0
2033-05-28 23:00:00,0.0,0.0
2033-05-29 00:00:00,0.0,0.0
2033-05-29 01:00:00,0.0,0.0
2033-05-29 02:00:00,0.0,29.565515750420275
2033-05-29 03:00:00,0.0,103.47930512647096
2033-05-29 04:00:00,0.0,174.05505240166775
2033-05-29 05:00:00,0.0,239.3853049469513
2033-05-29 06:00:00,0.0,279.918673314463
2033-05-29 07:00:00,0.0,309.961052222148
2033-05-29 08:00:00,0.0,316.160273266591
2033-05-29 09:00:00,0.0,301.3775153913809
2033-05-29 10:00:00,0.0,264.659052281988
2033-05-29 11:00:00,0.0,206.95861025294192
2033-05-29 12:00:00,0.0,131.61423140509672
2033-05-29 13:00:00,0.0,51.9780841418679
2033-05-29 14:00:00,0.0,1.4305894717945296
2033-05-29 15:00:00,0.0,0.0
2033-05-29 16:00:00,0.0,0.0
2033-05-29 17:00:00,0.0,0.0
2033-05-29 18:00:00,0.0,0.0
2033-05-29 19:00:00,0.0,0.0
2033-05-29 20:00:00,0.0,0.0
2033-05-29 21:00:00,0.0,0.0
2033-05-29 22:00:00,0.0,0.0
2033-05-29 23:00:00,0.0,0.0
2033-05-30 00:00:00,0.0,0.0
2033-05-30 01:00:00,0.0,0.0
2033-05-30 02:00:00,0.0,31.472968379479646
2033-05-30 03:00:00,0.0,105.38675775553034
2033-05-30 04:00:00,0.0,184.54604186149433
2033-05-30 05:00:00,0.0,248.92256809224813
2033-05-30 06:00:00,0.0,294.22456803240823
2033-05-30 07:00:00,0.0,318.06772589565037
2033-05-30 08:00:00,0.0,321.8826311537691
2033-05-30 09:00:00,0.0,305.19242064949964
2033-05-30 10:00:00,0.0,267.52023122557705
2033-05-30 11:00:00,0.0,209.34292603926616
2033-05-30 12:00:00,0.0,133.04482087689124
2033-05-30 13:00:00,0.0,51.50122098460306
2033-05-30 14:00:00,0.0,0.9537263145296863
2033-05-30 15:00:00,0.0,0.0
2033-05-30 16:00:00,0.0,0.0
2033-05-30 17:00:00,0.0,0.0
2033-05-30 18:00:00,0.0,0.0
2033-05-30 19:00:00,0.0,0.0
2033-05-30 20:00:00,0.0,0.0
2033-05-30 21:00:00,0.0,0.0
2033-05-30 22:00:00,0.0,0.0
2033-05-30 23:00:00,0.0,0.0
2033-05-31 00:00:00,0.0,0.0
2033-05-31 01:00:00,0.0,0.0
2033-05-31 02:00:00,0.0,28.61178943589059
2033-05-31 03:00:00,0.0,93.46517882390927
2033-05-31 04:00:00,0.0,152.11934716748496
2033-05-31 05:00:00,0.0,205.05115762388257
2033-05-31 06:00:00,0.0,252.73747335036686
2033-05-31 07:00:00,0.0,276.10376805634417
2033-05-31 08:00:00,0.0,273.2425891127551
2033-05-31 09:00:00,0.0,240.81589441874578
2033-05-31 10:00:00,0.0,195.9907576358505
2033-05-31 11:00:00,0.0,144.01267349398265
2033-05-31 12:00:00,0.0,86.78909462220145
2033-05-31 13:00:00,0.0,34.334147323068706
2033-05-31 14:00:00,0.0,0.0
2033-05-31 15:00:00,0.0,0.0
2033-05-31 16:00:00,0.0,0.0
2033-05-31 17:00:00,0.0,0.0
2033-05-31 18:00:00,0.0,0.0
2033-05-31 19:00:00,0.0,0.0
2033-05-31 20:00:00,0.0,0.0
2033-05-31 21:00:00,0.0,0.0
2033-05-31 22:00:00,0.0,0.0
2033-05-31 23:00:00,0.0,0.0
2033-06-01 00:00:00,0.0,0.0
2033-06-01 01:00:00,0.0,0.0
2033-06-01 02:00:00,0.0,26.704336806831215
2033-06-01 03:00:00,0.0,90.60399988032019
2033-06-01 04:00:00,0.0,153.5499366392795
2033-06-01 05:00:00,0.0,208.38919972473647
2033-06-01 06:00:00,0.0,250.35315756404265
2033-06-01 07:00:00,0.0,264.659052281988
2033-06-01 08:00:00,0.0,252.260610193102
2033-06-01 09:00:00,0.0,228.89431548712471
2033-06-01 10:00:00,0.0,196.46762079311537
2033-06-01 11:00:00,0.0,158.31856821192795
2033-06-01 12:00:00,0.0,110.63225248544362
2033-06-01 13:00:00,0.0,47.68631572648432
2033-06-01 14:00:00,0.0,1.4305894717945296
2033-06-01 15:00:00,0.0,0.0
2033-06-01 16:00:00,0.0,0.0
2033-06-01 17:00:00,0.0,0.0
2033-06-01 18:00:00,0.0,0.0
2033-06-01 19:00:00,0.0,0.0
2033-06-01 20:00:00,0.0,0.0
2033-06-01 21:00:00,0.0,0.0
2033-06-01 22:00:00,0.0,0.0
2033-06-01 23:00:00,0.0,0.0
2033-06-02 00:00:00,0.0,0.0
2033-06-02 01:00:00,0.0,0.0
2033-06-02 02:00:00,0.0,19.551389447858572
2033-06-02 03:00:00,0.0,67.71456833160772
2033-06-02 04:00:00,0.0,122.55383141706469
2033-06-02 05:00:00,0.0,179.77741028884589
2033-06-02 06:00:00,0.0,231.75549443071375
2033-06-02 07:00:00,0.0,258.459831237545
2033-06-02 08:00:00,0.0,257.5061049230153
2033-06-02 09:00:00,0.0,242.2464838905403
2033-06-02 10:00:00,0.0,205.05115762388257
2033-06-02 11:00:00,0.0,153.5499366392795
2033-06-02 12:00:00,0.0,100.14126302561706
2033-06-02 13:00:00,0.0,44.82513678289526
2033-06-02 14:00:00,0.0,1.4305894717945296
2033-06-02 15:00:00,0.0,0.0
2033-06-02 16:00:00,0.0,0.0
2033-06-02 17:00:00,0.0,0.0
2033-06-02 18:00:00,0.0,0.0
2033-06-02 19:00:00,0.0,0.0
2033-06-02 20:00:00,0.0,0.0
2033-06-02 21:00:00,0.0,0.0
2033-06-02 22:00:00,0.0,0.0
2033-06-02 23:00:00,0.0,0.0
2033-06-03 00:00:00,0.0,0.0
2033-06-03 01:00:00,0.0,0.0
2033-06-03 02:00:00,0.0,26.704336806831215
2033-06-03 03:00:00,0.0,94.89576829570379
2033-06-03 04:00:00,0.0,175.9625050307271
2033-06-03 05:00:00,0.0,243.20021020507002
2033-06-03 06:00:00,0.0,292.7939785606137
2033-06-03 07:00:00,0.0,316.6371364238559
2033-06-03 08:00:00,0.0,318.54458905291517
2033-06-03 09:00:00,0.0,301.3775153913809
2033-06-03 10:00:00,0.0,262.2747364956638
2033-06-03 11:00:00,0.0,203.620568152088
2033-06-03 12:00:00,0.0,128.27618930424282
2033-06-03 13:00:00,0.0,51.024357827338214
2033-06-03 14:00:00,0.0,1.4305894717945296
2033-06-03 15:00:00,0.0,0.0
2033-06-03 16:00:00,0.0,0.0
2033-06-03 17:00:00,0.0,0.0
2033-06-03 18:00:00,0.0,0.0
2033-06-03 19:00:00,0.0,0.0
2033-06-03 20:00:00,0.0,0.0
2033-06-03 21:00:00,0.0,0.0
2033-06-03 22:00:00,0.0,0.0
2033-06-03 23:00:00,0.0,0.0
2033-06-04 00:00:00,0.0,0.0
2033-06-04 01:00:00,0.0,0.0
2033-06-04 02:00:00,0.0,28.13492627862575
2033-06-04 03:00:00,0.0,98.71067355382252
2033-06-04 04:00:00,0.0,176.43936818799196
2033-06-04 05:00:00,0.0,241.7696207332755
2033-06-04 06:00:00,0.0,291.3633890888192
2033-06-04 07:00:00,0.0,318.54458905291517
2033-06-04 08:00:00,0.0,323.7900837828285
2033-06-04 09:00:00,0.0,308.05359959308873
2033-06-04 10:00:00,0.0,269.90454701190123
2033-06-04 11:00:00,0.0,210.29665235379582
2033-06-04 12:00:00,0.0,133.99854719142093
2033-06-04 13:00:00,0.0,52.931810456397585
2033-06-04 14:00:00,0.0,1.4305894717945296
2033-06-04 15:00:00,0.0,0.0
2033-06-04 16:00:00,0.0,0.0
2033-06-04 17:00:00,0.0,0.0
2033-06-04 18:00:00,0.0,0.0
2033-06-04 19:00:00,0.0,0.0
2033-06-04 20:00:00,0.0,0.0
2033-06-04 21:00:00,0.0,0.0
2033-06-04 22:00:00,0.0,0.0
2033-06-04 23:00:00,0.0,0.0
2033-06-05 00:00:00,0.0,0.0
2033-06-05 01:00:00,0.0,0.0
2033-06-05 02:00:00,0.0,30.996105222214805
2033-06-05 03:00:00,0.0,100.6181261828819
2033-06-05 04:00:00,0.0,169.76328398628416
2033-06-05 05:00:00,0.0,233.1860839025083
2033-06-05 06:00:00,0.0,282.77985225805196
2033-06-05 07:00:00,0.0,309.0073259076184
2033-06-05 08:00:00,0.0,309.48418906488325
2033-06-05 09:00:00,0.0,289.45593645975976
2033-06-05 10:00:00,0.0,238.43157863242158
2033-06-05 11:00:00,0.0,175.9625050307271
2033-06-05 12:00:00,0.0,112.539705114503
2033-06-05 13:00:00,0.0,51.50122098460306
2033-06-05 14:00:00,0.0,1.9074526290593725
2033-06-05 15:00:00,0.0,0.0
2033-06-05 16:00:00,0.0,0.0
2033-06-05 17:00:00,0.0,0.0
2033-06-05 18:00:00,0.0,0.0
2033-06-05 19:00:00,0.0,0.0
2033-06-05 20:00:00,0.0,0.0
2033-06-05 21:00:00,0.0,0.0
2033-06-05 22:00:00,0.0,0.0
2033-06-05 23:00:00,0.0,0.0
2033-06-06 00:00:00,0.0,0.0
2033-06-06 01:00:00,0.0,0.0
2033-06-06 02:00:00,0.0,29.08865259315543
2033-06-06 03:00:00,0.0,90.12713672305534
2033-06-06 04:00:00,0.0,151.64248401022013
2033-06-06 05:00:00,0.0,207.43547341020678
2033-06-06 06:00:00,0.0,253.69119966489657
2033-06-06 07:00:00,0.0,280.3955364717278
2033-06-06 08:00:00,0.0,288.5022101452301
2033-06-06 09:00:00,0.0,277.0574943708739
2033-06-06 10:00:00,0.0,245.10766283412937
2033-06-06 11:00:00,0.0,195.03703132132085
2033-06-06 12:00:00,0.0,126.36873667518343
2033-06-06 13:00:00,0.0,52.45494729913274
2033-06-06 14:00:00,0.0,1.9074526290593725
2033-06-06 15:00:00,0.0,0.0
2033-06-06 16:00:00,0.0,0.0
2033-06-06 17:00:00,0.0,0.0
2033-06-06 18:00:00,0.0,0.0
2033-06-06 19:00:00,0.0,0.0
2033-06-06 20:00:00,0.0,0.0
2033-06-06 21:00:00,0.0,0.0
2033-06-06 22:00:00,0.0,0.0
2033-06-06 23:00:00,0.0,0.0
2033-06-07 00:00:00,0.0,0.0
2033-06-07 01:00:00,0.0,0.0
2033-06-07 02:00:00,0.0,27.658063121360907
2033-06-07 03:00:00,0.0,83.92791567861238
2033-06-07 04:00:00,0.0,135.9059998204803
2033-06-07 05:00:00,0.0,177.86995765978648
2033-06-07 06:00:00,0.0,213.15783129738492
2033-06-07 07:00:00,0.0,237.4778523178919
2033-06-07 08:00:00,0.0,246.06138914865906
2033-06-07 09:00:00,0.0,232.2323575879786
2033-06-07 10:00:00,0.0,203.1437049948232
2033-06-07 11:00:00,0.0,157.8417050546631
2033-06-07 12:00:00,0.0,98.71067355382252
2033-06-07 13:00:00,0.0,38.149052581187455
2033-06-07 14:00:00,0.0,0.47686315726484313
2033-06-07 15:00:00,0.0,0.0
2033-06-07 16:00:00,0.0,0.0
2033-06-07 17:00:00,0.0,0.0
2033-06-07 18:00:00,0.0,0.0
2033-06-07 19:00:00,0.0,0.0
2033-06-07 20:00:00,0.0,0.0
2033-06-07 21:00:00,0.0,0.0
2033-06-07 22:00:00,0.0,0.0
2033-06-07 23:00:00,0.0,0.0
2033-06-08 00:00:00,0.0,0.0
2033-06-08 01:00:00,0.0,0.0
2033-06-08 02:00:00,0.0,23.84315786324216
2033-06-08 03:00:00,0.0,84.40477883587724
2033-06-08 04:00:00,0.0,158.7954313691928
2033-06-08 05:00:00,0.0,220.78764181362237
2033-06-08 06:00:00,0.0,267.99709438284185
2033-06-08 07:00:00,0.0,296.1320206614676
2033-06-08 08:00:00,0.0,302.8081048631754
2033-06-08 09:00:00,0.0,286.5947575161707
2033-06-08 10:00:00,0.0,251.30688387857236
2033-06-08 11:00:00,0.0,195.51389447858568
2033-06-08 12:00:00,0.0,125.89187351791858
2033-06-08 13:00:00,0.0,52.45494729913274
2033-06-08 14:00:00,0.0,1.9074526290593725
2033-06-08 15:00:00,0.0,0.0
2033-06-08 16:00:00,0.0,0.0
2033-06-08 17:00:00,0.0,0.0
2033-06-08 18:00:00,0.0,0.0
2033-06-08 19:00:00,0.0,0.0
2033-06-08 20:00:00,0.0,0.0
2033-06-08 21:00:00,0.0,0.0
2033-06-08 22:00:00,0.0,0.0
2033-06-08 23:00:00,0.0,0.0
2033-06-09 00:00:00,0.0,0.0
2033-06-09 01:00:00,0.0,0.0
2033-06-09 02:00:00,0.0,31.472968379479646
2033-06-09 03:00:00,0.0,105.38675775553034
2033-06-09 04:00:00,0.0,183.11545238969978
2033-06-09 05:00:00,0.0,243.20021020507002
2033-06-09 06:00:00,0.0,285.1641680443762
2033-06-09 07:00:00,0.0,308.05359959308873
2033-06-09 08:00:00,0.0,309.961052222148
2033-06-09 09:00:00,0.0,292.31711540334885
2033-06-09 10:00:00,0.0,255.59865229395592
2033-06-09 11:00:00,0.0,198.37507342217475
2033-06-09 12:00:00,0.0,125.89187351791858
2033-06-09 13:00:00,0.0,51.024357827338214
2033-06-09 14:00:00,0.0,1.9074526290593725
2033-06-09 15:00:00,0.0,0.0
2033-06-09 16:00:00,0.0,0.0
2033-06-09 17:00:00,0.0,0.0
2033-06-09 18:00:00,0.0,0.0
2033-06-09 19:00:00,0.0,0.0
2033-06-09 20:00:00,0.0,0.0
2033-06-09 21:00:00,0.0,0.0
2033-06-09 22:00:00,0.0,0.0
2033-06-09 23:00:00,0.0,0.0
2033-06-10 00:00:00,0.0,0.0
2033-06-10 01:00:00,0.0,0.0
2033-06-10 02:00:00,0.0,30.996105222214805
2033-06-10 03:00:00,0.0,103.47930512647096
2033-06-10 04:00:00,0.0,174.5319155589326
2033-06-10 05:00:00,0.0,236.5241260033622
2033-06-10 06:00:00,0.0,281.34926278625744
2033-06-10 07:00:00,0.0,301.3775153913809
2033-06-10 08:00:00,0.0,301.3775153913809
2033-06-10 09:00:00,0.0,279.4418101571981
2033-06-10 10:00:00,0.0,240.33903126148093
2033-06-10 11:00:00,0.0,183.5923155469646
2033-06-10 12:00:00,0.0,113.49343142903267
2033-06-10 13:00:00,0.0,45.778863097424946
2033-06-10 14:00:00,0.0,1.4305894717945296
2033-06-10 15:00:00,0.0,0.0
2033-06-10 16:00:00,0.0,0.0
2033-06-10 17:00:00,0.0,0.0
2033-06-10 18:00:00,0.0,0.0
2033-06-10 19:00:00,0.0,0.0
2033-06-10 20:00:00,0.0,0.0
2033-06-10 21:00:00,0.0,0.0
2033-06-10 22:00:00,0.0,0.0
2033-06-10 23:00:00,0.0,0.0
2033-06-11 00:00:00,0.0,0.0
2033-06-11 01:00:00,0.0,0.0
2033-06-11 02:00:00,0.0,27.658063121360907
2033-06-11 03:00:00,0.0,91.55772619484989
2033-06-11 04:00:00,0.0,155.45738926833886
2033-06-11 05:00:00,0.0,220.78764181362237
2033-06-11 06:00:00,0.0,272.7657259554903
2033-06-11 07:00:00,0.0,294.70143118967303
2033-06-11 08:00:00,0.0,299.4700627623215
2033-06-11 09:00:00,0.0,284.21044172984654
2033-06-11 10:00:00,0.0,241.29275757601064
2033-06-11 11:00:00,0.0,185.49976817602396
2033-06-11 12:00:00,0.0,115.40088405809205
2033-06-11 13:00:00,0.0,48.16317888374917
2033-06-11 14:00:00,0.0,1.4305894717945296
2033-06-11 15:00:00,0.0,0.0
2033-06-11 16:00:00,0.0,0.0
2033-06-11 17:00:00,0.0,0.0
2033-06-11 18:00:00,0.0,0.0
2033-06-11 19:00:00,0.0,0.0
2033-06-11 20:00:00,0.0,0.0
2033-06-11 21:00:00,0.0,0.0
2033-06-11 22:00:00,0.0,0.0
2033-06-11 23:00:00,0.0,0.0
2033-06-12 00:00:00,0.0,0.0
2033-06-12 01:00:00,0.0,0.0
2033-06-12 02:00:00,0.0,26.704336806831215
2033-06-12 03:00:00,0.0,82.9741893640827
2033-06-12 04:00:00,0.0,149.2581682238959
2033-06-12 05:00:00,0.0,214.5884207691794
2033-06-12 06:00:00,0.0,257.5061049230153
2033-06-12 07:00:00,0.0,283.7335785725817
2033-06-12 08:00:00,0.0,288.97907330249495
2033-06-12 09:00:00,0.0,273.71945227001993
2033-06-12 10:00:00,0.0,230.32490495891923
2033-06-12 11:00:00,0.0,167.3789681999599
2033-06-12 12:00:00,0.0,101.5718524974116
2033-06-12 13:00:00,0.0,40.53336836751167
2033-06-12 14:00:00,0.0,0.9537263145296863
2033-06-12 15:00:00,0.0,0.0
2033-06-12 16:00:00,0.0,0.0
2033-06-12 17:00:00,0.0,0.0
2033-06-12 18:00:00,0.0,0.0
2033-06-12 19:00:00,0.0,0.0
2033-06-12 20:00:00,0.0,0.0
2033-06-12 21:00:00,0.0,0.0
2033-06-12 22:00:00,0.0,0.0
2033-06-12 23:00:00,0.0,0.0
2033-06-13 00:00:00,0.0,0.0
2033-06-13 01:00:00,0.0,0.0
2033-06-13 02:00:00,0.0,21.458842076917943
2033-06-13 03:00:00,0.0,82.02046304955302
2033-06-13 04:00:00,0.0,149.2581682238959
2033-06-13 05:00:00,0.0,203.1437049948232
2033-06-13 06:00:00,0.0,235.5703996888325
2033-06-13 07:00:00,0.0,262.7515996529286
2033-06-13 08:00:00,0.0,268.95082069737157
2033-06-13 09:00:00,0.0,259.89042070933954
2033-06-13 10:00:00,0.0,225.079410229006
2033-06-13 11:00:00,0.0,169.76328398628416
2033-06-13 12:00:00,0.0,107.2942103845897
2033-06-13 13:00:00,0.0,44.34827362563041
2033-06-13 14:00:00,0.0,1.4305894717945296
2033-06-13 15:00:00,0.0,0.0
2033-06-13 16:00:00,0.0,0.0
2033-06-13 17:00:00,0.0,0.0
2033-06-13 18:00:00,0.0,0.0
2033-06-13 19:00:00,0.0,0.0
2033-06-13 20:00:00,0.0,0.0
2033-06-13 21:00:00,0.0,0.0
2033-06-13 22:00:00,0.0,0.0
2033-06-13 23:00:00,0.0,0.0
2033-06-14 00:00:00,0.0,0.0
2033-06-14 01:00:00,0.0,0.0
2033-06-14 02:00:00,0.0,22.889431548712473
2033-06-14 03:00:00,0.0,79.63614726322879
2033-06-14 04:00:00,0.0,140.1977682358639
2033-06-14 05:00:00,0.0,192.65271553499667
2033-06-14 06:00:00,0.0,239.86216810421607
2033-06-14 07:00:00,0.0,265.6127785965176
2033-06-14 08:00:00,0.0,258.459831237545
2033-06-14 09:00:00,0.0,239.3853049469513
2033-06-14 10:00:00,0.0,206.00488393841223
2033-06-14 11:00:00,0.0,159.27229452645759
2033-06-14 12:00:00,0.0,98.23381039655769
2033-06-14 13:00:00,0.0,39.57964205298199
2033-06-14 14:00:00,0.0,0.9537263145296863
2033-06-14 15:00:00,0.0,0.0
2033-06-14 16:00:00,0.0,0.0
2033-06-14 17:00:00,0.0,0.0
2033-06-14 18:00:00,0.0,0.0
2033-06-14 19:00:00,0.0,0.0
2033-06-14 20:00:00,0.0,0.0
2033-06-14 21:00:00,0.0,0.0
2033-06-14 22:00:00,0.0,0.0
2033-06-14 23:00:00,0.0,0.0
2033-06-15 00:00:00,0.0,0.0
2033-06-15 01:00:00,0.0,0.0
2033-06-15 02:00:00,0.0,25.273747335036685
2033-06-15 03:00:00,0.0,83.45105252134756
2033-06-15 04:00:00,0.0,146.39698928030685
2033-06-15 05:00:00,0.0,204.57429446661772
2033-06-15 06:00:00,0.0,240.33903126148093
2033-06-15 07:00:00,0.0,250.8300207213075
2033-06-15 08:00:00,0.0,239.86216810421607
2033-06-15 09:00:00,0.0,217.4495997127685
2033-06-15 10:00:00,0.0,189.79153659140758
2033-06-15 11:00:00,0.0,148.78130506663103
2033-06-15 12:00:00,0.0,92.03458935211474
2033-06-15 13:00:00,0.0,37.19532626665776
2033-06-15 14:00:00,0.0,0.47686315726484313
2033-06-15 15:00:00,0.0,0.0
2033-06-15 16:00:00,0.0,0.0
2033-06-15 17:00:00,0.0,0.0
2033-06-15 18:00:00,0.0,0.0
2033-06-15 19:00:00,0.0,0.0
2033-06-15 20:00:00,0.0,0.0
2033-06-15 21:00:00,0.0,0.0
2033-06-15 22:00:00,0.0,0.0
2033-06-15 23:00:00,0.0,0.0
2033-06-16 00:00:00,0.0,0.0
2033-06-16 01:00:00,0.0,0.0
2033-06-16 02:00:00,0.0,16.213347347004667
2033-06-16 03:00:00,0.0,54.362399928192126
2033-06-16 04:00:00,0.0,96.32635776749834
2033-06-16 05:00:00,0.0,137.81345244953965
2033-06-16 06:00:00,0.0,159.27229452645759
2033-06-16 07:00:00,0.0,159.74915768372244
2033-06-16 08:00:00,0.0,135.42913666321544
2033-06-16 09:00:00,0.0,110.63225248544362
2033-06-16 10:00:00,0.0,91.08086303758505
2033-06-16 11:00:00,0.0,64.37652623075383
2033-06-16 12:00:00,0.0,29.565515750420275
2033-06-16 13:00:00,0.0,7.62981051623749
2033-06-16 14:00:00,0.0,0.0
2033-06-16 15:00:00,0.0,0.0
2033-06-16 16:00:00,0.0,0.0
2033-06-16 17:00:00,0.0,0.0
2033-06-16 18:00:00,0.0,0.0
2033-06-16 19:00:00,0.0,0.0
2033-06-16 20:00:00,0.0,0.0
2033-06-16 21:00:00,0.0,0.0
2033-06-16 22:00:00,0.0,0.0
2033-06-16 23:00:00,0.0,0.0
2033-06-17 00:00:00,0.0,0.0
2033-06-17 01:00:00,0.0,0.0
2033-06-17 02:00:00,0.0,21.458842076917943
2033-06-17 03:00:00,0.0,74.39065253331552
2033-06-17 04:00:00,0.0,132.09109456236155
2033-06-17 05:00:00,0.0,184.54604186149433
2033-06-17 06:00:00,0.0,238.43157863242158
2033-06-17 07:00:00,0.0,264.1821891247231
2033-06-17 08:00:00,0.0,271.33513648369575
2033-06-17 09:00:00,0.0,256.55237860848564
2033-06-17 10:00:00,0.0,228.41745232985986
2033-06-17 11:00:00,0.0,176.43936818799196
2033-06-17 12:00:00,0.0,110.63225248544362
2033-06-17 13:00:00,0.0,44.82513678289526
2033-06-17 14:00:00,0.0,1.4305894717945296
2033-06-17 15:00:00,0.0,0.0
2033-06-17 16:00:00,0.0,0.0
2033-06-17 17:00:00,0.0,0.0
2033-06-17 18:00:00,0.0,0.0
2033-06-17 19:00:00,0.0,0.0
2033-06-17 20:00:00,0.0,0.0
2033-06-17 21:00:00,0.0,0.0
2033-06-17 22:00:00,0.0,0.0
2033-06-17 23:00:00,0.0,0.0
2033-06-18 00:00:00,0.0,0.0
2033-06-18 01:00:00,0.0,0.0
2033-06-18 02:00:00,0.0,23.84315786324216
2033-06-18 03:00:00,0.0,86.3122314649366
2033-06-18 04:00:00,0.0,163.08719978457637
2033-06-18 05:00:00,0.0,230.32490495891923
2033-06-18 06:00:00,0.0,280.3955364717278
2033-06-18 07:00:00,0.0,304.7155574922348
2033-06-18 08:00:00,0.0,304.2386943349699
2033-06-18 09:00:00,0.0,292.7939785606137
2033-06-18 10:00:00,0.0,250.35315756404265
2033-06-18 11:00:00,0.0,185.49976817602396
2033-06-18 12:00:00,0.0,115.87774721535688
2033-06-18 13:00:00,0.0,45.778863097424946
2033-06-18 14:00:00,0.0,1.4305894717945296
2033-06-18 15:00:00,0.0,0.0
2033-06-18 16:00:00,0.0,0.0
2033-06-18 17:00:00,0.0,0.0
2033-06-18 18:00:00,0.0,0.0
2033-06-18 19:00:00,0.0,0.0
2033-06-18 20:00:00,0.0,0.0
2033-06-18 21:00:00,0.0,0.0
2033-06-18 22:00:00,0.0,0.0
2033-06-18 23:00:00,0.0,0.0
2033-06-19 00:00:00,0.0,0.0
2033-06-19 01:00:00,0.0,0.0
2033-06-19 02:00:00,0.0,30.042378907685116
2033-06-19 03:00:00,0.0,102.52557881194129
2033-06-19 04:00:00,0.0,180.2542734461107
2033-06-19 05:00:00,0.0,243.20021020507002
2033-06-19 06:00:00,0.0,286.5947575161707
2033-06-19 07:00:00,0.0,307.099873278559
2033-06-19 08:00:00,0.0,307.5767364358238
2033-06-19 09:00:00,0.0,289.9327996170246
2033-06-19 10:00:00,0.0,252.73747335036686
2033-06-19 11:00:00,0.0,195.9907576358505
2033-06-19 12:00:00,0.0,123.03069457432953
2033-06-19 13:00:00,0.0,49.59376835554369
2033-06-19 14:00:00,0.0,1.9074526290593725
2033-06-19 15:00:00,0.0,0.0
2033-06-19 16:00:00,0.0,0.0
2033-06-19 17:00:00,0.0,0.0
2033-06-19 18:00:00,0.0,0.0
2033-06-19 19:00:00,0.0,0.0
2033-06-19 20:00:00,0.0,0.0
2033-06-19 21:00:00,0.0,0.0
2033-06-19 22:00:00,0.0,0.0
2033-06-19 23:00:00,0.0,0.0
2033-06-20 00:00:00,0.0,0.0
2033-06-20 01:00:00,0.0,0.0
2033-06-20 02:00:00,0.0,31.472968379479646
2033-06-20 03:00:00,0.0,111.58597879997329
2033-06-20 04:00:00,0.0,194.560168164056
2033-06-20 05:00:00,0.0,259.89042070933954
2033-06-20 06:00:00,0.0,302.8081048631754
2033-06-20 07:00:00,0.0,324.26694694009336
2033-06-20 08:00:00,0.0,326.17439956915274
2033-06-20 09:00:00,0.0,307.099873278559
2033-06-20 10:00:00,0.0,266.0896417537825
2033-06-20 11:00:00,0.0,202.18997868029348
2033-06-20 12:00:00,0.0,122.55383141706469
2033-06-20 13:00:00,0.0,45.778863097424946
2033-06-20 14:00:00,0.0,0.9537263145296863
2033-06-20 15:00:00,0.0,0.0
2033-06-20 16:00:00,0.0,0.0
2033-06-20 17:00:00,0.0,0.0
2033-06-20 18:00:00,0.0,0.0
2033-06-20 19:00:00,0.0,0.0
2033-06-20 20:00:00,0.0,0.0
2033-06-20 21:00:00,0.0,0.0
2033-06-20 22:00:00,0.0,0.0
2033-06-20 23:00:00,0.0,0.0
2033-06-21 00:00:00,0.0,0.0
2033-06-21 01:00:00,0.0,0.0
2033-06-21 02:00:00,0.0,23.84315786324216
2033-06-21 03:00:00,0.0,86.78909462220145
2033-06-21 04:00:00,0.0,160.2260208409873
2033-06-21 05:00:00,0.0,223.17195759994658
2033-06-21 06:00:00,0.0,290.88652593155433
2033-06-21 07:00:00,0.0,312.82223116573715
2033-06-21 08:00:00,0.0,314.25282063753167
2033-06-21 09:00:00,0.0,294.70143118967303
2033-06-21 10:00:00,0.0,255.12178913669106
2033-06-21 11:00:00,0.0,195.9907576358505
2033-06-21 12:00:00,0.0,123.50755773159437
2033-06-21 13:00:00,0.0,49.59376835554369
2033-06-21 14:00:00,0.0,1.9074526290593725
2033-06-21 15:00:00,0.0,0.0
2033-06-21 16:00:00,0.0,0.0
2033-06-21 17:00:00,0.0,0.0
2033-06-21 18:00:00,0.0,0.0
2033-06-21 19:00:00,0.0,0.0
2033-06-21 20:00:00,0.0,0.0
2033-06-21 21:00:00,0.0,0.0
2033-06-21 22:00:00,0.0,0.0
2033-06-21 23:00:00,0.0,0.0
2033-06-22 00:00:00,0.0,0.0
2033-06-22 01:00:00,0.0,0.0
2033-06-22 02:00:00,0.0,30.51924206494996
2033-06-22 03:00:00,0.0,106.34048407006003
2033-06-22 04:00:00,0.0,186.93035764781854
2033-06-22 05:00:00,0.0,252.260610193102
2033-06-22 06:00:00,0.0,295.65515750420275
2033-06-22 07:00:00,0.0,317.5908627383856
2033-06-22 08:00:00,0.0,319.0214522101801
2033-06-22 09:00:00,0.0,301.8543785486457
2033-06-22 10:00:00,0.0,263.22846281019343
2033-06-22 11:00:00,0.0,204.57429446661772
2033-06-22 12:00:00,0.0,129.2299156187725
2033-06-22 13:00:00,0.0,51.9780841418679
2033-06-22 14:00:00,0.0,1.9074526290593725
2033-06-22 15:00:00,0.0,0.0
2033-06-22 16:00:00,0.0,0.0
2033-06-22 17:00:00,0.0,0.0
2033-06-22 18:00:00,0.0,0.0
2033-06-22 19:00:00,0.0,0.0
2033-06-22 20:00:00,0.0,0.0
2033-06-22 21:00:00,0.0,0.0
2033-06-22 22:00:00,0.0,0.0
2033-06-22 23:00:00,0.0,0.0
2033-06-23 00:00:00,0.0,0.0
2033-06-23 01:00:00,0.0,0.0
2033-06-23 02:00:00,0.0,30.51924206494996
2033-06-23 03:00:00,0.0,104.43303144100065
2033-06-23 04:00:00,0.0,182.1617260751701
2033-06-23 05:00:00,0.0,245.10766283412937
2033-06-23 06:00:00,0.0,291.3633890888192
2033-06-23 07:00:00,0.0,311.86850485120743
2033-06-23 08:00:00,0.0,310.4379153794129
2033-06-23 09:00:00,0.0,288.0253469879653
2033-06-23 10:00:00,0.0,247.96884177771844
2033-06-23 11:00:00,0.0,189.79153659140758
2033-06-23 12:00:00,0.0,120.64637878800532
2033-06-23 13:00:00,0.0,50.07063151280853
2033-06-23 14:00:00,0.0,1.9074526290593725
2033-06-23 15:00:00,0.0,0.0
2033-06-23 16:00:00,0.0,0.0
2033-06-23 17:00:00,0.0,0.0
2033-06-23 18:00:00,0.0,0.0
2033-06-23 19:00:00,0.0,0.0
2033-06-23 20:00:00,0.0,0.0
2033-06-23 21:00:00,0.0,0.0
2033-06-23 22:00:00,0.0,0.0
2033-06-23 23:00:00,0.0,0.0
2033-06-24 00:00:00,0.0,0.0
2033-06-24 01:00:00,0.0,0.0
2033-06-24 02:00:00,0.0,30.51924206494996
2033-06-24 03:00:00,0.0,102.52557881194129
2033-06-24 04:00:00,0.0,179.30054713158103
2033-06-24 05:00:00,0.0,242.2464838905403
2033-06-24 06:00:00,0.0,282.30298910078716
2033-06-24 07:00:00,0.0,298.5163364477918
2033-06-24 08:00:00,0.0,292.31711540334885
2033-06-24 09:00:00,0.0,252.260610193102
2033-06-24 10:00:00,0.0,205.5280207811474
2033-06-24 11:00:00,0.0,144.48953665124748
2033-06-24 12:00:00,0.0,78.20555779143429
2033-06-24 13:00:00,0.0,27.181199964096063
2033-06-24 14:00:00,0.0,0.0
2033-06-24 15:00:00,0.0,0.0
2033-06-24 16:00:00,0.0,0.0
2033-06-24 17:00:00,0.0,0.0
2033-06-24 18:00:00,0.0,0.0
2033-06-24 19:00:00,0.0,0.0
2033-06-24 20:00:00,0.0,0.0
2033-06-24 21:00:00,0.0,0.0
2033-06-24 22:00:00,0.0,0.0
2033-06-24 23:00:00,0.0,0.0
2033-06-25 00:00:00,0.0,0.0
2033-06-25 01:00:00,0.0,0.0
2033-06-25 02:00:00,0.0,29.08865259315543
2033-06-25 03:00:00,0.0,100.14126302561706
2033-06-25 04:00:00,0.0,179.30054713158103
2033-06-25 05:00:00,0.0,244.6307996768645
2033-06-25 06:00:00,0.0,291.3633890888192
2033-06-25 07:00:00,0.0,316.160273266591
2033-06-25 08:00:00,0.0,319.0214522101801
2033-06-25 09:00:00,0.0,301.8543785486457
2033-06-25 10:00:00,0.0,263.22846281019343
2033-06-25 11:00:00,0.0,204.57429446661772
2033-06-25 12:00:00,0.0,129.70677877603734
2033-06-25 13:00:00,0.0,52.45494729913274
2033-06-25 14:00:00,0.0,1.9074526290593725
2033-06-25 15:00:00,0.0,0.0
2033-06-25 16:00:00,0.0,0.0
2033-06-25 17:00:00,0.0,0.0
2033-06-25 18:00:00,0.0,0.0
2033-06-25 19:00:00,0.0,0.0
2033-06-25 20:00:00,0.0,0.0
2033-06-25 21:00:00,0.0,0.0
2033-06-25 22:00:00,0.0,0.0
2033-06-25 23:00:00,0.0,0.0
2033-06-26 00:00:00,0.0,0.0
2033-06-26 01:00:00,0.0,0.0
2033-06-26 02:00:00,0.0,30.042378907685116
2033-06-26 03:00:00,0.0,106.34048407006003
2033-06-26 04:00:00,0.0,187.40722080508337
2033-06-26 05:00:00,0.0,252.73747335036686
2033-06-26 06:00:00,0.0,298.0394732905269
2033-06-26 07:00:00,0.0,320.9289048392395
2033-06-26 08:00:00,0.0,322.8363574682988
2033-06-26 09:00:00,0.0,302.8081048631754
2033-06-26 10:00:00,0.0,261.321010181134
2033-06-26 11:00:00,0.0,200.759389208499
2033-06-26 12:00:00,0.0,125.89187351791858
2033-06-26 13:00:00,0.0,49.59376835554369
2033-06-26 14:00:00,0.0,1.4305894717945296
2033-06-26 15:00:00,0.0,0.0
2033-06-26 16:00:00,0.0,0.0
2033-06-26 17:00:00,0.0,0.0
2033-06-26 18:00:00,0.0,0.0
2033-06-26 19:00:00,0.0,0.0
2033-06-26 20:00:00,0.0,0.0
2033-06-26 21:00:00,0.0,0.0
2033-06-26 22:00:00,0.0,0.0
2033-06-26 23:00:00,0.0,0.0
2033-06-27 00:00:00,0.0,0.0
2033-06-27 01:00:00,0.0,0.0
2033-06-27 02:00:00,0.0,29.08865259315543
2033-06-27 03:00:00,0.0,104.43303144100065
2033-06-27 04:00:00,0.0,184.54604186149433
2033-06-27 05:00:00,0.0,249.39943124951296
2033-06-27 06:00:00,0.0,294.22456803240823
2033-06-27 07:00:00,0.0,310.9147785366777
2033-06-27 08:00:00,0.0,298.0394732905269
2033-06-27 09:00:00,0.0,261.321010181134
2033-06-27 10:00:00,0.0,226.98686285806534
2033-06-27 11:00:00,0.0,188.36094711961306
2033-06-27 12:00:00,0.0,127.3224629897131
2033-06-27 13:00:00,0.0,52.931810456397585
2033-06-27 14:00:00,0.0,1.9074526290593725
2033-06-27 15:00:00,0.0,0.0
2033-06-27 16:00:00,0.0,0.0
2033-06-27 17:00:00,0.0,0.0
2033-06-27 18:00:00,0.0,0.0
2033-06-27 19:00:00,0.0,0.0
2033-06-27 20:00:00,0.0,0.0
2033-06-27 21:00:00,0.0,0.0
2033-06-27 22:00:00,0.0,0.0
2033-06-27 23:00:00,0.0,0.0
2033-06-28 00:00:00,0.0,0.0
2033-06-28 01:00:00,0.0,0.0
2033-06-28 02:00:00,0.0,29.565515750420275
2033-06-28 03:00:00,0.0,104.90989459826548
2033-06-28 04:00:00,0.0,185.02290501875916
2033-06-28 05:00:00,0.0,250.35315756404265
2033-06-28 06:00:00,0.0,295.1782943469379
2033-06-28 07:00:00,0.0,317.5908627383856
2033-06-28 08:00:00,0.0,319.4983153674449
2033-06-28 09:00:00,0.0,302.8081048631754
2033-06-28 10:00:00,0.0,263.70532596745824
2033-06-28 11:00:00,0.0,204.09743130935286
2033-06-28 12:00:00,0.0,129.2299156187725
2033-06-28 13:00:00,0.0,52.45494729913274
2033-06-28 14:00:00,0.0,1.9074526290593725
2033-06-28 15:00:00,0.0,0.0
2033-06-28 16:00:00,0.0,0.0
2033-06-28 17:00:00,0.0,0.0
2033-06-28 18:00:00,0.0,0.0
2033-06-28 19:00:00,0.0,0.0
2033-06-28 20:00:00,0.0,0.0
2033-06-28 21:00:00,0.0,0.0
2033-06-28 22:00:00,0.0,0.0
2033-06-28 23:00:00,0.0,0.0
2033-06-29 00:00:00,0.0,0.0
2033-06-29 01:00:00,0.0,0.0
2033-06-29 02:00:00,0.0,30.51924206494996
2033-06-29 03:00:00,0.0,104.43303144100065
2033-06-29 04:00:00,0.0,182.1617260751701
2033-06-29 05:00:00,0.0,245.58452599139423
2033-06-29 06:00:00,0.0,294.70143118967303
2033-06-29 07:00:00,0.0,316.160273266591
2033-06-29 08:00:00,0.0,317.5908627383856
2033-06-29 09:00:00,0.0,298.5163364477918
2033-06-29 10:00:00,0.0,258.459831237545
2033-06-29 11:00:00,0.0,197.8982102649099
2033-06-29 12:00:00,0.0,122.07696825979984
2033-06-29 13:00:00,0.0,46.732589411954635
2033-06-29 14:00:00,0.0,1.4305894717945296
2033-06-29 15:00:00,0.0,0.0
2033-06-29 16:00:00,0.0,0.0
2033-06-29 17:00:00,0.0,0.0
2033-06-29 18:00:00,0.0,0.0
2033-06-29 19:00:00,0.0,0.0
2033-06-29 20:00:00,0.0,0.0
2033-06-29 21:00:00,0.0,0.0
2033-06-29 22:00:00,0.0,0.0
2033-06-29 23:00:00,0.0,0.0
2033-06-30 00:00:00,0.0,0.0
2033-06-30 01:00:00,0.0,0.0
2033-06-30 02:00:00,0.0,30.042378907685116
2033-06-30 03:00:00,0.0,103.00244196920612
2033-06-30 04:00:00,0.0,180.73113660337555
2033-06-30 05:00:00,0.0,245.10766283412937
2033-06-30 06:00:00,0.0,294.70143118967303
2033-06-30 07:00:00,0.0,316.160273266591
2033-06-30 08:00:00,0.0,317.1139995811207
2033-06-30 09:00:00,0.0,299.94692591958636
2033-06-30 10:00:00,0.0,259.89042070933954
2033-06-30 11:00:00,0.0,199.32879973670444
2033-06-30 12:00:00,0.0,123.50755773159437
2033-06-30 13:00:00,0.0,49.11690519827885
2033-06-30 14:00:00,0.0,1.4305894717945296
2033-06-30 15:00:00,0.0,0.0
2033-06-30 16:00:00,0.0,0.0
2033-06-30 17:00:00,0.0,0.0
2033-06-30 18:00:00,0.0,0.0
2033-06-30 19:00:00,0.0,0.0
2033-06-30 20:00:00,0.0,0.0
2033-06-30 21:00:00,0.0,0.0
2033-06-30 22:00:00,0.0,0.0
2033-06-30 23:00:00,0.0,0.0
2033-07-01 00:00:00,0.0,0.0
2033-07-01 01:00:00,0.0,0.0
2033-07-01 02:00:00,0.0,26.704336806831215
2033-07-01 03:00:00,0.0,98.23381039655769
2033-07-01 04:00:00,0.0,179.30054713158103
2033-07-01 05:00:00,0.0,243.67707336233488
2033-07-01 06:00:00,0.0,287.54848383070043
2033-07-01 07:00:00,0.0,313.299094323002
2033-07-01 08:00:00,0.0,316.160273266591
2033-07-01 09:00:00,0.0,296.60888381873247
2033-07-01 10:00:00,0.0,257.02924176575044
2033-07-01 11:00:00,0.0,198.85193657943958
2033-07-01 12:00:00,0.0,125.41501036065375
2033-07-01 13:00:00,0.0,51.50122098460306
2033-07-01 14:00:00,0.0,1.9074526290593725
2033-07-01 15:00:00,0.0,0.0
2033-07-01 16:00:00,0.0,0.0
2033-07-01 17:00:00,0.0,0.0
2033-07-01 18:00:00,0.0,0.0
2033-07-01 19:00:00,0.0,0.0
2033-07-01 20:00:00,0.0,0.0
2033-07-01 21:00:00,0.0,0.0
2033-07-01 22:00:00,0.0,0.0
2033-07-01 23:00:00,0.0,0.0
2033-07-02 00:00:00,0.0,0.0
2033-07-02 01:00:00,0.0,0.0
2033-07-02 02:00:00,0.0,30.51924206494996
2033-07-02 03:00:00,0.0,106.81734722732487
2033-07-02 04:00:00,0.0,187.40722080508337
2033-07-02 05:00:00,0.0,251.78374703583717
2033-07-02 06:00:00,0.0,295.65515750420275
2033-07-02 07:00:00,0.0,316.160273266591
2033-07-02 08:00:00,0.0,315.6834101093262
2033-07-02 09:00:00,0.0,298.5163364477918
2033-07-02 10:00:00,0.0,259.4135575520747
2033-07-02 11:00:00,0.0,199.80566289396927
2033-07-02 12:00:00,0.0,124.93814720338891
2033-07-02 13:00:00,0.0,48.640042041014
2033-07-02 14:00:00,0.0,1.4305894717945296
2033-07-02 15:00:00,0.0,0.0
2033-07-02 16:00:00,0.0,0.0
2033-07-02 17:00:00,0.0,0.0
2033-07-02 18:00:00,0.0,0.0
2033-07-02 19:00:00,0.0,0.0
2033-07-02 20:00:00,0.0,0.0
2033-07-02 21:00:00,0.0,0.0
2033-07-02 22:00:00,0.0,0.0
2033-07-02 23:00:00,0.0,0.0
2033-07-03 00:00:00,0.0,0.0
2033-07-03 01:00:00,0.0,0.0
2033-07-03 02:00:00,0.0,29.08865259315543
2033-07-03 03:00:00,0.0,99.66439986835222
2033-07-03 04:00:00,0.0,175.9625050307271
2033-07-03 05:00:00,0.0,232.70922074524344
2033-07-03 06:00:00,0.0,276.580631213609
2033-07-03 07:00:00,0.0,283.7335785725817
2033-07-03 08:00:00,0.0,292.7939785606137
2033-07-03 09:00:00,0.0,274.67317858454965
2033-07-03 10:00:00,0.0,228.41745232985986
2033-07-03 11:00:00,0.0,167.85583135722476
2033-07-03 12:00:00,0.0,100.6181261828819
2033-07-03 13:00:00,0.0,39.102778895717144
2033-07-03 14:00:00,0.0,0.47686315726484313
2033-07-03 15:00:00,0.0,0.0
2033-07-03 16:00:00,0.0,0.0
2033-07-03 17:00:00,0.0,0.0
2033-07-03 18:00:00,0.0,0.0
2033-07-03 19:00:00,0.0,0.0
2033-07-03 20:00:00,0.0,0.0
2033-07-03 21:00:00,0.0,0.0
2033-07-03 22:00:00,0.0,0.0
2033-07-03 23:00:00,0.0,0.0
2033-07-04 00:00:00,0.0,0.0
2033-07-04 01:00:00,0.0,0.0
2033-07-04 02:00:00,0.0,22.889431548712473
2033-07-04 03:00:00,0.0,82.9741893640827
2033-07-04 04:00:00,0.0,162.61033662731154
2033-07-04 05:00:00,0.0,229.37117864438957
2033-07-04 06:00:00,0.0,275.6269048990793
2033-07-04 07:00:00,0.0,301.3775153913809
2033-07-04 08:00:00,0.0,301.8543785486457
2033-07-04 09:00:00,0.0,292.7939785606137
2033-07-04 10:00:00,0.0,253.69119966489657
2033-07-04 11:00:00,0.0,195.51389447858568
2033-07-04 12:00:00,0.0,123.50755773159437
2033-07-04 13:00:00,0.0,49.59376835554369
2033-07-04 14:00:00,0.0,1.4305894717945296
2033-07-04 15:00:00,0.0,0.0
2033-07-04 16:00:00,0.0,0.0
2033-07-04 17:00:00,0.0,0.0
2033-07-04 18:00:00,0.0,0.0
2033-07-04 19:00:00,0.0,0.0
2033-07-04 20:00:00,0.0,0.0
2033-07-04 21:00:00,0.0,0.0
2033-07-04 22:00:00,0.0,0.0
2033-07-04 23:00:00,0.0,0.0
2033-07-05 00:00:00,0.0,0.0
2033-07-05 01:00:00,0.0,0.0
2033-07-05 02:00:00,0.0,28.13492627862575
2033-07-05 03:00:00,0.0,93.9420419811741
2033-07-05 04:00:00,0.0,152.11934716748496
2033-07-05 05:00:00,0.0,185.97663133328882
2033-07-05 06:00:00,0.0,218.880189184563
2033-07-05 07:00:00,0.0,278.01122068540354
2033-07-05 08:00:00,0.0,303.7618311777051
2033-07-05 09:00:00,0.0,285.1641680443762
2033-07-05 10:00:00,0.0,250.8300207213075
2033-07-05 11:00:00,0.0,189.79153659140758
2033-07-05 12:00:00,0.0,114.9240209008272
2033-07-05 13:00:00,0.0,43.87141046836557
2033-07-05 14:00:00,0.0,0.9537263145296863
2033-07-05 15:00:00,0.0,0.0
2033-07-05 16:00:00,0.0,0.0
2033-07-05 17:00:00,0.0,0.0
2033-07-05 18:00:00,0.0,0.0
2033-07-05 19:00:00,0.0,0.0
2033-07-05 20:00:00,0.0,0.0
2033-07-05 21:00:00,0.0,0.0
2033-07-05 22:00:00,0.0,0.0
2033-07-05 23:00:00,0.0,0.0
2033-07-06 00:00:00,0.0,0.0
2033-07-06 01:00:00,0.0,0.0
2033-07-06 02:00:00,0.0,25.75061049230153
2033-07-06 03:00:00,0.0,90.60399988032019
2033-07-06 04:00:00,0.0,164.9946524136357
2033-07-06 05:00:00,0.0,228.89431548712471
2033-07-06 06:00:00,0.0,273.2425891127551
2033-07-06 07:00:00,0.0,289.45593645975976
2033-07-06 08:00:00,0.0,287.0716206734356
2033-07-06 09:00:00,0.0,280.87239962899264
2033-07-06 10:00:00,0.0,245.10766283412937
2033-07-06 11:00:00,0.0,187.8840839623482
2033-07-06 12:00:00,0.0,118.73892615894594
2033-07-06 13:00:00,0.0,46.732589411954635
2033-07-06 14:00:00,0.0,0.9537263145296863
2033-07-06 15:00:00,0.0,0.0
2033-07-06 16:00:00,0.0,0.0
2033-07-06 17:00:00,0.0,0.0
2033-07-06 18:00:00,0.0,0.0
2033-07-06 19:00:00,0.0,0.0
2033-07-06 20:00:00,0.0,0.0
2033-07-06 21:00:00,0.0,0.0
2033-07-06 22:00:00,0.0,0.0
2033-07-06 23:00:00,0.0,0.0
2033-07-07 00:00:00,0.0,0.0
2033-07-07 01:00:00,0.0,0.0
2033-07-07 02:00:00,0.0,22.889431548712473
2033-07-07 03:00:00,0.0,85.35850515040693
2033-07-07 04:00:00,0.0,154.980526111074
2033-07-07 05:00:00,0.0,204.09743130935286
2033-07-07 06:00:00,0.0,244.6307996768645
2033-07-07 07:00:00,0.0,268.4739575401067
2033-07-07 08:00:00,0.0,270.3814101691661
2033-07-07 09:00:00,0.0,260.3672838666044
2033-07-07 10:00:00,0.0,232.70922074524344
2033-07-07 11:00:00,0.0,185.49976817602396
2033-07-07 12:00:00,0.0,119.21578931621079
2033-07-07 13:00:00,0.0,47.68631572648432
2033-07-07 14:00:00,0.0,0.9537263145296863
2033-07-07 15:00:00,0.0,0.0
2033-07-07 16:00:00,0.0,0.0
2033-07-07 17:00:00,0.0,0.0
2033-07-07 18:00:00,0.0,0.0
2033-07-07 19:00:00,0.0,0.0
2033-07-07 20:00:00,0.0,0.0
2033-07-07 21:00:00,0.0,0.0
2033-07-07 22:00:00,0.0,0.0
2033-07-07 23:00:00,0.0,0.0
2033-07-08 00:00:00,0.0,0.0
2033-07-08 01:00:00,0.0,0.0
2033-07-08 02:00:00,0.0,28.13492627862575
2033-07-08 03:00:00,0.0,102.52557881194129
2033-07-08 04:00:00,0.0,183.5923155469646
2033-07-08 05:00:00,0.0,248.44570493498327
2033-07-08 06:00:00,0.0,292.31711540334885
2033-07-08 07:00:00,0.0,312.3453680084723
2033-07-08 08:00:00,0.0,313.77595748026675
2033-07-08 09:00:00,0.0,295.65515750420275
2033-07-08 10:00:00,0.0,247.96884177771844
2033-07-08 11:00:00,0.0,175.48564187346227
2033-07-08 12:00:00,0.0,90.60399988032019
2033-07-08 13:00:00,0.0,32.426694694009335
2033-07-08 14:00:00,0.0,0.0
2033-07-08 15:00:00,0.0,0.0
2033-07-08 16:00:00,0.0,0.0
2033-07-08 17:00:00,0.0,0.0
2033-07-08 18:00:00,0.0,0.0
2033-07-08 19:00:00,0.0,0.0
2033-07-08 20:00:00,0.0,0.0
2033-07-08 21:00:00,0.0,0.0
2033-07-08 22:00:00,0.0,0.0
2033-07-08 23:00:00,0.0,0.0
2033-07-09 00:00:00,0.0,0.0
2033-07-09 01:00:00,0.0,0.0
2033-07-09 02:00:00,0.0,29.08865259315543
2033-07-09 03:00:00,0.0,101.5718524974116
2033-07-09 04:00:00,0.0,179.77741028884589
2033-07-09 05:00:00,0.0,242.2464838905403
2033-07-09 06:00:00,0.0,271.8119996409606
2033-07-09 07:00:00,0.0,256.0755154512208
2033-07-09 08:00:00,0.0,216.49587339823879
2033-07-09 09:00:00,0.0,194.08330500679114
2033-07-09 10:00:00,0.0,183.5923155469646
2033-07-09 11:00:00,0.0,169.2864208290193
2033-07-09 12:00:00,0.0,115.40088405809205
2033-07-09 13:00:00,0.0,44.82513678289526
2033-07-09 14:00:00,0.0,0.0
2033-07-09 15:00:00,0.0,0.0
2033-07-09 16:00:00,0.0,0.0
2033-07-09 17:00:00,0.0,0.0
2033-07-09 18:00:00,0.0,0.0
2033-07-09 19:00:00,0.0,0.0
2033-07-09 20:00:00,0.0,0.0
2033-07-09 21:00:00,0.0,0.0
2033-07-09 22:00:00,0.0,0.0
2033-07-09 23:00:00,0.0,0.0
2033-07-10 00:00:00,0.0,0.0
2033-07-10 01:00:00,0.0,0.0
2033-07-10 02:00:00,0.0,23.366294705977317
2033-07-10 03:00:00,0.0,81.06673673502334
2033-07-10 04:00:00,0.0,146.39698928030685
2033-07-10 05:00:00,0.0,210.77351551106068
2033-07-10 06:00:00,0.0,278.4880838426684
2033-07-10 07:00:00,0.0,308.05359959308873
2033-07-10 08:00:00,0.0,312.3453680084723
2033-07-10 09:00:00,0.0,296.1320206614676
2033-07-10 10:00:00,0.0,255.59865229395592
2033-07-10 11:00:00,0.0,192.65271553499667
2033-07-10 12:00:00,0.0,111.10911564270846
2033-07-10 13:00:00,0.0,43.87141046836557
2033-07-10 14:00:00,0.0,0.47686315726484313
2033-07-10 15:00:00,0.0,0.0
2033-07-10 16:00:00,0.0,0.0
2033-07-10 17:00:00,0.0,0.0
2033-07-10 18:00:00,0.0,0.0
2033-07-10 19:00:00,0.0,0.0
2033-07-10 20:00:00,0.0,0.0
2033-07-10 21:00:00,0.0,0.0
2033-07-10 22:00:00,0.0,0.0
2033-07-10 23:00:00,0.0,0.0
2033-07-11 00:00:00,0.0,0.0
2033-07-11 01:00:00,0.0,0.0
2033-07-11 02:00:00,0.0,27.181199964096063
2033-07-11 03:00:00,0.0,98.71067355382252
2033-07-11 04:00:00,0.0,175.9625050307271
2033-07-11 05:00:00,0.0,240.33903126148093
2033-07-11 06:00:00,0.0,283.7335785725817
2033-07-11 07:00:00,0.0,304.2386943349699
2033-07-11 08:00:00,0.0,304.2386943349699
2033-07-11 09:00:00,0.0,300.4237890768512
2033-07-11 10:00:00,0.0,260.3672838666044
2033-07-11 11:00:00,0.0,200.759389208499
2033-07-11 12:00:00,0.0,125.41501036065375
2033-07-11 13:00:00,0.0,49.59376835554369
2033-07-11 14:00:00,0.0,0.9537263145296863
2033-07-11 15:00:00,0.0,0.0
2033-07-11 16:00:00,0.0,0.0
2033-07-11 17:00:00,0.0,0.0
2033-07-11 18:00:00,0.0,0.0
2033-07-11 19:00:00,0.0,0.0
2033-07-11 20:00:00,0.0,0.0
2033-07-11 21:00:00,0.0,0.0
2033-07-11 22:00:00,0.0,0.0
2033-07-11 23:00:00,0.0,0.0
2033-07-12 00:00:00,0.0,0.0
2033-07-12 01:00:00,0.0,0.0
2033-07-12 02:00:00,0.0,26.22747364956637
2033-07-12 03:00:00,0.0,93.9420419811741
2033-07-12 04:00:00,0.0,163.08719978457637
2033-07-12 05:00:00,0.0,215.5421470837091
2033-07-12 06:00:00,0.0,260.84414702386925
2033-07-12 07:00:00,0.0,288.0253469879653
2033-07-12 08:00:00,0.0,298.99319960505665
2033-07-12 09:00:00,0.0,288.5022101452301
2033-07-12 10:00:00,0.0,250.35315756404265
2033-07-12 11:00:00,0.0,191.69898922046696
2033-07-12 12:00:00,0.0,118.73892615894594
2033-07-12 13:00:00,0.0,46.25572625468978
2033-07-12 14:00:00,0.0,0.9537263145296863
2033-07-12 15:00:00,0.0,0.0
2033-07-12 16:00:00,0.0,0.0
2033-07-12 17:00:00,0.0,0.0
2033-07-12 18:00:00,0.0,0.0
2033-07-12 19:00:00,0.0,0.0
2033-07-12 20:00:00,0.0,0.0
2033-07-12 21:00:00,0.0,0.0
2033-07-12 22:00:00,0.0,0.0
2033-07-12 23:00:00,0.0,0.0
2033-07-13 00:00:00,0.0,0.0
2033-07-13 01:00:00,0.0,0.0
2033-07-13 02:00:00,0.0,27.658063121360907
2033-07-13 03:00:00,0.0,99.66439986835222
2033-07-13 04:00:00,0.0,176.91623134525682
2033-07-13 05:00:00,0.0,240.33903126148093
2033-07-13 06:00:00,0.0,283.7335785725817
2033-07-13 07:00:00,0.0,305.66928380676444
2033-07-13 08:00:00,0.0,305.19242064949964
2033-07-13 09:00:00,0.0,301.8543785486457
2033-07-13 10:00:00,0.0,262.7515996529286
2033-07-13 11:00:00,0.0,204.57429446661772
2033-07-13 12:00:00,0.0,129.2299156187725
2033-07-13 13:00:00,0.0,51.50122098460306
2033-07-13 14:00:00,0.0,0.9537263145296863
2033-07-13 15:00:00,0.0,0.0
2033-07-13 16:00:00,0.0,0.0
2033-07-13 17:00:00,0.0,0.0
2033-07-13 18:00:00,0.0,0.0
2033-07-13 19:00:00,0.0,0.0
2033-07-13 20:00:00,0.0,0.0
2033-07-13 21:00:00,0.0,0.0
2033-07-13 22:00:00,0.0,0.0
2033-07-13 23:00:00,0.0,0.0
2033-07-14 00:00:00,0.0,0.0
2033-07-14 01:00:00,0.0,0.0
2033-07-14 02:00:00,0.0,27.181199964096063
2033-07-14 03:00:00,0.0,101.5718524974116
2033-07-14 04:00:00,0.0,180.73113660337555
2033-07-14 05:00:00,0.0,246.06138914865906
2033-07-14 06:00:00,0.0,290.4096627742895
2033-07-14 07:00:00,0.0,313.299094323002
2033-07-14 08:00:00,0.0,314.7296837947965
2033-07-14 09:00:00,0.0,306.6230101212941
2033-07-14 10:00:00,0.0,265.6127785965176
2033-07-14 11:00:00,0.0,204.09743130935286
2033-07-14 12:00:00,0.0,126.84559983244829
2033-07-14 13:00:00,0.0,49.11690519827885
2033-07-14 14:00:00,0.0,0.9537263145296863
2033-07-14 15:00:00,0.0,0.0
2033-07-14 16:00:00,0.0,0.0
2033-07-14 17:00:00,0.0,0.0
2033-07-14 18:00:00,0.0,0.0
2033-07-14 19:00:00,0.0,0.0
2033-07-14 20:00:00,0.0,0.0
2033-07-14 21:00:00,0.0,0.0
2033-07-14 22:00:00,0.0,0.0
2033-07-14 23:00:00,0.0,0.0
2033-07-15 00:00:00,0.0,0.0
2033-07-15 01:00:00,0.0,0.0
2033-07-15 02:00:00,0.0,26.22747364956637
2033-07-15 03:00:00,0.0,94.89576829570379
2033-07-15 04:00:00,0.0,170.71701030081385
2033-07-15 05:00:00,0.0,232.70922074524344
2033-07-15 06:00:00,0.0,284.6873048871114
2033-07-15 07:00:00,0.0,307.5767364358238
2033-07-15 08:00:00,0.0,309.961052222148
2033-07-15 09:00:00,0.0,293.27084171787857
2033-07-15 10:00:00,0.0,253.2143365076317
2033-07-15 11:00:00,0.0,194.560168164056
2033-07-15 12:00:00,0.0,122.07696825979984
2033-07-15 13:00:00,0.0,48.16317888374917
2033-07-15 14:00:00,0.0,0.9537263145296863
2033-07-15 15:00:00,0.0,0.0
2033-07-15 16:00:00,0.0,0.0
2033-07-15 17:00:00,0.0,0.0
2033-07-15 18:00:00,0.0,0.0
2033-07-15 19:00:00,0.0,0.0
2033-07-15 20:00:00,0.0,0.0
2033-07-15 21:00:00,0.0,0.0
2033-07-15 22:00:00,0.0,0.0
2033-07-15 23:00:00,0.0,0.0
2033-07-16 00:00:00,0.0,0.0
2033-07-16 01:00:00,0.0,0.0
2033-07-16 02:00:00,0.0,27.181199964096063
2033-07-16 03:00:00,0.0,100.14126302561706
2033-07-16 04:00:00,0.0,179.77741028884589
2033-07-16 05:00:00,0.0,245.58452599139423
2033-07-16 06:00:00,0.0,297.56261013326207
2033-07-16 07:00:00,0.0,318.06772589565037
2033-07-16 08:00:00,0.0,318.06772589565037
2033-07-16 09:00:00,0.0,298.5163364477918
2033-07-16 10:00:00,0.0,258.459831237545
2033-07-16 11:00:00,0.0,198.85193657943958
2033-07-16 12:00:00,0.0,124.46128404612406
2033-07-16 13:00:00,0.0,48.640042041014
2033-07-16 14:00:00,0.0,0.47686315726484313
2033-07-16 15:00:00,0.0,0.0
2033-07-16 16:00:00,0.0,0.0
2033-07-16 17:00:00,0.0,0.0
2033-07-16 18:00:00,0.0,0.0
2033-07-16 19:00:00,0.0,0.0
2033-07-16 20:00:00,0.0,0.0
2033-07-16 21:00:00,0.0,0.0
2033-07-16 22:00:00,0.0,0.0
2033-07-16 23:00:00,0.0,0.0
2033-07-17 00:00:00,0.0,0.0
2033-07-17 01:00:00,0.0,0.0
2033-07-17 02:00:00,0.0,27.181199964096063
2033-07-17 03:00:00,0.0,101.09498934014674
2033-07-17 04:00:00,0.0,181.68486291790524
2033-07-17 05:00:00,0.0,247.96884177771844
2033-07-17 06:00:00,0.0,301.3775153913809
2033-07-17 07:00:00,0.0,321.4057679965043
2033-07-17 08:00:00,0.0,319.9751785247098
2033-07-17 09:00:00,0.0,298.5163364477918
2033-07-17 10:00:00,0.0,256.0755154512208
2033-07-17 11:00:00,0.0,194.560168164056
2033-07-17 12:00:00,0.0,120.16951563074046
2033-07-17 13:00:00,0.0,47.20945256921947
2033-07-17 14:00:00,0.0,0.47686315726484313
2033-07-17 15:00:00,0.0,0.0
2033-07-17 16:00:00,0.0,0.0
2033-07-17 17:00:00,0.0,0.0
2033-07-17 18:00:00,0.0,0.0
2033-07-17 19:00:00,0.0,0.0
2033-07-17 20:00:00,0.0,0.0
2033-07-17 21:00:00,0.0,0.0
2033-07-17 22:00:00,0.0,0.0
2033-07-17 23:00:00,0.0,0.0
2033-07-18 00:00:00,0.0,0.0
2033-07-18 01:00:00,0.0,0.0
2033-07-18 02:00:00,0.0,24.320021020507
2033-07-18 03:00:00,0.0,90.12713672305534
2033-07-18 04:00:00,0.0,160.2260208409873
2033-07-18 05:00:00,0.0,222.69509444268178
2033-07-18 06:00:00,0.0,271.8119996409606
2033-07-18 07:00:00,0.0,297.56261013326207
2033-07-18 08:00:00,0.0,301.8543785486457
2033-07-18 09:00:00,0.0,294.70143118967303
2033-07-18 10:00:00,0.0,253.2143365076317
2033-07-18 11:00:00,0.0,191.22212606320213
2033-07-18 12:00:00,0.0,116.83147352988658
2033-07-18 13:00:00,0.0,47.20945256921947
2033-07-18 14:00:00,0.0,0.47686315726484313
2033-07-18 15:00:00,0.0,0.0
2033-07-18 16:00:00,0.0,0.0
2033-07-18 17:00:00,0.0,0.0
2033-07-18 18:00:00,0.0,0.0
2033-07-18 19:00:00,0.0,0.0
2033-07-18 20:00:00,0.0,0.0
2033-07-18 21:00:00,0.0,0.0
2033-07-18 22:00:00,0.0,0.0
2033-07-18 23:00:00,0.0,0.0
2033-07-19 00:00:00,0.0,0.0
2033-07-19 01:00:00,0.0,0.0
2033-07-19 02:00:00,0.0,24.320021020507
2033-07-19 03:00:00,0.0,91.55772619484989
2033-07-19 04:00:00,0.0,166.42524188543027
2033-07-19 05:00:00,0.0,229.8480418016544
2033-07-19 06:00:00,0.0,288.5022101452301
2033-07-19 07:00:00,0.0,310.9147785366777
2033-07-19 08:00:00,0.0,312.82223116573715
2033-07-19 09:00:00,0.0,294.22456803240823
2033-07-19 10:00:00,0.0,254.16806282216135
2033-07-19 11:00:00,0.0,194.560168164056
2033-07-19 12:00:00,0.0,120.64637878800532
2033-07-19 13:00:00,0.0,46.25572625468978
2033-07-19 14:00:00,0.0,0.47686315726484313
2033-07-19 15:00:00,0.0,0.0
2033-07-19 16:00:00,0.0,0.0
2033-07-19 17:00:00,0.0,0.0
2033-07-19 18:00:00,0.0,0.0
2033-07-19 19:00:00,0.0,0.0
2033-07-19 20:00:00,0.0,0.0
2033-07-19 21:00:00,0.0,0.0
2033-07-19 22:00:00,0.0,0.0
2033-07-19 23:00:00,0.0,0.0
2033-07-20 00:00:00,0.0,0.0
2033-07-20 01:00:00,0.0,0.0
2033-07-20 02:00:00,0.0,27.181199964096063
2033-07-20 03:00:00,0.0,102.52557881194129
2033-07-20 04:00:00,0.0,183.11545238969978
2033-07-20 05:00:00,0.0,247.01511546318875
2033-07-20 06:00:00,0.0,291.3633890888192
2033-07-20 07:00:00,0.0,321.4057679965043
2033-07-20 08:00:00,0.0,328.08185219821206
2033-07-20 09:00:00,0.0,308.05359959308873
2033-07-20 10:00:00,0.0,267.52023122557705
2033-07-20 11:00:00,0.0,206.48174709567706
2033-07-20 12:00:00,0.0,129.2299156187725
2033-07-20 13:00:00,0.0,50.54749467007337
2033-07-20 14:00:00,0.0,0.47686315726484313
2033-07-20 15:00:00,0.0,0.0
2033-07-20 16:00:00,0.0,0.0
2033-07-20 17:00:00,0.0,0.0
2033-07-20 18:00:00,0.0,0.0
2033-07-20 19:00:00,0.0,0.0
2033-07-20 20:00:00,0.0,0.0
2033-07-20 21:00:00,0.0,0.0
2033-07-20 22:00:00,0.0,0.0
2033-07-20 23:00:00,0.0,0.0
2033-07-21 00:00:00,0.0,0.0
2033-07-21 01:00:00,0.0,0.0
2033-07-21 02:00:00,0.0,26.22747364956637
2033-07-21 03:00:00,0.0,100.14126302561706
2033-07-21 04:00:00,0.0,174.5319155589326
2033-07-21 05:00:00,0.0,237.95471547515672
2033-07-21 06:00:00,0.0,271.33513648369575
2033-07-21 07:00:00,0.0,286.11789435890586
2033-07-21 08:00:00,0.0,271.8119996409606
2033-07-21 09:00:00,0.0,256.0755154512208
2033-07-21 10:00:00,0.0,237.95471547515672
2033-07-21 11:00:00,0.0,195.03703132132085
2033-07-21 12:00:00,0.0,124.93814720338891
2033-07-21 13:00:00,0.0,48.640042041014
2033-07-21 14:00:00,0.0,0.47686315726484313
2033-07-21 15:00:00,0.0,0.0
2033-07-21 16:00:00,0.0,0.0
2033-07-21 17:00:00,0.0,0.0
2033-07-21 18:00:00,0.0,0.0
2033-07-21 19:00:00,0.0,0.0
2033-07-21 20:00:00,0.0,0.0
2033-07-21 21:00:00,0.0,0.0
2033-07-21 22:00:00,0.0,0.0
2033-07-21 23:00:00,0.0,0.0
2033-07-22 00:00:00,0.0,0.0
2033-07-22 01:00:00,0.0,0.0
2033-07-22 02:00:00,0.0,25.273747335036685
2033-07-22 03:00:00,0.0,92.98831566664441
2033-07-22 04:00:00,0.0,175.9625050307271
2033-07-22 05:00:00,0.0,246.06138914865906
2033-07-22 06:00:00,0.0,297.56261013326207
2033-07-22 07:00:00,0.0,322.8363574682988
2033-07-22 08:00:00,0.0,324.7438100973582
2033-07-22 09:00:00,0.0,304.7155574922348
2033-07-22 10:00:00,0.0,265.1359154392528
2033-07-22 11:00:00,0.0,203.620568152088
2033-07-22 12:00:00,0.0,125.41501036065375
2033-07-22 13:00:00,0.0,47.68631572648432
2033-07-22 14:00:00,0.0,0.0
2033-07-22 15:00:00,0.0,0.0
2033-07-22 16:00:00,0.0,0.0
2033-07-22 17:00:00,0.0,0.0
2033-07-22 18:00:00,0.0,0.0
2033-07-22 19:00:00,0.0,0.0
2033-07-22 20:00:00,0.0,0.0
2033-07-22 21:00:00,0.0,0.0
2033-07-22 22:00:00,0.0,0.0
2033-07-22 23:00:00,0.0,0.0
2033-07-23 00:00:00,0.0,0.0
2033-07-23 01:00:00,0.0,0.0
2033-07-23 02:00:00,0.0,20.505115762388254
2033-07-23 03:00:00,0.0,87.2659577794663
2033-07-23 04:00:00,0.0,159.27229452645759
2033-07-23 05:00:00,0.0,234.139810217038
2033-07-23 06:00:00,0.0,287.0716206734356
2033-07-23 07:00:00,0.0,311.3916416939426
2033-07-23 08:00:00,0.0,320.4520416819746
2033-07-23 09:00:00,0.0,308.05359959308873
2033-07-23 10:00:00,0.0,271.33513648369575
2033-07-23 11:00:00,0.0,213.15783129738492
2033-07-23 12:00:00,0.0,135.9059998204803
2033-07-23 13:00:00,0.0,54.83926308545696
2033-07-23 14:00:00,0.0,0.47686315726484313
2033-07-23 15:00:00,0.0,0.0
2033-07-23 16:00:00,0.0,0.0
2033-07-23 17:00:00,0.0,0.0
2033-07-23 18:00:00,0.0,0.0
2033-07-23 19:00:00,0.0,0.0
2033-07-23 20:00:00,0.0,0.0
2033-07-23 21:00:00,0.0,0.0
2033-07-23 22:00:00,0.0,0.0
2033-07-23 23:00:00,0.0,0.0
2033-07-24 00:00:00,0.0,0.0
2033-07-24 01:00:00,0.0,0.0
2033-07-24 02:00:00,0.0,25.273747335036685
2033-07-24 03:00:00,0.0,95.37263145296863
2033-07-24 04:00:00,0.0,175.9625050307271
2033-07-24 05:00:00,0.0,236.5241260033622
2033-07-24 06:00:00,0.0,291.84025224608405
2033-07-24 07:00:00,0.0,313.299094323002
2033-07-24 08:00:00,0.0,315.6834101093262
2033-07-24 09:00:00,0.0,293.74770487514337
2033-07-24 10:00:00,0.0,249.87629440677782
2033-07-24 11:00:00,0.0,190.26839974867244
2033-07-24 12:00:00,0.0,118.73892615894594
2033-07-24 13:00:00,0.0,43.87141046836557
2033-07-24 14:00:00,0.0,0.0
2033-07-24 15:00:00,0.0,0.0
2033-07-24 16:00:00,0.0,0.0
2033-07-24 17:00:00,0.0,0.0
2033-07-24 18:00:00,0.0,0.0
2033-07-24 19:00:00,0.0,0.0
2033-07-24 20:00:00,0.0,0.0
2033-07-24 21:00:00,0.0,0.0
2033-07-24 22:00:00,0.0,0.0
2033-07-24 23:00:00,0.0,0.0
2033-07-25 00:00:00,0.0,0.0
2033-07-25 01:00:00,0.0,0.0
2033-07-25 02:00:00,0.0,21.458842076917943
2033-07-25 03:00:00,0.0,85.35850515040693
2033-07-25 04:00:00,0.0,161.179747155517
2033-07-25 05:00:00,0.0,213.63469445464975
2033-07-25 06:00:00,0.0,273.71945227001993
2033-07-25 07:00:00,0.0,311.3916416939426
2033-07-25 08:00:00,0.0,315.20654695206133
2033-07-25 09:00:00,0.0,298.5163364477918
2033-07-25 10:00:00,0.0,251.30688387857236
2033-07-25 11:00:00,0.0,189.31467343414272
2033-07-25 12:00:00,0.0,108.24793669911939
2033-07-25 13:00:00,0.0,38.149052581187455
2033-07-25 14:00:00,0.0,0.0
2033-07-25 15:00:00,0.0,0.0
2033-07-25 16:00:00,0.0,0.0
2033-07-25 17:00:00,0.0,0.0
2033-07-25 18:00:00,0.0,0.0
2033-07-25 19:00:00,0.0,0.0
2033-07-25 20:00:00,0.0,0.0
2033-07-25 21:00:00,0.0,0.0
2033-07-25 22:00:00,0.0,0.0
2033-07-25 23:00:00,0.0,0.0
2033-07-26 00:00:00,0.0,0.0
2033-07-26 01:00:00,0.0,0.0
2033-07-26 02:00:00,0.0,21.935705234182784
2033-07-26 03:00:00,0.0,95.37263145296863
2033-07-26 04:00:00,0.0,179.30054713158103
2033-07-26 05:00:00,0.0,244.15393651959968
2033-07-26 06:00:00,0.0,293.74770487514337
2033-07-26 07:00:00,0.0,316.6371364238559
2033-07-26 08:00:00,0.0,320.4520416819746
2033-07-26 09:00:00,0.0,301.8543785486457
2033-07-26 10:00:00,0.0,259.89042070933954
2033-07-26 11:00:00,0.0,197.8982102649099
2033-07-26 12:00:00,0.0,121.60010510253501
2033-07-26 13:00:00,0.0,45.301999940160094
2033-07-26 14:00:00,0.0,0.0
2033-07-26 15:00:00,0.0,0.0
2033-07-26 16:00:00,0.0,0.0
2033-07-26 17:00:00,0.0,0.0
2033-07-26 18:00:00,0.0,0.0
2033-07-26 19:00:00,0.0,0.0
2033-07-26 20:00:00,0.0,0.0
2033-07-26 21:00:00,0.0,0.0
2033-07-26 22:00:00,0.0,0.0
2033-07-26 23:00:00,0.0,0.0
2033-07-27 00:00:00,0.0,0.0
2033-07-27 01:00:00,0.0,0.0
2033-07-27 02:00:00,0.0,23.84315786324216
2033-07-27 03:00:00,0.0,94.41890513843894
2033-07-27 04:00:00,0.0,175.48564187346227
2033-07-27 05:00:00,0.0,240.33903126148093
2033-07-27 06:00:00,0.0,284.21044172984654
2033-07-27 07:00:00,0.0,308.05359959308873
2033-07-27 08:00:00,0.0,313.299094323002
2033-07-27 09:00:00,0.0,309.961052222148
2033-07-27 10:00:00,0.0,268.95082069737157
2033-07-27 11:00:00,0.0,206.95861025294192
2033-07-27 12:00:00,0.0,128.75305246150765
2033-07-27 13:00:00,0.0,49.11690519827885
2033-07-27 14:00:00,0.0,0.0
2033-07-27 15:00:00,0.0,0.0
2033-07-27 16:00:00,0.0,0.0
2033-07-27 17:00:00,0.0,0.0
2033-07-27 18:00:00,0.0,0.0
2033-07-27 19:00:00,0.0,0.0
2033-07-27 20:00:00,0.0,0.0
2033-07-27 21:00:00,0.0,0.0
2033-07-27 22:00:00,0.0,0.0
2033-07-27 23:00:00,0.0,0.0
2033-07-28 00:00:00,0.0,0.0
2033-07-28 01:00:00,0.0,0.0
2033-07-28 02:00:00,0.0,26.22747364956637
2033-07-28 03:00:00,0.0,103.9561682837358
2033-07-28 04:00:00,0.0,186.45349449055368
2033-07-28 05:00:00,0.0,254.16806282216135
2033-07-28 06:00:00,0.0,307.099873278559
2033-07-28 07:00:00,0.0,330.94303114180116
2033-07-28 08:00:00,0.0,333.3273469281254
2033-07-28 09:00:00,0.0,314.25282063753167
2033-07-28 10:00:00,0.0,273.2425891127551
2033-07-28 11:00:00,0.0,211.2503786683255
2033-07-28 12:00:00,0.0,132.09109456236155
2033-07-28 13:00:00,0.0,50.07063151280853
2033-07-28 14:00:00,0.0,0.0
2033-07-28 15:00:00,0.0,0.0
2033-07-28 16:00:00,0.0,0.0
2033-07-28 17:00:00,0.0,0.0
2033-07-28 18:00:00,0.0,0.0
2033-07-28 19:00:00,0.0,0.0
2033-07-28 20:00:00,0.0,0.0
2033-07-28 21:00:00,0.0,0.0
2033-07-28 22:00:00,0.0,0.0
2033-07-28 23:00:00,0.0,0.0
2033-07-29 00:00:00,0.0,0.0
2033-07-29 01:00:00,0.0,0.0
2033-07-29 02:00:00,0.0,24.320021020507
2033-07-29 03:00:00,0.0,93.46517882390927
2033-07-29 04:00:00,0.0,157.8417050546631
2033-07-29 05:00:00,0.0,235.09353653156765
2033-07-29 06:00:00,0.0,294.70143118967303
2033-07-29 07:00:00,0.0,319.9751785247098
2033-07-29 08:00:00,0.0,324.26694694009336
2033-07-29 09:00:00,0.0,305.19242064949964
2033-07-29 10:00:00,0.0,256.0755154512208
2033-07-29 11:00:00,0.0,164.9946524136357
2033-07-29 12:00:00,0.0,65.3302525452835
2033-07-29 13:00:00,0.0,19.074526290593727
2033-07-29 14:00:00,0.0,0.0
2033-07-29 15:00:00,0.0,0.0
2033-07-29 16:00:00,0.0,0.0
2033-07-29 17:00:00,0.0,0.0
2033-07-29 18:00:00,0.0,0.0
2033-07-29 19:00:00,0.0,0.0
2033-07-29 20:00:00,0.0,0.0
2033-07-29 21:00:00,0.0,0.0
2033-07-29 22:00:00,0.0,0.0
2033-07-29 23:00:00,0.0,0.0
2033-07-30 00:00:00,0.0,0.0
2033-07-30 01:00:00,0.0,0.0
2033-07-30 02:00:00,0.0,19.551389447858572
2033-07-30 03:00:00,0.0,75.82124200511007
2033-07-30 04:00:00,0.0,160.2260208409873
2033-07-30 05:00:00,0.0,237.4778523178919
2033-07-30 06:00:00,0.0,283.7335785725817
2033-07-30 07:00:00,0.0,302.8081048631754
2033-07-30 08:00:00,0.0,302.33124170591054
2033-07-30 09:00:00,0.0,274.1963154272848
2033-07-30 10:00:00,0.0,215.5421470837091
2033-07-30 11:00:00,0.0,148.30444190936623
2033-07-30 12:00:00,0.0,73.43692621878584
2033-07-30 13:00:00,0.0,26.704336806831215
2033-07-30 14:00:00,0.0,0.0
2033-07-30 15:00:00,0.0,0.0
2033-07-30 16:00:00,0.0,0.0
2033-07-30 17:00:00,0.0,0.0
2033-07-30 18:00:00,0.0,0.0
2033-07-30 19:00:00,0.0,0.0
2033-07-30 20:00:00,0.0,0.0
2033-07-30 21:00:00,0.0,0.0
2033-07-30 22:00:00,0.0,0.0
2033-07-30 23:00:00,0.0,0.0
2033-07-31 00:00:00,0.0,0.0
2033-07-31 01:00:00,0.0,0.0
2033-07-31 02:00:00,0.0,19.074526290593727
2033-07-31 03:00:00,0.0,66.76084201707805
2033-07-31 04:00:00,0.0,119.21578931621079
2033-07-31 05:00:00,0.0,168.33269451448962
2033-07-31 06:00:00,0.0,213.15783129738492
2033-07-31 07:00:00,0.0,241.7696207332755
2033-07-31 08:00:00,0.0,255.12178913669106
2033-07-31 09:00:00,0.0,261.79787333839886
2033-07-31 10:00:00,0.0,231.75549443071375
2033-07-31 11:00:00,0.0,150.2118945384256
2033-07-31 12:00:00,0.0,59.607894658105394
2033-07-31 13:00:00,0.0,14.305894717945295
2033-07-31 14:00:00,0.0,0.0
2033-07-31 15:00:00,0.0,0.0
2033-07-31 16:00:00,0.0,0.0
2033-07-31 17:00:00,0.0,0.0
2033-07-31 18:00:00,0.0,0.0
2033-07-31 19:00:00,0.0,0.0
2033-07-31 20:00:00,0.0,0.0
2033-07-31 21:00:00,0.0,0.0
2033-07-31 22:00:00,0.0,0.0
2033-07-31 23:00:00,0.0,0.0
2033-08-01 00:00:00,0.0,0.0
2033-08-01 01:00:00,0.0,0.0
2033-08-01 02:00:00,0.0,22.889431548712473
2033-08-01 03:00:00,0.0,81.06673673502334
2033-08-01 04:00:00,0.0,139.72090507859906
2033-08-01 05:00:00,0.0,196.9444839503802
2033-08-01 06:00:00,0.0,248.44570493498327
2033-08-01 07:00:00,0.0,294.70143118967303
2033-08-01 08:00:00,0.0,320.4520416819746
2033-08-01 09:00:00,0.0,295.1782943469379
2033-08-01 10:00:00,0.0,248.44570493498327
2033-08-01 11:00:00,0.0,179.77741028884589
2033-08-01 12:00:00,0.0,96.32635776749834
2033-08-01 13:00:00,0.0,29.565515750420275
2033-08-01 14:00:00,0.0,0.0
2033-08-01 15:00:00,0.0,0.0
2033-08-01 16:00:00,0.0,0.0
2033-08-01 17:00:00,0.0,0.0
2033-08-01 18:00:00,0.0,0.0
2033-08-01 19:00:00,0.0,0.0
2033-08-01 20:00:00,0.0,0.0
2033-08-01 21:00:00,0.0,0.0
2033-08-01 22:00:00,0.0,0.0
2033-08-01 23:00:00,0.0,0.0
2033-08-02 00:00:00,0.0,0.0
2033-08-02 01:00:00,0.0,0.0
2033-08-02 02:00:00,0.0,11.92157893162108
2033-08-02 03:00:00,0.0,63.89966307348898
2033-08-02 04:00:00,0.0,141.15149455039358
2033-08-02 05:00:00,0.0,184.54604186149433
2033-08-02 06:00:00,0.0,206.00488393841223
2033-08-02 07:00:00,0.0,197.8982102649099
2033-08-02 08:00:00,0.0,185.49976817602396
2033-08-02 09:00:00,0.0,157.8417050546631
2033-08-02 10:00:00,0.0,132.09109456236155
2033-08-02 11:00:00,0.0,93.46517882390927
2033-08-02 12:00:00,0.0,53.40867361366243
2033-08-02 13:00:00,0.0,20.981978919653095
2033-08-02 14:00:00,0.0,0.0
2033-08-02 15:00:00,0.0,0.0
2033-08-02 16:00:00,0.0,0.0
2033-08-02 17:00:00,0.0,0.0
2033-08-02 18:00:00,0.0,0.0
2033-08-02 19:00:00,0.0,0.0
2033-08-02 20:00:00,0.0,0.0
2033-08-02 21:00:00,0.0,0.0
2033-08-02 22:00:00,0.0,0.0
2033-08-02 23:00:00,0.0,0.0
2033-08-03 00:00:00,0.0,0.0
2033-08-03 01:00:00,0.0,0.0
2033-08-03 02:00:00,0.0,12.398442088885922
2033-08-03 03:00:00,0.0,50.07063151280853
2033-08-03 04:00:00,0.0,91.08086303758505
2033-08-03 05:00:00,0.0,128.75305246150765
2033-08-03 06:00:00,0.0,175.00877871619747
2033-08-03 07:00:00,0.0,231.75549443071375
2033-08-03 08:00:00,0.0,286.11789435890586
2033-08-03 09:00:00,0.0,296.1320206614676
2033-08-03 10:00:00,0.0,258.459831237545
2033-08-03 11:00:00,0.0,195.03703132132085
2033-08-03 12:00:00,0.0,118.73892615894594
2033-08-03 13:00:00,0.0,41.48709468204135
2033-08-03 14:00:00,0.0,0.0
2033-08-03 15:00:00,0.0,0.0
2033-08-03 16:00:00,0.0,0.0
2033-08-03 17:00:00,0.0,0.0
2033-08-03 18:00:00,0.0,0.0
2033-08-03 19:00:00,0.0,0.0
2033-08-03 20:00:00,0.0,0.0
2033-08-03 21:00:00,0.0,0.0
2033-08-03 22:00:00,0.0,0.0
2033-08-03 23:00:00,0.0,0.0
2033-08-04 00:00:00,0.0,0.0
2033-08-04 01:00:00,0.0,0.0
2033-08-04 02:00:00,0.0,20.981978919653095
2033-08-04 03:00:00,0.0,83.45105252134756
2033-08-04 04:00:00,0.0,162.61033662731154
2033-08-04 05:00:00,0.0,234.139810217038
2033-08-04 06:00:00,0.0,297.08574697599727
2033-08-04 07:00:00,0.0,317.5908627383856
2033-08-04 08:00:00,0.0,309.48418906488325
2033-08-04 09:00:00,0.0,272.7657259554903
2033-08-04 10:00:00,0.0,231.75549443071375
2033-08-04 11:00:00,0.0,180.2542734461107
2033-08-04 12:00:00,0.0,110.63225248544362
2033-08-04 13:00:00,0.0,38.149052581187455
2033-08-04 14:00:00,0.0,0.0
2033-08-04 15:00:00,0.0,0.0
2033-08-04 16:00:00,0.0,0.0
2033-08-04 17:00:00,0.0,0.0
2033-08-04 18:00:00,0.0,0.0
2033-08-04 19:00:00,0.0,0.0
2033-08-04 20:00:00,0.0,0.0
2033-08-04 21:00:00,0.0,0.0
2033-08-04 22:00:00,0.0,0.0
2033-08-04 23:00:00,0.0,0.0
2033-08-05 00:00:00,0.0,0.0
2033-08-05 01:00:00,0.0,0.0
2033-08-05 02:00:00,0.0,9.537263145296864
2033-08-05 03:00:00,0.0,51.50122098460306
2033-08-05 04:00:00,0.0,119.69265247347565
2033-08-05 05:00:00,0.0,194.08330500679114
2033-08-05 06:00:00,0.0,244.6307996768645
2033-08-05 07:00:00,0.0,270.8582733264309
2033-08-05 08:00:00,0.0,276.580631213609
2033-08-05 09:00:00,0.0,276.10376805634417
2033-08-05 10:00:00,0.0,234.139810217038
2033-08-05 11:00:00,0.0,178.8236839743162
2033-08-05 12:00:00,0.0,107.2942103845897
2033-08-05 13:00:00,0.0,40.056505210246826
2033-08-05 14:00:00,0.0,0.0
2033-08-05 15:00:00,0.0,0.0
2033-08-05 16:00:00,0.0,0.0
2033-08-05 17:00:00,0.0,0.0
2033-08-05 18:00:00,0.0,0.0
2033-08-05 19:00:00,0.0,0.0
2033-08-05 20:00:00,0.0,0.0
2033-08-05 21:00:00,0.0,0.0
2033-08-05 22:00:00,0.0,0.0
2033-08-05 23:00:00,0.0,0.0
2033-08-06 00:00:00,0.0,0.0
2033-08-06 01:00:00,0.0,0.0
2033-08-06 02:00:00,0.0,14.305894717945295
2033-08-06 03:00:00,0.0,66.76084201707805
2033-08-06 04:00:00,0.0,136.85972613500996
2033-08-06 05:00:00,0.0,204.09743130935286
2033-08-06 06:00:00,0.0,252.73747335036686
2033-08-06 07:00:00,0.0,288.97907330249495
2033-08-06 08:00:00,0.0,301.3775153913809
2033-08-06 09:00:00,0.0,288.97907330249495
2033-08-06 10:00:00,0.0,248.44570493498327
2033-08-06 11:00:00,0.0,189.79153659140758
2033-08-06 12:00:00,0.0,116.83147352988658
2033-08-06 13:00:00,0.0,42.917684153835886
2033-08-06 14:00:00,0.0,0.0
2033-08-06 15:00:00,0.0,0.0
2033-08-06 16:00:00,0.0,0.0
2033-08-06 17:00:00,0.0,0.0
2033-08-06 18:00:00,0.0,0.0
2033-08-06 19:00:00,0.0,0.0
2033-08-06 20:00:00,0.0,0.0
2033-08-06 21:00:00,0.0,0.0
2033-08-06 22:00:00,0.0,0.0
2033-08-06 23:00:00,0.0,0.0
2033-08-07 00:00:00,0.0,0.0
2033-08-07 01:00:00,0.0,0.0
2033-08-07 02:00:00,0.0,13.352168403415607
2033-08-07 03:00:00,0.0,71.05261043246163
2033-08-07 04:00:00,0.0,153.07307348201465
2033-08-07 05:00:00,0.0,216.49587339823879
2033-08-07 06:00:00,0.0,259.89042070933954
2033-08-07 07:00:00,0.0,291.84025224608405
2033-08-07 08:00:00,0.0,301.3775153913809
2033-08-07 09:00:00,0.0,292.7939785606137
2033-08-07 10:00:00,0.0,248.92256809224813
2033-08-07 11:00:00,0.0,190.26839974867244
2033-08-07 12:00:00,0.0,119.69265247347565
2033-08-07 13:00:00,0.0,42.44082099657104
2033-08-07 14:00:00,0.0,0.0
2033-08-07 15:00:00,0.0,0.0
2033-08-07 16:00:00,0.0,0.0
2033-08-07 17:00:00,0.0,0.0
2033-08-07 18:00:00,0.0,0.0
2033-08-07 19:00:00,0.0,0.0
2033-08-07 20:00:00,0.0,0.0
2033-08-07 21:00:00,0.0,0.0
2033-08-07 22:00:00,0.0,0.0
2033-08-07 23:00:00,0.0,0.0
2033-08-08 00:00:00,0.0,0.0
2033-08-08 01:00:00,0.0,0.0
2033-08-08 02:00:00,0.0,16.213347347004667
2033-08-08 03:00:00,0.0,73.91378937605069
2033-08-08 04:00:00,0.0,143.05894717945293
2033-08-08 05:00:00,0.0,200.759389208499
2033-08-08 06:00:00,0.0,263.22846281019343
2033-08-08 07:00:00,0.0,283.2567154153168
2033-08-08 08:00:00,0.0,287.54848383070043
2033-08-08 09:00:00,0.0,285.1641680443762
2033-08-08 10:00:00,0.0,252.73747335036686
2033-08-08 11:00:00,0.0,193.6064418495263
2033-08-08 12:00:00,0.0,110.63225248544362
2033-08-08 13:00:00,0.0,33.380421008539024
2033-08-08 14:00:00,0.0,0.0
2033-08-08 15:00:00,0.0,0.0
2033-08-08 16:00:00,0.0,0.0
2033-08-08 17:00:00,0.0,0.0
2033-08-08 18:00:00,0.0,0.0
2033-08-08 19:00:00,0.0,0.0
2033-08-08 20:00:00,0.0,0.0
2033-08-08 21:00:00,0.0,0.0
2033-08-08 22:00:00,0.0,0.0
2033-08-08 23:00:00,0.0,0.0
2033-08-09 00:00:00,0.0,0.0
2033-08-09 01:00:00,0.0,0.0
2033-08-09 02:00:00,0.0,14.782757875210137
2033-08-09 03:00:00,0.0,70.57574727519679
2033-08-09 04:00:00,0.0,144.01267349398265
2033-08-09 05:00:00,0.0,212.68096814012006
2033-08-09 06:00:00,0.0,295.65515750420275
2033-08-09 07:00:00,0.0,314.7296837947965
2033-08-09 08:00:00,0.0,310.9147785366777
2033-08-09 09:00:00,0.0,278.4880838426684
2033-08-09 10:00:00,0.0,233.66294705977316
2033-08-09 11:00:00,0.0,170.240147143549
2033-08-09 12:00:00,0.0,97.280084082028
2033-08-09 13:00:00,0.0,30.996105222214805
2033-08-09 14:00:00,0.0,0.0
2033-08-09 15:00:00,0.0,0.0
2033-08-09 16:00:00,0.0,0.0
2033-08-09 17:00:00,0.0,0.0
2033-08-09 18:00:00,0.0,0.0
2033-08-09 19:00:00,0.0,0.0
2033-08-09 20:00:00,0.0,0.0
2033-08-09 21:00:00,0.0,0.0
2033-08-09 22:00:00,0.0,0.0
2033-08-09 23:00:00,0.0,0.0
2033-08-10 00:00:00,0.0,0.0
2033-08-10 01:00:00,0.0,0.0
2033-08-10 02:00:00,0.0,16.213347347004667
2033-08-10 03:00:00,0.0,77.2518314769046
2033-08-10 04:00:00,0.0,153.07307348201465
2033-08-10 05:00:00,0.0,220.31077865635754
2033-08-10 06:00:00,0.0,289.9327996170246
2033-08-10 07:00:00,0.0,308.53046275035354
2033-08-10 08:00:00,0.0,305.19242064949964
2033-08-10 09:00:00,0.0,289.45593645975976
2033-08-10 10:00:00,0.0,247.96884177771844
2033-08-10 11:00:00,0.0,185.49976817602396
2033-08-10 12:00:00,0.0,105.38675775553034
2033-08-10 13:00:00,0.0,27.181199964096063
2033-08-10 14:00:00,0.0,0.0
2033-08-10 15:00:00,0.0,0.0
2033-08-10 16:00:00,0.0,0.0
2033-08-10 17:00:00,0.0,0.0
2033-08-10 18:00:00,0.0,0.0
2033-08-10 19:00:00,0.0,0.0
2033-08-10 20:00:00,0.0,0.0
2033-08-10 21:00:00,0.0,0.0
2033-08-10 22:00:00,0.0,0.0
2033-08-10 23:00:00,0.0,0.0
2033-08-11 00:00:00,0.0,0.0
2033-08-11 01:00:00,0.0,0.0
2033-08-11 02:00:00,0.0,16.690210504269512
2033-08-11 03:00:00,0.0,77.2518314769046
2033-08-11 04:00:00,0.0,151.64248401022013
2033-08-11 05:00:00,0.0,218.40332602729814
2033-08-11 06:00:00,0.0,276.10376805634417
2033-08-11 07:00:00,0.0,301.3775153913809
2033-08-11 08:00:00,0.0,300.9006522341161
2033-08-11 09:00:00,0.0,280.3955364717278
2033-08-11 10:00:00,0.0,237.4778523178919
2033-08-11 11:00:00,0.0,165.47151557090055
2033-08-11 12:00:00,0.0,77.2518314769046
2033-08-11 13:00:00,0.0,16.213347347004667
2033-08-11 14:00:00,0.0,0.0
2033-08-11 15:00:00,0.0,0.0
2033-08-11 16:00:00,0.0,0.0
2033-08-11 17:00:00,0.0,0.0
2033-08-11 18:00:00,0.0,0.0
2033-08-11 19:00:00,0.0,0.0
2033-08-11 20:00:00,0.0,0.0
2033-08-11 21:00:00,0.0,0.0
2033-08-11 22:00:00,0.0,0.0
2033-08-11 23:00:00,0.0,0.0
2033-08-12 00:00:00,0.0,0.0
2033-08-12 01:00:00,0.0,0.0
2033-08-12 02:00:00,0.0,5.245494729913275
2033-08-12 03:00:00,0.0,34.81101048033355
2033-08-12 04:00:00,0.0,79.15928410596398
2033-08-12 05:00:00,0.0,123.98442088885922
2033-08-12 06:00:00,0.0,163.08719978457637
2033-08-12 07:00:00,0.0,202.66684183755834
2033-08-12 08:00:00,0.0,215.5421470837091
2033-08-12 09:00:00,0.0,197.8982102649099
2033-08-12 10:00:00,0.0,175.00877871619747
2033-08-12 11:00:00,0.0,135.9059998204803
2033-08-12 12:00:00,0.0,84.88164199314208
2033-08-12 13:00:00,0.0,32.426694694009335
2033-08-12 14:00:00,0.0,0.0
2033-08-12 15:00:00,0.0,0.0
2033-08-12 16:00:00,0.0,0.0
2033-08-12 17:00:00,0.0,0.0
2033-08-12 18:00:00,0.0,0.0
2033-08-12 19:00:00,0.0,0.0
2033-08-12 20:00:00,0.0,0.0
2033-08-12 21:00:00,0.0,0.0
2033-08-12 22:00:00,0.0,0.0
2033-08-12 23:00:00,0.0,0.0
2033-08-13 00:00:00,0.0,0.0
2033-08-13 01:00:00,0.0,0.0
2033-08-13 02:00:00,0.0,19.551389447858572
2033-08-13 03:00:00,0.0,90.12713672305534
2033-08-13 04:00:00,0.0,168.33269451448962
2033-08-13 05:00:00,0.0,227.940589172595
2033-08-13 06:00:00,0.0,270.3814101691661
2033-08-13 07:00:00,0.0,295.65515750420275
2033-08-13 08:00:00,0.0,292.7939785606137
2033-08-13 09:00:00,0.0,274.1963154272848
2033-08-13 10:00:00,0.0,231.75549443071375
2033-08-13 11:00:00,0.0,171.19387345807868
2033-08-13 12:00:00,0.0,103.00244196920612
2033-08-13 13:00:00,0.0,33.85728416580386
2033-08-13 14:00:00,0.0,0.0
2033-08-13 15:00:00,0.0,0.0
2033-08-13 16:00:00,0.0,0.0
2033-08-13 17:00:00,0.0,0.0
2033-08-13 18:00:00,0.0,0.0
2033-08-13 19:00:00,0.0,0.0
2033-08-13 20:00:00,0.0,0.0
2033-08-13 21:00:00,0.0,0.0
2033-08-13 22:00:00,0.0,0.0
2033-08-13 23:00:00,0.0,0.0
2033-08-14 00:00:00,0.0,0.0
2033-08-14 01:00:00,0.0,0.0
2033-08-14 02:00:00,0.0,13.829031560680452
2033-08-14 03:00:00,0.0,59.13103150084055
2033-08-14 04:00:00,0.0,107.77107354185455
2033-08-14 05:00:00,0.0,171.19387345807868
2033-08-14 06:00:00,0.0,241.7696207332755
2033-08-14 07:00:00,0.0,280.87239962899264
2033-08-14 08:00:00,0.0,281.8261259435223
2033-08-14 09:00:00,0.0,263.70532596745824
2033-08-14 10:00:00,0.0,228.41745232985986
2033-08-14 11:00:00,0.0,168.33269451448962
2033-08-14 12:00:00,0.0,97.280084082028
2033-08-14 13:00:00,0.0,32.90355785127418
2033-08-14 14:00:00,0.0,0.0
2033-08-14 15:00:00,0.0,0.0
2033-08-14 16:00:00,0.0,0.0
2033-08-14 17:00:00,0.0,0.0
2033-08-14 18:00:00,0.0,0.0
2033-08-14 19:00:00,0.0,0.0
2033-08-14 20:00:00,0.0,0.0
2033-08-14 21:00:00,0.0,0.0
2033-08-14 22:00:00,0.0,0.0
2033-08-14 23:00:00,0.0,0.0
2033-08-15 00:00:00,0.0,0.0
2033-08-15 01:00:00,0.0,0.0
2033-08-15 02:00:00,0.0,21.935705234182784
2033-08-15 03:00:00,0.0,100.14126302561706
2033-08-15 04:00:00,0.0,185.97663133328882
2033-08-15 05:00:00,0.0,255.59865229395592
2033-08-15 06:00:00,0.0,300.4237890768512
2033-08-15 07:00:00,0.0,322.8363574682988
2033-08-15 08:00:00,0.0,323.3132206255637
2033-08-15 09:00:00,0.0,302.33124170591054
2033-08-15 10:00:00,0.0,261.79787333839886
2033-08-15 11:00:00,0.0,198.85193657943958
2033-08-15 12:00:00,0.0,119.21578931621079
2033-08-15 13:00:00,0.0,40.53336836751167
2033-08-15 14:00:00,0.0,0.0
2033-08-15 15:00:00,0.0,0.0
2033-08-15 16:00:00,0.0,0.0
2033-08-15 17:00:00,0.0,0.0
2033-08-15 18:00:00,0.0,0.0
2033-08-15 19:00:00,0.0,0.0
2033-08-15 20:00:00,0.0,0.0
2033-08-15 21:00:00,0.0,0.0
2033-08-15 22:00:00,0.0,0.0
2033-08-15 23:00:00,0.0,0.0
2033-08-16 00:00:00,0.0,0.0
2033-08-16 01:00:00,0.0,0.0
2033-08-16 02:00:00,0.0,18.59766313332888
2033-08-16 03:00:00,0.0,80.11301042049365
2033-08-16 04:00:00,0.0,170.240147143549
2033-08-16 05:00:00,0.0,244.6307996768645
2033-08-16 06:00:00,0.0,288.5022101452301
2033-08-16 07:00:00,0.0,313.299094323002
2033-08-16 08:00:00,0.0,318.06772589565037
2033-08-16 09:00:00,0.0,298.99319960505665
2033-08-16 10:00:00,0.0,259.89042070933954
2033-08-16 11:00:00,0.0,196.9444839503802
2033-08-16 12:00:00,0.0,116.83147352988658
2033-08-16 13:00:00,0.0,37.67218942392261
2033-08-16 14:00:00,0.0,0.0
2033-08-16 15:00:00,0.0,0.0
2033-08-16 16:00:00,0.0,0.0
2033-08-16 17:00:00,0.0,0.0
2033-08-16 18:00:00,0.0,0.0
2033-08-16 19:00:00,0.0,0.0
2033-08-16 20:00:00,0.0,0.0
2033-08-16 21:00:00,0.0,0.0
2033-08-16 22:00:00,0.0,0.0
2033-08-16 23:00:00,0.0,0.0
2033-08-17 00:00:00,0.0,0.0
2033-08-17 01:00:00,0.0,0.0
2033-08-17 02:00:00,0.0,10.014126302561706
2033-08-17 03:00:00,0.0,60.561620972635076
2033-08-17 04:00:00,0.0,148.78130506663103
2033-08-17 05:00:00,0.0,233.66294705977316
2033-08-17 06:00:00,0.0,290.4096627742895
2033-08-17 07:00:00,0.0,322.359494311034
2033-08-17 08:00:00,0.0,329.9893048272714
2033-08-17 09:00:00,0.0,315.20654695206133
2033-08-17 10:00:00,0.0,276.10376805634417
2033-08-17 11:00:00,0.0,214.5884207691794
2033-08-17 12:00:00,0.0,133.52168403415607
2033-08-17 13:00:00,0.0,47.20945256921947
2033-08-17 14:00:00,0.0,0.0
2033-08-17 15:00:00,0.0,0.0
2033-08-17 16:00:00,0.0,0.0
2033-08-17 17:00:00,0.0,0.0
2033-08-17 18:00:00,0.0,0.0
2033-08-17 19:00:00,0.0,0.0
2033-08-17 20:00:00,0.0,0.0
2033-08-17 21:00:00,0.0,0.0
2033-08-17 22:00:00,0.0,0.0
2033-08-17 23:00:00,0.0,0.0
2033-08-18 00:00:00,0.0,0.0
2033-08-18 01:00:00,0.0,0.0
2033-08-18 02:00:00,0.0,22.41256839144763
2033-08-18 03:00:00,0.0,105.38675775553034
2033-08-18 04:00:00,0.0,194.08330500679114
2033-08-18 05:00:00,0.0,264.1821891247231
2033-08-18 06:00:00,0.0,308.53046275035354
2033-08-18 07:00:00,0.0,329.9893048272714
2033-08-18 08:00:00,0.0,331.8967574563308
2033-08-18 09:00:00,0.0,310.4379153794129
2033-08-18 10:00:00,0.0,268.4739575401067
2033-08-18 11:00:00,0.0,205.5280207811474
2033-08-18 12:00:00,0.0,124.46128404612406
2033-08-18 13:00:00,0.0,41.9639578393062
2033-08-18 14:00:00,0.0,0.0
2033-08-18 15:00:00,0.0,0.0
2033-08-18 16:00:00,0.0,0.0
2033-08-18 17:00:00,0.0,0.0
2033-08-18 18:00:00,0.0,0.0
2033-08-18 19:00:00,0.0,0.0
2033-08-18 20:00:00,0.0,0.0
2033-08-18 21:00:00,0.0,0.0
2033-08-18 22:00:00,0.0,0.0
2033-08-18 23:00:00,0.0,0.0
2033-08-19 00:00:00,0.0,0.0
2033-08-19 01:00:00,0.0,0.0
2033-08-19 02:00:00,0.0,21.935705234182784
2033-08-19 03:00:00,0.0,105.86362091279517
2033-08-19 04:00:00,0.0,197.42134710764503
2033-08-19 05:00:00,0.0,269.90454701190123
2033-08-19 06:00:00,0.0,317.5908627383856
2033-08-19 07:00:00,0.0,341.4340206016277
2033-08-19 08:00:00,0.0,344.29519954521675
2033-08-19 09:00:00,0.0,323.7900837828285
2033-08-19 10:00:00,0.0,283.2567154153168
2033-08-19 11:00:00,0.0,219.83391549909268
2033-08-19 12:00:00,0.0,136.38286297774516
2033-08-19 13:00:00,0.0,47.68631572648432
2033-08-19 14:00:00,0.0,0.0
2033-08-19 15:00:00,0.0,0.0
2033-08-19 16:00:00,0.0,0.0
2033-08-19 17:00:00,0.0,0.0
2033-08-19 18:00:00,0.0,0.0
2033-08-19 19:00:00,0.0,0.0
2033-08-19 20:00:00,0.0,0.0
2033-08-19 21:00:00,0.0,0.0
2033-08-19 22:00:00,0.0,0.0
2033-08-19 23:00:00,0.0,0.0
2033-08-20 00:00:00,0.0,0.0
2033-08-20 01:00:00,0.0,0.0
2033-08-20 02:00:00,0.0,22.41256839144763
2033-08-20 03:00:00,0.0,103.00244196920612
2033-08-20 04:00:00,0.0,198.85193657943958
2033-08-20 05:00:00,0.0,271.8119996409606
2033-08-20 06:00:00,0.0,320.9289048392395
2033-08-20 07:00:00,0.0,344.29519954521675
2033-08-20 08:00:00,0.0,347.6332416460707
2033-08-20 09:00:00,0.0,325.2206732546231
2033-08-20 10:00:00,0.0,284.21044172984654
2033-08-20 11:00:00,0.0,220.78764181362237
2033-08-20 12:00:00,0.0,137.81345244953965
2033-08-20 13:00:00,0.0,47.68631572648432
2033-08-20 14:00:00,0.0,0.0
2033-08-20 15:00:00,0.0,0.0
2033-08-20 16:00:00,0.0,0.0
2033-08-20 17:00:00,0.0,0.0
2033-08-20 18:00:00,0.0,0.0
2033-08-20 19:00:00,0.0,0.0
2033-08-20 20:00:00,0.0,0.0
2033-08-20 21:00:00,0.0,0.0
2033-08-20 22:00:00,0.0,0.0
2033-08-20 23:00:00,0.0,0.0
2033-08-21 00:00:00,0.0,0.0
2033-08-21 01:00:00,0.0,0.0
2033-08-21 02:00:00,0.0,20.505115762388254
2033-08-21 03:00:00,0.0,98.71067355382252
2033-08-21 04:00:00,0.0,186.93035764781854
2033-08-21 05:00:00,0.0,268.95082069737157
2033-08-21 06:00:00,0.0,319.4983153674449
2033-08-21 07:00:00,0.0,346.20265217427607
2033-08-21 08:00:00,0.0,349.0638311178652
2033-08-21 09:00:00,0.0,329.9893048272714
2033-08-21 10:00:00,0.0,288.0253469879653
2033-08-21 11:00:00,0.0,223.6488207572114
2033-08-21 12:00:00,0.0,138.76717876406934
2033-08-21 13:00:00,0.0,48.16317888374917
2033-08-21 14:00:00,0.0,0.0
2033-08-21 15:00:00,0.0,0.0
2033-08-21 16:00:00,0.0,0.0
2033-08-21 17:00:00,0.0,0.0
2033-08-21 18:00:00,0.0,0.0
2033-08-21 19:00:00,0.0,0.0
2033-08-21 20:00:00,0.0,0.0
2033-08-21 21:00:00,0.0,0.0
2033-08-21 22:00:00,0.0,0.0
2033-08-21 23:00:00,0.0,0.0
2033-08-22 00:00:00,0.0,0.0
2033-08-22 01:00:00,0.0,0.0
2033-08-22 02:00:00,0.0,21.935705234182784
2033-08-22 03:00:00,0.0,107.77107354185455
2033-08-22 04:00:00,0.0,198.85193657943958
2033-08-22 05:00:00,0.0,270.3814101691661
2033-08-22 06:00:00,0.0,317.5908627383856
2033-08-22 07:00:00,0.0,340.95715744436285
2033-08-22 08:00:00,0.0,342.38774691615737
2033-08-22 09:00:00,0.0,322.8363574682988
2033-08-22 10:00:00,0.0,281.34926278625744
2033-08-22 11:00:00,0.0,216.97273655550364
2033-08-22 12:00:00,0.0,133.04482087689124
2033-08-22 13:00:00,0.0,44.82513678289526
2033-08-22 14:00:00,0.0,0.0
2033-08-22 15:00:00,0.0,0.0
2033-08-22 16:00:00,0.0,0.0
2033-08-22 17:00:00,0.0,0.0
2033-08-22 18:00:00,0.0,0.0
2033-08-22 19:00:00,0.0,0.0
2033-08-22 20:00:00,0.0,0.0
2033-08-22 21:00:00,0.0,0.0
2033-08-22 22:00:00,0.0,0.0
2033-08-22 23:00:00,0.0,0.0
2033-08-23 00:00:00,0.0,0.0
2033-08-23 01:00:00,0.0,0.0
2033-08-23 02:00:00,0.0,21.935705234182784
2033-08-23 03:00:00,0.0,107.77107354185455
2033-08-23 04:00:00,0.0,197.8982102649099
2033-08-23 05:00:00,0.0,268.4739575401067
2033-08-23 06:00:00,0.0,315.20654695206133
2033-08-23 07:00:00,0.0,338.0959785007738
2033-08-23 08:00:00,0.0,339.0497048153034
2033-08-23 09:00:00,0.0,320.9289048392395
2033-08-23 10:00:00,0.0,279.4418101571981
2033-08-23 11:00:00,0.0,216.01901024097393
2033-08-23 12:00:00,0.0,133.04482087689124
2033-08-23 13:00:00,0.0,44.82513678289526
2033-08-23 14:00:00,0.0,0.0
2033-08-23 15:00:00,0.0,0.0
2033-08-23 16:00:00,0.0,0.0
2033-08-23 17:00:00,0.0,0.0
2033-08-23 18:00:00,0.0,0.0
2033-08-23 19:00:00,0.0,0.0
2033-08-23 20:00:00,0.0,0.0
2033-08-23 21:00:00,0.0,0.0
2033-08-23 22:00:00,0.0,0.0
2033-08-23 23:00:00,0.0,0.0
2033-08-24 00:00:00,0.0,0.0
2033-08-24 01:00:00,0.0,0.0
2033-08-24 02:00:00,0.0,22.889431548712473
2033-08-24 03:00:00,0.0,113.01656827176782
2033-08-24 04:00:00,0.0,205.5280207811474
2033-08-24 05:00:00,0.0,277.0574943708739
2033-08-24 06:00:00,0.0,322.8363574682988
2033-08-24 07:00:00,0.0,345.7257890170113
2033-08-24 08:00:00,0.0,346.679515331541
2033-08-24 09:00:00,0.0,327.60498904094726
2033-08-24 10:00:00,0.0,286.5947575161707
2033-08-24 11:00:00,0.0,223.17195759994658
2033-08-24 12:00:00,0.0,138.76717876406934
2033-08-24 13:00:00,0.0,47.68631572648432
2033-08-24 14:00:00,0.0,0.0
2033-08-24 15:00:00,0.0,0.0
2033-08-24 16:00:00,0.0,0.0
2033-08-24 17:00:00,0.0,0.0
2033-08-24 18:00:00,0.0,0.0
2033-08-24 19:00:00,0.0,0.0
2033-08-24 20:00:00,0.0,0.0
2033-08-24 21:00:00,0.0,0.0
2033-08-24 22:00:00,0.0,0.0
2033-08-24 23:00:00,0.0,0.0
2033-08-25 00:00:00,0.0,0.0
2033-08-25 01:00:00,0.0,0.0
2033-08-25 02:00:00,0.0,23.366294705977317
2033-08-25 03:00:00,0.0,113.9702945862975
2033-08-25 04:00:00,0.0,205.5280207811474
2033-08-25 05:00:00,0.0,276.10376805634417
2033-08-25 06:00:00,0.0,320.9289048392395
2033-08-25 07:00:00,0.0,342.8646100734222
2033-08-25 08:00:00,0.0,343.3414732306871
2033-08-25 09:00:00,0.0,323.7900837828285
2033-08-25 10:00:00,0.0,282.30298910078716
2033-08-25 11:00:00,0.0,218.880189184563
2033-08-25 12:00:00,0.0,135.42913666321544
2033-08-25 13:00:00,0.0,45.301999940160094
2033-08-25 14:00:00,0.0,0.0
2033-08-25 15:00:00,0.0,0.0
2033-08-25 16:00:00,0.0,0.0
2033-08-25 17:00:00,0.0,0.0
2033-08-25 18:00:00,0.0,0.0
2033-08-25 19:00:00,0.0,0.0
2033-08-25 20:00:00,0.0,0.0
2033-08-25 21:00:00,0.0,0.0
2033-08-25 22:00:00,0.0,0.0
2033-08-25 23:00:00,0.0,0.0
2033-08-26 00:00:00,0.0,0.0
2033-08-26 01:00:00,0.0,0.0
2033-08-26 02:00:00,0.0,20.981978919653095
2033-08-26 03:00:00,0.0,106.81734722732487
2033-08-26 04:00:00,0.0,196.9444839503802
2033-08-26 05:00:00,0.0,267.52023122557705
2033-08-26 06:00:00,0.0,312.3453680084723
2033-08-26 07:00:00,0.0,334.7579363999198
2033-08-26 08:00:00,0.0,335.7116627144496
2033-08-26 09:00:00,0.0,319.0214522101801
2033-08-26 10:00:00,0.0,278.01122068540354
2033-08-26 11:00:00,0.0,214.5884207691794
2033-08-26 12:00:00,0.0,130.660505090567
2033-08-26 13:00:00,0.0,42.917684153835886
2033-08-26 14:00:00,0.0,0.0
2033-08-26 15:00:00,0.0,0.0
2033-08-26 16:00:00,0.0,0.0
2033-08-26 17:00:00,0.0,0.0
2033-08-26 18:00:00,0.0,0.0
2033-08-26 19:00:00,0.0,0.0
2033-08-26 20:00:00,0.0,0.0
2033-08-26 21:00:00,0.0,0.0
2033-08-26 22:00:00,0.0,0.0
2033-08-26 23:00:00,0.0,0.0
2033-08-27 00:00:00,0.0,0.0
2033-08-27 01:00:00,0.0,0.0
2033-08-27 02:00:00,0.0,10.490989459826547
2033-08-27 03:00:00,0.0,57.22357887178118
2033-08-27 04:00:00,0.0,113.9702945862975
2033-08-27 05:00:00,0.0,164.9946524136357
2033-08-27 06:00:00,0.0,210.29665235379582
2033-08-27 07:00:00,0.0,236.04726284609734
2033-08-27 08:00:00,0.0,247.96884177771844
2033-08-27 09:00:00,0.0,265.6127785965176
2033-08-27 10:00:00,0.0,257.5061049230153
2033-08-27 11:00:00,0.0,205.5280207811474
2033-08-27 12:00:00,0.0,126.84559983244829
2033-08-27 13:00:00,0.0,41.9639578393062
2033-08-27 14:00:00,0.0,0.0
2033-08-27 15:00:00,0.0,0.0
2033-08-27 16:00:00,0.0,0.0
2033-08-27 17:00:00,0.0,0.0
2033-08-27 18:00:00,0.0,0.0
2033-08-27 19:00:00,0.0,0.0
2033-08-27 20:00:00,0.0,0.0
2033-08-27 21:00:00,0.0,0.0
2033-08-27 22:00:00,0.0,0.0
2033-08-27 23:00:00,0.0,0.0
2033-08-28 00:00:00,0.0,0.0
2033-08-28 01:00:00,0.0,0.0
2033-08-28 02:00:00,0.0,19.074526290593727
2033-08-28 03:00:00,0.0,105.86362091279517
2033-08-28 04:00:00,0.0,203.620568152088
2033-08-28 05:00:00,0.0,276.10376805634417
2033-08-28 06:00:00,0.0,321.8826311537691
2033-08-28 07:00:00,0.0,340.00343112983313
2033-08-28 08:00:00,0.0,321.4057679965043
2033-08-28 09:00:00,0.0,273.2425891127551
2033-08-28 10:00:00,0.0,216.01901024097393
2033-08-28 11:00:00,0.0,156.41111558286858
2033-08-28 12:00:00,0.0,99.18753671108738
2033-08-28 13:00:00,0.0,36.71846310939292
2033-08-28 14:00:00,0.0,0.0
2033-08-28 15:00:00,0.0,0.0
2033-08-28 16:00:00,0.0,0.0
2033-08-28 17:00:00,0.0,0.0
2033-08-28 18:00:00,0.0,0.0
2033-08-28 19:00:00,0.0,0.0
2033-08-28 20:00:00,0.0,0.0
2033-08-28 21:00:00,0.0,0.0
2033-08-28 22:00:00,0.0,0.0
2033-08-28 23:00:00,0.0,0.0
2033-08-29 00:00:00,0.0,0.0
2033-08-29 01:00:00,0.0,0.0
2033-08-29 02:00:00,0.0,19.551389447858572
2033-08-29 03:00:00,0.0,104.43303144100065
2033-08-29 04:00:00,0.0,193.12957869226148
2033-08-29 05:00:00,0.0,261.79787333839886
2033-08-29 06:00:00,0.0,301.8543785486457
2033-08-29 07:00:00,0.0,315.20654695206133
2033-08-29 08:00:00,0.0,318.06772589565037
2033-08-29 09:00:00,0.0,304.7155574922348
2033-08-29 10:00:00,0.0,270.8582733264309
2033-08-29 11:00:00,0.0,210.77351551106068
2033-08-29 12:00:00,0.0,128.27618930424282
2033-08-29 13:00:00,0.0,41.48709468204135
2033-08-29 14:00:00,0.0,0.0
2033-08-29 15:00:00,0.0,0.0
2033-08-29 16:00:00,0.0,0.0
2033-08-29 17:00:00,0.0,0.0
2033-08-29 18:00:00,0.0,0.0
2033-08-29 19:00:00,0.0,0.0
2033-08-29 20:00:00,0.0,0.0
2033-08-29 21:00:00,0.0,0.0
2033-08-29 22:00:00,0.0,0.0
2033-08-29 23:00:00,0.0,0.0
2033-08-30 00:00:00,0.0,0.0
2033-08-30 01:00:00,0.0,0.0
2033-08-30 02:00:00,0.0,13.829031560680452
2033-08-30 03:00:00,0.0,83.92791567861238
2033-08-30 04:00:00,0.0,183.11545238969978
2033-08-30 05:00:00,0.0,266.0896417537825
2033-08-30 06:00:00,0.0,318.06772589565037
2033-08-30 07:00:00,0.0,343.8183363879519
2033-08-30 08:00:00,0.0,344.29519954521675
2033-08-30 09:00:00,0.0,319.4983153674449
2033-08-30 10:00:00,0.0,269.42768385463637
2033-08-30 11:00:00,0.0,204.57429446661772
2033-08-30 12:00:00,0.0,124.46128404612406
2033-08-30 13:00:00,0.0,40.056505210246826
2033-08-30 14:00:00,0.0,0.0
2033-08-30 15:00:00,0.0,0.0
2033-08-30 16:00:00,0.0,0.0
2033-08-30 17:00:00,0.0,0.0
2033-08-30 18:00:00,0.0,0.0
2033-08-30 19:00:00,0.0,0.0
2033-08-30 20:00:00,0.0,0.0
2033-08-30 21:00:00,0.0,0.0
2033-08-30 22:00:00,0.0,0.0
2033-08-30 23:00:00,0.0,0.0
2033-08-31 00:00:00,0.0,0.0
2033-08-31 01:00:00,0.0,0.0
2033-08-31 02:00:00,0.0,16.213347347004667
2033-08-31 03:00:00,0.0,93.46517882390927
2033-08-31 04:00:00,0.0,187.8840839623482
2033-08-31 05:00:00,0.0,267.52023122557705
2033-08-31 06:00:00,0.0,317.5908627383856
2033-08-31 07:00:00,0.0,340.48029428709805
2033-08-31 08:00:00,0.0,342.38774691615737
2033-08-31 09:00:00,0.0,323.3132206255637
2033-08-31 10:00:00,0.0,281.8261259435223
2033-08-31 11:00:00,0.0,217.4495997127685
2033-08-31 12:00:00,0.0,133.04482087689124
2033-08-31 13:00:00,0.0,42.917684153835886
2033-08-31 14:00:00,0.0,0.0
2033-08-31 15:00:00,0.0,0.0
2033-08-31 16:00:00,0.0,0.0
2033-08-31 17:00:00,0.0,0.0
2033-08-31 18:00:00,0.0,0.0
2033-08-31 19:00:00,0.0,0.0
2033-08-31 20:00:00,0.0,0.0
2033-08-31 21:00:00,0.0,0.0
2033-08-31 22:00:00,0.0,0.0
2033-08-31 23:00:00,0.0,0.0
2033-09-01 00:00:00,0.0,0.0
2033-09-01 01:00:00,0.0,0.0
2033-09-01 02:00:00,0.0,19.074526290593727
2033-09-01 03:00:00,0.0,105.38675775553034
2033-09-01 04:00:00,0.0,197.42134710764503
2033-09-01 05:00:00,0.0,268.4739575401067
2033-09-01 06:00:00,0.0,317.1139995811207
2033-09-01 07:00:00,0.0,338.5728416580386
2033-09-01 08:00:00,0.0,332.3736206135956
2033-09-01 09:00:00,0.0,302.8081048631754
2033-09-01 10:00:00,0.0,255.59865229395592
2033-09-01 11:00:00,0.0,210.29665235379582
2033-09-01 12:00:00,0.0,131.13736824783186
2033-09-01 13:00:00,0.0,41.48709468204135
2033-09-01 14:00:00,0.0,0.0
2033-09-01 15:00:00,0.0,0.0
2033-09-01 16:00:00,0.0,0.0
2033-09-01 17:00:00,0.0,0.0
2033-09-01 18:00:00,0.0,0.0
2033-09-01 19:00:00,0.0,0.0
2033-09-01 20:00:00,0.0,0.0
2033-09-01 21:00:00,0.0,0.0
2033-09-01 22:00:00,0.0,0.0
2033-09-01 23:00:00,0.0,0.0
2033-09-02 00:00:00,0.0,0.0
2033-09-02 01:00:00,0.0,0.0
2033-09-02 02:00:00,0.0,10.967852617091392
2033-09-02 03:00:00,0.0,62.94593675895929
2033-09-02 04:00:00,0.0,124.46128404612406
2033-09-02 05:00:00,0.0,191.22212606320213
2033-09-02 06:00:00,0.0,241.7696207332755
2033-09-02 07:00:00,0.0,264.659052281988
2033-09-02 08:00:00,0.0,256.0755154512208
2033-09-02 09:00:00,0.0,235.5703996888325
2033-09-02 10:00:00,0.0,225.079410229006
2033-09-02 11:00:00,0.0,195.9907576358505
2033-09-02 12:00:00,0.0,123.03069457432953
2033-09-02 13:00:00,0.0,39.57964205298199
2033-09-02 14:00:00,0.0,0.0
2033-09-02 15:00:00,0.0,0.0
2033-09-02 16:00:00,0.0,0.0
2033-09-02 17:00:00,0.0,0.0
2033-09-02 18:00:00,0.0,0.0
2033-09-02 19:00:00,0.0,0.0
2033-09-02 20:00:00,0.0,0.0
2033-09-02 21:00:00,0.0,0.0
2033-09-02 22:00:00,0.0,0.0
2033-09-02 23:00:00,0.0,0.0
2033-09-03 00:00:00,0.0,0.0
2033-09-03 01:00:00,0.0,0.0
2033-09-03 02:00:00,0.0,12.875305246150765
2033-09-03 03:00:00,0.0,80.11301042049365
2033-09-03 04:00:00,0.0,175.9625050307271
2033-09-03 05:00:00,0.0,258.459831237545
2033-09-03 06:00:00,0.0,314.25282063753167
2033-09-03 07:00:00,0.0,337.61911534350895
2033-09-03 08:00:00,0.0,340.48029428709805
2033-09-03 09:00:00,0.0,317.1139995811207
2033-09-03 10:00:00,0.0,271.33513648369575
2033-09-03 11:00:00,0.0,199.32879973670444
2033-09-03 12:00:00,0.0,113.49343142903267
2033-09-03 13:00:00,0.0,32.90355785127418
2033-09-03 14:00:00,0.0,0.0
2033-09-03 15:00:00,0.0,0.0
2033-09-03 16:00:00,0.0,0.0
2033-09-03 17:00:00,0.0,0.0
2033-09-03 18:00:00,0.0,0.0
2033-09-03 19:00:00,0.0,0.0
2033-09-03 20:00:00,0.0,0.0
2033-09-03 21:00:00,0.0,0.0
2033-09-03 22:00:00,0.0,0.0
2033-09-03 23:00:00,0.0,0.0
2033-09-04 00:00:00,0.0,0.0
2033-09-04 01:00:00,0.0,0.0
2033-09-04 02:00:00,0.0,14.305894717945295
2033-09-04 03:00:00,0.0,92.03458935211474
2033-09-04 04:00:00,0.0,197.8982102649099
2033-09-04 05:00:00,0.0,275.1500417418145
2033-09-04 06:00:00,0.0,323.3132206255637
2033-09-04 07:00:00,0.0,346.679515331541
2033-09-04 08:00:00,0.0,347.6332416460707
2033-09-04 09:00:00,0.0,324.7438100973582
2033-09-04 10:00:00,0.0,282.77985225805196
2033-09-04 11:00:00,0.0,217.4495997127685
2033-09-04 12:00:00,0.0,131.61423140509672
2033-09-04 13:00:00,0.0,40.53336836751167
2033-09-04 14:00:00,0.0,0.0
2033-09-04 15:00:00,0.0,0.0
2033-09-04 16:00:00,0.0,0.0
2033-09-04 17:00:00,0.0,0.0
2033-09-04 18:00:00,0.0,0.0
2033-09-04 19:00:00,0.0,0.0
2033-09-04 20:00:00,0.0,0.0
2033-09-04 21:00:00,0.0,0.0
2033-09-04 22:00:00,0.0,0.0
2033-09-04 23:00:00,0.0,0.0
2033-09-05 00:00:00,0.0,0.0
2033-09-05 01:00:00,0.0,0.0
2033-09-05 02:00:00,0.0,8.583536830767176
2033-09-05 03:00:00,0.0,66.2839788598132
2033-09-05 04:00:00,0.0,155.45738926833886
2033-09-05 05:00:00,0.0,255.12178913669106
2033-09-05 06:00:00,0.0,309.0073259076184
2033-09-05 07:00:00,0.0,334.281073242655
2033-09-05 08:00:00,0.0,334.281073242655
2033-09-05 09:00:00,0.0,313.77595748026675
2033-09-05 10:00:00,0.0,271.8119996409606
2033-09-05 11:00:00,0.0,207.9123365674716
2033-09-05 12:00:00,0.0,123.03069457432953
2033-09-05 13:00:00,0.0,36.24159995212808
2033-09-05 14:00:00,0.0,0.0
2033-09-05 15:00:00,0.0,0.0
2033-09-05 16:00:00,0.0,0.0
2033-09-05 17:00:00,0.0,0.0
2033-09-05 18:00:00,0.0,0.0
2033-09-05 19:00:00,0.0,0.0
2033-09-05 20:00:00,0.0,0.0
2033-09-05 21:00:00,0.0,0.0
2033-09-05 22:00:00,0.0,0.0
2033-09-05 23:00:00,0.0,0.0
2033-09-06 00:00:00,0.0,0.0
2033-09-06 01:00:00,0.0,0.0
2033-09-06 02:00:00,0.0,13.829031560680452
2033-09-06 03:00:00,0.0,84.40477883587724
2033-09-06 04:00:00,0.0,164.9946524136357
2033-09-06 05:00:00,0.0,237.95471547515672
2033-09-06 06:00:00,0.0,295.1782943469379
2033-09-06 07:00:00,0.0,326.65126272641754
2033-09-06 08:00:00,0.0,328.558715355477
2033-09-06 09:00:00,0.0,311.86850485120743
2033-09-06 10:00:00,0.0,271.33513648369575
2033-09-06 11:00:00,0.0,206.95861025294192
2033-09-06 12:00:00,0.0,123.50755773159437
2033-09-06 13:00:00,0.0,36.24159995212808
2033-09-06 14:00:00,0.0,0.0
2033-09-06 15:00:00,0.0,0.0
2033-09-06 16:00:00,0.0,0.0
2033-09-06 17:00:00,0.0,0.0
2033-09-06 18:00:00,0.0,0.0
2033-09-06 19:00:00,0.0,0.0
2033-09-06 20:00:00,0.0,0.0
2033-09-06 21:00:00,0.0,0.0
2033-09-06 22:00:00,0.0,0.0
2033-09-06 23:00:00,0.0,0.0
2033-09-07 00:00:00,0.0,0.0
2033-09-07 01:00:00,0.0,0.0
2033-09-07 02:00:00,0.0,5.245494729913275
2033-09-07 03:00:00,0.0,48.640042041014
2033-09-07 04:00:00,0.0,128.27618930424282
2033-09-07 05:00:00,0.0,234.139810217038
2033-09-07 06:00:00,0.0,298.5163364477918
2033-09-07 07:00:00,0.0,318.06772589565037
2033-09-07 08:00:00,0.0,321.4057679965043
2033-09-07 09:00:00,0.0,308.53046275035354
2033-09-07 10:00:00,0.0,268.95082069737157
2033-09-07 11:00:00,0.0,205.5280207811474
2033-09-07 12:00:00,0.0,120.64637878800532
2033-09-07 13:00:00,0.0,32.426694694009335
2033-09-07 14:00:00,0.0,0.0
2033-09-07 15:00:00,0.0,0.0
2033-09-07 16:00:00,0.0,0.0
2033-09-07 17:00:00,0.0,0.0
2033-09-07 18:00:00,0.0,0.0
2033-09-07 19:00:00,0.0,0.0
2033-09-07 20:00:00,0.0,0.0
2033-09-07 21:00:00,0.0,0.0
2033-09-07 22:00:00,0.0,0.0
2033-09-07 23:00:00,0.0,0.0
2033-09-08 00:00:00,0.0,0.0
2033-09-08 01:00:00,0.0,0.0
2033-09-08 02:00:00,0.0,8.106673673502334
2033-09-08 03:00:00,0.0,54.362399928192126
2033-09-08 04:00:00,0.0,117.30833668715142
2033-09-08 05:00:00,0.0,190.26839974867244
2033-09-08 06:00:00,0.0,258.459831237545
2033-09-08 07:00:00,0.0,309.961052222148
2033-09-08 08:00:00,0.0,326.65126272641754
2033-09-08 09:00:00,0.0,303.28496802044026
2033-09-08 10:00:00,0.0,257.98296808028016
2033-09-08 11:00:00,0.0,188.8378102768779
2033-09-08 12:00:00,0.0,105.86362091279517
2033-09-08 13:00:00,0.0,26.22747364956637
2033-09-08 14:00:00,0.0,0.0
2033-09-08 15:00:00,0.0,0.0
2033-09-08 16:00:00,0.0,0.0
2033-09-08 17:00:00,0.0,0.0
2033-09-08 18:00:00,0.0,0.0
2033-09-08 19:00:00,0.0,0.0
2033-09-08 20:00:00,0.0,0.0
2033-09-08 21:00:00,0.0,0.0
2033-09-08 22:00:00,0.0,0.0
2033-09-08 23:00:00,0.0,0.0
2033-09-09 00:00:00,0.0,0.0
2033-09-09 01:00:00,0.0,0.0
2033-09-09 02:00:00,0.0,10.014126302561706
2033-09-09 03:00:00,0.0,73.91378937605069
2033-09-09 04:00:00,0.0,153.07307348201465
2033-09-09 05:00:00,0.0,224.12568391447627
2033-09-09 06:00:00,0.0,294.22456803240823
2033-09-09 07:00:00,0.0,322.8363574682988
2033-09-09 08:00:00,0.0,326.17439956915274
2033-09-09 09:00:00,0.0,309.961052222148
2033-09-09 10:00:00,0.0,269.90454701190123
2033-09-09 11:00:00,0.0,203.1437049948232
2033-09-09 12:00:00,0.0,118.2620630016811
2033-09-09 13:00:00,0.0,34.334147323068706
2033-09-09 14:00:00,0.0,0.0
2033-09-09 15:00:00,0.0,0.0
2033-09-09 16:00:00,0.0,0.0
2033-09-09 17:00:00,0.0,0.0
2033-09-09 18:00:00,0.0,0.0
2033-09-09 19:00:00,0.0,0.0
2033-09-09 20:00:00,0.0,0.0
2033-09-09 21:00:00,0.0,0.0
2033-09-09 22:00:00,0.0,0.0
2033-09-09 23:00:00,0.0,0.0
2033-09-10 00:00:00,0.0,0.0
2033-09-10 01:00:00,0.0,0.0
2033-09-10 02:00:00,0.0,11.444715774356236
2033-09-10 03:00:00,0.0,72.96006306152101
2033-09-10 04:00:00,0.0,146.39698928030685
2033-09-10 05:00:00,0.0,191.22212606320213
2033-09-10 06:00:00,0.0,231.27863127344892
2033-09-10 07:00:00,0.0,252.260610193102
2033-09-10 08:00:00,0.0,241.29275757601064
2033-09-10 09:00:00,0.0,227.4637260153302
2033-09-10 10:00:00,0.0,197.8982102649099
2033-09-10 11:00:00,0.0,144.01267349398265
2033-09-10 12:00:00,0.0,83.45105252134756
2033-09-10 13:00:00,0.0,20.981978919653095
2033-09-10 14:00:00,0.0,0.0
2033-09-10 15:00:00,0.0,0.0
2033-09-10 16:00:00,0.0,0.0
2033-09-10 17:00:00,0.0,0.0
2033-09-10 18:00:00,0.0,0.0
2033-09-10 19:00:00,0.0,0.0
2033-09-10 20:00:00,0.0,0.0
2033-09-10 21:00:00,0.0,0.0
2033-09-10 22:00:00,0.0,0.0
2033-09-10 23:00:00,0.0,0.0
2033-09-11 00:00:00,0.0,0.0
2033-09-11 01:00:00,0.0,0.0
2033-09-11 02:00:00,0.0,15.25962103247498
2033-09-11 03:00:00,0.0,99.18753671108738
2033-09-11 04:00:00,0.0,191.69898922046696
2033-09-11 05:00:00,0.0,267.99709438284185
2033-09-11 06:00:00,0.0,319.9751785247098
2033-09-11 07:00:00,0.0,345.7257890170113
2033-09-11 08:00:00,0.0,344.29519954521675
2033-09-11 09:00:00,0.0,309.48418906488325
2033-09-11 10:00:00,0.0,243.20021020507002
2033-09-11 11:00:00,0.0,145.92012612304202
2033-09-11 12:00:00,0.0,63.42279991622414
2033-09-11 13:00:00,0.0,11.444715774356236
2033-09-11 14:00:00,0.0,0.0
2033-09-11 15:00:00,0.0,0.0
2033-09-11 16:00:00,0.0,0.0
2033-09-11 17:00:00,0.0,0.0
2033-09-11 18:00:00,0.0,0.0
2033-09-11 19:00:00,0.0,0.0
2033-09-11 20:00:00,0.0,0.0
2033-09-11 21:00:00,0.0,0.0
2033-09-11 22:00:00,0.0,0.0
2033-09-11 23:00:00,0.0,0.0
2033-09-12 00:00:00,0.0,0.0
2033-09-12 01:00:00,0.0,0.0
2033-09-12 02:00:00,0.0,17.167073661534353
2033-09-12 03:00:00,0.0,110.15538932817877
2033-09-12 04:00:00,0.0,205.05115762388257
2033-09-12 05:00:00,0.0,278.01122068540354
2033-09-12 06:00:00,0.0,325.69753641188794
2033-09-12 07:00:00,0.0,347.1563784888058
2033-09-12 08:00:00,0.0,342.8646100734222
2033-09-12 09:00:00,0.0,319.4983153674449
2033-09-12 10:00:00,0.0,271.8119996409606
2033-09-12 11:00:00,0.0,208.8660628820013
2033-09-12 12:00:00,0.0,119.69265247347565
2033-09-12 13:00:00,0.0,29.565515750420275
2033-09-12 14:00:00,0.0,0.0
2033-09-12 15:00:00,0.0,0.0
2033-09-12 16:00:00,0.0,0.0
2033-09-12 17:00:00,0.0,0.0
2033-09-12 18:00:00,0.0,0.0
2033-09-12 19:00:00,0.0,0.0
2033-09-12 20:00:00,0.0,0.0
2033-09-12 21:00:00,0.0,0.0
2033-09-12 22:00:00,0.0,0.0
2033-09-12 23:00:00,0.0,0.0
2033-09-13 00:00:00,0.0,0.0
2033-09-13 01:00:00,0.0,0.0
2033-09-13 02:00:00,0.0,11.92157893162108
2033-09-13 03:00:00,0.0,94.89576829570379
2033-09-13 04:00:00,0.0,195.51389447858568
2033-09-13 05:00:00,0.0,271.33513648369575
2033-09-13 06:00:00,0.0,319.0214522101801
2033-09-13 07:00:00,0.0,340.00343112983313
2033-09-13 08:00:00,0.0,333.80421008539025
2033-09-13 09:00:00,0.0,292.7939785606137
2033-09-13 10:00:00,0.0,226.5099997008005
2033-09-13 11:00:00,0.0,155.45738926833886
2033-09-13 12:00:00,0.0,91.08086303758505
2033-09-13 13:00:00,0.0,29.565515750420275
2033-09-13 14:00:00,0.0,0.0
2033-09-13 15:00:00,0.0,0.0
2033-09-13 16:00:00,0.0,0.0
2033-09-13 17:00:00,0.0,0.0
2033-09-13 18:00:00,0.0,0.0
2033-09-13 19:00:00,0.0,0.0
2033-09-13 20:00:00,0.0,0.0
2033-09-13 21:00:00,0.0,0.0
2033-09-13 22:00:00,0.0,0.0
2033-09-13 23:00:00,0.0,0.0
2033-09-14 00:00:00,0.0,0.0
2033-09-14 01:00:00,0.0,0.0
2033-09-14 02:00:00,0.0,13.352168403415607
2033-09-14 03:00:00,0.0,94.41890513843894
2033-09-14 04:00:00,0.0,191.69898922046696
2033-09-14 05:00:00,0.0,267.52023122557705
2033-09-14 06:00:00,0.0,318.06772589565037
2033-09-14 07:00:00,0.0,345.7257890170113
2033-09-14 08:00:00,0.0,350.4944205896597
2033-09-14 09:00:00,0.0,332.85048377086054
2033-09-14 10:00:00,0.0,290.88652593155433
2033-09-14 11:00:00,0.0,224.60254707174113
2033-09-14 12:00:00,0.0,133.99854719142093
2033-09-14 13:00:00,0.0,36.24159995212808
2033-09-14 14:00:00,0.0,0.0
2033-09-14 15:00:00,0.0,0.0
2033-09-14 16:00:00,0.0,0.0
2033-09-14 17:00:00,0.0,0.0
2033-09-14 18:00:00,0.0,0.0
2033-09-14 19:00:00,0.0,0.0
2033-09-14 20:00:00,0.0,0.0
2033-09-14 21:00:00,0.0,0.0
2033-09-14 22:00:00,0.0,0.0
2033-09-14 23:00:00,0.0,0.0
2033-09-15 00:00:00,0.0,0.0
2033-09-15 01:00:00,0.0,0.0
2033-09-15 02:00:00,0.0,8.106673673502334
2033-09-15 03:00:00,0.0,76.77496831963975
2033-09-15 04:00:00,0.0,157.36484189739824
2033-09-15 05:00:00,0.0,192.17585237773181
2033-09-15 06:00:00,0.0,225.55627338627082
2033-09-15 07:00:00,0.0,250.35315756404265
2033-09-15 08:00:00,0.0,248.92256809224813
2033-09-15 09:00:00,0.0,198.37507342217475
2033-09-15 10:00:00,0.0,133.52168403415607
2033-09-15 11:00:00,0.0,81.54359989228819
2033-09-15 12:00:00,0.0,42.917684153835886
2033-09-15 13:00:00,0.0,10.967852617091392
2033-09-15 14:00:00,0.0,0.0
2033-09-15 15:00:00,0.0,0.0
2033-09-15 16:00:00,0.0,0.0
2033-09-15 17:00:00,0.0,0.0
2033-09-15 18:00:00,0.0,0.0
2033-09-15 19:00:00,0.0,0.0
2033-09-15 20:00:00,0.0,0.0
2033-09-15 21:00:00,0.0,0.0
2033-09-15 22:00:00,0.0,0.0
2033-09-15 23:00:00,0.0,0.0
2033-09-16 00:00:00,0.0,0.0
2033-09-16 01:00:00,0.0,0.0
2033-09-16 02:00:00,0.0,11.92157893162108
2033-09-16 03:00:00,0.0,96.32635776749834
2033-09-16 04:00:00,0.0,194.08330500679114
2033-09-16 05:00:00,0.0,267.99709438284185
2033-09-16 06:00:00,0.0,319.4983153674449
2033-09-16 07:00:00,0.0,347.6332416460707
2033-09-16 08:00:00,0.0,351.9250100614542
2033-09-16 09:00:00,0.0,332.85048377086054
2033-09-16 10:00:00,0.0,290.88652593155433
2033-09-16 11:00:00,0.0,223.6488207572114
2033-09-16 12:00:00,0.0,133.99854719142093
2033-09-16 13:00:00,0.0,37.67218942392261
2033-09-16 14:00:00,0.0,0.0
2033-09-16 15:00:00,0.0,0.0
2033-09-16 16:00:00,0.0,0.0
2033-09-16 17:00:00,0.0,0.0
2033-09-16 18:00:00,0.0,0.0
2033-09-16 19:00:00,0.0,0.0
2033-09-16 20:00:00,0.0,0.0
2033-09-16 21:00:00,0.0,0.0
2033-09-16 22:00:00,0.0,0.0
2033-09-16 23:00:00,0.0,0.0
2033-09-17 00:00:00,0.0,0.0
2033-09-17 01:00:00,0.0,0.0
2033-09-17 02:00:00,0.0,13.829031560680452
2033-09-17 03:00:00,0.0,103.00244196920612
2033-09-17 04:00:00,0.0,201.2362523657638
2033-09-17 05:00:00,0.0,276.580631213609
2033-09-17 06:00:00,0.0,328.08185219821206
2033-09-17 07:00:00,0.0,353.83246269051364
2033-09-17 08:00:00,0.0,356.2167784768379
2033-09-17 09:00:00,0.0,335.7116627144496
2033-09-17 10:00:00,0.0,292.31711540334885
2033-09-17 11:00:00,0.0,225.079410229006
2033-09-17 12:00:00,0.0,134.95227350595061
2033-09-17 13:00:00,0.0,37.67218942392261
2033-09-17 14:00:00,0.0,0.0
2033-09-17 15:00:00,0.0,0.0
2033-09-17 16:00:00,0.0,0.0
2033-09-17 17:00:00,0.0,0.0
2033-09-17 18:00:00,0.0,0.0
2033-09-17 19:00:00,0.0,0.0
2033-09-17 20:00:00,0.0,0.0
2033-09-17 21:00:00,0.0,0.0
2033-09-17 22:00:00,0.0,0.0
2033-09-17 23:00:00,0.0,0.0
2033-09-18 00:00:00,0.0,0.0
2033-09-18 01:00:00,0.0,0.0
2033-09-18 02:00:00,0.0,12.875305246150765
2033-09-18 03:00:00,0.0,100.14126302561706
2033-09-18 04:00:00,0.0,197.8982102649099
2033-09-18 05:00:00,0.0,268.95082069737157
2033-09-18 06:00:00,0.0,322.359494311034
2033-09-18 07:00:00,0.0,348.5869679606003
2033-09-18 08:00:00,0.0,351.9250100614542
2033-09-18 09:00:00,0.0,331.41989429906596
2033-09-18 10:00:00,0.0,288.5022101452301
2033-09-18 11:00:00,0.0,221.74136812815206
2033-09-18 12:00:00,0.0,129.70677877603734
2033-09-18 13:00:00,0.0,35.287873637598395
2033-09-18 14:00:00,0.0,0.0
2033-09-18 15:00:00,0.0,0.0
2033-09-18 16:00:00,0.0,0.0
2033-09-18 17:00:00,0.0,0.0
2033-09-18 18:00:00,0.0,0.0
2033-09-18 19:00:00,0.0,0.0
2033-09-18 20:00:00,0.0,0.0
2033-09-18 21:00:00,0.0,0.0
2033-09-18 22:00:00,0.0,0.0
2033-09-18 23:00:00,0.0,0.0
2033-09-19 00:00:00,0.0,0.0
2033-09-19 01:00:00,0.0,0.0
2033-09-19 02:00:00,0.0,15.25962103247498
2033-09-19 03:00:00,0.0,106.81734722732487
2033-09-19 04:00:00,0.0,208.38919972473647
2033-09-19 05:00:00,0.0,282.30298910078716
2033-09-19 06:00:00,0.0,327.12812588368246
2033-09-19 07:00:00,0.0,352.4018732187191
2033-09-19 08:00:00,0.0,354.7861890050433
2033-09-19 09:00:00,0.0,337.14225218624415
2033-09-19 10:00:00,0.0,294.22456803240823
2033-09-19 11:00:00,0.0,226.98686285806534
2033-09-19 12:00:00,0.0,136.85972613500996
2033-09-19 13:00:00,0.0,38.149052581187455
2033-09-19 14:00:00,0.0,0.0
2033-09-19 15:00:00,0.0,0.0
2033-09-19 16:00:00,0.0,0.0
2033-09-19 17:00:00,0.0,0.0
2033-09-19 18:00:00,0.0,0.0
2033-09-19 19:00:00,0.0,0.0
2033-09-19 20:00:00,0.0,0.0
2033-09-19 21:00:00,0.0,0.0
2033-09-19 22:00:00,0.0,0.0
2033-09-19 23:00:00,0.0,0.0
2033-09-20 00:00:00,0.0,0.0
2033-09-20 01:00:00,0.0,0.0
2033-09-20 02:00:00,0.0,14.305894717945295
2033-09-20 03:00:00,0.0,104.43303144100065
2033-09-20 04:00:00,0.0,206.95861025294192
2033-09-20 05:00:00,0.0,281.8261259435223
2033-09-20 06:00:00,0.0,331.8967574563308
2033-09-20 07:00:00,0.0,355.73991531957296
2033-09-20 08:00:00,0.0,357.6473679486324
2033-09-20 09:00:00,0.0,335.2347995571847
2033-09-20 10:00:00,0.0,292.31711540334885
2033-09-20 11:00:00,0.0,225.079410229006
2033-09-20 12:00:00,0.0,135.42913666321544
2033-09-20 13:00:00,0.0,37.19532626665776
2033-09-20 14:00:00,0.0,0.0
2033-09-20 15:00:00,0.0,0.0
2033-09-20 16:00:00,0.0,0.0
2033-09-20 17:00:00,0.0,0.0
2033-09-20 18:00:00,0.0,0.0
2033-09-20 19:00:00,0.0,0.0
2033-09-20 20:00:00,0.0,0.0
2033-09-20 21:00:00,0.0,0.0
2033-09-20 22:00:00,0.0,0.0
2033-09-20 23:00:00,0.0,0.0
2033-09-21 00:00:00,0.0,0.0
2033-09-21 01:00:00,0.0,0.0
2033-09-21 02:00:00,0.0,13.829031560680452
2033-09-21 03:00:00,0.0,106.34048407006003
2033-09-21 04:00:00,0.0,205.05115762388257
2033-09-21 05:00:00,0.0,280.87239962899264
2033-09-21 06:00:00,0.0,326.65126272641754
2033-09-21 07:00:00,0.0,350.97128374692454
2033-09-21 08:00:00,0.0,351.9250100614542
2033-09-21 09:00:00,0.0,330.94303114180116
2033-09-21 10:00:00,0.0,288.0253469879653
2033-09-21 11:00:00,0.0,220.78764181362237
2033-09-21 12:00:00,0.0,131.61423140509672
2033-09-21 13:00:00,0.0,34.81101048033355
2033-09-21 14:00:00,0.0,0.0
2033-09-21 15:00:00,0.0,0.0
2033-09-21 16:00:00,0.0,0.0
2033-09-21 17:00:00,0.0,0.0
2033-09-21 18:00:00,0.0,0.0
2033-09-21 19:00:00,0.0,0.0
2033-09-21 20:00:00,0.0,0.0
2033-09-21 21:00:00,0.0,0.0
2033-09-21 22:00:00,0.0,0.0
2033-09-21 23:00:00,0.0,0.0
2033-09-22 00:00:00,0.0,0.0
2033-09-22 01:00:00,0.0,0.0
2033-09-22 02:00:00,0.0,13.352168403415607
2033-09-22 03:00:00,0.0,106.34048407006003
2033-09-22 04:00:00,0.0,204.57429446661772
2033-09-22 05:00:00,0.0,280.3955364717278
2033-09-22 06:00:00,0.0,329.9893048272714
2033-09-22 07:00:00,0.0,354.30932584777844
2033-09-22 08:00:00,0.0,356.6936416341027
2033-09-22 09:00:00,0.0,333.3273469281254
2033-09-22 10:00:00,0.0,289.9327996170246
2033-09-22 11:00:00,0.0,222.21823128541692
2033-09-22 12:00:00,0.0,131.13736824783186
2033-09-22 13:00:00,0.0,33.85728416580386
2033-09-22 14:00:00,0.0,0.0
2033-09-22 15:00:00,0.0,0.0
2033-09-22 16:00:00,0.0,0.0
2033-09-22 17:00:00,0.0,0.0
2033-09-22 18:00:00,0.0,0.0
2033-09-22 19:00:00,0.0,0.0
2033-09-22 20:00:00,0.0,0.0
2033-09-22 21:00:00,0.0,0.0
2033-09-22 22:00:00,0.0,0.0
2033-09-22 23:00:00,0.0,0.0
2033-09-23 00:00:00,0.0,0.0
2033-09-23 01:00:00,0.0,0.0
2033-09-23 02:00:00,0.0,12.398442088885922
2033-09-23 03:00:00,0.0,100.6181261828819
2033-09-23 04:00:00,0.0,195.9907576358505
2033-09-23 05:00:00,0.0,270.8582733264309
2033-09-23 06:00:00,0.0,319.9751785247098
2033-09-23 07:00:00,0.0,345.24892585974646
2033-09-23 08:00:00,0.0,346.20265217427607
2033-09-23 09:00:00,0.0,325.69753641188794
2033-09-23 10:00:00,0.0,281.34926278625744
2033-09-23 11:00:00,0.0,210.77351551106068
2033-09-23 12:00:00,0.0,116.83147352988658
2033-09-23 13:00:00,0.0,26.22747364956637
2033-09-23 14:00:00,0.0,0.0
2033-09-23 15:00:00,0.0,0.0
2033-09-23 16:00:00,0.0,0.0
2033-09-23 17:00:00,0.0,0.0
2033-09-23 18:00:00,0.0,0.0
2033-09-23 19:00:00,0.0,0.0
2033-09-23 20:00:00,0.0,0.0
2033-09-23 21:00:00,0.0,0.0
2033-09-23 22:00:00,0.0,0.0
2033-09-23 23:00:00,0.0,0.0
2033-09-24 00:00:00,0.0,0.0
2033-09-24 01:00:00,0.0,0.0
2033-09-24 02:00:00,0.0,9.06039998803202
2033-09-24 03:00:00,0.0,79.15928410596398
2033-09-24 04:00:00,0.0,157.8417050546631
2033-09-24 05:00:00,0.0,210.77351551106068
2033-09-24 06:00:00,0.0,243.20021020507002
2033-09-24 07:00:00,0.0,267.0433680683122
2033-09-24 08:00:00,0.0,275.1500417418145
2033-09-24 09:00:00,0.0,264.1821891247231
2033-09-24 10:00:00,0.0,239.3853049469513
2033-09-24 11:00:00,0.0,198.85193657943958
2033-09-24 12:00:00,0.0,119.69265247347565
2033-09-24 13:00:00,0.0,30.51924206494996
2033-09-24 14:00:00,0.0,0.0
2033-09-24 15:00:00,0.0,0.0
2033-09-24 16:00:00,0.0,0.0
2033-09-24 17:00:00,0.0,0.0
2033-09-24 18:00:00,0.0,0.0
2033-09-24 19:00:00,0.0,0.0
2033-09-24 20:00:00,0.0,0.0
2033-09-24 21:00:00,0.0,0.0
2033-09-24 22:00:00,0.0,0.0
2033-09-24 23:00:00,0.0,0.0
2033-09-25 00:00:00,0.0,0.0
2033-09-25 01:00:00,0.0,0.0
2033-09-25 02:00:00,0.0,7.62981051623749
2033-09-25 03:00:00,0.0,79.63614726322879
2033-09-25 04:00:00,0.0,175.9625050307271
2033-09-25 05:00:00,0.0,255.12178913669106
2033-09-25 06:00:00,0.0,316.6371364238559
2033-09-25 07:00:00,0.0,340.00343112983313
2033-09-25 08:00:00,0.0,341.91088375889257
2033-09-25 09:00:00,0.0,316.160273266591
2033-09-25 10:00:00,0.0,272.28886279822547
2033-09-25 11:00:00,0.0,205.5280207811474
2033-09-25 12:00:00,0.0,115.87774721535688
2033-09-25 13:00:00,0.0,27.658063121360907
2033-09-25 14:00:00,0.0,0.0
2033-09-25 15:00:00,0.0,0.0
2033-09-25 16:00:00,0.0,0.0
2033-09-25 17:00:00,0.0,0.0
2033-09-25 18:00:00,0.0,0.0
2033-09-25 19:00:00,0.0,0.0
2033-09-25 20:00:00,0.0,0.0
2033-09-25 21:00:00,0.0,0.0
2033-09-25 22:00:00,0.0,0.0
2033-09-25 23:00:00,0.0,0.0
2033-09-26 00:00:00,0.0,0.0
2033-09-26 01:00:00,0.0,0.0
2033-09-26 02:00:00,0.0,7.152947358972647
2033-09-26 03:00:00,0.0,85.83536830767177
2033-09-26 04:00:00,0.0,187.8840839623482
2033-09-26 05:00:00,0.0,266.0896417537825
2033-09-26 06:00:00,0.0,318.54458905291517
2033-09-26 07:00:00,0.0,346.20265217427607
2033-09-26 08:00:00,0.0,353.3555995332488
2033-09-26 09:00:00,0.0,335.7116627144496
2033-09-26 10:00:00,0.0,295.1782943469379
2033-09-26 11:00:00,0.0,227.940589172595
2033-09-26 12:00:00,0.0,136.85972613500996
2033-09-26 13:00:00,0.0,36.24159995212808
2033-09-26 14:00:00,0.0,0.0
2033-09-26 15:00:00,0.0,0.0
2033-09-26 16:00:00,0.0,0.0
2033-09-26 17:00:00,0.0,0.0
2033-09-26 18:00:00,0.0,0.0
2033-09-26 19:00:00,0.0,0.0
2033-09-26 20:00:00,0.0,0.0
2033-09-26 21:00:00,0.0,0.0
2033-09-26 22:00:00,0.0,0.0
2033-09-26 23:00:00,0.0,0.0
2033-09-27 00:00:00,0.0,0.0
2033-09-27 01:00:00,0.0,0.0
2033-09-27 02:00:00,0.0,11.444715774356236
2033-09-27 03:00:00,0.0,102.52557881194129
2033-09-27 04:00:00,0.0,200.28252605123413
2033-09-27 05:00:00,0.0,278.96494699993326
2033-09-27 06:00:00,0.0,328.558715355477
2033-09-27 07:00:00,0.0,352.8787363759839
2033-09-27 08:00:00,0.0,353.3555995332488
2033-09-27 09:00:00,0.0,329.0355785127418
2033-09-27 10:00:00,0.0,277.0574943708739
2033-09-27 11:00:00,0.0,195.51389447858568
2033-09-27 12:00:00,0.0,103.47930512647096
2033-09-27 13:00:00,0.0,24.796884177771844
2033-09-27 14:00:00,0.0,0.0
2033-09-27 15:00:00,0.0,0.0
2033-09-27 16:00:00,0.0,0.0
2033-09-27 17:00:00,0.0,0.0
2033-09-27 18:00:00,0.0,0.0
2033-09-27 19:00:00,0.0,0.0
2033-09-27 20:00:00,0.0,0.0
2033-09-27 21:00:00,0.0,0.0
2033-09-27 22:00:00,0.0,0.0
2033-09-27 23:00:00,0.0,0.0
2033-09-28 00:00:00,0.0,0.0
2033-09-28 01:00:00,0.0,0.0
2033-09-28 02:00:00,0.0,6.676084201707805
2033-09-28 03:00:00,0.0,76.77496831963975
2033-09-28 04:00:00,0.0,186.45349449055368
2033-09-28 05:00:00,0.0,268.95082069737157
2033-09-28 06:00:00,0.0,320.9289048392395
2033-09-28 07:00:00,0.0,345.7257890170113
2033-09-28 08:00:00,0.0,348.1101048033355
2033-09-28 09:00:00,0.0,329.0355785127418
2033-09-28 10:00:00,0.0,289.45593645975976
2033-09-28 11:00:00,0.0,225.55627338627082
2033-09-28 12:00:00,0.0,136.38286297774516
2033-09-28 13:00:00,0.0,35.76473679486323
2033-09-28 14:00:00,0.0,0.0
2033-09-28 15:00:00,0.0,0.0
2033-09-28 16:00:00,0.0,0.0
2033-09-28 17:00:00,0.0,0.0
2033-09-28 18:00:00,0.0,0.0
2033-09-28 19:00:00,0.0,0.0
2033-09-28 20:00:00,0.0,0.0
2033-09-28 21:00:00,0.0,0.0
2033-09-28 22:00:00,0.0,0.0
2033-09-28 23:00:00,0.0,0.0
2033-09-29 00:00:00,0.0,0.0
2033-09-29 01:00:00,0.0,0.0
2033-09-29 02:00:00,0.0,11.444715774356236
2033-09-29 03:00:00,0.0,104.43303144100065
2033-09-29 04:00:00,0.0,202.18997868029348
2033-09-29 05:00:00,0.0,277.0574943708739
2033-09-29 06:00:00,0.0,325.69753641188794
2033-09-29 07:00:00,0.0,350.4944205896597
2033-09-29 08:00:00,0.0,352.8787363759839
2033-09-29 09:00:00,0.0,334.281073242655
2033-09-29 10:00:00,0.0,290.88652593155433
2033-09-29 11:00:00,0.0,222.21823128541692
2033-09-29 12:00:00,0.0,131.13736824783186
2033-09-29 13:00:00,0.0,32.426694694009335
2033-09-29 14:00:00,0.0,0.0
2033-09-29 15:00:00,0.0,0.0
2033-09-29 16:00:00,0.0,0.0
2033-09-29 17:00:00,0.0,0.0
2033-09-29 18:00:00,0.0,0.0
2033-09-29 19:00:00,0.0,0.0
2033-09-29 20:00:00,0.0,0.0
2033-09-29 21:00:00,0.0,0.0
2033-09-29 22:00:00,0.0,0.0
2033-09-29 23:00:00,0.0,0.0
2033-09-30 00:00:00,0.0,0.0
2033-09-30 01:00:00,0.0,0.0
2033-09-30 02:00:00,0.0,9.06039998803202
2033-09-30 03:00:00,0.0,96.32635776749834
2033-09-30 04:00:00,0.0,196.9444839503802
2033-09-30 05:00:00,0.0,273.2425891127551
2033-09-30 06:00:00,0.0,322.359494311034
2033-09-30 07:00:00,0.0,347.6332416460707
2033-09-30 08:00:00,0.0,350.01755743239494
2033-09-30 09:00:00,0.0,329.9893048272714
2033-09-30 10:00:00,0.0,287.0716206734356
2033-09-30 11:00:00,0.0,219.35705234182785
2033-09-30 12:00:00,0.0,128.27618930424282
2033-09-30 13:00:00,0.0,30.996105222214805
2033-09-30 14:00:00,0.0,0.0
2033-09-30 15:00:00,0.0,0.0
2033-09-30 16:00:00,0.0,0.0
2033-09-30 17:00:00,0.0,0.0
2033-09-30 18:00:00,0.0,0.0
2033-09-30 19:00:00,0.0,0.0
2033-09-30 20:00:00,0.0,0.0
2033-09-30 21:00:00,0.0,0.0
2033-09-30 22:00:00,0.0,0.0
2033-09-30 23:00:00,0.0,0.0
2033-10-01 00:00:00,0.0,0.0
2033-10-01 01:00:00,0.0,0.0
2033-10-01 02:00:00,0.0,9.537263145296864
2033-10-01 03:00:00,0.0,98.71067355382252
2033-10-01 04:00:00,0.0,197.42134710764503
2033-10-01 05:00:00,0.0,273.2425891127551
2033-10-01 06:00:00,0.0,322.359494311034
2033-10-01 07:00:00,0.0,347.1563784888058
2033-10-01 08:00:00,0.0,349.54069427513
2033-10-01 09:00:00,0.0,328.558715355477
2033-10-01 10:00:00,0.0,284.21044172984654
2033-10-01 11:00:00,0.0,215.06528392644427
2033-10-01 12:00:00,0.0,123.03069457432953
2033-10-01 13:00:00,0.0,27.658063121360907
2033-10-01 14:00:00,0.0,0.0
2033-10-01 15:00:00,0.0,0.0
2033-10-01 16:00:00,0.0,0.0
2033-10-01 17:00:00,0.0,0.0
2033-10-01 18:00:00,0.0,0.0
2033-10-01 19:00:00,0.0,0.0
2033-10-01 20:00:00,0.0,0.0
2033-10-01 21:00:00,0.0,0.0
2033-10-01 22:00:00,0.0,0.0
2033-10-01 23:00:00,0.0,0.0
2033-10-02 00:00:00,0.0,0.0
2033-10-02 01:00:00,0.0,0.0
2033-10-02 02:00:00,0.0,7.62981051623749
2033-10-02 03:00:00,0.0,92.51145250937958
2033-10-02 04:00:00,0.0,191.69898922046696
2033-10-02 05:00:00,0.0,268.95082069737157
2033-10-02 06:00:00,0.0,320.9289048392395
2033-10-02 07:00:00,0.0,346.20265217427607
2033-10-02 08:00:00,0.0,348.5869679606003
2033-10-02 09:00:00,0.0,329.0355785127418
2033-10-02 10:00:00,0.0,285.1641680443762
2033-10-02 11:00:00,0.0,216.01901024097393
2033-10-02 12:00:00,0.0,123.98442088885922
2033-10-02 13:00:00,0.0,27.658063121360907
2033-10-02 14:00:00,0.0,0.0
2033-10-02 15:00:00,0.0,0.0
2033-10-02 16:00:00,0.0,0.0
2033-10-02 17:00:00,0.0,0.0
2033-10-02 18:00:00,0.0,0.0
2033-10-02 19:00:00,0.0,0.0
2033-10-02 20:00:00,0.0,0.0
2033-10-02 21:00:00,0.0,0.0
2033-10-02 22:00:00,0.0,0.0
2033-10-02 23:00:00,0.0,0.0
2033-10-03 00:00:00,0.0,0.0
2033-10-03 01:00:00,0.0,0.0
2033-10-03 02:00:00,0.0,8.583536830767176
2033-10-03 03:00:00,0.0,95.84949461023348
2033-10-03 04:00:00,0.0,194.560168164056
2033-10-03 05:00:00,0.0,270.8582733264309
2033-10-03 06:00:00,0.0,321.8826311537691
2033-10-03 07:00:00,0.0,346.20265217427607
2033-10-03 08:00:00,0.0,348.1101048033355
2033-10-03 09:00:00,0.0,326.17439956915274
2033-10-03 10:00:00,0.0,280.87239962899264
2033-10-03 11:00:00,0.0,210.77351551106068
2033-10-03 12:00:00,0.0,118.73892615894594
2033-10-03 13:00:00,0.0,25.273747335036685
2033-10-03 14:00:00,0.0,0.0
2033-10-03 15:00:00,0.0,0.0
2033-10-03 16:00:00,0.0,0.0
2033-10-03 17:00:00,0.0,0.0
2033-10-03 18:00:00,0.0,0.0
2033-10-03 19:00:00,0.0,0.0
2033-10-03 20:00:00,0.0,0.0
2033-10-03 21:00:00,0.0,0.0
2033-10-03 22:00:00,0.0,0.0
2033-10-03 23:00:00,0.0,0.0
2033-10-04 00:00:00,0.0,0.0
2033-10-04 01:00:00,0.0,0.0
2033-10-04 02:00:00,0.0,7.62981051623749
2033-10-04 03:00:00,0.0,92.98831566664441
2033-10-04 04:00:00,0.0,191.22212606320213
2033-10-04 05:00:00,0.0,267.52023122557705
2033-10-04 06:00:00,0.0,318.54458905291517
2033-10-04 07:00:00,0.0,343.3414732306871
2033-10-04 08:00:00,0.0,345.24892585974646
2033-10-04 09:00:00,0.0,324.26694694009336
2033-10-04 10:00:00,0.0,278.96494699993326
2033-10-04 11:00:00,0.0,208.8660628820013
2033-10-04 12:00:00,0.0,116.35461037262172
2033-10-04 13:00:00,0.0,23.366294705977317
2033-10-04 14:00:00,0.0,0.0
2033-10-04 15:00:00,0.0,0.0
2033-10-04 16:00:00,0.0,0.0
2033-10-04 17:00:00,0.0,0.0
2033-10-04 18:00:00,0.0,0.0
2033-10-04 19:00:00,0.0,0.0
2033-10-04 20:00:00,0.0,0.0
2033-10-04 21:00:00,0.0,0.0
2033-10-04 22:00:00,0.0,0.0
2033-10-04 23:00:00,0.0,0.0
2033-10-05 00:00:00,0.0,0.0
2033-10-05 01:00:00,0.0,0.0
2033-10-05 02:00:00,0.0,6.199221044442961
2033-10-05 03:00:00,0.0,83.92791567861238
2033-10-05 04:00:00,0.0,186.93035764781854
2033-10-05 05:00:00,0.0,265.1359154392528
2033-10-05 06:00:00,0.0,321.4057679965043
2033-10-05 07:00:00,0.0,347.6332416460707
2033-10-05 08:00:00,0.0,349.54069427513
2033-10-05 09:00:00,0.0,329.0355785127418
2033-10-05 10:00:00,0.0,283.2567154153168
2033-10-05 11:00:00,0.0,207.9123365674716
2033-10-05 12:00:00,0.0,112.539705114503
2033-10-05 13:00:00,0.0,20.505115762388254
2033-10-05 14:00:00,0.0,0.0
2033-10-05 15:00:00,0.0,0.0
2033-10-05 16:00:00,0.0,0.0
2033-10-05 17:00:00,0.0,0.0
2033-10-05 18:00:00,0.0,0.0
2033-10-05 19:00:00,0.0,0.0
2033-10-05 20:00:00,0.0,0.0
2033-10-05 21:00:00,0.0,0.0
2033-10-05 22:00:00,0.0,0.0
2033-10-05 23:00:00,0.0,0.0
2033-10-06 00:00:00,0.0,0.0
2033-10-06 01:00:00,0.0,0.0
2033-10-06 02:00:00,0.0,4.768631572648432
2033-10-06 03:00:00,0.0,78.20555779143429
2033-10-06 04:00:00,0.0,180.73113660337555
2033-10-06 05:00:00,0.0,268.4739575401067
2033-10-06 06:00:00,0.0,320.4520416819746
2033-10-06 07:00:00,0.0,343.3414732306871
2033-10-06 08:00:00,0.0,344.29519954521675
2033-10-06 09:00:00,0.0,324.7438100973582
2033-10-06 10:00:00,0.0,279.918673314463
2033-10-06 11:00:00,0.0,210.77351551106068
2033-10-06 12:00:00,0.0,116.35461037262172
2033-10-06 13:00:00,0.0,23.366294705977317
2033-10-06 14:00:00,0.0,0.0
2033-10-06 15:00:00,0.0,0.0
2033-10-06 16:00:00,0.0,0.0
2033-10-06 17:00:00,0.0,0.0
2033-10-06 18:00:00,0.0,0.0
2033-10-06 19:00:00,0.0,0.0
2033-10-06 20:00:00,0.0,0.0
2033-10-06 21:00:00,0.0,0.0
2033-10-06 22:00:00,0.0,0.0
2033-10-06 23:00:00,0.0,0.0
2033-10-07 00:00:00,0.0,0.0
2033-10-07 01:00:00,0.0,0.0
2033-10-07 02:00:00,0.0,5.245494729913275
2033-10-07 03:00:00,0.0,78.68242094869912
2033-10-07 04:00:00,0.0,188.36094711961306
2033-10-07 05:00:00,0.0,266.0896417537825
2033-10-07 06:00:00,0.0,319.4983153674449
2033-10-07 07:00:00,0.0,348.5869679606003
2033-10-07 08:00:00,0.0,352.8787363759839
2033-10-07 09:00:00,0.0,332.3736206135956
2033-10-07 10:00:00,0.0,289.45593645975976
2033-10-07 11:00:00,0.0,220.78764181362237
2033-10-07 12:00:00,0.0,126.36873667518343
2033-10-07 13:00:00,0.0,26.22747364956637
2033-10-07 14:00:00,0.0,0.0
2033-10-07 15:00:00,0.0,0.0
2033-10-07 16:00:00,0.0,0.0
2033-10-07 17:00:00,0.0,0.0
2033-10-07 18:00:00,0.0,0.0
2033-10-07 19:00:00,0.0,0.0
2033-10-07 20:00:00,0.0,0.0
2033-10-07 21:00:00,0.0,0.0
2033-10-07 22:00:00,0.0,0.0
2033-10-07 23:00:00,0.0,0.0
2033-10-08 00:00:00,0.0,0.0
2033-10-08 01:00:00,0.0,0.0
2033-10-08 02:00:00,0.0,6.199221044442961
2033-10-08 03:00:00,0.0,92.03458935211474
2033-10-08 04:00:00,0.0,188.36094711961306
2033-10-08 05:00:00,0.0,271.8119996409606
2033-10-08 06:00:00,0.0,325.2206732546231
2033-10-08 07:00:00,0.0,351.4481469041894
2033-10-08 08:00:00,0.0,354.30932584777844
2033-10-08 09:00:00,0.0,333.3273469281254
2033-10-08 10:00:00,0.0,289.45593645975976
2033-10-08 11:00:00,0.0,221.26450497088723
2033-10-08 12:00:00,0.0,129.2299156187725
2033-10-08 13:00:00,0.0,27.181199964096063
2033-10-08 14:00:00,0.0,0.0
2033-10-08 15:00:00,0.0,0.0
2033-10-08 16:00:00,0.0,0.0
2033-10-08 17:00:00,0.0,0.0
2033-10-08 18:00:00,0.0,0.0
2033-10-08 19:00:00,0.0,0.0
2033-10-08 20:00:00,0.0,0.0
2033-10-08 21:00:00,0.0,0.0
2033-10-08 22:00:00,0.0,0.0
2033-10-08 23:00:00,0.0,0.0
2033-10-09 00:00:00,0.0,0.0
2033-10-09 01:00:00,0.0,0.0
2033-10-09 02:00:00,0.0,8.106673673502334
2033-10-09 03:00:00,0.0,101.09498934014674
2033-10-09 04:00:00,0.0,202.66684183755834
2033-10-09 05:00:00,0.0,278.96494699993326
2033-10-09 06:00:00,0.0,328.558715355477
2033-10-09 07:00:00,0.0,353.3555995332488
2033-10-09 08:00:00,0.0,356.2167784768379
2033-10-09 09:00:00,0.0,336.66538902897923
2033-10-09 10:00:00,0.0,293.74770487514337
2033-10-09 11:00:00,0.0,226.5099997008005
2033-10-09 12:00:00,0.0,134.47541034868576
2033-10-09 13:00:00,0.0,29.565515750420275
2033-10-09 14:00:00,0.0,0.0
2033-10-09 15:00:00,0.0,0.0
2033-10-09 16:00:00,0.0,0.0
2033-10-09 17:00:00,0.0,0.0
2033-10-09 18:00:00,0.0,0.0
2033-10-09 19:00:00,0.0,0.0
2033-10-09 20:00:00,0.0,0.0
2033-10-09 21:00:00,0.0,0.0
2033-10-09 22:00:00,0.0,0.0
2033-10-09 23:00:00,0.0,0.0
2033-10-10 00:00:00,0.0,0.0
2033-10-10 01:00:00,0.0,0.0
2033-10-10 02:00:00,0.0,8.106673673502334
2033-10-10 03:00:00,0.0,103.00244196920612
2033-10-10 04:00:00,0.0,205.5280207811474
2033-10-10 05:00:00,0.0,281.8261259435223
2033-10-10 06:00:00,0.0,330.94303114180116
2033-10-10 07:00:00,0.0,355.73991531957296
2033-10-10 08:00:00,0.0,357.6473679486324
2033-10-10 09:00:00,0.0,338.0959785007738
2033-10-10 10:00:00,0.0,295.1782943469379
2033-10-10 11:00:00,0.0,227.4637260153302
2033-10-10 12:00:00,0.0,134.95227350595061
2033-10-10 13:00:00,0.0,28.61178943589059
2033-10-10 14:00:00,0.0,0.0
2033-10-10 15:00:00,0.0,0.0
2033-10-10 16:00:00,0.0,0.0
2033-10-10 17:00:00,0.0,0.0
2033-10-10 18:00:00,0.0,0.0
2033-10-10 19:00:00,0.0,0.0
2033-10-10 20:00:00,0.0,0.0
2033-10-10 21:00:00,0.0,0.0
2033-10-10 22:00:00,0.0,0.0
2033-10-10 23:00:00,0.0,0.0
2033-10-11 00:00:00,0.0,0.0
2033-10-11 01:00:00,0.0,0.0
2033-10-11 02:00:00,0.0,5.245494729913275
2033-10-11 03:00:00,0.0,88.69654725126082
2033-10-11 04:00:00,0.0,193.12957869226148
2033-10-11 05:00:00,0.0,273.71945227001993
2033-10-11 06:00:00,0.0,325.2206732546231
2033-10-11 07:00:00,0.0,351.4481469041894
2033-10-11 08:00:00,0.0,354.7861890050433
2033-10-11 09:00:00,0.0,333.80421008539025
2033-10-11 10:00:00,0.0,288.5022101452301
2033-10-11 11:00:00,0.0,218.40332602729814
2033-10-11 12:00:00,0.0,125.41501036065375
2033-10-11 13:00:00,0.0,24.796884177771844
2033-10-11 14:00:00,0.0,0.0
2033-10-11 15:00:00,0.0,0.0
2033-10-11 16:00:00,0.0,0.0
2033-10-11 17:00:00,0.0,0.0
2033-10-11 18:00:00,0.0,0.0
2033-10-11 19:00:00,0.0,0.0
2033-10-11 20:00:00,0.0,0.0
2033-10-11 21:00:00,0.0,0.0
2033-10-11 22:00:00,0.0,0.0
2033-10-11 23:00:00,0.0,0.0
2033-10-12 00:00:00,0.0,0.0
2033-10-12 01:00:00,0.0,0.0
2033-10-12 02:00:00,0.0,5.245494729913275
2033-10-12 03:00:00,0.0,91.08086303758505
2033-10-12 04:00:00,0.0,193.12957869226148
2033-10-12 05:00:00,0.0,271.8119996409606
2033-10-12 06:00:00,0.0,322.8363574682988
2033-10-12 07:00:00,0.0,348.1101048033355
2033-10-12 08:00:00,0.0,350.01755743239494
2033-10-12 09:00:00,0.0,329.9893048272714
2033-10-12 10:00:00,0.0,285.641031201641
2033-10-12 11:00:00,0.0,216.97273655550364
2033-10-12 12:00:00,0.0,123.98442088885922
2033-10-12 13:00:00,0.0,22.889431548712473
2033-10-12 14:00:00,0.0,0.0
2033-10-12 15:00:00,0.0,0.0
2033-10-12 16:00:00,0.0,0.0
2033-10-12 17:00:00,0.0,0.0
2033-10-12 18:00:00,0.0,0.0
2033-10-12 19:00:00,0.0,0.0
2033-10-12 20:00:00,0.0,0.0
2033-10-12 21:00:00,0.0,0.0
2033-10-12 22:00:00,0.0,0.0
2033-10-12 23:00:00,0.0,0.0
2033-10-13 00:00:00,0.0,0.0
2033-10-13 01:00:00,0.0,0.0
2033-10-13 02:00:00,0.0,5.722357887178118
2033-10-13 03:00:00,0.0,94.89576829570379
2033-10-13 04:00:00,0.0,198.37507342217475
2033-10-13 05:00:00,0.0,277.0574943708739
2033-10-13 06:00:00,0.0,325.2206732546231
2033-10-13 07:00:00,0.0,352.8787363759839
2033-10-13 08:00:00,0.0,355.73991531957296
2033-10-13 09:00:00,0.0,334.7579363999198
2033-10-13 10:00:00,0.0,290.4096627742895
2033-10-13 11:00:00,0.0,220.31077865635754
2033-10-13 12:00:00,0.0,125.89187351791858
2033-10-13 13:00:00,0.0,22.889431548712473
2033-10-13 14:00:00,0.0,0.0
2033-10-13 15:00:00,0.0,0.0
2033-10-13 16:00:00,0.0,0.0
2033-10-13 17:00:00,0.0,0.0
2033-10-13 18:00:00,0.0,0.0
2033-10-13 19:00:00,0.0,0.0
2033-10-13 20:00:00,0.0,0.0
2033-10-13 21:00:00,0.0,0.0
2033-10-13 22:00:00,0.0,0.0
2033-10-13 23:00:00,0.0,0.0
2033-10-14 00:00:00,0.0,0.0
2033-10-14 01:00:00,0.0,0.0
2033-10-14 02:00:00,0.0,1.4305894717945296
2033-10-14 03:00:00,0.0,58.65416834357571
2033-10-14 04:00:00,0.0,143.5358103367178
2033-10-14 05:00:00,0.0,223.6488207572114
2033-10-14 06:00:00,0.0,274.1963154272848
2033-10-14 07:00:00,0.0,302.8081048631754
2033-10-14 08:00:00,0.0,319.0214522101801
2033-10-14 09:00:00,0.0,307.5767364358238
2033-10-14 10:00:00,0.0,269.90454701190123
2033-10-14 11:00:00,0.0,207.9123365674716
2033-10-14 12:00:00,0.0,121.60010510253501
2033-10-14 13:00:00,0.0,20.505115762388254
2033-10-14 14:00:00,0.0,0.0
2033-10-14 15:00:00,0.0,0.0
2033-10-14 16:00:00,0.0,0.0
2033-10-14 17:00:00,0.0,0.0
2033-10-14 18:00:00,0.0,0.0
2033-10-14 19:00:00,0.0,0.0
2033-10-14 20:00:00,0.0,0.0
2033-10-14 21:00:00,0.0,0.0
2033-10-14 22:00:00,0.0,0.0
2033-10-14 23:00:00,0.0,0.0
2033-10-15 00:00:00,0.0,0.0
2033-10-15 01:00:00,0.0,0.0
2033-10-15 02:00:00,0.0,5.245494729913275
2033-10-15 03:00:00,0.0,91.55772619484989
2033-10-15 04:00:00,0.0,190.74526290593727
2033-10-15 05:00:00,0.0,275.1500417418145
2033-10-15 06:00:00,0.0,325.69753641188794
2033-10-15 07:00:00,0.0,351.9250100614542
2033-10-15 08:00:00,0.0,352.4018732187191
2033-10-15 09:00:00,0.0,332.85048377086054
2033-10-15 10:00:00,0.0,289.45593645975976
2033-10-15 11:00:00,0.0,222.21823128541692
2033-10-15 12:00:00,0.0,129.70677877603734
2033-10-15 13:00:00,0.0,23.84315786324216
2033-10-15 14:00:00,0.0,0.0
2033-10-15 15:00:00,0.0,0.0
2033-10-15 16:00:00,0.0,0.0
2033-10-15 17:00:00,0.0,0.0
2033-10-15 18:00:00,0.0,0.0
2033-10-15 19:00:00,0.0,0.0
2033-10-15 20:00:00,0.0,0.0
2033-10-15 21:00:00,0.0,0.0
2033-10-15 22:00:00,0.0,0.0
2033-10-15 23:00:00,0.0,0.0
2033-10-16 00:00:00,0.0,0.0
2033-10-16 01:00:00,0.0,0.0
2033-10-16 02:00:00,0.0,4.768631572648432
2033-10-16 03:00:00,0.0,92.51145250937958
2033-10-16 04:00:00,0.0,194.08330500679114
2033-10-16 05:00:00,0.0,270.8582733264309
2033-10-16 06:00:00,0.0,319.0214522101801
2033-10-16 07:00:00,0.0,345.7257890170113
2033-10-16 08:00:00,0.0,349.54069427513
2033-10-16 09:00:00,0.0,329.9893048272714
2033-10-16 10:00:00,0.0,286.5947575161707
2033-10-16 11:00:00,0.0,218.40332602729814
2033-10-16 12:00:00,0.0,125.89187351791858
2033-10-16 13:00:00,0.0,21.935705234182784
2033-10-16 14:00:00,0.0,0.0
2033-10-16 15:00:00,0.0,0.0
2033-10-16 16:00:00,0.0,0.0
2033-10-16 17:00:00,0.0,0.0
2033-10-16 18:00:00,0.0,0.0
2033-10-16 19:00:00,0.0,0.0
2033-10-16 20:00:00,0.0,0.0
2033-10-16 21:00:00,0.0,0.0
2033-10-16 22:00:00,0.0,0.0
2033-10-16 23:00:00,0.0,0.0
2033-10-17 00:00:00,0.0,0.0
2033-10-17 01:00:00,0.0,0.0
2033-10-17 02:00:00,0.0,4.768631572648432
2033-10-17 03:00:00,0.0,95.37263145296863
2033-10-17 04:00:00,0.0,199.80566289396927
2033-10-17 05:00:00,0.0,277.5343575281387
2033-10-17 06:00:00,0.0,329.9893048272714
2033-10-17 07:00:00,0.0,355.73991531957296
2033-10-17 08:00:00,0.0,358.60109426316205
2033-10-17 09:00:00,0.0,336.66538902897923
2033-10-17 10:00:00,0.0,292.31711540334885
2033-10-17 11:00:00,0.0,222.21823128541692
2033-10-17 12:00:00,0.0,127.3224629897131
2033-10-17 13:00:00,0.0,21.935705234182784
2033-10-17 14:00:00,0.0,0.0
2033-10-17 15:00:00,0.0,0.0
2033-10-17 16:00:00,0.0,0.0
2033-10-17 17:00:00,0.0,0.0
2033-10-17 18:00:00,0.0,0.0
2033-10-17 19:00:00,0.0,0.0
2033-10-17 20:00:00,0.0,0.0
2033-10-17 21:00:00,0.0,0.0
2033-10-17 22:00:00,0.0,0.0
2033-10-17 23:00:00,0.0,0.0
2033-10-18 00:00:00,0.0,0.0
2033-10-18 01:00:00,0.0,0.0
2033-10-18 02:00:00,0.0,5.245494729913275
2033-10-18 03:00:00,0.0,97.75694723929284
2033-10-18 04:00:00,0.0,201.2362523657638
2033-10-18 05:00:00,0.0,279.4418101571981
2033-10-18 06:00:00,0.0,329.51244167000664
2033-10-18 07:00:00,0.0,355.26305216230816
2033-10-18 08:00:00,0.0,358.1242311058972
2033-10-18 09:00:00,0.0,338.0959785007738
2033-10-18 10:00:00,0.0,295.1782943469379
2033-10-18 11:00:00,0.0,226.5099997008005
2033-10-18 12:00:00,0.0,133.04482087689124
2033-10-18 13:00:00,0.0,23.84315786324216
2033-10-18 14:00:00,0.0,0.0
2033-10-18 15:00:00,0.0,0.0
2033-10-18 16:00:00,0.0,0.0
2033-10-18 17:00:00,0.0,0.0
2033-10-18 18:00:00,0.0,0.0
2033-10-18 19:00:00,0.0,0.0
2033-10-18 20:00:00,0.0,0.0
2033-10-18 21:00:00,0.0,0.0
2033-10-18 22:00:00,0.0,0.0
2033-10-18 23:00:00,0.0,0.0
2033-10-19 00:00:00,0.0,0.0
2033-10-19 01:00:00,0.0,0.0
2033-10-19 02:00:00,0.0,4.768631572648432
2033-10-19 03:00:00,0.0,97.280084082028
2033-10-19 04:00:00,0.0,200.759389208499
2033-10-19 05:00:00,0.0,278.01122068540354
2033-10-19 06:00:00,0.0,324.7438100973582
2033-10-19 07:00:00,0.0,351.4481469041894
2033-10-19 08:00:00,0.0,355.26305216230816
2033-10-19 09:00:00,0.0,334.281073242655
2033-10-19 10:00:00,0.0,291.3633890888192
2033-10-19 11:00:00,0.0,222.69509444268178
2033-10-19 12:00:00,0.0,129.70677877603734
2033-10-19 13:00:00,0.0,22.41256839144763
2033-10-19 14:00:00,0.0,0.0
2033-10-19 15:00:00,0.0,0.0
2033-10-19 16:00:00,0.0,0.0
2033-10-19 17:00:00,0.0,0.0
2033-10-19 18:00:00,0.0,0.0
2033-10-19 19:00:00,0.0,0.0
2033-10-19 20:00:00,0.0,0.0
2033-10-19 21:00:00,0.0,0.0
2033-10-19 22:00:00,0.0,0.0
2033-10-19 23:00:00,0.0,0.0
2033-10-20 00:00:00,0.0,0.0
2033-10-20 01:00:00,0.0,0.0
2033-10-20 02:00:00,0.0,4.768631572648432
2033-10-20 03:00:00,0.0,96.80322092476315
2033-10-20 04:00:00,0.0,200.759389208499
2033-10-20 05:00:00,0.0,278.4880838426684
2033-10-20 06:00:00,0.0,326.65126272641754
2033-10-20 07:00:00,0.0,352.4018732187191
2033-10-20 08:00:00,0.0,355.26305216230816
2033-10-20 09:00:00,0.0,335.2347995571847
2033-10-20 10:00:00,0.0,291.3633890888192
2033-10-20 11:00:00,0.0,222.69509444268178
2033-10-20 12:00:00,0.0,128.75305246150765
2033-10-20 13:00:00,0.0,20.981978919653095
2033-10-20 14:00:00,0.0,0.0
2033-10-20 15:00:00,0.0,0.0
2033-10-20 16:00:00,0.0,0.0
2033-10-20 17:00:00,0.0,0.0
2033-10-20 18:00:00,0.0,0.0
2033-10-20 19:00:00,0.0,0.0
2033-10-20 20:00:00,0.0,0.0
2033-10-20 21:00:00,0.0,0.0
2033-10-20 22:00:00,0.0,0.0
2033-10-20 23:00:00,0.0,0.0
2033-10-21 00:00:00,0.0,0.0
2033-10-21 01:00:00,0.0,0.0
2033-10-21 02:00:00,0.0,2.861178943589059
2033-10-21 03:00:00,0.0,85.35850515040693
2033-10-21 04:00:00,0.0,188.8378102768779
2033-10-21 05:00:00,0.0,268.95082069737157
2033-10-21 06:00:00,0.0,322.359494311034
2033-10-21 07:00:00,0.0,348.5869679606003
2033-10-21 08:00:00,0.0,351.9250100614542
2033-10-21 09:00:00,0.0,332.85048377086054
2033-10-21 10:00:00,0.0,289.9327996170246
2033-10-21 11:00:00,0.0,220.78764181362237
2033-10-21 12:00:00,0.0,126.84559983244829
2033-10-21 13:00:00,0.0,20.028252605123413
2033-10-21 14:00:00,0.0,0.0
2033-10-21 15:00:00,0.0,0.0
2033-10-21 16:00:00,0.0,0.0
2033-10-21 17:00:00,0.0,0.0
2033-10-21 18:00:00,0.0,0.0
2033-10-21 19:00:00,0.0,0.0
2033-10-21 20:00:00,0.0,0.0
2033-10-21 21:00:00,0.0,0.0
2033-10-21 22:00:00,0.0,0.0
2033-10-21 23:00:00,0.0,0.0
2033-10-22 00:00:00,0.0,0.0
2033-10-22 01:00:00,0.0,0.0
2033-10-22 02:00:00,0.0,2.861178943589059
2033-10-22 03:00:00,0.0,84.88164199314208
2033-10-22 04:00:00,0.0,190.26839974867244
2033-10-22 05:00:00,0.0,271.33513648369575
2033-10-22 06:00:00,0.0,320.9289048392395
2033-10-22 07:00:00,0.0,348.5869679606003
2033-10-22 08:00:00,0.0,352.4018732187191
2033-10-22 09:00:00,0.0,332.3736206135956
2033-10-22 10:00:00,0.0,289.45593645975976
2033-10-22 11:00:00,0.0,220.31077865635754
2033-10-22 12:00:00,0.0,125.89187351791858
2033-10-22 13:00:00,0.0,19.074526290593727
2033-10-22 14:00:00,0.0,0.0
2033-10-22 15:00:00,0.0,0.0
2033-10-22 16:00:00,0.0,0.0
2033-10-22 17:00:00,0.0,0.0
2033-10-22 18:00:00,0.0,0.0
2033-10-22 19:00:00,0.0,0.0
2033-10-22 20:00:00,0.0,0.0
2033-10-22 21:00:00,0.0,0.0
2033-10-22 22:00:00,0.0,0.0
2033-10-22 23:00:00,0.0,0.0
2033-10-23 00:00:00,0.0,0.0
2033-10-23 01:00:00,0.0,0.0
2033-10-23 02:00:00,0.0,1.9074526290593725
2033-10-23 03:00:00,0.0,79.15928410596398
2033-10-23 04:00:00,0.0,181.68486291790524
2033-10-23 05:00:00,0.0,262.2747364956638
2033-10-23 06:00:00,0.0,313.77595748026675
2033-10-23 07:00:00,0.0,340.95715744436285
2033-10-23 08:00:00,0.0,344.29519954521675
2033-10-23 09:00:00,0.0,324.26694694009336
2033-10-23 10:00:00,0.0,280.3955364717278
2033-10-23 11:00:00,0.0,211.2503786683255
2033-10-23 12:00:00,0.0,118.73892615894594
2033-10-23 13:00:00,0.0,17.167073661534353
2033-10-23 14:00:00,0.0,0.0
2033-10-23 15:00:00,0.0,0.0
2033-10-23 16:00:00,0.0,0.0
2033-10-23 17:00:00,0.0,0.0
2033-10-23 18:00:00,0.0,0.0
2033-10-23 19:00:00,0.0,0.0
2033-10-23 20:00:00,0.0,0.0
2033-10-23 21:00:00,0.0,0.0
2033-10-23 22:00:00,0.0,0.0
2033-10-23 23:00:00,0.0,0.0
2033-10-24 00:00:00,0.0,0.0
2033-10-24 01:00:00,0.0,0.0
2033-10-24 02:00:00,0.0,2.384315786324216
2033-10-24 03:00:00,0.0,85.83536830767177
2033-10-24 04:00:00,0.0,191.22212606320213
2033-10-24 05:00:00,0.0,270.3814101691661
2033-10-24 06:00:00,0.0,320.4520416819746
2033-10-24 07:00:00,0.0,347.1563784888058
2033-10-24 08:00:00,0.0,350.4944205896597
2033-10-24 09:00:00,0.0,330.46616798453624
2033-10-24 10:00:00,0.0,287.0716206734356
2033-10-24 11:00:00,0.0,218.40332602729814
2033-10-24 12:00:00,0.0,124.93814720338891
2033-10-24 13:00:00,0.0,18.12079997606404
2033-10-24 14:00:00,0.0,0.0
2033-10-24 15:00:00,0.0,0.0
2033-10-24 16:00:00,0.0,0.0
2033-10-24 17:00:00,0.0,0.0
2033-10-24 18:00:00,0.0,0.0
2033-10-24 19:00:00,0.0,0.0
2033-10-24 20:00:00,0.0,0.0
2033-10-24 21:00:00,0.0,0.0
2033-10-24 22:00:00,0.0,0.0
2033-10-24 23:00:00,0.0,0.0
2033-10-25 00:00:00,0.0,0.0
2033-10-25 01:00:00,0.0,0.0
2033-10-25 02:00:00,0.0,2.861178943589059
2033-10-25 03:00:00,0.0,93.9420419811741
2033-10-25 04:00:00,0.0,200.28252605123413
2033-10-25 05:00:00,0.0,278.96494699993326
2033-10-25 06:00:00,0.0,328.558715355477
2033-10-25 07:00:00,0.0,354.30932584777844
2033-10-25 08:00:00,0.0,356.6936416341027
2033-10-25 09:00:00,0.0,336.66538902897923
2033-10-25 10:00:00,0.0,292.31711540334885
2033-10-25 11:00:00,0.0,222.21823128541692
2033-10-25 12:00:00,0.0,127.3224629897131
2033-10-25 13:00:00,0.0,18.12079997606404
2033-10-25 14:00:00,0.0,0.0
2033-10-25 15:00:00,0.0,0.0
2033-10-25 16:00:00,0.0,0.0
2033-10-25 17:00:00,0.0,0.0
2033-10-25 18:00:00,0.0,0.0
2033-10-25 19:00:00,0.0,0.0
2033-10-25 20:00:00,0.0,0.0
2033-10-25 21:00:00,0.0,0.0
2033-10-25 22:00:00,0.0,0.0
2033-10-25 23:00:00,0.0,0.0
2033-10-26 00:00:00,0.0,0.0
2033-10-26 01:00:00,0.0,0.0
2033-10-26 02:00:00,0.0,2.384315786324216
2033-10-26 03:00:00,0.0,93.46517882390927
2033-10-26 04:00:00,0.0,200.759389208499
2033-10-26 05:00:00,0.0,279.4418101571981
2033-10-26 06:00:00,0.0,328.08185219821206
2033-10-26 07:00:00,0.0,352.8787363759839
2033-10-26 08:00:00,0.0,355.73991531957296
2033-10-26 09:00:00,0.0,335.2347995571847
2033-10-26 10:00:00,0.0,291.3633890888192
2033-10-26 11:00:00,0.0,221.74136812815206
2033-10-26 12:00:00,0.0,127.79932614697796
2033-10-26 13:00:00,0.0,17.643936818799197
2033-10-26 14:00:00,0.0,0.0
2033-10-26 15:00:00,0.0,0.0
2033-10-26 16:00:00,0.0,0.0
2033-10-26 17:00:00,0.0,0.0
2033-10-26 18:00:00,0.0,0.0
2033-10-26 19:00:00,0.0,0.0
2033-10-26 20:00:00,0.0,0.0
2033-10-26 21:00:00,0.0,0.0
2033-10-26 22:00:00,0.0,0.0
2033-10-26 23:00:00,0.0,0.0
2033-10-27 00:00:00,0.0,0.0
2033-10-27 01:00:00,0.0,0.0
2033-10-27 02:00:00,0.0,1.9074526290593725
2033-10-27 03:00:00,0.0,90.12713672305534
2033-10-27 04:00:00,0.0,195.9907576358505
2033-10-27 05:00:00,0.0,275.1500417418145
2033-10-27 06:00:00,0.0,325.2206732546231
2033-10-27 07:00:00,0.0,351.9250100614542
2033-10-27 08:00:00,0.0,354.7861890050433
2033-10-27 09:00:00,0.0,334.7579363999198
2033-10-27 10:00:00,0.0,291.3633890888192
2033-10-27 11:00:00,0.0,221.74136812815206
2033-10-27 12:00:00,0.0,126.84559983244829
2033-10-27 13:00:00,0.0,17.167073661534353
2033-10-27 14:00:00,0.0,0.0
2033-10-27 15:00:00,0.0,0.0
2033-10-27 16:00:00,0.0,0.0
2033-10-27 17:00:00,0.0,0.0
2033-10-27 18:00:00,0.0,0.0
2033-10-27 19:00:00,0.0,0.0
2033-10-27 20:00:00,0.0,0.0
2033-10-27 21:00:00,0.0,0.0
2033-10-27 22:00:00,0.0,0.0
2033-10-27 23:00:00,0.0,0.0
2033-10-28 00:00:00,0.0,0.0
2033-10-28 01:00:00,0.0,0.0
2033-10-28 02:00:00,0.0,1.4305894717945296
2033-10-28 03:00:00,0.0,83.45105252134756
2033-10-28 04:00:00,0.0,188.36094711961306
2033-10-28 05:00:00,0.0,267.99709438284185
2033-10-28 06:00:00,0.0,319.4983153674449
2033-10-28 07:00:00,0.0,345.7257890170113
2033-10-28 08:00:00,0.0,348.1101048033355
2033-10-28 09:00:00,0.0,327.60498904094726
2033-10-28 10:00:00,0.0,282.30298910078716
2033-10-28 11:00:00,0.0,210.77351551106068
2033-10-28 12:00:00,0.0,113.9702945862975
2033-10-28 13:00:00,0.0,13.352168403415607
2033-10-28 14:00:00,0.0,0.0
2033-10-28 15:00:00,0.0,0.0
2033-10-28 16:00:00,0.0,0.0
2033-10-28 17:00:00,0.0,0.0
2033-10-28 18:00:00,0.0,0.0
2033-10-28 19:00:00,0.0,0.0
2033-10-28 20:00:00,0.0,0.0
2033-10-28 21:00:00,0.0,0.0
2033-10-28 22:00:00,0.0,0.0
2033-10-28 23:00:00,0.0,0.0
2033-10-29 00:00:00,0.0,0.0
2033-10-29 01:00:00,0.0,0.0
2033-10-29 02:00:00,0.0,0.9537263145296863
2033-10-29 03:00:00,0.0,76.77496831963975
2033-10-29 04:00:00,0.0,185.49976817602396
2033-10-29 05:00:00,0.0,265.6127785965176
2033-10-29 06:00:00,0.0,313.77595748026675
2033-10-29 07:00:00,0.0,339.52656797256833
2033-10-29 08:00:00,0.0,340.95715744436285
2033-10-29 09:00:00,0.0,319.4983153674449
2033-10-29 10:00:00,0.0,273.2425891127551
2033-10-29 11:00:00,0.0,200.28252605123413
2033-10-29 12:00:00,0.0,102.04871565467643
2033-10-29 13:00:00,0.0,9.537263145296864
2033-10-29 14:00:00,0.0,0.0
2033-10-29 15:00:00,0.0,0.0
2033-10-29 16:00:00,0.0,0.0
2033-10-29 17:00:00,0.0,0.0
2033-10-29 18:00:00,0.0,0.0
2033-10-29 19:00:00,0.0,0.0
2033-10-29 20:00:00,0.0,0.0
2033-10-29 21:00:00,0.0,0.0
2033-10-29 22:00:00,0.0,0.0
2033-10-29 23:00:00,0.0,0.0
2033-10-30 00:00:00,0.0,0.0
2033-10-30 01:00:00,0.0,0.0
2033-10-30 02:00:00,0.0,0.47686315726484313
2033-10-30 03:00:00,0.0,80.5898735777585
2033-10-30 04:00:00,0.0,185.97663133328882
2033-10-30 05:00:00,0.0,265.1359154392528
2033-10-30 06:00:00,0.0,314.25282063753167
2033-10-30 07:00:00,0.0,338.5728416580386
2033-10-30 08:00:00,0.0,337.61911534350895
2033-10-30 09:00:00,0.0,299.94692591958636
2033-10-30 10:00:00,0.0,229.37117864438957
2033-10-30 11:00:00,0.0,142.5820840221881
2033-10-30 12:00:00,0.0,62.94593675895929
2033-10-30 13:00:00,0.0,4.768631572648432
2033-10-30 14:00:00,0.0,0.0
2033-10-30 15:00:00,0.0,0.0
2033-10-30 16:00:00,0.0,0.0
2033-10-30 17:00:00,0.0,0.0
2033-10-30 18:00:00,0.0,0.0
2033-10-30 19:00:00,0.0,0.0
2033-10-30 20:00:00,0.0,0.0
2033-10-30 21:00:00,0.0,0.0
2033-10-30 22:00:00,0.0,0.0
2033-10-30 23:00:00,0.0,0.0
2033-10-31 00:00:00,0.0,0.0
2033-10-31 01:00:00,0.0,0.0
2033-10-31 02:00:00,0.0,0.0
2033-10-31 03:00:00,0.0,56.746715714516334
2033-10-31 04:00:00,0.0,137.33658929227482
2033-10-31 05:00:00,0.0,218.880189184563
2033-10-31 06:00:00,0.0,281.8261259435223
2033-10-31 07:00:00,0.0,307.5767364358238
2033-10-31 08:00:00,0.0,308.53046275035354
2033-10-31 09:00:00,0.0,290.4096627742895
2033-10-31 10:00:00,0.0,239.86216810421607
2033-10-31 11:00:00,0.0,165.9483787281654
2033-10-31 12:00:00,0.0,87.74282093673114
2033-10-31 13:00:00,0.0,6.676084201707805
2033-10-31 14:00:00,0.0,0.0
2033-10-31 15:00:00,0.0,0.0
2033-10-31 16:00:00,0.0,0.0
2033-10-31 17:00:00,0.0,0.0
2033-10-31 18:00:00,0.0,0.0
2033-10-31 19:00:00,0.0,0.0
2033-10-31 20:00:00,0.0,0.0
2033-10-31 21:00:00,0.0,0.0
2033-10-31 22:00:00,0.0,0.0
2033-10-31 23:00:00,0.0,0.0
2033-11-01 00:00:00,0.0,0.0
2033-11-01 01:00:00,0.0,0.0
2033-11-01 02:00:00,0.0,0.0
2033-11-01 03:00:00,0.0,65.3302525452835
2033-11-01 04:00:00,0.0,179.30054713158103
2033-11-01 05:00:00,0.0,253.69119966489657
2033-11-01 06:00:00,0.0,309.0073259076184
2033-11-01 07:00:00,0.0,347.1563784888058
2033-11-01 08:00:00,0.0,353.3555995332488
2033-11-01 09:00:00,0.0,334.281073242655
2033-11-01 10:00:00,0.0,291.3633890888192
2033-11-01 11:00:00,0.0,223.17195759994658
2033-11-01 12:00:00,0.0,129.70677877603734
2033-11-01 13:00:00,0.0,16.213347347004667
2033-11-01 14:00:00,0.0,0.0
2033-11-01 15:00:00,0.0,0.0
2033-11-01 16:00:00,0.0,0.0
2033-11-01 17:00:00,0.0,0.0
2033-11-01 18:00:00,0.0,0.0
2033-11-01 19:00:00,0.0,0.0
2033-11-01 20:00:00,0.0,0.0
2033-11-01 21:00:00,0.0,0.0
2033-11-01 22:00:00,0.0,0.0
2033-11-01 23:00:00,0.0,0.0
2033-11-02 00:00:00,0.0,0.0
2033-11-02 01:00:00,0.0,0.0
2033-11-02 02:00:00,0.0,0.47686315726484313
2033-11-02 03:00:00,0.0,81.06673673502334
2033-11-02 04:00:00,0.0,185.02290501875916
2033-11-02 05:00:00,0.0,264.1821891247231
2033-11-02 06:00:00,0.0,316.6371364238559
2033-11-02 07:00:00,0.0,342.8646100734222
2033-11-02 08:00:00,0.0,346.20265217427607
2033-11-02 09:00:00,0.0,326.65126272641754
2033-11-02 10:00:00,0.0,282.77985225805196
2033-11-02 11:00:00,0.0,213.63469445464975
2033-11-02 12:00:00,0.0,120.16951563074046
2033-11-02 13:00:00,0.0,13.352168403415607
2033-11-02 14:00:00,0.0,0.0
2033-11-02 15:00:00,0.0,0.0
2033-11-02 16:00:00,0.0,0.0
2033-11-02 17:00:00,0.0,0.0
2033-11-02 18:00:00,0.0,0.0
2033-11-02 19:00:00,0.0,0.0
2033-11-02 20:00:00,0.0,0.0
2033-11-02 21:00:00,0.0,0.0
2033-11-02 22:00:00,0.0,0.0
2033-11-02 23:00:00,0.0,0.0
2033-11-03 00:00:00,0.0,0.0
2033-11-03 01:00:00,0.0,0.0
2033-11-03 02:00:00,0.0,0.0
2033-11-03 03:00:00,0.0,75.82124200511007
2033-11-03 04:00:00,0.0,180.73113660337555
2033-11-03 05:00:00,0.0,260.84414702386925
2033-11-03 06:00:00,0.0,314.7296837947965
2033-11-03 07:00:00,0.0,341.91088375889257
2033-11-03 08:00:00,0.0,345.24892585974646
2033-11-03 09:00:00,0.0,325.69753641188794
2033-11-03 10:00:00,0.0,282.77985225805196
2033-11-03 11:00:00,0.0,213.63469445464975
2033-11-03 12:00:00,0.0,119.69265247347565
2033-11-03 13:00:00,0.0,12.875305246150765
2033-11-03 14:00:00,0.0,0.0
2033-11-03 15:00:00,0.0,0.0
2033-11-03 16:00:00,0.0,0.0
2033-11-03 17:00:00,0.0,0.0
2033-11-03 18:00:00,0.0,0.0
2033-11-03 19:00:00,0.0,0.0
2033-11-03 20:00:00,0.0,0.0
2033-11-03 21:00:00,0.0,0.0
2033-11-03 22:00:00,0.0,0.0
2033-11-03 23:00:00,0.0,0.0
2033-11-04 00:00:00,0.0,0.0
2033-11-04 01:00:00,0.0,0.0
2033-11-04 02:00:00,0.0,0.0
2033-11-04 03:00:00,0.0,74.39065253331552
2033-11-04 04:00:00,0.0,179.77741028884589
2033-11-04 05:00:00,0.0,260.84414702386925
2033-11-04 06:00:00,0.0,310.9147785366777
2033-11-04 07:00:00,0.0,338.5728416580386
2033-11-04 08:00:00,0.0,342.38774691615737
2033-11-04 09:00:00,0.0,324.26694694009336
2033-11-04 10:00:00,0.0,279.918673314463
2033-11-04 11:00:00,0.0,208.8660628820013
2033-11-04 12:00:00,0.0,112.539705114503
2033-11-04 13:00:00,0.0,10.967852617091392
2033-11-04 14:00:00,0.0,0.0
2033-11-04 15:00:00,0.0,0.0
2033-11-04 16:00:00,0.0,0.0
2033-11-04 17:00:00,0.0,0.0
2033-11-04 18:00:00,0.0,0.0
2033-11-04 19:00:00,0.0,0.0
2033-11-04 20:00:00,0.0,0.0
2033-11-04 21:00:00,0.0,0.0
2033-11-04 22:00:00,0.0,0.0
2033-11-04 23:00:00,0.0,0.0
2033-11-05 00:00:00,0.0,0.0
2033-11-05 01:00:00,0.0,0.0
2033-11-05 02:00:00,0.0,0.0
2033-11-05 03:00:00,0.0,67.23770517434288
2033-11-05 04:00:00,0.0,176.91623134525682
2033-11-05 05:00:00,0.0,262.7515996529286
2033-11-05 06:00:00,0.0,314.7296837947965
2033-11-05 07:00:00,0.0,341.91088375889257
2033-11-05 08:00:00,0.0,344.29519954521675
2033-11-05 09:00:00,0.0,323.7900837828285
2033-11-05 10:00:00,0.0,278.4880838426684
2033-11-05 11:00:00,0.0,206.95861025294192
2033-11-05 12:00:00,0.0,110.15538932817877
2033-11-05 13:00:00,0.0,9.537263145296864
2033-11-05 14:00:00,0.0,0.0
2033-11-05 15:00:00,0.0,0.0
2033-11-05 16:00:00,0.0,0.0
2033-11-05 17:00:00,0.0,0.0
2033-11-05 18:00:00,0.0,0.0
2033-11-05 19:00:00,0.0,0.0
2033-11-05 20:00:00,0.0,0.0
2033-11-05 21:00:00,0.0,0.0
2033-11-05 22:00:00,0.0,0.0
2033-11-05 23:00:00,0.0,0.0
2033-11-06 00:00:00,0.0,0.0
2033-11-06 01:00:00,0.0,0.0
2033-11-06 02:00:00,0.0,0.0
2033-11-06 03:00:00,0.0,68.66829464613741
2033-11-06 04:00:00,0.0,169.76328398628416
2033-11-06 05:00:00,0.0,247.96884177771844
2033-11-06 06:00:00,0.0,310.9147785366777
2033-11-06 07:00:00,0.0,339.0497048153034
2033-11-06 08:00:00,0.0,341.4340206016277
2033-11-06 09:00:00,0.0,322.8363574682988
2033-11-06 10:00:00,0.0,278.4880838426684
2033-11-06 11:00:00,0.0,208.38919972473647
2033-11-06 12:00:00,0.0,113.9702945862975
2033-11-06 13:00:00,0.0,10.490989459826547
2033-11-06 14:00:00,0.0,0.0
2033-11-06 15:00:00,0.0,0.0
2033-11-06 16:00:00,0.0,0.0
2033-11-06 17:00:00,0.0,0.0
2033-11-06 18:00:00,0.0,0.0
2033-11-06 19:00:00,0.0,0.0
2033-11-06 20:00:00,0.0,0.0
2033-11-06 21:00:00,0.0,0.0
2033-11-06 22:00:00,0.0,0.0
2033-11-06 23:00:00,0.0,0.0
2033-11-07 00:00:00,0.0,0.0
2033-11-07 01:00:00,0.0,0.0
2033-11-07 02:00:00,0.0,0.0
2033-11-07 03:00:00,0.0,73.91378937605069
2033-11-07 04:00:00,0.0,177.86995765978648
2033-11-07 05:00:00,0.0,258.459831237545
2033-11-07 06:00:00,0.0,313.77595748026675
2033-11-07 07:00:00,0.0,340.00343112983313
2033-11-07 08:00:00,0.0,343.8183363879519
2033-11-07 09:00:00,0.0,318.54458905291517
2033-11-07 10:00:00,0.0,273.71945227001993
2033-11-07 11:00:00,0.0,181.68486291790524
2033-11-07 12:00:00,0.0,86.78909462220145
2033-11-07 13:00:00,0.0,5.245494729913275
2033-11-07 14:00:00,0.0,0.0
2033-11-07 15:00:00,0.0,0.0
2033-11-07 16:00:00,0.0,0.0
2033-11-07 17:00:00,0.0,0.0
2033-11-07 18:00:00,0.0,0.0
2033-11-07 19:00:00,0.0,0.0
2033-11-07 20:00:00,0.0,0.0
2033-11-07 21:00:00,0.0,0.0
2033-11-07 22:00:00,0.0,0.0
2033-11-07 23:00:00,0.0,0.0
2033-11-08 00:00:00,0.0,0.0
2033-11-08 01:00:00,0.0,0.0
2033-11-08 02:00:00,0.0,0.0
2033-11-08 03:00:00,0.0,71.52947358972646
2033-11-08 04:00:00,0.0,175.00877871619747
2033-11-08 05:00:00,0.0,252.260610193102
2033-11-08 06:00:00,0.0,310.9147785366777
2033-11-08 07:00:00,0.0,338.0959785007738
2033-11-08 08:00:00,0.0,327.12812588368246
2033-11-08 09:00:00,0.0,269.90454701190123
2033-11-08 10:00:00,0.0,219.35705234182785
2033-11-08 11:00:00,0.0,182.63858923243492
2033-11-08 12:00:00,0.0,100.14126302561706
2033-11-08 13:00:00,0.0,8.583536830767176
2033-11-08 14:00:00,0.0,0.0
2033-11-08 15:00:00,0.0,0.0
2033-11-08 16:00:00,0.0,0.0
2033-11-08 17:00:00,0.0,0.0
2033-11-08 18:00:00,0.0,0.0
2033-11-08 19:00:00,0.0,0.0
2033-11-08 20:00:00,0.0,0.0
2033-11-08 21:00:00,0.0,0.0
2033-11-08 22:00:00,0.0,0.0
2033-11-08 23:00:00,0.0,0.0
2033-11-09 00:00:00,0.0,0.0
2033-11-09 01:00:00,0.0,0.0
2033-11-09 02:00:00,0.0,0.0
2033-11-09 03:00:00,0.0,51.9780841418679
2033-11-09 04:00:00,0.0,164.5177892563709
2033-11-09 05:00:00,0.0,252.260610193102
2033-11-09 06:00:00,0.0,299.94692591958636
2033-11-09 07:00:00,0.0,332.85048377086054
2033-11-09 08:00:00,0.0,344.7720627024816
2033-11-09 09:00:00,0.0,330.94303114180116
2033-11-09 10:00:00,0.0,287.54848383070043
2033-11-09 11:00:00,0.0,217.4495997127685
2033-11-09 12:00:00,0.0,122.55383141706469
2033-11-09 13:00:00,0.0,11.444715774356236
2033-11-09 14:00:00,0.0,0.0
2033-11-09 15:00:00,0.0,0.0
2033-11-09 16:00:00,0.0,0.0
2033-11-09 17:00:00,0.0,0.0
2033-11-09 18:00:00,0.0,0.0
2033-11-09 19:00:00,0.0,0.0
2033-11-09 20:00:00,0.0,0.0
2033-11-09 21:00:00,0.0,0.0
2033-11-09 22:00:00,0.0,0.0
2033-11-09 23:00:00,0.0,0.0
2033-11-10 00:00:00,0.0,0.0
2033-11-10 01:00:00,0.0,0.0
2033-11-10 02:00:00,0.0,0.0
2033-11-10 03:00:00,0.0,59.13103150084055
2033-11-10 04:00:00,0.0,175.48564187346227
2033-11-10 05:00:00,0.0,248.44570493498327
2033-11-10 06:00:00,0.0,319.4983153674449
2033-11-10 07:00:00,0.0,349.0638311178652
2033-11-10 08:00:00,0.0,352.4018732187191
2033-11-10 09:00:00,0.0,332.3736206135956
2033-11-10 10:00:00,0.0,288.5022101452301
2033-11-10 11:00:00,0.0,218.40332602729814
2033-11-10 12:00:00,0.0,121.12324194527015
2033-11-10 13:00:00,0.0,10.490989459826547
2033-11-10 14:00:00,0.0,0.0
2033-11-10 15:00:00,0.0,0.0
2033-11-10 16:00:00,0.0,0.0
2033-11-10 17:00:00,0.0,0.0
2033-11-10 18:00:00,0.0,0.0
2033-11-10 19:00:00,0.0,0.0
2033-11-10 20:00:00,0.0,0.0
2033-11-10 21:00:00,0.0,0.0
2033-11-10 22:00:00,0.0,0.0
2033-11-10 23:00:00,0.0,0.0
2033-11-11 00:00:00,0.0,0.0
2033-11-11 01:00:00,0.0,0.0
2033-11-11 02:00:00,0.0,0.0
2033-11-11 03:00:00,0.0,71.05261043246163
2033-11-11 04:00:00,0.0,175.48564187346227
2033-11-11 05:00:00,0.0,257.5061049230153
2033-11-11 06:00:00,0.0,312.3453680084723
2033-11-11 07:00:00,0.0,340.00343112983313
2033-11-11 08:00:00,0.0,343.8183363879519
2033-11-11 09:00:00,0.0,321.8826311537691
2033-11-11 10:00:00,0.0,273.71945227001993
2033-11-11 11:00:00,0.0,196.9444839503802
2033-11-11 12:00:00,0.0,79.15928410596398
2033-11-11 13:00:00,0.0,2.861178943589059
2033-11-11 14:00:00,0.0,0.0
2033-11-11 15:00:00,0.0,0.0
2033-11-11 16:00:00,0.0,0.0
2033-11-11 17:00:00,0.0,0.0
2033-11-11 18:00:00,0.0,0.0
2033-11-11 19:00:00,0.0,0.0
2033-11-11 20:00:00,0.0,0.0
2033-11-11 21:00:00,0.0,0.0
2033-11-11 22:00:00,0.0,0.0
2033-11-11 23:00:00,0.0,0.0
2033-11-12 00:00:00,0.0,0.0
2033-11-12 01:00:00,0.0,0.0
2033-11-12 02:00:00,0.0,0.0
2033-11-12 03:00:00,0.0,63.42279991622414
2033-11-12 04:00:00,0.0,165.47151557090055
2033-11-12 05:00:00,0.0,241.7696207332755
2033-11-12 06:00:00,0.0,292.7939785606137
2033-11-12 07:00:00,0.0,316.6371364238559
2033-11-12 08:00:00,0.0,316.6371364238559
2033-11-12 09:00:00,0.0,292.7939785606137
2033-11-12 10:00:00,0.0,240.81589441874578
2033-11-12 11:00:00,0.0,164.5177892563709
2033-11-12 12:00:00,0.0,73.43692621878584
2033-11-12 13:00:00,0.0,4.291768415383588
2033-11-12 14:00:00,0.0,0.0
2033-11-12 15:00:00,0.0,0.0
2033-11-12 16:00:00,0.0,0.0
2033-11-12 17:00:00,0.0,0.0
2033-11-12 18:00:00,0.0,0.0
2033-11-12 19:00:00,0.0,0.0
2033-11-12 20:00:00,0.0,0.0
2033-11-12 21:00:00,0.0,0.0
2033-11-12 22:00:00,0.0,0.0
2033-11-12 23:00:00,0.0,0.0
2033-11-13 00:00:00,0.0,0.0
2033-11-13 01:00:00,0.0,0.0
2033-11-13 02:00:00,0.0,0.0
2033-11-13 03:00:00,0.0,61.515347287164765
2033-11-13 04:00:00,0.0,162.13347347004668
2033-11-13 05:00:00,0.0,241.7696207332755
2033-11-13 06:00:00,0.0,290.88652593155433
2033-11-13 07:00:00,0.0,314.25282063753167
2033-11-13 08:00:00,0.0,309.0073259076184
2033-11-13 09:00:00,0.0,266.56650491104733
2033-11-13 10:00:00,0.0,208.38919972473647
2033-11-13 11:00:00,0.0,129.2299156187725
2033-11-13 12:00:00,0.0,58.65416834357571
2033-11-13 13:00:00,0.0,5.245494729913275
2033-11-13 14:00:00,0.0,0.0
2033-11-13 15:00:00,0.0,0.0
2033-11-13 16:00:00,0.0,0.0
2033-11-13 17:00:00,0.0,0.0
2033-11-13 18:00:00,0.0,0.0
2033-11-13 19:00:00,0.0,0.0
2033-11-13 20:00:00,0.0,0.0
2033-11-13 21:00:00,0.0,0.0
2033-11-13 22:00:00,0.0,0.0
2033-11-13 23:00:00,0.0,0.0
2033-11-14 00:00:00,0.0,0.0
2033-11-14 01:00:00,0.0,0.0
2033-11-14 02:00:00,0.0,0.0
2033-11-14 03:00:00,0.0,72.48319990425615
2033-11-14 04:00:00,0.0,179.77741028884589
2033-11-14 05:00:00,0.0,262.2747364956638
2033-11-14 06:00:00,0.0,315.6834101093262
2033-11-14 07:00:00,0.0,340.95715744436285
2033-11-14 08:00:00,0.0,344.7720627024816
2033-11-14 09:00:00,0.0,325.69753641188794
2033-11-14 10:00:00,0.0,280.3955364717278
2033-11-14 11:00:00,0.0,204.09743130935286
2033-11-14 12:00:00,0.0,109.20166301364907
2033-11-14 13:00:00,0.0,7.62981051623749
2033-11-14 14:00:00,0.0,0.0
2033-11-14 15:00:00,0.0,0.0
2033-11-14 16:00:00,0.0,0.0
2033-11-14 17:00:00,0.0,0.0
2033-11-14 18:00:00,0.0,0.0
2033-11-14 19:00:00,0.0,0.0
2033-11-14 20:00:00,0.0,0.0
2033-11-14 21:00:00,0.0,0.0
2033-11-14 22:00:00,0.0,0.0
2033-11-14 23:00:00,0.0,0.0
2033-11-15 00:00:00,0.0,0.0
2033-11-15 01:00:00,0.0,0.0
2033-11-15 02:00:00,0.0,0.0
2033-11-15 03:00:00,0.0,75.34437884784522
2033-11-15 04:00:00,0.0,185.97663133328882
2033-11-15 05:00:00,0.0,267.52023122557705
2033-11-15 06:00:00,0.0,321.4057679965043
2033-11-15 07:00:00,0.0,348.5869679606003
2033-11-15 08:00:00,0.0,352.4018732187191
2033-11-15 09:00:00,0.0,332.85048377086054
2033-11-15 10:00:00,0.0,288.97907330249495
2033-11-15 11:00:00,0.0,219.35705234182785
2033-11-15 12:00:00,0.0,122.07696825979984
2033-11-15 13:00:00,0.0,8.583536830767176
2033-11-15 14:00:00,0.0,0.0
2033-11-15 15:00:00,0.0,0.0
2033-11-15 16:00:00,0.0,0.0
2033-11-15 17:00:00,0.0,0.0
2033-11-15 18:00:00,0.0,0.0
2033-11-15 19:00:00,0.0,0.0
2033-11-15 20:00:00,0.0,0.0
2033-11-15 21:00:00,0.0,0.0
2033-11-15 22:00:00,0.0,0.0
2033-11-15 23:00:00,0.0,0.0
2033-11-16 00:00:00,0.0,0.0
2033-11-16 01:00:00,0.0,0.0
2033-11-16 02:00:00,0.0,0.0
2033-11-16 03:00:00,0.0,78.68242094869912
2033-11-16 04:00:00,0.0,187.8840839623482
2033-11-16 05:00:00,0.0,268.4739575401067
2033-11-16 06:00:00,0.0,323.7900837828285
2033-11-16 07:00:00,0.0,352.4018732187191
2033-11-16 08:00:00,0.0,355.73991531957296
2033-11-16 09:00:00,0.0,335.7116627144496
2033-11-16 10:00:00,0.0,291.84025224608405
2033-11-16 11:00:00,0.0,221.74136812815206
2033-11-16 12:00:00,0.0,125.89187351791858
2033-11-16 13:00:00,0.0,10.014126302561706
2033-11-16 14:00:00,0.0,0.0
2033-11-16 15:00:00,0.0,0.0
2033-11-16 16:00:00,0.0,0.0
2033-11-16 17:00:00,0.0,0.0
2033-11-16 18:00:00,0.0,0.0
2033-11-16 19:00:00,0.0,0.0
2033-11-16 20:00:00,0.0,0.0
2033-11-16 21:00:00,0.0,0.0
2033-11-16 22:00:00,0.0,0.0
2033-11-16 23:00:00,0.0,0.0
2033-11-17 00:00:00,0.0,0.0
2033-11-17 01:00:00,0.0,0.0
2033-11-17 02:00:00,0.0,0.0
2033-11-17 03:00:00,0.0,83.45105252134756
2033-11-17 04:00:00,0.0,193.12957869226148
2033-11-17 05:00:00,0.0,274.67317858454965
2033-11-17 06:00:00,0.0,327.60498904094726
2033-11-17 07:00:00,0.0,353.83246269051364
2033-11-17 08:00:00,0.0,356.6936416341027
2033-11-17 09:00:00,0.0,336.66538902897923
2033-11-17 10:00:00,0.0,291.84025224608405
2033-11-17 11:00:00,0.0,221.26450497088723
2033-11-17 12:00:00,0.0,123.98442088885922
2033-11-17 13:00:00,0.0,9.06039998803202
2033-11-17 14:00:00,0.0,0.0
2033-11-17 15:00:00,0.0,0.0
2033-11-17 16:00:00,0.0,0.0
2033-11-17 17:00:00,0.0,0.0
2033-11-17 18:00:00,0.0,0.0
2033-11-17 19:00:00,0.0,0.0
2033-11-17 20:00:00,0.0,0.0
2033-11-17 21:00:00,0.0,0.0
2033-11-17 22:00:00,0.0,0.0
2033-11-17 23:00:00,0.0,0.0
2033-11-18 00:00:00,0.0,0.0
2033-11-18 01:00:00,0.0,0.0
2033-11-18 02:00:00,0.0,0.0
2033-11-18 03:00:00,0.0,44.82513678289526
2033-11-18 04:00:00,0.0,133.04482087689124
2033-11-18 05:00:00,0.0,217.4495997127685
2033-11-18 06:00:00,0.0,270.3814101691661
2033-11-18 07:00:00,0.0,291.3633890888192
2033-11-18 08:00:00,0.0,278.01122068540354
2033-11-18 09:00:00,0.0,243.20021020507002
2033-11-18 10:00:00,0.0,190.26839974867244
2033-11-18 11:00:00,0.0,129.70677877603734
2033-11-18 12:00:00,0.0,62.46907360169446
2033-11-18 13:00:00,0.0,1.9074526290593725
2033-11-18 14:00:00,0.0,0.0
2033-11-18 15:00:00,0.0,0.0
2033-11-18 16:00:00,0.0,0.0
2033-11-18 17:00:00,0.0,0.0
2033-11-18 18:00:00,0.0,0.0
2033-11-18 19:00:00,0.0,0.0
2033-11-18 20:00:00,0.0,0.0
2033-11-18 21:00:00,0.0,0.0
2033-11-18 22:00:00,0.0,0.0
2033-11-18 23:00:00,0.0,0.0
2033-11-19 00:00:00,0.0,0.0
2033-11-19 01:00:00,0.0,0.0
2033-11-19 02:00:00,0.0,0.0
2033-11-19 03:00:00,0.0,53.40867361366243
2033-11-19 04:00:00,0.0,124.46128404612406
2033-11-19 05:00:00,0.0,190.74526290593727
2033-11-19 06:00:00,0.0,234.61667337430285
2033-11-19 07:00:00,0.0,259.89042070933954
2033-11-19 08:00:00,0.0,283.2567154153168
2033-11-19 09:00:00,0.0,303.28496802044026
2033-11-19 10:00:00,0.0,274.67317858454965
2033-11-19 11:00:00,0.0,204.57429446661772
2033-11-19 12:00:00,0.0,96.32635776749834
2033-11-19 13:00:00,0.0,3.814905258118745
2033-11-19 14:00:00,0.0,0.0
2033-11-19 15:00:00,0.0,0.0
2033-11-19 16:00:00,0.0,0.0
2033-11-19 17:00:00,0.0,0.0
2033-11-19 18:00:00,0.0,0.0
2033-11-19 19:00:00,0.0,0.0
2033-11-19 20:00:00,0.0,0.0
2033-11-19 21:00:00,0.0,0.0
2033-11-19 22:00:00,0.0,0.0
2033-11-19 23:00:00,0.0,0.0
2033-11-20 00:00:00,0.0,0.0
2033-11-20 01:00:00,0.0,0.0
2033-11-20 02:00:00,0.0,0.0
2033-11-20 03:00:00,0.0,52.931810456397585
2033-11-20 04:00:00,0.0,157.8417050546631
2033-11-20 05:00:00,0.0,239.3853049469513
2033-11-20 06:00:00,0.0,281.34926278625744
2033-11-20 07:00:00,0.0,314.7296837947965
2033-11-20 08:00:00,0.0,329.0355785127418
2033-11-20 09:00:00,0.0,312.3453680084723
2033-11-20 10:00:00,0.0,265.1359154392528
2033-11-20 11:00:00,0.0,189.79153659140758
2033-11-20 12:00:00,0.0,82.02046304955302
2033-11-20 13:00:00,0.0,3.3380421008539023
2033-11-20 14:00:00,0.0,0.0
2033-11-20 15:00:00,0.0,0.0
2033-11-20 16:00:00,0.0,0.0
2033-11-20 17:00:00,0.0,0.0
2033-11-20 18:00:00,0.0,0.0
2033-11-20 19:00:00,0.0,0.0
2033-11-20 20:00:00,0.0,0.0
2033-11-20 21:00:00,0.0,0.0
2033-11-20 22:00:00,0.0,0.0
2033-11-20 23:00:00,0.0,0.0
2033-11-21 00:00:00,0.0,0.0
2033-11-21 01:00:00,0.0,0.0
2033-11-21 02:00:00,0.0,0.0
2033-11-21 03:00:00,0.0,52.931810456397585
2033-11-21 04:00:00,0.0,150.2118945384256
2033-11-21 05:00:00,0.0,234.61667337430285
2033-11-21 06:00:00,0.0,278.4880838426684
2033-11-21 07:00:00,0.0,303.28496802044026
2033-11-21 08:00:00,0.0,302.8081048631754
2033-11-21 09:00:00,0.0,274.1963154272848
2033-11-21 10:00:00,0.0,229.37117864438957
2033-11-21 11:00:00,0.0,156.88797874013338
2033-11-21 12:00:00,0.0,58.17730518631086
2033-11-21 13:00:00,0.0,0.9537263145296863
2033-11-21 14:00:00,0.0,0.0
2033-11-21 15:00:00,0.0,0.0
2033-11-21 16:00:00,0.0,0.0
2033-11-21 17:00:00,0.0,0.0
2033-11-21 18:00:00,0.0,0.0
2033-11-21 19:00:00,0.0,0.0
2033-11-21 20:00:00,0.0,0.0
2033-11-21 21:00:00,0.0,0.0
2033-11-21 22:00:00,0.0,0.0
2033-11-21 23:00:00,0.0,0.0
2033-11-22 00:00:00,0.0,0.0
2033-11-22 01:00:00,0.0,0.0
2033-11-22 02:00:00,0.0,0.0
2033-11-22 03:00:00,0.0,46.732589411954635
2033-11-22 04:00:00,0.0,149.73503138116075
2033-11-22 05:00:00,0.0,239.86216810421607
2033-11-22 06:00:00,0.0,303.7618311777051
2033-11-22 07:00:00,0.0,330.46616798453624
2033-11-22 08:00:00,0.0,332.3736206135956
2033-11-22 09:00:00,0.0,317.1139995811207
2033-11-22 10:00:00,0.0,270.3814101691661
2033-11-22 11:00:00,0.0,196.9444839503802
2033-11-22 12:00:00,0.0,97.75694723929284
2033-11-22 13:00:00,0.0,4.291768415383588
2033-11-22 14:00:00,0.0,0.0
2033-11-22 15:00:00,0.0,0.0
2033-11-22 16:00:00,0.0,0.0
2033-11-22 17:00:00,0.0,0.0
2033-11-22 18:00:00,0.0,0.0
2033-11-22 19:00:00,0.0,0.0
2033-11-22 20:00:00,0.0,0.0
2033-11-22 21:00:00,0.0,0.0
2033-11-22 22:00:00,0.0,0.0
2033-11-22 23:00:00,0.0,0.0
2033-11-23 00:00:00,0.0,0.0
2033-11-23 01:00:00,0.0,0.0
2033-11-23 02:00:00,0.0,0.0
2033-11-23 03:00:00,0.0,43.87141046836557
2033-11-23 04:00:00,0.0,118.73892615894594
2033-11-23 05:00:00,0.0,179.77741028884589
2033-11-23 06:00:00,0.0,225.079410229006
2033-11-23 07:00:00,0.0,262.7515996529286
2033-11-23 08:00:00,0.0,296.1320206614676
2033-11-23 09:00:00,0.0,285.1641680443762
2033-11-23 10:00:00,0.0,237.95471547515672
2033-11-23 11:00:00,0.0,178.8236839743162
2033-11-23 12:00:00,0.0,81.54359989228819
2033-11-23 13:00:00,0.0,1.4305894717945296
2033-11-23 14:00:00,0.0,0.0
2033-11-23 15:00:00,0.0,0.0
2033-11-23 16:00:00,0.0,0.0
2033-11-23 17:00:00,0.0,0.0
2033-11-23 18:00:00,0.0,0.0
2033-11-23 19:00:00,0.0,0.0
2033-11-23 20:00:00,0.0,0.0
2033-11-23 21:00:00,0.0,0.0
2033-11-23 22:00:00,0.0,0.0
2033-11-23 23:00:00,0.0,0.0
2033-11-24 00:00:00,0.0,0.0
2033-11-24 01:00:00,0.0,0.0
2033-11-24 02:00:00,0.0,0.0
2033-11-24 03:00:00,0.0,52.931810456397585
2033-11-24 04:00:00,0.0,160.70288399825216
2033-11-24 05:00:00,0.0,243.20021020507002
2033-11-24 06:00:00,0.0,294.70143118967303
2033-11-24 07:00:00,0.0,320.4520416819746
2033-11-24 08:00:00,0.0,320.4520416819746
2033-11-24 09:00:00,0.0,300.9006522341161
2033-11-24 10:00:00,0.0,252.73747335036686
2033-11-24 11:00:00,0.0,175.9625050307271
2033-11-24 12:00:00,0.0,70.57574727519679
2033-11-24 13:00:00,0.0,2.384315786324216
2033-11-24 14:00:00,0.0,0.0
2033-11-24 15:00:00,0.0,0.0
2033-11-24 16:00:00,0.0,0.0
2033-11-24 17:00:00,0.0,0.0
2033-11-24 18:00:00,0.0,0.0
2033-11-24 19:00:00,0.0,0.0
2033-11-24 20:00:00,0.0,0.0
2033-11-24 21:00:00,0.0,0.0
2033-11-24 22:00:00,0.0,0.0
2033-11-24 23:00:00,0.0,0.0
2033-11-25 00:00:00,0.0,0.0
2033-11-25 01:00:00,0.0,0.0
2033-11-25 02:00:00,0.0,0.0
2033-11-25 03:00:00,0.0,59.607894658105394
2033-11-25 04:00:00,0.0,165.47151557090055
2033-11-25 05:00:00,0.0,248.44570493498327
2033-11-25 06:00:00,0.0,303.28496802044026
2033-11-25 07:00:00,0.0,331.41989429906596
2033-11-25 08:00:00,0.0,335.2347995571847
2033-11-25 09:00:00,0.0,316.160273266591
2033-11-25 10:00:00,0.0,260.3672838666044
2033-11-25 11:00:00,0.0,193.12957869226148
2033-11-25 12:00:00,0.0,84.88164199314208
2033-11-25 13:00:00,0.0,3.3380421008539023
2033-11-25 14:00:00,0.0,0.0
2033-11-25 15:00:00,0.0,0.0
2033-11-25 16:00:00,0.0,0.0
2033-11-25 17:00:00,0.0,0.0
2033-11-25 18:00:00,0.0,0.0
2033-11-25 19:00:00,0.0,0.0
2033-11-25 20:00:00,0.0,0.0
2033-11-25 21:00:00,0.0,0.0
2033-11-25 22:00:00,0.0,0.0
2033-11-25 23:00:00,0.0,0.0
2033-11-26 00:00:00,0.0,0.0
2033-11-26 01:00:00,0.0,0.0
2033-11-26 02:00:00,0.0,0.0
2033-11-26 03:00:00,0.0,61.99221044442961
2033-11-26 04:00:00,0.0,170.240147143549
2033-11-26 05:00:00,0.0,254.6449259794262
2033-11-26 06:00:00,0.0,309.0073259076184
2033-11-26 07:00:00,0.0,336.66538902897923
2033-11-26 08:00:00,0.0,340.48029428709805
2033-11-26 09:00:00,0.0,320.4520416819746
2033-11-26 10:00:00,0.0,276.580631213609
2033-11-26 11:00:00,0.0,203.620568152088
2033-11-26 12:00:00,0.0,104.90989459826548
2033-11-26 13:00:00,0.0,4.291768415383588
2033-11-26 14:00:00,0.0,0.0
2033-11-26 15:00:00,0.0,0.0
2033-11-26 16:00:00,0.0,0.0
2033-11-26 17:00:00,0.0,0.0
2033-11-26 18:00:00,0.0,0.0
2033-11-26 19:00:00,0.0,0.0
2033-11-26 20:00:00,0.0,0.0
2033-11-26 21:00:00,0.0,0.0
2033-11-26 22:00:00,0.0,0.0
2033-11-26 23:00:00,0.0,0.0
2033-11-27 00:00:00,0.0,0.0
2033-11-27 01:00:00,0.0,0.0
2033-11-27 02:00:00,0.0,0.0
2033-11-27 03:00:00,0.0,67.71456833160772
2033-11-27 04:00:00,0.0,177.86995765978648
2033-11-27 05:00:00,0.0,260.84414702386925
2033-11-27 06:00:00,0.0,316.160273266591
2033-11-27 07:00:00,0.0,344.29519954521675
2033-11-27 08:00:00,0.0,348.1101048033355
2033-11-27 09:00:00,0.0,328.08185219821206
2033-11-27 10:00:00,0.0,283.2567154153168
2033-11-27 11:00:00,0.0,211.2503786683255
2033-11-27 12:00:00,0.0,112.06284195723813
2033-11-27 13:00:00,0.0,5.245494729913275
2033-11-27 14:00:00,0.0,0.0
2033-11-27 15:00:00,0.0,0.0
2033-11-27 16:00:00,0.0,0.0
2033-11-27 17:00:00,0.0,0.0
2033-11-27 18:00:00,0.0,0.0
2033-11-27 19:00:00,0.0,0.0
2033-11-27 20:00:00,0.0,0.0
2033-11-27 21:00:00,0.0,0.0
2033-11-27 22:00:00,0.0,0.0
2033-11-27 23:00:00,0.0,0.0
2033-11-28 00:00:00,0.0,0.0
2033-11-28 01:00:00,0.0,0.0
2033-11-28 02:00:00,0.0,0.0
2033-11-28 03:00:00,0.0,57.22357887178118
2033-11-28 04:00:00,0.0,172.14759977260837
2033-11-28 05:00:00,0.0,254.6449259794262
2033-11-28 06:00:00,0.0,304.2386943349699
2033-11-28 07:00:00,0.0,337.61911534350895
2033-11-28 08:00:00,0.0,342.8646100734222
2033-11-28 09:00:00,0.0,320.9289048392395
2033-11-28 10:00:00,0.0,273.2425891127551
2033-11-28 11:00:00,0.0,202.66684183755834
2033-11-28 12:00:00,0.0,104.90989459826548
2033-11-28 13:00:00,0.0,4.768631572648432
2033-11-28 14:00:00,0.0,0.0
2033-11-28 15:00:00,0.0,0.0
2033-11-28 16:00:00,0.0,0.0
2033-11-28 17:00:00,0.0,0.0
2033-11-28 18:00:00,0.0,0.0
2033-11-28 19:00:00,0.0,0.0
2033-11-28 20:00:00,0.0,0.0
2033-11-28 21:00:00,0.0,0.0
2033-11-28 22:00:00,0.0,0.0
2033-11-28 23:00:00,0.0,0.0
2033-11-29 00:00:00,0.0,0.0
2033-11-29 01:00:00,0.0,0.0
2033-11-29 02:00:00,0.0,0.0
2033-11-29 03:00:00,0.0,75.34437884784522
2033-11-29 04:00:00,0.0,185.97663133328882
2033-11-29 05:00:00,0.0,268.4739575401067
2033-11-29 06:00:00,0.0,321.8826311537691
2033-11-29 07:00:00,0.0,348.5869679606003
2033-11-29 08:00:00,0.0,351.4481469041894
2033-11-29 09:00:00,0.0,330.46616798453624
2033-11-29 10:00:00,0.0,284.6873048871114
2033-11-29 11:00:00,0.0,212.2041049828552
2033-11-29 12:00:00,0.0,112.06284195723813
2033-11-29 13:00:00,0.0,5.245494729913275
2033-11-29 14:00:00,0.0,0.0
2033-11-29 15:00:00,0.0,0.0
2033-11-29 16:00:00,0.0,0.0
2033-11-29 17:00:00,0.0,0.0
2033-11-29 18:00:00,0.0,0.0
2033-11-29 19:00:00,0.0,0.0
2033-11-29 20:00:00,0.0,0.0
2033-11-29 21:00:00,0.0,0.0
2033-11-29 22:00:00,0.0,0.0
2033-11-29 23:00:00,0.0,0.0
2033-11-30 00:00:00,0.0,0.0
2033-11-30 01:00:00,0.0,0.0
2033-11-30 02:00:00,0.0,0.0
2033-11-30 03:00:00,0.0,72.96006306152101
2033-11-30 04:00:00,0.0,184.06917870422947
2033-11-30 05:00:00,0.0,265.6127785965176
2033-11-30 06:00:00,0.0,319.0214522101801
2033-11-30 07:00:00,0.0,346.20265217427607
2033-11-30 08:00:00,0.0,349.0638311178652
2033-11-30 09:00:00,0.0,328.08185219821206
2033-11-30 10:00:00,0.0,282.30298910078716
2033-11-30 11:00:00,0.0,208.8660628820013
2033-11-30 12:00:00,0.0,111.58597879997329
2033-11-30 13:00:00,0.0,5.722357887178118
2033-11-30 14:00:00,0.0,0.0
2033-11-30 15:00:00,0.0,0.0
2033-11-30 16:00:00,0.0,0.0
2033-11-30 17:00:00,0.0,0.0
2033-11-30 18:00:00,0.0,0.0
2033-11-30 19:00:00,0.0,0.0
2033-11-30 20:00:00,0.0,0.0
2033-11-30 21:00:00,0.0,0.0
2033-11-30 22:00:00,0.0,0.0
2033-11-30 23:00:00,0.0,0.0
2033-12-01 00:00:00,0.0,0.0
2033-12-01 01:00:00,0.0,0.0
2033-12-01 02:00:00,0.0,0.0
2033-12-01 03:00:00,0.0,72.48319990425615
2033-12-01 04:00:00,0.0,182.63858923243492
2033-12-01 05:00:00,0.0,265.6127785965176
2033-12-01 06:00:00,0.0,318.54458905291517
2033-12-01 07:00:00,0.0,346.20265217427607
2033-12-01 08:00:00,0.0,349.54069427513
2033-12-01 09:00:00,0.0,329.0355785127418
2033-12-01 10:00:00,0.0,284.21044172984654
2033-12-01 11:00:00,0.0,212.2041049828552
2033-12-01 12:00:00,0.0,112.539705114503
2033-12-01 13:00:00,0.0,5.245494729913275
2033-12-01 14:00:00,0.0,0.0
2033-12-01 15:00:00,0.0,0.0
2033-12-01 16:00:00,0.0,0.0
2033-12-01 17:00:00,0.0,0.0
2033-12-01 18:00:00,0.0,0.0
2033-12-01 19:00:00,0.0,0.0
2033-12-01 20:00:00,0.0,0.0
2033-12-01 21:00:00,0.0,0.0
2033-12-01 22:00:00,0.0,0.0
2033-12-01 23:00:00,0.0,0.0
2033-12-02 00:00:00,0.0,0.0
2033-12-02 01:00:00,0.0,0.0
2033-12-02 02:00:00,0.0,0.0
2033-12-02 03:00:00,0.0,61.515347287164765
2033-12-02 04:00:00,0.0,164.04092609910603
2033-12-02 05:00:00,0.0,257.02924176575044
2033-12-02 06:00:00,0.0,303.7618311777051
2033-12-02 07:00:00,0.0,333.3273469281254
2033-12-02 08:00:00,0.0,331.41989429906596
2033-12-02 09:00:00,0.0,312.82223116573715
2033-12-02 10:00:00,0.0,261.321010181134
2033-12-02 11:00:00,0.0,189.31467343414272
2033-12-02 12:00:00,0.0,73.43692621878584
2033-12-02 13:00:00,0.0,1.9074526290593725
2033-12-02 14:00:00,0.0,0.0
2033-12-02 15:00:00,0.0,0.0
2033-12-02 16:00:00,0.0,0.0
2033-12-02 17:00:00,0.0,0.0
2033-12-02 18:00:00,0.0,0.0
2033-12-02 19:00:00,0.0,0.0
2033-12-02 20:00:00,0.0,0.0
2033-12-02 21:00:00,0.0,0.0
2033-12-02 22:00:00,0.0,0.0
2033-12-02 23:00:00,0.0,0.0
2033-12-03 00:00:00,0.0,0.0
2033-12-03 01:00:00,0.0,0.0
2033-12-03 02:00:00,0.0,0.0
2033-12-03 03:00:00,0.0,50.07063151280853
2033-12-03 04:00:00,0.0,138.2903156068045
2033-12-03 05:00:00,0.0,216.97273655550364
2033-12-03 06:00:00,0.0,293.74770487514337
2033-12-03 07:00:00,0.0,329.0355785127418
2033-12-03 08:00:00,0.0,331.8967574563308
2033-12-03 09:00:00,0.0,308.53046275035354
2033-12-03 10:00:00,0.0,257.98296808028016
2033-12-03 11:00:00,0.0,176.91623134525682
2033-12-03 12:00:00,0.0,80.11301042049365
2033-12-03 13:00:00,0.0,2.861178943589059
2033-12-03 14:00:00,0.0,0.0
2033-12-03 15:00:00,0.0,0.0
2033-12-03 16:00:00,0.0,0.0
2033-12-03 17:00:00,0.0,0.0
2033-12-03 18:00:00,0.0,0.0
2033-12-03 19:00:00,0.0,0.0
2033-12-03 20:00:00,0.0,0.0
2033-12-03 21:00:00,0.0,0.0
2033-12-03 22:00:00,0.0,0.0
2033-12-03 23:00:00,0.0,0.0
2033-12-04 00:00:00,0.0,0.0
2033-12-04 01:00:00,0.0,0.0
2033-12-04 02:00:00,0.0,0.0
2033-12-04 03:00:00,0.0,55.792989399986645
2033-12-04 04:00:00,0.0,156.88797874013338
2033-12-04 05:00:00,0.0,235.09353653156765
2033-12-04 06:00:00,0.0,289.9327996170246
2033-12-04 07:00:00,0.0,319.0214522101801
2033-12-04 08:00:00,0.0,322.8363574682988
2033-12-04 09:00:00,0.0,309.0073259076184
2033-12-04 10:00:00,0.0,273.71945227001993
2033-12-04 11:00:00,0.0,204.09743130935286
2033-12-04 12:00:00,0.0,104.43303144100065
2033-12-04 13:00:00,0.0,3.814905258118745
2033-12-04 14:00:00,0.0,0.0
2033-12-04 15:00:00,0.0,0.0
2033-12-04 16:00:00,0.0,0.0
2033-12-04 17:00:00,0.0,0.0
2033-12-04 18:00:00,0.0,0.0
2033-12-04 19:00:00,0.0,0.0
2033-12-04 20:00:00,0.0,0.0
2033-12-04 21:00:00,0.0,0.0
2033-12-04 22:00:00,0.0,0.0
2033-12-04 23:00:00,0.0,0.0
2033-12-05 00:00:00,0.0,0.0
2033-12-05 01:00:00,0.0,0.0
2033-12-05 02:00:00,0.0,0.0
2033-12-05 03:00:00,0.0,50.54749467007337
2033-12-05 04:00:00,0.0,156.41111558286858
2033-12-05 05:00:00,0.0,244.15393651959968
2033-12-05 06:00:00,0.0,300.4237890768512
2033-12-05 07:00:00,0.0,329.0355785127418
2033-12-05 08:00:00,0.0,330.94303114180116
2033-12-05 09:00:00,0.0,275.1500417418145
2033-12-05 10:00:00,0.0,217.4495997127685
2033-12-05 11:00:00,0.0,134.95227350595061
2033-12-05 12:00:00,0.0,55.316126242721815
2033-12-05 13:00:00,0.0,0.0
2033-12-05 14:00:00,0.0,0.0
2033-12-05 15:00:00,0.0,0.0
2033-12-05 16:00:00,0.0,0.0
2033-12-05 17:00:00,0.0,0.0
2033-12-05 18:00:00,0.0,0.0
2033-12-05 19:00:00,0.0,0.0
2033-12-05 20:00:00,0.0,0.0
2033-12-05 21:00:00,0.0,0.0
2033-12-05 22:00:00,0.0,0.0
2033-12-05 23:00:00,0.0,0.0
2033-12-06 00:00:00,0.0,0.0
2033-12-06 01:00:00,0.0,0.0
2033-12-06 02:00:00,0.0,0.0
2033-12-06 03:00:00,0.0,28.61178943589059
2033-12-06 04:00:00,0.0,104.90989459826548
2033-12-06 05:00:00,0.0,177.86995765978648
2033-12-06 06:00:00,0.0,242.2464838905403
2033-12-06 07:00:00,0.0,275.1500417418145
2033-12-06 08:00:00,0.0,276.10376805634417
2033-12-06 09:00:00,0.0,253.2143365076317
2033-12-06 10:00:00,0.0,206.48174709567706
2033-12-06 11:00:00,0.0,137.81345244953965
2033-12-06 12:00:00,0.0,58.65416834357571
2033-12-06 13:00:00,0.0,0.0
2033-12-06 14:00:00,0.0,0.0
2033-12-06 15:00:00,0.0,0.0
2033-12-06 16:00:00,0.0,0.0
2033-12-06 17:00:00,0.0,0.0
2033-12-06 18:00:00,0.0,0.0
2033-12-06 19:00:00,0.0,0.0
2033-12-06 20:00:00,0.0,0.0
2033-12-06 21:00:00,0.0,0.0
2033-12-06 22:00:00,0.0,0.0
2033-12-06 23:00:00,0.0,0.0
2033-12-07 00:00:00,0.0,0.0
2033-12-07 01:00:00,0.0,0.0
2033-12-07 02:00:00,0.0,0.0
2033-12-07 03:00:00,0.0,26.22747364956637
2033-12-07 04:00:00,0.0,96.80322092476315
2033-12-07 05:00:00,0.0,191.69898922046696
2033-12-07 06:00:00,0.0,261.321010181134
2033-12-07 07:00:00,0.0,299.4700627623215
2033-12-07 08:00:00,0.0,298.5163364477918
2033-12-07 09:00:00,0.0,264.659052281988
2033-12-07 10:00:00,0.0,202.18997868029348
2033-12-07 11:00:00,0.0,136.85972613500996
2033-12-07 12:00:00,0.0,51.9780841418679
2033-12-07 13:00:00,0.0,0.0
2033-12-07 14:00:00,0.0,0.0
2033-12-07 15:00:00,0.0,0.0
2033-12-07 16:00:00,0.0,0.0
2033-12-07 17:00:00,0.0,0.0
2033-12-07 18:00:00,0.0,0.0
2033-12-07 19:00:00,0.0,0.0
2033-12-07 20:00:00,0.0,0.0
2033-12-07 21:00:00,0.0,0.0
2033-12-07 22:00:00,0.0,0.0
2033-12-07 23:00:00,0.0,0.0
2033-12-08 00:00:00,0.0,0.0
2033-12-08 01:00:00,0.0,0.0
2033-12-08 02:00:00,0.0,0.0
2033-12-08 03:00:00,0.0,30.51924206494996
2033-12-08 04:00:00,0.0,108.72479985638425
2033-12-08 05:00:00,0.0,206.00488393841223
2033-12-08 06:00:00,0.0,267.99709438284185
2033-12-08 07:00:00,0.0,298.99319960505665
2033-12-08 08:00:00,0.0,307.5767364358238
2033-12-08 09:00:00,0.0,298.5163364477918
2033-12-08 10:00:00,0.0,251.78374703583717
2033-12-08 11:00:00,0.0,176.43936818799196
2033-12-08 12:00:00,0.0,79.15928410596398
2033-12-08 13:00:00,0.0,1.4305894717945296
2033-12-08 14:00:00,0.0,0.0
2033-12-08 15:00:00,0.0,0.0
2033-12-08 16:00:00,0.0,0.0
2033-12-08 17:00:00,0.0,0.0
2033-12-08 18:00:00,0.0,0.0
2033-12-08 19:00:00,0.0,0.0
2033-12-08 20:00:00,0.0,0.0
2033-12-08 21:00:00,0.0,0.0
2033-12-08 22:00:00,0.0,0.0
2033-12-08 23:00:00,0.0,0.0
2033-12-09 00:00:00,0.0,0.0
2033-12-09 01:00:00,0.0,0.0
2033-12-09 02:00:00,0.0,0.0
2033-12-09 03:00:00,0.0,49.11690519827885
2033-12-09 04:00:00,0.0,149.73503138116075
2033-12-09 05:00:00,0.0,238.43157863242158
2033-12-09 06:00:00,0.0,295.1782943469379
2033-12-09 07:00:00,0.0,323.7900837828285
2033-12-09 08:00:00,0.0,327.12812588368246
2033-12-09 09:00:00,0.0,302.8081048631754
2033-12-09 10:00:00,0.0,257.98296808028016
2033-12-09 11:00:00,0.0,185.02290501875916
2033-12-09 12:00:00,0.0,87.2659577794663
2033-12-09 13:00:00,0.0,1.9074526290593725
2033-12-09 14:00:00,0.0,0.0
2033-12-09 15:00:00,0.0,0.0
2033-12-09 16:00:00,0.0,0.0
2033-12-09 17:00:00,0.0,0.0
2033-12-09 18:00:00,0.0,0.0
2033-12-09 19:00:00,0.0,0.0
2033-12-09 20:00:00,0.0,0.0
2033-12-09 21:00:00,0.0,0.0
2033-12-09 22:00:00,0.0,0.0
2033-12-09 23:00:00,0.0,0.0
2033-12-10 00:00:00,0.0,0.0
2033-12-10 01:00:00,0.0,0.0
2033-12-10 02:00:00,0.0,0.0
2033-12-10 03:00:00,0.0,54.362399928192126
2033-12-10 04:00:00,0.0,160.2260208409873
2033-12-10 05:00:00,0.0,243.67707336233488
2033-12-10 06:00:00,0.0,302.8081048631754
2033-12-10 07:00:00,0.0,331.8967574563308
2033-12-10 08:00:00,0.0,335.7116627144496
2033-12-10 09:00:00,0.0,316.6371364238559
2033-12-10 10:00:00,0.0,272.7657259554903
2033-12-10 11:00:00,0.0,201.71311552302862
2033-12-10 12:00:00,0.0,103.00244196920612
2033-12-10 13:00:00,0.0,3.3380421008539023
2033-12-10 14:00:00,0.0,0.0
2033-12-10 15:00:00,0.0,0.0
2033-12-10 16:00:00,0.0,0.0
2033-12-10 17:00:00,0.0,0.0
2033-12-10 18:00:00,0.0,0.0
2033-12-10 19:00:00,0.0,0.0
2033-12-10 20:00:00,0.0,0.0
2033-12-10 21:00:00,0.0,0.0
2033-12-10 22:00:00,0.0,0.0
2033-12-10 23:00:00,0.0,0.0
2033-12-11 00:00:00,0.0,0.0
2033-12-11 01:00:00,0.0,0.0
2033-12-11 02:00:00,0.0,0.0
2033-12-11 03:00:00,0.0,67.71456833160772
2033-12-11 04:00:00,0.0,177.86995765978648
2033-12-11 05:00:00,0.0,259.89042070933954
2033-12-11 06:00:00,0.0,312.3453680084723
2033-12-11 07:00:00,0.0,339.0497048153034
2033-12-11 08:00:00,0.0,341.4340206016277
2033-12-11 09:00:00,0.0,320.4520416819746
2033-12-11 10:00:00,0.0,275.1500417418145
2033-12-11 11:00:00,0.0,203.620568152088
2033-12-11 12:00:00,0.0,105.38675775553034
2033-12-11 13:00:00,0.0,3.814905258118745
2033-12-11 14:00:00,0.0,0.0
2033-12-11 15:00:00,0.0,0.0
2033-12-11 16:00:00,0.0,0.0
2033-12-11 17:00:00,0.0,0.0
2033-12-11 18:00:00,0.0,0.0
2033-12-11 19:00:00,0.0,0.0
2033-12-11 20:00:00,0.0,0.0
2033-12-11 21:00:00,0.0,0.0
2033-12-11 22:00:00,0.0,0.0
2033-12-11 23:00:00,0.0,0.0
2033-12-12 00:00:00,0.0,0.0
2033-12-12 01:00:00,0.0,0.0
2033-12-12 02:00:00,0.0,0.0
2033-12-12 03:00:00,0.0,59.13103150084055
2033-12-12 04:00:00,0.0,166.42524188543027
2033-12-12 05:00:00,0.0,248.44570493498327
2033-12-12 06:00:00,0.0,301.3775153913809
2033-12-12 07:00:00,0.0,327.60498904094726
2033-12-12 08:00:00,0.0,330.46616798453624
2033-12-12 09:00:00,0.0,307.5767364358238
2033-12-12 10:00:00,0.0,261.321010181134
2033-12-12 11:00:00,0.0,187.40722080508337
2033-12-12 12:00:00,0.0,88.69654725126082
2033-12-12 13:00:00,0.0,0.9537263145296863
2033-12-12 14:00:00,0.0,0.0
2033-12-12 15:00:00,0.0,0.0
2033-12-12 16:00:00,0.0,0.0
2033-12-12 17:00:00,0.0,0.0
2033-12-12 18:00:00,0.0,0.0
2033-12-12 19:00:00,0.0,0.0
2033-12-12 20:00:00,0.0,0.0
2033-12-12 21:00:00,0.0,0.0
2033-12-12 22:00:00,0.0,0.0
2033-12-12 23:00:00,0.0,0.0
2033-12-13 00:00:00,0.0,0.0
2033-12-13 01:00:00,0.0,0.0
2033-12-13 02:00:00,0.0,0.0
2033-12-13 03:00:00,0.0,67.23770517434288
2033-12-13 04:00:00,0.0,180.73113660337555
2033-12-13 05:00:00,0.0,263.70532596745824
2033-12-13 06:00:00,0.0,317.1139995811207
2033-12-13 07:00:00,0.0,344.29519954521675
2033-12-13 08:00:00,0.0,347.1563784888058
2033-12-13 09:00:00,0.0,327.12812588368246
2033-12-13 10:00:00,0.0,281.8261259435223
2033-12-13 11:00:00,0.0,209.81978919653096
2033-12-13 12:00:00,0.0,110.63225248544362
2033-12-13 13:00:00,0.0,4.291768415383588
2033-12-13 14:00:00,0.0,0.0
2033-12-13 15:00:00,0.0,0.0
2033-12-13 16:00:00,0.0,0.0
2033-12-13 17:00:00,0.0,0.0
2033-12-13 18:00:00,0.0,0.0
2033-12-13 19:00:00,0.0,0.0
2033-12-13 20:00:00,0.0,0.0
2033-12-13 21:00:00,0.0,0.0
2033-12-13 22:00:00,0.0,0.0
2033-12-13 23:00:00,0.0,0.0
2033-12-14 00:00:00,0.0,0.0
2033-12-14 01:00:00,0.0,0.0
2033-12-14 02:00:00,0.0,0.0
2033-12-14 03:00:00,0.0,68.19143148887258
2033-12-14 04:00:00,0.0,177.39309450252165
2033-12-14 05:00:00,0.0,258.459831237545
2033-12-14 06:00:00,0.0,310.4379153794129
2033-12-14 07:00:00,0.0,337.14225218624415
2033-12-14 08:00:00,0.0,340.00343112983313
2033-12-14 09:00:00,0.0,319.4983153674449
2033-12-14 10:00:00,0.0,275.1500417418145
2033-12-14 11:00:00,0.0,203.620568152088
2033-12-14 12:00:00,0.0,103.47930512647096
2033-12-14 13:00:00,0.0,3.3380421008539023
2033-12-14 14:00:00,0.0,0.0
2033-12-14 15:00:00,0.0,0.0
2033-12-14 16:00:00,0.0,0.0
2033-12-14 17:00:00,0.0,0.0
2033-12-14 18:00:00,0.0,0.0
2033-12-14 19:00:00,0.0,0.0
2033-12-14 20:00:00,0.0,0.0
2033-12-14 21:00:00,0.0,0.0
2033-12-14 22:00:00,0.0,0.0
2033-12-14 23:00:00,0.0,0.0
2033-12-15 00:00:00,0.0,0.0
2033-12-15 01:00:00,0.0,0.0
2033-12-15 02:00:00,0.0,0.0
2033-12-15 03:00:00,0.0,61.99221044442961
2033-12-15 04:00:00,0.0,170.71701030081385
2033-12-15 05:00:00,0.0,253.2143365076317
2033-12-15 06:00:00,0.0,307.5767364358238
2033-12-15 07:00:00,0.0,335.2347995571847
2033-12-15 08:00:00,0.0,339.0497048153034
2033-12-15 09:00:00,0.0,319.4983153674449
2033-12-15 10:00:00,0.0,274.67317858454965
2033-12-15 11:00:00,0.0,202.66684183755834
2033-12-15 12:00:00,0.0,102.52557881194129
2033-12-15 13:00:00,0.0,3.3380421008539023
2033-12-15 14:00:00,0.0,0.0
2033-12-15 15:00:00,0.0,0.0
2033-12-15 16:00:00,0.0,0.0
2033-12-15 17:00:00,0.0,0.0
2033-12-15 18:00:00,0.0,0.0
2033-12-15 19:00:00,0.0,0.0
2033-12-15 20:00:00,0.0,0.0
2033-12-15 21:00:00,0.0,0.0
2033-12-15 22:00:00,0.0,0.0
2033-12-15 23:00:00,0.0,0.0
2033-12-16 00:00:00,0.0,0.0
2033-12-16 01:00:00,0.0,0.0
2033-12-16 02:00:00,0.0,0.0
2033-12-16 03:00:00,0.0,64.37652623075383
2033-12-16 04:00:00,0.0,172.6244629298732
2033-12-16 05:00:00,0.0,254.6449259794262
2033-12-16 06:00:00,0.0,306.1461469640293
2033-12-16 07:00:00,0.0,333.80421008539025
2033-12-16 08:00:00,0.0,337.61911534350895
2033-12-16 09:00:00,0.0,317.5908627383856
2033-12-16 10:00:00,0.0,269.90454701190123
2033-12-16 11:00:00,0.0,196.9444839503802
2033-12-16 12:00:00,0.0,95.37263145296863
2033-12-16 13:00:00,0.0,2.861178943589059
2033-12-16 14:00:00,0.0,0.0
2033-12-16 15:00:00,0.0,0.0
2033-12-16 16:00:00,0.0,0.0
2033-12-16 17:00:00,0.0,0.0
2033-12-16 18:00:00,0.0,0.0
2033-12-16 19:00:00,0.0,0.0
2033-12-16 20:00:00,0.0,0.0
2033-12-16 21:00:00,0.0,0.0
2033-12-16 22:00:00,0.0,0.0
2033-12-16 23:00:00,0.0,0.0
2033-12-17 00:00:00,0.0,0.0
2033-12-17 01:00:00,0.0,0.0
2033-12-17 02:00:00,0.0,0.0
2033-12-17 03:00:00,0.0,41.48709468204135
2033-12-17 04:00:00,0.0,133.99854719142093
2033-12-17 05:00:00,0.0,246.06138914865906
2033-12-17 06:00:00,0.0,292.31711540334885
2033-12-17 07:00:00,0.0,333.80421008539025
2033-12-17 08:00:00,0.0,339.52656797256833
2033-12-17 09:00:00,0.0,319.4983153674449
2033-12-17 10:00:00,0.0,278.4880838426684
2033-12-17 11:00:00,0.0,206.00488393841223
2033-12-17 12:00:00,0.0,90.60399988032019
2033-12-17 13:00:00,0.0,1.9074526290593725
2033-12-17 14:00:00,0.0,0.0
2033-12-17 15:00:00,0.0,0.0
2033-12-17 16:00:00,0.0,0.0
2033-12-17 17:00:00,0.0,0.0
2033-12-17 18:00:00,0.0,0.0
2033-12-17 19:00:00,0.0,0.0
2033-12-17 20:00:00,0.0,0.0
2033-12-17 21:00:00,0.0,0.0
2033-12-17 22:00:00,0.0,0.0
2033-12-17 23:00:00,0.0,0.0
2033-12-18 00:00:00,0.0,0.0
2033-12-18 01:00:00,0.0,0.0
2033-12-18 02:00:00,0.0,0.0
2033-12-18 03:00:00,0.0,37.67218942392261
2033-12-18 04:00:00,0.0,131.61423140509672
2033-12-18 05:00:00,0.0,213.63469445464975
2033-12-18 06:00:00,0.0,288.5022101452301
2033-12-18 07:00:00,0.0,335.2347995571847
2033-12-18 08:00:00,0.0,340.48029428709805
2033-12-18 09:00:00,0.0,321.8826311537691
2033-12-18 10:00:00,0.0,278.96494699993326
2033-12-18 11:00:00,0.0,207.9123365674716
2033-12-18 12:00:00,0.0,106.34048407006003
2033-12-18 13:00:00,0.0,3.3380421008539023
2033-12-18 14:00:00,0.0,0.0
2033-12-18 15:00:00,0.0,0.0
2033-12-18 16:00:00,0.0,0.0
2033-12-18 17:00:00,0.0,0.0
2033-12-18 18:00:00,0.0,0.0
2033-12-18 19:00:00,0.0,0.0
2033-12-18 20:00:00,0.0,0.0
2033-12-18 21:00:00,0.0,0.0
2033-12-18 22:00:00,0.0,0.0
2033-12-18 23:00:00,0.0,0.0
2033-12-19 00:00:00,0.0,0.0
2033-12-19 01:00:00,0.0,0.0
2033-12-19 02:00:00,0.0,0.0
2033-12-19 03:00:00,0.0,55.316126242721815
2033-12-19 04:00:00,0.0,170.71701030081385
2033-12-19 05:00:00,0.0,253.69119966489657
2033-12-19 06:00:00,0.0,307.099873278559
2033-12-19 07:00:00,0.0,333.80421008539025
2033-12-19 08:00:00,0.0,336.18852587171443
2033-12-19 09:00:00,0.0,314.7296837947965
2033-12-19 10:00:00,0.0,265.1359154392528
2033-12-19 11:00:00,0.0,191.22212606320213
2033-12-19 12:00:00,0.0,92.98831566664441
2033-12-19 13:00:00,0.0,1.9074526290593725
2033-12-19 14:00:00,0.0,0.0
2033-12-19 15:00:00,0.0,0.0
2033-12-19 16:00:00,0.0,0.0
2033-12-19 17:00:00,0.0,0.0
2033-12-19 18:00:00,0.0,0.0
2033-12-19 19:00:00,0.0,0.0
2033-12-19 20:00:00,0.0,0.0
2033-12-19 21:00:00,0.0,0.0
2033-12-19 22:00:00,0.0,0.0
2033-12-19 23:00:00,0.0,0.0
2033-12-20 00:00:00,0.0,0.0
2033-12-20 01:00:00,0.0,0.0
2033-12-20 02:00:00,0.0,0.0
2033-12-20 03:00:00,0.0,44.34827362563041
2033-12-20 04:00:00,0.0,146.39698928030685
2033-12-20 05:00:00,0.0,232.2323575879786
2033-12-20 06:00:00,0.0,302.8081048631754
2033-12-20 07:00:00,0.0,329.51244167000664
2033-12-20 08:00:00,0.0,331.8967574563308
2033-12-20 09:00:00,0.0,305.66928380676444
2033-12-20 10:00:00,0.0,257.5061049230153
2033-12-20 11:00:00,0.0,181.20799976064038
2033-12-20 12:00:00,0.0,79.63614726322879
2033-12-20 13:00:00,0.0,0.0
2033-12-20 14:00:00,0.0,0.0
2033-12-20 15:00:00,0.0,0.0
2033-12-20 16:00:00,0.0,0.0
2033-12-20 17:00:00,0.0,0.0
2033-12-20 18:00:00,0.0,0.0
2033-12-20 19:00:00,0.0,0.0
2033-12-20 20:00:00,0.0,0.0
2033-12-20 21:00:00,0.0,0.0
2033-12-20 22:00:00,0.0,0.0
2033-12-20 23:00:00,0.0,0.0
2033-12-21 00:00:00,0.0,0.0
2033-12-21 01:00:00,0.0,0.0
2033-12-21 02:00:00,0.0,0.0
2033-12-21 03:00:00,0.0,52.931810456397585
2033-12-21 04:00:00,0.0,162.13347347004668
2033-12-21 05:00:00,0.0,247.96884177771844
2033-12-21 06:00:00,0.0,304.2386943349699
2033-12-21 07:00:00,0.0,332.85048377086054
2033-12-21 08:00:00,0.0,334.7579363999198
2033-12-21 09:00:00,0.0,309.0073259076184
2033-12-21 10:00:00,0.0,259.4135575520747
2033-12-21 11:00:00,0.0,172.14759977260837
2033-12-21 12:00:00,0.0,78.68242094869912
2033-12-21 13:00:00,0.0,0.9537263145296863
2033-12-21 14:00:00,0.0,0.0
2033-12-21 15:00:00,0.0,0.0
2033-12-21 16:00:00,0.0,0.0
2033-12-21 17:00:00,0.0,0.0
2033-12-21 18:00:00,0.0,0.0
2033-12-21 19:00:00,0.0,0.0
2033-12-21 20:00:00,0.0,0.0
2033-12-21 21:00:00,0.0,0.0
2033-12-21 22:00:00,0.0,0.0
2033-12-21 23:00:00,0.0,0.0
2033-12-22 00:00:00,0.0,0.0
2033-12-22 01:00:00,0.0,0.0
2033-12-22 02:00:00,0.0,0.0
2033-12-22 03:00:00,0.0,59.13103150084055
2033-12-22 04:00:00,0.0,167.3789681999599
2033-12-22 05:00:00,0.0,250.8300207213075
2033-12-22 06:00:00,0.0,304.7155574922348
2033-12-22 07:00:00,0.0,333.3273469281254
2033-12-22 08:00:00,0.0,335.7116627144496
2033-12-22 09:00:00,0.0,314.25282063753167
2033-12-22 10:00:00,0.0,271.33513648369575
2033-12-22 11:00:00,0.0,202.18997868029348
2033-12-22 12:00:00,0.0,101.5718524974116
2033-12-22 13:00:00,0.0,2.861178943589059
2033-12-22 14:00:00,0.0,0.0
2033-12-22 15:00:00,0.0,0.0
2033-12-22 16:00:00,0.0,0.0
2033-12-22 17:00:00,0.0,0.0
2033-12-22 18:00:00,0.0,0.0
2033-12-22 19:00:00,0.0,0.0
2033-12-22 20:00:00,0.0,0.0
2033-12-22 21:00:00,0.0,0.0
2033-12-22 22:00:00,0.0,0.0
2033-12-22 23:00:00,0.0,0.0
2033-12-23 00:00:00,0.0,0.0
2033-12-23 01:00:00,0.0,0.0
2033-12-23 02:00:00,0.0,0.0
2033-12-23 03:00:00,0.0,74.39065253331552
2033-12-23 04:00:00,0.0,186.93035764781854
2033-12-23 05:00:00,0.0,268.95082069737157
2033-12-23 06:00:00,0.0,322.8363574682988
2033-12-23 07:00:00,0.0,349.54069427513
2033-12-23 08:00:00,0.0,352.8787363759839
2033-12-23 09:00:00,0.0,332.3736206135956
2033-12-23 10:00:00,0.0,286.11789435890586
2033-12-23 11:00:00,0.0,212.68096814012006
2033-12-23 12:00:00,0.0,110.15538932817877
2033-12-23 13:00:00,0.0,4.291768415383588
2033-12-23 14:00:00,0.0,0.0
2033-12-23 15:00:00,0.0,0.0
2033-12-23 16:00:00,0.0,0.0
2033-12-23 17:00:00,0.0,0.0
2033-12-23 18:00:00,0.0,0.0
2033-12-23 19:00:00,0.0,0.0
2033-12-23 20:00:00,0.0,0.0
2033-12-23 21:00:00,0.0,0.0
2033-12-23 22:00:00,0.0,0.0
2033-12-23 23:00:00,0.0,0.0
2033-12-24 00:00:00,0.0,0.0
2033-12-24 01:00:00,0.0,0.0
2033-12-24 02:00:00,0.0,0.0
2033-12-24 03:00:00,0.0,61.515347287164765
2033-12-24 04:00:00,0.0,176.91623134525682
2033-12-24 05:00:00,0.0,259.89042070933954
2033-12-24 06:00:00,0.0,305.19242064949964
2033-12-24 07:00:00,0.0,329.0355785127418
2033-12-24 08:00:00,0.0,329.9893048272714
2033-12-24 09:00:00,0.0,308.05359959308873
2033-12-24 10:00:00,0.0,262.7515996529286
2033-12-24 11:00:00,0.0,193.12957869226148
2033-12-24 12:00:00,0.0,96.80322092476315
2033-12-24 13:00:00,0.0,3.3380421008539023
2033-12-24 14:00:00,0.0,0.0
2033-12-24 15:00:00,0.0,0.0
2033-12-24 16:00:00,0.0,0.0
2033-12-24 17:00:00,0.0,0.0
2033-12-24 18:00:00,0.0,0.0
2033-12-24 19:00:00,0.0,0.0
2033-12-24 20:00:00,0.0,0.0
2033-12-24 21:00:00,0.0,0.0
2033-12-24 22:00:00,0.0,0.0
2033-12-24 23:00:00,0.0,0.0
2033-12-25 00:00:00,0.0,0.0
2033-12-25 01:00:00,0.0,0.0
2033-12-25 02:00:00,0.0,0.0
2033-12-25 03:00:00,0.0,80.5898735777585
2033-12-25 04:00:00,0.0,192.17585237773181
2033-12-25 05:00:00,0.0,273.2425891127551
2033-12-25 06:00:00,0.0,325.2206732546231
2033-12-25 07:00:00,0.0,351.9250100614542
2033-12-25 08:00:00,0.0,354.30932584777844
2033-12-25 09:00:00,0.0,335.2347995571847
2033-12-25 10:00:00,0.0,289.45593645975976
2033-12-25 11:00:00,0.0,216.49587339823879
2033-12-25 12:00:00,0.0,113.9702945862975
2033-12-25 13:00:00,0.0,5.245494729913275
2033-12-25 14:00:00,0.0,0.0
2033-12-25 15:00:00,0.0,0.0
2033-12-25 16:00:00,0.0,0.0
2033-12-25 17:00:00,0.0,0.0
2033-12-25 18:00:00,0.0,0.0
2033-12-25 19:00:00,0.0,0.0
2033-12-25 20:00:00,0.0,0.0
2033-12-25 21:00:00,0.0,0.0
2033-12-25 22:00:00,0.0,0.0
2033-12-25 23:00:00,0.0,0.0
2033-12-26 00:00:00,0.0,0.0
2033-12-26 01:00:00,0.0,0.0
2033-12-26 02:00:00,0.0,0.0
2033-12-26 03:00:00,0.0,59.13103150084055
2033-12-26 04:00:00,0.0,170.71701030081385
2033-12-26 05:00:00,0.0,261.79787333839886
2033-12-26 06:00:00,0.0,307.5767364358238
2033-12-26 07:00:00,0.0,339.0497048153034
2033-12-26 08:00:00,0.0,324.7438100973582
2033-12-26 09:00:00,0.0,270.3814101691661
2033-12-26 10:00:00,0.0,208.8660628820013
2033-12-26 11:00:00,0.0,136.85972613500996
2033-12-26 12:00:00,0.0,59.13103150084055
2033-12-26 13:00:00,0.0,0.0
2033-12-26 14:00:00,0.0,0.0
2033-12-26 15:00:00,0.0,0.0
2033-12-26 16:00:00,0.0,0.0
2033-12-26 17:00:00,0.0,0.0
2033-12-26 18:00:00,0.0,0.0
2033-12-26 19:00:00,0.0,0.0
2033-12-26 20:00:00,0.0,0.0
2033-12-26 21:00:00,0.0,0.0
2033-12-26 22:00:00,0.0,0.0
2033-12-26 23:00:00,0.0,0.0
2033-12-27 00:00:00,0.0,0.0
2033-12-27 01:00:00,0.0,0.0
2033-12-27 02:00:00,0.0,0.0
2033-12-27 03:00:00,0.0,28.13492627862575
2033-12-27 04:00:00,0.0,90.12713672305534
2033-12-27 05:00:00,0.0,155.45738926833886
2033-12-27 06:00:00,0.0,206.48174709567706
2033-12-27 07:00:00,0.0,237.95471547515672
2033-12-27 08:00:00,0.0,241.29275757601064
2033-12-27 09:00:00,0.0,203.1437049948232
2033-12-27 10:00:00,0.0,158.31856821192795
2033-12-27 11:00:00,0.0,104.43303144100065
2033-12-27 12:00:00,0.0,43.87141046836557
2033-12-27 13:00:00,0.0,0.0
2033-12-27 14:00:00,0.0,0.0
2033-12-27 15:00:00,0.0,0.0
2033-12-27 16:00:00,0.0,0.0
2033-12-27 17:00:00,0.0,0.0
2033-12-27 18:00:00,0.0,0.0
2033-12-27 19:00:00,0.0,0.0
2033-12-27 20:00:00,0.0,0.0
2033-12-27 21:00:00,0.0,0.0
2033-12-27 22:00:00,0.0,0.0
2033-12-27 23:00:00,0.0,0.0
2033-12-28 00:00:00,0.0,0.0
2033-12-28 01:00:00,0.0,0.0
2033-12-28 02:00:00,0.0,0.0
2033-12-28 03:00:00,0.0,15.736484189739823
2033-12-28 04:00:00,0.0,63.89966307348898
2033-12-28 05:00:00,0.0,106.81734722732487
2033-12-28 06:00:00,0.0,133.52168403415607
2033-12-28 07:00:00,0.0,142.10522086492327
2033-12-28 08:00:00,0.0,134.47541034868576
2033-12-28 09:00:00,0.0,113.49343142903267
2033-12-28 10:00:00,0.0,87.74282093673114
2033-12-28 11:00:00,0.0,56.746715714516334
2033-12-28 12:00:00,0.0,22.41256839144763
2033-12-28 13:00:00,0.0,0.0
2033-12-28 14:00:00,0.0,0.0
2033-12-28 15:00:00,0.0,0.0
2033-12-28 16:00:00,0.0,0.0
2033-12-28 17:00:00,0.0,0.0
2033-12-28 18:00:00,0.0,0.0
2033-12-28 19:00:00,0.0,0.0
2033-12-28 20:00:00,0.0,0.0
2033-12-28 21:00:00,0.0,0.0
2033-12-28 22:00:00,0.0,0.0
2033-12-28 23:00:00,0.0,0.0
2033-12-29 00:00:00,0.0,0.0
2033-12-29 01:00:00,0.0,0.0
2033-12-29 02:00:00,0.0,0.0
2033-12-29 03:00:00,0.0,30.042378907685116
2033-12-29 04:00:00,0.0,106.81734722732487
2033-12-29 05:00:00,0.0,192.65271553499667
2033-12-29 06:00:00,0.0,220.78764181362237
2033-12-29 07:00:00,0.0,237.4778523178919
2033-12-29 08:00:00,0.0,237.00098916062706
2033-12-29 09:00:00,0.0,226.03313654353565
2033-12-29 10:00:00,0.0,180.2542734461107
2033-12-29 11:00:00,0.0,116.35461037262172
2033-12-29 12:00:00,0.0,41.48709468204135
2033-12-29 13:00:00,0.0,0.0
2033-12-29 14:00:00,0.0,0.0
2033-12-29 15:00:00,0.0,0.0
2033-12-29 16:00:00,0.0,0.0
2033-12-29 17:00:00,0.0,0.0
2033-12-29 18:00:00,0.0,0.0
2033-12-29 19:00:00,0.0,0.0
2033-12-29 20:00:00,0.0,0.0
2033-12-29 21:00:00,0.0,0.0
2033-12-29 22:00:00,0.0,0.0
2033-12-29 23:00:00,0.0,0.0
2033-12-30 00:00:00,0.0,0.0
2033-12-30 01:00:00,0.0,0.0
2033-12-30 02:00:00,0.0,0.0
2033-12-30 03:00:00,0.0,54.362399928192126
2033-12-30 04:00:00,0.0,160.70288399825216
2033-12-30 05:00:00,0.0,243.67707336233488
2033-12-30 06:00:00,0.0,297.08574697599727
2033-12-30 07:00:00,0.0,313.299094323002
2033-12-30 08:00:00,0.0,319.0214522101801
2033-12-30 09:00:00,0.0,274.67317858454965
2033-12-30 10:00:00,0.0,209.81978919653096
2033-12-30 11:00:00,0.0,148.78130506663103
2033-12-30 12:00:00,0.0,68.19143148887258
2033-12-30 13:00:00,0.0,0.9537263145296863
2033-12-30 14:00:00,0.0,0.0
2033-12-30 15:00:00,0.0,0.0
2033-12-30 16:00:00,0.0,0.0
2033-12-30 17:00:00,0.0,0.0
2033-12-30 18:00:00,0.0,0.0
2033-12-30 19:00:00,0.0,0.0
2033-12-30 20:00:00,0.0,0.0
2033-12-30 21:00:00,0.0,0.0
2033-12-30 22:00:00,0.0,0.0
2033-12-30 23:00:00,0.0,0.0
2033-12-31 00:00:00,0.0,0.0
2033-12-31 01:00:00,0.0,0.0
2033-12-31 02:00:00,0.0,0.0
2033-12-31 03:00:00,0.0,68.19143148887258
2033-12-31 04:00:00,0.0,175.00877871619747
2033-12-31 05:00:00,0.0,256.55237860848564
2033-12-31 06:00:00,0.0,292.7939785606137
2033-12-31 07:00:00,0.0,313.77595748026675
2033-12-31 08:00:00,0.0,307.5767364358238
2033-12-31 09:00:00,0.0,306.6230101212941
2033-12-31 10:00:00,0.0,253.69119966489657
2033-12-31 11:00:00,0.0,186.45349449055368
2033-12-31 12:00:00,0.0,77.72869463416943
2033-12-31 13:00:00,0.0,0.9537263145296863
2033-12-31 14:00:00,0.0,0.0
2033-12-31 15:00:00,0.0,0.0
2033-12-31 16:00:00,0.0,0.0
2033-12-31 17:00:00,0.0,0.0
2033-12-31 18:00:00,0.0,0.0
2033-12-31 19:00:00,0.0,0.0
2033-12-31 20:00:00,0.0,0.0
2033-12-31 21:00:00,0.0,0.0
2033-12-31 22:00:00,0.0,0.0
2033-12-31 23:00:00,0.0,0.0
