timestamp,P_wind_MW,P_solar_MW
2030-01-01 00:00:00,0.0,0.0
2030-01-01 01:00:00,0.0,0.0
2030-01-01 02:00:00,0.0,0.0
2030-01-01 03:00:00,0.0,79.02545625000002
2030-01-01 04:00:00,0.0,190.53376875000006
2030-01-01 05:00:00,0.0,272.95295625000006
2030-01-01 06:00:00,0.0,323.858925
2030-01-01 07:00:00,0.0,351.49359375000006
2030-01-01 08:00:00,0.0,354.8873250000001
2030-01-01 09:00:00,0.0,333.07048125000006
2030-01-01 10:00:00,0.0,286.52788125000006
2030-01-01 11:00:00,0.0,212.35061250000004
2030-01-01 12:00:00,0.0,108.11458125000003
2030-01-01 13:00:00,0.0,4.363368750000001
2030-01-01 14:00:00,0.0,0.0
2030-01-01 15:00:00,0.0,0.0
2030-01-01 16:00:00,0.0,0.0
2030-01-01 17:00:00,0.0,0.0
2030-01-01 18:00:00,0.0,0.0
2030-01-01 19:00:00,0.0,0.0
2030-01-01 20:00:00,0.0,0.0
2030-01-01 21:00:00,0.0,0.0
2030-01-01 22:00:00,0.0,0.0
2030-01-01 23:00:00,0.0,0.0
2030-01-02 00:00:00,0.0,0.0
2030-01-02 01:00:00,0.0,0.0
2030-01-02 02:00:00,0.0,0.0
2030-01-02 03:00:00,0.0,73.69245000000001
2030-01-02 04:00:00,0.0,185.20076250000005
2030-01-02 05:00:00,0.0,268.58958750000005
2030-01-02 06:00:00,0.0,321.9196500000001
2030-01-02 07:00:00,0.0,349.55431875000005
2030-01-02 08:00:00,0.0,351.97841250000005
2030-01-02 09:00:00,0.0,329.6767500000001
2030-01-02 10:00:00,0.0,282.64933125000005
2030-01-02 11:00:00,0.0,207.98724375000003
2030-01-02 12:00:00,0.0,104.23603125000002
2030-01-02 13:00:00,0.0,4.363368750000001
2030-01-02 14:00:00,0.0,0.0
2030-01-02 15:00:00,0.0,0.0
2030-01-02 16:00:00,0.0,0.0
2030-01-02 17:00:00,0.0,0.0
2030-01-02 18:00:00,0.0,0.0
2030-01-02 19:00:00,0.0,0.0
2030-01-02 20:00:00,0.0,0.0
2030-01-02 21:00:00,0.0,0.0
2030-01-02 22:00:00,0.0,0.0
2030-01-02 23:00:00,0.0,0.0
2030-01-03 00:00:00,0.0,0.0
2030-01-03 01:00:00,0.0,0.0
2030-01-03 02:00:00,0.0,0.0
2030-01-03 03:00:00,0.0,79.02545625000002
2030-01-03 04:00:00,0.0,190.04895000000005
2030-01-03 05:00:00,0.0,273.43777500000004
2030-01-03 06:00:00,0.0,327.7374750000001
2030-01-03 07:00:00,0.0,354.40250625000004
2030-01-03 08:00:00,0.0,356.82660000000004
2030-01-03 09:00:00,0.0,335.494575
2030-01-03 10:00:00,0.0,289.43679375000005
2030-01-03 11:00:00,0.0,215.74434375000004
2030-01-03 12:00:00,0.0,112.47795000000002
2030-01-03 13:00:00,0.0,5.817825000000001
2030-01-03 14:00:00,0.0,0.0
2030-01-03 15:00:00,0.0,0.0
2030-01-03 16:00:00,0.0,0.0
2030-01-03 17:00:00,0.0,0.0
2030-01-03 18:00:00,0.0,0.0
2030-01-03 19:00:00,0.0,0.0
2030-01-03 20:00:00,0.0,0.0
2030-01-03 21:00:00,0.0,0.0
2030-01-03 22:00:00,0.0,0.0
2030-01-03 23:00:00,0.0,0.0
2030-01-04 00:00:00,0.0,0.0
2030-01-04 01:00:00,0.0,0.0
2030-01-04 02:00:00,0.0,0.0
2030-01-04 03:00:00,0.0,82.90400625000002
2030-01-04 04:00:00,0.0,195.38195625000006
2030-01-04 05:00:00,0.0,276.8315062500001
2030-01-04 06:00:00,0.0,327.2526562500001
2030-01-04 07:00:00,0.0,352.94805
2030-01-04 08:00:00,0.0,354.8873250000001
2030-01-04 09:00:00,0.0,333.55530000000005
2030-01-04 10:00:00,0.0,286.52788125000006
2030-01-04 11:00:00,0.0,212.83543125000006
2030-01-04 12:00:00,0.0,109.56903750000002
2030-01-04 13:00:00,0.0,5.817825000000001
2030-01-04 14:00:00,0.0,0.0
2030-01-04 15:00:00,0.0,0.0
2030-01-04 16:00:00,0.0,0.0
2030-01-04 17:00:00,0.0,0.0
2030-01-04 18:00:00,0.0,0.0
2030-01-04 19:00:00,0.0,0.0
2030-01-04 20:00:00,0.0,0.0
2030-01-04 21:00:00,0.0,0.0
2030-01-04 22:00:00,0.0,0.0
2030-01-04 23:00:00,0.0,0.0
2030-01-05 00:00:00,0.0,0.0
2030-01-05 01:00:00,0.0,0.0
2030-01-05 02:00:00,0.0,0.0
2030-01-05 03:00:00,0.0,74.66208750000001
2030-01-05 04:00:00,0.0,184.23112500000002
2030-01-05 05:00:00,0.0,265.1958562500001
2030-01-05 06:00:00,0.0,313.1929125000001
2030-01-05 07:00:00,0.0,338.8883062500001
2030-01-05 08:00:00,0.0,340.82758125000004
2030-01-05 09:00:00,0.0,319.98037500000004
2030-01-05 10:00:00,0.0,272.4681375
2030-01-05 11:00:00,0.0,196.35159375000003
2030-01-05 12:00:00,0.0,91.63074375000001
2030-01-05 13:00:00,0.0,2.4240937500000004
2030-01-05 14:00:00,0.0,0.0
2030-01-05 15:00:00,0.0,0.0
2030-01-05 16:00:00,0.0,0.0
2030-01-05 17:00:00,0.0,0.0
2030-01-05 18:00:00,0.0,0.0
2030-01-05 19:00:00,0.0,0.0
2030-01-05 20:00:00,0.0,0.0
2030-01-05 21:00:00,0.0,0.0
2030-01-05 22:00:00,0.0,0.0
2030-01-05 23:00:00,0.0,0.0
2030-01-06 00:00:00,0.0,0.0
2030-01-06 01:00:00,0.0,0.0
2030-01-06 02:00:00,0.0,0.0
2030-01-06 03:00:00,0.0,55.75415625000001
2030-01-06 04:00:00,0.0,158.53573125000003
2030-01-06 05:00:00,0.0,251.62093125000004
2030-01-06 06:00:00,0.0,308.8295437500001
2030-01-06 07:00:00,0.0,338.8883062500001
2030-01-06 08:00:00,0.0,343.25167500000003
2030-01-06 09:00:00,0.0,322.40446875000004
2030-01-06 10:00:00,0.0,274.89223125000007
2030-01-06 11:00:00,0.0,199.74532500000004
2030-01-06 12:00:00,0.0,94.53965625000002
2030-01-06 13:00:00,0.0,3.393731250000001
2030-01-06 14:00:00,0.0,0.0
2030-01-06 15:00:00,0.0,0.0
2030-01-06 16:00:00,0.0,0.0
2030-01-06 17:00:00,0.0,0.0
2030-01-06 18:00:00,0.0,0.0
2030-01-06 19:00:00,0.0,0.0
2030-01-06 20:00:00,0.0,0.0
2030-01-06 21:00:00,0.0,0.0
2030-01-06 22:00:00,0.0,0.0
2030-01-06 23:00:00,0.0,0.0
2030-01-07 00:00:00,0.0,0.0
2030-01-07 01:00:00,0.0,0.0
2030-01-07 02:00:00,0.0,0.0
2030-01-07 03:00:00,0.0,79.02545625000002
2030-01-07 04:00:00,0.0,189.56413125000003
2030-01-07 05:00:00,0.0,272.95295625000006
2030-01-07 06:00:00,0.0,325.79820000000007
2030-01-07 07:00:00,0.0,353.91768750000006
2030-01-07 08:00:00,0.0,356.34178125000005
2030-01-07 09:00:00,0.0,331.6160250000001
2030-01-07 10:00:00,0.0,283.6189687500001
2030-01-07 11:00:00,0.0,207.50242500000004
2030-01-07 12:00:00,0.0,101.32711875000001
2030-01-07 13:00:00,0.0,3.8785500000000006
2030-01-07 14:00:00,0.0,0.0
2030-01-07 15:00:00,0.0,0.0
2030-01-07 16:00:00,0.0,0.0
2030-01-07 17:00:00,0.0,0.0
2030-01-07 18:00:00,0.0,0.0
2030-01-07 19:00:00,0.0,0.0
2030-01-07 20:00:00,0.0,0.0
2030-01-07 21:00:00,0.0,0.0
2030-01-07 22:00:00,0.0,0.0
2030-01-07 23:00:00,0.0,0.0
2030-01-08 00:00:00,0.0,0.0
2030-01-08 01:00:00,0.0,0.0
2030-01-08 02:00:00,0.0,0.0
2030-01-08 03:00:00,0.0,76.11654375000002
2030-01-08 04:00:00,0.0,189.56413125000003
2030-01-08 05:00:00,0.0,272.95295625000006
2030-01-08 06:00:00,0.0,324.82856250000003
2030-01-08 07:00:00,0.0,351.97841250000005
2030-01-08 08:00:00,0.0,353.91768750000006
2030-01-08 09:00:00,0.0,332.5856625000001
2030-01-08 10:00:00,0.0,284.5886062500001
2030-01-08 11:00:00,0.0,209.44170000000003
2030-01-08 12:00:00,0.0,106.17530625000002
2030-01-08 13:00:00,0.0,5.817825000000001
2030-01-08 14:00:00,0.0,0.0
2030-01-08 15:00:00,0.0,0.0
2030-01-08 16:00:00,0.0,0.0
2030-01-08 17:00:00,0.0,0.0
2030-01-08 18:00:00,0.0,0.0
2030-01-08 19:00:00,0.0,0.0
2030-01-08 20:00:00,0.0,0.0
2030-01-08 21:00:00,0.0,0.0
2030-01-08 22:00:00,0.0,0.0
2030-01-08 23:00:00,0.0,0.0
2030-01-09 00:00:00,0.0,0.0
2030-01-09 01:00:00,0.0,0.0
2030-01-09 02:00:00,0.0,0.0
2030-01-09 03:00:00,0.0,80.47991250000003
2030-01-09 04:00:00,0.0,191.50340625000004
2030-01-09 05:00:00,0.0,274.4074125000001
2030-01-09 06:00:00,0.0,328.7071125000001
2030-01-09 07:00:00,0.0,355.37214375
2030-01-09 08:00:00,0.0,358.2810562500001
2030-01-09 09:00:00,0.0,334.0401187500001
2030-01-09 10:00:00,0.0,286.52788125000006
2030-01-09 11:00:00,0.0,208.47206250000005
2030-01-09 12:00:00,0.0,107.14494375000002
2030-01-09 13:00:00,0.0,6.302643750000001
2030-01-09 14:00:00,0.0,0.0
2030-01-09 15:00:00,0.0,0.0
2030-01-09 16:00:00,0.0,0.0
2030-01-09 17:00:00,0.0,0.0
2030-01-09 18:00:00,0.0,0.0
2030-01-09 19:00:00,0.0,0.0
2030-01-09 20:00:00,0.0,0.0
2030-01-09 21:00:00,0.0,0.0
2030-01-09 22:00:00,0.0,0.0
2030-01-09 23:00:00,0.0,0.0
2030-01-10 00:00:00,0.0,0.0
2030-01-10 01:00:00,0.0,0.0
2030-01-10 02:00:00,0.0,0.0
2030-01-10 03:00:00,0.0,69.81390000000002
2030-01-10 04:00:00,0.0,191.50340625000004
2030-01-10 05:00:00,0.0,274.4074125000001
2030-01-10 06:00:00,0.0,330.1615687500001
2030-01-10 07:00:00,0.0,356.82660000000004
2030-01-10 08:00:00,0.0,358.76587500000005
2030-01-10 09:00:00,0.0,335.494575
2030-01-10 10:00:00,0.0,286.52788125000006
2030-01-10 11:00:00,0.0,212.83543125000006
2030-01-10 12:00:00,0.0,109.08421875000002
2030-01-10 13:00:00,0.0,6.302643750000001
2030-01-10 14:00:00,0.0,0.0
2030-01-10 15:00:00,0.0,0.0
2030-01-10 16:00:00,0.0,0.0
2030-01-10 17:00:00,0.0,0.0
2030-01-10 18:00:00,0.0,0.0
2030-01-10 19:00:00,0.0,0.0
2030-01-10 20:00:00,0.0,0.0
2030-01-10 21:00:00,0.0,0.0
2030-01-10 22:00:00,0.0,0.0
2030-01-10 23:00:00,0.0,0.0
2030-01-11 00:00:00,0.0,0.0
2030-01-11 01:00:00,0.0,0.0
2030-01-11 02:00:00,0.0,0.0
2030-01-11 03:00:00,0.0,68.84426250000001
2030-01-11 04:00:00,0.0,181.32221250000003
2030-01-11 05:00:00,0.0,266.16549375000005
2030-01-11 06:00:00,0.0,325.31338125000013
2030-01-11 07:00:00,0.0,349.55431875000005
2030-01-11 08:00:00,0.0,349.55431875000005
2030-01-11 09:00:00,0.0,319.01073750000006
2030-01-11 10:00:00,0.0,265.1958562500001
2030-01-11 11:00:00,0.0,181.32221250000003
2030-01-11 12:00:00,0.0,74.66208750000001
2030-01-11 13:00:00,0.0,1.4544562500000002
2030-01-11 14:00:00,0.0,0.0
2030-01-11 15:00:00,0.0,0.0
2030-01-11 16:00:00,0.0,0.0
2030-01-11 17:00:00,0.0,0.0
2030-01-11 18:00:00,0.0,0.0
2030-01-11 19:00:00,0.0,0.0
2030-01-11 20:00:00,0.0,0.0
2030-01-11 21:00:00,0.0,0.0
2030-01-11 22:00:00,0.0,0.0
2030-01-11 23:00:00,0.0,0.0
2030-01-12 00:00:00,0.0,0.0
2030-01-12 01:00:00,0.0,0.0
2030-01-12 02:00:00,0.0,0.0
2030-01-12 03:00:00,0.0,71.26835625000001
2030-01-12 04:00:00,0.0,184.71594375000004
2030-01-12 05:00:00,0.0,269.0744062500001
2030-01-12 06:00:00,0.0,331.6160250000001
2030-01-12 07:00:00,0.0,355.37214375
2030-01-12 08:00:00,0.0,355.8569625000001
2030-01-12 09:00:00,0.0,333.55530000000005
2030-01-12 10:00:00,0.0,285.07342500000004
2030-01-12 11:00:00,0.0,209.92651875
2030-01-12 12:00:00,0.0,104.23603125000002
2030-01-12 13:00:00,0.0,5.333006250000001
2030-01-12 14:00:00,0.0,0.0
2030-01-12 15:00:00,0.0,0.0
2030-01-12 16:00:00,0.0,0.0
2030-01-12 17:00:00,0.0,0.0
2030-01-12 18:00:00,0.0,0.0
2030-01-12 19:00:00,0.0,0.0
2030-01-12 20:00:00,0.0,0.0
2030-01-12 21:00:00,0.0,0.0
2030-01-12 22:00:00,0.0,0.0
2030-01-12 23:00:00,0.0,0.0
2030-01-13 00:00:00,0.0,0.0
2030-01-13 01:00:00,0.0,0.0
2030-01-13 02:00:00,0.0,0.0
2030-01-13 03:00:00,0.0,75.631725
2030-01-13 04:00:00,0.0,186.17040000000003
2030-01-13 05:00:00,0.0,270.04404375000007
2030-01-13 06:00:00,0.0,320.95001250000007
2030-01-13 07:00:00,0.0,348.5846812500001
2030-01-13 08:00:00,0.0,351.49359375000006
2030-01-13 09:00:00,0.0,329.19193125000004
2030-01-13 10:00:00,0.0,280.71005625000004
2030-01-13 11:00:00,0.0,204.10869375000004
2030-01-13 12:00:00,0.0,98.41820625000001
2030-01-13 13:00:00,0.0,4.363368750000001
2030-01-13 14:00:00,0.0,0.0
2030-01-13 15:00:00,0.0,0.0
2030-01-13 16:00:00,0.0,0.0
2030-01-13 17:00:00,0.0,0.0
2030-01-13 18:00:00,0.0,0.0
2030-01-13 19:00:00,0.0,0.0
2030-01-13 20:00:00,0.0,0.0
2030-01-13 21:00:00,0.0,0.0
2030-01-13 22:00:00,0.0,0.0
2030-01-13 23:00:00,0.0,0.0
2030-01-14 00:00:00,0.0,0.0
2030-01-14 01:00:00,0.0,0.0
2030-01-14 02:00:00,0.0,0.0
2030-01-14 03:00:00,0.0,55.26933750000001
2030-01-14 04:00:00,0.0,165.80801250000005
2030-01-14 05:00:00,0.0,245.80310625000007
2030-01-14 06:00:00,0.0,311.73845625
2030-01-14 07:00:00,0.0,346.64540625000006
2030-01-14 08:00:00,0.0,336.4642125000001
2030-01-14 09:00:00,0.0,313.6777312500001
2030-01-14 10:00:00,0.0,275.37705000000005
2030-01-14 11:00:00,0.0,198.29086875000004
2030-01-14 12:00:00,0.0,95.50929375000003
2030-01-14 13:00:00,0.0,3.393731250000001
2030-01-14 14:00:00,0.0,0.0
2030-01-14 15:00:00,0.0,0.0
2030-01-14 16:00:00,0.0,0.0
2030-01-14 17:00:00,0.0,0.0
2030-01-14 18:00:00,0.0,0.0
2030-01-14 19:00:00,0.0,0.0
2030-01-14 20:00:00,0.0,0.0
2030-01-14 21:00:00,0.0,0.0
2030-01-14 22:00:00,0.0,0.0
2030-01-14 23:00:00,0.0,0.0
2030-01-15 00:00:00,0.0,0.0
2030-01-15 01:00:00,0.0,0.0
2030-01-15 02:00:00,0.0,0.0
2030-01-15 03:00:00,0.0,65.45053125000001
2030-01-15 04:00:00,0.0,161.9294625
2030-01-15 05:00:00,0.0,247.74238125000005
2030-01-15 06:00:00,0.0,311.73845625
2030-01-15 07:00:00,0.0,343.7364937500001
2030-01-15 08:00:00,0.0,348.0998625000001
2030-01-15 09:00:00,0.0,333.07048125000006
2030-01-15 10:00:00,0.0,289.92161250000004
2030-01-15 11:00:00,0.0,215.74434375000004
2030-01-15 12:00:00,0.0,111.50831250000002
2030-01-15 13:00:00,0.0,7.757100000000001
2030-01-15 14:00:00,0.0,0.0
2030-01-15 15:00:00,0.0,0.0
2030-01-15 16:00:00,0.0,0.0
2030-01-15 17:00:00,0.0,0.0
2030-01-15 18:00:00,0.0,0.0
2030-01-15 19:00:00,0.0,0.0
2030-01-15 20:00:00,0.0,0.0
2030-01-15 21:00:00,0.0,0.0
2030-01-15 22:00:00,0.0,0.0
2030-01-15 23:00:00,0.0,0.0
2030-01-16 00:00:00,0.0,0.0
2030-01-16 01:00:00,0.0,0.0
2030-01-16 02:00:00,0.0,0.0
2030-01-16 03:00:00,0.0,81.93436875000002
2030-01-16 04:00:00,0.0,191.50340625000004
2030-01-16 05:00:00,0.0,275.37705000000005
2030-01-16 06:00:00,0.0,329.6767500000001
2030-01-16 07:00:00,0.0,356.82660000000004
2030-01-16 08:00:00,0.0,359.25069375000004
2030-01-16 09:00:00,0.0,339.3731250000001
2030-01-16 10:00:00,0.0,291.86088750000005
2030-01-16 11:00:00,0.0,217.19880000000006
2030-01-16 12:00:00,0.0,113.44758750000001
2030-01-16 13:00:00,0.0,8.241918750000002
2030-01-16 14:00:00,0.0,0.0
2030-01-16 15:00:00,0.0,0.0
2030-01-16 16:00:00,0.0,0.0
2030-01-16 17:00:00,0.0,0.0
2030-01-16 18:00:00,0.0,0.0
2030-01-16 19:00:00,0.0,0.0
2030-01-16 20:00:00,0.0,0.0
2030-01-16 21:00:00,0.0,0.0
2030-01-16 22:00:00,0.0,0.0
2030-01-16 23:00:00,0.0,0.0
2030-01-17 00:00:00,0.0,0.0
2030-01-17 01:00:00,0.0,0.0
2030-01-17 02:00:00,0.0,0.0
2030-01-17 03:00:00,0.0,87.75219375
2030-01-17 04:00:00,0.0,198.29086875000004
2030-01-17 05:00:00,0.0,280.71005625000004
2030-01-17 06:00:00,0.0,333.55530000000005
2030-01-17 07:00:00,0.0,360.2203312500001
2030-01-17 08:00:00,0.0,361.67478750000004
2030-01-17 09:00:00,0.0,337.43385000000006
2030-01-17 10:00:00,0.0,288.95197500000006
2030-01-17 11:00:00,0.0,212.35061250000004
2030-01-17 12:00:00,0.0,106.66012500000001
2030-01-17 13:00:00,0.0,6.787462500000002
2030-01-17 14:00:00,0.0,0.0
2030-01-17 15:00:00,0.0,0.0
2030-01-17 16:00:00,0.0,0.0
2030-01-17 17:00:00,0.0,0.0
2030-01-17 18:00:00,0.0,0.0
2030-01-17 19:00:00,0.0,0.0
2030-01-17 20:00:00,0.0,0.0
2030-01-17 21:00:00,0.0,0.0
2030-01-17 22:00:00,0.0,0.0
2030-01-17 23:00:00,0.0,0.0
2030-01-18 00:00:00,0.0,0.0
2030-01-18 01:00:00,0.0,0.0
2030-01-18 02:00:00,0.0,0.0
2030-01-18 03:00:00,0.0,80.47991250000003
2030-01-18 04:00:00,0.0,188.10967500000004
2030-01-18 05:00:00,0.0,264.22621875000004
2030-01-18 06:00:00,0.0,310.28400000000005
2030-01-18 07:00:00,0.0,348.0998625000001
2030-01-18 08:00:00,0.0,349.0695000000001
2030-01-18 09:00:00,0.0,328.7071125000001
2030-01-18 10:00:00,0.0,285.07342500000004
2030-01-18 11:00:00,0.0,211.86579375000005
2030-01-18 12:00:00,0.0,108.11458125000003
2030-01-18 13:00:00,0.0,7.757100000000001
2030-01-18 14:00:00,0.0,0.0
2030-01-18 15:00:00,0.0,0.0
2030-01-18 16:00:00,0.0,0.0
2030-01-18 17:00:00,0.0,0.0
2030-01-18 18:00:00,0.0,0.0
2030-01-18 19:00:00,0.0,0.0
2030-01-18 20:00:00,0.0,0.0
2030-01-18 21:00:00,0.0,0.0
2030-01-18 22:00:00,0.0,0.0
2030-01-18 23:00:00,0.0,0.0
2030-01-19 00:00:00,0.0,0.0
2030-01-19 01:00:00,0.0,0.0
2030-01-19 02:00:00,0.0,0.0
2030-01-19 03:00:00,0.0,80.47991250000003
2030-01-19 04:00:00,0.0,190.53376875000006
2030-01-19 05:00:00,0.0,271.9833187500001
2030-01-19 06:00:00,0.0,324.82856250000003
2030-01-19 07:00:00,0.0,351.49359375000006
2030-01-19 08:00:00,0.0,353.91768750000006
2030-01-19 09:00:00,0.0,325.79820000000007
2030-01-19 10:00:00,0.0,275.37705000000005
2030-01-19 11:00:00,0.0,195.38195625000006
2030-01-19 12:00:00,0.0,88.2370125
2030-01-19 13:00:00,0.0,3.8785500000000006
2030-01-19 14:00:00,0.0,0.0
2030-01-19 15:00:00,0.0,0.0
2030-01-19 16:00:00,0.0,0.0
2030-01-19 17:00:00,0.0,0.0
2030-01-19 18:00:00,0.0,0.0
2030-01-19 19:00:00,0.0,0.0
2030-01-19 20:00:00,0.0,0.0
2030-01-19 21:00:00,0.0,0.0
2030-01-19 22:00:00,0.0,0.0
2030-01-19 23:00:00,0.0,0.0
2030-01-20 00:00:00,0.0,0.0
2030-01-20 01:00:00,0.0,0.0
2030-01-20 02:00:00,0.0,0.0
2030-01-20 03:00:00,0.0,49.936331250000016
2030-01-20 04:00:00,0.0,150.29381250000003
2030-01-20 05:00:00,0.0,238.04600625000006
2030-01-20 06:00:00,0.0,303.98135625000003
2030-01-20 07:00:00,0.0,331.6160250000001
2030-01-20 08:00:00,0.0,332.1008437500001
2030-01-20 09:00:00,0.0,309.79918125000006
2030-01-20 10:00:00,0.0,255.98430000000002
2030-01-20 11:00:00,0.0,174.53475000000006
2030-01-20 12:00:00,0.0,74.66208750000001
2030-01-20 13:00:00,0.0,2.9089125000000005
2030-01-20 14:00:00,0.0,0.0
2030-01-20 15:00:00,0.0,0.0
2030-01-20 16:00:00,0.0,0.0
2030-01-20 17:00:00,0.0,0.0
2030-01-20 18:00:00,0.0,0.0
2030-01-20 19:00:00,0.0,0.0
2030-01-20 20:00:00,0.0,0.0
2030-01-20 21:00:00,0.0,0.0
2030-01-20 22:00:00,0.0,0.0
2030-01-20 23:00:00,0.0,0.0
2030-01-21 00:00:00,0.0,0.0
2030-01-21 01:00:00,0.0,0.0
2030-01-21 02:00:00,0.0,0.0
2030-01-21 03:00:00,0.0,87.75219375
2030-01-21 04:00:00,0.0,204.10869375000004
2030-01-21 05:00:00,0.0,287.0127000000001
2030-01-21 06:00:00,0.0,340.82758125000004
2030-01-21 07:00:00,0.0,365.5533375000001
2030-01-21 08:00:00,0.0,366.52297500000003
2030-01-21 09:00:00,0.0,343.25167500000003
2030-01-21 10:00:00,0.0,293.80016250000006
2030-01-21 11:00:00,0.0,215.25952500000002
2030-01-21 12:00:00,0.0,107.14494375000002
2030-01-21 13:00:00,0.0,7.757100000000001
2030-01-21 14:00:00,0.0,0.0
2030-01-21 15:00:00,0.0,0.0
2030-01-21 16:00:00,0.0,0.0
2030-01-21 17:00:00,0.0,0.0
2030-01-21 18:00:00,0.0,0.0
2030-01-21 19:00:00,0.0,0.0
2030-01-21 20:00:00,0.0,0.0
2030-01-21 21:00:00,0.0,0.0
2030-01-21 22:00:00,0.0,0.0
2030-01-21 23:00:00,0.0,0.0
2030-01-22 00:00:00,0.0,0.0
2030-01-22 01:00:00,0.0,0.0
2030-01-22 02:00:00,0.0,0.0
2030-01-22 03:00:00,0.0,87.75219375
2030-01-22 04:00:00,0.0,202.16941875
2030-01-22 05:00:00,0.0,285.55824375000003
2030-01-22 06:00:00,0.0,341.3124000000001
2030-01-22 07:00:00,0.0,367.9774312500001
2030-01-22 08:00:00,0.0,368.9470687500001
2030-01-22 09:00:00,0.0,347.13022500000005
2030-01-22 10:00:00,0.0,297.6787125000001
2030-01-22 11:00:00,0.0,219.62289375000003
2030-01-22 12:00:00,0.0,111.50831250000002
2030-01-22 13:00:00,0.0,8.241918750000002
2030-01-22 14:00:00,0.0,0.0
2030-01-22 15:00:00,0.0,0.0
2030-01-22 16:00:00,0.0,0.0
2030-01-22 17:00:00,0.0,0.0
2030-01-22 18:00:00,0.0,0.0
2030-01-22 19:00:00,0.0,0.0
2030-01-22 20:00:00,0.0,0.0
2030-01-22 21:00:00,0.0,0.0
2030-01-22 22:00:00,0.0,0.0
2030-01-22 23:00:00,0.0,0.0
2030-01-23 00:00:00,0.0,0.0
2030-01-23 01:00:00,0.0,0.0
2030-01-23 02:00:00,0.0,0.0
2030-01-23 03:00:00,0.0,86.78255625000001
2030-01-23 04:00:00,0.0,200.7149625
2030-01-23 05:00:00,0.0,284.5886062500001
2030-01-23 06:00:00,0.0,336.4642125000001
2030-01-23 07:00:00,0.0,364.09888125000003
2030-01-23 08:00:00,0.0,366.03815625000004
2030-01-23 09:00:00,0.0,346.1605875000001
2030-01-23 10:00:00,0.0,297.6787125000001
2030-01-23 11:00:00,0.0,220.59253125000004
2030-01-23 12:00:00,0.0,113.44758750000001
2030-01-23 13:00:00,0.0,9.696375000000002
2030-01-23 14:00:00,0.0,0.0
2030-01-23 15:00:00,0.0,0.0
2030-01-23 16:00:00,0.0,0.0
2030-01-23 17:00:00,0.0,0.0
2030-01-23 18:00:00,0.0,0.0
2030-01-23 19:00:00,0.0,0.0
2030-01-23 20:00:00,0.0,0.0
2030-01-23 21:00:00,0.0,0.0
2030-01-23 22:00:00,0.0,0.0
2030-01-23 23:00:00,0.0,0.0
2030-01-24 00:00:00,0.0,0.0
2030-01-24 01:00:00,0.0,0.0
2030-01-24 02:00:00,0.0,0.0
2030-01-24 03:00:00,0.0,89.20665000000001
2030-01-24 04:00:00,0.0,200.23014375
2030-01-24 05:00:00,0.0,282.64933125000005
2030-01-24 06:00:00,0.0,336.4642125000001
2030-01-24 07:00:00,0.0,363.6140625000001
2030-01-24 08:00:00,0.0,366.03815625000004
2030-01-24 09:00:00,0.0,345.1909500000001
2030-01-24 10:00:00,0.0,297.19389375000003
2030-01-24 11:00:00,0.0,221.07735000000005
2030-01-24 12:00:00,0.0,115.38686250000002
2030-01-24 13:00:00,0.0,11.150831250000001
2030-01-24 14:00:00,0.0,0.0
2030-01-24 15:00:00,0.0,0.0
2030-01-24 16:00:00,0.0,0.0
2030-01-24 17:00:00,0.0,0.0
2030-01-24 18:00:00,0.0,0.0
2030-01-24 19:00:00,0.0,0.0
2030-01-24 20:00:00,0.0,0.0
2030-01-24 21:00:00,0.0,0.0
2030-01-24 22:00:00,0.0,0.0
2030-01-24 23:00:00,0.0,0.0
2030-01-25 00:00:00,0.0,0.0
2030-01-25 01:00:00,0.0,0.0
2030-01-25 02:00:00,0.0,0.0
2030-01-25 03:00:00,0.0,83.38882500000001
2030-01-25 04:00:00,0.0,191.50340625000004
2030-01-25 05:00:00,0.0,274.89223125000007
2030-01-25 06:00:00,0.0,328.7071125000001
2030-01-25 07:00:00,0.0,356.34178125000005
2030-01-25 08:00:00,0.0,359.7355125000001
2030-01-25 09:00:00,0.0,334.5249375000001
2030-01-25 10:00:00,0.0,283.6189687500001
2030-01-25 11:00:00,0.0,208.47206250000005
2030-01-25 12:00:00,0.0,106.66012500000001
2030-01-25 13:00:00,0.0,8.726737500000002
2030-01-25 14:00:00,0.0,0.0
2030-01-25 15:00:00,0.0,0.0
2030-01-25 16:00:00,0.0,0.0
2030-01-25 17:00:00,0.0,0.0
2030-01-25 18:00:00,0.0,0.0
2030-01-25 19:00:00,0.0,0.0
2030-01-25 20:00:00,0.0,0.0
2030-01-25 21:00:00,0.0,0.0
2030-01-25 22:00:00,0.0,0.0
2030-01-25 23:00:00,0.0,0.0
2030-01-26 00:00:00,0.0,0.0
2030-01-26 01:00:00,0.0,0.0
2030-01-26 02:00:00,0.0,0.0
2030-01-26 03:00:00,0.0,81.44955000000002
2030-01-26 04:00:00,0.0,191.01858750000005
2030-01-26 05:00:00,0.0,274.4074125000001
2030-01-26 06:00:00,0.0,330.1615687500001
2030-01-26 07:00:00,0.0,357.7962375
2030-01-26 08:00:00,0.0,359.7355125000001
2030-01-26 09:00:00,0.0,337.91866875
2030-01-26 10:00:00,0.0,289.43679375000005
2030-01-26 11:00:00,0.0,212.83543125000006
2030-01-26 12:00:00,0.0,106.66012500000001
2030-01-26 13:00:00,0.0,8.726737500000002
2030-01-26 14:00:00,0.0,0.0
2030-01-26 15:00:00,0.0,0.0
2030-01-26 16:00:00,0.0,0.0
2030-01-26 17:00:00,0.0,0.0
2030-01-26 18:00:00,0.0,0.0
2030-01-26 19:00:00,0.0,0.0
2030-01-26 20:00:00,0.0,0.0
2030-01-26 21:00:00,0.0,0.0
2030-01-26 22:00:00,0.0,0.0
2030-01-26 23:00:00,0.0,0.0
2030-01-27 00:00:00,0.0,0.0
2030-01-27 01:00:00,0.0,0.0
2030-01-27 02:00:00,0.0,0.0
2030-01-27 03:00:00,0.0,81.44955000000002
2030-01-27 04:00:00,0.0,191.98822500000003
2030-01-27 05:00:00,0.0,275.37705000000005
2030-01-27 06:00:00,0.0,330.6463875000001
2030-01-27 07:00:00,0.0,358.2810562500001
2030-01-27 08:00:00,0.0,360.70515000000006
2030-01-27 09:00:00,0.0,336.4642125000001
2030-01-27 10:00:00,0.0,287.49751875000004
2030-01-27 11:00:00,0.0,210.41133750000003
2030-01-27 12:00:00,0.0,104.72085000000001
2030-01-27 13:00:00,0.0,8.726737500000002
2030-01-27 14:00:00,0.0,0.0
2030-01-27 15:00:00,0.0,0.0
2030-01-27 16:00:00,0.0,0.0
2030-01-27 17:00:00,0.0,0.0
2030-01-27 18:00:00,0.0,0.0
2030-01-27 19:00:00,0.0,0.0
2030-01-27 20:00:00,0.0,0.0
2030-01-27 21:00:00,0.0,0.0
2030-01-27 22:00:00,0.0,0.0
2030-01-27 23:00:00,0.0,0.0
2030-01-28 00:00:00,0.0,0.0
2030-01-28 01:00:00,0.0,0.0
2030-01-28 02:00:00,0.0,0.0
2030-01-28 03:00:00,0.0,84.84328125000002
2030-01-28 04:00:00,0.0,193.92750000000004
2030-01-28 05:00:00,0.0,275.37705000000005
2030-01-28 06:00:00,0.0,331.6160250000001
2030-01-28 07:00:00,0.0,359.25069375000004
2030-01-28 08:00:00,0.0,362.1596062500001
2030-01-28 09:00:00,0.0,341.3124000000001
2030-01-28 10:00:00,0.0,293.80016250000006
2030-01-28 11:00:00,0.0,217.68361875000002
2030-01-28 12:00:00,0.0,112.96276875000002
2030-01-28 13:00:00,0.0,11.150831250000001
2030-01-28 14:00:00,0.0,0.0
2030-01-28 15:00:00,0.0,0.0
2030-01-28 16:00:00,0.0,0.0
2030-01-28 17:00:00,0.0,0.0
2030-01-28 18:00:00,0.0,0.0
2030-01-28 19:00:00,0.0,0.0
2030-01-28 20:00:00,0.0,0.0
2030-01-28 21:00:00,0.0,0.0
2030-01-28 22:00:00,0.0,0.0
2030-01-28 23:00:00,0.0,0.0
2030-01-29 00:00:00,0.0,0.0
2030-01-29 01:00:00,0.0,0.0
2030-01-29 02:00:00,0.0,0.0
2030-01-29 03:00:00,0.0,51.39078750000001
2030-01-29 04:00:00,0.0,151.26345
2030-01-29 05:00:00,0.0,223.01662500000003
2030-01-29 06:00:00,0.0,312.2232750000001
2030-01-29 07:00:00,0.0,352.4632312500001
2030-01-29 08:00:00,0.0,361.67478750000004
2030-01-29 09:00:00,0.0,341.3124000000001
2030-01-29 10:00:00,0.0,293.80016250000006
2030-01-29 11:00:00,0.0,217.68361875000002
2030-01-29 12:00:00,0.0,111.99313125000002
2030-01-29 13:00:00,0.0,11.150831250000001
2030-01-29 14:00:00,0.0,0.0
2030-01-29 15:00:00,0.0,0.0
2030-01-29 16:00:00,0.0,0.0
2030-01-29 17:00:00,0.0,0.0
2030-01-29 18:00:00,0.0,0.0
2030-01-29 19:00:00,0.0,0.0
2030-01-29 20:00:00,0.0,0.0
2030-01-29 21:00:00,0.0,0.0
2030-01-29 22:00:00,0.0,0.0
2030-01-29 23:00:00,0.0,0.0
2030-01-30 00:00:00,0.0,0.0
2030-01-30 01:00:00,0.0,0.0
2030-01-30 02:00:00,0.0,0.0
2030-01-30 03:00:00,0.0,83.87364375
2030-01-30 04:00:00,0.0,194.89713750000004
2030-01-30 05:00:00,0.0,278.77078125
2030-01-30 06:00:00,0.0,331.6160250000001
2030-01-30 07:00:00,0.0,358.76587500000005
2030-01-30 08:00:00,0.0,360.70515000000006
2030-01-30 09:00:00,0.0,337.91866875
2030-01-30 10:00:00,0.0,289.92161250000004
2030-01-30 11:00:00,0.0,213.32025000000002
2030-01-30 12:00:00,0.0,109.08421875000002
2030-01-30 13:00:00,0.0,10.181193750000002
2030-01-30 14:00:00,0.0,0.0
2030-01-30 15:00:00,0.0,0.0
2030-01-30 16:00:00,0.0,0.0
2030-01-30 17:00:00,0.0,0.0
2030-01-30 18:00:00,0.0,0.0
2030-01-30 19:00:00,0.0,0.0
2030-01-30 20:00:00,0.0,0.0
2030-01-30 21:00:00,0.0,0.0
2030-01-30 22:00:00,0.0,0.0
2030-01-30 23:00:00,0.0,0.0
2030-01-31 00:00:00,0.0,0.0
2030-01-31 01:00:00,0.0,0.0
2030-01-31 02:00:00,0.0,0.0
2030-01-31 03:00:00,0.0,77.57100000000001
2030-01-31 04:00:00,0.0,184.23112500000002
2030-01-31 05:00:00,0.0,266.6503125000001
2030-01-31 06:00:00,0.0,321.43483125000006
2030-01-31 07:00:00,0.0,349.55431875000005
2030-01-31 08:00:00,0.0,351.49359375000006
2030-01-31 09:00:00,0.0,322.88928750000014
2030-01-31 10:00:00,0.0,271.9833187500001
2030-01-31 11:00:00,0.0,193.44268125000005
2030-01-31 12:00:00,0.0,89.20665000000001
2030-01-31 13:00:00,0.0,6.302643750000001
2030-01-31 14:00:00,0.0,0.0
2030-01-31 15:00:00,0.0,0.0
2030-01-31 16:00:00,0.0,0.0
2030-01-31 17:00:00,0.0,0.0
2030-01-31 18:00:00,0.0,0.0
2030-01-31 19:00:00,0.0,0.0
2030-01-31 20:00:00,0.0,0.0
2030-01-31 21:00:00,0.0,0.0
2030-01-31 22:00:00,0.0,0.0
2030-01-31 23:00:00,0.0,0.0
2030-02-01 00:00:00,0.0,0.0
2030-02-01 01:00:00,0.0,0.0
2030-02-01 02:00:00,0.0,0.0
2030-02-01 03:00:00,0.0,63.996075000000005
2030-02-01 04:00:00,0.0,171.14101875
2030-02-01 05:00:00,0.0,257.43875625000004
2030-02-01 06:00:00,0.0,313.1929125000001
2030-02-01 07:00:00,0.0,342.2820375
2030-02-01 08:00:00,0.0,346.1605875000001
2030-02-01 09:00:00,0.0,331.6160250000001
2030-02-01 10:00:00,0.0,285.07342500000004
2030-02-01 11:00:00,0.0,208.47206250000005
2030-02-01 12:00:00,0.0,104.72085000000001
2030-02-01 13:00:00,0.0,10.181193750000002
2030-02-01 14:00:00,0.0,0.0
2030-02-01 15:00:00,0.0,0.0
2030-02-01 16:00:00,0.0,0.0
2030-02-01 17:00:00,0.0,0.0
2030-02-01 18:00:00,0.0,0.0
2030-02-01 19:00:00,0.0,0.0
2030-02-01 20:00:00,0.0,0.0
2030-02-01 21:00:00,0.0,0.0
2030-02-01 22:00:00,0.0,0.0
2030-02-01 23:00:00,0.0,0.0
2030-02-02 00:00:00,0.0,0.0
2030-02-02 01:00:00,0.0,0.0
2030-02-02 02:00:00,0.0,0.0
2030-02-02 03:00:00,0.0,83.38882500000001
2030-02-02 04:00:00,0.0,191.01858750000005
2030-02-02 05:00:00,0.0,274.4074125000001
2030-02-02 06:00:00,0.0,332.1008437500001
2030-02-02 07:00:00,0.0,361.1899687500001
2030-02-02 08:00:00,0.0,364.09888125000003
2030-02-02 09:00:00,0.0,341.3124000000001
2030-02-02 10:00:00,0.0,292.8305250000001
2030-02-02 11:00:00,0.0,216.71398125000005
2030-02-02 12:00:00,0.0,112.47795000000002
2030-02-02 13:00:00,0.0,11.635650000000002
2030-02-02 14:00:00,0.0,0.0
2030-02-02 15:00:00,0.0,0.0
2030-02-02 16:00:00,0.0,0.0
2030-02-02 17:00:00,0.0,0.0
2030-02-02 18:00:00,0.0,0.0
2030-02-02 19:00:00,0.0,0.0
2030-02-02 20:00:00,0.0,0.0
2030-02-02 21:00:00,0.0,0.0
2030-02-02 22:00:00,0.0,0.0
2030-02-02 23:00:00,0.0,0.0
2030-02-03 00:00:00,0.0,0.0
2030-02-03 01:00:00,0.0,0.0
2030-02-03 02:00:00,0.0,0.0
2030-02-03 03:00:00,0.0,69.32908125000002
2030-02-03 04:00:00,0.0,185.68558125
2030-02-03 05:00:00,0.0,273.9225937500001
2030-02-03 06:00:00,0.0,326.7678375000001
2030-02-03 07:00:00,0.0,355.37214375
2030-02-03 08:00:00,0.0,358.2810562500001
2030-02-03 09:00:00,0.0,335.00975625000007
2030-02-03 10:00:00,0.0,282.16451250000006
2030-02-03 11:00:00,0.0,201.19978125000003
2030-02-03 12:00:00,0.0,95.99411250000001
2030-02-03 13:00:00,0.0,9.211556250000001
2030-02-03 14:00:00,0.0,0.0
2030-02-03 15:00:00,0.0,0.0
2030-02-03 16:00:00,0.0,0.0
2030-02-03 17:00:00,0.0,0.0
2030-02-03 18:00:00,0.0,0.0
2030-02-03 19:00:00,0.0,0.0
2030-02-03 20:00:00,0.0,0.0
2030-02-03 21:00:00,0.0,0.0
2030-02-03 22:00:00,0.0,0.0
2030-02-03 23:00:00,0.0,0.0
2030-02-04 00:00:00,0.0,0.0
2030-02-04 01:00:00,0.0,0.0
2030-02-04 02:00:00,0.0,0.0
2030-02-04 03:00:00,0.0,76.60136250000001
2030-02-04 04:00:00,0.0,189.56413125000003
2030-02-04 05:00:00,0.0,271.4985000000001
2030-02-04 06:00:00,0.0,325.79820000000007
2030-02-04 07:00:00,0.0,353.4328687500001
2030-02-04 08:00:00,0.0,355.8569625000001
2030-02-04 09:00:00,0.0,332.1008437500001
2030-02-04 10:00:00,0.0,280.2252375
2030-02-04 11:00:00,0.0,203.13905625000004
2030-02-04 12:00:00,0.0,104.72085000000001
2030-02-04 13:00:00,0.0,10.6660125
2030-02-04 14:00:00,0.0,0.0
2030-02-04 15:00:00,0.0,0.0
2030-02-04 16:00:00,0.0,0.0
2030-02-04 17:00:00,0.0,0.0
2030-02-04 18:00:00,0.0,0.0
2030-02-04 19:00:00,0.0,0.0
2030-02-04 20:00:00,0.0,0.0
2030-02-04 21:00:00,0.0,0.0
2030-02-04 22:00:00,0.0,0.0
2030-02-04 23:00:00,0.0,0.0
2030-02-05 00:00:00,0.0,0.0
2030-02-05 01:00:00,0.0,0.0
2030-02-05 02:00:00,0.0,0.0
2030-02-05 03:00:00,0.0,80.47991250000003
2030-02-05 04:00:00,0.0,189.07931250000004
2030-02-05 05:00:00,0.0,271.9833187500001
2030-02-05 06:00:00,0.0,324.82856250000003
2030-02-05 07:00:00,0.0,351.00877500000007
2030-02-05 08:00:00,0.0,351.49359375000006
2030-02-05 09:00:00,0.0,325.31338125000013
2030-02-05 10:00:00,0.0,271.01368125000005
2030-02-05 11:00:00,0.0,195.86677500000008
2030-02-05 12:00:00,0.0,98.41820625000001
2030-02-05 13:00:00,0.0,9.211556250000001
2030-02-05 14:00:00,0.0,0.0
2030-02-05 15:00:00,0.0,0.0
2030-02-05 16:00:00,0.0,0.0
2030-02-05 17:00:00,0.0,0.0
2030-02-05 18:00:00,0.0,0.0
2030-02-05 19:00:00,0.0,0.0
2030-02-05 20:00:00,0.0,0.0
2030-02-05 21:00:00,0.0,0.0
2030-02-05 22:00:00,0.0,0.0
2030-02-05 23:00:00,0.0,0.0
2030-02-06 00:00:00,0.0,0.0
2030-02-06 01:00:00,0.0,0.0
2030-02-06 02:00:00,0.0,0.0
2030-02-06 03:00:00,0.0,36.36140625
2030-02-06 04:00:00,0.0,102.78157500000002
2030-02-06 05:00:00,0.0,167.7472875
2030-02-06 06:00:00,0.0,210.41133750000003
2030-02-06 07:00:00,0.0,251.62093125000004
2030-02-06 08:00:00,0.0,272.95295625000006
2030-02-06 09:00:00,0.0,246.28792500000003
2030-02-06 10:00:00,0.0,184.71594375000004
2030-02-06 11:00:00,0.0,113.44758750000001
2030-02-06 12:00:00,0.0,46.057781250000005
2030-02-06 13:00:00,0.0,2.4240937500000004
2030-02-06 14:00:00,0.0,0.0
2030-02-06 15:00:00,0.0,0.0
2030-02-06 16:00:00,0.0,0.0
2030-02-06 17:00:00,0.0,0.0
2030-02-06 18:00:00,0.0,0.0
2030-02-06 19:00:00,0.0,0.0
2030-02-06 20:00:00,0.0,0.0
2030-02-06 21:00:00,0.0,0.0
2030-02-06 22:00:00,0.0,0.0
2030-02-06 23:00:00,0.0,0.0
2030-02-07 00:00:00,0.0,0.0
2030-02-07 01:00:00,0.0,0.0
2030-02-07 02:00:00,0.0,0.0
2030-02-07 03:00:00,0.0,62.54161875000001
2030-02-07 04:00:00,0.0,174.04993125000004
2030-02-07 05:00:00,0.0,273.9225937500001
2030-02-07 06:00:00,0.0,330.1615687500001
2030-02-07 07:00:00,0.0,363.12924375000006
2030-02-07 08:00:00,0.0,371.85598125000007
2030-02-07 09:00:00,0.0,347.61504375000004
2030-02-07 10:00:00,0.0,302.04208125
2030-02-07 11:00:00,0.0,225.44071875000006
2030-02-07 12:00:00,0.0,119.26541250000004
2030-02-07 13:00:00,0.0,14.544562500000003
2030-02-07 14:00:00,0.0,0.0
2030-02-07 15:00:00,0.0,0.0
2030-02-07 16:00:00,0.0,0.0
2030-02-07 17:00:00,0.0,0.0
2030-02-07 18:00:00,0.0,0.0
2030-02-07 19:00:00,0.0,0.0
2030-02-07 20:00:00,0.0,0.0
2030-02-07 21:00:00,0.0,0.0
2030-02-07 22:00:00,0.0,0.0
2030-02-07 23:00:00,0.0,0.0
2030-02-08 00:00:00,0.0,0.0
2030-02-08 01:00:00,0.0,0.0
2030-02-08 02:00:00,0.0,0.0
2030-02-08 03:00:00,0.0,102.78157500000002
2030-02-08 04:00:00,0.0,213.32025000000002
2030-02-08 05:00:00,0.0,295.73943750000007
2030-02-08 06:00:00,0.0,350.03913750000004
2030-02-08 07:00:00,0.0,377.6738062500001
2030-02-08 08:00:00,0.0,380.0979000000001
2030-02-08 09:00:00,0.0,358.76587500000005
2030-02-08 10:00:00,0.0,311.2536375000001
2030-02-08 11:00:00,0.0,235.62191250000004
2030-02-08 12:00:00,0.0,130.90106250000002
2030-02-08 13:00:00,0.0,19.392750000000003
2030-02-08 14:00:00,0.0,0.0
2030-02-08 15:00:00,0.0,0.0
2030-02-08 16:00:00,0.0,0.0
2030-02-08 17:00:00,0.0,0.0
2030-02-08 18:00:00,0.0,0.0
2030-02-08 19:00:00,0.0,0.0
2030-02-08 20:00:00,0.0,0.0
2030-02-08 21:00:00,0.0,0.0
2030-02-08 22:00:00,0.0,0.0
2030-02-08 23:00:00,0.0,0.0
2030-02-09 00:00:00,0.0,0.0
2030-02-09 01:00:00,0.0,0.0
2030-02-09 02:00:00,0.0,0.4848187500000001
2030-02-09 03:00:00,0.0,114.90204375000002
2030-02-09 04:00:00,0.0,222.53180625000002
2030-02-09 05:00:00,0.0,302.5269
2030-02-09 06:00:00,0.0,354.8873250000001
2030-02-09 07:00:00,0.0,381.55235625000006
2030-02-09 08:00:00,0.0,383.97645000000006
2030-02-09 09:00:00,0.0,361.67478750000004
2030-02-09 10:00:00,0.0,314.64736875000006
2030-02-09 11:00:00,0.0,239.50046250000003
2030-02-09 12:00:00,0.0,134.77961250000004
2030-02-09 13:00:00,0.0,20.847206250000003
2030-02-09 14:00:00,0.0,0.0
2030-02-09 15:00:00,0.0,0.0
2030-02-09 16:00:00,0.0,0.0
2030-02-09 17:00:00,0.0,0.0
2030-02-09 18:00:00,0.0,0.0
2030-02-09 19:00:00,0.0,0.0
2030-02-09 20:00:00,0.0,0.0
2030-02-09 21:00:00,0.0,0.0
2030-02-09 22:00:00,0.0,0.0
2030-02-09 23:00:00,0.0,0.0
2030-02-10 00:00:00,0.0,0.0
2030-02-10 01:00:00,0.0,0.0
2030-02-10 02:00:00,0.0,0.9696375000000002
2030-02-10 03:00:00,0.0,111.50831250000002
2030-02-10 04:00:00,0.0,218.65325625000003
2030-02-10 05:00:00,0.0,299.1331687500001
2030-02-10 06:00:00,0.0,341.3124000000001
2030-02-10 07:00:00,0.0,367.49261250000006
2030-02-10 08:00:00,0.0,372.34080000000006
2030-02-10 09:00:00,0.0,354.40250625000004
2030-02-10 10:00:00,0.0,304.4661750000001
2030-02-10 11:00:00,0.0,231.25854375000006
2030-02-10 12:00:00,0.0,128.47696875000003
2030-02-10 13:00:00,0.0,19.392750000000003
2030-02-10 14:00:00,0.0,0.0
2030-02-10 15:00:00,0.0,0.0
2030-02-10 16:00:00,0.0,0.0
2030-02-10 17:00:00,0.0,0.0
2030-02-10 18:00:00,0.0,0.0
2030-02-10 19:00:00,0.0,0.0
2030-02-10 20:00:00,0.0,0.0
2030-02-10 21:00:00,0.0,0.0
2030-02-10 22:00:00,0.0,0.0
2030-02-10 23:00:00,0.0,0.0
2030-02-11 00:00:00,0.0,0.0
2030-02-11 01:00:00,0.0,0.0
2030-02-11 02:00:00,0.0,0.0
2030-02-11 03:00:00,0.0,76.11654375000002
2030-02-11 04:00:00,0.0,160.95982500000005
2030-02-11 05:00:00,0.0,250.65129375000006
2030-02-11 06:00:00,0.0,323.858925
2030-02-11 07:00:00,0.0,358.2810562500001
2030-02-11 08:00:00,0.0,362.64442500000007
2030-02-11 09:00:00,0.0,340.82758125000004
2030-02-11 10:00:00,0.0,293.31534375
2030-02-11 11:00:00,0.0,220.59253125000004
2030-02-11 12:00:00,0.0,120.71986875000002
2030-02-11 13:00:00,0.0,16.483837500000003
2030-02-11 14:00:00,0.0,0.0
2030-02-11 15:00:00,0.0,0.0
2030-02-11 16:00:00,0.0,0.0
2030-02-11 17:00:00,0.0,0.0
2030-02-11 18:00:00,0.0,0.0
2030-02-11 19:00:00,0.0,0.0
2030-02-11 20:00:00,0.0,0.0
2030-02-11 21:00:00,0.0,0.0
2030-02-11 22:00:00,0.0,0.0
2030-02-11 23:00:00,0.0,0.0
2030-02-12 00:00:00,0.0,0.0
2030-02-12 01:00:00,0.0,0.0
2030-02-12 02:00:00,0.0,0.0
2030-02-12 03:00:00,0.0,89.69146875000001
2030-02-12 04:00:00,0.0,192.95786250000003
2030-02-12 05:00:00,0.0,265.1958562500001
2030-02-12 06:00:00,0.0,314.16255000000007
2030-02-12 07:00:00,0.0,350.03913750000004
2030-02-12 08:00:00,0.0,354.8873250000001
2030-02-12 09:00:00,0.0,320.95001250000007
2030-02-12 10:00:00,0.0,270.04404375000007
2030-02-12 11:00:00,0.0,196.83641250000002
2030-02-12 12:00:00,0.0,91.63074375000001
2030-02-12 13:00:00,0.0,7.757100000000001
2030-02-12 14:00:00,0.0,0.0
2030-02-12 15:00:00,0.0,0.0
2030-02-12 16:00:00,0.0,0.0
2030-02-12 17:00:00,0.0,0.0
2030-02-12 18:00:00,0.0,0.0
2030-02-12 19:00:00,0.0,0.0
2030-02-12 20:00:00,0.0,0.0
2030-02-12 21:00:00,0.0,0.0
2030-02-12 22:00:00,0.0,0.0
2030-02-12 23:00:00,0.0,0.0
2030-02-13 00:00:00,0.0,0.0
2030-02-13 01:00:00,0.0,0.0
2030-02-13 02:00:00,0.0,0.0
2030-02-13 03:00:00,0.0,68.84426250000001
2030-02-13 04:00:00,0.0,177.92848125000006
2030-02-13 05:00:00,0.0,266.16549375000005
2030-02-13 06:00:00,0.0,329.6767500000001
2030-02-13 07:00:00,0.0,356.82660000000004
2030-02-13 08:00:00,0.0,358.2810562500001
2030-02-13 09:00:00,0.0,337.43385000000006
2030-02-13 10:00:00,0.0,288.4671562500001
2030-02-13 11:00:00,0.0,211.38097500000003
2030-02-13 12:00:00,0.0,108.59940000000003
2030-02-13 13:00:00,0.0,13.090106250000002
2030-02-13 14:00:00,0.0,0.0
2030-02-13 15:00:00,0.0,0.0
2030-02-13 16:00:00,0.0,0.0
2030-02-13 17:00:00,0.0,0.0
2030-02-13 18:00:00,0.0,0.0
2030-02-13 19:00:00,0.0,0.0
2030-02-13 20:00:00,0.0,0.0
2030-02-13 21:00:00,0.0,0.0
2030-02-13 22:00:00,0.0,0.0
2030-02-13 23:00:00,0.0,0.0
2030-02-14 00:00:00,0.0,0.0
2030-02-14 01:00:00,0.0,0.0
2030-02-14 02:00:00,0.0,0.9696375000000002
2030-02-14 03:00:00,0.0,103.75121250000002
2030-02-14 04:00:00,0.0,215.74434375000004
2030-02-14 05:00:00,0.0,297.6787125000001
2030-02-14 06:00:00,0.0,347.13022500000005
2030-02-14 07:00:00,0.0,374.76489375000006
2030-02-14 08:00:00,0.0,377.18898750000005
2030-02-14 09:00:00,0.0,354.40250625000004
2030-02-14 10:00:00,0.0,305.43581250000005
2030-02-14 11:00:00,0.0,228.83445000000006
2030-02-14 12:00:00,0.0,123.62878125000003
2030-02-14 13:00:00,0.0,17.938293750000007
2030-02-14 14:00:00,0.0,0.0
2030-02-14 15:00:00,0.0,0.0
2030-02-14 16:00:00,0.0,0.0
2030-02-14 17:00:00,0.0,0.0
2030-02-14 18:00:00,0.0,0.0
2030-02-14 19:00:00,0.0,0.0
2030-02-14 20:00:00,0.0,0.0
2030-02-14 21:00:00,0.0,0.0
2030-02-14 22:00:00,0.0,0.0
2030-02-14 23:00:00,0.0,0.0
2030-02-15 00:00:00,0.0,0.0
2030-02-15 01:00:00,0.0,0.0
2030-02-15 02:00:00,0.0,0.9696375000000002
2030-02-15 03:00:00,0.0,100.35748125
2030-02-15 04:00:00,0.0,209.44170000000003
2030-02-15 05:00:00,0.0,291.86088750000005
2030-02-15 06:00:00,0.0,345.67576875000003
2030-02-15 07:00:00,0.0,372.8256187500001
2030-02-15 08:00:00,0.0,375.2497125000001
2030-02-15 09:00:00,0.0,353.4328687500001
2030-02-15 10:00:00,0.0,306.40545000000003
2030-02-15 11:00:00,0.0,232.22818125000003
2030-02-15 12:00:00,0.0,129.93142500000002
2030-02-15 13:00:00,0.0,20.847206250000003
2030-02-15 14:00:00,0.0,0.0
2030-02-15 15:00:00,0.0,0.0
2030-02-15 16:00:00,0.0,0.0
2030-02-15 17:00:00,0.0,0.0
2030-02-15 18:00:00,0.0,0.0
2030-02-15 19:00:00,0.0,0.0
2030-02-15 20:00:00,0.0,0.0
2030-02-15 21:00:00,0.0,0.0
2030-02-15 22:00:00,0.0,0.0
2030-02-15 23:00:00,0.0,0.0
2030-02-16 00:00:00,0.0,0.0
2030-02-16 01:00:00,0.0,0.0
2030-02-16 02:00:00,0.0,1.9392750000000003
2030-02-16 03:00:00,0.0,111.02349375000001
2030-02-16 04:00:00,0.0,218.65325625000003
2030-02-16 05:00:00,0.0,299.6179875
2030-02-16 06:00:00,0.0,351.00877500000007
2030-02-16 07:00:00,0.0,377.6738062500001
2030-02-16 08:00:00,0.0,379.61308125000005
2030-02-16 09:00:00,0.0,357.7962375
2030-02-16 10:00:00,0.0,311.2536375000001
2030-02-16 11:00:00,0.0,238.04600625000006
2030-02-16 12:00:00,0.0,135.74925000000002
2030-02-16 13:00:00,0.0,23.756118750000006
2030-02-16 14:00:00,0.0,0.0
2030-02-16 15:00:00,0.0,0.0
2030-02-16 16:00:00,0.0,0.0
2030-02-16 17:00:00,0.0,0.0
2030-02-16 18:00:00,0.0,0.0
2030-02-16 19:00:00,0.0,0.0
2030-02-16 20:00:00,0.0,0.0
2030-02-16 21:00:00,0.0,0.0
2030-02-16 22:00:00,0.0,0.0
2030-02-16 23:00:00,0.0,0.0
2030-02-17 00:00:00,0.0,0.0
2030-02-17 01:00:00,0.0,0.0
2030-02-17 02:00:00,0.0,1.4544562500000002
2030-02-17 03:00:00,0.0,100.84230000000002
2030-02-17 04:00:00,0.0,217.68361875000002
2030-02-17 05:00:00,0.0,298.16353125000006
2030-02-17 06:00:00,0.0,349.55431875000005
2030-02-17 07:00:00,0.0,374.76489375000006
2030-02-17 08:00:00,0.0,376.2193500000001
2030-02-17 09:00:00,0.0,352.94805
2030-02-17 10:00:00,0.0,306.40545000000003
2030-02-17 11:00:00,0.0,232.71300000000005
2030-02-17 12:00:00,0.0,130.41624375000004
2030-02-17 13:00:00,0.0,21.816843750000007
2030-02-17 14:00:00,0.0,0.0
2030-02-17 15:00:00,0.0,0.0
2030-02-17 16:00:00,0.0,0.0
2030-02-17 17:00:00,0.0,0.0
2030-02-17 18:00:00,0.0,0.0
2030-02-17 19:00:00,0.0,0.0
2030-02-17 20:00:00,0.0,0.0
2030-02-17 21:00:00,0.0,0.0
2030-02-17 22:00:00,0.0,0.0
2030-02-17 23:00:00,0.0,0.0
2030-02-18 00:00:00,0.0,0.0
2030-02-18 01:00:00,0.0,0.0
2030-02-18 02:00:00,0.0,0.4848187500000001
2030-02-18 03:00:00,0.0,74.66208750000001
2030-02-18 04:00:00,0.0,174.04993125000004
2030-02-18 05:00:00,0.0,276.34668750000003
2030-02-18 06:00:00,0.0,337.43385000000006
2030-02-18 07:00:00,0.0,363.6140625000001
2030-02-18 08:00:00,0.0,365.06851875000007
2030-02-18 09:00:00,0.0,341.79721875000007
2030-02-18 10:00:00,0.0,292.8305250000001
2030-02-18 11:00:00,0.0,216.22916250000006
2030-02-18 12:00:00,0.0,113.44758750000001
2030-02-18 13:00:00,0.0,15.514200000000002
2030-02-18 14:00:00,0.0,0.0
2030-02-18 15:00:00,0.0,0.0
2030-02-18 16:00:00,0.0,0.0
2030-02-18 17:00:00,0.0,0.0
2030-02-18 18:00:00,0.0,0.0
2030-02-18 19:00:00,0.0,0.0
2030-02-18 20:00:00,0.0,0.0
2030-02-18 21:00:00,0.0,0.0
2030-02-18 22:00:00,0.0,0.0
2030-02-18 23:00:00,0.0,0.0
2030-02-19 00:00:00,0.0,0.0
2030-02-19 01:00:00,0.0,0.0
2030-02-19 02:00:00,0.0,0.4848187500000001
2030-02-19 03:00:00,0.0,81.44955000000002
2030-02-19 04:00:00,0.0,188.59449375000003
2030-02-19 05:00:00,0.0,270.52886250000006
2030-02-19 06:00:00,0.0,328.7071125000001
2030-02-19 07:00:00,0.0,355.8569625000001
2030-02-19 08:00:00,0.0,358.76587500000005
2030-02-19 09:00:00,0.0,339.3731250000001
2030-02-19 10:00:00,0.0,292.3457062500001
2030-02-19 11:00:00,0.0,218.16843750000004
2030-02-19 12:00:00,0.0,116.35650000000003
2030-02-19 13:00:00,0.0,15.999018750000001
2030-02-19 14:00:00,0.0,0.0
2030-02-19 15:00:00,0.0,0.0
2030-02-19 16:00:00,0.0,0.0
2030-02-19 17:00:00,0.0,0.0
2030-02-19 18:00:00,0.0,0.0
2030-02-19 19:00:00,0.0,0.0
2030-02-19 20:00:00,0.0,0.0
2030-02-19 21:00:00,0.0,0.0
2030-02-19 22:00:00,0.0,0.0
2030-02-19 23:00:00,0.0,0.0
2030-02-20 00:00:00,0.0,0.0
2030-02-20 01:00:00,0.0,0.0
2030-02-20 02:00:00,0.0,0.4848187500000001
2030-02-20 03:00:00,0.0,77.57100000000001
2030-02-20 04:00:00,0.0,181.80703125000005
2030-02-20 05:00:00,0.0,264.7110375000001
2030-02-20 06:00:00,0.0,319.98037500000004
2030-02-20 07:00:00,0.0,345.67576875000003
2030-02-20 08:00:00,0.0,345.67576875000003
2030-02-20 09:00:00,0.0,319.4955562500001
2030-02-20 10:00:00,0.0,267.13513125000003
2030-02-20 11:00:00,0.0,188.10967500000004
2030-02-20 12:00:00,0.0,90.66110625000002
2030-02-20 13:00:00,0.0,11.150831250000001
2030-02-20 14:00:00,0.0,0.0
2030-02-20 15:00:00,0.0,0.0
2030-02-20 16:00:00,0.0,0.0
2030-02-20 17:00:00,0.0,0.0
2030-02-20 18:00:00,0.0,0.0
2030-02-20 19:00:00,0.0,0.0
2030-02-20 20:00:00,0.0,0.0
2030-02-20 21:00:00,0.0,0.0
2030-02-20 22:00:00,0.0,0.0
2030-02-20 23:00:00,0.0,0.0
2030-02-21 00:00:00,0.0,0.0
2030-02-21 01:00:00,0.0,0.0
2030-02-21 02:00:00,0.0,0.9696375000000002
2030-02-21 03:00:00,0.0,85.3281
2030-02-21 04:00:00,0.0,195.38195625000006
2030-02-21 05:00:00,0.0,280.2252375
2030-02-21 06:00:00,0.0,329.19193125000004
2030-02-21 07:00:00,0.0,357.3114187500001
2030-02-21 08:00:00,0.0,359.7355125000001
2030-02-21 09:00:00,0.0,337.91866875
2030-02-21 10:00:00,0.0,289.43679375000005
2030-02-21 11:00:00,0.0,212.83543125000006
2030-02-21 12:00:00,0.0,111.02349375000001
2030-02-21 13:00:00,0.0,15.999018750000001
2030-02-21 14:00:00,0.0,0.0
2030-02-21 15:00:00,0.0,0.0
2030-02-21 16:00:00,0.0,0.0
2030-02-21 17:00:00,0.0,0.0
2030-02-21 18:00:00,0.0,0.0
2030-02-21 19:00:00,0.0,0.0
2030-02-21 20:00:00,0.0,0.0
2030-02-21 21:00:00,0.0,0.0
2030-02-21 22:00:00,0.0,0.0
2030-02-21 23:00:00,0.0,0.0
2030-02-22 00:00:00,0.0,0.0
2030-02-22 01:00:00,0.0,0.0
2030-02-22 02:00:00,0.0,1.4544562500000002
2030-02-22 03:00:00,0.0,90.17628750000002
2030-02-22 04:00:00,0.0,197.80605000000003
2030-02-22 05:00:00,0.0,279.2556000000001
2030-02-22 06:00:00,0.0,331.6160250000001
2030-02-22 07:00:00,0.0,334.5249375000001
2030-02-22 08:00:00,0.0,344.22131250000007
2030-02-22 09:00:00,0.0,340.3427625
2030-02-22 10:00:00,0.0,285.55824375000003
2030-02-22 11:00:00,0.0,212.83543125000006
2030-02-22 12:00:00,0.0,115.87168125000001
2030-02-22 13:00:00,0.0,17.453475000000005
2030-02-22 14:00:00,0.0,0.0
2030-02-22 15:00:00,0.0,0.0
2030-02-22 16:00:00,0.0,0.0
2030-02-22 17:00:00,0.0,0.0
2030-02-22 18:00:00,0.0,0.0
2030-02-22 19:00:00,0.0,0.0
2030-02-22 20:00:00,0.0,0.0
2030-02-22 21:00:00,0.0,0.0
2030-02-22 22:00:00,0.0,0.0
2030-02-22 23:00:00,0.0,0.0
2030-02-23 00:00:00,0.0,0.0
2030-02-23 01:00:00,0.0,0.0
2030-02-23 02:00:00,0.0,0.4848187500000001
2030-02-23 03:00:00,0.0,68.84426250000001
2030-02-23 04:00:00,0.0,178.89811875
2030-02-23 05:00:00,0.0,277.80114375000005
2030-02-23 06:00:00,0.0,341.3124000000001
2030-02-23 07:00:00,0.0,369.4318875000001
2030-02-23 08:00:00,0.0,372.34080000000006
2030-02-23 09:00:00,0.0,350.03913750000004
2030-02-23 10:00:00,0.0,297.6787125000001
2030-02-23 11:00:00,0.0,217.19880000000006
2030-02-23 12:00:00,0.0,100.35748125
2030-02-23 13:00:00,0.0,13.574925000000002
2030-02-23 14:00:00,0.0,0.0
2030-02-23 15:00:00,0.0,0.0
2030-02-23 16:00:00,0.0,0.0
2030-02-23 17:00:00,0.0,0.0
2030-02-23 18:00:00,0.0,0.0
2030-02-23 19:00:00,0.0,0.0
2030-02-23 20:00:00,0.0,0.0
2030-02-23 21:00:00,0.0,0.0
2030-02-23 22:00:00,0.0,0.0
2030-02-23 23:00:00,0.0,0.0
2030-02-24 00:00:00,0.0,0.0
2030-02-24 01:00:00,0.0,0.0
2030-02-24 02:00:00,0.0,1.9392750000000003
2030-02-24 03:00:00,0.0,92.60038125000003
2030-02-24 04:00:00,0.0,203.13905625000004
2030-02-24 05:00:00,0.0,287.9823375
2030-02-24 06:00:00,0.0,341.79721875000007
2030-02-24 07:00:00,0.0,368.46225000000004
2030-02-24 08:00:00,0.0,370.88634375000004
2030-02-24 09:00:00,0.0,349.0695000000001
2030-02-24 10:00:00,0.0,302.5269
2030-02-24 11:00:00,0.0,228.83445000000006
2030-02-24 12:00:00,0.0,127.99215000000001
2030-02-24 13:00:00,0.0,22.301662500000003
2030-02-24 14:00:00,0.0,0.0
2030-02-24 15:00:00,0.0,0.0
2030-02-24 16:00:00,0.0,0.0
2030-02-24 17:00:00,0.0,0.0
2030-02-24 18:00:00,0.0,0.0
2030-02-24 19:00:00,0.0,0.0
2030-02-24 20:00:00,0.0,0.0
2030-02-24 21:00:00,0.0,0.0
2030-02-24 22:00:00,0.0,0.0
2030-02-24 23:00:00,0.0,0.0
2030-02-25 00:00:00,0.0,0.0
2030-02-25 01:00:00,0.0,0.0
2030-02-25 02:00:00,0.0,2.9089125000000005
2030-02-25 03:00:00,0.0,98.90302500000001
2030-02-25 04:00:00,0.0,205.07833125000002
2030-02-25 05:00:00,0.0,285.55824375000003
2030-02-25 06:00:00,0.0,338.40348750000004
2030-02-25 07:00:00,0.0,363.12924375000006
2030-02-25 08:00:00,0.0,365.06851875000007
2030-02-25 09:00:00,0.0,340.82758125000004
2030-02-25 10:00:00,0.0,285.07342500000004
2030-02-25 11:00:00,0.0,193.44268125000005
2030-02-25 12:00:00,0.0,115.87168125000001
2030-02-25 13:00:00,0.0,22.301662500000003
2030-02-25 14:00:00,0.0,0.0
2030-02-25 15:00:00,0.0,0.0
2030-02-25 16:00:00,0.0,0.0
2030-02-25 17:00:00,0.0,0.0
2030-02-25 18:00:00,0.0,0.0
2030-02-25 19:00:00,0.0,0.0
2030-02-25 20:00:00,0.0,0.0
2030-02-25 21:00:00,0.0,0.0
2030-02-25 22:00:00,0.0,0.0
2030-02-25 23:00:00,0.0,0.0
2030-02-26 00:00:00,0.0,0.0
2030-02-26 01:00:00,0.0,0.0
2030-02-26 02:00:00,0.0,1.4544562500000002
2030-02-26 03:00:00,0.0,78.05581875000003
2030-02-26 04:00:00,0.0,187.62485625000005
2030-02-26 05:00:00,0.0,275.86186875000004
2030-02-26 06:00:00,0.0,333.55530000000005
2030-02-26 07:00:00,0.0,363.12924375000006
2030-02-26 08:00:00,0.0,366.52297500000003
2030-02-26 09:00:00,0.0,338.40348750000004
2030-02-26 10:00:00,0.0,289.43679375000005
2030-02-26 11:00:00,0.0,216.22916250000006
2030-02-26 12:00:00,0.0,118.78059375000002
2030-02-26 13:00:00,0.0,20.847206250000003
2030-02-26 14:00:00,0.0,0.0
2030-02-26 15:00:00,0.0,0.0
2030-02-26 16:00:00,0.0,0.0
2030-02-26 17:00:00,0.0,0.0
2030-02-26 18:00:00,0.0,0.0
2030-02-26 19:00:00,0.0,0.0
2030-02-26 20:00:00,0.0,0.0
2030-02-26 21:00:00,0.0,0.0
2030-02-26 22:00:00,0.0,0.0
2030-02-26 23:00:00,0.0,0.0
2030-02-27 00:00:00,0.0,0.0
2030-02-27 01:00:00,0.0,0.0
2030-02-27 02:00:00,0.0,3.393731250000001
2030-02-27 03:00:00,0.0,101.81193750000003
2030-02-27 04:00:00,0.0,212.83543125000006
2030-02-27 05:00:00,0.0,295.2546187500001
2030-02-27 06:00:00,0.0,347.13022500000005
2030-02-27 07:00:00,0.0,371.3711625
2030-02-27 08:00:00,0.0,370.4015250000001
2030-02-27 09:00:00,0.0,345.67576875000003
2030-02-27 10:00:00,0.0,295.2546187500001
2030-02-27 11:00:00,0.0,218.65325625000003
2030-02-27 12:00:00,0.0,118.29577500000002
2030-02-27 13:00:00,0.0,20.362387500000004
2030-02-27 14:00:00,0.0,0.0
2030-02-27 15:00:00,0.0,0.0
2030-02-27 16:00:00,0.0,0.0
2030-02-27 17:00:00,0.0,0.0
2030-02-27 18:00:00,0.0,0.0
2030-02-27 19:00:00,0.0,0.0
2030-02-27 20:00:00,0.0,0.0
2030-02-27 21:00:00,0.0,0.0
2030-02-27 22:00:00,0.0,0.0
2030-02-27 23:00:00,0.0,0.0
2030-02-28 00:00:00,0.0,0.0
2030-02-28 01:00:00,0.0,0.0
2030-02-28 02:00:00,0.0,3.393731250000001
2030-02-28 03:00:00,0.0,94.05483750000002
2030-02-28 04:00:00,0.0,200.23014375
2030-02-28 05:00:00,0.0,282.16451250000006
2030-02-28 06:00:00,0.0,334.0401187500001
2030-02-28 07:00:00,0.0,361.1899687500001
2030-02-28 08:00:00,0.0,363.6140625000001
2030-02-28 09:00:00,0.0,340.82758125000004
2030-02-28 10:00:00,0.0,292.8305250000001
2030-02-28 11:00:00,0.0,217.68361875000002
2030-02-28 12:00:00,0.0,117.81095625000002
2030-02-28 13:00:00,0.0,19.877568750000005
2030-02-28 14:00:00,0.0,0.0
2030-02-28 15:00:00,0.0,0.0
2030-02-28 16:00:00,0.0,0.0
2030-02-28 17:00:00,0.0,0.0
2030-02-28 18:00:00,0.0,0.0
2030-02-28 19:00:00,0.0,0.0
2030-02-28 20:00:00,0.0,0.0
2030-02-28 21:00:00,0.0,0.0
2030-02-28 22:00:00,0.0,0.0
2030-02-28 23:00:00,0.0,0.0
2030-03-01 00:00:00,0.0,0.0
2030-03-01 01:00:00,0.0,0.0
2030-03-01 02:00:00,0.0,3.393731250000001
2030-03-01 03:00:00,0.0,93.57001875000003
2030-03-01 04:00:00,0.0,198.29086875000004
2030-03-01 05:00:00,0.0,279.74041875000006
2030-03-01 06:00:00,0.0,332.5856625000001
2030-03-01 07:00:00,0.0,359.25069375000004
2030-03-01 08:00:00,0.0,361.1899687500001
2030-03-01 09:00:00,0.0,336.4642125000001
2030-03-01 10:00:00,0.0,288.4671562500001
2030-03-01 11:00:00,0.0,212.83543125000006
2030-03-01 12:00:00,0.0,112.47795000000002
2030-03-01 13:00:00,0.0,17.453475000000005
2030-03-01 14:00:00,0.0,0.0
2030-03-01 15:00:00,0.0,0.0
2030-03-01 16:00:00,0.0,0.0
2030-03-01 17:00:00,0.0,0.0
2030-03-01 18:00:00,0.0,0.0
2030-03-01 19:00:00,0.0,0.0
2030-03-01 20:00:00,0.0,0.0
2030-03-01 21:00:00,0.0,0.0
2030-03-01 22:00:00,0.0,0.0
2030-03-01 23:00:00,0.0,0.0
2030-03-02 00:00:00,0.0,0.0
2030-03-02 01:00:00,0.0,0.0
2030-03-02 02:00:00,0.0,0.9696375000000002
2030-03-02 03:00:00,0.0,57.208612500000015
2030-03-02 04:00:00,0.0,147.86971875000003
2030-03-02 05:00:00,0.0,229.80408750000004
2030-03-02 06:00:00,0.0,287.49751875000004
2030-03-02 07:00:00,0.0,315.6170062500001
2030-03-02 08:00:00,0.0,319.01073750000006
2030-03-02 09:00:00,0.0,290.89125
2030-03-02 10:00:00,0.0,236.10673125000005
2030-03-02 11:00:00,0.0,159.50536875000003
2030-03-02 12:00:00,0.0,76.11654375000002
2030-03-02 13:00:00,0.0,10.6660125
2030-03-02 14:00:00,0.0,0.0
2030-03-02 15:00:00,0.0,0.0
2030-03-02 16:00:00,0.0,0.0
2030-03-02 17:00:00,0.0,0.0
2030-03-02 18:00:00,0.0,0.0
2030-03-02 19:00:00,0.0,0.0
2030-03-02 20:00:00,0.0,0.0
2030-03-02 21:00:00,0.0,0.0
2030-03-02 22:00:00,0.0,0.0
2030-03-02 23:00:00,0.0,0.0
2030-03-03 00:00:00,0.0,0.0
2030-03-03 01:00:00,0.0,0.0
2030-03-03 02:00:00,0.0,3.393731250000001
2030-03-03 03:00:00,0.0,87.75219375
2030-03-03 04:00:00,0.0,195.86677500000008
2030-03-03 05:00:00,0.0,281.67969375
2030-03-03 06:00:00,0.0,340.82758125000004
2030-03-03 07:00:00,0.0,366.52297500000003
2030-03-03 08:00:00,0.0,366.52297500000003
2030-03-03 09:00:00,0.0,350.03913750000004
2030-03-03 10:00:00,0.0,300.10280625
2030-03-03 11:00:00,0.0,223.01662500000003
2030-03-03 12:00:00,0.0,120.71986875000002
2030-03-03 13:00:00,0.0,20.847206250000003
2030-03-03 14:00:00,0.0,0.0
2030-03-03 15:00:00,0.0,0.0
2030-03-03 16:00:00,0.0,0.0
2030-03-03 17:00:00,0.0,0.0
2030-03-03 18:00:00,0.0,0.0
2030-03-03 19:00:00,0.0,0.0
2030-03-03 20:00:00,0.0,0.0
2030-03-03 21:00:00,0.0,0.0
2030-03-03 22:00:00,0.0,0.0
2030-03-03 23:00:00,0.0,0.0
2030-03-04 00:00:00,0.0,0.0
2030-03-04 01:00:00,0.0,0.0
2030-03-04 02:00:00,0.0,2.9089125000000005
2030-03-04 03:00:00,0.0,82.90400625000002
2030-03-04 04:00:00,0.0,190.04895000000005
2030-03-04 05:00:00,0.0,276.34668750000003
2030-03-04 06:00:00,0.0,311.73845625
2030-03-04 07:00:00,0.0,338.8883062500001
2030-03-04 08:00:00,0.0,339.85794375000006
2030-03-04 09:00:00,0.0,317.07146250000005
2030-03-04 10:00:00,0.0,267.13513125000003
2030-03-04 11:00:00,0.0,192.47304375000004
2030-03-04 12:00:00,0.0,99.87266250000002
2030-03-04 13:00:00,0.0,16.483837500000003
2030-03-04 14:00:00,0.0,0.0
2030-03-04 15:00:00,0.0,0.0
2030-03-04 16:00:00,0.0,0.0
2030-03-04 17:00:00,0.0,0.0
2030-03-04 18:00:00,0.0,0.0
2030-03-04 19:00:00,0.0,0.0
2030-03-04 20:00:00,0.0,0.0
2030-03-04 21:00:00,0.0,0.0
2030-03-04 22:00:00,0.0,0.0
2030-03-04 23:00:00,0.0,0.0
2030-03-05 00:00:00,0.0,0.0
2030-03-05 01:00:00,0.0,0.0
2030-03-05 02:00:00,0.0,3.8785500000000006
2030-03-05 03:00:00,0.0,95.02447500000002
2030-03-05 04:00:00,0.0,204.10869375000004
2030-03-05 05:00:00,0.0,287.49751875000004
2030-03-05 06:00:00,0.0,341.3124000000001
2030-03-05 07:00:00,0.0,367.9774312500001
2030-03-05 08:00:00,0.0,369.4318875000001
2030-03-05 09:00:00,0.0,348.0998625000001
2030-03-05 10:00:00,0.0,298.64835000000005
2030-03-05 11:00:00,0.0,221.56216875000007
2030-03-05 12:00:00,0.0,119.75023125000001
2030-03-05 13:00:00,0.0,21.332025
2030-03-05 14:00:00,0.0,0.0
2030-03-05 15:00:00,0.0,0.0
2030-03-05 16:00:00,0.0,0.0
2030-03-05 17:00:00,0.0,0.0
2030-03-05 18:00:00,0.0,0.0
2030-03-05 19:00:00,0.0,0.0
2030-03-05 20:00:00,0.0,0.0
2030-03-05 21:00:00,0.0,0.0
2030-03-05 22:00:00,0.0,0.0
2030-03-05 23:00:00,0.0,0.0
2030-03-06 00:00:00,0.0,0.0
2030-03-06 01:00:00,0.0,0.0
2030-03-06 02:00:00,0.0,4.848187500000001
2030-03-06 03:00:00,0.0,97.44856875000002
2030-03-06 04:00:00,0.0,204.10869375000004
2030-03-06 05:00:00,0.0,284.5886062500001
2030-03-06 06:00:00,0.0,342.2820375
2030-03-06 07:00:00,0.0,368.46225000000004
2030-03-06 08:00:00,0.0,369.91670625000006
2030-03-06 09:00:00,0.0,346.64540625000006
2030-03-06 10:00:00,0.0,297.6787125000001
2030-03-06 11:00:00,0.0,222.04698750000003
2030-03-06 12:00:00,0.0,122.17432500000001
2030-03-06 13:00:00,0.0,22.786481250000005
2030-03-06 14:00:00,0.0,0.0
2030-03-06 15:00:00,0.0,0.0
2030-03-06 16:00:00,0.0,0.0
2030-03-06 17:00:00,0.0,0.0
2030-03-06 18:00:00,0.0,0.0
2030-03-06 19:00:00,0.0,0.0
2030-03-06 20:00:00,0.0,0.0
2030-03-06 21:00:00,0.0,0.0
2030-03-06 22:00:00,0.0,0.0
2030-03-06 23:00:00,0.0,0.0
2030-03-07 00:00:00,0.0,0.0
2030-03-07 01:00:00,0.0,0.0
2030-03-07 02:00:00,0.0,3.8785500000000006
2030-03-07 03:00:00,0.0,83.38882500000001
2030-03-07 04:00:00,0.0,185.20076250000005
2030-03-07 05:00:00,0.0,266.16549375000005
2030-03-07 06:00:00,0.0,317.5562812500001
2030-03-07 07:00:00,0.0,330.1615687500001
2030-03-07 08:00:00,0.0,322.40446875000004
2030-03-07 09:00:00,0.0,292.8305250000001
2030-03-07 10:00:00,0.0,223.01662500000003
2030-03-07 11:00:00,0.0,128.47696875000003
2030-03-07 12:00:00,0.0,50.905968750000014
2030-03-07 13:00:00,0.0,7.757100000000001
2030-03-07 14:00:00,0.0,0.0
2030-03-07 15:00:00,0.0,0.0
2030-03-07 16:00:00,0.0,0.0
2030-03-07 17:00:00,0.0,0.0
2030-03-07 18:00:00,0.0,0.0
2030-03-07 19:00:00,0.0,0.0
2030-03-07 20:00:00,0.0,0.0
2030-03-07 21:00:00,0.0,0.0
2030-03-07 22:00:00,0.0,0.0
2030-03-07 23:00:00,0.0,0.0
2030-03-08 00:00:00,0.0,0.0
2030-03-08 01:00:00,0.0,0.0
2030-03-08 02:00:00,0.0,4.363368750000001
2030-03-08 03:00:00,0.0,85.3281
2030-03-08 04:00:00,0.0,180.83739375000002
2030-03-08 05:00:00,0.0,239.50046250000003
2030-03-08 06:00:00,0.0,260.83248750000007
2030-03-08 07:00:00,0.0,286.0430625000001
2030-03-08 08:00:00,0.0,280.71005625000004
2030-03-08 09:00:00,0.0,241.92455625000005
2030-03-08 10:00:00,0.0,203.62387500000006
2030-03-08 11:00:00,0.0,147.38490000000002
2030-03-08 12:00:00,0.0,68.35944375
2030-03-08 13:00:00,0.0,10.6660125
2030-03-08 14:00:00,0.0,0.0
2030-03-08 15:00:00,0.0,0.0
2030-03-08 16:00:00,0.0,0.0
2030-03-08 17:00:00,0.0,0.0
2030-03-08 18:00:00,0.0,0.0
2030-03-08 19:00:00,0.0,0.0
2030-03-08 20:00:00,0.0,0.0
2030-03-08 21:00:00,0.0,0.0
2030-03-08 22:00:00,0.0,0.0
2030-03-08 23:00:00,0.0,0.0
2030-03-09 00:00:00,0.0,0.0
2030-03-09 01:00:00,0.0,0.0
2030-03-09 02:00:00,0.0,3.393731250000001
2030-03-09 03:00:00,0.0,63.996075000000005
2030-03-09 04:00:00,0.0,135.26443125000003
2030-03-09 05:00:00,0.0,211.86579375000005
2030-03-09 06:00:00,0.0,279.74041875000006
2030-03-09 07:00:00,0.0,297.6787125000001
2030-03-09 08:00:00,0.0,273.9225937500001
2030-03-09 09:00:00,0.0,247.74238125000005
2030-03-09 10:00:00,0.0,198.77568750000003
2030-03-09 11:00:00,0.0,140.11261875
2030-03-09 12:00:00,0.0,75.14690625000001
2030-03-09 13:00:00,0.0,14.544562500000003
2030-03-09 14:00:00,0.0,0.0
2030-03-09 15:00:00,0.0,0.0
2030-03-09 16:00:00,0.0,0.0
2030-03-09 17:00:00,0.0,0.0
2030-03-09 18:00:00,0.0,0.0
2030-03-09 19:00:00,0.0,0.0
2030-03-09 20:00:00,0.0,0.0
2030-03-09 21:00:00,0.0,0.0
2030-03-09 22:00:00,0.0,0.0
2030-03-09 23:00:00,0.0,0.0
2030-03-10 00:00:00,0.0,0.0
2030-03-10 01:00:00,0.0,0.0
2030-03-10 02:00:00,0.0,6.787462500000002
2030-03-10 03:00:00,0.0,103.75121250000002
2030-03-10 04:00:00,0.0,211.38097500000003
2030-03-10 05:00:00,0.0,294.28498125000004
2030-03-10 06:00:00,0.0,349.0695000000001
2030-03-10 07:00:00,0.0,375.7345312500001
2030-03-10 08:00:00,0.0,377.6738062500001
2030-03-10 09:00:00,0.0,356.34178125000005
2030-03-10 10:00:00,0.0,308.8295437500001
2030-03-10 11:00:00,0.0,234.65227500000006
2030-03-10 12:00:00,0.0,134.29479375000003
2030-03-10 13:00:00,0.0,29.089125000000006
2030-03-10 14:00:00,0.0,0.0
2030-03-10 15:00:00,0.0,0.0
2030-03-10 16:00:00,0.0,0.0
2030-03-10 17:00:00,0.0,0.0
2030-03-10 18:00:00,0.0,0.0
2030-03-10 19:00:00,0.0,0.0
2030-03-10 20:00:00,0.0,0.0
2030-03-10 21:00:00,0.0,0.0
2030-03-10 22:00:00,0.0,0.0
2030-03-10 23:00:00,0.0,0.0
2030-03-11 00:00:00,0.0,0.0
2030-03-11 01:00:00,0.0,0.0
2030-03-11 02:00:00,0.0,8.726737500000002
2030-03-11 03:00:00,0.0,118.29577500000002
2030-03-11 04:00:00,0.0,228.34963125000004
2030-03-11 05:00:00,0.0,309.3143625
2030-03-11 06:00:00,0.0,365.5533375000001
2030-03-11 07:00:00,0.0,392.2183687500001
2030-03-11 08:00:00,0.0,393.67282500000005
2030-03-11 09:00:00,0.0,372.34080000000006
2030-03-11 10:00:00,0.0,325.31338125000013
2030-03-11 11:00:00,0.0,248.22720000000004
2030-03-11 12:00:00,0.0,137.68852500000003
2030-03-11 13:00:00,0.0,26.665031250000002
2030-03-11 14:00:00,0.0,0.0
2030-03-11 15:00:00,0.0,0.0
2030-03-11 16:00:00,0.0,0.0
2030-03-11 17:00:00,0.0,0.0
2030-03-11 18:00:00,0.0,0.0
2030-03-11 19:00:00,0.0,0.0
2030-03-11 20:00:00,0.0,0.0
2030-03-11 21:00:00,0.0,0.0
2030-03-11 22:00:00,0.0,0.0
2030-03-11 23:00:00,0.0,0.0
2030-03-12 00:00:00,0.0,0.0
2030-03-12 01:00:00,0.0,0.0
2030-03-12 02:00:00,0.0,2.9089125000000005
2030-03-12 03:00:00,0.0,47.51223750000001
2030-03-12 04:00:00,0.0,107.14494375000002
2030-03-12 05:00:00,0.0,157.56609375000002
2030-03-12 06:00:00,0.0,191.01858750000005
2030-03-12 07:00:00,0.0,194.41231875000005
2030-03-12 08:00:00,0.0,203.13905625000004
2030-03-12 09:00:00,0.0,193.44268125000005
2030-03-12 10:00:00,0.0,162.41428125000002
2030-03-12 11:00:00,0.0,122.65914375000003
2030-03-12 12:00:00,0.0,75.14690625000001
2030-03-12 13:00:00,0.0,20.847206250000003
2030-03-12 14:00:00,0.0,0.0
2030-03-12 15:00:00,0.0,0.0
2030-03-12 16:00:00,0.0,0.0
2030-03-12 17:00:00,0.0,0.0
2030-03-12 18:00:00,0.0,0.0
2030-03-12 19:00:00,0.0,0.0
2030-03-12 20:00:00,0.0,0.0
2030-03-12 21:00:00,0.0,0.0
2030-03-12 22:00:00,0.0,0.0
2030-03-12 23:00:00,0.0,0.0
2030-03-13 00:00:00,0.0,0.0
2030-03-13 01:00:00,0.0,0.0
2030-03-13 02:00:00,0.0,9.211556250000001
2030-03-13 03:00:00,0.0,118.78059375000002
2030-03-13 04:00:00,0.0,232.22818125000003
2030-03-13 05:00:00,0.0,314.64736875000006
2030-03-13 06:00:00,0.0,367.0077937500001
2030-03-13 07:00:00,0.0,393.67282500000005
2030-03-13 08:00:00,0.0,395.61210000000005
2030-03-13 09:00:00,0.0,374.2800750000001
2030-03-13 10:00:00,0.0,327.2526562500001
2030-03-13 11:00:00,0.0,253.07538750000006
2030-03-13 12:00:00,0.0,151.26345
2030-03-13 13:00:00,0.0,37.8158625
2030-03-13 14:00:00,0.0,0.0
2030-03-13 15:00:00,0.0,0.0
2030-03-13 16:00:00,0.0,0.0
2030-03-13 17:00:00,0.0,0.0
2030-03-13 18:00:00,0.0,0.0
2030-03-13 19:00:00,0.0,0.0
2030-03-13 20:00:00,0.0,0.0
2030-03-13 21:00:00,0.0,0.0
2030-03-13 22:00:00,0.0,0.0
2030-03-13 23:00:00,0.0,0.0
2030-03-14 00:00:00,0.0,0.0
2030-03-14 01:00:00,0.0,0.0
2030-03-14 02:00:00,0.0,10.6660125
2030-03-14 03:00:00,0.0,121.20468750000002
2030-03-14 04:00:00,0.0,229.80408750000004
2030-03-14 05:00:00,0.0,309.3143625
2030-03-14 06:00:00,0.0,361.1899687500001
2030-03-14 07:00:00,0.0,387.37018125000014
2030-03-14 08:00:00,0.0,389.30945625000015
2030-03-14 09:00:00,0.0,368.46225000000004
2030-03-14 10:00:00,0.0,322.88928750000014
2030-03-14 11:00:00,0.0,250.16647500000005
2030-03-14 12:00:00,0.0,151.26345
2030-03-14 13:00:00,0.0,39.27031875000001
2030-03-14 14:00:00,0.0,0.0
2030-03-14 15:00:00,0.0,0.0
2030-03-14 16:00:00,0.0,0.0
2030-03-14 17:00:00,0.0,0.0
2030-03-14 18:00:00,0.0,0.0
2030-03-14 19:00:00,0.0,0.0
2030-03-14 20:00:00,0.0,0.0
2030-03-14 21:00:00,0.0,0.0
2030-03-14 22:00:00,0.0,0.0
2030-03-14 23:00:00,0.0,0.0
2030-03-15 00:00:00,0.0,0.0
2030-03-15 01:00:00,0.0,0.0
2030-03-15 02:00:00,0.0,11.635650000000002
2030-03-15 03:00:00,0.0,121.68950625000004
2030-03-15 04:00:00,0.0,227.86481250000003
2030-03-15 05:00:00,0.0,307.85990625000005
2030-03-15 06:00:00,0.0,360.2203312500001
2030-03-15 07:00:00,0.0,385.91572500000007
2030-03-15 08:00:00,0.0,387.8550000000001
2030-03-15 09:00:00,0.0,365.5533375000001
2030-03-15 10:00:00,0.0,318.0411000000001
2030-03-15 11:00:00,0.0,244.34865000000002
2030-03-15 12:00:00,0.0,144.47598750000003
2030-03-15 13:00:00,0.0,35.39176875000001
2030-03-15 14:00:00,0.0,0.0
2030-03-15 15:00:00,0.0,0.0
2030-03-15 16:00:00,0.0,0.0
2030-03-15 17:00:00,0.0,0.0
2030-03-15 18:00:00,0.0,0.0
2030-03-15 19:00:00,0.0,0.0
2030-03-15 20:00:00,0.0,0.0
2030-03-15 21:00:00,0.0,0.0
2030-03-15 22:00:00,0.0,0.0
2030-03-15 23:00:00,0.0,0.0
2030-03-16 00:00:00,0.0,0.0
2030-03-16 01:00:00,0.0,0.0
2030-03-16 02:00:00,0.0,9.211556250000001
2030-03-16 03:00:00,0.0,104.72085000000001
2030-03-16 04:00:00,0.0,208.95688125000007
2030-03-16 05:00:00,0.0,298.16353125000006
2030-03-16 06:00:00,0.0,349.0695000000001
2030-03-16 07:00:00,0.0,375.7345312500001
2030-03-16 08:00:00,0.0,378.1586250000001
2030-03-16 09:00:00,0.0,354.40250625000004
2030-03-16 10:00:00,0.0,307.85990625000005
2030-03-16 11:00:00,0.0,234.65227500000006
2030-03-16 12:00:00,0.0,136.7188875
2030-03-16 13:00:00,0.0,31.998037500000002
2030-03-16 14:00:00,0.0,0.0
2030-03-16 15:00:00,0.0,0.0
2030-03-16 16:00:00,0.0,0.0
2030-03-16 17:00:00,0.0,0.0
2030-03-16 18:00:00,0.0,0.0
2030-03-16 19:00:00,0.0,0.0
2030-03-16 20:00:00,0.0,0.0
2030-03-16 21:00:00,0.0,0.0
2030-03-16 22:00:00,0.0,0.0
2030-03-16 23:00:00,0.0,0.0
2030-03-17 00:00:00,0.0,0.0
2030-03-17 01:00:00,0.0,0.0
2030-03-17 02:00:00,0.0,9.211556250000001
2030-03-17 03:00:00,0.0,104.72085000000001
2030-03-17 04:00:00,0.0,213.80506875000003
2030-03-17 05:00:00,0.0,296.22425625000005
2030-03-17 06:00:00,0.0,343.7364937500001
2030-03-17 07:00:00,0.0,370.88634375000004
2030-03-17 08:00:00,0.0,373.7952562500001
2030-03-17 09:00:00,0.0,351.97841250000005
2030-03-17 10:00:00,0.0,305.9206312500001
2030-03-17 11:00:00,0.0,233.68263750000006
2030-03-17 12:00:00,0.0,136.7188875
2030-03-17 13:00:00,0.0,32.96767500000001
2030-03-17 14:00:00,0.0,0.0
2030-03-17 15:00:00,0.0,0.0
2030-03-17 16:00:00,0.0,0.0
2030-03-17 17:00:00,0.0,0.0
2030-03-17 18:00:00,0.0,0.0
2030-03-17 19:00:00,0.0,0.0
2030-03-17 20:00:00,0.0,0.0
2030-03-17 21:00:00,0.0,0.0
2030-03-17 22:00:00,0.0,0.0
2030-03-17 23:00:00,0.0,0.0
2030-03-18 00:00:00,0.0,0.0
2030-03-18 01:00:00,0.0,0.0
2030-03-18 02:00:00,0.0,8.726737500000002
2030-03-18 03:00:00,0.0,91.63074375000001
2030-03-18 04:00:00,0.0,199.26050625000002
2030-03-18 05:00:00,0.0,278.77078125
2030-03-18 06:00:00,0.0,337.91866875
2030-03-18 07:00:00,0.0,367.9774312500001
2030-03-18 08:00:00,0.0,369.4318875000001
2030-03-18 09:00:00,0.0,345.67576875000003
2030-03-18 10:00:00,0.0,297.6787125000001
2030-03-18 11:00:00,0.0,221.07735000000005
2030-03-18 12:00:00,0.0,120.71986875000002
2030-03-18 13:00:00,0.0,24.725756250000003
2030-03-18 14:00:00,0.0,0.0
2030-03-18 15:00:00,0.0,0.0
2030-03-18 16:00:00,0.0,0.0
2030-03-18 17:00:00,0.0,0.0
2030-03-18 18:00:00,0.0,0.0
2030-03-18 19:00:00,0.0,0.0
2030-03-18 20:00:00,0.0,0.0
2030-03-18 21:00:00,0.0,0.0
2030-03-18 22:00:00,0.0,0.0
2030-03-18 23:00:00,0.0,0.0
2030-03-19 00:00:00,0.0,0.0
2030-03-19 01:00:00,0.0,0.0
2030-03-19 02:00:00,0.0,8.726737500000002
2030-03-19 03:00:00,0.0,104.23603125000002
2030-03-19 04:00:00,0.0,214.77470625000004
2030-03-19 05:00:00,0.0,298.16353125000006
2030-03-19 06:00:00,0.0,352.4632312500001
2030-03-19 07:00:00,0.0,375.7345312500001
2030-03-19 08:00:00,0.0,375.7345312500001
2030-03-19 09:00:00,0.0,345.1909500000001
2030-03-19 10:00:00,0.0,296.22425625000005
2030-03-19 11:00:00,0.0,221.56216875000007
2030-03-19 12:00:00,0.0,125.08323750000002
2030-03-19 13:00:00,0.0,28.11948750000001
2030-03-19 14:00:00,0.0,0.0
2030-03-19 15:00:00,0.0,0.0
2030-03-19 16:00:00,0.0,0.0
2030-03-19 17:00:00,0.0,0.0
2030-03-19 18:00:00,0.0,0.0
2030-03-19 19:00:00,0.0,0.0
2030-03-19 20:00:00,0.0,0.0
2030-03-19 21:00:00,0.0,0.0
2030-03-19 22:00:00,0.0,0.0
2030-03-19 23:00:00,0.0,0.0
2030-03-20 00:00:00,0.0,0.0
2030-03-20 01:00:00,0.0,0.0
2030-03-20 02:00:00,0.0,8.726737500000002
2030-03-20 03:00:00,0.0,99.38784375000002
2030-03-20 04:00:00,0.0,204.5935125
2030-03-20 05:00:00,0.0,286.52788125000006
2030-03-20 06:00:00,0.0,347.61504375000004
2030-03-20 07:00:00,0.0,372.34080000000006
2030-03-20 08:00:00,0.0,373.3104375000001
2030-03-20 09:00:00,0.0,352.4632312500001
2030-03-20 10:00:00,0.0,304.4661750000001
2030-03-20 11:00:00,0.0,230.28890625000005
2030-03-20 12:00:00,0.0,132.35551875000004
2030-03-20 13:00:00,0.0,31.513218750000007
2030-03-20 14:00:00,0.0,0.0
2030-03-20 15:00:00,0.0,0.0
2030-03-20 16:00:00,0.0,0.0
2030-03-20 17:00:00,0.0,0.0
2030-03-20 18:00:00,0.0,0.0
2030-03-20 19:00:00,0.0,0.0
2030-03-20 20:00:00,0.0,0.0
2030-03-20 21:00:00,0.0,0.0
2030-03-20 22:00:00,0.0,0.0
2030-03-20 23:00:00,0.0,0.0
2030-03-21 00:00:00,0.0,0.0
2030-03-21 01:00:00,0.0,0.0
2030-03-21 02:00:00,0.0,10.6660125
2030-03-21 03:00:00,0.0,106.66012500000001
2030-03-21 04:00:00,0.0,210.41133750000003
2030-03-21 05:00:00,0.0,288.95197500000006
2030-03-21 06:00:00,0.0,340.3427625
2030-03-21 07:00:00,0.0,366.52297500000003
2030-03-21 08:00:00,0.0,368.46225000000004
2030-03-21 09:00:00,0.0,341.79721875000007
2030-03-21 10:00:00,0.0,294.76980000000003
2030-03-21 11:00:00,0.0,222.53180625000002
2030-03-21 12:00:00,0.0,127.50733125000004
2030-03-21 13:00:00,0.0,31.028400000000005
2030-03-21 14:00:00,0.0,0.0
2030-03-21 15:00:00,0.0,0.0
2030-03-21 16:00:00,0.0,0.0
2030-03-21 17:00:00,0.0,0.0
2030-03-21 18:00:00,0.0,0.0
2030-03-21 19:00:00,0.0,0.0
2030-03-21 20:00:00,0.0,0.0
2030-03-21 21:00:00,0.0,0.0
2030-03-21 22:00:00,0.0,0.0
2030-03-21 23:00:00,0.0,0.0
2030-03-22 00:00:00,0.0,0.0
2030-03-22 01:00:00,0.0,0.0
2030-03-22 02:00:00,0.0,10.181193750000002
2030-03-22 03:00:00,0.0,99.38784375000002
2030-03-22 04:00:00,0.0,200.7149625
2030-03-22 05:00:00,0.0,279.74041875000006
2030-03-22 06:00:00,0.0,327.7374750000001
2030-03-22 07:00:00,0.0,354.8873250000001
2030-03-22 08:00:00,0.0,360.2203312500001
2030-03-22 09:00:00,0.0,338.8883062500001
2030-03-22 10:00:00,0.0,292.3457062500001
2030-03-22 11:00:00,0.0,220.10771250000005
2030-03-22 12:00:00,0.0,125.56805625000003
2030-03-22 13:00:00,0.0,30.058762500000004
2030-03-22 14:00:00,0.0,0.0
2030-03-22 15:00:00,0.0,0.0
2030-03-22 16:00:00,0.0,0.0
2030-03-22 17:00:00,0.0,0.0
2030-03-22 18:00:00,0.0,0.0
2030-03-22 19:00:00,0.0,0.0
2030-03-22 20:00:00,0.0,0.0
2030-03-22 21:00:00,0.0,0.0
2030-03-22 22:00:00,0.0,0.0
2030-03-22 23:00:00,0.0,0.0
2030-03-23 00:00:00,0.0,0.0
2030-03-23 01:00:00,0.0,0.0
2030-03-23 02:00:00,0.0,9.696375000000002
2030-03-23 03:00:00,0.0,95.50929375000003
2030-03-23 04:00:00,0.0,202.16941875
2030-03-23 05:00:00,0.0,283.1341500000001
2030-03-23 06:00:00,0.0,335.97939375000004
2030-03-23 07:00:00,0.0,358.76587500000005
2030-03-23 08:00:00,0.0,351.49359375000006
2030-03-23 09:00:00,0.0,340.3427625
2030-03-23 10:00:00,0.0,303.49653750000004
2030-03-23 11:00:00,0.0,233.19781875000004
2030-03-23 12:00:00,0.0,138.65816250000003
2030-03-23 13:00:00,0.0,36.846225000000004
2030-03-23 14:00:00,0.0,0.0
2030-03-23 15:00:00,0.0,0.0
2030-03-23 16:00:00,0.0,0.0
2030-03-23 17:00:00,0.0,0.0
2030-03-23 18:00:00,0.0,0.0
2030-03-23 19:00:00,0.0,0.0
2030-03-23 20:00:00,0.0,0.0
2030-03-23 21:00:00,0.0,0.0
2030-03-23 22:00:00,0.0,0.0
2030-03-23 23:00:00,0.0,0.0
2030-03-24 00:00:00,0.0,0.0
2030-03-24 01:00:00,0.0,0.0
2030-03-24 02:00:00,0.0,13.090106250000002
2030-03-24 03:00:00,0.0,112.47795000000002
2030-03-24 04:00:00,0.0,219.13807500000004
2030-03-24 05:00:00,0.0,297.6787125000001
2030-03-24 06:00:00,0.0,348.5846812500001
2030-03-24 07:00:00,0.0,374.76489375000006
2030-03-24 08:00:00,0.0,377.18898750000005
2030-03-24 09:00:00,0.0,355.37214375
2030-03-24 10:00:00,0.0,309.79918125000006
2030-03-24 11:00:00,0.0,238.04600625000006
2030-03-24 12:00:00,0.0,131.38588125000004
2030-03-24 13:00:00,0.0,34.90695000000001
2030-03-24 14:00:00,0.0,0.0
2030-03-24 15:00:00,0.0,0.0
2030-03-24 16:00:00,0.0,0.0
2030-03-24 17:00:00,0.0,0.0
2030-03-24 18:00:00,0.0,0.0
2030-03-24 19:00:00,0.0,0.0
2030-03-24 20:00:00,0.0,0.0
2030-03-24 21:00:00,0.0,0.0
2030-03-24 22:00:00,0.0,0.0
2030-03-24 23:00:00,0.0,0.0
2030-03-25 00:00:00,0.0,0.0
2030-03-25 01:00:00,0.0,0.0
2030-03-25 02:00:00,0.0,12.605287500000003
2030-03-25 03:00:00,0.0,107.14494375000002
2030-03-25 04:00:00,0.0,218.16843750000004
2030-03-25 05:00:00,0.0,297.6787125000001
2030-03-25 06:00:00,0.0,351.49359375000006
2030-03-25 07:00:00,0.0,377.6738062500001
2030-03-25 08:00:00,0.0,380.58271875
2030-03-25 09:00:00,0.0,357.3114187500001
2030-03-25 10:00:00,0.0,312.70809375000005
2030-03-25 11:00:00,0.0,242.40937500000004
2030-03-25 12:00:00,0.0,147.38490000000002
2030-03-25 13:00:00,0.0,42.66405000000001
2030-03-25 14:00:00,0.0,0.0
2030-03-25 15:00:00,0.0,0.0
2030-03-25 16:00:00,0.0,0.0
2030-03-25 17:00:00,0.0,0.0
2030-03-25 18:00:00,0.0,0.0
2030-03-25 19:00:00,0.0,0.0
2030-03-25 20:00:00,0.0,0.0
2030-03-25 21:00:00,0.0,0.0
2030-03-25 22:00:00,0.0,0.0
2030-03-25 23:00:00,0.0,0.0
2030-03-26 00:00:00,0.0,0.0
2030-03-26 01:00:00,0.0,0.0
2030-03-26 02:00:00,0.0,15.029381250000002
2030-03-26 03:00:00,0.0,118.78059375000002
2030-03-26 04:00:00,0.0,223.50144375000005
2030-03-26 05:00:00,0.0,301.5572625000001
2030-03-26 06:00:00,0.0,351.97841250000005
2030-03-26 07:00:00,0.0,377.6738062500001
2030-03-26 08:00:00,0.0,379.61308125000005
2030-03-26 09:00:00,0.0,354.8873250000001
2030-03-26 10:00:00,0.0,310.28400000000005
2030-03-26 11:00:00,0.0,239.50046250000003
2030-03-26 12:00:00,0.0,144.96080625000002
2030-03-26 13:00:00,0.0,41.20959375000001
2030-03-26 14:00:00,0.0,0.0
2030-03-26 15:00:00,0.0,0.0
2030-03-26 16:00:00,0.0,0.0
2030-03-26 17:00:00,0.0,0.0
2030-03-26 18:00:00,0.0,0.0
2030-03-26 19:00:00,0.0,0.0
2030-03-26 20:00:00,0.0,0.0
2030-03-26 21:00:00,0.0,0.0
2030-03-26 22:00:00,0.0,0.0
2030-03-26 23:00:00,0.0,0.0
2030-03-27 00:00:00,0.0,0.0
2030-03-27 01:00:00,0.0,0.0
2030-03-27 02:00:00,0.0,15.999018750000001
2030-03-27 03:00:00,0.0,119.75023125000001
2030-03-27 04:00:00,0.0,222.04698750000003
2030-03-27 05:00:00,0.0,299.1331687500001
2030-03-27 06:00:00,0.0,350.5239562500001
2030-03-27 07:00:00,0.0,374.2800750000001
2030-03-27 08:00:00,0.0,374.76489375000006
2030-03-27 09:00:00,0.0,353.4328687500001
2030-03-27 10:00:00,0.0,309.3143625
2030-03-27 11:00:00,0.0,242.89419375000006
2030-03-27 12:00:00,0.0,151.26345
2030-03-27 13:00:00,0.0,46.057781250000005
2030-03-27 14:00:00,0.0,0.0
2030-03-27 15:00:00,0.0,0.0
2030-03-27 16:00:00,0.0,0.0
2030-03-27 17:00:00,0.0,0.0
2030-03-27 18:00:00,0.0,0.0
2030-03-27 19:00:00,0.0,0.0
2030-03-27 20:00:00,0.0,0.0
2030-03-27 21:00:00,0.0,0.0
2030-03-27 22:00:00,0.0,0.0
2030-03-27 23:00:00,0.0,0.0
2030-03-28 00:00:00,0.0,0.0
2030-03-28 01:00:00,0.0,0.0
2030-03-28 02:00:00,0.0,16.968656250000006
2030-03-28 03:00:00,0.0,119.75023125000001
2030-03-28 04:00:00,0.0,221.07735000000005
2030-03-28 05:00:00,0.0,297.6787125000001
2030-03-28 06:00:00,0.0,346.1605875000001
2030-03-28 07:00:00,0.0,370.4015250000001
2030-03-28 08:00:00,0.0,371.85598125000007
2030-03-28 09:00:00,0.0,351.00877500000007
2030-03-28 10:00:00,0.0,306.40545000000003
2030-03-28 11:00:00,0.0,230.28890625000005
2030-03-28 12:00:00,0.0,128.47696875000003
2030-03-28 13:00:00,0.0,32.96767500000001
2030-03-28 14:00:00,0.0,0.0
2030-03-28 15:00:00,0.0,0.0
2030-03-28 16:00:00,0.0,0.0
2030-03-28 17:00:00,0.0,0.0
2030-03-28 18:00:00,0.0,0.0
2030-03-28 19:00:00,0.0,0.0
2030-03-28 20:00:00,0.0,0.0
2030-03-28 21:00:00,0.0,0.0
2030-03-28 22:00:00,0.0,0.0
2030-03-28 23:00:00,0.0,0.0
2030-03-29 00:00:00,0.0,0.0
2030-03-29 01:00:00,0.0,0.0
2030-03-29 02:00:00,0.0,14.544562500000003
2030-03-29 03:00:00,0.0,110.53867500000003
2030-03-29 04:00:00,0.0,209.92651875
2030-03-29 05:00:00,0.0,286.52788125000006
2030-03-29 06:00:00,0.0,335.494575
2030-03-29 07:00:00,0.0,359.7355125000001
2030-03-29 08:00:00,0.0,366.03815625000004
2030-03-29 09:00:00,0.0,346.64540625000006
2030-03-29 10:00:00,0.0,302.5269
2030-03-29 11:00:00,0.0,232.71300000000005
2030-03-29 12:00:00,0.0,137.20370625000004
2030-03-29 13:00:00,0.0,39.27031875000001
2030-03-29 14:00:00,0.0,0.0
2030-03-29 15:00:00,0.0,0.0
2030-03-29 16:00:00,0.0,0.0
2030-03-29 17:00:00,0.0,0.0
2030-03-29 18:00:00,0.0,0.0
2030-03-29 19:00:00,0.0,0.0
2030-03-29 20:00:00,0.0,0.0
2030-03-29 21:00:00,0.0,0.0
2030-03-29 22:00:00,0.0,0.0
2030-03-29 23:00:00,0.0,0.0
2030-03-30 00:00:00,0.0,0.0
2030-03-30 01:00:00,0.0,0.0
2030-03-30 02:00:00,0.0,15.514200000000002
2030-03-30 03:00:00,0.0,113.44758750000001
2030-03-30 04:00:00,0.0,216.71398125000005
2030-03-30 05:00:00,0.0,293.80016250000006
2030-03-30 06:00:00,0.0,343.7364937500001
2030-03-30 07:00:00,0.0,369.4318875000001
2030-03-30 08:00:00,0.0,371.85598125000007
2030-03-30 09:00:00,0.0,350.5239562500001
2030-03-30 10:00:00,0.0,306.8902687500001
2030-03-30 11:00:00,0.0,238.04600625000006
2030-03-30 12:00:00,0.0,145.445625
2030-03-30 13:00:00,0.0,43.633687500000015
2030-03-30 14:00:00,0.0,0.0
2030-03-30 15:00:00,0.0,0.0
2030-03-30 16:00:00,0.0,0.0
2030-03-30 17:00:00,0.0,0.0
2030-03-30 18:00:00,0.0,0.0
2030-03-30 19:00:00,0.0,0.0
2030-03-30 20:00:00,0.0,0.0
2030-03-30 21:00:00,0.0,0.0
2030-03-30 22:00:00,0.0,0.0
2030-03-30 23:00:00,0.0,0.0
2030-03-31 00:00:00,0.0,0.0
2030-03-31 01:00:00,0.0,0.0
2030-03-31 02:00:00,0.0,17.938293750000007
2030-03-31 03:00:00,0.0,122.17432500000001
2030-03-31 04:00:00,0.0,223.50144375000005
2030-03-31 05:00:00,0.0,300.10280625
2030-03-31 06:00:00,0.0,349.55431875000005
2030-03-31 07:00:00,0.0,373.7952562500001
2030-03-31 08:00:00,0.0,375.7345312500001
2030-03-31 09:00:00,0.0,355.37214375
2030-03-31 10:00:00,0.0,311.2536375000001
2030-03-31 11:00:00,0.0,241.92455625000005
2030-03-31 12:00:00,0.0,148.83935625000004
2030-03-31 13:00:00,0.0,45.57296250000001
2030-03-31 14:00:00,0.0,0.0
2030-03-31 15:00:00,0.0,0.0
2030-03-31 16:00:00,0.0,0.0
2030-03-31 17:00:00,0.0,0.0
2030-03-31 18:00:00,0.0,0.0
2030-03-31 19:00:00,0.0,0.0
2030-03-31 20:00:00,0.0,0.0
2030-03-31 21:00:00,0.0,0.0
2030-03-31 22:00:00,0.0,0.0
2030-03-31 23:00:00,0.0,0.0
2030-04-01 00:00:00,0.0,0.0
2030-04-01 01:00:00,0.0,0.0
2030-04-01 02:00:00,0.0,18.423112500000002
2030-04-01 03:00:00,0.0,120.71986875000002
2030-04-01 04:00:00,0.0,221.07735000000005
2030-04-01 05:00:00,0.0,297.19389375000003
2030-04-01 06:00:00,0.0,345.67576875000003
2030-04-01 07:00:00,0.0,369.4318875000001
2030-04-01 08:00:00,0.0,371.3711625
2030-04-01 09:00:00,0.0,351.00877500000007
2030-04-01 10:00:00,0.0,307.85990625000005
2030-04-01 11:00:00,0.0,239.50046250000003
2030-04-01 12:00:00,0.0,147.38490000000002
2030-04-01 13:00:00,0.0,45.08814375000001
2030-04-01 14:00:00,0.0,0.0
2030-04-01 15:00:00,0.0,0.0
2030-04-01 16:00:00,0.0,0.0
2030-04-01 17:00:00,0.0,0.0
2030-04-01 18:00:00,0.0,0.0
2030-04-01 19:00:00,0.0,0.0
2030-04-01 20:00:00,0.0,0.0
2030-04-01 21:00:00,0.0,0.0
2030-04-01 22:00:00,0.0,0.0
2030-04-01 23:00:00,0.0,0.0
2030-04-02 00:00:00,0.0,0.0
2030-04-02 01:00:00,0.0,0.0
2030-04-02 02:00:00,0.0,18.90793125
2030-04-02 03:00:00,0.0,122.17432500000001
2030-04-02 04:00:00,0.0,223.50144375000005
2030-04-02 05:00:00,0.0,299.1331687500001
2030-04-02 06:00:00,0.0,342.2820375
2030-04-02 07:00:00,0.0,341.79721875000007
2030-04-02 08:00:00,0.0,319.98037500000004
2030-04-02 09:00:00,0.0,301.07244375000005
2030-04-02 10:00:00,0.0,276.34668750000003
2030-04-02 11:00:00,0.0,231.25854375000006
2030-04-02 12:00:00,0.0,148.35453750000005
2030-04-02 13:00:00,0.0,46.057781250000005
2030-04-02 14:00:00,0.0,0.0
2030-04-02 15:00:00,0.0,0.0
2030-04-02 16:00:00,0.0,0.0
2030-04-02 17:00:00,0.0,0.0
2030-04-02 18:00:00,0.0,0.0
2030-04-02 19:00:00,0.0,0.0
2030-04-02 20:00:00,0.0,0.0
2030-04-02 21:00:00,0.0,0.0
2030-04-02 22:00:00,0.0,0.0
2030-04-02 23:00:00,0.0,0.0
2030-04-03 00:00:00,0.0,0.0
2030-04-03 01:00:00,0.0,0.0
2030-04-03 02:00:00,0.0,12.120468750000002
2030-04-03 03:00:00,0.0,97.93338750000004
2030-04-03 04:00:00,0.0,219.62289375000003
2030-04-03 05:00:00,0.0,296.7090750000001
2030-04-03 06:00:00,0.0,344.22131250000007
2030-04-03 07:00:00,0.0,368.46225000000004
2030-04-03 08:00:00,0.0,371.3711625
2030-04-03 09:00:00,0.0,351.49359375000006
2030-04-03 10:00:00,0.0,307.37508750000006
2030-04-03 11:00:00,0.0,234.16745625000004
2030-04-03 12:00:00,0.0,124.59841875000002
2030-04-03 13:00:00,0.0,34.90695000000001
2030-04-03 14:00:00,0.0,0.0
2030-04-03 15:00:00,0.0,0.0
2030-04-03 16:00:00,0.0,0.0
2030-04-03 17:00:00,0.0,0.0
2030-04-03 18:00:00,0.0,0.0
2030-04-03 19:00:00,0.0,0.0
2030-04-03 20:00:00,0.0,0.0
2030-04-03 21:00:00,0.0,0.0
2030-04-03 22:00:00,0.0,0.0
2030-04-03 23:00:00,0.0,0.0
2030-04-04 00:00:00,0.0,0.0
2030-04-04 01:00:00,0.0,0.0
2030-04-04 02:00:00,0.0,20.362387500000004
2030-04-04 03:00:00,0.0,125.08323750000002
2030-04-04 04:00:00,0.0,225.92553750000005
2030-04-04 05:00:00,0.0,300.58762500000006
2030-04-04 06:00:00,0.0,347.13022500000005
2030-04-04 07:00:00,0.0,368.9470687500001
2030-04-04 08:00:00,0.0,367.49261250000006
2030-04-04 09:00:00,0.0,340.82758125000004
2030-04-04 10:00:00,0.0,288.95197500000006
2030-04-04 11:00:00,0.0,211.38097500000003
2030-04-04 12:00:00,0.0,122.17432500000001
2030-04-04 13:00:00,0.0,39.75513750000001
2030-04-04 14:00:00,0.0,0.0
2030-04-04 15:00:00,0.0,0.0
2030-04-04 16:00:00,0.0,0.0
2030-04-04 17:00:00,0.0,0.0
2030-04-04 18:00:00,0.0,0.0
2030-04-04 19:00:00,0.0,0.0
2030-04-04 20:00:00,0.0,0.0
2030-04-04 21:00:00,0.0,0.0
2030-04-04 22:00:00,0.0,0.0
2030-04-04 23:00:00,0.0,0.0
2030-04-05 00:00:00,0.0,0.0
2030-04-05 01:00:00,0.0,0.0
2030-04-05 02:00:00,0.0,10.6660125
2030-04-05 03:00:00,0.0,70.29871875
2030-04-05 04:00:00,0.0,151.74826875000002
2030-04-05 05:00:00,0.0,220.59253125000004
2030-04-05 06:00:00,0.0,302.5269
2030-04-05 07:00:00,0.0,358.76587500000005
2030-04-05 08:00:00,0.0,368.46225000000004
2030-04-05 09:00:00,0.0,335.97939375000004
2030-04-05 10:00:00,0.0,287.9823375
2030-04-05 11:00:00,0.0,233.68263750000006
2030-04-05 12:00:00,0.0,147.38490000000002
2030-04-05 13:00:00,0.0,45.08814375000001
2030-04-05 14:00:00,0.0,0.0
2030-04-05 15:00:00,0.0,0.0
2030-04-05 16:00:00,0.0,0.0
2030-04-05 17:00:00,0.0,0.0
2030-04-05 18:00:00,0.0,0.0
2030-04-05 19:00:00,0.0,0.0
2030-04-05 20:00:00,0.0,0.0
2030-04-05 21:00:00,0.0,0.0
2030-04-05 22:00:00,0.0,0.0
2030-04-05 23:00:00,0.0,0.0
2030-04-06 00:00:00,0.0,0.0
2030-04-06 01:00:00,0.0,0.0
2030-04-06 02:00:00,0.0,8.241918750000002
2030-04-06 03:00:00,0.0,87.26737500000003
2030-04-06 04:00:00,0.0,192.47304375000004
2030-04-06 05:00:00,0.0,257.923575
2030-04-06 06:00:00,0.0,296.7090750000001
2030-04-06 07:00:00,0.0,329.19193125000004
2030-04-06 08:00:00,0.0,357.3114187500001
2030-04-06 09:00:00,0.0,348.0998625000001
2030-04-06 10:00:00,0.0,305.43581250000005
2030-04-06 11:00:00,0.0,234.65227500000006
2030-04-06 12:00:00,0.0,142.53671250000002
2030-04-06 13:00:00,0.0,44.603325000000005
2030-04-06 14:00:00,0.0,0.0
2030-04-06 15:00:00,0.0,0.0
2030-04-06 16:00:00,0.0,0.0
2030-04-06 17:00:00,0.0,0.0
2030-04-06 18:00:00,0.0,0.0
2030-04-06 19:00:00,0.0,0.0
2030-04-06 20:00:00,0.0,0.0
2030-04-06 21:00:00,0.0,0.0
2030-04-06 22:00:00,0.0,0.0
2030-04-06 23:00:00,0.0,0.0
2030-04-07 00:00:00,0.0,0.0
2030-04-07 01:00:00,0.0,0.0
2030-04-07 02:00:00,0.0,15.029381250000002
2030-04-07 03:00:00,0.0,95.50929375000003
2030-04-07 04:00:00,0.0,192.47304375000004
2030-04-07 05:00:00,0.0,273.9225937500001
2030-04-07 06:00:00,0.0,327.2526562500001
2030-04-07 07:00:00,0.0,354.40250625000004
2030-04-07 08:00:00,0.0,358.2810562500001
2030-04-07 09:00:00,0.0,335.494575
2030-04-07 10:00:00,0.0,287.9823375
2030-04-07 11:00:00,0.0,212.83543125000006
2030-04-07 12:00:00,0.0,117.81095625000002
2030-04-07 13:00:00,0.0,30.543581250000003
2030-04-07 14:00:00,0.0,0.0
2030-04-07 15:00:00,0.0,0.0
2030-04-07 16:00:00,0.0,0.0
2030-04-07 17:00:00,0.0,0.0
2030-04-07 18:00:00,0.0,0.0
2030-04-07 19:00:00,0.0,0.0
2030-04-07 20:00:00,0.0,0.0
2030-04-07 21:00:00,0.0,0.0
2030-04-07 22:00:00,0.0,0.0
2030-04-07 23:00:00,0.0,0.0
2030-04-08 00:00:00,0.0,0.0
2030-04-08 01:00:00,0.0,0.0
2030-04-08 02:00:00,0.0,20.847206250000003
2030-04-08 03:00:00,0.0,118.29577500000002
2030-04-08 04:00:00,0.0,207.98724375000003
2030-04-08 05:00:00,0.0,273.43777500000004
2030-04-08 06:00:00,0.0,308.3447250000001
2030-04-08 07:00:00,0.0,328.22229375000006
2030-04-08 08:00:00,0.0,351.00877500000007
2030-04-08 09:00:00,0.0,344.70613125
2030-04-08 10:00:00,0.0,304.4661750000001
2030-04-08 11:00:00,0.0,236.59155000000004
2030-04-08 12:00:00,0.0,145.445625
2030-04-08 13:00:00,0.0,46.057781250000005
2030-04-08 14:00:00,0.0,0.0
2030-04-08 15:00:00,0.0,0.0
2030-04-08 16:00:00,0.0,0.0
2030-04-08 17:00:00,0.0,0.0
2030-04-08 18:00:00,0.0,0.0
2030-04-08 19:00:00,0.0,0.0
2030-04-08 20:00:00,0.0,0.0
2030-04-08 21:00:00,0.0,0.0
2030-04-08 22:00:00,0.0,0.0
2030-04-08 23:00:00,0.0,0.0
2030-04-09 00:00:00,0.0,0.0
2030-04-09 01:00:00,0.0,0.0
2030-04-09 02:00:00,0.0,17.938293750000007
2030-04-09 03:00:00,0.0,107.14494375000002
2030-04-09 04:00:00,0.0,214.28988750000005
2030-04-09 05:00:00,0.0,291.86088750000005
2030-04-09 06:00:00,0.0,339.85794375000006
2030-04-09 07:00:00,0.0,364.09888125000003
2030-04-09 08:00:00,0.0,366.03815625000004
2030-04-09 09:00:00,0.0,345.1909500000001
2030-04-09 10:00:00,0.0,302.04208125
2030-04-09 11:00:00,0.0,234.16745625000004
2030-04-09 12:00:00,0.0,143.50635000000005
2030-04-09 13:00:00,0.0,45.57296250000001
2030-04-09 14:00:00,0.0,0.0
2030-04-09 15:00:00,0.0,0.0
2030-04-09 16:00:00,0.0,0.0
2030-04-09 17:00:00,0.0,0.0
2030-04-09 18:00:00,0.0,0.0
2030-04-09 19:00:00,0.0,0.0
2030-04-09 20:00:00,0.0,0.0
2030-04-09 21:00:00,0.0,0.0
2030-04-09 22:00:00,0.0,0.0
2030-04-09 23:00:00,0.0,0.0
2030-04-10 00:00:00,0.0,0.0
2030-04-10 01:00:00,0.0,0.0
2030-04-10 02:00:00,0.0,22.301662500000003
2030-04-10 03:00:00,0.0,121.20468750000002
2030-04-10 04:00:00,0.0,219.62289375000003
2030-04-10 05:00:00,0.0,293.80016250000006
2030-04-10 06:00:00,0.0,340.3427625
2030-04-10 07:00:00,0.0,365.5533375000001
2030-04-10 08:00:00,0.0,368.46225000000004
2030-04-10 09:00:00,0.0,348.0998625000001
2030-04-10 10:00:00,0.0,304.95099375000007
2030-04-10 11:00:00,0.0,234.65227500000006
2030-04-10 12:00:00,0.0,145.93044375000002
2030-04-10 13:00:00,0.0,47.02741875
2030-04-10 14:00:00,0.0,0.0
2030-04-10 15:00:00,0.0,0.0
2030-04-10 16:00:00,0.0,0.0
2030-04-10 17:00:00,0.0,0.0
2030-04-10 18:00:00,0.0,0.0
2030-04-10 19:00:00,0.0,0.0
2030-04-10 20:00:00,0.0,0.0
2030-04-10 21:00:00,0.0,0.0
2030-04-10 22:00:00,0.0,0.0
2030-04-10 23:00:00,0.0,0.0
2030-04-11 00:00:00,0.0,0.0
2030-04-11 01:00:00,0.0,0.0
2030-04-11 02:00:00,0.0,22.786481250000005
2030-04-11 03:00:00,0.0,120.23505000000002
2030-04-11 04:00:00,0.0,217.68361875000002
2030-04-11 05:00:00,0.0,292.3457062500001
2030-04-11 06:00:00,0.0,339.85794375000006
2030-04-11 07:00:00,0.0,364.09888125000003
2030-04-11 08:00:00,0.0,366.03815625000004
2030-04-11 09:00:00,0.0,343.7364937500001
2030-04-11 10:00:00,0.0,299.6179875
2030-04-11 11:00:00,0.0,232.22818125000003
2030-04-11 12:00:00,0.0,142.53671250000002
2030-04-11 13:00:00,0.0,45.57296250000001
2030-04-11 14:00:00,0.0,0.0
2030-04-11 15:00:00,0.0,0.0
2030-04-11 16:00:00,0.0,0.0
2030-04-11 17:00:00,0.0,0.0
2030-04-11 18:00:00,0.0,0.0
2030-04-11 19:00:00,0.0,0.0
2030-04-11 20:00:00,0.0,0.0
2030-04-11 21:00:00,0.0,0.0
2030-04-11 22:00:00,0.0,0.0
2030-04-11 23:00:00,0.0,0.0
2030-04-12 00:00:00,0.0,0.0
2030-04-12 01:00:00,0.0,0.0
2030-04-12 02:00:00,0.0,21.332025
2030-04-12 03:00:00,0.0,113.93240625000001
2030-04-12 04:00:00,0.0,208.95688125000007
2030-04-12 05:00:00,0.0,283.1341500000001
2030-04-12 06:00:00,0.0,334.0401187500001
2030-04-12 07:00:00,0.0,358.76587500000005
2030-04-12 08:00:00,0.0,359.25069375000004
2030-04-12 09:00:00,0.0,339.85794375000006
2030-04-12 10:00:00,0.0,294.76980000000003
2030-04-12 11:00:00,0.0,226.89517500000002
2030-04-12 12:00:00,0.0,130.41624375000004
2030-04-12 13:00:00,0.0,36.846225000000004
2030-04-12 14:00:00,0.0,0.0
2030-04-12 15:00:00,0.0,0.0
2030-04-12 16:00:00,0.0,0.0
2030-04-12 17:00:00,0.0,0.0
2030-04-12 18:00:00,0.0,0.0
2030-04-12 19:00:00,0.0,0.0
2030-04-12 20:00:00,0.0,0.0
2030-04-12 21:00:00,0.0,0.0
2030-04-12 22:00:00,0.0,0.0
2030-04-12 23:00:00,0.0,0.0
2030-04-13 00:00:00,0.0,0.0
2030-04-13 01:00:00,0.0,0.0
2030-04-13 02:00:00,0.0,16.968656250000006
2030-04-13 03:00:00,0.0,95.50929375000003
2030-04-13 04:00:00,0.0,191.50340625000004
2030-04-13 05:00:00,0.0,251.13611250000005
2030-04-13 06:00:00,0.0,241.43973750000004
2030-04-13 07:00:00,0.0,281.67969375
2030-04-13 08:00:00,0.0,325.79820000000007
2030-04-13 09:00:00,0.0,311.73845625
2030-04-13 10:00:00,0.0,256.46911875
2030-04-13 11:00:00,0.0,190.53376875000006
2030-04-13 12:00:00,0.0,131.38588125000004
2030-04-13 13:00:00,0.0,43.14886875000001
2030-04-13 14:00:00,0.0,0.0
2030-04-13 15:00:00,0.0,0.0
2030-04-13 16:00:00,0.0,0.0
2030-04-13 17:00:00,0.0,0.0
2030-04-13 18:00:00,0.0,0.0
2030-04-13 19:00:00,0.0,0.0
2030-04-13 20:00:00,0.0,0.0
2030-04-13 21:00:00,0.0,0.0
2030-04-13 22:00:00,0.0,0.0
2030-04-13 23:00:00,0.0,0.0
2030-04-14 00:00:00,0.0,0.0
2030-04-14 01:00:00,0.0,0.0
2030-04-14 02:00:00,0.0,5.333006250000001
2030-04-14 03:00:00,0.0,57.208612500000015
2030-04-14 04:00:00,0.0,149.80899375
2030-04-14 05:00:00,0.0,215.74434375000004
2030-04-14 06:00:00,0.0,257.923575
2030-04-14 07:00:00,0.0,288.95197500000006
2030-04-14 08:00:00,0.0,297.6787125000001
2030-04-14 09:00:00,0.0,258.8932125
2030-04-14 10:00:00,0.0,236.10673125000005
2030-04-14 11:00:00,0.0,185.20076250000005
2030-04-14 12:00:00,0.0,96.47893125000002
2030-04-14 13:00:00,0.0,21.816843750000007
2030-04-14 14:00:00,0.0,0.0
2030-04-14 15:00:00,0.0,0.0
2030-04-14 16:00:00,0.0,0.0
2030-04-14 17:00:00,0.0,0.0
2030-04-14 18:00:00,0.0,0.0
2030-04-14 19:00:00,0.0,0.0
2030-04-14 20:00:00,0.0,0.0
2030-04-14 21:00:00,0.0,0.0
2030-04-14 22:00:00,0.0,0.0
2030-04-14 23:00:00,0.0,0.0
2030-04-15 00:00:00,0.0,0.0
2030-04-15 01:00:00,0.0,0.0
2030-04-15 02:00:00,0.0,20.362387500000004
2030-04-15 03:00:00,0.0,111.99313125000002
2030-04-15 04:00:00,0.0,210.41133750000003
2030-04-15 05:00:00,0.0,286.52788125000006
2030-04-15 06:00:00,0.0,337.91866875
2030-04-15 07:00:00,0.0,364.5837000000001
2030-04-15 08:00:00,0.0,368.9470687500001
2030-04-15 09:00:00,0.0,353.4328687500001
2030-04-15 10:00:00,0.0,310.28400000000005
2030-04-15 11:00:00,0.0,241.43973750000004
2030-04-15 12:00:00,0.0,149.80899375
2030-04-15 13:00:00,0.0,49.45151250000001
2030-04-15 14:00:00,0.0,0.0
2030-04-15 15:00:00,0.0,0.0
2030-04-15 16:00:00,0.0,0.0
2030-04-15 17:00:00,0.0,0.0
2030-04-15 18:00:00,0.0,0.0
2030-04-15 19:00:00,0.0,0.0
2030-04-15 20:00:00,0.0,0.0
2030-04-15 21:00:00,0.0,0.0
2030-04-15 22:00:00,0.0,0.0
2030-04-15 23:00:00,0.0,0.0
2030-04-16 00:00:00,0.0,0.0
2030-04-16 01:00:00,0.0,0.0
2030-04-16 02:00:00,0.0,24.725756250000003
2030-04-16 03:00:00,0.0,124.59841875000002
2030-04-16 04:00:00,0.0,224.47108125000003
2030-04-16 05:00:00,0.0,298.16353125000006
2030-04-16 06:00:00,0.0,346.1605875000001
2030-04-16 07:00:00,0.0,371.3711625
2030-04-16 08:00:00,0.0,373.3104375000001
2030-04-16 09:00:00,0.0,352.94805
2030-04-16 10:00:00,0.0,309.3143625
2030-04-16 11:00:00,0.0,240.95491875000005
2030-04-16 12:00:00,0.0,150.29381250000003
2030-04-16 13:00:00,0.0,50.42115000000001
2030-04-16 14:00:00,0.0,0.0
2030-04-16 15:00:00,0.0,0.0
2030-04-16 16:00:00,0.0,0.0
2030-04-16 17:00:00,0.0,0.0
2030-04-16 18:00:00,0.0,0.0
2030-04-16 19:00:00,0.0,0.0
2030-04-16 20:00:00,0.0,0.0
2030-04-16 21:00:00,0.0,0.0
2030-04-16 22:00:00,0.0,0.0
2030-04-16 23:00:00,0.0,0.0
2030-04-17 00:00:00,0.0,0.0
2030-04-17 01:00:00,0.0,0.0
2030-04-17 02:00:00,0.0,25.210575000000006
2030-04-17 03:00:00,0.0,126.53769375000003
2030-04-17 04:00:00,0.0,226.89517500000002
2030-04-17 05:00:00,0.0,300.58762500000006
2030-04-17 06:00:00,0.0,348.0998625000001
2030-04-17 07:00:00,0.0,372.34080000000006
2030-04-17 08:00:00,0.0,374.2800750000001
2030-04-17 09:00:00,0.0,354.8873250000001
2030-04-17 10:00:00,0.0,311.2536375000001
2030-04-17 11:00:00,0.0,243.37901250000007
2030-04-17 12:00:00,0.0,152.23308750000004
2030-04-17 13:00:00,0.0,51.39078750000001
2030-04-17 14:00:00,0.0,0.0
2030-04-17 15:00:00,0.0,0.0
2030-04-17 16:00:00,0.0,0.0
2030-04-17 17:00:00,0.0,0.0
2030-04-17 18:00:00,0.0,0.0
2030-04-17 19:00:00,0.0,0.0
2030-04-17 20:00:00,0.0,0.0
2030-04-17 21:00:00,0.0,0.0
2030-04-17 22:00:00,0.0,0.0
2030-04-17 23:00:00,0.0,0.0
2030-04-18 00:00:00,0.0,0.0
2030-04-18 01:00:00,0.0,0.0
2030-04-18 02:00:00,0.0,26.180212500000003
2030-04-18 03:00:00,0.0,127.02251250000002
2030-04-18 04:00:00,0.0,224.95590000000004
2030-04-18 05:00:00,0.0,299.1331687500001
2030-04-18 06:00:00,0.0,347.13022500000005
2030-04-18 07:00:00,0.0,371.3711625
2030-04-18 08:00:00,0.0,372.8256187500001
2030-04-18 09:00:00,0.0,352.4632312500001
2030-04-18 10:00:00,0.0,309.3143625
2030-04-18 11:00:00,0.0,241.92455625000005
2030-04-18 12:00:00,0.0,151.74826875000002
2030-04-18 13:00:00,0.0,51.87560625000001
2030-04-18 14:00:00,0.0,0.0
2030-04-18 15:00:00,0.0,0.0
2030-04-18 16:00:00,0.0,0.0
2030-04-18 17:00:00,0.0,0.0
2030-04-18 18:00:00,0.0,0.0
2030-04-18 19:00:00,0.0,0.0
2030-04-18 20:00:00,0.0,0.0
2030-04-18 21:00:00,0.0,0.0
2030-04-18 22:00:00,0.0,0.0
2030-04-18 23:00:00,0.0,0.0
2030-04-19 00:00:00,0.0,0.0
2030-04-19 01:00:00,0.0,0.0
2030-04-19 02:00:00,0.0,25.695393750000004
2030-04-19 03:00:00,0.0,122.65914375000003
2030-04-19 04:00:00,0.0,218.65325625000003
2030-04-19 05:00:00,0.0,292.3457062500001
2030-04-19 06:00:00,0.0,341.79721875000007
2030-04-19 07:00:00,0.0,366.03815625000004
2030-04-19 08:00:00,0.0,367.9774312500001
2030-04-19 09:00:00,0.0,347.61504375000004
2030-04-19 10:00:00,0.0,304.95099375000007
2030-04-19 11:00:00,0.0,238.53082500000008
2030-04-19 12:00:00,0.0,149.80899375
2030-04-19 13:00:00,0.0,51.39078750000001
2030-04-19 14:00:00,0.0,0.0
2030-04-19 15:00:00,0.0,0.0
2030-04-19 16:00:00,0.0,0.0
2030-04-19 17:00:00,0.0,0.0
2030-04-19 18:00:00,0.0,0.0
2030-04-19 19:00:00,0.0,0.0
2030-04-19 20:00:00,0.0,0.0
2030-04-19 21:00:00,0.0,0.0
2030-04-19 22:00:00,0.0,0.0
2030-04-19 23:00:00,0.0,0.0
2030-04-20 00:00:00,0.0,0.0
2030-04-20 01:00:00,0.0,0.0
2030-04-20 02:00:00,0.0,25.695393750000004
2030-04-20 03:00:00,0.0,121.68950625000004
2030-04-20 04:00:00,0.0,217.19880000000006
2030-04-20 05:00:00,0.0,290.40643125
2030-04-20 06:00:00,0.0,338.8883062500001
2030-04-20 07:00:00,0.0,363.12924375000006
2030-04-20 08:00:00,0.0,365.5533375000001
2030-04-20 09:00:00,0.0,345.67576875000003
2030-04-20 10:00:00,0.0,303.01171875000006
2030-04-20 11:00:00,0.0,236.10673125000005
2030-04-20 12:00:00,0.0,147.86971875000003
2030-04-20 13:00:00,0.0,50.42115000000001
2030-04-20 14:00:00,0.0,0.0
2030-04-20 15:00:00,0.0,0.0
2030-04-20 16:00:00,0.0,0.0
2030-04-20 17:00:00,0.0,0.0
2030-04-20 18:00:00,0.0,0.0
2030-04-20 19:00:00,0.0,0.0
2030-04-20 20:00:00,0.0,0.0
2030-04-20 21:00:00,0.0,0.0
2030-04-20 22:00:00,0.0,0.0
2030-04-20 23:00:00,0.0,0.0
2030-04-21 00:00:00,0.0,0.0
2030-04-21 01:00:00,0.0,0.0
2030-04-21 02:00:00,0.0,25.695393750000004
2030-04-21 03:00:00,0.0,121.20468750000002
2030-04-21 04:00:00,0.0,216.22916250000006
2030-04-21 05:00:00,0.0,289.43679375000005
2030-04-21 06:00:00,0.0,336.4642125000001
2030-04-21 07:00:00,0.0,360.2203312500001
2030-04-21 08:00:00,0.0,362.1596062500001
2030-04-21 09:00:00,0.0,342.7668562500001
2030-04-21 10:00:00,0.0,300.10280625
2030-04-21 11:00:00,0.0,234.16745625000004
2030-04-21 12:00:00,0.0,146.41526250000004
2030-04-21 13:00:00,0.0,50.42115000000001
2030-04-21 14:00:00,0.0,0.0
2030-04-21 15:00:00,0.0,0.0
2030-04-21 16:00:00,0.0,0.0
2030-04-21 17:00:00,0.0,0.0
2030-04-21 18:00:00,0.0,0.0
2030-04-21 19:00:00,0.0,0.0
2030-04-21 20:00:00,0.0,0.0
2030-04-21 21:00:00,0.0,0.0
2030-04-21 22:00:00,0.0,0.0
2030-04-21 23:00:00,0.0,0.0
2030-04-22 00:00:00,0.0,0.0
2030-04-22 01:00:00,0.0,0.0
2030-04-22 02:00:00,0.0,26.180212500000003
2030-04-22 03:00:00,0.0,121.68950625000004
2030-04-22 04:00:00,0.0,216.71398125000005
2030-04-22 05:00:00,0.0,289.92161250000004
2030-04-22 06:00:00,0.0,338.40348750000004
2030-04-22 07:00:00,0.0,362.64442500000007
2030-04-22 08:00:00,0.0,365.06851875000007
2030-04-22 09:00:00,0.0,344.22131250000007
2030-04-22 10:00:00,0.0,301.5572625000001
2030-04-22 11:00:00,0.0,235.62191250000004
2030-04-22 12:00:00,0.0,147.38490000000002
2030-04-22 13:00:00,0.0,50.905968750000014
2030-04-22 14:00:00,0.0,0.0
2030-04-22 15:00:00,0.0,0.0
2030-04-22 16:00:00,0.0,0.0
2030-04-22 17:00:00,0.0,0.0
2030-04-22 18:00:00,0.0,0.0
2030-04-22 19:00:00,0.0,0.0
2030-04-22 20:00:00,0.0,0.0
2030-04-22 21:00:00,0.0,0.0
2030-04-22 22:00:00,0.0,0.0
2030-04-22 23:00:00,0.0,0.0
2030-04-23 00:00:00,0.0,0.0
2030-04-23 01:00:00,0.0,0.0
2030-04-23 02:00:00,0.0,27.149850000000004
2030-04-23 03:00:00,0.0,124.11360000000002
2030-04-23 04:00:00,0.0,219.62289375000003
2030-04-23 05:00:00,0.0,293.31534375
2030-04-23 06:00:00,0.0,341.79721875000007
2030-04-23 07:00:00,0.0,365.5533375000001
2030-04-23 08:00:00,0.0,367.49261250000006
2030-04-23 09:00:00,0.0,347.13022500000005
2030-04-23 10:00:00,0.0,304.4661750000001
2030-04-23 11:00:00,0.0,238.53082500000008
2030-04-23 12:00:00,0.0,149.80899375
2030-04-23 13:00:00,0.0,51.87560625000001
2030-04-23 14:00:00,0.0,0.0
2030-04-23 15:00:00,0.0,0.0
2030-04-23 16:00:00,0.0,0.0
2030-04-23 17:00:00,0.0,0.0
2030-04-23 18:00:00,0.0,0.0
2030-04-23 19:00:00,0.0,0.0
2030-04-23 20:00:00,0.0,0.0
2030-04-23 21:00:00,0.0,0.0
2030-04-23 22:00:00,0.0,0.0
2030-04-23 23:00:00,0.0,0.0
2030-04-24 00:00:00,0.0,0.0
2030-04-24 01:00:00,0.0,0.0
2030-04-24 02:00:00,0.0,27.149850000000004
2030-04-24 03:00:00,0.0,119.75023125000001
2030-04-24 04:00:00,0.0,212.35061250000004
2030-04-24 05:00:00,0.0,283.6189687500001
2030-04-24 06:00:00,0.0,331.1312062500001
2030-04-24 07:00:00,0.0,354.40250625000004
2030-04-24 08:00:00,0.0,354.8873250000001
2030-04-24 09:00:00,0.0,329.6767500000001
2030-04-24 10:00:00,0.0,285.07342500000004
2030-04-24 11:00:00,0.0,217.19880000000006
2030-04-24 12:00:00,0.0,130.41624375000004
2030-04-24 13:00:00,0.0,42.17923125000001
2030-04-24 14:00:00,0.0,0.0
2030-04-24 15:00:00,0.0,0.0
2030-04-24 16:00:00,0.0,0.0
2030-04-24 17:00:00,0.0,0.0
2030-04-24 18:00:00,0.0,0.0
2030-04-24 19:00:00,0.0,0.0
2030-04-24 20:00:00,0.0,0.0
2030-04-24 21:00:00,0.0,0.0
2030-04-24 22:00:00,0.0,0.0
2030-04-24 23:00:00,0.0,0.0
2030-04-25 00:00:00,0.0,0.0
2030-04-25 01:00:00,0.0,0.0
2030-04-25 02:00:00,0.0,21.332025
2030-04-25 03:00:00,0.0,103.75121250000002
2030-04-25 04:00:00,0.0,195.38195625000006
2030-04-25 05:00:00,0.0,269.5592250000001
2030-04-25 06:00:00,0.0,320.95001250000007
2030-04-25 07:00:00,0.0,345.67576875000003
2030-04-25 08:00:00,0.0,347.13022500000005
2030-04-25 09:00:00,0.0,330.6463875000001
2030-04-25 10:00:00,0.0,287.0127000000001
2030-04-25 11:00:00,0.0,220.59253125000004
2030-04-25 12:00:00,0.0,134.29479375000003
2030-04-25 13:00:00,0.0,45.57296250000001
2030-04-25 14:00:00,0.0,0.0
2030-04-25 15:00:00,0.0,0.0
2030-04-25 16:00:00,0.0,0.0
2030-04-25 17:00:00,0.0,0.0
2030-04-25 18:00:00,0.0,0.0
2030-04-25 19:00:00,0.0,0.0
2030-04-25 20:00:00,0.0,0.0
2030-04-25 21:00:00,0.0,0.0
2030-04-25 22:00:00,0.0,0.0
2030-04-25 23:00:00,0.0,0.0
2030-04-26 00:00:00,0.0,0.0
2030-04-26 01:00:00,0.0,0.0
2030-04-26 02:00:00,0.0,23.756118750000006
2030-04-26 03:00:00,0.0,110.05385625000002
2030-04-26 04:00:00,0.0,202.65423750000002
2030-04-26 05:00:00,0.0,276.34668750000003
2030-04-26 06:00:00,0.0,330.1615687500001
2030-04-26 07:00:00,0.0,353.91768750000006
2030-04-26 08:00:00,0.0,355.8569625000001
2030-04-26 09:00:00,0.0,337.43385000000006
2030-04-26 10:00:00,0.0,293.80016250000006
2030-04-26 11:00:00,0.0,226.89517500000002
2030-04-26 12:00:00,0.0,139.62780000000004
2030-04-26 13:00:00,0.0,47.51223750000001
2030-04-26 14:00:00,0.0,0.0
2030-04-26 15:00:00,0.0,0.0
2030-04-26 16:00:00,0.0,0.0
2030-04-26 17:00:00,0.0,0.0
2030-04-26 18:00:00,0.0,0.0
2030-04-26 19:00:00,0.0,0.0
2030-04-26 20:00:00,0.0,0.0
2030-04-26 21:00:00,0.0,0.0
2030-04-26 22:00:00,0.0,0.0
2030-04-26 23:00:00,0.0,0.0
2030-04-27 00:00:00,0.0,0.0
2030-04-27 01:00:00,0.0,0.0
2030-04-27 02:00:00,0.0,25.210575000000006
2030-04-27 03:00:00,0.0,113.93240625000001
2030-04-27 04:00:00,0.0,207.01760625000003
2030-04-27 05:00:00,0.0,279.74041875000006
2030-04-27 06:00:00,0.0,329.6767500000001
2030-04-27 07:00:00,0.0,353.4328687500001
2030-04-27 08:00:00,0.0,355.37214375
2030-04-27 09:00:00,0.0,335.97939375000004
2030-04-27 10:00:00,0.0,293.31534375
2030-04-27 11:00:00,0.0,227.86481250000003
2030-04-27 12:00:00,0.0,141.56707500000005
2030-04-27 13:00:00,0.0,48.96669375000002
2030-04-27 14:00:00,0.0,0.0
2030-04-27 15:00:00,0.0,0.0
2030-04-27 16:00:00,0.0,0.0
2030-04-27 17:00:00,0.0,0.0
2030-04-27 18:00:00,0.0,0.0
2030-04-27 19:00:00,0.0,0.0
2030-04-27 20:00:00,0.0,0.0
2030-04-27 21:00:00,0.0,0.0
2030-04-27 22:00:00,0.0,0.0
2030-04-27 23:00:00,0.0,0.0
2030-04-28 00:00:00,0.0,0.0
2030-04-28 01:00:00,0.0,0.0
2030-04-28 02:00:00,0.0,26.665031250000002
2030-04-28 03:00:00,0.0,118.78059375000002
2030-04-28 04:00:00,0.0,212.83543125000006
2030-04-28 05:00:00,0.0,285.07342500000004
2030-04-28 06:00:00,0.0,330.6463875000001
2030-04-28 07:00:00,0.0,353.4328687500001
2030-04-28 08:00:00,0.0,354.40250625000004
2030-04-28 09:00:00,0.0,335.494575
2030-04-28 10:00:00,0.0,293.80016250000006
2030-04-28 11:00:00,0.0,228.83445000000006
2030-04-28 12:00:00,0.0,143.02153125000004
2030-04-28 13:00:00,0.0,49.936331250000016
2030-04-28 14:00:00,0.0,0.0
2030-04-28 15:00:00,0.0,0.0
2030-04-28 16:00:00,0.0,0.0
2030-04-28 17:00:00,0.0,0.0
2030-04-28 18:00:00,0.0,0.0
2030-04-28 19:00:00,0.0,0.0
2030-04-28 20:00:00,0.0,0.0
2030-04-28 21:00:00,0.0,0.0
2030-04-28 22:00:00,0.0,0.0
2030-04-28 23:00:00,0.0,0.0
2030-04-29 00:00:00,0.0,0.0
2030-04-29 01:00:00,0.0,0.0
2030-04-29 02:00:00,0.0,27.149850000000004
2030-04-29 03:00:00,0.0,117.32613750000003
2030-04-29 04:00:00,0.0,209.44170000000003
2030-04-29 05:00:00,0.0,278.77078125
2030-04-29 06:00:00,0.0,323.858925
2030-04-29 07:00:00,0.0,347.61504375000004
2030-04-29 08:00:00,0.0,349.55431875000005
2030-04-29 09:00:00,0.0,330.1615687500001
2030-04-29 10:00:00,0.0,288.95197500000006
2030-04-29 11:00:00,0.0,223.50144375000005
2030-04-29 12:00:00,0.0,138.17334375000002
2030-04-29 13:00:00,0.0,47.99705625000001
2030-04-29 14:00:00,0.0,0.0
2030-04-29 15:00:00,0.0,0.0
2030-04-29 16:00:00,0.0,0.0
2030-04-29 17:00:00,0.0,0.0
2030-04-29 18:00:00,0.0,0.0
2030-04-29 19:00:00,0.0,0.0
2030-04-29 20:00:00,0.0,0.0
2030-04-29 21:00:00,0.0,0.0
2030-04-29 22:00:00,0.0,0.0
2030-04-29 23:00:00,0.0,0.0
2030-04-30 00:00:00,0.0,0.0
2030-04-30 01:00:00,0.0,0.0
2030-04-30 02:00:00,0.0,23.756118750000006
2030-04-30 03:00:00,0.0,105.20566875000002
2030-04-30 04:00:00,0.0,194.41231875000005
2030-04-30 05:00:00,0.0,265.680675
2030-04-30 06:00:00,0.0,313.1929125000001
2030-04-30 07:00:00,0.0,337.91866875
2030-04-30 08:00:00,0.0,339.85794375000006
2030-04-30 09:00:00,0.0,319.98037500000004
2030-04-30 10:00:00,0.0,277.31632500000006
2030-04-30 11:00:00,0.0,212.35061250000004
2030-04-30 12:00:00,0.0,128.9617875
2030-04-30 13:00:00,0.0,44.603325000000005
2030-04-30 14:00:00,0.0,0.0
2030-04-30 15:00:00,0.0,0.0
2030-04-30 16:00:00,0.0,0.0
2030-04-30 17:00:00,0.0,0.0
2030-04-30 18:00:00,0.0,0.0
2030-04-30 19:00:00,0.0,0.0
2030-04-30 20:00:00,0.0,0.0
2030-04-30 21:00:00,0.0,0.0
2030-04-30 22:00:00,0.0,0.0
2030-04-30 23:00:00,0.0,0.0
2030-05-01 00:00:00,0.0,0.0
2030-05-01 01:00:00,0.0,0.0
2030-05-01 02:00:00,0.0,25.695393750000004
2030-05-01 03:00:00,0.0,110.05385625000002
2030-05-01 04:00:00,0.0,198.77568750000003
2030-05-01 05:00:00,0.0,268.10476875
2030-05-01 06:00:00,0.0,314.64736875000006
2030-05-01 07:00:00,0.0,338.8883062500001
2030-05-01 08:00:00,0.0,341.3124000000001
2030-05-01 09:00:00,0.0,326.2830187500001
2030-05-01 10:00:00,0.0,283.6189687500001
2030-05-01 11:00:00,0.0,218.16843750000004
2030-05-01 12:00:00,0.0,133.32515625000002
2030-05-01 13:00:00,0.0,46.057781250000005
2030-05-01 14:00:00,0.0,0.0
2030-05-01 15:00:00,0.0,0.0
2030-05-01 16:00:00,0.0,0.0
2030-05-01 17:00:00,0.0,0.0
2030-05-01 18:00:00,0.0,0.0
2030-05-01 19:00:00,0.0,0.0
2030-05-01 20:00:00,0.0,0.0
2030-05-01 21:00:00,0.0,0.0
2030-05-01 22:00:00,0.0,0.0
2030-05-01 23:00:00,0.0,0.0
2030-05-02 00:00:00,0.0,0.0
2030-05-02 01:00:00,0.0,0.0
2030-05-02 02:00:00,0.0,27.149850000000004
2030-05-02 03:00:00,0.0,119.26541250000004
2030-05-02 04:00:00,0.0,214.28988750000005
2030-05-02 05:00:00,0.0,285.55824375000003
2030-05-02 06:00:00,0.0,332.5856625000001
2030-05-02 07:00:00,0.0,353.91768750000006
2030-05-02 08:00:00,0.0,353.91768750000006
2030-05-02 09:00:00,0.0,333.07048125000006
2030-05-02 10:00:00,0.0,290.40643125
2030-05-02 11:00:00,0.0,224.95590000000004
2030-05-02 12:00:00,0.0,139.62780000000004
2030-05-02 13:00:00,0.0,48.96669375000002
2030-05-02 14:00:00,0.0,0.0
2030-05-02 15:00:00,0.0,0.0
2030-05-02 16:00:00,0.0,0.0
2030-05-02 17:00:00,0.0,0.0
2030-05-02 18:00:00,0.0,0.0
2030-05-02 19:00:00,0.0,0.0
2030-05-02 20:00:00,0.0,0.0
2030-05-02 21:00:00,0.0,0.0
2030-05-02 22:00:00,0.0,0.0
2030-05-02 23:00:00,0.0,0.0
2030-05-03 00:00:00,0.0,0.0
2030-05-03 01:00:00,0.0,0.0
2030-05-03 02:00:00,0.0,27.634668750000007
2030-05-03 03:00:00,0.0,117.32613750000003
2030-05-03 04:00:00,0.0,210.41133750000003
2030-05-03 05:00:00,0.0,281.194875
2030-05-03 06:00:00,0.0,327.2526562500001
2030-05-03 07:00:00,0.0,351.49359375000006
2030-05-03 08:00:00,0.0,353.91768750000006
2030-05-03 09:00:00,0.0,337.91866875
2030-05-03 10:00:00,0.0,295.73943750000007
2030-05-03 11:00:00,0.0,230.28890625000005
2030-05-03 12:00:00,0.0,143.50635000000005
2030-05-03 13:00:00,0.0,50.42115000000001
2030-05-03 14:00:00,0.0,0.0
2030-05-03 15:00:00,0.0,0.0
2030-05-03 16:00:00,0.0,0.0
2030-05-03 17:00:00,0.0,0.0
2030-05-03 18:00:00,0.0,0.0
2030-05-03 19:00:00,0.0,0.0
2030-05-03 20:00:00,0.0,0.0
2030-05-03 21:00:00,0.0,0.0
2030-05-03 22:00:00,0.0,0.0
2030-05-03 23:00:00,0.0,0.0
2030-05-04 00:00:00,0.0,0.0
2030-05-04 01:00:00,0.0,0.0
2030-05-04 02:00:00,0.0,28.11948750000001
2030-05-04 03:00:00,0.0,117.32613750000003
2030-05-04 04:00:00,0.0,208.47206250000005
2030-05-04 05:00:00,0.0,279.74041875000006
2030-05-04 06:00:00,0.0,326.7678375000001
2030-05-04 07:00:00,0.0,350.5239562500001
2030-05-04 08:00:00,0.0,352.94805
2030-05-04 09:00:00,0.0,334.5249375000001
2030-05-04 10:00:00,0.0,293.80016250000006
2030-05-04 11:00:00,0.0,230.28890625000005
2030-05-04 12:00:00,0.0,145.445625
2030-05-04 13:00:00,0.0,52.360425000000006
2030-05-04 14:00:00,0.0,0.0
2030-05-04 15:00:00,0.0,0.0
2030-05-04 16:00:00,0.0,0.0
2030-05-04 17:00:00,0.0,0.0
2030-05-04 18:00:00,0.0,0.0
2030-05-04 19:00:00,0.0,0.0
2030-05-04 20:00:00,0.0,0.0
2030-05-04 21:00:00,0.0,0.0
2030-05-04 22:00:00,0.0,0.0
2030-05-04 23:00:00,0.0,0.0
2030-05-05 00:00:00,0.0,0.0
2030-05-05 01:00:00,0.0,0.0
2030-05-05 02:00:00,0.0,29.573943750000005
2030-05-05 03:00:00,0.0,122.17432500000001
2030-05-05 04:00:00,0.0,214.77470625000004
2030-05-05 05:00:00,0.0,285.07342500000004
2030-05-05 06:00:00,0.0,330.1615687500001
2030-05-05 07:00:00,0.0,354.8873250000001
2030-05-05 08:00:00,0.0,357.7962375
2030-05-05 09:00:00,0.0,338.8883062500001
2030-05-05 10:00:00,0.0,297.19389375000003
2030-05-05 11:00:00,0.0,232.71300000000005
2030-05-05 12:00:00,0.0,146.41526250000004
2030-05-05 13:00:00,0.0,52.360425000000006
2030-05-05 14:00:00,0.0,0.0
2030-05-05 15:00:00,0.0,0.0
2030-05-05 16:00:00,0.0,0.0
2030-05-05 17:00:00,0.0,0.0
2030-05-05 18:00:00,0.0,0.0
2030-05-05 19:00:00,0.0,0.0
2030-05-05 20:00:00,0.0,0.0
2030-05-05 21:00:00,0.0,0.0
2030-05-05 22:00:00,0.0,0.0
2030-05-05 23:00:00,0.0,0.0
2030-05-06 00:00:00,0.0,0.0
2030-05-06 01:00:00,0.0,0.0
2030-05-06 02:00:00,0.0,30.543581250000003
2030-05-06 03:00:00,0.0,123.62878125000003
2030-05-06 04:00:00,0.0,215.74434375000004
2030-05-06 05:00:00,0.0,283.1341500000001
2030-05-06 06:00:00,0.0,328.22229375000006
2030-05-06 07:00:00,0.0,351.49359375000006
2030-05-06 08:00:00,0.0,352.94805
2030-05-06 09:00:00,0.0,333.55530000000005
2030-05-06 10:00:00,0.0,292.3457062500001
2030-05-06 11:00:00,0.0,227.86481250000003
2030-05-06 12:00:00,0.0,143.02153125000004
2030-05-06 13:00:00,0.0,50.905968750000014
2030-05-06 14:00:00,0.0,0.0
2030-05-06 15:00:00,0.0,0.0
2030-05-06 16:00:00,0.0,0.0
2030-05-06 17:00:00,0.0,0.0
2030-05-06 18:00:00,0.0,0.0
2030-05-06 19:00:00,0.0,0.0
2030-05-06 20:00:00,0.0,0.0
2030-05-06 21:00:00,0.0,0.0
2030-05-06 22:00:00,0.0,0.0
2030-05-06 23:00:00,0.0,0.0
2030-05-07 00:00:00,0.0,0.0
2030-05-07 01:00:00,0.0,0.0
2030-05-07 02:00:00,0.0,27.634668750000007
2030-05-07 03:00:00,0.0,110.53867500000003
2030-05-07 04:00:00,0.0,198.29086875000004
2030-05-07 05:00:00,0.0,268.10476875
2030-05-07 06:00:00,0.0,319.01073750000006
2030-05-07 07:00:00,0.0,342.2820375
2030-05-07 08:00:00,0.0,343.7364937500001
2030-05-07 09:00:00,0.0,325.79820000000007
2030-05-07 10:00:00,0.0,284.10378750000007
2030-05-07 11:00:00,0.0,219.62289375000003
2030-05-07 12:00:00,0.0,136.23406875
2030-05-07 13:00:00,0.0,48.48187500000001
2030-05-07 14:00:00,0.0,0.0
2030-05-07 15:00:00,0.0,0.0
2030-05-07 16:00:00,0.0,0.0
2030-05-07 17:00:00,0.0,0.0
2030-05-07 18:00:00,0.0,0.0
2030-05-07 19:00:00,0.0,0.0
2030-05-07 20:00:00,0.0,0.0
2030-05-07 21:00:00,0.0,0.0
2030-05-07 22:00:00,0.0,0.0
2030-05-07 23:00:00,0.0,0.0
2030-05-08 00:00:00,0.0,0.0
2030-05-08 01:00:00,0.0,0.0
2030-05-08 02:00:00,0.0,25.210575000000006
2030-05-08 03:00:00,0.0,103.26639375000002
2030-05-08 04:00:00,0.0,189.07931250000004
2030-05-08 05:00:00,0.0,258.8932125
2030-05-08 06:00:00,0.0,307.37508750000006
2030-05-08 07:00:00,0.0,333.07048125000006
2030-05-08 08:00:00,0.0,336.94903125
2030-05-08 09:00:00,0.0,324.82856250000003
2030-05-08 10:00:00,0.0,283.6189687500001
2030-05-08 11:00:00,0.0,219.62289375000003
2030-05-08 12:00:00,0.0,136.7188875
2030-05-08 13:00:00,0.0,49.45151250000001
2030-05-08 14:00:00,0.0,0.0
2030-05-08 15:00:00,0.0,0.0
2030-05-08 16:00:00,0.0,0.0
2030-05-08 17:00:00,0.0,0.0
2030-05-08 18:00:00,0.0,0.0
2030-05-08 19:00:00,0.0,0.0
2030-05-08 20:00:00,0.0,0.0
2030-05-08 21:00:00,0.0,0.0
2030-05-08 22:00:00,0.0,0.0
2030-05-08 23:00:00,0.0,0.0
2030-05-09 00:00:00,0.0,0.0
2030-05-09 01:00:00,0.0,0.0
2030-05-09 02:00:00,0.0,28.604306250000008
2030-05-09 03:00:00,0.0,112.47795000000002
2030-05-09 04:00:00,0.0,200.7149625
2030-05-09 05:00:00,0.0,269.5592250000001
2030-05-09 06:00:00,0.0,319.98037500000004
2030-05-09 07:00:00,0.0,343.7364937500001
2030-05-09 08:00:00,0.0,344.70613125
2030-05-09 09:00:00,0.0,324.3437437500001
2030-05-09 10:00:00,0.0,282.16451250000006
2030-05-09 11:00:00,0.0,217.68361875000002
2030-05-09 12:00:00,0.0,134.77961250000004
2030-05-09 13:00:00,0.0,48.96669375000002
2030-05-09 14:00:00,0.0,0.0
2030-05-09 15:00:00,0.0,0.0
2030-05-09 16:00:00,0.0,0.0
2030-05-09 17:00:00,0.0,0.0
2030-05-09 18:00:00,0.0,0.0
2030-05-09 19:00:00,0.0,0.0
2030-05-09 20:00:00,0.0,0.0
2030-05-09 21:00:00,0.0,0.0
2030-05-09 22:00:00,0.0,0.0
2030-05-09 23:00:00,0.0,0.0
2030-05-10 00:00:00,0.0,0.0
2030-05-10 01:00:00,0.0,0.0
2030-05-10 02:00:00,0.0,29.089125000000006
2030-05-10 03:00:00,0.0,113.93240625000001
2030-05-10 04:00:00,0.0,202.16941875
2030-05-10 05:00:00,0.0,271.4985000000001
2030-05-10 06:00:00,0.0,317.5562812500001
2030-05-10 07:00:00,0.0,340.3427625
2030-05-10 08:00:00,0.0,341.79721875000007
2030-05-10 09:00:00,0.0,322.88928750000014
2030-05-10 10:00:00,0.0,281.194875
2030-05-10 11:00:00,0.0,217.19880000000006
2030-05-10 12:00:00,0.0,134.77961250000004
2030-05-10 13:00:00,0.0,48.96669375000002
2030-05-10 14:00:00,0.0,0.0
2030-05-10 15:00:00,0.0,0.0
2030-05-10 16:00:00,0.0,0.0
2030-05-10 17:00:00,0.0,0.0
2030-05-10 18:00:00,0.0,0.0
2030-05-10 19:00:00,0.0,0.0
2030-05-10 20:00:00,0.0,0.0
2030-05-10 21:00:00,0.0,0.0
2030-05-10 22:00:00,0.0,0.0
2030-05-10 23:00:00,0.0,0.0
2030-05-11 00:00:00,0.0,0.0
2030-05-11 01:00:00,0.0,0.0
2030-05-11 02:00:00,0.0,28.604306250000008
2030-05-11 03:00:00,0.0,111.02349375000001
2030-05-11 04:00:00,0.0,197.80605000000003
2030-05-11 05:00:00,0.0,267.13513125000003
2030-05-11 06:00:00,0.0,315.6170062500001
2030-05-11 07:00:00,0.0,338.8883062500001
2030-05-11 08:00:00,0.0,340.82758125000004
2030-05-11 09:00:00,0.0,323.37410625000007
2030-05-11 10:00:00,0.0,281.67969375
2030-05-11 11:00:00,0.0,218.65325625000003
2030-05-11 12:00:00,0.0,135.74925000000002
2030-05-11 13:00:00,0.0,48.96669375000002
2030-05-11 14:00:00,0.0,0.0
2030-05-11 15:00:00,0.0,0.0
2030-05-11 16:00:00,0.0,0.0
2030-05-11 17:00:00,0.0,0.0
2030-05-11 18:00:00,0.0,0.0
2030-05-11 19:00:00,0.0,0.0
2030-05-11 20:00:00,0.0,0.0
2030-05-11 21:00:00,0.0,0.0
2030-05-11 22:00:00,0.0,0.0
2030-05-11 23:00:00,0.0,0.0
2030-05-12 00:00:00,0.0,0.0
2030-05-12 01:00:00,0.0,0.0
2030-05-12 02:00:00,0.0,29.573943750000005
2030-05-12 03:00:00,0.0,112.47795000000002
2030-05-12 04:00:00,0.0,200.23014375
2030-05-12 05:00:00,0.0,269.0744062500001
2030-05-12 06:00:00,0.0,316.58664375000006
2030-05-12 07:00:00,0.0,340.82758125000004
2030-05-12 08:00:00,0.0,344.22131250000007
2030-05-12 09:00:00,0.0,325.31338125000013
2030-05-12 10:00:00,0.0,285.07342500000004
2030-05-12 11:00:00,0.0,222.53180625000002
2030-05-12 12:00:00,0.0,140.11261875
2030-05-12 13:00:00,0.0,51.87560625000001
2030-05-12 14:00:00,0.0,0.0
2030-05-12 15:00:00,0.0,0.0
2030-05-12 16:00:00,0.0,0.0
2030-05-12 17:00:00,0.0,0.0
2030-05-12 18:00:00,0.0,0.0
2030-05-12 19:00:00,0.0,0.0
2030-05-12 20:00:00,0.0,0.0
2030-05-12 21:00:00,0.0,0.0
2030-05-12 22:00:00,0.0,0.0
2030-05-12 23:00:00,0.0,0.0
2030-05-13 00:00:00,0.0,0.0
2030-05-13 01:00:00,0.0,0.0
2030-05-13 02:00:00,0.0,29.089125000000006
2030-05-13 03:00:00,0.0,111.50831250000002
2030-05-13 04:00:00,0.0,197.32123125
2030-05-13 05:00:00,0.0,266.16549375000005
2030-05-13 06:00:00,0.0,317.5562812500001
2030-05-13 07:00:00,0.0,340.3427625
2030-05-13 08:00:00,0.0,341.3124000000001
2030-05-13 09:00:00,0.0,322.88928750000014
2030-05-13 10:00:00,0.0,280.71005625000004
2030-05-13 11:00:00,0.0,217.19880000000006
2030-05-13 12:00:00,0.0,135.26443125000003
2030-05-13 13:00:00,0.0,49.45151250000001
2030-05-13 14:00:00,0.0,0.0
2030-05-13 15:00:00,0.0,0.0
2030-05-13 16:00:00,0.0,0.0
2030-05-13 17:00:00,0.0,0.0
2030-05-13 18:00:00,0.0,0.0
2030-05-13 19:00:00,0.0,0.0
2030-05-13 20:00:00,0.0,0.0
2030-05-13 21:00:00,0.0,0.0
2030-05-13 22:00:00,0.0,0.0
2030-05-13 23:00:00,0.0,0.0
2030-05-14 00:00:00,0.0,0.0
2030-05-14 01:00:00,0.0,0.0
2030-05-14 02:00:00,0.0,29.089125000000006
2030-05-14 03:00:00,0.0,110.53867500000003
2030-05-14 04:00:00,0.0,195.86677500000008
2030-05-14 05:00:00,0.0,264.22621875000004
2030-05-14 06:00:00,0.0,313.1929125000001
2030-05-14 07:00:00,0.0,335.494575
2030-05-14 08:00:00,0.0,336.4642125000001
2030-05-14 09:00:00,0.0,316.58664375000006
2030-05-14 10:00:00,0.0,274.4074125000001
2030-05-14 11:00:00,0.0,210.89615625000005
2030-05-14 12:00:00,0.0,129.93142500000002
2030-05-14 13:00:00,0.0,47.51223750000001
2030-05-14 14:00:00,0.0,0.0
2030-05-14 15:00:00,0.0,0.0
2030-05-14 16:00:00,0.0,0.0
2030-05-14 17:00:00,0.0,0.0
2030-05-14 18:00:00,0.0,0.0
2030-05-14 19:00:00,0.0,0.0
2030-05-14 20:00:00,0.0,0.0
2030-05-14 21:00:00,0.0,0.0
2030-05-14 22:00:00,0.0,0.0
2030-05-14 23:00:00,0.0,0.0
2030-05-15 00:00:00,0.0,0.0
2030-05-15 01:00:00,0.0,0.0
2030-05-15 02:00:00,0.0,27.149850000000004
2030-05-15 03:00:00,0.0,105.20566875000002
2030-05-15 04:00:00,0.0,188.59449375000003
2030-05-15 05:00:00,0.0,256.95393750000005
2030-05-15 06:00:00,0.0,304.4661750000001
2030-05-15 07:00:00,0.0,327.7374750000001
2030-05-15 08:00:00,0.0,328.22229375000006
2030-05-15 09:00:00,0.0,311.73845625
2030-05-15 10:00:00,0.0,268.58958750000005
2030-05-15 11:00:00,0.0,205.56315000000004
2030-05-15 12:00:00,0.0,126.05287500000003
2030-05-15 13:00:00,0.0,46.54260000000001
2030-05-15 14:00:00,0.0,0.0
2030-05-15 15:00:00,0.0,0.0
2030-05-15 16:00:00,0.0,0.0
2030-05-15 17:00:00,0.0,0.0
2030-05-15 18:00:00,0.0,0.0
2030-05-15 19:00:00,0.0,0.0
2030-05-15 20:00:00,0.0,0.0
2030-05-15 21:00:00,0.0,0.0
2030-05-15 22:00:00,0.0,0.0
2030-05-15 23:00:00,0.0,0.0
2030-05-16 00:00:00,0.0,0.0
2030-05-16 01:00:00,0.0,0.0
2030-05-16 02:00:00,0.0,20.362387500000004
2030-05-16 03:00:00,0.0,82.90400625000002
2030-05-16 04:00:00,0.0,156.11163750000006
2030-05-16 05:00:00,0.0,223.01662500000003
2030-05-16 06:00:00,0.0,284.10378750000007
2030-05-16 07:00:00,0.0,310.76881875000004
2030-05-16 08:00:00,0.0,315.6170062500001
2030-05-16 09:00:00,0.0,298.64835000000005
2030-05-16 10:00:00,0.0,253.07538750000006
2030-05-16 11:00:00,0.0,189.56413125000003
2030-05-16 12:00:00,0.0,113.93240625000001
2030-05-16 13:00:00,0.0,41.20959375000001
2030-05-16 14:00:00,0.0,0.0
2030-05-16 15:00:00,0.0,0.0
2030-05-16 16:00:00,0.0,0.0
2030-05-16 17:00:00,0.0,0.0
2030-05-16 18:00:00,0.0,0.0
2030-05-16 19:00:00,0.0,0.0
2030-05-16 20:00:00,0.0,0.0
2030-05-16 21:00:00,0.0,0.0
2030-05-16 22:00:00,0.0,0.0
2030-05-16 23:00:00,0.0,0.0
2030-05-17 00:00:00,0.0,0.0
2030-05-17 01:00:00,0.0,0.0
2030-05-17 02:00:00,0.0,24.725756250000003
2030-05-17 03:00:00,0.0,100.84230000000002
2030-05-17 04:00:00,0.0,182.77666875000006
2030-05-17 05:00:00,0.0,250.65129375000006
2030-05-17 06:00:00,0.0,296.7090750000001
2030-05-17 07:00:00,0.0,320.4651937500001
2030-05-17 08:00:00,0.0,323.37410625000007
2030-05-17 09:00:00,0.0,314.16255000000007
2030-05-17 10:00:00,0.0,273.43777500000004
2030-05-17 11:00:00,0.0,211.38097500000003
2030-05-17 12:00:00,0.0,130.90106250000002
2030-05-17 13:00:00,0.0,48.96669375000002
2030-05-17 14:00:00,0.0,0.0
2030-05-17 15:00:00,0.0,0.0
2030-05-17 16:00:00,0.0,0.0
2030-05-17 17:00:00,0.0,0.0
2030-05-17 18:00:00,0.0,0.0
2030-05-17 19:00:00,0.0,0.0
2030-05-17 20:00:00,0.0,0.0
2030-05-17 21:00:00,0.0,0.0
2030-05-17 22:00:00,0.0,0.0
2030-05-17 23:00:00,0.0,0.0
2030-05-18 00:00:00,0.0,0.0
2030-05-18 01:00:00,0.0,0.0
2030-05-18 02:00:00,0.0,28.604306250000008
2030-05-18 03:00:00,0.0,102.78157500000002
2030-05-18 04:00:00,0.0,177.92848125000006
2030-05-18 05:00:00,0.0,238.53082500000008
2030-05-18 06:00:00,0.0,287.9823375
2030-05-18 07:00:00,0.0,307.37508750000006
2030-05-18 08:00:00,0.0,305.43581250000005
2030-05-18 09:00:00,0.0,288.95197500000006
2030-05-18 10:00:00,0.0,251.13611250000005
2030-05-18 11:00:00,0.0,182.29185000000004
2030-05-18 12:00:00,0.0,122.65914375000003
2030-05-18 13:00:00,0.0,47.51223750000001
2030-05-18 14:00:00,0.0,0.0
2030-05-18 15:00:00,0.0,0.0
2030-05-18 16:00:00,0.0,0.0
2030-05-18 17:00:00,0.0,0.0
2030-05-18 18:00:00,0.0,0.0
2030-05-18 19:00:00,0.0,0.0
2030-05-18 20:00:00,0.0,0.0
2030-05-18 21:00:00,0.0,0.0
2030-05-18 22:00:00,0.0,0.0
2030-05-18 23:00:00,0.0,0.0
2030-05-19 00:00:00,0.0,0.0
2030-05-19 01:00:00,0.0,0.0
2030-05-19 02:00:00,0.0,28.604306250000008
2030-05-19 03:00:00,0.0,105.69048750000002
2030-05-19 04:00:00,0.0,185.20076250000005
2030-05-19 05:00:00,0.0,248.22720000000004
2030-05-19 06:00:00,0.0,291.37606875000006
2030-05-19 07:00:00,0.0,300.10280625
2030-05-19 08:00:00,0.0,255.98430000000002
2030-05-19 09:00:00,0.0,254.52984375000005
2030-05-19 10:00:00,0.0,248.71201875000003
2030-05-19 11:00:00,0.0,202.65423750000002
2030-05-19 12:00:00,0.0,128.47696875000003
2030-05-19 13:00:00,0.0,47.02741875
2030-05-19 14:00:00,0.0,0.0
2030-05-19 15:00:00,0.0,0.0
2030-05-19 16:00:00,0.0,0.0
2030-05-19 17:00:00,0.0,0.0
2030-05-19 18:00:00,0.0,0.0
2030-05-19 19:00:00,0.0,0.0
2030-05-19 20:00:00,0.0,0.0
2030-05-19 21:00:00,0.0,0.0
2030-05-19 22:00:00,0.0,0.0
2030-05-19 23:00:00,0.0,0.0
2030-05-20 00:00:00,0.0,0.0
2030-05-20 01:00:00,0.0,0.0
2030-05-20 02:00:00,0.0,17.453475000000005
2030-05-20 03:00:00,0.0,70.29871875
2030-05-20 04:00:00,0.0,143.99116875
2030-05-20 05:00:00,0.0,215.74434375000004
2030-05-20 06:00:00,0.0,267.6199500000001
2030-05-20 07:00:00,0.0,301.07244375000005
2030-05-20 08:00:00,0.0,298.16353125000006
2030-05-20 09:00:00,0.0,271.9833187500001
2030-05-20 10:00:00,0.0,227.37999375000004
2030-05-20 11:00:00,0.0,174.53475000000006
2030-05-20 12:00:00,0.0,110.05385625000002
2030-05-20 13:00:00,0.0,42.66405000000001
2030-05-20 14:00:00,0.0,0.0
2030-05-20 15:00:00,0.0,0.0
2030-05-20 16:00:00,0.0,0.0
2030-05-20 17:00:00,0.0,0.0
2030-05-20 18:00:00,0.0,0.0
2030-05-20 19:00:00,0.0,0.0
2030-05-20 20:00:00,0.0,0.0
2030-05-20 21:00:00,0.0,0.0
2030-05-20 22:00:00,0.0,0.0
2030-05-20 23:00:00,0.0,0.0
2030-05-21 00:00:00,0.0,0.0
2030-05-21 01:00:00,0.0,0.0
2030-05-21 02:00:00,0.0,28.604306250000008
2030-05-21 03:00:00,0.0,109.56903750000002
2030-05-21 04:00:00,0.0,198.29086875000004
2030-05-21 05:00:00,0.0,268.10476875
2030-05-21 06:00:00,0.0,313.1929125000001
2030-05-21 07:00:00,0.0,333.07048125000006
2030-05-21 08:00:00,0.0,333.55530000000005
2030-05-21 09:00:00,0.0,315.6170062500001
2030-05-21 10:00:00,0.0,276.8315062500001
2030-05-21 11:00:00,0.0,215.74434375000004
2030-05-21 12:00:00,0.0,137.20370625000004
2030-05-21 13:00:00,0.0,51.87560625000001
2030-05-21 14:00:00,0.0,0.4848187500000001
2030-05-21 15:00:00,0.0,0.0
2030-05-21 16:00:00,0.0,0.0
2030-05-21 17:00:00,0.0,0.0
2030-05-21 18:00:00,0.0,0.0
2030-05-21 19:00:00,0.0,0.0
2030-05-21 20:00:00,0.0,0.0
2030-05-21 21:00:00,0.0,0.0
2030-05-21 22:00:00,0.0,0.0
2030-05-21 23:00:00,0.0,0.0
2030-05-22 00:00:00,0.0,0.0
2030-05-22 01:00:00,0.0,0.0
2030-05-22 02:00:00,0.0,30.058762500000004
2030-05-22 03:00:00,0.0,104.23603125000002
2030-05-22 04:00:00,0.0,178.41330000000002
2030-05-22 05:00:00,0.0,243.37901250000007
2030-05-22 06:00:00,0.0,300.10280625
2030-05-22 07:00:00,0.0,326.7678375000001
2030-05-22 08:00:00,0.0,329.6767500000001
2030-05-22 09:00:00,0.0,308.3447250000001
2030-05-22 10:00:00,0.0,265.680675
2030-05-22 11:00:00,0.0,200.23014375
2030-05-22 12:00:00,0.0,119.26541250000004
2030-05-22 13:00:00,0.0,45.08814375000001
2030-05-22 14:00:00,0.0,0.0
2030-05-22 15:00:00,0.0,0.0
2030-05-22 16:00:00,0.0,0.0
2030-05-22 17:00:00,0.0,0.0
2030-05-22 18:00:00,0.0,0.0
2030-05-22 19:00:00,0.0,0.0
2030-05-22 20:00:00,0.0,0.0
2030-05-22 21:00:00,0.0,0.0
2030-05-22 22:00:00,0.0,0.0
2030-05-22 23:00:00,0.0,0.0
2030-05-23 00:00:00,0.0,0.0
2030-05-23 01:00:00,0.0,0.0
2030-05-23 02:00:00,0.0,22.786481250000005
2030-05-23 03:00:00,0.0,88.72183125000002
2030-05-23 04:00:00,0.0,169.20174375000002
2030-05-23 05:00:00,0.0,234.16745625000004
2030-05-23 06:00:00,0.0,285.55824375000003
2030-05-23 07:00:00,0.0,312.70809375000005
2030-05-23 08:00:00,0.0,318.0411000000001
2030-05-23 09:00:00,0.0,300.10280625
2030-05-23 10:00:00,0.0,259.37803125000005
2030-05-23 11:00:00,0.0,201.68460000000005
2030-05-23 12:00:00,0.0,128.9617875
2030-05-23 13:00:00,0.0,50.42115000000001
2030-05-23 14:00:00,0.0,0.4848187500000001
2030-05-23 15:00:00,0.0,0.0
2030-05-23 16:00:00,0.0,0.0
2030-05-23 17:00:00,0.0,0.0
2030-05-23 18:00:00,0.0,0.0
2030-05-23 19:00:00,0.0,0.0
2030-05-23 20:00:00,0.0,0.0
2030-05-23 21:00:00,0.0,0.0
2030-05-23 22:00:00,0.0,0.0
2030-05-23 23:00:00,0.0,0.0
2030-05-24 00:00:00,0.0,0.0
2030-05-24 01:00:00,0.0,0.0
2030-05-24 02:00:00,0.0,28.604306250000008
2030-05-24 03:00:00,0.0,103.75121250000002
2030-05-24 04:00:00,0.0,183.26148750000002
2030-05-24 05:00:00,0.0,249.68165625000003
2030-05-24 06:00:00,0.0,296.22425625000005
2030-05-24 07:00:00,0.0,319.98037500000004
2030-05-24 08:00:00,0.0,324.3437437500001
2030-05-24 09:00:00,0.0,311.2536375000001
2030-05-24 10:00:00,0.0,271.9833187500001
2030-05-24 11:00:00,0.0,211.86579375000005
2030-05-24 12:00:00,0.0,132.8403375
2030-05-24 13:00:00,0.0,50.42115000000001
2030-05-24 14:00:00,0.0,0.4848187500000001
2030-05-24 15:00:00,0.0,0.0
2030-05-24 16:00:00,0.0,0.0
2030-05-24 17:00:00,0.0,0.0
2030-05-24 18:00:00,0.0,0.0
2030-05-24 19:00:00,0.0,0.0
2030-05-24 20:00:00,0.0,0.0
2030-05-24 21:00:00,0.0,0.0
2030-05-24 22:00:00,0.0,0.0
2030-05-24 23:00:00,0.0,0.0
2030-05-25 00:00:00,0.0,0.0
2030-05-25 01:00:00,0.0,0.0
2030-05-25 02:00:00,0.0,30.543581250000003
2030-05-25 03:00:00,0.0,110.05385625000002
2030-05-25 04:00:00,0.0,192.95786250000003
2030-05-25 05:00:00,0.0,257.43875625000004
2030-05-25 06:00:00,0.0,306.40545000000003
2030-05-25 07:00:00,0.0,329.19193125000004
2030-05-25 08:00:00,0.0,331.6160250000001
2030-05-25 09:00:00,0.0,314.16255000000007
2030-05-25 10:00:00,0.0,274.89223125000007
2030-05-25 11:00:00,0.0,214.28988750000005
2030-05-25 12:00:00,0.0,135.26443125000003
2030-05-25 13:00:00,0.0,51.87560625000001
2030-05-25 14:00:00,0.0,0.9696375000000002
2030-05-25 15:00:00,0.0,0.0
2030-05-25 16:00:00,0.0,0.0
2030-05-25 17:00:00,0.0,0.0
2030-05-25 18:00:00,0.0,0.0
2030-05-25 19:00:00,0.0,0.0
2030-05-25 20:00:00,0.0,0.0
2030-05-25 21:00:00,0.0,0.0
2030-05-25 22:00:00,0.0,0.0
2030-05-25 23:00:00,0.0,0.0
2030-05-26 00:00:00,0.0,0.0
2030-05-26 01:00:00,0.0,0.0
2030-05-26 02:00:00,0.0,31.028400000000005
2030-05-26 03:00:00,0.0,110.53867500000003
2030-05-26 04:00:00,0.0,190.04895000000005
2030-05-26 05:00:00,0.0,254.52984375000005
2030-05-26 06:00:00,0.0,304.4661750000001
2030-05-26 07:00:00,0.0,330.1615687500001
2030-05-26 08:00:00,0.0,334.5249375000001
2030-05-26 09:00:00,0.0,314.64736875000006
2030-05-26 10:00:00,0.0,273.9225937500001
2030-05-26 11:00:00,0.0,212.35061250000004
2030-05-26 12:00:00,0.0,135.26443125000003
2030-05-26 13:00:00,0.0,53.330062500000004
2030-05-26 14:00:00,0.0,0.9696375000000002
2030-05-26 15:00:00,0.0,0.0
2030-05-26 16:00:00,0.0,0.0
2030-05-26 17:00:00,0.0,0.0
2030-05-26 18:00:00,0.0,0.0
2030-05-26 19:00:00,0.0,0.0
2030-05-26 20:00:00,0.0,0.0
2030-05-26 21:00:00,0.0,0.0
2030-05-26 22:00:00,0.0,0.0
2030-05-26 23:00:00,0.0,0.0
2030-05-27 00:00:00,0.0,0.0
2030-05-27 01:00:00,0.0,0.0
2030-05-27 02:00:00,0.0,30.058762500000004
2030-05-27 03:00:00,0.0,105.20566875000002
2030-05-27 04:00:00,0.0,184.71594375000004
2030-05-27 05:00:00,0.0,253.07538750000006
2030-05-27 06:00:00,0.0,304.95099375000007
2030-05-27 07:00:00,0.0,333.55530000000005
2030-05-27 08:00:00,0.0,339.85794375000006
2030-05-27 09:00:00,0.0,323.858925
2030-05-27 10:00:00,0.0,285.07342500000004
2030-05-27 11:00:00,0.0,223.50144375000005
2030-05-27 12:00:00,0.0,142.53671250000002
2030-05-27 13:00:00,0.0,54.78451875000001
2030-05-27 14:00:00,0.0,0.9696375000000002
2030-05-27 15:00:00,0.0,0.0
2030-05-27 16:00:00,0.0,0.0
2030-05-27 17:00:00,0.0,0.0
2030-05-27 18:00:00,0.0,0.0
2030-05-27 19:00:00,0.0,0.0
2030-05-27 20:00:00,0.0,0.0
2030-05-27 21:00:00,0.0,0.0
2030-05-27 22:00:00,0.0,0.0
2030-05-27 23:00:00,0.0,0.0
2030-05-28 00:00:00,0.0,0.0
2030-05-28 01:00:00,0.0,0.0
2030-05-28 02:00:00,0.0,29.573943750000005
2030-05-28 03:00:00,0.0,106.17530625000002
2030-05-28 04:00:00,0.0,191.98822500000003
2030-05-28 05:00:00,0.0,264.7110375000001
2030-05-28 06:00:00,0.0,312.70809375000005
2030-05-28 07:00:00,0.0,336.4642125000001
2030-05-28 08:00:00,0.0,338.40348750000004
2030-05-28 09:00:00,0.0,320.4651937500001
2030-05-28 10:00:00,0.0,282.64933125000005
2030-05-28 11:00:00,0.0,220.10771250000005
2030-05-28 12:00:00,0.0,131.87070000000003
2030-05-28 13:00:00,0.0,47.99705625000001
2030-05-28 14:00:00,0.0,0.9696375000000002
2030-05-28 15:00:00,0.0,0.0
2030-05-28 16:00:00,0.0,0.0
2030-05-28 17:00:00,0.0,0.0
2030-05-28 18:00:00,0.0,0.0
2030-05-28 19:00:00,0.0,0.0
2030-05-28 20:00:00,0.0,0.0
2030-05-28 21:00:00,0.0,0.0
2030-05-28 22:00:00,0.0,0.0
2030-05-28 23:00:00,0.0,0.0
2030-05-29 00:00:00,0.0,0.0
2030-05-29 01:00:00,0.0,0.0
2030-05-29 02:00:00,0.0,30.058762500000004
2030-05-29 03:00:00,0.0,105.20566875000002
2030-05-29 04:00:00,0.0,176.95884375000003
2030-05-29 05:00:00,0.0,243.37901250000007
2030-05-29 06:00:00,0.0,284.5886062500001
2030-05-29 07:00:00,0.0,315.13218750000004
2030-05-29 08:00:00,0.0,321.43483125000006
2030-05-29 09:00:00,0.0,306.40545000000003
2030-05-29 10:00:00,0.0,269.0744062500001
2030-05-29 11:00:00,0.0,210.41133750000003
2030-05-29 12:00:00,0.0,133.80997500000004
2030-05-29 13:00:00,0.0,52.84524375000001
2030-05-29 14:00:00,0.0,1.4544562500000002
2030-05-29 15:00:00,0.0,0.0
2030-05-29 16:00:00,0.0,0.0
2030-05-29 17:00:00,0.0,0.0
2030-05-29 18:00:00,0.0,0.0
2030-05-29 19:00:00,0.0,0.0
2030-05-29 20:00:00,0.0,0.0
2030-05-29 21:00:00,0.0,0.0
2030-05-29 22:00:00,0.0,0.0
2030-05-29 23:00:00,0.0,0.0
2030-05-30 00:00:00,0.0,0.0
2030-05-30 01:00:00,0.0,0.0
2030-05-30 02:00:00,0.0,31.998037500000002
2030-05-30 03:00:00,0.0,107.14494375000002
2030-05-30 04:00:00,0.0,187.62485625000005
2030-05-30 05:00:00,0.0,253.07538750000006
2030-05-30 06:00:00,0.0,299.1331687500001
2030-05-30 07:00:00,0.0,323.37410625000007
2030-05-30 08:00:00,0.0,327.2526562500001
2030-05-30 09:00:00,0.0,310.28400000000005
2030-05-30 10:00:00,0.0,271.9833187500001
2030-05-30 11:00:00,0.0,212.83543125000006
2030-05-30 12:00:00,0.0,135.26443125000003
2030-05-30 13:00:00,0.0,52.360425000000006
2030-05-30 14:00:00,0.0,0.9696375000000002
2030-05-30 15:00:00,0.0,0.0
2030-05-30 16:00:00,0.0,0.0
2030-05-30 17:00:00,0.0,0.0
2030-05-30 18:00:00,0.0,0.0
2030-05-30 19:00:00,0.0,0.0
2030-05-30 20:00:00,0.0,0.0
2030-05-30 21:00:00,0.0,0.0
2030-05-30 22:00:00,0.0,0.0
2030-05-30 23:00:00,0.0,0.0
2030-05-31 00:00:00,0.0,0.0
2030-05-31 01:00:00,0.0,0.0
2030-05-31 02:00:00,0.0,29.089125000000006
2030-05-31 03:00:00,0.0,95.02447500000002
2030-05-31 04:00:00,0.0,154.65718125
2030-05-31 05:00:00,0.0,208.47206250000005
2030-05-31 06:00:00,0.0,256.95393750000005
2030-05-31 07:00:00,0.0,280.71005625000004
2030-05-31 08:00:00,0.0,277.80114375000005
2030-05-31 09:00:00,0.0,244.83346875000004
2030-05-31 10:00:00,0.0,199.26050625000002
2030-05-31 11:00:00,0.0,146.41526250000004
2030-05-31 12:00:00,0.0,88.2370125
2030-05-31 13:00:00,0.0,34.90695000000001
2030-05-31 14:00:00,0.0,0.0
2030-05-31 15:00:00,0.0,0.0
2030-05-31 16:00:00,0.0,0.0
2030-05-31 17:00:00,0.0,0.0
2030-05-31 18:00:00,0.0,0.0
2030-05-31 19:00:00,0.0,0.0
2030-05-31 20:00:00,0.0,0.0
2030-05-31 21:00:00,0.0,0.0
2030-05-31 22:00:00,0.0,0.0
2030-05-31 23:00:00,0.0,0.0
2030-06-01 00:00:00,0.0,0.0
2030-06-01 01:00:00,0.0,0.0
2030-06-01 02:00:00,0.0,27.149850000000004
2030-06-01 03:00:00,0.0,92.11556250000001
2030-06-01 04:00:00,0.0,156.11163750000006
2030-06-01 05:00:00,0.0,211.86579375000005
2030-06-01 06:00:00,0.0,254.52984375000005
2030-06-01 07:00:00,0.0,269.0744062500001
2030-06-01 08:00:00,0.0,256.46911875
2030-06-01 09:00:00,0.0,232.71300000000005
2030-06-01 10:00:00,0.0,199.74532500000004
2030-06-01 11:00:00,0.0,160.95982500000005
2030-06-01 12:00:00,0.0,112.47795000000002
2030-06-01 13:00:00,0.0,48.48187500000001
2030-06-01 14:00:00,0.0,1.4544562500000002
2030-06-01 15:00:00,0.0,0.0
2030-06-01 16:00:00,0.0,0.0
2030-06-01 17:00:00,0.0,0.0
2030-06-01 18:00:00,0.0,0.0
2030-06-01 19:00:00,0.0,0.0
2030-06-01 20:00:00,0.0,0.0
2030-06-01 21:00:00,0.0,0.0
2030-06-01 22:00:00,0.0,0.0
2030-06-01 23:00:00,0.0,0.0
2030-06-02 00:00:00,0.0,0.0
2030-06-02 01:00:00,0.0,0.0
2030-06-02 02:00:00,0.0,19.877568750000005
2030-06-02 03:00:00,0.0,68.84426250000001
2030-06-02 04:00:00,0.0,124.59841875000002
2030-06-02 05:00:00,0.0,182.77666875000006
2030-06-02 06:00:00,0.0,235.62191250000004
2030-06-02 07:00:00,0.0,262.7717625000001
2030-06-02 08:00:00,0.0,261.80212500000005
2030-06-02 09:00:00,0.0,246.28792500000003
2030-06-02 10:00:00,0.0,208.47206250000005
2030-06-02 11:00:00,0.0,156.11163750000006
2030-06-02 12:00:00,0.0,101.81193750000003
2030-06-02 13:00:00,0.0,45.57296250000001
2030-06-02 14:00:00,0.0,1.4544562500000002
2030-06-02 15:00:00,0.0,0.0
2030-06-02 16:00:00,0.0,0.0
2030-06-02 17:00:00,0.0,0.0
2030-06-02 18:00:00,0.0,0.0
2030-06-02 19:00:00,0.0,0.0
2030-06-02 20:00:00,0.0,0.0
2030-06-02 21:00:00,0.0,0.0
2030-06-02 22:00:00,0.0,0.0
2030-06-02 23:00:00,0.0,0.0
2030-06-03 00:00:00,0.0,0.0
2030-06-03 01:00:00,0.0,0.0
2030-06-03 02:00:00,0.0,27.149850000000004
2030-06-03 03:00:00,0.0,96.47893125000002
2030-06-03 04:00:00,0.0,178.89811875
2030-06-03 05:00:00,0.0,247.25756250000006
2030-06-03 06:00:00,0.0,297.6787125000001
2030-06-03 07:00:00,0.0,321.9196500000001
2030-06-03 08:00:00,0.0,323.858925
2030-06-03 09:00:00,0.0,306.40545000000003
2030-06-03 10:00:00,0.0,266.6503125000001
2030-06-03 11:00:00,0.0,207.01760625000003
2030-06-03 12:00:00,0.0,130.41624375000004
2030-06-03 13:00:00,0.0,51.87560625000001
2030-06-03 14:00:00,0.0,1.4544562500000002
2030-06-03 15:00:00,0.0,0.0
2030-06-03 16:00:00,0.0,0.0
2030-06-03 17:00:00,0.0,0.0
2030-06-03 18:00:00,0.0,0.0
2030-06-03 19:00:00,0.0,0.0
2030-06-03 20:00:00,0.0,0.0
2030-06-03 21:00:00,0.0,0.0
2030-06-03 22:00:00,0.0,0.0
2030-06-03 23:00:00,0.0,0.0
2030-06-04 00:00:00,0.0,0.0
2030-06-04 01:00:00,0.0,0.0
2030-06-04 02:00:00,0.0,28.604306250000008
2030-06-04 03:00:00,0.0,100.35748125
2030-06-04 04:00:00,0.0,179.38293750000003
2030-06-04 05:00:00,0.0,245.80310625000007
2030-06-04 06:00:00,0.0,296.22425625000005
2030-06-04 07:00:00,0.0,323.858925
2030-06-04 08:00:00,0.0,329.19193125000004
2030-06-04 09:00:00,0.0,313.1929125000001
2030-06-04 10:00:00,0.0,274.4074125000001
2030-06-04 11:00:00,0.0,213.80506875000003
2030-06-04 12:00:00,0.0,136.23406875
2030-06-04 13:00:00,0.0,53.814881250000006
2030-06-04 14:00:00,0.0,1.4544562500000002
2030-06-04 15:00:00,0.0,0.0
2030-06-04 16:00:00,0.0,0.0
2030-06-04 17:00:00,0.0,0.0
2030-06-04 18:00:00,0.0,0.0
2030-06-04 19:00:00,0.0,0.0
2030-06-04 20:00:00,0.0,0.0
2030-06-04 21:00:00,0.0,0.0
2030-06-04 22:00:00,0.0,0.0
2030-06-04 23:00:00,0.0,0.0
2030-06-05 00:00:00,0.0,0.0
2030-06-05 01:00:00,0.0,0.0
2030-06-05 02:00:00,0.0,31.513218750000007
2030-06-05 03:00:00,0.0,102.29675625
2030-06-05 04:00:00,0.0,172.59547500000005
2030-06-05 05:00:00,0.0,237.07636875000003
2030-06-05 06:00:00,0.0,287.49751875000004
2030-06-05 07:00:00,0.0,314.16255000000007
2030-06-05 08:00:00,0.0,314.64736875000006
2030-06-05 09:00:00,0.0,294.28498125000004
2030-06-05 10:00:00,0.0,242.40937500000004
2030-06-05 11:00:00,0.0,178.89811875
2030-06-05 12:00:00,0.0,114.41722500000003
2030-06-05 13:00:00,0.0,52.360425000000006
2030-06-05 14:00:00,0.0,1.9392750000000003
2030-06-05 15:00:00,0.0,0.0
2030-06-05 16:00:00,0.0,0.0
2030-06-05 17:00:00,0.0,0.0
2030-06-05 18:00:00,0.0,0.0
2030-06-05 19:00:00,0.0,0.0
2030-06-05 20:00:00,0.0,0.0
2030-06-05 21:00:00,0.0,0.0
2030-06-05 22:00:00,0.0,0.0
2030-06-05 23:00:00,0.0,0.0
2030-06-06 00:00:00,0.0,0.0
2030-06-06 01:00:00,0.0,0.0
2030-06-06 02:00:00,0.0,29.573943750000005
2030-06-06 03:00:00,0.0,91.63074375000001
2030-06-06 04:00:00,0.0,154.17236250000005
2030-06-06 05:00:00,0.0,210.89615625000005
2030-06-06 06:00:00,0.0,257.923575
2030-06-06 07:00:00,0.0,285.07342500000004
2030-06-06 08:00:00,0.0,293.31534375
2030-06-06 09:00:00,0.0,281.67969375
2030-06-06 10:00:00,0.0,249.19683750000004
2030-06-06 11:00:00,0.0,198.29086875000004
2030-06-06 12:00:00,0.0,128.47696875000003
2030-06-06 13:00:00,0.0,53.330062500000004
2030-06-06 14:00:00,0.0,1.9392750000000003
2030-06-06 15:00:00,0.0,0.0
2030-06-06 16:00:00,0.0,0.0
2030-06-06 17:00:00,0.0,0.0
2030-06-06 18:00:00,0.0,0.0
2030-06-06 19:00:00,0.0,0.0
2030-06-06 20:00:00,0.0,0.0
2030-06-06 21:00:00,0.0,0.0
2030-06-06 22:00:00,0.0,0.0
2030-06-06 23:00:00,0.0,0.0
2030-06-07 00:00:00,0.0,0.0
2030-06-07 01:00:00,0.0,0.0
2030-06-07 02:00:00,0.0,28.11948750000001
2030-06-07 03:00:00,0.0,85.3281
2030-06-07 04:00:00,0.0,138.17334375000002
2030-06-07 05:00:00,0.0,180.83739375000002
2030-06-07 06:00:00,0.0,216.71398125000005
2030-06-07 07:00:00,0.0,241.43973750000004
2030-06-07 08:00:00,0.0,250.16647500000005
2030-06-07 09:00:00,0.0,236.10673125000005
2030-06-07 10:00:00,0.0,206.53278750000004
2030-06-07 11:00:00,0.0,160.47500625000004
2030-06-07 12:00:00,0.0,100.35748125
2030-06-07 13:00:00,0.0,38.785500000000006
2030-06-07 14:00:00,0.0,0.4848187500000001
2030-06-07 15:00:00,0.0,0.0
2030-06-07 16:00:00,0.0,0.0
2030-06-07 17:00:00,0.0,0.0
2030-06-07 18:00:00,0.0,0.0
2030-06-07 19:00:00,0.0,0.0
2030-06-07 20:00:00,0.0,0.0
2030-06-07 21:00:00,0.0,0.0
2030-06-07 22:00:00,0.0,0.0
2030-06-07 23:00:00,0.0,0.0
2030-06-08 00:00:00,0.0,0.0
2030-06-08 01:00:00,0.0,0.0
2030-06-08 02:00:00,0.0,24.240937500000005
2030-06-08 03:00:00,0.0,85.81291875000001
2030-06-08 04:00:00,0.0,161.44464375000007
2030-06-08 05:00:00,0.0,224.47108125000003
2030-06-08 06:00:00,0.0,272.4681375
2030-06-08 07:00:00,0.0,301.07244375000005
2030-06-08 08:00:00,0.0,307.85990625000005
2030-06-08 09:00:00,0.0,291.37606875000006
2030-06-08 10:00:00,0.0,255.49948125000006
2030-06-08 11:00:00,0.0,198.77568750000003
2030-06-08 12:00:00,0.0,127.99215000000001
2030-06-08 13:00:00,0.0,53.330062500000004
2030-06-08 14:00:00,0.0,1.9392750000000003
2030-06-08 15:00:00,0.0,0.0
2030-06-08 16:00:00,0.0,0.0
2030-06-08 17:00:00,0.0,0.0
2030-06-08 18:00:00,0.0,0.0
2030-06-08 19:00:00,0.0,0.0
2030-06-08 20:00:00,0.0,0.0
2030-06-08 21:00:00,0.0,0.0
2030-06-08 22:00:00,0.0,0.0
2030-06-08 23:00:00,0.0,0.0
2030-06-09 00:00:00,0.0,0.0
2030-06-09 01:00:00,0.0,0.0
2030-06-09 02:00:00,0.0,31.998037500000002
2030-06-09 03:00:00,0.0,107.14494375000002
2030-06-09 04:00:00,0.0,186.17040000000003
2030-06-09 05:00:00,0.0,247.25756250000006
2030-06-09 06:00:00,0.0,289.92161250000004
2030-06-09 07:00:00,0.0,313.1929125000001
2030-06-09 08:00:00,0.0,315.13218750000004
2030-06-09 09:00:00,0.0,297.19389375000003
2030-06-09 10:00:00,0.0,259.86285000000004
2030-06-09 11:00:00,0.0,201.68460000000005
2030-06-09 12:00:00,0.0,127.99215000000001
2030-06-09 13:00:00,0.0,51.87560625000001
2030-06-09 14:00:00,0.0,1.9392750000000003
2030-06-09 15:00:00,0.0,0.0
2030-06-09 16:00:00,0.0,0.0
2030-06-09 17:00:00,0.0,0.0
2030-06-09 18:00:00,0.0,0.0
2030-06-09 19:00:00,0.0,0.0
2030-06-09 20:00:00,0.0,0.0
2030-06-09 21:00:00,0.0,0.0
2030-06-09 22:00:00,0.0,0.0
2030-06-09 23:00:00,0.0,0.0
2030-06-10 00:00:00,0.0,0.0
2030-06-10 01:00:00,0.0,0.0
2030-06-10 02:00:00,0.0,31.513218750000007
2030-06-10 03:00:00,0.0,105.20566875000002
2030-06-10 04:00:00,0.0,177.44366250000004
2030-06-10 05:00:00,0.0,240.47010000000003
2030-06-10 06:00:00,0.0,286.0430625000001
2030-06-10 07:00:00,0.0,306.40545000000003
2030-06-10 08:00:00,0.0,306.40545000000003
2030-06-10 09:00:00,0.0,284.10378750000007
2030-06-10 10:00:00,0.0,244.34865000000002
2030-06-10 11:00:00,0.0,186.65521875000005
2030-06-10 12:00:00,0.0,115.38686250000002
2030-06-10 13:00:00,0.0,46.54260000000001
2030-06-10 14:00:00,0.0,1.4544562500000002
2030-06-10 15:00:00,0.0,0.0
2030-06-10 16:00:00,0.0,0.0
2030-06-10 17:00:00,0.0,0.0
2030-06-10 18:00:00,0.0,0.0
2030-06-10 19:00:00,0.0,0.0
2030-06-10 20:00:00,0.0,0.0
2030-06-10 21:00:00,0.0,0.0
2030-06-10 22:00:00,0.0,0.0
2030-06-10 23:00:00,0.0,0.0
2030-06-11 00:00:00,0.0,0.0
2030-06-11 01:00:00,0.0,0.0
2030-06-11 02:00:00,0.0,28.11948750000001
2030-06-11 03:00:00,0.0,93.08520000000001
2030-06-11 04:00:00,0.0,158.05091250000004
2030-06-11 05:00:00,0.0,224.47108125000003
2030-06-11 06:00:00,0.0,277.31632500000006
2030-06-11 07:00:00,0.0,299.6179875
2030-06-11 08:00:00,0.0,304.4661750000001
2030-06-11 09:00:00,0.0,288.95197500000006
2030-06-11 10:00:00,0.0,245.31828750000005
2030-06-11 11:00:00,0.0,188.59449375000003
2030-06-11 12:00:00,0.0,117.32613750000003
2030-06-11 13:00:00,0.0,48.96669375000002
2030-06-11 14:00:00,0.0,1.4544562500000002
2030-06-11 15:00:00,0.0,0.0
2030-06-11 16:00:00,0.0,0.0
2030-06-11 17:00:00,0.0,0.0
2030-06-11 18:00:00,0.0,0.0
2030-06-11 19:00:00,0.0,0.0
2030-06-11 20:00:00,0.0,0.0
2030-06-11 21:00:00,0.0,0.0
2030-06-11 22:00:00,0.0,0.0
2030-06-11 23:00:00,0.0,0.0
2030-06-12 00:00:00,0.0,0.0
2030-06-12 01:00:00,0.0,0.0
2030-06-12 02:00:00,0.0,27.149850000000004
2030-06-12 03:00:00,0.0,84.35846250000002
2030-06-12 04:00:00,0.0,151.74826875000002
2030-06-12 05:00:00,0.0,218.16843750000004
2030-06-12 06:00:00,0.0,261.80212500000005
2030-06-12 07:00:00,0.0,288.4671562500001
2030-06-12 08:00:00,0.0,293.80016250000006
2030-06-12 09:00:00,0.0,278.28596250000004
2030-06-12 10:00:00,0.0,234.16745625000004
2030-06-12 11:00:00,0.0,170.17138125
2030-06-12 12:00:00,0.0,103.26639375000002
2030-06-12 13:00:00,0.0,41.20959375000001
2030-06-12 14:00:00,0.0,0.9696375000000002
2030-06-12 15:00:00,0.0,0.0
2030-06-12 16:00:00,0.0,0.0
2030-06-12 17:00:00,0.0,0.0
2030-06-12 18:00:00,0.0,0.0
2030-06-12 19:00:00,0.0,0.0
2030-06-12 20:00:00,0.0,0.0
2030-06-12 21:00:00,0.0,0.0
2030-06-12 22:00:00,0.0,0.0
2030-06-12 23:00:00,0.0,0.0
2030-06-13 00:00:00,0.0,0.0
2030-06-13 01:00:00,0.0,0.0
2030-06-13 02:00:00,0.0,21.816843750000007
2030-06-13 03:00:00,0.0,83.38882500000001
2030-06-13 04:00:00,0.0,151.74826875000002
2030-06-13 05:00:00,0.0,206.53278750000004
2030-06-13 06:00:00,0.0,239.50046250000003
2030-06-13 07:00:00,0.0,267.13513125000003
2030-06-13 08:00:00,0.0,273.43777500000004
2030-06-13 09:00:00,0.0,264.22621875000004
2030-06-13 10:00:00,0.0,228.83445000000006
2030-06-13 11:00:00,0.0,172.59547500000005
2030-06-13 12:00:00,0.0,109.08421875000002
2030-06-13 13:00:00,0.0,45.08814375000001
2030-06-13 14:00:00,0.0,1.4544562500000002
2030-06-13 15:00:00,0.0,0.0
2030-06-13 16:00:00,0.0,0.0
2030-06-13 17:00:00,0.0,0.0
2030-06-13 18:00:00,0.0,0.0
2030-06-13 19:00:00,0.0,0.0
2030-06-13 20:00:00,0.0,0.0
2030-06-13 21:00:00,0.0,0.0
2030-06-13 22:00:00,0.0,0.0
2030-06-13 23:00:00,0.0,0.0
2030-06-14 00:00:00,0.0,0.0
2030-06-14 01:00:00,0.0,0.0
2030-06-14 02:00:00,0.0,23.271300000000004
2030-06-14 03:00:00,0.0,80.96473125
2030-06-14 04:00:00,0.0,142.53671250000002
2030-06-14 05:00:00,0.0,195.86677500000008
2030-06-14 06:00:00,0.0,243.86383125000003
2030-06-14 07:00:00,0.0,270.04404375000007
2030-06-14 08:00:00,0.0,262.7717625000001
2030-06-14 09:00:00,0.0,243.37901250000007
2030-06-14 10:00:00,0.0,209.44170000000003
2030-06-14 11:00:00,0.0,161.9294625
2030-06-14 12:00:00,0.0,99.87266250000002
2030-06-14 13:00:00,0.0,40.23995625000001
2030-06-14 14:00:00,0.0,0.9696375000000002
2030-06-14 15:00:00,0.0,0.0
2030-06-14 16:00:00,0.0,0.0
2030-06-14 17:00:00,0.0,0.0
2030-06-14 18:00:00,0.0,0.0
2030-06-14 19:00:00,0.0,0.0
2030-06-14 20:00:00,0.0,0.0
2030-06-14 21:00:00,0.0,0.0
2030-06-14 22:00:00,0.0,0.0
2030-06-14 23:00:00,0.0,0.0
2030-06-15 00:00:00,0.0,0.0
2030-06-15 01:00:00,0.0,0.0
2030-06-15 02:00:00,0.0,25.695393750000004
2030-06-15 03:00:00,0.0,84.84328125000002
2030-06-15 04:00:00,0.0,148.83935625000004
2030-06-15 05:00:00,0.0,207.98724375000003
2030-06-15 06:00:00,0.0,244.34865000000002
2030-06-15 07:00:00,0.0,255.01466250000007
2030-06-15 08:00:00,0.0,243.86383125000003
2030-06-15 09:00:00,0.0,221.07735000000005
2030-06-15 10:00:00,0.0,192.95786250000003
2030-06-15 11:00:00,0.0,151.26345
2030-06-15 12:00:00,0.0,93.57001875000003
2030-06-15 13:00:00,0.0,37.8158625
2030-06-15 14:00:00,0.0,0.4848187500000001
2030-06-15 15:00:00,0.0,0.0
2030-06-15 16:00:00,0.0,0.0
2030-06-15 17:00:00,0.0,0.0
2030-06-15 18:00:00,0.0,0.0
2030-06-15 19:00:00,0.0,0.0
2030-06-15 20:00:00,0.0,0.0
2030-06-15 21:00:00,0.0,0.0
2030-06-15 22:00:00,0.0,0.0
2030-06-15 23:00:00,0.0,0.0
2030-06-16 00:00:00,0.0,0.0
2030-06-16 01:00:00,0.0,0.0
2030-06-16 02:00:00,0.0,16.483837500000003
2030-06-16 03:00:00,0.0,55.26933750000001
2030-06-16 04:00:00,0.0,97.93338750000004
2030-06-16 05:00:00,0.0,140.11261875
2030-06-16 06:00:00,0.0,161.9294625
2030-06-16 07:00:00,0.0,162.41428125000002
2030-06-16 08:00:00,0.0,137.68852500000003
2030-06-16 09:00:00,0.0,112.47795000000002
2030-06-16 10:00:00,0.0,92.60038125000003
2030-06-16 11:00:00,0.0,65.45053125000001
2030-06-16 12:00:00,0.0,30.058762500000004
2030-06-16 13:00:00,0.0,7.757100000000001
2030-06-16 14:00:00,0.0,0.0
2030-06-16 15:00:00,0.0,0.0
2030-06-16 16:00:00,0.0,0.0
2030-06-16 17:00:00,0.0,0.0
2030-06-16 18:00:00,0.0,0.0
2030-06-16 19:00:00,0.0,0.0
2030-06-16 20:00:00,0.0,0.0
2030-06-16 21:00:00,0.0,0.0
2030-06-16 22:00:00,0.0,0.0
2030-06-16 23:00:00,0.0,0.0
2030-06-17 00:00:00,0.0,0.0
2030-06-17 01:00:00,0.0,0.0
2030-06-17 02:00:00,0.0,21.816843750000007
2030-06-17 03:00:00,0.0,75.631725
2030-06-17 04:00:00,0.0,134.29479375000003
2030-06-17 05:00:00,0.0,187.62485625000005
2030-06-17 06:00:00,0.0,242.40937500000004
2030-06-17 07:00:00,0.0,268.58958750000005
2030-06-17 08:00:00,0.0,275.86186875000004
2030-06-17 09:00:00,0.0,260.83248750000007
2030-06-17 10:00:00,0.0,232.22818125000003
2030-06-17 11:00:00,0.0,179.38293750000003
2030-06-17 12:00:00,0.0,112.47795000000002
2030-06-17 13:00:00,0.0,45.57296250000001
2030-06-17 14:00:00,0.0,1.4544562500000002
2030-06-17 15:00:00,0.0,0.0
2030-06-17 16:00:00,0.0,0.0
2030-06-17 17:00:00,0.0,0.0
2030-06-17 18:00:00,0.0,0.0
2030-06-17 19:00:00,0.0,0.0
2030-06-17 20:00:00,0.0,0.0
2030-06-17 21:00:00,0.0,0.0
2030-06-17 22:00:00,0.0,0.0
2030-06-17 23:00:00,0.0,0.0
2030-06-18 00:00:00,0.0,0.0
2030-06-18 01:00:00,0.0,0.0
2030-06-18 02:00:00,0.0,24.240937500000005
2030-06-18 03:00:00,0.0,87.75219375
2030-06-18 04:00:00,0.0,165.80801250000005
2030-06-18 05:00:00,0.0,234.16745625000004
2030-06-18 06:00:00,0.0,285.07342500000004
2030-06-18 07:00:00,0.0,309.79918125000006
2030-06-18 08:00:00,0.0,309.3143625
2030-06-18 09:00:00,0.0,297.6787125000001
2030-06-18 10:00:00,0.0,254.52984375000005
2030-06-18 11:00:00,0.0,188.59449375000003
2030-06-18 12:00:00,0.0,117.81095625000002
2030-06-18 13:00:00,0.0,46.54260000000001
2030-06-18 14:00:00,0.0,1.4544562500000002
2030-06-18 15:00:00,0.0,0.0
2030-06-18 16:00:00,0.0,0.0
2030-06-18 17:00:00,0.0,0.0
2030-06-18 18:00:00,0.0,0.0
2030-06-18 19:00:00,0.0,0.0
2030-06-18 20:00:00,0.0,0.0
2030-06-18 21:00:00,0.0,0.0
2030-06-18 22:00:00,0.0,0.0
2030-06-18 23:00:00,0.0,0.0
2030-06-19 00:00:00,0.0,0.0
2030-06-19 01:00:00,0.0,0.0
2030-06-19 02:00:00,0.0,30.543581250000003
2030-06-19 03:00:00,0.0,104.23603125000002
2030-06-19 04:00:00,0.0,183.26148750000002
2030-06-19 05:00:00,0.0,247.25756250000006
2030-06-19 06:00:00,0.0,291.37606875000006
2030-06-19 07:00:00,0.0,312.2232750000001
2030-06-19 08:00:00,0.0,312.70809375000005
2030-06-19 09:00:00,0.0,294.76980000000003
2030-06-19 10:00:00,0.0,256.95393750000005
2030-06-19 11:00:00,0.0,199.26050625000002
2030-06-19 12:00:00,0.0,125.08323750000002
2030-06-19 13:00:00,0.0,50.42115000000001
2030-06-19 14:00:00,0.0,1.9392750000000003
2030-06-19 15:00:00,0.0,0.0
2030-06-19 16:00:00,0.0,0.0
2030-06-19 17:00:00,0.0,0.0
2030-06-19 18:00:00,0.0,0.0
2030-06-19 19:00:00,0.0,0.0
2030-06-19 20:00:00,0.0,0.0
2030-06-19 21:00:00,0.0,0.0
2030-06-19 22:00:00,0.0,0.0
2030-06-19 23:00:00,0.0,0.0
2030-06-20 00:00:00,0.0,0.0
2030-06-20 01:00:00,0.0,0.0
2030-06-20 02:00:00,0.0,31.998037500000002
2030-06-20 03:00:00,0.0,113.44758750000001
2030-06-20 04:00:00,0.0,197.80605000000003
2030-06-20 05:00:00,0.0,264.22621875000004
2030-06-20 06:00:00,0.0,307.85990625000005
2030-06-20 07:00:00,0.0,329.6767500000001
2030-06-20 08:00:00,0.0,331.6160250000001
2030-06-20 09:00:00,0.0,312.2232750000001
2030-06-20 10:00:00,0.0,270.52886250000006
2030-06-20 11:00:00,0.0,205.56315000000004
2030-06-20 12:00:00,0.0,124.59841875000002
2030-06-20 13:00:00,0.0,46.54260000000001
2030-06-20 14:00:00,0.0,0.9696375000000002
2030-06-20 15:00:00,0.0,0.0
2030-06-20 16:00:00,0.0,0.0
2030-06-20 17:00:00,0.0,0.0
2030-06-20 18:00:00,0.0,0.0
2030-06-20 19:00:00,0.0,0.0
2030-06-20 20:00:00,0.0,0.0
2030-06-20 21:00:00,0.0,0.0
2030-06-20 22:00:00,0.0,0.0
2030-06-20 23:00:00,0.0,0.0
2030-06-21 00:00:00,0.0,0.0
2030-06-21 01:00:00,0.0,0.0
2030-06-21 02:00:00,0.0,24.240937500000005
2030-06-21 03:00:00,0.0,88.2370125
2030-06-21 04:00:00,0.0,162.89910000000003
2030-06-21 05:00:00,0.0,226.89517500000002
2030-06-21 06:00:00,0.0,295.73943750000007
2030-06-21 07:00:00,0.0,318.0411000000001
2030-06-21 08:00:00,0.0,319.4955562500001
2030-06-21 09:00:00,0.0,299.6179875
2030-06-21 10:00:00,0.0,259.37803125000005
2030-06-21 11:00:00,0.0,199.26050625000002
2030-06-21 12:00:00,0.0,125.56805625000003
2030-06-21 13:00:00,0.0,50.42115000000001
2030-06-21 14:00:00,0.0,1.9392750000000003
2030-06-21 15:00:00,0.0,0.0
2030-06-21 16:00:00,0.0,0.0
2030-06-21 17:00:00,0.0,0.0
2030-06-21 18:00:00,0.0,0.0
2030-06-21 19:00:00,0.0,0.0
2030-06-21 20:00:00,0.0,0.0
2030-06-21 21:00:00,0.0,0.0
2030-06-21 22:00:00,0.0,0.0
2030-06-21 23:00:00,0.0,0.0
2030-06-22 00:00:00,0.0,0.0
2030-06-22 01:00:00,0.0,0.0
2030-06-22 02:00:00,0.0,31.028400000000005
2030-06-22 03:00:00,0.0,108.11458125000003
2030-06-22 04:00:00,0.0,190.04895000000005
2030-06-22 05:00:00,0.0,256.46911875
2030-06-22 06:00:00,0.0,300.58762500000006
2030-06-22 07:00:00,0.0,322.88928750000014
2030-06-22 08:00:00,0.0,324.3437437500001
2030-06-22 09:00:00,0.0,306.8902687500001
2030-06-22 10:00:00,0.0,267.6199500000001
2030-06-22 11:00:00,0.0,207.98724375000003
2030-06-22 12:00:00,0.0,131.38588125000004
2030-06-22 13:00:00,0.0,52.84524375000001
2030-06-22 14:00:00,0.0,1.9392750000000003
2030-06-22 15:00:00,0.0,0.0
2030-06-22 16:00:00,0.0,0.0
2030-06-22 17:00:00,0.0,0.0
2030-06-22 18:00:00,0.0,0.0
2030-06-22 19:00:00,0.0,0.0
2030-06-22 20:00:00,0.0,0.0
2030-06-22 21:00:00,0.0,0.0
2030-06-22 22:00:00,0.0,0.0
2030-06-22 23:00:00,0.0,0.0
2030-06-23 00:00:00,0.0,0.0
2030-06-23 01:00:00,0.0,0.0
2030-06-23 02:00:00,0.0,31.028400000000005
2030-06-23 03:00:00,0.0,106.17530625000002
2030-06-23 04:00:00,0.0,185.20076250000005
2030-06-23 05:00:00,0.0,249.19683750000004
2030-06-23 06:00:00,0.0,296.22425625000005
2030-06-23 07:00:00,0.0,317.07146250000005
2030-06-23 08:00:00,0.0,315.6170062500001
2030-06-23 09:00:00,0.0,292.8305250000001
2030-06-23 10:00:00,0.0,252.10575000000006
2030-06-23 11:00:00,0.0,192.95786250000003
2030-06-23 12:00:00,0.0,122.65914375000003
2030-06-23 13:00:00,0.0,50.905968750000014
2030-06-23 14:00:00,0.0,1.9392750000000003
2030-06-23 15:00:00,0.0,0.0
2030-06-23 16:00:00,0.0,0.0
2030-06-23 17:00:00,0.0,0.0
2030-06-23 18:00:00,0.0,0.0
2030-06-23 19:00:00,0.0,0.0
2030-06-23 20:00:00,0.0,0.0
2030-06-23 21:00:00,0.0,0.0
2030-06-23 22:00:00,0.0,0.0
2030-06-23 23:00:00,0.0,0.0
2030-06-24 00:00:00,0.0,0.0
2030-06-24 01:00:00,0.0,0.0
2030-06-24 02:00:00,0.0,31.028400000000005
2030-06-24 03:00:00,0.0,104.23603125000002
2030-06-24 04:00:00,0.0,182.29185000000004
2030-06-24 05:00:00,0.0,246.28792500000003
2030-06-24 06:00:00,0.0,287.0127000000001
2030-06-24 07:00:00,0.0,303.49653750000004
2030-06-24 08:00:00,0.0,297.19389375000003
2030-06-24 09:00:00,0.0,256.46911875
2030-06-24 10:00:00,0.0,208.95688125000007
2030-06-24 11:00:00,0.0,146.90008125000003
2030-06-24 12:00:00,0.0,79.51027500000002
2030-06-24 13:00:00,0.0,27.634668750000007
2030-06-24 14:00:00,0.0,0.0
2030-06-24 15:00:00,0.0,0.0
2030-06-24 16:00:00,0.0,0.0
2030-06-24 17:00:00,0.0,0.0
2030-06-24 18:00:00,0.0,0.0
2030-06-24 19:00:00,0.0,0.0
2030-06-24 20:00:00,0.0,0.0
2030-06-24 21:00:00,0.0,0.0
2030-06-24 22:00:00,0.0,0.0
2030-06-24 23:00:00,0.0,0.0
2030-06-25 00:00:00,0.0,0.0
2030-06-25 01:00:00,0.0,0.0
2030-06-25 02:00:00,0.0,29.573943750000005
2030-06-25 03:00:00,0.0,101.81193750000003
2030-06-25 04:00:00,0.0,182.29185000000004
2030-06-25 05:00:00,0.0,248.71201875000003
2030-06-25 06:00:00,0.0,296.22425625000005
2030-06-25 07:00:00,0.0,321.43483125000006
2030-06-25 08:00:00,0.0,324.3437437500001
2030-06-25 09:00:00,0.0,306.8902687500001
2030-06-25 10:00:00,0.0,267.6199500000001
2030-06-25 11:00:00,0.0,207.98724375000003
2030-06-25 12:00:00,0.0,131.87070000000003
2030-06-25 13:00:00,0.0,53.330062500000004
2030-06-25 14:00:00,0.0,1.9392750000000003
2030-06-25 15:00:00,0.0,0.0
2030-06-25 16:00:00,0.0,0.0
2030-06-25 17:00:00,0.0,0.0
2030-06-25 18:00:00,0.0,0.0
2030-06-25 19:00:00,0.0,0.0
2030-06-25 20:00:00,0.0,0.0
2030-06-25 21:00:00,0.0,0.0
2030-06-25 22:00:00,0.0,0.0
2030-06-25 23:00:00,0.0,0.0
2030-06-26 00:00:00,0.0,0.0
2030-06-26 01:00:00,0.0,0.0
2030-06-26 02:00:00,0.0,30.543581250000003
2030-06-26 03:00:00,0.0,108.11458125000003
2030-06-26 04:00:00,0.0,190.53376875000006
2030-06-26 05:00:00,0.0,256.95393750000005
2030-06-26 06:00:00,0.0,303.01171875000006
2030-06-26 07:00:00,0.0,326.2830187500001
2030-06-26 08:00:00,0.0,328.22229375000006
2030-06-26 09:00:00,0.0,307.85990625000005
2030-06-26 10:00:00,0.0,265.680675
2030-06-26 11:00:00,0.0,204.10869375000004
2030-06-26 12:00:00,0.0,127.99215000000001
2030-06-26 13:00:00,0.0,50.42115000000001
2030-06-26 14:00:00,0.0,1.4544562500000002
2030-06-26 15:00:00,0.0,0.0
2030-06-26 16:00:00,0.0,0.0
2030-06-26 17:00:00,0.0,0.0
2030-06-26 18:00:00,0.0,0.0
2030-06-26 19:00:00,0.0,0.0
2030-06-26 20:00:00,0.0,0.0
2030-06-26 21:00:00,0.0,0.0
2030-06-26 22:00:00,0.0,0.0
2030-06-26 23:00:00,0.0,0.0
2030-06-27 00:00:00,0.0,0.0
2030-06-27 01:00:00,0.0,0.0
2030-06-27 02:00:00,0.0,29.573943750000005
2030-06-27 03:00:00,0.0,106.17530625000002
2030-06-27 04:00:00,0.0,187.62485625000005
2030-06-27 05:00:00,0.0,253.56020625000002
2030-06-27 06:00:00,0.0,299.1331687500001
2030-06-27 07:00:00,0.0,316.1018250000001
2030-06-27 08:00:00,0.0,303.01171875000006
2030-06-27 09:00:00,0.0,265.680675
2030-06-27 10:00:00,0.0,230.77372500000004
2030-06-27 11:00:00,0.0,191.50340625000004
2030-06-27 12:00:00,0.0,129.44660625
2030-06-27 13:00:00,0.0,53.814881250000006
2030-06-27 14:00:00,0.0,1.9392750000000003
2030-06-27 15:00:00,0.0,0.0
2030-06-27 16:00:00,0.0,0.0
2030-06-27 17:00:00,0.0,0.0
2030-06-27 18:00:00,0.0,0.0
2030-06-27 19:00:00,0.0,0.0
2030-06-27 20:00:00,0.0,0.0
2030-06-27 21:00:00,0.0,0.0
2030-06-27 22:00:00,0.0,0.0
2030-06-27 23:00:00,0.0,0.0
2030-06-28 00:00:00,0.0,0.0
2030-06-28 01:00:00,0.0,0.0
2030-06-28 02:00:00,0.0,30.058762500000004
2030-06-28 03:00:00,0.0,106.66012500000001
2030-06-28 04:00:00,0.0,188.10967500000004
2030-06-28 05:00:00,0.0,254.52984375000005
2030-06-28 06:00:00,0.0,300.10280625
2030-06-28 07:00:00,0.0,322.88928750000014
2030-06-28 08:00:00,0.0,324.82856250000003
2030-06-28 09:00:00,0.0,307.85990625000005
2030-06-28 10:00:00,0.0,268.10476875
2030-06-28 11:00:00,0.0,207.50242500000004
2030-06-28 12:00:00,0.0,131.38588125000004
2030-06-28 13:00:00,0.0,53.330062500000004
2030-06-28 14:00:00,0.0,1.9392750000000003
2030-06-28 15:00:00,0.0,0.0
2030-06-28 16:00:00,0.0,0.0
2030-06-28 17:00:00,0.0,0.0
2030-06-28 18:00:00,0.0,0.0
2030-06-28 19:00:00,0.0,0.0
2030-06-28 20:00:00,0.0,0.0
2030-06-28 21:00:00,0.0,0.0
2030-06-28 22:00:00,0.0,0.0
2030-06-28 23:00:00,0.0,0.0
2030-06-29 00:00:00,0.0,0.0
2030-06-29 01:00:00,0.0,0.0
2030-06-29 02:00:00,0.0,31.028400000000005
2030-06-29 03:00:00,0.0,106.17530625000002
2030-06-29 04:00:00,0.0,185.20076250000005
2030-06-29 05:00:00,0.0,249.68165625000003
2030-06-29 06:00:00,0.0,299.6179875
2030-06-29 07:00:00,0.0,321.43483125000006
2030-06-29 08:00:00,0.0,322.88928750000014
2030-06-29 09:00:00,0.0,303.49653750000004
2030-06-29 10:00:00,0.0,262.7717625000001
2030-06-29 11:00:00,0.0,201.19978125000003
2030-06-29 12:00:00,0.0,124.11360000000002
2030-06-29 13:00:00,0.0,47.51223750000001
2030-06-29 14:00:00,0.0,1.4544562500000002
2030-06-29 15:00:00,0.0,0.0
2030-06-29 16:00:00,0.0,0.0
2030-06-29 17:00:00,0.0,0.0
2030-06-29 18:00:00,0.0,0.0
2030-06-29 19:00:00,0.0,0.0
2030-06-29 20:00:00,0.0,0.0
2030-06-29 21:00:00,0.0,0.0
2030-06-29 22:00:00,0.0,0.0
2030-06-29 23:00:00,0.0,0.0
2030-06-30 00:00:00,0.0,0.0
2030-06-30 01:00:00,0.0,0.0
2030-06-30 02:00:00,0.0,30.543581250000003
2030-06-30 03:00:00,0.0,104.72085000000001
2030-06-30 04:00:00,0.0,183.74630625000003
2030-06-30 05:00:00,0.0,249.19683750000004
2030-06-30 06:00:00,0.0,299.6179875
2030-06-30 07:00:00,0.0,321.43483125000006
2030-06-30 08:00:00,0.0,322.40446875000004
2030-06-30 09:00:00,0.0,304.95099375000007
2030-06-30 10:00:00,0.0,264.22621875000004
2030-06-30 11:00:00,0.0,202.65423750000002
2030-06-30 12:00:00,0.0,125.56805625000003
2030-06-30 13:00:00,0.0,49.936331250000016
2030-06-30 14:00:00,0.0,1.4544562500000002
2030-06-30 15:00:00,0.0,0.0
2030-06-30 16:00:00,0.0,0.0
2030-06-30 17:00:00,0.0,0.0
2030-06-30 18:00:00,0.0,0.0
2030-06-30 19:00:00,0.0,0.0
2030-06-30 20:00:00,0.0,0.0
2030-06-30 21:00:00,0.0,0.0
2030-06-30 22:00:00,0.0,0.0
2030-06-30 23:00:00,0.0,0.0
2030-07-01 00:00:00,0.0,0.0
2030-07-01 01:00:00,0.0,0.0
2030-07-01 02:00:00,0.0,27.149850000000004
2030-07-01 03:00:00,0.0,99.87266250000002
2030-07-01 04:00:00,0.0,182.29185000000004
2030-07-01 05:00:00,0.0,247.74238125000005
2030-07-01 06:00:00,0.0,292.3457062500001
2030-07-01 07:00:00,0.0,318.5259187500001
2030-07-01 08:00:00,0.0,321.43483125000006
2030-07-01 09:00:00,0.0,301.5572625000001
2030-07-01 10:00:00,0.0,261.31730625000006
2030-07-01 11:00:00,0.0,202.16941875
2030-07-01 12:00:00,0.0,127.50733125000004
2030-07-01 13:00:00,0.0,52.360425000000006
2030-07-01 14:00:00,0.0,1.9392750000000003
2030-07-01 15:00:00,0.0,0.0
2030-07-01 16:00:00,0.0,0.0
2030-07-01 17:00:00,0.0,0.0
2030-07-01 18:00:00,0.0,0.0
2030-07-01 19:00:00,0.0,0.0
2030-07-01 20:00:00,0.0,0.0
2030-07-01 21:00:00,0.0,0.0
2030-07-01 22:00:00,0.0,0.0
2030-07-01 23:00:00,0.0,0.0
2030-07-02 00:00:00,0.0,0.0
2030-07-02 01:00:00,0.0,0.0
2030-07-02 02:00:00,0.0,31.028400000000005
2030-07-02 03:00:00,0.0,108.59940000000003
2030-07-02 04:00:00,0.0,190.53376875000006
2030-07-02 05:00:00,0.0,255.98430000000002
2030-07-02 06:00:00,0.0,300.58762500000006
2030-07-02 07:00:00,0.0,321.43483125000006
2030-07-02 08:00:00,0.0,320.95001250000007
2030-07-02 09:00:00,0.0,303.49653750000004
2030-07-02 10:00:00,0.0,263.74140000000006
2030-07-02 11:00:00,0.0,203.13905625000004
2030-07-02 12:00:00,0.0,127.02251250000002
2030-07-02 13:00:00,0.0,49.45151250000001
2030-07-02 14:00:00,0.0,1.4544562500000002
2030-07-02 15:00:00,0.0,0.0
2030-07-02 16:00:00,0.0,0.0
2030-07-02 17:00:00,0.0,0.0
2030-07-02 18:00:00,0.0,0.0
2030-07-02 19:00:00,0.0,0.0
2030-07-02 20:00:00,0.0,0.0
2030-07-02 21:00:00,0.0,0.0
2030-07-02 22:00:00,0.0,0.0
2030-07-02 23:00:00,0.0,0.0
2030-07-03 00:00:00,0.0,0.0
2030-07-03 01:00:00,0.0,0.0
2030-07-03 02:00:00,0.0,29.573943750000005
2030-07-03 03:00:00,0.0,101.32711875000001
2030-07-03 04:00:00,0.0,178.89811875
2030-07-03 05:00:00,0.0,236.59155000000004
2030-07-03 06:00:00,0.0,281.194875
2030-07-03 07:00:00,0.0,288.4671562500001
2030-07-03 08:00:00,0.0,297.6787125000001
2030-07-03 09:00:00,0.0,279.2556000000001
2030-07-03 10:00:00,0.0,232.22818125000003
2030-07-03 11:00:00,0.0,170.6562
2030-07-03 12:00:00,0.0,102.29675625
2030-07-03 13:00:00,0.0,39.75513750000001
2030-07-03 14:00:00,0.0,0.4848187500000001
2030-07-03 15:00:00,0.0,0.0
2030-07-03 16:00:00,0.0,0.0
2030-07-03 17:00:00,0.0,0.0
2030-07-03 18:00:00,0.0,0.0
2030-07-03 19:00:00,0.0,0.0
2030-07-03 20:00:00,0.0,0.0
2030-07-03 21:00:00,0.0,0.0
2030-07-03 22:00:00,0.0,0.0
2030-07-03 23:00:00,0.0,0.0
2030-07-04 00:00:00,0.0,0.0
2030-07-04 01:00:00,0.0,0.0
2030-07-04 02:00:00,0.0,23.271300000000004
2030-07-04 03:00:00,0.0,84.35846250000002
2030-07-04 04:00:00,0.0,165.32319375000006
2030-07-04 05:00:00,0.0,233.19781875000004
2030-07-04 06:00:00,0.0,280.2252375
2030-07-04 07:00:00,0.0,306.40545000000003
2030-07-04 08:00:00,0.0,306.8902687500001
2030-07-04 09:00:00,0.0,297.6787125000001
2030-07-04 10:00:00,0.0,257.923575
2030-07-04 11:00:00,0.0,198.77568750000003
2030-07-04 12:00:00,0.0,125.56805625000003
2030-07-04 13:00:00,0.0,50.42115000000001
2030-07-04 14:00:00,0.0,1.4544562500000002
2030-07-04 15:00:00,0.0,0.0
2030-07-04 16:00:00,0.0,0.0
2030-07-04 17:00:00,0.0,0.0
2030-07-04 18:00:00,0.0,0.0
2030-07-04 19:00:00,0.0,0.0
2030-07-04 20:00:00,0.0,0.0
2030-07-04 21:00:00,0.0,0.0
2030-07-04 22:00:00,0.0,0.0
2030-07-04 23:00:00,0.0,0.0
2030-07-05 00:00:00,0.0,0.0
2030-07-05 01:00:00,0.0,0.0
2030-07-05 02:00:00,0.0,28.604306250000008
2030-07-05 03:00:00,0.0,95.50929375000003
2030-07-05 04:00:00,0.0,154.65718125
2030-07-05 05:00:00,0.0,189.07931250000004
2030-07-05 06:00:00,0.0,222.53180625000002
2030-07-05 07:00:00,0.0,282.64933125000005
2030-07-05 08:00:00,0.0,308.8295437500001
2030-07-05 09:00:00,0.0,289.92161250000004
2030-07-05 10:00:00,0.0,255.01466250000007
2030-07-05 11:00:00,0.0,192.95786250000003
2030-07-05 12:00:00,0.0,116.84131875000003
2030-07-05 13:00:00,0.0,44.603325000000005
2030-07-05 14:00:00,0.0,0.9696375000000002
2030-07-05 15:00:00,0.0,0.0
2030-07-05 16:00:00,0.0,0.0
2030-07-05 17:00:00,0.0,0.0
2030-07-05 18:00:00,0.0,0.0
2030-07-05 19:00:00,0.0,0.0
2030-07-05 20:00:00,0.0,0.0
2030-07-05 21:00:00,0.0,0.0
2030-07-05 22:00:00,0.0,0.0
2030-07-05 23:00:00,0.0,0.0
2030-07-06 00:00:00,0.0,0.0
2030-07-06 01:00:00,0.0,0.0
2030-07-06 02:00:00,0.0,26.180212500000003
2030-07-06 03:00:00,0.0,92.11556250000001
2030-07-06 04:00:00,0.0,167.7472875
2030-07-06 05:00:00,0.0,232.71300000000005
2030-07-06 06:00:00,0.0,277.80114375000005
2030-07-06 07:00:00,0.0,294.28498125000004
2030-07-06 08:00:00,0.0,291.86088750000005
2030-07-06 09:00:00,0.0,285.55824375000003
2030-07-06 10:00:00,0.0,249.19683750000004
2030-07-06 11:00:00,0.0,191.01858750000005
2030-07-06 12:00:00,0.0,120.71986875000002
2030-07-06 13:00:00,0.0,47.51223750000001
2030-07-06 14:00:00,0.0,0.9696375000000002
2030-07-06 15:00:00,0.0,0.0
2030-07-06 16:00:00,0.0,0.0
2030-07-06 17:00:00,0.0,0.0
2030-07-06 18:00:00,0.0,0.0
2030-07-06 19:00:00,0.0,0.0
2030-07-06 20:00:00,0.0,0.0
2030-07-06 21:00:00,0.0,0.0
2030-07-06 22:00:00,0.0,0.0
2030-07-06 23:00:00,0.0,0.0
2030-07-07 00:00:00,0.0,0.0
2030-07-07 01:00:00,0.0,0.0
2030-07-07 02:00:00,0.0,23.271300000000004
2030-07-07 03:00:00,0.0,86.78255625000001
2030-07-07 04:00:00,0.0,157.56609375000002
2030-07-07 05:00:00,0.0,207.50242500000004
2030-07-07 06:00:00,0.0,248.71201875000003
2030-07-07 07:00:00,0.0,272.95295625000006
2030-07-07 08:00:00,0.0,274.89223125000007
2030-07-07 09:00:00,0.0,264.7110375000001
2030-07-07 10:00:00,0.0,236.59155000000004
2030-07-07 11:00:00,0.0,188.59449375000003
2030-07-07 12:00:00,0.0,121.20468750000002
2030-07-07 13:00:00,0.0,48.48187500000001
2030-07-07 14:00:00,0.0,0.9696375000000002
2030-07-07 15:00:00,0.0,0.0
2030-07-07 16:00:00,0.0,0.0
2030-07-07 17:00:00,0.0,0.0
2030-07-07 18:00:00,0.0,0.0
2030-07-07 19:00:00,0.0,0.0
2030-07-07 20:00:00,0.0,0.0
2030-07-07 21:00:00,0.0,0.0
2030-07-07 22:00:00,0.0,0.0
2030-07-07 23:00:00,0.0,0.0
2030-07-08 00:00:00,0.0,0.0
2030-07-08 01:00:00,0.0,0.0
2030-07-08 02:00:00,0.0,28.604306250000008
2030-07-08 03:00:00,0.0,104.23603125000002
2030-07-08 04:00:00,0.0,186.65521875000005
2030-07-08 05:00:00,0.0,252.59056875000005
2030-07-08 06:00:00,0.0,297.19389375000003
2030-07-08 07:00:00,0.0,317.5562812500001
2030-07-08 08:00:00,0.0,319.01073750000006
2030-07-08 09:00:00,0.0,300.58762500000006
2030-07-08 10:00:00,0.0,252.10575000000006
2030-07-08 11:00:00,0.0,178.41330000000002
2030-07-08 12:00:00,0.0,92.11556250000001
2030-07-08 13:00:00,0.0,32.96767500000001
2030-07-08 14:00:00,0.0,0.0
2030-07-08 15:00:00,0.0,0.0
2030-07-08 16:00:00,0.0,0.0
2030-07-08 17:00:00,0.0,0.0
2030-07-08 18:00:00,0.0,0.0
2030-07-08 19:00:00,0.0,0.0
2030-07-08 20:00:00,0.0,0.0
2030-07-08 21:00:00,0.0,0.0
2030-07-08 22:00:00,0.0,0.0
2030-07-08 23:00:00,0.0,0.0
2030-07-09 00:00:00,0.0,0.0
2030-07-09 01:00:00,0.0,0.0
2030-07-09 02:00:00,0.0,29.573943750000005
2030-07-09 03:00:00,0.0,103.26639375000002
2030-07-09 04:00:00,0.0,182.77666875000006
2030-07-09 05:00:00,0.0,246.28792500000003
2030-07-09 06:00:00,0.0,276.34668750000003
2030-07-09 07:00:00,0.0,260.34766875
2030-07-09 08:00:00,0.0,220.10771250000005
2030-07-09 09:00:00,0.0,197.32123125
2030-07-09 10:00:00,0.0,186.65521875000005
2030-07-09 11:00:00,0.0,172.11065625000003
2030-07-09 12:00:00,0.0,117.32613750000003
2030-07-09 13:00:00,0.0,45.57296250000001
2030-07-09 14:00:00,0.0,0.0
2030-07-09 15:00:00,0.0,0.0
2030-07-09 16:00:00,0.0,0.0
2030-07-09 17:00:00,0.0,0.0
2030-07-09 18:00:00,0.0,0.0
2030-07-09 19:00:00,0.0,0.0
2030-07-09 20:00:00,0.0,0.0
2030-07-09 21:00:00,0.0,0.0
2030-07-09 22:00:00,0.0,0.0
2030-07-09 23:00:00,0.0,0.0
2030-07-10 00:00:00,0.0,0.0
2030-07-10 01:00:00,0.0,0.0
2030-07-10 02:00:00,0.0,23.756118750000006
2030-07-10 03:00:00,0.0,82.41918750000002
2030-07-10 04:00:00,0.0,148.83935625000004
2030-07-10 05:00:00,0.0,214.28988750000005
2030-07-10 06:00:00,0.0,283.1341500000001
2030-07-10 07:00:00,0.0,313.1929125000001
2030-07-10 08:00:00,0.0,317.5562812500001
2030-07-10 09:00:00,0.0,301.07244375000005
2030-07-10 10:00:00,0.0,259.86285000000004
2030-07-10 11:00:00,0.0,195.86677500000008
2030-07-10 12:00:00,0.0,112.96276875000002
2030-07-10 13:00:00,0.0,44.603325000000005
2030-07-10 14:00:00,0.0,0.4848187500000001
2030-07-10 15:00:00,0.0,0.0
2030-07-10 16:00:00,0.0,0.0
2030-07-10 17:00:00,0.0,0.0
2030-07-10 18:00:00,0.0,0.0
2030-07-10 19:00:00,0.0,0.0
2030-07-10 20:00:00,0.0,0.0
2030-07-10 21:00:00,0.0,0.0
2030-07-10 22:00:00,0.0,0.0
2030-07-10 23:00:00,0.0,0.0
2030-07-11 00:00:00,0.0,0.0
2030-07-11 01:00:00,0.0,0.0
2030-07-11 02:00:00,0.0,27.634668750000007
2030-07-11 03:00:00,0.0,100.35748125
2030-07-11 04:00:00,0.0,178.89811875
2030-07-11 05:00:00,0.0,244.34865000000002
2030-07-11 06:00:00,0.0,288.4671562500001
2030-07-11 07:00:00,0.0,309.3143625
2030-07-11 08:00:00,0.0,309.3143625
2030-07-11 09:00:00,0.0,305.43581250000005
2030-07-11 10:00:00,0.0,264.7110375000001
2030-07-11 11:00:00,0.0,204.10869375000004
2030-07-11 12:00:00,0.0,127.50733125000004
2030-07-11 13:00:00,0.0,50.42115000000001
2030-07-11 14:00:00,0.0,0.9696375000000002
2030-07-11 15:00:00,0.0,0.0
2030-07-11 16:00:00,0.0,0.0
2030-07-11 17:00:00,0.0,0.0
2030-07-11 18:00:00,0.0,0.0
2030-07-11 19:00:00,0.0,0.0
2030-07-11 20:00:00,0.0,0.0
2030-07-11 21:00:00,0.0,0.0
2030-07-11 22:00:00,0.0,0.0
2030-07-11 23:00:00,0.0,0.0
2030-07-12 00:00:00,0.0,0.0
2030-07-12 01:00:00,0.0,0.0
2030-07-12 02:00:00,0.0,26.665031250000002
2030-07-12 03:00:00,0.0,95.50929375000003
2030-07-12 04:00:00,0.0,165.80801250000005
2030-07-12 05:00:00,0.0,219.13807500000004
2030-07-12 06:00:00,0.0,265.1958562500001
2030-07-12 07:00:00,0.0,292.8305250000001
2030-07-12 08:00:00,0.0,303.98135625000003
2030-07-12 09:00:00,0.0,293.31534375
2030-07-12 10:00:00,0.0,254.52984375000005
2030-07-12 11:00:00,0.0,194.89713750000004
2030-07-12 12:00:00,0.0,120.71986875000002
2030-07-12 13:00:00,0.0,47.02741875
2030-07-12 14:00:00,0.0,0.9696375000000002
2030-07-12 15:00:00,0.0,0.0
2030-07-12 16:00:00,0.0,0.0
2030-07-12 17:00:00,0.0,0.0
2030-07-12 18:00:00,0.0,0.0
2030-07-12 19:00:00,0.0,0.0
2030-07-12 20:00:00,0.0,0.0
2030-07-12 21:00:00,0.0,0.0
2030-07-12 22:00:00,0.0,0.0
2030-07-12 23:00:00,0.0,0.0
2030-07-13 00:00:00,0.0,0.0
2030-07-13 01:00:00,0.0,0.0
2030-07-13 02:00:00,0.0,28.11948750000001
2030-07-13 03:00:00,0.0,101.32711875000001
2030-07-13 04:00:00,0.0,179.86775625000004
2030-07-13 05:00:00,0.0,244.34865000000002
2030-07-13 06:00:00,0.0,288.4671562500001
2030-07-13 07:00:00,0.0,310.76881875000004
2030-07-13 08:00:00,0.0,310.28400000000005
2030-07-13 09:00:00,0.0,306.8902687500001
2030-07-13 10:00:00,0.0,267.13513125000003
2030-07-13 11:00:00,0.0,207.98724375000003
2030-07-13 12:00:00,0.0,131.38588125000004
2030-07-13 13:00:00,0.0,52.360425000000006
2030-07-13 14:00:00,0.0,0.9696375000000002
2030-07-13 15:00:00,0.0,0.0
2030-07-13 16:00:00,0.0,0.0
2030-07-13 17:00:00,0.0,0.0
2030-07-13 18:00:00,0.0,0.0
2030-07-13 19:00:00,0.0,0.0
2030-07-13 20:00:00,0.0,0.0
2030-07-13 21:00:00,0.0,0.0
2030-07-13 22:00:00,0.0,0.0
2030-07-13 23:00:00,0.0,0.0
2030-07-14 00:00:00,0.0,0.0
2030-07-14 01:00:00,0.0,0.0
2030-07-14 02:00:00,0.0,27.634668750000007
2030-07-14 03:00:00,0.0,103.26639375000002
2030-07-14 04:00:00,0.0,183.74630625000003
2030-07-14 05:00:00,0.0,250.16647500000005
2030-07-14 06:00:00,0.0,295.2546187500001
2030-07-14 07:00:00,0.0,318.5259187500001
2030-07-14 08:00:00,0.0,319.98037500000004
2030-07-14 09:00:00,0.0,311.73845625
2030-07-14 10:00:00,0.0,270.04404375000007
2030-07-14 11:00:00,0.0,207.50242500000004
2030-07-14 12:00:00,0.0,128.9617875
2030-07-14 13:00:00,0.0,49.936331250000016
2030-07-14 14:00:00,0.0,0.9696375000000002
2030-07-14 15:00:00,0.0,0.0
2030-07-14 16:00:00,0.0,0.0
2030-07-14 17:00:00,0.0,0.0
2030-07-14 18:00:00,0.0,0.0
2030-07-14 19:00:00,0.0,0.0
2030-07-14 20:00:00,0.0,0.0
2030-07-14 21:00:00,0.0,0.0
2030-07-14 22:00:00,0.0,0.0
2030-07-14 23:00:00,0.0,0.0
2030-07-15 00:00:00,0.0,0.0
2030-07-15 01:00:00,0.0,0.0
2030-07-15 02:00:00,0.0,26.665031250000002
2030-07-15 03:00:00,0.0,96.47893125000002
2030-07-15 04:00:00,0.0,173.56511250000003
2030-07-15 05:00:00,0.0,236.59155000000004
2030-07-15 06:00:00,0.0,289.43679375000005
2030-07-15 07:00:00,0.0,312.70809375000005
2030-07-15 08:00:00,0.0,315.13218750000004
2030-07-15 09:00:00,0.0,298.16353125000006
2030-07-15 10:00:00,0.0,257.43875625000004
2030-07-15 11:00:00,0.0,197.80605000000003
2030-07-15 12:00:00,0.0,124.11360000000002
2030-07-15 13:00:00,0.0,48.96669375000002
2030-07-15 14:00:00,0.0,0.9696375000000002
2030-07-15 15:00:00,0.0,0.0
2030-07-15 16:00:00,0.0,0.0
2030-07-15 17:00:00,0.0,0.0
2030-07-15 18:00:00,0.0,0.0
2030-07-15 19:00:00,0.0,0.0
2030-07-15 20:00:00,0.0,0.0
2030-07-15 21:00:00,0.0,0.0
2030-07-15 22:00:00,0.0,0.0
2030-07-15 23:00:00,0.0,0.0
2030-07-16 00:00:00,0.0,0.0
2030-07-16 01:00:00,0.0,0.0
2030-07-16 02:00:00,0.0,27.634668750000007
2030-07-16 03:00:00,0.0,101.81193750000003
2030-07-16 04:00:00,0.0,182.77666875000006
2030-07-16 05:00:00,0.0,249.68165625000003
2030-07-16 06:00:00,0.0,302.5269
2030-07-16 07:00:00,0.0,323.37410625000007
2030-07-16 08:00:00,0.0,323.37410625000007
2030-07-16 09:00:00,0.0,303.49653750000004
2030-07-16 10:00:00,0.0,262.7717625000001
2030-07-16 11:00:00,0.0,202.16941875
2030-07-16 12:00:00,0.0,126.53769375000003
2030-07-16 13:00:00,0.0,49.45151250000001
2030-07-16 14:00:00,0.0,0.4848187500000001
2030-07-16 15:00:00,0.0,0.0
2030-07-16 16:00:00,0.0,0.0
2030-07-16 17:00:00,0.0,0.0
2030-07-16 18:00:00,0.0,0.0
2030-07-16 19:00:00,0.0,0.0
2030-07-16 20:00:00,0.0,0.0
2030-07-16 21:00:00,0.0,0.0
2030-07-16 22:00:00,0.0,0.0
2030-07-16 23:00:00,0.0,0.0
2030-07-17 00:00:00,0.0,0.0
2030-07-17 01:00:00,0.0,0.0
2030-07-17 02:00:00,0.0,27.634668750000007
2030-07-17 03:00:00,0.0,102.78157500000002
2030-07-17 04:00:00,0.0,184.71594375000004
2030-07-17 05:00:00,0.0,252.10575000000006
2030-07-17 06:00:00,0.0,306.40545000000003
2030-07-17 07:00:00,0.0,326.7678375000001
2030-07-17 08:00:00,0.0,325.31338125000013
2030-07-17 09:00:00,0.0,303.49653750000004
2030-07-17 10:00:00,0.0,260.34766875
2030-07-17 11:00:00,0.0,197.80605000000003
2030-07-17 12:00:00,0.0,122.17432500000001
2030-07-17 13:00:00,0.0,47.99705625000001
2030-07-17 14:00:00,0.0,0.4848187500000001
2030-07-17 15:00:00,0.0,0.0
2030-07-17 16:00:00,0.0,0.0
2030-07-17 17:00:00,0.0,0.0
2030-07-17 18:00:00,0.0,0.0
2030-07-17 19:00:00,0.0,0.0
2030-07-17 20:00:00,0.0,0.0
2030-07-17 21:00:00,0.0,0.0
2030-07-17 22:00:00,0.0,0.0
2030-07-17 23:00:00,0.0,0.0
2030-07-18 00:00:00,0.0,0.0
2030-07-18 01:00:00,0.0,0.0
2030-07-18 02:00:00,0.0,24.725756250000003
2030-07-18 03:00:00,0.0,91.63074375000001
2030-07-18 04:00:00,0.0,162.89910000000003
2030-07-18 05:00:00,0.0,226.41035625000006
2030-07-18 06:00:00,0.0,276.34668750000003
2030-07-18 07:00:00,0.0,302.5269
2030-07-18 08:00:00,0.0,306.8902687500001
2030-07-18 09:00:00,0.0,299.6179875
2030-07-18 10:00:00,0.0,257.43875625000004
2030-07-18 11:00:00,0.0,194.41231875000005
2030-07-18 12:00:00,0.0,118.78059375000002
2030-07-18 13:00:00,0.0,47.99705625000001
2030-07-18 14:00:00,0.0,0.4848187500000001
2030-07-18 15:00:00,0.0,0.0
2030-07-18 16:00:00,0.0,0.0
2030-07-18 17:00:00,0.0,0.0
2030-07-18 18:00:00,0.0,0.0
2030-07-18 19:00:00,0.0,0.0
2030-07-18 20:00:00,0.0,0.0
2030-07-18 21:00:00,0.0,0.0
2030-07-18 22:00:00,0.0,0.0
2030-07-18 23:00:00,0.0,0.0
2030-07-19 00:00:00,0.0,0.0
2030-07-19 01:00:00,0.0,0.0
2030-07-19 02:00:00,0.0,24.725756250000003
2030-07-19 03:00:00,0.0,93.08520000000001
2030-07-19 04:00:00,0.0,169.20174375000002
2030-07-19 05:00:00,0.0,233.68263750000006
2030-07-19 06:00:00,0.0,293.31534375
2030-07-19 07:00:00,0.0,316.1018250000001
2030-07-19 08:00:00,0.0,318.0411000000001
2030-07-19 09:00:00,0.0,299.1331687500001
2030-07-19 10:00:00,0.0,258.40839375
2030-07-19 11:00:00,0.0,197.80605000000003
2030-07-19 12:00:00,0.0,122.65914375000003
2030-07-19 13:00:00,0.0,47.02741875
2030-07-19 14:00:00,0.0,0.4848187500000001
2030-07-19 15:00:00,0.0,0.0
2030-07-19 16:00:00,0.0,0.0
2030-07-19 17:00:00,0.0,0.0
2030-07-19 18:00:00,0.0,0.0
2030-07-19 19:00:00,0.0,0.0
2030-07-19 20:00:00,0.0,0.0
2030-07-19 21:00:00,0.0,0.0
2030-07-19 22:00:00,0.0,0.0
2030-07-19 23:00:00,0.0,0.0
2030-07-20 00:00:00,0.0,0.0
2030-07-20 01:00:00,0.0,0.0
2030-07-20 02:00:00,0.0,27.634668750000007
2030-07-20 03:00:00,0.0,104.23603125000002
2030-07-20 04:00:00,0.0,186.17040000000003
2030-07-20 05:00:00,0.0,251.13611250000005
2030-07-20 06:00:00,0.0,296.22425625000005
2030-07-20 07:00:00,0.0,326.7678375000001
2030-07-20 08:00:00,0.0,333.55530000000005
2030-07-20 09:00:00,0.0,313.1929125000001
2030-07-20 10:00:00,0.0,271.9833187500001
2030-07-20 11:00:00,0.0,209.92651875
2030-07-20 12:00:00,0.0,131.38588125000004
2030-07-20 13:00:00,0.0,51.39078750000001
2030-07-20 14:00:00,0.0,0.4848187500000001
2030-07-20 15:00:00,0.0,0.0
2030-07-20 16:00:00,0.0,0.0
2030-07-20 17:00:00,0.0,0.0
2030-07-20 18:00:00,0.0,0.0
2030-07-20 19:00:00,0.0,0.0
2030-07-20 20:00:00,0.0,0.0
2030-07-20 21:00:00,0.0,0.0
2030-07-20 22:00:00,0.0,0.0
2030-07-20 23:00:00,0.0,0.0
2030-07-21 00:00:00,0.0,0.0
2030-07-21 01:00:00,0.0,0.0
2030-07-21 02:00:00,0.0,26.665031250000002
2030-07-21 03:00:00,0.0,101.81193750000003
2030-07-21 04:00:00,0.0,177.44366250000004
2030-07-21 05:00:00,0.0,241.92455625000005
2030-07-21 06:00:00,0.0,275.86186875000004
2030-07-21 07:00:00,0.0,290.89125
2030-07-21 08:00:00,0.0,276.34668750000003
2030-07-21 09:00:00,0.0,260.34766875
2030-07-21 10:00:00,0.0,241.92455625000005
2030-07-21 11:00:00,0.0,198.29086875000004
2030-07-21 12:00:00,0.0,127.02251250000002
2030-07-21 13:00:00,0.0,49.45151250000001
2030-07-21 14:00:00,0.0,0.4848187500000001
2030-07-21 15:00:00,0.0,0.0
2030-07-21 16:00:00,0.0,0.0
2030-07-21 17:00:00,0.0,0.0
2030-07-21 18:00:00,0.0,0.0
2030-07-21 19:00:00,0.0,0.0
2030-07-21 20:00:00,0.0,0.0
2030-07-21 21:00:00,0.0,0.0
2030-07-21 22:00:00,0.0,0.0
2030-07-21 23:00:00,0.0,0.0
2030-07-22 00:00:00,0.0,0.0
2030-07-22 01:00:00,0.0,0.0
2030-07-22 02:00:00,0.0,25.695393750000004
2030-07-22 03:00:00,0.0,94.53965625000002
2030-07-22 04:00:00,0.0,178.89811875
2030-07-22 05:00:00,0.0,250.16647500000005
2030-07-22 06:00:00,0.0,302.5269
2030-07-22 07:00:00,0.0,328.22229375000006
2030-07-22 08:00:00,0.0,330.1615687500001
2030-07-22 09:00:00,0.0,309.79918125000006
2030-07-22 10:00:00,0.0,269.5592250000001
2030-07-22 11:00:00,0.0,207.01760625000003
2030-07-22 12:00:00,0.0,127.50733125000004
2030-07-22 13:00:00,0.0,48.48187500000001
2030-07-22 14:00:00,0.0,0.0
2030-07-22 15:00:00,0.0,0.0
2030-07-22 16:00:00,0.0,0.0
2030-07-22 17:00:00,0.0,0.0
2030-07-22 18:00:00,0.0,0.0
2030-07-22 19:00:00,0.0,0.0
2030-07-22 20:00:00,0.0,0.0
2030-07-22 21:00:00,0.0,0.0
2030-07-22 22:00:00,0.0,0.0
2030-07-22 23:00:00,0.0,0.0
2030-07-23 00:00:00,0.0,0.0
2030-07-23 01:00:00,0.0,0.0
2030-07-23 02:00:00,0.0,20.847206250000003
2030-07-23 03:00:00,0.0,88.72183125000002
2030-07-23 04:00:00,0.0,161.9294625
2030-07-23 05:00:00,0.0,238.04600625000006
2030-07-23 06:00:00,0.0,291.86088750000005
2030-07-23 07:00:00,0.0,316.58664375000006
2030-07-23 08:00:00,0.0,325.79820000000007
2030-07-23 09:00:00,0.0,313.1929125000001
2030-07-23 10:00:00,0.0,275.86186875000004
2030-07-23 11:00:00,0.0,216.71398125000005
2030-07-23 12:00:00,0.0,138.17334375000002
2030-07-23 13:00:00,0.0,55.75415625000001
2030-07-23 14:00:00,0.0,0.4848187500000001
2030-07-23 15:00:00,0.0,0.0
2030-07-23 16:00:00,0.0,0.0
2030-07-23 17:00:00,0.0,0.0
2030-07-23 18:00:00,0.0,0.0
2030-07-23 19:00:00,0.0,0.0
2030-07-23 20:00:00,0.0,0.0
2030-07-23 21:00:00,0.0,0.0
2030-07-23 22:00:00,0.0,0.0
2030-07-23 23:00:00,0.0,0.0
2030-07-24 00:00:00,0.0,0.0
2030-07-24 01:00:00,0.0,0.0
2030-07-24 02:00:00,0.0,25.695393750000004
2030-07-24 03:00:00,0.0,96.96375000000002
2030-07-24 04:00:00,0.0,178.89811875
2030-07-24 05:00:00,0.0,240.47010000000003
2030-07-24 06:00:00,0.0,296.7090750000001
2030-07-24 07:00:00,0.0,318.5259187500001
2030-07-24 08:00:00,0.0,320.95001250000007
2030-07-24 09:00:00,0.0,298.64835000000005
2030-07-24 10:00:00,0.0,254.04502500000004
2030-07-24 11:00:00,0.0,193.44268125000005
2030-07-24 12:00:00,0.0,120.71986875000002
2030-07-24 13:00:00,0.0,44.603325000000005
2030-07-24 14:00:00,0.0,0.0
2030-07-24 15:00:00,0.0,0.0
2030-07-24 16:00:00,0.0,0.0
2030-07-24 17:00:00,0.0,0.0
2030-07-24 18:00:00,0.0,0.0
2030-07-24 19:00:00,0.0,0.0
2030-07-24 20:00:00,0.0,0.0
2030-07-24 21:00:00,0.0,0.0
2030-07-24 22:00:00,0.0,0.0
2030-07-24 23:00:00,0.0,0.0
2030-07-25 00:00:00,0.0,0.0
2030-07-25 01:00:00,0.0,0.0
2030-07-25 02:00:00,0.0,21.816843750000007
2030-07-25 03:00:00,0.0,86.78255625000001
2030-07-25 04:00:00,0.0,163.86873750000004
2030-07-25 05:00:00,0.0,217.19880000000006
2030-07-25 06:00:00,0.0,278.28596250000004
2030-07-25 07:00:00,0.0,316.58664375000006
2030-07-25 08:00:00,0.0,320.4651937500001
2030-07-25 09:00:00,0.0,303.49653750000004
2030-07-25 10:00:00,0.0,255.49948125000006
2030-07-25 11:00:00,0.0,192.47304375000004
2030-07-25 12:00:00,0.0,110.05385625000002
2030-07-25 13:00:00,0.0,38.785500000000006
2030-07-25 14:00:00,0.0,0.0
2030-07-25 15:00:00,0.0,0.0
2030-07-25 16:00:00,0.0,0.0
2030-07-25 17:00:00,0.0,0.0
2030-07-25 18:00:00,0.0,0.0
2030-07-25 19:00:00,0.0,0.0
2030-07-25 20:00:00,0.0,0.0
2030-07-25 21:00:00,0.0,0.0
2030-07-25 22:00:00,0.0,0.0
2030-07-25 23:00:00,0.0,0.0
2030-07-26 00:00:00,0.0,0.0
2030-07-26 01:00:00,0.0,0.0
2030-07-26 02:00:00,0.0,22.301662500000003
2030-07-26 03:00:00,0.0,96.96375000000002
2030-07-26 04:00:00,0.0,182.29185000000004
2030-07-26 05:00:00,0.0,248.22720000000004
2030-07-26 06:00:00,0.0,298.64835000000005
2030-07-26 07:00:00,0.0,321.9196500000001
2030-07-26 08:00:00,0.0,325.79820000000007
2030-07-26 09:00:00,0.0,306.8902687500001
2030-07-26 10:00:00,0.0,264.22621875000004
2030-07-26 11:00:00,0.0,201.19978125000003
2030-07-26 12:00:00,0.0,123.62878125000003
2030-07-26 13:00:00,0.0,46.057781250000005
2030-07-26 14:00:00,0.0,0.0
2030-07-26 15:00:00,0.0,0.0
2030-07-26 16:00:00,0.0,0.0
2030-07-26 17:00:00,0.0,0.0
2030-07-26 18:00:00,0.0,0.0
2030-07-26 19:00:00,0.0,0.0
2030-07-26 20:00:00,0.0,0.0
2030-07-26 21:00:00,0.0,0.0
2030-07-26 22:00:00,0.0,0.0
2030-07-26 23:00:00,0.0,0.0
2030-07-27 00:00:00,0.0,0.0
2030-07-27 01:00:00,0.0,0.0
2030-07-27 02:00:00,0.0,24.240937500000005
2030-07-27 03:00:00,0.0,95.99411250000001
2030-07-27 04:00:00,0.0,178.41330000000002
2030-07-27 05:00:00,0.0,244.34865000000002
2030-07-27 06:00:00,0.0,288.95197500000006
2030-07-27 07:00:00,0.0,313.1929125000001
2030-07-27 08:00:00,0.0,318.5259187500001
2030-07-27 09:00:00,0.0,315.13218750000004
2030-07-27 10:00:00,0.0,273.43777500000004
2030-07-27 11:00:00,0.0,210.41133750000003
2030-07-27 12:00:00,0.0,130.90106250000002
2030-07-27 13:00:00,0.0,49.936331250000016
2030-07-27 14:00:00,0.0,0.0
2030-07-27 15:00:00,0.0,0.0
2030-07-27 16:00:00,0.0,0.0
2030-07-27 17:00:00,0.0,0.0
2030-07-27 18:00:00,0.0,0.0
2030-07-27 19:00:00,0.0,0.0
2030-07-27 20:00:00,0.0,0.0
2030-07-27 21:00:00,0.0,0.0
2030-07-27 22:00:00,0.0,0.0
2030-07-27 23:00:00,0.0,0.0
2030-07-28 00:00:00,0.0,0.0
2030-07-28 01:00:00,0.0,0.0
2030-07-28 02:00:00,0.0,26.665031250000002
2030-07-28 03:00:00,0.0,105.69048750000002
2030-07-28 04:00:00,0.0,189.56413125000003
2030-07-28 05:00:00,0.0,258.40839375
2030-07-28 06:00:00,0.0,312.2232750000001
2030-07-28 07:00:00,0.0,336.4642125000001
2030-07-28 08:00:00,0.0,338.8883062500001
2030-07-28 09:00:00,0.0,319.4955562500001
2030-07-28 10:00:00,0.0,277.80114375000005
2030-07-28 11:00:00,0.0,214.77470625000004
2030-07-28 12:00:00,0.0,134.29479375000003
2030-07-28 13:00:00,0.0,50.905968750000014
2030-07-28 14:00:00,0.0,0.0
2030-07-28 15:00:00,0.0,0.0
2030-07-28 16:00:00,0.0,0.0
2030-07-28 17:00:00,0.0,0.0
2030-07-28 18:00:00,0.0,0.0
2030-07-28 19:00:00,0.0,0.0
2030-07-28 20:00:00,0.0,0.0
2030-07-28 21:00:00,0.0,0.0
2030-07-28 22:00:00,0.0,0.0
2030-07-28 23:00:00,0.0,0.0
2030-07-29 00:00:00,0.0,0.0
2030-07-29 01:00:00,0.0,0.0
2030-07-29 02:00:00,0.0,24.725756250000003
2030-07-29 03:00:00,0.0,95.02447500000002
2030-07-29 04:00:00,0.0,160.47500625000004
2030-07-29 05:00:00,0.0,239.01564375
2030-07-29 06:00:00,0.0,299.6179875
2030-07-29 07:00:00,0.0,325.31338125000013
2030-07-29 08:00:00,0.0,329.6767500000001
2030-07-29 09:00:00,0.0,310.28400000000005
2030-07-29 10:00:00,0.0,260.34766875
2030-07-29 11:00:00,0.0,167.7472875
2030-07-29 12:00:00,0.0,66.42016875
2030-07-29 13:00:00,0.0,19.392750000000003
2030-07-29 14:00:00,0.0,0.0
2030-07-29 15:00:00,0.0,0.0
2030-07-29 16:00:00,0.0,0.0
2030-07-29 17:00:00,0.0,0.0
2030-07-29 18:00:00,0.0,0.0
2030-07-29 19:00:00,0.0,0.0
2030-07-29 20:00:00,0.0,0.0
2030-07-29 21:00:00,0.0,0.0
2030-07-29 22:00:00,0.0,0.0
2030-07-29 23:00:00,0.0,0.0
2030-07-30 00:00:00,0.0,0.0
2030-07-30 01:00:00,0.0,0.0
2030-07-30 02:00:00,0.0,19.877568750000005
2030-07-30 03:00:00,0.0,77.08618125000002
2030-07-30 04:00:00,0.0,162.89910000000003
2030-07-30 05:00:00,0.0,241.43973750000004
2030-07-30 06:00:00,0.0,288.4671562500001
2030-07-30 07:00:00,0.0,307.85990625000005
2030-07-30 08:00:00,0.0,307.37508750000006
2030-07-30 09:00:00,0.0,278.77078125
2030-07-30 10:00:00,0.0,219.13807500000004
2030-07-30 11:00:00,0.0,150.77863125000005
2030-07-30 12:00:00,0.0,74.66208750000001
2030-07-30 13:00:00,0.0,27.149850000000004
2030-07-30 14:00:00,0.0,0.0
2030-07-30 15:00:00,0.0,0.0
2030-07-30 16:00:00,0.0,0.0
2030-07-30 17:00:00,0.0,0.0
2030-07-30 18:00:00,0.0,0.0
2030-07-30 19:00:00,0.0,0.0
2030-07-30 20:00:00,0.0,0.0
2030-07-30 21:00:00,0.0,0.0
2030-07-30 22:00:00,0.0,0.0
2030-07-30 23:00:00,0.0,0.0
2030-07-31 00:00:00,0.0,0.0
2030-07-31 01:00:00,0.0,0.0
2030-07-31 02:00:00,0.0,19.392750000000003
2030-07-31 03:00:00,0.0,67.87462500000002
2030-07-31 04:00:00,0.0,121.20468750000002
2030-07-31 05:00:00,0.0,171.14101875
2030-07-31 06:00:00,0.0,216.71398125000005
2030-07-31 07:00:00,0.0,245.80310625000007
2030-07-31 08:00:00,0.0,259.37803125000005
2030-07-31 09:00:00,0.0,266.16549375000005
2030-07-31 10:00:00,0.0,235.62191250000004
2030-07-31 11:00:00,0.0,152.71790625000003
2030-07-31 12:00:00,0.0,60.60234375000001
2030-07-31 13:00:00,0.0,14.544562500000003
2030-07-31 14:00:00,0.0,0.0
2030-07-31 15:00:00,0.0,0.0
2030-07-31 16:00:00,0.0,0.0
2030-07-31 17:00:00,0.0,0.0
2030-07-31 18:00:00,0.0,0.0
2030-07-31 19:00:00,0.0,0.0
2030-07-31 20:00:00,0.0,0.0
2030-07-31 21:00:00,0.0,0.0
2030-07-31 22:00:00,0.0,0.0
2030-07-31 23:00:00,0.0,0.0
2030-08-01 00:00:00,0.0,0.0
2030-08-01 01:00:00,0.0,0.0
2030-08-01 02:00:00,0.0,23.271300000000004
2030-08-01 03:00:00,0.0,82.41918750000002
2030-08-01 04:00:00,0.0,142.05189375000003
2030-08-01 05:00:00,0.0,200.23014375
2030-08-01 06:00:00,0.0,252.59056875000005
2030-08-01 07:00:00,0.0,299.6179875
2030-08-01 08:00:00,0.0,325.79820000000007
2030-08-01 09:00:00,0.0,300.10280625
2030-08-01 10:00:00,0.0,252.59056875000005
2030-08-01 11:00:00,0.0,182.77666875000006
2030-08-01 12:00:00,0.0,97.93338750000004
2030-08-01 13:00:00,0.0,30.058762500000004
2030-08-01 14:00:00,0.0,0.0
2030-08-01 15:00:00,0.0,0.0
2030-08-01 16:00:00,0.0,0.0
2030-08-01 17:00:00,0.0,0.0
2030-08-01 18:00:00,0.0,0.0
2030-08-01 19:00:00,0.0,0.0
2030-08-01 20:00:00,0.0,0.0
2030-08-01 21:00:00,0.0,0.0
2030-08-01 22:00:00,0.0,0.0
2030-08-01 23:00:00,0.0,0.0
2030-08-02 00:00:00,0.0,0.0
2030-08-02 01:00:00,0.0,0.0
2030-08-02 02:00:00,0.0,12.120468750000002
2030-08-02 03:00:00,0.0,64.96571250000001
2030-08-02 04:00:00,0.0,143.50635000000005
2030-08-02 05:00:00,0.0,187.62485625000005
2030-08-02 06:00:00,0.0,209.44170000000003
2030-08-02 07:00:00,0.0,201.19978125000003
2030-08-02 08:00:00,0.0,188.59449375000003
2030-08-02 09:00:00,0.0,160.47500625000004
2030-08-02 10:00:00,0.0,134.29479375000003
2030-08-02 11:00:00,0.0,95.02447500000002
2030-08-02 12:00:00,0.0,54.29970000000001
2030-08-02 13:00:00,0.0,21.332025
2030-08-02 14:00:00,0.0,0.0
2030-08-02 15:00:00,0.0,0.0
2030-08-02 16:00:00,0.0,0.0
2030-08-02 17:00:00,0.0,0.0
2030-08-02 18:00:00,0.0,0.0
2030-08-02 19:00:00,0.0,0.0
2030-08-02 20:00:00,0.0,0.0
2030-08-02 21:00:00,0.0,0.0
2030-08-02 22:00:00,0.0,0.0
2030-08-02 23:00:00,0.0,0.0
2030-08-03 00:00:00,0.0,0.0
2030-08-03 01:00:00,0.0,0.0
2030-08-03 02:00:00,0.0,12.605287500000003
2030-08-03 03:00:00,0.0,50.905968750000014
2030-08-03 04:00:00,0.0,92.60038125000003
2030-08-03 05:00:00,0.0,130.90106250000002
2030-08-03 06:00:00,0.0,177.92848125000006
2030-08-03 07:00:00,0.0,235.62191250000004
2030-08-03 08:00:00,0.0,290.89125
2030-08-03 09:00:00,0.0,301.07244375000005
2030-08-03 10:00:00,0.0,262.7717625000001
2030-08-03 11:00:00,0.0,198.29086875000004
2030-08-03 12:00:00,0.0,120.71986875000002
2030-08-03 13:00:00,0.0,42.17923125000001
2030-08-03 14:00:00,0.0,0.0
2030-08-03 15:00:00,0.0,0.0
2030-08-03 16:00:00,0.0,0.0
2030-08-03 17:00:00,0.0,0.0
2030-08-03 18:00:00,0.0,0.0
2030-08-03 19:00:00,0.0,0.0
2030-08-03 20:00:00,0.0,0.0
2030-08-03 21:00:00,0.0,0.0
2030-08-03 22:00:00,0.0,0.0
2030-08-03 23:00:00,0.0,0.0
2030-08-04 00:00:00,0.0,0.0
2030-08-04 01:00:00,0.0,0.0
2030-08-04 02:00:00,0.0,21.332025
2030-08-04 03:00:00,0.0,84.84328125000002
2030-08-04 04:00:00,0.0,165.32319375000006
2030-08-04 05:00:00,0.0,238.04600625000006
2030-08-04 06:00:00,0.0,302.04208125
2030-08-04 07:00:00,0.0,322.88928750000014
2030-08-04 08:00:00,0.0,314.64736875000006
2030-08-04 09:00:00,0.0,277.31632500000006
2030-08-04 10:00:00,0.0,235.62191250000004
2030-08-04 11:00:00,0.0,183.26148750000002
2030-08-04 12:00:00,0.0,112.47795000000002
2030-08-04 13:00:00,0.0,38.785500000000006
2030-08-04 14:00:00,0.0,0.0
2030-08-04 15:00:00,0.0,0.0
2030-08-04 16:00:00,0.0,0.0
2030-08-04 17:00:00,0.0,0.0
2030-08-04 18:00:00,0.0,0.0
2030-08-04 19:00:00,0.0,0.0
2030-08-04 20:00:00,0.0,0.0
2030-08-04 21:00:00,0.0,0.0
2030-08-04 22:00:00,0.0,0.0
2030-08-04 23:00:00,0.0,0.0
2030-08-05 00:00:00,0.0,0.0
2030-08-05 01:00:00,0.0,0.0
2030-08-05 02:00:00,0.0,9.696375000000002
2030-08-05 03:00:00,0.0,52.360425000000006
2030-08-05 04:00:00,0.0,121.68950625000004
2030-08-05 05:00:00,0.0,197.32123125
2030-08-05 06:00:00,0.0,248.71201875000003
2030-08-05 07:00:00,0.0,275.37705000000005
2030-08-05 08:00:00,0.0,281.194875
2030-08-05 09:00:00,0.0,280.71005625000004
2030-08-05 10:00:00,0.0,238.04600625000006
2030-08-05 11:00:00,0.0,181.80703125000005
2030-08-05 12:00:00,0.0,109.08421875000002
2030-08-05 13:00:00,0.0,40.72477500000001
2030-08-05 14:00:00,0.0,0.0
2030-08-05 15:00:00,0.0,0.0
2030-08-05 16:00:00,0.0,0.0
2030-08-05 17:00:00,0.0,0.0
2030-08-05 18:00:00,0.0,0.0
2030-08-05 19:00:00,0.0,0.0
2030-08-05 20:00:00,0.0,0.0
2030-08-05 21:00:00,0.0,0.0
2030-08-05 22:00:00,0.0,0.0
2030-08-05 23:00:00,0.0,0.0
2030-08-06 00:00:00,0.0,0.0
2030-08-06 01:00:00,0.0,0.0
2030-08-06 02:00:00,0.0,14.544562500000003
2030-08-06 03:00:00,0.0,67.87462500000002
2030-08-06 04:00:00,0.0,139.14298125000002
2030-08-06 05:00:00,0.0,207.50242500000004
2030-08-06 06:00:00,0.0,256.95393750000005
2030-08-06 07:00:00,0.0,293.80016250000006
2030-08-06 08:00:00,0.0,306.40545000000003
2030-08-06 09:00:00,0.0,293.80016250000006
2030-08-06 10:00:00,0.0,252.59056875000005
2030-08-06 11:00:00,0.0,192.95786250000003
2030-08-06 12:00:00,0.0,118.78059375000002
2030-08-06 13:00:00,0.0,43.633687500000015
2030-08-06 14:00:00,0.0,0.0
2030-08-06 15:00:00,0.0,0.0
2030-08-06 16:00:00,0.0,0.0
2030-08-06 17:00:00,0.0,0.0
2030-08-06 18:00:00,0.0,0.0
2030-08-06 19:00:00,0.0,0.0
2030-08-06 20:00:00,0.0,0.0
2030-08-06 21:00:00,0.0,0.0
2030-08-06 22:00:00,0.0,0.0
2030-08-06 23:00:00,0.0,0.0
2030-08-07 00:00:00,0.0,0.0
2030-08-07 01:00:00,0.0,0.0
2030-08-07 02:00:00,0.0,13.574925000000002
2030-08-07 03:00:00,0.0,72.23799375000002
2030-08-07 04:00:00,0.0,155.62681875000004
2030-08-07 05:00:00,0.0,220.10771250000005
2030-08-07 06:00:00,0.0,264.22621875000004
2030-08-07 07:00:00,0.0,296.7090750000001
2030-08-07 08:00:00,0.0,306.40545000000003
2030-08-07 09:00:00,0.0,297.6787125000001
2030-08-07 10:00:00,0.0,253.07538750000006
2030-08-07 11:00:00,0.0,193.44268125000005
2030-08-07 12:00:00,0.0,121.68950625000004
2030-08-07 13:00:00,0.0,43.14886875000001
2030-08-07 14:00:00,0.0,0.0
2030-08-07 15:00:00,0.0,0.0
2030-08-07 16:00:00,0.0,0.0
2030-08-07 17:00:00,0.0,0.0
2030-08-07 18:00:00,0.0,0.0
2030-08-07 19:00:00,0.0,0.0
2030-08-07 20:00:00,0.0,0.0
2030-08-07 21:00:00,0.0,0.0
2030-08-07 22:00:00,0.0,0.0
2030-08-07 23:00:00,0.0,0.0
2030-08-08 00:00:00,0.0,0.0
2030-08-08 01:00:00,0.0,0.0
2030-08-08 02:00:00,0.0,16.483837500000003
2030-08-08 03:00:00,0.0,75.14690625000001
2030-08-08 04:00:00,0.0,145.445625
2030-08-08 05:00:00,0.0,204.10869375000004
2030-08-08 06:00:00,0.0,267.6199500000001
2030-08-08 07:00:00,0.0,287.9823375
2030-08-08 08:00:00,0.0,292.3457062500001
2030-08-08 09:00:00,0.0,289.92161250000004
2030-08-08 10:00:00,0.0,256.95393750000005
2030-08-08 11:00:00,0.0,196.83641250000002
2030-08-08 12:00:00,0.0,112.47795000000002
2030-08-08 13:00:00,0.0,33.93731250000001
2030-08-08 14:00:00,0.0,0.0
2030-08-08 15:00:00,0.0,0.0
2030-08-08 16:00:00,0.0,0.0
2030-08-08 17:00:00,0.0,0.0
2030-08-08 18:00:00,0.0,0.0
2030-08-08 19:00:00,0.0,0.0
2030-08-08 20:00:00,0.0,0.0
2030-08-08 21:00:00,0.0,0.0
2030-08-08 22:00:00,0.0,0.0
2030-08-08 23:00:00,0.0,0.0
2030-08-09 00:00:00,0.0,0.0
2030-08-09 01:00:00,0.0,0.0
2030-08-09 02:00:00,0.0,15.029381250000002
2030-08-09 03:00:00,0.0,71.75317500000003
2030-08-09 04:00:00,0.0,146.41526250000004
2030-08-09 05:00:00,0.0,216.22916250000006
2030-08-09 06:00:00,0.0,300.58762500000006
2030-08-09 07:00:00,0.0,319.98037500000004
2030-08-09 08:00:00,0.0,316.1018250000001
2030-08-09 09:00:00,0.0,283.1341500000001
2030-08-09 10:00:00,0.0,237.56118750000005
2030-08-09 11:00:00,0.0,173.08029375
2030-08-09 12:00:00,0.0,98.90302500000001
2030-08-09 13:00:00,0.0,31.513218750000007
2030-08-09 14:00:00,0.0,0.0
2030-08-09 15:00:00,0.0,0.0
2030-08-09 16:00:00,0.0,0.0
2030-08-09 17:00:00,0.0,0.0
2030-08-09 18:00:00,0.0,0.0
2030-08-09 19:00:00,0.0,0.0
2030-08-09 20:00:00,0.0,0.0
2030-08-09 21:00:00,0.0,0.0
2030-08-09 22:00:00,0.0,0.0
2030-08-09 23:00:00,0.0,0.0
2030-08-10 00:00:00,0.0,0.0
2030-08-10 01:00:00,0.0,0.0
2030-08-10 02:00:00,0.0,16.483837500000003
2030-08-10 03:00:00,0.0,78.54063750000002
2030-08-10 04:00:00,0.0,155.62681875000004
2030-08-10 05:00:00,0.0,223.98626250000004
2030-08-10 06:00:00,0.0,294.76980000000003
2030-08-10 07:00:00,0.0,313.6777312500001
2030-08-10 08:00:00,0.0,310.28400000000005
2030-08-10 09:00:00,0.0,294.28498125000004
2030-08-10 10:00:00,0.0,252.10575000000006
2030-08-10 11:00:00,0.0,188.59449375000003
2030-08-10 12:00:00,0.0,107.14494375000002
2030-08-10 13:00:00,0.0,27.634668750000007
2030-08-10 14:00:00,0.0,0.0
2030-08-10 15:00:00,0.0,0.0
2030-08-10 16:00:00,0.0,0.0
2030-08-10 17:00:00,0.0,0.0
2030-08-10 18:00:00,0.0,0.0
2030-08-10 19:00:00,0.0,0.0
2030-08-10 20:00:00,0.0,0.0
2030-08-10 21:00:00,0.0,0.0
2030-08-10 22:00:00,0.0,0.0
2030-08-10 23:00:00,0.0,0.0
2030-08-11 00:00:00,0.0,0.0
2030-08-11 01:00:00,0.0,0.0
2030-08-11 02:00:00,0.0,16.968656250000006
2030-08-11 03:00:00,0.0,78.54063750000002
2030-08-11 04:00:00,0.0,154.17236250000005
2030-08-11 05:00:00,0.0,222.04698750000003
2030-08-11 06:00:00,0.0,280.71005625000004
2030-08-11 07:00:00,0.0,306.40545000000003
2030-08-11 08:00:00,0.0,305.9206312500001
2030-08-11 09:00:00,0.0,285.07342500000004
2030-08-11 10:00:00,0.0,241.43973750000004
2030-08-11 11:00:00,0.0,168.23210625000002
2030-08-11 12:00:00,0.0,78.54063750000002
2030-08-11 13:00:00,0.0,16.483837500000003
2030-08-11 14:00:00,0.0,0.0
2030-08-11 15:00:00,0.0,0.0
2030-08-11 16:00:00,0.0,0.0
2030-08-11 17:00:00,0.0,0.0
2030-08-11 18:00:00,0.0,0.0
2030-08-11 19:00:00,0.0,0.0
2030-08-11 20:00:00,0.0,0.0
2030-08-11 21:00:00,0.0,0.0
2030-08-11 22:00:00,0.0,0.0
2030-08-11 23:00:00,0.0,0.0
2030-08-12 00:00:00,0.0,0.0
2030-08-12 01:00:00,0.0,0.0
2030-08-12 02:00:00,0.0,5.333006250000001
2030-08-12 03:00:00,0.0,35.39176875000001
2030-08-12 04:00:00,0.0,80.47991250000003
2030-08-12 05:00:00,0.0,126.05287500000003
2030-08-12 06:00:00,0.0,165.80801250000005
2030-08-12 07:00:00,0.0,206.04796875000002
2030-08-12 08:00:00,0.0,219.13807500000004
2030-08-12 09:00:00,0.0,201.19978125000003
2030-08-12 10:00:00,0.0,177.92848125000006
2030-08-12 11:00:00,0.0,138.17334375000002
2030-08-12 12:00:00,0.0,86.29773750000003
2030-08-12 13:00:00,0.0,32.96767500000001
2030-08-12 14:00:00,0.0,0.0
2030-08-12 15:00:00,0.0,0.0
2030-08-12 16:00:00,0.0,0.0
2030-08-12 17:00:00,0.0,0.0
2030-08-12 18:00:00,0.0,0.0
2030-08-12 19:00:00,0.0,0.0
2030-08-12 20:00:00,0.0,0.0
2030-08-12 21:00:00,0.0,0.0
2030-08-12 22:00:00,0.0,0.0
2030-08-12 23:00:00,0.0,0.0
2030-08-13 00:00:00,0.0,0.0
2030-08-13 01:00:00,0.0,0.0
2030-08-13 02:00:00,0.0,19.877568750000005
2030-08-13 03:00:00,0.0,91.63074375000001
2030-08-13 04:00:00,0.0,171.14101875
2030-08-13 05:00:00,0.0,231.74336250000002
2030-08-13 06:00:00,0.0,274.89223125000007
2030-08-13 07:00:00,0.0,300.58762500000006
2030-08-13 08:00:00,0.0,297.6787125000001
2030-08-13 09:00:00,0.0,278.77078125
2030-08-13 10:00:00,0.0,235.62191250000004
2030-08-13 11:00:00,0.0,174.04993125000004
2030-08-13 12:00:00,0.0,104.72085000000001
2030-08-13 13:00:00,0.0,34.42213125000001
2030-08-13 14:00:00,0.0,0.0
2030-08-13 15:00:00,0.0,0.0
2030-08-13 16:00:00,0.0,0.0
2030-08-13 17:00:00,0.0,0.0
2030-08-13 18:00:00,0.0,0.0
2030-08-13 19:00:00,0.0,0.0
2030-08-13 20:00:00,0.0,0.0
2030-08-13 21:00:00,0.0,0.0
2030-08-13 22:00:00,0.0,0.0
2030-08-13 23:00:00,0.0,0.0
2030-08-14 00:00:00,0.0,0.0
2030-08-14 01:00:00,0.0,0.0
2030-08-14 02:00:00,0.0,14.059743750000003
2030-08-14 03:00:00,0.0,60.11752500000001
2030-08-14 04:00:00,0.0,109.56903750000002
2030-08-14 05:00:00,0.0,174.04993125000004
2030-08-14 06:00:00,0.0,245.80310625000007
2030-08-14 07:00:00,0.0,285.55824375000003
2030-08-14 08:00:00,0.0,286.52788125000006
2030-08-14 09:00:00,0.0,268.10476875
2030-08-14 10:00:00,0.0,232.22818125000003
2030-08-14 11:00:00,0.0,171.14101875
2030-08-14 12:00:00,0.0,98.90302500000001
2030-08-14 13:00:00,0.0,33.45249375000001
2030-08-14 14:00:00,0.0,0.0
2030-08-14 15:00:00,0.0,0.0
2030-08-14 16:00:00,0.0,0.0
2030-08-14 17:00:00,0.0,0.0
2030-08-14 18:00:00,0.0,0.0
2030-08-14 19:00:00,0.0,0.0
2030-08-14 20:00:00,0.0,0.0
2030-08-14 21:00:00,0.0,0.0
2030-08-14 22:00:00,0.0,0.0
2030-08-14 23:00:00,0.0,0.0
2030-08-15 00:00:00,0.0,0.0
2030-08-15 01:00:00,0.0,0.0
2030-08-15 02:00:00,0.0,22.301662500000003
2030-08-15 03:00:00,0.0,101.81193750000003
2030-08-15 04:00:00,0.0,189.07931250000004
2030-08-15 05:00:00,0.0,259.86285000000004
2030-08-15 06:00:00,0.0,305.43581250000005
2030-08-15 07:00:00,0.0,328.22229375000006
2030-08-15 08:00:00,0.0,328.7071125000001
2030-08-15 09:00:00,0.0,307.37508750000006
2030-08-15 10:00:00,0.0,266.16549375000005
2030-08-15 11:00:00,0.0,202.16941875
2030-08-15 12:00:00,0.0,121.20468750000002
2030-08-15 13:00:00,0.0,41.20959375000001
2030-08-15 14:00:00,0.0,0.0
2030-08-15 15:00:00,0.0,0.0
2030-08-15 16:00:00,0.0,0.0
2030-08-15 17:00:00,0.0,0.0
2030-08-15 18:00:00,0.0,0.0
2030-08-15 19:00:00,0.0,0.0
2030-08-15 20:00:00,0.0,0.0
2030-08-15 21:00:00,0.0,0.0
2030-08-15 22:00:00,0.0,0.0
2030-08-15 23:00:00,0.0,0.0
2030-08-16 00:00:00,0.0,0.0
2030-08-16 01:00:00,0.0,0.0
2030-08-16 02:00:00,0.0,18.90793125
2030-08-16 03:00:00,0.0,81.44955000000002
2030-08-16 04:00:00,0.0,173.08029375
2030-08-16 05:00:00,0.0,248.71201875000003
2030-08-16 06:00:00,0.0,293.31534375
2030-08-16 07:00:00,0.0,318.5259187500001
2030-08-16 08:00:00,0.0,323.37410625000007
2030-08-16 09:00:00,0.0,303.98135625000003
2030-08-16 10:00:00,0.0,264.22621875000004
2030-08-16 11:00:00,0.0,200.23014375
2030-08-16 12:00:00,0.0,118.78059375000002
2030-08-16 13:00:00,0.0,38.300681250000004
2030-08-16 14:00:00,0.0,0.0
2030-08-16 15:00:00,0.0,0.0
2030-08-16 16:00:00,0.0,0.0
2030-08-16 17:00:00,0.0,0.0
2030-08-16 18:00:00,0.0,0.0
2030-08-16 19:00:00,0.0,0.0
2030-08-16 20:00:00,0.0,0.0
2030-08-16 21:00:00,0.0,0.0
2030-08-16 22:00:00,0.0,0.0
2030-08-16 23:00:00,0.0,0.0
2030-08-17 00:00:00,0.0,0.0
2030-08-17 01:00:00,0.0,0.0
2030-08-17 02:00:00,0.0,10.181193750000002
2030-08-17 03:00:00,0.0,61.57198125000001
2030-08-17 04:00:00,0.0,151.26345
2030-08-17 05:00:00,0.0,237.56118750000005
2030-08-17 06:00:00,0.0,295.2546187500001
2030-08-17 07:00:00,0.0,327.7374750000001
2030-08-17 08:00:00,0.0,335.494575
2030-08-17 09:00:00,0.0,320.4651937500001
2030-08-17 10:00:00,0.0,280.71005625000004
2030-08-17 11:00:00,0.0,218.16843750000004
2030-08-17 12:00:00,0.0,135.74925000000002
2030-08-17 13:00:00,0.0,47.99705625000001
2030-08-17 14:00:00,0.0,0.0
2030-08-17 15:00:00,0.0,0.0
2030-08-17 16:00:00,0.0,0.0
2030-08-17 17:00:00,0.0,0.0
2030-08-17 18:00:00,0.0,0.0
2030-08-17 19:00:00,0.0,0.0
2030-08-17 20:00:00,0.0,0.0
2030-08-17 21:00:00,0.0,0.0
2030-08-17 22:00:00,0.0,0.0
2030-08-17 23:00:00,0.0,0.0
2030-08-18 00:00:00,0.0,0.0
2030-08-18 01:00:00,0.0,0.0
2030-08-18 02:00:00,0.0,22.786481250000005
2030-08-18 03:00:00,0.0,107.14494375000002
2030-08-18 04:00:00,0.0,197.32123125
2030-08-18 05:00:00,0.0,268.58958750000005
2030-08-18 06:00:00,0.0,313.6777312500001
2030-08-18 07:00:00,0.0,335.494575
2030-08-18 08:00:00,0.0,337.43385000000006
2030-08-18 09:00:00,0.0,315.6170062500001
2030-08-18 10:00:00,0.0,272.95295625000006
2030-08-18 11:00:00,0.0,208.95688125000007
2030-08-18 12:00:00,0.0,126.53769375000003
2030-08-18 13:00:00,0.0,42.66405000000001
2030-08-18 14:00:00,0.0,0.0
2030-08-18 15:00:00,0.0,0.0
2030-08-18 16:00:00,0.0,0.0
2030-08-18 17:00:00,0.0,0.0
2030-08-18 18:00:00,0.0,0.0
2030-08-18 19:00:00,0.0,0.0
2030-08-18 20:00:00,0.0,0.0
2030-08-18 21:00:00,0.0,0.0
2030-08-18 22:00:00,0.0,0.0
2030-08-18 23:00:00,0.0,0.0
2030-08-19 00:00:00,0.0,0.0
2030-08-19 01:00:00,0.0,0.0
2030-08-19 02:00:00,0.0,22.301662500000003
2030-08-19 03:00:00,0.0,107.62976250000001
2030-08-19 04:00:00,0.0,200.7149625
2030-08-19 05:00:00,0.0,274.4074125000001
2030-08-19 06:00:00,0.0,322.88928750000014
2030-08-19 07:00:00,0.0,347.13022500000005
2030-08-19 08:00:00,0.0,350.03913750000004
2030-08-19 09:00:00,0.0,329.19193125000004
2030-08-19 10:00:00,0.0,287.9823375
2030-08-19 11:00:00,0.0,223.50144375000005
2030-08-19 12:00:00,0.0,138.65816250000003
2030-08-19 13:00:00,0.0,48.48187500000001
2030-08-19 14:00:00,0.0,0.0
2030-08-19 15:00:00,0.0,0.0
2030-08-19 16:00:00,0.0,0.0
2030-08-19 17:00:00,0.0,0.0
2030-08-19 18:00:00,0.0,0.0
2030-08-19 19:00:00,0.0,0.0
2030-08-19 20:00:00,0.0,0.0
2030-08-19 21:00:00,0.0,0.0
2030-08-19 22:00:00,0.0,0.0
2030-08-19 23:00:00,0.0,0.0
2030-08-20 00:00:00,0.0,0.0
2030-08-20 01:00:00,0.0,0.0
2030-08-20 02:00:00,0.0,22.786481250000005
2030-08-20 03:00:00,0.0,104.72085000000001
2030-08-20 04:00:00,0.0,202.16941875
2030-08-20 05:00:00,0.0,276.34668750000003
2030-08-20 06:00:00,0.0,326.2830187500001
2030-08-20 07:00:00,0.0,350.03913750000004
2030-08-20 08:00:00,0.0,353.4328687500001
2030-08-20 09:00:00,0.0,330.6463875000001
2030-08-20 10:00:00,0.0,288.95197500000006
2030-08-20 11:00:00,0.0,224.47108125000003
2030-08-20 12:00:00,0.0,140.11261875
2030-08-20 13:00:00,0.0,48.48187500000001
2030-08-20 14:00:00,0.0,0.0
2030-08-20 15:00:00,0.0,0.0
2030-08-20 16:00:00,0.0,0.0
2030-08-20 17:00:00,0.0,0.0
2030-08-20 18:00:00,0.0,0.0
2030-08-20 19:00:00,0.0,0.0
2030-08-20 20:00:00,0.0,0.0
2030-08-20 21:00:00,0.0,0.0
2030-08-20 22:00:00,0.0,0.0
2030-08-20 23:00:00,0.0,0.0
2030-08-21 00:00:00,0.0,0.0
2030-08-21 01:00:00,0.0,0.0
2030-08-21 02:00:00,0.0,20.847206250000003
2030-08-21 03:00:00,0.0,100.35748125
2030-08-21 04:00:00,0.0,190.04895000000005
2030-08-21 05:00:00,0.0,273.43777500000004
2030-08-21 06:00:00,0.0,324.82856250000003
2030-08-21 07:00:00,0.0,351.97841250000005
2030-08-21 08:00:00,0.0,354.8873250000001
2030-08-21 09:00:00,0.0,335.494575
2030-08-21 10:00:00,0.0,292.8305250000001
2030-08-21 11:00:00,0.0,227.37999375000004
2030-08-21 12:00:00,0.0,141.08225625000003
2030-08-21 13:00:00,0.0,48.96669375000002
2030-08-21 14:00:00,0.0,0.0
2030-08-21 15:00:00,0.0,0.0
2030-08-21 16:00:00,0.0,0.0
2030-08-21 17:00:00,0.0,0.0
2030-08-21 18:00:00,0.0,0.0
2030-08-21 19:00:00,0.0,0.0
2030-08-21 20:00:00,0.0,0.0
2030-08-21 21:00:00,0.0,0.0
2030-08-21 22:00:00,0.0,0.0
2030-08-21 23:00:00,0.0,0.0
2030-08-22 00:00:00,0.0,0.0
2030-08-22 01:00:00,0.0,0.0
2030-08-22 02:00:00,0.0,22.301662500000003
2030-08-22 03:00:00,0.0,109.56903750000002
2030-08-22 04:00:00,0.0,202.16941875
2030-08-22 05:00:00,0.0,274.89223125000007
2030-08-22 06:00:00,0.0,322.88928750000014
2030-08-22 07:00:00,0.0,346.64540625000006
2030-08-22 08:00:00,0.0,348.0998625000001
2030-08-22 09:00:00,0.0,328.22229375000006
2030-08-22 10:00:00,0.0,286.0430625000001
2030-08-22 11:00:00,0.0,220.59253125000004
2030-08-22 12:00:00,0.0,135.26443125000003
2030-08-22 13:00:00,0.0,45.57296250000001
2030-08-22 14:00:00,0.0,0.0
2030-08-22 15:00:00,0.0,0.0
2030-08-22 16:00:00,0.0,0.0
2030-08-22 17:00:00,0.0,0.0
2030-08-22 18:00:00,0.0,0.0
2030-08-22 19:00:00,0.0,0.0
2030-08-22 20:00:00,0.0,0.0
2030-08-22 21:00:00,0.0,0.0
2030-08-22 22:00:00,0.0,0.0
2030-08-22 23:00:00,0.0,0.0
2030-08-23 00:00:00,0.0,0.0
2030-08-23 01:00:00,0.0,0.0
2030-08-23 02:00:00,0.0,22.301662500000003
2030-08-23 03:00:00,0.0,109.56903750000002
2030-08-23 04:00:00,0.0,201.19978125000003
2030-08-23 05:00:00,0.0,272.95295625000006
2030-08-23 06:00:00,0.0,320.4651937500001
2030-08-23 07:00:00,0.0,343.7364937500001
2030-08-23 08:00:00,0.0,344.70613125
2030-08-23 09:00:00,0.0,326.2830187500001
2030-08-23 10:00:00,0.0,284.10378750000007
2030-08-23 11:00:00,0.0,219.62289375000003
2030-08-23 12:00:00,0.0,135.26443125000003
2030-08-23 13:00:00,0.0,45.57296250000001
2030-08-23 14:00:00,0.0,0.0
2030-08-23 15:00:00,0.0,0.0
2030-08-23 16:00:00,0.0,0.0
2030-08-23 17:00:00,0.0,0.0
2030-08-23 18:00:00,0.0,0.0
2030-08-23 19:00:00,0.0,0.0
2030-08-23 20:00:00,0.0,0.0
2030-08-23 21:00:00,0.0,0.0
2030-08-23 22:00:00,0.0,0.0
2030-08-23 23:00:00,0.0,0.0
2030-08-24 00:00:00,0.0,0.0
2030-08-24 01:00:00,0.0,0.0
2030-08-24 02:00:00,0.0,23.271300000000004
2030-08-24 03:00:00,0.0,114.90204375000002
2030-08-24 04:00:00,0.0,208.95688125000007
2030-08-24 05:00:00,0.0,281.67969375
2030-08-24 06:00:00,0.0,328.22229375000006
2030-08-24 07:00:00,0.0,351.49359375000006
2030-08-24 08:00:00,0.0,352.4632312500001
2030-08-24 09:00:00,0.0,333.07048125000006
2030-08-24 10:00:00,0.0,291.37606875000006
2030-08-24 11:00:00,0.0,226.89517500000002
2030-08-24 12:00:00,0.0,141.08225625000003
2030-08-24 13:00:00,0.0,48.48187500000001
2030-08-24 14:00:00,0.0,0.0
2030-08-24 15:00:00,0.0,0.0
2030-08-24 16:00:00,0.0,0.0
2030-08-24 17:00:00,0.0,0.0
2030-08-24 18:00:00,0.0,0.0
2030-08-24 19:00:00,0.0,0.0
2030-08-24 20:00:00,0.0,0.0
2030-08-24 21:00:00,0.0,0.0
2030-08-24 22:00:00,0.0,0.0
2030-08-24 23:00:00,0.0,0.0
2030-08-25 00:00:00,0.0,0.0
2030-08-25 01:00:00,0.0,0.0
2030-08-25 02:00:00,0.0,23.756118750000006
2030-08-25 03:00:00,0.0,115.87168125000001
2030-08-25 04:00:00,0.0,208.95688125000007
2030-08-25 05:00:00,0.0,280.71005625000004
2030-08-25 06:00:00,0.0,326.2830187500001
2030-08-25 07:00:00,0.0,348.5846812500001
2030-08-25 08:00:00,0.0,349.0695000000001
2030-08-25 09:00:00,0.0,329.19193125000004
2030-08-25 10:00:00,0.0,287.0127000000001
2030-08-25 11:00:00,0.0,222.53180625000002
2030-08-25 12:00:00,0.0,137.68852500000003
2030-08-25 13:00:00,0.0,46.057781250000005
2030-08-25 14:00:00,0.0,0.0
2030-08-25 15:00:00,0.0,0.0
2030-08-25 16:00:00,0.0,0.0
2030-08-25 17:00:00,0.0,0.0
2030-08-25 18:00:00,0.0,0.0
2030-08-25 19:00:00,0.0,0.0
2030-08-25 20:00:00,0.0,0.0
2030-08-25 21:00:00,0.0,0.0
2030-08-25 22:00:00,0.0,0.0
2030-08-25 23:00:00,0.0,0.0
2030-08-26 00:00:00,0.0,0.0
2030-08-26 01:00:00,0.0,0.0
2030-08-26 02:00:00,0.0,21.332025
2030-08-26 03:00:00,0.0,108.59940000000003
2030-08-26 04:00:00,0.0,200.23014375
2030-08-26 05:00:00,0.0,271.9833187500001
2030-08-26 06:00:00,0.0,317.5562812500001
2030-08-26 07:00:00,0.0,340.3427625
2030-08-26 08:00:00,0.0,341.3124000000001
2030-08-26 09:00:00,0.0,324.3437437500001
2030-08-26 10:00:00,0.0,282.64933125000005
2030-08-26 11:00:00,0.0,218.16843750000004
2030-08-26 12:00:00,0.0,132.8403375
2030-08-26 13:00:00,0.0,43.633687500000015
2030-08-26 14:00:00,0.0,0.0
2030-08-26 15:00:00,0.0,0.0
2030-08-26 16:00:00,0.0,0.0
2030-08-26 17:00:00,0.0,0.0
2030-08-26 18:00:00,0.0,0.0
2030-08-26 19:00:00,0.0,0.0
2030-08-26 20:00:00,0.0,0.0
2030-08-26 21:00:00,0.0,0.0
2030-08-26 22:00:00,0.0,0.0
2030-08-26 23:00:00,0.0,0.0
2030-08-27 00:00:00,0.0,0.0
2030-08-27 01:00:00,0.0,0.0
2030-08-27 02:00:00,0.0,10.6660125
2030-08-27 03:00:00,0.0,58.17825000000001
2030-08-27 04:00:00,0.0,115.87168125000001
2030-08-27 05:00:00,0.0,167.7472875
2030-08-27 06:00:00,0.0,213.80506875000003
2030-08-27 07:00:00,0.0,239.98528125000004
2030-08-27 08:00:00,0.0,252.10575000000006
2030-08-27 09:00:00,0.0,270.04404375000007
2030-08-27 10:00:00,0.0,261.80212500000005
2030-08-27 11:00:00,0.0,208.95688125000007
2030-08-27 12:00:00,0.0,128.9617875
2030-08-27 13:00:00,0.0,42.66405000000001
2030-08-27 14:00:00,0.0,0.0
2030-08-27 15:00:00,0.0,0.0
2030-08-27 16:00:00,0.0,0.0
2030-08-27 17:00:00,0.0,0.0
2030-08-27 18:00:00,0.0,0.0
2030-08-27 19:00:00,0.0,0.0
2030-08-27 20:00:00,0.0,0.0
2030-08-27 21:00:00,0.0,0.0
2030-08-27 22:00:00,0.0,0.0
2030-08-27 23:00:00,0.0,0.0
2030-08-28 00:00:00,0.0,0.0
2030-08-28 01:00:00,0.0,0.0
2030-08-28 02:00:00,0.0,19.392750000000003
2030-08-28 03:00:00,0.0,107.62976250000001
2030-08-28 04:00:00,0.0,207.01760625000003
2030-08-28 05:00:00,0.0,280.71005625000004
2030-08-28 06:00:00,0.0,327.2526562500001
2030-08-28 07:00:00,0.0,345.67576875000003
2030-08-28 08:00:00,0.0,326.7678375000001
2030-08-28 09:00:00,0.0,277.80114375000005
2030-08-28 10:00:00,0.0,219.62289375000003
2030-08-28 11:00:00,0.0,159.02055000000004
2030-08-28 12:00:00,0.0,100.84230000000002
2030-08-28 13:00:00,0.0,37.331043750000006
2030-08-28 14:00:00,0.0,0.0
2030-08-28 15:00:00,0.0,0.0
2030-08-28 16:00:00,0.0,0.0
2030-08-28 17:00:00,0.0,0.0
2030-08-28 18:00:00,0.0,0.0
2030-08-28 19:00:00,0.0,0.0
2030-08-28 20:00:00,0.0,0.0
2030-08-28 21:00:00,0.0,0.0
2030-08-28 22:00:00,0.0,0.0
2030-08-28 23:00:00,0.0,0.0
2030-08-29 00:00:00,0.0,0.0
2030-08-29 01:00:00,0.0,0.0
2030-08-29 02:00:00,0.0,19.877568750000005
2030-08-29 03:00:00,0.0,106.17530625000002
2030-08-29 04:00:00,0.0,196.35159375000003
2030-08-29 05:00:00,0.0,266.16549375000005
2030-08-29 06:00:00,0.0,306.8902687500001
2030-08-29 07:00:00,0.0,320.4651937500001
2030-08-29 08:00:00,0.0,323.37410625000007
2030-08-29 09:00:00,0.0,309.79918125000006
2030-08-29 10:00:00,0.0,275.37705000000005
2030-08-29 11:00:00,0.0,214.28988750000005
2030-08-29 12:00:00,0.0,130.41624375000004
2030-08-29 13:00:00,0.0,42.17923125000001
2030-08-29 14:00:00,0.0,0.0
2030-08-29 15:00:00,0.0,0.0
2030-08-29 16:00:00,0.0,0.0
2030-08-29 17:00:00,0.0,0.0
2030-08-29 18:00:00,0.0,0.0
2030-08-29 19:00:00,0.0,0.0
2030-08-29 20:00:00,0.0,0.0
2030-08-29 21:00:00,0.0,0.0
2030-08-29 22:00:00,0.0,0.0
2030-08-29 23:00:00,0.0,0.0
2030-08-30 00:00:00,0.0,0.0
2030-08-30 01:00:00,0.0,0.0
2030-08-30 02:00:00,0.0,14.059743750000003
2030-08-30 03:00:00,0.0,85.3281
2030-08-30 04:00:00,0.0,186.17040000000003
2030-08-30 05:00:00,0.0,270.52886250000006
2030-08-30 06:00:00,0.0,323.37410625000007
2030-08-30 07:00:00,0.0,349.55431875000005
2030-08-30 08:00:00,0.0,350.03913750000004
2030-08-30 09:00:00,0.0,324.82856250000003
2030-08-30 10:00:00,0.0,273.9225937500001
2030-08-30 11:00:00,0.0,207.98724375000003
2030-08-30 12:00:00,0.0,126.53769375000003
2030-08-30 13:00:00,0.0,40.72477500000001
2030-08-30 14:00:00,0.0,0.0
2030-08-30 15:00:00,0.0,0.0
2030-08-30 16:00:00,0.0,0.0
2030-08-30 17:00:00,0.0,0.0
2030-08-30 18:00:00,0.0,0.0
2030-08-30 19:00:00,0.0,0.0
2030-08-30 20:00:00,0.0,0.0
2030-08-30 21:00:00,0.0,0.0
2030-08-30 22:00:00,0.0,0.0
2030-08-30 23:00:00,0.0,0.0
2030-08-31 00:00:00,0.0,0.0
2030-08-31 01:00:00,0.0,0.0
2030-08-31 02:00:00,0.0,16.483837500000003
2030-08-31 03:00:00,0.0,95.02447500000002
2030-08-31 04:00:00,0.0,191.01858750000005
2030-08-31 05:00:00,0.0,271.9833187500001
2030-08-31 06:00:00,0.0,322.88928750000014
2030-08-31 07:00:00,0.0,346.1605875000001
2030-08-31 08:00:00,0.0,348.0998625000001
2030-08-31 09:00:00,0.0,328.7071125000001
2030-08-31 10:00:00,0.0,286.52788125000006
2030-08-31 11:00:00,0.0,221.07735000000005
2030-08-31 12:00:00,0.0,135.26443125000003
2030-08-31 13:00:00,0.0,43.633687500000015
2030-08-31 14:00:00,0.0,0.0
2030-08-31 15:00:00,0.0,0.0
2030-08-31 16:00:00,0.0,0.0
2030-08-31 17:00:00,0.0,0.0
2030-08-31 18:00:00,0.0,0.0
2030-08-31 19:00:00,0.0,0.0
2030-08-31 20:00:00,0.0,0.0
2030-08-31 21:00:00,0.0,0.0
2030-08-31 22:00:00,0.0,0.0
2030-08-31 23:00:00,0.0,0.0
2030-09-01 00:00:00,0.0,0.0
2030-09-01 01:00:00,0.0,0.0
2030-09-01 02:00:00,0.0,19.392750000000003
2030-09-01 03:00:00,0.0,107.14494375000002
2030-09-01 04:00:00,0.0,200.7149625
2030-09-01 05:00:00,0.0,272.95295625000006
2030-09-01 06:00:00,0.0,322.40446875000004
2030-09-01 07:00:00,0.0,344.22131250000007
2030-09-01 08:00:00,0.0,337.91866875
2030-09-01 09:00:00,0.0,307.85990625000005
2030-09-01 10:00:00,0.0,259.86285000000004
2030-09-01 11:00:00,0.0,213.80506875000003
2030-09-01 12:00:00,0.0,133.32515625000002
2030-09-01 13:00:00,0.0,42.17923125000001
2030-09-01 14:00:00,0.0,0.0
2030-09-01 15:00:00,0.0,0.0
2030-09-01 16:00:00,0.0,0.0
2030-09-01 17:00:00,0.0,0.0
2030-09-01 18:00:00,0.0,0.0
2030-09-01 19:00:00,0.0,0.0
2030-09-01 20:00:00,0.0,0.0
2030-09-01 21:00:00,0.0,0.0
2030-09-01 22:00:00,0.0,0.0
2030-09-01 23:00:00,0.0,0.0
2030-09-02 00:00:00,0.0,0.0
2030-09-02 01:00:00,0.0,0.0
2030-09-02 02:00:00,0.0,11.150831250000001
2030-09-02 03:00:00,0.0,63.996075000000005
2030-09-02 04:00:00,0.0,126.53769375000003
2030-09-02 05:00:00,0.0,194.41231875000005
2030-09-02 06:00:00,0.0,245.80310625000007
2030-09-02 07:00:00,0.0,269.0744062500001
2030-09-02 08:00:00,0.0,260.34766875
2030-09-02 09:00:00,0.0,239.50046250000003
2030-09-02 10:00:00,0.0,228.83445000000006
2030-09-02 11:00:00,0.0,199.26050625000002
2030-09-02 12:00:00,0.0,125.08323750000002
2030-09-02 13:00:00,0.0,40.23995625000001
2030-09-02 14:00:00,0.0,0.0
2030-09-02 15:00:00,0.0,0.0
2030-09-02 16:00:00,0.0,0.0
2030-09-02 17:00:00,0.0,0.0
2030-09-02 18:00:00,0.0,0.0
2030-09-02 19:00:00,0.0,0.0
2030-09-02 20:00:00,0.0,0.0
2030-09-02 21:00:00,0.0,0.0
2030-09-02 22:00:00,0.0,0.0
2030-09-02 23:00:00,0.0,0.0
2030-09-03 00:00:00,0.0,0.0
2030-09-03 01:00:00,0.0,0.0
2030-09-03 02:00:00,0.0,13.090106250000002
2030-09-03 03:00:00,0.0,81.44955000000002
2030-09-03 04:00:00,0.0,178.89811875
2030-09-03 05:00:00,0.0,262.7717625000001
2030-09-03 06:00:00,0.0,319.4955562500001
2030-09-03 07:00:00,0.0,343.25167500000003
2030-09-03 08:00:00,0.0,346.1605875000001
2030-09-03 09:00:00,0.0,322.40446875000004
2030-09-03 10:00:00,0.0,275.86186875000004
2030-09-03 11:00:00,0.0,202.65423750000002
2030-09-03 12:00:00,0.0,115.38686250000002
2030-09-03 13:00:00,0.0,33.45249375000001
2030-09-03 14:00:00,0.0,0.0
2030-09-03 15:00:00,0.0,0.0
2030-09-03 16:00:00,0.0,0.0
2030-09-03 17:00:00,0.0,0.0
2030-09-03 18:00:00,0.0,0.0
2030-09-03 19:00:00,0.0,0.0
2030-09-03 20:00:00,0.0,0.0
2030-09-03 21:00:00,0.0,0.0
2030-09-03 22:00:00,0.0,0.0
2030-09-03 23:00:00,0.0,0.0
2030-09-04 00:00:00,0.0,0.0
2030-09-04 01:00:00,0.0,0.0
2030-09-04 02:00:00,0.0,14.544562500000003
2030-09-04 03:00:00,0.0,93.57001875000003
2030-09-04 04:00:00,0.0,201.19978125000003
2030-09-04 05:00:00,0.0,279.74041875000006
2030-09-04 06:00:00,0.0,328.7071125000001
2030-09-04 07:00:00,0.0,352.4632312500001
2030-09-04 08:00:00,0.0,353.4328687500001
2030-09-04 09:00:00,0.0,330.1615687500001
2030-09-04 10:00:00,0.0,287.49751875000004
2030-09-04 11:00:00,0.0,221.07735000000005
2030-09-04 12:00:00,0.0,133.80997500000004
2030-09-04 13:00:00,0.0,41.20959375000001
2030-09-04 14:00:00,0.0,0.0
2030-09-04 15:00:00,0.0,0.0
2030-09-04 16:00:00,0.0,0.0
2030-09-04 17:00:00,0.0,0.0
2030-09-04 18:00:00,0.0,0.0
2030-09-04 19:00:00,0.0,0.0
2030-09-04 20:00:00,0.0,0.0
2030-09-04 21:00:00,0.0,0.0
2030-09-04 22:00:00,0.0,0.0
2030-09-04 23:00:00,0.0,0.0
2030-09-05 00:00:00,0.0,0.0
2030-09-05 01:00:00,0.0,0.0
2030-09-05 02:00:00,0.0,8.726737500000002
2030-09-05 03:00:00,0.0,67.38980625000002
2030-09-05 04:00:00,0.0,158.05091250000004
2030-09-05 05:00:00,0.0,259.37803125000005
2030-09-05 06:00:00,0.0,314.16255000000007
2030-09-05 07:00:00,0.0,339.85794375000006
2030-09-05 08:00:00,0.0,339.85794375000006
2030-09-05 09:00:00,0.0,319.01073750000006
2030-09-05 10:00:00,0.0,276.34668750000003
2030-09-05 11:00:00,0.0,211.38097500000003
2030-09-05 12:00:00,0.0,125.08323750000002
2030-09-05 13:00:00,0.0,36.846225000000004
2030-09-05 14:00:00,0.0,0.0
2030-09-05 15:00:00,0.0,0.0
2030-09-05 16:00:00,0.0,0.0
2030-09-05 17:00:00,0.0,0.0
2030-09-05 18:00:00,0.0,0.0
2030-09-05 19:00:00,0.0,0.0
2030-09-05 20:00:00,0.0,0.0
2030-09-05 21:00:00,0.0,0.0
2030-09-05 22:00:00,0.0,0.0
2030-09-05 23:00:00,0.0,0.0
2030-09-06 00:00:00,0.0,0.0
2030-09-06 01:00:00,0.0,0.0
2030-09-06 02:00:00,0.0,14.059743750000003
2030-09-06 03:00:00,0.0,85.81291875000001
2030-09-06 04:00:00,0.0,167.7472875
2030-09-06 05:00:00,0.0,241.92455625000005
2030-09-06 06:00:00,0.0,300.10280625
2030-09-06 07:00:00,0.0,332.1008437500001
2030-09-06 08:00:00,0.0,334.0401187500001
2030-09-06 09:00:00,0.0,317.07146250000005
2030-09-06 10:00:00,0.0,275.86186875000004
2030-09-06 11:00:00,0.0,210.41133750000003
2030-09-06 12:00:00,0.0,125.56805625000003
2030-09-06 13:00:00,0.0,36.846225000000004
2030-09-06 14:00:00,0.0,0.0
2030-09-06 15:00:00,0.0,0.0
2030-09-06 16:00:00,0.0,0.0
2030-09-06 17:00:00,0.0,0.0
2030-09-06 18:00:00,0.0,0.0
2030-09-06 19:00:00,0.0,0.0
2030-09-06 20:00:00,0.0,0.0
2030-09-06 21:00:00,0.0,0.0
2030-09-06 22:00:00,0.0,0.0
2030-09-06 23:00:00,0.0,0.0
2030-09-07 00:00:00,0.0,0.0
2030-09-07 01:00:00,0.0,0.0
2030-09-07 02:00:00,0.0,5.333006250000001
2030-09-07 03:00:00,0.0,49.45151250000001
2030-09-07 04:00:00,0.0,130.41624375000004
2030-09-07 05:00:00,0.0,238.04600625000006
2030-09-07 06:00:00,0.0,303.49653750000004
2030-09-07 07:00:00,0.0,323.37410625000007
2030-09-07 08:00:00,0.0,326.7678375000001
2030-09-07 09:00:00,0.0,313.6777312500001
2030-09-07 10:00:00,0.0,273.43777500000004
2030-09-07 11:00:00,0.0,208.95688125000007
2030-09-07 12:00:00,0.0,122.65914375000003
2030-09-07 13:00:00,0.0,32.96767500000001
2030-09-07 14:00:00,0.0,0.0
2030-09-07 15:00:00,0.0,0.0
2030-09-07 16:00:00,0.0,0.0
2030-09-07 17:00:00,0.0,0.0
2030-09-07 18:00:00,0.0,0.0
2030-09-07 19:00:00,0.0,0.0
2030-09-07 20:00:00,0.0,0.0
2030-09-07 21:00:00,0.0,0.0
2030-09-07 22:00:00,0.0,0.0
2030-09-07 23:00:00,0.0,0.0
2030-09-08 00:00:00,0.0,0.0
2030-09-08 01:00:00,0.0,0.0
2030-09-08 02:00:00,0.0,8.241918750000002
2030-09-08 03:00:00,0.0,55.26933750000001
2030-09-08 04:00:00,0.0,119.26541250000004
2030-09-08 05:00:00,0.0,193.44268125000005
2030-09-08 06:00:00,0.0,262.7717625000001
2030-09-08 07:00:00,0.0,315.13218750000004
2030-09-08 08:00:00,0.0,332.1008437500001
2030-09-08 09:00:00,0.0,308.3447250000001
2030-09-08 10:00:00,0.0,262.2869437500001
2030-09-08 11:00:00,0.0,191.98822500000003
2030-09-08 12:00:00,0.0,107.62976250000001
2030-09-08 13:00:00,0.0,26.665031250000002
2030-09-08 14:00:00,0.0,0.0
2030-09-08 15:00:00,0.0,0.0
2030-09-08 16:00:00,0.0,0.0
2030-09-08 17:00:00,0.0,0.0
2030-09-08 18:00:00,0.0,0.0
2030-09-08 19:00:00,0.0,0.0
2030-09-08 20:00:00,0.0,0.0
2030-09-08 21:00:00,0.0,0.0
2030-09-08 22:00:00,0.0,0.0
2030-09-08 23:00:00,0.0,0.0
2030-09-09 00:00:00,0.0,0.0
2030-09-09 01:00:00,0.0,0.0
2030-09-09 02:00:00,0.0,10.181193750000002
2030-09-09 03:00:00,0.0,75.14690625000001
2030-09-09 04:00:00,0.0,155.62681875000004
2030-09-09 05:00:00,0.0,227.86481250000003
2030-09-09 06:00:00,0.0,299.1331687500001
2030-09-09 07:00:00,0.0,328.22229375000006
2030-09-09 08:00:00,0.0,331.6160250000001
2030-09-09 09:00:00,0.0,315.13218750000004
2030-09-09 10:00:00,0.0,274.4074125000001
2030-09-09 11:00:00,0.0,206.53278750000004
2030-09-09 12:00:00,0.0,120.23505000000002
2030-09-09 13:00:00,0.0,34.90695000000001
2030-09-09 14:00:00,0.0,0.0
2030-09-09 15:00:00,0.0,0.0
2030-09-09 16:00:00,0.0,0.0
2030-09-09 17:00:00,0.0,0.0
2030-09-09 18:00:00,0.0,0.0
2030-09-09 19:00:00,0.0,0.0
2030-09-09 20:00:00,0.0,0.0
2030-09-09 21:00:00,0.0,0.0
2030-09-09 22:00:00,0.0,0.0
2030-09-09 23:00:00,0.0,0.0
2030-09-10 00:00:00,0.0,0.0
2030-09-10 01:00:00,0.0,0.0
2030-09-10 02:00:00,0.0,11.635650000000002
2030-09-10 03:00:00,0.0,74.17726875000002
2030-09-10 04:00:00,0.0,148.83935625000004
2030-09-10 05:00:00,0.0,194.41231875000005
2030-09-10 06:00:00,0.0,235.13709375000002
2030-09-10 07:00:00,0.0,256.46911875
2030-09-10 08:00:00,0.0,245.31828750000005
2030-09-10 09:00:00,0.0,231.25854375000006
2030-09-10 10:00:00,0.0,201.19978125000003
2030-09-10 11:00:00,0.0,146.41526250000004
2030-09-10 12:00:00,0.0,84.84328125000002
2030-09-10 13:00:00,0.0,21.332025
2030-09-10 14:00:00,0.0,0.0
2030-09-10 15:00:00,0.0,0.0
2030-09-10 16:00:00,0.0,0.0
2030-09-10 17:00:00,0.0,0.0
2030-09-10 18:00:00,0.0,0.0
2030-09-10 19:00:00,0.0,0.0
2030-09-10 20:00:00,0.0,0.0
2030-09-10 21:00:00,0.0,0.0
2030-09-10 22:00:00,0.0,0.0
2030-09-10 23:00:00,0.0,0.0
2030-09-11 00:00:00,0.0,0.0
2030-09-11 01:00:00,0.0,0.0
2030-09-11 02:00:00,0.0,15.514200000000002
2030-09-11 03:00:00,0.0,100.84230000000002
2030-09-11 04:00:00,0.0,194.89713750000004
2030-09-11 05:00:00,0.0,272.4681375
2030-09-11 06:00:00,0.0,325.31338125000013
2030-09-11 07:00:00,0.0,351.49359375000006
2030-09-11 08:00:00,0.0,350.03913750000004
2030-09-11 09:00:00,0.0,314.64736875000006
2030-09-11 10:00:00,0.0,247.25756250000006
2030-09-11 11:00:00,0.0,148.35453750000005
2030-09-11 12:00:00,0.0,64.48089375
2030-09-11 13:00:00,0.0,11.635650000000002
2030-09-11 14:00:00,0.0,0.0
2030-09-11 15:00:00,0.0,0.0
2030-09-11 16:00:00,0.0,0.0
2030-09-11 17:00:00,0.0,0.0
2030-09-11 18:00:00,0.0,0.0
2030-09-11 19:00:00,0.0,0.0
2030-09-11 20:00:00,0.0,0.0
2030-09-11 21:00:00,0.0,0.0
2030-09-11 22:00:00,0.0,0.0
2030-09-11 23:00:00,0.0,0.0
2030-09-12 00:00:00,0.0,0.0
2030-09-12 01:00:00,0.0,0.0
2030-09-12 02:00:00,0.0,17.453475000000005
2030-09-12 03:00:00,0.0,111.99313125000002
2030-09-12 04:00:00,0.0,208.47206250000005
2030-09-12 05:00:00,0.0,282.64933125000005
2030-09-12 06:00:00,0.0,331.1312062500001
2030-09-12 07:00:00,0.0,352.94805
2030-09-12 08:00:00,0.0,348.5846812500001
2030-09-12 09:00:00,0.0,324.82856250000003
2030-09-12 10:00:00,0.0,276.34668750000003
2030-09-12 11:00:00,0.0,212.35061250000004
2030-09-12 12:00:00,0.0,121.68950625000004
2030-09-12 13:00:00,0.0,30.058762500000004
2030-09-12 14:00:00,0.0,0.0
2030-09-12 15:00:00,0.0,0.0
2030-09-12 16:00:00,0.0,0.0
2030-09-12 17:00:00,0.0,0.0
2030-09-12 18:00:00,0.0,0.0
2030-09-12 19:00:00,0.0,0.0
2030-09-12 20:00:00,0.0,0.0
2030-09-12 21:00:00,0.0,0.0
2030-09-12 22:00:00,0.0,0.0
2030-09-12 23:00:00,0.0,0.0
2030-09-13 00:00:00,0.0,0.0
2030-09-13 01:00:00,0.0,0.0
2030-09-13 02:00:00,0.0,12.120468750000002
2030-09-13 03:00:00,0.0,96.47893125000002
2030-09-13 04:00:00,0.0,198.77568750000003
2030-09-13 05:00:00,0.0,275.86186875000004
2030-09-13 06:00:00,0.0,324.3437437500001
2030-09-13 07:00:00,0.0,345.67576875000003
2030-09-13 08:00:00,0.0,339.3731250000001
2030-09-13 09:00:00,0.0,297.6787125000001
2030-09-13 10:00:00,0.0,230.28890625000005
2030-09-13 11:00:00,0.0,158.05091250000004
2030-09-13 12:00:00,0.0,92.60038125000003
2030-09-13 13:00:00,0.0,30.058762500000004
2030-09-13 14:00:00,0.0,0.0
2030-09-13 15:00:00,0.0,0.0
2030-09-13 16:00:00,0.0,0.0
2030-09-13 17:00:00,0.0,0.0
2030-09-13 18:00:00,0.0,0.0
2030-09-13 19:00:00,0.0,0.0
2030-09-13 20:00:00,0.0,0.0
2030-09-13 21:00:00,0.0,0.0
2030-09-13 22:00:00,0.0,0.0
2030-09-13 23:00:00,0.0,0.0
2030-09-14 00:00:00,0.0,0.0
2030-09-14 01:00:00,0.0,0.0
2030-09-14 02:00:00,0.0,13.574925000000002
2030-09-14 03:00:00,0.0,95.99411250000001
2030-09-14 04:00:00,0.0,194.89713750000004
2030-09-14 05:00:00,0.0,271.9833187500001
2030-09-14 06:00:00,0.0,323.37410625000007
2030-09-14 07:00:00,0.0,351.49359375000006
2030-09-14 08:00:00,0.0,356.34178125000005
2030-09-14 09:00:00,0.0,338.40348750000004
2030-09-14 10:00:00,0.0,295.73943750000007
2030-09-14 11:00:00,0.0,228.34963125000004
2030-09-14 12:00:00,0.0,136.23406875
2030-09-14 13:00:00,0.0,36.846225000000004
2030-09-14 14:00:00,0.0,0.0
2030-09-14 15:00:00,0.0,0.0
2030-09-14 16:00:00,0.0,0.0
2030-09-14 17:00:00,0.0,0.0
2030-09-14 18:00:00,0.0,0.0
2030-09-14 19:00:00,0.0,0.0
2030-09-14 20:00:00,0.0,0.0
2030-09-14 21:00:00,0.0,0.0
2030-09-14 22:00:00,0.0,0.0
2030-09-14 23:00:00,0.0,0.0
2030-09-15 00:00:00,0.0,0.0
2030-09-15 01:00:00,0.0,0.0
2030-09-15 02:00:00,0.0,8.241918750000002
2030-09-15 03:00:00,0.0,78.05581875000003
2030-09-15 04:00:00,0.0,159.99018750000002
2030-09-15 05:00:00,0.0,195.38195625000006
2030-09-15 06:00:00,0.0,229.31926875000005
2030-09-15 07:00:00,0.0,254.52984375000005
2030-09-15 08:00:00,0.0,253.07538750000006
2030-09-15 09:00:00,0.0,201.68460000000005
2030-09-15 10:00:00,0.0,135.74925000000002
2030-09-15 11:00:00,0.0,82.90400625000002
2030-09-15 12:00:00,0.0,43.633687500000015
2030-09-15 13:00:00,0.0,11.150831250000001
2030-09-15 14:00:00,0.0,0.0
2030-09-15 15:00:00,0.0,0.0
2030-09-15 16:00:00,0.0,0.0
2030-09-15 17:00:00,0.0,0.0
2030-09-15 18:00:00,0.0,0.0
2030-09-15 19:00:00,0.0,0.0
2030-09-15 20:00:00,0.0,0.0
2030-09-15 21:00:00,0.0,0.0
2030-09-15 22:00:00,0.0,0.0
2030-09-15 23:00:00,0.0,0.0
2030-09-16 00:00:00,0.0,0.0
2030-09-16 01:00:00,0.0,0.0
2030-09-16 02:00:00,0.0,12.120468750000002
2030-09-16 03:00:00,0.0,97.93338750000004
2030-09-16 04:00:00,0.0,197.32123125
2030-09-16 05:00:00,0.0,272.4681375
2030-09-16 06:00:00,0.0,324.82856250000003
2030-09-16 07:00:00,0.0,353.4328687500001
2030-09-16 08:00:00,0.0,357.7962375
2030-09-16 09:00:00,0.0,338.40348750000004
2030-09-16 10:00:00,0.0,295.73943750000007
2030-09-16 11:00:00,0.0,227.37999375000004
2030-09-16 12:00:00,0.0,136.23406875
2030-09-16 13:00:00,0.0,38.300681250000004
2030-09-16 14:00:00,0.0,0.0
2030-09-16 15:00:00,0.0,0.0
2030-09-16 16:00:00,0.0,0.0
2030-09-16 17:00:00,0.0,0.0
2030-09-16 18:00:00,0.0,0.0
2030-09-16 19:00:00,0.0,0.0
2030-09-16 20:00:00,0.0,0.0
2030-09-16 21:00:00,0.0,0.0
2030-09-16 22:00:00,0.0,0.0
2030-09-16 23:00:00,0.0,0.0
2030-09-17 00:00:00,0.0,0.0
2030-09-17 01:00:00,0.0,0.0
2030-09-17 02:00:00,0.0,14.059743750000003
2030-09-17 03:00:00,0.0,104.72085000000001
2030-09-17 04:00:00,0.0,204.5935125
2030-09-17 05:00:00,0.0,281.194875
2030-09-17 06:00:00,0.0,333.55530000000005
2030-09-17 07:00:00,0.0,359.7355125000001
2030-09-17 08:00:00,0.0,362.1596062500001
2030-09-17 09:00:00,0.0,341.3124000000001
2030-09-17 10:00:00,0.0,297.19389375000003
2030-09-17 11:00:00,0.0,228.83445000000006
2030-09-17 12:00:00,0.0,137.20370625000004
2030-09-17 13:00:00,0.0,38.300681250000004
2030-09-17 14:00:00,0.0,0.0
2030-09-17 15:00:00,0.0,0.0
2030-09-17 16:00:00,0.0,0.0
2030-09-17 17:00:00,0.0,0.0
2030-09-17 18:00:00,0.0,0.0
2030-09-17 19:00:00,0.0,0.0
2030-09-17 20:00:00,0.0,0.0
2030-09-17 21:00:00,0.0,0.0
2030-09-17 22:00:00,0.0,0.0
2030-09-17 23:00:00,0.0,0.0
2030-09-18 00:00:00,0.0,0.0
2030-09-18 01:00:00,0.0,0.0
2030-09-18 02:00:00,0.0,13.090106250000002
2030-09-18 03:00:00,0.0,101.81193750000003
2030-09-18 04:00:00,0.0,201.19978125000003
2030-09-18 05:00:00,0.0,273.43777500000004
2030-09-18 06:00:00,0.0,327.7374750000001
2030-09-18 07:00:00,0.0,354.40250625000004
2030-09-18 08:00:00,0.0,357.7962375
2030-09-18 09:00:00,0.0,336.94903125
2030-09-18 10:00:00,0.0,293.31534375
2030-09-18 11:00:00,0.0,225.44071875000006
2030-09-18 12:00:00,0.0,131.87070000000003
2030-09-18 13:00:00,0.0,35.876587500000014
2030-09-18 14:00:00,0.0,0.0
2030-09-18 15:00:00,0.0,0.0
2030-09-18 16:00:00,0.0,0.0
2030-09-18 17:00:00,0.0,0.0
2030-09-18 18:00:00,0.0,0.0
2030-09-18 19:00:00,0.0,0.0
2030-09-18 20:00:00,0.0,0.0
2030-09-18 21:00:00,0.0,0.0
2030-09-18 22:00:00,0.0,0.0
2030-09-18 23:00:00,0.0,0.0
2030-09-19 00:00:00,0.0,0.0
2030-09-19 01:00:00,0.0,0.0
2030-09-19 02:00:00,0.0,15.514200000000002
2030-09-19 03:00:00,0.0,108.59940000000003
2030-09-19 04:00:00,0.0,211.86579375000005
2030-09-19 05:00:00,0.0,287.0127000000001
2030-09-19 06:00:00,0.0,332.5856625000001
2030-09-19 07:00:00,0.0,358.2810562500001
2030-09-19 08:00:00,0.0,360.70515000000006
2030-09-19 09:00:00,0.0,342.7668562500001
2030-09-19 10:00:00,0.0,299.1331687500001
2030-09-19 11:00:00,0.0,230.77372500000004
2030-09-19 12:00:00,0.0,139.14298125000002
2030-09-19 13:00:00,0.0,38.785500000000006
2030-09-19 14:00:00,0.0,0.0
2030-09-19 15:00:00,0.0,0.0
2030-09-19 16:00:00,0.0,0.0
2030-09-19 17:00:00,0.0,0.0
2030-09-19 18:00:00,0.0,0.0
2030-09-19 19:00:00,0.0,0.0
2030-09-19 20:00:00,0.0,0.0
2030-09-19 21:00:00,0.0,0.0
2030-09-19 22:00:00,0.0,0.0
2030-09-19 23:00:00,0.0,0.0
2030-09-20 00:00:00,0.0,0.0
2030-09-20 01:00:00,0.0,0.0
2030-09-20 02:00:00,0.0,14.544562500000003
2030-09-20 03:00:00,0.0,106.17530625000002
2030-09-20 04:00:00,0.0,210.41133750000003
2030-09-20 05:00:00,0.0,286.52788125000006
2030-09-20 06:00:00,0.0,337.43385000000006
2030-09-20 07:00:00,0.0,361.67478750000004
2030-09-20 08:00:00,0.0,363.6140625000001
2030-09-20 09:00:00,0.0,340.82758125000004
2030-09-20 10:00:00,0.0,297.19389375000003
2030-09-20 11:00:00,0.0,228.83445000000006
2030-09-20 12:00:00,0.0,137.68852500000003
2030-09-20 13:00:00,0.0,37.8158625
2030-09-20 14:00:00,0.0,0.0
2030-09-20 15:00:00,0.0,0.0
2030-09-20 16:00:00,0.0,0.0
2030-09-20 17:00:00,0.0,0.0
2030-09-20 18:00:00,0.0,0.0
2030-09-20 19:00:00,0.0,0.0
2030-09-20 20:00:00,0.0,0.0
2030-09-20 21:00:00,0.0,0.0
2030-09-20 22:00:00,0.0,0.0
2030-09-20 23:00:00,0.0,0.0
2030-09-21 00:00:00,0.0,0.0
2030-09-21 01:00:00,0.0,0.0
2030-09-21 02:00:00,0.0,14.059743750000003
2030-09-21 03:00:00,0.0,108.11458125000003
2030-09-21 04:00:00,0.0,208.47206250000005
2030-09-21 05:00:00,0.0,285.55824375000003
2030-09-21 06:00:00,0.0,332.1008437500001
2030-09-21 07:00:00,0.0,356.82660000000004
2030-09-21 08:00:00,0.0,357.7962375
2030-09-21 09:00:00,0.0,336.4642125000001
2030-09-21 10:00:00,0.0,292.8305250000001
2030-09-21 11:00:00,0.0,224.47108125000003
2030-09-21 12:00:00,0.0,133.80997500000004
2030-09-21 13:00:00,0.0,35.39176875000001
2030-09-21 14:00:00,0.0,0.0
2030-09-21 15:00:00,0.0,0.0
2030-09-21 16:00:00,0.0,0.0
2030-09-21 17:00:00,0.0,0.0
2030-09-21 18:00:00,0.0,0.0
2030-09-21 19:00:00,0.0,0.0
2030-09-21 20:00:00,0.0,0.0
2030-09-21 21:00:00,0.0,0.0
2030-09-21 22:00:00,0.0,0.0
2030-09-21 23:00:00,0.0,0.0
2030-09-22 00:00:00,0.0,0.0
2030-09-22 01:00:00,0.0,0.0
2030-09-22 02:00:00,0.0,13.574925000000002
2030-09-22 03:00:00,0.0,108.11458125000003
2030-09-22 04:00:00,0.0,207.98724375000003
2030-09-22 05:00:00,0.0,285.07342500000004
2030-09-22 06:00:00,0.0,335.494575
2030-09-22 07:00:00,0.0,360.2203312500001
2030-09-22 08:00:00,0.0,362.64442500000007
2030-09-22 09:00:00,0.0,338.8883062500001
2030-09-22 10:00:00,0.0,294.76980000000003
2030-09-22 11:00:00,0.0,225.92553750000005
2030-09-22 12:00:00,0.0,133.32515625000002
2030-09-22 13:00:00,0.0,34.42213125000001
2030-09-22 14:00:00,0.0,0.0
2030-09-22 15:00:00,0.0,0.0
2030-09-22 16:00:00,0.0,0.0
2030-09-22 17:00:00,0.0,0.0
2030-09-22 18:00:00,0.0,0.0
2030-09-22 19:00:00,0.0,0.0
2030-09-22 20:00:00,0.0,0.0
2030-09-22 21:00:00,0.0,0.0
2030-09-22 22:00:00,0.0,0.0
2030-09-22 23:00:00,0.0,0.0
2030-09-23 00:00:00,0.0,0.0
2030-09-23 01:00:00,0.0,0.0
2030-09-23 02:00:00,0.0,12.605287500000003
2030-09-23 03:00:00,0.0,102.29675625
2030-09-23 04:00:00,0.0,199.26050625000002
2030-09-23 05:00:00,0.0,275.37705000000005
2030-09-23 06:00:00,0.0,325.31338125000013
2030-09-23 07:00:00,0.0,351.00877500000007
2030-09-23 08:00:00,0.0,351.97841250000005
2030-09-23 09:00:00,0.0,331.1312062500001
2030-09-23 10:00:00,0.0,286.0430625000001
2030-09-23 11:00:00,0.0,214.28988750000005
2030-09-23 12:00:00,0.0,118.78059375000002
2030-09-23 13:00:00,0.0,26.665031250000002
2030-09-23 14:00:00,0.0,0.0
2030-09-23 15:00:00,0.0,0.0
2030-09-23 16:00:00,0.0,0.0
2030-09-23 17:00:00,0.0,0.0
2030-09-23 18:00:00,0.0,0.0
2030-09-23 19:00:00,0.0,0.0
2030-09-23 20:00:00,0.0,0.0
2030-09-23 21:00:00,0.0,0.0
2030-09-23 22:00:00,0.0,0.0
2030-09-23 23:00:00,0.0,0.0
2030-09-24 00:00:00,0.0,0.0
2030-09-24 01:00:00,0.0,0.0
2030-09-24 02:00:00,0.0,9.211556250000001
2030-09-24 03:00:00,0.0,80.47991250000003
2030-09-24 04:00:00,0.0,160.47500625000004
2030-09-24 05:00:00,0.0,214.28988750000005
2030-09-24 06:00:00,0.0,247.25756250000006
2030-09-24 07:00:00,0.0,271.4985000000001
2030-09-24 08:00:00,0.0,279.74041875000006
2030-09-24 09:00:00,0.0,268.58958750000005
2030-09-24 10:00:00,0.0,243.37901250000007
2030-09-24 11:00:00,0.0,202.16941875
2030-09-24 12:00:00,0.0,121.68950625000004
2030-09-24 13:00:00,0.0,31.028400000000005
2030-09-24 14:00:00,0.0,0.0
2030-09-24 15:00:00,0.0,0.0
2030-09-24 16:00:00,0.0,0.0
2030-09-24 17:00:00,0.0,0.0
2030-09-24 18:00:00,0.0,0.0
2030-09-24 19:00:00,0.0,0.0
2030-09-24 20:00:00,0.0,0.0
2030-09-24 21:00:00,0.0,0.0
2030-09-24 22:00:00,0.0,0.0
2030-09-24 23:00:00,0.0,0.0
2030-09-25 00:00:00,0.0,0.0
2030-09-25 01:00:00,0.0,0.0
2030-09-25 02:00:00,0.0,7.757100000000001
2030-09-25 03:00:00,0.0,80.96473125
2030-09-25 04:00:00,0.0,178.89811875
2030-09-25 05:00:00,0.0,259.37803125000005
2030-09-25 06:00:00,0.0,321.9196500000001
2030-09-25 07:00:00,0.0,345.67576875000003
2030-09-25 08:00:00,0.0,347.61504375000004
2030-09-25 09:00:00,0.0,321.43483125000006
2030-09-25 10:00:00,0.0,276.8315062500001
2030-09-25 11:00:00,0.0,208.95688125000007
2030-09-25 12:00:00,0.0,117.81095625000002
2030-09-25 13:00:00,0.0,28.11948750000001
2030-09-25 14:00:00,0.0,0.0
2030-09-25 15:00:00,0.0,0.0
2030-09-25 16:00:00,0.0,0.0
2030-09-25 17:00:00,0.0,0.0
2030-09-25 18:00:00,0.0,0.0
2030-09-25 19:00:00,0.0,0.0
2030-09-25 20:00:00,0.0,0.0
2030-09-25 21:00:00,0.0,0.0
2030-09-25 22:00:00,0.0,0.0
2030-09-25 23:00:00,0.0,0.0
2030-09-26 00:00:00,0.0,0.0
2030-09-26 01:00:00,0.0,0.0
2030-09-26 02:00:00,0.0,7.272281250000002
2030-09-26 03:00:00,0.0,87.26737500000003
2030-09-26 04:00:00,0.0,191.01858750000005
2030-09-26 05:00:00,0.0,270.52886250000006
2030-09-26 06:00:00,0.0,323.858925
2030-09-26 07:00:00,0.0,351.97841250000005
2030-09-26 08:00:00,0.0,359.25069375000004
2030-09-26 09:00:00,0.0,341.3124000000001
2030-09-26 10:00:00,0.0,300.10280625
2030-09-26 11:00:00,0.0,231.74336250000002
2030-09-26 12:00:00,0.0,139.14298125000002
2030-09-26 13:00:00,0.0,36.846225000000004
2030-09-26 14:00:00,0.0,0.0
2030-09-26 15:00:00,0.0,0.0
2030-09-26 16:00:00,0.0,0.0
2030-09-26 17:00:00,0.0,0.0
2030-09-26 18:00:00,0.0,0.0
2030-09-26 19:00:00,0.0,0.0
2030-09-26 20:00:00,0.0,0.0
2030-09-26 21:00:00,0.0,0.0
2030-09-26 22:00:00,0.0,0.0
2030-09-26 23:00:00,0.0,0.0
2030-09-27 00:00:00,0.0,0.0
2030-09-27 01:00:00,0.0,0.0
2030-09-27 02:00:00,0.0,11.635650000000002
2030-09-27 03:00:00,0.0,104.23603125000002
2030-09-27 04:00:00,0.0,203.62387500000006
2030-09-27 05:00:00,0.0,283.6189687500001
2030-09-27 06:00:00,0.0,334.0401187500001
2030-09-27 07:00:00,0.0,358.76587500000005
2030-09-27 08:00:00,0.0,359.25069375000004
2030-09-27 09:00:00,0.0,334.5249375000001
2030-09-27 10:00:00,0.0,281.67969375
2030-09-27 11:00:00,0.0,198.77568750000003
2030-09-27 12:00:00,0.0,105.20566875000002
2030-09-27 13:00:00,0.0,25.210575000000006
2030-09-27 14:00:00,0.0,0.0
2030-09-27 15:00:00,0.0,0.0
2030-09-27 16:00:00,0.0,0.0
2030-09-27 17:00:00,0.0,0.0
2030-09-27 18:00:00,0.0,0.0
2030-09-27 19:00:00,0.0,0.0
2030-09-27 20:00:00,0.0,0.0
2030-09-27 21:00:00,0.0,0.0
2030-09-27 22:00:00,0.0,0.0
2030-09-27 23:00:00,0.0,0.0
2030-09-28 00:00:00,0.0,0.0
2030-09-28 01:00:00,0.0,0.0
2030-09-28 02:00:00,0.0,6.787462500000002
2030-09-28 03:00:00,0.0,78.05581875000003
2030-09-28 04:00:00,0.0,189.56413125000003
2030-09-28 05:00:00,0.0,273.43777500000004
2030-09-28 06:00:00,0.0,326.2830187500001
2030-09-28 07:00:00,0.0,351.49359375000006
2030-09-28 08:00:00,0.0,353.91768750000006
2030-09-28 09:00:00,0.0,334.5249375000001
2030-09-28 10:00:00,0.0,294.28498125000004
2030-09-28 11:00:00,0.0,229.31926875000005
2030-09-28 12:00:00,0.0,138.65816250000003
2030-09-28 13:00:00,0.0,36.36140625
2030-09-28 14:00:00,0.0,0.0
2030-09-28 15:00:00,0.0,0.0
2030-09-28 16:00:00,0.0,0.0
2030-09-28 17:00:00,0.0,0.0
2030-09-28 18:00:00,0.0,0.0
2030-09-28 19:00:00,0.0,0.0
2030-09-28 20:00:00,0.0,0.0
2030-09-28 21:00:00,0.0,0.0
2030-09-28 22:00:00,0.0,0.0
2030-09-28 23:00:00,0.0,0.0
2030-09-29 00:00:00,0.0,0.0
2030-09-29 01:00:00,0.0,0.0
2030-09-29 02:00:00,0.0,11.635650000000002
2030-09-29 03:00:00,0.0,106.17530625000002
2030-09-29 04:00:00,0.0,205.56315000000004
2030-09-29 05:00:00,0.0,281.67969375
2030-09-29 06:00:00,0.0,331.1312062500001
2030-09-29 07:00:00,0.0,356.34178125000005
2030-09-29 08:00:00,0.0,358.76587500000005
2030-09-29 09:00:00,0.0,339.85794375000006
2030-09-29 10:00:00,0.0,295.73943750000007
2030-09-29 11:00:00,0.0,225.92553750000005
2030-09-29 12:00:00,0.0,133.32515625000002
2030-09-29 13:00:00,0.0,32.96767500000001
2030-09-29 14:00:00,0.0,0.0
2030-09-29 15:00:00,0.0,0.0
2030-09-29 16:00:00,0.0,0.0
2030-09-29 17:00:00,0.0,0.0
2030-09-29 18:00:00,0.0,0.0
2030-09-29 19:00:00,0.0,0.0
2030-09-29 20:00:00,0.0,0.0
2030-09-29 21:00:00,0.0,0.0
2030-09-29 22:00:00,0.0,0.0
2030-09-29 23:00:00,0.0,0.0
2030-09-30 00:00:00,0.0,0.0
2030-09-30 01:00:00,0.0,0.0
2030-09-30 02:00:00,0.0,9.211556250000001
2030-09-30 03:00:00,0.0,97.93338750000004
2030-09-30 04:00:00,0.0,200.23014375
2030-09-30 05:00:00,0.0,277.80114375000005
2030-09-30 06:00:00,0.0,327.7374750000001
2030-09-30 07:00:00,0.0,353.4328687500001
2030-09-30 08:00:00,0.0,355.8569625000001
2030-09-30 09:00:00,0.0,335.494575
2030-09-30 10:00:00,0.0,291.86088750000005
2030-09-30 11:00:00,0.0,223.01662500000003
2030-09-30 12:00:00,0.0,130.41624375000004
2030-09-30 13:00:00,0.0,31.513218750000007
2030-09-30 14:00:00,0.0,0.0
2030-09-30 15:00:00,0.0,0.0
2030-09-30 16:00:00,0.0,0.0
2030-09-30 17:00:00,0.0,0.0
2030-09-30 18:00:00,0.0,0.0
2030-09-30 19:00:00,0.0,0.0
2030-09-30 20:00:00,0.0,0.0
2030-09-30 21:00:00,0.0,0.0
2030-09-30 22:00:00,0.0,0.0
2030-09-30 23:00:00,0.0,0.0
2030-10-01 00:00:00,0.0,0.0
2030-10-01 01:00:00,0.0,0.0
2030-10-01 02:00:00,0.0,9.696375000000002
2030-10-01 03:00:00,0.0,100.35748125
2030-10-01 04:00:00,0.0,200.7149625
2030-10-01 05:00:00,0.0,277.80114375000005
2030-10-01 06:00:00,0.0,327.7374750000001
2030-10-01 07:00:00,0.0,352.94805
2030-10-01 08:00:00,0.0,355.37214375
2030-10-01 09:00:00,0.0,334.0401187500001
2030-10-01 10:00:00,0.0,288.95197500000006
2030-10-01 11:00:00,0.0,218.65325625000003
2030-10-01 12:00:00,0.0,125.08323750000002
2030-10-01 13:00:00,0.0,28.11948750000001
2030-10-01 14:00:00,0.0,0.0
2030-10-01 15:00:00,0.0,0.0
2030-10-01 16:00:00,0.0,0.0
2030-10-01 17:00:00,0.0,0.0
2030-10-01 18:00:00,0.0,0.0
2030-10-01 19:00:00,0.0,0.0
2030-10-01 20:00:00,0.0,0.0
2030-10-01 21:00:00,0.0,0.0
2030-10-01 22:00:00,0.0,0.0
2030-10-01 23:00:00,0.0,0.0
2030-10-02 00:00:00,0.0,0.0
2030-10-02 01:00:00,0.0,0.0
2030-10-02 02:00:00,0.0,7.757100000000001
2030-10-02 03:00:00,0.0,94.05483750000002
2030-10-02 04:00:00,0.0,194.89713750000004
2030-10-02 05:00:00,0.0,273.43777500000004
2030-10-02 06:00:00,0.0,326.2830187500001
2030-10-02 07:00:00,0.0,351.97841250000005
2030-10-02 08:00:00,0.0,354.40250625000004
2030-10-02 09:00:00,0.0,334.5249375000001
2030-10-02 10:00:00,0.0,289.92161250000004
2030-10-02 11:00:00,0.0,219.62289375000003
2030-10-02 12:00:00,0.0,126.05287500000003
2030-10-02 13:00:00,0.0,28.11948750000001
2030-10-02 14:00:00,0.0,0.0
2030-10-02 15:00:00,0.0,0.0
2030-10-02 16:00:00,0.0,0.0
2030-10-02 17:00:00,0.0,0.0
2030-10-02 18:00:00,0.0,0.0
2030-10-02 19:00:00,0.0,0.0
2030-10-02 20:00:00,0.0,0.0
2030-10-02 21:00:00,0.0,0.0
2030-10-02 22:00:00,0.0,0.0
2030-10-02 23:00:00,0.0,0.0
2030-10-03 00:00:00,0.0,0.0
2030-10-03 01:00:00,0.0,0.0
2030-10-03 02:00:00,0.0,8.726737500000002
2030-10-03 03:00:00,0.0,97.44856875000002
2030-10-03 04:00:00,0.0,197.80605000000003
2030-10-03 05:00:00,0.0,275.37705000000005
2030-10-03 06:00:00,0.0,327.2526562500001
2030-10-03 07:00:00,0.0,351.97841250000005
2030-10-03 08:00:00,0.0,353.91768750000006
2030-10-03 09:00:00,0.0,331.6160250000001
2030-10-03 10:00:00,0.0,285.55824375000003
2030-10-03 11:00:00,0.0,214.28988750000005
2030-10-03 12:00:00,0.0,120.71986875000002
2030-10-03 13:00:00,0.0,25.695393750000004
2030-10-03 14:00:00,0.0,0.0
2030-10-03 15:00:00,0.0,0.0
2030-10-03 16:00:00,0.0,0.0
2030-10-03 17:00:00,0.0,0.0
2030-10-03 18:00:00,0.0,0.0
2030-10-03 19:00:00,0.0,0.0
2030-10-03 20:00:00,0.0,0.0
2030-10-03 21:00:00,0.0,0.0
2030-10-03 22:00:00,0.0,0.0
2030-10-03 23:00:00,0.0,0.0
2030-10-04 00:00:00,0.0,0.0
2030-10-04 01:00:00,0.0,0.0
2030-10-04 02:00:00,0.0,7.757100000000001
2030-10-04 03:00:00,0.0,94.53965625000002
2030-10-04 04:00:00,0.0,194.41231875000005
2030-10-04 05:00:00,0.0,271.9833187500001
2030-10-04 06:00:00,0.0,323.858925
2030-10-04 07:00:00,0.0,349.0695000000001
2030-10-04 08:00:00,0.0,351.00877500000007
2030-10-04 09:00:00,0.0,329.6767500000001
2030-10-04 10:00:00,0.0,283.6189687500001
2030-10-04 11:00:00,0.0,212.35061250000004
2030-10-04 12:00:00,0.0,118.29577500000002
2030-10-04 13:00:00,0.0,23.756118750000006
2030-10-04 14:00:00,0.0,0.0
2030-10-04 15:00:00,0.0,0.0
2030-10-04 16:00:00,0.0,0.0
2030-10-04 17:00:00,0.0,0.0
2030-10-04 18:00:00,0.0,0.0
2030-10-04 19:00:00,0.0,0.0
2030-10-04 20:00:00,0.0,0.0
2030-10-04 21:00:00,0.0,0.0
2030-10-04 22:00:00,0.0,0.0
2030-10-04 23:00:00,0.0,0.0
2030-10-05 00:00:00,0.0,0.0
2030-10-05 01:00:00,0.0,0.0
2030-10-05 02:00:00,0.0,6.302643750000001
2030-10-05 03:00:00,0.0,85.3281
2030-10-05 04:00:00,0.0,190.04895000000005
2030-10-05 05:00:00,0.0,269.5592250000001
2030-10-05 06:00:00,0.0,326.7678375000001
2030-10-05 07:00:00,0.0,353.4328687500001
2030-10-05 08:00:00,0.0,355.37214375
2030-10-05 09:00:00,0.0,334.5249375000001
2030-10-05 10:00:00,0.0,287.9823375
2030-10-05 11:00:00,0.0,211.38097500000003
2030-10-05 12:00:00,0.0,114.41722500000003
2030-10-05 13:00:00,0.0,20.847206250000003
2030-10-05 14:00:00,0.0,0.0
2030-10-05 15:00:00,0.0,0.0
2030-10-05 16:00:00,0.0,0.0
2030-10-05 17:00:00,0.0,0.0
2030-10-05 18:00:00,0.0,0.0
2030-10-05 19:00:00,0.0,0.0
2030-10-05 20:00:00,0.0,0.0
2030-10-05 21:00:00,0.0,0.0
2030-10-05 22:00:00,0.0,0.0
2030-10-05 23:00:00,0.0,0.0
2030-10-06 00:00:00,0.0,0.0
2030-10-06 01:00:00,0.0,0.0
2030-10-06 02:00:00,0.0,4.848187500000001
2030-10-06 03:00:00,0.0,79.51027500000002
2030-10-06 04:00:00,0.0,183.74630625000003
2030-10-06 05:00:00,0.0,272.95295625000006
2030-10-06 06:00:00,0.0,325.79820000000007
2030-10-06 07:00:00,0.0,349.0695000000001
2030-10-06 08:00:00,0.0,350.03913750000004
2030-10-06 09:00:00,0.0,330.1615687500001
2030-10-06 10:00:00,0.0,284.5886062500001
2030-10-06 11:00:00,0.0,214.28988750000005
2030-10-06 12:00:00,0.0,118.29577500000002
2030-10-06 13:00:00,0.0,23.756118750000006
2030-10-06 14:00:00,0.0,0.0
2030-10-06 15:00:00,0.0,0.0
2030-10-06 16:00:00,0.0,0.0
2030-10-06 17:00:00,0.0,0.0
2030-10-06 18:00:00,0.0,0.0
2030-10-06 19:00:00,0.0,0.0
2030-10-06 20:00:00,0.0,0.0
2030-10-06 21:00:00,0.0,0.0
2030-10-06 22:00:00,0.0,0.0
2030-10-06 23:00:00,0.0,0.0
2030-10-07 00:00:00,0.0,0.0
2030-10-07 01:00:00,0.0,0.0
2030-10-07 02:00:00,0.0,5.333006250000001
2030-10-07 03:00:00,0.0,79.99509375000001
2030-10-07 04:00:00,0.0,191.50340625000004
2030-10-07 05:00:00,0.0,270.52886250000006
2030-10-07 06:00:00,0.0,324.82856250000003
2030-10-07 07:00:00,0.0,354.40250625000004
2030-10-07 08:00:00,0.0,358.76587500000005
2030-10-07 09:00:00,0.0,337.91866875
2030-10-07 10:00:00,0.0,294.28498125000004
2030-10-07 11:00:00,0.0,224.47108125000003
2030-10-07 12:00:00,0.0,128.47696875000003
2030-10-07 13:00:00,0.0,26.665031250000002
2030-10-07 14:00:00,0.0,0.0
2030-10-07 15:00:00,0.0,0.0
2030-10-07 16:00:00,0.0,0.0
2030-10-07 17:00:00,0.0,0.0
2030-10-07 18:00:00,0.0,0.0
2030-10-07 19:00:00,0.0,0.0
2030-10-07 20:00:00,0.0,0.0
2030-10-07 21:00:00,0.0,0.0
2030-10-07 22:00:00,0.0,0.0
2030-10-07 23:00:00,0.0,0.0
2030-10-08 00:00:00,0.0,0.0
2030-10-08 01:00:00,0.0,0.0
2030-10-08 02:00:00,0.0,6.302643750000001
2030-10-08 03:00:00,0.0,93.57001875000003
2030-10-08 04:00:00,0.0,191.50340625000004
2030-10-08 05:00:00,0.0,276.34668750000003
2030-10-08 06:00:00,0.0,330.6463875000001
2030-10-08 07:00:00,0.0,357.3114187500001
2030-10-08 08:00:00,0.0,360.2203312500001
2030-10-08 09:00:00,0.0,338.8883062500001
2030-10-08 10:00:00,0.0,294.28498125000004
2030-10-08 11:00:00,0.0,224.95590000000004
2030-10-08 12:00:00,0.0,131.38588125000004
2030-10-08 13:00:00,0.0,27.634668750000007
2030-10-08 14:00:00,0.0,0.0
2030-10-08 15:00:00,0.0,0.0
2030-10-08 16:00:00,0.0,0.0
2030-10-08 17:00:00,0.0,0.0
2030-10-08 18:00:00,0.0,0.0
2030-10-08 19:00:00,0.0,0.0
2030-10-08 20:00:00,0.0,0.0
2030-10-08 21:00:00,0.0,0.0
2030-10-08 22:00:00,0.0,0.0
2030-10-08 23:00:00,0.0,0.0
2030-10-09 00:00:00,0.0,0.0
2030-10-09 01:00:00,0.0,0.0
2030-10-09 02:00:00,0.0,8.241918750000002
2030-10-09 03:00:00,0.0,102.78157500000002
2030-10-09 04:00:00,0.0,206.04796875000002
2030-10-09 05:00:00,0.0,283.6189687500001
2030-10-09 06:00:00,0.0,334.0401187500001
2030-10-09 07:00:00,0.0,359.25069375000004
2030-10-09 08:00:00,0.0,362.1596062500001
2030-10-09 09:00:00,0.0,342.2820375
2030-10-09 10:00:00,0.0,298.64835000000005
2030-10-09 11:00:00,0.0,230.28890625000005
2030-10-09 12:00:00,0.0,136.7188875
2030-10-09 13:00:00,0.0,30.058762500000004
2030-10-09 14:00:00,0.0,0.0
2030-10-09 15:00:00,0.0,0.0
2030-10-09 16:00:00,0.0,0.0
2030-10-09 17:00:00,0.0,0.0
2030-10-09 18:00:00,0.0,0.0
2030-10-09 19:00:00,0.0,0.0
2030-10-09 20:00:00,0.0,0.0
2030-10-09 21:00:00,0.0,0.0
2030-10-09 22:00:00,0.0,0.0
2030-10-09 23:00:00,0.0,0.0
2030-10-10 00:00:00,0.0,0.0
2030-10-10 01:00:00,0.0,0.0
2030-10-10 02:00:00,0.0,8.241918750000002
2030-10-10 03:00:00,0.0,104.72085000000001
2030-10-10 04:00:00,0.0,208.95688125000007
2030-10-10 05:00:00,0.0,286.52788125000006
2030-10-10 06:00:00,0.0,336.4642125000001
2030-10-10 07:00:00,0.0,361.67478750000004
2030-10-10 08:00:00,0.0,363.6140625000001
2030-10-10 09:00:00,0.0,343.7364937500001
2030-10-10 10:00:00,0.0,300.10280625
2030-10-10 11:00:00,0.0,231.25854375000006
2030-10-10 12:00:00,0.0,137.20370625000004
2030-10-10 13:00:00,0.0,29.089125000000006
2030-10-10 14:00:00,0.0,0.0
2030-10-10 15:00:00,0.0,0.0
2030-10-10 16:00:00,0.0,0.0
2030-10-10 17:00:00,0.0,0.0
2030-10-10 18:00:00,0.0,0.0
2030-10-10 19:00:00,0.0,0.0
2030-10-10 20:00:00,0.0,0.0
2030-10-10 21:00:00,0.0,0.0
2030-10-10 22:00:00,0.0,0.0
2030-10-10 23:00:00,0.0,0.0
2030-10-11 00:00:00,0.0,0.0
2030-10-11 01:00:00,0.0,0.0
2030-10-11 02:00:00,0.0,5.333006250000001
2030-10-11 03:00:00,0.0,90.17628750000002
2030-10-11 04:00:00,0.0,196.35159375000003
2030-10-11 05:00:00,0.0,278.28596250000004
2030-10-11 06:00:00,0.0,330.6463875000001
2030-10-11 07:00:00,0.0,357.3114187500001
2030-10-11 08:00:00,0.0,360.70515000000006
2030-10-11 09:00:00,0.0,339.3731250000001
2030-10-11 10:00:00,0.0,293.31534375
2030-10-11 11:00:00,0.0,222.04698750000003
2030-10-11 12:00:00,0.0,127.50733125000004
2030-10-11 13:00:00,0.0,25.210575000000006
2030-10-11 14:00:00,0.0,0.0
2030-10-11 15:00:00,0.0,0.0
2030-10-11 16:00:00,0.0,0.0
2030-10-11 17:00:00,0.0,0.0
2030-10-11 18:00:00,0.0,0.0
2030-10-11 19:00:00,0.0,0.0
2030-10-11 20:00:00,0.0,0.0
2030-10-11 21:00:00,0.0,0.0
2030-10-11 22:00:00,0.0,0.0
2030-10-11 23:00:00,0.0,0.0
2030-10-12 00:00:00,0.0,0.0
2030-10-12 01:00:00,0.0,0.0
2030-10-12 02:00:00,0.0,5.333006250000001
2030-10-12 03:00:00,0.0,92.60038125000003
2030-10-12 04:00:00,0.0,196.35159375000003
2030-10-12 05:00:00,0.0,276.34668750000003
2030-10-12 06:00:00,0.0,328.22229375000006
2030-10-12 07:00:00,0.0,353.91768750000006
2030-10-12 08:00:00,0.0,355.8569625000001
2030-10-12 09:00:00,0.0,335.494575
2030-10-12 10:00:00,0.0,290.40643125
2030-10-12 11:00:00,0.0,220.59253125000004
2030-10-12 12:00:00,0.0,126.05287500000003
2030-10-12 13:00:00,0.0,23.271300000000004
2030-10-12 14:00:00,0.0,0.0
2030-10-12 15:00:00,0.0,0.0
2030-10-12 16:00:00,0.0,0.0
2030-10-12 17:00:00,0.0,0.0
2030-10-12 18:00:00,0.0,0.0
2030-10-12 19:00:00,0.0,0.0
2030-10-12 20:00:00,0.0,0.0
2030-10-12 21:00:00,0.0,0.0
2030-10-12 22:00:00,0.0,0.0
2030-10-12 23:00:00,0.0,0.0
2030-10-13 00:00:00,0.0,0.0
2030-10-13 01:00:00,0.0,0.0
2030-10-13 02:00:00,0.0,5.817825000000001
2030-10-13 03:00:00,0.0,96.47893125000002
2030-10-13 04:00:00,0.0,201.68460000000005
2030-10-13 05:00:00,0.0,281.67969375
2030-10-13 06:00:00,0.0,330.6463875000001
2030-10-13 07:00:00,0.0,358.76587500000005
2030-10-13 08:00:00,0.0,361.67478750000004
2030-10-13 09:00:00,0.0,340.3427625
2030-10-13 10:00:00,0.0,295.2546187500001
2030-10-13 11:00:00,0.0,223.98626250000004
2030-10-13 12:00:00,0.0,127.99215000000001
2030-10-13 13:00:00,0.0,23.271300000000004
2030-10-13 14:00:00,0.0,0.0
2030-10-13 15:00:00,0.0,0.0
2030-10-13 16:00:00,0.0,0.0
2030-10-13 17:00:00,0.0,0.0
2030-10-13 18:00:00,0.0,0.0
2030-10-13 19:00:00,0.0,0.0
2030-10-13 20:00:00,0.0,0.0
2030-10-13 21:00:00,0.0,0.0
2030-10-13 22:00:00,0.0,0.0
2030-10-13 23:00:00,0.0,0.0
2030-10-14 00:00:00,0.0,0.0
2030-10-14 01:00:00,0.0,0.0
2030-10-14 02:00:00,0.0,1.4544562500000002
2030-10-14 03:00:00,0.0,59.63270625000002
2030-10-14 04:00:00,0.0,145.93044375000002
2030-10-14 05:00:00,0.0,227.37999375000004
2030-10-14 06:00:00,0.0,278.77078125
2030-10-14 07:00:00,0.0,307.85990625000005
2030-10-14 08:00:00,0.0,324.3437437500001
2030-10-14 09:00:00,0.0,312.70809375000005
2030-10-14 10:00:00,0.0,274.4074125000001
2030-10-14 11:00:00,0.0,211.38097500000003
2030-10-14 12:00:00,0.0,123.62878125000003
2030-10-14 13:00:00,0.0,20.847206250000003
2030-10-14 14:00:00,0.0,0.0
2030-10-14 15:00:00,0.0,0.0
2030-10-14 16:00:00,0.0,0.0
2030-10-14 17:00:00,0.0,0.0
2030-10-14 18:00:00,0.0,0.0
2030-10-14 19:00:00,0.0,0.0
2030-10-14 20:00:00,0.0,0.0
2030-10-14 21:00:00,0.0,0.0
2030-10-14 22:00:00,0.0,0.0
2030-10-14 23:00:00,0.0,0.0
2030-10-15 00:00:00,0.0,0.0
2030-10-15 01:00:00,0.0,0.0
2030-10-15 02:00:00,0.0,5.333006250000001
2030-10-15 03:00:00,0.0,93.08520000000001
2030-10-15 04:00:00,0.0,193.92750000000004
2030-10-15 05:00:00,0.0,279.74041875000006
2030-10-15 06:00:00,0.0,331.1312062500001
2030-10-15 07:00:00,0.0,357.7962375
2030-10-15 08:00:00,0.0,358.2810562500001
2030-10-15 09:00:00,0.0,338.40348750000004
2030-10-15 10:00:00,0.0,294.28498125000004
2030-10-15 11:00:00,0.0,225.92553750000005
2030-10-15 12:00:00,0.0,131.87070000000003
2030-10-15 13:00:00,0.0,24.240937500000005
2030-10-15 14:00:00,0.0,0.0
2030-10-15 15:00:00,0.0,0.0
2030-10-15 16:00:00,0.0,0.0
2030-10-15 17:00:00,0.0,0.0
2030-10-15 18:00:00,0.0,0.0
2030-10-15 19:00:00,0.0,0.0
2030-10-15 20:00:00,0.0,0.0
2030-10-15 21:00:00,0.0,0.0
2030-10-15 22:00:00,0.0,0.0
2030-10-15 23:00:00,0.0,0.0
2030-10-16 00:00:00,0.0,0.0
2030-10-16 01:00:00,0.0,0.0
2030-10-16 02:00:00,0.0,4.848187500000001
2030-10-16 03:00:00,0.0,94.05483750000002
2030-10-16 04:00:00,0.0,197.32123125
2030-10-16 05:00:00,0.0,275.37705000000005
2030-10-16 06:00:00,0.0,324.3437437500001
2030-10-16 07:00:00,0.0,351.49359375000006
2030-10-16 08:00:00,0.0,355.37214375
2030-10-16 09:00:00,0.0,335.494575
2030-10-16 10:00:00,0.0,291.37606875000006
2030-10-16 11:00:00,0.0,222.04698750000003
2030-10-16 12:00:00,0.0,127.99215000000001
2030-10-16 13:00:00,0.0,22.301662500000003
2030-10-16 14:00:00,0.0,0.0
2030-10-16 15:00:00,0.0,0.0
2030-10-16 16:00:00,0.0,0.0
2030-10-16 17:00:00,0.0,0.0
2030-10-16 18:00:00,0.0,0.0
2030-10-16 19:00:00,0.0,0.0
2030-10-16 20:00:00,0.0,0.0
2030-10-16 21:00:00,0.0,0.0
2030-10-16 22:00:00,0.0,0.0
2030-10-16 23:00:00,0.0,0.0
2030-10-17 00:00:00,0.0,0.0
2030-10-17 01:00:00,0.0,0.0
2030-10-17 02:00:00,0.0,4.848187500000001
2030-10-17 03:00:00,0.0,96.96375000000002
2030-10-17 04:00:00,0.0,203.13905625000004
2030-10-17 05:00:00,0.0,282.16451250000006
2030-10-17 06:00:00,0.0,335.494575
2030-10-17 07:00:00,0.0,361.67478750000004
2030-10-17 08:00:00,0.0,364.5837000000001
2030-10-17 09:00:00,0.0,342.2820375
2030-10-17 10:00:00,0.0,297.19389375000003
2030-10-17 11:00:00,0.0,225.92553750000005
2030-10-17 12:00:00,0.0,129.44660625
2030-10-17 13:00:00,0.0,22.301662500000003
2030-10-17 14:00:00,0.0,0.0
2030-10-17 15:00:00,0.0,0.0
2030-10-17 16:00:00,0.0,0.0
2030-10-17 17:00:00,0.0,0.0
2030-10-17 18:00:00,0.0,0.0
2030-10-17 19:00:00,0.0,0.0
2030-10-17 20:00:00,0.0,0.0
2030-10-17 21:00:00,0.0,0.0
2030-10-17 22:00:00,0.0,0.0
2030-10-17 23:00:00,0.0,0.0
2030-10-18 00:00:00,0.0,0.0
2030-10-18 01:00:00,0.0,0.0
2030-10-18 02:00:00,0.0,5.333006250000001
2030-10-18 03:00:00,0.0,99.38784375000002
2030-10-18 04:00:00,0.0,204.5935125
2030-10-18 05:00:00,0.0,284.10378750000007
2030-10-18 06:00:00,0.0,335.00975625000007
2030-10-18 07:00:00,0.0,361.1899687500001
2030-10-18 08:00:00,0.0,364.09888125000003
2030-10-18 09:00:00,0.0,343.7364937500001
2030-10-18 10:00:00,0.0,300.10280625
2030-10-18 11:00:00,0.0,230.28890625000005
2030-10-18 12:00:00,0.0,135.26443125000003
2030-10-18 13:00:00,0.0,24.240937500000005
2030-10-18 14:00:00,0.0,0.0
2030-10-18 15:00:00,0.0,0.0
2030-10-18 16:00:00,0.0,0.0
2030-10-18 17:00:00,0.0,0.0
2030-10-18 18:00:00,0.0,0.0
2030-10-18 19:00:00,0.0,0.0
2030-10-18 20:00:00,0.0,0.0
2030-10-18 21:00:00,0.0,0.0
2030-10-18 22:00:00,0.0,0.0
2030-10-18 23:00:00,0.0,0.0
2030-10-19 00:00:00,0.0,0.0
2030-10-19 01:00:00,0.0,0.0
2030-10-19 02:00:00,0.0,4.848187500000001
2030-10-19 03:00:00,0.0,98.90302500000001
2030-10-19 04:00:00,0.0,204.10869375000004
2030-10-19 05:00:00,0.0,282.64933125000005
2030-10-19 06:00:00,0.0,330.1615687500001
2030-10-19 07:00:00,0.0,357.3114187500001
2030-10-19 08:00:00,0.0,361.1899687500001
2030-10-19 09:00:00,0.0,339.85794375000006
2030-10-19 10:00:00,0.0,296.22425625000005
2030-10-19 11:00:00,0.0,226.41035625000006
2030-10-19 12:00:00,0.0,131.87070000000003
2030-10-19 13:00:00,0.0,22.786481250000005
2030-10-19 14:00:00,0.0,0.0
2030-10-19 15:00:00,0.0,0.0
2030-10-19 16:00:00,0.0,0.0
2030-10-19 17:00:00,0.0,0.0
2030-10-19 18:00:00,0.0,0.0
2030-10-19 19:00:00,0.0,0.0
2030-10-19 20:00:00,0.0,0.0
2030-10-19 21:00:00,0.0,0.0
2030-10-19 22:00:00,0.0,0.0
2030-10-19 23:00:00,0.0,0.0
2030-10-20 00:00:00,0.0,0.0
2030-10-20 01:00:00,0.0,0.0
2030-10-20 02:00:00,0.0,4.848187500000001
2030-10-20 03:00:00,0.0,98.41820625000001
2030-10-20 04:00:00,0.0,204.10869375000004
2030-10-20 05:00:00,0.0,283.1341500000001
2030-10-20 06:00:00,0.0,332.1008437500001
2030-10-20 07:00:00,0.0,358.2810562500001
2030-10-20 08:00:00,0.0,361.1899687500001
2030-10-20 09:00:00,0.0,340.82758125000004
2030-10-20 10:00:00,0.0,296.22425625000005
2030-10-20 11:00:00,0.0,226.41035625000006
2030-10-20 12:00:00,0.0,130.90106250000002
2030-10-20 13:00:00,0.0,21.332025
2030-10-20 14:00:00,0.0,0.0
2030-10-20 15:00:00,0.0,0.0
2030-10-20 16:00:00,0.0,0.0
2030-10-20 17:00:00,0.0,0.0
2030-10-20 18:00:00,0.0,0.0
2030-10-20 19:00:00,0.0,0.0
2030-10-20 20:00:00,0.0,0.0
2030-10-20 21:00:00,0.0,0.0
2030-10-20 22:00:00,0.0,0.0
2030-10-20 23:00:00,0.0,0.0
2030-10-21 00:00:00,0.0,0.0
2030-10-21 01:00:00,0.0,0.0
2030-10-21 02:00:00,0.0,2.9089125000000005
2030-10-21 03:00:00,0.0,86.78255625000001
2030-10-21 04:00:00,0.0,191.98822500000003
2030-10-21 05:00:00,0.0,273.43777500000004
2030-10-21 06:00:00,0.0,327.7374750000001
2030-10-21 07:00:00,0.0,354.40250625000004
2030-10-21 08:00:00,0.0,357.7962375
2030-10-21 09:00:00,0.0,338.40348750000004
2030-10-21 10:00:00,0.0,294.76980000000003
2030-10-21 11:00:00,0.0,224.47108125000003
2030-10-21 12:00:00,0.0,128.9617875
2030-10-21 13:00:00,0.0,20.362387500000004
2030-10-21 14:00:00,0.0,0.0
2030-10-21 15:00:00,0.0,0.0
2030-10-21 16:00:00,0.0,0.0
2030-10-21 17:00:00,0.0,0.0
2030-10-21 18:00:00,0.0,0.0
2030-10-21 19:00:00,0.0,0.0
2030-10-21 20:00:00,0.0,0.0
2030-10-21 21:00:00,0.0,0.0
2030-10-21 22:00:00,0.0,0.0
2030-10-21 23:00:00,0.0,0.0
2030-10-22 00:00:00,0.0,0.0
2030-10-22 01:00:00,0.0,0.0
2030-10-22 02:00:00,0.0,2.9089125000000005
2030-10-22 03:00:00,0.0,86.29773750000003
2030-10-22 04:00:00,0.0,193.44268125000005
2030-10-22 05:00:00,0.0,275.86186875000004
2030-10-22 06:00:00,0.0,326.2830187500001
2030-10-22 07:00:00,0.0,354.40250625000004
2030-10-22 08:00:00,0.0,358.2810562500001
2030-10-22 09:00:00,0.0,337.91866875
2030-10-22 10:00:00,0.0,294.28498125000004
2030-10-22 11:00:00,0.0,223.98626250000004
2030-10-22 12:00:00,0.0,127.99215000000001
2030-10-22 13:00:00,0.0,19.392750000000003
2030-10-22 14:00:00,0.0,0.0
2030-10-22 15:00:00,0.0,0.0
2030-10-22 16:00:00,0.0,0.0
2030-10-22 17:00:00,0.0,0.0
2030-10-22 18:00:00,0.0,0.0
2030-10-22 19:00:00,0.0,0.0
2030-10-22 20:00:00,0.0,0.0
2030-10-22 21:00:00,0.0,0.0
2030-10-22 22:00:00,0.0,0.0
2030-10-22 23:00:00,0.0,0.0
2030-10-23 00:00:00,0.0,0.0
2030-10-23 01:00:00,0.0,0.0
2030-10-23 02:00:00,0.0,1.9392750000000003
2030-10-23 03:00:00,0.0,80.47991250000003
2030-10-23 04:00:00,0.0,184.71594375000004
2030-10-23 05:00:00,0.0,266.6503125000001
2030-10-23 06:00:00,0.0,319.01073750000006
2030-10-23 07:00:00,0.0,346.64540625000006
2030-10-23 08:00:00,0.0,350.03913750000004
2030-10-23 09:00:00,0.0,329.6767500000001
2030-10-23 10:00:00,0.0,285.07342500000004
2030-10-23 11:00:00,0.0,214.77470625000004
2030-10-23 12:00:00,0.0,120.71986875000002
2030-10-23 13:00:00,0.0,17.453475000000005
2030-10-23 14:00:00,0.0,0.0
2030-10-23 15:00:00,0.0,0.0
2030-10-23 16:00:00,0.0,0.0
2030-10-23 17:00:00,0.0,0.0
2030-10-23 18:00:00,0.0,0.0
2030-10-23 19:00:00,0.0,0.0
2030-10-23 20:00:00,0.0,0.0
2030-10-23 21:00:00,0.0,0.0
2030-10-23 22:00:00,0.0,0.0
2030-10-23 23:00:00,0.0,0.0
2030-10-24 00:00:00,0.0,0.0
2030-10-24 01:00:00,0.0,0.0
2030-10-24 02:00:00,0.0,2.4240937500000004
2030-10-24 03:00:00,0.0,87.26737500000003
2030-10-24 04:00:00,0.0,194.41231875000005
2030-10-24 05:00:00,0.0,274.89223125000007
2030-10-24 06:00:00,0.0,325.79820000000007
2030-10-24 07:00:00,0.0,352.94805
2030-10-24 08:00:00,0.0,356.34178125000005
2030-10-24 09:00:00,0.0,335.97939375000004
2030-10-24 10:00:00,0.0,291.86088750000005
2030-10-24 11:00:00,0.0,222.04698750000003
2030-10-24 12:00:00,0.0,127.02251250000002
2030-10-24 13:00:00,0.0,18.423112500000002
2030-10-24 14:00:00,0.0,0.0
2030-10-24 15:00:00,0.0,0.0
2030-10-24 16:00:00,0.0,0.0
2030-10-24 17:00:00,0.0,0.0
2030-10-24 18:00:00,0.0,0.0
2030-10-24 19:00:00,0.0,0.0
2030-10-24 20:00:00,0.0,0.0
2030-10-24 21:00:00,0.0,0.0
2030-10-24 22:00:00,0.0,0.0
2030-10-24 23:00:00,0.0,0.0
2030-10-25 00:00:00,0.0,0.0
2030-10-25 01:00:00,0.0,0.0
2030-10-25 02:00:00,0.0,2.9089125000000005
2030-10-25 03:00:00,0.0,95.50929375000003
2030-10-25 04:00:00,0.0,203.62387500000006
2030-10-25 05:00:00,0.0,283.6189687500001
2030-10-25 06:00:00,0.0,334.0401187500001
2030-10-25 07:00:00,0.0,360.2203312500001
2030-10-25 08:00:00,0.0,362.64442500000007
2030-10-25 09:00:00,0.0,342.2820375
2030-10-25 10:00:00,0.0,297.19389375000003
2030-10-25 11:00:00,0.0,225.92553750000005
2030-10-25 12:00:00,0.0,129.44660625
2030-10-25 13:00:00,0.0,18.423112500000002
2030-10-25 14:00:00,0.0,0.0
2030-10-25 15:00:00,0.0,0.0
2030-10-25 16:00:00,0.0,0.0
2030-10-25 17:00:00,0.0,0.0
2030-10-25 18:00:00,0.0,0.0
2030-10-25 19:00:00,0.0,0.0
2030-10-25 20:00:00,0.0,0.0
2030-10-25 21:00:00,0.0,0.0
2030-10-25 22:00:00,0.0,0.0
2030-10-25 23:00:00,0.0,0.0
2030-10-26 00:00:00,0.0,0.0
2030-10-26 01:00:00,0.0,0.0
2030-10-26 02:00:00,0.0,2.4240937500000004
2030-10-26 03:00:00,0.0,95.02447500000002
2030-10-26 04:00:00,0.0,204.10869375000004
2030-10-26 05:00:00,0.0,284.10378750000007
2030-10-26 06:00:00,0.0,333.55530000000005
2030-10-26 07:00:00,0.0,358.76587500000005
2030-10-26 08:00:00,0.0,361.67478750000004
2030-10-26 09:00:00,0.0,340.82758125000004
2030-10-26 10:00:00,0.0,296.22425625000005
2030-10-26 11:00:00,0.0,225.44071875000006
2030-10-26 12:00:00,0.0,129.93142500000002
2030-10-26 13:00:00,0.0,17.938293750000007
2030-10-26 14:00:00,0.0,0.0
2030-10-26 15:00:00,0.0,0.0
2030-10-26 16:00:00,0.0,0.0
2030-10-26 17:00:00,0.0,0.0
2030-10-26 18:00:00,0.0,0.0
2030-10-26 19:00:00,0.0,0.0
2030-10-26 20:00:00,0.0,0.0
2030-10-26 21:00:00,0.0,0.0
2030-10-26 22:00:00,0.0,0.0
2030-10-26 23:00:00,0.0,0.0
2030-10-27 00:00:00,0.0,0.0
2030-10-27 01:00:00,0.0,0.0
2030-10-27 02:00:00,0.0,1.9392750000000003
2030-10-27 03:00:00,0.0,91.63074375000001
2030-10-27 04:00:00,0.0,199.26050625000002
2030-10-27 05:00:00,0.0,279.74041875000006
2030-10-27 06:00:00,0.0,330.6463875000001
2030-10-27 07:00:00,0.0,357.7962375
2030-10-27 08:00:00,0.0,360.70515000000006
2030-10-27 09:00:00,0.0,340.3427625
2030-10-27 10:00:00,0.0,296.22425625000005
2030-10-27 11:00:00,0.0,225.44071875000006
2030-10-27 12:00:00,0.0,128.9617875
2030-10-27 13:00:00,0.0,17.453475000000005
2030-10-27 14:00:00,0.0,0.0
2030-10-27 15:00:00,0.0,0.0
2030-10-27 16:00:00,0.0,0.0
2030-10-27 17:00:00,0.0,0.0
2030-10-27 18:00:00,0.0,0.0
2030-10-27 19:00:00,0.0,0.0
2030-10-27 20:00:00,0.0,0.0
2030-10-27 21:00:00,0.0,0.0
2030-10-27 22:00:00,0.0,0.0
2030-10-27 23:00:00,0.0,0.0
2030-10-28 00:00:00,0.0,0.0
2030-10-28 01:00:00,0.0,0.0
2030-10-28 02:00:00,0.0,1.4544562500000002
2030-10-28 03:00:00,0.0,84.84328125000002
2030-10-28 04:00:00,0.0,191.50340625000004
2030-10-28 05:00:00,0.0,272.4681375
2030-10-28 06:00:00,0.0,324.82856250000003
2030-10-28 07:00:00,0.0,351.49359375000006
2030-10-28 08:00:00,0.0,353.91768750000006
2030-10-28 09:00:00,0.0,333.07048125000006
2030-10-28 10:00:00,0.0,287.0127000000001
2030-10-28 11:00:00,0.0,214.28988750000005
2030-10-28 12:00:00,0.0,115.87168125000001
2030-10-28 13:00:00,0.0,13.574925000000002
2030-10-28 14:00:00,0.0,0.0
2030-10-28 15:00:00,0.0,0.0
2030-10-28 16:00:00,0.0,0.0
2030-10-28 17:00:00,0.0,0.0
2030-10-28 18:00:00,0.0,0.0
2030-10-28 19:00:00,0.0,0.0
2030-10-28 20:00:00,0.0,0.0
2030-10-28 21:00:00,0.0,0.0
2030-10-28 22:00:00,0.0,0.0
2030-10-28 23:00:00,0.0,0.0
2030-10-29 00:00:00,0.0,0.0
2030-10-29 01:00:00,0.0,0.0
2030-10-29 02:00:00,0.0,0.9696375000000002
2030-10-29 03:00:00,0.0,78.05581875000003
2030-10-29 04:00:00,0.0,188.59449375000003
2030-10-29 05:00:00,0.0,270.04404375000007
2030-10-29 06:00:00,0.0,319.01073750000006
2030-10-29 07:00:00,0.0,345.1909500000001
2030-10-29 08:00:00,0.0,346.64540625000006
2030-10-29 09:00:00,0.0,324.82856250000003
2030-10-29 10:00:00,0.0,277.80114375000005
2030-10-29 11:00:00,0.0,203.62387500000006
2030-10-29 12:00:00,0.0,103.75121250000002
2030-10-29 13:00:00,0.0,9.696375000000002
2030-10-29 14:00:00,0.0,0.0
2030-10-29 15:00:00,0.0,0.0
2030-10-29 16:00:00,0.0,0.0
2030-10-29 17:00:00,0.0,0.0
2030-10-29 18:00:00,0.0,0.0
2030-10-29 19:00:00,0.0,0.0
2030-10-29 20:00:00,0.0,0.0
2030-10-29 21:00:00,0.0,0.0
2030-10-29 22:00:00,0.0,0.0
2030-10-29 23:00:00,0.0,0.0
2030-10-30 00:00:00,0.0,0.0
2030-10-30 01:00:00,0.0,0.0
2030-10-30 02:00:00,0.0,0.4848187500000001
2030-10-30 03:00:00,0.0,81.93436875000002
2030-10-30 04:00:00,0.0,189.07931250000004
2030-10-30 05:00:00,0.0,269.5592250000001
2030-10-30 06:00:00,0.0,319.4955562500001
2030-10-30 07:00:00,0.0,344.22131250000007
2030-10-30 08:00:00,0.0,343.25167500000003
2030-10-30 09:00:00,0.0,304.95099375000007
2030-10-30 10:00:00,0.0,233.19781875000004
2030-10-30 11:00:00,0.0,144.96080625000002
2030-10-30 12:00:00,0.0,63.996075000000005
2030-10-30 13:00:00,0.0,4.848187500000001
2030-10-30 14:00:00,0.0,0.0
2030-10-30 15:00:00,0.0,0.0
2030-10-30 16:00:00,0.0,0.0
2030-10-30 17:00:00,0.0,0.0
2030-10-30 18:00:00,0.0,0.0
2030-10-30 19:00:00,0.0,0.0
2030-10-30 20:00:00,0.0,0.0
2030-10-30 21:00:00,0.0,0.0
2030-10-30 22:00:00,0.0,0.0
2030-10-30 23:00:00,0.0,0.0
2030-10-31 00:00:00,0.0,0.0
2030-10-31 01:00:00,0.0,0.0
2030-10-31 02:00:00,0.0,0.0
2030-10-31 03:00:00,0.0,57.69343125000001
2030-10-31 04:00:00,0.0,139.62780000000004
2030-10-31 05:00:00,0.0,222.53180625000002
2030-10-31 06:00:00,0.0,286.52788125000006
2030-10-31 07:00:00,0.0,312.70809375000005
2030-10-31 08:00:00,0.0,313.6777312500001
2030-10-31 09:00:00,0.0,295.2546187500001
2030-10-31 10:00:00,0.0,243.86383125000003
2030-10-31 11:00:00,0.0,168.71692500000003
2030-10-31 12:00:00,0.0,89.20665000000001
2030-10-31 13:00:00,0.0,6.787462500000002
2030-10-31 14:00:00,0.0,0.0
2030-10-31 15:00:00,0.0,0.0
2030-10-31 16:00:00,0.0,0.0
2030-10-31 17:00:00,0.0,0.0
2030-10-31 18:00:00,0.0,0.0
2030-10-31 19:00:00,0.0,0.0
2030-10-31 20:00:00,0.0,0.0
2030-10-31 21:00:00,0.0,0.0
2030-10-31 22:00:00,0.0,0.0
2030-10-31 23:00:00,0.0,0.0
2030-11-01 00:00:00,0.0,0.0
2030-11-01 01:00:00,0.0,0.0
2030-11-01 02:00:00,0.0,0.0
2030-11-01 03:00:00,0.0,66.42016875
2030-11-01 04:00:00,0.0,182.29185000000004
2030-11-01 05:00:00,0.0,257.923575
2030-11-01 06:00:00,0.0,314.16255000000007
2030-11-01 07:00:00,0.0,352.94805
2030-11-01 08:00:00,0.0,359.25069375000004
2030-11-01 09:00:00,0.0,339.85794375000006
2030-11-01 10:00:00,0.0,296.22425625000005
2030-11-01 11:00:00,0.0,226.89517500000002
2030-11-01 12:00:00,0.0,131.87070000000003
2030-11-01 13:00:00,0.0,16.483837500000003
2030-11-01 14:00:00,0.0,0.0
2030-11-01 15:00:00,0.0,0.0
2030-11-01 16:00:00,0.0,0.0
2030-11-01 17:00:00,0.0,0.0
2030-11-01 18:00:00,0.0,0.0
2030-11-01 19:00:00,0.0,0.0
2030-11-01 20:00:00,0.0,0.0
2030-11-01 21:00:00,0.0,0.0
2030-11-01 22:00:00,0.0,0.0
2030-11-01 23:00:00,0.0,0.0
2030-11-02 00:00:00,0.0,0.0
2030-11-02 01:00:00,0.0,0.0
2030-11-02 02:00:00,0.0,0.4848187500000001
2030-11-02 03:00:00,0.0,82.41918750000002
2030-11-02 04:00:00,0.0,188.10967500000004
2030-11-02 05:00:00,0.0,268.58958750000005
2030-11-02 06:00:00,0.0,321.9196500000001
2030-11-02 07:00:00,0.0,348.5846812500001
2030-11-02 08:00:00,0.0,351.97841250000005
2030-11-02 09:00:00,0.0,332.1008437500001
2030-11-02 10:00:00,0.0,287.49751875000004
2030-11-02 11:00:00,0.0,217.19880000000006
2030-11-02 12:00:00,0.0,122.17432500000001
2030-11-02 13:00:00,0.0,13.574925000000002
2030-11-02 14:00:00,0.0,0.0
2030-11-02 15:00:00,0.0,0.0
2030-11-02 16:00:00,0.0,0.0
2030-11-02 17:00:00,0.0,0.0
2030-11-02 18:00:00,0.0,0.0
2030-11-02 19:00:00,0.0,0.0
2030-11-02 20:00:00,0.0,0.0
2030-11-02 21:00:00,0.0,0.0
2030-11-02 22:00:00,0.0,0.0
2030-11-02 23:00:00,0.0,0.0
2030-11-03 00:00:00,0.0,0.0
2030-11-03 01:00:00,0.0,0.0
2030-11-03 02:00:00,0.0,0.0
2030-11-03 03:00:00,0.0,77.08618125000002
2030-11-03 04:00:00,0.0,183.74630625000003
2030-11-03 05:00:00,0.0,265.1958562500001
2030-11-03 06:00:00,0.0,319.98037500000004
2030-11-03 07:00:00,0.0,347.61504375000004
2030-11-03 08:00:00,0.0,351.00877500000007
2030-11-03 09:00:00,0.0,331.1312062500001
2030-11-03 10:00:00,0.0,287.49751875000004
2030-11-03 11:00:00,0.0,217.19880000000006
2030-11-03 12:00:00,0.0,121.68950625000004
2030-11-03 13:00:00,0.0,13.090106250000002
2030-11-03 14:00:00,0.0,0.0
2030-11-03 15:00:00,0.0,0.0
2030-11-03 16:00:00,0.0,0.0
2030-11-03 17:00:00,0.0,0.0
2030-11-03 18:00:00,0.0,0.0
2030-11-03 19:00:00,0.0,0.0
2030-11-03 20:00:00,0.0,0.0
2030-11-03 21:00:00,0.0,0.0
2030-11-03 22:00:00,0.0,0.0
2030-11-03 23:00:00,0.0,0.0
2030-11-04 00:00:00,0.0,0.0
2030-11-04 01:00:00,0.0,0.0
2030-11-04 02:00:00,0.0,0.0
2030-11-04 03:00:00,0.0,75.631725
2030-11-04 04:00:00,0.0,182.77666875000006
2030-11-04 05:00:00,0.0,265.1958562500001
2030-11-04 06:00:00,0.0,316.1018250000001
2030-11-04 07:00:00,0.0,344.22131250000007
2030-11-04 08:00:00,0.0,348.0998625000001
2030-11-04 09:00:00,0.0,329.6767500000001
2030-11-04 10:00:00,0.0,284.5886062500001
2030-11-04 11:00:00,0.0,212.35061250000004
2030-11-04 12:00:00,0.0,114.41722500000003
2030-11-04 13:00:00,0.0,11.150831250000001
2030-11-04 14:00:00,0.0,0.0
2030-11-04 15:00:00,0.0,0.0
2030-11-04 16:00:00,0.0,0.0
2030-11-04 17:00:00,0.0,0.0
2030-11-04 18:00:00,0.0,0.0
2030-11-04 19:00:00,0.0,0.0
2030-11-04 20:00:00,0.0,0.0
2030-11-04 21:00:00,0.0,0.0
2030-11-04 22:00:00,0.0,0.0
2030-11-04 23:00:00,0.0,0.0
2030-11-05 00:00:00,0.0,0.0
2030-11-05 01:00:00,0.0,0.0
2030-11-05 02:00:00,0.0,0.0
2030-11-05 03:00:00,0.0,68.35944375
2030-11-05 04:00:00,0.0,179.86775625000004
2030-11-05 05:00:00,0.0,267.13513125000003
2030-11-05 06:00:00,0.0,319.98037500000004
2030-11-05 07:00:00,0.0,347.61504375000004
2030-11-05 08:00:00,0.0,350.03913750000004
2030-11-05 09:00:00,0.0,329.19193125000004
2030-11-05 10:00:00,0.0,283.1341500000001
2030-11-05 11:00:00,0.0,210.41133750000003
2030-11-05 12:00:00,0.0,111.99313125000002
2030-11-05 13:00:00,0.0,9.696375000000002
2030-11-05 14:00:00,0.0,0.0
2030-11-05 15:00:00,0.0,0.0
2030-11-05 16:00:00,0.0,0.0
2030-11-05 17:00:00,0.0,0.0
2030-11-05 18:00:00,0.0,0.0
2030-11-05 19:00:00,0.0,0.0
2030-11-05 20:00:00,0.0,0.0
2030-11-05 21:00:00,0.0,0.0
2030-11-05 22:00:00,0.0,0.0
2030-11-05 23:00:00,0.0,0.0
2030-11-06 00:00:00,0.0,0.0
2030-11-06 01:00:00,0.0,0.0
2030-11-06 02:00:00,0.0,0.0
2030-11-06 03:00:00,0.0,69.81390000000002
2030-11-06 04:00:00,0.0,172.59547500000005
2030-11-06 05:00:00,0.0,252.10575000000006
2030-11-06 06:00:00,0.0,316.1018250000001
2030-11-06 07:00:00,0.0,344.70613125
2030-11-06 08:00:00,0.0,347.13022500000005
2030-11-06 09:00:00,0.0,328.22229375000006
2030-11-06 10:00:00,0.0,283.1341500000001
2030-11-06 11:00:00,0.0,211.86579375000005
2030-11-06 12:00:00,0.0,115.87168125000001
2030-11-06 13:00:00,0.0,10.6660125
2030-11-06 14:00:00,0.0,0.0
2030-11-06 15:00:00,0.0,0.0
2030-11-06 16:00:00,0.0,0.0
2030-11-06 17:00:00,0.0,0.0
2030-11-06 18:00:00,0.0,0.0
2030-11-06 19:00:00,0.0,0.0
2030-11-06 20:00:00,0.0,0.0
2030-11-06 21:00:00,0.0,0.0
2030-11-06 22:00:00,0.0,0.0
2030-11-06 23:00:00,0.0,0.0
2030-11-07 00:00:00,0.0,0.0
2030-11-07 01:00:00,0.0,0.0
2030-11-07 02:00:00,0.0,0.0
2030-11-07 03:00:00,0.0,75.14690625000001
2030-11-07 04:00:00,0.0,180.83739375000002
2030-11-07 05:00:00,0.0,262.7717625000001
2030-11-07 06:00:00,0.0,319.01073750000006
2030-11-07 07:00:00,0.0,345.67576875000003
2030-11-07 08:00:00,0.0,349.55431875000005
2030-11-07 09:00:00,0.0,323.858925
2030-11-07 10:00:00,0.0,278.28596250000004
2030-11-07 11:00:00,0.0,184.71594375000004
2030-11-07 12:00:00,0.0,88.2370125
2030-11-07 13:00:00,0.0,5.333006250000001
2030-11-07 14:00:00,0.0,0.0
2030-11-07 15:00:00,0.0,0.0
2030-11-07 16:00:00,0.0,0.0
2030-11-07 17:00:00,0.0,0.0
2030-11-07 18:00:00,0.0,0.0
2030-11-07 19:00:00,0.0,0.0
2030-11-07 20:00:00,0.0,0.0
2030-11-07 21:00:00,0.0,0.0
2030-11-07 22:00:00,0.0,0.0
2030-11-07 23:00:00,0.0,0.0
2030-11-08 00:00:00,0.0,0.0
2030-11-08 01:00:00,0.0,0.0
2030-11-08 02:00:00,0.0,0.0
2030-11-08 03:00:00,0.0,72.7228125
2030-11-08 04:00:00,0.0,177.92848125000006
2030-11-08 05:00:00,0.0,256.46911875
2030-11-08 06:00:00,0.0,316.1018250000001
2030-11-08 07:00:00,0.0,343.7364937500001
2030-11-08 08:00:00,0.0,332.5856625000001
2030-11-08 09:00:00,0.0,274.4074125000001
2030-11-08 10:00:00,0.0,223.01662500000003
2030-11-08 11:00:00,0.0,185.68558125
2030-11-08 12:00:00,0.0,101.81193750000003
2030-11-08 13:00:00,0.0,8.726737500000002
2030-11-08 14:00:00,0.0,0.0
2030-11-08 15:00:00,0.0,0.0
2030-11-08 16:00:00,0.0,0.0
2030-11-08 17:00:00,0.0,0.0
2030-11-08 18:00:00,0.0,0.0
2030-11-08 19:00:00,0.0,0.0
2030-11-08 20:00:00,0.0,0.0
2030-11-08 21:00:00,0.0,0.0
2030-11-08 22:00:00,0.0,0.0
2030-11-08 23:00:00,0.0,0.0
2030-11-09 00:00:00,0.0,0.0
2030-11-09 01:00:00,0.0,0.0
2030-11-09 02:00:00,0.0,0.0
2030-11-09 03:00:00,0.0,52.84524375000001
2030-11-09 04:00:00,0.0,167.26246875000004
2030-11-09 05:00:00,0.0,256.46911875
2030-11-09 06:00:00,0.0,304.95099375000007
2030-11-09 07:00:00,0.0,338.40348750000004
2030-11-09 08:00:00,0.0,350.5239562500001
2030-11-09 09:00:00,0.0,336.4642125000001
2030-11-09 10:00:00,0.0,292.3457062500001
2030-11-09 11:00:00,0.0,221.07735000000005
2030-11-09 12:00:00,0.0,124.59841875000002
2030-11-09 13:00:00,0.0,11.635650000000002
2030-11-09 14:00:00,0.0,0.0
2030-11-09 15:00:00,0.0,0.0
2030-11-09 16:00:00,0.0,0.0
2030-11-09 17:00:00,0.0,0.0
2030-11-09 18:00:00,0.0,0.0
2030-11-09 19:00:00,0.0,0.0
2030-11-09 20:00:00,0.0,0.0
2030-11-09 21:00:00,0.0,0.0
2030-11-09 22:00:00,0.0,0.0
2030-11-09 23:00:00,0.0,0.0
2030-11-10 00:00:00,0.0,0.0
2030-11-10 01:00:00,0.0,0.0
2030-11-10 02:00:00,0.0,0.0
2030-11-10 03:00:00,0.0,60.11752500000001
2030-11-10 04:00:00,0.0,178.41330000000002
2030-11-10 05:00:00,0.0,252.59056875000005
2030-11-10 06:00:00,0.0,324.82856250000003
2030-11-10 07:00:00,0.0,354.8873250000001
2030-11-10 08:00:00,0.0,358.2810562500001
2030-11-10 09:00:00,0.0,337.91866875
2030-11-10 10:00:00,0.0,293.31534375
2030-11-10 11:00:00,0.0,222.04698750000003
2030-11-10 12:00:00,0.0,123.14396250000001
2030-11-10 13:00:00,0.0,10.6660125
2030-11-10 14:00:00,0.0,0.0
2030-11-10 15:00:00,0.0,0.0
2030-11-10 16:00:00,0.0,0.0
2030-11-10 17:00:00,0.0,0.0
2030-11-10 18:00:00,0.0,0.0
2030-11-10 19:00:00,0.0,0.0
2030-11-10 20:00:00,0.0,0.0
2030-11-10 21:00:00,0.0,0.0
2030-11-10 22:00:00,0.0,0.0
2030-11-10 23:00:00,0.0,0.0
2030-11-11 00:00:00,0.0,0.0
2030-11-11 01:00:00,0.0,0.0
2030-11-11 02:00:00,0.0,0.0
2030-11-11 03:00:00,0.0,72.23799375000002
2030-11-11 04:00:00,0.0,178.41330000000002
2030-11-11 05:00:00,0.0,261.80212500000005
2030-11-11 06:00:00,0.0,317.5562812500001
2030-11-11 07:00:00,0.0,345.67576875000003
2030-11-11 08:00:00,0.0,349.55431875000005
2030-11-11 09:00:00,0.0,327.2526562500001
2030-11-11 10:00:00,0.0,278.28596250000004
2030-11-11 11:00:00,0.0,200.23014375
2030-11-11 12:00:00,0.0,80.47991250000003
2030-11-11 13:00:00,0.0,2.9089125000000005
2030-11-11 14:00:00,0.0,0.0
2030-11-11 15:00:00,0.0,0.0
2030-11-11 16:00:00,0.0,0.0
2030-11-11 17:00:00,0.0,0.0
2030-11-11 18:00:00,0.0,0.0
2030-11-11 19:00:00,0.0,0.0
2030-11-11 20:00:00,0.0,0.0
2030-11-11 21:00:00,0.0,0.0
2030-11-11 22:00:00,0.0,0.0
2030-11-11 23:00:00,0.0,0.0
2030-11-12 00:00:00,0.0,0.0
2030-11-12 01:00:00,0.0,0.0
2030-11-12 02:00:00,0.0,0.0
2030-11-12 03:00:00,0.0,64.48089375
2030-11-12 04:00:00,0.0,168.23210625000002
2030-11-12 05:00:00,0.0,245.80310625000007
2030-11-12 06:00:00,0.0,297.6787125000001
2030-11-12 07:00:00,0.0,321.9196500000001
2030-11-12 08:00:00,0.0,321.9196500000001
2030-11-12 09:00:00,0.0,297.6787125000001
2030-11-12 10:00:00,0.0,244.83346875000004
2030-11-12 11:00:00,0.0,167.26246875000004
2030-11-12 12:00:00,0.0,74.66208750000001
2030-11-12 13:00:00,0.0,4.363368750000001
2030-11-12 14:00:00,0.0,0.0
2030-11-12 15:00:00,0.0,0.0
2030-11-12 16:00:00,0.0,0.0
2030-11-12 17:00:00,0.0,0.0
2030-11-12 18:00:00,0.0,0.0
2030-11-12 19:00:00,0.0,0.0
2030-11-12 20:00:00,0.0,0.0
2030-11-12 21:00:00,0.0,0.0
2030-11-12 22:00:00,0.0,0.0
2030-11-12 23:00:00,0.0,0.0
2030-11-13 00:00:00,0.0,0.0
2030-11-13 01:00:00,0.0,0.0
2030-11-13 02:00:00,0.0,0.0
2030-11-13 03:00:00,0.0,62.54161875000001
2030-11-13 04:00:00,0.0,164.83837500000004
2030-11-13 05:00:00,0.0,245.80310625000007
2030-11-13 06:00:00,0.0,295.73943750000007
2030-11-13 07:00:00,0.0,319.4955562500001
2030-11-13 08:00:00,0.0,314.16255000000007
2030-11-13 09:00:00,0.0,271.01368125000005
2030-11-13 10:00:00,0.0,211.86579375000005
2030-11-13 11:00:00,0.0,131.38588125000004
2030-11-13 12:00:00,0.0,59.63270625000002
2030-11-13 13:00:00,0.0,5.333006250000001
2030-11-13 14:00:00,0.0,0.0
2030-11-13 15:00:00,0.0,0.0
2030-11-13 16:00:00,0.0,0.0
2030-11-13 17:00:00,0.0,0.0
2030-11-13 18:00:00,0.0,0.0
2030-11-13 19:00:00,0.0,0.0
2030-11-13 20:00:00,0.0,0.0
2030-11-13 21:00:00,0.0,0.0
2030-11-13 22:00:00,0.0,0.0
2030-11-13 23:00:00,0.0,0.0
2030-11-14 00:00:00,0.0,0.0
2030-11-14 01:00:00,0.0,0.0
2030-11-14 02:00:00,0.0,0.0
2030-11-14 03:00:00,0.0,73.69245000000001
2030-11-14 04:00:00,0.0,182.77666875000006
2030-11-14 05:00:00,0.0,266.6503125000001
2030-11-14 06:00:00,0.0,320.95001250000007
2030-11-14 07:00:00,0.0,346.64540625000006
2030-11-14 08:00:00,0.0,350.5239562500001
2030-11-14 09:00:00,0.0,331.1312062500001
2030-11-14 10:00:00,0.0,285.07342500000004
2030-11-14 11:00:00,0.0,207.50242500000004
2030-11-14 12:00:00,0.0,111.02349375000001
2030-11-14 13:00:00,0.0,7.757100000000001
2030-11-14 14:00:00,0.0,0.0
2030-11-14 15:00:00,0.0,0.0
2030-11-14 16:00:00,0.0,0.0
2030-11-14 17:00:00,0.0,0.0
2030-11-14 18:00:00,0.0,0.0
2030-11-14 19:00:00,0.0,0.0
2030-11-14 20:00:00,0.0,0.0
2030-11-14 21:00:00,0.0,0.0
2030-11-14 22:00:00,0.0,0.0
2030-11-14 23:00:00,0.0,0.0
2030-11-15 00:00:00,0.0,0.0
2030-11-15 01:00:00,0.0,0.0
2030-11-15 02:00:00,0.0,0.0
2030-11-15 03:00:00,0.0,76.60136250000001
2030-11-15 04:00:00,0.0,189.07931250000004
2030-11-15 05:00:00,0.0,271.9833187500001
2030-11-15 06:00:00,0.0,326.7678375000001
2030-11-15 07:00:00,0.0,354.40250625000004
2030-11-15 08:00:00,0.0,358.2810562500001
2030-11-15 09:00:00,0.0,338.40348750000004
2030-11-15 10:00:00,0.0,293.80016250000006
2030-11-15 11:00:00,0.0,223.01662500000003
2030-11-15 12:00:00,0.0,124.11360000000002
2030-11-15 13:00:00,0.0,8.726737500000002
2030-11-15 14:00:00,0.0,0.0
2030-11-15 15:00:00,0.0,0.0
2030-11-15 16:00:00,0.0,0.0
2030-11-15 17:00:00,0.0,0.0
2030-11-15 18:00:00,0.0,0.0
2030-11-15 19:00:00,0.0,0.0
2030-11-15 20:00:00,0.0,0.0
2030-11-15 21:00:00,0.0,0.0
2030-11-15 22:00:00,0.0,0.0
2030-11-15 23:00:00,0.0,0.0
2030-11-16 00:00:00,0.0,0.0
2030-11-16 01:00:00,0.0,0.0
2030-11-16 02:00:00,0.0,0.0
2030-11-16 03:00:00,0.0,79.99509375000001
2030-11-16 04:00:00,0.0,191.01858750000005
2030-11-16 05:00:00,0.0,272.95295625000006
2030-11-16 06:00:00,0.0,329.19193125000004
2030-11-16 07:00:00,0.0,358.2810562500001
2030-11-16 08:00:00,0.0,361.67478750000004
2030-11-16 09:00:00,0.0,341.3124000000001
2030-11-16 10:00:00,0.0,296.7090750000001
2030-11-16 11:00:00,0.0,225.44071875000006
2030-11-16 12:00:00,0.0,127.99215000000001
2030-11-16 13:00:00,0.0,10.181193750000002
2030-11-16 14:00:00,0.0,0.0
2030-11-16 15:00:00,0.0,0.0
2030-11-16 16:00:00,0.0,0.0
2030-11-16 17:00:00,0.0,0.0
2030-11-16 18:00:00,0.0,0.0
2030-11-16 19:00:00,0.0,0.0
2030-11-16 20:00:00,0.0,0.0
2030-11-16 21:00:00,0.0,0.0
2030-11-16 22:00:00,0.0,0.0
2030-11-16 23:00:00,0.0,0.0
2030-11-17 00:00:00,0.0,0.0
2030-11-17 01:00:00,0.0,0.0
2030-11-17 02:00:00,0.0,0.0
2030-11-17 03:00:00,0.0,84.84328125000002
2030-11-17 04:00:00,0.0,196.35159375000003
2030-11-17 05:00:00,0.0,279.2556000000001
2030-11-17 06:00:00,0.0,333.07048125000006
2030-11-17 07:00:00,0.0,359.7355125000001
2030-11-17 08:00:00,0.0,362.64442500000007
2030-11-17 09:00:00,0.0,342.2820375
2030-11-17 10:00:00,0.0,296.7090750000001
2030-11-17 11:00:00,0.0,224.95590000000004
2030-11-17 12:00:00,0.0,126.05287500000003
2030-11-17 13:00:00,0.0,9.211556250000001
2030-11-17 14:00:00,0.0,0.0
2030-11-17 15:00:00,0.0,0.0
2030-11-17 16:00:00,0.0,0.0
2030-11-17 17:00:00,0.0,0.0
2030-11-17 18:00:00,0.0,0.0
2030-11-17 19:00:00,0.0,0.0
2030-11-17 20:00:00,0.0,0.0
2030-11-17 21:00:00,0.0,0.0
2030-11-17 22:00:00,0.0,0.0
2030-11-17 23:00:00,0.0,0.0
2030-11-18 00:00:00,0.0,0.0
2030-11-18 01:00:00,0.0,0.0
2030-11-18 02:00:00,0.0,0.0
2030-11-18 03:00:00,0.0,45.57296250000001
2030-11-18 04:00:00,0.0,135.26443125000003
2030-11-18 05:00:00,0.0,221.07735000000005
2030-11-18 06:00:00,0.0,274.89223125000007
2030-11-18 07:00:00,0.0,296.22425625000005
2030-11-18 08:00:00,0.0,282.64933125000005
2030-11-18 09:00:00,0.0,247.25756250000006
2030-11-18 10:00:00,0.0,193.44268125000005
2030-11-18 11:00:00,0.0,131.87070000000003
2030-11-18 12:00:00,0.0,63.511256250000024
2030-11-18 13:00:00,0.0,1.9392750000000003
2030-11-18 14:00:00,0.0,0.0
2030-11-18 15:00:00,0.0,0.0
2030-11-18 16:00:00,0.0,0.0
2030-11-18 17:00:00,0.0,0.0
2030-11-18 18:00:00,0.0,0.0
2030-11-18 19:00:00,0.0,0.0
2030-11-18 20:00:00,0.0,0.0
2030-11-18 21:00:00,0.0,0.0
2030-11-18 22:00:00,0.0,0.0
2030-11-18 23:00:00,0.0,0.0
2030-11-19 00:00:00,0.0,0.0
2030-11-19 01:00:00,0.0,0.0
2030-11-19 02:00:00,0.0,0.0
2030-11-19 03:00:00,0.0,54.29970000000001
2030-11-19 04:00:00,0.0,126.53769375000003
2030-11-19 05:00:00,0.0,193.92750000000004
2030-11-19 06:00:00,0.0,238.53082500000008
2030-11-19 07:00:00,0.0,264.22621875000004
2030-11-19 08:00:00,0.0,287.9823375
2030-11-19 09:00:00,0.0,308.3447250000001
2030-11-19 10:00:00,0.0,279.2556000000001
2030-11-19 11:00:00,0.0,207.98724375000003
2030-11-19 12:00:00,0.0,97.93338750000004
2030-11-19 13:00:00,0.0,3.8785500000000006
2030-11-19 14:00:00,0.0,0.0
2030-11-19 15:00:00,0.0,0.0
2030-11-19 16:00:00,0.0,0.0
2030-11-19 17:00:00,0.0,0.0
2030-11-19 18:00:00,0.0,0.0
2030-11-19 19:00:00,0.0,0.0
2030-11-19 20:00:00,0.0,0.0
2030-11-19 21:00:00,0.0,0.0
2030-11-19 22:00:00,0.0,0.0
2030-11-19 23:00:00,0.0,0.0
2030-11-20 00:00:00,0.0,0.0
2030-11-20 01:00:00,0.0,0.0
2030-11-20 02:00:00,0.0,0.0
2030-11-20 03:00:00,0.0,53.814881250000006
2030-11-20 04:00:00,0.0,160.47500625000004
2030-11-20 05:00:00,0.0,243.37901250000007
2030-11-20 06:00:00,0.0,286.0430625000001
2030-11-20 07:00:00,0.0,319.98037500000004
2030-11-20 08:00:00,0.0,334.5249375000001
2030-11-20 09:00:00,0.0,317.5562812500001
2030-11-20 10:00:00,0.0,269.5592250000001
2030-11-20 11:00:00,0.0,192.95786250000003
2030-11-20 12:00:00,0.0,83.38882500000001
2030-11-20 13:00:00,0.0,3.393731250000001
2030-11-20 14:00:00,0.0,0.0
2030-11-20 15:00:00,0.0,0.0
2030-11-20 16:00:00,0.0,0.0
2030-11-20 17:00:00,0.0,0.0
2030-11-20 18:00:00,0.0,0.0
2030-11-20 19:00:00,0.0,0.0
2030-11-20 20:00:00,0.0,0.0
2030-11-20 21:00:00,0.0,0.0
2030-11-20 22:00:00,0.0,0.0
2030-11-20 23:00:00,0.0,0.0
2030-11-21 00:00:00,0.0,0.0
2030-11-21 01:00:00,0.0,0.0
2030-11-21 02:00:00,0.0,0.0
2030-11-21 03:00:00,0.0,53.814881250000006
2030-11-21 04:00:00,0.0,152.71790625000003
2030-11-21 05:00:00,0.0,238.53082500000008
2030-11-21 06:00:00,0.0,283.1341500000001
2030-11-21 07:00:00,0.0,308.3447250000001
2030-11-21 08:00:00,0.0,307.85990625000005
2030-11-21 09:00:00,0.0,278.77078125
2030-11-21 10:00:00,0.0,233.19781875000004
2030-11-21 11:00:00,0.0,159.50536875000003
2030-11-21 12:00:00,0.0,59.14788750000001
2030-11-21 13:00:00,0.0,0.9696375000000002
2030-11-21 14:00:00,0.0,0.0
2030-11-21 15:00:00,0.0,0.0
2030-11-21 16:00:00,0.0,0.0
2030-11-21 17:00:00,0.0,0.0
2030-11-21 18:00:00,0.0,0.0
2030-11-21 19:00:00,0.0,0.0
2030-11-21 20:00:00,0.0,0.0
2030-11-21 21:00:00,0.0,0.0
2030-11-21 22:00:00,0.0,0.0
2030-11-21 23:00:00,0.0,0.0
2030-11-22 00:00:00,0.0,0.0
2030-11-22 01:00:00,0.0,0.0
2030-11-22 02:00:00,0.0,0.0
2030-11-22 03:00:00,0.0,47.51223750000001
2030-11-22 04:00:00,0.0,152.23308750000004
2030-11-22 05:00:00,0.0,243.86383125000003
2030-11-22 06:00:00,0.0,308.8295437500001
2030-11-22 07:00:00,0.0,335.97939375000004
2030-11-22 08:00:00,0.0,337.91866875
2030-11-22 09:00:00,0.0,322.40446875000004
2030-11-22 10:00:00,0.0,274.89223125000007
2030-11-22 11:00:00,0.0,200.23014375
2030-11-22 12:00:00,0.0,99.38784375000002
2030-11-22 13:00:00,0.0,4.363368750000001
2030-11-22 14:00:00,0.0,0.0
2030-11-22 15:00:00,0.0,0.0
2030-11-22 16:00:00,0.0,0.0
2030-11-22 17:00:00,0.0,0.0
2030-11-22 18:00:00,0.0,0.0
2030-11-22 19:00:00,0.0,0.0
2030-11-22 20:00:00,0.0,0.0
2030-11-22 21:00:00,0.0,0.0
2030-11-22 22:00:00,0.0,0.0
2030-11-22 23:00:00,0.0,0.0
2030-11-23 00:00:00,0.0,0.0
2030-11-23 01:00:00,0.0,0.0
2030-11-23 02:00:00,0.0,0.0
2030-11-23 03:00:00,0.0,44.603325000000005
2030-11-23 04:00:00,0.0,120.71986875000002
2030-11-23 05:00:00,0.0,182.77666875000006
2030-11-23 06:00:00,0.0,228.83445000000006
2030-11-23 07:00:00,0.0,267.13513125000003
2030-11-23 08:00:00,0.0,301.07244375000005
2030-11-23 09:00:00,0.0,289.92161250000004
2030-11-23 10:00:00,0.0,241.92455625000005
2030-11-23 11:00:00,0.0,181.80703125000005
2030-11-23 12:00:00,0.0,82.90400625000002
2030-11-23 13:00:00,0.0,1.4544562500000002
2030-11-23 14:00:00,0.0,0.0
2030-11-23 15:00:00,0.0,0.0
2030-11-23 16:00:00,0.0,0.0
2030-11-23 17:00:00,0.0,0.0
2030-11-23 18:00:00,0.0,0.0
2030-11-23 19:00:00,0.0,0.0
2030-11-23 20:00:00,0.0,0.0
2030-11-23 21:00:00,0.0,0.0
2030-11-23 22:00:00,0.0,0.0
2030-11-23 23:00:00,0.0,0.0
2030-11-24 00:00:00,0.0,0.0
2030-11-24 01:00:00,0.0,0.0
2030-11-24 02:00:00,0.0,0.0
2030-11-24 03:00:00,0.0,53.814881250000006
2030-11-24 04:00:00,0.0,163.38391875000005
2030-11-24 05:00:00,0.0,247.25756250000006
2030-11-24 06:00:00,0.0,299.6179875
2030-11-24 07:00:00,0.0,325.79820000000007
2030-11-24 08:00:00,0.0,325.79820000000007
2030-11-24 09:00:00,0.0,305.9206312500001
2030-11-24 10:00:00,0.0,256.95393750000005
2030-11-24 11:00:00,0.0,178.89811875
2030-11-24 12:00:00,0.0,71.75317500000003
2030-11-24 13:00:00,0.0,2.4240937500000004
2030-11-24 14:00:00,0.0,0.0
2030-11-24 15:00:00,0.0,0.0
2030-11-24 16:00:00,0.0,0.0
2030-11-24 17:00:00,0.0,0.0
2030-11-24 18:00:00,0.0,0.0
2030-11-24 19:00:00,0.0,0.0
2030-11-24 20:00:00,0.0,0.0
2030-11-24 21:00:00,0.0,0.0
2030-11-24 22:00:00,0.0,0.0
2030-11-24 23:00:00,0.0,0.0
2030-11-25 00:00:00,0.0,0.0
2030-11-25 01:00:00,0.0,0.0
2030-11-25 02:00:00,0.0,0.0
2030-11-25 03:00:00,0.0,60.60234375000001
2030-11-25 04:00:00,0.0,168.23210625000002
2030-11-25 05:00:00,0.0,252.59056875000005
2030-11-25 06:00:00,0.0,308.3447250000001
2030-11-25 07:00:00,0.0,336.94903125
2030-11-25 08:00:00,0.0,340.82758125000004
2030-11-25 09:00:00,0.0,321.43483125000006
2030-11-25 10:00:00,0.0,264.7110375000001
2030-11-25 11:00:00,0.0,196.35159375000003
2030-11-25 12:00:00,0.0,86.29773750000003
2030-11-25 13:00:00,0.0,3.393731250000001
2030-11-25 14:00:00,0.0,0.0
2030-11-25 15:00:00,0.0,0.0
2030-11-25 16:00:00,0.0,0.0
2030-11-25 17:00:00,0.0,0.0
2030-11-25 18:00:00,0.0,0.0
2030-11-25 19:00:00,0.0,0.0
2030-11-25 20:00:00,0.0,0.0
2030-11-25 21:00:00,0.0,0.0
2030-11-25 22:00:00,0.0,0.0
2030-11-25 23:00:00,0.0,0.0
2030-11-26 00:00:00,0.0,0.0
2030-11-26 01:00:00,0.0,0.0
2030-11-26 02:00:00,0.0,0.0
2030-11-26 03:00:00,0.0,63.026437500000014
2030-11-26 04:00:00,0.0,173.08029375
2030-11-26 05:00:00,0.0,258.8932125
2030-11-26 06:00:00,0.0,314.16255000000007
2030-11-26 07:00:00,0.0,342.2820375
2030-11-26 08:00:00,0.0,346.1605875000001
2030-11-26 09:00:00,0.0,325.79820000000007
2030-11-26 10:00:00,0.0,281.194875
2030-11-26 11:00:00,0.0,207.01760625000003
2030-11-26 12:00:00,0.0,106.66012500000001
2030-11-26 13:00:00,0.0,4.363368750000001
2030-11-26 14:00:00,0.0,0.0
2030-11-26 15:00:00,0.0,0.0
2030-11-26 16:00:00,0.0,0.0
2030-11-26 17:00:00,0.0,0.0
2030-11-26 18:00:00,0.0,0.0
2030-11-26 19:00:00,0.0,0.0
2030-11-26 20:00:00,0.0,0.0
2030-11-26 21:00:00,0.0,0.0
2030-11-26 22:00:00,0.0,0.0
2030-11-26 23:00:00,0.0,0.0
2030-11-27 00:00:00,0.0,0.0
2030-11-27 01:00:00,0.0,0.0
2030-11-27 02:00:00,0.0,0.0
2030-11-27 03:00:00,0.0,68.84426250000001
2030-11-27 04:00:00,0.0,180.83739375000002
2030-11-27 05:00:00,0.0,265.1958562500001
2030-11-27 06:00:00,0.0,321.43483125000006
2030-11-27 07:00:00,0.0,350.03913750000004
2030-11-27 08:00:00,0.0,353.91768750000006
2030-11-27 09:00:00,0.0,333.55530000000005
2030-11-27 10:00:00,0.0,287.9823375
2030-11-27 11:00:00,0.0,214.77470625000004
2030-11-27 12:00:00,0.0,113.93240625000001
2030-11-27 13:00:00,0.0,5.333006250000001
2030-11-27 14:00:00,0.0,0.0
2030-11-27 15:00:00,0.0,0.0
2030-11-27 16:00:00,0.0,0.0
2030-11-27 17:00:00,0.0,0.0
2030-11-27 18:00:00,0.0,0.0
2030-11-27 19:00:00,0.0,0.0
2030-11-27 20:00:00,0.0,0.0
2030-11-27 21:00:00,0.0,0.0
2030-11-27 22:00:00,0.0,0.0
2030-11-27 23:00:00,0.0,0.0
2030-11-28 00:00:00,0.0,0.0
2030-11-28 01:00:00,0.0,0.0
2030-11-28 02:00:00,0.0,0.0
2030-11-28 03:00:00,0.0,58.17825000000001
2030-11-28 04:00:00,0.0,175.01956875000002
2030-11-28 05:00:00,0.0,258.8932125
2030-11-28 06:00:00,0.0,309.3143625
2030-11-28 07:00:00,0.0,343.25167500000003
2030-11-28 08:00:00,0.0,348.5846812500001
2030-11-28 09:00:00,0.0,326.2830187500001
2030-11-28 10:00:00,0.0,277.80114375000005
2030-11-28 11:00:00,0.0,206.04796875000002
2030-11-28 12:00:00,0.0,106.66012500000001
2030-11-28 13:00:00,0.0,4.848187500000001
2030-11-28 14:00:00,0.0,0.0
2030-11-28 15:00:00,0.0,0.0
2030-11-28 16:00:00,0.0,0.0
2030-11-28 17:00:00,0.0,0.0
2030-11-28 18:00:00,0.0,0.0
2030-11-28 19:00:00,0.0,0.0
2030-11-28 20:00:00,0.0,0.0
2030-11-28 21:00:00,0.0,0.0
2030-11-28 22:00:00,0.0,0.0
2030-11-28 23:00:00,0.0,0.0
2030-11-29 00:00:00,0.0,0.0
2030-11-29 01:00:00,0.0,0.0
2030-11-29 02:00:00,0.0,0.0
2030-11-29 03:00:00,0.0,76.60136250000001
2030-11-29 04:00:00,0.0,189.07931250000004
2030-11-29 05:00:00,0.0,272.95295625000006
2030-11-29 06:00:00,0.0,327.2526562500001
2030-11-29 07:00:00,0.0,354.40250625000004
2030-11-29 08:00:00,0.0,357.3114187500001
2030-11-29 09:00:00,0.0,335.97939375000004
2030-11-29 10:00:00,0.0,289.43679375000005
2030-11-29 11:00:00,0.0,215.74434375000004
2030-11-29 12:00:00,0.0,113.93240625000001
2030-11-29 13:00:00,0.0,5.333006250000001
2030-11-29 14:00:00,0.0,0.0
2030-11-29 15:00:00,0.0,0.0
2030-11-29 16:00:00,0.0,0.0
2030-11-29 17:00:00,0.0,0.0
2030-11-29 18:00:00,0.0,0.0
2030-11-29 19:00:00,0.0,0.0
2030-11-29 20:00:00,0.0,0.0
2030-11-29 21:00:00,0.0,0.0
2030-11-29 22:00:00,0.0,0.0
2030-11-29 23:00:00,0.0,0.0
2030-11-30 00:00:00,0.0,0.0
2030-11-30 01:00:00,0.0,0.0
2030-11-30 02:00:00,0.0,0.0
2030-11-30 03:00:00,0.0,74.17726875000002
2030-11-30 04:00:00,0.0,187.14003750000006
2030-11-30 05:00:00,0.0,270.04404375000007
2030-11-30 06:00:00,0.0,324.3437437500001
2030-11-30 07:00:00,0.0,351.97841250000005
2030-11-30 08:00:00,0.0,354.8873250000001
2030-11-30 09:00:00,0.0,333.55530000000005
2030-11-30 10:00:00,0.0,287.0127000000001
2030-11-30 11:00:00,0.0,212.35061250000004
2030-11-30 12:00:00,0.0,113.44758750000001
2030-11-30 13:00:00,0.0,5.817825000000001
2030-11-30 14:00:00,0.0,0.0
2030-11-30 15:00:00,0.0,0.0
2030-11-30 16:00:00,0.0,0.0
2030-11-30 17:00:00,0.0,0.0
2030-11-30 18:00:00,0.0,0.0
2030-11-30 19:00:00,0.0,0.0
2030-11-30 20:00:00,0.0,0.0
2030-11-30 21:00:00,0.0,0.0
2030-11-30 22:00:00,0.0,0.0
2030-11-30 23:00:00,0.0,0.0
2030-12-01 00:00:00,0.0,0.0
2030-12-01 01:00:00,0.0,0.0
2030-12-01 02:00:00,0.0,0.0
2030-12-01 03:00:00,0.0,73.69245000000001
2030-12-01 04:00:00,0.0,185.68558125
2030-12-01 05:00:00,0.0,270.04404375000007
2030-12-01 06:00:00,0.0,323.858925
2030-12-01 07:00:00,0.0,351.97841250000005
2030-12-01 08:00:00,0.0,355.37214375
2030-12-01 09:00:00,0.0,334.5249375000001
2030-12-01 10:00:00,0.0,288.95197500000006
2030-12-01 11:00:00,0.0,215.74434375000004
2030-12-01 12:00:00,0.0,114.41722500000003
2030-12-01 13:00:00,0.0,5.333006250000001
2030-12-01 14:00:00,0.0,0.0
2030-12-01 15:00:00,0.0,0.0
2030-12-01 16:00:00,0.0,0.0
2030-12-01 17:00:00,0.0,0.0
2030-12-01 18:00:00,0.0,0.0
2030-12-01 19:00:00,0.0,0.0
2030-12-01 20:00:00,0.0,0.0
2030-12-01 21:00:00,0.0,0.0
2030-12-01 22:00:00,0.0,0.0
2030-12-01 23:00:00,0.0,0.0
2030-12-02 00:00:00,0.0,0.0
2030-12-02 01:00:00,0.0,0.0
2030-12-02 02:00:00,0.0,0.0
2030-12-02 03:00:00,0.0,62.54161875000001
2030-12-02 04:00:00,0.0,166.77765000000002
2030-12-02 05:00:00,0.0,261.31730625000006
2030-12-02 06:00:00,0.0,308.8295437500001
2030-12-02 07:00:00,0.0,338.8883062500001
2030-12-02 08:00:00,0.0,336.94903125
2030-12-02 09:00:00,0.0,318.0411000000001
2030-12-02 10:00:00,0.0,265.680675
2030-12-02 11:00:00,0.0,192.47304375000004
2030-12-02 12:00:00,0.0,74.66208750000001
2030-12-02 13:00:00,0.0,1.9392750000000003
2030-12-02 14:00:00,0.0,0.0
2030-12-02 15:00:00,0.0,0.0
2030-12-02 16:00:00,0.0,0.0
2030-12-02 17:00:00,0.0,0.0
2030-12-02 18:00:00,0.0,0.0
2030-12-02 19:00:00,0.0,0.0
2030-12-02 20:00:00,0.0,0.0
2030-12-02 21:00:00,0.0,0.0
2030-12-02 22:00:00,0.0,0.0
2030-12-02 23:00:00,0.0,0.0
2030-12-03 00:00:00,0.0,0.0
2030-12-03 01:00:00,0.0,0.0
2030-12-03 02:00:00,0.0,0.0
2030-12-03 03:00:00,0.0,50.905968750000014
2030-12-03 04:00:00,0.0,140.5974375
2030-12-03 05:00:00,0.0,220.59253125000004
2030-12-03 06:00:00,0.0,298.64835000000005
2030-12-03 07:00:00,0.0,334.5249375000001
2030-12-03 08:00:00,0.0,337.43385000000006
2030-12-03 09:00:00,0.0,313.6777312500001
2030-12-03 10:00:00,0.0,262.2869437500001
2030-12-03 11:00:00,0.0,179.86775625000004
2030-12-03 12:00:00,0.0,81.44955000000002
2030-12-03 13:00:00,0.0,2.9089125000000005
2030-12-03 14:00:00,0.0,0.0
2030-12-03 15:00:00,0.0,0.0
2030-12-03 16:00:00,0.0,0.0
2030-12-03 17:00:00,0.0,0.0
2030-12-03 18:00:00,0.0,0.0
2030-12-03 19:00:00,0.0,0.0
2030-12-03 20:00:00,0.0,0.0
2030-12-03 21:00:00,0.0,0.0
2030-12-03 22:00:00,0.0,0.0
2030-12-03 23:00:00,0.0,0.0
2030-12-04 00:00:00,0.0,0.0
2030-12-04 01:00:00,0.0,0.0
2030-12-04 02:00:00,0.0,0.0
2030-12-04 03:00:00,0.0,56.723793750000006
2030-12-04 04:00:00,0.0,159.50536875000003
2030-12-04 05:00:00,0.0,239.01564375
2030-12-04 06:00:00,0.0,294.76980000000003
2030-12-04 07:00:00,0.0,324.3437437500001
2030-12-04 08:00:00,0.0,328.22229375000006
2030-12-04 09:00:00,0.0,314.16255000000007
2030-12-04 10:00:00,0.0,278.28596250000004
2030-12-04 11:00:00,0.0,207.50242500000004
2030-12-04 12:00:00,0.0,106.17530625000002
2030-12-04 13:00:00,0.0,3.8785500000000006
2030-12-04 14:00:00,0.0,0.0
2030-12-04 15:00:00,0.0,0.0
2030-12-04 16:00:00,0.0,0.0
2030-12-04 17:00:00,0.0,0.0
2030-12-04 18:00:00,0.0,0.0
2030-12-04 19:00:00,0.0,0.0
2030-12-04 20:00:00,0.0,0.0
2030-12-04 21:00:00,0.0,0.0
2030-12-04 22:00:00,0.0,0.0
2030-12-04 23:00:00,0.0,0.0
2030-12-05 00:00:00,0.0,0.0
2030-12-05 01:00:00,0.0,0.0
2030-12-05 02:00:00,0.0,0.0
2030-12-05 03:00:00,0.0,51.39078750000001
2030-12-05 04:00:00,0.0,159.02055000000004
2030-12-05 05:00:00,0.0,248.22720000000004
2030-12-05 06:00:00,0.0,305.43581250000005
2030-12-05 07:00:00,0.0,334.5249375000001
2030-12-05 08:00:00,0.0,336.4642125000001
2030-12-05 09:00:00,0.0,279.74041875000006
2030-12-05 10:00:00,0.0,221.07735000000005
2030-12-05 11:00:00,0.0,137.20370625000004
2030-12-05 12:00:00,0.0,56.23897500000002
2030-12-05 13:00:00,0.0,0.0
2030-12-05 14:00:00,0.0,0.0
2030-12-05 15:00:00,0.0,0.0
2030-12-05 16:00:00,0.0,0.0
2030-12-05 17:00:00,0.0,0.0
2030-12-05 18:00:00,0.0,0.0
2030-12-05 19:00:00,0.0,0.0
2030-12-05 20:00:00,0.0,0.0
2030-12-05 21:00:00,0.0,0.0
2030-12-05 22:00:00,0.0,0.0
2030-12-05 23:00:00,0.0,0.0
2030-12-06 00:00:00,0.0,0.0
2030-12-06 01:00:00,0.0,0.0
2030-12-06 02:00:00,0.0,0.0
2030-12-06 03:00:00,0.0,29.089125000000006
2030-12-06 04:00:00,0.0,106.66012500000001
2030-12-06 05:00:00,0.0,180.83739375000002
2030-12-06 06:00:00,0.0,246.28792500000003
2030-12-06 07:00:00,0.0,279.74041875000006
2030-12-06 08:00:00,0.0,280.71005625000004
2030-12-06 09:00:00,0.0,257.43875625000004
2030-12-06 10:00:00,0.0,209.92651875
2030-12-06 11:00:00,0.0,140.11261875
2030-12-06 12:00:00,0.0,59.63270625000002
2030-12-06 13:00:00,0.0,0.0
2030-12-06 14:00:00,0.0,0.0
2030-12-06 15:00:00,0.0,0.0
2030-12-06 16:00:00,0.0,0.0
2030-12-06 17:00:00,0.0,0.0
2030-12-06 18:00:00,0.0,0.0
2030-12-06 19:00:00,0.0,0.0
2030-12-06 20:00:00,0.0,0.0
2030-12-06 21:00:00,0.0,0.0
2030-12-06 22:00:00,0.0,0.0
2030-12-06 23:00:00,0.0,0.0
2030-12-07 00:00:00,0.0,0.0
2030-12-07 01:00:00,0.0,0.0
2030-12-07 02:00:00,0.0,0.0
2030-12-07 03:00:00,0.0,26.665031250000002
2030-12-07 04:00:00,0.0,98.41820625000001
2030-12-07 05:00:00,0.0,194.89713750000004
2030-12-07 06:00:00,0.0,265.680675
2030-12-07 07:00:00,0.0,304.4661750000001
2030-12-07 08:00:00,0.0,303.49653750000004
2030-12-07 09:00:00,0.0,269.0744062500001
2030-12-07 10:00:00,0.0,205.56315000000004
2030-12-07 11:00:00,0.0,139.14298125000002
2030-12-07 12:00:00,0.0,52.84524375000001
2030-12-07 13:00:00,0.0,0.0
2030-12-07 14:00:00,0.0,0.0
2030-12-07 15:00:00,0.0,0.0
2030-12-07 16:00:00,0.0,0.0
2030-12-07 17:00:00,0.0,0.0
2030-12-07 18:00:00,0.0,0.0
2030-12-07 19:00:00,0.0,0.0
2030-12-07 20:00:00,0.0,0.0
2030-12-07 21:00:00,0.0,0.0
2030-12-07 22:00:00,0.0,0.0
2030-12-07 23:00:00,0.0,0.0
2030-12-08 00:00:00,0.0,0.0
2030-12-08 01:00:00,0.0,0.0
2030-12-08 02:00:00,0.0,0.0
2030-12-08 03:00:00,0.0,31.028400000000005
2030-12-08 04:00:00,0.0,110.53867500000003
2030-12-08 05:00:00,0.0,209.44170000000003
2030-12-08 06:00:00,0.0,272.4681375
2030-12-08 07:00:00,0.0,303.98135625000003
2030-12-08 08:00:00,0.0,312.70809375000005
2030-12-08 09:00:00,0.0,303.49653750000004
2030-12-08 10:00:00,0.0,255.98430000000002
2030-12-08 11:00:00,0.0,179.38293750000003
2030-12-08 12:00:00,0.0,80.47991250000003
2030-12-08 13:00:00,0.0,1.4544562500000002
2030-12-08 14:00:00,0.0,0.0
2030-12-08 15:00:00,0.0,0.0
2030-12-08 16:00:00,0.0,0.0
2030-12-08 17:00:00,0.0,0.0
2030-12-08 18:00:00,0.0,0.0
2030-12-08 19:00:00,0.0,0.0
2030-12-08 20:00:00,0.0,0.0
2030-12-08 21:00:00,0.0,0.0
2030-12-08 22:00:00,0.0,0.0
2030-12-08 23:00:00,0.0,0.0
2030-12-09 00:00:00,0.0,0.0
2030-12-09 01:00:00,0.0,0.0
2030-12-09 02:00:00,0.0,0.0
2030-12-09 03:00:00,0.0,49.936331250000016
2030-12-09 04:00:00,0.0,152.23308750000004
2030-12-09 05:00:00,0.0,242.40937500000004
2030-12-09 06:00:00,0.0,300.10280625
2030-12-09 07:00:00,0.0,329.19193125000004
2030-12-09 08:00:00,0.0,332.5856625000001
2030-12-09 09:00:00,0.0,307.85990625000005
2030-12-09 10:00:00,0.0,262.2869437500001
2030-12-09 11:00:00,0.0,188.10967500000004
2030-12-09 12:00:00,0.0,88.72183125000002
2030-12-09 13:00:00,0.0,1.9392750000000003
2030-12-09 14:00:00,0.0,0.0
2030-12-09 15:00:00,0.0,0.0
2030-12-09 16:00:00,0.0,0.0
2030-12-09 17:00:00,0.0,0.0
2030-12-09 18:00:00,0.0,0.0
2030-12-09 19:00:00,0.0,0.0
2030-12-09 20:00:00,0.0,0.0
2030-12-09 21:00:00,0.0,0.0
2030-12-09 22:00:00,0.0,0.0
2030-12-09 23:00:00,0.0,0.0
2030-12-10 00:00:00,0.0,0.0
2030-12-10 01:00:00,0.0,0.0
2030-12-10 02:00:00,0.0,0.0
2030-12-10 03:00:00,0.0,55.26933750000001
2030-12-10 04:00:00,0.0,162.89910000000003
2030-12-10 05:00:00,0.0,247.74238125000005
2030-12-10 06:00:00,0.0,307.85990625000005
2030-12-10 07:00:00,0.0,337.43385000000006
2030-12-10 08:00:00,0.0,341.3124000000001
2030-12-10 09:00:00,0.0,321.9196500000001
2030-12-10 10:00:00,0.0,277.31632500000006
2030-12-10 11:00:00,0.0,205.07833125000002
2030-12-10 12:00:00,0.0,104.72085000000001
2030-12-10 13:00:00,0.0,3.393731250000001
2030-12-10 14:00:00,0.0,0.0
2030-12-10 15:00:00,0.0,0.0
2030-12-10 16:00:00,0.0,0.0
2030-12-10 17:00:00,0.0,0.0
2030-12-10 18:00:00,0.0,0.0
2030-12-10 19:00:00,0.0,0.0
2030-12-10 20:00:00,0.0,0.0
2030-12-10 21:00:00,0.0,0.0
2030-12-10 22:00:00,0.0,0.0
2030-12-10 23:00:00,0.0,0.0
2030-12-11 00:00:00,0.0,0.0
2030-12-11 01:00:00,0.0,0.0
2030-12-11 02:00:00,0.0,0.0
2030-12-11 03:00:00,0.0,68.84426250000001
2030-12-11 04:00:00,0.0,180.83739375000002
2030-12-11 05:00:00,0.0,264.22621875000004
2030-12-11 06:00:00,0.0,317.5562812500001
2030-12-11 07:00:00,0.0,344.70613125
2030-12-11 08:00:00,0.0,347.13022500000005
2030-12-11 09:00:00,0.0,325.79820000000007
2030-12-11 10:00:00,0.0,279.74041875000006
2030-12-11 11:00:00,0.0,207.01760625000003
2030-12-11 12:00:00,0.0,107.14494375000002
2030-12-11 13:00:00,0.0,3.8785500000000006
2030-12-11 14:00:00,0.0,0.0
2030-12-11 15:00:00,0.0,0.0
2030-12-11 16:00:00,0.0,0.0
2030-12-11 17:00:00,0.0,0.0
2030-12-11 18:00:00,0.0,0.0
2030-12-11 19:00:00,0.0,0.0
2030-12-11 20:00:00,0.0,0.0
2030-12-11 21:00:00,0.0,0.0
2030-12-11 22:00:00,0.0,0.0
2030-12-11 23:00:00,0.0,0.0
2030-12-12 00:00:00,0.0,0.0
2030-12-12 01:00:00,0.0,0.0
2030-12-12 02:00:00,0.0,0.0
2030-12-12 03:00:00,0.0,60.11752500000001
2030-12-12 04:00:00,0.0,169.20174375000002
2030-12-12 05:00:00,0.0,252.59056875000005
2030-12-12 06:00:00,0.0,306.40545000000003
2030-12-12 07:00:00,0.0,333.07048125000006
2030-12-12 08:00:00,0.0,335.97939375000004
2030-12-12 09:00:00,0.0,312.70809375000005
2030-12-12 10:00:00,0.0,265.680675
2030-12-12 11:00:00,0.0,190.53376875000006
2030-12-12 12:00:00,0.0,90.17628750000002
2030-12-12 13:00:00,0.0,0.9696375000000002
2030-12-12 14:00:00,0.0,0.0
2030-12-12 15:00:00,0.0,0.0
2030-12-12 16:00:00,0.0,0.0
2030-12-12 17:00:00,0.0,0.0
2030-12-12 18:00:00,0.0,0.0
2030-12-12 19:00:00,0.0,0.0
2030-12-12 20:00:00,0.0,0.0
2030-12-12 21:00:00,0.0,0.0
2030-12-12 22:00:00,0.0,0.0
2030-12-12 23:00:00,0.0,0.0
2030-12-13 00:00:00,0.0,0.0
2030-12-13 01:00:00,0.0,0.0
2030-12-13 02:00:00,0.0,0.0
2030-12-13 03:00:00,0.0,68.35944375
2030-12-13 04:00:00,0.0,183.74630625000003
2030-12-13 05:00:00,0.0,268.10476875
2030-12-13 06:00:00,0.0,322.40446875000004
2030-12-13 07:00:00,0.0,350.03913750000004
2030-12-13 08:00:00,0.0,352.94805
2030-12-13 09:00:00,0.0,332.5856625000001
2030-12-13 10:00:00,0.0,286.52788125000006
2030-12-13 11:00:00,0.0,213.32025000000002
2030-12-13 12:00:00,0.0,112.47795000000002
2030-12-13 13:00:00,0.0,4.363368750000001
2030-12-13 14:00:00,0.0,0.0
2030-12-13 15:00:00,0.0,0.0
2030-12-13 16:00:00,0.0,0.0
2030-12-13 17:00:00,0.0,0.0
2030-12-13 18:00:00,0.0,0.0
2030-12-13 19:00:00,0.0,0.0
2030-12-13 20:00:00,0.0,0.0
2030-12-13 21:00:00,0.0,0.0
2030-12-13 22:00:00,0.0,0.0
2030-12-13 23:00:00,0.0,0.0
2030-12-14 00:00:00,0.0,0.0
2030-12-14 01:00:00,0.0,0.0
2030-12-14 02:00:00,0.0,0.0
2030-12-14 03:00:00,0.0,69.32908125000002
2030-12-14 04:00:00,0.0,180.35257500000003
2030-12-14 05:00:00,0.0,262.7717625000001
2030-12-14 06:00:00,0.0,315.6170062500001
2030-12-14 07:00:00,0.0,342.7668562500001
2030-12-14 08:00:00,0.0,345.67576875000003
2030-12-14 09:00:00,0.0,324.82856250000003
2030-12-14 10:00:00,0.0,279.74041875000006
2030-12-14 11:00:00,0.0,207.01760625000003
2030-12-14 12:00:00,0.0,105.20566875000002
2030-12-14 13:00:00,0.0,3.393731250000001
2030-12-14 14:00:00,0.0,0.0
2030-12-14 15:00:00,0.0,0.0
2030-12-14 16:00:00,0.0,0.0
2030-12-14 17:00:00,0.0,0.0
2030-12-14 18:00:00,0.0,0.0
2030-12-14 19:00:00,0.0,0.0
2030-12-14 20:00:00,0.0,0.0
2030-12-14 21:00:00,0.0,0.0
2030-12-14 22:00:00,0.0,0.0
2030-12-14 23:00:00,0.0,0.0
2030-12-15 00:00:00,0.0,0.0
2030-12-15 01:00:00,0.0,0.0
2030-12-15 02:00:00,0.0,0.0
2030-12-15 03:00:00,0.0,63.026437500000014
2030-12-15 04:00:00,0.0,173.56511250000003
2030-12-15 05:00:00,0.0,257.43875625000004
2030-12-15 06:00:00,0.0,312.70809375000005
2030-12-15 07:00:00,0.0,340.82758125000004
2030-12-15 08:00:00,0.0,344.70613125
2030-12-15 09:00:00,0.0,324.82856250000003
2030-12-15 10:00:00,0.0,279.2556000000001
2030-12-15 11:00:00,0.0,206.04796875000002
2030-12-15 12:00:00,0.0,104.23603125000002
2030-12-15 13:00:00,0.0,3.393731250000001
2030-12-15 14:00:00,0.0,0.0
2030-12-15 15:00:00,0.0,0.0
2030-12-15 16:00:00,0.0,0.0
2030-12-15 17:00:00,0.0,0.0
2030-12-15 18:00:00,0.0,0.0
2030-12-15 19:00:00,0.0,0.0
2030-12-15 20:00:00,0.0,0.0
2030-12-15 21:00:00,0.0,0.0
2030-12-15 22:00:00,0.0,0.0
2030-12-15 23:00:00,0.0,0.0
2030-12-16 00:00:00,0.0,0.0
2030-12-16 01:00:00,0.0,0.0
2030-12-16 02:00:00,0.0,0.0
2030-12-16 03:00:00,0.0,65.45053125000001
2030-12-16 04:00:00,0.0,175.5043875
2030-12-16 05:00:00,0.0,258.8932125
2030-12-16 06:00:00,0.0,311.2536375000001
2030-12-16 07:00:00,0.0,339.3731250000001
2030-12-16 08:00:00,0.0,343.25167500000003
2030-12-16 09:00:00,0.0,322.88928750000014
2030-12-16 10:00:00,0.0,274.4074125000001
2030-12-16 11:00:00,0.0,200.23014375
2030-12-16 12:00:00,0.0,96.96375000000002
2030-12-16 13:00:00,0.0,2.9089125000000005
2030-12-16 14:00:00,0.0,0.0
2030-12-16 15:00:00,0.0,0.0
2030-12-16 16:00:00,0.0,0.0
2030-12-16 17:00:00,0.0,0.0
2030-12-16 18:00:00,0.0,0.0
2030-12-16 19:00:00,0.0,0.0
2030-12-16 20:00:00,0.0,0.0
2030-12-16 21:00:00,0.0,0.0
2030-12-16 22:00:00,0.0,0.0
2030-12-16 23:00:00,0.0,0.0
2030-12-17 00:00:00,0.0,0.0
2030-12-17 01:00:00,0.0,0.0
2030-12-17 02:00:00,0.0,0.0
2030-12-17 03:00:00,0.0,42.17923125000001
2030-12-17 04:00:00,0.0,136.23406875
2030-12-17 05:00:00,0.0,250.16647500000005
2030-12-17 06:00:00,0.0,297.19389375000003
2030-12-17 07:00:00,0.0,339.3731250000001
2030-12-17 08:00:00,0.0,345.1909500000001
2030-12-17 09:00:00,0.0,324.82856250000003
2030-12-17 10:00:00,0.0,283.1341500000001
2030-12-17 11:00:00,0.0,209.44170000000003
2030-12-17 12:00:00,0.0,92.11556250000001
2030-12-17 13:00:00,0.0,1.9392750000000003
2030-12-17 14:00:00,0.0,0.0
2030-12-17 15:00:00,0.0,0.0
2030-12-17 16:00:00,0.0,0.0
2030-12-17 17:00:00,0.0,0.0
2030-12-17 18:00:00,0.0,0.0
2030-12-17 19:00:00,0.0,0.0
2030-12-17 20:00:00,0.0,0.0
2030-12-17 21:00:00,0.0,0.0
2030-12-17 22:00:00,0.0,0.0
2030-12-17 23:00:00,0.0,0.0
2030-12-18 00:00:00,0.0,0.0
2030-12-18 01:00:00,0.0,0.0
2030-12-18 02:00:00,0.0,0.0
2030-12-18 03:00:00,0.0,38.300681250000004
2030-12-18 04:00:00,0.0,133.80997500000004
2030-12-18 05:00:00,0.0,217.19880000000006
2030-12-18 06:00:00,0.0,293.31534375
2030-12-18 07:00:00,0.0,340.82758125000004
2030-12-18 08:00:00,0.0,346.1605875000001
2030-12-18 09:00:00,0.0,327.2526562500001
2030-12-18 10:00:00,0.0,283.6189687500001
2030-12-18 11:00:00,0.0,211.38097500000003
2030-12-18 12:00:00,0.0,108.11458125000003
2030-12-18 13:00:00,0.0,3.393731250000001
2030-12-18 14:00:00,0.0,0.0
2030-12-18 15:00:00,0.0,0.0
2030-12-18 16:00:00,0.0,0.0
2030-12-18 17:00:00,0.0,0.0
2030-12-18 18:00:00,0.0,0.0
2030-12-18 19:00:00,0.0,0.0
2030-12-18 20:00:00,0.0,0.0
2030-12-18 21:00:00,0.0,0.0
2030-12-18 22:00:00,0.0,0.0
2030-12-18 23:00:00,0.0,0.0
2030-12-19 00:00:00,0.0,0.0
2030-12-19 01:00:00,0.0,0.0
2030-12-19 02:00:00,0.0,0.0
2030-12-19 03:00:00,0.0,56.23897500000002
2030-12-19 04:00:00,0.0,173.56511250000003
2030-12-19 05:00:00,0.0,257.923575
2030-12-19 06:00:00,0.0,312.2232750000001
2030-12-19 07:00:00,0.0,339.3731250000001
2030-12-19 08:00:00,0.0,341.79721875000007
2030-12-19 09:00:00,0.0,319.98037500000004
2030-12-19 10:00:00,0.0,269.5592250000001
2030-12-19 11:00:00,0.0,194.41231875000005
2030-12-19 12:00:00,0.0,94.53965625000002
2030-12-19 13:00:00,0.0,1.9392750000000003
2030-12-19 14:00:00,0.0,0.0
2030-12-19 15:00:00,0.0,0.0
2030-12-19 16:00:00,0.0,0.0
2030-12-19 17:00:00,0.0,0.0
2030-12-19 18:00:00,0.0,0.0
2030-12-19 19:00:00,0.0,0.0
2030-12-19 20:00:00,0.0,0.0
2030-12-19 21:00:00,0.0,0.0
2030-12-19 22:00:00,0.0,0.0
2030-12-19 23:00:00,0.0,0.0
2030-12-20 00:00:00,0.0,0.0
2030-12-20 01:00:00,0.0,0.0
2030-12-20 02:00:00,0.0,0.0
2030-12-20 03:00:00,0.0,45.08814375000001
2030-12-20 04:00:00,0.0,148.83935625000004
2030-12-20 05:00:00,0.0,236.10673125000005
2030-12-20 06:00:00,0.0,307.85990625000005
2030-12-20 07:00:00,0.0,335.00975625000007
2030-12-20 08:00:00,0.0,337.43385000000006
2030-12-20 09:00:00,0.0,310.76881875000004
2030-12-20 10:00:00,0.0,261.80212500000005
2030-12-20 11:00:00,0.0,184.23112500000002
2030-12-20 12:00:00,0.0,80.96473125
2030-12-20 13:00:00,0.0,0.0
2030-12-20 14:00:00,0.0,0.0
2030-12-20 15:00:00,0.0,0.0
2030-12-20 16:00:00,0.0,0.0
2030-12-20 17:00:00,0.0,0.0
2030-12-20 18:00:00,0.0,0.0
2030-12-20 19:00:00,0.0,0.0
2030-12-20 20:00:00,0.0,0.0
2030-12-20 21:00:00,0.0,0.0
2030-12-20 22:00:00,0.0,0.0
2030-12-20 23:00:00,0.0,0.0
2030-12-21 00:00:00,0.0,0.0
2030-12-21 01:00:00,0.0,0.0
2030-12-21 02:00:00,0.0,0.0
2030-12-21 03:00:00,0.0,53.814881250000006
2030-12-21 04:00:00,0.0,164.83837500000004
2030-12-21 05:00:00,0.0,252.10575000000006
2030-12-21 06:00:00,0.0,309.3143625
2030-12-21 07:00:00,0.0,338.40348750000004
2030-12-21 08:00:00,0.0,340.3427625
2030-12-21 09:00:00,0.0,314.16255000000007
2030-12-21 10:00:00,0.0,263.74140000000006
2030-12-21 11:00:00,0.0,175.01956875000002
2030-12-21 12:00:00,0.0,79.99509375000001
2030-12-21 13:00:00,0.0,0.9696375000000002
2030-12-21 14:00:00,0.0,0.0
2030-12-21 15:00:00,0.0,0.0
2030-12-21 16:00:00,0.0,0.0
2030-12-21 17:00:00,0.0,0.0
2030-12-21 18:00:00,0.0,0.0
2030-12-21 19:00:00,0.0,0.0
2030-12-21 20:00:00,0.0,0.0
2030-12-21 21:00:00,0.0,0.0
2030-12-21 22:00:00,0.0,0.0
2030-12-21 23:00:00,0.0,0.0
2030-12-22 00:00:00,0.0,0.0
2030-12-22 01:00:00,0.0,0.0
2030-12-22 02:00:00,0.0,0.0
2030-12-22 03:00:00,0.0,60.11752500000001
2030-12-22 04:00:00,0.0,170.17138125
2030-12-22 05:00:00,0.0,255.01466250000007
2030-12-22 06:00:00,0.0,309.79918125000006
2030-12-22 07:00:00,0.0,338.8883062500001
2030-12-22 08:00:00,0.0,341.3124000000001
2030-12-22 09:00:00,0.0,319.4955562500001
2030-12-22 10:00:00,0.0,275.86186875000004
2030-12-22 11:00:00,0.0,205.56315000000004
2030-12-22 12:00:00,0.0,103.26639375000002
2030-12-22 13:00:00,0.0,2.9089125000000005
2030-12-22 14:00:00,0.0,0.0
2030-12-22 15:00:00,0.0,0.0
2030-12-22 16:00:00,0.0,0.0
2030-12-22 17:00:00,0.0,0.0
2030-12-22 18:00:00,0.0,0.0
2030-12-22 19:00:00,0.0,0.0
2030-12-22 20:00:00,0.0,0.0
2030-12-22 21:00:00,0.0,0.0
2030-12-22 22:00:00,0.0,0.0
2030-12-22 23:00:00,0.0,0.0
2030-12-23 00:00:00,0.0,0.0
2030-12-23 01:00:00,0.0,0.0
2030-12-23 02:00:00,0.0,0.0
2030-12-23 03:00:00,0.0,75.631725
2030-12-23 04:00:00,0.0,190.04895000000005
2030-12-23 05:00:00,0.0,273.43777500000004
2030-12-23 06:00:00,0.0,328.22229375000006
2030-12-23 07:00:00,0.0,355.37214375
2030-12-23 08:00:00,0.0,358.76587500000005
2030-12-23 09:00:00,0.0,337.91866875
2030-12-23 10:00:00,0.0,290.89125
2030-12-23 11:00:00,0.0,216.22916250000006
2030-12-23 12:00:00,0.0,111.99313125000002
2030-12-23 13:00:00,0.0,4.363368750000001
2030-12-23 14:00:00,0.0,0.0
2030-12-23 15:00:00,0.0,0.0
2030-12-23 16:00:00,0.0,0.0
2030-12-23 17:00:00,0.0,0.0
2030-12-23 18:00:00,0.0,0.0
2030-12-23 19:00:00,0.0,0.0
2030-12-23 20:00:00,0.0,0.0
2030-12-23 21:00:00,0.0,0.0
2030-12-23 22:00:00,0.0,0.0
2030-12-23 23:00:00,0.0,0.0
2030-12-24 00:00:00,0.0,0.0
2030-12-24 01:00:00,0.0,0.0
2030-12-24 02:00:00,0.0,0.0
2030-12-24 03:00:00,0.0,62.54161875000001
2030-12-24 04:00:00,0.0,179.86775625000004
2030-12-24 05:00:00,0.0,264.22621875000004
2030-12-24 06:00:00,0.0,310.28400000000005
2030-12-24 07:00:00,0.0,334.5249375000001
2030-12-24 08:00:00,0.0,335.494575
2030-12-24 09:00:00,0.0,313.1929125000001
2030-12-24 10:00:00,0.0,267.13513125000003
2030-12-24 11:00:00,0.0,196.35159375000003
2030-12-24 12:00:00,0.0,98.41820625000001
2030-12-24 13:00:00,0.0,3.393731250000001
2030-12-24 14:00:00,0.0,0.0
2030-12-24 15:00:00,0.0,0.0
2030-12-24 16:00:00,0.0,0.0
2030-12-24 17:00:00,0.0,0.0
2030-12-24 18:00:00,0.0,0.0
2030-12-24 19:00:00,0.0,0.0
2030-12-24 20:00:00,0.0,0.0
2030-12-24 21:00:00,0.0,0.0
2030-12-24 22:00:00,0.0,0.0
2030-12-24 23:00:00,0.0,0.0
2030-12-25 00:00:00,0.0,0.0
2030-12-25 01:00:00,0.0,0.0
2030-12-25 02:00:00,0.0,0.0
2030-12-25 03:00:00,0.0,81.93436875000002
2030-12-25 04:00:00,0.0,195.38195625000006
2030-12-25 05:00:00,0.0,277.80114375000005
2030-12-25 06:00:00,0.0,330.6463875000001
2030-12-25 07:00:00,0.0,357.7962375
2030-12-25 08:00:00,0.0,360.2203312500001
2030-12-25 09:00:00,0.0,340.82758125000004
2030-12-25 10:00:00,0.0,294.28498125000004
2030-12-25 11:00:00,0.0,220.10771250000005
2030-12-25 12:00:00,0.0,115.87168125000001
2030-12-25 13:00:00,0.0,5.333006250000001
2030-12-25 14:00:00,0.0,0.0
2030-12-25 15:00:00,0.0,0.0
2030-12-25 16:00:00,0.0,0.0
2030-12-25 17:00:00,0.0,0.0
2030-12-25 18:00:00,0.0,0.0
2030-12-25 19:00:00,0.0,0.0
2030-12-25 20:00:00,0.0,0.0
2030-12-25 21:00:00,0.0,0.0
2030-12-25 22:00:00,0.0,0.0
2030-12-25 23:00:00,0.0,0.0
2030-12-26 00:00:00,0.0,0.0
2030-12-26 01:00:00,0.0,0.0
2030-12-26 02:00:00,0.0,0.0
2030-12-26 03:00:00,0.0,60.11752500000001
2030-12-26 04:00:00,0.0,173.56511250000003
2030-12-26 05:00:00,0.0,266.16549375000005
2030-12-26 06:00:00,0.0,312.70809375000005
2030-12-26 07:00:00,0.0,344.70613125
2030-12-26 08:00:00,0.0,330.1615687500001
2030-12-26 09:00:00,0.0,274.89223125000007
2030-12-26 10:00:00,0.0,212.35061250000004
2030-12-26 11:00:00,0.0,139.14298125000002
2030-12-26 12:00:00,0.0,60.11752500000001
2030-12-26 13:00:00,0.0,0.0
2030-12-26 14:00:00,0.0,0.0
2030-12-26 15:00:00,0.0,0.0
2030-12-26 16:00:00,0.0,0.0
2030-12-26 17:00:00,0.0,0.0
2030-12-26 18:00:00,0.0,0.0
2030-12-26 19:00:00,0.0,0.0
2030-12-26 20:00:00,0.0,0.0
2030-12-26 21:00:00,0.0,0.0
2030-12-26 22:00:00,0.0,0.0
2030-12-26 23:00:00,0.0,0.0
2030-12-27 00:00:00,0.0,0.0
2030-12-27 01:00:00,0.0,0.0
2030-12-27 02:00:00,0.0,0.0
2030-12-27 03:00:00,0.0,28.604306250000008
2030-12-27 04:00:00,0.0,91.63074375000001
2030-12-27 05:00:00,0.0,158.05091250000004
2030-12-27 06:00:00,0.0,209.92651875
2030-12-27 07:00:00,0.0,241.92455625000005
2030-12-27 08:00:00,0.0,245.31828750000005
2030-12-27 09:00:00,0.0,206.53278750000004
2030-12-27 10:00:00,0.0,160.95982500000005
2030-12-27 11:00:00,0.0,106.17530625000002
2030-12-27 12:00:00,0.0,44.603325000000005
2030-12-27 13:00:00,0.0,0.0
2030-12-27 14:00:00,0.0,0.0
2030-12-27 15:00:00,0.0,0.0
2030-12-27 16:00:00,0.0,0.0
2030-12-27 17:00:00,0.0,0.0
2030-12-27 18:00:00,0.0,0.0
2030-12-27 19:00:00,0.0,0.0
2030-12-27 20:00:00,0.0,0.0
2030-12-27 21:00:00,0.0,0.0
2030-12-27 22:00:00,0.0,0.0
2030-12-27 23:00:00,0.0,0.0
2030-12-28 00:00:00,0.0,0.0
2030-12-28 01:00:00,0.0,0.0
2030-12-28 02:00:00,0.0,0.0
2030-12-28 03:00:00,0.0,15.999018750000001
2030-12-28 04:00:00,0.0,64.96571250000001
2030-12-28 05:00:00,0.0,108.59940000000003
2030-12-28 06:00:00,0.0,135.74925000000002
2030-12-28 07:00:00,0.0,144.47598750000003
2030-12-28 08:00:00,0.0,136.7188875
2030-12-28 09:00:00,0.0,115.38686250000002
2030-12-28 10:00:00,0.0,89.20665000000001
2030-12-28 11:00:00,0.0,57.69343125000001
2030-12-28 12:00:00,0.0,22.786481250000005
2030-12-28 13:00:00,0.0,0.0
2030-12-28 14:00:00,0.0,0.0
2030-12-28 15:00:00,0.0,0.0
2030-12-28 16:00:00,0.0,0.0
2030-12-28 17:00:00,0.0,0.0
2030-12-28 18:00:00,0.0,0.0
2030-12-28 19:00:00,0.0,0.0
2030-12-28 20:00:00,0.0,0.0
2030-12-28 21:00:00,0.0,0.0
2030-12-28 22:00:00,0.0,0.0
2030-12-28 23:00:00,0.0,0.0
2030-12-29 00:00:00,0.0,0.0
2030-12-29 01:00:00,0.0,0.0
2030-12-29 02:00:00,0.0,0.0
2030-12-29 03:00:00,0.0,30.543581250000003
2030-12-29 04:00:00,0.0,108.59940000000003
2030-12-29 05:00:00,0.0,195.86677500000008
2030-12-29 06:00:00,0.0,224.47108125000003
2030-12-29 07:00:00,0.0,241.43973750000004
2030-12-29 08:00:00,0.0,240.95491875000005
2030-12-29 09:00:00,0.0,229.80408750000004
2030-12-29 10:00:00,0.0,183.26148750000002
2030-12-29 11:00:00,0.0,118.29577500000002
2030-12-29 12:00:00,0.0,42.17923125000001
2030-12-29 13:00:00,0.0,0.0
2030-12-29 14:00:00,0.0,0.0
2030-12-29 15:00:00,0.0,0.0
2030-12-29 16:00:00,0.0,0.0
2030-12-29 17:00:00,0.0,0.0
2030-12-29 18:00:00,0.0,0.0
2030-12-29 19:00:00,0.0,0.0
2030-12-29 20:00:00,0.0,0.0
2030-12-29 21:00:00,0.0,0.0
2030-12-29 22:00:00,0.0,0.0
2030-12-29 23:00:00,0.0,0.0
2030-12-30 00:00:00,0.0,0.0
2030-12-30 01:00:00,0.0,0.0
2030-12-30 02:00:00,0.0,0.0
2030-12-30 03:00:00,0.0,55.26933750000001
2030-12-30 04:00:00,0.0,163.38391875000005
2030-12-30 05:00:00,0.0,247.74238125000005
2030-12-30 06:00:00,0.0,302.04208125
2030-12-30 07:00:00,0.0,318.5259187500001
2030-12-30 08:00:00,0.0,324.3437437500001
2030-12-30 09:00:00,0.0,279.2556000000001
2030-12-30 10:00:00,0.0,213.32025000000002
2030-12-30 11:00:00,0.0,151.26345
2030-12-30 12:00:00,0.0,69.32908125000002
2030-12-30 13:00:00,0.0,0.9696375000000002
2030-12-30 14:00:00,0.0,0.0
2030-12-30 15:00:00,0.0,0.0
2030-12-30 16:00:00,0.0,0.0
2030-12-30 17:00:00,0.0,0.0
2030-12-30 18:00:00,0.0,0.0
2030-12-30 19:00:00,0.0,0.0
2030-12-30 20:00:00,0.0,0.0
2030-12-30 21:00:00,0.0,0.0
2030-12-30 22:00:00,0.0,0.0
2030-12-30 23:00:00,0.0,0.0
2030-12-31 00:00:00,0.0,0.0
2030-12-31 01:00:00,0.0,0.0
2030-12-31 02:00:00,0.0,0.0
2030-12-31 03:00:00,0.0,69.32908125000002
2030-12-31 04:00:00,0.0,177.92848125000006
2030-12-31 05:00:00,0.0,260.83248750000007
2030-12-31 06:00:00,0.0,297.6787125000001
2030-12-31 07:00:00,0.0,319.01073750000006
2030-12-31 08:00:00,0.0,312.70809375000005
2030-12-31 09:00:00,0.0,311.73845625
2030-12-31 10:00:00,0.0,257.923575
2030-12-31 11:00:00,0.0,189.56413125000003
2030-12-31 12:00:00,0.0,79.02545625000002
2030-12-31 13:00:00,0.0,0.9696375000000002
2030-12-31 14:00:00,0.0,0.0
2030-12-31 15:00:00,0.0,0.0
2030-12-31 16:00:00,0.0,0.0
2030-12-31 17:00:00,0.0,0.0
2030-12-31 18:00:00,0.0,0.0
2030-12-31 19:00:00,0.0,0.0
2030-12-31 20:00:00,0.0,0.0
2030-12-31 21:00:00,0.0,0.0
2030-12-31 22:00:00,0.0,0.0
2030-12-31 23:00:00,0.0,0.0
