timestamp,P_wind_MW,P_solar_MW
2056-01-01 00:00:00,0.0,0.0
2056-01-01 01:00:00,0.0,0.0
2056-01-01 02:00:00,0.0,0.0
2056-01-01 03:00:00,0.0,68.46860600268896
2056-01-01 04:00:00,0.0,165.08074944206604
2056-01-01 05:00:00,0.0,236.48972502769254
2056-01-01 06:00:00,0.0,280.59526877175597
2056-01-01 07:00:00,0.0,304.538278232819
2056-01-01 08:00:00,0.0,307.4786478157566
2056-01-01 09:00:00,0.0,288.5762719254437
2056-01-01 10:00:00,0.0,248.2512033594428
2056-01-01 11:00:00,0.0,183.9831253323789
2056-01-01 12:00:00,0.0,93.6717738564395
2056-01-01 13:00:00,0.0,3.7804751780625803
2056-01-01 14:00:00,0.0,0.0
2056-01-01 15:00:00,0.0,0.0
2056-01-01 16:00:00,0.0,0.0
2056-01-01 17:00:00,0.0,0.0
2056-01-01 18:00:00,0.0,0.0
2056-01-01 19:00:00,0.0,0.0
2056-01-01 20:00:00,0.0,0.0
2056-01-01 21:00:00,0.0,0.0
2056-01-01 22:00:00,0.0,0.0
2056-01-01 23:00:00,0.0,0.0
2056-01-02 00:00:00,0.0,0.0
2056-01-02 01:00:00,0.0,0.0
2056-01-02 02:00:00,0.0,0.0
2056-01-02 03:00:00,0.0,63.84802522950136
2056-01-02 04:00:00,0.0,160.46016866887842
2056-01-02 05:00:00,0.0,232.70924984962994
2056-01-02 06:00:00,0.0,278.91505758150595
2056-01-02 07:00:00,0.0,302.8580670425689
2056-01-02 08:00:00,0.0,304.9583310303815
2056-01-02 09:00:00,0.0,285.6359023425061
2056-01-02 10:00:00,0.0,244.89078097894273
2056-01-02 11:00:00,0.0,180.20265015431633
2056-01-02 12:00:00,0.0,90.31135147593943
2056-01-02 13:00:00,0.0,3.7804751780625803
2056-01-02 14:00:00,0.0,0.0
2056-01-02 15:00:00,0.0,0.0
2056-01-02 16:00:00,0.0,0.0
2056-01-02 17:00:00,0.0,0.0
2056-01-02 18:00:00,0.0,0.0
2056-01-02 19:00:00,0.0,0.0
2056-01-02 20:00:00,0.0,0.0
2056-01-02 21:00:00,0.0,0.0
2056-01-02 22:00:00,0.0,0.0
2056-01-02 23:00:00,0.0,0.0
2056-01-03 00:00:00,0.0,0.0
2056-01-03 01:00:00,0.0,0.0
2056-01-03 02:00:00,0.0,0.0
2056-01-03 03:00:00,0.0,68.46860600268896
2056-01-03 04:00:00,0.0,164.6606966445035
2056-01-03 05:00:00,0.0,236.90977782525505
2056-01-03 06:00:00,0.0,283.95569115225607
2056-01-03 07:00:00,0.0,307.058595018194
2056-01-03 08:00:00,0.0,309.1588590060066
2056-01-03 09:00:00,0.0,290.67653591325615
2056-01-03 10:00:00,0.0,250.77152014481786
2056-01-03 11:00:00,0.0,186.92349491531647
2056-01-03 12:00:00,0.0,97.45224903450207
2056-01-03 13:00:00,0.0,5.040633570750107
2056-01-03 14:00:00,0.0,0.0
2056-01-03 15:00:00,0.0,0.0
2056-01-03 16:00:00,0.0,0.0
2056-01-03 17:00:00,0.0,0.0
2056-01-03 18:00:00,0.0,0.0
2056-01-03 19:00:00,0.0,0.0
2056-01-03 20:00:00,0.0,0.0
2056-01-03 21:00:00,0.0,0.0
2056-01-03 22:00:00,0.0,0.0
2056-01-03 23:00:00,0.0,0.0
2056-01-04 00:00:00,0.0,0.0
2056-01-04 01:00:00,0.0,0.0
2056-01-04 02:00:00,0.0,0.0
2056-01-04 03:00:00,0.0,71.82902838318904
2056-01-04 04:00:00,0.0,169.28127741769111
2056-01-04 05:00:00,0.0,239.8501474081926
2056-01-04 06:00:00,0.0,283.53563835469356
2056-01-04 07:00:00,0.0,305.7984366255065
2056-01-04 08:00:00,0.0,307.4786478157566
2056-01-04 09:00:00,0.0,288.9963247230061
2056-01-04 10:00:00,0.0,248.2512033594428
2056-01-04 11:00:00,0.0,184.40317812994144
2056-01-04 12:00:00,0.0,94.93193224912703
2056-01-04 13:00:00,0.0,5.040633570750107
2056-01-04 14:00:00,0.0,0.0
2056-01-04 15:00:00,0.0,0.0
2056-01-04 16:00:00,0.0,0.0
2056-01-04 17:00:00,0.0,0.0
2056-01-04 18:00:00,0.0,0.0
2056-01-04 19:00:00,0.0,0.0
2056-01-04 20:00:00,0.0,0.0
2056-01-04 21:00:00,0.0,0.0
2056-01-04 22:00:00,0.0,0.0
2056-01-04 23:00:00,0.0,0.0
2056-01-05 00:00:00,0.0,0.0
2056-01-05 01:00:00,0.0,0.0
2056-01-05 02:00:00,0.0,0.0
2056-01-05 03:00:00,0.0,64.68813082462638
2056-01-05 04:00:00,0.0,159.62006307375339
2056-01-05 05:00:00,0.0,229.7688802666924
2056-01-05 06:00:00,0.0,271.3541072253808
2056-01-05 07:00:00,0.0,293.61690549619374
2056-01-05 08:00:00,0.0,295.29711668644376
2056-01-05 09:00:00,0.0,277.2348463912559
2056-01-05 10:00:00,0.0,236.06967223013
2056-01-05 11:00:00,0.0,170.1213830128161
2056-01-05 12:00:00,0.0,79.38997873931417
2056-01-05 13:00:00,0.0,2.1002639878125446
2056-01-05 14:00:00,0.0,0.0
2056-01-05 15:00:00,0.0,0.0
2056-01-05 16:00:00,0.0,0.0
2056-01-05 17:00:00,0.0,0.0
2056-01-05 18:00:00,0.0,0.0
2056-01-05 19:00:00,0.0,0.0
2056-01-05 20:00:00,0.0,0.0
2056-01-05 21:00:00,0.0,0.0
2056-01-05 22:00:00,0.0,0.0
2056-01-05 23:00:00,0.0,0.0
2056-01-06 00:00:00,0.0,0.0
2056-01-06 01:00:00,0.0,0.0
2056-01-06 02:00:00,0.0,0.0
2056-01-06 03:00:00,0.0,48.306071719688525
2056-01-06 04:00:00,0.0,137.35726480294042
2056-01-06 05:00:00,0.0,218.00740193494215
2056-01-06 06:00:00,0.0,267.5736320473182
2056-01-06 07:00:00,0.0,293.61690549619374
2056-01-06 08:00:00,0.0,297.3973806742563
2056-01-06 09:00:00,0.0,279.33511037906845
2056-01-06 10:00:00,0.0,238.1699362179426
2056-01-06 11:00:00,0.0,173.0617525957537
2056-01-06 12:00:00,0.0,81.91029552468925
2056-01-06 13:00:00,0.0,2.940369582937563
2056-01-06 14:00:00,0.0,0.0
2056-01-06 15:00:00,0.0,0.0
2056-01-06 16:00:00,0.0,0.0
2056-01-06 17:00:00,0.0,0.0
2056-01-06 18:00:00,0.0,0.0
2056-01-06 19:00:00,0.0,0.0
2056-01-06 20:00:00,0.0,0.0
2056-01-06 21:00:00,0.0,0.0
2056-01-06 22:00:00,0.0,0.0
2056-01-06 23:00:00,0.0,0.0
2056-01-07 00:00:00,0.0,0.0
2056-01-07 01:00:00,0.0,0.0
2056-01-07 02:00:00,0.0,0.0
2056-01-07 03:00:00,0.0,68.46860600268896
2056-01-07 04:00:00,0.0,164.240643846941
2056-01-07 05:00:00,0.0,236.48972502769254
2056-01-07 06:00:00,0.0,282.275479962006
2056-01-07 07:00:00,0.0,306.6385422206315
2056-01-07 08:00:00,0.0,308.7388062084441
2056-01-07 09:00:00,0.0,287.31611353275616
2056-01-07 10:00:00,0.0,245.73088657406774
2056-01-07 11:00:00,0.0,179.78259735675383
2056-01-07 12:00:00,0.0,87.79103469056436
2056-01-07 13:00:00,0.0,3.3604223805000717
2056-01-07 14:00:00,0.0,0.0
2056-01-07 15:00:00,0.0,0.0
2056-01-07 16:00:00,0.0,0.0
2056-01-07 17:00:00,0.0,0.0
2056-01-07 18:00:00,0.0,0.0
2056-01-07 19:00:00,0.0,0.0
2056-01-07 20:00:00,0.0,0.0
2056-01-07 21:00:00,0.0,0.0
2056-01-07 22:00:00,0.0,0.0
2056-01-07 23:00:00,0.0,0.0
2056-01-08 00:00:00,0.0,0.0
2056-01-08 01:00:00,0.0,0.0
2056-01-08 02:00:00,0.0,0.0
2056-01-08 03:00:00,0.0,65.9482892173139
2056-01-08 04:00:00,0.0,164.240643846941
2056-01-08 05:00:00,0.0,236.48972502769254
2056-01-08 06:00:00,0.0,281.435374366881
2056-01-08 07:00:00,0.0,304.9583310303815
2056-01-08 08:00:00,0.0,306.6385422206315
2056-01-08 09:00:00,0.0,288.1562191278812
2056-01-08 10:00:00,0.0,246.57099216919278
2056-01-08 11:00:00,0.0,181.46280854700387
2056-01-08 12:00:00,0.0,91.99156266618945
2056-01-08 13:00:00,0.0,5.040633570750107
2056-01-08 14:00:00,0.0,0.0
2056-01-08 15:00:00,0.0,0.0
2056-01-08 16:00:00,0.0,0.0
2056-01-08 17:00:00,0.0,0.0
2056-01-08 18:00:00,0.0,0.0
2056-01-08 19:00:00,0.0,0.0
2056-01-08 20:00:00,0.0,0.0
2056-01-08 21:00:00,0.0,0.0
2056-01-08 22:00:00,0.0,0.0
2056-01-08 23:00:00,0.0,0.0
2056-01-09 00:00:00,0.0,0.0
2056-01-09 01:00:00,0.0,0.0
2056-01-09 02:00:00,0.0,0.0
2056-01-09 03:00:00,0.0,69.72876439537649
2056-01-09 04:00:00,0.0,165.92085503719105
2056-01-09 05:00:00,0.0,237.7498834203801
2056-01-09 06:00:00,0.0,284.79579674738113
2056-01-09 07:00:00,0.0,307.898700613319
2056-01-09 08:00:00,0.0,310.4190173986941
2056-01-09 09:00:00,0.0,289.4163775205687
2056-01-09 10:00:00,0.0,248.2512033594428
2056-01-09 11:00:00,0.0,180.62270295187886
2056-01-09 12:00:00,0.0,92.83166826131448
2056-01-09 13:00:00,0.0,5.460686368312616
2056-01-09 14:00:00,0.0,0.0
2056-01-09 15:00:00,0.0,0.0
2056-01-09 16:00:00,0.0,0.0
2056-01-09 17:00:00,0.0,0.0
2056-01-09 18:00:00,0.0,0.0
2056-01-09 19:00:00,0.0,0.0
2056-01-09 20:00:00,0.0,0.0
2056-01-09 21:00:00,0.0,0.0
2056-01-09 22:00:00,0.0,0.0
2056-01-09 23:00:00,0.0,0.0
2056-01-10 00:00:00,0.0,0.0
2056-01-10 01:00:00,0.0,0.0
2056-01-10 02:00:00,0.0,0.0
2056-01-10 03:00:00,0.0,60.487602849001284
2056-01-10 04:00:00,0.0,165.92085503719105
2056-01-10 05:00:00,0.0,237.7498834203801
2056-01-10 06:00:00,0.0,286.0559551400686
2056-01-10 07:00:00,0.0,309.1588590060066
2056-01-10 08:00:00,0.0,310.8390701962566
2056-01-10 09:00:00,0.0,290.67653591325615
2056-01-10 10:00:00,0.0,248.2512033594428
2056-01-10 11:00:00,0.0,184.40317812994144
2056-01-10 12:00:00,0.0,94.51187945156451
2056-01-10 13:00:00,0.0,5.460686368312616
2056-01-10 14:00:00,0.0,0.0
2056-01-10 15:00:00,0.0,0.0
2056-01-10 16:00:00,0.0,0.0
2056-01-10 17:00:00,0.0,0.0
2056-01-10 18:00:00,0.0,0.0
2056-01-10 19:00:00,0.0,0.0
2056-01-10 20:00:00,0.0,0.0
2056-01-10 21:00:00,0.0,0.0
2056-01-10 22:00:00,0.0,0.0
2056-01-10 23:00:00,0.0,0.0
2056-01-11 00:00:00,0.0,0.0
2056-01-11 01:00:00,0.0,0.0
2056-01-11 02:00:00,0.0,0.0
2056-01-11 03:00:00,0.0,59.64749725387627
2056-01-11 04:00:00,0.0,157.09974628837833
2056-01-11 05:00:00,0.0,230.6089858618174
2056-01-11 06:00:00,0.0,281.85542716444354
2056-01-11 07:00:00,0.0,302.8580670425689
2056-01-11 08:00:00,0.0,302.8580670425689
2056-01-11 09:00:00,0.0,276.39474079613086
2056-01-11 10:00:00,0.0,229.7688802666924
2056-01-11 11:00:00,0.0,157.09974628837833
2056-01-11 12:00:00,0.0,64.68813082462638
2056-01-11 13:00:00,0.0,1.2601583926875268
2056-01-11 14:00:00,0.0,0.0
2056-01-11 15:00:00,0.0,0.0
2056-01-11 16:00:00,0.0,0.0
2056-01-11 17:00:00,0.0,0.0
2056-01-11 18:00:00,0.0,0.0
2056-01-11 19:00:00,0.0,0.0
2056-01-11 20:00:00,0.0,0.0
2056-01-11 21:00:00,0.0,0.0
2056-01-11 22:00:00,0.0,0.0
2056-01-11 23:00:00,0.0,0.0
2056-01-12 00:00:00,0.0,0.0
2056-01-12 01:00:00,0.0,0.0
2056-01-12 02:00:00,0.0,0.0
2056-01-12 03:00:00,0.0,61.74776124168881
2056-01-12 04:00:00,0.0,160.04011587131592
2056-01-12 05:00:00,0.0,233.1293026471925
2056-01-12 06:00:00,0.0,287.31611353275616
2056-01-12 07:00:00,0.0,307.898700613319
2056-01-12 08:00:00,0.0,308.3187534108816
2056-01-12 09:00:00,0.0,288.9963247230061
2056-01-12 10:00:00,0.0,246.99104496675525
2056-01-12 11:00:00,0.0,181.88286134456635
2056-01-12 12:00:00,0.0,90.31135147593943
2056-01-12 13:00:00,0.0,4.620580773187599
2056-01-12 14:00:00,0.0,0.0
2056-01-12 15:00:00,0.0,0.0
2056-01-12 16:00:00,0.0,0.0
2056-01-12 17:00:00,0.0,0.0
2056-01-12 18:00:00,0.0,0.0
2056-01-12 19:00:00,0.0,0.0
2056-01-12 20:00:00,0.0,0.0
2056-01-12 21:00:00,0.0,0.0
2056-01-12 22:00:00,0.0,0.0
2056-01-12 23:00:00,0.0,0.0
2056-01-13 00:00:00,0.0,0.0
2056-01-13 01:00:00,0.0,0.0
2056-01-13 02:00:00,0.0,0.0
2056-01-13 03:00:00,0.0,65.5282364197514
2056-01-13 04:00:00,0.0,161.30027426400343
2056-01-13 05:00:00,0.0,233.96940824231748
2056-01-13 06:00:00,0.0,278.07495198638094
2056-01-13 07:00:00,0.0,302.01796144744395
2056-01-13 08:00:00,0.0,304.538278232819
2056-01-13 09:00:00,0.0,285.2158495449436
2056-01-13 10:00:00,0.0,243.21056978869265
2056-01-13 11:00:00,0.0,176.8422277738163
2056-01-13 12:00:00,0.0,85.27071790518931
2056-01-13 13:00:00,0.0,3.7804751780625803
2056-01-13 14:00:00,0.0,0.0
2056-01-13 15:00:00,0.0,0.0
2056-01-13 16:00:00,0.0,0.0
2056-01-13 17:00:00,0.0,0.0
2056-01-13 18:00:00,0.0,0.0
2056-01-13 19:00:00,0.0,0.0
2056-01-13 20:00:00,0.0,0.0
2056-01-13 21:00:00,0.0,0.0
2056-01-13 22:00:00,0.0,0.0
2056-01-13 23:00:00,0.0,0.0
2056-01-14 00:00:00,0.0,0.0
2056-01-14 01:00:00,0.0,0.0
2056-01-14 02:00:00,0.0,0.0
2056-01-14 03:00:00,0.0,47.88601892212602
2056-01-14 04:00:00,0.0,143.65805676637808
2056-01-14 05:00:00,0.0,212.96676836419203
2056-01-14 06:00:00,0.0,270.09394883269323
2056-01-14 07:00:00,0.0,300.3377502571939
2056-01-14 08:00:00,0.0,291.5166415083812
2056-01-14 09:00:00,0.0,271.7741600229433
2056-01-14 10:00:00,0.0,238.58998901550507
2056-01-14 11:00:00,0.0,171.80159420306614
2056-01-14 12:00:00,0.0,82.75040111981426
2056-01-14 13:00:00,0.0,2.940369582937563
2056-01-14 14:00:00,0.0,0.0
2056-01-14 15:00:00,0.0,0.0
2056-01-14 16:00:00,0.0,0.0
2056-01-14 17:00:00,0.0,0.0
2056-01-14 18:00:00,0.0,0.0
2056-01-14 19:00:00,0.0,0.0
2056-01-14 20:00:00,0.0,0.0
2056-01-14 21:00:00,0.0,0.0
2056-01-14 22:00:00,0.0,0.0
2056-01-14 23:00:00,0.0,0.0
2056-01-15 00:00:00,0.0,0.0
2056-01-15 01:00:00,0.0,0.0
2056-01-15 02:00:00,0.0,0.0
2056-01-15 03:00:00,0.0,56.70712767093871
2056-01-15 04:00:00,0.0,140.29763438587798
2056-01-15 05:00:00,0.0,214.64697955444208
2056-01-15 06:00:00,0.0,270.09394883269323
2056-01-15 07:00:00,0.0,297.8174334718189
2056-01-15 08:00:00,0.0,301.59790864988145
2056-01-15 09:00:00,0.0,288.5762719254437
2056-01-15 10:00:00,0.0,251.1915729423803
2056-01-15 11:00:00,0.0,186.92349491531647
2056-01-15 12:00:00,0.0,96.61214343937705
2056-01-15 13:00:00,0.0,6.720844761000143
2056-01-15 14:00:00,0.0,0.0
2056-01-15 15:00:00,0.0,0.0
2056-01-15 16:00:00,0.0,0.0
2056-01-15 17:00:00,0.0,0.0
2056-01-15 18:00:00,0.0,0.0
2056-01-15 19:00:00,0.0,0.0
2056-01-15 20:00:00,0.0,0.0
2056-01-15 21:00:00,0.0,0.0
2056-01-15 22:00:00,0.0,0.0
2056-01-15 23:00:00,0.0,0.0
2056-01-16 00:00:00,0.0,0.0
2056-01-16 01:00:00,0.0,0.0
2056-01-16 02:00:00,0.0,0.0
2056-01-16 03:00:00,0.0,70.98892278806402
2056-01-16 04:00:00,0.0,165.92085503719105
2056-01-16 05:00:00,0.0,238.58998901550507
2056-01-16 06:00:00,0.0,285.6359023425061
2056-01-16 07:00:00,0.0,309.1588590060066
2056-01-16 08:00:00,0.0,311.2591229938191
2056-01-16 09:00:00,0.0,294.0369582937563
2056-01-16 10:00:00,0.0,252.87178413263038
2056-01-16 11:00:00,0.0,188.18365330800404
2056-01-16 12:00:00,0.0,98.29235462962708
2056-01-16 13:00:00,0.0,7.140897558562652
2056-01-16 14:00:00,0.0,0.0
2056-01-16 15:00:00,0.0,0.0
2056-01-16 16:00:00,0.0,0.0
2056-01-16 17:00:00,0.0,0.0
2056-01-16 18:00:00,0.0,0.0
2056-01-16 19:00:00,0.0,0.0
2056-01-16 20:00:00,0.0,0.0
2056-01-16 21:00:00,0.0,0.0
2056-01-16 22:00:00,0.0,0.0
2056-01-16 23:00:00,0.0,0.0
2056-01-17 00:00:00,0.0,0.0
2056-01-17 01:00:00,0.0,0.0
2056-01-17 02:00:00,0.0,0.0
2056-01-17 03:00:00,0.0,76.0295563588141
2056-01-17 04:00:00,0.0,171.80159420306614
2056-01-17 05:00:00,0.0,243.21056978869265
2056-01-17 06:00:00,0.0,288.9963247230061
2056-01-17 07:00:00,0.0,312.09922858894413
2056-01-17 08:00:00,0.0,313.35938698163164
2056-01-17 09:00:00,0.0,292.3567471035062
2056-01-17 10:00:00,0.0,250.35146734725532
2056-01-17 11:00:00,0.0,183.9831253323789
2056-01-17 12:00:00,0.0,92.41161546375196
2056-01-17 13:00:00,0.0,5.880739165875126
2056-01-17 14:00:00,0.0,0.0
2056-01-17 15:00:00,0.0,0.0
2056-01-17 16:00:00,0.0,0.0
2056-01-17 17:00:00,0.0,0.0
2056-01-17 18:00:00,0.0,0.0
2056-01-17 19:00:00,0.0,0.0
2056-01-17 20:00:00,0.0,0.0
2056-01-17 21:00:00,0.0,0.0
2056-01-17 22:00:00,0.0,0.0
2056-01-17 23:00:00,0.0,0.0
2056-01-18 00:00:00,0.0,0.0
2056-01-18 01:00:00,0.0,0.0
2056-01-18 02:00:00,0.0,0.0
2056-01-18 03:00:00,0.0,69.72876439537649
2056-01-18 04:00:00,0.0,162.98048545425348
2056-01-18 05:00:00,0.0,228.92877467156737
2056-01-18 06:00:00,0.0,268.8337904400057
2056-01-18 07:00:00,0.0,301.59790864988145
2056-01-18 08:00:00,0.0,302.43801424500646
2056-01-18 09:00:00,0.0,284.79579674738113
2056-01-18 10:00:00,0.0,246.99104496675525
2056-01-18 11:00:00,0.0,183.56307253481643
2056-01-18 12:00:00,0.0,93.6717738564395
2056-01-18 13:00:00,0.0,6.720844761000143
2056-01-18 14:00:00,0.0,0.0
2056-01-18 15:00:00,0.0,0.0
2056-01-18 16:00:00,0.0,0.0
2056-01-18 17:00:00,0.0,0.0
2056-01-18 18:00:00,0.0,0.0
2056-01-18 19:00:00,0.0,0.0
2056-01-18 20:00:00,0.0,0.0
2056-01-18 21:00:00,0.0,0.0
2056-01-18 22:00:00,0.0,0.0
2056-01-18 23:00:00,0.0,0.0
2056-01-19 00:00:00,0.0,0.0
2056-01-19 01:00:00,0.0,0.0
2056-01-19 02:00:00,0.0,0.0
2056-01-19 03:00:00,0.0,69.72876439537649
2056-01-19 04:00:00,0.0,165.08074944206604
2056-01-19 05:00:00,0.0,235.64961943256753
2056-01-19 06:00:00,0.0,281.435374366881
2056-01-19 07:00:00,0.0,304.538278232819
2056-01-19 08:00:00,0.0,306.6385422206315
2056-01-19 09:00:00,0.0,282.275479962006
2056-01-19 10:00:00,0.0,238.58998901550507
2056-01-19 11:00:00,0.0,169.28127741769111
2056-01-19 12:00:00,0.0,76.44960915637662
2056-01-19 13:00:00,0.0,3.3604223805000717
2056-01-19 14:00:00,0.0,0.0
2056-01-19 15:00:00,0.0,0.0
2056-01-19 16:00:00,0.0,0.0
2056-01-19 17:00:00,0.0,0.0
2056-01-19 18:00:00,0.0,0.0
2056-01-19 19:00:00,0.0,0.0
2056-01-19 20:00:00,0.0,0.0
2056-01-19 21:00:00,0.0,0.0
2056-01-19 22:00:00,0.0,0.0
2056-01-19 23:00:00,0.0,0.0
2056-01-20 00:00:00,0.0,0.0
2056-01-20 01:00:00,0.0,0.0
2056-01-20 02:00:00,0.0,0.0
2056-01-20 03:00:00,0.0,43.26543814893842
2056-01-20 04:00:00,0.0,130.21636724437778
2056-01-20 05:00:00,0.0,206.2459236031919
2056-01-20 06:00:00,0.0,263.3731040716931
2056-01-20 07:00:00,0.0,287.31611353275616
2056-01-20 08:00:00,0.0,287.7361663303186
2056-01-20 09:00:00,0.0,268.4137376424432
2056-01-20 10:00:00,0.0,221.7878771130047
2056-01-20 11:00:00,0.0,151.21900712250323
2056-01-20 12:00:00,0.0,64.68813082462638
2056-01-20 13:00:00,0.0,2.5203167853750537
2056-01-20 14:00:00,0.0,0.0
2056-01-20 15:00:00,0.0,0.0
2056-01-20 16:00:00,0.0,0.0
2056-01-20 17:00:00,0.0,0.0
2056-01-20 18:00:00,0.0,0.0
2056-01-20 19:00:00,0.0,0.0
2056-01-20 20:00:00,0.0,0.0
2056-01-20 21:00:00,0.0,0.0
2056-01-20 22:00:00,0.0,0.0
2056-01-20 23:00:00,0.0,0.0
2056-01-21 00:00:00,0.0,0.0
2056-01-21 01:00:00,0.0,0.0
2056-01-21 02:00:00,0.0,0.0
2056-01-21 03:00:00,0.0,76.0295563588141
2056-01-21 04:00:00,0.0,176.8422277738163
2056-01-21 05:00:00,0.0,248.6712561570053
2056-01-21 06:00:00,0.0,295.29711668644376
2056-01-21 07:00:00,0.0,316.7198093621318
2056-01-21 08:00:00,0.0,317.5599149572567
2056-01-21 09:00:00,0.0,297.3973806742563
2056-01-21 10:00:00,0.0,254.5519953228804
2056-01-21 11:00:00,0.0,186.50344211775396
2056-01-21 12:00:00,0.0,92.83166826131448
2056-01-21 13:00:00,0.0,6.720844761000143
2056-01-21 14:00:00,0.0,0.0
2056-01-21 15:00:00,0.0,0.0
2056-01-21 16:00:00,0.0,0.0
2056-01-21 17:00:00,0.0,0.0
2056-01-21 18:00:00,0.0,0.0
2056-01-21 19:00:00,0.0,0.0
2056-01-21 20:00:00,0.0,0.0
2056-01-21 21:00:00,0.0,0.0
2056-01-21 22:00:00,0.0,0.0
2056-01-21 23:00:00,0.0,0.0
2056-01-22 00:00:00,0.0,0.0
2056-01-22 01:00:00,0.0,0.0
2056-01-22 02:00:00,0.0,0.0
2056-01-22 03:00:00,0.0,76.0295563588141
2056-01-22 04:00:00,0.0,175.1620165835662
2056-01-22 05:00:00,0.0,247.41109776431776
2056-01-22 06:00:00,0.0,295.7171694840063
2056-01-22 07:00:00,0.0,318.8200733499443
2056-01-22 08:00:00,0.0,319.6601789450693
2056-01-22 09:00:00,0.0,300.7578030547564
2056-01-22 10:00:00,0.0,257.91241770338047
2056-01-22 11:00:00,0.0,190.28391729581654
2056-01-22 12:00:00,0.0,96.61214343937705
2056-01-22 13:00:00,0.0,7.140897558562652
2056-01-22 14:00:00,0.0,0.0
2056-01-22 15:00:00,0.0,0.0
2056-01-22 16:00:00,0.0,0.0
2056-01-22 17:00:00,0.0,0.0
2056-01-22 18:00:00,0.0,0.0
2056-01-22 19:00:00,0.0,0.0
2056-01-22 20:00:00,0.0,0.0
2056-01-22 21:00:00,0.0,0.0
2056-01-22 22:00:00,0.0,0.0
2056-01-22 23:00:00,0.0,0.0
2056-01-23 00:00:00,0.0,0.0
2056-01-23 01:00:00,0.0,0.0
2056-01-23 02:00:00,0.0,0.0
2056-01-23 03:00:00,0.0,75.1894507636891
2056-01-23 04:00:00,0.0,173.9018581908787
2056-01-23 05:00:00,0.0,246.57099216919278
2056-01-23 06:00:00,0.0,291.5166415083812
2056-01-23 07:00:00,0.0,315.45965096944417
2056-01-23 08:00:00,0.0,317.13986215969425
2056-01-23 09:00:00,0.0,299.9176974596314
2056-01-23 10:00:00,0.0,257.91241770338047
2056-01-23 11:00:00,0.0,191.12402289094157
2056-01-23 12:00:00,0.0,98.29235462962708
2056-01-23 13:00:00,0.0,8.401055951250179
2056-01-23 14:00:00,0.0,0.0
2056-01-23 15:00:00,0.0,0.0
2056-01-23 16:00:00,0.0,0.0
2056-01-23 17:00:00,0.0,0.0
2056-01-23 18:00:00,0.0,0.0
2056-01-23 19:00:00,0.0,0.0
2056-01-23 20:00:00,0.0,0.0
2056-01-23 21:00:00,0.0,0.0
2056-01-23 22:00:00,0.0,0.0
2056-01-23 23:00:00,0.0,0.0
2056-01-24 00:00:00,0.0,0.0
2056-01-24 01:00:00,0.0,0.0
2056-01-24 02:00:00,0.0,0.0
2056-01-24 03:00:00,0.0,77.28971475150165
2056-01-24 04:00:00,0.0,173.48180539331617
2056-01-24 05:00:00,0.0,244.89078097894273
2056-01-24 06:00:00,0.0,291.5166415083812
2056-01-24 07:00:00,0.0,315.0395981718817
2056-01-24 08:00:00,0.0,317.13986215969425
2056-01-24 09:00:00,0.0,299.07759186450636
2056-01-24 10:00:00,0.0,257.49236490581796
2056-01-24 11:00:00,0.0,191.54407568850408
2056-01-24 12:00:00,0.0,99.97256581987712
2056-01-24 13:00:00,0.0,9.661214343937706
2056-01-24 14:00:00,0.0,0.0
2056-01-24 15:00:00,0.0,0.0
2056-01-24 16:00:00,0.0,0.0
2056-01-24 17:00:00,0.0,0.0
2056-01-24 18:00:00,0.0,0.0
2056-01-24 19:00:00,0.0,0.0
2056-01-24 20:00:00,0.0,0.0
2056-01-24 21:00:00,0.0,0.0
2056-01-24 22:00:00,0.0,0.0
2056-01-24 23:00:00,0.0,0.0
2056-01-25 00:00:00,0.0,0.0
2056-01-25 01:00:00,0.0,0.0
2056-01-25 02:00:00,0.0,0.0
2056-01-25 03:00:00,0.0,72.24908118075153
2056-01-25 04:00:00,0.0,165.92085503719105
2056-01-25 05:00:00,0.0,238.1699362179426
2056-01-25 06:00:00,0.0,284.79579674738113
2056-01-25 07:00:00,0.0,308.7388062084441
2056-01-25 08:00:00,0.0,311.6791757913816
2056-01-25 09:00:00,0.0,289.83643031813114
2056-01-25 10:00:00,0.0,245.73088657406774
2056-01-25 11:00:00,0.0,180.62270295187886
2056-01-25 12:00:00,0.0,92.41161546375196
2056-01-25 13:00:00,0.0,7.5609503561251605
2056-01-25 14:00:00,0.0,0.0
2056-01-25 15:00:00,0.0,0.0
2056-01-25 16:00:00,0.0,0.0
2056-01-25 17:00:00,0.0,0.0
2056-01-25 18:00:00,0.0,0.0
2056-01-25 19:00:00,0.0,0.0
2056-01-25 20:00:00,0.0,0.0
2056-01-25 21:00:00,0.0,0.0
2056-01-25 22:00:00,0.0,0.0
2056-01-25 23:00:00,0.0,0.0
2056-01-26 00:00:00,0.0,0.0
2056-01-26 01:00:00,0.0,0.0
2056-01-26 02:00:00,0.0,0.0
2056-01-26 03:00:00,0.0,70.5688699905015
2056-01-26 04:00:00,0.0,165.5008022396285
2056-01-26 05:00:00,0.0,237.7498834203801
2056-01-26 06:00:00,0.0,286.0559551400686
2056-01-26 07:00:00,0.0,309.99896460113155
2056-01-26 08:00:00,0.0,311.6791757913816
2056-01-26 09:00:00,0.0,292.77679990106867
2056-01-26 10:00:00,0.0,250.77152014481786
2056-01-26 11:00:00,0.0,184.40317812994144
2056-01-26 12:00:00,0.0,92.41161546375196
2056-01-26 13:00:00,0.0,7.5609503561251605
2056-01-26 14:00:00,0.0,0.0
2056-01-26 15:00:00,0.0,0.0
2056-01-26 16:00:00,0.0,0.0
2056-01-26 17:00:00,0.0,0.0
2056-01-26 18:00:00,0.0,0.0
2056-01-26 19:00:00,0.0,0.0
2056-01-26 20:00:00,0.0,0.0
2056-01-26 21:00:00,0.0,0.0
2056-01-26 22:00:00,0.0,0.0
2056-01-26 23:00:00,0.0,0.0
2056-01-27 00:00:00,0.0,0.0
2056-01-27 01:00:00,0.0,0.0
2056-01-27 02:00:00,0.0,0.0
2056-01-27 03:00:00,0.0,70.5688699905015
2056-01-27 04:00:00,0.0,166.34090783475352
2056-01-27 05:00:00,0.0,238.58998901550507
2056-01-27 06:00:00,0.0,286.4760079376311
2056-01-27 07:00:00,0.0,310.4190173986941
2056-01-27 08:00:00,0.0,312.51928138650663
2056-01-27 09:00:00,0.0,291.5166415083812
2056-01-27 10:00:00,0.0,249.09130895456778
2056-01-27 11:00:00,0.0,182.30291414212888
2056-01-27 12:00:00,0.0,90.73140427350194
2056-01-27 13:00:00,0.0,7.5609503561251605
2056-01-27 14:00:00,0.0,0.0
2056-01-27 15:00:00,0.0,0.0
2056-01-27 16:00:00,0.0,0.0
2056-01-27 17:00:00,0.0,0.0
2056-01-27 18:00:00,0.0,0.0
2056-01-27 19:00:00,0.0,0.0
2056-01-27 20:00:00,0.0,0.0
2056-01-27 21:00:00,0.0,0.0
2056-01-27 22:00:00,0.0,0.0
2056-01-27 23:00:00,0.0,0.0
2056-01-28 00:00:00,0.0,0.0
2056-01-28 01:00:00,0.0,0.0
2056-01-28 02:00:00,0.0,0.0
2056-01-28 03:00:00,0.0,73.50923957343907
2056-01-28 04:00:00,0.0,168.02111902500357
2056-01-28 05:00:00,0.0,238.58998901550507
2056-01-28 06:00:00,0.0,287.31611353275616
2056-01-28 07:00:00,0.0,311.2591229938191
2056-01-28 08:00:00,0.0,313.7794397791942
2056-01-28 09:00:00,0.0,295.7171694840063
2056-01-28 10:00:00,0.0,254.5519953228804
2056-01-28 11:00:00,0.0,188.6037061055665
2056-01-28 12:00:00,0.0,97.8723018320646
2056-01-28 13:00:00,0.0,9.661214343937706
2056-01-28 14:00:00,0.0,0.0
2056-01-28 15:00:00,0.0,0.0
2056-01-28 16:00:00,0.0,0.0
2056-01-28 17:00:00,0.0,0.0
2056-01-28 18:00:00,0.0,0.0
2056-01-28 19:00:00,0.0,0.0
2056-01-28 20:00:00,0.0,0.0
2056-01-28 21:00:00,0.0,0.0
2056-01-28 22:00:00,0.0,0.0
2056-01-28 23:00:00,0.0,0.0
2056-01-29 00:00:00,0.0,0.0
2056-01-29 01:00:00,0.0,0.0
2056-01-29 02:00:00,0.0,0.0
2056-01-29 03:00:00,0.0,44.525596541625944
2056-01-29 04:00:00,0.0,131.0564728395028
2056-01-29 05:00:00,0.0,193.2242868787541
2056-01-29 06:00:00,0.0,270.5140016302558
2056-01-29 07:00:00,0.0,305.37838382794405
2056-01-29 08:00:00,0.0,313.35938698163164
2056-01-29 09:00:00,0.0,295.7171694840063
2056-01-29 10:00:00,0.0,254.5519953228804
2056-01-29 11:00:00,0.0,188.6037061055665
2056-01-29 12:00:00,0.0,97.03219623693957
2056-01-29 13:00:00,0.0,9.661214343937706
2056-01-29 14:00:00,0.0,0.0
2056-01-29 15:00:00,0.0,0.0
2056-01-29 16:00:00,0.0,0.0
2056-01-29 17:00:00,0.0,0.0
2056-01-29 18:00:00,0.0,0.0
2056-01-29 19:00:00,0.0,0.0
2056-01-29 20:00:00,0.0,0.0
2056-01-29 21:00:00,0.0,0.0
2056-01-29 22:00:00,0.0,0.0
2056-01-29 23:00:00,0.0,0.0
2056-01-30 00:00:00,0.0,0.0
2056-01-30 01:00:00,0.0,0.0
2056-01-30 02:00:00,0.0,0.0
2056-01-30 03:00:00,0.0,72.66913397831404
2056-01-30 04:00:00,0.0,168.8612246201286
2056-01-30 05:00:00,0.0,241.53035859844263
2056-01-30 06:00:00,0.0,287.31611353275616
2056-01-30 07:00:00,0.0,310.8390701962566
2056-01-30 08:00:00,0.0,312.51928138650663
2056-01-30 09:00:00,0.0,292.77679990106867
2056-01-30 10:00:00,0.0,251.1915729423803
2056-01-30 11:00:00,0.0,184.82323092750391
2056-01-30 12:00:00,0.0,94.51187945156451
2056-01-30 13:00:00,0.0,8.821108748812687
2056-01-30 14:00:00,0.0,0.0
2056-01-30 15:00:00,0.0,0.0
2056-01-30 16:00:00,0.0,0.0
2056-01-30 17:00:00,0.0,0.0
2056-01-30 18:00:00,0.0,0.0
2056-01-30 19:00:00,0.0,0.0
2056-01-30 20:00:00,0.0,0.0
2056-01-30 21:00:00,0.0,0.0
2056-01-30 22:00:00,0.0,0.0
2056-01-30 23:00:00,0.0,0.0
2056-01-31 00:00:00,0.0,0.0
2056-01-31 01:00:00,0.0,0.0
2056-01-31 02:00:00,0.0,0.0
2056-01-31 03:00:00,0.0,67.20844761000143
2056-01-31 04:00:00,0.0,159.62006307375339
2056-01-31 05:00:00,0.0,231.02903865937995
2056-01-31 06:00:00,0.0,278.4950047839434
2056-01-31 07:00:00,0.0,302.8580670425689
2056-01-31 08:00:00,0.0,304.538278232819
2056-01-31 09:00:00,0.0,279.755163176631
2056-01-31 10:00:00,0.0,235.64961943256753
2056-01-31 11:00:00,0.0,167.6010662274411
2056-01-31 12:00:00,0.0,77.28971475150165
2056-01-31 13:00:00,0.0,5.460686368312616
2056-01-31 14:00:00,0.0,0.0
2056-01-31 15:00:00,0.0,0.0
2056-01-31 16:00:00,0.0,0.0
2056-01-31 17:00:00,0.0,0.0
2056-01-31 18:00:00,0.0,0.0
2056-01-31 19:00:00,0.0,0.0
2056-01-31 20:00:00,0.0,0.0
2056-01-31 21:00:00,0.0,0.0
2056-01-31 22:00:00,0.0,0.0
2056-01-31 23:00:00,0.0,0.0
2056-02-01 00:00:00,0.0,0.0
2056-02-01 01:00:00,0.0,0.0
2056-02-01 02:00:00,0.0,0.0
2056-02-01 03:00:00,0.0,55.446969278251174
2056-02-01 04:00:00,0.0,148.27863753956564
2056-02-01 05:00:00,0.0,223.04803550569224
2056-02-01 06:00:00,0.0,271.3541072253808
2056-02-01 07:00:00,0.0,296.5572750791313
2056-02-01 08:00:00,0.0,299.9176974596314
2056-02-01 09:00:00,0.0,287.31611353275616
2056-02-01 10:00:00,0.0,246.99104496675525
2056-02-01 11:00:00,0.0,180.62270295187886
2056-02-01 12:00:00,0.0,90.73140427350194
2056-02-01 13:00:00,0.0,8.821108748812687
2056-02-01 14:00:00,0.0,0.0
2056-02-01 15:00:00,0.0,0.0
2056-02-01 16:00:00,0.0,0.0
2056-02-01 17:00:00,0.0,0.0
2056-02-01 18:00:00,0.0,0.0
2056-02-01 19:00:00,0.0,0.0
2056-02-01 20:00:00,0.0,0.0
2056-02-01 21:00:00,0.0,0.0
2056-02-01 22:00:00,0.0,0.0
2056-02-01 23:00:00,0.0,0.0
2056-02-02 00:00:00,0.0,0.0
2056-02-02 01:00:00,0.0,0.0
2056-02-02 02:00:00,0.0,0.0
2056-02-02 03:00:00,0.0,72.24908118075153
2056-02-02 04:00:00,0.0,165.5008022396285
2056-02-02 05:00:00,0.0,237.7498834203801
2056-02-02 06:00:00,0.0,287.7361663303186
2056-02-02 07:00:00,0.0,312.9393341840692
2056-02-02 08:00:00,0.0,315.45965096944417
2056-02-02 09:00:00,0.0,295.7171694840063
2056-02-02 10:00:00,0.0,253.71188972775542
2056-02-02 11:00:00,0.0,187.7636005104415
2056-02-02 12:00:00,0.0,97.45224903450207
2056-02-02 13:00:00,0.0,10.081267141500215
2056-02-02 14:00:00,0.0,0.0
2056-02-02 15:00:00,0.0,0.0
2056-02-02 16:00:00,0.0,0.0
2056-02-02 17:00:00,0.0,0.0
2056-02-02 18:00:00,0.0,0.0
2056-02-02 19:00:00,0.0,0.0
2056-02-02 20:00:00,0.0,0.0
2056-02-02 21:00:00,0.0,0.0
2056-02-02 22:00:00,0.0,0.0
2056-02-02 23:00:00,0.0,0.0
2056-02-03 00:00:00,0.0,0.0
2056-02-03 01:00:00,0.0,0.0
2056-02-03 02:00:00,0.0,0.0
2056-02-03 03:00:00,0.0,60.06755005143878
2056-02-03 04:00:00,0.0,160.88022146644093
2056-02-03 05:00:00,0.0,237.32983062281755
2056-02-03 06:00:00,0.0,283.11558555713106
2056-02-03 07:00:00,0.0,307.898700613319
2056-02-03 08:00:00,0.0,310.4190173986941
2056-02-03 09:00:00,0.0,290.2564831156937
2056-02-03 10:00:00,0.0,244.4707281813802
2056-02-03 11:00:00,0.0,174.3219109884412
2056-02-03 12:00:00,0.0,83.17045391737676
2056-02-03 13:00:00,0.0,7.98100315368767
2056-02-03 14:00:00,0.0,0.0
2056-02-03 15:00:00,0.0,0.0
2056-02-03 16:00:00,0.0,0.0
2056-02-03 17:00:00,0.0,0.0
2056-02-03 18:00:00,0.0,0.0
2056-02-03 19:00:00,0.0,0.0
2056-02-03 20:00:00,0.0,0.0
2056-02-03 21:00:00,0.0,0.0
2056-02-03 22:00:00,0.0,0.0
2056-02-03 23:00:00,0.0,0.0
2056-02-04 00:00:00,0.0,0.0
2056-02-04 01:00:00,0.0,0.0
2056-02-04 02:00:00,0.0,0.0
2056-02-04 03:00:00,0.0,66.3683420148764
2056-02-04 04:00:00,0.0,164.240643846941
2056-02-04 05:00:00,0.0,235.22956663500503
2056-02-04 06:00:00,0.0,282.275479962006
2056-02-04 07:00:00,0.0,306.21848942306906
2056-02-04 08:00:00,0.0,308.3187534108816
2056-02-04 09:00:00,0.0,287.7361663303186
2056-02-04 10:00:00,0.0,242.79051699113012
2056-02-04 11:00:00,0.0,176.00212217869125
2056-02-04 12:00:00,0.0,90.73140427350194
2056-02-04 13:00:00,0.0,9.241161546375196
2056-02-04 14:00:00,0.0,0.0
2056-02-04 15:00:00,0.0,0.0
2056-02-04 16:00:00,0.0,0.0
2056-02-04 17:00:00,0.0,0.0
2056-02-04 18:00:00,0.0,0.0
2056-02-04 19:00:00,0.0,0.0
2056-02-04 20:00:00,0.0,0.0
2056-02-04 21:00:00,0.0,0.0
2056-02-04 22:00:00,0.0,0.0
2056-02-04 23:00:00,0.0,0.0
2056-02-05 00:00:00,0.0,0.0
2056-02-05 01:00:00,0.0,0.0
2056-02-05 02:00:00,0.0,0.0
2056-02-05 03:00:00,0.0,69.72876439537649
2056-02-05 04:00:00,0.0,163.8205910493785
2056-02-05 05:00:00,0.0,235.64961943256753
2056-02-05 06:00:00,0.0,281.435374366881
2056-02-05 07:00:00,0.0,304.1182254352565
2056-02-05 08:00:00,0.0,304.538278232819
2056-02-05 09:00:00,0.0,281.85542716444354
2056-02-05 10:00:00,0.0,234.80951383744252
2056-02-05 11:00:00,0.0,169.70133021525365
2056-02-05 12:00:00,0.0,85.27071790518931
2056-02-05 13:00:00,0.0,7.98100315368767
2056-02-05 14:00:00,0.0,0.0
2056-02-05 15:00:00,0.0,0.0
2056-02-05 16:00:00,0.0,0.0
2056-02-05 17:00:00,0.0,0.0
2056-02-05 18:00:00,0.0,0.0
2056-02-05 19:00:00,0.0,0.0
2056-02-05 20:00:00,0.0,0.0
2056-02-05 21:00:00,0.0,0.0
2056-02-05 22:00:00,0.0,0.0
2056-02-05 23:00:00,0.0,0.0
2056-02-06 00:00:00,0.0,0.0
2056-02-06 01:00:00,0.0,0.0
2056-02-06 02:00:00,0.0,0.0
2056-02-06 03:00:00,0.0,31.503959817188168
2056-02-06 04:00:00,0.0,89.05119308325189
2056-02-06 05:00:00,0.0,145.33826795662807
2056-02-06 06:00:00,0.0,182.30291414212888
2056-02-06 07:00:00,0.0,218.00740193494215
2056-02-06 08:00:00,0.0,236.48972502769254
2056-02-06 09:00:00,0.0,213.38682116175454
2056-02-06 10:00:00,0.0,160.04011587131592
2056-02-06 11:00:00,0.0,98.29235462962708
2056-02-06 12:00:00,0.0,39.905015768438346
2056-02-06 13:00:00,0.0,2.1002639878125446
2056-02-06 14:00:00,0.0,0.0
2056-02-06 15:00:00,0.0,0.0
2056-02-06 16:00:00,0.0,0.0
2056-02-06 17:00:00,0.0,0.0
2056-02-06 18:00:00,0.0,0.0
2056-02-06 19:00:00,0.0,0.0
2056-02-06 20:00:00,0.0,0.0
2056-02-06 21:00:00,0.0,0.0
2056-02-06 22:00:00,0.0,0.0
2056-02-06 23:00:00,0.0,0.0
2056-02-07 00:00:00,0.0,0.0
2056-02-07 01:00:00,0.0,0.0
2056-02-07 02:00:00,0.0,0.0
2056-02-07 03:00:00,0.0,54.18681088556365
2056-02-07 04:00:00,0.0,150.79895432494072
2056-02-07 05:00:00,0.0,237.32983062281755
2056-02-07 06:00:00,0.0,286.0559551400686
2056-02-07 07:00:00,0.0,314.6195453743192
2056-02-07 08:00:00,0.0,322.18049573044436
2056-02-07 09:00:00,0.0,301.1778558523189
2056-02-07 10:00:00,0.0,261.692892881443
2056-02-07 11:00:00,0.0,195.32455086656665
2056-02-07 12:00:00,0.0,103.3329882003772
2056-02-07 13:00:00,0.0,12.601583926875268
2056-02-07 14:00:00,0.0,0.0
2056-02-07 15:00:00,0.0,0.0
2056-02-07 16:00:00,0.0,0.0
2056-02-07 17:00:00,0.0,0.0
2056-02-07 18:00:00,0.0,0.0
2056-02-07 19:00:00,0.0,0.0
2056-02-07 20:00:00,0.0,0.0
2056-02-07 21:00:00,0.0,0.0
2056-02-07 22:00:00,0.0,0.0
2056-02-07 23:00:00,0.0,0.0
2056-02-08 00:00:00,0.0,0.0
2056-02-08 01:00:00,0.0,0.0
2056-02-08 02:00:00,0.0,0.0
2056-02-08 03:00:00,0.0,89.05119308325189
2056-02-08 04:00:00,0.0,184.82323092750391
2056-02-08 05:00:00,0.0,256.23220651313045
2056-02-08 06:00:00,0.0,303.27811984013147
2056-02-08 07:00:00,0.0,327.2211293011945
2056-02-08 08:00:00,0.0,329.321393289007
2056-02-08 09:00:00,0.0,310.8390701962566
2056-02-08 10:00:00,0.0,269.6738960351308
2056-02-08 11:00:00,0.0,204.14565961537934
2056-02-08 12:00:00,0.0,113.41425534187742
2056-02-08 13:00:00,0.0,16.802111902500357
2056-02-08 14:00:00,0.0,0.0
2056-02-08 15:00:00,0.0,0.0
2056-02-08 16:00:00,0.0,0.0
2056-02-08 17:00:00,0.0,0.0
2056-02-08 18:00:00,0.0,0.0
2056-02-08 19:00:00,0.0,0.0
2056-02-08 20:00:00,0.0,0.0
2056-02-08 21:00:00,0.0,0.0
2056-02-08 22:00:00,0.0,0.0
2056-02-08 23:00:00,0.0,0.0
2056-02-09 00:00:00,0.0,0.0
2056-02-09 01:00:00,0.0,0.0
2056-02-09 02:00:00,0.0,0.42005279756250896
2056-02-09 03:00:00,0.0,99.55251302231461
2056-02-09 04:00:00,0.0,192.8042340811916
2056-02-09 05:00:00,0.0,262.1129456790056
2056-02-09 06:00:00,0.0,307.4786478157566
2056-02-09 07:00:00,0.0,330.5815516816945
2056-02-09 08:00:00,0.0,332.68181566950705
2056-02-09 09:00:00,0.0,313.35938698163164
2056-02-09 10:00:00,0.0,272.6142656180683
2056-02-09 11:00:00,0.0,207.5060819958794
2056-02-09 12:00:00,0.0,116.7746777223775
2056-02-09 13:00:00,0.0,18.062270295187883
2056-02-09 14:00:00,0.0,0.0
2056-02-09 15:00:00,0.0,0.0
2056-02-09 16:00:00,0.0,0.0
2056-02-09 17:00:00,0.0,0.0
2056-02-09 18:00:00,0.0,0.0
2056-02-09 19:00:00,0.0,0.0
2056-02-09 20:00:00,0.0,0.0
2056-02-09 21:00:00,0.0,0.0
2056-02-09 22:00:00,0.0,0.0
2056-02-09 23:00:00,0.0,0.0
2056-02-10 00:00:00,0.0,0.0
2056-02-10 01:00:00,0.0,0.0
2056-02-10 02:00:00,0.0,0.8401055951250179
2056-02-10 03:00:00,0.0,96.61214343937705
2056-02-10 04:00:00,0.0,189.44381170069153
2056-02-10 05:00:00,0.0,259.17257609606804
2056-02-10 06:00:00,0.0,295.7171694840063
2056-02-10 07:00:00,0.0,318.40002055238176
2056-02-10 08:00:00,0.0,322.60054852800687
2056-02-10 09:00:00,0.0,307.058595018194
2056-02-10 10:00:00,0.0,263.7931568692556
2056-02-10 11:00:00,0.0,200.36518443731677
2056-02-10 12:00:00,0.0,111.31399135406487
2056-02-10 13:00:00,0.0,16.802111902500357
2056-02-10 14:00:00,0.0,0.0
2056-02-10 15:00:00,0.0,0.0
2056-02-10 16:00:00,0.0,0.0
2056-02-10 17:00:00,0.0,0.0
2056-02-10 18:00:00,0.0,0.0
2056-02-10 19:00:00,0.0,0.0
2056-02-10 20:00:00,0.0,0.0
2056-02-10 21:00:00,0.0,0.0
2056-02-10 22:00:00,0.0,0.0
2056-02-10 23:00:00,0.0,0.0
2056-02-11 00:00:00,0.0,0.0
2056-02-11 01:00:00,0.0,0.0
2056-02-11 02:00:00,0.0,0.0
2056-02-11 03:00:00,0.0,65.9482892173139
2056-02-11 04:00:00,0.0,139.45752879075297
2056-02-11 05:00:00,0.0,217.16729633981714
2056-02-11 06:00:00,0.0,280.59526877175597
2056-02-11 07:00:00,0.0,310.4190173986941
2056-02-11 08:00:00,0.0,314.19949257675665
2056-02-11 09:00:00,0.0,295.29711668644376
2056-02-11 10:00:00,0.0,254.1319425253179
2056-02-11 11:00:00,0.0,191.12402289094157
2056-02-11 12:00:00,0.0,104.59314659306472
2056-02-11 13:00:00,0.0,14.281795117125304
2056-02-11 14:00:00,0.0,0.0
2056-02-11 15:00:00,0.0,0.0
2056-02-11 16:00:00,0.0,0.0
2056-02-11 17:00:00,0.0,0.0
2056-02-11 18:00:00,0.0,0.0
2056-02-11 19:00:00,0.0,0.0
2056-02-11 20:00:00,0.0,0.0
2056-02-11 21:00:00,0.0,0.0
2056-02-11 22:00:00,0.0,0.0
2056-02-11 23:00:00,0.0,0.0
2056-02-12 00:00:00,0.0,0.0
2056-02-12 01:00:00,0.0,0.0
2056-02-12 02:00:00,0.0,0.0
2056-02-12 03:00:00,0.0,77.70976754906415
2056-02-12 04:00:00,0.0,167.18101342987856
2056-02-12 05:00:00,0.0,229.7688802666924
2056-02-12 06:00:00,0.0,272.1942128205058
2056-02-12 07:00:00,0.0,303.27811984013147
2056-02-12 08:00:00,0.0,307.4786478157566
2056-02-12 09:00:00,0.0,278.07495198638094
2056-02-12 10:00:00,0.0,233.96940824231748
2056-02-12 11:00:00,0.0,170.54143581037863
2056-02-12 12:00:00,0.0,79.38997873931417
2056-02-12 13:00:00,0.0,6.720844761000143
2056-02-12 14:00:00,0.0,0.0
2056-02-12 15:00:00,0.0,0.0
2056-02-12 16:00:00,0.0,0.0
2056-02-12 17:00:00,0.0,0.0
2056-02-12 18:00:00,0.0,0.0
2056-02-12 19:00:00,0.0,0.0
2056-02-12 20:00:00,0.0,0.0
2056-02-12 21:00:00,0.0,0.0
2056-02-12 22:00:00,0.0,0.0
2056-02-12 23:00:00,0.0,0.0
2056-02-13 00:00:00,0.0,0.0
2056-02-13 01:00:00,0.0,0.0
2056-02-13 02:00:00,0.0,0.0
2056-02-13 03:00:00,0.0,59.64749725387627
2056-02-13 04:00:00,0.0,154.1593767054408
2056-02-13 05:00:00,0.0,230.6089858618174
2056-02-13 06:00:00,0.0,285.6359023425061
2056-02-13 07:00:00,0.0,309.1588590060066
2056-02-13 08:00:00,0.0,310.4190173986941
2056-02-13 09:00:00,0.0,292.3567471035062
2056-02-13 10:00:00,0.0,249.93141454969282
2056-02-13 11:00:00,0.0,183.1430197372539
2056-02-13 12:00:00,0.0,94.09182665400202
2056-02-13 13:00:00,0.0,11.341425534187742
2056-02-13 14:00:00,0.0,0.0
2056-02-13 15:00:00,0.0,0.0
2056-02-13 16:00:00,0.0,0.0
2056-02-13 17:00:00,0.0,0.0
2056-02-13 18:00:00,0.0,0.0
2056-02-13 19:00:00,0.0,0.0
2056-02-13 20:00:00,0.0,0.0
2056-02-13 21:00:00,0.0,0.0
2056-02-13 22:00:00,0.0,0.0
2056-02-13 23:00:00,0.0,0.0
2056-02-14 00:00:00,0.0,0.0
2056-02-14 01:00:00,0.0,0.0
2056-02-14 02:00:00,0.0,0.8401055951250179
2056-02-14 03:00:00,0.0,89.89129867837691
2056-02-14 04:00:00,0.0,186.92349491531647
2056-02-14 05:00:00,0.0,257.91241770338047
2056-02-14 06:00:00,0.0,300.7578030547564
2056-02-14 07:00:00,0.0,324.7008125158194
2056-02-14 08:00:00,0.0,326.8010765036319
2056-02-14 09:00:00,0.0,307.058595018194
2056-02-14 10:00:00,0.0,264.63326246438066
2056-02-14 11:00:00,0.0,198.26492044950422
2056-02-14 12:00:00,0.0,107.11346337843979
2056-02-14 13:00:00,0.0,15.541953509812831
2056-02-14 14:00:00,0.0,0.0
2056-02-14 15:00:00,0.0,0.0
2056-02-14 16:00:00,0.0,0.0
2056-02-14 17:00:00,0.0,0.0
2056-02-14 18:00:00,0.0,0.0
2056-02-14 19:00:00,0.0,0.0
2056-02-14 20:00:00,0.0,0.0
2056-02-14 21:00:00,0.0,0.0
2056-02-14 22:00:00,0.0,0.0
2056-02-14 23:00:00,0.0,0.0
2056-02-15 00:00:00,0.0,0.0
2056-02-15 01:00:00,0.0,0.0
2056-02-15 02:00:00,0.0,0.8401055951250179
2056-02-15 03:00:00,0.0,86.95092909543935
2056-02-15 04:00:00,0.0,181.46280854700387
2056-02-15 05:00:00,0.0,252.87178413263038
2056-02-15 06:00:00,0.0,299.49764466206886
2056-02-15 07:00:00,0.0,323.0206013255694
2056-02-15 08:00:00,0.0,325.12086531338196
2056-02-15 09:00:00,0.0,306.21848942306906
2056-02-15 10:00:00,0.0,265.4733680595056
2056-02-15 11:00:00,0.0,201.20529003244178
2056-02-15 12:00:00,0.0,112.57414974675238
2056-02-15 13:00:00,0.0,18.062270295187883
2056-02-15 14:00:00,0.0,0.0
2056-02-15 15:00:00,0.0,0.0
2056-02-15 16:00:00,0.0,0.0
2056-02-15 17:00:00,0.0,0.0
2056-02-15 18:00:00,0.0,0.0
2056-02-15 19:00:00,0.0,0.0
2056-02-15 20:00:00,0.0,0.0
2056-02-15 21:00:00,0.0,0.0
2056-02-15 22:00:00,0.0,0.0
2056-02-15 23:00:00,0.0,0.0
2056-02-16 00:00:00,0.0,0.0
2056-02-16 01:00:00,0.0,0.0
2056-02-16 02:00:00,0.0,1.6802111902500358
2056-02-16 03:00:00,0.0,96.19209064181453
2056-02-16 04:00:00,0.0,189.44381170069153
2056-02-16 05:00:00,0.0,259.5926288936305
2056-02-16 06:00:00,0.0,304.1182254352565
2056-02-16 07:00:00,0.0,327.2211293011945
2056-02-16 08:00:00,0.0,328.90134049144444
2056-02-16 09:00:00,0.0,309.99896460113155
2056-02-16 10:00:00,0.0,269.6738960351308
2056-02-16 11:00:00,0.0,206.2459236031919
2056-02-16 12:00:00,0.0,117.61478331750249
2056-02-16 13:00:00,0.0,20.582587080562938
2056-02-16 14:00:00,0.0,0.0
2056-02-16 15:00:00,0.0,0.0
2056-02-16 16:00:00,0.0,0.0
2056-02-16 17:00:00,0.0,0.0
2056-02-16 18:00:00,0.0,0.0
2056-02-16 19:00:00,0.0,0.0
2056-02-16 20:00:00,0.0,0.0
2056-02-16 21:00:00,0.0,0.0
2056-02-16 22:00:00,0.0,0.0
2056-02-16 23:00:00,0.0,0.0
2056-02-17 00:00:00,0.0,0.0
2056-02-17 01:00:00,0.0,0.0
2056-02-17 02:00:00,0.0,1.2601583926875268
2056-02-17 03:00:00,0.0,87.37098189300185
2056-02-17 04:00:00,0.0,188.6037061055665
2056-02-17 05:00:00,0.0,258.332470500943
2056-02-17 06:00:00,0.0,302.8580670425689
2056-02-17 07:00:00,0.0,324.7008125158194
2056-02-17 08:00:00,0.0,325.96097090850697
2056-02-17 09:00:00,0.0,305.7984366255065
2056-02-17 10:00:00,0.0,265.4733680595056
2056-02-17 11:00:00,0.0,201.62534283000429
2056-02-17 12:00:00,0.0,112.9942025443149
2056-02-17 13:00:00,0.0,18.902375890312904
2056-02-17 14:00:00,0.0,0.0
2056-02-17 15:00:00,0.0,0.0
2056-02-17 16:00:00,0.0,0.0
2056-02-17 17:00:00,0.0,0.0
2056-02-17 18:00:00,0.0,0.0
2056-02-17 19:00:00,0.0,0.0
2056-02-17 20:00:00,0.0,0.0
2056-02-17 21:00:00,0.0,0.0
2056-02-17 22:00:00,0.0,0.0
2056-02-17 23:00:00,0.0,0.0
2056-02-18 00:00:00,0.0,0.0
2056-02-18 01:00:00,0.0,0.0
2056-02-18 02:00:00,0.0,0.42005279756250896
2056-02-18 03:00:00,0.0,64.68813082462638
2056-02-18 04:00:00,0.0,150.79895432494072
2056-02-18 05:00:00,0.0,239.4300946106301
2056-02-18 06:00:00,0.0,292.3567471035062
2056-02-18 07:00:00,0.0,315.0395981718817
2056-02-18 08:00:00,0.0,316.29975656456924
2056-02-18 09:00:00,0.0,296.1372222815688
2056-02-18 10:00:00,0.0,253.71188972775542
2056-02-18 11:00:00,0.0,187.343547712879
2056-02-18 12:00:00,0.0,98.29235462962708
2056-02-18 13:00:00,0.0,13.441689522000287
2056-02-18 14:00:00,0.0,0.0
2056-02-18 15:00:00,0.0,0.0
2056-02-18 16:00:00,0.0,0.0
2056-02-18 17:00:00,0.0,0.0
2056-02-18 18:00:00,0.0,0.0
2056-02-18 19:00:00,0.0,0.0
2056-02-18 20:00:00,0.0,0.0
2056-02-18 21:00:00,0.0,0.0
2056-02-18 22:00:00,0.0,0.0
2056-02-18 23:00:00,0.0,0.0
2056-02-19 00:00:00,0.0,0.0
2056-02-19 01:00:00,0.0,0.0
2056-02-19 02:00:00,0.0,0.42005279756250896
2056-02-19 03:00:00,0.0,70.5688699905015
2056-02-19 04:00:00,0.0,163.40053825181596
2056-02-19 05:00:00,0.0,234.38946103988
2056-02-19 06:00:00,0.0,284.79579674738113
2056-02-19 07:00:00,0.0,308.3187534108816
2056-02-19 08:00:00,0.0,310.8390701962566
2056-02-19 09:00:00,0.0,294.0369582937563
2056-02-19 10:00:00,0.0,253.2918369301929
2056-02-19 11:00:00,0.0,189.02375890312902
2056-02-19 12:00:00,0.0,100.81267141500214
2056-02-19 13:00:00,0.0,13.861742319562794
2056-02-19 14:00:00,0.0,0.0
2056-02-19 15:00:00,0.0,0.0
2056-02-19 16:00:00,0.0,0.0
2056-02-19 17:00:00,0.0,0.0
2056-02-19 18:00:00,0.0,0.0
2056-02-19 19:00:00,0.0,0.0
2056-02-19 20:00:00,0.0,0.0
2056-02-19 21:00:00,0.0,0.0
2056-02-19 22:00:00,0.0,0.0
2056-02-19 23:00:00,0.0,0.0
2056-02-20 00:00:00,0.0,0.0
2056-02-20 01:00:00,0.0,0.0
2056-02-20 02:00:00,0.0,0.42005279756250896
2056-02-20 03:00:00,0.0,67.20844761000143
2056-02-20 04:00:00,0.0,157.51979908594086
2056-02-20 05:00:00,0.0,229.3488274691299
2056-02-20 06:00:00,0.0,277.2348463912559
2056-02-20 07:00:00,0.0,299.49764466206886
2056-02-20 08:00:00,0.0,299.49764466206886
2056-02-20 09:00:00,0.0,276.8147935936934
2056-02-20 10:00:00,0.0,231.44909145694243
2056-02-20 11:00:00,0.0,162.98048545425348
2056-02-20 12:00:00,0.0,78.54987314418916
2056-02-20 13:00:00,0.0,9.661214343937706
2056-02-20 14:00:00,0.0,0.0
2056-02-20 15:00:00,0.0,0.0
2056-02-20 16:00:00,0.0,0.0
2056-02-20 17:00:00,0.0,0.0
2056-02-20 18:00:00,0.0,0.0
2056-02-20 19:00:00,0.0,0.0
2056-02-20 20:00:00,0.0,0.0
2056-02-20 21:00:00,0.0,0.0
2056-02-20 22:00:00,0.0,0.0
2056-02-20 23:00:00,0.0,0.0
2056-02-21 00:00:00,0.0,0.0
2056-02-21 01:00:00,0.0,0.0
2056-02-21 02:00:00,0.0,0.8401055951250179
2056-02-21 03:00:00,0.0,73.92929237100157
2056-02-21 04:00:00,0.0,169.28127741769111
2056-02-21 05:00:00,0.0,242.79051699113012
2056-02-21 06:00:00,0.0,285.2158495449436
2056-02-21 07:00:00,0.0,309.5789118035691
2056-02-21 08:00:00,0.0,311.6791757913816
2056-02-21 09:00:00,0.0,292.77679990106867
2056-02-21 10:00:00,0.0,250.77152014481786
2056-02-21 11:00:00,0.0,184.40317812994144
2056-02-21 12:00:00,0.0,96.19209064181453
2056-02-21 13:00:00,0.0,13.861742319562794
2056-02-21 14:00:00,0.0,0.0
2056-02-21 15:00:00,0.0,0.0
2056-02-21 16:00:00,0.0,0.0
2056-02-21 17:00:00,0.0,0.0
2056-02-21 18:00:00,0.0,0.0
2056-02-21 19:00:00,0.0,0.0
2056-02-21 20:00:00,0.0,0.0
2056-02-21 21:00:00,0.0,0.0
2056-02-21 22:00:00,0.0,0.0
2056-02-21 23:00:00,0.0,0.0
2056-02-22 00:00:00,0.0,0.0
2056-02-22 01:00:00,0.0,0.0
2056-02-22 02:00:00,0.0,1.2601583926875268
2056-02-22 03:00:00,0.0,78.12982034662666
2056-02-22 04:00:00,0.0,171.38154140550364
2056-02-22 05:00:00,0.0,241.95041139600514
2056-02-22 06:00:00,0.0,287.31611353275616
2056-02-22 07:00:00,0.0,289.83643031813114
2056-02-22 08:00:00,0.0,298.23748626938135
2056-02-22 09:00:00,0.0,294.8770638888812
2056-02-22 10:00:00,0.0,247.41109776431776
2056-02-22 11:00:00,0.0,184.40317812994144
2056-02-22 12:00:00,0.0,100.39261861743962
2056-02-22 13:00:00,0.0,15.121900712250321
2056-02-22 14:00:00,0.0,0.0
2056-02-22 15:00:00,0.0,0.0
2056-02-22 16:00:00,0.0,0.0
2056-02-22 17:00:00,0.0,0.0
2056-02-22 18:00:00,0.0,0.0
2056-02-22 19:00:00,0.0,0.0
2056-02-22 20:00:00,0.0,0.0
2056-02-22 21:00:00,0.0,0.0
2056-02-22 22:00:00,0.0,0.0
2056-02-22 23:00:00,0.0,0.0
2056-02-23 00:00:00,0.0,0.0
2056-02-23 01:00:00,0.0,0.0
2056-02-23 02:00:00,0.0,0.42005279756250896
2056-02-23 03:00:00,0.0,59.64749725387627
2056-02-23 04:00:00,0.0,154.99948230056577
2056-02-23 05:00:00,0.0,240.6902530033176
2056-02-23 06:00:00,0.0,295.7171694840063
2056-02-23 07:00:00,0.0,320.08023174263184
2056-02-23 08:00:00,0.0,322.60054852800687
2056-02-23 09:00:00,0.0,303.27811984013147
2056-02-23 10:00:00,0.0,257.91241770338047
2056-02-23 11:00:00,0.0,188.18365330800404
2056-02-23 12:00:00,0.0,86.95092909543935
2056-02-23 13:00:00,0.0,11.76147833175025
2056-02-23 14:00:00,0.0,0.0
2056-02-23 15:00:00,0.0,0.0
2056-02-23 16:00:00,0.0,0.0
2056-02-23 17:00:00,0.0,0.0
2056-02-23 18:00:00,0.0,0.0
2056-02-23 19:00:00,0.0,0.0
2056-02-23 20:00:00,0.0,0.0
2056-02-23 21:00:00,0.0,0.0
2056-02-23 22:00:00,0.0,0.0
2056-02-23 23:00:00,0.0,0.0
2056-02-24 00:00:00,0.0,0.0
2056-02-24 01:00:00,0.0,0.0
2056-02-24 02:00:00,0.0,1.6802111902500358
2056-02-24 03:00:00,0.0,80.23008433443921
2056-02-24 04:00:00,0.0,176.00212217869125
2056-02-24 05:00:00,0.0,249.5113617521303
2056-02-24 06:00:00,0.0,296.1372222815688
2056-02-24 07:00:00,0.0,319.24012614750677
2056-02-24 08:00:00,0.0,321.3403901353193
2056-02-24 09:00:00,0.0,302.43801424500646
2056-02-24 10:00:00,0.0,262.1129456790056
2056-02-24 11:00:00,0.0,198.26492044950422
2056-02-24 12:00:00,0.0,110.89393855650235
2056-02-24 13:00:00,0.0,19.322428687875412
2056-02-24 14:00:00,0.0,0.0
2056-02-24 15:00:00,0.0,0.0
2056-02-24 16:00:00,0.0,0.0
2056-02-24 17:00:00,0.0,0.0
2056-02-24 18:00:00,0.0,0.0
2056-02-24 19:00:00,0.0,0.0
2056-02-24 20:00:00,0.0,0.0
2056-02-24 21:00:00,0.0,0.0
2056-02-24 22:00:00,0.0,0.0
2056-02-24 23:00:00,0.0,0.0
2056-02-25 00:00:00,0.0,0.0
2056-02-25 01:00:00,0.0,0.0
2056-02-25 02:00:00,0.0,2.5203167853750537
2056-02-25 03:00:00,0.0,85.69077070275182
2056-02-25 04:00:00,0.0,177.68233336894127
2056-02-25 05:00:00,0.0,247.41109776431776
2056-02-25 06:00:00,0.0,293.19685269863123
2056-02-25 07:00:00,0.0,314.6195453743192
2056-02-25 08:00:00,0.0,316.29975656456924
2056-02-25 09:00:00,0.0,295.29711668644376
2056-02-25 10:00:00,0.0,246.99104496675525
2056-02-25 11:00:00,0.0,167.6010662274411
2056-02-25 12:00:00,0.0,100.39261861743962
2056-02-25 13:00:00,0.0,19.322428687875412
2056-02-25 14:00:00,0.0,0.0
2056-02-25 15:00:00,0.0,0.0
2056-02-25 16:00:00,0.0,0.0
2056-02-25 17:00:00,0.0,0.0
2056-02-25 18:00:00,0.0,0.0
2056-02-25 19:00:00,0.0,0.0
2056-02-25 20:00:00,0.0,0.0
2056-02-25 21:00:00,0.0,0.0
2056-02-25 22:00:00,0.0,0.0
2056-02-25 23:00:00,0.0,0.0
2056-02-26 00:00:00,0.0,0.0
2056-02-26 01:00:00,0.0,0.0
2056-02-26 02:00:00,0.0,1.2601583926875268
2056-02-26 03:00:00,0.0,67.62850040756395
2056-02-26 04:00:00,0.0,162.56043265669098
2056-02-26 05:00:00,0.0,239.01004181306757
2056-02-26 06:00:00,0.0,288.9963247230061
2056-02-26 07:00:00,0.0,314.6195453743192
2056-02-26 08:00:00,0.0,317.5599149572567
2056-02-26 09:00:00,0.0,293.19685269863123
2056-02-26 10:00:00,0.0,250.77152014481786
2056-02-26 11:00:00,0.0,187.343547712879
2056-02-26 12:00:00,0.0,102.9129354028147
2056-02-26 13:00:00,0.0,18.062270295187883
2056-02-26 14:00:00,0.0,0.0
2056-02-26 15:00:00,0.0,0.0
2056-02-26 16:00:00,0.0,0.0
2056-02-26 17:00:00,0.0,0.0
2056-02-26 18:00:00,0.0,0.0
2056-02-26 19:00:00,0.0,0.0
2056-02-26 20:00:00,0.0,0.0
2056-02-26 21:00:00,0.0,0.0
2056-02-26 22:00:00,0.0,0.0
2056-02-26 23:00:00,0.0,0.0
2056-02-27 00:00:00,0.0,0.0
2056-02-27 01:00:00,0.0,0.0
2056-02-27 02:00:00,0.0,2.940369582937563
2056-02-27 03:00:00,0.0,88.21108748812688
2056-02-27 04:00:00,0.0,184.40317812994144
2056-02-27 05:00:00,0.0,255.81215371556794
2056-02-27 06:00:00,0.0,300.7578030547564
2056-02-27 07:00:00,0.0,321.76044293288186
2056-02-27 08:00:00,0.0,320.92033733775685
2056-02-27 09:00:00,0.0,299.49764466206886
2056-02-27 10:00:00,0.0,255.81215371556794
2056-02-27 11:00:00,0.0,189.44381170069153
2056-02-27 12:00:00,0.0,102.49288260525218
2056-02-27 13:00:00,0.0,17.642217497625374
2056-02-27 14:00:00,0.0,0.0
2056-02-27 15:00:00,0.0,0.0
2056-02-27 16:00:00,0.0,0.0
2056-02-27 17:00:00,0.0,0.0
2056-02-27 18:00:00,0.0,0.0
2056-02-27 19:00:00,0.0,0.0
2056-02-27 20:00:00,0.0,0.0
2056-02-27 21:00:00,0.0,0.0
2056-02-27 22:00:00,0.0,0.0
2056-02-27 23:00:00,0.0,0.0
2056-02-28 00:00:00,0.0,0.0
2056-02-28 01:00:00,0.0,0.0
2056-02-28 02:00:00,0.0,2.940369582937563
2056-02-28 03:00:00,0.0,81.49024272712674
2056-02-28 04:00:00,0.0,173.48180539331617
2056-02-28 05:00:00,0.0,244.4707281813802
2056-02-28 06:00:00,0.0,289.4163775205687
2056-02-28 07:00:00,0.0,312.9393341840692
2056-02-28 08:00:00,0.0,315.0395981718817
2056-02-28 09:00:00,0.0,295.29711668644376
2056-02-28 10:00:00,0.0,253.71188972775542
2056-02-28 11:00:00,0.0,188.6037061055665
2056-02-28 12:00:00,0.0,102.07282980768967
2056-02-28 13:00:00,0.0,17.22216470006287
2056-02-28 14:00:00,0.0,0.0
2056-02-28 15:00:00,0.0,0.0
2056-02-28 16:00:00,0.0,0.0
2056-02-28 17:00:00,0.0,0.0
2056-02-28 18:00:00,0.0,0.0
2056-02-28 19:00:00,0.0,0.0
2056-02-28 20:00:00,0.0,0.0
2056-02-28 21:00:00,0.0,0.0
2056-02-28 22:00:00,0.0,0.0
2056-02-28 23:00:00,0.0,0.0
2056-02-29 00:00:00,0.0,0.0
2056-02-29 01:00:00,0.0,0.0
2056-02-29 02:00:00,0.0,2.940369582937563
2056-02-29 03:00:00,0.0,81.07018992956424
2056-02-29 04:00:00,0.0,171.80159420306614
2056-02-29 05:00:00,0.0,242.37046419356767
2056-02-29 06:00:00,0.0,288.1562191278812
2056-02-29 07:00:00,0.0,311.2591229938191
2056-02-29 08:00:00,0.0,312.9393341840692
2056-02-29 09:00:00,0.0,291.5166415083812
2056-02-29 10:00:00,0.0,249.93141454969282
2056-02-29 11:00:00,0.0,184.40317812994144
2056-02-29 12:00:00,0.0,97.45224903450207
2056-02-29 13:00:00,0.0,15.121900712250321
2056-02-29 14:00:00,0.0,0.0
2056-02-29 15:00:00,0.0,0.0
2056-02-29 16:00:00,0.0,0.0
2056-02-29 17:00:00,0.0,0.0
2056-02-29 18:00:00,0.0,0.0
2056-02-29 19:00:00,0.0,0.0
2056-02-29 20:00:00,0.0,0.0
2056-02-29 21:00:00,0.0,0.0
2056-02-29 22:00:00,0.0,0.0
2056-02-29 23:00:00,0.0,0.0
2056-03-01 00:00:00,0.0,0.0
2056-03-01 01:00:00,0.0,0.0
2056-03-01 02:00:00,0.0,0.8401055951250179
2056-03-01 03:00:00,0.0,49.566230112376054
2056-03-01 04:00:00,0.0,128.11610325656522
2056-03-01 05:00:00,0.0,199.10502604462923
2056-03-01 06:00:00,0.0,249.09130895456778
2056-03-01 07:00:00,0.0,273.4543712131933
2056-03-01 08:00:00,0.0,276.39474079613086
2056-03-01 09:00:00,0.0,252.03167853750534
2056-03-01 10:00:00,0.0,204.56571241294185
2056-03-01 11:00:00,0.0,138.19737039806543
2056-03-01 12:00:00,0.0,65.9482892173139
2056-03-01 13:00:00,0.0,9.241161546375196
2056-03-01 14:00:00,0.0,0.0
2056-03-01 15:00:00,0.0,0.0
2056-03-01 16:00:00,0.0,0.0
2056-03-01 17:00:00,0.0,0.0
2056-03-01 18:00:00,0.0,0.0
2056-03-01 19:00:00,0.0,0.0
2056-03-01 20:00:00,0.0,0.0
2056-03-01 21:00:00,0.0,0.0
2056-03-01 22:00:00,0.0,0.0
2056-03-01 23:00:00,0.0,0.0
2056-03-02 00:00:00,0.0,0.0
2056-03-02 01:00:00,0.0,0.0
2056-03-02 02:00:00,0.0,2.940369582937563
2056-03-02 03:00:00,0.0,76.0295563588141
2056-03-02 04:00:00,0.0,169.70133021525365
2056-03-02 05:00:00,0.0,244.0506753838177
2056-03-02 06:00:00,0.0,295.29711668644376
2056-03-02 07:00:00,0.0,317.5599149572567
2056-03-02 08:00:00,0.0,317.5599149572567
2056-03-02 09:00:00,0.0,303.27811984013147
2056-03-02 10:00:00,0.0,260.012681691193
2056-03-02 11:00:00,0.0,193.2242868787541
2056-03-02 12:00:00,0.0,104.59314659306472
2056-03-02 13:00:00,0.0,18.062270295187883
2056-03-02 14:00:00,0.0,0.0
2056-03-02 15:00:00,0.0,0.0
2056-03-02 16:00:00,0.0,0.0
2056-03-02 17:00:00,0.0,0.0
2056-03-02 18:00:00,0.0,0.0
2056-03-02 19:00:00,0.0,0.0
2056-03-02 20:00:00,0.0,0.0
2056-03-02 21:00:00,0.0,0.0
2056-03-02 22:00:00,0.0,0.0
2056-03-02 23:00:00,0.0,0.0
2056-03-03 00:00:00,0.0,0.0
2056-03-03 01:00:00,0.0,0.0
2056-03-03 02:00:00,0.0,2.5203167853750537
2056-03-03 03:00:00,0.0,71.82902838318904
2056-03-03 04:00:00,0.0,164.6606966445035
2056-03-03 05:00:00,0.0,239.4300946106301
2056-03-03 06:00:00,0.0,270.09394883269323
2056-03-03 07:00:00,0.0,293.61690549619374
2056-03-03 08:00:00,0.0,294.45701109131875
2056-03-03 09:00:00,0.0,274.71452960588084
2056-03-03 10:00:00,0.0,231.44909145694243
2056-03-03 11:00:00,0.0,166.76096063231606
2056-03-03 12:00:00,0.0,86.53087629787684
2056-03-03 13:00:00,0.0,14.281795117125304
2056-03-03 14:00:00,0.0,0.0
2056-03-03 15:00:00,0.0,0.0
2056-03-03 16:00:00,0.0,0.0
2056-03-03 17:00:00,0.0,0.0
2056-03-03 18:00:00,0.0,0.0
2056-03-03 19:00:00,0.0,0.0
2056-03-03 20:00:00,0.0,0.0
2056-03-03 21:00:00,0.0,0.0
2056-03-03 22:00:00,0.0,0.0
2056-03-03 23:00:00,0.0,0.0
2056-03-04 00:00:00,0.0,0.0
2056-03-04 01:00:00,0.0,0.0
2056-03-04 02:00:00,0.0,3.3604223805000717
2056-03-04 03:00:00,0.0,82.33034832225175
2056-03-04 04:00:00,0.0,176.8422277738163
2056-03-04 05:00:00,0.0,249.09130895456778
2056-03-04 06:00:00,0.0,295.7171694840063
2056-03-04 07:00:00,0.0,318.8200733499443
2056-03-04 08:00:00,0.0,320.08023174263184
2056-03-04 09:00:00,0.0,301.59790864988145
2056-03-04 10:00:00,0.0,258.75252329850554
2056-03-04 11:00:00,0.0,191.9641284860666
2056-03-04 12:00:00,0.0,103.7530409979397
2056-03-04 13:00:00,0.0,18.48232309275039
2056-03-04 14:00:00,0.0,0.0
2056-03-04 15:00:00,0.0,0.0
2056-03-04 16:00:00,0.0,0.0
2056-03-04 17:00:00,0.0,0.0
2056-03-04 18:00:00,0.0,0.0
2056-03-04 19:00:00,0.0,0.0
2056-03-04 20:00:00,0.0,0.0
2056-03-04 21:00:00,0.0,0.0
2056-03-04 22:00:00,0.0,0.0
2056-03-04 23:00:00,0.0,0.0
2056-03-05 00:00:00,0.0,0.0
2056-03-05 01:00:00,0.0,0.0
2056-03-05 02:00:00,0.0,4.200527975625089
2056-03-05 03:00:00,0.0,84.4306123100643
2056-03-05 04:00:00,0.0,176.8422277738163
2056-03-05 05:00:00,0.0,246.57099216919278
2056-03-05 06:00:00,0.0,296.5572750791313
2056-03-05 07:00:00,0.0,319.24012614750677
2056-03-05 08:00:00,0.0,320.50028454019434
2056-03-05 09:00:00,0.0,300.3377502571939
2056-03-05 10:00:00,0.0,257.91241770338047
2056-03-05 11:00:00,0.0,192.38418128362906
2056-03-05 12:00:00,0.0,105.85330498575225
2056-03-05 13:00:00,0.0,19.74248148543792
2056-03-05 14:00:00,0.0,0.0
2056-03-05 15:00:00,0.0,0.0
2056-03-05 16:00:00,0.0,0.0
2056-03-05 17:00:00,0.0,0.0
2056-03-05 18:00:00,0.0,0.0
2056-03-05 19:00:00,0.0,0.0
2056-03-05 20:00:00,0.0,0.0
2056-03-05 21:00:00,0.0,0.0
2056-03-05 22:00:00,0.0,0.0
2056-03-05 23:00:00,0.0,0.0
2056-03-06 00:00:00,0.0,0.0
2056-03-06 01:00:00,0.0,0.0
2056-03-06 02:00:00,0.0,3.3604223805000717
2056-03-06 03:00:00,0.0,72.24908118075153
2056-03-06 04:00:00,0.0,160.46016866887842
2056-03-06 05:00:00,0.0,230.6089858618174
2056-03-06 06:00:00,0.0,275.13458240344335
2056-03-06 07:00:00,0.0,286.0559551400686
2056-03-06 08:00:00,0.0,279.33511037906845
2056-03-06 09:00:00,0.0,253.71188972775542
2056-03-06 10:00:00,0.0,193.2242868787541
2056-03-06 11:00:00,0.0,111.31399135406487
2056-03-06 12:00:00,0.0,44.10554374406344
2056-03-06 13:00:00,0.0,6.720844761000143
2056-03-06 14:00:00,0.0,0.0
2056-03-06 15:00:00,0.0,0.0
2056-03-06 16:00:00,0.0,0.0
2056-03-06 17:00:00,0.0,0.0
2056-03-06 18:00:00,0.0,0.0
2056-03-06 19:00:00,0.0,0.0
2056-03-06 20:00:00,0.0,0.0
2056-03-06 21:00:00,0.0,0.0
2056-03-06 22:00:00,0.0,0.0
2056-03-06 23:00:00,0.0,0.0
2056-03-07 00:00:00,0.0,0.0
2056-03-07 01:00:00,0.0,0.0
2056-03-07 02:00:00,0.0,3.7804751780625803
2056-03-07 03:00:00,0.0,73.92929237100157
2056-03-07 04:00:00,0.0,156.67969349081582
2056-03-07 05:00:00,0.0,207.5060819958794
2056-03-07 06:00:00,0.0,225.9884050886298
2056-03-07 07:00:00,0.0,247.8311505618803
2056-03-07 08:00:00,0.0,243.21056978869265
2056-03-07 09:00:00,0.0,209.60634598369197
2056-03-07 10:00:00,0.0,176.42217497625376
2056-03-07 11:00:00,0.0,127.69605045900272
2056-03-07 12:00:00,0.0,59.22744445631375
2056-03-07 13:00:00,0.0,9.241161546375196
2056-03-07 14:00:00,0.0,0.0
2056-03-07 15:00:00,0.0,0.0
2056-03-07 16:00:00,0.0,0.0
2056-03-07 17:00:00,0.0,0.0
2056-03-07 18:00:00,0.0,0.0
2056-03-07 19:00:00,0.0,0.0
2056-03-07 20:00:00,0.0,0.0
2056-03-07 21:00:00,0.0,0.0
2056-03-07 22:00:00,0.0,0.0
2056-03-07 23:00:00,0.0,0.0
2056-03-08 00:00:00,0.0,0.0
2056-03-08 01:00:00,0.0,0.0
2056-03-08 02:00:00,0.0,2.940369582937563
2056-03-08 03:00:00,0.0,55.446969278251174
2056-03-08 04:00:00,0.0,117.19473051994
2056-03-08 05:00:00,0.0,183.56307253481643
2056-03-08 06:00:00,0.0,242.37046419356767
2056-03-08 07:00:00,0.0,257.91241770338047
2056-03-08 08:00:00,0.0,237.32983062281755
2056-03-08 09:00:00,0.0,214.64697955444208
2056-03-08 10:00:00,0.0,172.22164700062868
2056-03-08 11:00:00,0.0,121.39525849556506
2056-03-08 12:00:00,0.0,65.10818362218889
2056-03-08 13:00:00,0.0,12.601583926875268
2056-03-08 14:00:00,0.0,0.0
2056-03-08 15:00:00,0.0,0.0
2056-03-08 16:00:00,0.0,0.0
2056-03-08 17:00:00,0.0,0.0
2056-03-08 18:00:00,0.0,0.0
2056-03-08 19:00:00,0.0,0.0
2056-03-08 20:00:00,0.0,0.0
2056-03-08 21:00:00,0.0,0.0
2056-03-08 22:00:00,0.0,0.0
2056-03-08 23:00:00,0.0,0.0
2056-03-09 00:00:00,0.0,0.0
2056-03-09 01:00:00,0.0,0.0
2056-03-09 02:00:00,0.0,5.880739165875126
2056-03-09 03:00:00,0.0,89.89129867837691
2056-03-09 04:00:00,0.0,183.1430197372539
2056-03-09 05:00:00,0.0,254.9720481204429
2056-03-09 06:00:00,0.0,302.43801424500646
2056-03-09 07:00:00,0.0,325.5409181109444
2056-03-09 08:00:00,0.0,327.2211293011945
2056-03-09 09:00:00,0.0,308.7388062084441
2056-03-09 10:00:00,0.0,267.5736320473182
2056-03-09 11:00:00,0.0,203.30555402025433
2056-03-09 12:00:00,0.0,116.35462492481497
2056-03-09 13:00:00,0.0,25.203167853750536
2056-03-09 14:00:00,0.0,0.0
2056-03-09 15:00:00,0.0,0.0
2056-03-09 16:00:00,0.0,0.0
2056-03-09 17:00:00,0.0,0.0
2056-03-09 18:00:00,0.0,0.0
2056-03-09 19:00:00,0.0,0.0
2056-03-09 20:00:00,0.0,0.0
2056-03-09 21:00:00,0.0,0.0
2056-03-09 22:00:00,0.0,0.0
2056-03-09 23:00:00,0.0,0.0
2056-03-10 00:00:00,0.0,0.0
2056-03-10 01:00:00,0.0,0.0
2056-03-10 02:00:00,0.0,7.5609503561251605
2056-03-10 03:00:00,0.0,102.49288260525218
2056-03-10 04:00:00,0.0,197.8448676519417
2056-03-10 05:00:00,0.0,267.9936848448807
2056-03-10 06:00:00,0.0,316.7198093621318
2056-03-10 07:00:00,0.0,339.82271322806974
2056-03-10 08:00:00,0.0,341.08287162075726
2056-03-10 09:00:00,0.0,322.60054852800687
2056-03-10 10:00:00,0.0,281.85542716444354
2056-03-10 11:00:00,0.0,215.0670323520046
2056-03-10 12:00:00,0.0,119.29499450775253
2056-03-10 13:00:00,0.0,23.10290386593799
2056-03-10 14:00:00,0.0,0.0
2056-03-10 15:00:00,0.0,0.0
2056-03-10 16:00:00,0.0,0.0
2056-03-10 17:00:00,0.0,0.0
2056-03-10 18:00:00,0.0,0.0
2056-03-10 19:00:00,0.0,0.0
2056-03-10 20:00:00,0.0,0.0
2056-03-10 21:00:00,0.0,0.0
2056-03-10 22:00:00,0.0,0.0
2056-03-10 23:00:00,0.0,0.0
2056-03-11 00:00:00,0.0,0.0
2056-03-11 01:00:00,0.0,0.0
2056-03-11 02:00:00,0.0,2.5203167853750537
2056-03-11 03:00:00,0.0,41.165174161125876
2056-03-11 04:00:00,0.0,92.83166826131448
2056-03-11 05:00:00,0.0,136.51715920781538
2056-03-11 06:00:00,0.0,165.5008022396285
2056-03-11 07:00:00,0.0,168.4411718225661
2056-03-11 08:00:00,0.0,176.00212217869125
2056-03-11 09:00:00,0.0,167.6010662274411
2056-03-11 10:00:00,0.0,140.7176871834405
2056-03-11 11:00:00,0.0,106.27335778331476
2056-03-11 12:00:00,0.0,65.10818362218889
2056-03-11 13:00:00,0.0,18.062270295187883
2056-03-11 14:00:00,0.0,0.0
2056-03-11 15:00:00,0.0,0.0
2056-03-11 16:00:00,0.0,0.0
2056-03-11 17:00:00,0.0,0.0
2056-03-11 18:00:00,0.0,0.0
2056-03-11 19:00:00,0.0,0.0
2056-03-11 20:00:00,0.0,0.0
2056-03-11 21:00:00,0.0,0.0
2056-03-11 22:00:00,0.0,0.0
2056-03-11 23:00:00,0.0,0.0
2056-03-12 00:00:00,0.0,0.0
2056-03-12 01:00:00,0.0,0.0
2056-03-12 02:00:00,0.0,7.98100315368767
2056-03-12 03:00:00,0.0,102.9129354028147
2056-03-12 04:00:00,0.0,201.20529003244178
2056-03-12 05:00:00,0.0,272.6142656180683
2056-03-12 06:00:00,0.0,317.97996775481926
2056-03-12 07:00:00,0.0,341.08287162075726
2056-03-12 08:00:00,0.0,342.7630828110073
2056-03-12 09:00:00,0.0,324.28075971825695
2056-03-12 10:00:00,0.0,283.53563835469356
2056-03-12 11:00:00,0.0,219.26756032762967
2056-03-12 12:00:00,0.0,131.0564728395028
2056-03-12 13:00:00,0.0,32.7641182098757
2056-03-12 14:00:00,0.0,0.0
2056-03-12 15:00:00,0.0,0.0
2056-03-12 16:00:00,0.0,0.0
2056-03-12 17:00:00,0.0,0.0
2056-03-12 18:00:00,0.0,0.0
2056-03-12 19:00:00,0.0,0.0
2056-03-12 20:00:00,0.0,0.0
2056-03-12 21:00:00,0.0,0.0
2056-03-12 22:00:00,0.0,0.0
2056-03-12 23:00:00,0.0,0.0
2056-03-13 00:00:00,0.0,0.0
2056-03-13 01:00:00,0.0,0.0
2056-03-13 02:00:00,0.0,9.241161546375196
2056-03-13 03:00:00,0.0,105.01319939062724
2056-03-13 04:00:00,0.0,199.10502604462923
2056-03-13 05:00:00,0.0,267.9936848448807
2056-03-13 06:00:00,0.0,312.9393341840692
2056-03-13 07:00:00,0.0,335.6221852524447
2056-03-13 08:00:00,0.0,337.30239644269477
2056-03-13 09:00:00,0.0,319.24012614750677
2056-03-13 10:00:00,0.0,279.755163176631
2056-03-13 11:00:00,0.0,216.7472435422546
2056-03-13 12:00:00,0.0,131.0564728395028
2056-03-13 13:00:00,0.0,34.024276602563226
2056-03-13 14:00:00,0.0,0.0
2056-03-13 15:00:00,0.0,0.0
2056-03-13 16:00:00,0.0,0.0
2056-03-13 17:00:00,0.0,0.0
2056-03-13 18:00:00,0.0,0.0
2056-03-13 19:00:00,0.0,0.0
2056-03-13 20:00:00,0.0,0.0
2056-03-13 21:00:00,0.0,0.0
2056-03-13 22:00:00,0.0,0.0
2056-03-13 23:00:00,0.0,0.0
2056-03-14 00:00:00,0.0,0.0
2056-03-14 01:00:00,0.0,0.0
2056-03-14 02:00:00,0.0,10.081267141500215
2056-03-14 03:00:00,0.0,105.43325218818975
2056-03-14 04:00:00,0.0,197.4248148543792
2056-03-14 05:00:00,0.0,266.7335264521932
2056-03-14 06:00:00,0.0,312.09922858894413
2056-03-14 07:00:00,0.0,334.3620268597571
2056-03-14 08:00:00,0.0,336.04223805000714
2056-03-14 09:00:00,0.0,316.7198093621318
2056-03-14 10:00:00,0.0,275.5546352010059
2056-03-14 11:00:00,0.0,211.7066099715045
2056-03-14 12:00:00,0.0,125.17573367362766
2056-03-14 13:00:00,0.0,30.663854222063154
2056-03-14 14:00:00,0.0,0.0
2056-03-14 15:00:00,0.0,0.0
2056-03-14 16:00:00,0.0,0.0
2056-03-14 17:00:00,0.0,0.0
2056-03-14 18:00:00,0.0,0.0
2056-03-14 19:00:00,0.0,0.0
2056-03-14 20:00:00,0.0,0.0
2056-03-14 21:00:00,0.0,0.0
2056-03-14 22:00:00,0.0,0.0
2056-03-14 23:00:00,0.0,0.0
2056-03-15 00:00:00,0.0,0.0
2056-03-15 01:00:00,0.0,0.0
2056-03-15 02:00:00,0.0,7.98100315368767
2056-03-15 03:00:00,0.0,90.73140427350194
2056-03-15 04:00:00,0.0,181.04275574944137
2056-03-15 05:00:00,0.0,258.332470500943
2056-03-15 06:00:00,0.0,302.43801424500646
2056-03-15 07:00:00,0.0,325.5409181109444
2056-03-15 08:00:00,0.0,327.641182098757
2056-03-15 09:00:00,0.0,307.058595018194
2056-03-15 10:00:00,0.0,266.7335264521932
2056-03-15 11:00:00,0.0,203.30555402025433
2056-03-15 12:00:00,0.0,118.4548889126275
2056-03-15 13:00:00,0.0,27.723484639125587
2056-03-15 14:00:00,0.0,0.0
2056-03-15 15:00:00,0.0,0.0
2056-03-15 16:00:00,0.0,0.0
2056-03-15 17:00:00,0.0,0.0
2056-03-15 18:00:00,0.0,0.0
2056-03-15 19:00:00,0.0,0.0
2056-03-15 20:00:00,0.0,0.0
2056-03-15 21:00:00,0.0,0.0
2056-03-15 22:00:00,0.0,0.0
2056-03-15 23:00:00,0.0,0.0
2056-03-16 00:00:00,0.0,0.0
2056-03-16 01:00:00,0.0,0.0
2056-03-16 02:00:00,0.0,7.98100315368767
2056-03-16 03:00:00,0.0,90.73140427350194
2056-03-16 04:00:00,0.0,185.24328372506645
2056-03-16 05:00:00,0.0,256.652259310693
2056-03-16 06:00:00,0.0,297.8174334718189
2056-03-16 07:00:00,0.0,321.3403901353193
2056-03-16 08:00:00,0.0,323.86070692069444
2056-03-16 09:00:00,0.0,304.9583310303815
2056-03-16 10:00:00,0.0,265.05331526194317
2056-03-16 11:00:00,0.0,202.46544842512932
2056-03-16 12:00:00,0.0,118.4548889126275
2056-03-16 13:00:00,0.0,28.563590234250608
2056-03-16 14:00:00,0.0,0.0
2056-03-16 15:00:00,0.0,0.0
2056-03-16 16:00:00,0.0,0.0
2056-03-16 17:00:00,0.0,0.0
2056-03-16 18:00:00,0.0,0.0
2056-03-16 19:00:00,0.0,0.0
2056-03-16 20:00:00,0.0,0.0
2056-03-16 21:00:00,0.0,0.0
2056-03-16 22:00:00,0.0,0.0
2056-03-16 23:00:00,0.0,0.0
2056-03-17 00:00:00,0.0,0.0
2056-03-17 01:00:00,0.0,0.0
2056-03-17 02:00:00,0.0,7.5609503561251605
2056-03-17 03:00:00,0.0,79.38997873931417
2056-03-17 04:00:00,0.0,172.64169979819115
2056-03-17 05:00:00,0.0,241.53035859844263
2056-03-17 06:00:00,0.0,292.77679990106867
2056-03-17 07:00:00,0.0,318.8200733499443
2056-03-17 08:00:00,0.0,320.08023174263184
2056-03-17 09:00:00,0.0,299.49764466206886
2056-03-17 10:00:00,0.0,257.91241770338047
2056-03-17 11:00:00,0.0,191.54407568850408
2056-03-17 12:00:00,0.0,104.59314659306472
2056-03-17 13:00:00,0.0,21.422692675687955
2056-03-17 14:00:00,0.0,0.0
2056-03-17 15:00:00,0.0,0.0
2056-03-17 16:00:00,0.0,0.0
2056-03-17 17:00:00,0.0,0.0
2056-03-17 18:00:00,0.0,0.0
2056-03-17 19:00:00,0.0,0.0
2056-03-17 20:00:00,0.0,0.0
2056-03-17 21:00:00,0.0,0.0
2056-03-17 22:00:00,0.0,0.0
2056-03-17 23:00:00,0.0,0.0
2056-03-18 00:00:00,0.0,0.0
2056-03-18 01:00:00,0.0,0.0
2056-03-18 02:00:00,0.0,7.5609503561251605
2056-03-18 03:00:00,0.0,90.31135147593943
2056-03-18 04:00:00,0.0,186.08338932019146
2056-03-18 05:00:00,0.0,258.332470500943
2056-03-18 06:00:00,0.0,305.37838382794405
2056-03-18 07:00:00,0.0,325.5409181109444
2056-03-18 08:00:00,0.0,325.5409181109444
2056-03-18 09:00:00,0.0,299.07759186450636
2056-03-18 10:00:00,0.0,256.652259310693
2056-03-18 11:00:00,0.0,191.9641284860666
2056-03-18 12:00:00,0.0,108.3736217711273
2056-03-18 13:00:00,0.0,24.363062258625522
2056-03-18 14:00:00,0.0,0.0
2056-03-18 15:00:00,0.0,0.0
2056-03-18 16:00:00,0.0,0.0
2056-03-18 17:00:00,0.0,0.0
2056-03-18 18:00:00,0.0,0.0
2056-03-18 19:00:00,0.0,0.0
2056-03-18 20:00:00,0.0,0.0
2056-03-18 21:00:00,0.0,0.0
2056-03-18 22:00:00,0.0,0.0
2056-03-18 23:00:00,0.0,0.0
2056-03-19 00:00:00,0.0,0.0
2056-03-19 01:00:00,0.0,0.0
2056-03-19 02:00:00,0.0,7.5609503561251605
2056-03-19 03:00:00,0.0,86.11082350031434
2056-03-19 04:00:00,0.0,177.26228057137874
2056-03-19 05:00:00,0.0,248.2512033594428
2056-03-19 06:00:00,0.0,301.1778558523189
2056-03-19 07:00:00,0.0,322.60054852800687
2056-03-19 08:00:00,0.0,323.4406541231319
2056-03-19 09:00:00,0.0,305.37838382794405
2056-03-19 10:00:00,0.0,263.7931568692556
2056-03-19 11:00:00,0.0,199.52507884219176
2056-03-19 12:00:00,0.0,114.67441373456495
2056-03-19 13:00:00,0.0,27.303431841563082
2056-03-19 14:00:00,0.0,0.0
2056-03-19 15:00:00,0.0,0.0
2056-03-19 16:00:00,0.0,0.0
2056-03-19 17:00:00,0.0,0.0
2056-03-19 18:00:00,0.0,0.0
2056-03-19 19:00:00,0.0,0.0
2056-03-19 20:00:00,0.0,0.0
2056-03-19 21:00:00,0.0,0.0
2056-03-19 22:00:00,0.0,0.0
2056-03-19 23:00:00,0.0,0.0
2056-03-20 00:00:00,0.0,0.0
2056-03-20 01:00:00,0.0,0.0
2056-03-20 02:00:00,0.0,9.241161546375196
2056-03-20 03:00:00,0.0,92.41161546375196
2056-03-20 04:00:00,0.0,182.30291414212888
2056-03-20 05:00:00,0.0,250.35146734725532
2056-03-20 06:00:00,0.0,294.8770638888812
2056-03-20 07:00:00,0.0,317.5599149572567
2056-03-20 08:00:00,0.0,319.24012614750677
2056-03-20 09:00:00,0.0,296.1372222815688
2056-03-20 10:00:00,0.0,255.39210091800544
2056-03-20 11:00:00,0.0,192.8042340811916
2056-03-20 12:00:00,0.0,110.47388575893986
2056-03-20 13:00:00,0.0,26.883379044000574
2056-03-20 14:00:00,0.0,0.0
2056-03-20 15:00:00,0.0,0.0
2056-03-20 16:00:00,0.0,0.0
2056-03-20 17:00:00,0.0,0.0
2056-03-20 18:00:00,0.0,0.0
2056-03-20 19:00:00,0.0,0.0
2056-03-20 20:00:00,0.0,0.0
2056-03-20 21:00:00,0.0,0.0
2056-03-20 22:00:00,0.0,0.0
2056-03-20 23:00:00,0.0,0.0
2056-03-21 00:00:00,0.0,0.0
2056-03-21 01:00:00,0.0,0.0
2056-03-21 02:00:00,0.0,8.821108748812687
2056-03-21 03:00:00,0.0,86.11082350031434
2056-03-21 04:00:00,0.0,173.9018581908787
2056-03-21 05:00:00,0.0,242.37046419356767
2056-03-21 06:00:00,0.0,283.95569115225607
2056-03-21 07:00:00,0.0,307.4786478157566
2056-03-21 08:00:00,0.0,312.09922858894413
2056-03-21 09:00:00,0.0,293.61690549619374
2056-03-21 10:00:00,0.0,253.2918369301929
2056-03-21 11:00:00,0.0,190.70397009337904
2056-03-21 12:00:00,0.0,108.79367456868981
2056-03-21 13:00:00,0.0,26.043273448875553
2056-03-21 14:00:00,0.0,0.0
2056-03-21 15:00:00,0.0,0.0
2056-03-21 16:00:00,0.0,0.0
2056-03-21 17:00:00,0.0,0.0
2056-03-21 18:00:00,0.0,0.0
2056-03-21 19:00:00,0.0,0.0
2056-03-21 20:00:00,0.0,0.0
2056-03-21 21:00:00,0.0,0.0
2056-03-21 22:00:00,0.0,0.0
2056-03-21 23:00:00,0.0,0.0
2056-03-22 00:00:00,0.0,0.0
2056-03-22 01:00:00,0.0,0.0
2056-03-22 02:00:00,0.0,8.401055951250179
2056-03-22 03:00:00,0.0,82.75040111981426
2056-03-22 04:00:00,0.0,175.1620165835662
2056-03-22 05:00:00,0.0,245.31083377650523
2056-03-22 06:00:00,0.0,291.09658871081865
2056-03-22 07:00:00,0.0,310.8390701962566
2056-03-22 08:00:00,0.0,304.538278232819
2056-03-22 09:00:00,0.0,294.8770638888812
2056-03-22 10:00:00,0.0,262.9530512741306
2056-03-22 11:00:00,0.0,202.04539562756682
2056-03-22 12:00:00,0.0,120.13510010287756
2056-03-22 13:00:00,0.0,31.92401261475068
2056-03-22 14:00:00,0.0,0.0
2056-03-22 15:00:00,0.0,0.0
2056-03-22 16:00:00,0.0,0.0
2056-03-22 17:00:00,0.0,0.0
2056-03-22 18:00:00,0.0,0.0
2056-03-22 19:00:00,0.0,0.0
2056-03-22 20:00:00,0.0,0.0
2056-03-22 21:00:00,0.0,0.0
2056-03-22 22:00:00,0.0,0.0
2056-03-22 23:00:00,0.0,0.0
2056-03-23 00:00:00,0.0,0.0
2056-03-23 01:00:00,0.0,0.0
2056-03-23 02:00:00,0.0,11.341425534187742
2056-03-23 03:00:00,0.0,97.45224903450207
2056-03-23 04:00:00,0.0,189.86386449825406
2056-03-23 05:00:00,0.0,257.91241770338047
2056-03-23 06:00:00,0.0,302.01796144744395
2056-03-23 07:00:00,0.0,324.7008125158194
2056-03-23 08:00:00,0.0,326.8010765036319
2056-03-23 09:00:00,0.0,307.898700613319
2056-03-23 10:00:00,0.0,268.4137376424432
2056-03-23 11:00:00,0.0,206.2459236031919
2056-03-23 12:00:00,0.0,113.83430813943994
2056-03-23 13:00:00,0.0,30.243801424500642
2056-03-23 14:00:00,0.0,0.0
2056-03-23 15:00:00,0.0,0.0
2056-03-23 16:00:00,0.0,0.0
2056-03-23 17:00:00,0.0,0.0
2056-03-23 18:00:00,0.0,0.0
2056-03-23 19:00:00,0.0,0.0
2056-03-23 20:00:00,0.0,0.0
2056-03-23 21:00:00,0.0,0.0
2056-03-23 22:00:00,0.0,0.0
2056-03-23 23:00:00,0.0,0.0
2056-03-24 00:00:00,0.0,0.0
2056-03-24 01:00:00,0.0,0.0
2056-03-24 02:00:00,0.0,10.921372736625232
2056-03-24 03:00:00,0.0,92.83166826131448
2056-03-24 04:00:00,0.0,189.02375890312902
2056-03-24 05:00:00,0.0,257.91241770338047
2056-03-24 06:00:00,0.0,304.538278232819
2056-03-24 07:00:00,0.0,327.2211293011945
2056-03-24 08:00:00,0.0,329.7414460865695
2056-03-24 09:00:00,0.0,309.5789118035691
2056-03-24 10:00:00,0.0,270.93405442781824
2056-03-24 11:00:00,0.0,210.02639878125447
2056-03-24 12:00:00,0.0,127.69605045900272
2056-03-24 13:00:00,0.0,36.96464618550079
2056-03-24 14:00:00,0.0,0.0
2056-03-24 15:00:00,0.0,0.0
2056-03-24 16:00:00,0.0,0.0
2056-03-24 17:00:00,0.0,0.0
2056-03-24 18:00:00,0.0,0.0
2056-03-24 19:00:00,0.0,0.0
2056-03-24 20:00:00,0.0,0.0
2056-03-24 21:00:00,0.0,0.0
2056-03-24 22:00:00,0.0,0.0
2056-03-24 23:00:00,0.0,0.0
2056-03-25 00:00:00,0.0,0.0
2056-03-25 01:00:00,0.0,0.0
2056-03-25 02:00:00,0.0,13.021636724437776
2056-03-25 03:00:00,0.0,102.9129354028147
2056-03-25 04:00:00,0.0,193.64433967631663
2056-03-25 05:00:00,0.0,261.27284008388057
2056-03-25 06:00:00,0.0,304.9583310303815
2056-03-25 07:00:00,0.0,327.2211293011945
2056-03-25 08:00:00,0.0,328.90134049144444
2056-03-25 09:00:00,0.0,307.4786478157566
2056-03-25 10:00:00,0.0,268.8337904400057
2056-03-25 11:00:00,0.0,207.5060819958794
2056-03-25 12:00:00,0.0,125.59578647119015
2056-03-25 13:00:00,0.0,35.70448779281326
2056-03-25 14:00:00,0.0,0.0
2056-03-25 15:00:00,0.0,0.0
2056-03-25 16:00:00,0.0,0.0
2056-03-25 17:00:00,0.0,0.0
2056-03-25 18:00:00,0.0,0.0
2056-03-25 19:00:00,0.0,0.0
2056-03-25 20:00:00,0.0,0.0
2056-03-25 21:00:00,0.0,0.0
2056-03-25 22:00:00,0.0,0.0
2056-03-25 23:00:00,0.0,0.0
2056-03-26 00:00:00,0.0,0.0
2056-03-26 01:00:00,0.0,0.0
2056-03-26 02:00:00,0.0,13.861742319562794
2056-03-26 03:00:00,0.0,103.7530409979397
2056-03-26 04:00:00,0.0,192.38418128362906
2056-03-26 05:00:00,0.0,259.17257609606804
2056-03-26 06:00:00,0.0,303.698172637694
2056-03-26 07:00:00,0.0,324.28075971825695
2056-03-26 08:00:00,0.0,324.7008125158194
2056-03-26 09:00:00,0.0,306.21848942306906
2056-03-26 10:00:00,0.0,267.9936848448807
2056-03-26 11:00:00,0.0,210.446451578817
2056-03-26 12:00:00,0.0,131.0564728395028
2056-03-26 13:00:00,0.0,39.905015768438346
2056-03-26 14:00:00,0.0,0.0
2056-03-26 15:00:00,0.0,0.0
2056-03-26 16:00:00,0.0,0.0
2056-03-26 17:00:00,0.0,0.0
2056-03-26 18:00:00,0.0,0.0
2056-03-26 19:00:00,0.0,0.0
2056-03-26 20:00:00,0.0,0.0
2056-03-26 21:00:00,0.0,0.0
2056-03-26 22:00:00,0.0,0.0
2056-03-26 23:00:00,0.0,0.0
2056-03-27 00:00:00,0.0,0.0
2056-03-27 01:00:00,0.0,0.0
2056-03-27 02:00:00,0.0,14.701847914687814
2056-03-27 03:00:00,0.0,103.7530409979397
2056-03-27 04:00:00,0.0,191.54407568850408
2056-03-27 05:00:00,0.0,257.91241770338047
2056-03-27 06:00:00,0.0,299.9176974596314
2056-03-27 07:00:00,0.0,320.92033733775685
2056-03-27 08:00:00,0.0,322.18049573044436
2056-03-27 09:00:00,0.0,304.1182254352565
2056-03-27 10:00:00,0.0,265.4733680595056
2056-03-27 11:00:00,0.0,199.52507884219176
2056-03-27 12:00:00,0.0,111.31399135406487
2056-03-27 13:00:00,0.0,28.563590234250608
2056-03-27 14:00:00,0.0,0.0
2056-03-27 15:00:00,0.0,0.0
2056-03-27 16:00:00,0.0,0.0
2056-03-27 17:00:00,0.0,0.0
2056-03-27 18:00:00,0.0,0.0
2056-03-27 19:00:00,0.0,0.0
2056-03-27 20:00:00,0.0,0.0
2056-03-27 21:00:00,0.0,0.0
2056-03-27 22:00:00,0.0,0.0
2056-03-27 23:00:00,0.0,0.0
2056-03-28 00:00:00,0.0,0.0
2056-03-28 01:00:00,0.0,0.0
2056-03-28 02:00:00,0.0,12.601583926875268
2056-03-28 03:00:00,0.0,95.77203784425204
2056-03-28 04:00:00,0.0,181.88286134456635
2056-03-28 05:00:00,0.0,248.2512033594428
2056-03-28 06:00:00,0.0,290.67653591325615
2056-03-28 07:00:00,0.0,311.6791757913816
2056-03-28 08:00:00,0.0,317.13986215969425
2056-03-28 09:00:00,0.0,300.3377502571939
2056-03-28 10:00:00,0.0,262.1129456790056
2056-03-28 11:00:00,0.0,201.62534283000429
2056-03-28 12:00:00,0.0,118.87494171019004
2056-03-28 13:00:00,0.0,34.024276602563226
2056-03-28 14:00:00,0.0,0.0
2056-03-28 15:00:00,0.0,0.0
2056-03-28 16:00:00,0.0,0.0
2056-03-28 17:00:00,0.0,0.0
2056-03-28 18:00:00,0.0,0.0
2056-03-28 19:00:00,0.0,0.0
2056-03-28 20:00:00,0.0,0.0
2056-03-28 21:00:00,0.0,0.0
2056-03-28 22:00:00,0.0,0.0
2056-03-28 23:00:00,0.0,0.0
2056-03-29 00:00:00,0.0,0.0
2056-03-29 01:00:00,0.0,0.0
2056-03-29 02:00:00,0.0,13.441689522000287
2056-03-29 03:00:00,0.0,98.29235462962708
2056-03-29 04:00:00,0.0,187.7636005104415
2056-03-29 05:00:00,0.0,254.5519953228804
2056-03-29 06:00:00,0.0,297.8174334718189
2056-03-29 07:00:00,0.0,320.08023174263184
2056-03-29 08:00:00,0.0,322.18049573044436
2056-03-29 09:00:00,0.0,303.698172637694
2056-03-29 10:00:00,0.0,265.8934208570682
2056-03-29 11:00:00,0.0,206.2459236031919
2056-03-29 12:00:00,0.0,126.01583926875267
2056-03-29 13:00:00,0.0,37.80475178062581
2056-03-29 14:00:00,0.0,0.0
2056-03-29 15:00:00,0.0,0.0
2056-03-29 16:00:00,0.0,0.0
2056-03-29 17:00:00,0.0,0.0
2056-03-29 18:00:00,0.0,0.0
2056-03-29 19:00:00,0.0,0.0
2056-03-29 20:00:00,0.0,0.0
2056-03-29 21:00:00,0.0,0.0
2056-03-29 22:00:00,0.0,0.0
2056-03-29 23:00:00,0.0,0.0
2056-03-30 00:00:00,0.0,0.0
2056-03-30 01:00:00,0.0,0.0
2056-03-30 02:00:00,0.0,15.541953509812831
2056-03-30 03:00:00,0.0,105.85330498575225
2056-03-30 04:00:00,0.0,193.64433967631663
2056-03-30 05:00:00,0.0,260.012681691193
2056-03-30 06:00:00,0.0,302.8580670425689
2056-03-30 07:00:00,0.0,323.86070692069444
2056-03-30 08:00:00,0.0,325.5409181109444
2056-03-30 09:00:00,0.0,307.898700613319
2056-03-30 10:00:00,0.0,269.6738960351308
2056-03-30 11:00:00,0.0,209.60634598369197
2056-03-30 12:00:00,0.0,128.95620885169023
2056-03-30 13:00:00,0.0,39.48496297087584
2056-03-30 14:00:00,0.0,0.0
2056-03-30 15:00:00,0.0,0.0
2056-03-30 16:00:00,0.0,0.0
2056-03-30 17:00:00,0.0,0.0
2056-03-30 18:00:00,0.0,0.0
2056-03-30 19:00:00,0.0,0.0
2056-03-30 20:00:00,0.0,0.0
2056-03-30 21:00:00,0.0,0.0
2056-03-30 22:00:00,0.0,0.0
2056-03-30 23:00:00,0.0,0.0
2056-03-31 00:00:00,0.0,0.0
2056-03-31 01:00:00,0.0,0.0
2056-03-31 02:00:00,0.0,15.96200630737534
2056-03-31 03:00:00,0.0,104.59314659306472
2056-03-31 04:00:00,0.0,191.54407568850408
2056-03-31 05:00:00,0.0,257.49236490581796
2056-03-31 06:00:00,0.0,299.49764466206886
2056-03-31 07:00:00,0.0,320.08023174263184
2056-03-31 08:00:00,0.0,321.76044293288186
2056-03-31 09:00:00,0.0,304.1182254352565
2056-03-31 10:00:00,0.0,266.7335264521932
2056-03-31 11:00:00,0.0,207.5060819958794
2056-03-31 12:00:00,0.0,127.69605045900272
2056-03-31 13:00:00,0.0,39.06491017331333
2056-03-31 14:00:00,0.0,0.0
2056-03-31 15:00:00,0.0,0.0
2056-03-31 16:00:00,0.0,0.0
2056-03-31 17:00:00,0.0,0.0
2056-03-31 18:00:00,0.0,0.0
2056-03-31 19:00:00,0.0,0.0
2056-03-31 20:00:00,0.0,0.0
2056-03-31 21:00:00,0.0,0.0
2056-03-31 22:00:00,0.0,0.0
2056-03-31 23:00:00,0.0,0.0
2056-04-01 00:00:00,0.0,0.0
2056-04-01 01:00:00,0.0,0.0
2056-04-01 02:00:00,0.0,16.38205910493785
2056-04-01 03:00:00,0.0,105.85330498575225
2056-04-01 04:00:00,0.0,193.64433967631663
2056-04-01 05:00:00,0.0,259.17257609606804
2056-04-01 06:00:00,0.0,296.5572750791313
2056-04-01 07:00:00,0.0,296.1372222815688
2056-04-01 08:00:00,0.0,277.2348463912559
2056-04-01 09:00:00,0.0,260.85278728631806
2056-04-01 10:00:00,0.0,239.4300946106301
2056-04-01 11:00:00,0.0,200.36518443731677
2056-04-01 12:00:00,0.0,128.53615605412776
2056-04-01 13:00:00,0.0,39.905015768438346
2056-04-01 14:00:00,0.0,0.0
2056-04-01 15:00:00,0.0,0.0
2056-04-01 16:00:00,0.0,0.0
2056-04-01 17:00:00,0.0,0.0
2056-04-01 18:00:00,0.0,0.0
2056-04-01 19:00:00,0.0,0.0
2056-04-01 20:00:00,0.0,0.0
2056-04-01 21:00:00,0.0,0.0
2056-04-01 22:00:00,0.0,0.0
2056-04-01 23:00:00,0.0,0.0
2056-04-02 00:00:00,0.0,0.0
2056-04-02 01:00:00,0.0,0.0
2056-04-02 02:00:00,0.0,10.501319939062723
2056-04-02 03:00:00,0.0,84.85066510762682
2056-04-02 04:00:00,0.0,190.28391729581654
2056-04-02 05:00:00,0.0,257.0723121082555
2056-04-02 06:00:00,0.0,298.23748626938135
2056-04-02 07:00:00,0.0,319.24012614750677
2056-04-02 08:00:00,0.0,321.76044293288186
2056-04-02 09:00:00,0.0,304.538278232819
2056-04-02 10:00:00,0.0,266.3134736546307
2056-04-02 11:00:00,0.0,202.88550122269183
2056-04-02 12:00:00,0.0,107.9535689735648
2056-04-02 13:00:00,0.0,30.243801424500642
2056-04-02 14:00:00,0.0,0.0
2056-04-02 15:00:00,0.0,0.0
2056-04-02 16:00:00,0.0,0.0
2056-04-02 17:00:00,0.0,0.0
2056-04-02 18:00:00,0.0,0.0
2056-04-02 19:00:00,0.0,0.0
2056-04-02 20:00:00,0.0,0.0
2056-04-02 21:00:00,0.0,0.0
2056-04-02 22:00:00,0.0,0.0
2056-04-02 23:00:00,0.0,0.0
2056-04-03 00:00:00,0.0,0.0
2056-04-03 01:00:00,0.0,0.0
2056-04-03 02:00:00,0.0,17.642217497625374
2056-04-03 03:00:00,0.0,108.3736217711273
2056-04-03 04:00:00,0.0,195.7446036641292
2056-04-03 05:00:00,0.0,260.43273448875556
2056-04-03 06:00:00,0.0,300.7578030547564
2056-04-03 07:00:00,0.0,319.6601789450693
2056-04-03 08:00:00,0.0,318.40002055238176
2056-04-03 09:00:00,0.0,295.29711668644376
2056-04-03 10:00:00,0.0,250.35146734725532
2056-04-03 11:00:00,0.0,183.1430197372539
2056-04-03 12:00:00,0.0,105.85330498575225
2056-04-03 13:00:00,0.0,34.44432940012574
2056-04-03 14:00:00,0.0,0.0
2056-04-03 15:00:00,0.0,0.0
2056-04-03 16:00:00,0.0,0.0
2056-04-03 17:00:00,0.0,0.0
2056-04-03 18:00:00,0.0,0.0
2056-04-03 19:00:00,0.0,0.0
2056-04-03 20:00:00,0.0,0.0
2056-04-03 21:00:00,0.0,0.0
2056-04-03 22:00:00,0.0,0.0
2056-04-03 23:00:00,0.0,0.0
2056-04-04 00:00:00,0.0,0.0
2056-04-04 01:00:00,0.0,0.0
2056-04-04 02:00:00,0.0,9.241161546375196
2056-04-04 03:00:00,0.0,60.90765564656379
2056-04-04 04:00:00,0.0,131.4765256370653
2056-04-04 05:00:00,0.0,191.12402289094157
2056-04-04 06:00:00,0.0,262.1129456790056
2056-04-04 07:00:00,0.0,310.8390701962566
2056-04-04 08:00:00,0.0,319.24012614750677
2056-04-04 09:00:00,0.0,291.09658871081865
2056-04-04 10:00:00,0.0,249.5113617521303
2056-04-04 11:00:00,0.0,202.46544842512932
2056-04-04 12:00:00,0.0,127.69605045900272
2056-04-04 13:00:00,0.0,39.06491017331333
2056-04-04 14:00:00,0.0,0.0
2056-04-04 15:00:00,0.0,0.0
2056-04-04 16:00:00,0.0,0.0
2056-04-04 17:00:00,0.0,0.0
2056-04-04 18:00:00,0.0,0.0
2056-04-04 19:00:00,0.0,0.0
2056-04-04 20:00:00,0.0,0.0
2056-04-04 21:00:00,0.0,0.0
2056-04-04 22:00:00,0.0,0.0
2056-04-04 23:00:00,0.0,0.0
2056-04-05 00:00:00,0.0,0.0
2056-04-05 01:00:00,0.0,0.0
2056-04-05 02:00:00,0.0,7.140897558562652
2056-04-05 03:00:00,0.0,75.60950356125161
2056-04-05 04:00:00,0.0,166.76096063231606
2056-04-05 05:00:00,0.0,223.46808830325477
2056-04-05 06:00:00,0.0,257.0723121082555
2056-04-05 07:00:00,0.0,285.2158495449436
2056-04-05 08:00:00,0.0,309.5789118035691
2056-04-05 09:00:00,0.0,301.59790864988145
2056-04-05 10:00:00,0.0,264.63326246438066
2056-04-05 11:00:00,0.0,203.30555402025433
2056-04-05 12:00:00,0.0,123.49552248337763
2056-04-05 13:00:00,0.0,38.644857375750824
2056-04-05 14:00:00,0.0,0.0
2056-04-05 15:00:00,0.0,0.0
2056-04-05 16:00:00,0.0,0.0
2056-04-05 17:00:00,0.0,0.0
2056-04-05 18:00:00,0.0,0.0
2056-04-05 19:00:00,0.0,0.0
2056-04-05 20:00:00,0.0,0.0
2056-04-05 21:00:00,0.0,0.0
2056-04-05 22:00:00,0.0,0.0
2056-04-05 23:00:00,0.0,0.0
2056-04-06 00:00:00,0.0,0.0
2056-04-06 01:00:00,0.0,0.0
2056-04-06 02:00:00,0.0,13.021636724437776
2056-04-06 03:00:00,0.0,82.75040111981426
2056-04-06 04:00:00,0.0,166.76096063231606
2056-04-06 05:00:00,0.0,237.32983062281755
2056-04-06 06:00:00,0.0,283.53563835469356
2056-04-06 07:00:00,0.0,307.058595018194
2056-04-06 08:00:00,0.0,310.4190173986941
2056-04-06 09:00:00,0.0,290.67653591325615
2056-04-06 10:00:00,0.0,249.5113617521303
2056-04-06 11:00:00,0.0,184.40317812994144
2056-04-06 12:00:00,0.0,102.07282980768967
2056-04-06 13:00:00,0.0,26.46332624643806
2056-04-06 14:00:00,0.0,0.0
2056-04-06 15:00:00,0.0,0.0
2056-04-06 16:00:00,0.0,0.0
2056-04-06 17:00:00,0.0,0.0
2056-04-06 18:00:00,0.0,0.0
2056-04-06 19:00:00,0.0,0.0
2056-04-06 20:00:00,0.0,0.0
2056-04-06 21:00:00,0.0,0.0
2056-04-06 22:00:00,0.0,0.0
2056-04-06 23:00:00,0.0,0.0
2056-04-07 00:00:00,0.0,0.0
2056-04-07 01:00:00,0.0,0.0
2056-04-07 02:00:00,0.0,18.062270295187883
2056-04-07 03:00:00,0.0,102.49288260525218
2056-04-07 04:00:00,0.0,180.20265015431633
2056-04-07 05:00:00,0.0,236.90977782525505
2056-04-07 06:00:00,0.0,267.1535792497557
2056-04-07 07:00:00,0.0,284.3757439498185
2056-04-07 08:00:00,0.0,304.1182254352565
2056-04-07 09:00:00,0.0,298.6575390669438
2056-04-07 10:00:00,0.0,263.7931568692556
2056-04-07 11:00:00,0.0,204.98576521050435
2056-04-07 12:00:00,0.0,126.01583926875267
2056-04-07 13:00:00,0.0,39.905015768438346
2056-04-07 14:00:00,0.0,0.0
2056-04-07 15:00:00,0.0,0.0
2056-04-07 16:00:00,0.0,0.0
2056-04-07 17:00:00,0.0,0.0
2056-04-07 18:00:00,0.0,0.0
2056-04-07 19:00:00,0.0,0.0
2056-04-07 20:00:00,0.0,0.0
2056-04-07 21:00:00,0.0,0.0
2056-04-07 22:00:00,0.0,0.0
2056-04-07 23:00:00,0.0,0.0
2056-04-08 00:00:00,0.0,0.0
2056-04-08 01:00:00,0.0,0.0
2056-04-08 02:00:00,0.0,15.541953509812831
2056-04-08 03:00:00,0.0,92.83166826131448
2056-04-08 04:00:00,0.0,185.66333652262895
2056-04-08 05:00:00,0.0,252.87178413263038
2056-04-08 06:00:00,0.0,294.45701109131875
2056-04-08 07:00:00,0.0,315.45965096944417
2056-04-08 08:00:00,0.0,317.13986215969425
2056-04-08 09:00:00,0.0,299.07759186450636
2056-04-08 10:00:00,0.0,261.692892881443
2056-04-08 11:00:00,0.0,202.88550122269183
2056-04-08 12:00:00,0.0,124.33562807850265
2056-04-08 13:00:00,0.0,39.48496297087584
2056-04-08 14:00:00,0.0,0.0
2056-04-08 15:00:00,0.0,0.0
2056-04-08 16:00:00,0.0,0.0
2056-04-08 17:00:00,0.0,0.0
2056-04-08 18:00:00,0.0,0.0
2056-04-08 19:00:00,0.0,0.0
2056-04-08 20:00:00,0.0,0.0
2056-04-08 21:00:00,0.0,0.0
2056-04-08 22:00:00,0.0,0.0
2056-04-08 23:00:00,0.0,0.0
2056-04-09 00:00:00,0.0,0.0
2056-04-09 01:00:00,0.0,0.0
2056-04-09 02:00:00,0.0,19.322428687875412
2056-04-09 03:00:00,0.0,105.01319939062724
2056-04-09 04:00:00,0.0,190.28391729581654
2056-04-09 05:00:00,0.0,254.5519953228804
2056-04-09 06:00:00,0.0,294.8770638888812
2056-04-09 07:00:00,0.0,316.7198093621318
2056-04-09 08:00:00,0.0,319.24012614750677
2056-04-09 09:00:00,0.0,301.59790864988145
2056-04-09 10:00:00,0.0,264.21320966681816
2056-04-09 11:00:00,0.0,203.30555402025433
2056-04-09 12:00:00,0.0,126.43589206631519
2056-04-09 13:00:00,0.0,40.745121363563364
2056-04-09 14:00:00,0.0,0.0
2056-04-09 15:00:00,0.0,0.0
2056-04-09 16:00:00,0.0,0.0
2056-04-09 17:00:00,0.0,0.0
2056-04-09 18:00:00,0.0,0.0
2056-04-09 19:00:00,0.0,0.0
2056-04-09 20:00:00,0.0,0.0
2056-04-09 21:00:00,0.0,0.0
2056-04-09 22:00:00,0.0,0.0
2056-04-09 23:00:00,0.0,0.0
2056-04-10 00:00:00,0.0,0.0
2056-04-10 01:00:00,0.0,0.0
2056-04-10 02:00:00,0.0,19.74248148543792
2056-04-10 03:00:00,0.0,104.17309379550221
2056-04-10 04:00:00,0.0,188.6037061055665
2056-04-10 05:00:00,0.0,253.2918369301929
2056-04-10 06:00:00,0.0,294.45701109131875
2056-04-10 07:00:00,0.0,315.45965096944417
2056-04-10 08:00:00,0.0,317.13986215969425
2056-04-10 09:00:00,0.0,297.8174334718189
2056-04-10 10:00:00,0.0,259.5926288936305
2056-04-10 11:00:00,0.0,201.20529003244178
2056-04-10 12:00:00,0.0,123.49552248337763
2056-04-10 13:00:00,0.0,39.48496297087584
2056-04-10 14:00:00,0.0,0.0
2056-04-10 15:00:00,0.0,0.0
2056-04-10 16:00:00,0.0,0.0
2056-04-10 17:00:00,0.0,0.0
2056-04-10 18:00:00,0.0,0.0
2056-04-10 19:00:00,0.0,0.0
2056-04-10 20:00:00,0.0,0.0
2056-04-10 21:00:00,0.0,0.0
2056-04-10 22:00:00,0.0,0.0
2056-04-10 23:00:00,0.0,0.0
2056-04-11 00:00:00,0.0,0.0
2056-04-11 01:00:00,0.0,0.0
2056-04-11 02:00:00,0.0,18.48232309275039
2056-04-11 03:00:00,0.0,98.7124074271896
2056-04-11 04:00:00,0.0,181.04275574944137
2056-04-11 05:00:00,0.0,245.31083377650523
2056-04-11 06:00:00,0.0,289.4163775205687
2056-04-11 07:00:00,0.0,310.8390701962566
2056-04-11 08:00:00,0.0,311.2591229938191
2056-04-11 09:00:00,0.0,294.45701109131875
2056-04-11 10:00:00,0.0,255.39210091800544
2056-04-11 11:00:00,0.0,196.58470925925417
2056-04-11 12:00:00,0.0,112.9942025443149
2056-04-11 13:00:00,0.0,31.92401261475068
2056-04-11 14:00:00,0.0,0.0
2056-04-11 15:00:00,0.0,0.0
2056-04-11 16:00:00,0.0,0.0
2056-04-11 17:00:00,0.0,0.0
2056-04-11 18:00:00,0.0,0.0
2056-04-11 19:00:00,0.0,0.0
2056-04-11 20:00:00,0.0,0.0
2056-04-11 21:00:00,0.0,0.0
2056-04-11 22:00:00,0.0,0.0
2056-04-11 23:00:00,0.0,0.0
2056-04-12 00:00:00,0.0,0.0
2056-04-12 01:00:00,0.0,0.0
2056-04-12 02:00:00,0.0,14.701847914687814
2056-04-12 03:00:00,0.0,82.75040111981426
2056-04-12 04:00:00,0.0,165.92085503719105
2056-04-12 05:00:00,0.0,217.58734913737962
2056-04-12 06:00:00,0.0,209.18629318612943
2056-04-12 07:00:00,0.0,244.0506753838177
2056-04-12 08:00:00,0.0,282.275479962006
2056-04-12 09:00:00,0.0,270.09394883269323
2056-04-12 10:00:00,0.0,222.2079299105672
2056-04-12 11:00:00,0.0,165.08074944206604
2056-04-12 12:00:00,0.0,113.83430813943994
2056-04-12 13:00:00,0.0,37.384698983063295
2056-04-12 14:00:00,0.0,0.0
2056-04-12 15:00:00,0.0,0.0
2056-04-12 16:00:00,0.0,0.0
2056-04-12 17:00:00,0.0,0.0
2056-04-12 18:00:00,0.0,0.0
2056-04-12 19:00:00,0.0,0.0
2056-04-12 20:00:00,0.0,0.0
2056-04-12 21:00:00,0.0,0.0
2056-04-12 22:00:00,0.0,0.0
2056-04-12 23:00:00,0.0,0.0
2056-04-13 00:00:00,0.0,0.0
2056-04-13 01:00:00,0.0,0.0
2056-04-13 02:00:00,0.0,4.620580773187599
2056-04-13 03:00:00,0.0,49.566230112376054
2056-04-13 04:00:00,0.0,129.79631444681524
2056-04-13 05:00:00,0.0,186.92349491531647
2056-04-13 06:00:00,0.0,223.46808830325477
2056-04-13 07:00:00,0.0,250.35146734725532
2056-04-13 08:00:00,0.0,257.91241770338047
2056-04-13 09:00:00,0.0,224.30819389837976
2056-04-13 10:00:00,0.0,204.56571241294185
2056-04-13 11:00:00,0.0,160.46016866887842
2056-04-13 12:00:00,0.0,83.59050671493928
2056-04-13 13:00:00,0.0,18.902375890312904
2056-04-13 14:00:00,0.0,0.0
2056-04-13 15:00:00,0.0,0.0
2056-04-13 16:00:00,0.0,0.0
2056-04-13 17:00:00,0.0,0.0
2056-04-13 18:00:00,0.0,0.0
2056-04-13 19:00:00,0.0,0.0
2056-04-13 20:00:00,0.0,0.0
2056-04-13 21:00:00,0.0,0.0
2056-04-13 22:00:00,0.0,0.0
2056-04-13 23:00:00,0.0,0.0
2056-04-14 00:00:00,0.0,0.0
2056-04-14 01:00:00,0.0,0.0
2056-04-14 02:00:00,0.0,17.642217497625374
2056-04-14 03:00:00,0.0,97.03219623693957
2056-04-14 04:00:00,0.0,182.30291414212888
2056-04-14 05:00:00,0.0,248.2512033594428
2056-04-14 06:00:00,0.0,292.77679990106867
2056-04-14 07:00:00,0.0,315.87970376700673
2056-04-14 08:00:00,0.0,319.6601789450693
2056-04-14 09:00:00,0.0,306.21848942306906
2056-04-14 10:00:00,0.0,268.8337904400057
2056-04-14 11:00:00,0.0,209.18629318612943
2056-04-14 12:00:00,0.0,129.79631444681524
2056-04-14 13:00:00,0.0,42.84538535137591
2056-04-14 14:00:00,0.0,0.0
2056-04-14 15:00:00,0.0,0.0
2056-04-14 16:00:00,0.0,0.0
2056-04-14 17:00:00,0.0,0.0
2056-04-14 18:00:00,0.0,0.0
2056-04-14 19:00:00,0.0,0.0
2056-04-14 20:00:00,0.0,0.0
2056-04-14 21:00:00,0.0,0.0
2056-04-14 22:00:00,0.0,0.0
2056-04-14 23:00:00,0.0,0.0
2056-04-15 00:00:00,0.0,0.0
2056-04-15 01:00:00,0.0,0.0
2056-04-15 02:00:00,0.0,21.422692675687955
2056-04-15 03:00:00,0.0,107.9535689735648
2056-04-15 04:00:00,0.0,194.48444527144164
2056-04-15 05:00:00,0.0,258.332470500943
2056-04-15 06:00:00,0.0,299.9176974596314
2056-04-15 07:00:00,0.0,321.76044293288186
2056-04-15 08:00:00,0.0,323.4406541231319
2056-04-15 09:00:00,0.0,305.7984366255065
2056-04-15 10:00:00,0.0,267.9936848448807
2056-04-15 11:00:00,0.0,208.76624038856696
2056-04-15 12:00:00,0.0,130.21636724437778
2056-04-15 13:00:00,0.0,43.68549094650093
2056-04-15 14:00:00,0.0,0.0
2056-04-15 15:00:00,0.0,0.0
2056-04-15 16:00:00,0.0,0.0
2056-04-15 17:00:00,0.0,0.0
2056-04-15 18:00:00,0.0,0.0
2056-04-15 19:00:00,0.0,0.0
2056-04-15 20:00:00,0.0,0.0
2056-04-15 21:00:00,0.0,0.0
2056-04-15 22:00:00,0.0,0.0
2056-04-15 23:00:00,0.0,0.0
2056-04-16 00:00:00,0.0,0.0
2056-04-16 01:00:00,0.0,0.0
2056-04-16 02:00:00,0.0,21.842745473250464
2056-04-16 03:00:00,0.0,109.63378016381483
2056-04-16 04:00:00,0.0,196.58470925925417
2056-04-16 05:00:00,0.0,260.43273448875556
2056-04-16 06:00:00,0.0,301.59790864988145
2056-04-16 07:00:00,0.0,322.60054852800687
2056-04-16 08:00:00,0.0,324.28075971825695
2056-04-16 09:00:00,0.0,307.4786478157566
2056-04-16 10:00:00,0.0,269.6738960351308
2056-04-16 11:00:00,0.0,210.8665043763795
2056-04-16 12:00:00,0.0,131.8965784346278
2056-04-16 13:00:00,0.0,44.525596541625944
2056-04-16 14:00:00,0.0,0.0
2056-04-16 15:00:00,0.0,0.0
2056-04-16 16:00:00,0.0,0.0
2056-04-16 17:00:00,0.0,0.0
2056-04-16 18:00:00,0.0,0.0
2056-04-16 19:00:00,0.0,0.0
2056-04-16 20:00:00,0.0,0.0
2056-04-16 21:00:00,0.0,0.0
2056-04-16 22:00:00,0.0,0.0
2056-04-16 23:00:00,0.0,0.0
2056-04-17 00:00:00,0.0,0.0
2056-04-17 01:00:00,0.0,0.0
2056-04-17 02:00:00,0.0,22.682851068375484
2056-04-17 03:00:00,0.0,110.05383296137734
2056-04-17 04:00:00,0.0,194.90449806900415
2056-04-17 05:00:00,0.0,259.17257609606804
2056-04-17 06:00:00,0.0,300.7578030547564
2056-04-17 07:00:00,0.0,321.76044293288186
2056-04-17 08:00:00,0.0,323.0206013255694
2056-04-17 09:00:00,0.0,305.37838382794405
2056-04-17 10:00:00,0.0,267.9936848448807
2056-04-17 11:00:00,0.0,209.60634598369197
2056-04-17 12:00:00,0.0,131.4765256370653
2056-04-17 13:00:00,0.0,44.945649339188456
2056-04-17 14:00:00,0.0,0.0
2056-04-17 15:00:00,0.0,0.0
2056-04-17 16:00:00,0.0,0.0
2056-04-17 17:00:00,0.0,0.0
2056-04-17 18:00:00,0.0,0.0
2056-04-17 19:00:00,0.0,0.0
2056-04-17 20:00:00,0.0,0.0
2056-04-17 21:00:00,0.0,0.0
2056-04-17 22:00:00,0.0,0.0
2056-04-17 23:00:00,0.0,0.0
2056-04-18 00:00:00,0.0,0.0
2056-04-18 01:00:00,0.0,0.0
2056-04-18 02:00:00,0.0,22.262798270812972
2056-04-18 03:00:00,0.0,106.27335778331476
2056-04-18 04:00:00,0.0,189.44381170069153
2056-04-18 05:00:00,0.0,253.2918369301929
2056-04-18 06:00:00,0.0,296.1372222815688
2056-04-18 07:00:00,0.0,317.13986215969425
2056-04-18 08:00:00,0.0,318.8200733499443
2056-04-18 09:00:00,0.0,301.1778558523189
2056-04-18 10:00:00,0.0,264.21320966681816
2056-04-18 11:00:00,0.0,206.6659764007544
2056-04-18 12:00:00,0.0,129.79631444681524
2056-04-18 13:00:00,0.0,44.525596541625944
2056-04-18 14:00:00,0.0,0.0
2056-04-18 15:00:00,0.0,0.0
2056-04-18 16:00:00,0.0,0.0
2056-04-18 17:00:00,0.0,0.0
2056-04-18 18:00:00,0.0,0.0
2056-04-18 19:00:00,0.0,0.0
2056-04-18 20:00:00,0.0,0.0
2056-04-18 21:00:00,0.0,0.0
2056-04-18 22:00:00,0.0,0.0
2056-04-18 23:00:00,0.0,0.0
2056-04-19 00:00:00,0.0,0.0
2056-04-19 01:00:00,0.0,0.0
2056-04-19 02:00:00,0.0,22.262798270812972
2056-04-19 03:00:00,0.0,105.43325218818975
2056-04-19 04:00:00,0.0,188.18365330800404
2056-04-19 05:00:00,0.0,251.61162573994284
2056-04-19 06:00:00,0.0,293.61690549619374
2056-04-19 07:00:00,0.0,314.6195453743192
2056-04-19 08:00:00,0.0,316.7198093621318
2056-04-19 09:00:00,0.0,299.49764466206886
2056-04-19 10:00:00,0.0,262.5329984765681
2056-04-19 11:00:00,0.0,204.56571241294185
2056-04-19 12:00:00,0.0,128.11610325656522
2056-04-19 13:00:00,0.0,43.68549094650093
2056-04-19 14:00:00,0.0,0.0
2056-04-19 15:00:00,0.0,0.0
2056-04-19 16:00:00,0.0,0.0
2056-04-19 17:00:00,0.0,0.0
2056-04-19 18:00:00,0.0,0.0
2056-04-19 19:00:00,0.0,0.0
2056-04-19 20:00:00,0.0,0.0
2056-04-19 21:00:00,0.0,0.0
2056-04-19 22:00:00,0.0,0.0
2056-04-19 23:00:00,0.0,0.0
2056-04-20 00:00:00,0.0,0.0
2056-04-20 01:00:00,0.0,0.0
2056-04-20 02:00:00,0.0,22.262798270812972
2056-04-20 03:00:00,0.0,105.01319939062724
2056-04-20 04:00:00,0.0,187.343547712879
2056-04-20 05:00:00,0.0,250.77152014481786
2056-04-20 06:00:00,0.0,291.5166415083812
2056-04-20 07:00:00,0.0,312.09922858894413
2056-04-20 08:00:00,0.0,313.7794397791942
2056-04-20 09:00:00,0.0,296.97732787669383
2056-04-20 10:00:00,0.0,260.012681691193
2056-04-20 11:00:00,0.0,202.88550122269183
2056-04-20 12:00:00,0.0,126.85594486387771
2056-04-20 13:00:00,0.0,43.68549094650093
2056-04-20 14:00:00,0.0,0.0
2056-04-20 15:00:00,0.0,0.0
2056-04-20 16:00:00,0.0,0.0
2056-04-20 17:00:00,0.0,0.0
2056-04-20 18:00:00,0.0,0.0
2056-04-20 19:00:00,0.0,0.0
2056-04-20 20:00:00,0.0,0.0
2056-04-20 21:00:00,0.0,0.0
2056-04-20 22:00:00,0.0,0.0
2056-04-20 23:00:00,0.0,0.0
2056-04-21 00:00:00,0.0,0.0
2056-04-21 01:00:00,0.0,0.0
2056-04-21 02:00:00,0.0,22.682851068375484
2056-04-21 03:00:00,0.0,105.43325218818975
2056-04-21 04:00:00,0.0,187.7636005104415
2056-04-21 05:00:00,0.0,251.1915729423803
2056-04-21 06:00:00,0.0,293.19685269863123
2056-04-21 07:00:00,0.0,314.19949257675665
2056-04-21 08:00:00,0.0,316.29975656456924
2056-04-21 09:00:00,0.0,298.23748626938135
2056-04-21 10:00:00,0.0,261.27284008388057
2056-04-21 11:00:00,0.0,204.14565961537934
2056-04-21 12:00:00,0.0,127.69605045900272
2056-04-21 13:00:00,0.0,44.10554374406344
2056-04-21 14:00:00,0.0,0.0
2056-04-21 15:00:00,0.0,0.0
2056-04-21 16:00:00,0.0,0.0
2056-04-21 17:00:00,0.0,0.0
2056-04-21 18:00:00,0.0,0.0
2056-04-21 19:00:00,0.0,0.0
2056-04-21 20:00:00,0.0,0.0
2056-04-21 21:00:00,0.0,0.0
2056-04-21 22:00:00,0.0,0.0
2056-04-21 23:00:00,0.0,0.0
2056-04-22 00:00:00,0.0,0.0
2056-04-22 01:00:00,0.0,0.0
2056-04-22 02:00:00,0.0,23.5229566635005
2056-04-22 03:00:00,0.0,107.5335161760023
2056-04-22 04:00:00,0.0,190.28391729581654
2056-04-22 05:00:00,0.0,254.1319425253179
2056-04-22 06:00:00,0.0,296.1372222815688
2056-04-22 07:00:00,0.0,316.7198093621318
2056-04-22 08:00:00,0.0,318.40002055238176
2056-04-22 09:00:00,0.0,300.7578030547564
2056-04-22 10:00:00,0.0,263.7931568692556
2056-04-22 11:00:00,0.0,206.6659764007544
2056-04-22 12:00:00,0.0,129.79631444681524
2056-04-22 13:00:00,0.0,44.945649339188456
2056-04-22 14:00:00,0.0,0.0
2056-04-22 15:00:00,0.0,0.0
2056-04-22 16:00:00,0.0,0.0
2056-04-22 17:00:00,0.0,0.0
2056-04-22 18:00:00,0.0,0.0
2056-04-22 19:00:00,0.0,0.0
2056-04-22 20:00:00,0.0,0.0
2056-04-22 21:00:00,0.0,0.0
2056-04-22 22:00:00,0.0,0.0
2056-04-22 23:00:00,0.0,0.0
2056-04-23 00:00:00,0.0,0.0
2056-04-23 01:00:00,0.0,0.0
2056-04-23 02:00:00,0.0,23.5229566635005
2056-04-23 03:00:00,0.0,103.7530409979397
2056-04-23 04:00:00,0.0,183.9831253323789
2056-04-23 05:00:00,0.0,245.73088657406774
2056-04-23 06:00:00,0.0,286.89606073519366
2056-04-23 07:00:00,0.0,307.058595018194
2056-04-23 08:00:00,0.0,307.4786478157566
2056-04-23 09:00:00,0.0,285.6359023425061
2056-04-23 10:00:00,0.0,246.99104496675525
2056-04-23 11:00:00,0.0,188.18365330800404
2056-04-23 12:00:00,0.0,112.9942025443149
2056-04-23 13:00:00,0.0,36.54459338793828
2056-04-23 14:00:00,0.0,0.0
2056-04-23 15:00:00,0.0,0.0
2056-04-23 16:00:00,0.0,0.0
2056-04-23 17:00:00,0.0,0.0
2056-04-23 18:00:00,0.0,0.0
2056-04-23 19:00:00,0.0,0.0
2056-04-23 20:00:00,0.0,0.0
2056-04-23 21:00:00,0.0,0.0
2056-04-23 22:00:00,0.0,0.0
2056-04-23 23:00:00,0.0,0.0
2056-04-24 00:00:00,0.0,0.0
2056-04-24 01:00:00,0.0,0.0
2056-04-24 02:00:00,0.0,18.48232309275039
2056-04-24 03:00:00,0.0,89.89129867837691
2056-04-24 04:00:00,0.0,169.28127741769111
2056-04-24 05:00:00,0.0,233.549355444755
2056-04-24 06:00:00,0.0,278.07495198638094
2056-04-24 07:00:00,0.0,299.49764466206886
2056-04-24 08:00:00,0.0,300.7578030547564
2056-04-24 09:00:00,0.0,286.4760079376311
2056-04-24 10:00:00,0.0,248.6712561570053
2056-04-24 11:00:00,0.0,191.12402289094157
2056-04-24 12:00:00,0.0,116.35462492481497
2056-04-24 13:00:00,0.0,39.48496297087584
2056-04-24 14:00:00,0.0,0.0
2056-04-24 15:00:00,0.0,0.0
2056-04-24 16:00:00,0.0,0.0
2056-04-24 17:00:00,0.0,0.0
2056-04-24 18:00:00,0.0,0.0
2056-04-24 19:00:00,0.0,0.0
2056-04-24 20:00:00,0.0,0.0
2056-04-24 21:00:00,0.0,0.0
2056-04-24 22:00:00,0.0,0.0
2056-04-24 23:00:00,0.0,0.0
2056-04-25 00:00:00,0.0,0.0
2056-04-25 01:00:00,0.0,0.0
2056-04-25 02:00:00,0.0,20.582587080562938
2056-04-25 03:00:00,0.0,95.35198504668952
2056-04-25 04:00:00,0.0,175.58206938112872
2056-04-25 05:00:00,0.0,239.4300946106301
2056-04-25 06:00:00,0.0,286.0559551400686
2056-04-25 07:00:00,0.0,306.6385422206315
2056-04-25 08:00:00,0.0,308.3187534108816
2056-04-25 09:00:00,0.0,292.3567471035062
2056-04-25 10:00:00,0.0,254.5519953228804
2056-04-25 11:00:00,0.0,196.58470925925417
2056-04-25 12:00:00,0.0,120.97520569800257
2056-04-25 13:00:00,0.0,41.165174161125876
2056-04-25 14:00:00,0.0,0.0
2056-04-25 15:00:00,0.0,0.0
2056-04-25 16:00:00,0.0,0.0
2056-04-25 17:00:00,0.0,0.0
2056-04-25 18:00:00,0.0,0.0
2056-04-25 19:00:00,0.0,0.0
2056-04-25 20:00:00,0.0,0.0
2056-04-25 21:00:00,0.0,0.0
2056-04-25 22:00:00,0.0,0.0
2056-04-25 23:00:00,0.0,0.0
2056-04-26 00:00:00,0.0,0.0
2056-04-26 01:00:00,0.0,0.0
2056-04-26 02:00:00,0.0,21.842745473250464
2056-04-26 03:00:00,0.0,98.7124074271896
2056-04-26 04:00:00,0.0,179.3625445591913
2056-04-26 05:00:00,0.0,242.37046419356767
2056-04-26 06:00:00,0.0,285.6359023425061
2056-04-26 07:00:00,0.0,306.21848942306906
2056-04-26 08:00:00,0.0,307.898700613319
2056-04-26 09:00:00,0.0,291.09658871081865
2056-04-26 10:00:00,0.0,254.1319425253179
2056-04-26 11:00:00,0.0,197.4248148543792
2056-04-26 12:00:00,0.0,122.65541688825262
2056-04-26 13:00:00,0.0,42.42533255381341
2056-04-26 14:00:00,0.0,0.0
2056-04-26 15:00:00,0.0,0.0
2056-04-26 16:00:00,0.0,0.0
2056-04-26 17:00:00,0.0,0.0
2056-04-26 18:00:00,0.0,0.0
2056-04-26 19:00:00,0.0,0.0
2056-04-26 20:00:00,0.0,0.0
2056-04-26 21:00:00,0.0,0.0
2056-04-26 22:00:00,0.0,0.0
2056-04-26 23:00:00,0.0,0.0
2056-04-27 00:00:00,0.0,0.0
2056-04-27 01:00:00,0.0,0.0
2056-04-27 02:00:00,0.0,23.10290386593799
2056-04-27 03:00:00,0.0,102.9129354028147
2056-04-27 04:00:00,0.0,184.40317812994144
2056-04-27 05:00:00,0.0,246.99104496675525
2056-04-27 06:00:00,0.0,286.4760079376311
2056-04-27 07:00:00,0.0,306.21848942306906
2056-04-27 08:00:00,0.0,307.058595018194
2056-04-27 09:00:00,0.0,290.67653591325615
2056-04-27 10:00:00,0.0,254.5519953228804
2056-04-27 11:00:00,0.0,198.26492044950422
2056-04-27 12:00:00,0.0,123.91557528094015
2056-04-27 13:00:00,0.0,43.26543814893842
2056-04-27 14:00:00,0.0,0.0
2056-04-27 15:00:00,0.0,0.0
2056-04-27 16:00:00,0.0,0.0
2056-04-27 17:00:00,0.0,0.0
2056-04-27 18:00:00,0.0,0.0
2056-04-27 19:00:00,0.0,0.0
2056-04-27 20:00:00,0.0,0.0
2056-04-27 21:00:00,0.0,0.0
2056-04-27 22:00:00,0.0,0.0
2056-04-27 23:00:00,0.0,0.0
2056-04-28 00:00:00,0.0,0.0
2056-04-28 01:00:00,0.0,0.0
2056-04-28 02:00:00,0.0,23.5229566635005
2056-04-28 03:00:00,0.0,101.65277701012717
2056-04-28 04:00:00,0.0,181.46280854700387
2056-04-28 05:00:00,0.0,241.53035859844263
2056-04-28 06:00:00,0.0,280.59526877175597
2056-04-28 07:00:00,0.0,301.1778558523189
2056-04-28 08:00:00,0.0,302.8580670425689
2056-04-28 09:00:00,0.0,286.0559551400686
2056-04-28 10:00:00,0.0,250.35146734725532
2056-04-28 11:00:00,0.0,193.64433967631663
2056-04-28 12:00:00,0.0,119.71504730531505
2056-04-28 13:00:00,0.0,41.58522695868838
2056-04-28 14:00:00,0.0,0.0
2056-04-28 15:00:00,0.0,0.0
2056-04-28 16:00:00,0.0,0.0
2056-04-28 17:00:00,0.0,0.0
2056-04-28 18:00:00,0.0,0.0
2056-04-28 19:00:00,0.0,0.0
2056-04-28 20:00:00,0.0,0.0
2056-04-28 21:00:00,0.0,0.0
2056-04-28 22:00:00,0.0,0.0
2056-04-28 23:00:00,0.0,0.0
2056-04-29 00:00:00,0.0,0.0
2056-04-29 01:00:00,0.0,0.0
2056-04-29 02:00:00,0.0,20.582587080562938
2056-04-29 03:00:00,0.0,91.15145707106444
2056-04-29 04:00:00,0.0,168.4411718225661
2056-04-29 05:00:00,0.0,230.18893306425488
2056-04-29 06:00:00,0.0,271.3541072253808
2056-04-29 07:00:00,0.0,292.77679990106867
2056-04-29 08:00:00,0.0,294.45701109131875
2056-04-29 09:00:00,0.0,277.2348463912559
2056-04-29 10:00:00,0.0,240.27020020575512
2056-04-29 11:00:00,0.0,183.9831253323789
2056-04-29 12:00:00,0.0,111.73404415162739
2056-04-29 13:00:00,0.0,38.644857375750824
2056-04-29 14:00:00,0.0,0.0
2056-04-29 15:00:00,0.0,0.0
2056-04-29 16:00:00,0.0,0.0
2056-04-29 17:00:00,0.0,0.0
2056-04-29 18:00:00,0.0,0.0
2056-04-29 19:00:00,0.0,0.0
2056-04-29 20:00:00,0.0,0.0
2056-04-29 21:00:00,0.0,0.0
2056-04-29 22:00:00,0.0,0.0
2056-04-29 23:00:00,0.0,0.0
2056-04-30 00:00:00,0.0,0.0
2056-04-30 01:00:00,0.0,0.0
2056-04-30 02:00:00,0.0,22.262798270812972
2056-04-30 03:00:00,0.0,95.35198504668952
2056-04-30 04:00:00,0.0,172.22164700062868
2056-04-30 05:00:00,0.0,232.2891970520674
2056-04-30 06:00:00,0.0,272.6142656180683
2056-04-30 07:00:00,0.0,293.61690549619374
2056-04-30 08:00:00,0.0,295.7171694840063
2056-04-30 09:00:00,0.0,282.69553275956855
2056-04-30 10:00:00,0.0,245.73088657406774
2056-04-30 11:00:00,0.0,189.02375890312902
2056-04-30 12:00:00,0.0,115.51451932968996
2056-04-30 13:00:00,0.0,39.905015768438346
2056-04-30 14:00:00,0.0,0.0
2056-04-30 15:00:00,0.0,0.0
2056-04-30 16:00:00,0.0,0.0
2056-04-30 17:00:00,0.0,0.0
2056-04-30 18:00:00,0.0,0.0
2056-04-30 19:00:00,0.0,0.0
2056-04-30 20:00:00,0.0,0.0
2056-04-30 21:00:00,0.0,0.0
2056-04-30 22:00:00,0.0,0.0
2056-04-30 23:00:00,0.0,0.0
2056-05-01 00:00:00,0.0,0.0
2056-05-01 01:00:00,0.0,0.0
2056-05-01 02:00:00,0.0,23.5229566635005
2056-05-01 03:00:00,0.0,103.3329882003772
2056-05-01 04:00:00,0.0,185.66333652262895
2056-05-01 05:00:00,0.0,247.41109776431776
2056-05-01 06:00:00,0.0,288.1562191278812
2056-05-01 07:00:00,0.0,306.6385422206315
2056-05-01 08:00:00,0.0,306.6385422206315
2056-05-01 09:00:00,0.0,288.5762719254437
2056-05-01 10:00:00,0.0,251.61162573994284
2056-05-01 11:00:00,0.0,194.90449806900415
2056-05-01 12:00:00,0.0,120.97520569800257
2056-05-01 13:00:00,0.0,42.42533255381341
2056-05-01 14:00:00,0.0,0.0
2056-05-01 15:00:00,0.0,0.0
2056-05-01 16:00:00,0.0,0.0
2056-05-01 17:00:00,0.0,0.0
2056-05-01 18:00:00,0.0,0.0
2056-05-01 19:00:00,0.0,0.0
2056-05-01 20:00:00,0.0,0.0
2056-05-01 21:00:00,0.0,0.0
2056-05-01 22:00:00,0.0,0.0
2056-05-01 23:00:00,0.0,0.0
2056-05-02 00:00:00,0.0,0.0
2056-05-02 01:00:00,0.0,0.0
2056-05-02 02:00:00,0.0,23.94300946106301
2056-05-02 03:00:00,0.0,101.65277701012717
2056-05-02 04:00:00,0.0,182.30291414212888
2056-05-02 05:00:00,0.0,243.63062258625516
2056-05-02 06:00:00,0.0,283.53563835469356
2056-05-02 07:00:00,0.0,304.538278232819
2056-05-02 08:00:00,0.0,306.6385422206315
2056-05-02 09:00:00,0.0,292.77679990106867
2056-05-02 10:00:00,0.0,256.23220651313045
2056-05-02 11:00:00,0.0,199.52507884219176
2056-05-02 12:00:00,0.0,124.33562807850265
2056-05-02 13:00:00,0.0,43.68549094650093
2056-05-02 14:00:00,0.0,0.0
2056-05-02 15:00:00,0.0,0.0
2056-05-02 16:00:00,0.0,0.0
2056-05-02 17:00:00,0.0,0.0
2056-05-02 18:00:00,0.0,0.0
2056-05-02 19:00:00,0.0,0.0
2056-05-02 20:00:00,0.0,0.0
2056-05-02 21:00:00,0.0,0.0
2056-05-02 22:00:00,0.0,0.0
2056-05-02 23:00:00,0.0,0.0
2056-05-03 00:00:00,0.0,0.0
2056-05-03 01:00:00,0.0,0.0
2056-05-03 02:00:00,0.0,24.363062258625522
2056-05-03 03:00:00,0.0,101.65277701012717
2056-05-03 04:00:00,0.0,180.62270295187886
2056-05-03 05:00:00,0.0,242.37046419356767
2056-05-03 06:00:00,0.0,283.11558555713106
2056-05-03 07:00:00,0.0,303.698172637694
2056-05-03 08:00:00,0.0,305.7984366255065
2056-05-03 09:00:00,0.0,289.83643031813114
2056-05-03 10:00:00,0.0,254.5519953228804
2056-05-03 11:00:00,0.0,199.52507884219176
2056-05-03 12:00:00,0.0,126.01583926875267
2056-05-03 13:00:00,0.0,45.36570213675097
2056-05-03 14:00:00,0.0,0.0
2056-05-03 15:00:00,0.0,0.0
2056-05-03 16:00:00,0.0,0.0
2056-05-03 17:00:00,0.0,0.0
2056-05-03 18:00:00,0.0,0.0
2056-05-03 19:00:00,0.0,0.0
2056-05-03 20:00:00,0.0,0.0
2056-05-03 21:00:00,0.0,0.0
2056-05-03 22:00:00,0.0,0.0
2056-05-03 23:00:00,0.0,0.0
2056-05-04 00:00:00,0.0,0.0
2056-05-04 01:00:00,0.0,0.0
2056-05-04 02:00:00,0.0,25.623220651313044
2056-05-04 03:00:00,0.0,105.85330498575225
2056-05-04 04:00:00,0.0,186.08338932019146
2056-05-04 05:00:00,0.0,246.99104496675525
2056-05-04 06:00:00,0.0,286.0559551400686
2056-05-04 07:00:00,0.0,307.4786478157566
2056-05-04 08:00:00,0.0,309.99896460113155
2056-05-04 09:00:00,0.0,293.61690549619374
2056-05-04 10:00:00,0.0,257.49236490581796
2056-05-04 11:00:00,0.0,201.62534283000429
2056-05-04 12:00:00,0.0,126.85594486387771
2056-05-04 13:00:00,0.0,45.36570213675097
2056-05-04 14:00:00,0.0,0.0
2056-05-04 15:00:00,0.0,0.0
2056-05-04 16:00:00,0.0,0.0
2056-05-04 17:00:00,0.0,0.0
2056-05-04 18:00:00,0.0,0.0
2056-05-04 19:00:00,0.0,0.0
2056-05-04 20:00:00,0.0,0.0
2056-05-04 21:00:00,0.0,0.0
2056-05-04 22:00:00,0.0,0.0
2056-05-04 23:00:00,0.0,0.0
2056-05-05 00:00:00,0.0,0.0
2056-05-05 01:00:00,0.0,0.0
2056-05-05 02:00:00,0.0,26.46332624643806
2056-05-05 03:00:00,0.0,107.11346337843979
2056-05-05 04:00:00,0.0,186.92349491531647
2056-05-05 05:00:00,0.0,245.31083377650523
2056-05-05 06:00:00,0.0,284.3757439498185
2056-05-05 07:00:00,0.0,304.538278232819
2056-05-05 08:00:00,0.0,305.7984366255065
2056-05-05 09:00:00,0.0,288.9963247230061
2056-05-05 10:00:00,0.0,253.2918369301929
2056-05-05 11:00:00,0.0,197.4248148543792
2056-05-05 12:00:00,0.0,123.91557528094015
2056-05-05 13:00:00,0.0,44.10554374406344
2056-05-05 14:00:00,0.0,0.0
2056-05-05 15:00:00,0.0,0.0
2056-05-05 16:00:00,0.0,0.0
2056-05-05 17:00:00,0.0,0.0
2056-05-05 18:00:00,0.0,0.0
2056-05-05 19:00:00,0.0,0.0
2056-05-05 20:00:00,0.0,0.0
2056-05-05 21:00:00,0.0,0.0
2056-05-05 22:00:00,0.0,0.0
2056-05-05 23:00:00,0.0,0.0
2056-05-06 00:00:00,0.0,0.0
2056-05-06 01:00:00,0.0,0.0
2056-05-06 02:00:00,0.0,23.94300946106301
2056-05-06 03:00:00,0.0,95.77203784425204
2056-05-06 04:00:00,0.0,171.80159420306614
2056-05-06 05:00:00,0.0,232.2891970520674
2056-05-06 06:00:00,0.0,276.39474079613086
2056-05-06 07:00:00,0.0,296.5572750791313
2056-05-06 08:00:00,0.0,297.8174334718189
2056-05-06 09:00:00,0.0,282.275479962006
2056-05-06 10:00:00,0.0,246.15093937163027
2056-05-06 11:00:00,0.0,190.28391729581654
2056-05-06 12:00:00,0.0,118.034836115065
2056-05-06 13:00:00,0.0,42.00527975625089
2056-05-06 14:00:00,0.0,0.0
2056-05-06 15:00:00,0.0,0.0
2056-05-06 16:00:00,0.0,0.0
2056-05-06 17:00:00,0.0,0.0
2056-05-06 18:00:00,0.0,0.0
2056-05-06 19:00:00,0.0,0.0
2056-05-06 20:00:00,0.0,0.0
2056-05-06 21:00:00,0.0,0.0
2056-05-06 22:00:00,0.0,0.0
2056-05-06 23:00:00,0.0,0.0
2056-05-07 00:00:00,0.0,0.0
2056-05-07 01:00:00,0.0,0.0
2056-05-07 02:00:00,0.0,21.842745473250464
2056-05-07 03:00:00,0.0,89.47124588081441
2056-05-07 04:00:00,0.0,163.8205910493785
2056-05-07 05:00:00,0.0,224.30819389837976
2056-05-07 06:00:00,0.0,266.3134736546307
2056-05-07 07:00:00,0.0,288.5762719254437
2056-05-07 08:00:00,0.0,291.9366943059437
2056-05-07 09:00:00,0.0,281.435374366881
2056-05-07 10:00:00,0.0,245.73088657406774
2056-05-07 11:00:00,0.0,190.28391729581654
2056-05-07 12:00:00,0.0,118.4548889126275
2056-05-07 13:00:00,0.0,42.84538535137591
2056-05-07 14:00:00,0.0,0.0
2056-05-07 15:00:00,0.0,0.0
2056-05-07 16:00:00,0.0,0.0
2056-05-07 17:00:00,0.0,0.0
2056-05-07 18:00:00,0.0,0.0
2056-05-07 19:00:00,0.0,0.0
2056-05-07 20:00:00,0.0,0.0
2056-05-07 21:00:00,0.0,0.0
2056-05-07 22:00:00,0.0,0.0
2056-05-07 23:00:00,0.0,0.0
2056-05-08 00:00:00,0.0,0.0
2056-05-08 01:00:00,0.0,0.0
2056-05-08 02:00:00,0.0,24.783115056188027
2056-05-08 03:00:00,0.0,97.45224903450207
2056-05-08 04:00:00,0.0,173.9018581908787
2056-05-08 05:00:00,0.0,233.549355444755
2056-05-08 06:00:00,0.0,277.2348463912559
2056-05-08 07:00:00,0.0,297.8174334718189
2056-05-08 08:00:00,0.0,298.6575390669438
2056-05-08 09:00:00,0.0,281.01532156931853
2056-05-08 10:00:00,0.0,244.4707281813802
2056-05-08 11:00:00,0.0,188.6037061055665
2056-05-08 12:00:00,0.0,116.7746777223775
2056-05-08 13:00:00,0.0,42.42533255381341
2056-05-08 14:00:00,0.0,0.0
2056-05-08 15:00:00,0.0,0.0
2056-05-08 16:00:00,0.0,0.0
2056-05-08 17:00:00,0.0,0.0
2056-05-08 18:00:00,0.0,0.0
2056-05-08 19:00:00,0.0,0.0
2056-05-08 20:00:00,0.0,0.0
2056-05-08 21:00:00,0.0,0.0
2056-05-08 22:00:00,0.0,0.0
2056-05-08 23:00:00,0.0,0.0
2056-05-09 00:00:00,0.0,0.0
2056-05-09 01:00:00,0.0,0.0
2056-05-09 02:00:00,0.0,25.203167853750536
2056-05-09 03:00:00,0.0,98.7124074271896
2056-05-09 04:00:00,0.0,175.1620165835662
2056-05-09 05:00:00,0.0,235.22956663500503
2056-05-09 06:00:00,0.0,275.13458240344335
2056-05-09 07:00:00,0.0,294.8770638888812
2056-05-09 08:00:00,0.0,296.1372222815688
2056-05-09 09:00:00,0.0,279.755163176631
2056-05-09 10:00:00,0.0,243.63062258625516
2056-05-09 11:00:00,0.0,188.18365330800404
2056-05-09 12:00:00,0.0,116.7746777223775
2056-05-09 13:00:00,0.0,42.42533255381341
2056-05-09 14:00:00,0.0,0.0
2056-05-09 15:00:00,0.0,0.0
2056-05-09 16:00:00,0.0,0.0
2056-05-09 17:00:00,0.0,0.0
2056-05-09 18:00:00,0.0,0.0
2056-05-09 19:00:00,0.0,0.0
2056-05-09 20:00:00,0.0,0.0
2056-05-09 21:00:00,0.0,0.0
2056-05-09 22:00:00,0.0,0.0
2056-05-09 23:00:00,0.0,0.0
2056-05-10 00:00:00,0.0,0.0
2056-05-10 01:00:00,0.0,0.0
2056-05-10 02:00:00,0.0,24.783115056188027
2056-05-10 03:00:00,0.0,96.19209064181453
2056-05-10 04:00:00,0.0,171.38154140550364
2056-05-10 05:00:00,0.0,231.44909145694243
2056-05-10 06:00:00,0.0,273.4543712131933
2056-05-10 07:00:00,0.0,293.61690549619374
2056-05-10 08:00:00,0.0,295.29711668644376
2056-05-10 09:00:00,0.0,280.17521597419346
2056-05-10 10:00:00,0.0,244.0506753838177
2056-05-10 11:00:00,0.0,189.44381170069153
2056-05-10 12:00:00,0.0,117.61478331750249
2056-05-10 13:00:00,0.0,42.42533255381341
2056-05-10 14:00:00,0.0,0.0
2056-05-10 15:00:00,0.0,0.0
2056-05-10 16:00:00,0.0,0.0
2056-05-10 17:00:00,0.0,0.0
2056-05-10 18:00:00,0.0,0.0
2056-05-10 19:00:00,0.0,0.0
2056-05-10 20:00:00,0.0,0.0
2056-05-10 21:00:00,0.0,0.0
2056-05-10 22:00:00,0.0,0.0
2056-05-10 23:00:00,0.0,0.0
2056-05-11 00:00:00,0.0,0.0
2056-05-11 01:00:00,0.0,0.0
2056-05-11 02:00:00,0.0,25.623220651313044
2056-05-11 03:00:00,0.0,97.45224903450207
2056-05-11 04:00:00,0.0,173.48180539331617
2056-05-11 05:00:00,0.0,233.1293026471925
2056-05-11 06:00:00,0.0,274.29447680831834
2056-05-11 07:00:00,0.0,295.29711668644376
2056-05-11 08:00:00,0.0,298.23748626938135
2056-05-11 09:00:00,0.0,281.85542716444354
2056-05-11 10:00:00,0.0,246.99104496675525
2056-05-11 11:00:00,0.0,192.8042340811916
2056-05-11 12:00:00,0.0,121.39525849556506
2056-05-11 13:00:00,0.0,44.945649339188456
2056-05-11 14:00:00,0.0,0.0
2056-05-11 15:00:00,0.0,0.0
2056-05-11 16:00:00,0.0,0.0
2056-05-11 17:00:00,0.0,0.0
2056-05-11 18:00:00,0.0,0.0
2056-05-11 19:00:00,0.0,0.0
2056-05-11 20:00:00,0.0,0.0
2056-05-11 21:00:00,0.0,0.0
2056-05-11 22:00:00,0.0,0.0
2056-05-11 23:00:00,0.0,0.0
2056-05-12 00:00:00,0.0,0.0
2056-05-12 01:00:00,0.0,0.0
2056-05-12 02:00:00,0.0,25.203167853750536
2056-05-12 03:00:00,0.0,96.61214343937705
2056-05-12 04:00:00,0.0,170.9614886079411
2056-05-12 05:00:00,0.0,230.6089858618174
2056-05-12 06:00:00,0.0,275.13458240344335
2056-05-12 07:00:00,0.0,294.8770638888812
2056-05-12 08:00:00,0.0,295.7171694840063
2056-05-12 09:00:00,0.0,279.755163176631
2056-05-12 10:00:00,0.0,243.21056978869265
2056-05-12 11:00:00,0.0,188.18365330800404
2056-05-12 12:00:00,0.0,117.19473051994
2056-05-12 13:00:00,0.0,42.84538535137591
2056-05-12 14:00:00,0.0,0.0
2056-05-12 15:00:00,0.0,0.0
2056-05-12 16:00:00,0.0,0.0
2056-05-12 17:00:00,0.0,0.0
2056-05-12 18:00:00,0.0,0.0
2056-05-12 19:00:00,0.0,0.0
2056-05-12 20:00:00,0.0,0.0
2056-05-12 21:00:00,0.0,0.0
2056-05-12 22:00:00,0.0,0.0
2056-05-12 23:00:00,0.0,0.0
2056-05-13 00:00:00,0.0,0.0
2056-05-13 01:00:00,0.0,0.0
2056-05-13 02:00:00,0.0,25.203167853750536
2056-05-13 03:00:00,0.0,95.77203784425204
2056-05-13 04:00:00,0.0,169.70133021525365
2056-05-13 05:00:00,0.0,228.92877467156737
2056-05-13 06:00:00,0.0,271.3541072253808
2056-05-13 07:00:00,0.0,290.67653591325615
2056-05-13 08:00:00,0.0,291.5166415083812
2056-05-13 09:00:00,0.0,274.29447680831834
2056-05-13 10:00:00,0.0,237.7498834203801
2056-05-13 11:00:00,0.0,182.7229669396914
2056-05-13 12:00:00,0.0,112.57414974675238
2056-05-13 13:00:00,0.0,41.165174161125876
2056-05-13 14:00:00,0.0,0.0
2056-05-13 15:00:00,0.0,0.0
2056-05-13 16:00:00,0.0,0.0
2056-05-13 17:00:00,0.0,0.0
2056-05-13 18:00:00,0.0,0.0
2056-05-13 19:00:00,0.0,0.0
2056-05-13 20:00:00,0.0,0.0
2056-05-13 21:00:00,0.0,0.0
2056-05-13 22:00:00,0.0,0.0
2056-05-13 23:00:00,0.0,0.0
2056-05-14 00:00:00,0.0,0.0
2056-05-14 01:00:00,0.0,0.0
2056-05-14 02:00:00,0.0,23.5229566635005
2056-05-14 03:00:00,0.0,91.15145707106444
2056-05-14 04:00:00,0.0,163.40053825181596
2056-05-14 05:00:00,0.0,222.62798270812974
2056-05-14 06:00:00,0.0,263.7931568692556
2056-05-14 07:00:00,0.0,283.95569115225607
2056-05-14 08:00:00,0.0,284.3757439498185
2056-05-14 09:00:00,0.0,270.09394883269323
2056-05-14 10:00:00,0.0,232.70924984962994
2056-05-14 11:00:00,0.0,178.10238616650378
2056-05-14 12:00:00,0.0,109.21372736625233
2056-05-14 13:00:00,0.0,40.32506856600086
2056-05-14 14:00:00,0.0,0.0
2056-05-14 15:00:00,0.0,0.0
2056-05-14 16:00:00,0.0,0.0
2056-05-14 17:00:00,0.0,0.0
2056-05-14 18:00:00,0.0,0.0
2056-05-14 19:00:00,0.0,0.0
2056-05-14 20:00:00,0.0,0.0
2056-05-14 21:00:00,0.0,0.0
2056-05-14 22:00:00,0.0,0.0
2056-05-14 23:00:00,0.0,0.0
2056-05-15 00:00:00,0.0,0.0
2056-05-15 01:00:00,0.0,0.0
2056-05-15 02:00:00,0.0,17.642217497625374
2056-05-15 03:00:00,0.0,71.82902838318904
2056-05-15 04:00:00,0.0,135.2570008151279
2056-05-15 05:00:00,0.0,193.2242868787541
2056-05-15 06:00:00,0.0,246.15093937163027
2056-05-15 07:00:00,0.0,269.25384323756816
2056-05-15 08:00:00,0.0,273.4543712131933
2056-05-15 09:00:00,0.0,258.75252329850554
2056-05-15 10:00:00,0.0,219.26756032762967
2056-05-15 11:00:00,0.0,164.240643846941
2056-05-15 12:00:00,0.0,98.7124074271896
2056-05-15 13:00:00,0.0,35.70448779281326
2056-05-15 14:00:00,0.0,0.0
2056-05-15 15:00:00,0.0,0.0
2056-05-15 16:00:00,0.0,0.0
2056-05-15 17:00:00,0.0,0.0
2056-05-15 18:00:00,0.0,0.0
2056-05-15 19:00:00,0.0,0.0
2056-05-15 20:00:00,0.0,0.0
2056-05-15 21:00:00,0.0,0.0
2056-05-15 22:00:00,0.0,0.0
2056-05-15 23:00:00,0.0,0.0
2056-05-16 00:00:00,0.0,0.0
2056-05-16 01:00:00,0.0,0.0
2056-05-16 02:00:00,0.0,21.422692675687955
2056-05-16 03:00:00,0.0,87.37098189300185
2056-05-16 04:00:00,0.0,158.3599046810659
2056-05-16 05:00:00,0.0,217.16729633981714
2056-05-16 06:00:00,0.0,257.0723121082555
2056-05-16 07:00:00,0.0,277.65489918881843
2056-05-16 08:00:00,0.0,280.17521597419346
2056-05-16 09:00:00,0.0,272.1942128205058
2056-05-16 10:00:00,0.0,236.90977782525505
2056-05-16 11:00:00,0.0,183.1430197372539
2056-05-16 12:00:00,0.0,113.41425534187742
2056-05-16 13:00:00,0.0,42.42533255381341
2056-05-16 14:00:00,0.0,0.0
2056-05-16 15:00:00,0.0,0.0
2056-05-16 16:00:00,0.0,0.0
2056-05-16 17:00:00,0.0,0.0
2056-05-16 18:00:00,0.0,0.0
2056-05-16 19:00:00,0.0,0.0
2056-05-16 20:00:00,0.0,0.0
2056-05-16 21:00:00,0.0,0.0
2056-05-16 22:00:00,0.0,0.0
2056-05-16 23:00:00,0.0,0.0
2056-05-17 00:00:00,0.0,0.0
2056-05-17 01:00:00,0.0,0.0
2056-05-17 02:00:00,0.0,24.783115056188027
2056-05-17 03:00:00,0.0,89.05119308325189
2056-05-17 04:00:00,0.0,154.1593767054408
2056-05-17 05:00:00,0.0,206.6659764007544
2056-05-17 06:00:00,0.0,249.5113617521303
2056-05-17 07:00:00,0.0,266.3134736546307
2056-05-17 08:00:00,0.0,264.63326246438066
2056-05-17 09:00:00,0.0,250.35146734725532
2056-05-17 10:00:00,0.0,217.58734913737962
2056-05-17 11:00:00,0.0,157.93985188350337
2056-05-17 12:00:00,0.0,106.27335778331476
2056-05-17 13:00:00,0.0,41.165174161125876
2056-05-17 14:00:00,0.0,0.0
2056-05-17 15:00:00,0.0,0.0
2056-05-17 16:00:00,0.0,0.0
2056-05-17 17:00:00,0.0,0.0
2056-05-17 18:00:00,0.0,0.0
2056-05-17 19:00:00,0.0,0.0
2056-05-17 20:00:00,0.0,0.0
2056-05-17 21:00:00,0.0,0.0
2056-05-17 22:00:00,0.0,0.0
2056-05-17 23:00:00,0.0,0.0
2056-05-18 00:00:00,0.0,0.0
2056-05-18 01:00:00,0.0,0.0
2056-05-18 02:00:00,0.0,24.783115056188027
2056-05-18 03:00:00,0.0,91.57150986862695
2056-05-18 04:00:00,0.0,160.46016866887842
2056-05-18 05:00:00,0.0,215.0670323520046
2056-05-18 06:00:00,0.0,252.45173133506788
2056-05-18 07:00:00,0.0,260.012681691193
2056-05-18 08:00:00,0.0,221.7878771130047
2056-05-18 09:00:00,0.0,220.52771872031718
2056-05-18 10:00:00,0.0,215.48708514956706
2056-05-18 11:00:00,0.0,175.58206938112872
2056-05-18 12:00:00,0.0,111.31399135406487
2056-05-18 13:00:00,0.0,40.745121363563364
2056-05-18 14:00:00,0.0,0.0
2056-05-18 15:00:00,0.0,0.0
2056-05-18 16:00:00,0.0,0.0
2056-05-18 17:00:00,0.0,0.0
2056-05-18 18:00:00,0.0,0.0
2056-05-18 19:00:00,0.0,0.0
2056-05-18 20:00:00,0.0,0.0
2056-05-18 21:00:00,0.0,0.0
2056-05-18 22:00:00,0.0,0.0
2056-05-18 23:00:00,0.0,0.0
2056-05-19 00:00:00,0.0,0.0
2056-05-19 01:00:00,0.0,0.0
2056-05-19 02:00:00,0.0,15.121900712250321
2056-05-19 03:00:00,0.0,60.90765564656379
2056-05-19 04:00:00,0.0,124.75568087606516
2056-05-19 05:00:00,0.0,186.92349491531647
2056-05-19 06:00:00,0.0,231.86914425450496
2056-05-19 07:00:00,0.0,260.85278728631806
2056-05-19 08:00:00,0.0,258.332470500943
2056-05-19 09:00:00,0.0,235.64961943256753
2056-05-19 10:00:00,0.0,197.00476205681667
2056-05-19 11:00:00,0.0,151.21900712250323
2056-05-19 12:00:00,0.0,95.35198504668952
2056-05-19 13:00:00,0.0,36.96464618550079
2056-05-19 14:00:00,0.0,0.0
2056-05-19 15:00:00,0.0,0.0
2056-05-19 16:00:00,0.0,0.0
2056-05-19 17:00:00,0.0,0.0
2056-05-19 18:00:00,0.0,0.0
2056-05-19 19:00:00,0.0,0.0
2056-05-19 20:00:00,0.0,0.0
2056-05-19 21:00:00,0.0,0.0
2056-05-19 22:00:00,0.0,0.0
2056-05-19 23:00:00,0.0,0.0
2056-05-20 00:00:00,0.0,0.0
2056-05-20 01:00:00,0.0,0.0
2056-05-20 02:00:00,0.0,24.783115056188027
2056-05-20 03:00:00,0.0,94.93193224912703
2056-05-20 04:00:00,0.0,171.80159420306614
2056-05-20 05:00:00,0.0,232.2891970520674
2056-05-20 06:00:00,0.0,271.3541072253808
2056-05-20 07:00:00,0.0,288.5762719254437
2056-05-20 08:00:00,0.0,288.9963247230061
2056-05-20 09:00:00,0.0,273.4543712131933
2056-05-20 10:00:00,0.0,239.8501474081926
2056-05-20 11:00:00,0.0,186.92349491531647
2056-05-20 12:00:00,0.0,118.87494171019004
2056-05-20 13:00:00,0.0,44.945649339188456
2056-05-20 14:00:00,0.0,0.42005279756250896
2056-05-20 15:00:00,0.0,0.0
2056-05-20 16:00:00,0.0,0.0
2056-05-20 17:00:00,0.0,0.0
2056-05-20 18:00:00,0.0,0.0
2056-05-20 19:00:00,0.0,0.0
2056-05-20 20:00:00,0.0,0.0
2056-05-20 21:00:00,0.0,0.0
2056-05-20 22:00:00,0.0,0.0
2056-05-20 23:00:00,0.0,0.0
2056-05-21 00:00:00,0.0,0.0
2056-05-21 01:00:00,0.0,0.0
2056-05-21 02:00:00,0.0,26.043273448875553
2056-05-21 03:00:00,0.0,90.31135147593943
2056-05-21 04:00:00,0.0,154.5794295030033
2056-05-21 05:00:00,0.0,210.8665043763795
2056-05-21 06:00:00,0.0,260.012681691193
2056-05-21 07:00:00,0.0,283.11558555713106
2056-05-21 08:00:00,0.0,285.6359023425061
2056-05-21 09:00:00,0.0,267.1535792497557
2056-05-21 10:00:00,0.0,230.18893306425488
2056-05-21 11:00:00,0.0,173.48180539331617
2056-05-21 12:00:00,0.0,103.3329882003772
2056-05-21 13:00:00,0.0,39.06491017331333
2056-05-21 14:00:00,0.0,0.0
2056-05-21 15:00:00,0.0,0.0
2056-05-21 16:00:00,0.0,0.0
2056-05-21 17:00:00,0.0,0.0
2056-05-21 18:00:00,0.0,0.0
2056-05-21 19:00:00,0.0,0.0
2056-05-21 20:00:00,0.0,0.0
2056-05-21 21:00:00,0.0,0.0
2056-05-21 22:00:00,0.0,0.0
2056-05-21 23:00:00,0.0,0.0
2056-05-22 00:00:00,0.0,0.0
2056-05-22 01:00:00,0.0,0.0
2056-05-22 02:00:00,0.0,19.74248148543792
2056-05-22 03:00:00,0.0,76.86966195393914
2056-05-22 04:00:00,0.0,146.59842634931562
2056-05-22 05:00:00,0.0,202.88550122269183
2056-05-22 06:00:00,0.0,247.41109776431776
2056-05-22 07:00:00,0.0,270.93405442781824
2056-05-22 08:00:00,0.0,275.5546352010059
2056-05-22 09:00:00,0.0,260.012681691193
2056-05-22 10:00:00,0.0,224.72824669594226
2056-05-22 11:00:00,0.0,174.7419637860037
2056-05-22 12:00:00,0.0,111.73404415162739
2056-05-22 13:00:00,0.0,43.68549094650093
2056-05-22 14:00:00,0.0,0.42005279756250896
2056-05-22 15:00:00,0.0,0.0
2056-05-22 16:00:00,0.0,0.0
2056-05-22 17:00:00,0.0,0.0
2056-05-22 18:00:00,0.0,0.0
2056-05-22 19:00:00,0.0,0.0
2056-05-22 20:00:00,0.0,0.0
2056-05-22 21:00:00,0.0,0.0
2056-05-22 22:00:00,0.0,0.0
2056-05-22 23:00:00,0.0,0.0
2056-05-23 00:00:00,0.0,0.0
2056-05-23 01:00:00,0.0,0.0
2056-05-23 02:00:00,0.0,24.783115056188027
2056-05-23 03:00:00,0.0,89.89129867837691
2056-05-23 04:00:00,0.0,158.77995747862835
2056-05-23 05:00:00,0.0,216.3271907446921
2056-05-23 06:00:00,0.0,256.652259310693
2056-05-23 07:00:00,0.0,277.2348463912559
2056-05-23 08:00:00,0.0,281.01532156931853
2056-05-23 09:00:00,0.0,269.6738960351308
2056-05-23 10:00:00,0.0,235.64961943256753
2056-05-23 11:00:00,0.0,183.56307253481643
2056-05-23 12:00:00,0.0,115.09446653212744
2056-05-23 13:00:00,0.0,43.68549094650093
2056-05-23 14:00:00,0.0,0.42005279756250896
2056-05-23 15:00:00,0.0,0.0
2056-05-23 16:00:00,0.0,0.0
2056-05-23 17:00:00,0.0,0.0
2056-05-23 18:00:00,0.0,0.0
2056-05-23 19:00:00,0.0,0.0
2056-05-23 20:00:00,0.0,0.0
2056-05-23 21:00:00,0.0,0.0
2056-05-23 22:00:00,0.0,0.0
2056-05-23 23:00:00,0.0,0.0
2056-05-24 00:00:00,0.0,0.0
2056-05-24 01:00:00,0.0,0.0
2056-05-24 02:00:00,0.0,26.46332624643806
2056-05-24 03:00:00,0.0,95.35198504668952
2056-05-24 04:00:00,0.0,167.18101342987856
2056-05-24 05:00:00,0.0,223.04803550569224
2056-05-24 06:00:00,0.0,265.4733680595056
2056-05-24 07:00:00,0.0,285.2158495449436
2056-05-24 08:00:00,0.0,287.31611353275616
2056-05-24 09:00:00,0.0,272.1942128205058
2056-05-24 10:00:00,0.0,238.1699362179426
2056-05-24 11:00:00,0.0,185.66333652262895
2056-05-24 12:00:00,0.0,117.19473051994
2056-05-24 13:00:00,0.0,44.945649339188456
2056-05-24 14:00:00,0.0,0.8401055951250179
2056-05-24 15:00:00,0.0,0.0
2056-05-24 16:00:00,0.0,0.0
2056-05-24 17:00:00,0.0,0.0
2056-05-24 18:00:00,0.0,0.0
2056-05-24 19:00:00,0.0,0.0
2056-05-24 20:00:00,0.0,0.0
2056-05-24 21:00:00,0.0,0.0
2056-05-24 22:00:00,0.0,0.0
2056-05-24 23:00:00,0.0,0.0
2056-05-25 00:00:00,0.0,0.0
2056-05-25 01:00:00,0.0,0.0
2056-05-25 02:00:00,0.0,26.883379044000574
2056-05-25 03:00:00,0.0,95.77203784425204
2056-05-25 04:00:00,0.0,164.6606966445035
2056-05-25 05:00:00,0.0,220.52771872031718
2056-05-25 06:00:00,0.0,263.7931568692556
2056-05-25 07:00:00,0.0,286.0559551400686
2056-05-25 08:00:00,0.0,289.83643031813114
2056-05-25 09:00:00,0.0,272.6142656180683
2056-05-25 10:00:00,0.0,237.32983062281755
2056-05-25 11:00:00,0.0,183.9831253323789
2056-05-25 12:00:00,0.0,117.19473051994
2056-05-25 13:00:00,0.0,46.20580773187598
2056-05-25 14:00:00,0.0,0.8401055951250179
2056-05-25 15:00:00,0.0,0.0
2056-05-25 16:00:00,0.0,0.0
2056-05-25 17:00:00,0.0,0.0
2056-05-25 18:00:00,0.0,0.0
2056-05-25 19:00:00,0.0,0.0
2056-05-25 20:00:00,0.0,0.0
2056-05-25 21:00:00,0.0,0.0
2056-05-25 22:00:00,0.0,0.0
2056-05-25 23:00:00,0.0,0.0
2056-05-26 00:00:00,0.0,0.0
2056-05-26 01:00:00,0.0,0.0
2056-05-26 02:00:00,0.0,26.043273448875553
2056-05-26 03:00:00,0.0,91.15145707106444
2056-05-26 04:00:00,0.0,160.04011587131592
2056-05-26 05:00:00,0.0,219.26756032762967
2056-05-26 06:00:00,0.0,264.21320966681816
2056-05-26 07:00:00,0.0,288.9963247230061
2056-05-26 08:00:00,0.0,294.45701109131875
2056-05-26 09:00:00,0.0,280.59526877175597
2056-05-26 10:00:00,0.0,246.99104496675525
2056-05-26 11:00:00,0.0,193.64433967631663
2056-05-26 12:00:00,0.0,123.49552248337763
2056-05-26 13:00:00,0.0,47.465966124563515
2056-05-26 14:00:00,0.0,0.8401055951250179
2056-05-26 15:00:00,0.0,0.0
2056-05-26 16:00:00,0.0,0.0
2056-05-26 17:00:00,0.0,0.0
2056-05-26 18:00:00,0.0,0.0
2056-05-26 19:00:00,0.0,0.0
2056-05-26 20:00:00,0.0,0.0
2056-05-26 21:00:00,0.0,0.0
2056-05-26 22:00:00,0.0,0.0
2056-05-26 23:00:00,0.0,0.0
2056-05-27 00:00:00,0.0,0.0
2056-05-27 01:00:00,0.0,0.0
2056-05-27 02:00:00,0.0,25.623220651313044
2056-05-27 03:00:00,0.0,91.99156266618945
2056-05-27 04:00:00,0.0,166.34090783475352
2056-05-27 05:00:00,0.0,229.3488274691299
2056-05-27 06:00:00,0.0,270.93405442781824
2056-05-27 07:00:00,0.0,291.5166415083812
2056-05-27 08:00:00,0.0,293.19685269863123
2056-05-27 09:00:00,0.0,277.65489918881843
2056-05-27 10:00:00,0.0,244.89078097894273
2056-05-27 11:00:00,0.0,190.70397009337904
2056-05-27 12:00:00,0.0,114.25436093700243
2056-05-27 13:00:00,0.0,41.58522695868838
2056-05-27 14:00:00,0.0,0.8401055951250179
2056-05-27 15:00:00,0.0,0.0
2056-05-27 16:00:00,0.0,0.0
2056-05-27 17:00:00,0.0,0.0
2056-05-27 18:00:00,0.0,0.0
2056-05-27 19:00:00,0.0,0.0
2056-05-27 20:00:00,0.0,0.0
2056-05-27 21:00:00,0.0,0.0
2056-05-27 22:00:00,0.0,0.0
2056-05-27 23:00:00,0.0,0.0
2056-05-28 00:00:00,0.0,0.0
2056-05-28 01:00:00,0.0,0.0
2056-05-28 02:00:00,0.0,26.043273448875553
2056-05-28 03:00:00,0.0,91.15145707106444
2056-05-28 04:00:00,0.0,153.31927111031575
2056-05-28 05:00:00,0.0,210.8665043763795
2056-05-28 06:00:00,0.0,246.57099216919278
2056-05-28 07:00:00,0.0,273.03431841563076
2056-05-28 08:00:00,0.0,278.4950047839434
2056-05-28 09:00:00,0.0,265.4733680595056
2056-05-28 10:00:00,0.0,233.1293026471925
2056-05-28 11:00:00,0.0,182.30291414212888
2056-05-28 12:00:00,0.0,115.93457212725248
2056-05-28 13:00:00,0.0,45.78575493431347
2056-05-28 14:00:00,0.0,1.2601583926875268
2056-05-28 15:00:00,0.0,0.0
2056-05-28 16:00:00,0.0,0.0
2056-05-28 17:00:00,0.0,0.0
2056-05-28 18:00:00,0.0,0.0
2056-05-28 19:00:00,0.0,0.0
2056-05-28 20:00:00,0.0,0.0
2056-05-28 21:00:00,0.0,0.0
2056-05-28 22:00:00,0.0,0.0
2056-05-28 23:00:00,0.0,0.0
2056-05-29 00:00:00,0.0,0.0
2056-05-29 01:00:00,0.0,0.0
2056-05-29 02:00:00,0.0,27.723484639125587
2056-05-29 03:00:00,0.0,92.83166826131448
2056-05-29 04:00:00,0.0,162.56043265669098
2056-05-29 05:00:00,0.0,219.26756032762967
2056-05-29 06:00:00,0.0,259.17257609606804
2056-05-29 07:00:00,0.0,280.17521597419346
2056-05-29 08:00:00,0.0,283.53563835469356
2056-05-29 09:00:00,0.0,268.8337904400057
2056-05-29 10:00:00,0.0,235.64961943256753
2056-05-29 11:00:00,0.0,184.40317812994144
2056-05-29 12:00:00,0.0,117.19473051994
2056-05-29 13:00:00,0.0,45.36570213675097
2056-05-29 14:00:00,0.0,0.8401055951250179
2056-05-29 15:00:00,0.0,0.0
2056-05-29 16:00:00,0.0,0.0
2056-05-29 17:00:00,0.0,0.0
2056-05-29 18:00:00,0.0,0.0
2056-05-29 19:00:00,0.0,0.0
2056-05-29 20:00:00,0.0,0.0
2056-05-29 21:00:00,0.0,0.0
2056-05-29 22:00:00,0.0,0.0
2056-05-29 23:00:00,0.0,0.0
2056-05-30 00:00:00,0.0,0.0
2056-05-30 01:00:00,0.0,0.0
2056-05-30 02:00:00,0.0,25.203167853750536
2056-05-30 03:00:00,0.0,82.33034832225175
2056-05-30 04:00:00,0.0,133.99684242244035
2056-05-30 05:00:00,0.0,180.62270295187886
2056-05-30 06:00:00,0.0,222.62798270812974
2056-05-30 07:00:00,0.0,243.21056978869265
2056-05-30 08:00:00,0.0,240.6902530033176
2056-05-30 09:00:00,0.0,212.126662769067
2056-05-30 10:00:00,0.0,172.64169979819115
2056-05-30 11:00:00,0.0,126.85594486387771
2056-05-30 12:00:00,0.0,76.44960915637662
2056-05-30 13:00:00,0.0,30.243801424500642
2056-05-30 14:00:00,0.0,0.0
2056-05-30 15:00:00,0.0,0.0
2056-05-30 16:00:00,0.0,0.0
2056-05-30 17:00:00,0.0,0.0
2056-05-30 18:00:00,0.0,0.0
2056-05-30 19:00:00,0.0,0.0
2056-05-30 20:00:00,0.0,0.0
2056-05-30 21:00:00,0.0,0.0
2056-05-30 22:00:00,0.0,0.0
2056-05-30 23:00:00,0.0,0.0
2056-05-31 00:00:00,0.0,0.0
2056-05-31 01:00:00,0.0,0.0
2056-05-31 02:00:00,0.0,23.5229566635005
2056-05-31 03:00:00,0.0,79.81003153687669
2056-05-31 04:00:00,0.0,135.2570008151279
2056-05-31 05:00:00,0.0,183.56307253481643
2056-05-31 06:00:00,0.0,220.52771872031718
2056-05-31 07:00:00,0.0,233.1293026471925
2056-05-31 08:00:00,0.0,222.2079299105672
2056-05-31 09:00:00,0.0,201.62534283000429
2056-05-31 10:00:00,0.0,173.0617525957537
2056-05-31 11:00:00,0.0,139.45752879075297
2056-05-31 12:00:00,0.0,97.45224903450207
2056-05-31 13:00:00,0.0,42.00527975625089
2056-05-31 14:00:00,0.0,1.2601583926875268
2056-05-31 15:00:00,0.0,0.0
2056-05-31 16:00:00,0.0,0.0
2056-05-31 17:00:00,0.0,0.0
2056-05-31 18:00:00,0.0,0.0
2056-05-31 19:00:00,0.0,0.0
2056-05-31 20:00:00,0.0,0.0
2056-05-31 21:00:00,0.0,0.0
2056-05-31 22:00:00,0.0,0.0
2056-05-31 23:00:00,0.0,0.0
2056-06-01 00:00:00,0.0,0.0
2056-06-01 01:00:00,0.0,0.0
2056-06-01 02:00:00,0.0,17.22216470006287
2056-06-01 03:00:00,0.0,59.64749725387627
2056-06-01 04:00:00,0.0,107.9535689735648
2056-06-01 05:00:00,0.0,158.3599046810659
2056-06-01 06:00:00,0.0,204.14565961537934
2056-06-01 07:00:00,0.0,227.66861627887988
2056-06-01 08:00:00,0.0,226.82851068375484
2056-06-01 09:00:00,0.0,213.38682116175454
2056-06-01 10:00:00,0.0,180.62270295187886
2056-06-01 11:00:00,0.0,135.2570008151279
2056-06-01 12:00:00,0.0,88.21108748812688
2056-06-01 13:00:00,0.0,39.48496297087584
2056-06-01 14:00:00,0.0,1.2601583926875268
2056-06-01 15:00:00,0.0,0.0
2056-06-01 16:00:00,0.0,0.0
2056-06-01 17:00:00,0.0,0.0
2056-06-01 18:00:00,0.0,0.0
2056-06-01 19:00:00,0.0,0.0
2056-06-01 20:00:00,0.0,0.0
2056-06-01 21:00:00,0.0,0.0
2056-06-01 22:00:00,0.0,0.0
2056-06-01 23:00:00,0.0,0.0
2056-06-02 00:00:00,0.0,0.0
2056-06-02 01:00:00,0.0,0.0
2056-06-02 02:00:00,0.0,23.5229566635005
2056-06-02 03:00:00,0.0,83.59050671493928
2056-06-02 04:00:00,0.0,154.99948230056577
2056-06-02 05:00:00,0.0,214.22692675687958
2056-06-02 06:00:00,0.0,257.91241770338047
2056-06-02 07:00:00,0.0,278.91505758150595
2056-06-02 08:00:00,0.0,280.59526877175597
2056-06-02 09:00:00,0.0,265.4733680595056
2056-06-02 10:00:00,0.0,231.02903865937995
2056-06-02 11:00:00,0.0,179.3625445591913
2056-06-02 12:00:00,0.0,112.9942025443149
2056-06-02 13:00:00,0.0,44.945649339188456
2056-06-02 14:00:00,0.0,1.2601583926875268
2056-06-02 15:00:00,0.0,0.0
2056-06-02 16:00:00,0.0,0.0
2056-06-02 17:00:00,0.0,0.0
2056-06-02 18:00:00,0.0,0.0
2056-06-02 19:00:00,0.0,0.0
2056-06-02 20:00:00,0.0,0.0
2056-06-02 21:00:00,0.0,0.0
2056-06-02 22:00:00,0.0,0.0
2056-06-02 23:00:00,0.0,0.0
2056-06-03 00:00:00,0.0,0.0
2056-06-03 01:00:00,0.0,0.0
2056-06-03 02:00:00,0.0,24.783115056188027
2056-06-03 03:00:00,0.0,86.95092909543935
2056-06-03 04:00:00,0.0,155.4195350981283
2056-06-03 05:00:00,0.0,212.96676836419203
2056-06-03 06:00:00,0.0,256.652259310693
2056-06-03 07:00:00,0.0,280.59526877175597
2056-06-03 08:00:00,0.0,285.2158495449436
2056-06-03 09:00:00,0.0,271.3541072253808
2056-06-03 10:00:00,0.0,237.7498834203801
2056-06-03 11:00:00,0.0,185.24328372506645
2056-06-03 12:00:00,0.0,118.034836115065
2056-06-03 13:00:00,0.0,46.62586052943849
2056-06-03 14:00:00,0.0,1.2601583926875268
2056-06-03 15:00:00,0.0,0.0
2056-06-03 16:00:00,0.0,0.0
2056-06-03 17:00:00,0.0,0.0
2056-06-03 18:00:00,0.0,0.0
2056-06-03 19:00:00,0.0,0.0
2056-06-03 20:00:00,0.0,0.0
2056-06-03 21:00:00,0.0,0.0
2056-06-03 22:00:00,0.0,0.0
2056-06-03 23:00:00,0.0,0.0
2056-06-04 00:00:00,0.0,0.0
2056-06-04 01:00:00,0.0,0.0
2056-06-04 02:00:00,0.0,27.303431841563082
2056-06-04 03:00:00,0.0,88.63114028568937
2056-06-04 04:00:00,0.0,149.53879593225318
2056-06-04 05:00:00,0.0,205.40581800806686
2056-06-04 06:00:00,0.0,249.09130895456778
2056-06-04 07:00:00,0.0,272.1942128205058
2056-06-04 08:00:00,0.0,272.6142656180683
2056-06-04 09:00:00,0.0,254.9720481204429
2056-06-04 10:00:00,0.0,210.02639878125447
2056-06-04 11:00:00,0.0,154.99948230056577
2056-06-04 12:00:00,0.0,99.13246022475211
2056-06-04 13:00:00,0.0,45.36570213675097
2056-06-04 14:00:00,0.0,1.6802111902500358
2056-06-04 15:00:00,0.0,0.0
2056-06-04 16:00:00,0.0,0.0
2056-06-04 17:00:00,0.0,0.0
2056-06-04 18:00:00,0.0,0.0
2056-06-04 19:00:00,0.0,0.0
2056-06-04 20:00:00,0.0,0.0
2056-06-04 21:00:00,0.0,0.0
2056-06-04 22:00:00,0.0,0.0
2056-06-04 23:00:00,0.0,0.0
2056-06-05 00:00:00,0.0,0.0
2056-06-05 01:00:00,0.0,0.0
2056-06-05 02:00:00,0.0,25.623220651313044
2056-06-05 03:00:00,0.0,79.38997873931417
2056-06-05 04:00:00,0.0,133.57678962487785
2056-06-05 05:00:00,0.0,182.7229669396914
2056-06-05 06:00:00,0.0,223.46808830325477
2056-06-05 07:00:00,0.0,246.99104496675525
2056-06-05 08:00:00,0.0,254.1319425253179
2056-06-05 09:00:00,0.0,244.0506753838177
2056-06-05 10:00:00,0.0,215.9071379471296
2056-06-05 11:00:00,0.0,171.80159420306614
2056-06-05 12:00:00,0.0,111.31399135406487
2056-06-05 13:00:00,0.0,46.20580773187598
2056-06-05 14:00:00,0.0,1.6802111902500358
2056-06-05 15:00:00,0.0,0.0
2056-06-05 16:00:00,0.0,0.0
2056-06-05 17:00:00,0.0,0.0
2056-06-05 18:00:00,0.0,0.0
2056-06-05 19:00:00,0.0,0.0
2056-06-05 20:00:00,0.0,0.0
2056-06-05 21:00:00,0.0,0.0
2056-06-05 22:00:00,0.0,0.0
2056-06-05 23:00:00,0.0,0.0
2056-06-06 00:00:00,0.0,0.0
2056-06-06 01:00:00,0.0,0.0
2056-06-06 02:00:00,0.0,24.363062258625522
2056-06-06 03:00:00,0.0,73.92929237100157
2056-06-06 04:00:00,0.0,119.71504730531505
2056-06-06 05:00:00,0.0,156.67969349081582
2056-06-06 06:00:00,0.0,187.7636005104415
2056-06-06 07:00:00,0.0,209.18629318612943
2056-06-06 08:00:00,0.0,216.7472435422546
2056-06-06 09:00:00,0.0,204.56571241294185
2056-06-06 10:00:00,0.0,178.94249176162882
2056-06-06 11:00:00,0.0,139.03747599319047
2056-06-06 12:00:00,0.0,86.95092909543935
2056-06-06 13:00:00,0.0,33.604223805000714
2056-06-06 14:00:00,0.0,0.42005279756250896
2056-06-06 15:00:00,0.0,0.0
2056-06-06 16:00:00,0.0,0.0
2056-06-06 17:00:00,0.0,0.0
2056-06-06 18:00:00,0.0,0.0
2056-06-06 19:00:00,0.0,0.0
2056-06-06 20:00:00,0.0,0.0
2056-06-06 21:00:00,0.0,0.0
2056-06-06 22:00:00,0.0,0.0
2056-06-06 23:00:00,0.0,0.0
2056-06-07 00:00:00,0.0,0.0
2056-06-07 01:00:00,0.0,0.0
2056-06-07 02:00:00,0.0,21.002639878125446
2056-06-07 03:00:00,0.0,74.34934516856407
2056-06-07 04:00:00,0.0,139.8775815883155
2056-06-07 05:00:00,0.0,194.48444527144164
2056-06-07 06:00:00,0.0,236.06967223013
2056-06-07 07:00:00,0.0,260.85278728631806
2056-06-07 08:00:00,0.0,266.7335264521932
2056-06-07 09:00:00,0.0,252.45173133506788
2056-06-07 10:00:00,0.0,221.36782431544222
2056-06-07 11:00:00,0.0,172.22164700062868
2056-06-07 12:00:00,0.0,110.89393855650235
2056-06-07 13:00:00,0.0,46.20580773187598
2056-06-07 14:00:00,0.0,1.6802111902500358
2056-06-07 15:00:00,0.0,0.0
2056-06-07 16:00:00,0.0,0.0
2056-06-07 17:00:00,0.0,0.0
2056-06-07 18:00:00,0.0,0.0
2056-06-07 19:00:00,0.0,0.0
2056-06-07 20:00:00,0.0,0.0
2056-06-07 21:00:00,0.0,0.0
2056-06-07 22:00:00,0.0,0.0
2056-06-07 23:00:00,0.0,0.0
2056-06-08 00:00:00,0.0,0.0
2056-06-08 01:00:00,0.0,0.0
2056-06-08 02:00:00,0.0,27.723484639125587
2056-06-08 03:00:00,0.0,92.83166826131448
2056-06-08 04:00:00,0.0,161.30027426400343
2056-06-08 05:00:00,0.0,214.22692675687958
2056-06-08 06:00:00,0.0,251.1915729423803
2056-06-08 07:00:00,0.0,271.3541072253808
2056-06-08 08:00:00,0.0,273.03431841563076
2056-06-08 09:00:00,0.0,257.49236490581796
2056-06-08 10:00:00,0.0,225.14829949350477
2056-06-08 11:00:00,0.0,174.7419637860037
2056-06-08 12:00:00,0.0,110.89393855650235
2056-06-08 13:00:00,0.0,44.945649339188456
2056-06-08 14:00:00,0.0,1.6802111902500358
2056-06-08 15:00:00,0.0,0.0
2056-06-08 16:00:00,0.0,0.0
2056-06-08 17:00:00,0.0,0.0
2056-06-08 18:00:00,0.0,0.0
2056-06-08 19:00:00,0.0,0.0
2056-06-08 20:00:00,0.0,0.0
2056-06-08 21:00:00,0.0,0.0
2056-06-08 22:00:00,0.0,0.0
2056-06-08 23:00:00,0.0,0.0
2056-06-09 00:00:00,0.0,0.0
2056-06-09 01:00:00,0.0,0.0
2056-06-09 02:00:00,0.0,27.303431841563082
2056-06-09 03:00:00,0.0,91.15145707106444
2056-06-09 04:00:00,0.0,153.7393239078783
2056-06-09 05:00:00,0.0,208.34618759100442
2056-06-09 06:00:00,0.0,247.8311505618803
2056-06-09 07:00:00,0.0,265.4733680595056
2056-06-09 08:00:00,0.0,265.4733680595056
2056-06-09 09:00:00,0.0,246.15093937163027
2056-06-09 10:00:00,0.0,211.7066099715045
2056-06-09 11:00:00,0.0,161.72032706156594
2056-06-09 12:00:00,0.0,99.97256581987712
2056-06-09 13:00:00,0.0,40.32506856600086
2056-06-09 14:00:00,0.0,1.2601583926875268
2056-06-09 15:00:00,0.0,0.0
2056-06-09 16:00:00,0.0,0.0
2056-06-09 17:00:00,0.0,0.0
2056-06-09 18:00:00,0.0,0.0
2056-06-09 19:00:00,0.0,0.0
2056-06-09 20:00:00,0.0,0.0
2056-06-09 21:00:00,0.0,0.0
2056-06-09 22:00:00,0.0,0.0
2056-06-09 23:00:00,0.0,0.0
2056-06-10 00:00:00,0.0,0.0
2056-06-10 01:00:00,0.0,0.0
2056-06-10 02:00:00,0.0,24.363062258625522
2056-06-10 03:00:00,0.0,80.65013713200172
2056-06-10 04:00:00,0.0,136.93721200537792
2056-06-10 05:00:00,0.0,194.48444527144164
2056-06-10 06:00:00,0.0,240.27020020575512
2056-06-10 07:00:00,0.0,259.5926288936305
2056-06-10 08:00:00,0.0,263.7931568692556
2056-06-10 09:00:00,0.0,250.35146734725532
2056-06-10 10:00:00,0.0,212.54671556662953
2056-06-10 11:00:00,0.0,163.40053825181596
2056-06-10 12:00:00,0.0,101.65277701012717
2056-06-10 13:00:00,0.0,42.42533255381341
2056-06-10 14:00:00,0.0,1.2601583926875268
2056-06-10 15:00:00,0.0,0.0
2056-06-10 16:00:00,0.0,0.0
2056-06-10 17:00:00,0.0,0.0
2056-06-10 18:00:00,0.0,0.0
2056-06-10 19:00:00,0.0,0.0
2056-06-10 20:00:00,0.0,0.0
2056-06-10 21:00:00,0.0,0.0
2056-06-10 22:00:00,0.0,0.0
2056-06-10 23:00:00,0.0,0.0
2056-06-11 00:00:00,0.0,0.0
2056-06-11 01:00:00,0.0,0.0
2056-06-11 02:00:00,0.0,23.5229566635005
2056-06-11 03:00:00,0.0,73.08918677587656
2056-06-11 04:00:00,0.0,131.4765256370653
2056-06-11 05:00:00,0.0,189.02375890312902
2056-06-11 06:00:00,0.0,226.82851068375484
2056-06-11 07:00:00,0.0,249.93141454969282
2056-06-11 08:00:00,0.0,254.5519953228804
2056-06-11 09:00:00,0.0,241.11030580088013
2056-06-11 10:00:00,0.0,202.88550122269183
2056-06-11 11:00:00,0.0,147.4385319444406
2056-06-11 12:00:00,0.0,89.47124588081441
2056-06-11 13:00:00,0.0,35.70448779281326
2056-06-11 14:00:00,0.0,0.8401055951250179
2056-06-11 15:00:00,0.0,0.0
2056-06-11 16:00:00,0.0,0.0
2056-06-11 17:00:00,0.0,0.0
2056-06-11 18:00:00,0.0,0.0
2056-06-11 19:00:00,0.0,0.0
2056-06-11 20:00:00,0.0,0.0
2056-06-11 21:00:00,0.0,0.0
2056-06-11 22:00:00,0.0,0.0
2056-06-11 23:00:00,0.0,0.0
2056-06-12 00:00:00,0.0,0.0
2056-06-12 01:00:00,0.0,0.0
2056-06-12 02:00:00,0.0,18.902375890312904
2056-06-12 03:00:00,0.0,72.24908118075153
2056-06-12 04:00:00,0.0,131.4765256370653
2056-06-12 05:00:00,0.0,178.94249176162882
2056-06-12 06:00:00,0.0,207.5060819958794
2056-06-12 07:00:00,0.0,231.44909145694243
2056-06-12 08:00:00,0.0,236.90977782525505
2056-06-12 09:00:00,0.0,228.92877467156737
2056-06-12 10:00:00,0.0,198.26492044950422
2056-06-12 11:00:00,0.0,149.53879593225318
2056-06-12 12:00:00,0.0,94.51187945156451
2056-06-12 13:00:00,0.0,39.06491017331333
2056-06-12 14:00:00,0.0,1.2601583926875268
2056-06-12 15:00:00,0.0,0.0
2056-06-12 16:00:00,0.0,0.0
2056-06-12 17:00:00,0.0,0.0
2056-06-12 18:00:00,0.0,0.0
2056-06-12 19:00:00,0.0,0.0
2056-06-12 20:00:00,0.0,0.0
2056-06-12 21:00:00,0.0,0.0
2056-06-12 22:00:00,0.0,0.0
2056-06-12 23:00:00,0.0,0.0
2056-06-13 00:00:00,0.0,0.0
2056-06-13 01:00:00,0.0,0.0
2056-06-13 02:00:00,0.0,20.16253428300043
2056-06-13 03:00:00,0.0,70.14881719293899
2056-06-13 04:00:00,0.0,123.49552248337763
2056-06-13 05:00:00,0.0,169.70133021525365
2056-06-13 06:00:00,0.0,211.286557173942
2056-06-13 07:00:00,0.0,233.96940824231748
2056-06-13 08:00:00,0.0,227.66861627887988
2056-06-13 09:00:00,0.0,210.8665043763795
2056-06-13 10:00:00,0.0,181.46280854700387
2056-06-13 11:00:00,0.0,140.29763438587798
2056-06-13 12:00:00,0.0,86.53087629787684
2056-06-13 13:00:00,0.0,34.86438219768824
2056-06-13 14:00:00,0.0,0.8401055951250179
2056-06-13 15:00:00,0.0,0.0
2056-06-13 16:00:00,0.0,0.0
2056-06-13 17:00:00,0.0,0.0
2056-06-13 18:00:00,0.0,0.0
2056-06-13 19:00:00,0.0,0.0
2056-06-13 20:00:00,0.0,0.0
2056-06-13 21:00:00,0.0,0.0
2056-06-13 22:00:00,0.0,0.0
2056-06-13 23:00:00,0.0,0.0
2056-06-14 00:00:00,0.0,0.0
2056-06-14 01:00:00,0.0,0.0
2056-06-14 02:00:00,0.0,22.262798270812972
2056-06-14 03:00:00,0.0,73.50923957343907
2056-06-14 04:00:00,0.0,128.95620885169023
2056-06-14 05:00:00,0.0,180.20265015431633
2056-06-14 06:00:00,0.0,211.7066099715045
2056-06-14 07:00:00,0.0,220.94777151787972
2056-06-14 08:00:00,0.0,211.286557173942
2056-06-14 09:00:00,0.0,191.54407568850408
2056-06-14 10:00:00,0.0,167.18101342987856
2056-06-14 11:00:00,0.0,131.0564728395028
2056-06-14 12:00:00,0.0,81.07018992956424
2056-06-14 13:00:00,0.0,32.7641182098757
2056-06-14 14:00:00,0.0,0.42005279756250896
2056-06-14 15:00:00,0.0,0.0
2056-06-14 16:00:00,0.0,0.0
2056-06-14 17:00:00,0.0,0.0
2056-06-14 18:00:00,0.0,0.0
2056-06-14 19:00:00,0.0,0.0
2056-06-14 20:00:00,0.0,0.0
2056-06-14 21:00:00,0.0,0.0
2056-06-14 22:00:00,0.0,0.0
2056-06-14 23:00:00,0.0,0.0
2056-06-15 00:00:00,0.0,0.0
2056-06-15 01:00:00,0.0,0.0
2056-06-15 02:00:00,0.0,14.281795117125304
2056-06-15 03:00:00,0.0,47.88601892212602
2056-06-15 04:00:00,0.0,84.85066510762682
2056-06-15 05:00:00,0.0,121.39525849556506
2056-06-15 06:00:00,0.0,140.29763438587798
2056-06-15 07:00:00,0.0,140.7176871834405
2056-06-15 08:00:00,0.0,119.29499450775253
2056-06-15 09:00:00,0.0,97.45224903450207
2056-06-15 10:00:00,0.0,80.23008433443921
2056-06-15 11:00:00,0.0,56.70712767093871
2056-06-15 12:00:00,0.0,26.043273448875553
2056-06-15 13:00:00,0.0,6.720844761000143
2056-06-15 14:00:00,0.0,0.0
2056-06-15 15:00:00,0.0,0.0
2056-06-15 16:00:00,0.0,0.0
2056-06-15 17:00:00,0.0,0.0
2056-06-15 18:00:00,0.0,0.0
2056-06-15 19:00:00,0.0,0.0
2056-06-15 20:00:00,0.0,0.0
2056-06-15 21:00:00,0.0,0.0
2056-06-15 22:00:00,0.0,0.0
2056-06-15 23:00:00,0.0,0.0
2056-06-16 00:00:00,0.0,0.0
2056-06-16 01:00:00,0.0,0.0
2056-06-16 02:00:00,0.0,18.902375890312904
2056-06-16 03:00:00,0.0,65.5282364197514
2056-06-16 04:00:00,0.0,116.35462492481497
2056-06-16 05:00:00,0.0,162.56043265669098
2056-06-16 06:00:00,0.0,210.02639878125447
2056-06-16 07:00:00,0.0,232.70924984962994
2056-06-16 08:00:00,0.0,239.01004181306757
2056-06-16 09:00:00,0.0,225.9884050886298
2056-06-16 10:00:00,0.0,201.20529003244178
2056-06-16 11:00:00,0.0,155.4195350981283
2056-06-16 12:00:00,0.0,97.45224903450207
2056-06-16 13:00:00,0.0,39.48496297087584
2056-06-16 14:00:00,0.0,1.2601583926875268
2056-06-16 15:00:00,0.0,0.0
2056-06-16 16:00:00,0.0,0.0
2056-06-16 17:00:00,0.0,0.0
2056-06-16 18:00:00,0.0,0.0
2056-06-16 19:00:00,0.0,0.0
2056-06-16 20:00:00,0.0,0.0
2056-06-16 21:00:00,0.0,0.0
2056-06-16 22:00:00,0.0,0.0
2056-06-16 23:00:00,0.0,0.0
2056-06-17 00:00:00,0.0,0.0
2056-06-17 01:00:00,0.0,0.0
2056-06-17 02:00:00,0.0,21.002639878125446
2056-06-17 03:00:00,0.0,76.0295563588141
2056-06-17 04:00:00,0.0,143.65805676637808
2056-06-17 05:00:00,0.0,202.88550122269183
2056-06-17 06:00:00,0.0,246.99104496675525
2056-06-17 07:00:00,0.0,268.4137376424432
2056-06-17 08:00:00,0.0,267.9936848448807
2056-06-17 09:00:00,0.0,257.91241770338047
2056-06-17 10:00:00,0.0,220.52771872031718
2056-06-17 11:00:00,0.0,163.40053825181596
2056-06-17 12:00:00,0.0,102.07282980768967
2056-06-17 13:00:00,0.0,40.32506856600086
2056-06-17 14:00:00,0.0,1.2601583926875268
2056-06-17 15:00:00,0.0,0.0
2056-06-17 16:00:00,0.0,0.0
2056-06-17 17:00:00,0.0,0.0
2056-06-17 18:00:00,0.0,0.0
2056-06-17 19:00:00,0.0,0.0
2056-06-17 20:00:00,0.0,0.0
2056-06-17 21:00:00,0.0,0.0
2056-06-17 22:00:00,0.0,0.0
2056-06-17 23:00:00,0.0,0.0
2056-06-18 00:00:00,0.0,0.0
2056-06-18 01:00:00,0.0,0.0
2056-06-18 02:00:00,0.0,26.46332624643806
2056-06-18 03:00:00,0.0,90.31135147593943
2056-06-18 04:00:00,0.0,158.77995747862835
2056-06-18 05:00:00,0.0,214.22692675687958
2056-06-18 06:00:00,0.0,252.45173133506788
2056-06-18 07:00:00,0.0,270.5140016302558
2056-06-18 08:00:00,0.0,270.93405442781824
2056-06-18 09:00:00,0.0,255.39210091800544
2056-06-18 10:00:00,0.0,222.62798270812974
2056-06-18 11:00:00,0.0,172.64169979819115
2056-06-18 12:00:00,0.0,108.3736217711273
2056-06-18 13:00:00,0.0,43.68549094650093
2056-06-18 14:00:00,0.0,1.6802111902500358
2056-06-18 15:00:00,0.0,0.0
2056-06-18 16:00:00,0.0,0.0
2056-06-18 17:00:00,0.0,0.0
2056-06-18 18:00:00,0.0,0.0
2056-06-18 19:00:00,0.0,0.0
2056-06-18 20:00:00,0.0,0.0
2056-06-18 21:00:00,0.0,0.0
2056-06-18 22:00:00,0.0,0.0
2056-06-18 23:00:00,0.0,0.0
2056-06-19 00:00:00,0.0,0.0
2056-06-19 01:00:00,0.0,0.0
2056-06-19 02:00:00,0.0,27.723484639125587
2056-06-19 03:00:00,0.0,98.29235462962708
2056-06-19 04:00:00,0.0,171.38154140550364
2056-06-19 05:00:00,0.0,228.92877467156737
2056-06-19 06:00:00,0.0,266.7335264521932
2056-06-19 07:00:00,0.0,285.6359023425061
2056-06-19 08:00:00,0.0,287.31611353275616
2056-06-19 09:00:00,0.0,270.5140016302558
2056-06-19 10:00:00,0.0,234.38946103988
2056-06-19 11:00:00,0.0,178.10238616650378
2056-06-19 12:00:00,0.0,107.9535689735648
2056-06-19 13:00:00,0.0,40.32506856600086
2056-06-19 14:00:00,0.0,0.8401055951250179
2056-06-19 15:00:00,0.0,0.0
2056-06-19 16:00:00,0.0,0.0
2056-06-19 17:00:00,0.0,0.0
2056-06-19 18:00:00,0.0,0.0
2056-06-19 19:00:00,0.0,0.0
2056-06-19 20:00:00,0.0,0.0
2056-06-19 21:00:00,0.0,0.0
2056-06-19 22:00:00,0.0,0.0
2056-06-19 23:00:00,0.0,0.0
2056-06-20 00:00:00,0.0,0.0
2056-06-20 01:00:00,0.0,0.0
2056-06-20 02:00:00,0.0,21.002639878125446
2056-06-20 03:00:00,0.0,76.44960915637662
2056-06-20 04:00:00,0.0,141.137739981003
2056-06-20 05:00:00,0.0,196.58470925925417
2056-06-20 06:00:00,0.0,256.23220651313045
2056-06-20 07:00:00,0.0,275.5546352010059
2056-06-20 08:00:00,0.0,276.8147935936934
2056-06-20 09:00:00,0.0,259.5926288936305
2056-06-20 10:00:00,0.0,224.72824669594226
2056-06-20 11:00:00,0.0,172.64169979819115
2056-06-20 12:00:00,0.0,108.79367456868981
2056-06-20 13:00:00,0.0,43.68549094650093
2056-06-20 14:00:00,0.0,1.6802111902500358
2056-06-20 15:00:00,0.0,0.0
2056-06-20 16:00:00,0.0,0.0
2056-06-20 17:00:00,0.0,0.0
2056-06-20 18:00:00,0.0,0.0
2056-06-20 19:00:00,0.0,0.0
2056-06-20 20:00:00,0.0,0.0
2056-06-20 21:00:00,0.0,0.0
2056-06-20 22:00:00,0.0,0.0
2056-06-20 23:00:00,0.0,0.0
2056-06-21 00:00:00,0.0,0.0
2056-06-21 01:00:00,0.0,0.0
2056-06-21 02:00:00,0.0,26.883379044000574
2056-06-21 03:00:00,0.0,93.6717738564395
2056-06-21 04:00:00,0.0,164.6606966445035
2056-06-21 05:00:00,0.0,222.2079299105672
2056-06-21 06:00:00,0.0,260.43273448875556
2056-06-21 07:00:00,0.0,279.755163176631
2056-06-21 08:00:00,0.0,281.01532156931853
2056-06-21 09:00:00,0.0,265.8934208570682
2056-06-21 10:00:00,0.0,231.86914425450496
2056-06-21 11:00:00,0.0,180.20265015431633
2056-06-21 12:00:00,0.0,113.83430813943994
2056-06-21 13:00:00,0.0,45.78575493431347
2056-06-21 14:00:00,0.0,1.6802111902500358
2056-06-21 15:00:00,0.0,0.0
2056-06-21 16:00:00,0.0,0.0
2056-06-21 17:00:00,0.0,0.0
2056-06-21 18:00:00,0.0,0.0
2056-06-21 19:00:00,0.0,0.0
2056-06-21 20:00:00,0.0,0.0
2056-06-21 21:00:00,0.0,0.0
2056-06-21 22:00:00,0.0,0.0
2056-06-21 23:00:00,0.0,0.0
2056-06-22 00:00:00,0.0,0.0
2056-06-22 01:00:00,0.0,0.0
2056-06-22 02:00:00,0.0,26.883379044000574
2056-06-22 03:00:00,0.0,91.99156266618945
2056-06-22 04:00:00,0.0,160.46016866887842
2056-06-22 05:00:00,0.0,215.9071379471296
2056-06-22 06:00:00,0.0,256.652259310693
2056-06-22 07:00:00,0.0,274.71452960588084
2056-06-22 08:00:00,0.0,273.4543712131933
2056-06-22 09:00:00,0.0,253.71188972775542
2056-06-22 10:00:00,0.0,218.42745473250466
2056-06-22 11:00:00,0.0,167.18101342987856
2056-06-22 12:00:00,0.0,106.27335778331476
2056-06-22 13:00:00,0.0,44.10554374406344
2056-06-22 14:00:00,0.0,1.6802111902500358
2056-06-22 15:00:00,0.0,0.0
2056-06-22 16:00:00,0.0,0.0
2056-06-22 17:00:00,0.0,0.0
2056-06-22 18:00:00,0.0,0.0
2056-06-22 19:00:00,0.0,0.0
2056-06-22 20:00:00,0.0,0.0
2056-06-22 21:00:00,0.0,0.0
2056-06-22 22:00:00,0.0,0.0
2056-06-22 23:00:00,0.0,0.0
2056-06-23 00:00:00,0.0,0.0
2056-06-23 01:00:00,0.0,0.0
2056-06-23 02:00:00,0.0,26.883379044000574
2056-06-23 03:00:00,0.0,90.31135147593943
2056-06-23 04:00:00,0.0,157.93985188350337
2056-06-23 05:00:00,0.0,213.38682116175454
2056-06-23 06:00:00,0.0,248.6712561570053
2056-06-23 07:00:00,0.0,262.9530512741306
2056-06-23 08:00:00,0.0,257.49236490581796
2056-06-23 09:00:00,0.0,222.2079299105672
2056-06-23 10:00:00,0.0,181.04275574944137
2056-06-23 11:00:00,0.0,127.2759976614402
2056-06-23 12:00:00,0.0,68.88865880025148
2056-06-23 13:00:00,0.0,23.94300946106301
2056-06-23 14:00:00,0.0,0.0
2056-06-23 15:00:00,0.0,0.0
2056-06-23 16:00:00,0.0,0.0
2056-06-23 17:00:00,0.0,0.0
2056-06-23 18:00:00,0.0,0.0
2056-06-23 19:00:00,0.0,0.0
2056-06-23 20:00:00,0.0,0.0
2056-06-23 21:00:00,0.0,0.0
2056-06-23 22:00:00,0.0,0.0
2056-06-23 23:00:00,0.0,0.0
2056-06-24 00:00:00,0.0,0.0
2056-06-24 01:00:00,0.0,0.0
2056-06-24 02:00:00,0.0,25.623220651313044
2056-06-24 03:00:00,0.0,88.21108748812688
2056-06-24 04:00:00,0.0,157.93985188350337
2056-06-24 05:00:00,0.0,215.48708514956706
2056-06-24 06:00:00,0.0,256.652259310693
2056-06-24 07:00:00,0.0,278.4950047839434
2056-06-24 08:00:00,0.0,281.01532156931853
2056-06-24 09:00:00,0.0,265.8934208570682
2056-06-24 10:00:00,0.0,231.86914425450496
2056-06-24 11:00:00,0.0,180.20265015431633
2056-06-24 12:00:00,0.0,114.25436093700243
2056-06-24 13:00:00,0.0,46.20580773187598
2056-06-24 14:00:00,0.0,1.6802111902500358
2056-06-24 15:00:00,0.0,0.0
2056-06-24 16:00:00,0.0,0.0
2056-06-24 17:00:00,0.0,0.0
2056-06-24 18:00:00,0.0,0.0
2056-06-24 19:00:00,0.0,0.0
2056-06-24 20:00:00,0.0,0.0
2056-06-24 21:00:00,0.0,0.0
2056-06-24 22:00:00,0.0,0.0
2056-06-24 23:00:00,0.0,0.0
2056-06-25 00:00:00,0.0,0.0
2056-06-25 01:00:00,0.0,0.0
2056-06-25 02:00:00,0.0,26.46332624643806
2056-06-25 03:00:00,0.0,93.6717738564395
2056-06-25 04:00:00,0.0,165.08074944206604
2056-06-25 05:00:00,0.0,222.62798270812974
2056-06-25 06:00:00,0.0,262.5329984765681
2056-06-25 07:00:00,0.0,282.69553275956855
2056-06-25 08:00:00,0.0,284.3757439498185
2056-06-25 09:00:00,0.0,266.7335264521932
2056-06-25 10:00:00,0.0,230.18893306425488
2056-06-25 11:00:00,0.0,176.8422277738163
2056-06-25 12:00:00,0.0,110.89393855650235
2056-06-25 13:00:00,0.0,43.68549094650093
2056-06-25 14:00:00,0.0,1.2601583926875268
2056-06-25 15:00:00,0.0,0.0
2056-06-25 16:00:00,0.0,0.0
2056-06-25 17:00:00,0.0,0.0
2056-06-25 18:00:00,0.0,0.0
2056-06-25 19:00:00,0.0,0.0
2056-06-25 20:00:00,0.0,0.0
2056-06-25 21:00:00,0.0,0.0
2056-06-25 22:00:00,0.0,0.0
2056-06-25 23:00:00,0.0,0.0
2056-06-26 00:00:00,0.0,0.0
2056-06-26 01:00:00,0.0,0.0
2056-06-26 02:00:00,0.0,25.623220651313044
2056-06-26 03:00:00,0.0,91.99156266618945
2056-06-26 04:00:00,0.0,162.56043265669098
2056-06-26 05:00:00,0.0,219.68761312519217
2056-06-26 06:00:00,0.0,259.17257609606804
2056-06-26 07:00:00,0.0,273.87442401075583
2056-06-26 08:00:00,0.0,262.5329984765681
2056-06-26 09:00:00,0.0,230.18893306425488
2056-06-26 10:00:00,0.0,199.94513163975424
2056-06-26 11:00:00,0.0,165.92085503719105
2056-06-26 12:00:00,0.0,112.15409694918988
2056-06-26 13:00:00,0.0,46.62586052943849
2056-06-26 14:00:00,0.0,1.6802111902500358
2056-06-26 15:00:00,0.0,0.0
2056-06-26 16:00:00,0.0,0.0
2056-06-26 17:00:00,0.0,0.0
2056-06-26 18:00:00,0.0,0.0
2056-06-26 19:00:00,0.0,0.0
2056-06-26 20:00:00,0.0,0.0
2056-06-26 21:00:00,0.0,0.0
2056-06-26 22:00:00,0.0,0.0
2056-06-26 23:00:00,0.0,0.0
2056-06-27 00:00:00,0.0,0.0
2056-06-27 01:00:00,0.0,0.0
2056-06-27 02:00:00,0.0,26.043273448875553
2056-06-27 03:00:00,0.0,92.41161546375196
2056-06-27 04:00:00,0.0,162.98048545425348
2056-06-27 05:00:00,0.0,220.52771872031718
2056-06-27 06:00:00,0.0,260.012681691193
2056-06-27 07:00:00,0.0,279.755163176631
2056-06-27 08:00:00,0.0,281.435374366881
2056-06-27 09:00:00,0.0,266.7335264521932
2056-06-27 10:00:00,0.0,232.2891970520674
2056-06-27 11:00:00,0.0,179.78259735675383
2056-06-27 12:00:00,0.0,113.83430813943994
2056-06-27 13:00:00,0.0,46.20580773187598
2056-06-27 14:00:00,0.0,1.6802111902500358
2056-06-27 15:00:00,0.0,0.0
2056-06-27 16:00:00,0.0,0.0
2056-06-27 17:00:00,0.0,0.0
2056-06-27 18:00:00,0.0,0.0
2056-06-27 19:00:00,0.0,0.0
2056-06-27 20:00:00,0.0,0.0
2056-06-27 21:00:00,0.0,0.0
2056-06-27 22:00:00,0.0,0.0
2056-06-27 23:00:00,0.0,0.0
2056-06-28 00:00:00,0.0,0.0
2056-06-28 01:00:00,0.0,0.0
2056-06-28 02:00:00,0.0,26.883379044000574
2056-06-28 03:00:00,0.0,91.99156266618945
2056-06-28 04:00:00,0.0,160.46016866887842
2056-06-28 05:00:00,0.0,216.3271907446921
2056-06-28 06:00:00,0.0,259.5926288936305
2056-06-28 07:00:00,0.0,278.4950047839434
2056-06-28 08:00:00,0.0,279.755163176631
2056-06-28 09:00:00,0.0,262.9530512741306
2056-06-28 10:00:00,0.0,227.66861627887988
2056-06-28 11:00:00,0.0,174.3219109884412
2056-06-28 12:00:00,0.0,107.5335161760023
2056-06-28 13:00:00,0.0,41.165174161125876
2056-06-28 14:00:00,0.0,1.2601583926875268
2056-06-28 15:00:00,0.0,0.0
2056-06-28 16:00:00,0.0,0.0
2056-06-28 17:00:00,0.0,0.0
2056-06-28 18:00:00,0.0,0.0
2056-06-28 19:00:00,0.0,0.0
2056-06-28 20:00:00,0.0,0.0
2056-06-28 21:00:00,0.0,0.0
2056-06-28 22:00:00,0.0,0.0
2056-06-28 23:00:00,0.0,0.0
2056-06-29 00:00:00,0.0,0.0
2056-06-29 01:00:00,0.0,0.0
2056-06-29 02:00:00,0.0,26.46332624643806
2056-06-29 03:00:00,0.0,90.73140427350194
2056-06-29 04:00:00,0.0,159.20001027619088
2056-06-29 05:00:00,0.0,215.9071379471296
2056-06-29 06:00:00,0.0,259.5926288936305
2056-06-29 07:00:00,0.0,278.4950047839434
2056-06-29 08:00:00,0.0,279.33511037906845
2056-06-29 09:00:00,0.0,264.21320966681816
2056-06-29 10:00:00,0.0,228.92877467156737
2056-06-29 11:00:00,0.0,175.58206938112872
2056-06-29 12:00:00,0.0,108.79367456868981
2056-06-29 13:00:00,0.0,43.26543814893842
2056-06-29 14:00:00,0.0,1.2601583926875268
2056-06-29 15:00:00,0.0,0.0
2056-06-29 16:00:00,0.0,0.0
2056-06-29 17:00:00,0.0,0.0
2056-06-29 18:00:00,0.0,0.0
2056-06-29 19:00:00,0.0,0.0
2056-06-29 20:00:00,0.0,0.0
2056-06-29 21:00:00,0.0,0.0
2056-06-29 22:00:00,0.0,0.0
2056-06-29 23:00:00,0.0,0.0
2056-06-30 00:00:00,0.0,0.0
2056-06-30 01:00:00,0.0,0.0
2056-06-30 02:00:00,0.0,23.5229566635005
2056-06-30 03:00:00,0.0,86.53087629787684
2056-06-30 04:00:00,0.0,157.93985188350337
2056-06-30 05:00:00,0.0,214.64697955444208
2056-06-30 06:00:00,0.0,253.2918369301929
2056-06-30 07:00:00,0.0,275.9746879985684
2056-06-30 08:00:00,0.0,278.4950047839434
2056-06-30 09:00:00,0.0,261.27284008388057
2056-06-30 10:00:00,0.0,226.40845788619234
2056-06-30 11:00:00,0.0,175.1620165835662
2056-06-30 12:00:00,0.0,110.47388575893986
2056-06-30 13:00:00,0.0,45.36570213675097
2056-06-30 14:00:00,0.0,1.6802111902500358
2056-06-30 15:00:00,0.0,0.0
2056-06-30 16:00:00,0.0,0.0
2056-06-30 17:00:00,0.0,0.0
2056-06-30 18:00:00,0.0,0.0
2056-06-30 19:00:00,0.0,0.0
2056-06-30 20:00:00,0.0,0.0
2056-06-30 21:00:00,0.0,0.0
2056-06-30 22:00:00,0.0,0.0
2056-06-30 23:00:00,0.0,0.0
2056-07-01 00:00:00,0.0,0.0
2056-07-01 01:00:00,0.0,0.0
2056-07-01 02:00:00,0.0,26.883379044000574
2056-07-01 03:00:00,0.0,94.09182665400202
2056-07-01 04:00:00,0.0,165.08074944206604
2056-07-01 05:00:00,0.0,221.7878771130047
2056-07-01 06:00:00,0.0,260.43273448875556
2056-07-01 07:00:00,0.0,278.4950047839434
2056-07-01 08:00:00,0.0,278.07495198638094
2056-07-01 09:00:00,0.0,262.9530512741306
2056-07-01 10:00:00,0.0,228.50872187400486
2056-07-01 11:00:00,0.0,176.00212217869125
2056-07-01 12:00:00,0.0,110.05383296137734
2056-07-01 13:00:00,0.0,42.84538535137591
2056-07-01 14:00:00,0.0,1.2601583926875268
2056-07-01 15:00:00,0.0,0.0
2056-07-01 16:00:00,0.0,0.0
2056-07-01 17:00:00,0.0,0.0
2056-07-01 18:00:00,0.0,0.0
2056-07-01 19:00:00,0.0,0.0
2056-07-01 20:00:00,0.0,0.0
2056-07-01 21:00:00,0.0,0.0
2056-07-01 22:00:00,0.0,0.0
2056-07-01 23:00:00,0.0,0.0
2056-07-02 00:00:00,0.0,0.0
2056-07-02 01:00:00,0.0,0.0
2056-07-02 02:00:00,0.0,25.623220651313044
2056-07-02 03:00:00,0.0,87.79103469056436
2056-07-02 04:00:00,0.0,154.99948230056577
2056-07-02 05:00:00,0.0,204.98576521050435
2056-07-02 06:00:00,0.0,243.63062258625516
2056-07-02 07:00:00,0.0,249.93141454969282
2056-07-02 08:00:00,0.0,257.91241770338047
2056-07-02 09:00:00,0.0,241.95041139600514
2056-07-02 10:00:00,0.0,201.20529003244178
2056-07-02 11:00:00,0.0,147.85858474200313
2056-07-02 12:00:00,0.0,88.63114028568937
2056-07-02 13:00:00,0.0,34.44432940012574
2056-07-02 14:00:00,0.0,0.42005279756250896
2056-07-02 15:00:00,0.0,0.0
2056-07-02 16:00:00,0.0,0.0
2056-07-02 17:00:00,0.0,0.0
2056-07-02 18:00:00,0.0,0.0
2056-07-02 19:00:00,0.0,0.0
2056-07-02 20:00:00,0.0,0.0
2056-07-02 21:00:00,0.0,0.0
2056-07-02 22:00:00,0.0,0.0
2056-07-02 23:00:00,0.0,0.0
2056-07-03 00:00:00,0.0,0.0
2056-07-03 01:00:00,0.0,0.0
2056-07-03 02:00:00,0.0,20.16253428300043
2056-07-03 03:00:00,0.0,73.08918677587656
2056-07-03 04:00:00,0.0,143.23800396881555
2056-07-03 05:00:00,0.0,202.04539562756682
2056-07-03 06:00:00,0.0,242.79051699113012
2056-07-03 07:00:00,0.0,265.4733680595056
2056-07-03 08:00:00,0.0,265.8934208570682
2056-07-03 09:00:00,0.0,257.91241770338047
2056-07-03 10:00:00,0.0,223.46808830325477
2056-07-03 11:00:00,0.0,172.22164700062868
2056-07-03 12:00:00,0.0,108.79367456868981
2056-07-03 13:00:00,0.0,43.68549094650093
2056-07-03 14:00:00,0.0,1.2601583926875268
2056-07-03 15:00:00,0.0,0.0
2056-07-03 16:00:00,0.0,0.0
2056-07-03 17:00:00,0.0,0.0
2056-07-03 18:00:00,0.0,0.0
2056-07-03 19:00:00,0.0,0.0
2056-07-03 20:00:00,0.0,0.0
2056-07-03 21:00:00,0.0,0.0
2056-07-03 22:00:00,0.0,0.0
2056-07-03 23:00:00,0.0,0.0
2056-07-04 00:00:00,0.0,0.0
2056-07-04 01:00:00,0.0,0.0
2056-07-04 02:00:00,0.0,24.783115056188027
2056-07-04 03:00:00,0.0,82.75040111981426
2056-07-04 04:00:00,0.0,133.99684242244035
2056-07-04 05:00:00,0.0,163.8205910493785
2056-07-04 06:00:00,0.0,192.8042340811916
2056-07-04 07:00:00,0.0,244.89078097894273
2056-07-04 08:00:00,0.0,267.5736320473182
2056-07-04 09:00:00,0.0,251.1915729423803
2056-07-04 10:00:00,0.0,220.94777151787972
2056-07-04 11:00:00,0.0,167.18101342987856
2056-07-04 12:00:00,0.0,101.23272421256466
2056-07-04 13:00:00,0.0,38.644857375750824
2056-07-04 14:00:00,0.0,0.8401055951250179
2056-07-04 15:00:00,0.0,0.0
2056-07-04 16:00:00,0.0,0.0
2056-07-04 17:00:00,0.0,0.0
2056-07-04 18:00:00,0.0,0.0
2056-07-04 19:00:00,0.0,0.0
2056-07-04 20:00:00,0.0,0.0
2056-07-04 21:00:00,0.0,0.0
2056-07-04 22:00:00,0.0,0.0
2056-07-04 23:00:00,0.0,0.0
2056-07-05 00:00:00,0.0,0.0
2056-07-05 01:00:00,0.0,0.0
2056-07-05 02:00:00,0.0,22.682851068375484
2056-07-05 03:00:00,0.0,79.81003153687669
2056-07-05 04:00:00,0.0,145.33826795662807
2056-07-05 05:00:00,0.0,201.62534283000429
2056-07-05 06:00:00,0.0,240.6902530033176
2056-07-05 07:00:00,0.0,254.9720481204429
2056-07-05 08:00:00,0.0,252.87178413263038
2056-07-05 09:00:00,0.0,247.41109776431776
2056-07-05 10:00:00,0.0,215.9071379471296
2056-07-05 11:00:00,0.0,165.5008022396285
2056-07-05 12:00:00,0.0,104.59314659306472
2056-07-05 13:00:00,0.0,41.165174161125876
2056-07-05 14:00:00,0.0,0.8401055951250179
2056-07-05 15:00:00,0.0,0.0
2056-07-05 16:00:00,0.0,0.0
2056-07-05 17:00:00,0.0,0.0
2056-07-05 18:00:00,0.0,0.0
2056-07-05 19:00:00,0.0,0.0
2056-07-05 20:00:00,0.0,0.0
2056-07-05 21:00:00,0.0,0.0
2056-07-05 22:00:00,0.0,0.0
2056-07-05 23:00:00,0.0,0.0
2056-07-06 00:00:00,0.0,0.0
2056-07-06 01:00:00,0.0,0.0
2056-07-06 02:00:00,0.0,20.16253428300043
2056-07-06 03:00:00,0.0,75.1894507636891
2056-07-06 04:00:00,0.0,136.51715920781538
2056-07-06 05:00:00,0.0,179.78259735675383
2056-07-06 06:00:00,0.0,215.48708514956706
2056-07-06 07:00:00,0.0,236.48972502769254
2056-07-06 08:00:00,0.0,238.1699362179426
2056-07-06 09:00:00,0.0,229.3488274691299
2056-07-06 10:00:00,0.0,204.98576521050435
2056-07-06 11:00:00,0.0,163.40053825181596
2056-07-06 12:00:00,0.0,105.01319939062724
2056-07-06 13:00:00,0.0,42.00527975625089
2056-07-06 14:00:00,0.0,0.8401055951250179
2056-07-06 15:00:00,0.0,0.0
2056-07-06 16:00:00,0.0,0.0
2056-07-06 17:00:00,0.0,0.0
2056-07-06 18:00:00,0.0,0.0
2056-07-06 19:00:00,0.0,0.0
2056-07-06 20:00:00,0.0,0.0
2056-07-06 21:00:00,0.0,0.0
2056-07-06 22:00:00,0.0,0.0
2056-07-06 23:00:00,0.0,0.0
2056-07-07 00:00:00,0.0,0.0
2056-07-07 01:00:00,0.0,0.0
2056-07-07 02:00:00,0.0,24.783115056188027
2056-07-07 03:00:00,0.0,90.31135147593943
2056-07-07 04:00:00,0.0,161.72032706156594
2056-07-07 05:00:00,0.0,218.84750753006716
2056-07-07 06:00:00,0.0,257.49236490581796
2056-07-07 07:00:00,0.0,275.13458240344335
2056-07-07 08:00:00,0.0,276.39474079613086
2056-07-07 09:00:00,0.0,260.43273448875556
2056-07-07 10:00:00,0.0,218.42745473250466
2056-07-07 11:00:00,0.0,154.5794295030033
2056-07-07 12:00:00,0.0,79.81003153687669
2056-07-07 13:00:00,0.0,28.563590234250608
2056-07-07 14:00:00,0.0,0.0
2056-07-07 15:00:00,0.0,0.0
2056-07-07 16:00:00,0.0,0.0
2056-07-07 17:00:00,0.0,0.0
2056-07-07 18:00:00,0.0,0.0
2056-07-07 19:00:00,0.0,0.0
2056-07-07 20:00:00,0.0,0.0
2056-07-07 21:00:00,0.0,0.0
2056-07-07 22:00:00,0.0,0.0
2056-07-07 23:00:00,0.0,0.0
2056-07-08 00:00:00,0.0,0.0
2056-07-08 01:00:00,0.0,0.0
2056-07-08 02:00:00,0.0,25.623220651313044
2056-07-08 03:00:00,0.0,89.47124588081441
2056-07-08 04:00:00,0.0,158.3599046810659
2056-07-08 05:00:00,0.0,213.38682116175454
2056-07-08 06:00:00,0.0,239.4300946106301
2056-07-08 07:00:00,0.0,225.5683522910673
2056-07-08 08:00:00,0.0,190.70397009337904
2056-07-08 09:00:00,0.0,170.9614886079411
2056-07-08 10:00:00,0.0,161.72032706156594
2056-07-08 11:00:00,0.0,149.11874313469067
2056-07-08 12:00:00,0.0,101.65277701012717
2056-07-08 13:00:00,0.0,39.48496297087584
2056-07-08 14:00:00,0.0,0.0
2056-07-08 15:00:00,0.0,0.0
2056-07-08 16:00:00,0.0,0.0
2056-07-08 17:00:00,0.0,0.0
2056-07-08 18:00:00,0.0,0.0
2056-07-08 19:00:00,0.0,0.0
2056-07-08 20:00:00,0.0,0.0
2056-07-08 21:00:00,0.0,0.0
2056-07-08 22:00:00,0.0,0.0
2056-07-08 23:00:00,0.0,0.0
2056-07-09 00:00:00,0.0,0.0
2056-07-09 01:00:00,0.0,0.0
2056-07-09 02:00:00,0.0,20.582587080562938
2056-07-09 03:00:00,0.0,71.40897558562652
2056-07-09 04:00:00,0.0,128.95620885169023
2056-07-09 05:00:00,0.0,185.66333652262895
2056-07-09 06:00:00,0.0,245.31083377650523
2056-07-09 07:00:00,0.0,271.3541072253808
2056-07-09 08:00:00,0.0,275.13458240344335
2056-07-09 09:00:00,0.0,260.85278728631806
2056-07-09 10:00:00,0.0,225.14829949350477
2056-07-09 11:00:00,0.0,169.70133021525365
2056-07-09 12:00:00,0.0,97.8723018320646
2056-07-09 13:00:00,0.0,38.644857375750824
2056-07-09 14:00:00,0.0,0.42005279756250896
2056-07-09 15:00:00,0.0,0.0
2056-07-09 16:00:00,0.0,0.0
2056-07-09 17:00:00,0.0,0.0
2056-07-09 18:00:00,0.0,0.0
2056-07-09 19:00:00,0.0,0.0
2056-07-09 20:00:00,0.0,0.0
2056-07-09 21:00:00,0.0,0.0
2056-07-09 22:00:00,0.0,0.0
2056-07-09 23:00:00,0.0,0.0
2056-07-10 00:00:00,0.0,0.0
2056-07-10 01:00:00,0.0,0.0
2056-07-10 02:00:00,0.0,23.94300946106301
2056-07-10 03:00:00,0.0,86.95092909543935
2056-07-10 04:00:00,0.0,154.99948230056577
2056-07-10 05:00:00,0.0,211.7066099715045
2056-07-10 06:00:00,0.0,249.93141454969282
2056-07-10 07:00:00,0.0,267.9936848448807
2056-07-10 08:00:00,0.0,267.9936848448807
2056-07-10 09:00:00,0.0,264.63326246438066
2056-07-10 10:00:00,0.0,229.3488274691299
2056-07-10 11:00:00,0.0,176.8422277738163
2056-07-10 12:00:00,0.0,110.47388575893986
2056-07-10 13:00:00,0.0,43.68549094650093
2056-07-10 14:00:00,0.0,0.8401055951250179
2056-07-10 15:00:00,0.0,0.0
2056-07-10 16:00:00,0.0,0.0
2056-07-10 17:00:00,0.0,0.0
2056-07-10 18:00:00,0.0,0.0
2056-07-10 19:00:00,0.0,0.0
2056-07-10 20:00:00,0.0,0.0
2056-07-10 21:00:00,0.0,0.0
2056-07-10 22:00:00,0.0,0.0
2056-07-10 23:00:00,0.0,0.0
2056-07-11 00:00:00,0.0,0.0
2056-07-11 01:00:00,0.0,0.0
2056-07-11 02:00:00,0.0,23.10290386593799
2056-07-11 03:00:00,0.0,82.75040111981426
2056-07-11 04:00:00,0.0,143.65805676637808
2056-07-11 05:00:00,0.0,189.86386449825406
2056-07-11 06:00:00,0.0,229.7688802666924
2056-07-11 07:00:00,0.0,253.71188972775542
2056-07-11 08:00:00,0.0,263.3731040716931
2056-07-11 09:00:00,0.0,254.1319425253179
2056-07-11 10:00:00,0.0,220.52771872031718
2056-07-11 11:00:00,0.0,168.8612246201286
2056-07-11 12:00:00,0.0,104.59314659306472
2056-07-11 13:00:00,0.0,40.745121363563364
2056-07-11 14:00:00,0.0,0.8401055951250179
2056-07-11 15:00:00,0.0,0.0
2056-07-11 16:00:00,0.0,0.0
2056-07-11 17:00:00,0.0,0.0
2056-07-11 18:00:00,0.0,0.0
2056-07-11 19:00:00,0.0,0.0
2056-07-11 20:00:00,0.0,0.0
2056-07-11 21:00:00,0.0,0.0
2056-07-11 22:00:00,0.0,0.0
2056-07-11 23:00:00,0.0,0.0
2056-07-12 00:00:00,0.0,0.0
2056-07-12 01:00:00,0.0,0.0
2056-07-12 02:00:00,0.0,24.363062258625522
2056-07-12 03:00:00,0.0,87.79103469056436
2056-07-12 04:00:00,0.0,155.8395878956908
2056-07-12 05:00:00,0.0,211.7066099715045
2056-07-12 06:00:00,0.0,249.93141454969282
2056-07-12 07:00:00,0.0,269.25384323756816
2056-07-12 08:00:00,0.0,268.8337904400057
2056-07-12 09:00:00,0.0,265.8934208570682
2056-07-12 10:00:00,0.0,231.44909145694243
2056-07-12 11:00:00,0.0,180.20265015431633
2056-07-12 12:00:00,0.0,113.83430813943994
2056-07-12 13:00:00,0.0,45.36570213675097
2056-07-12 14:00:00,0.0,0.8401055951250179
2056-07-12 15:00:00,0.0,0.0
2056-07-12 16:00:00,0.0,0.0
2056-07-12 17:00:00,0.0,0.0
2056-07-12 18:00:00,0.0,0.0
2056-07-12 19:00:00,0.0,0.0
2056-07-12 20:00:00,0.0,0.0
2056-07-12 21:00:00,0.0,0.0
2056-07-12 22:00:00,0.0,0.0
2056-07-12 23:00:00,0.0,0.0
2056-07-13 00:00:00,0.0,0.0
2056-07-13 01:00:00,0.0,0.0
2056-07-13 02:00:00,0.0,23.94300946106301
2056-07-13 03:00:00,0.0,89.47124588081441
2056-07-13 04:00:00,0.0,159.20001027619088
2056-07-13 05:00:00,0.0,216.7472435422546
2056-07-13 06:00:00,0.0,255.81215371556794
2056-07-13 07:00:00,0.0,275.9746879985684
2056-07-13 08:00:00,0.0,277.2348463912559
2056-07-13 09:00:00,0.0,270.09394883269323
2056-07-13 10:00:00,0.0,233.96940824231748
2056-07-13 11:00:00,0.0,179.78259735675383
2056-07-13 12:00:00,0.0,111.73404415162739
2056-07-13 13:00:00,0.0,43.26543814893842
2056-07-13 14:00:00,0.0,0.8401055951250179
2056-07-13 15:00:00,0.0,0.0
2056-07-13 16:00:00,0.0,0.0
2056-07-13 17:00:00,0.0,0.0
2056-07-13 18:00:00,0.0,0.0
2056-07-13 19:00:00,0.0,0.0
2056-07-13 20:00:00,0.0,0.0
2056-07-13 21:00:00,0.0,0.0
2056-07-13 22:00:00,0.0,0.0
2056-07-13 23:00:00,0.0,0.0
2056-07-14 00:00:00,0.0,0.0
2056-07-14 01:00:00,0.0,0.0
2056-07-14 02:00:00,0.0,23.10290386593799
2056-07-14 03:00:00,0.0,83.59050671493928
2056-07-14 04:00:00,0.0,150.3789015273782
2056-07-14 05:00:00,0.0,204.98576521050435
2056-07-14 06:00:00,0.0,250.77152014481786
2056-07-14 07:00:00,0.0,270.93405442781824
2056-07-14 08:00:00,0.0,273.03431841563076
2056-07-14 09:00:00,0.0,258.332470500943
2056-07-14 10:00:00,0.0,223.04803550569224
2056-07-14 11:00:00,0.0,171.38154140550364
2056-07-14 12:00:00,0.0,107.5335161760023
2056-07-14 13:00:00,0.0,42.42533255381341
2056-07-14 14:00:00,0.0,0.8401055951250179
2056-07-14 15:00:00,0.0,0.0
2056-07-14 16:00:00,0.0,0.0
2056-07-14 17:00:00,0.0,0.0
2056-07-14 18:00:00,0.0,0.0
2056-07-14 19:00:00,0.0,0.0
2056-07-14 20:00:00,0.0,0.0
2056-07-14 21:00:00,0.0,0.0
2056-07-14 22:00:00,0.0,0.0
2056-07-14 23:00:00,0.0,0.0
2056-07-15 00:00:00,0.0,0.0
2056-07-15 01:00:00,0.0,0.0
2056-07-15 02:00:00,0.0,23.94300946106301
2056-07-15 03:00:00,0.0,88.21108748812688
2056-07-15 04:00:00,0.0,158.3599046810659
2056-07-15 05:00:00,0.0,216.3271907446921
2056-07-15 06:00:00,0.0,262.1129456790056
2056-07-15 07:00:00,0.0,280.17521597419346
2056-07-15 08:00:00,0.0,280.17521597419346
2056-07-15 09:00:00,0.0,262.9530512741306
2056-07-15 10:00:00,0.0,227.66861627887988
2056-07-15 11:00:00,0.0,175.1620165835662
2056-07-15 12:00:00,0.0,109.63378016381483
2056-07-15 13:00:00,0.0,42.84538535137591
2056-07-15 14:00:00,0.0,0.42005279756250896
2056-07-15 15:00:00,0.0,0.0
2056-07-15 16:00:00,0.0,0.0
2056-07-15 17:00:00,0.0,0.0
2056-07-15 18:00:00,0.0,0.0
2056-07-15 19:00:00,0.0,0.0
2056-07-15 20:00:00,0.0,0.0
2056-07-15 21:00:00,0.0,0.0
2056-07-15 22:00:00,0.0,0.0
2056-07-15 23:00:00,0.0,0.0
2056-07-16 00:00:00,0.0,0.0
2056-07-16 01:00:00,0.0,0.0
2056-07-16 02:00:00,0.0,23.94300946106301
2056-07-16 03:00:00,0.0,89.05119308325189
2056-07-16 04:00:00,0.0,160.04011587131592
2056-07-16 05:00:00,0.0,218.42745473250466
2056-07-16 06:00:00,0.0,265.4733680595056
2056-07-16 07:00:00,0.0,283.11558555713106
2056-07-16 08:00:00,0.0,281.85542716444354
2056-07-16 09:00:00,0.0,262.9530512741306
2056-07-16 10:00:00,0.0,225.5683522910673
2056-07-16 11:00:00,0.0,171.38154140550364
2056-07-16 12:00:00,0.0,105.85330498575225
2056-07-16 13:00:00,0.0,41.58522695868838
2056-07-16 14:00:00,0.0,0.42005279756250896
2056-07-16 15:00:00,0.0,0.0
2056-07-16 16:00:00,0.0,0.0
2056-07-16 17:00:00,0.0,0.0
2056-07-16 18:00:00,0.0,0.0
2056-07-16 19:00:00,0.0,0.0
2056-07-16 20:00:00,0.0,0.0
2056-07-16 21:00:00,0.0,0.0
2056-07-16 22:00:00,0.0,0.0
2056-07-16 23:00:00,0.0,0.0
2056-07-17 00:00:00,0.0,0.0
2056-07-17 01:00:00,0.0,0.0
2056-07-17 02:00:00,0.0,21.422692675687955
2056-07-17 03:00:00,0.0,79.38997873931417
2056-07-17 04:00:00,0.0,141.137739981003
2056-07-17 05:00:00,0.0,196.1646564616917
2056-07-17 06:00:00,0.0,239.4300946106301
2056-07-17 07:00:00,0.0,262.1129456790056
2056-07-17 08:00:00,0.0,265.8934208570682
2056-07-17 09:00:00,0.0,259.5926288936305
2056-07-17 10:00:00,0.0,223.04803550569224
2056-07-17 11:00:00,0.0,168.4411718225661
2056-07-17 12:00:00,0.0,102.9129354028147
2056-07-17 13:00:00,0.0,41.58522695868838
2056-07-17 14:00:00,0.0,0.42005279756250896
2056-07-17 15:00:00,0.0,0.0
2056-07-17 16:00:00,0.0,0.0
2056-07-17 17:00:00,0.0,0.0
2056-07-17 18:00:00,0.0,0.0
2056-07-17 19:00:00,0.0,0.0
2056-07-17 20:00:00,0.0,0.0
2056-07-17 21:00:00,0.0,0.0
2056-07-17 22:00:00,0.0,0.0
2056-07-17 23:00:00,0.0,0.0
2056-07-18 00:00:00,0.0,0.0
2056-07-18 01:00:00,0.0,0.0
2056-07-18 02:00:00,0.0,21.422692675687955
2056-07-18 03:00:00,0.0,80.65013713200172
2056-07-18 04:00:00,0.0,146.59842634931562
2056-07-18 05:00:00,0.0,202.46544842512932
2056-07-18 06:00:00,0.0,254.1319425253179
2056-07-18 07:00:00,0.0,273.87442401075583
2056-07-18 08:00:00,0.0,275.5546352010059
2056-07-18 09:00:00,0.0,259.17257609606804
2056-07-18 10:00:00,0.0,223.88814110081722
2056-07-18 11:00:00,0.0,171.38154140550364
2056-07-18 12:00:00,0.0,106.27335778331476
2056-07-18 13:00:00,0.0,40.745121363563364
2056-07-18 14:00:00,0.0,0.42005279756250896
2056-07-18 15:00:00,0.0,0.0
2056-07-18 16:00:00,0.0,0.0
2056-07-18 17:00:00,0.0,0.0
2056-07-18 18:00:00,0.0,0.0
2056-07-18 19:00:00,0.0,0.0
2056-07-18 20:00:00,0.0,0.0
2056-07-18 21:00:00,0.0,0.0
2056-07-18 22:00:00,0.0,0.0
2056-07-18 23:00:00,0.0,0.0
2056-07-19 00:00:00,0.0,0.0
2056-07-19 01:00:00,0.0,0.0
2056-07-19 02:00:00,0.0,23.94300946106301
2056-07-19 03:00:00,0.0,90.31135147593943
2056-07-19 04:00:00,0.0,161.30027426400343
2056-07-19 05:00:00,0.0,217.58734913737962
2056-07-19 06:00:00,0.0,256.652259310693
2056-07-19 07:00:00,0.0,283.11558555713106
2056-07-19 08:00:00,0.0,288.9963247230061
2056-07-19 09:00:00,0.0,271.3541072253808
2056-07-19 10:00:00,0.0,235.64961943256753
2056-07-19 11:00:00,0.0,181.88286134456635
2056-07-19 12:00:00,0.0,113.83430813943994
2056-07-19 13:00:00,0.0,44.525596541625944
2056-07-19 14:00:00,0.0,0.42005279756250896
2056-07-19 15:00:00,0.0,0.0
2056-07-19 16:00:00,0.0,0.0
2056-07-19 17:00:00,0.0,0.0
2056-07-19 18:00:00,0.0,0.0
2056-07-19 19:00:00,0.0,0.0
2056-07-19 20:00:00,0.0,0.0
2056-07-19 21:00:00,0.0,0.0
2056-07-19 22:00:00,0.0,0.0
2056-07-19 23:00:00,0.0,0.0
2056-07-20 00:00:00,0.0,0.0
2056-07-20 01:00:00,0.0,0.0
2056-07-20 02:00:00,0.0,23.10290386593799
2056-07-20 03:00:00,0.0,88.21108748812688
2056-07-20 04:00:00,0.0,153.7393239078783
2056-07-20 05:00:00,0.0,209.60634598369197
2056-07-20 06:00:00,0.0,239.01004181306757
2056-07-20 07:00:00,0.0,252.03167853750534
2056-07-20 08:00:00,0.0,239.4300946106301
2056-07-20 09:00:00,0.0,225.5683522910673
2056-07-20 10:00:00,0.0,209.60634598369197
2056-07-20 11:00:00,0.0,171.80159420306614
2056-07-20 12:00:00,0.0,110.05383296137734
2056-07-20 13:00:00,0.0,42.84538535137591
2056-07-20 14:00:00,0.0,0.42005279756250896
2056-07-20 15:00:00,0.0,0.0
2056-07-20 16:00:00,0.0,0.0
2056-07-20 17:00:00,0.0,0.0
2056-07-20 18:00:00,0.0,0.0
2056-07-20 19:00:00,0.0,0.0
2056-07-20 20:00:00,0.0,0.0
2056-07-20 21:00:00,0.0,0.0
2056-07-20 22:00:00,0.0,0.0
2056-07-20 23:00:00,0.0,0.0
2056-07-21 00:00:00,0.0,0.0
2056-07-21 01:00:00,0.0,0.0
2056-07-21 02:00:00,0.0,22.262798270812972
2056-07-21 03:00:00,0.0,81.91029552468925
2056-07-21 04:00:00,0.0,154.99948230056577
2056-07-21 05:00:00,0.0,216.7472435422546
2056-07-21 06:00:00,0.0,262.1129456790056
2056-07-21 07:00:00,0.0,284.3757439498185
2056-07-21 08:00:00,0.0,286.0559551400686
2056-07-21 09:00:00,0.0,268.4137376424432
2056-07-21 10:00:00,0.0,233.549355444755
2056-07-21 11:00:00,0.0,179.3625445591913
2056-07-21 12:00:00,0.0,110.47388575893986
2056-07-21 13:00:00,0.0,42.00527975625089
2056-07-21 14:00:00,0.0,0.0
2056-07-21 15:00:00,0.0,0.0
2056-07-21 16:00:00,0.0,0.0
2056-07-21 17:00:00,0.0,0.0
2056-07-21 18:00:00,0.0,0.0
2056-07-21 19:00:00,0.0,0.0
2056-07-21 20:00:00,0.0,0.0
2056-07-21 21:00:00,0.0,0.0
2056-07-21 22:00:00,0.0,0.0
2056-07-21 23:00:00,0.0,0.0
2056-07-22 00:00:00,0.0,0.0
2056-07-22 01:00:00,0.0,0.0
2056-07-22 02:00:00,0.0,18.062270295187883
2056-07-22 03:00:00,0.0,76.86966195393914
2056-07-22 04:00:00,0.0,140.29763438587798
2056-07-22 05:00:00,0.0,206.2459236031919
2056-07-22 06:00:00,0.0,252.87178413263038
2056-07-22 07:00:00,0.0,274.29447680831834
2056-07-22 08:00:00,0.0,282.275479962006
2056-07-22 09:00:00,0.0,271.3541072253808
2056-07-22 10:00:00,0.0,239.01004181306757
2056-07-22 11:00:00,0.0,187.7636005104415
2056-07-22 12:00:00,0.0,119.71504730531505
2056-07-22 13:00:00,0.0,48.306071719688525
2056-07-22 14:00:00,0.0,0.42005279756250896
2056-07-22 15:00:00,0.0,0.0
2056-07-22 16:00:00,0.0,0.0
2056-07-22 17:00:00,0.0,0.0
2056-07-22 18:00:00,0.0,0.0
2056-07-22 19:00:00,0.0,0.0
2056-07-22 20:00:00,0.0,0.0
2056-07-22 21:00:00,0.0,0.0
2056-07-22 22:00:00,0.0,0.0
2056-07-22 23:00:00,0.0,0.0
2056-07-23 00:00:00,0.0,0.0
2056-07-23 01:00:00,0.0,0.0
2056-07-23 02:00:00,0.0,22.262798270812972
2056-07-23 03:00:00,0.0,84.01055951250179
2056-07-23 04:00:00,0.0,154.99948230056577
2056-07-23 05:00:00,0.0,208.34618759100442
2056-07-23 06:00:00,0.0,257.0723121082555
2056-07-23 07:00:00,0.0,275.9746879985684
2056-07-23 08:00:00,0.0,278.07495198638094
2056-07-23 09:00:00,0.0,258.75252329850554
2056-07-23 10:00:00,0.0,220.10766592275468
2056-07-23 11:00:00,0.0,167.6010662274411
2056-07-23 12:00:00,0.0,104.59314659306472
2056-07-23 13:00:00,0.0,38.644857375750824
2056-07-23 14:00:00,0.0,0.0
2056-07-23 15:00:00,0.0,0.0
2056-07-23 16:00:00,0.0,0.0
2056-07-23 17:00:00,0.0,0.0
2056-07-23 18:00:00,0.0,0.0
2056-07-23 19:00:00,0.0,0.0
2056-07-23 20:00:00,0.0,0.0
2056-07-23 21:00:00,0.0,0.0
2056-07-23 22:00:00,0.0,0.0
2056-07-23 23:00:00,0.0,0.0
2056-07-24 00:00:00,0.0,0.0
2056-07-24 01:00:00,0.0,0.0
2056-07-24 02:00:00,0.0,18.902375890312904
2056-07-24 03:00:00,0.0,75.1894507636891
2056-07-24 04:00:00,0.0,141.97784557612803
2056-07-24 05:00:00,0.0,188.18365330800404
2056-07-24 06:00:00,0.0,241.11030580088013
2056-07-24 07:00:00,0.0,274.29447680831834
2056-07-24 08:00:00,0.0,277.65489918881843
2056-07-24 09:00:00,0.0,262.9530512741306
2056-07-24 10:00:00,0.0,221.36782431544222
2056-07-24 11:00:00,0.0,166.76096063231606
2056-07-24 12:00:00,0.0,95.35198504668952
2056-07-24 13:00:00,0.0,33.604223805000714
2056-07-24 14:00:00,0.0,0.0
2056-07-24 15:00:00,0.0,0.0
2056-07-24 16:00:00,0.0,0.0
2056-07-24 17:00:00,0.0,0.0
2056-07-24 18:00:00,0.0,0.0
2056-07-24 19:00:00,0.0,0.0
2056-07-24 20:00:00,0.0,0.0
2056-07-24 21:00:00,0.0,0.0
2056-07-24 22:00:00,0.0,0.0
2056-07-24 23:00:00,0.0,0.0
2056-07-25 00:00:00,0.0,0.0
2056-07-25 01:00:00,0.0,0.0
2056-07-25 02:00:00,0.0,19.322428687875412
2056-07-25 03:00:00,0.0,84.01055951250179
2056-07-25 04:00:00,0.0,157.93985188350337
2056-07-25 05:00:00,0.0,215.0670323520046
2056-07-25 06:00:00,0.0,258.75252329850554
2056-07-25 07:00:00,0.0,278.91505758150595
2056-07-25 08:00:00,0.0,282.275479962006
2056-07-25 09:00:00,0.0,265.8934208570682
2056-07-25 10:00:00,0.0,228.92877467156737
2056-07-25 11:00:00,0.0,174.3219109884412
2056-07-25 12:00:00,0.0,107.11346337843979
2056-07-25 13:00:00,0.0,39.905015768438346
2056-07-25 14:00:00,0.0,0.0
2056-07-25 15:00:00,0.0,0.0
2056-07-25 16:00:00,0.0,0.0
2056-07-25 17:00:00,0.0,0.0
2056-07-25 18:00:00,0.0,0.0
2056-07-25 19:00:00,0.0,0.0
2056-07-25 20:00:00,0.0,0.0
2056-07-25 21:00:00,0.0,0.0
2056-07-25 22:00:00,0.0,0.0
2056-07-25 23:00:00,0.0,0.0
2056-07-26 00:00:00,0.0,0.0
2056-07-26 01:00:00,0.0,0.0
2056-07-26 02:00:00,0.0,21.002639878125446
2056-07-26 03:00:00,0.0,83.17045391737676
2056-07-26 04:00:00,0.0,154.5794295030033
2056-07-26 05:00:00,0.0,211.7066099715045
2056-07-26 06:00:00,0.0,250.35146734725532
2056-07-26 07:00:00,0.0,271.3541072253808
2056-07-26 08:00:00,0.0,275.9746879985684
2056-07-26 09:00:00,0.0,273.03431841563076
2056-07-26 10:00:00,0.0,236.90977782525505
2056-07-26 11:00:00,0.0,182.30291414212888
2056-07-26 12:00:00,0.0,113.41425534187742
2056-07-26 13:00:00,0.0,43.26543814893842
2056-07-26 14:00:00,0.0,0.0
2056-07-26 15:00:00,0.0,0.0
2056-07-26 16:00:00,0.0,0.0
2056-07-26 17:00:00,0.0,0.0
2056-07-26 18:00:00,0.0,0.0
2056-07-26 19:00:00,0.0,0.0
2056-07-26 20:00:00,0.0,0.0
2056-07-26 21:00:00,0.0,0.0
2056-07-26 22:00:00,0.0,0.0
2056-07-26 23:00:00,0.0,0.0
2056-07-27 00:00:00,0.0,0.0
2056-07-27 01:00:00,0.0,0.0
2056-07-27 02:00:00,0.0,23.10290386593799
2056-07-27 03:00:00,0.0,91.57150986862695
2056-07-27 04:00:00,0.0,164.240643846941
2056-07-27 05:00:00,0.0,223.88814110081722
2056-07-27 06:00:00,0.0,270.5140016302558
2056-07-27 07:00:00,0.0,291.5166415083812
2056-07-27 08:00:00,0.0,293.61690549619374
2056-07-27 09:00:00,0.0,276.8147935936934
2056-07-27 10:00:00,0.0,240.6902530033176
2056-07-27 11:00:00,0.0,186.08338932019146
2056-07-27 12:00:00,0.0,116.35462492481497
2056-07-27 13:00:00,0.0,44.10554374406344
2056-07-27 14:00:00,0.0,0.0
2056-07-27 15:00:00,0.0,0.0
2056-07-27 16:00:00,0.0,0.0
2056-07-27 17:00:00,0.0,0.0
2056-07-27 18:00:00,0.0,0.0
2056-07-27 19:00:00,0.0,0.0
2056-07-27 20:00:00,0.0,0.0
2056-07-27 21:00:00,0.0,0.0
2056-07-27 22:00:00,0.0,0.0
2056-07-27 23:00:00,0.0,0.0
2056-07-28 00:00:00,0.0,0.0
2056-07-28 01:00:00,0.0,0.0
2056-07-28 02:00:00,0.0,21.422692675687955
2056-07-28 03:00:00,0.0,82.33034832225175
2056-07-28 04:00:00,0.0,139.03747599319047
2056-07-28 05:00:00,0.0,207.08602919831688
2056-07-28 06:00:00,0.0,259.5926288936305
2056-07-28 07:00:00,0.0,281.85542716444354
2056-07-28 08:00:00,0.0,285.6359023425061
2056-07-28 09:00:00,0.0,268.8337904400057
2056-07-28 10:00:00,0.0,225.5683522910673
2056-07-28 11:00:00,0.0,145.33826795662807
2056-07-28 12:00:00,0.0,57.54723326606372
2056-07-28 13:00:00,0.0,16.802111902500357
2056-07-28 14:00:00,0.0,0.0
2056-07-28 15:00:00,0.0,0.0
2056-07-28 16:00:00,0.0,0.0
2056-07-28 17:00:00,0.0,0.0
2056-07-28 18:00:00,0.0,0.0
2056-07-28 19:00:00,0.0,0.0
2056-07-28 20:00:00,0.0,0.0
2056-07-28 21:00:00,0.0,0.0
2056-07-28 22:00:00,0.0,0.0
2056-07-28 23:00:00,0.0,0.0
2056-07-29 00:00:00,0.0,0.0
2056-07-29 01:00:00,0.0,0.0
2056-07-29 02:00:00,0.0,17.22216470006287
2056-07-29 03:00:00,0.0,66.78839481243892
2056-07-29 04:00:00,0.0,141.137739981003
2056-07-29 05:00:00,0.0,209.18629318612943
2056-07-29 06:00:00,0.0,249.93141454969282
2056-07-29 07:00:00,0.0,266.7335264521932
2056-07-29 08:00:00,0.0,266.3134736546307
2056-07-29 09:00:00,0.0,241.53035859844263
2056-07-29 10:00:00,0.0,189.86386449825406
2056-07-29 11:00:00,0.0,130.63642004194028
2056-07-29 12:00:00,0.0,64.68813082462638
2056-07-29 13:00:00,0.0,23.5229566635005
2056-07-29 14:00:00,0.0,0.0
2056-07-29 15:00:00,0.0,0.0
2056-07-29 16:00:00,0.0,0.0
2056-07-29 17:00:00,0.0,0.0
2056-07-29 18:00:00,0.0,0.0
2056-07-29 19:00:00,0.0,0.0
2056-07-29 20:00:00,0.0,0.0
2056-07-29 21:00:00,0.0,0.0
2056-07-29 22:00:00,0.0,0.0
2056-07-29 23:00:00,0.0,0.0
2056-07-30 00:00:00,0.0,0.0
2056-07-30 01:00:00,0.0,0.0
2056-07-30 02:00:00,0.0,16.802111902500357
2056-07-30 03:00:00,0.0,58.80739165875126
2056-07-30 04:00:00,0.0,105.01319939062724
2056-07-30 05:00:00,0.0,148.27863753956564
2056-07-30 06:00:00,0.0,187.7636005104415
2056-07-30 07:00:00,0.0,212.96676836419203
2056-07-30 08:00:00,0.0,224.72824669594226
2056-07-30 09:00:00,0.0,230.6089858618174
2056-07-30 10:00:00,0.0,204.14565961537934
2056-07-30 11:00:00,0.0,132.31663123219033
2056-07-30 12:00:00,0.0,52.50659969531362
2056-07-30 13:00:00,0.0,12.601583926875268
2056-07-30 14:00:00,0.0,0.0
2056-07-30 15:00:00,0.0,0.0
2056-07-30 16:00:00,0.0,0.0
2056-07-30 17:00:00,0.0,0.0
2056-07-30 18:00:00,0.0,0.0
2056-07-30 19:00:00,0.0,0.0
2056-07-30 20:00:00,0.0,0.0
2056-07-30 21:00:00,0.0,0.0
2056-07-30 22:00:00,0.0,0.0
2056-07-30 23:00:00,0.0,0.0
2056-07-31 00:00:00,0.0,0.0
2056-07-31 01:00:00,0.0,0.0
2056-07-31 02:00:00,0.0,20.16253428300043
2056-07-31 03:00:00,0.0,71.40897558562652
2056-07-31 04:00:00,0.0,123.07546968581514
2056-07-31 05:00:00,0.0,173.48180539331617
2056-07-31 06:00:00,0.0,218.84750753006716
2056-07-31 07:00:00,0.0,259.5926288936305
2056-07-31 08:00:00,0.0,282.275479962006
2056-07-31 09:00:00,0.0,260.012681691193
2056-07-31 10:00:00,0.0,218.84750753006716
2056-07-31 11:00:00,0.0,158.3599046810659
2056-07-31 12:00:00,0.0,84.85066510762682
2056-07-31 13:00:00,0.0,26.043273448875553
2056-07-31 14:00:00,0.0,0.0
2056-07-31 15:00:00,0.0,0.0
2056-07-31 16:00:00,0.0,0.0
2056-07-31 17:00:00,0.0,0.0
2056-07-31 18:00:00,0.0,0.0
2056-07-31 19:00:00,0.0,0.0
2056-07-31 20:00:00,0.0,0.0
2056-07-31 21:00:00,0.0,0.0
2056-07-31 22:00:00,0.0,0.0
2056-07-31 23:00:00,0.0,0.0
2056-08-01 00:00:00,0.0,0.0
2056-08-01 01:00:00,0.0,0.0
2056-08-01 02:00:00,0.0,10.501319939062723
2056-08-01 03:00:00,0.0,56.28707487337619
2056-08-01 04:00:00,0.0,124.33562807850265
2056-08-01 05:00:00,0.0,162.56043265669098
2056-08-01 06:00:00,0.0,181.46280854700387
2056-08-01 07:00:00,0.0,174.3219109884412
2056-08-01 08:00:00,0.0,163.40053825181596
2056-08-01 09:00:00,0.0,139.03747599319047
2056-08-01 10:00:00,0.0,116.35462492481497
2056-08-01 11:00:00,0.0,82.33034832225175
2056-08-01 12:00:00,0.0,47.045913327001
2056-08-01 13:00:00,0.0,18.48232309275039
2056-08-01 14:00:00,0.0,0.0
2056-08-01 15:00:00,0.0,0.0
2056-08-01 16:00:00,0.0,0.0
2056-08-01 17:00:00,0.0,0.0
2056-08-01 18:00:00,0.0,0.0
2056-08-01 19:00:00,0.0,0.0
2056-08-01 20:00:00,0.0,0.0
2056-08-01 21:00:00,0.0,0.0
2056-08-01 22:00:00,0.0,0.0
2056-08-01 23:00:00,0.0,0.0
2056-08-02 00:00:00,0.0,0.0
2056-08-02 01:00:00,0.0,0.0
2056-08-02 02:00:00,0.0,10.921372736625232
2056-08-02 03:00:00,0.0,44.10554374406344
2056-08-02 04:00:00,0.0,80.23008433443921
2056-08-02 05:00:00,0.0,113.41425534187742
2056-08-02 06:00:00,0.0,154.1593767054408
2056-08-02 07:00:00,0.0,204.14565961537934
2056-08-02 08:00:00,0.0,252.03167853750534
2056-08-02 09:00:00,0.0,260.85278728631806
2056-08-02 10:00:00,0.0,227.66861627887988
2056-08-02 11:00:00,0.0,171.80159420306614
2056-08-02 12:00:00,0.0,104.59314659306472
2056-08-02 13:00:00,0.0,36.54459338793828
2056-08-02 14:00:00,0.0,0.0
2056-08-02 15:00:00,0.0,0.0
2056-08-02 16:00:00,0.0,0.0
2056-08-02 17:00:00,0.0,0.0
2056-08-02 18:00:00,0.0,0.0
2056-08-02 19:00:00,0.0,0.0
2056-08-02 20:00:00,0.0,0.0
2056-08-02 21:00:00,0.0,0.0
2056-08-02 22:00:00,0.0,0.0
2056-08-02 23:00:00,0.0,0.0
2056-08-03 00:00:00,0.0,0.0
2056-08-03 01:00:00,0.0,0.0
2056-08-03 02:00:00,0.0,18.48232309275039
2056-08-03 03:00:00,0.0,73.50923957343907
2056-08-03 04:00:00,0.0,143.23800396881555
2056-08-03 05:00:00,0.0,206.2459236031919
2056-08-03 06:00:00,0.0,261.692892881443
2056-08-03 07:00:00,0.0,279.755163176631
2056-08-03 08:00:00,0.0,272.6142656180683
2056-08-03 09:00:00,0.0,240.27020020575512
2056-08-03 10:00:00,0.0,204.14565961537934
2056-08-03 11:00:00,0.0,158.77995747862835
2056-08-03 12:00:00,0.0,97.45224903450207
2056-08-03 13:00:00,0.0,33.604223805000714
2056-08-03 14:00:00,0.0,0.0
2056-08-03 15:00:00,0.0,0.0
2056-08-03 16:00:00,0.0,0.0
2056-08-03 17:00:00,0.0,0.0
2056-08-03 18:00:00,0.0,0.0
2056-08-03 19:00:00,0.0,0.0
2056-08-03 20:00:00,0.0,0.0
2056-08-03 21:00:00,0.0,0.0
2056-08-03 22:00:00,0.0,0.0
2056-08-03 23:00:00,0.0,0.0
2056-08-04 00:00:00,0.0,0.0
2056-08-04 01:00:00,0.0,0.0
2056-08-04 02:00:00,0.0,8.401055951250179
2056-08-04 03:00:00,0.0,45.36570213675097
2056-08-04 04:00:00,0.0,105.43325218818975
2056-08-04 05:00:00,0.0,170.9614886079411
2056-08-04 06:00:00,0.0,215.48708514956706
2056-08-04 07:00:00,0.0,238.58998901550507
2056-08-04 08:00:00,0.0,243.63062258625516
2056-08-04 09:00:00,0.0,243.21056978869265
2056-08-04 10:00:00,0.0,206.2459236031919
2056-08-04 11:00:00,0.0,157.51979908594086
2056-08-04 12:00:00,0.0,94.51187945156451
2056-08-04 13:00:00,0.0,35.28443499525075
2056-08-04 14:00:00,0.0,0.0
2056-08-04 15:00:00,0.0,0.0
2056-08-04 16:00:00,0.0,0.0
2056-08-04 17:00:00,0.0,0.0
2056-08-04 18:00:00,0.0,0.0
2056-08-04 19:00:00,0.0,0.0
2056-08-04 20:00:00,0.0,0.0
2056-08-04 21:00:00,0.0,0.0
2056-08-04 22:00:00,0.0,0.0
2056-08-04 23:00:00,0.0,0.0
2056-08-05 00:00:00,0.0,0.0
2056-08-05 01:00:00,0.0,0.0
2056-08-05 02:00:00,0.0,12.601583926875268
2056-08-05 03:00:00,0.0,58.80739165875126
2056-08-05 04:00:00,0.0,120.55515290044006
2056-08-05 05:00:00,0.0,179.78259735675383
2056-08-05 06:00:00,0.0,222.62798270812974
2056-08-05 07:00:00,0.0,254.5519953228804
2056-08-05 08:00:00,0.0,265.4733680595056
2056-08-05 09:00:00,0.0,254.5519953228804
2056-08-05 10:00:00,0.0,218.84750753006716
2056-08-05 11:00:00,0.0,167.18101342987856
2056-08-05 12:00:00,0.0,102.9129354028147
2056-08-05 13:00:00,0.0,37.80475178062581
2056-08-05 14:00:00,0.0,0.0
2056-08-05 15:00:00,0.0,0.0
2056-08-05 16:00:00,0.0,0.0
2056-08-05 17:00:00,0.0,0.0
2056-08-05 18:00:00,0.0,0.0
2056-08-05 19:00:00,0.0,0.0
2056-08-05 20:00:00,0.0,0.0
2056-08-05 21:00:00,0.0,0.0
2056-08-05 22:00:00,0.0,0.0
2056-08-05 23:00:00,0.0,0.0
2056-08-06 00:00:00,0.0,0.0
2056-08-06 01:00:00,0.0,0.0
2056-08-06 02:00:00,0.0,11.76147833175025
2056-08-06 03:00:00,0.0,62.58786683681383
2056-08-06 04:00:00,0.0,134.8369480175654
2056-08-06 05:00:00,0.0,190.70397009337904
2056-08-06 06:00:00,0.0,228.92877467156737
2056-08-06 07:00:00,0.0,257.0723121082555
2056-08-06 08:00:00,0.0,265.4733680595056
2056-08-06 09:00:00,0.0,257.91241770338047
2056-08-06 10:00:00,0.0,219.26756032762967
2056-08-06 11:00:00,0.0,167.6010662274411
2056-08-06 12:00:00,0.0,105.43325218818975
2056-08-06 13:00:00,0.0,37.384698983063295
2056-08-06 14:00:00,0.0,0.0
2056-08-06 15:00:00,0.0,0.0
2056-08-06 16:00:00,0.0,0.0
2056-08-06 17:00:00,0.0,0.0
2056-08-06 18:00:00,0.0,0.0
2056-08-06 19:00:00,0.0,0.0
2056-08-06 20:00:00,0.0,0.0
2056-08-06 21:00:00,0.0,0.0
2056-08-06 22:00:00,0.0,0.0
2056-08-06 23:00:00,0.0,0.0
2056-08-07 00:00:00,0.0,0.0
2056-08-07 01:00:00,0.0,0.0
2056-08-07 02:00:00,0.0,14.281795117125304
2056-08-07 03:00:00,0.0,65.10818362218889
2056-08-07 04:00:00,0.0,126.01583926875267
2056-08-07 05:00:00,0.0,176.8422277738163
2056-08-07 06:00:00,0.0,231.86914425450496
2056-08-07 07:00:00,0.0,249.5113617521303
2056-08-07 08:00:00,0.0,253.2918369301929
2056-08-07 09:00:00,0.0,251.1915729423803
2056-08-07 10:00:00,0.0,222.62798270812974
2056-08-07 11:00:00,0.0,170.54143581037863
2056-08-07 12:00:00,0.0,97.45224903450207
2056-08-07 13:00:00,0.0,29.40369582937563
2056-08-07 14:00:00,0.0,0.0
2056-08-07 15:00:00,0.0,0.0
2056-08-07 16:00:00,0.0,0.0
2056-08-07 17:00:00,0.0,0.0
2056-08-07 18:00:00,0.0,0.0
2056-08-07 19:00:00,0.0,0.0
2056-08-07 20:00:00,0.0,0.0
2056-08-07 21:00:00,0.0,0.0
2056-08-07 22:00:00,0.0,0.0
2056-08-07 23:00:00,0.0,0.0
2056-08-08 00:00:00,0.0,0.0
2056-08-08 01:00:00,0.0,0.0
2056-08-08 02:00:00,0.0,13.021636724437776
2056-08-08 03:00:00,0.0,62.167814039251326
2056-08-08 04:00:00,0.0,126.85594486387771
2056-08-08 05:00:00,0.0,187.343547712879
2056-08-08 06:00:00,0.0,260.43273448875556
2056-08-08 07:00:00,0.0,277.2348463912559
2056-08-08 08:00:00,0.0,273.87442401075583
2056-08-08 09:00:00,0.0,245.31083377650523
2056-08-08 10:00:00,0.0,205.8258708056294
2056-08-08 11:00:00,0.0,149.95884872981568
2056-08-08 12:00:00,0.0,85.69077070275182
2056-08-08 13:00:00,0.0,27.303431841563082
2056-08-08 14:00:00,0.0,0.0
2056-08-08 15:00:00,0.0,0.0
2056-08-08 16:00:00,0.0,0.0
2056-08-08 17:00:00,0.0,0.0
2056-08-08 18:00:00,0.0,0.0
2056-08-08 19:00:00,0.0,0.0
2056-08-08 20:00:00,0.0,0.0
2056-08-08 21:00:00,0.0,0.0
2056-08-08 22:00:00,0.0,0.0
2056-08-08 23:00:00,0.0,0.0
2056-08-09 00:00:00,0.0,0.0
2056-08-09 01:00:00,0.0,0.0
2056-08-09 02:00:00,0.0,14.281795117125304
2056-08-09 03:00:00,0.0,68.04855320512645
2056-08-09 04:00:00,0.0,134.8369480175654
2056-08-09 05:00:00,0.0,194.06439247387914
2056-08-09 06:00:00,0.0,255.39210091800544
2056-08-09 07:00:00,0.0,271.7741600229433
2056-08-09 08:00:00,0.0,268.8337904400057
2056-08-09 09:00:00,0.0,254.9720481204429
2056-08-09 10:00:00,0.0,218.42745473250466
2056-08-09 11:00:00,0.0,163.40053825181596
2056-08-09 12:00:00,0.0,92.83166826131448
2056-08-09 13:00:00,0.0,23.94300946106301
2056-08-09 14:00:00,0.0,0.0
2056-08-09 15:00:00,0.0,0.0
2056-08-09 16:00:00,0.0,0.0
2056-08-09 17:00:00,0.0,0.0
2056-08-09 18:00:00,0.0,0.0
2056-08-09 19:00:00,0.0,0.0
2056-08-09 20:00:00,0.0,0.0
2056-08-09 21:00:00,0.0,0.0
2056-08-09 22:00:00,0.0,0.0
2056-08-09 23:00:00,0.0,0.0
2056-08-10 00:00:00,0.0,0.0
2056-08-10 01:00:00,0.0,0.0
2056-08-10 02:00:00,0.0,14.701847914687814
2056-08-10 03:00:00,0.0,68.04855320512645
2056-08-10 04:00:00,0.0,133.57678962487785
2056-08-10 05:00:00,0.0,192.38418128362906
2056-08-10 06:00:00,0.0,243.21056978869265
2056-08-10 07:00:00,0.0,265.4733680595056
2056-08-10 08:00:00,0.0,265.05331526194317
2056-08-10 09:00:00,0.0,246.99104496675525
2056-08-10 10:00:00,0.0,209.18629318612943
2056-08-10 11:00:00,0.0,145.75832075419058
2056-08-10 12:00:00,0.0,68.04855320512645
2056-08-10 13:00:00,0.0,14.281795117125304
2056-08-10 14:00:00,0.0,0.0
2056-08-10 15:00:00,0.0,0.0
2056-08-10 16:00:00,0.0,0.0
2056-08-10 17:00:00,0.0,0.0
2056-08-10 18:00:00,0.0,0.0
2056-08-10 19:00:00,0.0,0.0
2056-08-10 20:00:00,0.0,0.0
2056-08-10 21:00:00,0.0,0.0
2056-08-10 22:00:00,0.0,0.0
2056-08-10 23:00:00,0.0,0.0
2056-08-11 00:00:00,0.0,0.0
2056-08-11 01:00:00,0.0,0.0
2056-08-11 02:00:00,0.0,4.620580773187599
2056-08-11 03:00:00,0.0,30.663854222063154
2056-08-11 04:00:00,0.0,69.72876439537649
2056-08-11 05:00:00,0.0,109.21372736625233
2056-08-11 06:00:00,0.0,143.65805676637808
2056-08-11 07:00:00,0.0,178.52243896406628
2056-08-11 08:00:00,0.0,189.86386449825406
2056-08-11 09:00:00,0.0,174.3219109884412
2056-08-11 10:00:00,0.0,154.1593767054408
2056-08-11 11:00:00,0.0,119.71504730531505
2056-08-11 12:00:00,0.0,74.76939796612659
2056-08-11 13:00:00,0.0,28.563590234250608
2056-08-11 14:00:00,0.0,0.0
2056-08-11 15:00:00,0.0,0.0
2056-08-11 16:00:00,0.0,0.0
2056-08-11 17:00:00,0.0,0.0
2056-08-11 18:00:00,0.0,0.0
2056-08-11 19:00:00,0.0,0.0
2056-08-11 20:00:00,0.0,0.0
2056-08-11 21:00:00,0.0,0.0
2056-08-11 22:00:00,0.0,0.0
2056-08-11 23:00:00,0.0,0.0
2056-08-12 00:00:00,0.0,0.0
2056-08-12 01:00:00,0.0,0.0
2056-08-12 02:00:00,0.0,17.22216470006287
2056-08-12 03:00:00,0.0,79.38997873931417
2056-08-12 04:00:00,0.0,148.27863753956564
2056-08-12 05:00:00,0.0,200.78523723487925
2056-08-12 06:00:00,0.0,238.1699362179426
2056-08-12 07:00:00,0.0,260.43273448875556
2056-08-12 08:00:00,0.0,257.91241770338047
2056-08-12 09:00:00,0.0,241.53035859844263
2056-08-12 10:00:00,0.0,204.14565961537934
2056-08-12 11:00:00,0.0,150.79895432494072
2056-08-12 12:00:00,0.0,90.73140427350194
2056-08-12 13:00:00,0.0,29.823748626938134
2056-08-12 14:00:00,0.0,0.0
2056-08-12 15:00:00,0.0,0.0
2056-08-12 16:00:00,0.0,0.0
2056-08-12 17:00:00,0.0,0.0
2056-08-12 18:00:00,0.0,0.0
2056-08-12 19:00:00,0.0,0.0
2056-08-12 20:00:00,0.0,0.0
2056-08-12 21:00:00,0.0,0.0
2056-08-12 22:00:00,0.0,0.0
2056-08-12 23:00:00,0.0,0.0
2056-08-13 00:00:00,0.0,0.0
2056-08-13 01:00:00,0.0,0.0
2056-08-13 02:00:00,0.0,12.18153112931276
2056-08-13 03:00:00,0.0,52.086546897751106
2056-08-13 04:00:00,0.0,94.93193224912703
2056-08-13 05:00:00,0.0,150.79895432494072
2056-08-13 06:00:00,0.0,212.96676836419203
2056-08-13 07:00:00,0.0,247.41109776431776
2056-08-13 08:00:00,0.0,248.2512033594428
2056-08-13 09:00:00,0.0,232.2891970520674
2056-08-13 10:00:00,0.0,201.20529003244178
2056-08-13 11:00:00,0.0,148.27863753956564
2056-08-13 12:00:00,0.0,85.69077070275182
2056-08-13 13:00:00,0.0,28.98364303181312
2056-08-13 14:00:00,0.0,0.0
2056-08-13 15:00:00,0.0,0.0
2056-08-13 16:00:00,0.0,0.0
2056-08-13 17:00:00,0.0,0.0
2056-08-13 18:00:00,0.0,0.0
2056-08-13 19:00:00,0.0,0.0
2056-08-13 20:00:00,0.0,0.0
2056-08-13 21:00:00,0.0,0.0
2056-08-13 22:00:00,0.0,0.0
2056-08-13 23:00:00,0.0,0.0
2056-08-14 00:00:00,0.0,0.0
2056-08-14 01:00:00,0.0,0.0
2056-08-14 02:00:00,0.0,19.322428687875412
2056-08-14 03:00:00,0.0,88.21108748812688
2056-08-14 04:00:00,0.0,163.8205910493785
2056-08-14 05:00:00,0.0,225.14829949350477
2056-08-14 06:00:00,0.0,264.63326246438066
2056-08-14 07:00:00,0.0,284.3757439498185
2056-08-14 08:00:00,0.0,284.79579674738113
2056-08-14 09:00:00,0.0,266.3134736546307
2056-08-14 10:00:00,0.0,230.6089858618174
2056-08-14 11:00:00,0.0,175.1620165835662
2056-08-14 12:00:00,0.0,105.01319939062724
2056-08-14 13:00:00,0.0,35.70448779281326
2056-08-14 14:00:00,0.0,0.0
2056-08-14 15:00:00,0.0,0.0
2056-08-14 16:00:00,0.0,0.0
2056-08-14 17:00:00,0.0,0.0
2056-08-14 18:00:00,0.0,0.0
2056-08-14 19:00:00,0.0,0.0
2056-08-14 20:00:00,0.0,0.0
2056-08-14 21:00:00,0.0,0.0
2056-08-14 22:00:00,0.0,0.0
2056-08-14 23:00:00,0.0,0.0
2056-08-15 00:00:00,0.0,0.0
2056-08-15 01:00:00,0.0,0.0
2056-08-15 02:00:00,0.0,16.38205910493785
2056-08-15 03:00:00,0.0,70.5688699905015
2056-08-15 04:00:00,0.0,149.95884872981568
2056-08-15 05:00:00,0.0,215.48708514956706
2056-08-15 06:00:00,0.0,254.1319425253179
2056-08-15 07:00:00,0.0,275.9746879985684
2056-08-15 08:00:00,0.0,280.17521597419346
2056-08-15 09:00:00,0.0,263.3731040716931
2056-08-15 10:00:00,0.0,228.92877467156737
2056-08-15 11:00:00,0.0,173.48180539331617
2056-08-15 12:00:00,0.0,102.9129354028147
2056-08-15 13:00:00,0.0,33.1841710074382
2056-08-15 14:00:00,0.0,0.0
2056-08-15 15:00:00,0.0,0.0
2056-08-15 16:00:00,0.0,0.0
2056-08-15 17:00:00,0.0,0.0
2056-08-15 18:00:00,0.0,0.0
2056-08-15 19:00:00,0.0,0.0
2056-08-15 20:00:00,0.0,0.0
2056-08-15 21:00:00,0.0,0.0
2056-08-15 22:00:00,0.0,0.0
2056-08-15 23:00:00,0.0,0.0
2056-08-16 00:00:00,0.0,0.0
2056-08-16 01:00:00,0.0,0.0
2056-08-16 02:00:00,0.0,8.821108748812687
2056-08-16 03:00:00,0.0,53.346705290438635
2056-08-16 04:00:00,0.0,131.0564728395028
2056-08-16 05:00:00,0.0,205.8258708056294
2056-08-16 06:00:00,0.0,255.81215371556794
2056-08-16 07:00:00,0.0,283.95569115225607
2056-08-16 08:00:00,0.0,290.67653591325615
2056-08-16 09:00:00,0.0,277.65489918881843
2056-08-16 10:00:00,0.0,243.21056978869265
2056-08-16 11:00:00,0.0,189.02375890312902
2056-08-16 12:00:00,0.0,117.61478331750249
2056-08-16 13:00:00,0.0,41.58522695868838
2056-08-16 14:00:00,0.0,0.0
2056-08-16 15:00:00,0.0,0.0
2056-08-16 16:00:00,0.0,0.0
2056-08-16 17:00:00,0.0,0.0
2056-08-16 18:00:00,0.0,0.0
2056-08-16 19:00:00,0.0,0.0
2056-08-16 20:00:00,0.0,0.0
2056-08-16 21:00:00,0.0,0.0
2056-08-16 22:00:00,0.0,0.0
2056-08-16 23:00:00,0.0,0.0
2056-08-17 00:00:00,0.0,0.0
2056-08-17 01:00:00,0.0,0.0
2056-08-17 02:00:00,0.0,19.74248148543792
2056-08-17 03:00:00,0.0,92.83166826131448
2056-08-17 04:00:00,0.0,170.9614886079411
2056-08-17 05:00:00,0.0,232.70924984962994
2056-08-17 06:00:00,0.0,271.7741600229433
2056-08-17 07:00:00,0.0,290.67653591325615
2056-08-17 08:00:00,0.0,292.3567471035062
2056-08-17 09:00:00,0.0,273.4543712131933
2056-08-17 10:00:00,0.0,236.48972502769254
2056-08-17 11:00:00,0.0,181.04275574944137
2056-08-17 12:00:00,0.0,109.63378016381483
2056-08-17 13:00:00,0.0,36.96464618550079
2056-08-17 14:00:00,0.0,0.0
2056-08-17 15:00:00,0.0,0.0
2056-08-17 16:00:00,0.0,0.0
2056-08-17 17:00:00,0.0,0.0
2056-08-17 18:00:00,0.0,0.0
2056-08-17 19:00:00,0.0,0.0
2056-08-17 20:00:00,0.0,0.0
2056-08-17 21:00:00,0.0,0.0
2056-08-17 22:00:00,0.0,0.0
2056-08-17 23:00:00,0.0,0.0
2056-08-18 00:00:00,0.0,0.0
2056-08-18 01:00:00,0.0,0.0
2056-08-18 02:00:00,0.0,19.322428687875412
2056-08-18 03:00:00,0.0,93.25172105887698
2056-08-18 04:00:00,0.0,173.9018581908787
2056-08-18 05:00:00,0.0,237.7498834203801
2056-08-18 06:00:00,0.0,279.755163176631
2056-08-18 07:00:00,0.0,300.7578030547564
2056-08-18 08:00:00,0.0,303.27811984013147
2056-08-18 09:00:00,0.0,285.2158495449436
2056-08-18 10:00:00,0.0,249.5113617521303
2056-08-18 11:00:00,0.0,193.64433967631663
2056-08-18 12:00:00,0.0,120.13510010287756
2056-08-18 13:00:00,0.0,42.00527975625089
2056-08-18 14:00:00,0.0,0.0
2056-08-18 15:00:00,0.0,0.0
2056-08-18 16:00:00,0.0,0.0
2056-08-18 17:00:00,0.0,0.0
2056-08-18 18:00:00,0.0,0.0
2056-08-18 19:00:00,0.0,0.0
2056-08-18 20:00:00,0.0,0.0
2056-08-18 21:00:00,0.0,0.0
2056-08-18 22:00:00,0.0,0.0
2056-08-18 23:00:00,0.0,0.0
2056-08-19 00:00:00,0.0,0.0
2056-08-19 01:00:00,0.0,0.0
2056-08-19 02:00:00,0.0,19.74248148543792
2056-08-19 03:00:00,0.0,90.73140427350194
2056-08-19 04:00:00,0.0,175.1620165835662
2056-08-19 05:00:00,0.0,239.4300946106301
2056-08-19 06:00:00,0.0,282.69553275956855
2056-08-19 07:00:00,0.0,303.27811984013147
2056-08-19 08:00:00,0.0,306.21848942306906
2056-08-19 09:00:00,0.0,286.4760079376311
2056-08-19 10:00:00,0.0,250.35146734725532
2056-08-19 11:00:00,0.0,194.48444527144164
2056-08-19 12:00:00,0.0,121.39525849556506
2056-08-19 13:00:00,0.0,42.00527975625089
2056-08-19 14:00:00,0.0,0.0
2056-08-19 15:00:00,0.0,0.0
2056-08-19 16:00:00,0.0,0.0
2056-08-19 17:00:00,0.0,0.0
2056-08-19 18:00:00,0.0,0.0
2056-08-19 19:00:00,0.0,0.0
2056-08-19 20:00:00,0.0,0.0
2056-08-19 21:00:00,0.0,0.0
2056-08-19 22:00:00,0.0,0.0
2056-08-19 23:00:00,0.0,0.0
2056-08-20 00:00:00,0.0,0.0
2056-08-20 01:00:00,0.0,0.0
2056-08-20 02:00:00,0.0,18.062270295187883
2056-08-20 03:00:00,0.0,86.95092909543935
2056-08-20 04:00:00,0.0,164.6606966445035
2056-08-20 05:00:00,0.0,236.90977782525505
2056-08-20 06:00:00,0.0,281.435374366881
2056-08-20 07:00:00,0.0,304.9583310303815
2056-08-20 08:00:00,0.0,307.4786478157566
2056-08-20 09:00:00,0.0,290.67653591325615
2056-08-20 10:00:00,0.0,253.71188972775542
2056-08-20 11:00:00,0.0,197.00476205681667
2056-08-20 12:00:00,0.0,122.2353640906901
2056-08-20 13:00:00,0.0,42.42533255381341
2056-08-20 14:00:00,0.0,0.0
2056-08-20 15:00:00,0.0,0.0
2056-08-20 16:00:00,0.0,0.0
2056-08-20 17:00:00,0.0,0.0
2056-08-20 18:00:00,0.0,0.0
2056-08-20 19:00:00,0.0,0.0
2056-08-20 20:00:00,0.0,0.0
2056-08-20 21:00:00,0.0,0.0
2056-08-20 22:00:00,0.0,0.0
2056-08-20 23:00:00,0.0,0.0
2056-08-21 00:00:00,0.0,0.0
2056-08-21 01:00:00,0.0,0.0
2056-08-21 02:00:00,0.0,19.322428687875412
2056-08-21 03:00:00,0.0,94.93193224912703
2056-08-21 04:00:00,0.0,175.1620165835662
2056-08-21 05:00:00,0.0,238.1699362179426
2056-08-21 06:00:00,0.0,279.755163176631
2056-08-21 07:00:00,0.0,300.3377502571939
2056-08-21 08:00:00,0.0,301.59790864988145
2056-08-21 09:00:00,0.0,284.3757439498185
2056-08-21 10:00:00,0.0,247.8311505618803
2056-08-21 11:00:00,0.0,191.12402289094157
2056-08-21 12:00:00,0.0,117.19473051994
2056-08-21 13:00:00,0.0,39.48496297087584
2056-08-21 14:00:00,0.0,0.0
2056-08-21 15:00:00,0.0,0.0
2056-08-21 16:00:00,0.0,0.0
2056-08-21 17:00:00,0.0,0.0
2056-08-21 18:00:00,0.0,0.0
2056-08-21 19:00:00,0.0,0.0
2056-08-21 20:00:00,0.0,0.0
2056-08-21 21:00:00,0.0,0.0
2056-08-21 22:00:00,0.0,0.0
2056-08-21 23:00:00,0.0,0.0
2056-08-22 00:00:00,0.0,0.0
2056-08-22 01:00:00,0.0,0.0
2056-08-22 02:00:00,0.0,19.322428687875412
2056-08-22 03:00:00,0.0,94.93193224912703
2056-08-22 04:00:00,0.0,174.3219109884412
2056-08-22 05:00:00,0.0,236.48972502769254
2056-08-22 06:00:00,0.0,277.65489918881843
2056-08-22 07:00:00,0.0,297.8174334718189
2056-08-22 08:00:00,0.0,298.6575390669438
2056-08-22 09:00:00,0.0,282.69553275956855
2056-08-22 10:00:00,0.0,246.15093937163027
2056-08-22 11:00:00,0.0,190.28391729581654
2056-08-22 12:00:00,0.0,117.19473051994
2056-08-22 13:00:00,0.0,39.48496297087584
2056-08-22 14:00:00,0.0,0.0
2056-08-22 15:00:00,0.0,0.0
2056-08-22 16:00:00,0.0,0.0
2056-08-22 17:00:00,0.0,0.0
2056-08-22 18:00:00,0.0,0.0
2056-08-22 19:00:00,0.0,0.0
2056-08-22 20:00:00,0.0,0.0
2056-08-22 21:00:00,0.0,0.0
2056-08-22 22:00:00,0.0,0.0
2056-08-22 23:00:00,0.0,0.0
2056-08-23 00:00:00,0.0,0.0
2056-08-23 01:00:00,0.0,0.0
2056-08-23 02:00:00,0.0,20.16253428300043
2056-08-23 03:00:00,0.0,99.55251302231461
2056-08-23 04:00:00,0.0,181.04275574944137
2056-08-23 05:00:00,0.0,244.0506753838177
2056-08-23 06:00:00,0.0,284.3757439498185
2056-08-23 07:00:00,0.0,304.538278232819
2056-08-23 08:00:00,0.0,305.37838382794405
2056-08-23 09:00:00,0.0,288.5762719254437
2056-08-23 10:00:00,0.0,252.45173133506788
2056-08-23 11:00:00,0.0,196.58470925925417
2056-08-23 12:00:00,0.0,122.2353640906901
2056-08-23 13:00:00,0.0,42.00527975625089
2056-08-23 14:00:00,0.0,0.0
2056-08-23 15:00:00,0.0,0.0
2056-08-23 16:00:00,0.0,0.0
2056-08-23 17:00:00,0.0,0.0
2056-08-23 18:00:00,0.0,0.0
2056-08-23 19:00:00,0.0,0.0
2056-08-23 20:00:00,0.0,0.0
2056-08-23 21:00:00,0.0,0.0
2056-08-23 22:00:00,0.0,0.0
2056-08-23 23:00:00,0.0,0.0
2056-08-24 00:00:00,0.0,0.0
2056-08-24 01:00:00,0.0,0.0
2056-08-24 02:00:00,0.0,20.582587080562938
2056-08-24 03:00:00,0.0,100.39261861743962
2056-08-24 04:00:00,0.0,181.04275574944137
2056-08-24 05:00:00,0.0,243.21056978869265
2056-08-24 06:00:00,0.0,282.69553275956855
2056-08-24 07:00:00,0.0,302.01796144744395
2056-08-24 08:00:00,0.0,302.43801424500646
2056-08-24 09:00:00,0.0,285.2158495449436
2056-08-24 10:00:00,0.0,248.6712561570053
2056-08-24 11:00:00,0.0,192.8042340811916
2056-08-24 12:00:00,0.0,119.29499450775253
2056-08-24 13:00:00,0.0,39.905015768438346
2056-08-24 14:00:00,0.0,0.0
2056-08-24 15:00:00,0.0,0.0
2056-08-24 16:00:00,0.0,0.0
2056-08-24 17:00:00,0.0,0.0
2056-08-24 18:00:00,0.0,0.0
2056-08-24 19:00:00,0.0,0.0
2056-08-24 20:00:00,0.0,0.0
2056-08-24 21:00:00,0.0,0.0
2056-08-24 22:00:00,0.0,0.0
2056-08-24 23:00:00,0.0,0.0
2056-08-25 00:00:00,0.0,0.0
2056-08-25 01:00:00,0.0,0.0
2056-08-25 02:00:00,0.0,18.48232309275039
2056-08-25 03:00:00,0.0,94.09182665400202
2056-08-25 04:00:00,0.0,173.48180539331617
2056-08-25 05:00:00,0.0,235.64961943256753
2056-08-25 06:00:00,0.0,275.13458240344335
2056-08-25 07:00:00,0.0,294.8770638888812
2056-08-25 08:00:00,0.0,295.7171694840063
2056-08-25 09:00:00,0.0,281.01532156931853
2056-08-25 10:00:00,0.0,244.89078097894273
2056-08-25 11:00:00,0.0,189.02375890312902
2056-08-25 12:00:00,0.0,115.09446653212744
2056-08-25 13:00:00,0.0,37.80475178062581
2056-08-25 14:00:00,0.0,0.0
2056-08-25 15:00:00,0.0,0.0
2056-08-25 16:00:00,0.0,0.0
2056-08-25 17:00:00,0.0,0.0
2056-08-25 18:00:00,0.0,0.0
2056-08-25 19:00:00,0.0,0.0
2056-08-25 20:00:00,0.0,0.0
2056-08-25 21:00:00,0.0,0.0
2056-08-25 22:00:00,0.0,0.0
2056-08-25 23:00:00,0.0,0.0
2056-08-26 00:00:00,0.0,0.0
2056-08-26 01:00:00,0.0,0.0
2056-08-26 02:00:00,0.0,9.241161546375196
2056-08-26 03:00:00,0.0,50.40633570750107
2056-08-26 04:00:00,0.0,100.39261861743962
2056-08-26 05:00:00,0.0,145.33826795662807
2056-08-26 06:00:00,0.0,185.24328372506645
2056-08-26 07:00:00,0.0,207.92613479344192
2056-08-26 08:00:00,0.0,218.42745473250466
2056-08-26 09:00:00,0.0,233.96940824231748
2056-08-26 10:00:00,0.0,226.82851068375484
2056-08-26 11:00:00,0.0,181.04275574944137
2056-08-26 12:00:00,0.0,111.73404415162739
2056-08-26 13:00:00,0.0,36.96464618550079
2056-08-26 14:00:00,0.0,0.0
2056-08-26 15:00:00,0.0,0.0
2056-08-26 16:00:00,0.0,0.0
2056-08-26 17:00:00,0.0,0.0
2056-08-26 18:00:00,0.0,0.0
2056-08-26 19:00:00,0.0,0.0
2056-08-26 20:00:00,0.0,0.0
2056-08-26 21:00:00,0.0,0.0
2056-08-26 22:00:00,0.0,0.0
2056-08-26 23:00:00,0.0,0.0
2056-08-27 00:00:00,0.0,0.0
2056-08-27 01:00:00,0.0,0.0
2056-08-27 02:00:00,0.0,16.802111902500357
2056-08-27 03:00:00,0.0,93.25172105887698
2056-08-27 04:00:00,0.0,179.3625445591913
2056-08-27 05:00:00,0.0,243.21056978869265
2056-08-27 06:00:00,0.0,283.53563835469356
2056-08-27 07:00:00,0.0,299.49764466206886
2056-08-27 08:00:00,0.0,283.11558555713106
2056-08-27 09:00:00,0.0,240.6902530033176
2056-08-27 10:00:00,0.0,190.28391729581654
2056-08-27 11:00:00,0.0,137.77731760050295
2056-08-27 12:00:00,0.0,87.37098189300185
2056-08-27 13:00:00,0.0,32.34406541231319
2056-08-27 14:00:00,0.0,0.0
2056-08-27 15:00:00,0.0,0.0
2056-08-27 16:00:00,0.0,0.0
2056-08-27 17:00:00,0.0,0.0
2056-08-27 18:00:00,0.0,0.0
2056-08-27 19:00:00,0.0,0.0
2056-08-27 20:00:00,0.0,0.0
2056-08-27 21:00:00,0.0,0.0
2056-08-27 22:00:00,0.0,0.0
2056-08-27 23:00:00,0.0,0.0
2056-08-28 00:00:00,0.0,0.0
2056-08-28 01:00:00,0.0,0.0
2056-08-28 02:00:00,0.0,17.22216470006287
2056-08-28 03:00:00,0.0,91.99156266618945
2056-08-28 04:00:00,0.0,170.1213830128161
2056-08-28 05:00:00,0.0,230.6089858618174
2056-08-28 06:00:00,0.0,265.8934208570682
2056-08-28 07:00:00,0.0,277.65489918881843
2056-08-28 08:00:00,0.0,280.17521597419346
2056-08-28 09:00:00,0.0,268.4137376424432
2056-08-28 10:00:00,0.0,238.58998901550507
2056-08-28 11:00:00,0.0,185.66333652262895
2056-08-28 12:00:00,0.0,112.9942025443149
2056-08-28 13:00:00,0.0,36.54459338793828
2056-08-28 14:00:00,0.0,0.0
2056-08-28 15:00:00,0.0,0.0
2056-08-28 16:00:00,0.0,0.0
2056-08-28 17:00:00,0.0,0.0
2056-08-28 18:00:00,0.0,0.0
2056-08-28 19:00:00,0.0,0.0
2056-08-28 20:00:00,0.0,0.0
2056-08-28 21:00:00,0.0,0.0
2056-08-28 22:00:00,0.0,0.0
2056-08-28 23:00:00,0.0,0.0
2056-08-29 00:00:00,0.0,0.0
2056-08-29 01:00:00,0.0,0.0
2056-08-29 02:00:00,0.0,12.18153112931276
2056-08-29 03:00:00,0.0,73.92929237100157
2056-08-29 04:00:00,0.0,161.30027426400343
2056-08-29 05:00:00,0.0,234.38946103988
2056-08-29 06:00:00,0.0,280.17521597419346
2056-08-29 07:00:00,0.0,302.8580670425689
2056-08-29 08:00:00,0.0,303.27811984013147
2056-08-29 09:00:00,0.0,281.435374366881
2056-08-29 10:00:00,0.0,237.32983062281755
2056-08-29 11:00:00,0.0,180.20265015431633
2056-08-29 12:00:00,0.0,109.63378016381483
2056-08-29 13:00:00,0.0,35.28443499525075
2056-08-29 14:00:00,0.0,0.0
2056-08-29 15:00:00,0.0,0.0
2056-08-29 16:00:00,0.0,0.0
2056-08-29 17:00:00,0.0,0.0
2056-08-29 18:00:00,0.0,0.0
2056-08-29 19:00:00,0.0,0.0
2056-08-29 20:00:00,0.0,0.0
2056-08-29 21:00:00,0.0,0.0
2056-08-29 22:00:00,0.0,0.0
2056-08-29 23:00:00,0.0,0.0
2056-08-30 00:00:00,0.0,0.0
2056-08-30 01:00:00,0.0,0.0
2056-08-30 02:00:00,0.0,14.281795117125304
2056-08-30 03:00:00,0.0,82.33034832225175
2056-08-30 04:00:00,0.0,165.5008022396285
2056-08-30 05:00:00,0.0,235.64961943256753
2056-08-30 06:00:00,0.0,279.755163176631
2056-08-30 07:00:00,0.0,299.9176974596314
2056-08-30 08:00:00,0.0,301.59790864988145
2056-08-30 09:00:00,0.0,284.79579674738113
2056-08-30 10:00:00,0.0,248.2512033594428
2056-08-30 11:00:00,0.0,191.54407568850408
2056-08-30 12:00:00,0.0,117.19473051994
2056-08-30 13:00:00,0.0,37.80475178062581
2056-08-30 14:00:00,0.0,0.0
2056-08-30 15:00:00,0.0,0.0
2056-08-30 16:00:00,0.0,0.0
2056-08-30 17:00:00,0.0,0.0
2056-08-30 18:00:00,0.0,0.0
2056-08-30 19:00:00,0.0,0.0
2056-08-30 20:00:00,0.0,0.0
2056-08-30 21:00:00,0.0,0.0
2056-08-30 22:00:00,0.0,0.0
2056-08-30 23:00:00,0.0,0.0
2056-08-31 00:00:00,0.0,0.0
2056-08-31 01:00:00,0.0,0.0
2056-08-31 02:00:00,0.0,16.802111902500357
2056-08-31 03:00:00,0.0,92.83166826131448
2056-08-31 04:00:00,0.0,173.9018581908787
2056-08-31 05:00:00,0.0,236.48972502769254
2056-08-31 06:00:00,0.0,279.33511037906845
2056-08-31 07:00:00,0.0,298.23748626938135
2056-08-31 08:00:00,0.0,292.77679990106867
2056-08-31 09:00:00,0.0,266.7335264521932
2056-08-31 10:00:00,0.0,225.14829949350477
2056-08-31 11:00:00,0.0,185.24328372506645
2056-08-31 12:00:00,0.0,115.51451932968996
2056-08-31 13:00:00,0.0,36.54459338793828
2056-08-31 14:00:00,0.0,0.0
2056-08-31 15:00:00,0.0,0.0
2056-08-31 16:00:00,0.0,0.0
2056-08-31 17:00:00,0.0,0.0
2056-08-31 18:00:00,0.0,0.0
2056-08-31 19:00:00,0.0,0.0
2056-08-31 20:00:00,0.0,0.0
2056-08-31 21:00:00,0.0,0.0
2056-08-31 22:00:00,0.0,0.0
2056-08-31 23:00:00,0.0,0.0
2056-09-01 00:00:00,0.0,0.0
2056-09-01 01:00:00,0.0,0.0
2056-09-01 02:00:00,0.0,9.661214343937706
2056-09-01 03:00:00,0.0,55.446969278251174
2056-09-01 04:00:00,0.0,109.63378016381483
2056-09-01 05:00:00,0.0,168.4411718225661
2056-09-01 06:00:00,0.0,212.96676836419203
2056-09-01 07:00:00,0.0,233.1293026471925
2056-09-01 08:00:00,0.0,225.5683522910673
2056-09-01 09:00:00,0.0,207.5060819958794
2056-09-01 10:00:00,0.0,198.26492044950422
2056-09-01 11:00:00,0.0,172.64169979819115
2056-09-01 12:00:00,0.0,108.3736217711273
2056-09-01 13:00:00,0.0,34.86438219768824
2056-09-01 14:00:00,0.0,0.0
2056-09-01 15:00:00,0.0,0.0
2056-09-01 16:00:00,0.0,0.0
2056-09-01 17:00:00,0.0,0.0
2056-09-01 18:00:00,0.0,0.0
2056-09-01 19:00:00,0.0,0.0
2056-09-01 20:00:00,0.0,0.0
2056-09-01 21:00:00,0.0,0.0
2056-09-01 22:00:00,0.0,0.0
2056-09-01 23:00:00,0.0,0.0
2056-09-02 00:00:00,0.0,0.0
2056-09-02 01:00:00,0.0,0.0
2056-09-02 02:00:00,0.0,11.341425534187742
2056-09-02 03:00:00,0.0,70.5688699905015
2056-09-02 04:00:00,0.0,154.99948230056577
2056-09-02 05:00:00,0.0,227.66861627887988
2056-09-02 06:00:00,0.0,276.8147935936934
2056-09-02 07:00:00,0.0,297.3973806742563
2056-09-02 08:00:00,0.0,299.9176974596314
2056-09-02 09:00:00,0.0,279.33511037906845
2056-09-02 10:00:00,0.0,239.01004181306757
2056-09-02 11:00:00,0.0,175.58206938112872
2056-09-02 12:00:00,0.0,99.97256581987712
2056-09-02 13:00:00,0.0,28.98364303181312
2056-09-02 14:00:00,0.0,0.0
2056-09-02 15:00:00,0.0,0.0
2056-09-02 16:00:00,0.0,0.0
2056-09-02 17:00:00,0.0,0.0
2056-09-02 18:00:00,0.0,0.0
2056-09-02 19:00:00,0.0,0.0
2056-09-02 20:00:00,0.0,0.0
2056-09-02 21:00:00,0.0,0.0
2056-09-02 22:00:00,0.0,0.0
2056-09-02 23:00:00,0.0,0.0
2056-09-03 00:00:00,0.0,0.0
2056-09-03 01:00:00,0.0,0.0
2056-09-03 02:00:00,0.0,12.601583926875268
2056-09-03 03:00:00,0.0,81.07018992956424
2056-09-03 04:00:00,0.0,174.3219109884412
2056-09-03 05:00:00,0.0,242.37046419356767
2056-09-03 06:00:00,0.0,284.79579674738113
2056-09-03 07:00:00,0.0,305.37838382794405
2056-09-03 08:00:00,0.0,306.21848942306906
2056-09-03 09:00:00,0.0,286.0559551400686
2056-09-03 10:00:00,0.0,249.09130895456778
2056-09-03 11:00:00,0.0,191.54407568850408
2056-09-03 12:00:00,0.0,115.93457212725248
2056-09-03 13:00:00,0.0,35.70448779281326
2056-09-03 14:00:00,0.0,0.0
2056-09-03 15:00:00,0.0,0.0
2056-09-03 16:00:00,0.0,0.0
2056-09-03 17:00:00,0.0,0.0
2056-09-03 18:00:00,0.0,0.0
2056-09-03 19:00:00,0.0,0.0
2056-09-03 20:00:00,0.0,0.0
2056-09-03 21:00:00,0.0,0.0
2056-09-03 22:00:00,0.0,0.0
2056-09-03 23:00:00,0.0,0.0
2056-09-04 00:00:00,0.0,0.0
2056-09-04 01:00:00,0.0,0.0
2056-09-04 02:00:00,0.0,7.5609503561251605
2056-09-04 03:00:00,0.0,58.38733886118875
2056-09-04 04:00:00,0.0,136.93721200537792
2056-09-04 05:00:00,0.0,224.72824669594226
2056-09-04 06:00:00,0.0,272.1942128205058
2056-09-04 07:00:00,0.0,294.45701109131875
2056-09-04 08:00:00,0.0,294.45701109131875
2056-09-04 09:00:00,0.0,276.39474079613086
2056-09-04 10:00:00,0.0,239.4300946106301
2056-09-04 11:00:00,0.0,183.1430197372539
2056-09-04 12:00:00,0.0,108.3736217711273
2056-09-04 13:00:00,0.0,31.92401261475068
2056-09-04 14:00:00,0.0,0.0
2056-09-04 15:00:00,0.0,0.0
2056-09-04 16:00:00,0.0,0.0
2056-09-04 17:00:00,0.0,0.0
2056-09-04 18:00:00,0.0,0.0
2056-09-04 19:00:00,0.0,0.0
2056-09-04 20:00:00,0.0,0.0
2056-09-04 21:00:00,0.0,0.0
2056-09-04 22:00:00,0.0,0.0
2056-09-04 23:00:00,0.0,0.0
2056-09-05 00:00:00,0.0,0.0
2056-09-05 01:00:00,0.0,0.0
2056-09-05 02:00:00,0.0,12.18153112931276
2056-09-05 03:00:00,0.0,74.34934516856407
2056-09-05 04:00:00,0.0,145.33826795662807
2056-09-05 05:00:00,0.0,209.60634598369197
2056-09-05 06:00:00,0.0,260.012681691193
2056-09-05 07:00:00,0.0,287.7361663303186
2056-09-05 08:00:00,0.0,289.4163775205687
2056-09-05 09:00:00,0.0,274.71452960588084
2056-09-05 10:00:00,0.0,239.01004181306757
2056-09-05 11:00:00,0.0,182.30291414212888
2056-09-05 12:00:00,0.0,108.79367456868981
2056-09-05 13:00:00,0.0,31.92401261475068
2056-09-05 14:00:00,0.0,0.0
2056-09-05 15:00:00,0.0,0.0
2056-09-05 16:00:00,0.0,0.0
2056-09-05 17:00:00,0.0,0.0
2056-09-05 18:00:00,0.0,0.0
2056-09-05 19:00:00,0.0,0.0
2056-09-05 20:00:00,0.0,0.0
2056-09-05 21:00:00,0.0,0.0
2056-09-05 22:00:00,0.0,0.0
2056-09-05 23:00:00,0.0,0.0
2056-09-06 00:00:00,0.0,0.0
2056-09-06 01:00:00,0.0,0.0
2056-09-06 02:00:00,0.0,4.620580773187599
2056-09-06 03:00:00,0.0,42.84538535137591
2056-09-06 04:00:00,0.0,112.9942025443149
2056-09-06 05:00:00,0.0,206.2459236031919
2056-09-06 06:00:00,0.0,262.9530512741306
2056-09-06 07:00:00,0.0,280.17521597419346
2056-09-06 08:00:00,0.0,283.11558555713106
2056-09-06 09:00:00,0.0,271.7741600229433
2056-09-06 10:00:00,0.0,236.90977782525505
2056-09-06 11:00:00,0.0,181.04275574944137
2056-09-06 12:00:00,0.0,106.27335778331476
2056-09-06 13:00:00,0.0,28.563590234250608
2056-09-06 14:00:00,0.0,0.0
2056-09-06 15:00:00,0.0,0.0
2056-09-06 16:00:00,0.0,0.0
2056-09-06 17:00:00,0.0,0.0
2056-09-06 18:00:00,0.0,0.0
2056-09-06 19:00:00,0.0,0.0
2056-09-06 20:00:00,0.0,0.0
2056-09-06 21:00:00,0.0,0.0
2056-09-06 22:00:00,0.0,0.0
2056-09-06 23:00:00,0.0,0.0
2056-09-07 00:00:00,0.0,0.0
2056-09-07 01:00:00,0.0,0.0
2056-09-07 02:00:00,0.0,7.140897558562652
2056-09-07 03:00:00,0.0,47.88601892212602
2056-09-07 04:00:00,0.0,103.3329882003772
2056-09-07 05:00:00,0.0,167.6010662274411
2056-09-07 06:00:00,0.0,227.66861627887988
2056-09-07 07:00:00,0.0,273.03431841563076
2056-09-07 08:00:00,0.0,287.7361663303186
2056-09-07 09:00:00,0.0,267.1535792497557
2056-09-07 10:00:00,0.0,227.24856348131735
2056-09-07 11:00:00,0.0,166.34090783475352
2056-09-07 12:00:00,0.0,93.25172105887698
2056-09-07 13:00:00,0.0,23.10290386593799
2056-09-07 14:00:00,0.0,0.0
2056-09-07 15:00:00,0.0,0.0
2056-09-07 16:00:00,0.0,0.0
2056-09-07 17:00:00,0.0,0.0
2056-09-07 18:00:00,0.0,0.0
2056-09-07 19:00:00,0.0,0.0
2056-09-07 20:00:00,0.0,0.0
2056-09-07 21:00:00,0.0,0.0
2056-09-07 22:00:00,0.0,0.0
2056-09-07 23:00:00,0.0,0.0
2056-09-08 00:00:00,0.0,0.0
2056-09-08 01:00:00,0.0,0.0
2056-09-08 02:00:00,0.0,8.821108748812687
2056-09-08 03:00:00,0.0,65.10818362218889
2056-09-08 04:00:00,0.0,134.8369480175654
2056-09-08 05:00:00,0.0,197.4248148543792
2056-09-08 06:00:00,0.0,259.17257609606804
2056-09-08 07:00:00,0.0,284.3757439498185
2056-09-08 08:00:00,0.0,287.31611353275616
2056-09-08 09:00:00,0.0,273.03431841563076
2056-09-08 10:00:00,0.0,237.7498834203801
2056-09-08 11:00:00,0.0,178.94249176162882
2056-09-08 12:00:00,0.0,104.17309379550221
2056-09-08 13:00:00,0.0,30.243801424500642
2056-09-08 14:00:00,0.0,0.0
2056-09-08 15:00:00,0.0,0.0
2056-09-08 16:00:00,0.0,0.0
2056-09-08 17:00:00,0.0,0.0
2056-09-08 18:00:00,0.0,0.0
2056-09-08 19:00:00,0.0,0.0
2056-09-08 20:00:00,0.0,0.0
2056-09-08 21:00:00,0.0,0.0
2056-09-08 22:00:00,0.0,0.0
2056-09-08 23:00:00,0.0,0.0
2056-09-09 00:00:00,0.0,0.0
2056-09-09 01:00:00,0.0,0.0
2056-09-09 02:00:00,0.0,10.081267141500215
2056-09-09 03:00:00,0.0,64.26807802706388
2056-09-09 04:00:00,0.0,128.95620885169023
2056-09-09 05:00:00,0.0,168.4411718225661
2056-09-09 06:00:00,0.0,203.7256068178168
2056-09-09 07:00:00,0.0,222.2079299105672
2056-09-09 08:00:00,0.0,212.54671556662953
2056-09-09 09:00:00,0.0,200.36518443731677
2056-09-09 10:00:00,0.0,174.3219109884412
2056-09-09 11:00:00,0.0,126.85594486387771
2056-09-09 12:00:00,0.0,73.50923957343907
2056-09-09 13:00:00,0.0,18.48232309275039
2056-09-09 14:00:00,0.0,0.0
2056-09-09 15:00:00,0.0,0.0
2056-09-09 16:00:00,0.0,0.0
2056-09-09 17:00:00,0.0,0.0
2056-09-09 18:00:00,0.0,0.0
2056-09-09 19:00:00,0.0,0.0
2056-09-09 20:00:00,0.0,0.0
2056-09-09 21:00:00,0.0,0.0
2056-09-09 22:00:00,0.0,0.0
2056-09-09 23:00:00,0.0,0.0
2056-09-10 00:00:00,0.0,0.0
2056-09-10 01:00:00,0.0,0.0
2056-09-10 02:00:00,0.0,13.441689522000287
2056-09-10 03:00:00,0.0,87.37098189300185
2056-09-10 04:00:00,0.0,168.8612246201286
2056-09-10 05:00:00,0.0,236.06967223013
2056-09-10 06:00:00,0.0,281.85542716444354
2056-09-10 07:00:00,0.0,304.538278232819
2056-09-10 08:00:00,0.0,303.27811984013147
2056-09-10 09:00:00,0.0,272.6142656180683
2056-09-10 10:00:00,0.0,214.22692675687958
2056-09-10 11:00:00,0.0,128.53615605412776
2056-09-10 12:00:00,0.0,55.86702207581369
2056-09-10 13:00:00,0.0,10.081267141500215
2056-09-10 14:00:00,0.0,0.0
2056-09-10 15:00:00,0.0,0.0
2056-09-10 16:00:00,0.0,0.0
2056-09-10 17:00:00,0.0,0.0
2056-09-10 18:00:00,0.0,0.0
2056-09-10 19:00:00,0.0,0.0
2056-09-10 20:00:00,0.0,0.0
2056-09-10 21:00:00,0.0,0.0
2056-09-10 22:00:00,0.0,0.0
2056-09-10 23:00:00,0.0,0.0
2056-09-11 00:00:00,0.0,0.0
2056-09-11 01:00:00,0.0,0.0
2056-09-11 02:00:00,0.0,15.121900712250321
2056-09-11 03:00:00,0.0,97.03219623693957
2056-09-11 04:00:00,0.0,180.62270295187886
2056-09-11 05:00:00,0.0,244.89078097894273
2056-09-11 06:00:00,0.0,286.89606073519366
2056-09-11 07:00:00,0.0,305.7984366255065
2056-09-11 08:00:00,0.0,302.01796144744395
2056-09-11 09:00:00,0.0,281.435374366881
2056-09-11 10:00:00,0.0,239.4300946106301
2056-09-11 11:00:00,0.0,183.9831253323789
2056-09-11 12:00:00,0.0,105.43325218818975
2056-09-11 13:00:00,0.0,26.043273448875553
2056-09-11 14:00:00,0.0,0.0
2056-09-11 15:00:00,0.0,0.0
2056-09-11 16:00:00,0.0,0.0
2056-09-11 17:00:00,0.0,0.0
2056-09-11 18:00:00,0.0,0.0
2056-09-11 19:00:00,0.0,0.0
2056-09-11 20:00:00,0.0,0.0
2056-09-11 21:00:00,0.0,0.0
2056-09-11 22:00:00,0.0,0.0
2056-09-11 23:00:00,0.0,0.0
2056-09-12 00:00:00,0.0,0.0
2056-09-12 01:00:00,0.0,0.0
2056-09-12 02:00:00,0.0,10.501319939062723
2056-09-12 03:00:00,0.0,83.59050671493928
2056-09-12 04:00:00,0.0,172.22164700062868
2056-09-12 05:00:00,0.0,239.01004181306757
2056-09-12 06:00:00,0.0,281.01532156931853
2056-09-12 07:00:00,0.0,299.49764466206886
2056-09-12 08:00:00,0.0,294.0369582937563
2056-09-12 09:00:00,0.0,257.91241770338047
2056-09-12 10:00:00,0.0,199.52507884219176
2056-09-12 11:00:00,0.0,136.93721200537792
2056-09-12 12:00:00,0.0,80.23008433443921
2056-09-12 13:00:00,0.0,26.043273448875553
2056-09-12 14:00:00,0.0,0.0
2056-09-12 15:00:00,0.0,0.0
2056-09-12 16:00:00,0.0,0.0
2056-09-12 17:00:00,0.0,0.0
2056-09-12 18:00:00,0.0,0.0
2056-09-12 19:00:00,0.0,0.0
2056-09-12 20:00:00,0.0,0.0
2056-09-12 21:00:00,0.0,0.0
2056-09-12 22:00:00,0.0,0.0
2056-09-12 23:00:00,0.0,0.0
2056-09-13 00:00:00,0.0,0.0
2056-09-13 01:00:00,0.0,0.0
2056-09-13 02:00:00,0.0,11.76147833175025
2056-09-13 03:00:00,0.0,83.17045391737676
2056-09-13 04:00:00,0.0,168.8612246201286
2056-09-13 05:00:00,0.0,235.64961943256753
2056-09-13 06:00:00,0.0,280.17521597419346
2056-09-13 07:00:00,0.0,304.538278232819
2056-09-13 08:00:00,0.0,308.7388062084441
2056-09-13 09:00:00,0.0,293.19685269863123
2056-09-13 10:00:00,0.0,256.23220651313045
2056-09-13 11:00:00,0.0,197.8448676519417
2056-09-13 12:00:00,0.0,118.034836115065
2056-09-13 13:00:00,0.0,31.92401261475068
2056-09-13 14:00:00,0.0,0.0
2056-09-13 15:00:00,0.0,0.0
2056-09-13 16:00:00,0.0,0.0
2056-09-13 17:00:00,0.0,0.0
2056-09-13 18:00:00,0.0,0.0
2056-09-13 19:00:00,0.0,0.0
2056-09-13 20:00:00,0.0,0.0
2056-09-13 21:00:00,0.0,0.0
2056-09-13 22:00:00,0.0,0.0
2056-09-13 23:00:00,0.0,0.0
2056-09-14 00:00:00,0.0,0.0
2056-09-14 01:00:00,0.0,0.0
2056-09-14 02:00:00,0.0,7.140897558562652
2056-09-14 03:00:00,0.0,67.62850040756395
2056-09-14 04:00:00,0.0,138.61742319562796
2056-09-14 05:00:00,0.0,169.28127741769111
2056-09-14 06:00:00,0.0,198.68497324706672
2056-09-14 07:00:00,0.0,220.52771872031718
2056-09-14 08:00:00,0.0,219.26756032762967
2056-09-14 09:00:00,0.0,174.7419637860037
2056-09-14 10:00:00,0.0,117.61478331750249
2056-09-14 11:00:00,0.0,71.82902838318904
2056-09-14 12:00:00,0.0,37.80475178062581
2056-09-14 13:00:00,0.0,9.661214343937706
2056-09-14 14:00:00,0.0,0.0
2056-09-14 15:00:00,0.0,0.0
2056-09-14 16:00:00,0.0,0.0
2056-09-14 17:00:00,0.0,0.0
2056-09-14 18:00:00,0.0,0.0
2056-09-14 19:00:00,0.0,0.0
2056-09-14 20:00:00,0.0,0.0
2056-09-14 21:00:00,0.0,0.0
2056-09-14 22:00:00,0.0,0.0
2056-09-14 23:00:00,0.0,0.0
2056-09-15 00:00:00,0.0,0.0
2056-09-15 01:00:00,0.0,0.0
2056-09-15 02:00:00,0.0,10.501319939062723
2056-09-15 03:00:00,0.0,84.85066510762682
2056-09-15 04:00:00,0.0,170.9614886079411
2056-09-15 05:00:00,0.0,236.06967223013
2056-09-15 06:00:00,0.0,281.435374366881
2056-09-15 07:00:00,0.0,306.21848942306906
2056-09-15 08:00:00,0.0,309.99896460113155
2056-09-15 09:00:00,0.0,293.19685269863123
2056-09-15 10:00:00,0.0,256.23220651313045
2056-09-15 11:00:00,0.0,197.00476205681667
2056-09-15 12:00:00,0.0,118.034836115065
2056-09-15 13:00:00,0.0,33.1841710074382
2056-09-15 14:00:00,0.0,0.0
2056-09-15 15:00:00,0.0,0.0
2056-09-15 16:00:00,0.0,0.0
2056-09-15 17:00:00,0.0,0.0
2056-09-15 18:00:00,0.0,0.0
2056-09-15 19:00:00,0.0,0.0
2056-09-15 20:00:00,0.0,0.0
2056-09-15 21:00:00,0.0,0.0
2056-09-15 22:00:00,0.0,0.0
2056-09-15 23:00:00,0.0,0.0
2056-09-16 00:00:00,0.0,0.0
2056-09-16 01:00:00,0.0,0.0
2056-09-16 02:00:00,0.0,12.18153112931276
2056-09-16 03:00:00,0.0,90.73140427350194
2056-09-16 04:00:00,0.0,177.26228057137874
2056-09-16 05:00:00,0.0,243.63062258625516
2056-09-16 06:00:00,0.0,288.9963247230061
2056-09-16 07:00:00,0.0,311.6791757913816
2056-09-16 08:00:00,0.0,313.7794397791942
2056-09-16 09:00:00,0.0,295.7171694840063
2056-09-16 10:00:00,0.0,257.49236490581796
2056-09-16 11:00:00,0.0,198.26492044950422
2056-09-16 12:00:00,0.0,118.87494171019004
2056-09-16 13:00:00,0.0,33.1841710074382
2056-09-16 14:00:00,0.0,0.0
2056-09-16 15:00:00,0.0,0.0
2056-09-16 16:00:00,0.0,0.0
2056-09-16 17:00:00,0.0,0.0
2056-09-16 18:00:00,0.0,0.0
2056-09-16 19:00:00,0.0,0.0
2056-09-16 20:00:00,0.0,0.0
2056-09-16 21:00:00,0.0,0.0
2056-09-16 22:00:00,0.0,0.0
2056-09-16 23:00:00,0.0,0.0
2056-09-17 00:00:00,0.0,0.0
2056-09-17 01:00:00,0.0,0.0
2056-09-17 02:00:00,0.0,11.341425534187742
2056-09-17 03:00:00,0.0,88.21108748812688
2056-09-17 04:00:00,0.0,174.3219109884412
2056-09-17 05:00:00,0.0,236.90977782525505
2056-09-17 06:00:00,0.0,283.95569115225607
2056-09-17 07:00:00,0.0,307.058595018194
2056-09-17 08:00:00,0.0,309.99896460113155
2056-09-17 09:00:00,0.0,291.9366943059437
2056-09-17 10:00:00,0.0,254.1319425253179
2056-09-17 11:00:00,0.0,195.32455086656665
2056-09-17 12:00:00,0.0,114.25436093700243
2056-09-17 13:00:00,0.0,31.083907019625663
2056-09-17 14:00:00,0.0,0.0
2056-09-17 15:00:00,0.0,0.0
2056-09-17 16:00:00,0.0,0.0
2056-09-17 17:00:00,0.0,0.0
2056-09-17 18:00:00,0.0,0.0
2056-09-17 19:00:00,0.0,0.0
2056-09-17 20:00:00,0.0,0.0
2056-09-17 21:00:00,0.0,0.0
2056-09-17 22:00:00,0.0,0.0
2056-09-17 23:00:00,0.0,0.0
2056-09-18 00:00:00,0.0,0.0
2056-09-18 01:00:00,0.0,0.0
2056-09-18 02:00:00,0.0,13.441689522000287
2056-09-18 03:00:00,0.0,94.09182665400202
2056-09-18 04:00:00,0.0,183.56307253481643
2056-09-18 05:00:00,0.0,248.6712561570053
2056-09-18 06:00:00,0.0,288.1562191278812
2056-09-18 07:00:00,0.0,310.4190173986941
2056-09-18 08:00:00,0.0,312.51928138650663
2056-09-18 09:00:00,0.0,296.97732787669383
2056-09-18 10:00:00,0.0,259.17257609606804
2056-09-18 11:00:00,0.0,199.94513163975424
2056-09-18 12:00:00,0.0,120.55515290044006
2056-09-18 13:00:00,0.0,33.604223805000714
2056-09-18 14:00:00,0.0,0.0
2056-09-18 15:00:00,0.0,0.0
2056-09-18 16:00:00,0.0,0.0
2056-09-18 17:00:00,0.0,0.0
2056-09-18 18:00:00,0.0,0.0
2056-09-18 19:00:00,0.0,0.0
2056-09-18 20:00:00,0.0,0.0
2056-09-18 21:00:00,0.0,0.0
2056-09-18 22:00:00,0.0,0.0
2056-09-18 23:00:00,0.0,0.0
2056-09-19 00:00:00,0.0,0.0
2056-09-19 01:00:00,0.0,0.0
2056-09-19 02:00:00,0.0,12.601583926875268
2056-09-19 03:00:00,0.0,91.99156266618945
2056-09-19 04:00:00,0.0,182.30291414212888
2056-09-19 05:00:00,0.0,248.2512033594428
2056-09-19 06:00:00,0.0,292.3567471035062
2056-09-19 07:00:00,0.0,313.35938698163164
2056-09-19 08:00:00,0.0,315.0395981718817
2056-09-19 09:00:00,0.0,295.29711668644376
2056-09-19 10:00:00,0.0,257.49236490581796
2056-09-19 11:00:00,0.0,198.26492044950422
2056-09-19 12:00:00,0.0,119.29499450775253
2056-09-19 13:00:00,0.0,32.7641182098757
2056-09-19 14:00:00,0.0,0.0
2056-09-19 15:00:00,0.0,0.0
2056-09-19 16:00:00,0.0,0.0
2056-09-19 17:00:00,0.0,0.0
2056-09-19 18:00:00,0.0,0.0
2056-09-19 19:00:00,0.0,0.0
2056-09-19 20:00:00,0.0,0.0
2056-09-19 21:00:00,0.0,0.0
2056-09-19 22:00:00,0.0,0.0
2056-09-19 23:00:00,0.0,0.0
2056-09-20 00:00:00,0.0,0.0
2056-09-20 01:00:00,0.0,0.0
2056-09-20 02:00:00,0.0,12.18153112931276
2056-09-20 03:00:00,0.0,93.6717738564395
2056-09-20 04:00:00,0.0,180.62270295187886
2056-09-20 05:00:00,0.0,247.41109776431776
2056-09-20 06:00:00,0.0,287.7361663303186
2056-09-20 07:00:00,0.0,309.1588590060066
2056-09-20 08:00:00,0.0,309.99896460113155
2056-09-20 09:00:00,0.0,291.5166415083812
2056-09-20 10:00:00,0.0,253.71188972775542
2056-09-20 11:00:00,0.0,194.48444527144164
2056-09-20 12:00:00,0.0,115.93457212725248
2056-09-20 13:00:00,0.0,30.663854222063154
2056-09-20 14:00:00,0.0,0.0
2056-09-20 15:00:00,0.0,0.0
2056-09-20 16:00:00,0.0,0.0
2056-09-20 17:00:00,0.0,0.0
2056-09-20 18:00:00,0.0,0.0
2056-09-20 19:00:00,0.0,0.0
2056-09-20 20:00:00,0.0,0.0
2056-09-20 21:00:00,0.0,0.0
2056-09-20 22:00:00,0.0,0.0
2056-09-20 23:00:00,0.0,0.0
2056-09-21 00:00:00,0.0,0.0
2056-09-21 01:00:00,0.0,0.0
2056-09-21 02:00:00,0.0,11.76147833175025
2056-09-21 03:00:00,0.0,93.6717738564395
2056-09-21 04:00:00,0.0,180.20265015431633
2056-09-21 05:00:00,0.0,246.99104496675525
2056-09-21 06:00:00,0.0,290.67653591325615
2056-09-21 07:00:00,0.0,312.09922858894413
2056-09-21 08:00:00,0.0,314.19949257675665
2056-09-21 09:00:00,0.0,293.61690549619374
2056-09-21 10:00:00,0.0,255.39210091800544
2056-09-21 11:00:00,0.0,195.7446036641292
2056-09-21 12:00:00,0.0,115.51451932968996
2056-09-21 13:00:00,0.0,29.823748626938134
2056-09-21 14:00:00,0.0,0.0
2056-09-21 15:00:00,0.0,0.0
2056-09-21 16:00:00,0.0,0.0
2056-09-21 17:00:00,0.0,0.0
2056-09-21 18:00:00,0.0,0.0
2056-09-21 19:00:00,0.0,0.0
2056-09-21 20:00:00,0.0,0.0
2056-09-21 21:00:00,0.0,0.0
2056-09-21 22:00:00,0.0,0.0
2056-09-21 23:00:00,0.0,0.0
2056-09-22 00:00:00,0.0,0.0
2056-09-22 01:00:00,0.0,0.0
2056-09-22 02:00:00,0.0,10.921372736625232
2056-09-22 03:00:00,0.0,88.63114028568937
2056-09-22 04:00:00,0.0,172.64169979819115
2056-09-22 05:00:00,0.0,238.58998901550507
2056-09-22 06:00:00,0.0,281.85542716444354
2056-09-22 07:00:00,0.0,304.1182254352565
2056-09-22 08:00:00,0.0,304.9583310303815
2056-09-22 09:00:00,0.0,286.89606073519366
2056-09-22 10:00:00,0.0,247.8311505618803
2056-09-22 11:00:00,0.0,185.66333652262895
2056-09-22 12:00:00,0.0,102.9129354028147
2056-09-22 13:00:00,0.0,23.10290386593799
2056-09-22 14:00:00,0.0,0.0
2056-09-22 15:00:00,0.0,0.0
2056-09-22 16:00:00,0.0,0.0
2056-09-22 17:00:00,0.0,0.0
2056-09-22 18:00:00,0.0,0.0
2056-09-22 19:00:00,0.0,0.0
2056-09-22 20:00:00,0.0,0.0
2056-09-22 21:00:00,0.0,0.0
2056-09-22 22:00:00,0.0,0.0
2056-09-22 23:00:00,0.0,0.0
2056-09-23 00:00:00,0.0,0.0
2056-09-23 01:00:00,0.0,0.0
2056-09-23 02:00:00,0.0,7.98100315368767
2056-09-23 03:00:00,0.0,69.72876439537649
2056-09-23 04:00:00,0.0,139.03747599319047
2056-09-23 05:00:00,0.0,185.66333652262895
2056-09-23 06:00:00,0.0,214.22692675687958
2056-09-23 07:00:00,0.0,235.22956663500503
2056-09-23 08:00:00,0.0,242.37046419356767
2056-09-23 09:00:00,0.0,232.70924984962994
2056-09-23 10:00:00,0.0,210.8665043763795
2056-09-23 11:00:00,0.0,175.1620165835662
2056-09-23 12:00:00,0.0,105.43325218818975
2056-09-23 13:00:00,0.0,26.883379044000574
2056-09-23 14:00:00,0.0,0.0
2056-09-23 15:00:00,0.0,0.0
2056-09-23 16:00:00,0.0,0.0
2056-09-23 17:00:00,0.0,0.0
2056-09-23 18:00:00,0.0,0.0
2056-09-23 19:00:00,0.0,0.0
2056-09-23 20:00:00,0.0,0.0
2056-09-23 21:00:00,0.0,0.0
2056-09-23 22:00:00,0.0,0.0
2056-09-23 23:00:00,0.0,0.0
2056-09-24 00:00:00,0.0,0.0
2056-09-24 01:00:00,0.0,0.0
2056-09-24 02:00:00,0.0,6.720844761000143
2056-09-24 03:00:00,0.0,70.14881719293899
2056-09-24 04:00:00,0.0,154.99948230056577
2056-09-24 05:00:00,0.0,224.72824669594226
2056-09-24 06:00:00,0.0,278.91505758150595
2056-09-24 07:00:00,0.0,299.49764466206886
2056-09-24 08:00:00,0.0,301.1778558523189
2056-09-24 09:00:00,0.0,278.4950047839434
2056-09-24 10:00:00,0.0,239.8501474081926
2056-09-24 11:00:00,0.0,181.04275574944137
2056-09-24 12:00:00,0.0,102.07282980768967
2056-09-24 13:00:00,0.0,24.363062258625522
2056-09-24 14:00:00,0.0,0.0
2056-09-24 15:00:00,0.0,0.0
2056-09-24 16:00:00,0.0,0.0
2056-09-24 17:00:00,0.0,0.0
2056-09-24 18:00:00,0.0,0.0
2056-09-24 19:00:00,0.0,0.0
2056-09-24 20:00:00,0.0,0.0
2056-09-24 21:00:00,0.0,0.0
2056-09-24 22:00:00,0.0,0.0
2056-09-24 23:00:00,0.0,0.0
2056-09-25 00:00:00,0.0,0.0
2056-09-25 01:00:00,0.0,0.0
2056-09-25 02:00:00,0.0,6.300791963437634
2056-09-25 03:00:00,0.0,75.60950356125161
2056-09-25 04:00:00,0.0,165.5008022396285
2056-09-25 05:00:00,0.0,234.38946103988
2056-09-25 06:00:00,0.0,280.59526877175597
2056-09-25 07:00:00,0.0,304.9583310303815
2056-09-25 08:00:00,0.0,311.2591229938191
2056-09-25 09:00:00,0.0,295.7171694840063
2056-09-25 10:00:00,0.0,260.012681691193
2056-09-25 11:00:00,0.0,200.78523723487925
2056-09-25 12:00:00,0.0,120.55515290044006
2056-09-25 13:00:00,0.0,31.92401261475068
2056-09-25 14:00:00,0.0,0.0
2056-09-25 15:00:00,0.0,0.0
2056-09-25 16:00:00,0.0,0.0
2056-09-25 17:00:00,0.0,0.0
2056-09-25 18:00:00,0.0,0.0
2056-09-25 19:00:00,0.0,0.0
2056-09-25 20:00:00,0.0,0.0
2056-09-25 21:00:00,0.0,0.0
2056-09-25 22:00:00,0.0,0.0
2056-09-25 23:00:00,0.0,0.0
2056-09-26 00:00:00,0.0,0.0
2056-09-26 01:00:00,0.0,0.0
2056-09-26 02:00:00,0.0,10.081267141500215
2056-09-26 03:00:00,0.0,90.31135147593943
2056-09-26 04:00:00,0.0,176.42217497625376
2056-09-26 05:00:00,0.0,245.73088657406774
2056-09-26 06:00:00,0.0,289.4163775205687
2056-09-26 07:00:00,0.0,310.8390701962566
2056-09-26 08:00:00,0.0,311.2591229938191
2056-09-26 09:00:00,0.0,289.83643031813114
2056-09-26 10:00:00,0.0,244.0506753838177
2056-09-26 11:00:00,0.0,172.22164700062868
2056-09-26 12:00:00,0.0,91.15145707106444
2056-09-26 13:00:00,0.0,21.842745473250464
2056-09-26 14:00:00,0.0,0.0
2056-09-26 15:00:00,0.0,0.0
2056-09-26 16:00:00,0.0,0.0
2056-09-26 17:00:00,0.0,0.0
2056-09-26 18:00:00,0.0,0.0
2056-09-26 19:00:00,0.0,0.0
2056-09-26 20:00:00,0.0,0.0
2056-09-26 21:00:00,0.0,0.0
2056-09-26 22:00:00,0.0,0.0
2056-09-26 23:00:00,0.0,0.0
2056-09-27 00:00:00,0.0,0.0
2056-09-27 01:00:00,0.0,0.0
2056-09-27 02:00:00,0.0,5.880739165875126
2056-09-27 03:00:00,0.0,67.62850040756395
2056-09-27 04:00:00,0.0,164.240643846941
2056-09-27 05:00:00,0.0,236.90977782525505
2056-09-27 06:00:00,0.0,282.69553275956855
2056-09-27 07:00:00,0.0,304.538278232819
2056-09-27 08:00:00,0.0,306.6385422206315
2056-09-27 09:00:00,0.0,289.83643031813114
2056-09-27 10:00:00,0.0,254.9720481204429
2056-09-27 11:00:00,0.0,198.68497324706672
2056-09-27 12:00:00,0.0,120.13510010287756
2056-09-27 13:00:00,0.0,31.503959817188168
2056-09-27 14:00:00,0.0,0.0
2056-09-27 15:00:00,0.0,0.0
2056-09-27 16:00:00,0.0,0.0
2056-09-27 17:00:00,0.0,0.0
2056-09-27 18:00:00,0.0,0.0
2056-09-27 19:00:00,0.0,0.0
2056-09-27 20:00:00,0.0,0.0
2056-09-27 21:00:00,0.0,0.0
2056-09-27 22:00:00,0.0,0.0
2056-09-27 23:00:00,0.0,0.0
2056-09-28 00:00:00,0.0,0.0
2056-09-28 01:00:00,0.0,0.0
2056-09-28 02:00:00,0.0,10.081267141500215
2056-09-28 03:00:00,0.0,91.99156266618945
2056-09-28 04:00:00,0.0,178.10238616650378
2056-09-28 05:00:00,0.0,244.0506753838177
2056-09-28 06:00:00,0.0,286.89606073519366
2056-09-28 07:00:00,0.0,308.7388062084441
2056-09-28 08:00:00,0.0,310.8390701962566
2056-09-28 09:00:00,0.0,294.45701109131875
2056-09-28 10:00:00,0.0,256.23220651313045
2056-09-28 11:00:00,0.0,195.7446036641292
2056-09-28 12:00:00,0.0,115.51451932968996
2056-09-28 13:00:00,0.0,28.563590234250608
2056-09-28 14:00:00,0.0,0.0
2056-09-28 15:00:00,0.0,0.0
2056-09-28 16:00:00,0.0,0.0
2056-09-28 17:00:00,0.0,0.0
2056-09-28 18:00:00,0.0,0.0
2056-09-28 19:00:00,0.0,0.0
2056-09-28 20:00:00,0.0,0.0
2056-09-28 21:00:00,0.0,0.0
2056-09-28 22:00:00,0.0,0.0
2056-09-28 23:00:00,0.0,0.0
2056-09-29 00:00:00,0.0,0.0
2056-09-29 01:00:00,0.0,0.0
2056-09-29 02:00:00,0.0,7.98100315368767
2056-09-29 03:00:00,0.0,84.85066510762682
2056-09-29 04:00:00,0.0,173.48180539331617
2056-09-29 05:00:00,0.0,240.6902530033176
2056-09-29 06:00:00,0.0,283.95569115225607
2056-09-29 07:00:00,0.0,306.21848942306906
2056-09-29 08:00:00,0.0,308.3187534108816
2056-09-29 09:00:00,0.0,290.67653591325615
2056-09-29 10:00:00,0.0,252.87178413263038
2056-09-29 11:00:00,0.0,193.2242868787541
2056-09-29 12:00:00,0.0,112.9942025443149
2056-09-29 13:00:00,0.0,27.303431841563082
2056-09-29 14:00:00,0.0,0.0
2056-09-29 15:00:00,0.0,0.0
2056-09-29 16:00:00,0.0,0.0
2056-09-29 17:00:00,0.0,0.0
2056-09-29 18:00:00,0.0,0.0
2056-09-29 19:00:00,0.0,0.0
2056-09-29 20:00:00,0.0,0.0
2056-09-29 21:00:00,0.0,0.0
2056-09-29 22:00:00,0.0,0.0
2056-09-29 23:00:00,0.0,0.0
2056-09-30 00:00:00,0.0,0.0
2056-09-30 01:00:00,0.0,0.0
2056-09-30 02:00:00,0.0,8.401055951250179
2056-09-30 03:00:00,0.0,86.95092909543935
2056-09-30 04:00:00,0.0,173.9018581908787
2056-09-30 05:00:00,0.0,240.6902530033176
2056-09-30 06:00:00,0.0,283.95569115225607
2056-09-30 07:00:00,0.0,305.7984366255065
2056-09-30 08:00:00,0.0,307.898700613319
2056-09-30 09:00:00,0.0,289.4163775205687
2056-09-30 10:00:00,0.0,250.35146734725532
2056-09-30 11:00:00,0.0,189.44381170069153
2056-09-30 12:00:00,0.0,108.3736217711273
2056-09-30 13:00:00,0.0,24.363062258625522
2056-09-30 14:00:00,0.0,0.0
2056-09-30 15:00:00,0.0,0.0
2056-09-30 16:00:00,0.0,0.0
2056-09-30 17:00:00,0.0,0.0
2056-09-30 18:00:00,0.0,0.0
2056-09-30 19:00:00,0.0,0.0
2056-09-30 20:00:00,0.0,0.0
2056-09-30 21:00:00,0.0,0.0
2056-09-30 22:00:00,0.0,0.0
2056-09-30 23:00:00,0.0,0.0
2056-10-01 00:00:00,0.0,0.0
2056-10-01 01:00:00,0.0,0.0
2056-10-01 02:00:00,0.0,6.720844761000143
2056-10-01 03:00:00,0.0,81.49024272712674
2056-10-01 04:00:00,0.0,168.8612246201286
2056-10-01 05:00:00,0.0,236.90977782525505
2056-10-01 06:00:00,0.0,282.69553275956855
2056-10-01 07:00:00,0.0,304.9583310303815
2056-10-01 08:00:00,0.0,307.058595018194
2056-10-01 09:00:00,0.0,289.83643031813114
2056-10-01 10:00:00,0.0,251.1915729423803
2056-10-01 11:00:00,0.0,190.28391729581654
2056-10-01 12:00:00,0.0,109.21372736625233
2056-10-01 13:00:00,0.0,24.363062258625522
2056-10-01 14:00:00,0.0,0.0
2056-10-01 15:00:00,0.0,0.0
2056-10-01 16:00:00,0.0,0.0
2056-10-01 17:00:00,0.0,0.0
2056-10-01 18:00:00,0.0,0.0
2056-10-01 19:00:00,0.0,0.0
2056-10-01 20:00:00,0.0,0.0
2056-10-01 21:00:00,0.0,0.0
2056-10-01 22:00:00,0.0,0.0
2056-10-01 23:00:00,0.0,0.0
2056-10-02 00:00:00,0.0,0.0
2056-10-02 01:00:00,0.0,0.0
2056-10-02 02:00:00,0.0,7.5609503561251605
2056-10-02 03:00:00,0.0,84.4306123100643
2056-10-02 04:00:00,0.0,171.38154140550364
2056-10-02 05:00:00,0.0,238.58998901550507
2056-10-02 06:00:00,0.0,283.53563835469356
2056-10-02 07:00:00,0.0,304.9583310303815
2056-10-02 08:00:00,0.0,306.6385422206315
2056-10-02 09:00:00,0.0,287.31611353275616
2056-10-02 10:00:00,0.0,247.41109776431776
2056-10-02 11:00:00,0.0,185.66333652262895
2056-10-02 12:00:00,0.0,104.59314659306472
2056-10-02 13:00:00,0.0,22.262798270812972
2056-10-02 14:00:00,0.0,0.0
2056-10-02 15:00:00,0.0,0.0
2056-10-02 16:00:00,0.0,0.0
2056-10-02 17:00:00,0.0,0.0
2056-10-02 18:00:00,0.0,0.0
2056-10-02 19:00:00,0.0,0.0
2056-10-02 20:00:00,0.0,0.0
2056-10-02 21:00:00,0.0,0.0
2056-10-02 22:00:00,0.0,0.0
2056-10-02 23:00:00,0.0,0.0
2056-10-03 00:00:00,0.0,0.0
2056-10-03 01:00:00,0.0,0.0
2056-10-03 02:00:00,0.0,6.720844761000143
2056-10-03 03:00:00,0.0,81.91029552468925
2056-10-03 04:00:00,0.0,168.4411718225661
2056-10-03 05:00:00,0.0,235.64961943256753
2056-10-03 06:00:00,0.0,280.59526877175597
2056-10-03 07:00:00,0.0,302.43801424500646
2056-10-03 08:00:00,0.0,304.1182254352565
2056-10-03 09:00:00,0.0,285.6359023425061
2056-10-03 10:00:00,0.0,245.73088657406774
2056-10-03 11:00:00,0.0,183.9831253323789
2056-10-03 12:00:00,0.0,102.49288260525218
2056-10-03 13:00:00,0.0,20.582587080562938
2056-10-03 14:00:00,0.0,0.0
2056-10-03 15:00:00,0.0,0.0
2056-10-03 16:00:00,0.0,0.0
2056-10-03 17:00:00,0.0,0.0
2056-10-03 18:00:00,0.0,0.0
2056-10-03 19:00:00,0.0,0.0
2056-10-03 20:00:00,0.0,0.0
2056-10-03 21:00:00,0.0,0.0
2056-10-03 22:00:00,0.0,0.0
2056-10-03 23:00:00,0.0,0.0
2056-10-04 00:00:00,0.0,0.0
2056-10-04 01:00:00,0.0,0.0
2056-10-04 02:00:00,0.0,5.460686368312616
2056-10-04 03:00:00,0.0,73.92929237100157
2056-10-04 04:00:00,0.0,164.6606966445035
2056-10-04 05:00:00,0.0,233.549355444755
2056-10-04 06:00:00,0.0,283.11558555713106
2056-10-04 07:00:00,0.0,306.21848942306906
2056-10-04 08:00:00,0.0,307.898700613319
2056-10-04 09:00:00,0.0,289.83643031813114
2056-10-04 10:00:00,0.0,249.5113617521303
2056-10-04 11:00:00,0.0,183.1430197372539
2056-10-04 12:00:00,0.0,99.13246022475211
2056-10-04 13:00:00,0.0,18.062270295187883
2056-10-04 14:00:00,0.0,0.0
2056-10-04 15:00:00,0.0,0.0
2056-10-04 16:00:00,0.0,0.0
2056-10-04 17:00:00,0.0,0.0
2056-10-04 18:00:00,0.0,0.0
2056-10-04 19:00:00,0.0,0.0
2056-10-04 20:00:00,0.0,0.0
2056-10-04 21:00:00,0.0,0.0
2056-10-04 22:00:00,0.0,0.0
2056-10-04 23:00:00,0.0,0.0
2056-10-05 00:00:00,0.0,0.0
2056-10-05 01:00:00,0.0,0.0
2056-10-05 02:00:00,0.0,4.200527975625089
2056-10-05 03:00:00,0.0,68.88865880025148
2056-10-05 04:00:00,0.0,159.20001027619088
2056-10-05 05:00:00,0.0,236.48972502769254
2056-10-05 06:00:00,0.0,282.275479962006
2056-10-05 07:00:00,0.0,302.43801424500646
2056-10-05 08:00:00,0.0,303.27811984013147
2056-10-05 09:00:00,0.0,286.0559551400686
2056-10-05 10:00:00,0.0,246.57099216919278
2056-10-05 11:00:00,0.0,185.66333652262895
2056-10-05 12:00:00,0.0,102.49288260525218
2056-10-05 13:00:00,0.0,20.582587080562938
2056-10-05 14:00:00,0.0,0.0
2056-10-05 15:00:00,0.0,0.0
2056-10-05 16:00:00,0.0,0.0
2056-10-05 17:00:00,0.0,0.0
2056-10-05 18:00:00,0.0,0.0
2056-10-05 19:00:00,0.0,0.0
2056-10-05 20:00:00,0.0,0.0
2056-10-05 21:00:00,0.0,0.0
2056-10-05 22:00:00,0.0,0.0
2056-10-05 23:00:00,0.0,0.0
2056-10-06 00:00:00,0.0,0.0
2056-10-06 01:00:00,0.0,0.0
2056-10-06 02:00:00,0.0,4.620580773187599
2056-10-06 03:00:00,0.0,69.30871159781398
2056-10-06 04:00:00,0.0,165.92085503719105
2056-10-06 05:00:00,0.0,234.38946103988
2056-10-06 06:00:00,0.0,281.435374366881
2056-10-06 07:00:00,0.0,307.058595018194
2056-10-06 08:00:00,0.0,310.8390701962566
2056-10-06 09:00:00,0.0,292.77679990106867
2056-10-06 10:00:00,0.0,254.9720481204429
2056-10-06 11:00:00,0.0,194.48444527144164
2056-10-06 12:00:00,0.0,111.31399135406487
2056-10-06 13:00:00,0.0,23.10290386593799
2056-10-06 14:00:00,0.0,0.0
2056-10-06 15:00:00,0.0,0.0
2056-10-06 16:00:00,0.0,0.0
2056-10-06 17:00:00,0.0,0.0
2056-10-06 18:00:00,0.0,0.0
2056-10-06 19:00:00,0.0,0.0
2056-10-06 20:00:00,0.0,0.0
2056-10-06 21:00:00,0.0,0.0
2056-10-06 22:00:00,0.0,0.0
2056-10-06 23:00:00,0.0,0.0
2056-10-07 00:00:00,0.0,0.0
2056-10-07 01:00:00,0.0,0.0
2056-10-07 02:00:00,0.0,5.460686368312616
2056-10-07 03:00:00,0.0,81.07018992956424
2056-10-07 04:00:00,0.0,165.92085503719105
2056-10-07 05:00:00,0.0,239.4300946106301
2056-10-07 06:00:00,0.0,286.4760079376311
2056-10-07 07:00:00,0.0,309.5789118035691
2056-10-07 08:00:00,0.0,312.09922858894413
2056-10-07 09:00:00,0.0,293.61690549619374
2056-10-07 10:00:00,0.0,254.9720481204429
2056-10-07 11:00:00,0.0,194.90449806900415
2056-10-07 12:00:00,0.0,113.83430813943994
2056-10-07 13:00:00,0.0,23.94300946106301
2056-10-07 14:00:00,0.0,0.0
2056-10-07 15:00:00,0.0,0.0
2056-10-07 16:00:00,0.0,0.0
2056-10-07 17:00:00,0.0,0.0
2056-10-07 18:00:00,0.0,0.0
2056-10-07 19:00:00,0.0,0.0
2056-10-07 20:00:00,0.0,0.0
2056-10-07 21:00:00,0.0,0.0
2056-10-07 22:00:00,0.0,0.0
2056-10-07 23:00:00,0.0,0.0
2056-10-08 00:00:00,0.0,0.0
2056-10-08 01:00:00,0.0,0.0
2056-10-08 02:00:00,0.0,7.140897558562652
2056-10-08 03:00:00,0.0,89.05119308325189
2056-10-08 04:00:00,0.0,178.52243896406628
2056-10-08 05:00:00,0.0,245.73088657406774
2056-10-08 06:00:00,0.0,289.4163775205687
2056-10-08 07:00:00,0.0,311.2591229938191
2056-10-08 08:00:00,0.0,313.7794397791942
2056-10-08 09:00:00,0.0,296.5572750791313
2056-10-08 10:00:00,0.0,258.75252329850554
2056-10-08 11:00:00,0.0,199.52507884219176
2056-10-08 12:00:00,0.0,118.4548889126275
2056-10-08 13:00:00,0.0,26.043273448875553
2056-10-08 14:00:00,0.0,0.0
2056-10-08 15:00:00,0.0,0.0
2056-10-08 16:00:00,0.0,0.0
2056-10-08 17:00:00,0.0,0.0
2056-10-08 18:00:00,0.0,0.0
2056-10-08 19:00:00,0.0,0.0
2056-10-08 20:00:00,0.0,0.0
2056-10-08 21:00:00,0.0,0.0
2056-10-08 22:00:00,0.0,0.0
2056-10-08 23:00:00,0.0,0.0
2056-10-09 00:00:00,0.0,0.0
2056-10-09 01:00:00,0.0,0.0
2056-10-09 02:00:00,0.0,7.140897558562652
2056-10-09 03:00:00,0.0,90.73140427350194
2056-10-09 04:00:00,0.0,181.04275574944137
2056-10-09 05:00:00,0.0,248.2512033594428
2056-10-09 06:00:00,0.0,291.5166415083812
2056-10-09 07:00:00,0.0,313.35938698163164
2056-10-09 08:00:00,0.0,315.0395981718817
2056-10-09 09:00:00,0.0,297.8174334718189
2056-10-09 10:00:00,0.0,260.012681691193
2056-10-09 11:00:00,0.0,200.36518443731677
2056-10-09 12:00:00,0.0,118.87494171019004
2056-10-09 13:00:00,0.0,25.203167853750536
2056-10-09 14:00:00,0.0,0.0
2056-10-09 15:00:00,0.0,0.0
2056-10-09 16:00:00,0.0,0.0
2056-10-09 17:00:00,0.0,0.0
2056-10-09 18:00:00,0.0,0.0
2056-10-09 19:00:00,0.0,0.0
2056-10-09 20:00:00,0.0,0.0
2056-10-09 21:00:00,0.0,0.0
2056-10-09 22:00:00,0.0,0.0
2056-10-09 23:00:00,0.0,0.0
2056-10-10 00:00:00,0.0,0.0
2056-10-10 01:00:00,0.0,0.0
2056-10-10 02:00:00,0.0,4.620580773187599
2056-10-10 03:00:00,0.0,78.12982034662666
2056-10-10 04:00:00,0.0,170.1213830128161
2056-10-10 05:00:00,0.0,241.11030580088013
2056-10-10 06:00:00,0.0,286.4760079376311
2056-10-10 07:00:00,0.0,309.5789118035691
2056-10-10 08:00:00,0.0,312.51928138650663
2056-10-10 09:00:00,0.0,294.0369582937563
2056-10-10 10:00:00,0.0,254.1319425253179
2056-10-10 11:00:00,0.0,192.38418128362906
2056-10-10 12:00:00,0.0,110.47388575893986
2056-10-10 13:00:00,0.0,21.842745473250464
2056-10-10 14:00:00,0.0,0.0
2056-10-10 15:00:00,0.0,0.0
2056-10-10 16:00:00,0.0,0.0
2056-10-10 17:00:00,0.0,0.0
2056-10-10 18:00:00,0.0,0.0
2056-10-10 19:00:00,0.0,0.0
2056-10-10 20:00:00,0.0,0.0
2056-10-10 21:00:00,0.0,0.0
2056-10-10 22:00:00,0.0,0.0
2056-10-10 23:00:00,0.0,0.0
2056-10-11 00:00:00,0.0,0.0
2056-10-11 01:00:00,0.0,0.0
2056-10-11 02:00:00,0.0,4.620580773187599
2056-10-11 03:00:00,0.0,80.23008433443921
2056-10-11 04:00:00,0.0,170.1213830128161
2056-10-11 05:00:00,0.0,239.4300946106301
2056-10-11 06:00:00,0.0,284.3757439498185
2056-10-11 07:00:00,0.0,306.6385422206315
2056-10-11 08:00:00,0.0,308.3187534108816
2056-10-11 09:00:00,0.0,290.67653591325615
2056-10-11 10:00:00,0.0,251.61162573994284
2056-10-11 11:00:00,0.0,191.12402289094157
2056-10-11 12:00:00,0.0,109.21372736625233
2056-10-11 13:00:00,0.0,20.16253428300043
2056-10-11 14:00:00,0.0,0.0
2056-10-11 15:00:00,0.0,0.0
2056-10-11 16:00:00,0.0,0.0
2056-10-11 17:00:00,0.0,0.0
2056-10-11 18:00:00,0.0,0.0
2056-10-11 19:00:00,0.0,0.0
2056-10-11 20:00:00,0.0,0.0
2056-10-11 21:00:00,0.0,0.0
2056-10-11 22:00:00,0.0,0.0
2056-10-11 23:00:00,0.0,0.0
2056-10-12 00:00:00,0.0,0.0
2056-10-12 01:00:00,0.0,0.0
2056-10-12 02:00:00,0.0,5.040633570750107
2056-10-12 03:00:00,0.0,83.59050671493928
2056-10-12 04:00:00,0.0,174.7419637860037
2056-10-12 05:00:00,0.0,244.0506753838177
2056-10-12 06:00:00,0.0,286.4760079376311
2056-10-12 07:00:00,0.0,310.8390701962566
2056-10-12 08:00:00,0.0,313.35938698163164
2056-10-12 09:00:00,0.0,294.8770638888812
2056-10-12 10:00:00,0.0,255.81215371556794
2056-10-12 11:00:00,0.0,194.06439247387914
2056-10-12 12:00:00,0.0,110.89393855650235
2056-10-12 13:00:00,0.0,20.16253428300043
2056-10-12 14:00:00,0.0,0.0
2056-10-12 15:00:00,0.0,0.0
2056-10-12 16:00:00,0.0,0.0
2056-10-12 17:00:00,0.0,0.0
2056-10-12 18:00:00,0.0,0.0
2056-10-12 19:00:00,0.0,0.0
2056-10-12 20:00:00,0.0,0.0
2056-10-12 21:00:00,0.0,0.0
2056-10-12 22:00:00,0.0,0.0
2056-10-12 23:00:00,0.0,0.0
2056-10-13 00:00:00,0.0,0.0
2056-10-13 01:00:00,0.0,0.0
2056-10-13 02:00:00,0.0,1.2601583926875268
2056-10-13 03:00:00,0.0,51.6664941001886
2056-10-13 04:00:00,0.0,126.43589206631519
2056-10-13 05:00:00,0.0,197.00476205681667
2056-10-13 06:00:00,0.0,241.53035859844263
2056-10-13 07:00:00,0.0,266.7335264521932
2056-10-13 08:00:00,0.0,281.01532156931853
2056-10-13 09:00:00,0.0,270.93405442781824
2056-10-13 10:00:00,0.0,237.7498834203801
2056-10-13 11:00:00,0.0,183.1430197372539
2056-10-13 12:00:00,0.0,107.11346337843979
2056-10-13 13:00:00,0.0,18.062270295187883
2056-10-13 14:00:00,0.0,0.0
2056-10-13 15:00:00,0.0,0.0
2056-10-13 16:00:00,0.0,0.0
2056-10-13 17:00:00,0.0,0.0
2056-10-13 18:00:00,0.0,0.0
2056-10-13 19:00:00,0.0,0.0
2056-10-13 20:00:00,0.0,0.0
2056-10-13 21:00:00,0.0,0.0
2056-10-13 22:00:00,0.0,0.0
2056-10-13 23:00:00,0.0,0.0
2056-10-14 00:00:00,0.0,0.0
2056-10-14 01:00:00,0.0,0.0
2056-10-14 02:00:00,0.0,4.620580773187599
2056-10-14 03:00:00,0.0,80.65013713200172
2056-10-14 04:00:00,0.0,168.02111902500357
2056-10-14 05:00:00,0.0,242.37046419356767
2056-10-14 06:00:00,0.0,286.89606073519366
2056-10-14 07:00:00,0.0,309.99896460113155
2056-10-14 08:00:00,0.0,310.4190173986941
2056-10-14 09:00:00,0.0,293.19685269863123
2056-10-14 10:00:00,0.0,254.9720481204429
2056-10-14 11:00:00,0.0,195.7446036641292
2056-10-14 12:00:00,0.0,114.25436093700243
2056-10-14 13:00:00,0.0,21.002639878125446
2056-10-14 14:00:00,0.0,0.0
2056-10-14 15:00:00,0.0,0.0
2056-10-14 16:00:00,0.0,0.0
2056-10-14 17:00:00,0.0,0.0
2056-10-14 18:00:00,0.0,0.0
2056-10-14 19:00:00,0.0,0.0
2056-10-14 20:00:00,0.0,0.0
2056-10-14 21:00:00,0.0,0.0
2056-10-14 22:00:00,0.0,0.0
2056-10-14 23:00:00,0.0,0.0
2056-10-15 00:00:00,0.0,0.0
2056-10-15 01:00:00,0.0,0.0
2056-10-15 02:00:00,0.0,4.200527975625089
2056-10-15 03:00:00,0.0,81.49024272712674
2056-10-15 04:00:00,0.0,170.9614886079411
2056-10-15 05:00:00,0.0,238.58998901550507
2056-10-15 06:00:00,0.0,281.01532156931853
2056-10-15 07:00:00,0.0,304.538278232819
2056-10-15 08:00:00,0.0,307.898700613319
2056-10-15 09:00:00,0.0,290.67653591325615
2056-10-15 10:00:00,0.0,252.45173133506788
2056-10-15 11:00:00,0.0,192.38418128362906
2056-10-15 12:00:00,0.0,110.89393855650235
2056-10-15 13:00:00,0.0,19.322428687875412
2056-10-15 14:00:00,0.0,0.0
2056-10-15 15:00:00,0.0,0.0
2056-10-15 16:00:00,0.0,0.0
2056-10-15 17:00:00,0.0,0.0
2056-10-15 18:00:00,0.0,0.0
2056-10-15 19:00:00,0.0,0.0
2056-10-15 20:00:00,0.0,0.0
2056-10-15 21:00:00,0.0,0.0
2056-10-15 22:00:00,0.0,0.0
2056-10-15 23:00:00,0.0,0.0
2056-10-16 00:00:00,0.0,0.0
2056-10-16 01:00:00,0.0,0.0
2056-10-16 02:00:00,0.0,4.200527975625089
2056-10-16 03:00:00,0.0,84.01055951250179
2056-10-16 04:00:00,0.0,176.00212217869125
2056-10-16 05:00:00,0.0,244.4707281813802
2056-10-16 06:00:00,0.0,290.67653591325615
2056-10-16 07:00:00,0.0,313.35938698163164
2056-10-16 08:00:00,0.0,315.87970376700673
2056-10-16 09:00:00,0.0,296.5572750791313
2056-10-16 10:00:00,0.0,257.49236490581796
2056-10-16 11:00:00,0.0,195.7446036641292
2056-10-16 12:00:00,0.0,112.15409694918988
2056-10-16 13:00:00,0.0,19.322428687875412
2056-10-16 14:00:00,0.0,0.0
2056-10-16 15:00:00,0.0,0.0
2056-10-16 16:00:00,0.0,0.0
2056-10-16 17:00:00,0.0,0.0
2056-10-16 18:00:00,0.0,0.0
2056-10-16 19:00:00,0.0,0.0
2056-10-16 20:00:00,0.0,0.0
2056-10-16 21:00:00,0.0,0.0
2056-10-16 22:00:00,0.0,0.0
2056-10-16 23:00:00,0.0,0.0
2056-10-17 00:00:00,0.0,0.0
2056-10-17 01:00:00,0.0,0.0
2056-10-17 02:00:00,0.0,4.620580773187599
2056-10-17 03:00:00,0.0,86.11082350031434
2056-10-17 04:00:00,0.0,177.26228057137874
2056-10-17 05:00:00,0.0,246.15093937163027
2056-10-17 06:00:00,0.0,290.2564831156937
2056-10-17 07:00:00,0.0,312.9393341840692
2056-10-17 08:00:00,0.0,315.45965096944417
2056-10-17 09:00:00,0.0,297.8174334718189
2056-10-17 10:00:00,0.0,260.012681691193
2056-10-17 11:00:00,0.0,199.52507884219176
2056-10-17 12:00:00,0.0,117.19473051994
2056-10-17 13:00:00,0.0,21.002639878125446
2056-10-17 14:00:00,0.0,0.0
2056-10-17 15:00:00,0.0,0.0
2056-10-17 16:00:00,0.0,0.0
2056-10-17 17:00:00,0.0,0.0
2056-10-17 18:00:00,0.0,0.0
2056-10-17 19:00:00,0.0,0.0
2056-10-17 20:00:00,0.0,0.0
2056-10-17 21:00:00,0.0,0.0
2056-10-17 22:00:00,0.0,0.0
2056-10-17 23:00:00,0.0,0.0
2056-10-18 00:00:00,0.0,0.0
2056-10-18 01:00:00,0.0,0.0
2056-10-18 02:00:00,0.0,4.200527975625089
2056-10-18 03:00:00,0.0,85.69077070275182
2056-10-18 04:00:00,0.0,176.8422277738163
2056-10-18 05:00:00,0.0,244.89078097894273
2056-10-18 06:00:00,0.0,286.0559551400686
2056-10-18 07:00:00,0.0,309.5789118035691
2056-10-18 08:00:00,0.0,312.9393341840692
2056-10-18 09:00:00,0.0,294.45701109131875
2056-10-18 10:00:00,0.0,256.652259310693
2056-10-18 11:00:00,0.0,196.1646564616917
2056-10-18 12:00:00,0.0,114.25436093700243
2056-10-18 13:00:00,0.0,19.74248148543792
2056-10-18 14:00:00,0.0,0.0
2056-10-18 15:00:00,0.0,0.0
2056-10-18 16:00:00,0.0,0.0
2056-10-18 17:00:00,0.0,0.0
2056-10-18 18:00:00,0.0,0.0
2056-10-18 19:00:00,0.0,0.0
2056-10-18 20:00:00,0.0,0.0
2056-10-18 21:00:00,0.0,0.0
2056-10-18 22:00:00,0.0,0.0
2056-10-18 23:00:00,0.0,0.0
2056-10-19 00:00:00,0.0,0.0
2056-10-19 01:00:00,0.0,0.0
2056-10-19 02:00:00,0.0,4.200527975625089
2056-10-19 03:00:00,0.0,85.27071790518931
2056-10-19 04:00:00,0.0,176.8422277738163
2056-10-19 05:00:00,0.0,245.31083377650523
2056-10-19 06:00:00,0.0,287.7361663303186
2056-10-19 07:00:00,0.0,310.4190173986941
2056-10-19 08:00:00,0.0,312.9393341840692
2056-10-19 09:00:00,0.0,295.29711668644376
2056-10-19 10:00:00,0.0,256.652259310693
2056-10-19 11:00:00,0.0,196.1646564616917
2056-10-19 12:00:00,0.0,113.41425534187742
2056-10-19 13:00:00,0.0,18.48232309275039
2056-10-19 14:00:00,0.0,0.0
2056-10-19 15:00:00,0.0,0.0
2056-10-19 16:00:00,0.0,0.0
2056-10-19 17:00:00,0.0,0.0
2056-10-19 18:00:00,0.0,0.0
2056-10-19 19:00:00,0.0,0.0
2056-10-19 20:00:00,0.0,0.0
2056-10-19 21:00:00,0.0,0.0
2056-10-19 22:00:00,0.0,0.0
2056-10-19 23:00:00,0.0,0.0
2056-10-20 00:00:00,0.0,0.0
2056-10-20 01:00:00,0.0,0.0
2056-10-20 02:00:00,0.0,2.5203167853750537
2056-10-20 03:00:00,0.0,75.1894507636891
2056-10-20 04:00:00,0.0,166.34090783475352
2056-10-20 05:00:00,0.0,236.90977782525505
2056-10-20 06:00:00,0.0,283.95569115225607
2056-10-20 07:00:00,0.0,307.058595018194
2056-10-20 08:00:00,0.0,309.99896460113155
2056-10-20 09:00:00,0.0,293.19685269863123
2056-10-20 10:00:00,0.0,255.39210091800544
2056-10-20 11:00:00,0.0,194.48444527144164
2056-10-20 12:00:00,0.0,111.73404415162739
2056-10-20 13:00:00,0.0,17.642217497625374
2056-10-20 14:00:00,0.0,0.0
2056-10-20 15:00:00,0.0,0.0
2056-10-20 16:00:00,0.0,0.0
2056-10-20 17:00:00,0.0,0.0
2056-10-20 18:00:00,0.0,0.0
2056-10-20 19:00:00,0.0,0.0
2056-10-20 20:00:00,0.0,0.0
2056-10-20 21:00:00,0.0,0.0
2056-10-20 22:00:00,0.0,0.0
2056-10-20 23:00:00,0.0,0.0
2056-10-21 00:00:00,0.0,0.0
2056-10-21 01:00:00,0.0,0.0
2056-10-21 02:00:00,0.0,2.5203167853750537
2056-10-21 03:00:00,0.0,74.76939796612659
2056-10-21 04:00:00,0.0,167.6010662274411
2056-10-21 05:00:00,0.0,239.01004181306757
2056-10-21 06:00:00,0.0,282.69553275956855
2056-10-21 07:00:00,0.0,307.058595018194
2056-10-21 08:00:00,0.0,310.4190173986941
2056-10-21 09:00:00,0.0,292.77679990106867
2056-10-21 10:00:00,0.0,254.9720481204429
2056-10-21 11:00:00,0.0,194.06439247387914
2056-10-21 12:00:00,0.0,110.89393855650235
2056-10-21 13:00:00,0.0,16.802111902500357
2056-10-21 14:00:00,0.0,0.0
2056-10-21 15:00:00,0.0,0.0
2056-10-21 16:00:00,0.0,0.0
2056-10-21 17:00:00,0.0,0.0
2056-10-21 18:00:00,0.0,0.0
2056-10-21 19:00:00,0.0,0.0
2056-10-21 20:00:00,0.0,0.0
2056-10-21 21:00:00,0.0,0.0
2056-10-21 22:00:00,0.0,0.0
2056-10-21 23:00:00,0.0,0.0
2056-10-22 00:00:00,0.0,0.0
2056-10-22 01:00:00,0.0,0.0
2056-10-22 02:00:00,0.0,1.6802111902500358
2056-10-22 03:00:00,0.0,69.72876439537649
2056-10-22 04:00:00,0.0,160.04011587131592
2056-10-22 05:00:00,0.0,231.02903865937995
2056-10-22 06:00:00,0.0,276.39474079613086
2056-10-22 07:00:00,0.0,300.3377502571939
2056-10-22 08:00:00,0.0,303.27811984013147
2056-10-22 09:00:00,0.0,285.6359023425061
2056-10-22 10:00:00,0.0,246.99104496675525
2056-10-22 11:00:00,0.0,186.08338932019146
2056-10-22 12:00:00,0.0,104.59314659306472
2056-10-22 13:00:00,0.0,15.121900712250321
2056-10-22 14:00:00,0.0,0.0
2056-10-22 15:00:00,0.0,0.0
2056-10-22 16:00:00,0.0,0.0
2056-10-22 17:00:00,0.0,0.0
2056-10-22 18:00:00,0.0,0.0
2056-10-22 19:00:00,0.0,0.0
2056-10-22 20:00:00,0.0,0.0
2056-10-22 21:00:00,0.0,0.0
2056-10-22 22:00:00,0.0,0.0
2056-10-22 23:00:00,0.0,0.0
2056-10-23 00:00:00,0.0,0.0
2056-10-23 01:00:00,0.0,0.0
2056-10-23 02:00:00,0.0,2.1002639878125446
2056-10-23 03:00:00,0.0,75.60950356125161
2056-10-23 04:00:00,0.0,168.4411718225661
2056-10-23 05:00:00,0.0,238.1699362179426
2056-10-23 06:00:00,0.0,282.275479962006
2056-10-23 07:00:00,0.0,305.7984366255065
2056-10-23 08:00:00,0.0,308.7388062084441
2056-10-23 09:00:00,0.0,291.09658871081865
2056-10-23 10:00:00,0.0,252.87178413263038
2056-10-23 11:00:00,0.0,192.38418128362906
2056-10-23 12:00:00,0.0,110.05383296137734
2056-10-23 13:00:00,0.0,15.96200630737534
2056-10-23 14:00:00,0.0,0.0
2056-10-23 15:00:00,0.0,0.0
2056-10-23 16:00:00,0.0,0.0
2056-10-23 17:00:00,0.0,0.0
2056-10-23 18:00:00,0.0,0.0
2056-10-23 19:00:00,0.0,0.0
2056-10-23 20:00:00,0.0,0.0
2056-10-23 21:00:00,0.0,0.0
2056-10-23 22:00:00,0.0,0.0
2056-10-23 23:00:00,0.0,0.0
2056-10-24 00:00:00,0.0,0.0
2056-10-24 01:00:00,0.0,0.0
2056-10-24 02:00:00,0.0,2.5203167853750537
2056-10-24 03:00:00,0.0,82.75040111981426
2056-10-24 04:00:00,0.0,176.42217497625376
2056-10-24 05:00:00,0.0,245.73088657406774
2056-10-24 06:00:00,0.0,289.4163775205687
2056-10-24 07:00:00,0.0,312.09922858894413
2056-10-24 08:00:00,0.0,314.19949257675665
2056-10-24 09:00:00,0.0,296.5572750791313
2056-10-24 10:00:00,0.0,257.49236490581796
2056-10-24 11:00:00,0.0,195.7446036641292
2056-10-24 12:00:00,0.0,112.15409694918988
2056-10-24 13:00:00,0.0,15.96200630737534
2056-10-24 14:00:00,0.0,0.0
2056-10-24 15:00:00,0.0,0.0
2056-10-24 16:00:00,0.0,0.0
2056-10-24 17:00:00,0.0,0.0
2056-10-24 18:00:00,0.0,0.0
2056-10-24 19:00:00,0.0,0.0
2056-10-24 20:00:00,0.0,0.0
2056-10-24 21:00:00,0.0,0.0
2056-10-24 22:00:00,0.0,0.0
2056-10-24 23:00:00,0.0,0.0
2056-10-25 00:00:00,0.0,0.0
2056-10-25 01:00:00,0.0,0.0
2056-10-25 02:00:00,0.0,2.1002639878125446
2056-10-25 03:00:00,0.0,82.33034832225175
2056-10-25 04:00:00,0.0,176.8422277738163
2056-10-25 05:00:00,0.0,246.15093937163027
2056-10-25 06:00:00,0.0,288.9963247230061
2056-10-25 07:00:00,0.0,310.8390701962566
2056-10-25 08:00:00,0.0,313.35938698163164
2056-10-25 09:00:00,0.0,295.29711668644376
2056-10-25 10:00:00,0.0,256.652259310693
2056-10-25 11:00:00,0.0,195.32455086656665
2056-10-25 12:00:00,0.0,112.57414974675238
2056-10-25 13:00:00,0.0,15.541953509812831
2056-10-25 14:00:00,0.0,0.0
2056-10-25 15:00:00,0.0,0.0
2056-10-25 16:00:00,0.0,0.0
2056-10-25 17:00:00,0.0,0.0
2056-10-25 18:00:00,0.0,0.0
2056-10-25 19:00:00,0.0,0.0
2056-10-25 20:00:00,0.0,0.0
2056-10-25 21:00:00,0.0,0.0
2056-10-25 22:00:00,0.0,0.0
2056-10-25 23:00:00,0.0,0.0
2056-10-26 00:00:00,0.0,0.0
2056-10-26 01:00:00,0.0,0.0
2056-10-26 02:00:00,0.0,1.6802111902500358
2056-10-26 03:00:00,0.0,79.38997873931417
2056-10-26 04:00:00,0.0,172.64169979819115
2056-10-26 05:00:00,0.0,242.37046419356767
2056-10-26 06:00:00,0.0,286.4760079376311
2056-10-26 07:00:00,0.0,309.99896460113155
2056-10-26 08:00:00,0.0,312.51928138650663
2056-10-26 09:00:00,0.0,294.8770638888812
2056-10-26 10:00:00,0.0,256.652259310693
2056-10-26 11:00:00,0.0,195.32455086656665
2056-10-26 12:00:00,0.0,111.73404415162739
2056-10-26 13:00:00,0.0,15.121900712250321
2056-10-26 14:00:00,0.0,0.0
2056-10-26 15:00:00,0.0,0.0
2056-10-26 16:00:00,0.0,0.0
2056-10-26 17:00:00,0.0,0.0
2056-10-26 18:00:00,0.0,0.0
2056-10-26 19:00:00,0.0,0.0
2056-10-26 20:00:00,0.0,0.0
2056-10-26 21:00:00,0.0,0.0
2056-10-26 22:00:00,0.0,0.0
2056-10-26 23:00:00,0.0,0.0
2056-10-27 00:00:00,0.0,0.0
2056-10-27 01:00:00,0.0,0.0
2056-10-27 02:00:00,0.0,1.2601583926875268
2056-10-27 03:00:00,0.0,73.50923957343907
2056-10-27 04:00:00,0.0,165.92085503719105
2056-10-27 05:00:00,0.0,236.06967223013
2056-10-27 06:00:00,0.0,281.435374366881
2056-10-27 07:00:00,0.0,304.538278232819
2056-10-27 08:00:00,0.0,306.6385422206315
2056-10-27 09:00:00,0.0,288.5762719254437
2056-10-27 10:00:00,0.0,248.6712561570053
2056-10-27 11:00:00,0.0,185.66333652262895
2056-10-27 12:00:00,0.0,100.39261861743962
2056-10-27 13:00:00,0.0,11.76147833175025
2056-10-27 14:00:00,0.0,0.0
2056-10-27 15:00:00,0.0,0.0
2056-10-27 16:00:00,0.0,0.0
2056-10-27 17:00:00,0.0,0.0
2056-10-27 18:00:00,0.0,0.0
2056-10-27 19:00:00,0.0,0.0
2056-10-27 20:00:00,0.0,0.0
2056-10-27 21:00:00,0.0,0.0
2056-10-27 22:00:00,0.0,0.0
2056-10-27 23:00:00,0.0,0.0
2056-10-28 00:00:00,0.0,0.0
2056-10-28 01:00:00,0.0,0.0
2056-10-28 02:00:00,0.0,0.8401055951250179
2056-10-28 03:00:00,0.0,67.62850040756395
2056-10-28 04:00:00,0.0,163.40053825181596
2056-10-28 05:00:00,0.0,233.96940824231748
2056-10-28 06:00:00,0.0,276.39474079613086
2056-10-28 07:00:00,0.0,299.07759186450636
2056-10-28 08:00:00,0.0,300.3377502571939
2056-10-28 09:00:00,0.0,281.435374366881
2056-10-28 10:00:00,0.0,240.6902530033176
2056-10-28 11:00:00,0.0,176.42217497625376
2056-10-28 12:00:00,0.0,89.89129867837691
2056-10-28 13:00:00,0.0,8.401055951250179
2056-10-28 14:00:00,0.0,0.0
2056-10-28 15:00:00,0.0,0.0
2056-10-28 16:00:00,0.0,0.0
2056-10-28 17:00:00,0.0,0.0
2056-10-28 18:00:00,0.0,0.0
2056-10-28 19:00:00,0.0,0.0
2056-10-28 20:00:00,0.0,0.0
2056-10-28 21:00:00,0.0,0.0
2056-10-28 22:00:00,0.0,0.0
2056-10-28 23:00:00,0.0,0.0
2056-10-29 00:00:00,0.0,0.0
2056-10-29 01:00:00,0.0,0.0
2056-10-29 02:00:00,0.0,0.42005279756250896
2056-10-29 03:00:00,0.0,70.98892278806402
2056-10-29 04:00:00,0.0,163.8205910493785
2056-10-29 05:00:00,0.0,233.549355444755
2056-10-29 06:00:00,0.0,276.8147935936934
2056-10-29 07:00:00,0.0,298.23748626938135
2056-10-29 08:00:00,0.0,297.3973806742563
2056-10-29 09:00:00,0.0,264.21320966681816
2056-10-29 10:00:00,0.0,202.04539562756682
2056-10-29 11:00:00,0.0,125.59578647119015
2056-10-29 12:00:00,0.0,55.446969278251174
2056-10-29 13:00:00,0.0,4.200527975625089
2056-10-29 14:00:00,0.0,0.0
2056-10-29 15:00:00,0.0,0.0
2056-10-29 16:00:00,0.0,0.0
2056-10-29 17:00:00,0.0,0.0
2056-10-29 18:00:00,0.0,0.0
2056-10-29 19:00:00,0.0,0.0
2056-10-29 20:00:00,0.0,0.0
2056-10-29 21:00:00,0.0,0.0
2056-10-29 22:00:00,0.0,0.0
2056-10-29 23:00:00,0.0,0.0
2056-10-30 00:00:00,0.0,0.0
2056-10-30 01:00:00,0.0,0.0
2056-10-30 02:00:00,0.0,0.0
2056-10-30 03:00:00,0.0,49.98628290993856
2056-10-30 04:00:00,0.0,120.97520569800257
2056-10-30 05:00:00,0.0,192.8042340811916
2056-10-30 06:00:00,0.0,248.2512033594428
2056-10-30 07:00:00,0.0,270.93405442781824
2056-10-30 08:00:00,0.0,271.7741600229433
2056-10-30 09:00:00,0.0,255.81215371556794
2056-10-30 10:00:00,0.0,211.286557173942
2056-10-30 11:00:00,0.0,146.1783735517531
2056-10-30 12:00:00,0.0,77.28971475150165
2056-10-30 13:00:00,0.0,5.880739165875126
2056-10-30 14:00:00,0.0,0.0
2056-10-30 15:00:00,0.0,0.0
2056-10-30 16:00:00,0.0,0.0
2056-10-30 17:00:00,0.0,0.0
2056-10-30 18:00:00,0.0,0.0
2056-10-30 19:00:00,0.0,0.0
2056-10-30 20:00:00,0.0,0.0
2056-10-30 21:00:00,0.0,0.0
2056-10-30 22:00:00,0.0,0.0
2056-10-30 23:00:00,0.0,0.0
2056-10-31 00:00:00,0.0,0.0
2056-10-31 01:00:00,0.0,0.0
2056-10-31 02:00:00,0.0,0.0
2056-10-31 03:00:00,0.0,57.54723326606372
2056-10-31 04:00:00,0.0,157.93985188350337
2056-10-31 05:00:00,0.0,223.46808830325477
2056-10-31 06:00:00,0.0,272.1942128205058
2056-10-31 07:00:00,0.0,305.7984366255065
2056-10-31 08:00:00,0.0,311.2591229938191
2056-10-31 09:00:00,0.0,294.45701109131875
2056-10-31 10:00:00,0.0,256.652259310693
2056-10-31 11:00:00,0.0,196.58470925925417
2056-10-31 12:00:00,0.0,114.25436093700243
2056-10-31 13:00:00,0.0,14.281795117125304
2056-10-31 14:00:00,0.0,0.0
2056-10-31 15:00:00,0.0,0.0
2056-10-31 16:00:00,0.0,0.0
2056-10-31 17:00:00,0.0,0.0
2056-10-31 18:00:00,0.0,0.0
2056-10-31 19:00:00,0.0,0.0
2056-10-31 20:00:00,0.0,0.0
2056-10-31 21:00:00,0.0,0.0
2056-10-31 22:00:00,0.0,0.0
2056-10-31 23:00:00,0.0,0.0
2056-11-01 00:00:00,0.0,0.0
2056-11-01 01:00:00,0.0,0.0
2056-11-01 02:00:00,0.0,0.42005279756250896
2056-11-01 03:00:00,0.0,71.40897558562652
2056-11-01 04:00:00,0.0,162.98048545425348
2056-11-01 05:00:00,0.0,232.70924984962994
2056-11-01 06:00:00,0.0,278.91505758150595
2056-11-01 07:00:00,0.0,302.01796144744395
2056-11-01 08:00:00,0.0,304.9583310303815
2056-11-01 09:00:00,0.0,287.7361663303186
2056-11-01 10:00:00,0.0,249.09130895456778
2056-11-01 11:00:00,0.0,188.18365330800404
2056-11-01 12:00:00,0.0,105.85330498575225
2056-11-01 13:00:00,0.0,11.76147833175025
2056-11-01 14:00:00,0.0,0.0
2056-11-01 15:00:00,0.0,0.0
2056-11-01 16:00:00,0.0,0.0
2056-11-01 17:00:00,0.0,0.0
2056-11-01 18:00:00,0.0,0.0
2056-11-01 19:00:00,0.0,0.0
2056-11-01 20:00:00,0.0,0.0
2056-11-01 21:00:00,0.0,0.0
2056-11-01 22:00:00,0.0,0.0
2056-11-01 23:00:00,0.0,0.0
2056-11-02 00:00:00,0.0,0.0
2056-11-02 01:00:00,0.0,0.0
2056-11-02 02:00:00,0.0,0.0
2056-11-02 03:00:00,0.0,66.78839481243892
2056-11-02 04:00:00,0.0,159.20001027619088
2056-11-02 05:00:00,0.0,229.7688802666924
2056-11-02 06:00:00,0.0,277.2348463912559
2056-11-02 07:00:00,0.0,301.1778558523189
2056-11-02 08:00:00,0.0,304.1182254352565
2056-11-02 09:00:00,0.0,286.89606073519366
2056-11-02 10:00:00,0.0,249.09130895456778
2056-11-02 11:00:00,0.0,188.18365330800404
2056-11-02 12:00:00,0.0,105.43325218818975
2056-11-02 13:00:00,0.0,11.341425534187742
2056-11-02 14:00:00,0.0,0.0
2056-11-02 15:00:00,0.0,0.0
2056-11-02 16:00:00,0.0,0.0
2056-11-02 17:00:00,0.0,0.0
2056-11-02 18:00:00,0.0,0.0
2056-11-02 19:00:00,0.0,0.0
2056-11-02 20:00:00,0.0,0.0
2056-11-02 21:00:00,0.0,0.0
2056-11-02 22:00:00,0.0,0.0
2056-11-02 23:00:00,0.0,0.0
2056-11-03 00:00:00,0.0,0.0
2056-11-03 01:00:00,0.0,0.0
2056-11-03 02:00:00,0.0,0.0
2056-11-03 03:00:00,0.0,65.5282364197514
2056-11-03 04:00:00,0.0,158.3599046810659
2056-11-03 05:00:00,0.0,229.7688802666924
2056-11-03 06:00:00,0.0,273.87442401075583
2056-11-03 07:00:00,0.0,298.23748626938135
2056-11-03 08:00:00,0.0,301.59790864988145
2056-11-03 09:00:00,0.0,285.6359023425061
2056-11-03 10:00:00,0.0,246.57099216919278
2056-11-03 11:00:00,0.0,183.9831253323789
2056-11-03 12:00:00,0.0,99.13246022475211
2056-11-03 13:00:00,0.0,9.661214343937706
2056-11-03 14:00:00,0.0,0.0
2056-11-03 15:00:00,0.0,0.0
2056-11-03 16:00:00,0.0,0.0
2056-11-03 17:00:00,0.0,0.0
2056-11-03 18:00:00,0.0,0.0
2056-11-03 19:00:00,0.0,0.0
2056-11-03 20:00:00,0.0,0.0
2056-11-03 21:00:00,0.0,0.0
2056-11-03 22:00:00,0.0,0.0
2056-11-03 23:00:00,0.0,0.0
2056-11-04 00:00:00,0.0,0.0
2056-11-04 01:00:00,0.0,0.0
2056-11-04 02:00:00,0.0,0.0
2056-11-04 03:00:00,0.0,59.22744445631375
2056-11-04 04:00:00,0.0,155.8395878956908
2056-11-04 05:00:00,0.0,231.44909145694243
2056-11-04 06:00:00,0.0,277.2348463912559
2056-11-04 07:00:00,0.0,301.1778558523189
2056-11-04 08:00:00,0.0,303.27811984013147
2056-11-04 09:00:00,0.0,285.2158495449436
2056-11-04 10:00:00,0.0,245.31083377650523
2056-11-04 11:00:00,0.0,182.30291414212888
2056-11-04 12:00:00,0.0,97.03219623693957
2056-11-04 13:00:00,0.0,8.401055951250179
2056-11-04 14:00:00,0.0,0.0
2056-11-04 15:00:00,0.0,0.0
2056-11-04 16:00:00,0.0,0.0
2056-11-04 17:00:00,0.0,0.0
2056-11-04 18:00:00,0.0,0.0
2056-11-04 19:00:00,0.0,0.0
2056-11-04 20:00:00,0.0,0.0
2056-11-04 21:00:00,0.0,0.0
2056-11-04 22:00:00,0.0,0.0
2056-11-04 23:00:00,0.0,0.0
2056-11-05 00:00:00,0.0,0.0
2056-11-05 01:00:00,0.0,0.0
2056-11-05 02:00:00,0.0,0.0
2056-11-05 03:00:00,0.0,60.487602849001284
2056-11-05 04:00:00,0.0,149.53879593225318
2056-11-05 05:00:00,0.0,218.42745473250466
2056-11-05 06:00:00,0.0,273.87442401075583
2056-11-05 07:00:00,0.0,298.6575390669438
2056-11-05 08:00:00,0.0,300.7578030547564
2056-11-05 09:00:00,0.0,284.3757439498185
2056-11-05 10:00:00,0.0,245.31083377650523
2056-11-05 11:00:00,0.0,183.56307253481643
2056-11-05 12:00:00,0.0,100.39261861743962
2056-11-05 13:00:00,0.0,9.241161546375196
2056-11-05 14:00:00,0.0,0.0
2056-11-05 15:00:00,0.0,0.0
2056-11-05 16:00:00,0.0,0.0
2056-11-05 17:00:00,0.0,0.0
2056-11-05 18:00:00,0.0,0.0
2056-11-05 19:00:00,0.0,0.0
2056-11-05 20:00:00,0.0,0.0
2056-11-05 21:00:00,0.0,0.0
2056-11-05 22:00:00,0.0,0.0
2056-11-05 23:00:00,0.0,0.0
2056-11-06 00:00:00,0.0,0.0
2056-11-06 01:00:00,0.0,0.0
2056-11-06 02:00:00,0.0,0.0
2056-11-06 03:00:00,0.0,65.10818362218889
2056-11-06 04:00:00,0.0,156.67969349081582
2056-11-06 05:00:00,0.0,227.66861627887988
2056-11-06 06:00:00,0.0,276.39474079613086
2056-11-06 07:00:00,0.0,299.49764466206886
2056-11-06 08:00:00,0.0,302.8580670425689
2056-11-06 09:00:00,0.0,280.59526877175597
2056-11-06 10:00:00,0.0,241.11030580088013
2056-11-06 11:00:00,0.0,160.04011587131592
2056-11-06 12:00:00,0.0,76.44960915637662
2056-11-06 13:00:00,0.0,4.620580773187599
2056-11-06 14:00:00,0.0,0.0
2056-11-06 15:00:00,0.0,0.0
2056-11-06 16:00:00,0.0,0.0
2056-11-06 17:00:00,0.0,0.0
2056-11-06 18:00:00,0.0,0.0
2056-11-06 19:00:00,0.0,0.0
2056-11-06 20:00:00,0.0,0.0
2056-11-06 21:00:00,0.0,0.0
2056-11-06 22:00:00,0.0,0.0
2056-11-06 23:00:00,0.0,0.0
2056-11-07 00:00:00,0.0,0.0
2056-11-07 01:00:00,0.0,0.0
2056-11-07 02:00:00,0.0,0.0
2056-11-07 03:00:00,0.0,63.007919634376336
2056-11-07 04:00:00,0.0,154.1593767054408
2056-11-07 05:00:00,0.0,222.2079299105672
2056-11-07 06:00:00,0.0,273.87442401075583
2056-11-07 07:00:00,0.0,297.8174334718189
2056-11-07 08:00:00,0.0,288.1562191278812
2056-11-07 09:00:00,0.0,237.7498834203801
2056-11-07 10:00:00,0.0,193.2242868787541
2056-11-07 11:00:00,0.0,160.88022146644093
2056-11-07 12:00:00,0.0,88.21108748812688
2056-11-07 13:00:00,0.0,7.5609503561251605
2056-11-07 14:00:00,0.0,0.0
2056-11-07 15:00:00,0.0,0.0
2056-11-07 16:00:00,0.0,0.0
2056-11-07 17:00:00,0.0,0.0
2056-11-07 18:00:00,0.0,0.0
2056-11-07 19:00:00,0.0,0.0
2056-11-07 20:00:00,0.0,0.0
2056-11-07 21:00:00,0.0,0.0
2056-11-07 22:00:00,0.0,0.0
2056-11-07 23:00:00,0.0,0.0
2056-11-08 00:00:00,0.0,0.0
2056-11-08 01:00:00,0.0,0.0
2056-11-08 02:00:00,0.0,0.0
2056-11-08 03:00:00,0.0,45.78575493431347
2056-11-08 04:00:00,0.0,144.91821515906557
2056-11-08 05:00:00,0.0,222.2079299105672
2056-11-08 06:00:00,0.0,264.21320966681816
2056-11-08 07:00:00,0.0,293.19685269863123
2056-11-08 08:00:00,0.0,303.698172637694
2056-11-08 09:00:00,0.0,291.5166415083812
2056-11-08 10:00:00,0.0,253.2918369301929
2056-11-08 11:00:00,0.0,191.54407568850408
2056-11-08 12:00:00,0.0,107.9535689735648
2056-11-08 13:00:00,0.0,10.081267141500215
2056-11-08 14:00:00,0.0,0.0
2056-11-08 15:00:00,0.0,0.0
2056-11-08 16:00:00,0.0,0.0
2056-11-08 17:00:00,0.0,0.0
2056-11-08 18:00:00,0.0,0.0
2056-11-08 19:00:00,0.0,0.0
2056-11-08 20:00:00,0.0,0.0
2056-11-08 21:00:00,0.0,0.0
2056-11-08 22:00:00,0.0,0.0
2056-11-08 23:00:00,0.0,0.0
2056-11-09 00:00:00,0.0,0.0
2056-11-09 01:00:00,0.0,0.0
2056-11-09 02:00:00,0.0,0.0
2056-11-09 03:00:00,0.0,52.086546897751106
2056-11-09 04:00:00,0.0,154.5794295030033
2056-11-09 05:00:00,0.0,218.84750753006716
2056-11-09 06:00:00,0.0,281.435374366881
2056-11-09 07:00:00,0.0,307.4786478157566
2056-11-09 08:00:00,0.0,310.4190173986941
2056-11-09 09:00:00,0.0,292.77679990106867
2056-11-09 10:00:00,0.0,254.1319425253179
2056-11-09 11:00:00,0.0,192.38418128362906
2056-11-09 12:00:00,0.0,106.69341058087727
2056-11-09 13:00:00,0.0,9.241161546375196
2056-11-09 14:00:00,0.0,0.0
2056-11-09 15:00:00,0.0,0.0
2056-11-09 16:00:00,0.0,0.0
2056-11-09 17:00:00,0.0,0.0
2056-11-09 18:00:00,0.0,0.0
2056-11-09 19:00:00,0.0,0.0
2056-11-09 20:00:00,0.0,0.0
2056-11-09 21:00:00,0.0,0.0
2056-11-09 22:00:00,0.0,0.0
2056-11-09 23:00:00,0.0,0.0
2056-11-10 00:00:00,0.0,0.0
2056-11-10 01:00:00,0.0,0.0
2056-11-10 02:00:00,0.0,0.0
2056-11-10 03:00:00,0.0,62.58786683681383
2056-11-10 04:00:00,0.0,154.5794295030033
2056-11-10 05:00:00,0.0,226.82851068375484
2056-11-10 06:00:00,0.0,275.13458240344335
2056-11-10 07:00:00,0.0,299.49764466206886
2056-11-10 08:00:00,0.0,302.8580670425689
2056-11-10 09:00:00,0.0,283.53563835469356
2056-11-10 10:00:00,0.0,241.11030580088013
2056-11-10 11:00:00,0.0,173.48180539331617
2056-11-10 12:00:00,0.0,69.72876439537649
2056-11-10 13:00:00,0.0,2.5203167853750537
2056-11-10 14:00:00,0.0,0.0
2056-11-10 15:00:00,0.0,0.0
2056-11-10 16:00:00,0.0,0.0
2056-11-10 17:00:00,0.0,0.0
2056-11-10 18:00:00,0.0,0.0
2056-11-10 19:00:00,0.0,0.0
2056-11-10 20:00:00,0.0,0.0
2056-11-10 21:00:00,0.0,0.0
2056-11-10 22:00:00,0.0,0.0
2056-11-10 23:00:00,0.0,0.0
2056-11-11 00:00:00,0.0,0.0
2056-11-11 01:00:00,0.0,0.0
2056-11-11 02:00:00,0.0,0.0
2056-11-11 03:00:00,0.0,55.86702207581369
2056-11-11 04:00:00,0.0,145.75832075419058
2056-11-11 05:00:00,0.0,212.96676836419203
2056-11-11 06:00:00,0.0,257.91241770338047
2056-11-11 07:00:00,0.0,278.91505758150595
2056-11-11 08:00:00,0.0,278.91505758150595
2056-11-11 09:00:00,0.0,257.91241770338047
2056-11-11 10:00:00,0.0,212.126662769067
2056-11-11 11:00:00,0.0,144.91821515906557
2056-11-11 12:00:00,0.0,64.68813082462638
2056-11-11 13:00:00,0.0,3.7804751780625803
2056-11-11 14:00:00,0.0,0.0
2056-11-11 15:00:00,0.0,0.0
2056-11-11 16:00:00,0.0,0.0
2056-11-11 17:00:00,0.0,0.0
2056-11-11 18:00:00,0.0,0.0
2056-11-11 19:00:00,0.0,0.0
2056-11-11 20:00:00,0.0,0.0
2056-11-11 21:00:00,0.0,0.0
2056-11-11 22:00:00,0.0,0.0
2056-11-11 23:00:00,0.0,0.0
2056-11-12 00:00:00,0.0,0.0
2056-11-12 01:00:00,0.0,0.0
2056-11-12 02:00:00,0.0,0.0
2056-11-12 03:00:00,0.0,54.18681088556365
2056-11-12 04:00:00,0.0,142.81795117125304
2056-11-12 05:00:00,0.0,212.96676836419203
2056-11-12 06:00:00,0.0,256.23220651313045
2056-11-12 07:00:00,0.0,276.8147935936934
2056-11-12 08:00:00,0.0,272.1942128205058
2056-11-12 09:00:00,0.0,234.80951383744252
2056-11-12 10:00:00,0.0,183.56307253481643
2056-11-12 11:00:00,0.0,113.83430813943994
2056-11-12 12:00:00,0.0,51.6664941001886
2056-11-12 13:00:00,0.0,4.620580773187599
2056-11-12 14:00:00,0.0,0.0
2056-11-12 15:00:00,0.0,0.0
2056-11-12 16:00:00,0.0,0.0
2056-11-12 17:00:00,0.0,0.0
2056-11-12 18:00:00,0.0,0.0
2056-11-12 19:00:00,0.0,0.0
2056-11-12 20:00:00,0.0,0.0
2056-11-12 21:00:00,0.0,0.0
2056-11-12 22:00:00,0.0,0.0
2056-11-12 23:00:00,0.0,0.0
2056-11-13 00:00:00,0.0,0.0
2056-11-13 01:00:00,0.0,0.0
2056-11-13 02:00:00,0.0,0.0
2056-11-13 03:00:00,0.0,63.84802522950136
2056-11-13 04:00:00,0.0,158.3599046810659
2056-11-13 05:00:00,0.0,231.02903865937995
2056-11-13 06:00:00,0.0,278.07495198638094
2056-11-13 07:00:00,0.0,300.3377502571939
2056-11-13 08:00:00,0.0,303.698172637694
2056-11-13 09:00:00,0.0,286.89606073519366
2056-11-13 10:00:00,0.0,246.99104496675525
2056-11-13 11:00:00,0.0,179.78259735675383
2056-11-13 12:00:00,0.0,96.19209064181453
2056-11-13 13:00:00,0.0,6.720844761000143
2056-11-13 14:00:00,0.0,0.0
2056-11-13 15:00:00,0.0,0.0
2056-11-13 16:00:00,0.0,0.0
2056-11-13 17:00:00,0.0,0.0
2056-11-13 18:00:00,0.0,0.0
2056-11-13 19:00:00,0.0,0.0
2056-11-13 20:00:00,0.0,0.0
2056-11-13 21:00:00,0.0,0.0
2056-11-13 22:00:00,0.0,0.0
2056-11-13 23:00:00,0.0,0.0
2056-11-14 00:00:00,0.0,0.0
2056-11-14 01:00:00,0.0,0.0
2056-11-14 02:00:00,0.0,0.0
2056-11-14 03:00:00,0.0,66.3683420148764
2056-11-14 04:00:00,0.0,163.8205910493785
2056-11-14 05:00:00,0.0,235.64961943256753
2056-11-14 06:00:00,0.0,283.11558555713106
2056-11-14 07:00:00,0.0,307.058595018194
2056-11-14 08:00:00,0.0,310.4190173986941
2056-11-14 09:00:00,0.0,293.19685269863123
2056-11-14 10:00:00,0.0,254.5519953228804
2056-11-14 11:00:00,0.0,193.2242868787541
2056-11-14 12:00:00,0.0,107.5335161760023
2056-11-14 13:00:00,0.0,7.5609503561251605
2056-11-14 14:00:00,0.0,0.0
2056-11-14 15:00:00,0.0,0.0
2056-11-14 16:00:00,0.0,0.0
2056-11-14 17:00:00,0.0,0.0
2056-11-14 18:00:00,0.0,0.0
2056-11-14 19:00:00,0.0,0.0
2056-11-14 20:00:00,0.0,0.0
2056-11-14 21:00:00,0.0,0.0
2056-11-14 22:00:00,0.0,0.0
2056-11-14 23:00:00,0.0,0.0
2056-11-15 00:00:00,0.0,0.0
2056-11-15 01:00:00,0.0,0.0
2056-11-15 02:00:00,0.0,0.0
2056-11-15 03:00:00,0.0,69.30871159781398
2056-11-15 04:00:00,0.0,165.5008022396285
2056-11-15 05:00:00,0.0,236.48972502769254
2056-11-15 06:00:00,0.0,285.2158495449436
2056-11-15 07:00:00,0.0,310.4190173986941
2056-11-15 08:00:00,0.0,313.35938698163164
2056-11-15 09:00:00,0.0,295.7171694840063
2056-11-15 10:00:00,0.0,257.0723121082555
2056-11-15 11:00:00,0.0,195.32455086656665
2056-11-15 12:00:00,0.0,110.89393855650235
2056-11-15 13:00:00,0.0,8.821108748812687
2056-11-15 14:00:00,0.0,0.0
2056-11-15 15:00:00,0.0,0.0
2056-11-15 16:00:00,0.0,0.0
2056-11-15 17:00:00,0.0,0.0
2056-11-15 18:00:00,0.0,0.0
2056-11-15 19:00:00,0.0,0.0
2056-11-15 20:00:00,0.0,0.0
2056-11-15 21:00:00,0.0,0.0
2056-11-15 22:00:00,0.0,0.0
2056-11-15 23:00:00,0.0,0.0
2056-11-16 00:00:00,0.0,0.0
2056-11-16 01:00:00,0.0,0.0
2056-11-16 02:00:00,0.0,0.0
2056-11-16 03:00:00,0.0,73.50923957343907
2056-11-16 04:00:00,0.0,170.1213830128161
2056-11-16 05:00:00,0.0,241.95041139600514
2056-11-16 06:00:00,0.0,288.5762719254437
2056-11-16 07:00:00,0.0,311.6791757913816
2056-11-16 08:00:00,0.0,314.19949257675665
2056-11-16 09:00:00,0.0,296.5572750791313
2056-11-16 10:00:00,0.0,257.0723121082555
2056-11-16 11:00:00,0.0,194.90449806900415
2056-11-16 12:00:00,0.0,109.21372736625233
2056-11-16 13:00:00,0.0,7.98100315368767
2056-11-16 14:00:00,0.0,0.0
2056-11-16 15:00:00,0.0,0.0
2056-11-16 16:00:00,0.0,0.0
2056-11-16 17:00:00,0.0,0.0
2056-11-16 18:00:00,0.0,0.0
2056-11-16 19:00:00,0.0,0.0
2056-11-16 20:00:00,0.0,0.0
2056-11-16 21:00:00,0.0,0.0
2056-11-16 22:00:00,0.0,0.0
2056-11-16 23:00:00,0.0,0.0
2056-11-17 00:00:00,0.0,0.0
2056-11-17 01:00:00,0.0,0.0
2056-11-17 02:00:00,0.0,0.0
2056-11-17 03:00:00,0.0,39.48496297087584
2056-11-17 04:00:00,0.0,117.19473051994
2056-11-17 05:00:00,0.0,191.54407568850408
2056-11-17 06:00:00,0.0,238.1699362179426
2056-11-17 07:00:00,0.0,256.652259310693
2056-11-17 08:00:00,0.0,244.89078097894273
2056-11-17 09:00:00,0.0,214.22692675687958
2056-11-17 10:00:00,0.0,167.6010662274411
2056-11-17 11:00:00,0.0,114.25436093700243
2056-11-17 12:00:00,0.0,55.02691648068868
2056-11-17 13:00:00,0.0,1.6802111902500358
2056-11-17 14:00:00,0.0,0.0
2056-11-17 15:00:00,0.0,0.0
2056-11-17 16:00:00,0.0,0.0
2056-11-17 17:00:00,0.0,0.0
2056-11-17 18:00:00,0.0,0.0
2056-11-17 19:00:00,0.0,0.0
2056-11-17 20:00:00,0.0,0.0
2056-11-17 21:00:00,0.0,0.0
2056-11-17 22:00:00,0.0,0.0
2056-11-17 23:00:00,0.0,0.0
2056-11-18 00:00:00,0.0,0.0
2056-11-18 01:00:00,0.0,0.0
2056-11-18 02:00:00,0.0,0.0
2056-11-18 03:00:00,0.0,47.045913327001
2056-11-18 04:00:00,0.0,109.63378016381483
2056-11-18 05:00:00,0.0,168.02111902500357
2056-11-18 06:00:00,0.0,206.6659764007544
2056-11-18 07:00:00,0.0,228.92877467156737
2056-11-18 08:00:00,0.0,249.5113617521303
2056-11-18 09:00:00,0.0,267.1535792497557
2056-11-18 10:00:00,0.0,241.95041139600514
2056-11-18 11:00:00,0.0,180.20265015431633
2056-11-18 12:00:00,0.0,84.85066510762682
2056-11-18 13:00:00,0.0,3.3604223805000717
2056-11-18 14:00:00,0.0,0.0
2056-11-18 15:00:00,0.0,0.0
2056-11-18 16:00:00,0.0,0.0
2056-11-18 17:00:00,0.0,0.0
2056-11-18 18:00:00,0.0,0.0
2056-11-18 19:00:00,0.0,0.0
2056-11-18 20:00:00,0.0,0.0
2056-11-18 21:00:00,0.0,0.0
2056-11-18 22:00:00,0.0,0.0
2056-11-18 23:00:00,0.0,0.0
2056-11-19 00:00:00,0.0,0.0
2056-11-19 01:00:00,0.0,0.0
2056-11-19 02:00:00,0.0,0.0
2056-11-19 03:00:00,0.0,46.62586052943849
2056-11-19 04:00:00,0.0,139.03747599319047
2056-11-19 05:00:00,0.0,210.8665043763795
2056-11-19 06:00:00,0.0,247.8311505618803
2056-11-19 07:00:00,0.0,277.2348463912559
2056-11-19 08:00:00,0.0,289.83643031813114
2056-11-19 09:00:00,0.0,275.13458240344335
2056-11-19 10:00:00,0.0,233.549355444755
2056-11-19 11:00:00,0.0,167.18101342987856
2056-11-19 12:00:00,0.0,72.24908118075153
2056-11-19 13:00:00,0.0,2.940369582937563
2056-11-19 14:00:00,0.0,0.0
2056-11-19 15:00:00,0.0,0.0
2056-11-19 16:00:00,0.0,0.0
2056-11-19 17:00:00,0.0,0.0
2056-11-19 18:00:00,0.0,0.0
2056-11-19 19:00:00,0.0,0.0
2056-11-19 20:00:00,0.0,0.0
2056-11-19 21:00:00,0.0,0.0
2056-11-19 22:00:00,0.0,0.0
2056-11-19 23:00:00,0.0,0.0
2056-11-20 00:00:00,0.0,0.0
2056-11-20 01:00:00,0.0,0.0
2056-11-20 02:00:00,0.0,0.0
2056-11-20 03:00:00,0.0,46.62586052943849
2056-11-20 04:00:00,0.0,132.31663123219033
2056-11-20 05:00:00,0.0,206.6659764007544
2056-11-20 06:00:00,0.0,245.31083377650523
2056-11-20 07:00:00,0.0,267.1535792497557
2056-11-20 08:00:00,0.0,266.7335264521932
2056-11-20 09:00:00,0.0,241.53035859844263
2056-11-20 10:00:00,0.0,202.04539562756682
2056-11-20 11:00:00,0.0,138.19737039806543
2056-11-20 12:00:00,0.0,51.24644130262609
2056-11-20 13:00:00,0.0,0.8401055951250179
2056-11-20 14:00:00,0.0,0.0
2056-11-20 15:00:00,0.0,0.0
2056-11-20 16:00:00,0.0,0.0
2056-11-20 17:00:00,0.0,0.0
2056-11-20 18:00:00,0.0,0.0
2056-11-20 19:00:00,0.0,0.0
2056-11-20 20:00:00,0.0,0.0
2056-11-20 21:00:00,0.0,0.0
2056-11-20 22:00:00,0.0,0.0
2056-11-20 23:00:00,0.0,0.0
2056-11-21 00:00:00,0.0,0.0
2056-11-21 01:00:00,0.0,0.0
2056-11-21 02:00:00,0.0,0.0
2056-11-21 03:00:00,0.0,41.165174161125876
2056-11-21 04:00:00,0.0,131.8965784346278
2056-11-21 05:00:00,0.0,211.286557173942
2056-11-21 06:00:00,0.0,267.5736320473182
2056-11-21 07:00:00,0.0,291.09658871081865
2056-11-21 08:00:00,0.0,292.77679990106867
2056-11-21 09:00:00,0.0,279.33511037906845
2056-11-21 10:00:00,0.0,238.1699362179426
2056-11-21 11:00:00,0.0,173.48180539331617
2056-11-21 12:00:00,0.0,86.11082350031434
2056-11-21 13:00:00,0.0,3.7804751780625803
2056-11-21 14:00:00,0.0,0.0
2056-11-21 15:00:00,0.0,0.0
2056-11-21 16:00:00,0.0,0.0
2056-11-21 17:00:00,0.0,0.0
2056-11-21 18:00:00,0.0,0.0
2056-11-21 19:00:00,0.0,0.0
2056-11-21 20:00:00,0.0,0.0
2056-11-21 21:00:00,0.0,0.0
2056-11-21 22:00:00,0.0,0.0
2056-11-21 23:00:00,0.0,0.0
2056-11-22 00:00:00,0.0,0.0
2056-11-22 01:00:00,0.0,0.0
2056-11-22 02:00:00,0.0,0.0
2056-11-22 03:00:00,0.0,38.644857375750824
2056-11-22 04:00:00,0.0,104.59314659306472
2056-11-22 05:00:00,0.0,158.3599046810659
2056-11-22 06:00:00,0.0,198.26492044950422
2056-11-22 07:00:00,0.0,231.44909145694243
2056-11-22 08:00:00,0.0,260.85278728631806
2056-11-22 09:00:00,0.0,251.1915729423803
2056-11-22 10:00:00,0.0,209.60634598369197
2056-11-22 11:00:00,0.0,157.51979908594086
2056-11-22 12:00:00,0.0,71.82902838318904
2056-11-22 13:00:00,0.0,1.2601583926875268
2056-11-22 14:00:00,0.0,0.0
2056-11-22 15:00:00,0.0,0.0
2056-11-22 16:00:00,0.0,0.0
2056-11-22 17:00:00,0.0,0.0
2056-11-22 18:00:00,0.0,0.0
2056-11-22 19:00:00,0.0,0.0
2056-11-22 20:00:00,0.0,0.0
2056-11-22 21:00:00,0.0,0.0
2056-11-22 22:00:00,0.0,0.0
2056-11-22 23:00:00,0.0,0.0
2056-11-23 00:00:00,0.0,0.0
2056-11-23 01:00:00,0.0,0.0
2056-11-23 02:00:00,0.0,0.0
2056-11-23 03:00:00,0.0,46.62586052943849
2056-11-23 04:00:00,0.0,141.55779277856553
2056-11-23 05:00:00,0.0,214.22692675687958
2056-11-23 06:00:00,0.0,259.5926288936305
2056-11-23 07:00:00,0.0,282.275479962006
2056-11-23 08:00:00,0.0,282.275479962006
2056-11-23 09:00:00,0.0,265.05331526194317
2056-11-23 10:00:00,0.0,222.62798270812974
2056-11-23 11:00:00,0.0,154.99948230056577
2056-11-23 12:00:00,0.0,62.167814039251326
2056-11-23 13:00:00,0.0,2.1002639878125446
2056-11-23 14:00:00,0.0,0.0
2056-11-23 15:00:00,0.0,0.0
2056-11-23 16:00:00,0.0,0.0
2056-11-23 17:00:00,0.0,0.0
2056-11-23 18:00:00,0.0,0.0
2056-11-23 19:00:00,0.0,0.0
2056-11-23 20:00:00,0.0,0.0
2056-11-23 21:00:00,0.0,0.0
2056-11-23 22:00:00,0.0,0.0
2056-11-23 23:00:00,0.0,0.0
2056-11-24 00:00:00,0.0,0.0
2056-11-24 01:00:00,0.0,0.0
2056-11-24 02:00:00,0.0,0.0
2056-11-24 03:00:00,0.0,52.50659969531362
2056-11-24 04:00:00,0.0,145.75832075419058
2056-11-24 05:00:00,0.0,218.84750753006716
2056-11-24 06:00:00,0.0,267.1535792497557
2056-11-24 07:00:00,0.0,291.9366943059437
2056-11-24 08:00:00,0.0,295.29711668644376
2056-11-24 09:00:00,0.0,278.4950047839434
2056-11-24 10:00:00,0.0,229.3488274691299
2056-11-24 11:00:00,0.0,170.1213830128161
2056-11-24 12:00:00,0.0,74.76939796612659
2056-11-24 13:00:00,0.0,2.940369582937563
2056-11-24 14:00:00,0.0,0.0
2056-11-24 15:00:00,0.0,0.0
2056-11-24 16:00:00,0.0,0.0
2056-11-24 17:00:00,0.0,0.0
2056-11-24 18:00:00,0.0,0.0
2056-11-24 19:00:00,0.0,0.0
2056-11-24 20:00:00,0.0,0.0
2056-11-24 21:00:00,0.0,0.0
2056-11-24 22:00:00,0.0,0.0
2056-11-24 23:00:00,0.0,0.0
2056-11-25 00:00:00,0.0,0.0
2056-11-25 01:00:00,0.0,0.0
2056-11-25 02:00:00,0.0,0.0
2056-11-25 03:00:00,0.0,54.606863683126164
2056-11-25 04:00:00,0.0,149.95884872981568
2056-11-25 05:00:00,0.0,224.30819389837976
2056-11-25 06:00:00,0.0,272.1942128205058
2056-11-25 07:00:00,0.0,296.5572750791313
2056-11-25 08:00:00,0.0,299.9176974596314
2056-11-25 09:00:00,0.0,282.275479962006
2056-11-25 10:00:00,0.0,243.63062258625516
2056-11-25 11:00:00,0.0,179.3625445591913
2056-11-25 12:00:00,0.0,92.41161546375196
2056-11-25 13:00:00,0.0,3.7804751780625803
2056-11-25 14:00:00,0.0,0.0
2056-11-25 15:00:00,0.0,0.0
2056-11-25 16:00:00,0.0,0.0
2056-11-25 17:00:00,0.0,0.0
2056-11-25 18:00:00,0.0,0.0
2056-11-25 19:00:00,0.0,0.0
2056-11-25 20:00:00,0.0,0.0
2056-11-25 21:00:00,0.0,0.0
2056-11-25 22:00:00,0.0,0.0
2056-11-25 23:00:00,0.0,0.0
2056-11-26 00:00:00,0.0,0.0
2056-11-26 01:00:00,0.0,0.0
2056-11-26 02:00:00,0.0,0.0
2056-11-26 03:00:00,0.0,59.64749725387627
2056-11-26 04:00:00,0.0,156.67969349081582
2056-11-26 05:00:00,0.0,229.7688802666924
2056-11-26 06:00:00,0.0,278.4950047839434
2056-11-26 07:00:00,0.0,303.27811984013147
2056-11-26 08:00:00,0.0,306.6385422206315
2056-11-26 09:00:00,0.0,288.9963247230061
2056-11-26 10:00:00,0.0,249.5113617521303
2056-11-26 11:00:00,0.0,186.08338932019146
2056-11-26 12:00:00,0.0,98.7124074271896
2056-11-26 13:00:00,0.0,4.620580773187599
2056-11-26 14:00:00,0.0,0.0
2056-11-26 15:00:00,0.0,0.0
2056-11-26 16:00:00,0.0,0.0
2056-11-26 17:00:00,0.0,0.0
2056-11-26 18:00:00,0.0,0.0
2056-11-26 19:00:00,0.0,0.0
2056-11-26 20:00:00,0.0,0.0
2056-11-26 21:00:00,0.0,0.0
2056-11-26 22:00:00,0.0,0.0
2056-11-26 23:00:00,0.0,0.0
2056-11-27 00:00:00,0.0,0.0
2056-11-27 01:00:00,0.0,0.0
2056-11-27 02:00:00,0.0,0.0
2056-11-27 03:00:00,0.0,50.40633570750107
2056-11-27 04:00:00,0.0,151.63905992006573
2056-11-27 05:00:00,0.0,224.30819389837976
2056-11-27 06:00:00,0.0,267.9936848448807
2056-11-27 07:00:00,0.0,297.3973806742563
2056-11-27 08:00:00,0.0,302.01796144744395
2056-11-27 09:00:00,0.0,282.69553275956855
2056-11-27 10:00:00,0.0,240.6902530033176
2056-11-27 11:00:00,0.0,178.52243896406628
2056-11-27 12:00:00,0.0,92.41161546375196
2056-11-27 13:00:00,0.0,4.200527975625089
2056-11-27 14:00:00,0.0,0.0
2056-11-27 15:00:00,0.0,0.0
2056-11-27 16:00:00,0.0,0.0
2056-11-27 17:00:00,0.0,0.0
2056-11-27 18:00:00,0.0,0.0
2056-11-27 19:00:00,0.0,0.0
2056-11-27 20:00:00,0.0,0.0
2056-11-27 21:00:00,0.0,0.0
2056-11-27 22:00:00,0.0,0.0
2056-11-27 23:00:00,0.0,0.0
2056-11-28 00:00:00,0.0,0.0
2056-11-28 01:00:00,0.0,0.0
2056-11-28 02:00:00,0.0,0.0
2056-11-28 03:00:00,0.0,66.3683420148764
2056-11-28 04:00:00,0.0,163.8205910493785
2056-11-28 05:00:00,0.0,236.48972502769254
2056-11-28 06:00:00,0.0,283.53563835469356
2056-11-28 07:00:00,0.0,307.058595018194
2056-11-28 08:00:00,0.0,309.5789118035691
2056-11-28 09:00:00,0.0,291.09658871081865
2056-11-28 10:00:00,0.0,250.77152014481786
2056-11-28 11:00:00,0.0,186.92349491531647
2056-11-28 12:00:00,0.0,98.7124074271896
2056-11-28 13:00:00,0.0,4.620580773187599
2056-11-28 14:00:00,0.0,0.0
2056-11-28 15:00:00,0.0,0.0
2056-11-28 16:00:00,0.0,0.0
2056-11-28 17:00:00,0.0,0.0
2056-11-28 18:00:00,0.0,0.0
2056-11-28 19:00:00,0.0,0.0
2056-11-28 20:00:00,0.0,0.0
2056-11-28 21:00:00,0.0,0.0
2056-11-28 22:00:00,0.0,0.0
2056-11-28 23:00:00,0.0,0.0
2056-11-29 00:00:00,0.0,0.0
2056-11-29 01:00:00,0.0,0.0
2056-11-29 02:00:00,0.0,0.0
2056-11-29 03:00:00,0.0,64.26807802706388
2056-11-29 04:00:00,0.0,162.14037985912847
2056-11-29 05:00:00,0.0,233.96940824231748
2056-11-29 06:00:00,0.0,281.01532156931853
2056-11-29 07:00:00,0.0,304.9583310303815
2056-11-29 08:00:00,0.0,307.4786478157566
2056-11-29 09:00:00,0.0,288.9963247230061
2056-11-29 10:00:00,0.0,248.6712561570053
2056-11-29 11:00:00,0.0,183.9831253323789
2056-11-29 12:00:00,0.0,98.29235462962708
2056-11-29 13:00:00,0.0,5.040633570750107
2056-11-29 14:00:00,0.0,0.0
2056-11-29 15:00:00,0.0,0.0
2056-11-29 16:00:00,0.0,0.0
2056-11-29 17:00:00,0.0,0.0
2056-11-29 18:00:00,0.0,0.0
2056-11-29 19:00:00,0.0,0.0
2056-11-29 20:00:00,0.0,0.0
2056-11-29 21:00:00,0.0,0.0
2056-11-29 22:00:00,0.0,0.0
2056-11-29 23:00:00,0.0,0.0
2056-11-30 00:00:00,0.0,0.0
2056-11-30 01:00:00,0.0,0.0
2056-11-30 02:00:00,0.0,0.0
2056-11-30 03:00:00,0.0,63.84802522950136
2056-11-30 04:00:00,0.0,160.88022146644093
2056-11-30 05:00:00,0.0,233.96940824231748
2056-11-30 06:00:00,0.0,280.59526877175597
2056-11-30 07:00:00,0.0,304.9583310303815
2056-11-30 08:00:00,0.0,307.898700613319
2056-11-30 09:00:00,0.0,289.83643031813114
2056-11-30 10:00:00,0.0,250.35146734725532
2056-11-30 11:00:00,0.0,186.92349491531647
2056-11-30 12:00:00,0.0,99.13246022475211
2056-11-30 13:00:00,0.0,4.620580773187599
2056-11-30 14:00:00,0.0,0.0
2056-11-30 15:00:00,0.0,0.0
2056-11-30 16:00:00,0.0,0.0
2056-11-30 17:00:00,0.0,0.0
2056-11-30 18:00:00,0.0,0.0
2056-11-30 19:00:00,0.0,0.0
2056-11-30 20:00:00,0.0,0.0
2056-11-30 21:00:00,0.0,0.0
2056-11-30 22:00:00,0.0,0.0
2056-11-30 23:00:00,0.0,0.0
2056-12-01 00:00:00,0.0,0.0
2056-12-01 01:00:00,0.0,0.0
2056-12-01 02:00:00,0.0,0.0
2056-12-01 03:00:00,0.0,54.18681088556365
2056-12-01 04:00:00,0.0,144.49816236150306
2056-12-01 05:00:00,0.0,226.40845788619234
2056-12-01 06:00:00,0.0,267.5736320473182
2056-12-01 07:00:00,0.0,293.61690549619374
2056-12-01 08:00:00,0.0,291.9366943059437
2056-12-01 09:00:00,0.0,275.5546352010059
2056-12-01 10:00:00,0.0,230.18893306425488
2056-12-01 11:00:00,0.0,166.76096063231606
2056-12-01 12:00:00,0.0,64.68813082462638
2056-12-01 13:00:00,0.0,1.6802111902500358
2056-12-01 14:00:00,0.0,0.0
2056-12-01 15:00:00,0.0,0.0
2056-12-01 16:00:00,0.0,0.0
2056-12-01 17:00:00,0.0,0.0
2056-12-01 18:00:00,0.0,0.0
2056-12-01 19:00:00,0.0,0.0
2056-12-01 20:00:00,0.0,0.0
2056-12-01 21:00:00,0.0,0.0
2056-12-01 22:00:00,0.0,0.0
2056-12-01 23:00:00,0.0,0.0
2056-12-02 00:00:00,0.0,0.0
2056-12-02 01:00:00,0.0,0.0
2056-12-02 02:00:00,0.0,0.0
2056-12-02 03:00:00,0.0,44.10554374406344
2056-12-02 04:00:00,0.0,121.81531129312758
2056-12-02 05:00:00,0.0,191.12402289094157
2056-12-02 06:00:00,0.0,258.75252329850554
2056-12-02 07:00:00,0.0,289.83643031813114
2056-12-02 08:00:00,0.0,292.3567471035062
2056-12-02 09:00:00,0.0,271.7741600229433
2056-12-02 10:00:00,0.0,227.24856348131735
2056-12-02 11:00:00,0.0,155.8395878956908
2056-12-02 12:00:00,0.0,70.5688699905015
2056-12-02 13:00:00,0.0,2.5203167853750537
2056-12-02 14:00:00,0.0,0.0
2056-12-02 15:00:00,0.0,0.0
2056-12-02 16:00:00,0.0,0.0
2056-12-02 17:00:00,0.0,0.0
2056-12-02 18:00:00,0.0,0.0
2056-12-02 19:00:00,0.0,0.0
2056-12-02 20:00:00,0.0,0.0
2056-12-02 21:00:00,0.0,0.0
2056-12-02 22:00:00,0.0,0.0
2056-12-02 23:00:00,0.0,0.0
2056-12-03 00:00:00,0.0,0.0
2056-12-03 01:00:00,0.0,0.0
2056-12-03 02:00:00,0.0,0.0
2056-12-03 03:00:00,0.0,49.14617731481354
2056-12-03 04:00:00,0.0,138.19737039806543
2056-12-03 05:00:00,0.0,207.08602919831688
2056-12-03 06:00:00,0.0,255.39210091800544
2056-12-03 07:00:00,0.0,281.01532156931853
2056-12-03 08:00:00,0.0,284.3757439498185
2056-12-03 09:00:00,0.0,272.1942128205058
2056-12-03 10:00:00,0.0,241.11030580088013
2056-12-03 11:00:00,0.0,179.78259735675383
2056-12-03 12:00:00,0.0,91.99156266618945
2056-12-03 13:00:00,0.0,3.3604223805000717
2056-12-03 14:00:00,0.0,0.0
2056-12-03 15:00:00,0.0,0.0
2056-12-03 16:00:00,0.0,0.0
2056-12-03 17:00:00,0.0,0.0
2056-12-03 18:00:00,0.0,0.0
2056-12-03 19:00:00,0.0,0.0
2056-12-03 20:00:00,0.0,0.0
2056-12-03 21:00:00,0.0,0.0
2056-12-03 22:00:00,0.0,0.0
2056-12-03 23:00:00,0.0,0.0
2056-12-04 00:00:00,0.0,0.0
2056-12-04 01:00:00,0.0,0.0
2056-12-04 02:00:00,0.0,0.0
2056-12-04 03:00:00,0.0,44.525596541625944
2056-12-04 04:00:00,0.0,137.77731760050295
2056-12-04 05:00:00,0.0,215.0670323520046
2056-12-04 06:00:00,0.0,264.63326246438066
2056-12-04 07:00:00,0.0,289.83643031813114
2056-12-04 08:00:00,0.0,291.5166415083812
2056-12-04 09:00:00,0.0,242.37046419356767
2056-12-04 10:00:00,0.0,191.54407568850408
2056-12-04 11:00:00,0.0,118.87494171019004
2056-12-04 12:00:00,0.0,48.726124517251044
2056-12-04 13:00:00,0.0,0.0
2056-12-04 14:00:00,0.0,0.0
2056-12-04 15:00:00,0.0,0.0
2056-12-04 16:00:00,0.0,0.0
2056-12-04 17:00:00,0.0,0.0
2056-12-04 18:00:00,0.0,0.0
2056-12-04 19:00:00,0.0,0.0
2056-12-04 20:00:00,0.0,0.0
2056-12-04 21:00:00,0.0,0.0
2056-12-04 22:00:00,0.0,0.0
2056-12-04 23:00:00,0.0,0.0
2056-12-05 00:00:00,0.0,0.0
2056-12-05 01:00:00,0.0,0.0
2056-12-05 02:00:00,0.0,0.0
2056-12-05 03:00:00,0.0,25.203167853750536
2056-12-05 04:00:00,0.0,92.41161546375196
2056-12-05 05:00:00,0.0,156.67969349081582
2056-12-05 06:00:00,0.0,213.38682116175454
2056-12-05 07:00:00,0.0,242.37046419356767
2056-12-05 08:00:00,0.0,243.21056978869265
2056-12-05 09:00:00,0.0,223.04803550569224
2056-12-05 10:00:00,0.0,181.88286134456635
2056-12-05 11:00:00,0.0,121.39525849556506
2056-12-05 12:00:00,0.0,51.6664941001886
2056-12-05 13:00:00,0.0,0.0
2056-12-05 14:00:00,0.0,0.0
2056-12-05 15:00:00,0.0,0.0
2056-12-05 16:00:00,0.0,0.0
2056-12-05 17:00:00,0.0,0.0
2056-12-05 18:00:00,0.0,0.0
2056-12-05 19:00:00,0.0,0.0
2056-12-05 20:00:00,0.0,0.0
2056-12-05 21:00:00,0.0,0.0
2056-12-05 22:00:00,0.0,0.0
2056-12-05 23:00:00,0.0,0.0
2056-12-06 00:00:00,0.0,0.0
2056-12-06 01:00:00,0.0,0.0
2056-12-06 02:00:00,0.0,0.0
2056-12-06 03:00:00,0.0,23.10290386593799
2056-12-06 04:00:00,0.0,85.27071790518931
2056-12-06 05:00:00,0.0,168.8612246201286
2056-12-06 06:00:00,0.0,230.18893306425488
2056-12-06 07:00:00,0.0,263.7931568692556
2056-12-06 08:00:00,0.0,262.9530512741306
2056-12-06 09:00:00,0.0,233.1293026471925
2056-12-06 10:00:00,0.0,178.10238616650378
2056-12-06 11:00:00,0.0,120.55515290044006
2056-12-06 12:00:00,0.0,45.78575493431347
2056-12-06 13:00:00,0.0,0.0
2056-12-06 14:00:00,0.0,0.0
2056-12-06 15:00:00,0.0,0.0
2056-12-06 16:00:00,0.0,0.0
2056-12-06 17:00:00,0.0,0.0
2056-12-06 18:00:00,0.0,0.0
2056-12-06 19:00:00,0.0,0.0
2056-12-06 20:00:00,0.0,0.0
2056-12-06 21:00:00,0.0,0.0
2056-12-06 22:00:00,0.0,0.0
2056-12-06 23:00:00,0.0,0.0
2056-12-07 00:00:00,0.0,0.0
2056-12-07 01:00:00,0.0,0.0
2056-12-07 02:00:00,0.0,0.0
2056-12-07 03:00:00,0.0,26.883379044000574
2056-12-07 04:00:00,0.0,95.77203784425204
2056-12-07 05:00:00,0.0,181.46280854700387
2056-12-07 06:00:00,0.0,236.06967223013
2056-12-07 07:00:00,0.0,263.3731040716931
2056-12-07 08:00:00,0.0,270.93405442781824
2056-12-07 09:00:00,0.0,262.9530512741306
2056-12-07 10:00:00,0.0,221.7878771130047
2056-12-07 11:00:00,0.0,155.4195350981283
2056-12-07 12:00:00,0.0,69.72876439537649
2056-12-07 13:00:00,0.0,1.2601583926875268
2056-12-07 14:00:00,0.0,0.0
2056-12-07 15:00:00,0.0,0.0
2056-12-07 16:00:00,0.0,0.0
2056-12-07 17:00:00,0.0,0.0
2056-12-07 18:00:00,0.0,0.0
2056-12-07 19:00:00,0.0,0.0
2056-12-07 20:00:00,0.0,0.0
2056-12-07 21:00:00,0.0,0.0
2056-12-07 22:00:00,0.0,0.0
2056-12-07 23:00:00,0.0,0.0
2056-12-08 00:00:00,0.0,0.0
2056-12-08 01:00:00,0.0,0.0
2056-12-08 02:00:00,0.0,0.0
2056-12-08 03:00:00,0.0,43.26543814893842
2056-12-08 04:00:00,0.0,131.8965784346278
2056-12-08 05:00:00,0.0,210.02639878125447
2056-12-08 06:00:00,0.0,260.012681691193
2056-12-08 07:00:00,0.0,285.2158495449436
2056-12-08 08:00:00,0.0,288.1562191278812
2056-12-08 09:00:00,0.0,266.7335264521932
2056-12-08 10:00:00,0.0,227.24856348131735
2056-12-08 11:00:00,0.0,162.98048545425348
2056-12-08 12:00:00,0.0,76.86966195393914
2056-12-08 13:00:00,0.0,1.6802111902500358
2056-12-08 14:00:00,0.0,0.0
2056-12-08 15:00:00,0.0,0.0
2056-12-08 16:00:00,0.0,0.0
2056-12-08 17:00:00,0.0,0.0
2056-12-08 18:00:00,0.0,0.0
2056-12-08 19:00:00,0.0,0.0
2056-12-08 20:00:00,0.0,0.0
2056-12-08 21:00:00,0.0,0.0
2056-12-08 22:00:00,0.0,0.0
2056-12-08 23:00:00,0.0,0.0
2056-12-09 00:00:00,0.0,0.0
2056-12-09 01:00:00,0.0,0.0
2056-12-09 02:00:00,0.0,0.0
2056-12-09 03:00:00,0.0,47.88601892212602
2056-12-09 04:00:00,0.0,141.137739981003
2056-12-09 05:00:00,0.0,214.64697955444208
2056-12-09 06:00:00,0.0,266.7335264521932
2056-12-09 07:00:00,0.0,292.3567471035062
2056-12-09 08:00:00,0.0,295.7171694840063
2056-12-09 09:00:00,0.0,278.91505758150595
2056-12-09 10:00:00,0.0,240.27020020575512
2056-12-09 11:00:00,0.0,177.68233336894127
2056-12-09 12:00:00,0.0,90.73140427350194
2056-12-09 13:00:00,0.0,2.940369582937563
2056-12-09 14:00:00,0.0,0.0
2056-12-09 15:00:00,0.0,0.0
2056-12-09 16:00:00,0.0,0.0
2056-12-09 17:00:00,0.0,0.0
2056-12-09 18:00:00,0.0,0.0
2056-12-09 19:00:00,0.0,0.0
2056-12-09 20:00:00,0.0,0.0
2056-12-09 21:00:00,0.0,0.0
2056-12-09 22:00:00,0.0,0.0
2056-12-09 23:00:00,0.0,0.0
2056-12-10 00:00:00,0.0,0.0
2056-12-10 01:00:00,0.0,0.0
2056-12-10 02:00:00,0.0,0.0
2056-12-10 03:00:00,0.0,59.64749725387627
2056-12-10 04:00:00,0.0,156.67969349081582
2056-12-10 05:00:00,0.0,228.92877467156737
2056-12-10 06:00:00,0.0,275.13458240344335
2056-12-10 07:00:00,0.0,298.6575390669438
2056-12-10 08:00:00,0.0,300.7578030547564
2056-12-10 09:00:00,0.0,282.275479962006
2056-12-10 10:00:00,0.0,242.37046419356767
2056-12-10 11:00:00,0.0,179.3625445591913
2056-12-10 12:00:00,0.0,92.83166826131448
2056-12-10 13:00:00,0.0,3.3604223805000717
2056-12-10 14:00:00,0.0,0.0
2056-12-10 15:00:00,0.0,0.0
2056-12-10 16:00:00,0.0,0.0
2056-12-10 17:00:00,0.0,0.0
2056-12-10 18:00:00,0.0,0.0
2056-12-10 19:00:00,0.0,0.0
2056-12-10 20:00:00,0.0,0.0
2056-12-10 21:00:00,0.0,0.0
2056-12-10 22:00:00,0.0,0.0
2056-12-10 23:00:00,0.0,0.0
2056-12-11 00:00:00,0.0,0.0
2056-12-11 01:00:00,0.0,0.0
2056-12-11 02:00:00,0.0,0.0
2056-12-11 03:00:00,0.0,52.086546897751106
2056-12-11 04:00:00,0.0,146.59842634931562
2056-12-11 05:00:00,0.0,218.84750753006716
2056-12-11 06:00:00,0.0,265.4733680595056
2056-12-11 07:00:00,0.0,288.5762719254437
2056-12-11 08:00:00,0.0,291.09658871081865
2056-12-11 09:00:00,0.0,270.93405442781824
2056-12-11 10:00:00,0.0,230.18893306425488
2056-12-11 11:00:00,0.0,165.08074944206604
2056-12-11 12:00:00,0.0,78.12982034662666
2056-12-11 13:00:00,0.0,0.8401055951250179
2056-12-11 14:00:00,0.0,0.0
2056-12-11 15:00:00,0.0,0.0
2056-12-11 16:00:00,0.0,0.0
2056-12-11 17:00:00,0.0,0.0
2056-12-11 18:00:00,0.0,0.0
2056-12-11 19:00:00,0.0,0.0
2056-12-11 20:00:00,0.0,0.0
2056-12-11 21:00:00,0.0,0.0
2056-12-11 22:00:00,0.0,0.0
2056-12-11 23:00:00,0.0,0.0
2056-12-12 00:00:00,0.0,0.0
2056-12-12 01:00:00,0.0,0.0
2056-12-12 02:00:00,0.0,0.0
2056-12-12 03:00:00,0.0,59.22744445631375
2056-12-12 04:00:00,0.0,159.20001027619088
2056-12-12 05:00:00,0.0,232.2891970520674
2056-12-12 06:00:00,0.0,279.33511037906845
2056-12-12 07:00:00,0.0,303.27811984013147
2056-12-12 08:00:00,0.0,305.7984366255065
2056-12-12 09:00:00,0.0,288.1562191278812
2056-12-12 10:00:00,0.0,248.2512033594428
2056-12-12 11:00:00,0.0,184.82323092750391
2056-12-12 12:00:00,0.0,97.45224903450207
2056-12-12 13:00:00,0.0,3.7804751780625803
2056-12-12 14:00:00,0.0,0.0
2056-12-12 15:00:00,0.0,0.0
2056-12-12 16:00:00,0.0,0.0
2056-12-12 17:00:00,0.0,0.0
2056-12-12 18:00:00,0.0,0.0
2056-12-12 19:00:00,0.0,0.0
2056-12-12 20:00:00,0.0,0.0
2056-12-12 21:00:00,0.0,0.0
2056-12-12 22:00:00,0.0,0.0
2056-12-12 23:00:00,0.0,0.0
2056-12-13 00:00:00,0.0,0.0
2056-12-13 01:00:00,0.0,0.0
2056-12-13 02:00:00,0.0,0.0
2056-12-13 03:00:00,0.0,60.06755005143878
2056-12-13 04:00:00,0.0,156.25964069325332
2056-12-13 05:00:00,0.0,227.66861627887988
2056-12-13 06:00:00,0.0,273.4543712131933
2056-12-13 07:00:00,0.0,296.97732787669383
2056-12-13 08:00:00,0.0,299.49764466206886
2056-12-13 09:00:00,0.0,281.435374366881
2056-12-13 10:00:00,0.0,242.37046419356767
2056-12-13 11:00:00,0.0,179.3625445591913
2056-12-13 12:00:00,0.0,91.15145707106444
2056-12-13 13:00:00,0.0,2.940369582937563
2056-12-13 14:00:00,0.0,0.0
2056-12-13 15:00:00,0.0,0.0
2056-12-13 16:00:00,0.0,0.0
2056-12-13 17:00:00,0.0,0.0
2056-12-13 18:00:00,0.0,0.0
2056-12-13 19:00:00,0.0,0.0
2056-12-13 20:00:00,0.0,0.0
2056-12-13 21:00:00,0.0,0.0
2056-12-13 22:00:00,0.0,0.0
2056-12-13 23:00:00,0.0,0.0
2056-12-14 00:00:00,0.0,0.0
2056-12-14 01:00:00,0.0,0.0
2056-12-14 02:00:00,0.0,0.0
2056-12-14 03:00:00,0.0,54.606863683126164
2056-12-14 04:00:00,0.0,150.3789015273782
2056-12-14 05:00:00,0.0,223.04803550569224
2056-12-14 06:00:00,0.0,270.93405442781824
2056-12-14 07:00:00,0.0,295.29711668644376
2056-12-14 08:00:00,0.0,298.6575390669438
2056-12-14 09:00:00,0.0,281.435374366881
2056-12-14 10:00:00,0.0,241.95041139600514
2056-12-14 11:00:00,0.0,178.52243896406628
2056-12-14 12:00:00,0.0,90.31135147593943
2056-12-14 13:00:00,0.0,2.940369582937563
2056-12-14 14:00:00,0.0,0.0
2056-12-14 15:00:00,0.0,0.0
2056-12-14 16:00:00,0.0,0.0
2056-12-14 17:00:00,0.0,0.0
2056-12-14 18:00:00,0.0,0.0
2056-12-14 19:00:00,0.0,0.0
2056-12-14 20:00:00,0.0,0.0
2056-12-14 21:00:00,0.0,0.0
2056-12-14 22:00:00,0.0,0.0
2056-12-14 23:00:00,0.0,0.0
2056-12-15 00:00:00,0.0,0.0
2056-12-15 01:00:00,0.0,0.0
2056-12-15 02:00:00,0.0,0.0
2056-12-15 03:00:00,0.0,56.70712767093871
2056-12-15 04:00:00,0.0,152.0591127176282
2056-12-15 05:00:00,0.0,224.30819389837976
2056-12-15 06:00:00,0.0,269.6738960351308
2056-12-15 07:00:00,0.0,294.0369582937563
2056-12-15 08:00:00,0.0,297.3973806742563
2056-12-15 09:00:00,0.0,279.755163176631
2056-12-15 10:00:00,0.0,237.7498834203801
2056-12-15 11:00:00,0.0,173.48180539331617
2056-12-15 12:00:00,0.0,84.01055951250179
2056-12-15 13:00:00,0.0,2.5203167853750537
2056-12-15 14:00:00,0.0,0.0
2056-12-15 15:00:00,0.0,0.0
2056-12-15 16:00:00,0.0,0.0
2056-12-15 17:00:00,0.0,0.0
2056-12-15 18:00:00,0.0,0.0
2056-12-15 19:00:00,0.0,0.0
2056-12-15 20:00:00,0.0,0.0
2056-12-15 21:00:00,0.0,0.0
2056-12-15 22:00:00,0.0,0.0
2056-12-15 23:00:00,0.0,0.0
2056-12-16 00:00:00,0.0,0.0
2056-12-16 01:00:00,0.0,0.0
2056-12-16 02:00:00,0.0,0.0
2056-12-16 03:00:00,0.0,36.54459338793828
2056-12-16 04:00:00,0.0,118.034836115065
2056-12-16 05:00:00,0.0,216.7472435422546
2056-12-16 06:00:00,0.0,257.49236490581796
2056-12-16 07:00:00,0.0,294.0369582937563
2056-12-16 08:00:00,0.0,299.07759186450636
2056-12-16 09:00:00,0.0,281.435374366881
2056-12-16 10:00:00,0.0,245.31083377650523
2056-12-16 11:00:00,0.0,181.46280854700387
2056-12-16 12:00:00,0.0,79.81003153687669
2056-12-16 13:00:00,0.0,1.6802111902500358
2056-12-16 14:00:00,0.0,0.0
2056-12-16 15:00:00,0.0,0.0
2056-12-16 16:00:00,0.0,0.0
2056-12-16 17:00:00,0.0,0.0
2056-12-16 18:00:00,0.0,0.0
2056-12-16 19:00:00,0.0,0.0
2056-12-16 20:00:00,0.0,0.0
2056-12-16 21:00:00,0.0,0.0
2056-12-16 22:00:00,0.0,0.0
2056-12-16 23:00:00,0.0,0.0
2056-12-17 00:00:00,0.0,0.0
2056-12-17 01:00:00,0.0,0.0
2056-12-17 02:00:00,0.0,0.0
2056-12-17 03:00:00,0.0,33.1841710074382
2056-12-17 04:00:00,0.0,115.93457212725248
2056-12-17 05:00:00,0.0,188.18365330800404
2056-12-17 06:00:00,0.0,254.1319425253179
2056-12-17 07:00:00,0.0,295.29711668644376
2056-12-17 08:00:00,0.0,299.9176974596314
2056-12-17 09:00:00,0.0,283.53563835469356
2056-12-17 10:00:00,0.0,245.73088657406774
2056-12-17 11:00:00,0.0,183.1430197372539
2056-12-17 12:00:00,0.0,93.6717738564395
2056-12-17 13:00:00,0.0,2.940369582937563
2056-12-17 14:00:00,0.0,0.0
2056-12-17 15:00:00,0.0,0.0
2056-12-17 16:00:00,0.0,0.0
2056-12-17 17:00:00,0.0,0.0
2056-12-17 18:00:00,0.0,0.0
2056-12-17 19:00:00,0.0,0.0
2056-12-17 20:00:00,0.0,0.0
2056-12-17 21:00:00,0.0,0.0
2056-12-17 22:00:00,0.0,0.0
2056-12-17 23:00:00,0.0,0.0
2056-12-18 00:00:00,0.0,0.0
2056-12-18 01:00:00,0.0,0.0
2056-12-18 02:00:00,0.0,0.0
2056-12-18 03:00:00,0.0,48.726124517251044
2056-12-18 04:00:00,0.0,150.3789015273782
2056-12-18 05:00:00,0.0,223.46808830325477
2056-12-18 06:00:00,0.0,270.5140016302558
2056-12-18 07:00:00,0.0,294.0369582937563
2056-12-18 08:00:00,0.0,296.1372222815688
2056-12-18 09:00:00,0.0,277.2348463912559
2056-12-18 10:00:00,0.0,233.549355444755
2056-12-18 11:00:00,0.0,168.4411718225661
2056-12-18 12:00:00,0.0,81.91029552468925
2056-12-18 13:00:00,0.0,1.6802111902500358
2056-12-18 14:00:00,0.0,0.0
2056-12-18 15:00:00,0.0,0.0
2056-12-18 16:00:00,0.0,0.0
2056-12-18 17:00:00,0.0,0.0
2056-12-18 18:00:00,0.0,0.0
2056-12-18 19:00:00,0.0,0.0
2056-12-18 20:00:00,0.0,0.0
2056-12-18 21:00:00,0.0,0.0
2056-12-18 22:00:00,0.0,0.0
2056-12-18 23:00:00,0.0,0.0
2056-12-19 00:00:00,0.0,0.0
2056-12-19 01:00:00,0.0,0.0
2056-12-19 02:00:00,0.0,0.0
2056-12-19 03:00:00,0.0,39.06491017331333
2056-12-19 04:00:00,0.0,128.95620885169023
2056-12-19 05:00:00,0.0,204.56571241294185
2056-12-19 06:00:00,0.0,266.7335264521932
2056-12-19 07:00:00,0.0,290.2564831156937
2056-12-19 08:00:00,0.0,292.3567471035062
2056-12-19 09:00:00,0.0,269.25384323756816
2056-12-19 10:00:00,0.0,226.82851068375484
2056-12-19 11:00:00,0.0,159.62006307375339
2056-12-19 12:00:00,0.0,70.14881719293899
2056-12-19 13:00:00,0.0,0.0
2056-12-19 14:00:00,0.0,0.0
2056-12-19 15:00:00,0.0,0.0
2056-12-19 16:00:00,0.0,0.0
2056-12-19 17:00:00,0.0,0.0
2056-12-19 18:00:00,0.0,0.0
2056-12-19 19:00:00,0.0,0.0
2056-12-19 20:00:00,0.0,0.0
2056-12-19 21:00:00,0.0,0.0
2056-12-19 22:00:00,0.0,0.0
2056-12-19 23:00:00,0.0,0.0
2056-12-20 00:00:00,0.0,0.0
2056-12-20 01:00:00,0.0,0.0
2056-12-20 02:00:00,0.0,0.0
2056-12-20 03:00:00,0.0,46.62586052943849
2056-12-20 04:00:00,0.0,142.81795117125304
2056-12-20 05:00:00,0.0,218.42745473250466
2056-12-20 06:00:00,0.0,267.9936848448807
2056-12-20 07:00:00,0.0,293.19685269863123
2056-12-20 08:00:00,0.0,294.8770638888812
2056-12-20 09:00:00,0.0,272.1942128205058
2056-12-20 10:00:00,0.0,228.50872187400486
2056-12-20 11:00:00,0.0,151.63905992006573
2056-12-20 12:00:00,0.0,69.30871159781398
2056-12-20 13:00:00,0.0,0.8401055951250179
2056-12-20 14:00:00,0.0,0.0
2056-12-20 15:00:00,0.0,0.0
2056-12-20 16:00:00,0.0,0.0
2056-12-20 17:00:00,0.0,0.0
2056-12-20 18:00:00,0.0,0.0
2056-12-20 19:00:00,0.0,0.0
2056-12-20 20:00:00,0.0,0.0
2056-12-20 21:00:00,0.0,0.0
2056-12-20 22:00:00,0.0,0.0
2056-12-20 23:00:00,0.0,0.0
2056-12-21 00:00:00,0.0,0.0
2056-12-21 01:00:00,0.0,0.0
2056-12-21 02:00:00,0.0,0.0
2056-12-21 03:00:00,0.0,52.086546897751106
2056-12-21 04:00:00,0.0,147.4385319444406
2056-12-21 05:00:00,0.0,220.94777151787972
2056-12-21 06:00:00,0.0,268.4137376424432
2056-12-21 07:00:00,0.0,293.61690549619374
2056-12-21 08:00:00,0.0,295.7171694840063
2056-12-21 09:00:00,0.0,276.8147935936934
2056-12-21 10:00:00,0.0,239.01004181306757
2056-12-21 11:00:00,0.0,178.10238616650378
2056-12-21 12:00:00,0.0,89.47124588081441
2056-12-21 13:00:00,0.0,2.5203167853750537
2056-12-21 14:00:00,0.0,0.0
2056-12-21 15:00:00,0.0,0.0
2056-12-21 16:00:00,0.0,0.0
2056-12-21 17:00:00,0.0,0.0
2056-12-21 18:00:00,0.0,0.0
2056-12-21 19:00:00,0.0,0.0
2056-12-21 20:00:00,0.0,0.0
2056-12-21 21:00:00,0.0,0.0
2056-12-21 22:00:00,0.0,0.0
2056-12-21 23:00:00,0.0,0.0
2056-12-22 00:00:00,0.0,0.0
2056-12-22 01:00:00,0.0,0.0
2056-12-22 02:00:00,0.0,0.0
2056-12-22 03:00:00,0.0,65.5282364197514
2056-12-22 04:00:00,0.0,164.6606966445035
2056-12-22 05:00:00,0.0,236.90977782525505
2056-12-22 06:00:00,0.0,284.3757439498185
2056-12-22 07:00:00,0.0,307.898700613319
2056-12-22 08:00:00,0.0,310.8390701962566
2056-12-22 09:00:00,0.0,292.77679990106867
2056-12-22 10:00:00,0.0,252.03167853750534
2056-12-22 11:00:00,0.0,187.343547712879
2056-12-22 12:00:00,0.0,97.03219623693957
2056-12-22 13:00:00,0.0,3.7804751780625803
2056-12-22 14:00:00,0.0,0.0
2056-12-22 15:00:00,0.0,0.0
2056-12-22 16:00:00,0.0,0.0
2056-12-22 17:00:00,0.0,0.0
2056-12-22 18:00:00,0.0,0.0
2056-12-22 19:00:00,0.0,0.0
2056-12-22 20:00:00,0.0,0.0
2056-12-22 21:00:00,0.0,0.0
2056-12-22 22:00:00,0.0,0.0
2056-12-22 23:00:00,0.0,0.0
2056-12-23 00:00:00,0.0,0.0
2056-12-23 01:00:00,0.0,0.0
2056-12-23 02:00:00,0.0,0.0
2056-12-23 03:00:00,0.0,54.18681088556365
2056-12-23 04:00:00,0.0,155.8395878956908
2056-12-23 05:00:00,0.0,228.92877467156737
2056-12-23 06:00:00,0.0,268.8337904400057
2056-12-23 07:00:00,0.0,289.83643031813114
2056-12-23 08:00:00,0.0,290.67653591325615
2056-12-23 09:00:00,0.0,271.3541072253808
2056-12-23 10:00:00,0.0,231.44909145694243
2056-12-23 11:00:00,0.0,170.1213830128161
2056-12-23 12:00:00,0.0,85.27071790518931
2056-12-23 13:00:00,0.0,2.940369582937563
2056-12-23 14:00:00,0.0,0.0
2056-12-23 15:00:00,0.0,0.0
2056-12-23 16:00:00,0.0,0.0
2056-12-23 17:00:00,0.0,0.0
2056-12-23 18:00:00,0.0,0.0
2056-12-23 19:00:00,0.0,0.0
2056-12-23 20:00:00,0.0,0.0
2056-12-23 21:00:00,0.0,0.0
2056-12-23 22:00:00,0.0,0.0
2056-12-23 23:00:00,0.0,0.0
2056-12-24 00:00:00,0.0,0.0
2056-12-24 01:00:00,0.0,0.0
2056-12-24 02:00:00,0.0,0.0
2056-12-24 03:00:00,0.0,70.98892278806402
2056-12-24 04:00:00,0.0,169.28127741769111
2056-12-24 05:00:00,0.0,240.6902530033176
2056-12-24 06:00:00,0.0,286.4760079376311
2056-12-24 07:00:00,0.0,309.99896460113155
2056-12-24 08:00:00,0.0,312.09922858894413
2056-12-24 09:00:00,0.0,295.29711668644376
2056-12-24 10:00:00,0.0,254.9720481204429
2056-12-24 11:00:00,0.0,190.70397009337904
2056-12-24 12:00:00,0.0,100.39261861743962
2056-12-24 13:00:00,0.0,4.620580773187599
2056-12-24 14:00:00,0.0,0.0
2056-12-24 15:00:00,0.0,0.0
2056-12-24 16:00:00,0.0,0.0
2056-12-24 17:00:00,0.0,0.0
2056-12-24 18:00:00,0.0,0.0
2056-12-24 19:00:00,0.0,0.0
2056-12-24 20:00:00,0.0,0.0
2056-12-24 21:00:00,0.0,0.0
2056-12-24 22:00:00,0.0,0.0
2056-12-24 23:00:00,0.0,0.0
2056-12-25 00:00:00,0.0,0.0
2056-12-25 01:00:00,0.0,0.0
2056-12-25 02:00:00,0.0,0.0
2056-12-25 03:00:00,0.0,52.086546897751106
2056-12-25 04:00:00,0.0,150.3789015273782
2056-12-25 05:00:00,0.0,230.6089858618174
2056-12-25 06:00:00,0.0,270.93405442781824
2056-12-25 07:00:00,0.0,298.6575390669438
2056-12-25 08:00:00,0.0,286.0559551400686
2056-12-25 09:00:00,0.0,238.1699362179426
2056-12-25 10:00:00,0.0,183.9831253323789
2056-12-25 11:00:00,0.0,120.55515290044006
2056-12-25 12:00:00,0.0,52.086546897751106
2056-12-25 13:00:00,0.0,0.0
2056-12-25 14:00:00,0.0,0.0
2056-12-25 15:00:00,0.0,0.0
2056-12-25 16:00:00,0.0,0.0
2056-12-25 17:00:00,0.0,0.0
2056-12-25 18:00:00,0.0,0.0
2056-12-25 19:00:00,0.0,0.0
2056-12-25 20:00:00,0.0,0.0
2056-12-25 21:00:00,0.0,0.0
2056-12-25 22:00:00,0.0,0.0
2056-12-25 23:00:00,0.0,0.0
2056-12-26 00:00:00,0.0,0.0
2056-12-26 01:00:00,0.0,0.0
2056-12-26 02:00:00,0.0,0.0
2056-12-26 03:00:00,0.0,24.783115056188027
2056-12-26 04:00:00,0.0,79.38997873931417
2056-12-26 05:00:00,0.0,136.93721200537792
2056-12-26 06:00:00,0.0,181.88286134456635
2056-12-26 07:00:00,0.0,209.60634598369197
2056-12-26 08:00:00,0.0,212.54671556662953
2056-12-26 09:00:00,0.0,178.94249176162882
2056-12-26 10:00:00,0.0,139.45752879075297
2056-12-26 11:00:00,0.0,91.99156266618945
2056-12-26 12:00:00,0.0,38.644857375750824
2056-12-26 13:00:00,0.0,0.0
2056-12-26 14:00:00,0.0,0.0
2056-12-26 15:00:00,0.0,0.0
2056-12-26 16:00:00,0.0,0.0
2056-12-26 17:00:00,0.0,0.0
2056-12-26 18:00:00,0.0,0.0
2056-12-26 19:00:00,0.0,0.0
2056-12-26 20:00:00,0.0,0.0
2056-12-26 21:00:00,0.0,0.0
2056-12-26 22:00:00,0.0,0.0
2056-12-26 23:00:00,0.0,0.0
2056-12-27 00:00:00,0.0,0.0
2056-12-27 01:00:00,0.0,0.0
2056-12-27 02:00:00,0.0,0.0
2056-12-27 03:00:00,0.0,13.861742319562794
2056-12-27 04:00:00,0.0,56.28707487337619
2056-12-27 05:00:00,0.0,94.09182665400202
2056-12-27 06:00:00,0.0,117.61478331750249
2056-12-27 07:00:00,0.0,125.17573367362766
2056-12-27 08:00:00,0.0,118.4548889126275
2056-12-27 09:00:00,0.0,99.97256581987712
2056-12-27 10:00:00,0.0,77.28971475150165
2056-12-27 11:00:00,0.0,49.98628290993856
2056-12-27 12:00:00,0.0,19.74248148543792
2056-12-27 13:00:00,0.0,0.0
2056-12-27 14:00:00,0.0,0.0
2056-12-27 15:00:00,0.0,0.0
2056-12-27 16:00:00,0.0,0.0
2056-12-27 17:00:00,0.0,0.0
2056-12-27 18:00:00,0.0,0.0
2056-12-27 19:00:00,0.0,0.0
2056-12-27 20:00:00,0.0,0.0
2056-12-27 21:00:00,0.0,0.0
2056-12-27 22:00:00,0.0,0.0
2056-12-27 23:00:00,0.0,0.0
2056-12-28 00:00:00,0.0,0.0
2056-12-28 01:00:00,0.0,0.0
2056-12-28 02:00:00,0.0,0.0
2056-12-28 03:00:00,0.0,26.46332624643806
2056-12-28 04:00:00,0.0,94.09182665400202
2056-12-28 05:00:00,0.0,169.70133021525365
2056-12-28 06:00:00,0.0,194.48444527144164
2056-12-28 07:00:00,0.0,209.18629318612943
2056-12-28 08:00:00,0.0,208.76624038856696
2056-12-28 09:00:00,0.0,199.10502604462923
2056-12-28 10:00:00,0.0,158.77995747862835
2056-12-28 11:00:00,0.0,102.49288260525218
2056-12-28 12:00:00,0.0,36.54459338793828
2056-12-28 13:00:00,0.0,0.0
2056-12-28 14:00:00,0.0,0.0
2056-12-28 15:00:00,0.0,0.0
2056-12-28 16:00:00,0.0,0.0
2056-12-28 17:00:00,0.0,0.0
2056-12-28 18:00:00,0.0,0.0
2056-12-28 19:00:00,0.0,0.0
2056-12-28 20:00:00,0.0,0.0
2056-12-28 21:00:00,0.0,0.0
2056-12-28 22:00:00,0.0,0.0
2056-12-28 23:00:00,0.0,0.0
2056-12-29 00:00:00,0.0,0.0
2056-12-29 01:00:00,0.0,0.0
2056-12-29 02:00:00,0.0,0.0
2056-12-29 03:00:00,0.0,47.88601892212602
2056-12-29 04:00:00,0.0,141.55779277856553
2056-12-29 05:00:00,0.0,214.64697955444208
2056-12-29 06:00:00,0.0,261.692892881443
2056-12-29 07:00:00,0.0,275.9746879985684
2056-12-29 08:00:00,0.0,281.01532156931853
2056-12-29 09:00:00,0.0,241.95041139600514
2056-12-29 10:00:00,0.0,184.82323092750391
2056-12-29 11:00:00,0.0,131.0564728395028
2056-12-29 12:00:00,0.0,60.06755005143878
2056-12-29 13:00:00,0.0,0.8401055951250179
2056-12-29 14:00:00,0.0,0.0
2056-12-29 15:00:00,0.0,0.0
2056-12-29 16:00:00,0.0,0.0
2056-12-29 17:00:00,0.0,0.0
2056-12-29 18:00:00,0.0,0.0
2056-12-29 19:00:00,0.0,0.0
2056-12-29 20:00:00,0.0,0.0
2056-12-29 21:00:00,0.0,0.0
2056-12-29 22:00:00,0.0,0.0
2056-12-29 23:00:00,0.0,0.0
2056-12-30 00:00:00,0.0,0.0
2056-12-30 01:00:00,0.0,0.0
2056-12-30 02:00:00,0.0,0.0
2056-12-30 03:00:00,0.0,60.06755005143878
2056-12-30 04:00:00,0.0,154.1593767054408
2056-12-30 05:00:00,0.0,225.9884050886298
2056-12-30 06:00:00,0.0,257.91241770338047
2056-12-30 07:00:00,0.0,276.39474079613086
2056-12-30 08:00:00,0.0,270.93405442781824
2056-12-30 09:00:00,0.0,270.09394883269323
2056-12-30 10:00:00,0.0,223.46808830325477
2056-12-30 11:00:00,0.0,164.240643846941
2056-12-30 12:00:00,0.0,68.46860600268896
2056-12-30 13:00:00,0.0,0.8401055951250179
2056-12-30 14:00:00,0.0,0.0
2056-12-30 15:00:00,0.0,0.0
2056-12-30 16:00:00,0.0,0.0
2056-12-30 17:00:00,0.0,0.0
2056-12-30 18:00:00,0.0,0.0
2056-12-30 19:00:00,0.0,0.0
2056-12-30 20:00:00,0.0,0.0
2056-12-30 21:00:00,0.0,0.0
2056-12-30 22:00:00,0.0,0.0
2056-12-30 23:00:00,0.0,0.0
