timestamp,P_wind_MW,P_solar_MW
2054-01-01 00:00:00,0.0,0.0
2054-01-01 01:00:00,0.0,0.0
2054-01-01 02:00:00,0.0,0.0
2054-01-01 03:00:00,0.0,69.22802007591675
2054-01-01 04:00:00,0.0,166.91172938549252
2054-01-01 05:00:00,0.0,239.1127319186572
2054-01-01 06:00:00,0.0,283.70746877737656
2054-01-01 07:00:00,0.0,307.9160402149671
2054-01-01 08:00:00,0.0,310.88902267221505
2054-01-01 09:00:00,0.0,291.77699258990674
2054-01-01 10:00:00,0.0,251.00466174764907
2054-01-01 11:00:00,0.0,186.0237594678008
2054-01-01 12:00:00,0.0,94.71072685232781
2054-01-01 13:00:00,0.0,3.8224060164616604
2054-01-01 14:00:00,0.0,0.0
2054-01-01 15:00:00,0.0,0.0
2054-01-01 16:00:00,0.0,0.0
2054-01-01 17:00:00,0.0,0.0
2054-01-01 18:00:00,0.0,0.0
2054-01-01 19:00:00,0.0,0.0
2054-01-01 20:00:00,0.0,0.0
2054-01-01 21:00:00,0.0,0.0
2054-01-01 22:00:00,0.0,0.0
2054-01-01 23:00:00,0.0,0.0
2054-01-02 00:00:00,0.0,0.0
2054-01-02 01:00:00,0.0,0.0
2054-01-02 02:00:00,0.0,0.0
2054-01-02 03:00:00,0.0,64.55619050024137
2054-01-02 04:00:00,0.0,162.23989980981716
2054-01-02 05:00:00,0.0,235.29032590219552
2054-01-02 06:00:00,0.0,282.0086216589492
2054-01-02 07:00:00,0.0,306.2171930965397
2054-01-02 08:00:00,0.0,308.3407519945739
2054-01-02 09:00:00,0.0,288.8040101326588
2054-01-02 10:00:00,0.0,247.60696751079425
2054-01-02 11:00:00,0.0,182.20135345133914
2054-01-02 12:00:00,0.0,91.313032615473
2054-01-02 13:00:00,0.0,3.8224060164616604
2054-01-02 14:00:00,0.0,0.0
2054-01-02 15:00:00,0.0,0.0
2054-01-02 16:00:00,0.0,0.0
2054-01-02 17:00:00,0.0,0.0
2054-01-02 18:00:00,0.0,0.0
2054-01-02 19:00:00,0.0,0.0
2054-01-02 20:00:00,0.0,0.0
2054-01-02 21:00:00,0.0,0.0
2054-01-02 22:00:00,0.0,0.0
2054-01-02 23:00:00,0.0,0.0
2054-01-03 00:00:00,0.0,0.0
2054-01-03 01:00:00,0.0,0.0
2054-01-03 02:00:00,0.0,0.0
2054-01-03 03:00:00,0.0,69.22802007591675
2054-01-03 04:00:00,0.0,166.48701760588568
2054-01-03 05:00:00,0.0,239.53744369826407
2054-01-03 06:00:00,0.0,287.10516301423144
2054-01-03 07:00:00,0.0,310.4643108926082
2054-01-03 08:00:00,0.0,312.58786979064246
2054-01-03 09:00:00,0.0,293.90055148794096
2054-01-03 10:00:00,0.0,253.55293242529015
2054-01-03 11:00:00,0.0,188.99674192504878
2054-01-03 12:00:00,0.0,98.53313286878947
2054-01-03 13:00:00,0.0,5.096541355282214
2054-01-03 14:00:00,0.0,0.0
2054-01-03 15:00:00,0.0,0.0
2054-01-03 16:00:00,0.0,0.0
2054-01-03 17:00:00,0.0,0.0
2054-01-03 18:00:00,0.0,0.0
2054-01-03 19:00:00,0.0,0.0
2054-01-03 20:00:00,0.0,0.0
2054-01-03 21:00:00,0.0,0.0
2054-01-03 22:00:00,0.0,0.0
2054-01-03 23:00:00,0.0,0.0
2054-01-04 00:00:00,0.0,0.0
2054-01-04 01:00:00,0.0,0.0
2054-01-04 02:00:00,0.0,0.0
2054-01-04 03:00:00,0.0,72.62571431277156
2054-01-04 04:00:00,0.0,171.15884718156104
2054-01-04 05:00:00,0.0,242.51042615551202
2054-01-04 06:00:00,0.0,286.68045123462457
2054-01-04 07:00:00,0.0,309.19017555378764
2054-01-04 08:00:00,0.0,310.88902267221505
2054-01-04 09:00:00,0.0,292.20170436951355
2054-01-04 10:00:00,0.0,251.00466174764907
2054-01-04 11:00:00,0.0,186.44847124740767
2054-01-04 12:00:00,0.0,95.98486219114837
2054-01-04 13:00:00,0.0,5.096541355282214
2054-01-04 14:00:00,0.0,0.0
2054-01-04 15:00:00,0.0,0.0
2054-01-04 16:00:00,0.0,0.0
2054-01-04 17:00:00,0.0,0.0
2054-01-04 18:00:00,0.0,0.0
2054-01-04 19:00:00,0.0,0.0
2054-01-04 20:00:00,0.0,0.0
2054-01-04 21:00:00,0.0,0.0
2054-01-04 22:00:00,0.0,0.0
2054-01-04 23:00:00,0.0,0.0
2054-01-05 00:00:00,0.0,0.0
2054-01-05 01:00:00,0.0,0.0
2054-01-05 02:00:00,0.0,0.0
2054-01-05 03:00:00,0.0,65.40561405945509
2054-01-05 04:00:00,0.0,161.39047625060343
2054-01-05 05:00:00,0.0,232.31734344494762
2054-01-05 06:00:00,0.0,274.3638096260259
2054-01-05 07:00:00,0.0,296.87353394518897
2054-01-05 08:00:00,0.0,298.5723810636164
2054-01-05 09:00:00,0.0,280.3097745405218
2054-01-05 10:00:00,0.0,238.68802013905034
2054-01-05 11:00:00,0.0,172.00827074077472
2054-01-05 12:00:00,0.0,80.27052634569486
2054-01-05 13:00:00,0.0,2.123558898034256
2054-01-05 14:00:00,0.0,0.0
2054-01-05 15:00:00,0.0,0.0
2054-01-05 16:00:00,0.0,0.0
2054-01-05 17:00:00,0.0,0.0
2054-01-05 18:00:00,0.0,0.0
2054-01-05 19:00:00,0.0,0.0
2054-01-05 20:00:00,0.0,0.0
2054-01-05 21:00:00,0.0,0.0
2054-01-05 22:00:00,0.0,0.0
2054-01-05 23:00:00,0.0,0.0
2054-01-06 00:00:00,0.0,0.0
2054-01-06 01:00:00,0.0,0.0
2054-01-06 02:00:00,0.0,0.0
2054-01-06 03:00:00,0.0,48.84185465478788
2054-01-06 04:00:00,0.0,138.88075193144033
2054-01-06 05:00:00,0.0,220.42541361595576
2054-01-06 06:00:00,0.0,270.5414036095642
2054-01-06 07:00:00,0.0,296.87353394518897
2054-01-06 08:00:00,0.0,300.6959399616506
2054-01-06 09:00:00,0.0,282.433333438556
2054-01-06 10:00:00,0.0,240.81157903708464
2054-01-06 11:00:00,0.0,174.98125319802267
2054-01-06 12:00:00,0.0,82.81879702333597
2054-01-06 13:00:00,0.0,2.9729824572479586
2054-01-06 14:00:00,0.0,0.0
2054-01-06 15:00:00,0.0,0.0
2054-01-06 16:00:00,0.0,0.0
2054-01-06 17:00:00,0.0,0.0
2054-01-06 18:00:00,0.0,0.0
2054-01-06 19:00:00,0.0,0.0
2054-01-06 20:00:00,0.0,0.0
2054-01-06 21:00:00,0.0,0.0
2054-01-06 22:00:00,0.0,0.0
2054-01-06 23:00:00,0.0,0.0
2054-01-07 00:00:00,0.0,0.0
2054-01-07 01:00:00,0.0,0.0
2054-01-07 02:00:00,0.0,0.0
2054-01-07 03:00:00,0.0,69.22802007591675
2054-01-07 04:00:00,0.0,166.06230582627882
2054-01-07 05:00:00,0.0,239.1127319186572
2054-01-07 06:00:00,0.0,285.40631589580397
2054-01-07 07:00:00,0.0,310.0395991130014
2054-01-07 08:00:00,0.0,312.1631580110356
2054-01-07 09:00:00,0.0,290.50285725108625
2054-01-07 10:00:00,0.0,248.45639107000795
2054-01-07 11:00:00,0.0,181.7766416717323
2054-01-07 12:00:00,0.0,88.76476193783189
2054-01-07 13:00:00,0.0,3.3976942368548095
2054-01-07 14:00:00,0.0,0.0
2054-01-07 15:00:00,0.0,0.0
2054-01-07 16:00:00,0.0,0.0
2054-01-07 17:00:00,0.0,0.0
2054-01-07 18:00:00,0.0,0.0
2054-01-07 19:00:00,0.0,0.0
2054-01-07 20:00:00,0.0,0.0
2054-01-07 21:00:00,0.0,0.0
2054-01-07 22:00:00,0.0,0.0
2054-01-07 23:00:00,0.0,0.0
2054-01-08 00:00:00,0.0,0.0
2054-01-08 01:00:00,0.0,0.0
2054-01-08 02:00:00,0.0,0.0
2054-01-08 03:00:00,0.0,66.67974939827563
2054-01-08 04:00:00,0.0,166.06230582627882
2054-01-08 05:00:00,0.0,239.1127319186572
2054-01-08 06:00:00,0.0,284.55689233659024
2054-01-08 07:00:00,0.0,308.3407519945739
2054-01-08 08:00:00,0.0,310.0395991130014
2054-01-08 09:00:00,0.0,291.35228081029993
2054-01-08 10:00:00,0.0,249.30581462922166
2054-01-08 11:00:00,0.0,183.47548879015972
2054-01-08 12:00:00,0.0,93.0118797339004
2054-01-08 13:00:00,0.0,5.096541355282214
2054-01-08 14:00:00,0.0,0.0
2054-01-08 15:00:00,0.0,0.0
2054-01-08 16:00:00,0.0,0.0
2054-01-08 17:00:00,0.0,0.0
2054-01-08 18:00:00,0.0,0.0
2054-01-08 19:00:00,0.0,0.0
2054-01-08 20:00:00,0.0,0.0
2054-01-08 21:00:00,0.0,0.0
2054-01-08 22:00:00,0.0,0.0
2054-01-08 23:00:00,0.0,0.0
2054-01-09 00:00:00,0.0,0.0
2054-01-09 01:00:00,0.0,0.0
2054-01-09 02:00:00,0.0,0.0
2054-01-09 03:00:00,0.0,70.5021554147373
2054-01-09 04:00:00,0.0,167.76115294470623
2054-01-09 05:00:00,0.0,240.38686725747777
2054-01-09 06:00:00,0.0,287.9545865734451
2054-01-09 07:00:00,0.0,311.31373445182186
2054-01-09 08:00:00,0.0,313.86200512946306
2054-01-09 09:00:00,0.0,292.6264161491205
2054-01-09 10:00:00,0.0,251.00466174764907
2054-01-09 11:00:00,0.0,182.626065230946
2054-01-09 12:00:00,0.0,93.8613032931141
2054-01-09 13:00:00,0.0,5.521253134889065
2054-01-09 14:00:00,0.0,0.0
2054-01-09 15:00:00,0.0,0.0
2054-01-09 16:00:00,0.0,0.0
2054-01-09 17:00:00,0.0,0.0
2054-01-09 18:00:00,0.0,0.0
2054-01-09 19:00:00,0.0,0.0
2054-01-09 20:00:00,0.0,0.0
2054-01-09 21:00:00,0.0,0.0
2054-01-09 22:00:00,0.0,0.0
2054-01-09 23:00:00,0.0,0.0
2054-01-10 00:00:00,0.0,0.0
2054-01-10 01:00:00,0.0,0.0
2054-01-10 02:00:00,0.0,0.0
2054-01-10 03:00:00,0.0,61.15849626338657
2054-01-10 04:00:00,0.0,167.76115294470623
2054-01-10 05:00:00,0.0,240.38686725747777
2054-01-10 06:00:00,0.0,289.22872191226566
2054-01-10 07:00:00,0.0,312.58786979064246
2054-01-10 08:00:00,0.0,314.28671690906987
2054-01-10 09:00:00,0.0,293.90055148794096
2054-01-10 10:00:00,0.0,251.00466174764907
2054-01-10 11:00:00,0.0,186.44847124740767
2054-01-10 12:00:00,0.0,95.56015041154151
2054-01-10 13:00:00,0.0,5.521253134889065
2054-01-10 14:00:00,0.0,0.0
2054-01-10 15:00:00,0.0,0.0
2054-01-10 16:00:00,0.0,0.0
2054-01-10 17:00:00,0.0,0.0
2054-01-10 18:00:00,0.0,0.0
2054-01-10 19:00:00,0.0,0.0
2054-01-10 20:00:00,0.0,0.0
2054-01-10 21:00:00,0.0,0.0
2054-01-10 22:00:00,0.0,0.0
2054-01-10 23:00:00,0.0,0.0
2054-01-11 00:00:00,0.0,0.0
2054-01-11 01:00:00,0.0,0.0
2054-01-11 02:00:00,0.0,0.0
2054-01-11 03:00:00,0.0,60.30907270417286
2054-01-11 04:00:00,0.0,158.84220557296234
2054-01-11 05:00:00,0.0,233.16676700416127
2054-01-11 06:00:00,0.0,284.98160411619716
2054-01-11 07:00:00,0.0,306.2171930965397
2054-01-11 08:00:00,0.0,306.2171930965397
2054-01-11 09:00:00,0.0,279.46035098130807
2054-01-11 10:00:00,0.0,232.31734344494762
2054-01-11 11:00:00,0.0,158.84220557296234
2054-01-11 12:00:00,0.0,65.40561405945509
2054-01-11 13:00:00,0.0,1.2741353388205534
2054-01-11 14:00:00,0.0,0.0
2054-01-11 15:00:00,0.0,0.0
2054-01-11 16:00:00,0.0,0.0
2054-01-11 17:00:00,0.0,0.0
2054-01-11 18:00:00,0.0,0.0
2054-01-11 19:00:00,0.0,0.0
2054-01-11 20:00:00,0.0,0.0
2054-01-11 21:00:00,0.0,0.0
2054-01-11 22:00:00,0.0,0.0
2054-01-11 23:00:00,0.0,0.0
2054-01-12 00:00:00,0.0,0.0
2054-01-12 01:00:00,0.0,0.0
2054-01-12 02:00:00,0.0,0.0
2054-01-12 03:00:00,0.0,62.43263160220712
2054-01-12 04:00:00,0.0,161.8151880302103
2054-01-12 05:00:00,0.0,235.71503768180244
2054-01-12 06:00:00,0.0,290.50285725108625
2054-01-12 07:00:00,0.0,311.31373445182186
2054-01-12 08:00:00,0.0,311.7384462314288
2054-01-12 09:00:00,0.0,292.20170436951355
2054-01-12 10:00:00,0.0,249.73052640882847
2054-01-12 11:00:00,0.0,183.90020056976653
2054-01-12 12:00:00,0.0,91.313032615473
2054-01-12 13:00:00,0.0,4.671829575675363
2054-01-12 14:00:00,0.0,0.0
2054-01-12 15:00:00,0.0,0.0
2054-01-12 16:00:00,0.0,0.0
2054-01-12 17:00:00,0.0,0.0
2054-01-12 18:00:00,0.0,0.0
2054-01-12 19:00:00,0.0,0.0
2054-01-12 20:00:00,0.0,0.0
2054-01-12 21:00:00,0.0,0.0
2054-01-12 22:00:00,0.0,0.0
2054-01-12 23:00:00,0.0,0.0
2054-01-13 00:00:00,0.0,0.0
2054-01-13 01:00:00,0.0,0.0
2054-01-13 02:00:00,0.0,0.0
2054-01-13 03:00:00,0.0,66.25503761866878
2054-01-13 04:00:00,0.0,163.08932336903084
2054-01-13 05:00:00,0.0,236.5644612410161
2054-01-13 06:00:00,0.0,281.1591980997355
2054-01-13 07:00:00,0.0,305.367769537326
2054-01-13 08:00:00,0.0,307.9160402149671
2054-01-13 09:00:00,0.0,288.3792983530519
2054-01-13 10:00:00,0.0,245.9081203923668
2054-01-13 11:00:00,0.0,178.80365921448436
2054-01-13 12:00:00,0.0,86.21649126019078
2054-01-13 13:00:00,0.0,3.8224060164616604
2054-01-13 14:00:00,0.0,0.0
2054-01-13 15:00:00,0.0,0.0
2054-01-13 16:00:00,0.0,0.0
2054-01-13 17:00:00,0.0,0.0
2054-01-13 18:00:00,0.0,0.0
2054-01-13 19:00:00,0.0,0.0
2054-01-13 20:00:00,0.0,0.0
2054-01-13 21:00:00,0.0,0.0
2054-01-13 22:00:00,0.0,0.0
2054-01-13 23:00:00,0.0,0.0
2054-01-14 00:00:00,0.0,0.0
2054-01-14 01:00:00,0.0,0.0
2054-01-14 02:00:00,0.0,0.0
2054-01-14 03:00:00,0.0,48.417142875181035
2054-01-14 04:00:00,0.0,145.25142862554313
2054-01-14 05:00:00,0.0,215.32887226067356
2054-01-14 06:00:00,0.0,273.0896742872053
2054-01-14 07:00:00,0.0,303.66892241889855
2054-01-14 08:00:00,0.0,294.74997504715475
2054-01-14 09:00:00,0.0,274.7885214056327
2054-01-14 10:00:00,0.0,241.23629081669145
2054-01-14 11:00:00,0.0,173.70711785920213
2054-01-14 12:00:00,0.0,83.66822058254968
2054-01-14 13:00:00,0.0,2.9729824572479586
2054-01-14 14:00:00,0.0,0.0
2054-01-14 15:00:00,0.0,0.0
2054-01-14 16:00:00,0.0,0.0
2054-01-14 17:00:00,0.0,0.0
2054-01-14 18:00:00,0.0,0.0
2054-01-14 19:00:00,0.0,0.0
2054-01-14 20:00:00,0.0,0.0
2054-01-14 21:00:00,0.0,0.0
2054-01-14 22:00:00,0.0,0.0
2054-01-14 23:00:00,0.0,0.0
2054-01-15 00:00:00,0.0,0.0
2054-01-15 01:00:00,0.0,0.0
2054-01-15 02:00:00,0.0,0.0
2054-01-15 03:00:00,0.0,57.33609024692491
2054-01-15 04:00:00,0.0,141.85373438868828
2054-01-15 05:00:00,0.0,217.02771937910097
2054-01-15 06:00:00,0.0,273.0896742872053
2054-01-15 07:00:00,0.0,301.1206517412575
2054-01-15 08:00:00,0.0,304.94305775771915
2054-01-15 09:00:00,0.0,291.77699258990674
2054-01-15 10:00:00,0.0,253.97764420489696
2054-01-15 11:00:00,0.0,188.99674192504878
2054-01-15 12:00:00,0.0,97.68370930957576
2054-01-15 13:00:00,0.0,6.795388473709619
2054-01-15 14:00:00,0.0,0.0
2054-01-15 15:00:00,0.0,0.0
2054-01-15 16:00:00,0.0,0.0
2054-01-15 17:00:00,0.0,0.0
2054-01-15 18:00:00,0.0,0.0
2054-01-15 19:00:00,0.0,0.0
2054-01-15 20:00:00,0.0,0.0
2054-01-15 21:00:00,0.0,0.0
2054-01-15 22:00:00,0.0,0.0
2054-01-15 23:00:00,0.0,0.0
2054-01-16 00:00:00,0.0,0.0
2054-01-16 01:00:00,0.0,0.0
2054-01-16 02:00:00,0.0,0.0
2054-01-16 03:00:00,0.0,71.77629075355786
2054-01-16 04:00:00,0.0,167.76115294470623
2054-01-16 05:00:00,0.0,241.23629081669145
2054-01-16 06:00:00,0.0,288.8040101326588
2054-01-16 07:00:00,0.0,312.58786979064246
2054-01-16 08:00:00,0.0,314.7114286886767
2054-01-16 09:00:00,0.0,297.29824572479583
2054-01-16 10:00:00,0.0,255.6764913233244
2054-01-16 11:00:00,0.0,190.27087726386935
2054-01-16 12:00:00,0.0,99.38255642800317
2054-01-16 13:00:00,0.0,7.2201002533164695
2054-01-16 14:00:00,0.0,0.0
2054-01-16 15:00:00,0.0,0.0
2054-01-16 16:00:00,0.0,0.0
2054-01-16 17:00:00,0.0,0.0
2054-01-16 18:00:00,0.0,0.0
2054-01-16 19:00:00,0.0,0.0
2054-01-16 20:00:00,0.0,0.0
2054-01-16 21:00:00,0.0,0.0
2054-01-16 22:00:00,0.0,0.0
2054-01-16 23:00:00,0.0,0.0
2054-01-17 00:00:00,0.0,0.0
2054-01-17 01:00:00,0.0,0.0
2054-01-17 02:00:00,0.0,0.0
2054-01-17 03:00:00,0.0,76.87283210884004
2054-01-17 04:00:00,0.0,173.70711785920213
2054-01-17 05:00:00,0.0,245.9081203923668
2054-01-17 06:00:00,0.0,292.20170436951355
2054-01-17 07:00:00,0.0,315.5608522478904
2054-01-17 08:00:00,0.0,316.83498758671095
2054-01-17 09:00:00,0.0,295.5993986063684
2054-01-17 10:00:00,0.0,253.1282206456833
2054-01-17 11:00:00,0.0,186.0237594678008
2054-01-17 12:00:00,0.0,93.43659151350725
2054-01-17 13:00:00,0.0,5.945964914495917
2054-01-17 14:00:00,0.0,0.0
2054-01-17 15:00:00,0.0,0.0
2054-01-17 16:00:00,0.0,0.0
2054-01-17 17:00:00,0.0,0.0
2054-01-17 18:00:00,0.0,0.0
2054-01-17 19:00:00,0.0,0.0
2054-01-17 20:00:00,0.0,0.0
2054-01-17 21:00:00,0.0,0.0
2054-01-17 22:00:00,0.0,0.0
2054-01-17 23:00:00,0.0,0.0
2054-01-18 00:00:00,0.0,0.0
2054-01-18 01:00:00,0.0,0.0
2054-01-18 02:00:00,0.0,0.0
2054-01-18 03:00:00,0.0,70.5021554147373
2054-01-18 04:00:00,0.0,164.78817048745825
2054-01-18 05:00:00,0.0,231.4679198857339
2054-01-18 06:00:00,0.0,271.81553894838476
2054-01-18 07:00:00,0.0,304.94305775771915
2054-01-18 08:00:00,0.0,305.7924813169329
2054-01-18 09:00:00,0.0,287.9545865734451
2054-01-18 10:00:00,0.0,249.73052640882847
2054-01-18 11:00:00,0.0,185.59904768819396
2054-01-18 12:00:00,0.0,94.71072685232781
2054-01-18 13:00:00,0.0,6.795388473709619
2054-01-18 14:00:00,0.0,0.0
2054-01-18 15:00:00,0.0,0.0
2054-01-18 16:00:00,0.0,0.0
2054-01-18 17:00:00,0.0,0.0
2054-01-18 18:00:00,0.0,0.0
2054-01-18 19:00:00,0.0,0.0
2054-01-18 20:00:00,0.0,0.0
2054-01-18 21:00:00,0.0,0.0
2054-01-18 22:00:00,0.0,0.0
2054-01-18 23:00:00,0.0,0.0
2054-01-19 00:00:00,0.0,0.0
2054-01-19 01:00:00,0.0,0.0
2054-01-19 02:00:00,0.0,0.0
2054-01-19 03:00:00,0.0,70.5021554147373
2054-01-19 04:00:00,0.0,166.91172938549252
2054-01-19 05:00:00,0.0,238.26330835944353
2054-01-19 06:00:00,0.0,284.55689233659024
2054-01-19 07:00:00,0.0,307.9160402149671
2054-01-19 08:00:00,0.0,310.0395991130014
2054-01-19 09:00:00,0.0,285.40631589580397
2054-01-19 10:00:00,0.0,241.23629081669145
2054-01-19 11:00:00,0.0,171.15884718156104
2054-01-19 12:00:00,0.0,77.29754388844691
2054-01-19 13:00:00,0.0,3.3976942368548095
2054-01-19 14:00:00,0.0,0.0
2054-01-19 15:00:00,0.0,0.0
2054-01-19 16:00:00,0.0,0.0
2054-01-19 17:00:00,0.0,0.0
2054-01-19 18:00:00,0.0,0.0
2054-01-19 19:00:00,0.0,0.0
2054-01-19 20:00:00,0.0,0.0
2054-01-19 21:00:00,0.0,0.0
2054-01-19 22:00:00,0.0,0.0
2054-01-19 23:00:00,0.0,0.0
2054-01-20 00:00:00,0.0,0.0
2054-01-20 01:00:00,0.0,0.0
2054-01-20 02:00:00,0.0,0.0
2054-01-20 03:00:00,0.0,43.745313299505675
2054-01-20 04:00:00,0.0,131.66065167812386
2054-01-20 05:00:00,0.0,208.53348378696393
2054-01-20 06:00:00,0.0,266.29428581349566
2054-01-20 07:00:00,0.0,290.50285725108625
2054-01-20 08:00:00,0.0,290.92756903069306
2054-01-20 09:00:00,0.0,271.3908271687779
2054-01-20 10:00:00,0.0,224.2478196324174
2054-01-20 11:00:00,0.0,152.89624065846644
2054-01-20 12:00:00,0.0,65.40561405945509
2054-01-20 13:00:00,0.0,2.548270677641107
2054-01-20 14:00:00,0.0,0.0
2054-01-20 15:00:00,0.0,0.0
2054-01-20 16:00:00,0.0,0.0
2054-01-20 17:00:00,0.0,0.0
2054-01-20 18:00:00,0.0,0.0
2054-01-20 19:00:00,0.0,0.0
2054-01-20 20:00:00,0.0,0.0
2054-01-20 21:00:00,0.0,0.0
2054-01-20 22:00:00,0.0,0.0
2054-01-20 23:00:00,0.0,0.0
2054-01-21 00:00:00,0.0,0.0
2054-01-21 01:00:00,0.0,0.0
2054-01-21 02:00:00,0.0,0.0
2054-01-21 03:00:00,0.0,76.87283210884004
2054-01-21 04:00:00,0.0,178.80365921448436
2054-01-21 05:00:00,0.0,251.4293735272559
2054-01-21 06:00:00,0.0,298.5723810636164
2054-01-21 07:00:00,0.0,320.2326818235658
2054-01-21 08:00:00,0.0,321.08210538277945
2054-01-21 09:00:00,0.0,300.6959399616506
2054-01-21 10:00:00,0.0,257.3753384417518
2054-01-21 11:00:00,0.0,188.57203014544191
2054-01-21 12:00:00,0.0,93.8613032931141
2054-01-21 13:00:00,0.0,6.795388473709619
2054-01-21 14:00:00,0.0,0.0
2054-01-21 15:00:00,0.0,0.0
2054-01-21 16:00:00,0.0,0.0
2054-01-21 17:00:00,0.0,0.0
2054-01-21 18:00:00,0.0,0.0
2054-01-21 19:00:00,0.0,0.0
2054-01-21 20:00:00,0.0,0.0
2054-01-21 21:00:00,0.0,0.0
2054-01-21 22:00:00,0.0,0.0
2054-01-21 23:00:00,0.0,0.0
2054-01-22 00:00:00,0.0,0.0
2054-01-22 01:00:00,0.0,0.0
2054-01-22 02:00:00,0.0,0.0
2054-01-22 03:00:00,0.0,76.87283210884004
2054-01-22 04:00:00,0.0,177.10481209605692
2054-01-22 05:00:00,0.0,250.15523818843533
2054-01-22 06:00:00,0.0,298.99709284322324
2054-01-22 07:00:00,0.0,322.35624072160005
2054-01-22 08:00:00,0.0,323.2056642808137
2054-01-22 09:00:00,0.0,304.0936341985054
2054-01-22 10:00:00,0.0,260.7730326786066
2054-01-22 11:00:00,0.0,192.39443616190357
2054-01-22 12:00:00,0.0,97.68370930957576
2054-01-22 13:00:00,0.0,7.2201002533164695
2054-01-22 14:00:00,0.0,0.0
2054-01-22 15:00:00,0.0,0.0
2054-01-22 16:00:00,0.0,0.0
2054-01-22 17:00:00,0.0,0.0
2054-01-22 18:00:00,0.0,0.0
2054-01-22 19:00:00,0.0,0.0
2054-01-22 20:00:00,0.0,0.0
2054-01-22 21:00:00,0.0,0.0
2054-01-22 22:00:00,0.0,0.0
2054-01-22 23:00:00,0.0,0.0
2054-01-23 00:00:00,0.0,0.0
2054-01-23 01:00:00,0.0,0.0
2054-01-23 02:00:00,0.0,0.0
2054-01-23 03:00:00,0.0,76.02340854962635
2054-01-23 04:00:00,0.0,175.83067675723638
2054-01-23 05:00:00,0.0,249.30581462922166
2054-01-23 06:00:00,0.0,294.74997504715475
2054-01-23 07:00:00,0.0,318.95854648474517
2054-01-23 08:00:00,0.0,320.65739360317264
2054-01-23 09:00:00,0.0,303.24421063929174
2054-01-23 10:00:00,0.0,260.7730326786066
2054-01-23 11:00:00,0.0,193.24385972111727
2054-01-23 12:00:00,0.0,99.38255642800317
2054-01-23 13:00:00,0.0,8.494235592137024
2054-01-23 14:00:00,0.0,0.0
2054-01-23 15:00:00,0.0,0.0
2054-01-23 16:00:00,0.0,0.0
2054-01-23 17:00:00,0.0,0.0
2054-01-23 18:00:00,0.0,0.0
2054-01-23 19:00:00,0.0,0.0
2054-01-23 20:00:00,0.0,0.0
2054-01-23 21:00:00,0.0,0.0
2054-01-23 22:00:00,0.0,0.0
2054-01-23 23:00:00,0.0,0.0
2054-01-24 00:00:00,0.0,0.0
2054-01-24 01:00:00,0.0,0.0
2054-01-24 02:00:00,0.0,0.0
2054-01-24 03:00:00,0.0,78.14696744766061
2054-01-24 04:00:00,0.0,175.4059649776295
2054-01-24 05:00:00,0.0,247.60696751079425
2054-01-24 06:00:00,0.0,294.74997504715475
2054-01-24 07:00:00,0.0,318.53383470513836
2054-01-24 08:00:00,0.0,320.65739360317264
2054-01-24 09:00:00,0.0,302.39478708007806
2054-01-24 10:00:00,0.0,260.34832089899976
2054-01-24 11:00:00,0.0,193.66857150072414
2054-01-24 12:00:00,0.0,101.08140354643058
2054-01-24 13:00:00,0.0,9.768370930957577
2054-01-24 14:00:00,0.0,0.0
2054-01-24 15:00:00,0.0,0.0
2054-01-24 16:00:00,0.0,0.0
2054-01-24 17:00:00,0.0,0.0
2054-01-24 18:00:00,0.0,0.0
2054-01-24 19:00:00,0.0,0.0
2054-01-24 20:00:00,0.0,0.0
2054-01-24 21:00:00,0.0,0.0
2054-01-24 22:00:00,0.0,0.0
2054-01-24 23:00:00,0.0,0.0
2054-01-25 00:00:00,0.0,0.0
2054-01-25 01:00:00,0.0,0.0
2054-01-25 02:00:00,0.0,0.0
2054-01-25 03:00:00,0.0,73.05042609237839
2054-01-25 04:00:00,0.0,167.76115294470623
2054-01-25 05:00:00,0.0,240.81157903708464
2054-01-25 06:00:00,0.0,287.9545865734451
2054-01-25 07:00:00,0.0,312.1631580110356
2054-01-25 08:00:00,0.0,315.13614046828354
2054-01-25 09:00:00,0.0,293.0511279287273
2054-01-25 10:00:00,0.0,248.45639107000795
2054-01-25 11:00:00,0.0,182.626065230946
2054-01-25 12:00:00,0.0,93.43659151350725
2054-01-25 13:00:00,0.0,7.644812032923321
2054-01-25 14:00:00,0.0,0.0
2054-01-25 15:00:00,0.0,0.0
2054-01-25 16:00:00,0.0,0.0
2054-01-25 17:00:00,0.0,0.0
2054-01-25 18:00:00,0.0,0.0
2054-01-25 19:00:00,0.0,0.0
2054-01-25 20:00:00,0.0,0.0
2054-01-25 21:00:00,0.0,0.0
2054-01-25 22:00:00,0.0,0.0
2054-01-25 23:00:00,0.0,0.0
2054-01-26 00:00:00,0.0,0.0
2054-01-26 01:00:00,0.0,0.0
2054-01-26 02:00:00,0.0,0.0
2054-01-26 03:00:00,0.0,71.35157897395099
2054-01-26 04:00:00,0.0,167.33644116509936
2054-01-26 05:00:00,0.0,240.38686725747777
2054-01-26 06:00:00,0.0,289.22872191226566
2054-01-26 07:00:00,0.0,313.43729334985613
2054-01-26 08:00:00,0.0,315.13614046828354
2054-01-26 09:00:00,0.0,296.02411038597523
2054-01-26 10:00:00,0.0,253.55293242529015
2054-01-26 11:00:00,0.0,186.44847124740767
2054-01-26 12:00:00,0.0,93.43659151350725
2054-01-26 13:00:00,0.0,7.644812032923321
2054-01-26 14:00:00,0.0,0.0
2054-01-26 15:00:00,0.0,0.0
2054-01-26 16:00:00,0.0,0.0
2054-01-26 17:00:00,0.0,0.0
2054-01-26 18:00:00,0.0,0.0
2054-01-26 19:00:00,0.0,0.0
2054-01-26 20:00:00,0.0,0.0
2054-01-26 21:00:00,0.0,0.0
2054-01-26 22:00:00,0.0,0.0
2054-01-26 23:00:00,0.0,0.0
2054-01-27 00:00:00,0.0,0.0
2054-01-27 01:00:00,0.0,0.0
2054-01-27 02:00:00,0.0,0.0
2054-01-27 03:00:00,0.0,71.35157897395099
2054-01-27 04:00:00,0.0,168.18586472431306
2054-01-27 05:00:00,0.0,241.23629081669145
2054-01-27 06:00:00,0.0,289.6534336918725
2054-01-27 07:00:00,0.0,313.86200512946306
2054-01-27 08:00:00,0.0,315.9855640274973
2054-01-27 09:00:00,0.0,294.74997504715475
2054-01-27 10:00:00,0.0,251.85408530686271
2054-01-27 11:00:00,0.0,184.3249123493734
2054-01-27 12:00:00,0.0,91.73774439507986
2054-01-27 13:00:00,0.0,7.644812032923321
2054-01-27 14:00:00,0.0,0.0
2054-01-27 15:00:00,0.0,0.0
2054-01-27 16:00:00,0.0,0.0
2054-01-27 17:00:00,0.0,0.0
2054-01-27 18:00:00,0.0,0.0
2054-01-27 19:00:00,0.0,0.0
2054-01-27 20:00:00,0.0,0.0
2054-01-27 21:00:00,0.0,0.0
2054-01-27 22:00:00,0.0,0.0
2054-01-27 23:00:00,0.0,0.0
2054-01-28 00:00:00,0.0,0.0
2054-01-28 01:00:00,0.0,0.0
2054-01-28 02:00:00,0.0,0.0
2054-01-28 03:00:00,0.0,74.32456143119896
2054-01-28 04:00:00,0.0,169.88471184274047
2054-01-28 05:00:00,0.0,241.23629081669145
2054-01-28 06:00:00,0.0,290.50285725108625
2054-01-28 07:00:00,0.0,314.7114286886767
2054-01-28 08:00:00,0.0,317.2596993663179
2054-01-28 09:00:00,0.0,298.99709284322324
2054-01-28 10:00:00,0.0,257.3753384417518
2054-01-28 11:00:00,0.0,190.69558904347616
2054-01-28 12:00:00,0.0,98.95784464839633
2054-01-28 13:00:00,0.0,9.768370930957577
2054-01-28 14:00:00,0.0,0.0
2054-01-28 15:00:00,0.0,0.0
2054-01-28 16:00:00,0.0,0.0
2054-01-28 17:00:00,0.0,0.0
2054-01-28 18:00:00,0.0,0.0
2054-01-28 19:00:00,0.0,0.0
2054-01-28 20:00:00,0.0,0.0
2054-01-28 21:00:00,0.0,0.0
2054-01-28 22:00:00,0.0,0.0
2054-01-28 23:00:00,0.0,0.0
2054-01-29 00:00:00,0.0,0.0
2054-01-29 01:00:00,0.0,0.0
2054-01-29 02:00:00,0.0,0.0
2054-01-29 03:00:00,0.0,45.01944863832622
2054-01-29 04:00:00,0.0,132.51007523733756
2054-01-29 05:00:00,0.0,195.36741861915152
2054-01-29 06:00:00,0.0,273.51438606681216
2054-01-29 07:00:00,0.0,308.76546377418083
2054-01-29 08:00:00,0.0,316.83498758671095
2054-01-29 09:00:00,0.0,298.99709284322324
2054-01-29 10:00:00,0.0,257.3753384417518
2054-01-29 11:00:00,0.0,190.69558904347616
2054-01-29 12:00:00,0.0,98.10842108918263
2054-01-29 13:00:00,0.0,9.768370930957577
2054-01-29 14:00:00,0.0,0.0
2054-01-29 15:00:00,0.0,0.0
2054-01-29 16:00:00,0.0,0.0
2054-01-29 17:00:00,0.0,0.0
2054-01-29 18:00:00,0.0,0.0
2054-01-29 19:00:00,0.0,0.0
2054-01-29 20:00:00,0.0,0.0
2054-01-29 21:00:00,0.0,0.0
2054-01-29 22:00:00,0.0,0.0
2054-01-29 23:00:00,0.0,0.0
2054-01-30 00:00:00,0.0,0.0
2054-01-30 01:00:00,0.0,0.0
2054-01-30 02:00:00,0.0,0.0
2054-01-30 03:00:00,0.0,73.47513787198524
2054-01-30 04:00:00,0.0,170.73413540195418
2054-01-30 05:00:00,0.0,244.2092732739394
2054-01-30 06:00:00,0.0,290.50285725108625
2054-01-30 07:00:00,0.0,314.28671690906987
2054-01-30 08:00:00,0.0,315.9855640274973
2054-01-30 09:00:00,0.0,296.02411038597523
2054-01-30 10:00:00,0.0,253.97764420489696
2054-01-30 11:00:00,0.0,186.8731830270145
2054-01-30 12:00:00,0.0,95.56015041154151
2054-01-30 13:00:00,0.0,8.918947371743874
2054-01-30 14:00:00,0.0,0.0
2054-01-30 15:00:00,0.0,0.0
2054-01-30 16:00:00,0.0,0.0
2054-01-30 17:00:00,0.0,0.0
2054-01-30 18:00:00,0.0,0.0
2054-01-30 19:00:00,0.0,0.0
2054-01-30 20:00:00,0.0,0.0
2054-01-30 21:00:00,0.0,0.0
2054-01-30 22:00:00,0.0,0.0
2054-01-30 23:00:00,0.0,0.0
2054-01-31 00:00:00,0.0,0.0
2054-01-31 01:00:00,0.0,0.0
2054-01-31 02:00:00,0.0,0.0
2054-01-31 03:00:00,0.0,67.95388473709619
2054-01-31 04:00:00,0.0,161.39047625060343
2054-01-31 05:00:00,0.0,233.5914787837682
2054-01-31 06:00:00,0.0,281.5839098793423
2054-01-31 07:00:00,0.0,306.2171930965397
2054-01-31 08:00:00,0.0,307.9160402149671
2054-01-31 09:00:00,0.0,282.85804521816294
2054-01-31 10:00:00,0.0,238.26330835944353
2054-01-31 11:00:00,0.0,169.46000006313363
2054-01-31 12:00:00,0.0,78.14696744766061
2054-01-31 13:00:00,0.0,5.521253134889065
2054-01-31 14:00:00,0.0,0.0
2054-01-31 15:00:00,0.0,0.0
2054-01-31 16:00:00,0.0,0.0
2054-01-31 17:00:00,0.0,0.0
2054-01-31 18:00:00,0.0,0.0
2054-01-31 19:00:00,0.0,0.0
2054-01-31 20:00:00,0.0,0.0
2054-01-31 21:00:00,0.0,0.0
2054-01-31 22:00:00,0.0,0.0
2054-01-31 23:00:00,0.0,0.0
2054-02-01 00:00:00,0.0,0.0
2054-02-01 01:00:00,0.0,0.0
2054-02-01 02:00:00,0.0,0.0
2054-02-01 03:00:00,0.0,56.06195490810435
2054-02-01 04:00:00,0.0,149.92325820121843
2054-02-01 05:00:00,0.0,225.52195497123796
2054-02-01 06:00:00,0.0,274.3638096260259
2054-02-01 07:00:00,0.0,299.84651640243686
2054-02-01 08:00:00,0.0,303.24421063929174
2054-02-01 09:00:00,0.0,290.50285725108625
2054-02-01 10:00:00,0.0,249.73052640882847
2054-02-01 11:00:00,0.0,182.626065230946
2054-02-01 12:00:00,0.0,91.73774439507986
2054-02-01 13:00:00,0.0,8.918947371743874
2054-02-01 14:00:00,0.0,0.0
2054-02-01 15:00:00,0.0,0.0
2054-02-01 16:00:00,0.0,0.0
2054-02-01 17:00:00,0.0,0.0
2054-02-01 18:00:00,0.0,0.0
2054-02-01 19:00:00,0.0,0.0
2054-02-01 20:00:00,0.0,0.0
2054-02-01 21:00:00,0.0,0.0
2054-02-01 22:00:00,0.0,0.0
2054-02-01 23:00:00,0.0,0.0
2054-02-02 00:00:00,0.0,0.0
2054-02-02 01:00:00,0.0,0.0
2054-02-02 02:00:00,0.0,0.0
2054-02-02 03:00:00,0.0,73.05042609237839
2054-02-02 04:00:00,0.0,167.33644116509936
2054-02-02 05:00:00,0.0,240.38686725747777
2054-02-02 06:00:00,0.0,290.92756903069306
2054-02-02 07:00:00,0.0,316.41027580710414
2054-02-02 08:00:00,0.0,318.95854648474517
2054-02-02 09:00:00,0.0,298.99709284322324
2054-02-02 10:00:00,0.0,256.52591488253813
2054-02-02 11:00:00,0.0,189.84616548426249
2054-02-02 12:00:00,0.0,98.53313286878947
2054-02-02 13:00:00,0.0,10.193082710564427
2054-02-02 14:00:00,0.0,0.0
2054-02-02 15:00:00,0.0,0.0
2054-02-02 16:00:00,0.0,0.0
2054-02-02 17:00:00,0.0,0.0
2054-02-02 18:00:00,0.0,0.0
2054-02-02 19:00:00,0.0,0.0
2054-02-02 20:00:00,0.0,0.0
2054-02-02 21:00:00,0.0,0.0
2054-02-02 22:00:00,0.0,0.0
2054-02-02 23:00:00,0.0,0.0
2054-02-03 00:00:00,0.0,0.0
2054-02-03 01:00:00,0.0,0.0
2054-02-03 02:00:00,0.0,0.0
2054-02-03 03:00:00,0.0,60.73378448377972
2054-02-03 04:00:00,0.0,162.664611589424
2054-02-03 05:00:00,0.0,239.96215547787094
2054-02-03 06:00:00,0.0,286.2557394550177
2054-02-03 07:00:00,0.0,311.31373445182186
2054-02-03 08:00:00,0.0,313.86200512946306
2054-02-03 09:00:00,0.0,293.47583970833415
2054-02-03 10:00:00,0.0,247.18225573118738
2054-02-03 11:00:00,0.0,176.2553885368432
2054-02-03 12:00:00,0.0,84.09293236215653
2054-02-03 13:00:00,0.0,8.069523812530171
2054-02-03 14:00:00,0.0,0.0
2054-02-03 15:00:00,0.0,0.0
2054-02-03 16:00:00,0.0,0.0
2054-02-03 17:00:00,0.0,0.0
2054-02-03 18:00:00,0.0,0.0
2054-02-03 19:00:00,0.0,0.0
2054-02-03 20:00:00,0.0,0.0
2054-02-03 21:00:00,0.0,0.0
2054-02-03 22:00:00,0.0,0.0
2054-02-03 23:00:00,0.0,0.0
2054-02-04 00:00:00,0.0,0.0
2054-02-04 01:00:00,0.0,0.0
2054-02-04 02:00:00,0.0,0.0
2054-02-04 03:00:00,0.0,67.10446117788248
2054-02-04 04:00:00,0.0,166.06230582627882
2054-02-04 05:00:00,0.0,237.8385965798367
2054-02-04 06:00:00,0.0,285.40631589580397
2054-02-04 07:00:00,0.0,309.61488733339456
2054-02-04 08:00:00,0.0,311.7384462314288
2054-02-04 09:00:00,0.0,290.92756903069306
2054-02-04 10:00:00,0.0,245.48340861275994
2054-02-04 11:00:00,0.0,177.95423565527065
2054-02-04 12:00:00,0.0,91.73774439507986
2054-02-04 13:00:00,0.0,9.343659151350725
2054-02-04 14:00:00,0.0,0.0
2054-02-04 15:00:00,0.0,0.0
2054-02-04 16:00:00,0.0,0.0
2054-02-04 17:00:00,0.0,0.0
2054-02-04 18:00:00,0.0,0.0
2054-02-04 19:00:00,0.0,0.0
2054-02-04 20:00:00,0.0,0.0
2054-02-04 21:00:00,0.0,0.0
2054-02-04 22:00:00,0.0,0.0
2054-02-04 23:00:00,0.0,0.0
2054-02-05 00:00:00,0.0,0.0
2054-02-05 01:00:00,0.0,0.0
2054-02-05 02:00:00,0.0,0.0
2054-02-05 03:00:00,0.0,70.5021554147373
2054-02-05 04:00:00,0.0,165.63759404667195
2054-02-05 05:00:00,0.0,238.26330835944353
2054-02-05 06:00:00,0.0,284.55689233659024
2054-02-05 07:00:00,0.0,307.49132843536023
2054-02-05 08:00:00,0.0,307.9160402149671
2054-02-05 09:00:00,0.0,284.98160411619716
2054-02-05 10:00:00,0.0,237.41388480022982
2054-02-05 11:00:00,0.0,171.5835589611679
2054-02-05 12:00:00,0.0,86.21649126019078
2054-02-05 13:00:00,0.0,8.069523812530171
2054-02-05 14:00:00,0.0,0.0
2054-02-05 15:00:00,0.0,0.0
2054-02-05 16:00:00,0.0,0.0
2054-02-05 17:00:00,0.0,0.0
2054-02-05 18:00:00,0.0,0.0
2054-02-05 19:00:00,0.0,0.0
2054-02-05 20:00:00,0.0,0.0
2054-02-05 21:00:00,0.0,0.0
2054-02-05 22:00:00,0.0,0.0
2054-02-05 23:00:00,0.0,0.0
2054-02-06 00:00:00,0.0,0.0
2054-02-06 01:00:00,0.0,0.0
2054-02-06 02:00:00,0.0,0.0
2054-02-06 03:00:00,0.0,31.853383470513837
2054-02-06 04:00:00,0.0,90.03889727665243
2054-02-06 05:00:00,0.0,146.95027574397048
2054-02-06 06:00:00,0.0,184.3249123493734
2054-02-06 07:00:00,0.0,220.42541361595576
2054-02-06 08:00:00,0.0,239.1127319186572
2054-02-06 09:00:00,0.0,215.75358404028037
2054-02-06 10:00:00,0.0,161.8151880302103
2054-02-06 11:00:00,0.0,99.38255642800317
2054-02-06 12:00:00,0.0,40.34761906265086
2054-02-06 13:00:00,0.0,2.123558898034256
2054-02-06 14:00:00,0.0,0.0
2054-02-06 15:00:00,0.0,0.0
2054-02-06 16:00:00,0.0,0.0
2054-02-06 17:00:00,0.0,0.0
2054-02-06 18:00:00,0.0,0.0
2054-02-06 19:00:00,0.0,0.0
2054-02-06 20:00:00,0.0,0.0
2054-02-06 21:00:00,0.0,0.0
2054-02-06 22:00:00,0.0,0.0
2054-02-06 23:00:00,0.0,0.0
2054-02-07 00:00:00,0.0,0.0
2054-02-07 01:00:00,0.0,0.0
2054-02-07 02:00:00,0.0,0.0
2054-02-07 03:00:00,0.0,54.787819569283805
2054-02-07 04:00:00,0.0,152.47152887885957
2054-02-07 05:00:00,0.0,239.96215547787094
2054-02-07 06:00:00,0.0,289.22872191226566
2054-02-07 07:00:00,0.0,318.10912292553155
2054-02-07 08:00:00,0.0,325.75393495845486
2054-02-07 09:00:00,0.0,304.5183459781123
2054-02-07 10:00:00,0.0,264.59543869506825
2054-02-07 11:00:00,0.0,197.4909775171858
2054-02-07 12:00:00,0.0,104.4790977832854
2054-02-07 13:00:00,0.0,12.741353388205535
2054-02-07 14:00:00,0.0,0.0
2054-02-07 15:00:00,0.0,0.0
2054-02-07 16:00:00,0.0,0.0
2054-02-07 17:00:00,0.0,0.0
2054-02-07 18:00:00,0.0,0.0
2054-02-07 19:00:00,0.0,0.0
2054-02-07 20:00:00,0.0,0.0
2054-02-07 21:00:00,0.0,0.0
2054-02-07 22:00:00,0.0,0.0
2054-02-07 23:00:00,0.0,0.0
2054-02-08 00:00:00,0.0,0.0
2054-02-08 01:00:00,0.0,0.0
2054-02-08 02:00:00,0.0,0.0
2054-02-08 03:00:00,0.0,90.03889727665243
2054-02-08 04:00:00,0.0,186.8731830270145
2054-02-08 05:00:00,0.0,259.0741855601792
2054-02-08 06:00:00,0.0,306.64190487614655
2054-02-08 07:00:00,0.0,330.8504763137371
2054-02-08 08:00:00,0.0,332.97403521177137
2054-02-08 09:00:00,0.0,314.28671690906987
2054-02-08 10:00:00,0.0,272.6649625075985
2054-02-08 11:00:00,0.0,206.40992488892965
2054-02-08 12:00:00,0.0,114.67218049384982
2054-02-08 13:00:00,0.0,16.988471184274047
2054-02-08 14:00:00,0.0,0.0
2054-02-08 15:00:00,0.0,0.0
2054-02-08 16:00:00,0.0,0.0
2054-02-08 17:00:00,0.0,0.0
2054-02-08 18:00:00,0.0,0.0
2054-02-08 19:00:00,0.0,0.0
2054-02-08 20:00:00,0.0,0.0
2054-02-08 21:00:00,0.0,0.0
2054-02-08 22:00:00,0.0,0.0
2054-02-08 23:00:00,0.0,0.0
2054-02-09 00:00:00,0.0,0.0
2054-02-09 01:00:00,0.0,0.0
2054-02-09 02:00:00,0.0,0.4247117796068512
2054-02-09 03:00:00,0.0,100.65669176682373
2054-02-09 04:00:00,0.0,194.94270683954468
2054-02-09 05:00:00,0.0,265.0201504746751
2054-02-09 06:00:00,0.0,310.88902267221505
2054-02-09 07:00:00,0.0,334.24817055059185
2054-02-09 08:00:00,0.0,336.3717294486261
2054-02-09 09:00:00,0.0,316.83498758671095
2054-02-09 10:00:00,0.0,275.63794496484644
2054-02-09 11:00:00,0.0,209.80761912578447
2054-02-09 12:00:00,0.0,118.06987473070464
2054-02-09 13:00:00,0.0,18.262606523094597
2054-02-09 14:00:00,0.0,0.0
2054-02-09 15:00:00,0.0,0.0
2054-02-09 16:00:00,0.0,0.0
2054-02-09 17:00:00,0.0,0.0
2054-02-09 18:00:00,0.0,0.0
2054-02-09 19:00:00,0.0,0.0
2054-02-09 20:00:00,0.0,0.0
2054-02-09 21:00:00,0.0,0.0
2054-02-09 22:00:00,0.0,0.0
2054-02-09 23:00:00,0.0,0.0
2054-02-10 00:00:00,0.0,0.0
2054-02-10 01:00:00,0.0,0.0
2054-02-10 02:00:00,0.0,0.8494235592137024
2054-02-10 03:00:00,0.0,97.68370930957576
2054-02-10 04:00:00,0.0,191.54501260268987
2054-02-10 05:00:00,0.0,262.04716801742717
2054-02-10 06:00:00,0.0,298.99709284322324
2054-02-10 07:00:00,0.0,321.9315289419932
2054-02-10 08:00:00,0.0,326.1786467380617
2054-02-10 09:00:00,0.0,310.4643108926082
2054-02-10 10:00:00,0.0,266.71899759310253
2054-02-10 11:00:00,0.0,202.587518872468
2054-02-10 12:00:00,0.0,112.54862159581556
2054-02-10 13:00:00,0.0,16.988471184274047
2054-02-10 14:00:00,0.0,0.0
2054-02-10 15:00:00,0.0,0.0
2054-02-10 16:00:00,0.0,0.0
2054-02-10 17:00:00,0.0,0.0
2054-02-10 18:00:00,0.0,0.0
2054-02-10 19:00:00,0.0,0.0
2054-02-10 20:00:00,0.0,0.0
2054-02-10 21:00:00,0.0,0.0
2054-02-10 22:00:00,0.0,0.0
2054-02-10 23:00:00,0.0,0.0
2054-02-11 00:00:00,0.0,0.0
2054-02-11 01:00:00,0.0,0.0
2054-02-11 02:00:00,0.0,0.0
2054-02-11 03:00:00,0.0,66.67974939827563
2054-02-11 04:00:00,0.0,141.0043108294746
2054-02-11 05:00:00,0.0,219.57599005674206
2054-02-11 06:00:00,0.0,283.70746877737656
2054-02-11 07:00:00,0.0,313.86200512946306
2054-02-11 08:00:00,0.0,317.6844111459247
2054-02-11 09:00:00,0.0,298.5723810636164
2054-02-11 10:00:00,0.0,256.95062666214494
2054-02-11 11:00:00,0.0,193.24385972111727
2054-02-11 12:00:00,0.0,105.75323312210594
2054-02-11 13:00:00,0.0,14.440200506632939
2054-02-11 14:00:00,0.0,0.0
2054-02-11 15:00:00,0.0,0.0
2054-02-11 16:00:00,0.0,0.0
2054-02-11 17:00:00,0.0,0.0
2054-02-11 18:00:00,0.0,0.0
2054-02-11 19:00:00,0.0,0.0
2054-02-11 20:00:00,0.0,0.0
2054-02-11 21:00:00,0.0,0.0
2054-02-11 22:00:00,0.0,0.0
2054-02-11 23:00:00,0.0,0.0
2054-02-12 00:00:00,0.0,0.0
2054-02-12 01:00:00,0.0,0.0
2054-02-12 02:00:00,0.0,0.0
2054-02-12 03:00:00,0.0,78.57167922726747
2054-02-12 04:00:00,0.0,169.03528828352677
2054-02-12 05:00:00,0.0,232.31734344494762
2054-02-12 06:00:00,0.0,275.2132331852396
2054-02-12 07:00:00,0.0,306.64190487614655
2054-02-12 08:00:00,0.0,310.88902267221505
2054-02-12 09:00:00,0.0,281.1591980997355
2054-02-12 10:00:00,0.0,236.5644612410161
2054-02-12 11:00:00,0.0,172.43298252038156
2054-02-12 12:00:00,0.0,80.27052634569486
2054-02-12 13:00:00,0.0,6.795388473709619
2054-02-12 14:00:00,0.0,0.0
2054-02-12 15:00:00,0.0,0.0
2054-02-12 16:00:00,0.0,0.0
2054-02-12 17:00:00,0.0,0.0
2054-02-12 18:00:00,0.0,0.0
2054-02-12 19:00:00,0.0,0.0
2054-02-12 20:00:00,0.0,0.0
2054-02-12 21:00:00,0.0,0.0
2054-02-12 22:00:00,0.0,0.0
2054-02-12 23:00:00,0.0,0.0
2054-02-13 00:00:00,0.0,0.0
2054-02-13 01:00:00,0.0,0.0
2054-02-13 02:00:00,0.0,0.0
2054-02-13 03:00:00,0.0,60.30907270417286
2054-02-13 04:00:00,0.0,155.8692231157144
2054-02-13 05:00:00,0.0,233.16676700416127
2054-02-13 06:00:00,0.0,288.8040101326588
2054-02-13 07:00:00,0.0,312.58786979064246
2054-02-13 08:00:00,0.0,313.86200512946306
2054-02-13 09:00:00,0.0,295.5993986063684
2054-02-13 10:00:00,0.0,252.70350886607645
2054-02-13 11:00:00,0.0,185.17433590858712
2054-02-13 12:00:00,0.0,95.13543863193468
2054-02-13 13:00:00,0.0,11.467218049384982
2054-02-13 14:00:00,0.0,0.0
2054-02-13 15:00:00,0.0,0.0
2054-02-13 16:00:00,0.0,0.0
2054-02-13 17:00:00,0.0,0.0
2054-02-13 18:00:00,0.0,0.0
2054-02-13 19:00:00,0.0,0.0
2054-02-13 20:00:00,0.0,0.0
2054-02-13 21:00:00,0.0,0.0
2054-02-13 22:00:00,0.0,0.0
2054-02-13 23:00:00,0.0,0.0
2054-02-14 00:00:00,0.0,0.0
2054-02-14 01:00:00,0.0,0.0
2054-02-14 02:00:00,0.0,0.8494235592137024
2054-02-14 03:00:00,0.0,90.88832083586615
2054-02-14 04:00:00,0.0,188.99674192504878
2054-02-14 05:00:00,0.0,260.7730326786066
2054-02-14 06:00:00,0.0,304.0936341985054
2054-02-14 07:00:00,0.0,328.30220563609595
2054-02-14 08:00:00,0.0,330.42576453413017
2054-02-14 09:00:00,0.0,310.4643108926082
2054-02-14 10:00:00,0.0,267.56842115231626
2054-02-14 11:00:00,0.0,200.46395997443375
2054-02-14 12:00:00,0.0,108.30150379974705
2054-02-14 13:00:00,0.0,15.714335845453494
2054-02-14 14:00:00,0.0,0.0
2054-02-14 15:00:00,0.0,0.0
2054-02-14 16:00:00,0.0,0.0
2054-02-14 17:00:00,0.0,0.0
2054-02-14 18:00:00,0.0,0.0
2054-02-14 19:00:00,0.0,0.0
2054-02-14 20:00:00,0.0,0.0
2054-02-14 21:00:00,0.0,0.0
2054-02-14 22:00:00,0.0,0.0
2054-02-14 23:00:00,0.0,0.0
2054-02-15 00:00:00,0.0,0.0
2054-02-15 01:00:00,0.0,0.0
2054-02-15 02:00:00,0.0,0.8494235592137024
2054-02-15 03:00:00,0.0,87.91533837861819
2054-02-15 04:00:00,0.0,183.47548879015972
2054-02-15 05:00:00,0.0,255.6764913233244
2054-02-15 06:00:00,0.0,302.81949885968487
2054-02-15 07:00:00,0.0,326.60335851766854
2054-02-15 08:00:00,0.0,328.72691741570287
2054-02-15 09:00:00,0.0,309.61488733339456
2054-02-15 10:00:00,0.0,268.41784471152994
2054-02-15 11:00:00,0.0,203.4369424316817
2054-02-15 12:00:00,0.0,113.8227569346361
2054-02-15 13:00:00,0.0,18.262606523094597
2054-02-15 14:00:00,0.0,0.0
2054-02-15 15:00:00,0.0,0.0
2054-02-15 16:00:00,0.0,0.0
2054-02-15 17:00:00,0.0,0.0
2054-02-15 18:00:00,0.0,0.0
2054-02-15 19:00:00,0.0,0.0
2054-02-15 20:00:00,0.0,0.0
2054-02-15 21:00:00,0.0,0.0
2054-02-15 22:00:00,0.0,0.0
2054-02-15 23:00:00,0.0,0.0
2054-02-16 00:00:00,0.0,0.0
2054-02-16 01:00:00,0.0,0.0
2054-02-16 02:00:00,0.0,1.6988471184274048
2054-02-16 03:00:00,0.0,97.25899752996891
2054-02-16 04:00:00,0.0,191.54501260268987
2054-02-16 05:00:00,0.0,262.471879797034
2054-02-16 06:00:00,0.0,307.49132843536023
2054-02-16 07:00:00,0.0,330.8504763137371
2054-02-16 08:00:00,0.0,332.54932343216444
2054-02-16 09:00:00,0.0,313.43729334985613
2054-02-16 10:00:00,0.0,272.6649625075985
2054-02-16 11:00:00,0.0,208.53348378696393
2054-02-16 12:00:00,0.0,118.91929828991832
2054-02-16 13:00:00,0.0,20.81087720073571
2054-02-16 14:00:00,0.0,0.0
2054-02-16 15:00:00,0.0,0.0
2054-02-16 16:00:00,0.0,0.0
2054-02-16 17:00:00,0.0,0.0
2054-02-16 18:00:00,0.0,0.0
2054-02-16 19:00:00,0.0,0.0
2054-02-16 20:00:00,0.0,0.0
2054-02-16 21:00:00,0.0,0.0
2054-02-16 22:00:00,0.0,0.0
2054-02-16 23:00:00,0.0,0.0
2054-02-17 00:00:00,0.0,0.0
2054-02-17 01:00:00,0.0,0.0
2054-02-17 02:00:00,0.0,1.2741353388205534
2054-02-17 03:00:00,0.0,88.34005015822504
2054-02-17 04:00:00,0.0,190.69558904347616
2054-02-17 05:00:00,0.0,261.1977444582135
2054-02-17 06:00:00,0.0,306.2171930965397
2054-02-17 07:00:00,0.0,328.30220563609595
2054-02-17 08:00:00,0.0,329.5763409749165
2054-02-17 09:00:00,0.0,309.19017555378764
2054-02-17 10:00:00,0.0,268.41784471152994
2054-02-17 11:00:00,0.0,203.86165421128857
2054-02-17 12:00:00,0.0,114.24746871424297
2054-02-17 13:00:00,0.0,19.112030082308305
2054-02-17 14:00:00,0.0,0.0
2054-02-17 15:00:00,0.0,0.0
2054-02-17 16:00:00,0.0,0.0
2054-02-17 17:00:00,0.0,0.0
2054-02-17 18:00:00,0.0,0.0
2054-02-17 19:00:00,0.0,0.0
2054-02-17 20:00:00,0.0,0.0
2054-02-17 21:00:00,0.0,0.0
2054-02-17 22:00:00,0.0,0.0
2054-02-17 23:00:00,0.0,0.0
2054-02-18 00:00:00,0.0,0.0
2054-02-18 01:00:00,0.0,0.0
2054-02-18 02:00:00,0.0,0.4247117796068512
2054-02-18 03:00:00,0.0,65.40561405945509
2054-02-18 04:00:00,0.0,152.47152887885957
2054-02-18 05:00:00,0.0,242.08571437590516
2054-02-18 06:00:00,0.0,295.5993986063684
2054-02-18 07:00:00,0.0,318.53383470513836
2054-02-18 08:00:00,0.0,319.8079700439589
2054-02-18 09:00:00,0.0,299.42180462283005
2054-02-18 10:00:00,0.0,256.52591488253813
2054-02-18 11:00:00,0.0,189.42145370465562
2054-02-18 12:00:00,0.0,99.38255642800317
2054-02-18 13:00:00,0.0,13.590776947419238
2054-02-18 14:00:00,0.0,0.0
2054-02-18 15:00:00,0.0,0.0
2054-02-18 16:00:00,0.0,0.0
2054-02-18 17:00:00,0.0,0.0
2054-02-18 18:00:00,0.0,0.0
2054-02-18 19:00:00,0.0,0.0
2054-02-18 20:00:00,0.0,0.0
2054-02-18 21:00:00,0.0,0.0
2054-02-18 22:00:00,0.0,0.0
2054-02-18 23:00:00,0.0,0.0
2054-02-19 00:00:00,0.0,0.0
2054-02-19 01:00:00,0.0,0.0
2054-02-19 02:00:00,0.0,0.4247117796068512
2054-02-19 03:00:00,0.0,71.35157897395099
2054-02-19 04:00:00,0.0,165.21288226706508
2054-02-19 05:00:00,0.0,236.98917302062296
2054-02-19 06:00:00,0.0,287.9545865734451
2054-02-19 07:00:00,0.0,311.7384462314288
2054-02-19 08:00:00,0.0,314.28671690906987
2054-02-19 09:00:00,0.0,297.29824572479583
2054-02-19 10:00:00,0.0,256.10120310293127
2054-02-19 11:00:00,0.0,191.12030082308303
2054-02-19 12:00:00,0.0,101.93082710564428
2054-02-19 13:00:00,0.0,14.015488727026087
2054-02-19 14:00:00,0.0,0.0
2054-02-19 15:00:00,0.0,0.0
2054-02-19 16:00:00,0.0,0.0
2054-02-19 17:00:00,0.0,0.0
2054-02-19 18:00:00,0.0,0.0
2054-02-19 19:00:00,0.0,0.0
2054-02-19 20:00:00,0.0,0.0
2054-02-19 21:00:00,0.0,0.0
2054-02-19 22:00:00,0.0,0.0
2054-02-19 23:00:00,0.0,0.0
2054-02-20 00:00:00,0.0,0.0
2054-02-20 01:00:00,0.0,0.0
2054-02-20 02:00:00,0.0,0.4247117796068512
2054-02-20 03:00:00,0.0,67.95388473709619
2054-02-20 04:00:00,0.0,159.26691735256918
2054-02-20 05:00:00,0.0,231.89263166534076
2054-02-20 06:00:00,0.0,280.3097745405218
2054-02-20 07:00:00,0.0,302.81949885968487
2054-02-20 08:00:00,0.0,302.81949885968487
2054-02-20 09:00:00,0.0,279.885062760915
2054-02-20 10:00:00,0.0,234.016190563375
2054-02-20 11:00:00,0.0,164.78817048745825
2054-02-20 12:00:00,0.0,79.42110278648117
2054-02-20 13:00:00,0.0,9.768370930957577
2054-02-20 14:00:00,0.0,0.0
2054-02-20 15:00:00,0.0,0.0
2054-02-20 16:00:00,0.0,0.0
2054-02-20 17:00:00,0.0,0.0
2054-02-20 18:00:00,0.0,0.0
2054-02-20 19:00:00,0.0,0.0
2054-02-20 20:00:00,0.0,0.0
2054-02-20 21:00:00,0.0,0.0
2054-02-20 22:00:00,0.0,0.0
2054-02-20 23:00:00,0.0,0.0
2054-02-21 00:00:00,0.0,0.0
2054-02-21 01:00:00,0.0,0.0
2054-02-21 02:00:00,0.0,0.8494235592137024
2054-02-21 03:00:00,0.0,74.7492732108058
2054-02-21 04:00:00,0.0,171.15884718156104
2054-02-21 05:00:00,0.0,245.48340861275994
2054-02-21 06:00:00,0.0,288.3792983530519
2054-02-21 07:00:00,0.0,313.0125815702493
2054-02-21 08:00:00,0.0,315.13614046828354
2054-02-21 09:00:00,0.0,296.02411038597523
2054-02-21 10:00:00,0.0,253.55293242529015
2054-02-21 11:00:00,0.0,186.44847124740767
2054-02-21 12:00:00,0.0,97.25899752996891
2054-02-21 13:00:00,0.0,14.015488727026087
2054-02-21 14:00:00,0.0,0.0
2054-02-21 15:00:00,0.0,0.0
2054-02-21 16:00:00,0.0,0.0
2054-02-21 17:00:00,0.0,0.0
2054-02-21 18:00:00,0.0,0.0
2054-02-21 19:00:00,0.0,0.0
2054-02-21 20:00:00,0.0,0.0
2054-02-21 21:00:00,0.0,0.0
2054-02-21 22:00:00,0.0,0.0
2054-02-21 23:00:00,0.0,0.0
2054-02-22 00:00:00,0.0,0.0
2054-02-22 01:00:00,0.0,0.0
2054-02-22 02:00:00,0.0,1.2741353388205534
2054-02-22 03:00:00,0.0,78.99639100687432
2054-02-22 04:00:00,0.0,173.28240607959526
2054-02-22 05:00:00,0.0,244.63398505354627
2054-02-22 06:00:00,0.0,290.50285725108625
2054-02-22 07:00:00,0.0,293.0511279287273
2054-02-22 08:00:00,0.0,301.5453635208643
2054-02-22 09:00:00,0.0,298.14766928400945
2054-02-22 10:00:00,0.0,250.15523818843533
2054-02-22 11:00:00,0.0,186.44847124740767
2054-02-22 12:00:00,0.0,101.50611532603742
2054-02-22 13:00:00,0.0,15.289624065846642
2054-02-22 14:00:00,0.0,0.0
2054-02-22 15:00:00,0.0,0.0
2054-02-22 16:00:00,0.0,0.0
2054-02-22 17:00:00,0.0,0.0
2054-02-22 18:00:00,0.0,0.0
2054-02-22 19:00:00,0.0,0.0
2054-02-22 20:00:00,0.0,0.0
2054-02-22 21:00:00,0.0,0.0
2054-02-22 22:00:00,0.0,0.0
2054-02-22 23:00:00,0.0,0.0
2054-02-23 00:00:00,0.0,0.0
2054-02-23 01:00:00,0.0,0.0
2054-02-23 02:00:00,0.0,0.4247117796068512
2054-02-23 03:00:00,0.0,60.30907270417286
2054-02-23 04:00:00,0.0,156.71864667492807
2054-02-23 05:00:00,0.0,243.3598497147257
2054-02-23 06:00:00,0.0,298.99709284322324
2054-02-23 07:00:00,0.0,323.6303760604206
2054-02-23 08:00:00,0.0,326.1786467380617
2054-02-23 09:00:00,0.0,306.64190487614655
2054-02-23 10:00:00,0.0,260.7730326786066
2054-02-23 11:00:00,0.0,190.27087726386935
2054-02-23 12:00:00,0.0,87.91533837861819
2054-02-23 13:00:00,0.0,11.891929828991833
2054-02-23 14:00:00,0.0,0.0
2054-02-23 15:00:00,0.0,0.0
2054-02-23 16:00:00,0.0,0.0
2054-02-23 17:00:00,0.0,0.0
2054-02-23 18:00:00,0.0,0.0
2054-02-23 19:00:00,0.0,0.0
2054-02-23 20:00:00,0.0,0.0
2054-02-23 21:00:00,0.0,0.0
2054-02-23 22:00:00,0.0,0.0
2054-02-23 23:00:00,0.0,0.0
2054-02-24 00:00:00,0.0,0.0
2054-02-24 01:00:00,0.0,0.0
2054-02-24 02:00:00,0.0,1.6988471184274048
2054-02-24 03:00:00,0.0,81.11994990490858
2054-02-24 04:00:00,0.0,177.95423565527065
2054-02-24 05:00:00,0.0,252.27879708646958
2054-02-24 06:00:00,0.0,299.42180462283005
2054-02-24 07:00:00,0.0,322.78095250120685
2054-02-24 08:00:00,0.0,324.90451139924113
2054-02-24 09:00:00,0.0,305.7924813169329
2054-02-24 10:00:00,0.0,265.0201504746751
2054-02-24 11:00:00,0.0,200.46395997443375
2054-02-24 12:00:00,0.0,112.1239098162087
2054-02-24 13:00:00,0.0,19.536741861915154
2054-02-24 14:00:00,0.0,0.0
2054-02-24 15:00:00,0.0,0.0
2054-02-24 16:00:00,0.0,0.0
2054-02-24 17:00:00,0.0,0.0
2054-02-24 18:00:00,0.0,0.0
2054-02-24 19:00:00,0.0,0.0
2054-02-24 20:00:00,0.0,0.0
2054-02-24 21:00:00,0.0,0.0
2054-02-24 22:00:00,0.0,0.0
2054-02-24 23:00:00,0.0,0.0
2054-02-25 00:00:00,0.0,0.0
2054-02-25 01:00:00,0.0,0.0
2054-02-25 02:00:00,0.0,2.548270677641107
2054-02-25 03:00:00,0.0,86.64120303979763
2054-02-25 04:00:00,0.0,179.65308277369803
2054-02-25 05:00:00,0.0,250.15523818843533
2054-02-25 06:00:00,0.0,296.4488221655821
2054-02-25 07:00:00,0.0,318.10912292553155
2054-02-25 08:00:00,0.0,319.8079700439589
2054-02-25 09:00:00,0.0,298.5723810636164
2054-02-25 10:00:00,0.0,249.73052640882847
2054-02-25 11:00:00,0.0,169.46000006313363
2054-02-25 12:00:00,0.0,101.50611532603742
2054-02-25 13:00:00,0.0,19.536741861915154
2054-02-25 14:00:00,0.0,0.0
2054-02-25 15:00:00,0.0,0.0
2054-02-25 16:00:00,0.0,0.0
2054-02-25 17:00:00,0.0,0.0
2054-02-25 18:00:00,0.0,0.0
2054-02-25 19:00:00,0.0,0.0
2054-02-25 20:00:00,0.0,0.0
2054-02-25 21:00:00,0.0,0.0
2054-02-25 22:00:00,0.0,0.0
2054-02-25 23:00:00,0.0,0.0
2054-02-26 00:00:00,0.0,0.0
2054-02-26 01:00:00,0.0,0.0
2054-02-26 02:00:00,0.0,1.2741353388205534
2054-02-26 03:00:00,0.0,68.37859651670304
2054-02-26 04:00:00,0.0,164.36345870785144
2054-02-26 05:00:00,0.0,241.66100259629832
2054-02-26 06:00:00,0.0,292.20170436951355
2054-02-26 07:00:00,0.0,318.10912292553155
2054-02-26 08:00:00,0.0,321.08210538277945
2054-02-26 09:00:00,0.0,296.4488221655821
2054-02-26 10:00:00,0.0,253.55293242529015
2054-02-26 11:00:00,0.0,189.42145370465562
2054-02-26 12:00:00,0.0,104.05438600367853
2054-02-26 13:00:00,0.0,18.262606523094597
2054-02-26 14:00:00,0.0,0.0
2054-02-26 15:00:00,0.0,0.0
2054-02-26 16:00:00,0.0,0.0
2054-02-26 17:00:00,0.0,0.0
2054-02-26 18:00:00,0.0,0.0
2054-02-26 19:00:00,0.0,0.0
2054-02-26 20:00:00,0.0,0.0
2054-02-26 21:00:00,0.0,0.0
2054-02-26 22:00:00,0.0,0.0
2054-02-26 23:00:00,0.0,0.0
2054-02-27 00:00:00,0.0,0.0
2054-02-27 01:00:00,0.0,0.0
2054-02-27 02:00:00,0.0,2.9729824572479586
2054-02-27 03:00:00,0.0,89.18947371743874
2054-02-27 04:00:00,0.0,186.44847124740767
2054-02-27 05:00:00,0.0,258.64947378057235
2054-02-27 06:00:00,0.0,304.0936341985054
2054-02-27 07:00:00,0.0,325.329223178848
2054-02-27 08:00:00,0.0,324.4797996196343
2054-02-27 09:00:00,0.0,302.81949885968487
2054-02-27 10:00:00,0.0,258.64947378057235
2054-02-27 11:00:00,0.0,191.54501260268987
2054-02-27 12:00:00,0.0,103.62967422407168
2054-02-27 13:00:00,0.0,17.837894743487748
2054-02-27 14:00:00,0.0,0.0
2054-02-27 15:00:00,0.0,0.0
2054-02-27 16:00:00,0.0,0.0
2054-02-27 17:00:00,0.0,0.0
2054-02-27 18:00:00,0.0,0.0
2054-02-27 19:00:00,0.0,0.0
2054-02-27 20:00:00,0.0,0.0
2054-02-27 21:00:00,0.0,0.0
2054-02-27 22:00:00,0.0,0.0
2054-02-27 23:00:00,0.0,0.0
2054-02-28 00:00:00,0.0,0.0
2054-02-28 01:00:00,0.0,0.0
2054-02-28 02:00:00,0.0,2.9729824572479586
2054-02-28 03:00:00,0.0,82.39408524372912
2054-02-28 04:00:00,0.0,175.4059649776295
2054-02-28 05:00:00,0.0,247.18225573118738
2054-02-28 06:00:00,0.0,292.6264161491205
2054-02-28 07:00:00,0.0,316.41027580710414
2054-02-28 08:00:00,0.0,318.53383470513836
2054-02-28 09:00:00,0.0,298.5723810636164
2054-02-28 10:00:00,0.0,256.52591488253813
2054-02-28 11:00:00,0.0,190.69558904347616
2054-02-28 12:00:00,0.0,103.20496244446483
2054-02-28 13:00:00,0.0,17.4131829638809
2054-02-28 14:00:00,0.0,0.0
2054-02-28 15:00:00,0.0,0.0
2054-02-28 16:00:00,0.0,0.0
2054-02-28 17:00:00,0.0,0.0
2054-02-28 18:00:00,0.0,0.0
2054-02-28 19:00:00,0.0,0.0
2054-02-28 20:00:00,0.0,0.0
2054-02-28 21:00:00,0.0,0.0
2054-02-28 22:00:00,0.0,0.0
2054-02-28 23:00:00,0.0,0.0
2054-03-01 00:00:00,0.0,0.0
2054-03-01 01:00:00,0.0,0.0
2054-03-01 02:00:00,0.0,2.9729824572479586
2054-03-01 03:00:00,0.0,81.96937346412228
2054-03-01 04:00:00,0.0,173.70711785920213
2054-03-01 05:00:00,0.0,245.05869683315314
2054-03-01 06:00:00,0.0,291.35228081029993
2054-03-01 07:00:00,0.0,314.7114286886767
2054-03-01 08:00:00,0.0,316.41027580710414
2054-03-01 09:00:00,0.0,294.74997504715475
2054-03-01 10:00:00,0.0,252.70350886607645
2054-03-01 11:00:00,0.0,186.44847124740767
2054-03-01 12:00:00,0.0,98.53313286878947
2054-03-01 13:00:00,0.0,15.289624065846642
2054-03-01 14:00:00,0.0,0.0
2054-03-01 15:00:00,0.0,0.0
2054-03-01 16:00:00,0.0,0.0
2054-03-01 17:00:00,0.0,0.0
2054-03-01 18:00:00,0.0,0.0
2054-03-01 19:00:00,0.0,0.0
2054-03-01 20:00:00,0.0,0.0
2054-03-01 21:00:00,0.0,0.0
2054-03-01 22:00:00,0.0,0.0
2054-03-01 23:00:00,0.0,0.0
2054-03-02 00:00:00,0.0,0.0
2054-03-02 01:00:00,0.0,0.0
2054-03-02 02:00:00,0.0,0.8494235592137024
2054-03-02 03:00:00,0.0,50.11598999360844
2054-03-02 04:00:00,0.0,129.5370927800896
2054-03-02 05:00:00,0.0,201.31338353364745
2054-03-02 06:00:00,0.0,251.85408530686271
2054-03-02 07:00:00,0.0,276.4873685240602
2054-03-02 08:00:00,0.0,279.46035098130807
2054-03-02 09:00:00,0.0,254.8270677641107
2054-03-02 10:00:00,0.0,206.83463666853652
2054-03-02 11:00:00,0.0,139.73017549065403
2054-03-02 12:00:00,0.0,66.67974939827563
2054-03-02 13:00:00,0.0,9.343659151350725
2054-03-02 14:00:00,0.0,0.0
2054-03-02 15:00:00,0.0,0.0
2054-03-02 16:00:00,0.0,0.0
2054-03-02 17:00:00,0.0,0.0
2054-03-02 18:00:00,0.0,0.0
2054-03-02 19:00:00,0.0,0.0
2054-03-02 20:00:00,0.0,0.0
2054-03-02 21:00:00,0.0,0.0
2054-03-02 22:00:00,0.0,0.0
2054-03-02 23:00:00,0.0,0.0
2054-03-03 00:00:00,0.0,0.0
2054-03-03 01:00:00,0.0,0.0
2054-03-03 02:00:00,0.0,2.9729824572479586
2054-03-03 03:00:00,0.0,76.87283210884004
2054-03-03 04:00:00,0.0,171.5835589611679
2054-03-03 05:00:00,0.0,246.75754395158052
2054-03-03 06:00:00,0.0,298.5723810636164
2054-03-03 07:00:00,0.0,321.08210538277945
2054-03-03 08:00:00,0.0,321.08210538277945
2054-03-03 09:00:00,0.0,306.64190487614655
2054-03-03 10:00:00,0.0,262.89659157664084
2054-03-03 11:00:00,0.0,195.36741861915152
2054-03-03 12:00:00,0.0,105.75323312210594
2054-03-03 13:00:00,0.0,18.262606523094597
2054-03-03 14:00:00,0.0,0.0
2054-03-03 15:00:00,0.0,0.0
2054-03-03 16:00:00,0.0,0.0
2054-03-03 17:00:00,0.0,0.0
2054-03-03 18:00:00,0.0,0.0
2054-03-03 19:00:00,0.0,0.0
2054-03-03 20:00:00,0.0,0.0
2054-03-03 21:00:00,0.0,0.0
2054-03-03 22:00:00,0.0,0.0
2054-03-03 23:00:00,0.0,0.0
2054-03-04 00:00:00,0.0,0.0
2054-03-04 01:00:00,0.0,0.0
2054-03-04 02:00:00,0.0,2.548270677641107
2054-03-04 03:00:00,0.0,72.62571431277156
2054-03-04 04:00:00,0.0,166.48701760588568
2054-03-04 05:00:00,0.0,242.08571437590516
2054-03-04 06:00:00,0.0,273.0896742872053
2054-03-04 07:00:00,0.0,296.87353394518897
2054-03-04 08:00:00,0.0,297.72295750440264
2054-03-04 09:00:00,0.0,277.76150386288066
2054-03-04 10:00:00,0.0,234.016190563375
2054-03-04 11:00:00,0.0,168.6105765039199
2054-03-04 12:00:00,0.0,87.49062659901134
2054-03-04 13:00:00,0.0,14.440200506632939
2054-03-04 14:00:00,0.0,0.0
2054-03-04 15:00:00,0.0,0.0
2054-03-04 16:00:00,0.0,0.0
2054-03-04 17:00:00,0.0,0.0
2054-03-04 18:00:00,0.0,0.0
2054-03-04 19:00:00,0.0,0.0
2054-03-04 20:00:00,0.0,0.0
2054-03-04 21:00:00,0.0,0.0
2054-03-04 22:00:00,0.0,0.0
2054-03-04 23:00:00,0.0,0.0
2054-03-05 00:00:00,0.0,0.0
2054-03-05 01:00:00,0.0,0.0
2054-03-05 02:00:00,0.0,3.3976942368548095
2054-03-05 03:00:00,0.0,83.24350880294284
2054-03-05 04:00:00,0.0,178.80365921448436
2054-03-05 05:00:00,0.0,251.85408530686271
2054-03-05 06:00:00,0.0,298.99709284322324
2054-03-05 07:00:00,0.0,322.35624072160005
2054-03-05 08:00:00,0.0,323.6303760604206
2054-03-05 09:00:00,0.0,304.94305775771915
2054-03-05 10:00:00,0.0,261.62245623782036
2054-03-05 11:00:00,0.0,194.093283280331
2054-03-05 12:00:00,0.0,104.90380956289223
2054-03-05 13:00:00,0.0,18.68731830270145
2054-03-05 14:00:00,0.0,0.0
2054-03-05 15:00:00,0.0,0.0
2054-03-05 16:00:00,0.0,0.0
2054-03-05 17:00:00,0.0,0.0
2054-03-05 18:00:00,0.0,0.0
2054-03-05 19:00:00,0.0,0.0
2054-03-05 20:00:00,0.0,0.0
2054-03-05 21:00:00,0.0,0.0
2054-03-05 22:00:00,0.0,0.0
2054-03-05 23:00:00,0.0,0.0
2054-03-06 00:00:00,0.0,0.0
2054-03-06 01:00:00,0.0,0.0
2054-03-06 02:00:00,0.0,4.247117796068512
2054-03-06 03:00:00,0.0,85.36706770097709
2054-03-06 04:00:00,0.0,178.80365921448436
2054-03-06 05:00:00,0.0,249.30581462922166
2054-03-06 06:00:00,0.0,299.84651640243686
2054-03-06 07:00:00,0.0,322.78095250120685
2054-03-06 08:00:00,0.0,324.05508784002745
2054-03-06 09:00:00,0.0,303.66892241889855
2054-03-06 10:00:00,0.0,260.7730326786066
2054-03-06 11:00:00,0.0,194.51799505993782
2054-03-06 12:00:00,0.0,107.02736846092648
2054-03-06 13:00:00,0.0,19.961453641522006
2054-03-06 14:00:00,0.0,0.0
2054-03-06 15:00:00,0.0,0.0
2054-03-06 16:00:00,0.0,0.0
2054-03-06 17:00:00,0.0,0.0
2054-03-06 18:00:00,0.0,0.0
2054-03-06 19:00:00,0.0,0.0
2054-03-06 20:00:00,0.0,0.0
2054-03-06 21:00:00,0.0,0.0
2054-03-06 22:00:00,0.0,0.0
2054-03-06 23:00:00,0.0,0.0
2054-03-07 00:00:00,0.0,0.0
2054-03-07 01:00:00,0.0,0.0
2054-03-07 02:00:00,0.0,3.3976942368548095
2054-03-07 03:00:00,0.0,73.05042609237839
2054-03-07 04:00:00,0.0,162.23989980981716
2054-03-07 05:00:00,0.0,233.16676700416127
2054-03-07 06:00:00,0.0,278.1862156424875
2054-03-07 07:00:00,0.0,289.22872191226566
2054-03-07 08:00:00,0.0,282.433333438556
2054-03-07 09:00:00,0.0,256.52591488253813
2054-03-07 10:00:00,0.0,195.36741861915152
2054-03-07 11:00:00,0.0,112.54862159581556
2054-03-07 12:00:00,0.0,44.59473685871937
2054-03-07 13:00:00,0.0,6.795388473709619
2054-03-07 14:00:00,0.0,0.0
2054-03-07 15:00:00,0.0,0.0
2054-03-07 16:00:00,0.0,0.0
2054-03-07 17:00:00,0.0,0.0
2054-03-07 18:00:00,0.0,0.0
2054-03-07 19:00:00,0.0,0.0
2054-03-07 20:00:00,0.0,0.0
2054-03-07 21:00:00,0.0,0.0
2054-03-07 22:00:00,0.0,0.0
2054-03-07 23:00:00,0.0,0.0
2054-03-08 00:00:00,0.0,0.0
2054-03-08 01:00:00,0.0,0.0
2054-03-08 02:00:00,0.0,3.8224060164616604
2054-03-08 03:00:00,0.0,74.7492732108058
2054-03-08 04:00:00,0.0,158.41749379335548
2054-03-08 05:00:00,0.0,209.80761912578447
2054-03-08 06:00:00,0.0,228.49493742848594
2054-03-08 07:00:00,0.0,250.5799499680422
2054-03-08 08:00:00,0.0,245.9081203923668
2054-03-08 09:00:00,0.0,211.93117802381872
2054-03-08 10:00:00,0.0,178.3789474348775
2054-03-08 11:00:00,0.0,129.11238100048274
2054-03-08 12:00:00,0.0,59.884360924566
2054-03-08 13:00:00,0.0,9.343659151350725
2054-03-08 14:00:00,0.0,0.0
2054-03-08 15:00:00,0.0,0.0
2054-03-08 16:00:00,0.0,0.0
2054-03-08 17:00:00,0.0,0.0
2054-03-08 18:00:00,0.0,0.0
2054-03-08 19:00:00,0.0,0.0
2054-03-08 20:00:00,0.0,0.0
2054-03-08 21:00:00,0.0,0.0
2054-03-08 22:00:00,0.0,0.0
2054-03-08 23:00:00,0.0,0.0
2054-03-09 00:00:00,0.0,0.0
2054-03-09 01:00:00,0.0,0.0
2054-03-09 02:00:00,0.0,2.9729824572479586
2054-03-09 03:00:00,0.0,56.06195490810435
2054-03-09 04:00:00,0.0,118.49458651031148
2054-03-09 05:00:00,0.0,185.59904768819396
2054-03-09 06:00:00,0.0,245.05869683315314
2054-03-09 07:00:00,0.0,260.7730326786066
2054-03-09 08:00:00,0.0,239.96215547787094
2054-03-09 09:00:00,0.0,217.02771937910097
2054-03-09 10:00:00,0.0,174.131829638809
2054-03-09 11:00:00,0.0,122.74170430637997
2054-03-09 12:00:00,0.0,65.83032583906193
2054-03-09 13:00:00,0.0,12.741353388205535
2054-03-09 14:00:00,0.0,0.0
2054-03-09 15:00:00,0.0,0.0
2054-03-09 16:00:00,0.0,0.0
2054-03-09 17:00:00,0.0,0.0
2054-03-09 18:00:00,0.0,0.0
2054-03-09 19:00:00,0.0,0.0
2054-03-09 20:00:00,0.0,0.0
2054-03-09 21:00:00,0.0,0.0
2054-03-09 22:00:00,0.0,0.0
2054-03-09 23:00:00,0.0,0.0
2054-03-10 00:00:00,0.0,0.0
2054-03-10 01:00:00,0.0,0.0
2054-03-10 02:00:00,0.0,5.945964914495917
2054-03-10 03:00:00,0.0,90.88832083586615
2054-03-10 04:00:00,0.0,185.17433590858712
2054-03-10 05:00:00,0.0,257.8000502213587
2054-03-10 06:00:00,0.0,305.7924813169329
2054-03-10 07:00:00,0.0,329.1516291953097
2054-03-10 08:00:00,0.0,330.8504763137371
2054-03-10 09:00:00,0.0,312.1631580110356
2054-03-10 10:00:00,0.0,270.5414036095642
2054-03-10 11:00:00,0.0,205.56050132971598
2054-03-10 12:00:00,0.0,117.64516295109776
2054-03-10 13:00:00,0.0,25.48270677641107
2054-03-10 14:00:00,0.0,0.0
2054-03-10 15:00:00,0.0,0.0
2054-03-10 16:00:00,0.0,0.0
2054-03-10 17:00:00,0.0,0.0
2054-03-10 18:00:00,0.0,0.0
2054-03-10 19:00:00,0.0,0.0
2054-03-10 20:00:00,0.0,0.0
2054-03-10 21:00:00,0.0,0.0
2054-03-10 22:00:00,0.0,0.0
2054-03-10 23:00:00,0.0,0.0
2054-03-11 00:00:00,0.0,0.0
2054-03-11 01:00:00,0.0,0.0
2054-03-11 02:00:00,0.0,7.644812032923321
2054-03-11 03:00:00,0.0,103.62967422407168
2054-03-11 04:00:00,0.0,200.0392481948269
2054-03-11 05:00:00,0.0,270.966115389171
2054-03-11 06:00:00,0.0,320.2326818235658
2054-03-11 07:00:00,0.0,343.59182970194263
2054-03-11 08:00:00,0.0,344.8659650407631
2054-03-11 09:00:00,0.0,326.1786467380617
2054-03-11 10:00:00,0.0,284.98160411619716
2054-03-11 11:00:00,0.0,217.4524311587078
2054-03-11 12:00:00,0.0,120.61814540834573
2054-03-11 13:00:00,0.0,23.359147878376813
2054-03-11 14:00:00,0.0,0.0
2054-03-11 15:00:00,0.0,0.0
2054-03-11 16:00:00,0.0,0.0
2054-03-11 17:00:00,0.0,0.0
2054-03-11 18:00:00,0.0,0.0
2054-03-11 19:00:00,0.0,0.0
2054-03-11 20:00:00,0.0,0.0
2054-03-11 21:00:00,0.0,0.0
2054-03-11 22:00:00,0.0,0.0
2054-03-11 23:00:00,0.0,0.0
2054-03-12 00:00:00,0.0,0.0
2054-03-12 01:00:00,0.0,0.0
2054-03-12 02:00:00,0.0,2.548270677641107
2054-03-12 03:00:00,0.0,41.62175440147142
2054-03-12 04:00:00,0.0,93.8613032931141
2054-03-12 05:00:00,0.0,138.03132837222662
2054-03-12 06:00:00,0.0,167.33644116509936
2054-03-12 07:00:00,0.0,170.30942362234734
2054-03-12 08:00:00,0.0,177.95423565527065
2054-03-12 09:00:00,0.0,169.46000006313363
2054-03-12 10:00:00,0.0,142.27844616829512
2054-03-12 11:00:00,0.0,107.45208024053335
2054-03-12 12:00:00,0.0,65.83032583906193
2054-03-12 13:00:00,0.0,18.262606523094597
2054-03-12 14:00:00,0.0,0.0
2054-03-12 15:00:00,0.0,0.0
2054-03-12 16:00:00,0.0,0.0
2054-03-12 17:00:00,0.0,0.0
2054-03-12 18:00:00,0.0,0.0
2054-03-12 19:00:00,0.0,0.0
2054-03-12 20:00:00,0.0,0.0
2054-03-12 21:00:00,0.0,0.0
2054-03-12 22:00:00,0.0,0.0
2054-03-12 23:00:00,0.0,0.0
2054-03-13 00:00:00,0.0,0.0
2054-03-13 01:00:00,0.0,0.0
2054-03-13 02:00:00,0.0,8.069523812530171
2054-03-13 03:00:00,0.0,104.05438600367853
2054-03-13 04:00:00,0.0,203.4369424316817
2054-03-13 05:00:00,0.0,275.63794496484644
2054-03-13 06:00:00,0.0,321.50681716238637
2054-03-13 07:00:00,0.0,344.8659650407631
2054-03-13 08:00:00,0.0,346.5648121591905
2054-03-13 09:00:00,0.0,327.87749385648914
2054-03-13 10:00:00,0.0,286.68045123462457
2054-03-13 11:00:00,0.0,221.6995489547763
2054-03-13 12:00:00,0.0,132.51007523733756
2054-03-13 13:00:00,0.0,33.12751880933439
2054-03-13 14:00:00,0.0,0.0
2054-03-13 15:00:00,0.0,0.0
2054-03-13 16:00:00,0.0,0.0
2054-03-13 17:00:00,0.0,0.0
2054-03-13 18:00:00,0.0,0.0
2054-03-13 19:00:00,0.0,0.0
2054-03-13 20:00:00,0.0,0.0
2054-03-13 21:00:00,0.0,0.0
2054-03-13 22:00:00,0.0,0.0
2054-03-13 23:00:00,0.0,0.0
2054-03-14 00:00:00,0.0,0.0
2054-03-14 01:00:00,0.0,0.0
2054-03-14 02:00:00,0.0,9.343659151350725
2054-03-14 03:00:00,0.0,106.17794490171279
2054-03-14 04:00:00,0.0,201.31338353364745
2054-03-14 05:00:00,0.0,270.966115389171
2054-03-14 06:00:00,0.0,316.41027580710414
2054-03-14 07:00:00,0.0,339.34471190587414
2054-03-14 08:00:00,0.0,341.04355902430154
2054-03-14 09:00:00,0.0,322.78095250120685
2054-03-14 10:00:00,0.0,282.85804521816294
2054-03-14 11:00:00,0.0,219.15127827713522
2054-03-14 12:00:00,0.0,132.51007523733756
2054-03-14 13:00:00,0.0,34.40165414815495
2054-03-14 14:00:00,0.0,0.0
2054-03-14 15:00:00,0.0,0.0
2054-03-14 16:00:00,0.0,0.0
2054-03-14 17:00:00,0.0,0.0
2054-03-14 18:00:00,0.0,0.0
2054-03-14 19:00:00,0.0,0.0
2054-03-14 20:00:00,0.0,0.0
2054-03-14 21:00:00,0.0,0.0
2054-03-14 22:00:00,0.0,0.0
2054-03-14 23:00:00,0.0,0.0
2054-03-15 00:00:00,0.0,0.0
2054-03-15 01:00:00,0.0,0.0
2054-03-15 02:00:00,0.0,10.193082710564427
2054-03-15 03:00:00,0.0,106.60265668131966
2054-03-15 04:00:00,0.0,199.61453641522004
2054-03-15 05:00:00,0.0,269.6919800503505
2054-03-15 06:00:00,0.0,315.5608522478904
2054-03-15 07:00:00,0.0,338.07057656705354
2054-03-15 08:00:00,0.0,339.76942368548094
2054-03-15 09:00:00,0.0,320.2326818235658
2054-03-15 10:00:00,0.0,278.6109274220944
2054-03-15 11:00:00,0.0,214.05473692185296
2054-03-15 12:00:00,0.0,126.56411032284166
2054-03-15 13:00:00,0.0,31.003959911300136
2054-03-15 14:00:00,0.0,0.0
2054-03-15 15:00:00,0.0,0.0
2054-03-15 16:00:00,0.0,0.0
2054-03-15 17:00:00,0.0,0.0
2054-03-15 18:00:00,0.0,0.0
2054-03-15 19:00:00,0.0,0.0
2054-03-15 20:00:00,0.0,0.0
2054-03-15 21:00:00,0.0,0.0
2054-03-15 22:00:00,0.0,0.0
2054-03-15 23:00:00,0.0,0.0
2054-03-16 00:00:00,0.0,0.0
2054-03-16 01:00:00,0.0,0.0
2054-03-16 02:00:00,0.0,8.069523812530171
2054-03-16 03:00:00,0.0,91.73774439507986
2054-03-16 04:00:00,0.0,183.05077701055288
2054-03-16 05:00:00,0.0,261.1977444582135
2054-03-16 06:00:00,0.0,305.7924813169329
2054-03-16 07:00:00,0.0,329.1516291953097
2054-03-16 08:00:00,0.0,331.2751880933439
2054-03-16 09:00:00,0.0,310.4643108926082
2054-03-16 10:00:00,0.0,269.6919800503505
2054-03-16 11:00:00,0.0,205.56050132971598
2054-03-16 12:00:00,0.0,119.768721849132
2054-03-16 13:00:00,0.0,28.030977454052174
2054-03-16 14:00:00,0.0,0.0
2054-03-16 15:00:00,0.0,0.0
2054-03-16 16:00:00,0.0,0.0
2054-03-16 17:00:00,0.0,0.0
2054-03-16 18:00:00,0.0,0.0
2054-03-16 19:00:00,0.0,0.0
2054-03-16 20:00:00,0.0,0.0
2054-03-16 21:00:00,0.0,0.0
2054-03-16 22:00:00,0.0,0.0
2054-03-16 23:00:00,0.0,0.0
2054-03-17 00:00:00,0.0,0.0
2054-03-17 01:00:00,0.0,0.0
2054-03-17 02:00:00,0.0,8.069523812530171
2054-03-17 03:00:00,0.0,91.73774439507986
2054-03-17 04:00:00,0.0,187.29789480662137
2054-03-17 05:00:00,0.0,259.4988973397861
2054-03-17 06:00:00,0.0,301.1206517412575
2054-03-17 07:00:00,0.0,324.90451139924113
2054-03-17 08:00:00,0.0,327.4527820768823
2054-03-17 09:00:00,0.0,308.3407519945739
2054-03-17 10:00:00,0.0,267.9931329319231
2054-03-17 11:00:00,0.0,204.71107777050227
2054-03-17 12:00:00,0.0,119.768721849132
2054-03-17 13:00:00,0.0,28.880401013265878
2054-03-17 14:00:00,0.0,0.0
2054-03-17 15:00:00,0.0,0.0
2054-03-17 16:00:00,0.0,0.0
2054-03-17 17:00:00,0.0,0.0
2054-03-17 18:00:00,0.0,0.0
2054-03-17 19:00:00,0.0,0.0
2054-03-17 20:00:00,0.0,0.0
2054-03-17 21:00:00,0.0,0.0
2054-03-17 22:00:00,0.0,0.0
2054-03-17 23:00:00,0.0,0.0
2054-03-18 00:00:00,0.0,0.0
2054-03-18 01:00:00,0.0,0.0
2054-03-18 02:00:00,0.0,7.644812032923321
2054-03-18 03:00:00,0.0,80.27052634569486
2054-03-18 04:00:00,0.0,174.5565414184158
2054-03-18 05:00:00,0.0,244.2092732739394
2054-03-18 06:00:00,0.0,296.02411038597523
2054-03-18 07:00:00,0.0,322.35624072160005
2054-03-18 08:00:00,0.0,323.6303760604206
2054-03-18 09:00:00,0.0,302.81949885968487
2054-03-18 10:00:00,0.0,260.7730326786066
2054-03-18 11:00:00,0.0,193.66857150072414
2054-03-18 12:00:00,0.0,105.75323312210594
2054-03-18 13:00:00,0.0,21.660300759949408
2054-03-18 14:00:00,0.0,0.0
2054-03-18 15:00:00,0.0,0.0
2054-03-18 16:00:00,0.0,0.0
2054-03-18 17:00:00,0.0,0.0
2054-03-18 18:00:00,0.0,0.0
2054-03-18 19:00:00,0.0,0.0
2054-03-18 20:00:00,0.0,0.0
2054-03-18 21:00:00,0.0,0.0
2054-03-18 22:00:00,0.0,0.0
2054-03-18 23:00:00,0.0,0.0
2054-03-19 00:00:00,0.0,0.0
2054-03-19 01:00:00,0.0,0.0
2054-03-19 02:00:00,0.0,7.644812032923321
2054-03-19 03:00:00,0.0,91.313032615473
2054-03-19 04:00:00,0.0,188.14731836583505
2054-03-19 05:00:00,0.0,261.1977444582135
2054-03-19 06:00:00,0.0,308.76546377418083
2054-03-19 07:00:00,0.0,329.1516291953097
2054-03-19 08:00:00,0.0,329.1516291953097
2054-03-19 09:00:00,0.0,302.39478708007806
2054-03-19 10:00:00,0.0,259.4988973397861
2054-03-19 11:00:00,0.0,194.093283280331
2054-03-19 12:00:00,0.0,109.57563913856761
2054-03-19 13:00:00,0.0,24.63328321719737
2054-03-19 14:00:00,0.0,0.0
2054-03-19 15:00:00,0.0,0.0
2054-03-19 16:00:00,0.0,0.0
2054-03-19 17:00:00,0.0,0.0
2054-03-19 18:00:00,0.0,0.0
2054-03-19 19:00:00,0.0,0.0
2054-03-19 20:00:00,0.0,0.0
2054-03-19 21:00:00,0.0,0.0
2054-03-19 22:00:00,0.0,0.0
2054-03-19 23:00:00,0.0,0.0
2054-03-20 00:00:00,0.0,0.0
2054-03-20 01:00:00,0.0,0.0
2054-03-20 02:00:00,0.0,7.644812032923321
2054-03-20 03:00:00,0.0,87.0659148194045
2054-03-20 04:00:00,0.0,179.22837099409116
2054-03-20 05:00:00,0.0,251.00466174764907
2054-03-20 06:00:00,0.0,304.5183459781123
2054-03-20 07:00:00,0.0,326.1786467380617
2054-03-20 08:00:00,0.0,327.0280702972754
2054-03-20 09:00:00,0.0,308.76546377418083
2054-03-20 10:00:00,0.0,266.71899759310253
2054-03-20 11:00:00,0.0,201.73809531325432
2054-03-20 12:00:00,0.0,115.94631583267038
2054-03-20 13:00:00,0.0,27.60626567444533
2054-03-20 14:00:00,0.0,0.0
2054-03-20 15:00:00,0.0,0.0
2054-03-20 16:00:00,0.0,0.0
2054-03-20 17:00:00,0.0,0.0
2054-03-20 18:00:00,0.0,0.0
2054-03-20 19:00:00,0.0,0.0
2054-03-20 20:00:00,0.0,0.0
2054-03-20 21:00:00,0.0,0.0
2054-03-20 22:00:00,0.0,0.0
2054-03-20 23:00:00,0.0,0.0
2054-03-21 00:00:00,0.0,0.0
2054-03-21 01:00:00,0.0,0.0
2054-03-21 02:00:00,0.0,9.343659151350725
2054-03-21 03:00:00,0.0,93.43659151350725
2054-03-21 04:00:00,0.0,184.3249123493734
2054-03-21 05:00:00,0.0,253.1282206456833
2054-03-21 06:00:00,0.0,298.14766928400945
2054-03-21 07:00:00,0.0,321.08210538277945
2054-03-21 08:00:00,0.0,322.78095250120685
2054-03-21 09:00:00,0.0,299.42180462283005
2054-03-21 10:00:00,0.0,258.2247620009655
2054-03-21 11:00:00,0.0,194.94270683954468
2054-03-21 12:00:00,0.0,111.69919803660186
2054-03-21 13:00:00,0.0,27.181553894838476
2054-03-21 14:00:00,0.0,0.0
2054-03-21 15:00:00,0.0,0.0
2054-03-21 16:00:00,0.0,0.0
2054-03-21 17:00:00,0.0,0.0
2054-03-21 18:00:00,0.0,0.0
2054-03-21 19:00:00,0.0,0.0
2054-03-21 20:00:00,0.0,0.0
2054-03-21 21:00:00,0.0,0.0
2054-03-21 22:00:00,0.0,0.0
2054-03-21 23:00:00,0.0,0.0
2054-03-22 00:00:00,0.0,0.0
2054-03-22 01:00:00,0.0,0.0
2054-03-22 02:00:00,0.0,8.918947371743874
2054-03-22 03:00:00,0.0,87.0659148194045
2054-03-22 04:00:00,0.0,175.83067675723638
2054-03-22 05:00:00,0.0,245.05869683315314
2054-03-22 06:00:00,0.0,287.10516301423144
2054-03-22 07:00:00,0.0,310.88902267221505
2054-03-22 08:00:00,0.0,315.5608522478904
2054-03-22 09:00:00,0.0,296.87353394518897
2054-03-22 10:00:00,0.0,256.10120310293127
2054-03-22 11:00:00,0.0,192.81914794151044
2054-03-22 12:00:00,0.0,110.00035091817445
2054-03-22 13:00:00,0.0,26.332130335624772
2054-03-22 14:00:00,0.0,0.0
2054-03-22 15:00:00,0.0,0.0
2054-03-22 16:00:00,0.0,0.0
2054-03-22 17:00:00,0.0,0.0
2054-03-22 18:00:00,0.0,0.0
2054-03-22 19:00:00,0.0,0.0
2054-03-22 20:00:00,0.0,0.0
2054-03-22 21:00:00,0.0,0.0
2054-03-22 22:00:00,0.0,0.0
2054-03-22 23:00:00,0.0,0.0
2054-03-23 00:00:00,0.0,0.0
2054-03-23 01:00:00,0.0,0.0
2054-03-23 02:00:00,0.0,8.494235592137024
2054-03-23 03:00:00,0.0,83.66822058254968
2054-03-23 04:00:00,0.0,177.10481209605692
2054-03-23 05:00:00,0.0,248.0316792904011
2054-03-23 06:00:00,0.0,294.3252632675478
2054-03-23 07:00:00,0.0,314.28671690906987
2054-03-23 08:00:00,0.0,307.9160402149671
2054-03-23 09:00:00,0.0,298.14766928400945
2054-03-23 10:00:00,0.0,265.8695740338888
2054-03-23 11:00:00,0.0,204.2863659908954
2054-03-23 12:00:00,0.0,121.46756896755944
2054-03-23 13:00:00,0.0,32.278095250120685
2054-03-23 14:00:00,0.0,0.0
2054-03-23 15:00:00,0.0,0.0
2054-03-23 16:00:00,0.0,0.0
2054-03-23 17:00:00,0.0,0.0
2054-03-23 18:00:00,0.0,0.0
2054-03-23 19:00:00,0.0,0.0
2054-03-23 20:00:00,0.0,0.0
2054-03-23 21:00:00,0.0,0.0
2054-03-23 22:00:00,0.0,0.0
2054-03-23 23:00:00,0.0,0.0
2054-03-24 00:00:00,0.0,0.0
2054-03-24 01:00:00,0.0,0.0
2054-03-24 02:00:00,0.0,11.467218049384982
2054-03-24 03:00:00,0.0,98.53313286878947
2054-03-24 04:00:00,0.0,191.96972438229673
2054-03-24 05:00:00,0.0,260.7730326786066
2054-03-24 06:00:00,0.0,305.367769537326
2054-03-24 07:00:00,0.0,328.30220563609595
2054-03-24 08:00:00,0.0,330.42576453413017
2054-03-24 09:00:00,0.0,311.31373445182186
2054-03-24 10:00:00,0.0,271.3908271687779
2054-03-24 11:00:00,0.0,208.53348378696393
2054-03-24 12:00:00,0.0,115.09689227345669
2054-03-24 13:00:00,0.0,30.579248131693284
2054-03-24 14:00:00,0.0,0.0
2054-03-24 15:00:00,0.0,0.0
2054-03-24 16:00:00,0.0,0.0
2054-03-24 17:00:00,0.0,0.0
2054-03-24 18:00:00,0.0,0.0
2054-03-24 19:00:00,0.0,0.0
2054-03-24 20:00:00,0.0,0.0
2054-03-24 21:00:00,0.0,0.0
2054-03-24 22:00:00,0.0,0.0
2054-03-24 23:00:00,0.0,0.0
2054-03-25 00:00:00,0.0,0.0
2054-03-25 01:00:00,0.0,0.0
2054-03-25 02:00:00,0.0,11.04250626977813
2054-03-25 03:00:00,0.0,93.8613032931141
2054-03-25 04:00:00,0.0,191.12030082308303
2054-03-25 05:00:00,0.0,260.7730326786066
2054-03-25 06:00:00,0.0,307.9160402149671
2054-03-25 07:00:00,0.0,330.8504763137371
2054-03-25 08:00:00,0.0,333.3987469913782
2054-03-25 09:00:00,0.0,313.0125815702493
2054-03-25 10:00:00,0.0,273.939097846419
2054-03-25 11:00:00,0.0,212.35588980342558
2054-03-25 12:00:00,0.0,129.11238100048274
2054-03-25 13:00:00,0.0,37.374636605402905
2054-03-25 14:00:00,0.0,0.0
2054-03-25 15:00:00,0.0,0.0
2054-03-25 16:00:00,0.0,0.0
2054-03-25 17:00:00,0.0,0.0
2054-03-25 18:00:00,0.0,0.0
2054-03-25 19:00:00,0.0,0.0
2054-03-25 20:00:00,0.0,0.0
2054-03-25 21:00:00,0.0,0.0
2054-03-25 22:00:00,0.0,0.0
2054-03-25 23:00:00,0.0,0.0
2054-03-26 00:00:00,0.0,0.0
2054-03-26 01:00:00,0.0,0.0
2054-03-26 02:00:00,0.0,13.166065167812386
2054-03-26 03:00:00,0.0,104.05438600367853
2054-03-26 04:00:00,0.0,195.7921303987584
2054-03-26 05:00:00,0.0,264.17072691546144
2054-03-26 06:00:00,0.0,308.3407519945739
2054-03-26 07:00:00,0.0,330.8504763137371
2054-03-26 08:00:00,0.0,332.54932343216444
2054-03-26 09:00:00,0.0,310.88902267221505
2054-03-26 10:00:00,0.0,271.81553894838476
2054-03-26 11:00:00,0.0,209.80761912578447
2054-03-26 12:00:00,0.0,126.98882210244848
2054-03-26 13:00:00,0.0,36.10050126658235
2054-03-26 14:00:00,0.0,0.0
2054-03-26 15:00:00,0.0,0.0
2054-03-26 16:00:00,0.0,0.0
2054-03-26 17:00:00,0.0,0.0
2054-03-26 18:00:00,0.0,0.0
2054-03-26 19:00:00,0.0,0.0
2054-03-26 20:00:00,0.0,0.0
2054-03-26 21:00:00,0.0,0.0
2054-03-26 22:00:00,0.0,0.0
2054-03-26 23:00:00,0.0,0.0
2054-03-27 00:00:00,0.0,0.0
2054-03-27 01:00:00,0.0,0.0
2054-03-27 02:00:00,0.0,14.015488727026087
2054-03-27 03:00:00,0.0,104.90380956289223
2054-03-27 04:00:00,0.0,194.51799505993782
2054-03-27 05:00:00,0.0,262.04716801742717
2054-03-27 06:00:00,0.0,307.06661665575336
2054-03-27 07:00:00,0.0,327.87749385648914
2054-03-27 08:00:00,0.0,328.30220563609595
2054-03-27 09:00:00,0.0,309.61488733339456
2054-03-27 10:00:00,0.0,270.966115389171
2054-03-27 11:00:00,0.0,212.78060158303245
2054-03-27 12:00:00,0.0,132.51007523733756
2054-03-27 13:00:00,0.0,40.34761906265086
2054-03-27 14:00:00,0.0,0.0
2054-03-27 15:00:00,0.0,0.0
2054-03-27 16:00:00,0.0,0.0
2054-03-27 17:00:00,0.0,0.0
2054-03-27 18:00:00,0.0,0.0
2054-03-27 19:00:00,0.0,0.0
2054-03-27 20:00:00,0.0,0.0
2054-03-27 21:00:00,0.0,0.0
2054-03-27 22:00:00,0.0,0.0
2054-03-27 23:00:00,0.0,0.0
2054-03-28 00:00:00,0.0,0.0
2054-03-28 01:00:00,0.0,0.0
2054-03-28 02:00:00,0.0,14.864912286239793
2054-03-28 03:00:00,0.0,104.90380956289223
2054-03-28 04:00:00,0.0,193.66857150072414
2054-03-28 05:00:00,0.0,260.7730326786066
2054-03-28 06:00:00,0.0,303.24421063929174
2054-03-28 07:00:00,0.0,324.4797996196343
2054-03-28 08:00:00,0.0,325.75393495845486
2054-03-28 09:00:00,0.0,307.49132843536023
2054-03-28 10:00:00,0.0,268.41784471152994
2054-03-28 11:00:00,0.0,201.73809531325432
2054-03-28 12:00:00,0.0,112.54862159581556
2054-03-28 13:00:00,0.0,28.880401013265878
2054-03-28 14:00:00,0.0,0.0
2054-03-28 15:00:00,0.0,0.0
2054-03-28 16:00:00,0.0,0.0
2054-03-28 17:00:00,0.0,0.0
2054-03-28 18:00:00,0.0,0.0
2054-03-28 19:00:00,0.0,0.0
2054-03-28 20:00:00,0.0,0.0
2054-03-28 21:00:00,0.0,0.0
2054-03-28 22:00:00,0.0,0.0
2054-03-28 23:00:00,0.0,0.0
2054-03-29 00:00:00,0.0,0.0
2054-03-29 01:00:00,0.0,0.0
2054-03-29 02:00:00,0.0,12.741353388205535
2054-03-29 03:00:00,0.0,96.83428575036207
2054-03-29 04:00:00,0.0,183.90020056976653
2054-03-29 05:00:00,0.0,251.00466174764907
2054-03-29 06:00:00,0.0,293.90055148794096
2054-03-29 07:00:00,0.0,315.13614046828354
2054-03-29 08:00:00,0.0,320.65739360317264
2054-03-29 09:00:00,0.0,303.66892241889855
2054-03-29 10:00:00,0.0,265.0201504746751
2054-03-29 11:00:00,0.0,203.86165421128857
2054-03-29 12:00:00,0.0,120.19343362873889
2054-03-29 13:00:00,0.0,34.40165414815495
2054-03-29 14:00:00,0.0,0.0
2054-03-29 15:00:00,0.0,0.0
2054-03-29 16:00:00,0.0,0.0
2054-03-29 17:00:00,0.0,0.0
2054-03-29 18:00:00,0.0,0.0
2054-03-29 19:00:00,0.0,0.0
2054-03-29 20:00:00,0.0,0.0
2054-03-29 21:00:00,0.0,0.0
2054-03-29 22:00:00,0.0,0.0
2054-03-29 23:00:00,0.0,0.0
2054-03-30 00:00:00,0.0,0.0
2054-03-30 01:00:00,0.0,0.0
2054-03-30 02:00:00,0.0,13.590776947419238
2054-03-30 03:00:00,0.0,99.38255642800317
2054-03-30 04:00:00,0.0,189.84616548426249
2054-03-30 05:00:00,0.0,257.3753384417518
2054-03-30 06:00:00,0.0,301.1206517412575
2054-03-30 07:00:00,0.0,323.6303760604206
2054-03-30 08:00:00,0.0,325.75393495845486
2054-03-30 09:00:00,0.0,307.06661665575336
2054-03-30 10:00:00,0.0,268.8425564911368
2054-03-30 11:00:00,0.0,208.53348378696393
2054-03-30 12:00:00,0.0,127.41353388205535
2054-03-30 13:00:00,0.0,38.22406016461661
2054-03-30 14:00:00,0.0,0.0
2054-03-30 15:00:00,0.0,0.0
2054-03-30 16:00:00,0.0,0.0
2054-03-30 17:00:00,0.0,0.0
2054-03-30 18:00:00,0.0,0.0
2054-03-30 19:00:00,0.0,0.0
2054-03-30 20:00:00,0.0,0.0
2054-03-30 21:00:00,0.0,0.0
2054-03-30 22:00:00,0.0,0.0
2054-03-30 23:00:00,0.0,0.0
2054-03-31 00:00:00,0.0,0.0
2054-03-31 01:00:00,0.0,0.0
2054-03-31 02:00:00,0.0,15.714335845453494
2054-03-31 03:00:00,0.0,107.02736846092648
2054-03-31 04:00:00,0.0,195.7921303987584
2054-03-31 05:00:00,0.0,262.89659157664084
2054-03-31 06:00:00,0.0,306.2171930965397
2054-03-31 07:00:00,0.0,327.4527820768823
2054-03-31 08:00:00,0.0,329.1516291953097
2054-03-31 09:00:00,0.0,311.31373445182186
2054-03-31 10:00:00,0.0,272.6649625075985
2054-03-31 11:00:00,0.0,211.93117802381872
2054-03-31 12:00:00,0.0,130.3865163393033
2054-03-31 13:00:00,0.0,39.92290728304401
2054-03-31 14:00:00,0.0,0.0
2054-03-31 15:00:00,0.0,0.0
2054-03-31 16:00:00,0.0,0.0
2054-03-31 17:00:00,0.0,0.0
2054-03-31 18:00:00,0.0,0.0
2054-03-31 19:00:00,0.0,0.0
2054-03-31 20:00:00,0.0,0.0
2054-03-31 21:00:00,0.0,0.0
2054-03-31 22:00:00,0.0,0.0
2054-03-31 23:00:00,0.0,0.0
2054-04-01 00:00:00,0.0,0.0
2054-04-01 01:00:00,0.0,0.0
2054-04-01 02:00:00,0.0,16.139047625060343
2054-04-01 03:00:00,0.0,105.75323312210594
2054-04-01 04:00:00,0.0,193.66857150072414
2054-04-01 05:00:00,0.0,260.34832089899976
2054-04-01 06:00:00,0.0,302.81949885968487
2054-04-01 07:00:00,0.0,323.6303760604206
2054-04-01 08:00:00,0.0,325.329223178848
2054-04-01 09:00:00,0.0,307.49132843536023
2054-04-01 10:00:00,0.0,269.6919800503505
2054-04-01 11:00:00,0.0,209.80761912578447
2054-04-01 12:00:00,0.0,129.11238100048274
2054-04-01 13:00:00,0.0,39.49819550343716
2054-04-01 14:00:00,0.0,0.0
2054-04-01 15:00:00,0.0,0.0
2054-04-01 16:00:00,0.0,0.0
2054-04-01 17:00:00,0.0,0.0
2054-04-01 18:00:00,0.0,0.0
2054-04-01 19:00:00,0.0,0.0
2054-04-01 20:00:00,0.0,0.0
2054-04-01 21:00:00,0.0,0.0
2054-04-01 22:00:00,0.0,0.0
2054-04-01 23:00:00,0.0,0.0
2054-04-02 00:00:00,0.0,0.0
2054-04-02 01:00:00,0.0,0.0
2054-04-02 02:00:00,0.0,16.563759404667195
2054-04-02 03:00:00,0.0,107.02736846092648
2054-04-02 04:00:00,0.0,195.7921303987584
2054-04-02 05:00:00,0.0,262.04716801742717
2054-04-02 06:00:00,0.0,299.84651640243686
2054-04-02 07:00:00,0.0,299.42180462283005
2054-04-02 08:00:00,0.0,280.3097745405218
2054-04-02 09:00:00,0.0,263.7460151358546
2054-04-02 10:00:00,0.0,242.08571437590516
2054-04-02 11:00:00,0.0,202.587518872468
2054-04-02 12:00:00,0.0,129.96180455969647
2054-04-02 13:00:00,0.0,40.34761906265086
2054-04-02 14:00:00,0.0,0.0
2054-04-02 15:00:00,0.0,0.0
2054-04-02 16:00:00,0.0,0.0
2054-04-02 17:00:00,0.0,0.0
2054-04-02 18:00:00,0.0,0.0
2054-04-02 19:00:00,0.0,0.0
2054-04-02 20:00:00,0.0,0.0
2054-04-02 21:00:00,0.0,0.0
2054-04-02 22:00:00,0.0,0.0
2054-04-02 23:00:00,0.0,0.0
2054-04-03 00:00:00,0.0,0.0
2054-04-03 01:00:00,0.0,0.0
2054-04-03 02:00:00,0.0,10.61779449017128
2054-04-03 03:00:00,0.0,85.79177948058395
2054-04-03 04:00:00,0.0,192.39443616190357
2054-04-03 05:00:00,0.0,259.92360911939295
2054-04-03 06:00:00,0.0,301.5453635208643
2054-04-03 07:00:00,0.0,322.78095250120685
2054-04-03 08:00:00,0.0,325.329223178848
2054-04-03 09:00:00,0.0,307.9160402149671
2054-04-03 10:00:00,0.0,269.26726827074367
2054-04-03 11:00:00,0.0,205.1357895501091
2054-04-03 12:00:00,0.0,109.15092735896074
2054-04-03 13:00:00,0.0,30.579248131693284
2054-04-03 14:00:00,0.0,0.0
2054-04-03 15:00:00,0.0,0.0
2054-04-03 16:00:00,0.0,0.0
2054-04-03 17:00:00,0.0,0.0
2054-04-03 18:00:00,0.0,0.0
2054-04-03 19:00:00,0.0,0.0
2054-04-03 20:00:00,0.0,0.0
2054-04-03 21:00:00,0.0,0.0
2054-04-03 22:00:00,0.0,0.0
2054-04-03 23:00:00,0.0,0.0
2054-04-04 00:00:00,0.0,0.0
2054-04-04 01:00:00,0.0,0.0
2054-04-04 02:00:00,0.0,17.837894743487748
2054-04-04 03:00:00,0.0,109.57563913856761
2054-04-04 04:00:00,0.0,197.91568929679266
2054-04-04 05:00:00,0.0,263.3213033562477
2054-04-04 06:00:00,0.0,304.0936341985054
2054-04-04 07:00:00,0.0,323.2056642808137
2054-04-04 08:00:00,0.0,321.9315289419932
2054-04-04 09:00:00,0.0,298.5723810636164
2054-04-04 10:00:00,0.0,253.1282206456833
2054-04-04 11:00:00,0.0,185.17433590858712
2054-04-04 12:00:00,0.0,107.02736846092648
2054-04-04 13:00:00,0.0,34.8263659277618
2054-04-04 14:00:00,0.0,0.0
2054-04-04 15:00:00,0.0,0.0
2054-04-04 16:00:00,0.0,0.0
2054-04-04 17:00:00,0.0,0.0
2054-04-04 18:00:00,0.0,0.0
2054-04-04 19:00:00,0.0,0.0
2054-04-04 20:00:00,0.0,0.0
2054-04-04 21:00:00,0.0,0.0
2054-04-04 22:00:00,0.0,0.0
2054-04-04 23:00:00,0.0,0.0
2054-04-05 00:00:00,0.0,0.0
2054-04-05 01:00:00,0.0,0.0
2054-04-05 02:00:00,0.0,9.343659151350725
2054-04-05 03:00:00,0.0,61.58320804299341
2054-04-05 04:00:00,0.0,132.9347870169444
2054-04-05 05:00:00,0.0,193.24385972111727
2054-04-05 06:00:00,0.0,265.0201504746751
2054-04-05 07:00:00,0.0,314.28671690906987
2054-04-05 08:00:00,0.0,322.78095250120685
2054-04-05 09:00:00,0.0,294.3252632675478
2054-04-05 10:00:00,0.0,252.27879708646958
2054-04-05 11:00:00,0.0,204.71107777050227
2054-04-05 12:00:00,0.0,129.11238100048274
2054-04-05 13:00:00,0.0,39.49819550343716
2054-04-05 14:00:00,0.0,0.0
2054-04-05 15:00:00,0.0,0.0
2054-04-05 16:00:00,0.0,0.0
2054-04-05 17:00:00,0.0,0.0
2054-04-05 18:00:00,0.0,0.0
2054-04-05 19:00:00,0.0,0.0
2054-04-05 20:00:00,0.0,0.0
2054-04-05 21:00:00,0.0,0.0
2054-04-05 22:00:00,0.0,0.0
2054-04-05 23:00:00,0.0,0.0
2054-04-06 00:00:00,0.0,0.0
2054-04-06 01:00:00,0.0,0.0
2054-04-06 02:00:00,0.0,7.2201002533164695
2054-04-06 03:00:00,0.0,76.44812032923322
2054-04-06 04:00:00,0.0,168.6105765039199
2054-04-06 05:00:00,0.0,225.94666675084483
2054-04-06 06:00:00,0.0,259.92360911939295
2054-04-06 07:00:00,0.0,288.3792983530519
2054-04-06 08:00:00,0.0,313.0125815702493
2054-04-06 09:00:00,0.0,304.94305775771915
2054-04-06 10:00:00,0.0,267.56842115231626
2054-04-06 11:00:00,0.0,205.56050132971598
2054-04-06 12:00:00,0.0,124.86526320441423
2054-04-06 13:00:00,0.0,39.07348372383031
2054-04-06 14:00:00,0.0,0.0
2054-04-06 15:00:00,0.0,0.0
2054-04-06 16:00:00,0.0,0.0
2054-04-06 17:00:00,0.0,0.0
2054-04-06 18:00:00,0.0,0.0
2054-04-06 19:00:00,0.0,0.0
2054-04-06 20:00:00,0.0,0.0
2054-04-06 21:00:00,0.0,0.0
2054-04-06 22:00:00,0.0,0.0
2054-04-06 23:00:00,0.0,0.0
2054-04-07 00:00:00,0.0,0.0
2054-04-07 01:00:00,0.0,0.0
2054-04-07 02:00:00,0.0,13.166065167812386
2054-04-07 03:00:00,0.0,83.66822058254968
2054-04-07 04:00:00,0.0,168.6105765039199
2054-04-07 05:00:00,0.0,239.96215547787094
2054-04-07 06:00:00,0.0,286.68045123462457
2054-04-07 07:00:00,0.0,310.4643108926082
2054-04-07 08:00:00,0.0,313.86200512946306
2054-04-07 09:00:00,0.0,293.90055148794096
2054-04-07 10:00:00,0.0,252.27879708646958
2054-04-07 11:00:00,0.0,186.44847124740767
2054-04-07 12:00:00,0.0,103.20496244446483
2054-04-07 13:00:00,0.0,26.75684211523162
2054-04-07 14:00:00,0.0,0.0
2054-04-07 15:00:00,0.0,0.0
2054-04-07 16:00:00,0.0,0.0
2054-04-07 17:00:00,0.0,0.0
2054-04-07 18:00:00,0.0,0.0
2054-04-07 19:00:00,0.0,0.0
2054-04-07 20:00:00,0.0,0.0
2054-04-07 21:00:00,0.0,0.0
2054-04-07 22:00:00,0.0,0.0
2054-04-07 23:00:00,0.0,0.0
2054-04-08 00:00:00,0.0,0.0
2054-04-08 01:00:00,0.0,0.0
2054-04-08 02:00:00,0.0,18.262606523094597
2054-04-08 03:00:00,0.0,103.62967422407168
2054-04-08 04:00:00,0.0,182.20135345133914
2054-04-08 05:00:00,0.0,239.53744369826407
2054-04-08 06:00:00,0.0,270.11669182995735
2054-04-08 07:00:00,0.0,287.52987479383825
2054-04-08 08:00:00,0.0,307.49132843536023
2054-04-08 09:00:00,0.0,301.97007530047114
2054-04-08 10:00:00,0.0,266.71899759310253
2054-04-08 11:00:00,0.0,207.25934844814336
2054-04-08 12:00:00,0.0,127.41353388205535
2054-04-08 13:00:00,0.0,40.34761906265086
2054-04-08 14:00:00,0.0,0.0
2054-04-08 15:00:00,0.0,0.0
2054-04-08 16:00:00,0.0,0.0
2054-04-08 17:00:00,0.0,0.0
2054-04-08 18:00:00,0.0,0.0
2054-04-08 19:00:00,0.0,0.0
2054-04-08 20:00:00,0.0,0.0
2054-04-08 21:00:00,0.0,0.0
2054-04-08 22:00:00,0.0,0.0
2054-04-08 23:00:00,0.0,0.0
2054-04-09 00:00:00,0.0,0.0
2054-04-09 01:00:00,0.0,0.0
2054-04-09 02:00:00,0.0,15.714335845453494
2054-04-09 03:00:00,0.0,93.8613032931141
2054-04-09 04:00:00,0.0,187.7226065862282
2054-04-09 05:00:00,0.0,255.6764913233244
2054-04-09 06:00:00,0.0,297.72295750440264
2054-04-09 07:00:00,0.0,318.95854648474517
2054-04-09 08:00:00,0.0,320.65739360317264
2054-04-09 09:00:00,0.0,302.39478708007806
2054-04-09 10:00:00,0.0,264.59543869506825
2054-04-09 11:00:00,0.0,205.1357895501091
2054-04-09 12:00:00,0.0,125.71468676362795
2054-04-09 13:00:00,0.0,39.92290728304401
2054-04-09 14:00:00,0.0,0.0
2054-04-09 15:00:00,0.0,0.0
2054-04-09 16:00:00,0.0,0.0
2054-04-09 17:00:00,0.0,0.0
2054-04-09 18:00:00,0.0,0.0
2054-04-09 19:00:00,0.0,0.0
2054-04-09 20:00:00,0.0,0.0
2054-04-09 21:00:00,0.0,0.0
2054-04-09 22:00:00,0.0,0.0
2054-04-09 23:00:00,0.0,0.0
2054-04-10 00:00:00,0.0,0.0
2054-04-10 01:00:00,0.0,0.0
2054-04-10 02:00:00,0.0,19.536741861915154
2054-04-10 03:00:00,0.0,106.17794490171279
2054-04-10 04:00:00,0.0,192.39443616190357
2054-04-10 05:00:00,0.0,257.3753384417518
2054-04-10 06:00:00,0.0,298.14766928400945
2054-04-10 07:00:00,0.0,320.2326818235658
2054-04-10 08:00:00,0.0,322.78095250120685
2054-04-10 09:00:00,0.0,304.94305775771915
2054-04-10 10:00:00,0.0,267.1437093727094
2054-04-10 11:00:00,0.0,205.56050132971598
2054-04-10 12:00:00,0.0,127.8382456616622
2054-04-10 13:00:00,0.0,41.19704262186456
2054-04-10 14:00:00,0.0,0.0
2054-04-10 15:00:00,0.0,0.0
2054-04-10 16:00:00,0.0,0.0
2054-04-10 17:00:00,0.0,0.0
2054-04-10 18:00:00,0.0,0.0
2054-04-10 19:00:00,0.0,0.0
2054-04-10 20:00:00,0.0,0.0
2054-04-10 21:00:00,0.0,0.0
2054-04-10 22:00:00,0.0,0.0
2054-04-10 23:00:00,0.0,0.0
2054-04-11 00:00:00,0.0,0.0
2054-04-11 01:00:00,0.0,0.0
2054-04-11 02:00:00,0.0,19.961453641522006
2054-04-11 03:00:00,0.0,105.32852134249909
2054-04-11 04:00:00,0.0,190.69558904347616
2054-04-11 05:00:00,0.0,256.10120310293127
2054-04-11 06:00:00,0.0,297.72295750440264
2054-04-11 07:00:00,0.0,318.95854648474517
2054-04-11 08:00:00,0.0,320.65739360317264
2054-04-11 09:00:00,0.0,301.1206517412575
2054-04-11 10:00:00,0.0,262.471879797034
2054-04-11 11:00:00,0.0,203.4369424316817
2054-04-11 12:00:00,0.0,124.86526320441423
2054-04-11 13:00:00,0.0,39.92290728304401
2054-04-11 14:00:00,0.0,0.0
2054-04-11 15:00:00,0.0,0.0
2054-04-11 16:00:00,0.0,0.0
2054-04-11 17:00:00,0.0,0.0
2054-04-11 18:00:00,0.0,0.0
2054-04-11 19:00:00,0.0,0.0
2054-04-11 20:00:00,0.0,0.0
2054-04-11 21:00:00,0.0,0.0
2054-04-11 22:00:00,0.0,0.0
2054-04-11 23:00:00,0.0,0.0
2054-04-12 00:00:00,0.0,0.0
2054-04-12 01:00:00,0.0,0.0
2054-04-12 02:00:00,0.0,18.68731830270145
2054-04-12 03:00:00,0.0,99.80726820761002
2054-04-12 04:00:00,0.0,183.05077701055288
2054-04-12 05:00:00,0.0,248.0316792904011
2054-04-12 06:00:00,0.0,292.6264161491205
2054-04-12 07:00:00,0.0,314.28671690906987
2054-04-12 08:00:00,0.0,314.7114286886767
2054-04-12 09:00:00,0.0,297.72295750440264
2054-04-12 10:00:00,0.0,258.2247620009655
2054-04-12 11:00:00,0.0,198.76511285600634
2054-04-12 12:00:00,0.0,114.24746871424297
2054-04-12 13:00:00,0.0,32.278095250120685
2054-04-12 14:00:00,0.0,0.0
2054-04-12 15:00:00,0.0,0.0
2054-04-12 16:00:00,0.0,0.0
2054-04-12 17:00:00,0.0,0.0
2054-04-12 18:00:00,0.0,0.0
2054-04-12 19:00:00,0.0,0.0
2054-04-12 20:00:00,0.0,0.0
2054-04-12 21:00:00,0.0,0.0
2054-04-12 22:00:00,0.0,0.0
2054-04-12 23:00:00,0.0,0.0
2054-04-13 00:00:00,0.0,0.0
2054-04-13 01:00:00,0.0,0.0
2054-04-13 02:00:00,0.0,14.864912286239793
2054-04-13 03:00:00,0.0,83.66822058254968
2054-04-13 04:00:00,0.0,167.76115294470623
2054-04-13 05:00:00,0.0,220.0007018363489
2054-04-13 06:00:00,0.0,211.50646624421188
2054-04-13 07:00:00,0.0,246.75754395158052
2054-04-13 08:00:00,0.0,285.40631589580397
2054-04-13 09:00:00,0.0,273.0896742872053
2054-04-13 10:00:00,0.0,224.67253141202426
2054-04-13 11:00:00,0.0,166.91172938549252
2054-04-13 12:00:00,0.0,115.09689227345669
2054-04-13 13:00:00,0.0,37.79934838500976
2054-04-13 14:00:00,0.0,0.0
2054-04-13 15:00:00,0.0,0.0
2054-04-13 16:00:00,0.0,0.0
2054-04-13 17:00:00,0.0,0.0
2054-04-13 18:00:00,0.0,0.0
2054-04-13 19:00:00,0.0,0.0
2054-04-13 20:00:00,0.0,0.0
2054-04-13 21:00:00,0.0,0.0
2054-04-13 22:00:00,0.0,0.0
2054-04-13 23:00:00,0.0,0.0
2054-04-14 00:00:00,0.0,0.0
2054-04-14 01:00:00,0.0,0.0
2054-04-14 02:00:00,0.0,4.671829575675363
2054-04-14 03:00:00,0.0,50.11598999360844
2054-04-14 04:00:00,0.0,131.235939898517
2054-04-14 05:00:00,0.0,188.99674192504878
2054-04-14 06:00:00,0.0,225.94666675084483
2054-04-14 07:00:00,0.0,253.1282206456833
2054-04-14 08:00:00,0.0,260.7730326786066
2054-04-14 09:00:00,0.0,226.7960903100585
2054-04-14 10:00:00,0.0,206.83463666853652
2054-04-14 11:00:00,0.0,162.23989980981716
2054-04-14 12:00:00,0.0,84.51764414176338
2054-04-14 13:00:00,0.0,19.112030082308305
2054-04-14 14:00:00,0.0,0.0
2054-04-14 15:00:00,0.0,0.0
2054-04-14 16:00:00,0.0,0.0
2054-04-14 17:00:00,0.0,0.0
2054-04-14 18:00:00,0.0,0.0
2054-04-14 19:00:00,0.0,0.0
2054-04-14 20:00:00,0.0,0.0
2054-04-14 21:00:00,0.0,0.0
2054-04-14 22:00:00,0.0,0.0
2054-04-14 23:00:00,0.0,0.0
2054-04-15 00:00:00,0.0,0.0
2054-04-15 01:00:00,0.0,0.0
2054-04-15 02:00:00,0.0,17.837894743487748
2054-04-15 03:00:00,0.0,98.10842108918263
2054-04-15 04:00:00,0.0,184.3249123493734
2054-04-15 05:00:00,0.0,251.00466174764907
2054-04-15 06:00:00,0.0,296.02411038597523
2054-04-15 07:00:00,0.0,319.3832582643521
2054-04-15 08:00:00,0.0,323.2056642808137
2054-04-15 09:00:00,0.0,309.61488733339456
2054-04-15 10:00:00,0.0,271.81553894838476
2054-04-15 11:00:00,0.0,211.50646624421188
2054-04-15 12:00:00,0.0,131.235939898517
2054-04-15 13:00:00,0.0,43.320601519898815
2054-04-15 14:00:00,0.0,0.0
2054-04-15 15:00:00,0.0,0.0
2054-04-15 16:00:00,0.0,0.0
2054-04-15 17:00:00,0.0,0.0
2054-04-15 18:00:00,0.0,0.0
2054-04-15 19:00:00,0.0,0.0
2054-04-15 20:00:00,0.0,0.0
2054-04-15 21:00:00,0.0,0.0
2054-04-15 22:00:00,0.0,0.0
2054-04-15 23:00:00,0.0,0.0
2054-04-16 00:00:00,0.0,0.0
2054-04-16 01:00:00,0.0,0.0
2054-04-16 02:00:00,0.0,21.660300759949408
2054-04-16 03:00:00,0.0,109.15092735896074
2054-04-16 04:00:00,0.0,196.6415539579721
2054-04-16 05:00:00,0.0,261.1977444582135
2054-04-16 06:00:00,0.0,303.24421063929174
2054-04-16 07:00:00,0.0,325.329223178848
2054-04-16 08:00:00,0.0,327.0280702972754
2054-04-16 09:00:00,0.0,309.19017555378764
2054-04-16 10:00:00,0.0,270.966115389171
2054-04-16 11:00:00,0.0,211.08175446460504
2054-04-16 12:00:00,0.0,131.66065167812386
2054-04-16 13:00:00,0.0,44.17002507911252
2054-04-16 14:00:00,0.0,0.0
2054-04-16 15:00:00,0.0,0.0
2054-04-16 16:00:00,0.0,0.0
2054-04-16 17:00:00,0.0,0.0
2054-04-16 18:00:00,0.0,0.0
2054-04-16 19:00:00,0.0,0.0
2054-04-16 20:00:00,0.0,0.0
2054-04-16 21:00:00,0.0,0.0
2054-04-16 22:00:00,0.0,0.0
2054-04-16 23:00:00,0.0,0.0
2054-04-17 00:00:00,0.0,0.0
2054-04-17 01:00:00,0.0,0.0
2054-04-17 02:00:00,0.0,22.08501253955626
2054-04-17 03:00:00,0.0,110.84977447738815
2054-04-17 04:00:00,0.0,198.76511285600634
2054-04-17 05:00:00,0.0,263.3213033562477
2054-04-17 06:00:00,0.0,304.94305775771915
2054-04-17 07:00:00,0.0,326.1786467380617
2054-04-17 08:00:00,0.0,327.87749385648914
2054-04-17 09:00:00,0.0,310.88902267221505
2054-04-17 10:00:00,0.0,272.6649625075985
2054-04-17 11:00:00,0.0,213.20531336263932
2054-04-17 12:00:00,0.0,133.35949879655126
2054-04-17 13:00:00,0.0,45.01944863832622
2054-04-17 14:00:00,0.0,0.0
2054-04-17 15:00:00,0.0,0.0
2054-04-17 16:00:00,0.0,0.0
2054-04-17 17:00:00,0.0,0.0
2054-04-17 18:00:00,0.0,0.0
2054-04-17 19:00:00,0.0,0.0
2054-04-17 20:00:00,0.0,0.0
2054-04-17 21:00:00,0.0,0.0
2054-04-17 22:00:00,0.0,0.0
2054-04-17 23:00:00,0.0,0.0
2054-04-18 00:00:00,0.0,0.0
2054-04-18 01:00:00,0.0,0.0
2054-04-18 02:00:00,0.0,22.934436098769964
2054-04-18 03:00:00,0.0,111.274486256995
2054-04-18 04:00:00,0.0,197.06626573757893
2054-04-18 05:00:00,0.0,262.04716801742717
2054-04-18 06:00:00,0.0,304.0936341985054
2054-04-18 07:00:00,0.0,325.329223178848
2054-04-18 08:00:00,0.0,326.60335851766854
2054-04-18 09:00:00,0.0,308.76546377418083
2054-04-18 10:00:00,0.0,270.966115389171
2054-04-18 11:00:00,0.0,211.93117802381872
2054-04-18 12:00:00,0.0,132.9347870169444
2054-04-18 13:00:00,0.0,45.44416041793308
2054-04-18 14:00:00,0.0,0.0
2054-04-18 15:00:00,0.0,0.0
2054-04-18 16:00:00,0.0,0.0
2054-04-18 17:00:00,0.0,0.0
2054-04-18 18:00:00,0.0,0.0
2054-04-18 19:00:00,0.0,0.0
2054-04-18 20:00:00,0.0,0.0
2054-04-18 21:00:00,0.0,0.0
2054-04-18 22:00:00,0.0,0.0
2054-04-18 23:00:00,0.0,0.0
2054-04-19 00:00:00,0.0,0.0
2054-04-19 01:00:00,0.0,0.0
2054-04-19 02:00:00,0.0,22.50972431916311
2054-04-19 03:00:00,0.0,107.45208024053335
2054-04-19 04:00:00,0.0,191.54501260268987
2054-04-19 05:00:00,0.0,256.10120310293127
2054-04-19 06:00:00,0.0,299.42180462283005
2054-04-19 07:00:00,0.0,320.65739360317264
2054-04-19 08:00:00,0.0,322.35624072160005
2054-04-19 09:00:00,0.0,304.5183459781123
2054-04-19 10:00:00,0.0,267.1437093727094
2054-04-19 11:00:00,0.0,208.9581955665708
2054-04-19 12:00:00,0.0,131.235939898517
2054-04-19 13:00:00,0.0,45.01944863832622
2054-04-19 14:00:00,0.0,0.0
2054-04-19 15:00:00,0.0,0.0
2054-04-19 16:00:00,0.0,0.0
2054-04-19 17:00:00,0.0,0.0
2054-04-19 18:00:00,0.0,0.0
2054-04-19 19:00:00,0.0,0.0
2054-04-19 20:00:00,0.0,0.0
2054-04-19 21:00:00,0.0,0.0
2054-04-19 22:00:00,0.0,0.0
2054-04-19 23:00:00,0.0,0.0
2054-04-20 00:00:00,0.0,0.0
2054-04-20 01:00:00,0.0,0.0
2054-04-20 02:00:00,0.0,22.50972431916311
2054-04-20 03:00:00,0.0,106.60265668131966
2054-04-20 04:00:00,0.0,190.27087726386935
2054-04-20 05:00:00,0.0,254.40235598450383
2054-04-20 06:00:00,0.0,296.87353394518897
2054-04-20 07:00:00,0.0,318.10912292553155
2054-04-20 08:00:00,0.0,320.2326818235658
2054-04-20 09:00:00,0.0,302.81949885968487
2054-04-20 10:00:00,0.0,265.444862254282
2054-04-20 11:00:00,0.0,206.83463666853652
2054-04-20 12:00:00,0.0,129.5370927800896
2054-04-20 13:00:00,0.0,44.17002507911252
2054-04-20 14:00:00,0.0,0.0
2054-04-20 15:00:00,0.0,0.0
2054-04-20 16:00:00,0.0,0.0
2054-04-20 17:00:00,0.0,0.0
2054-04-20 18:00:00,0.0,0.0
2054-04-20 19:00:00,0.0,0.0
2054-04-20 20:00:00,0.0,0.0
2054-04-20 21:00:00,0.0,0.0
2054-04-20 22:00:00,0.0,0.0
2054-04-20 23:00:00,0.0,0.0
2054-04-21 00:00:00,0.0,0.0
2054-04-21 01:00:00,0.0,0.0
2054-04-21 02:00:00,0.0,22.50972431916311
2054-04-21 03:00:00,0.0,106.17794490171279
2054-04-21 04:00:00,0.0,189.42145370465562
2054-04-21 05:00:00,0.0,253.55293242529015
2054-04-21 06:00:00,0.0,294.74997504715475
2054-04-21 07:00:00,0.0,315.5608522478904
2054-04-21 08:00:00,0.0,317.2596993663179
2054-04-21 09:00:00,0.0,300.2712281820438
2054-04-21 10:00:00,0.0,262.89659157664084
2054-04-21 11:00:00,0.0,205.1357895501091
2054-04-21 12:00:00,0.0,128.26295744126907
2054-04-21 13:00:00,0.0,44.17002507911252
2054-04-21 14:00:00,0.0,0.0
2054-04-21 15:00:00,0.0,0.0
2054-04-21 16:00:00,0.0,0.0
2054-04-21 17:00:00,0.0,0.0
2054-04-21 18:00:00,0.0,0.0
2054-04-21 19:00:00,0.0,0.0
2054-04-21 20:00:00,0.0,0.0
2054-04-21 21:00:00,0.0,0.0
2054-04-21 22:00:00,0.0,0.0
2054-04-21 23:00:00,0.0,0.0
2054-04-22 00:00:00,0.0,0.0
2054-04-22 01:00:00,0.0,0.0
2054-04-22 02:00:00,0.0,22.934436098769964
2054-04-22 03:00:00,0.0,106.60265668131966
2054-04-22 04:00:00,0.0,189.84616548426249
2054-04-22 05:00:00,0.0,253.97764420489696
2054-04-22 06:00:00,0.0,296.4488221655821
2054-04-22 07:00:00,0.0,317.6844111459247
2054-04-22 08:00:00,0.0,319.8079700439589
2054-04-22 09:00:00,0.0,301.5453635208643
2054-04-22 10:00:00,0.0,264.17072691546144
2054-04-22 11:00:00,0.0,206.40992488892965
2054-04-22 12:00:00,0.0,129.11238100048274
2054-04-22 13:00:00,0.0,44.59473685871937
2054-04-22 14:00:00,0.0,0.0
2054-04-22 15:00:00,0.0,0.0
2054-04-22 16:00:00,0.0,0.0
2054-04-22 17:00:00,0.0,0.0
2054-04-22 18:00:00,0.0,0.0
2054-04-22 19:00:00,0.0,0.0
2054-04-22 20:00:00,0.0,0.0
2054-04-22 21:00:00,0.0,0.0
2054-04-22 22:00:00,0.0,0.0
2054-04-22 23:00:00,0.0,0.0
2054-04-23 00:00:00,0.0,0.0
2054-04-23 01:00:00,0.0,0.0
2054-04-23 02:00:00,0.0,23.783859657983665
2054-04-23 03:00:00,0.0,108.7262155793539
2054-04-23 04:00:00,0.0,192.39443616190357
2054-04-23 05:00:00,0.0,256.95062666214494
2054-04-23 06:00:00,0.0,299.42180462283005
2054-04-23 07:00:00,0.0,320.2326818235658
2054-04-23 08:00:00,0.0,321.9315289419932
2054-04-23 09:00:00,0.0,304.0936341985054
2054-04-23 10:00:00,0.0,266.71899759310253
2054-04-23 11:00:00,0.0,208.9581955665708
2054-04-23 12:00:00,0.0,131.235939898517
2054-04-23 13:00:00,0.0,45.44416041793308
2054-04-23 14:00:00,0.0,0.0
2054-04-23 15:00:00,0.0,0.0
2054-04-23 16:00:00,0.0,0.0
2054-04-23 17:00:00,0.0,0.0
2054-04-23 18:00:00,0.0,0.0
2054-04-23 19:00:00,0.0,0.0
2054-04-23 20:00:00,0.0,0.0
2054-04-23 21:00:00,0.0,0.0
2054-04-23 22:00:00,0.0,0.0
2054-04-23 23:00:00,0.0,0.0
2054-04-24 00:00:00,0.0,0.0
2054-04-24 01:00:00,0.0,0.0
2054-04-24 02:00:00,0.0,23.783859657983665
2054-04-24 03:00:00,0.0,104.90380956289223
2054-04-24 04:00:00,0.0,186.0237594678008
2054-04-24 05:00:00,0.0,248.45639107000795
2054-04-24 06:00:00,0.0,290.0781454714794
2054-04-24 07:00:00,0.0,310.4643108926082
2054-04-24 08:00:00,0.0,310.88902267221505
2054-04-24 09:00:00,0.0,288.8040101326588
2054-04-24 10:00:00,0.0,249.73052640882847
2054-04-24 11:00:00,0.0,190.27087726386935
2054-04-24 12:00:00,0.0,114.24746871424297
2054-04-24 13:00:00,0.0,36.94992482579605
2054-04-24 14:00:00,0.0,0.0
2054-04-24 15:00:00,0.0,0.0
2054-04-24 16:00:00,0.0,0.0
2054-04-24 17:00:00,0.0,0.0
2054-04-24 18:00:00,0.0,0.0
2054-04-24 19:00:00,0.0,0.0
2054-04-24 20:00:00,0.0,0.0
2054-04-24 21:00:00,0.0,0.0
2054-04-24 22:00:00,0.0,0.0
2054-04-24 23:00:00,0.0,0.0
2054-04-25 00:00:00,0.0,0.0
2054-04-25 01:00:00,0.0,0.0
2054-04-25 02:00:00,0.0,18.68731830270145
2054-04-25 03:00:00,0.0,90.88832083586615
2054-04-25 04:00:00,0.0,171.15884718156104
2054-04-25 05:00:00,0.0,236.13974946140928
2054-04-25 06:00:00,0.0,281.1591980997355
2054-04-25 07:00:00,0.0,302.81949885968487
2054-04-25 08:00:00,0.0,304.0936341985054
2054-04-25 09:00:00,0.0,289.6534336918725
2054-04-25 10:00:00,0.0,251.4293735272559
2054-04-25 11:00:00,0.0,193.24385972111727
2054-04-25 12:00:00,0.0,117.64516295109776
2054-04-25 13:00:00,0.0,39.92290728304401
2054-04-25 14:00:00,0.0,0.0
2054-04-25 15:00:00,0.0,0.0
2054-04-25 16:00:00,0.0,0.0
2054-04-25 17:00:00,0.0,0.0
2054-04-25 18:00:00,0.0,0.0
2054-04-25 19:00:00,0.0,0.0
2054-04-25 20:00:00,0.0,0.0
2054-04-25 21:00:00,0.0,0.0
2054-04-25 22:00:00,0.0,0.0
2054-04-25 23:00:00,0.0,0.0
2054-04-26 00:00:00,0.0,0.0
2054-04-26 01:00:00,0.0,0.0
2054-04-26 02:00:00,0.0,20.81087720073571
2054-04-26 03:00:00,0.0,96.40957397075522
2054-04-26 04:00:00,0.0,177.52952387566378
2054-04-26 05:00:00,0.0,242.08571437590516
2054-04-26 06:00:00,0.0,289.22872191226566
2054-04-26 07:00:00,0.0,310.0395991130014
2054-04-26 08:00:00,0.0,311.7384462314288
2054-04-26 09:00:00,0.0,295.5993986063684
2054-04-26 10:00:00,0.0,257.3753384417518
2054-04-26 11:00:00,0.0,198.76511285600634
2054-04-26 12:00:00,0.0,122.31699252677313
2054-04-26 13:00:00,0.0,41.62175440147142
2054-04-26 14:00:00,0.0,0.0
2054-04-26 15:00:00,0.0,0.0
2054-04-26 16:00:00,0.0,0.0
2054-04-26 17:00:00,0.0,0.0
2054-04-26 18:00:00,0.0,0.0
2054-04-26 19:00:00,0.0,0.0
2054-04-26 20:00:00,0.0,0.0
2054-04-26 21:00:00,0.0,0.0
2054-04-26 22:00:00,0.0,0.0
2054-04-26 23:00:00,0.0,0.0
2054-04-27 00:00:00,0.0,0.0
2054-04-27 01:00:00,0.0,0.0
2054-04-27 02:00:00,0.0,22.08501253955626
2054-04-27 03:00:00,0.0,99.80726820761002
2054-04-27 04:00:00,0.0,181.35192989212544
2054-04-27 05:00:00,0.0,245.05869683315314
2054-04-27 06:00:00,0.0,288.8040101326588
2054-04-27 07:00:00,0.0,309.61488733339456
2054-04-27 08:00:00,0.0,311.31373445182186
2054-04-27 09:00:00,0.0,294.3252632675478
2054-04-27 10:00:00,0.0,256.95062666214494
2054-04-27 11:00:00,0.0,199.61453641522004
2054-04-27 12:00:00,0.0,124.01583964520054
2054-04-27 13:00:00,0.0,42.89588974029198
2054-04-27 14:00:00,0.0,0.0
2054-04-27 15:00:00,0.0,0.0
2054-04-27 16:00:00,0.0,0.0
2054-04-27 17:00:00,0.0,0.0
2054-04-27 18:00:00,0.0,0.0
2054-04-27 19:00:00,0.0,0.0
2054-04-27 20:00:00,0.0,0.0
2054-04-27 21:00:00,0.0,0.0
2054-04-27 22:00:00,0.0,0.0
2054-04-27 23:00:00,0.0,0.0
2054-04-28 00:00:00,0.0,0.0
2054-04-28 01:00:00,0.0,0.0
2054-04-28 02:00:00,0.0,23.359147878376813
2054-04-28 03:00:00,0.0,104.05438600367853
2054-04-28 04:00:00,0.0,186.44847124740767
2054-04-28 05:00:00,0.0,249.73052640882847
2054-04-28 06:00:00,0.0,289.6534336918725
2054-04-28 07:00:00,0.0,309.61488733339456
2054-04-28 08:00:00,0.0,310.4643108926082
2054-04-28 09:00:00,0.0,293.90055148794096
2054-04-28 10:00:00,0.0,257.3753384417518
2054-04-28 11:00:00,0.0,200.46395997443375
2054-04-28 12:00:00,0.0,125.2899749840211
2054-04-28 13:00:00,0.0,43.745313299505675
2054-04-28 14:00:00,0.0,0.0
2054-04-28 15:00:00,0.0,0.0
2054-04-28 16:00:00,0.0,0.0
2054-04-28 17:00:00,0.0,0.0
2054-04-28 18:00:00,0.0,0.0
2054-04-28 19:00:00,0.0,0.0
2054-04-28 20:00:00,0.0,0.0
2054-04-28 21:00:00,0.0,0.0
2054-04-28 22:00:00,0.0,0.0
2054-04-28 23:00:00,0.0,0.0
2054-04-29 00:00:00,0.0,0.0
2054-04-29 01:00:00,0.0,0.0
2054-04-29 02:00:00,0.0,23.783859657983665
2054-04-29 03:00:00,0.0,102.78025066485799
2054-04-29 04:00:00,0.0,183.47548879015972
2054-04-29 05:00:00,0.0,244.2092732739394
2054-04-29 06:00:00,0.0,283.70746877737656
2054-04-29 07:00:00,0.0,304.5183459781123
2054-04-29 08:00:00,0.0,306.2171930965397
2054-04-29 09:00:00,0.0,289.22872191226566
2054-04-29 10:00:00,0.0,253.1282206456833
2054-04-29 11:00:00,0.0,195.7921303987584
2054-04-29 12:00:00,0.0,121.04285718795258
2054-04-29 13:00:00,0.0,42.046466181078266
2054-04-29 14:00:00,0.0,0.0
2054-04-29 15:00:00,0.0,0.0
2054-04-29 16:00:00,0.0,0.0
2054-04-29 17:00:00,0.0,0.0
2054-04-29 18:00:00,0.0,0.0
2054-04-29 19:00:00,0.0,0.0
2054-04-29 20:00:00,0.0,0.0
2054-04-29 21:00:00,0.0,0.0
2054-04-29 22:00:00,0.0,0.0
2054-04-29 23:00:00,0.0,0.0
2054-04-30 00:00:00,0.0,0.0
2054-04-30 01:00:00,0.0,0.0
2054-04-30 02:00:00,0.0,20.81087720073571
2054-04-30 03:00:00,0.0,92.1624561746867
2054-04-30 04:00:00,0.0,170.30942362234734
2054-04-30 05:00:00,0.0,232.74205522455443
2054-04-30 06:00:00,0.0,274.3638096260259
2054-04-30 07:00:00,0.0,296.02411038597523
2054-04-30 08:00:00,0.0,297.72295750440264
2054-04-30 09:00:00,0.0,280.3097745405218
2054-04-30 10:00:00,0.0,242.9351379351189
2054-04-30 11:00:00,0.0,186.0237594678008
2054-04-30 12:00:00,0.0,112.97333337542241
2054-04-30 13:00:00,0.0,39.07348372383031
2054-04-30 14:00:00,0.0,0.0
2054-04-30 15:00:00,0.0,0.0
2054-04-30 16:00:00,0.0,0.0
2054-04-30 17:00:00,0.0,0.0
2054-04-30 18:00:00,0.0,0.0
2054-04-30 19:00:00,0.0,0.0
2054-04-30 20:00:00,0.0,0.0
2054-04-30 21:00:00,0.0,0.0
2054-04-30 22:00:00,0.0,0.0
2054-04-30 23:00:00,0.0,0.0
2054-05-01 00:00:00,0.0,0.0
2054-05-01 01:00:00,0.0,0.0
2054-05-01 02:00:00,0.0,22.50972431916311
2054-05-01 03:00:00,0.0,96.40957397075522
2054-05-01 04:00:00,0.0,174.131829638809
2054-05-01 05:00:00,0.0,234.86561412258865
2054-05-01 06:00:00,0.0,275.63794496484644
2054-05-01 07:00:00,0.0,296.87353394518897
2054-05-01 08:00:00,0.0,298.99709284322324
2054-05-01 09:00:00,0.0,285.8310276754109
2054-05-01 10:00:00,0.0,248.45639107000795
2054-05-01 11:00:00,0.0,191.12030082308303
2054-05-01 12:00:00,0.0,116.79573939188407
2054-05-01 13:00:00,0.0,40.34761906265086
2054-05-01 14:00:00,0.0,0.0
2054-05-01 15:00:00,0.0,0.0
2054-05-01 16:00:00,0.0,0.0
2054-05-01 17:00:00,0.0,0.0
2054-05-01 18:00:00,0.0,0.0
2054-05-01 19:00:00,0.0,0.0
2054-05-01 20:00:00,0.0,0.0
2054-05-01 21:00:00,0.0,0.0
2054-05-01 22:00:00,0.0,0.0
2054-05-01 23:00:00,0.0,0.0
2054-05-02 00:00:00,0.0,0.0
2054-05-02 01:00:00,0.0,0.0
2054-05-02 02:00:00,0.0,23.783859657983665
2054-05-02 03:00:00,0.0,104.4790977832854
2054-05-02 04:00:00,0.0,187.7226065862282
2054-05-02 05:00:00,0.0,250.15523818843533
2054-05-02 06:00:00,0.0,291.35228081029993
2054-05-02 07:00:00,0.0,310.0395991130014
2054-05-02 08:00:00,0.0,310.0395991130014
2054-05-02 09:00:00,0.0,291.77699258990674
2054-05-02 10:00:00,0.0,254.40235598450383
2054-05-02 11:00:00,0.0,197.06626573757893
2054-05-02 12:00:00,0.0,122.31699252677313
2054-05-02 13:00:00,0.0,42.89588974029198
2054-05-02 14:00:00,0.0,0.0
2054-05-02 15:00:00,0.0,0.0
2054-05-02 16:00:00,0.0,0.0
2054-05-02 17:00:00,0.0,0.0
2054-05-02 18:00:00,0.0,0.0
2054-05-02 19:00:00,0.0,0.0
2054-05-02 20:00:00,0.0,0.0
2054-05-02 21:00:00,0.0,0.0
2054-05-02 22:00:00,0.0,0.0
2054-05-02 23:00:00,0.0,0.0
2054-05-03 00:00:00,0.0,0.0
2054-05-03 01:00:00,0.0,0.0
2054-05-03 02:00:00,0.0,24.208571437590518
2054-05-03 03:00:00,0.0,102.78025066485799
2054-05-03 04:00:00,0.0,184.3249123493734
2054-05-03 05:00:00,0.0,246.33283217197365
2054-05-03 06:00:00,0.0,286.68045123462457
2054-05-03 07:00:00,0.0,307.9160402149671
2054-05-03 08:00:00,0.0,310.0395991130014
2054-05-03 09:00:00,0.0,296.02411038597523
2054-05-03 10:00:00,0.0,259.0741855601792
2054-05-03 11:00:00,0.0,201.73809531325432
2054-05-03 12:00:00,0.0,125.71468676362795
2054-05-03 13:00:00,0.0,44.17002507911252
2054-05-03 14:00:00,0.0,0.0
2054-05-03 15:00:00,0.0,0.0
2054-05-03 16:00:00,0.0,0.0
2054-05-03 17:00:00,0.0,0.0
2054-05-03 18:00:00,0.0,0.0
2054-05-03 19:00:00,0.0,0.0
2054-05-03 20:00:00,0.0,0.0
2054-05-03 21:00:00,0.0,0.0
2054-05-03 22:00:00,0.0,0.0
2054-05-03 23:00:00,0.0,0.0
2054-05-04 00:00:00,0.0,0.0
2054-05-04 01:00:00,0.0,0.0
2054-05-04 02:00:00,0.0,24.63328321719737
2054-05-04 03:00:00,0.0,102.78025066485799
2054-05-04 04:00:00,0.0,182.626065230946
2054-05-04 05:00:00,0.0,245.05869683315314
2054-05-04 06:00:00,0.0,286.2557394550177
2054-05-04 07:00:00,0.0,307.06661665575336
2054-05-04 08:00:00,0.0,309.19017555378764
2054-05-04 09:00:00,0.0,293.0511279287273
2054-05-04 10:00:00,0.0,257.3753384417518
2054-05-04 11:00:00,0.0,201.73809531325432
2054-05-04 12:00:00,0.0,127.41353388205535
2054-05-04 13:00:00,0.0,45.86887219753993
2054-05-04 14:00:00,0.0,0.0
2054-05-04 15:00:00,0.0,0.0
2054-05-04 16:00:00,0.0,0.0
2054-05-04 17:00:00,0.0,0.0
2054-05-04 18:00:00,0.0,0.0
2054-05-04 19:00:00,0.0,0.0
2054-05-04 20:00:00,0.0,0.0
2054-05-04 21:00:00,0.0,0.0
2054-05-04 22:00:00,0.0,0.0
2054-05-04 23:00:00,0.0,0.0
2054-05-05 00:00:00,0.0,0.0
2054-05-05 01:00:00,0.0,0.0
2054-05-05 02:00:00,0.0,25.90741855601792
2054-05-05 03:00:00,0.0,107.02736846092648
2054-05-05 04:00:00,0.0,188.14731836583505
2054-05-05 05:00:00,0.0,249.73052640882847
2054-05-05 06:00:00,0.0,289.22872191226566
2054-05-05 07:00:00,0.0,310.88902267221505
2054-05-05 08:00:00,0.0,313.43729334985613
2054-05-05 09:00:00,0.0,296.87353394518897
2054-05-05 10:00:00,0.0,260.34832089899976
2054-05-05 11:00:00,0.0,203.86165421128857
2054-05-05 12:00:00,0.0,128.26295744126907
2054-05-05 13:00:00,0.0,45.86887219753993
2054-05-05 14:00:00,0.0,0.0
2054-05-05 15:00:00,0.0,0.0
2054-05-05 16:00:00,0.0,0.0
2054-05-05 17:00:00,0.0,0.0
2054-05-05 18:00:00,0.0,0.0
2054-05-05 19:00:00,0.0,0.0
2054-05-05 20:00:00,0.0,0.0
2054-05-05 21:00:00,0.0,0.0
2054-05-05 22:00:00,0.0,0.0
2054-05-05 23:00:00,0.0,0.0
2054-05-06 00:00:00,0.0,0.0
2054-05-06 01:00:00,0.0,0.0
2054-05-06 02:00:00,0.0,26.75684211523162
2054-05-06 03:00:00,0.0,108.30150379974705
2054-05-06 04:00:00,0.0,188.99674192504878
2054-05-06 05:00:00,0.0,248.0316792904011
2054-05-06 06:00:00,0.0,287.52987479383825
2054-05-06 07:00:00,0.0,307.9160402149671
2054-05-06 08:00:00,0.0,309.19017555378764
2054-05-06 09:00:00,0.0,292.20170436951355
2054-05-06 10:00:00,0.0,256.10120310293127
2054-05-06 11:00:00,0.0,199.61453641522004
2054-05-06 12:00:00,0.0,125.2899749840211
2054-05-06 13:00:00,0.0,44.59473685871937
2054-05-06 14:00:00,0.0,0.0
2054-05-06 15:00:00,0.0,0.0
2054-05-06 16:00:00,0.0,0.0
2054-05-06 17:00:00,0.0,0.0
2054-05-06 18:00:00,0.0,0.0
2054-05-06 19:00:00,0.0,0.0
2054-05-06 20:00:00,0.0,0.0
2054-05-06 21:00:00,0.0,0.0
2054-05-06 22:00:00,0.0,0.0
2054-05-06 23:00:00,0.0,0.0
2054-05-07 00:00:00,0.0,0.0
2054-05-07 01:00:00,0.0,0.0
2054-05-07 02:00:00,0.0,24.208571437590518
2054-05-07 03:00:00,0.0,96.83428575036207
2054-05-07 04:00:00,0.0,173.70711785920213
2054-05-07 05:00:00,0.0,234.86561412258865
2054-05-07 06:00:00,0.0,279.46035098130807
2054-05-07 07:00:00,0.0,299.84651640243686
2054-05-07 08:00:00,0.0,301.1206517412575
2054-05-07 09:00:00,0.0,285.40631589580397
2054-05-07 10:00:00,0.0,248.88110284961482
2054-05-07 11:00:00,0.0,192.39443616190357
2054-05-07 12:00:00,0.0,119.34401006952517
2054-05-07 13:00:00,0.0,42.47117796068512
2054-05-07 14:00:00,0.0,0.0
2054-05-07 15:00:00,0.0,0.0
2054-05-07 16:00:00,0.0,0.0
2054-05-07 17:00:00,0.0,0.0
2054-05-07 18:00:00,0.0,0.0
2054-05-07 19:00:00,0.0,0.0
2054-05-07 20:00:00,0.0,0.0
2054-05-07 21:00:00,0.0,0.0
2054-05-07 22:00:00,0.0,0.0
2054-05-07 23:00:00,0.0,0.0
2054-05-08 00:00:00,0.0,0.0
2054-05-08 01:00:00,0.0,0.0
2054-05-08 02:00:00,0.0,22.08501253955626
2054-05-08 03:00:00,0.0,90.4636090562593
2054-05-08 04:00:00,0.0,165.63759404667195
2054-05-08 05:00:00,0.0,226.7960903100585
2054-05-08 06:00:00,0.0,269.26726827074367
2054-05-08 07:00:00,0.0,291.77699258990674
2054-05-08 08:00:00,0.0,295.17468682676156
2054-05-08 09:00:00,0.0,284.55689233659024
2054-05-08 10:00:00,0.0,248.45639107000795
2054-05-08 11:00:00,0.0,192.39443616190357
2054-05-08 12:00:00,0.0,119.768721849132
2054-05-08 13:00:00,0.0,43.320601519898815
2054-05-08 14:00:00,0.0,0.0
2054-05-08 15:00:00,0.0,0.0
2054-05-08 16:00:00,0.0,0.0
2054-05-08 17:00:00,0.0,0.0
2054-05-08 18:00:00,0.0,0.0
2054-05-08 19:00:00,0.0,0.0
2054-05-08 20:00:00,0.0,0.0
2054-05-08 21:00:00,0.0,0.0
2054-05-08 22:00:00,0.0,0.0
2054-05-08 23:00:00,0.0,0.0
2054-05-09 00:00:00,0.0,0.0
2054-05-09 01:00:00,0.0,0.0
2054-05-09 02:00:00,0.0,25.05799499680422
2054-05-09 03:00:00,0.0,98.53313286878947
2054-05-09 04:00:00,0.0,175.83067675723638
2054-05-09 05:00:00,0.0,236.13974946140928
2054-05-09 06:00:00,0.0,280.3097745405218
2054-05-09 07:00:00,0.0,301.1206517412575
2054-05-09 08:00:00,0.0,301.97007530047114
2054-05-09 09:00:00,0.0,284.1321805569834
2054-05-09 10:00:00,0.0,247.18225573118738
2054-05-09 11:00:00,0.0,190.69558904347616
2054-05-09 12:00:00,0.0,118.06987473070464
2054-05-09 13:00:00,0.0,42.89588974029198
2054-05-09 14:00:00,0.0,0.0
2054-05-09 15:00:00,0.0,0.0
2054-05-09 16:00:00,0.0,0.0
2054-05-09 17:00:00,0.0,0.0
2054-05-09 18:00:00,0.0,0.0
2054-05-09 19:00:00,0.0,0.0
2054-05-09 20:00:00,0.0,0.0
2054-05-09 21:00:00,0.0,0.0
2054-05-09 22:00:00,0.0,0.0
2054-05-09 23:00:00,0.0,0.0
2054-05-10 00:00:00,0.0,0.0
2054-05-10 01:00:00,0.0,0.0
2054-05-10 02:00:00,0.0,25.48270677641107
2054-05-10 03:00:00,0.0,99.80726820761002
2054-05-10 04:00:00,0.0,177.10481209605692
2054-05-10 05:00:00,0.0,237.8385965798367
2054-05-10 06:00:00,0.0,278.1862156424875
2054-05-10 07:00:00,0.0,298.14766928400945
2054-05-10 08:00:00,0.0,299.42180462283005
2054-05-10 09:00:00,0.0,282.85804521816294
2054-05-10 10:00:00,0.0,246.33283217197365
2054-05-10 11:00:00,0.0,190.27087726386935
2054-05-10 12:00:00,0.0,118.06987473070464
2054-05-10 13:00:00,0.0,42.89588974029198
2054-05-10 14:00:00,0.0,0.0
2054-05-10 15:00:00,0.0,0.0
2054-05-10 16:00:00,0.0,0.0
2054-05-10 17:00:00,0.0,0.0
2054-05-10 18:00:00,0.0,0.0
2054-05-10 19:00:00,0.0,0.0
2054-05-10 20:00:00,0.0,0.0
2054-05-10 21:00:00,0.0,0.0
2054-05-10 22:00:00,0.0,0.0
2054-05-10 23:00:00,0.0,0.0
2054-05-11 00:00:00,0.0,0.0
2054-05-11 01:00:00,0.0,0.0
2054-05-11 02:00:00,0.0,25.05799499680422
2054-05-11 03:00:00,0.0,97.25899752996891
2054-05-11 04:00:00,0.0,173.28240607959526
2054-05-11 05:00:00,0.0,234.016190563375
2054-05-11 06:00:00,0.0,276.4873685240602
2054-05-11 07:00:00,0.0,296.87353394518897
2054-05-11 08:00:00,0.0,298.5723810636164
2054-05-11 09:00:00,0.0,283.28275699776975
2054-05-11 10:00:00,0.0,246.75754395158052
2054-05-11 11:00:00,0.0,191.54501260268987
2054-05-11 12:00:00,0.0,118.91929828991832
2054-05-11 13:00:00,0.0,42.89588974029198
2054-05-11 14:00:00,0.0,0.0
2054-05-11 15:00:00,0.0,0.0
2054-05-11 16:00:00,0.0,0.0
2054-05-11 17:00:00,0.0,0.0
2054-05-11 18:00:00,0.0,0.0
2054-05-11 19:00:00,0.0,0.0
2054-05-11 20:00:00,0.0,0.0
2054-05-11 21:00:00,0.0,0.0
2054-05-11 22:00:00,0.0,0.0
2054-05-11 23:00:00,0.0,0.0
2054-05-12 00:00:00,0.0,0.0
2054-05-12 01:00:00,0.0,0.0
2054-05-12 02:00:00,0.0,25.90741855601792
2054-05-12 03:00:00,0.0,98.53313286878947
2054-05-12 04:00:00,0.0,175.4059649776295
2054-05-12 05:00:00,0.0,235.71503768180244
2054-05-12 06:00:00,0.0,277.3367920832738
2054-05-12 07:00:00,0.0,298.5723810636164
2054-05-12 08:00:00,0.0,301.5453635208643
2054-05-12 09:00:00,0.0,284.98160411619716
2054-05-12 10:00:00,0.0,249.73052640882847
2054-05-12 11:00:00,0.0,194.94270683954468
2054-05-12 12:00:00,0.0,122.74170430637997
2054-05-12 13:00:00,0.0,45.44416041793308
2054-05-12 14:00:00,0.0,0.0
2054-05-12 15:00:00,0.0,0.0
2054-05-12 16:00:00,0.0,0.0
2054-05-12 17:00:00,0.0,0.0
2054-05-12 18:00:00,0.0,0.0
2054-05-12 19:00:00,0.0,0.0
2054-05-12 20:00:00,0.0,0.0
2054-05-12 21:00:00,0.0,0.0
2054-05-12 22:00:00,0.0,0.0
2054-05-12 23:00:00,0.0,0.0
2054-05-13 00:00:00,0.0,0.0
2054-05-13 01:00:00,0.0,0.0
2054-05-13 02:00:00,0.0,25.48270677641107
2054-05-13 03:00:00,0.0,97.68370930957576
2054-05-13 04:00:00,0.0,172.8576942999884
2054-05-13 05:00:00,0.0,233.16676700416127
2054-05-13 06:00:00,0.0,278.1862156424875
2054-05-13 07:00:00,0.0,298.14766928400945
2054-05-13 08:00:00,0.0,298.99709284322324
2054-05-13 09:00:00,0.0,282.85804521816294
2054-05-13 10:00:00,0.0,245.9081203923668
2054-05-13 11:00:00,0.0,190.27087726386935
2054-05-13 12:00:00,0.0,118.49458651031148
2054-05-13 13:00:00,0.0,43.320601519898815
2054-05-13 14:00:00,0.0,0.0
2054-05-13 15:00:00,0.0,0.0
2054-05-13 16:00:00,0.0,0.0
2054-05-13 17:00:00,0.0,0.0
2054-05-13 18:00:00,0.0,0.0
2054-05-13 19:00:00,0.0,0.0
2054-05-13 20:00:00,0.0,0.0
2054-05-13 21:00:00,0.0,0.0
2054-05-13 22:00:00,0.0,0.0
2054-05-13 23:00:00,0.0,0.0
2054-05-14 00:00:00,0.0,0.0
2054-05-14 01:00:00,0.0,0.0
2054-05-14 02:00:00,0.0,25.48270677641107
2054-05-14 03:00:00,0.0,96.83428575036207
2054-05-14 04:00:00,0.0,171.5835589611679
2054-05-14 05:00:00,0.0,231.4679198857339
2054-05-14 06:00:00,0.0,274.3638096260259
2054-05-14 07:00:00,0.0,293.90055148794096
2054-05-14 08:00:00,0.0,294.74997504715475
2054-05-14 09:00:00,0.0,277.3367920832738
2054-05-14 10:00:00,0.0,240.38686725747777
2054-05-14 11:00:00,0.0,184.74962412898026
2054-05-14 12:00:00,0.0,113.8227569346361
2054-05-14 13:00:00,0.0,41.62175440147142
2054-05-14 14:00:00,0.0,0.0
2054-05-14 15:00:00,0.0,0.0
2054-05-14 16:00:00,0.0,0.0
2054-05-14 17:00:00,0.0,0.0
2054-05-14 18:00:00,0.0,0.0
2054-05-14 19:00:00,0.0,0.0
2054-05-14 20:00:00,0.0,0.0
2054-05-14 21:00:00,0.0,0.0
2054-05-14 22:00:00,0.0,0.0
2054-05-14 23:00:00,0.0,0.0
2054-05-15 00:00:00,0.0,0.0
2054-05-15 01:00:00,0.0,0.0
2054-05-15 02:00:00,0.0,23.783859657983665
2054-05-15 03:00:00,0.0,92.1624561746867
2054-05-15 04:00:00,0.0,165.21288226706508
2054-05-15 05:00:00,0.0,225.09724319163112
2054-05-15 06:00:00,0.0,266.71899759310253
2054-05-15 07:00:00,0.0,287.10516301423144
2054-05-15 08:00:00,0.0,287.52987479383825
2054-05-15 09:00:00,0.0,273.0896742872053
2054-05-15 10:00:00,0.0,235.29032590219552
2054-05-15 11:00:00,0.0,180.07779455330487
2054-05-15 12:00:00,0.0,110.42506269778131
2054-05-15 13:00:00,0.0,40.77233084225771
2054-05-15 14:00:00,0.0,0.0
2054-05-15 15:00:00,0.0,0.0
2054-05-15 16:00:00,0.0,0.0
2054-05-15 17:00:00,0.0,0.0
2054-05-15 18:00:00,0.0,0.0
2054-05-15 19:00:00,0.0,0.0
2054-05-15 20:00:00,0.0,0.0
2054-05-15 21:00:00,0.0,0.0
2054-05-15 22:00:00,0.0,0.0
2054-05-15 23:00:00,0.0,0.0
2054-05-16 00:00:00,0.0,0.0
2054-05-16 01:00:00,0.0,0.0
2054-05-16 02:00:00,0.0,17.837894743487748
2054-05-16 03:00:00,0.0,72.62571431277156
2054-05-16 04:00:00,0.0,136.75719303340608
2054-05-16 05:00:00,0.0,195.36741861915152
2054-05-16 06:00:00,0.0,248.88110284961482
2054-05-16 07:00:00,0.0,272.24025072799157
2054-05-16 08:00:00,0.0,276.4873685240602
2054-05-16 09:00:00,0.0,261.62245623782036
2054-05-16 10:00:00,0.0,221.6995489547763
2054-05-16 11:00:00,0.0,166.06230582627882
2054-05-16 12:00:00,0.0,99.80726820761002
2054-05-16 13:00:00,0.0,36.10050126658235
2054-05-16 14:00:00,0.0,0.0
2054-05-16 15:00:00,0.0,0.0
2054-05-16 16:00:00,0.0,0.0
2054-05-16 17:00:00,0.0,0.0
2054-05-16 18:00:00,0.0,0.0
2054-05-16 19:00:00,0.0,0.0
2054-05-16 20:00:00,0.0,0.0
2054-05-16 21:00:00,0.0,0.0
2054-05-16 22:00:00,0.0,0.0
2054-05-16 23:00:00,0.0,0.0
2054-05-17 00:00:00,0.0,0.0
2054-05-17 01:00:00,0.0,0.0
2054-05-17 02:00:00,0.0,21.660300759949408
2054-05-17 03:00:00,0.0,88.34005015822504
2054-05-17 04:00:00,0.0,160.1163409117829
2054-05-17 05:00:00,0.0,219.57599005674206
2054-05-17 06:00:00,0.0,259.92360911939295
2054-05-17 07:00:00,0.0,280.7344863201286
2054-05-17 08:00:00,0.0,283.28275699776975
2054-05-17 09:00:00,0.0,275.2132331852396
2054-05-17 10:00:00,0.0,239.53744369826407
2054-05-17 11:00:00,0.0,185.17433590858712
2054-05-17 12:00:00,0.0,114.67218049384982
2054-05-17 13:00:00,0.0,42.89588974029198
2054-05-17 14:00:00,0.0,0.0
2054-05-17 15:00:00,0.0,0.0
2054-05-17 16:00:00,0.0,0.0
2054-05-17 17:00:00,0.0,0.0
2054-05-17 18:00:00,0.0,0.0
2054-05-17 19:00:00,0.0,0.0
2054-05-17 20:00:00,0.0,0.0
2054-05-17 21:00:00,0.0,0.0
2054-05-17 22:00:00,0.0,0.0
2054-05-17 23:00:00,0.0,0.0
2054-05-18 00:00:00,0.0,0.0
2054-05-18 01:00:00,0.0,0.0
2054-05-18 02:00:00,0.0,25.05799499680422
2054-05-18 03:00:00,0.0,90.03889727665243
2054-05-18 04:00:00,0.0,155.8692231157144
2054-05-18 05:00:00,0.0,208.9581955665708
2054-05-18 06:00:00,0.0,252.27879708646958
2054-05-18 07:00:00,0.0,269.26726827074367
2054-05-18 08:00:00,0.0,267.56842115231626
2054-05-18 09:00:00,0.0,253.1282206456833
2054-05-18 10:00:00,0.0,220.0007018363489
2054-05-18 11:00:00,0.0,159.69162913217605
2054-05-18 12:00:00,0.0,107.45208024053335
2054-05-18 13:00:00,0.0,41.62175440147142
2054-05-18 14:00:00,0.0,0.0
2054-05-18 15:00:00,0.0,0.0
2054-05-18 16:00:00,0.0,0.0
2054-05-18 17:00:00,0.0,0.0
2054-05-18 18:00:00,0.0,0.0
2054-05-18 19:00:00,0.0,0.0
2054-05-18 20:00:00,0.0,0.0
2054-05-18 21:00:00,0.0,0.0
2054-05-18 22:00:00,0.0,0.0
2054-05-18 23:00:00,0.0,0.0
2054-05-19 00:00:00,0.0,0.0
2054-05-19 01:00:00,0.0,0.0
2054-05-19 02:00:00,0.0,25.05799499680422
2054-05-19 03:00:00,0.0,92.58716795429356
2054-05-19 04:00:00,0.0,162.23989980981716
2054-05-19 05:00:00,0.0,217.4524311587078
2054-05-19 06:00:00,0.0,255.25177954371753
2054-05-19 07:00:00,0.0,262.89659157664084
2054-05-19 08:00:00,0.0,224.2478196324174
2054-05-19 09:00:00,0.0,222.97368429359688
2054-05-19 10:00:00,0.0,217.87714293831462
2054-05-19 11:00:00,0.0,177.52952387566378
2054-05-19 12:00:00,0.0,112.54862159581556
2054-05-19 13:00:00,0.0,41.19704262186456
2054-05-19 14:00:00,0.0,0.0
2054-05-19 15:00:00,0.0,0.0
2054-05-19 16:00:00,0.0,0.0
2054-05-19 17:00:00,0.0,0.0
2054-05-19 18:00:00,0.0,0.0
2054-05-19 19:00:00,0.0,0.0
2054-05-19 20:00:00,0.0,0.0
2054-05-19 21:00:00,0.0,0.0
2054-05-19 22:00:00,0.0,0.0
2054-05-19 23:00:00,0.0,0.0
2054-05-20 00:00:00,0.0,0.0
2054-05-20 01:00:00,0.0,0.0
2054-05-20 02:00:00,0.0,15.289624065846642
2054-05-20 03:00:00,0.0,61.58320804299341
2054-05-20 04:00:00,0.0,126.13939854323479
2054-05-20 05:00:00,0.0,188.99674192504878
2054-05-20 06:00:00,0.0,234.44090234298184
2054-05-20 07:00:00,0.0,263.7460151358546
2054-05-20 08:00:00,0.0,261.1977444582135
2054-05-20 09:00:00,0.0,238.26330835944353
2054-05-20 10:00:00,0.0,199.18982463561318
2054-05-20 11:00:00,0.0,152.89624065846644
2054-05-20 12:00:00,0.0,96.40957397075522
2054-05-20 13:00:00,0.0,37.374636605402905
2054-05-20 14:00:00,0.0,0.0
2054-05-20 15:00:00,0.0,0.0
2054-05-20 16:00:00,0.0,0.0
2054-05-20 17:00:00,0.0,0.0
2054-05-20 18:00:00,0.0,0.0
2054-05-20 19:00:00,0.0,0.0
2054-05-20 20:00:00,0.0,0.0
2054-05-20 21:00:00,0.0,0.0
2054-05-20 22:00:00,0.0,0.0
2054-05-20 23:00:00,0.0,0.0
2054-05-21 00:00:00,0.0,0.0
2054-05-21 01:00:00,0.0,0.0
2054-05-21 02:00:00,0.0,25.05799499680422
2054-05-21 03:00:00,0.0,95.98486219114837
2054-05-21 04:00:00,0.0,173.70711785920213
2054-05-21 05:00:00,0.0,234.86561412258865
2054-05-21 06:00:00,0.0,274.3638096260259
2054-05-21 07:00:00,0.0,291.77699258990674
2054-05-21 08:00:00,0.0,292.20170436951355
2054-05-21 09:00:00,0.0,276.4873685240602
2054-05-21 10:00:00,0.0,242.51042615551202
2054-05-21 11:00:00,0.0,188.99674192504878
2054-05-21 12:00:00,0.0,120.19343362873889
2054-05-21 13:00:00,0.0,45.44416041793308
2054-05-21 14:00:00,0.0,0.4247117796068512
2054-05-21 15:00:00,0.0,0.0
2054-05-21 16:00:00,0.0,0.0
2054-05-21 17:00:00,0.0,0.0
2054-05-21 18:00:00,0.0,0.0
2054-05-21 19:00:00,0.0,0.0
2054-05-21 20:00:00,0.0,0.0
2054-05-21 21:00:00,0.0,0.0
2054-05-21 22:00:00,0.0,0.0
2054-05-21 23:00:00,0.0,0.0
2054-05-22 00:00:00,0.0,0.0
2054-05-22 01:00:00,0.0,0.0
2054-05-22 02:00:00,0.0,26.332130335624772
2054-05-22 03:00:00,0.0,91.313032615473
2054-05-22 04:00:00,0.0,156.29393489532123
2054-05-22 05:00:00,0.0,213.20531336263932
2054-05-22 06:00:00,0.0,262.89659157664084
2054-05-22 07:00:00,0.0,286.2557394550177
2054-05-22 08:00:00,0.0,288.8040101326588
2054-05-22 09:00:00,0.0,270.11669182995735
2054-05-22 10:00:00,0.0,232.74205522455443
2054-05-22 11:00:00,0.0,175.4059649776295
2054-05-22 12:00:00,0.0,104.4790977832854
2054-05-22 13:00:00,0.0,39.49819550343716
2054-05-22 14:00:00,0.0,0.0
2054-05-22 15:00:00,0.0,0.0
2054-05-22 16:00:00,0.0,0.0
2054-05-22 17:00:00,0.0,0.0
2054-05-22 18:00:00,0.0,0.0
2054-05-22 19:00:00,0.0,0.0
2054-05-22 20:00:00,0.0,0.0
2054-05-22 21:00:00,0.0,0.0
2054-05-22 22:00:00,0.0,0.0
2054-05-22 23:00:00,0.0,0.0
2054-05-23 00:00:00,0.0,0.0
2054-05-23 01:00:00,0.0,0.0
2054-05-23 02:00:00,0.0,19.961453641522006
2054-05-23 03:00:00,0.0,77.72225566805376
2054-05-23 04:00:00,0.0,148.22441108279105
2054-05-23 05:00:00,0.0,205.1357895501091
2054-05-23 06:00:00,0.0,250.15523818843533
2054-05-23 07:00:00,0.0,273.939097846419
2054-05-23 08:00:00,0.0,278.6109274220944
2054-05-23 09:00:00,0.0,262.89659157664084
2054-05-23 10:00:00,0.0,227.22080208966534
2054-05-23 11:00:00,0.0,176.68010031645008
2054-05-23 12:00:00,0.0,112.97333337542241
2054-05-23 13:00:00,0.0,44.17002507911252
2054-05-23 14:00:00,0.0,0.4247117796068512
2054-05-23 15:00:00,0.0,0.0
2054-05-23 16:00:00,0.0,0.0
2054-05-23 17:00:00,0.0,0.0
2054-05-23 18:00:00,0.0,0.0
2054-05-23 19:00:00,0.0,0.0
2054-05-23 20:00:00,0.0,0.0
2054-05-23 21:00:00,0.0,0.0
2054-05-23 22:00:00,0.0,0.0
2054-05-23 23:00:00,0.0,0.0
2054-05-24 00:00:00,0.0,0.0
2054-05-24 01:00:00,0.0,0.0
2054-05-24 02:00:00,0.0,25.05799499680422
2054-05-24 03:00:00,0.0,90.88832083586615
2054-05-24 04:00:00,0.0,160.54105269138972
2054-05-24 05:00:00,0.0,218.72656649752835
2054-05-24 06:00:00,0.0,259.4988973397861
2054-05-24 07:00:00,0.0,280.3097745405218
2054-05-24 08:00:00,0.0,284.1321805569834
2054-05-24 09:00:00,0.0,272.6649625075985
2054-05-24 10:00:00,0.0,238.26330835944353
2054-05-24 11:00:00,0.0,185.59904768819396
2054-05-24 12:00:00,0.0,116.37102761227722
2054-05-24 13:00:00,0.0,44.17002507911252
2054-05-24 14:00:00,0.0,0.4247117796068512
2054-05-24 15:00:00,0.0,0.0
2054-05-24 16:00:00,0.0,0.0
2054-05-24 17:00:00,0.0,0.0
2054-05-24 18:00:00,0.0,0.0
2054-05-24 19:00:00,0.0,0.0
2054-05-24 20:00:00,0.0,0.0
2054-05-24 21:00:00,0.0,0.0
2054-05-24 22:00:00,0.0,0.0
2054-05-24 23:00:00,0.0,0.0
2054-05-25 00:00:00,0.0,0.0
2054-05-25 01:00:00,0.0,0.0
2054-05-25 02:00:00,0.0,26.75684211523162
2054-05-25 03:00:00,0.0,96.40957397075522
2054-05-25 04:00:00,0.0,169.03528828352677
2054-05-25 05:00:00,0.0,225.52195497123796
2054-05-25 06:00:00,0.0,268.41784471152994
2054-05-25 07:00:00,0.0,288.3792983530519
2054-05-25 08:00:00,0.0,290.50285725108625
2054-05-25 09:00:00,0.0,275.2132331852396
2054-05-25 10:00:00,0.0,240.81157903708464
2054-05-25 11:00:00,0.0,187.7226065862282
2054-05-25 12:00:00,0.0,118.49458651031148
2054-05-25 13:00:00,0.0,45.44416041793308
2054-05-25 14:00:00,0.0,0.8494235592137024
2054-05-25 15:00:00,0.0,0.0
2054-05-25 16:00:00,0.0,0.0
2054-05-25 17:00:00,0.0,0.0
2054-05-25 18:00:00,0.0,0.0
2054-05-25 19:00:00,0.0,0.0
2054-05-25 20:00:00,0.0,0.0
2054-05-25 21:00:00,0.0,0.0
2054-05-25 22:00:00,0.0,0.0
2054-05-25 23:00:00,0.0,0.0
2054-05-26 00:00:00,0.0,0.0
2054-05-26 01:00:00,0.0,0.0
2054-05-26 02:00:00,0.0,27.181553894838476
2054-05-26 03:00:00,0.0,96.83428575036207
2054-05-26 04:00:00,0.0,166.48701760588568
2054-05-26 05:00:00,0.0,222.97368429359688
2054-05-26 06:00:00,0.0,266.71899759310253
2054-05-26 07:00:00,0.0,289.22872191226566
2054-05-26 08:00:00,0.0,293.0511279287273
2054-05-26 09:00:00,0.0,275.63794496484644
2054-05-26 10:00:00,0.0,239.96215547787094
2054-05-26 11:00:00,0.0,186.0237594678008
2054-05-26 12:00:00,0.0,118.49458651031148
2054-05-26 13:00:00,0.0,46.718295756753626
2054-05-26 14:00:00,0.0,0.8494235592137024
2054-05-26 15:00:00,0.0,0.0
2054-05-26 16:00:00,0.0,0.0
2054-05-26 17:00:00,0.0,0.0
2054-05-26 18:00:00,0.0,0.0
2054-05-26 19:00:00,0.0,0.0
2054-05-26 20:00:00,0.0,0.0
2054-05-26 21:00:00,0.0,0.0
2054-05-26 22:00:00,0.0,0.0
2054-05-26 23:00:00,0.0,0.0
2054-05-27 00:00:00,0.0,0.0
2054-05-27 01:00:00,0.0,0.0
2054-05-27 02:00:00,0.0,26.332130335624772
2054-05-27 03:00:00,0.0,92.1624561746867
2054-05-27 04:00:00,0.0,161.8151880302103
2054-05-27 05:00:00,0.0,221.6995489547763
2054-05-27 06:00:00,0.0,267.1437093727094
2054-05-27 07:00:00,0.0,292.20170436951355
2054-05-27 08:00:00,0.0,297.72295750440264
2054-05-27 09:00:00,0.0,283.70746877737656
2054-05-27 10:00:00,0.0,249.73052640882847
2054-05-27 11:00:00,0.0,195.7921303987584
2054-05-27 12:00:00,0.0,124.86526320441423
2054-05-27 13:00:00,0.0,47.99243109557418
2054-05-27 14:00:00,0.0,0.8494235592137024
2054-05-27 15:00:00,0.0,0.0
2054-05-27 16:00:00,0.0,0.0
2054-05-27 17:00:00,0.0,0.0
2054-05-27 18:00:00,0.0,0.0
2054-05-27 19:00:00,0.0,0.0
2054-05-27 20:00:00,0.0,0.0
2054-05-27 21:00:00,0.0,0.0
2054-05-27 22:00:00,0.0,0.0
2054-05-27 23:00:00,0.0,0.0
2054-05-28 00:00:00,0.0,0.0
2054-05-28 01:00:00,0.0,0.0
2054-05-28 02:00:00,0.0,25.90741855601792
2054-05-28 03:00:00,0.0,93.0118797339004
2054-05-28 04:00:00,0.0,168.18586472431306
2054-05-28 05:00:00,0.0,231.89263166534076
2054-05-28 06:00:00,0.0,273.939097846419
2054-05-28 07:00:00,0.0,294.74997504715475
2054-05-28 08:00:00,0.0,296.4488221655821
2054-05-28 09:00:00,0.0,280.7344863201286
2054-05-28 10:00:00,0.0,247.60696751079425
2054-05-28 11:00:00,0.0,192.81914794151044
2054-05-28 12:00:00,0.0,115.52160405306351
2054-05-28 13:00:00,0.0,42.046466181078266
2054-05-28 14:00:00,0.0,0.8494235592137024
2054-05-28 15:00:00,0.0,0.0
2054-05-28 16:00:00,0.0,0.0
2054-05-28 17:00:00,0.0,0.0
2054-05-28 18:00:00,0.0,0.0
2054-05-28 19:00:00,0.0,0.0
2054-05-28 20:00:00,0.0,0.0
2054-05-28 21:00:00,0.0,0.0
2054-05-28 22:00:00,0.0,0.0
2054-05-28 23:00:00,0.0,0.0
2054-05-29 00:00:00,0.0,0.0
2054-05-29 01:00:00,0.0,0.0
2054-05-29 02:00:00,0.0,26.332130335624772
2054-05-29 03:00:00,0.0,92.1624561746867
2054-05-29 04:00:00,0.0,155.0197995565007
2054-05-29 05:00:00,0.0,213.20531336263932
2054-05-29 06:00:00,0.0,249.30581462922166
2054-05-29 07:00:00,0.0,276.06265674445325
2054-05-29 08:00:00,0.0,281.5839098793423
2054-05-29 09:00:00,0.0,268.41784471152994
2054-05-29 10:00:00,0.0,235.71503768180244
2054-05-29 11:00:00,0.0,184.3249123493734
2054-05-29 12:00:00,0.0,117.22045117149092
2054-05-29 13:00:00,0.0,46.29358397714678
2054-05-29 14:00:00,0.0,1.2741353388205534
2054-05-29 15:00:00,0.0,0.0
2054-05-29 16:00:00,0.0,0.0
2054-05-29 17:00:00,0.0,0.0
2054-05-29 18:00:00,0.0,0.0
2054-05-29 19:00:00,0.0,0.0
2054-05-29 20:00:00,0.0,0.0
2054-05-29 21:00:00,0.0,0.0
2054-05-29 22:00:00,0.0,0.0
2054-05-29 23:00:00,0.0,0.0
2054-05-30 00:00:00,0.0,0.0
2054-05-30 01:00:00,0.0,0.0
2054-05-30 02:00:00,0.0,28.030977454052174
2054-05-30 03:00:00,0.0,93.8613032931141
2054-05-30 04:00:00,0.0,164.36345870785144
2054-05-30 05:00:00,0.0,221.6995489547763
2054-05-30 06:00:00,0.0,262.04716801742717
2054-05-30 07:00:00,0.0,283.28275699776975
2054-05-30 08:00:00,0.0,286.68045123462457
2054-05-30 09:00:00,0.0,271.81553894838476
2054-05-30 10:00:00,0.0,238.26330835944353
2054-05-30 11:00:00,0.0,186.44847124740767
2054-05-30 12:00:00,0.0,118.49458651031148
2054-05-30 13:00:00,0.0,45.86887219753993
2054-05-30 14:00:00,0.0,0.8494235592137024
2054-05-30 15:00:00,0.0,0.0
2054-05-30 16:00:00,0.0,0.0
2054-05-30 17:00:00,0.0,0.0
2054-05-30 18:00:00,0.0,0.0
2054-05-30 19:00:00,0.0,0.0
2054-05-30 20:00:00,0.0,0.0
2054-05-30 21:00:00,0.0,0.0
2054-05-30 22:00:00,0.0,0.0
2054-05-30 23:00:00,0.0,0.0
2054-05-31 00:00:00,0.0,0.0
2054-05-31 01:00:00,0.0,0.0
2054-05-31 02:00:00,0.0,25.48270677641107
2054-05-31 03:00:00,0.0,83.24350880294284
2054-05-31 04:00:00,0.0,135.4830576945855
2054-05-31 05:00:00,0.0,182.626065230946
2054-05-31 06:00:00,0.0,225.09724319163112
2054-05-31 07:00:00,0.0,245.9081203923668
2054-05-31 08:00:00,0.0,243.3598497147257
2054-05-31 09:00:00,0.0,214.47944870145983
2054-05-31 10:00:00,0.0,174.5565414184158
2054-05-31 11:00:00,0.0,128.26295744126907
2054-05-31 12:00:00,0.0,77.29754388844691
2054-05-31 13:00:00,0.0,30.579248131693284
2054-05-31 14:00:00,0.0,0.0
2054-05-31 15:00:00,0.0,0.0
2054-05-31 16:00:00,0.0,0.0
2054-05-31 17:00:00,0.0,0.0
2054-05-31 18:00:00,0.0,0.0
2054-05-31 19:00:00,0.0,0.0
2054-05-31 20:00:00,0.0,0.0
2054-05-31 21:00:00,0.0,0.0
2054-05-31 22:00:00,0.0,0.0
2054-05-31 23:00:00,0.0,0.0
2054-06-01 00:00:00,0.0,0.0
2054-06-01 01:00:00,0.0,0.0
2054-06-01 02:00:00,0.0,23.783859657983665
2054-06-01 03:00:00,0.0,80.69523812530171
2054-06-01 04:00:00,0.0,136.75719303340608
2054-06-01 05:00:00,0.0,185.59904768819396
2054-06-01 06:00:00,0.0,222.97368429359688
2054-06-01 07:00:00,0.0,235.71503768180244
2054-06-01 08:00:00,0.0,224.67253141202426
2054-06-01 09:00:00,0.0,203.86165421128857
2054-06-01 10:00:00,0.0,174.98125319802267
2054-06-01 11:00:00,0.0,141.0043108294746
2054-06-01 12:00:00,0.0,98.53313286878947
2054-06-01 13:00:00,0.0,42.47117796068512
2054-06-01 14:00:00,0.0,1.2741353388205534
2054-06-01 15:00:00,0.0,0.0
2054-06-01 16:00:00,0.0,0.0
2054-06-01 17:00:00,0.0,0.0
2054-06-01 18:00:00,0.0,0.0
2054-06-01 19:00:00,0.0,0.0
2054-06-01 20:00:00,0.0,0.0
2054-06-01 21:00:00,0.0,0.0
2054-06-01 22:00:00,0.0,0.0
2054-06-01 23:00:00,0.0,0.0
2054-06-02 00:00:00,0.0,0.0
2054-06-02 01:00:00,0.0,0.0
2054-06-02 02:00:00,0.0,17.4131829638809
2054-06-02 03:00:00,0.0,60.30907270417286
2054-06-02 04:00:00,0.0,109.15092735896074
2054-06-02 05:00:00,0.0,160.1163409117829
2054-06-02 06:00:00,0.0,206.40992488892965
2054-06-02 07:00:00,0.0,230.19378454691338
2054-06-02 08:00:00,0.0,229.34436098769964
2054-06-02 09:00:00,0.0,215.75358404028037
2054-06-02 10:00:00,0.0,182.626065230946
2054-06-02 11:00:00,0.0,136.75719303340608
2054-06-02 12:00:00,0.0,89.18947371743874
2054-06-02 13:00:00,0.0,39.92290728304401
2054-06-02 14:00:00,0.0,1.2741353388205534
2054-06-02 15:00:00,0.0,0.0
2054-06-02 16:00:00,0.0,0.0
2054-06-02 17:00:00,0.0,0.0
2054-06-02 18:00:00,0.0,0.0
2054-06-02 19:00:00,0.0,0.0
2054-06-02 20:00:00,0.0,0.0
2054-06-02 21:00:00,0.0,0.0
2054-06-02 22:00:00,0.0,0.0
2054-06-02 23:00:00,0.0,0.0
2054-06-03 00:00:00,0.0,0.0
2054-06-03 01:00:00,0.0,0.0
2054-06-03 02:00:00,0.0,23.783859657983665
2054-06-03 03:00:00,0.0,84.51764414176338
2054-06-03 04:00:00,0.0,156.71864667492807
2054-06-03 05:00:00,0.0,216.6030075994941
2054-06-03 06:00:00,0.0,260.7730326786066
2054-06-03 07:00:00,0.0,282.0086216589492
2054-06-03 08:00:00,0.0,283.70746877737656
2054-06-03 09:00:00,0.0,268.41784471152994
2054-06-03 10:00:00,0.0,233.5914787837682
2054-06-03 11:00:00,0.0,181.35192989212544
2054-06-03 12:00:00,0.0,114.24746871424297
2054-06-03 13:00:00,0.0,45.44416041793308
2054-06-03 14:00:00,0.0,1.2741353388205534
2054-06-03 15:00:00,0.0,0.0
2054-06-03 16:00:00,0.0,0.0
2054-06-03 17:00:00,0.0,0.0
2054-06-03 18:00:00,0.0,0.0
2054-06-03 19:00:00,0.0,0.0
2054-06-03 20:00:00,0.0,0.0
2054-06-03 21:00:00,0.0,0.0
2054-06-03 22:00:00,0.0,0.0
2054-06-03 23:00:00,0.0,0.0
2054-06-04 00:00:00,0.0,0.0
2054-06-04 01:00:00,0.0,0.0
2054-06-04 02:00:00,0.0,25.05799499680422
2054-06-04 03:00:00,0.0,87.91533837861819
2054-06-04 04:00:00,0.0,157.14335845453493
2054-06-04 05:00:00,0.0,215.32887226067356
2054-06-04 06:00:00,0.0,259.4988973397861
2054-06-04 07:00:00,0.0,283.70746877737656
2054-06-04 08:00:00,0.0,288.3792983530519
2054-06-04 09:00:00,0.0,274.3638096260259
2054-06-04 10:00:00,0.0,240.38686725747777
2054-06-04 11:00:00,0.0,187.29789480662137
2054-06-04 12:00:00,0.0,119.34401006952517
2054-06-04 13:00:00,0.0,47.14300753636048
2054-06-04 14:00:00,0.0,1.2741353388205534
2054-06-04 15:00:00,0.0,0.0
2054-06-04 16:00:00,0.0,0.0
2054-06-04 17:00:00,0.0,0.0
2054-06-04 18:00:00,0.0,0.0
2054-06-04 19:00:00,0.0,0.0
2054-06-04 20:00:00,0.0,0.0
2054-06-04 21:00:00,0.0,0.0
2054-06-04 22:00:00,0.0,0.0
2054-06-04 23:00:00,0.0,0.0
2054-06-05 00:00:00,0.0,0.0
2054-06-05 01:00:00,0.0,0.0
2054-06-05 02:00:00,0.0,27.60626567444533
2054-06-05 03:00:00,0.0,89.61418549704558
2054-06-05 04:00:00,0.0,151.19739354003903
2054-06-05 05:00:00,0.0,207.68406022775022
2054-06-05 06:00:00,0.0,251.85408530686271
2054-06-05 07:00:00,0.0,275.2132331852396
2054-06-05 08:00:00,0.0,275.63794496484644
2054-06-05 09:00:00,0.0,257.8000502213587
2054-06-05 10:00:00,0.0,212.35588980342558
2054-06-05 11:00:00,0.0,156.71864667492807
2054-06-05 12:00:00,0.0,100.23197998721687
2054-06-05 13:00:00,0.0,45.86887219753993
2054-06-05 14:00:00,0.0,1.6988471184274048
2054-06-05 15:00:00,0.0,0.0
2054-06-05 16:00:00,0.0,0.0
2054-06-05 17:00:00,0.0,0.0
2054-06-05 18:00:00,0.0,0.0
2054-06-05 19:00:00,0.0,0.0
2054-06-05 20:00:00,0.0,0.0
2054-06-05 21:00:00,0.0,0.0
2054-06-05 22:00:00,0.0,0.0
2054-06-05 23:00:00,0.0,0.0
2054-06-06 00:00:00,0.0,0.0
2054-06-06 01:00:00,0.0,0.0
2054-06-06 02:00:00,0.0,25.90741855601792
2054-06-06 03:00:00,0.0,80.27052634569486
2054-06-06 04:00:00,0.0,135.05834591497867
2054-06-06 05:00:00,0.0,184.74962412898026
2054-06-06 06:00:00,0.0,225.94666675084483
2054-06-06 07:00:00,0.0,249.73052640882847
2054-06-06 08:00:00,0.0,256.95062666214494
2054-06-06 09:00:00,0.0,246.75754395158052
2054-06-06 10:00:00,0.0,218.3018547179215
2054-06-06 11:00:00,0.0,173.70711785920213
2054-06-06 12:00:00,0.0,112.54862159581556
2054-06-06 13:00:00,0.0,46.718295756753626
2054-06-06 14:00:00,0.0,1.6988471184274048
2054-06-06 15:00:00,0.0,0.0
2054-06-06 16:00:00,0.0,0.0
2054-06-06 17:00:00,0.0,0.0
2054-06-06 18:00:00,0.0,0.0
2054-06-06 19:00:00,0.0,0.0
2054-06-06 20:00:00,0.0,0.0
2054-06-06 21:00:00,0.0,0.0
2054-06-06 22:00:00,0.0,0.0
2054-06-06 23:00:00,0.0,0.0
2054-06-07 00:00:00,0.0,0.0
2054-06-07 01:00:00,0.0,0.0
2054-06-07 02:00:00,0.0,24.63328321719737
2054-06-07 03:00:00,0.0,74.7492732108058
2054-06-07 04:00:00,0.0,121.04285718795258
2054-06-07 05:00:00,0.0,158.41749379335548
2054-06-07 06:00:00,0.0,189.84616548426249
2054-06-07 07:00:00,0.0,211.50646624421188
2054-06-07 08:00:00,0.0,219.15127827713522
2054-06-07 09:00:00,0.0,206.83463666853652
2054-06-07 10:00:00,0.0,180.9272181125186
2054-06-07 11:00:00,0.0,140.57959904986774
2054-06-07 12:00:00,0.0,87.91533837861819
2054-06-07 13:00:00,0.0,33.976942368548094
2054-06-07 14:00:00,0.0,0.4247117796068512
2054-06-07 15:00:00,0.0,0.0
2054-06-07 16:00:00,0.0,0.0
2054-06-07 17:00:00,0.0,0.0
2054-06-07 18:00:00,0.0,0.0
2054-06-07 19:00:00,0.0,0.0
2054-06-07 20:00:00,0.0,0.0
2054-06-07 21:00:00,0.0,0.0
2054-06-07 22:00:00,0.0,0.0
2054-06-07 23:00:00,0.0,0.0
2054-06-08 00:00:00,0.0,0.0
2054-06-08 01:00:00,0.0,0.0
2054-06-08 02:00:00,0.0,21.23558898034256
2054-06-08 03:00:00,0.0,75.17398499041265
2054-06-08 04:00:00,0.0,141.42902260908147
2054-06-08 05:00:00,0.0,196.6415539579721
2054-06-08 06:00:00,0.0,238.68802013905034
2054-06-08 07:00:00,0.0,263.7460151358546
2054-06-08 08:00:00,0.0,269.6919800503505
2054-06-08 09:00:00,0.0,255.25177954371753
2054-06-08 10:00:00,0.0,223.82310785281058
2054-06-08 11:00:00,0.0,174.131829638809
2054-06-08 12:00:00,0.0,112.1239098162087
2054-06-08 13:00:00,0.0,46.718295756753626
2054-06-08 14:00:00,0.0,1.6988471184274048
2054-06-08 15:00:00,0.0,0.0
2054-06-08 16:00:00,0.0,0.0
2054-06-08 17:00:00,0.0,0.0
2054-06-08 18:00:00,0.0,0.0
2054-06-08 19:00:00,0.0,0.0
2054-06-08 20:00:00,0.0,0.0
2054-06-08 21:00:00,0.0,0.0
2054-06-08 22:00:00,0.0,0.0
2054-06-08 23:00:00,0.0,0.0
2054-06-09 00:00:00,0.0,0.0
2054-06-09 01:00:00,0.0,0.0
2054-06-09 02:00:00,0.0,28.030977454052174
2054-06-09 03:00:00,0.0,93.8613032931141
2054-06-09 04:00:00,0.0,163.08932336903084
2054-06-09 05:00:00,0.0,216.6030075994941
2054-06-09 06:00:00,0.0,253.97764420489696
2054-06-09 07:00:00,0.0,274.3638096260259
2054-06-09 08:00:00,0.0,276.06265674445325
2054-06-09 09:00:00,0.0,260.34832089899976
2054-06-09 10:00:00,0.0,227.6455138692722
2054-06-09 11:00:00,0.0,176.68010031645008
2054-06-09 12:00:00,0.0,112.1239098162087
2054-06-09 13:00:00,0.0,45.44416041793308
2054-06-09 14:00:00,0.0,1.6988471184274048
2054-06-09 15:00:00,0.0,0.0
2054-06-09 16:00:00,0.0,0.0
2054-06-09 17:00:00,0.0,0.0
2054-06-09 18:00:00,0.0,0.0
2054-06-09 19:00:00,0.0,0.0
2054-06-09 20:00:00,0.0,0.0
2054-06-09 21:00:00,0.0,0.0
2054-06-09 22:00:00,0.0,0.0
2054-06-09 23:00:00,0.0,0.0
2054-06-10 00:00:00,0.0,0.0
2054-06-10 01:00:00,0.0,0.0
2054-06-10 02:00:00,0.0,27.60626567444533
2054-06-10 03:00:00,0.0,92.1624561746867
2054-06-10 04:00:00,0.0,155.44451133610752
2054-06-10 05:00:00,0.0,210.65704268499817
2054-06-10 06:00:00,0.0,250.5799499680422
2054-06-10 07:00:00,0.0,268.41784471152994
2054-06-10 08:00:00,0.0,268.41784471152994
2054-06-10 09:00:00,0.0,248.88110284961482
2054-06-10 10:00:00,0.0,214.05473692185296
2054-06-10 11:00:00,0.0,163.5140351486377
2054-06-10 12:00:00,0.0,101.08140354643058
2054-06-10 13:00:00,0.0,40.77233084225771
2054-06-10 14:00:00,0.0,1.2741353388205534
2054-06-10 15:00:00,0.0,0.0
2054-06-10 16:00:00,0.0,0.0
2054-06-10 17:00:00,0.0,0.0
2054-06-10 18:00:00,0.0,0.0
2054-06-10 19:00:00,0.0,0.0
2054-06-10 20:00:00,0.0,0.0
2054-06-10 21:00:00,0.0,0.0
2054-06-10 22:00:00,0.0,0.0
2054-06-10 23:00:00,0.0,0.0
2054-06-11 00:00:00,0.0,0.0
2054-06-11 01:00:00,0.0,0.0
2054-06-11 02:00:00,0.0,24.63328321719737
2054-06-11 03:00:00,0.0,81.54466168451542
2054-06-11 04:00:00,0.0,138.4560401518335
2054-06-11 05:00:00,0.0,196.6415539579721
2054-06-11 06:00:00,0.0,242.9351379351189
2054-06-11 07:00:00,0.0,262.471879797034
2054-06-11 08:00:00,0.0,266.71899759310253
2054-06-11 09:00:00,0.0,253.1282206456833
2054-06-11 10:00:00,0.0,214.9041604810667
2054-06-11 11:00:00,0.0,165.21288226706508
2054-06-11 12:00:00,0.0,102.78025066485799
2054-06-11 13:00:00,0.0,42.89588974029198
2054-06-11 14:00:00,0.0,1.2741353388205534
2054-06-11 15:00:00,0.0,0.0
2054-06-11 16:00:00,0.0,0.0
2054-06-11 17:00:00,0.0,0.0
2054-06-11 18:00:00,0.0,0.0
2054-06-11 19:00:00,0.0,0.0
2054-06-11 20:00:00,0.0,0.0
2054-06-11 21:00:00,0.0,0.0
2054-06-11 22:00:00,0.0,0.0
2054-06-11 23:00:00,0.0,0.0
2054-06-12 00:00:00,0.0,0.0
2054-06-12 01:00:00,0.0,0.0
2054-06-12 02:00:00,0.0,23.783859657983665
2054-06-12 03:00:00,0.0,73.8998496515921
2054-06-12 04:00:00,0.0,132.9347870169444
2054-06-12 05:00:00,0.0,191.12030082308303
2054-06-12 06:00:00,0.0,229.34436098769964
2054-06-12 07:00:00,0.0,252.70350886607645
2054-06-12 08:00:00,0.0,257.3753384417518
2054-06-12 09:00:00,0.0,243.78456149433256
2054-06-12 10:00:00,0.0,205.1357895501091
2054-06-12 11:00:00,0.0,149.07383464200473
2054-06-12 12:00:00,0.0,90.4636090562593
2054-06-12 13:00:00,0.0,36.10050126658235
2054-06-12 14:00:00,0.0,0.8494235592137024
2054-06-12 15:00:00,0.0,0.0
2054-06-12 16:00:00,0.0,0.0
2054-06-12 17:00:00,0.0,0.0
2054-06-12 18:00:00,0.0,0.0
2054-06-12 19:00:00,0.0,0.0
2054-06-12 20:00:00,0.0,0.0
2054-06-12 21:00:00,0.0,0.0
2054-06-12 22:00:00,0.0,0.0
2054-06-12 23:00:00,0.0,0.0
2054-06-13 00:00:00,0.0,0.0
2054-06-13 01:00:00,0.0,0.0
2054-06-13 02:00:00,0.0,19.112030082308305
2054-06-13 03:00:00,0.0,73.05042609237839
2054-06-13 04:00:00,0.0,132.9347870169444
2054-06-13 05:00:00,0.0,180.9272181125186
2054-06-13 06:00:00,0.0,209.80761912578447
2054-06-13 07:00:00,0.0,234.016190563375
2054-06-13 08:00:00,0.0,239.53744369826407
2054-06-13 09:00:00,0.0,231.4679198857339
2054-06-13 10:00:00,0.0,200.46395997443375
2054-06-13 11:00:00,0.0,151.19739354003903
2054-06-13 12:00:00,0.0,95.56015041154151
2054-06-13 13:00:00,0.0,39.49819550343716
2054-06-13 14:00:00,0.0,1.2741353388205534
2054-06-13 15:00:00,0.0,0.0
2054-06-13 16:00:00,0.0,0.0
2054-06-13 17:00:00,0.0,0.0
2054-06-13 18:00:00,0.0,0.0
2054-06-13 19:00:00,0.0,0.0
2054-06-13 20:00:00,0.0,0.0
2054-06-13 21:00:00,0.0,0.0
2054-06-13 22:00:00,0.0,0.0
2054-06-13 23:00:00,0.0,0.0
2054-06-14 00:00:00,0.0,0.0
2054-06-14 01:00:00,0.0,0.0
2054-06-14 02:00:00,0.0,20.386165421128855
2054-06-14 03:00:00,0.0,70.92686719434414
2054-06-14 04:00:00,0.0,124.86526320441423
2054-06-14 05:00:00,0.0,171.5835589611679
2054-06-14 06:00:00,0.0,213.63002514224613
2054-06-14 07:00:00,0.0,236.5644612410161
2054-06-14 08:00:00,0.0,230.19378454691338
2054-06-14 09:00:00,0.0,213.20531336263932
2054-06-14 10:00:00,0.0,183.47548879015972
2054-06-14 11:00:00,0.0,141.85373438868828
2054-06-14 12:00:00,0.0,87.49062659901134
2054-06-14 13:00:00,0.0,35.25107770736865
2054-06-14 14:00:00,0.0,0.8494235592137024
2054-06-14 15:00:00,0.0,0.0
2054-06-14 16:00:00,0.0,0.0
2054-06-14 17:00:00,0.0,0.0
2054-06-14 18:00:00,0.0,0.0
2054-06-14 19:00:00,0.0,0.0
2054-06-14 20:00:00,0.0,0.0
2054-06-14 21:00:00,0.0,0.0
2054-06-14 22:00:00,0.0,0.0
2054-06-14 23:00:00,0.0,0.0
2054-06-15 00:00:00,0.0,0.0
2054-06-15 01:00:00,0.0,0.0
2054-06-15 02:00:00,0.0,22.50972431916311
2054-06-15 03:00:00,0.0,74.32456143119896
2054-06-15 04:00:00,0.0,130.3865163393033
2054-06-15 05:00:00,0.0,182.20135345133914
2054-06-15 06:00:00,0.0,214.05473692185296
2054-06-15 07:00:00,0.0,223.3983960732037
2054-06-15 08:00:00,0.0,213.63002514224613
2054-06-15 09:00:00,0.0,193.66857150072414
2054-06-15 10:00:00,0.0,169.03528828352677
2054-06-15 11:00:00,0.0,132.51007523733756
2054-06-15 12:00:00,0.0,81.96937346412228
2054-06-15 13:00:00,0.0,33.12751880933439
2054-06-15 14:00:00,0.0,0.4247117796068512
2054-06-15 15:00:00,0.0,0.0
2054-06-15 16:00:00,0.0,0.0
2054-06-15 17:00:00,0.0,0.0
2054-06-15 18:00:00,0.0,0.0
2054-06-15 19:00:00,0.0,0.0
2054-06-15 20:00:00,0.0,0.0
2054-06-15 21:00:00,0.0,0.0
2054-06-15 22:00:00,0.0,0.0
2054-06-15 23:00:00,0.0,0.0
2054-06-16 00:00:00,0.0,0.0
2054-06-16 01:00:00,0.0,0.0
2054-06-16 02:00:00,0.0,14.440200506632939
2054-06-16 03:00:00,0.0,48.417142875181035
2054-06-16 04:00:00,0.0,85.79177948058395
2054-06-16 05:00:00,0.0,122.74170430637997
2054-06-16 06:00:00,0.0,141.85373438868828
2054-06-16 07:00:00,0.0,142.27844616829512
2054-06-16 08:00:00,0.0,120.61814540834573
2054-06-16 09:00:00,0.0,98.53313286878947
2054-06-16 10:00:00,0.0,81.11994990490858
2054-06-16 11:00:00,0.0,57.33609024692491
2054-06-16 12:00:00,0.0,26.332130335624772
2054-06-16 13:00:00,0.0,6.795388473709619
2054-06-16 14:00:00,0.0,0.0
2054-06-16 15:00:00,0.0,0.0
2054-06-16 16:00:00,0.0,0.0
2054-06-16 17:00:00,0.0,0.0
2054-06-16 18:00:00,0.0,0.0
2054-06-16 19:00:00,0.0,0.0
2054-06-16 20:00:00,0.0,0.0
2054-06-16 21:00:00,0.0,0.0
2054-06-16 22:00:00,0.0,0.0
2054-06-16 23:00:00,0.0,0.0
2054-06-17 00:00:00,0.0,0.0
2054-06-17 01:00:00,0.0,0.0
2054-06-17 02:00:00,0.0,19.112030082308305
2054-06-17 03:00:00,0.0,66.25503761866878
2054-06-17 04:00:00,0.0,117.64516295109776
2054-06-17 05:00:00,0.0,164.36345870785144
2054-06-17 06:00:00,0.0,212.35588980342558
2054-06-17 07:00:00,0.0,235.29032590219552
2054-06-17 08:00:00,0.0,241.66100259629832
2054-06-17 09:00:00,0.0,228.49493742848594
2054-06-17 10:00:00,0.0,203.4369424316817
2054-06-17 11:00:00,0.0,157.14335845453493
2054-06-17 12:00:00,0.0,98.53313286878947
2054-06-17 13:00:00,0.0,39.92290728304401
2054-06-17 14:00:00,0.0,1.2741353388205534
2054-06-17 15:00:00,0.0,0.0
2054-06-17 16:00:00,0.0,0.0
2054-06-17 17:00:00,0.0,0.0
2054-06-17 18:00:00,0.0,0.0
2054-06-17 19:00:00,0.0,0.0
2054-06-17 20:00:00,0.0,0.0
2054-06-17 21:00:00,0.0,0.0
2054-06-17 22:00:00,0.0,0.0
2054-06-17 23:00:00,0.0,0.0
2054-06-18 00:00:00,0.0,0.0
2054-06-18 01:00:00,0.0,0.0
2054-06-18 02:00:00,0.0,21.23558898034256
2054-06-18 03:00:00,0.0,76.87283210884004
2054-06-18 04:00:00,0.0,145.25142862554313
2054-06-18 05:00:00,0.0,205.1357895501091
2054-06-18 06:00:00,0.0,249.73052640882847
2054-06-18 07:00:00,0.0,271.3908271687779
2054-06-18 08:00:00,0.0,270.966115389171
2054-06-18 09:00:00,0.0,260.7730326786066
2054-06-18 10:00:00,0.0,222.97368429359688
2054-06-18 11:00:00,0.0,165.21288226706508
2054-06-18 12:00:00,0.0,103.20496244446483
2054-06-18 13:00:00,0.0,40.77233084225771
2054-06-18 14:00:00,0.0,1.2741353388205534
2054-06-18 15:00:00,0.0,0.0
2054-06-18 16:00:00,0.0,0.0
2054-06-18 17:00:00,0.0,0.0
2054-06-18 18:00:00,0.0,0.0
2054-06-18 19:00:00,0.0,0.0
2054-06-18 20:00:00,0.0,0.0
2054-06-18 21:00:00,0.0,0.0
2054-06-18 22:00:00,0.0,0.0
2054-06-18 23:00:00,0.0,0.0
2054-06-19 00:00:00,0.0,0.0
2054-06-19 01:00:00,0.0,0.0
2054-06-19 02:00:00,0.0,26.75684211523162
2054-06-19 03:00:00,0.0,91.313032615473
2054-06-19 04:00:00,0.0,160.54105269138972
2054-06-19 05:00:00,0.0,216.6030075994941
2054-06-19 06:00:00,0.0,255.25177954371753
2054-06-19 07:00:00,0.0,273.51438606681216
2054-06-19 08:00:00,0.0,273.939097846419
2054-06-19 09:00:00,0.0,258.2247620009655
2054-06-19 10:00:00,0.0,225.09724319163112
2054-06-19 11:00:00,0.0,174.5565414184158
2054-06-19 12:00:00,0.0,109.57563913856761
2054-06-19 13:00:00,0.0,44.17002507911252
2054-06-19 14:00:00,0.0,1.6988471184274048
2054-06-19 15:00:00,0.0,0.0
2054-06-19 16:00:00,0.0,0.0
2054-06-19 17:00:00,0.0,0.0
2054-06-19 18:00:00,0.0,0.0
2054-06-19 19:00:00,0.0,0.0
2054-06-19 20:00:00,0.0,0.0
2054-06-19 21:00:00,0.0,0.0
2054-06-19 22:00:00,0.0,0.0
2054-06-19 23:00:00,0.0,0.0
2054-06-20 00:00:00,0.0,0.0
2054-06-20 01:00:00,0.0,0.0
2054-06-20 02:00:00,0.0,28.030977454052174
2054-06-20 03:00:00,0.0,99.38255642800317
2054-06-20 04:00:00,0.0,173.28240607959526
2054-06-20 05:00:00,0.0,231.4679198857339
2054-06-20 06:00:00,0.0,269.6919800503505
2054-06-20 07:00:00,0.0,288.8040101326588
2054-06-20 08:00:00,0.0,290.50285725108625
2054-06-20 09:00:00,0.0,273.51438606681216
2054-06-20 10:00:00,0.0,236.98917302062296
2054-06-20 11:00:00,0.0,180.07779455330487
2054-06-20 12:00:00,0.0,109.15092735896074
2054-06-20 13:00:00,0.0,40.77233084225771
2054-06-20 14:00:00,0.0,0.8494235592137024
2054-06-20 15:00:00,0.0,0.0
2054-06-20 16:00:00,0.0,0.0
2054-06-20 17:00:00,0.0,0.0
2054-06-20 18:00:00,0.0,0.0
2054-06-20 19:00:00,0.0,0.0
2054-06-20 20:00:00,0.0,0.0
2054-06-20 21:00:00,0.0,0.0
2054-06-20 22:00:00,0.0,0.0
2054-06-20 23:00:00,0.0,0.0
2054-06-21 00:00:00,0.0,0.0
2054-06-21 01:00:00,0.0,0.0
2054-06-21 02:00:00,0.0,21.23558898034256
2054-06-21 03:00:00,0.0,77.29754388844691
2054-06-21 04:00:00,0.0,142.70315794790199
2054-06-21 05:00:00,0.0,198.76511285600634
2054-06-21 06:00:00,0.0,259.0741855601792
2054-06-21 07:00:00,0.0,278.6109274220944
2054-06-21 08:00:00,0.0,279.885062760915
2054-06-21 09:00:00,0.0,262.471879797034
2054-06-21 10:00:00,0.0,227.22080208966534
2054-06-21 11:00:00,0.0,174.5565414184158
2054-06-21 12:00:00,0.0,110.00035091817445
2054-06-21 13:00:00,0.0,44.17002507911252
2054-06-21 14:00:00,0.0,1.6988471184274048
2054-06-21 15:00:00,0.0,0.0
2054-06-21 16:00:00,0.0,0.0
2054-06-21 17:00:00,0.0,0.0
2054-06-21 18:00:00,0.0,0.0
2054-06-21 19:00:00,0.0,0.0
2054-06-21 20:00:00,0.0,0.0
2054-06-21 21:00:00,0.0,0.0
2054-06-21 22:00:00,0.0,0.0
2054-06-21 23:00:00,0.0,0.0
2054-06-22 00:00:00,0.0,0.0
2054-06-22 01:00:00,0.0,0.0
2054-06-22 02:00:00,0.0,27.181553894838476
2054-06-22 03:00:00,0.0,94.71072685232781
2054-06-22 04:00:00,0.0,166.48701760588568
2054-06-22 05:00:00,0.0,224.67253141202426
2054-06-22 06:00:00,0.0,263.3213033562477
2054-06-22 07:00:00,0.0,282.85804521816294
2054-06-22 08:00:00,0.0,284.1321805569834
2054-06-22 09:00:00,0.0,268.8425564911368
2054-06-22 10:00:00,0.0,234.44090234298184
2054-06-22 11:00:00,0.0,182.20135345133914
2054-06-22 12:00:00,0.0,115.09689227345669
2054-06-22 13:00:00,0.0,46.29358397714678
2054-06-22 14:00:00,0.0,1.6988471184274048
2054-06-22 15:00:00,0.0,0.0
2054-06-22 16:00:00,0.0,0.0
2054-06-22 17:00:00,0.0,0.0
2054-06-22 18:00:00,0.0,0.0
2054-06-22 19:00:00,0.0,0.0
2054-06-22 20:00:00,0.0,0.0
2054-06-22 21:00:00,0.0,0.0
2054-06-22 22:00:00,0.0,0.0
2054-06-22 23:00:00,0.0,0.0
2054-06-23 00:00:00,0.0,0.0
2054-06-23 01:00:00,0.0,0.0
2054-06-23 02:00:00,0.0,27.181553894838476
2054-06-23 03:00:00,0.0,93.0118797339004
2054-06-23 04:00:00,0.0,162.23989980981716
2054-06-23 05:00:00,0.0,218.3018547179215
2054-06-23 06:00:00,0.0,259.4988973397861
2054-06-23 07:00:00,0.0,277.76150386288066
2054-06-23 08:00:00,0.0,276.4873685240602
2054-06-23 09:00:00,0.0,256.52591488253813
2054-06-23 10:00:00,0.0,220.85012539556263
2054-06-23 11:00:00,0.0,169.03528828352677
2054-06-23 12:00:00,0.0,107.45208024053335
2054-06-23 13:00:00,0.0,44.59473685871937
2054-06-23 14:00:00,0.0,1.6988471184274048
2054-06-23 15:00:00,0.0,0.0
2054-06-23 16:00:00,0.0,0.0
2054-06-23 17:00:00,0.0,0.0
2054-06-23 18:00:00,0.0,0.0
2054-06-23 19:00:00,0.0,0.0
2054-06-23 20:00:00,0.0,0.0
2054-06-23 21:00:00,0.0,0.0
2054-06-23 22:00:00,0.0,0.0
2054-06-23 23:00:00,0.0,0.0
2054-06-24 00:00:00,0.0,0.0
2054-06-24 01:00:00,0.0,0.0
2054-06-24 02:00:00,0.0,27.181553894838476
2054-06-24 03:00:00,0.0,91.313032615473
2054-06-24 04:00:00,0.0,159.69162913217605
2054-06-24 05:00:00,0.0,215.75358404028037
2054-06-24 06:00:00,0.0,251.4293735272559
2054-06-24 07:00:00,0.0,265.8695740338888
2054-06-24 08:00:00,0.0,260.34832089899976
2054-06-24 09:00:00,0.0,224.67253141202426
2054-06-24 10:00:00,0.0,183.05077701055288
2054-06-24 11:00:00,0.0,128.6876692208759
2054-06-24 12:00:00,0.0,69.6527318555236
2054-06-24 13:00:00,0.0,24.208571437590518
2054-06-24 14:00:00,0.0,0.0
2054-06-24 15:00:00,0.0,0.0
2054-06-24 16:00:00,0.0,0.0
2054-06-24 17:00:00,0.0,0.0
2054-06-24 18:00:00,0.0,0.0
2054-06-24 19:00:00,0.0,0.0
2054-06-24 20:00:00,0.0,0.0
2054-06-24 21:00:00,0.0,0.0
2054-06-24 22:00:00,0.0,0.0
2054-06-24 23:00:00,0.0,0.0
2054-06-25 00:00:00,0.0,0.0
2054-06-25 01:00:00,0.0,0.0
2054-06-25 02:00:00,0.0,25.90741855601792
2054-06-25 03:00:00,0.0,89.18947371743874
2054-06-25 04:00:00,0.0,159.69162913217605
2054-06-25 05:00:00,0.0,217.87714293831462
2054-06-25 06:00:00,0.0,259.4988973397861
2054-06-25 07:00:00,0.0,281.5839098793423
2054-06-25 08:00:00,0.0,284.1321805569834
2054-06-25 09:00:00,0.0,268.8425564911368
2054-06-25 10:00:00,0.0,234.44090234298184
2054-06-25 11:00:00,0.0,182.20135345133914
2054-06-25 12:00:00,0.0,115.52160405306351
2054-06-25 13:00:00,0.0,46.718295756753626
2054-06-25 14:00:00,0.0,1.6988471184274048
2054-06-25 15:00:00,0.0,0.0
2054-06-25 16:00:00,0.0,0.0
2054-06-25 17:00:00,0.0,0.0
2054-06-25 18:00:00,0.0,0.0
2054-06-25 19:00:00,0.0,0.0
2054-06-25 20:00:00,0.0,0.0
2054-06-25 21:00:00,0.0,0.0
2054-06-25 22:00:00,0.0,0.0
2054-06-25 23:00:00,0.0,0.0
2054-06-26 00:00:00,0.0,0.0
2054-06-26 01:00:00,0.0,0.0
2054-06-26 02:00:00,0.0,26.75684211523162
2054-06-26 03:00:00,0.0,94.71072685232781
2054-06-26 04:00:00,0.0,166.91172938549252
2054-06-26 05:00:00,0.0,225.09724319163112
2054-06-26 06:00:00,0.0,265.444862254282
2054-06-26 07:00:00,0.0,285.8310276754109
2054-06-26 08:00:00,0.0,287.52987479383825
2054-06-26 09:00:00,0.0,269.6919800503505
2054-06-26 10:00:00,0.0,232.74205522455443
2054-06-26 11:00:00,0.0,178.80365921448436
2054-06-26 12:00:00,0.0,112.1239098162087
2054-06-26 13:00:00,0.0,44.17002507911252
2054-06-26 14:00:00,0.0,1.2741353388205534
2054-06-26 15:00:00,0.0,0.0
2054-06-26 16:00:00,0.0,0.0
2054-06-26 17:00:00,0.0,0.0
2054-06-26 18:00:00,0.0,0.0
2054-06-26 19:00:00,0.0,0.0
2054-06-26 20:00:00,0.0,0.0
2054-06-26 21:00:00,0.0,0.0
2054-06-26 22:00:00,0.0,0.0
2054-06-26 23:00:00,0.0,0.0
2054-06-27 00:00:00,0.0,0.0
2054-06-27 01:00:00,0.0,0.0
2054-06-27 02:00:00,0.0,25.90741855601792
2054-06-27 03:00:00,0.0,93.0118797339004
2054-06-27 04:00:00,0.0,164.36345870785144
2054-06-27 05:00:00,0.0,222.12426073438314
2054-06-27 06:00:00,0.0,262.04716801742717
2054-06-27 07:00:00,0.0,276.912080303667
2054-06-27 08:00:00,0.0,265.444862254282
2054-06-27 09:00:00,0.0,232.74205522455443
2054-06-27 10:00:00,0.0,202.16280709286116
2054-06-27 11:00:00,0.0,167.76115294470623
2054-06-27 12:00:00,0.0,113.39804515502925
2054-06-27 13:00:00,0.0,47.14300753636048
2054-06-27 14:00:00,0.0,1.6988471184274048
2054-06-27 15:00:00,0.0,0.0
2054-06-27 16:00:00,0.0,0.0
2054-06-27 17:00:00,0.0,0.0
2054-06-27 18:00:00,0.0,0.0
2054-06-27 19:00:00,0.0,0.0
2054-06-27 20:00:00,0.0,0.0
2054-06-27 21:00:00,0.0,0.0
2054-06-27 22:00:00,0.0,0.0
2054-06-27 23:00:00,0.0,0.0
2054-06-28 00:00:00,0.0,0.0
2054-06-28 01:00:00,0.0,0.0
2054-06-28 02:00:00,0.0,26.332130335624772
2054-06-28 03:00:00,0.0,93.43659151350725
2054-06-28 04:00:00,0.0,164.78817048745825
2054-06-28 05:00:00,0.0,222.97368429359688
2054-06-28 06:00:00,0.0,262.89659157664084
2054-06-28 07:00:00,0.0,282.85804521816294
2054-06-28 08:00:00,0.0,284.55689233659024
2054-06-28 09:00:00,0.0,269.6919800503505
2054-06-28 10:00:00,0.0,234.86561412258865
2054-06-28 11:00:00,0.0,181.7766416717323
2054-06-28 12:00:00,0.0,115.09689227345669
2054-06-28 13:00:00,0.0,46.718295756753626
2054-06-28 14:00:00,0.0,1.6988471184274048
2054-06-28 15:00:00,0.0,0.0
2054-06-28 16:00:00,0.0,0.0
2054-06-28 17:00:00,0.0,0.0
2054-06-28 18:00:00,0.0,0.0
2054-06-28 19:00:00,0.0,0.0
2054-06-28 20:00:00,0.0,0.0
2054-06-28 21:00:00,0.0,0.0
2054-06-28 22:00:00,0.0,0.0
2054-06-28 23:00:00,0.0,0.0
2054-06-29 00:00:00,0.0,0.0
2054-06-29 01:00:00,0.0,0.0
2054-06-29 02:00:00,0.0,27.181553894838476
2054-06-29 03:00:00,0.0,93.0118797339004
2054-06-29 04:00:00,0.0,162.23989980981716
2054-06-29 05:00:00,0.0,218.72656649752835
2054-06-29 06:00:00,0.0,262.471879797034
2054-06-29 07:00:00,0.0,281.5839098793423
2054-06-29 08:00:00,0.0,282.85804521816294
2054-06-29 09:00:00,0.0,265.8695740338888
2054-06-29 10:00:00,0.0,230.19378454691338
2054-06-29 11:00:00,0.0,176.2553885368432
2054-06-29 12:00:00,0.0,108.7262155793539
2054-06-29 13:00:00,0.0,41.62175440147142
2054-06-29 14:00:00,0.0,1.2741353388205534
2054-06-29 15:00:00,0.0,0.0
2054-06-29 16:00:00,0.0,0.0
2054-06-29 17:00:00,0.0,0.0
2054-06-29 18:00:00,0.0,0.0
2054-06-29 19:00:00,0.0,0.0
2054-06-29 20:00:00,0.0,0.0
2054-06-29 21:00:00,0.0,0.0
2054-06-29 22:00:00,0.0,0.0
2054-06-29 23:00:00,0.0,0.0
2054-06-30 00:00:00,0.0,0.0
2054-06-30 01:00:00,0.0,0.0
2054-06-30 02:00:00,0.0,26.75684211523162
2054-06-30 03:00:00,0.0,91.73774439507986
2054-06-30 04:00:00,0.0,160.9657644709966
2054-06-30 05:00:00,0.0,218.3018547179215
2054-06-30 06:00:00,0.0,262.471879797034
2054-06-30 07:00:00,0.0,281.5839098793423
2054-06-30 08:00:00,0.0,282.433333438556
2054-06-30 09:00:00,0.0,267.1437093727094
2054-06-30 10:00:00,0.0,231.4679198857339
2054-06-30 11:00:00,0.0,177.52952387566378
2054-06-30 12:00:00,0.0,110.00035091817445
2054-06-30 13:00:00,0.0,43.745313299505675
2054-06-30 14:00:00,0.0,1.2741353388205534
2054-06-30 15:00:00,0.0,0.0
2054-06-30 16:00:00,0.0,0.0
2054-06-30 17:00:00,0.0,0.0
2054-06-30 18:00:00,0.0,0.0
2054-06-30 19:00:00,0.0,0.0
2054-06-30 20:00:00,0.0,0.0
2054-06-30 21:00:00,0.0,0.0
2054-06-30 22:00:00,0.0,0.0
2054-06-30 23:00:00,0.0,0.0
2054-07-01 00:00:00,0.0,0.0
2054-07-01 01:00:00,0.0,0.0
2054-07-01 02:00:00,0.0,23.783859657983665
2054-07-01 03:00:00,0.0,87.49062659901134
2054-07-01 04:00:00,0.0,159.69162913217605
2054-07-01 05:00:00,0.0,217.02771937910097
2054-07-01 06:00:00,0.0,256.10120310293127
2054-07-01 07:00:00,0.0,279.03563920170126
2054-07-01 08:00:00,0.0,281.5839098793423
2054-07-01 09:00:00,0.0,264.17072691546144
2054-07-01 10:00:00,0.0,228.91964920809278
2054-07-01 11:00:00,0.0,177.10481209605692
2054-07-01 12:00:00,0.0,111.69919803660186
2054-07-01 13:00:00,0.0,45.86887219753993
2054-07-01 14:00:00,0.0,1.6988471184274048
2054-07-01 15:00:00,0.0,0.0
2054-07-01 16:00:00,0.0,0.0
2054-07-01 17:00:00,0.0,0.0
2054-07-01 18:00:00,0.0,0.0
2054-07-01 19:00:00,0.0,0.0
2054-07-01 20:00:00,0.0,0.0
2054-07-01 21:00:00,0.0,0.0
2054-07-01 22:00:00,0.0,0.0
2054-07-01 23:00:00,0.0,0.0
2054-07-02 00:00:00,0.0,0.0
2054-07-02 01:00:00,0.0,0.0
2054-07-02 02:00:00,0.0,27.181553894838476
2054-07-02 03:00:00,0.0,95.13543863193468
2054-07-02 04:00:00,0.0,166.91172938549252
2054-07-02 05:00:00,0.0,224.2478196324174
2054-07-02 06:00:00,0.0,263.3213033562477
2054-07-02 07:00:00,0.0,281.5839098793423
2054-07-02 08:00:00,0.0,281.1591980997355
2054-07-02 09:00:00,0.0,265.8695740338888
2054-07-02 10:00:00,0.0,231.04320810612703
2054-07-02 11:00:00,0.0,177.95423565527065
2054-07-02 12:00:00,0.0,111.274486256995
2054-07-02 13:00:00,0.0,43.320601519898815
2054-07-02 14:00:00,0.0,1.2741353388205534
2054-07-02 15:00:00,0.0,0.0
2054-07-02 16:00:00,0.0,0.0
2054-07-02 17:00:00,0.0,0.0
2054-07-02 18:00:00,0.0,0.0
2054-07-02 19:00:00,0.0,0.0
2054-07-02 20:00:00,0.0,0.0
2054-07-02 21:00:00,0.0,0.0
2054-07-02 22:00:00,0.0,0.0
2054-07-02 23:00:00,0.0,0.0
2054-07-03 00:00:00,0.0,0.0
2054-07-03 01:00:00,0.0,0.0
2054-07-03 02:00:00,0.0,25.90741855601792
2054-07-03 03:00:00,0.0,88.76476193783189
2054-07-03 04:00:00,0.0,156.71864667492807
2054-07-03 05:00:00,0.0,207.25934844814336
2054-07-03 06:00:00,0.0,246.33283217197365
2054-07-03 07:00:00,0.0,252.70350886607645
2054-07-03 08:00:00,0.0,260.7730326786066
2054-07-03 09:00:00,0.0,244.63398505354627
2054-07-03 10:00:00,0.0,203.4369424316817
2054-07-03 11:00:00,0.0,149.4985464216116
2054-07-03 12:00:00,0.0,89.61418549704558
2054-07-03 13:00:00,0.0,34.8263659277618
2054-07-03 14:00:00,0.0,0.4247117796068512
2054-07-03 15:00:00,0.0,0.0
2054-07-03 16:00:00,0.0,0.0
2054-07-03 17:00:00,0.0,0.0
2054-07-03 18:00:00,0.0,0.0
2054-07-03 19:00:00,0.0,0.0
2054-07-03 20:00:00,0.0,0.0
2054-07-03 21:00:00,0.0,0.0
2054-07-03 22:00:00,0.0,0.0
2054-07-03 23:00:00,0.0,0.0
2054-07-04 00:00:00,0.0,0.0
2054-07-04 01:00:00,0.0,0.0
2054-07-04 02:00:00,0.0,20.386165421128855
2054-07-04 03:00:00,0.0,73.8998496515921
2054-07-04 04:00:00,0.0,144.82671684593626
2054-07-04 05:00:00,0.0,204.2863659908954
2054-07-04 06:00:00,0.0,245.48340861275994
2054-07-04 07:00:00,0.0,268.41784471152994
2054-07-04 08:00:00,0.0,268.8425564911368
2054-07-04 09:00:00,0.0,260.7730326786066
2054-07-04 10:00:00,0.0,225.94666675084483
2054-07-04 11:00:00,0.0,174.131829638809
2054-07-04 12:00:00,0.0,110.00035091817445
2054-07-04 13:00:00,0.0,44.17002507911252
2054-07-04 14:00:00,0.0,1.2741353388205534
2054-07-04 15:00:00,0.0,0.0
2054-07-04 16:00:00,0.0,0.0
2054-07-04 17:00:00,0.0,0.0
2054-07-04 18:00:00,0.0,0.0
2054-07-04 19:00:00,0.0,0.0
2054-07-04 20:00:00,0.0,0.0
2054-07-04 21:00:00,0.0,0.0
2054-07-04 22:00:00,0.0,0.0
2054-07-04 23:00:00,0.0,0.0
2054-07-05 00:00:00,0.0,0.0
2054-07-05 01:00:00,0.0,0.0
2054-07-05 02:00:00,0.0,25.05799499680422
2054-07-05 03:00:00,0.0,83.66822058254968
2054-07-05 04:00:00,0.0,135.4830576945855
2054-07-05 05:00:00,0.0,165.63759404667195
2054-07-05 06:00:00,0.0,194.94270683954468
2054-07-05 07:00:00,0.0,247.60696751079425
2054-07-05 08:00:00,0.0,270.5414036095642
2054-07-05 09:00:00,0.0,253.97764420489696
2054-07-05 10:00:00,0.0,223.3983960732037
2054-07-05 11:00:00,0.0,169.03528828352677
2054-07-05 12:00:00,0.0,102.35553888525114
2054-07-05 13:00:00,0.0,39.07348372383031
2054-07-05 14:00:00,0.0,0.8494235592137024
2054-07-05 15:00:00,0.0,0.0
2054-07-05 16:00:00,0.0,0.0
2054-07-05 17:00:00,0.0,0.0
2054-07-05 18:00:00,0.0,0.0
2054-07-05 19:00:00,0.0,0.0
2054-07-05 20:00:00,0.0,0.0
2054-07-05 21:00:00,0.0,0.0
2054-07-05 22:00:00,0.0,0.0
2054-07-05 23:00:00,0.0,0.0
2054-07-06 00:00:00,0.0,0.0
2054-07-06 01:00:00,0.0,0.0
2054-07-06 02:00:00,0.0,22.934436098769964
2054-07-06 03:00:00,0.0,80.69523812530171
2054-07-06 04:00:00,0.0,146.95027574397048
2054-07-06 05:00:00,0.0,203.86165421128857
2054-07-06 06:00:00,0.0,243.3598497147257
2054-07-06 07:00:00,0.0,257.8000502213587
2054-07-06 08:00:00,0.0,255.6764913233244
2054-07-06 09:00:00,0.0,250.15523818843533
2054-07-06 10:00:00,0.0,218.3018547179215
2054-07-06 11:00:00,0.0,167.33644116509936
2054-07-06 12:00:00,0.0,105.75323312210594
2054-07-06 13:00:00,0.0,41.62175440147142
2054-07-06 14:00:00,0.0,0.8494235592137024
2054-07-06 15:00:00,0.0,0.0
2054-07-06 16:00:00,0.0,0.0
2054-07-06 17:00:00,0.0,0.0
2054-07-06 18:00:00,0.0,0.0
2054-07-06 19:00:00,0.0,0.0
2054-07-06 20:00:00,0.0,0.0
2054-07-06 21:00:00,0.0,0.0
2054-07-06 22:00:00,0.0,0.0
2054-07-06 23:00:00,0.0,0.0
2054-07-07 00:00:00,0.0,0.0
2054-07-07 01:00:00,0.0,0.0
2054-07-07 02:00:00,0.0,20.386165421128855
2054-07-07 03:00:00,0.0,76.02340854962635
2054-07-07 04:00:00,0.0,138.03132837222662
2054-07-07 05:00:00,0.0,181.7766416717323
2054-07-07 06:00:00,0.0,217.87714293831462
2054-07-07 07:00:00,0.0,239.1127319186572
2054-07-07 08:00:00,0.0,240.81157903708464
2054-07-07 09:00:00,0.0,231.89263166534076
2054-07-07 10:00:00,0.0,207.25934844814336
2054-07-07 11:00:00,0.0,165.21288226706508
2054-07-07 12:00:00,0.0,106.17794490171279
2054-07-07 13:00:00,0.0,42.47117796068512
2054-07-07 14:00:00,0.0,0.8494235592137024
2054-07-07 15:00:00,0.0,0.0
2054-07-07 16:00:00,0.0,0.0
2054-07-07 17:00:00,0.0,0.0
2054-07-07 18:00:00,0.0,0.0
2054-07-07 19:00:00,0.0,0.0
2054-07-07 20:00:00,0.0,0.0
2054-07-07 21:00:00,0.0,0.0
2054-07-07 22:00:00,0.0,0.0
2054-07-07 23:00:00,0.0,0.0
2054-07-08 00:00:00,0.0,0.0
2054-07-08 01:00:00,0.0,0.0
2054-07-08 02:00:00,0.0,25.05799499680422
2054-07-08 03:00:00,0.0,91.313032615473
2054-07-08 04:00:00,0.0,163.5140351486377
2054-07-08 05:00:00,0.0,221.27483717516947
2054-07-08 06:00:00,0.0,260.34832089899976
2054-07-08 07:00:00,0.0,278.1862156424875
2054-07-08 08:00:00,0.0,279.46035098130807
2054-07-08 09:00:00,0.0,263.3213033562477
2054-07-08 10:00:00,0.0,220.85012539556263
2054-07-08 11:00:00,0.0,156.29393489532123
2054-07-08 12:00:00,0.0,80.69523812530171
2054-07-08 13:00:00,0.0,28.880401013265878
2054-07-08 14:00:00,0.0,0.0
2054-07-08 15:00:00,0.0,0.0
2054-07-08 16:00:00,0.0,0.0
2054-07-08 17:00:00,0.0,0.0
2054-07-08 18:00:00,0.0,0.0
2054-07-08 19:00:00,0.0,0.0
2054-07-08 20:00:00,0.0,0.0
2054-07-08 21:00:00,0.0,0.0
2054-07-08 22:00:00,0.0,0.0
2054-07-08 23:00:00,0.0,0.0
2054-07-09 00:00:00,0.0,0.0
2054-07-09 01:00:00,0.0,0.0
2054-07-09 02:00:00,0.0,25.90741855601792
2054-07-09 03:00:00,0.0,90.4636090562593
2054-07-09 04:00:00,0.0,160.1163409117829
2054-07-09 05:00:00,0.0,215.75358404028037
2054-07-09 06:00:00,0.0,242.08571437590516
2054-07-09 07:00:00,0.0,228.07022564887907
2054-07-09 08:00:00,0.0,192.81914794151044
2054-07-09 09:00:00,0.0,172.8576942999884
2054-07-09 10:00:00,0.0,163.5140351486377
2054-07-09 11:00:00,0.0,150.77268176043216
2054-07-09 12:00:00,0.0,102.78025066485799
2054-07-09 13:00:00,0.0,39.92290728304401
2054-07-09 14:00:00,0.0,0.0
2054-07-09 15:00:00,0.0,0.0
2054-07-09 16:00:00,0.0,0.0
2054-07-09 17:00:00,0.0,0.0
2054-07-09 18:00:00,0.0,0.0
2054-07-09 19:00:00,0.0,0.0
2054-07-09 20:00:00,0.0,0.0
2054-07-09 21:00:00,0.0,0.0
2054-07-09 22:00:00,0.0,0.0
2054-07-09 23:00:00,0.0,0.0
2054-07-10 00:00:00,0.0,0.0
2054-07-10 01:00:00,0.0,0.0
2054-07-10 02:00:00,0.0,20.81087720073571
2054-07-10 03:00:00,0.0,72.2010025331647
2054-07-10 04:00:00,0.0,130.3865163393033
2054-07-10 05:00:00,0.0,187.7226065862282
2054-07-10 06:00:00,0.0,248.0316792904011
2054-07-10 07:00:00,0.0,274.3638096260259
2054-07-10 08:00:00,0.0,278.1862156424875
2054-07-10 09:00:00,0.0,263.7460151358546
2054-07-10 10:00:00,0.0,227.6455138692722
2054-07-10 11:00:00,0.0,171.5835589611679
2054-07-10 12:00:00,0.0,98.95784464839633
2054-07-10 13:00:00,0.0,39.07348372383031
2054-07-10 14:00:00,0.0,0.4247117796068512
2054-07-10 15:00:00,0.0,0.0
2054-07-10 16:00:00,0.0,0.0
2054-07-10 17:00:00,0.0,0.0
2054-07-10 18:00:00,0.0,0.0
2054-07-10 19:00:00,0.0,0.0
2054-07-10 20:00:00,0.0,0.0
2054-07-10 21:00:00,0.0,0.0
2054-07-10 22:00:00,0.0,0.0
2054-07-10 23:00:00,0.0,0.0
2054-07-11 00:00:00,0.0,0.0
2054-07-11 01:00:00,0.0,0.0
2054-07-11 02:00:00,0.0,24.208571437590518
2054-07-11 03:00:00,0.0,87.91533837861819
2054-07-11 04:00:00,0.0,156.71864667492807
2054-07-11 05:00:00,0.0,214.05473692185296
2054-07-11 06:00:00,0.0,252.70350886607645
2054-07-11 07:00:00,0.0,270.966115389171
2054-07-11 08:00:00,0.0,270.966115389171
2054-07-11 09:00:00,0.0,267.56842115231626
2054-07-11 10:00:00,0.0,231.89263166534076
2054-07-11 11:00:00,0.0,178.80365921448436
2054-07-11 12:00:00,0.0,111.69919803660186
2054-07-11 13:00:00,0.0,44.17002507911252
2054-07-11 14:00:00,0.0,0.8494235592137024
2054-07-11 15:00:00,0.0,0.0
2054-07-11 16:00:00,0.0,0.0
2054-07-11 17:00:00,0.0,0.0
2054-07-11 18:00:00,0.0,0.0
2054-07-11 19:00:00,0.0,0.0
2054-07-11 20:00:00,0.0,0.0
2054-07-11 21:00:00,0.0,0.0
2054-07-11 22:00:00,0.0,0.0
2054-07-11 23:00:00,0.0,0.0
2054-07-12 00:00:00,0.0,0.0
2054-07-12 01:00:00,0.0,0.0
2054-07-12 02:00:00,0.0,23.359147878376813
2054-07-12 03:00:00,0.0,83.66822058254968
2054-07-12 04:00:00,0.0,145.25142862554313
2054-07-12 05:00:00,0.0,191.96972438229673
2054-07-12 06:00:00,0.0,232.31734344494762
2054-07-12 07:00:00,0.0,256.52591488253813
2054-07-12 08:00:00,0.0,266.29428581349566
2054-07-12 09:00:00,0.0,256.95062666214494
2054-07-12 10:00:00,0.0,222.97368429359688
2054-07-12 11:00:00,0.0,170.73413540195418
2054-07-12 12:00:00,0.0,105.75323312210594
2054-07-12 13:00:00,0.0,41.19704262186456
2054-07-12 14:00:00,0.0,0.8494235592137024
2054-07-12 15:00:00,0.0,0.0
2054-07-12 16:00:00,0.0,0.0
2054-07-12 17:00:00,0.0,0.0
2054-07-12 18:00:00,0.0,0.0
2054-07-12 19:00:00,0.0,0.0
2054-07-12 20:00:00,0.0,0.0
2054-07-12 21:00:00,0.0,0.0
2054-07-12 22:00:00,0.0,0.0
2054-07-12 23:00:00,0.0,0.0
2054-07-13 00:00:00,0.0,0.0
2054-07-13 01:00:00,0.0,0.0
2054-07-13 02:00:00,0.0,24.63328321719737
2054-07-13 03:00:00,0.0,88.76476193783189
2054-07-13 04:00:00,0.0,157.56807023414177
2054-07-13 05:00:00,0.0,214.05473692185296
2054-07-13 06:00:00,0.0,252.70350886607645
2054-07-13 07:00:00,0.0,272.24025072799157
2054-07-13 08:00:00,0.0,271.81553894838476
2054-07-13 09:00:00,0.0,268.8425564911368
2054-07-13 10:00:00,0.0,234.016190563375
2054-07-13 11:00:00,0.0,182.20135345133914
2054-07-13 12:00:00,0.0,115.09689227345669
2054-07-13 13:00:00,0.0,45.86887219753993
2054-07-13 14:00:00,0.0,0.8494235592137024
2054-07-13 15:00:00,0.0,0.0
2054-07-13 16:00:00,0.0,0.0
2054-07-13 17:00:00,0.0,0.0
2054-07-13 18:00:00,0.0,0.0
2054-07-13 19:00:00,0.0,0.0
2054-07-13 20:00:00,0.0,0.0
2054-07-13 21:00:00,0.0,0.0
2054-07-13 22:00:00,0.0,0.0
2054-07-13 23:00:00,0.0,0.0
2054-07-14 00:00:00,0.0,0.0
2054-07-14 01:00:00,0.0,0.0
2054-07-14 02:00:00,0.0,24.208571437590518
2054-07-14 03:00:00,0.0,90.4636090562593
2054-07-14 04:00:00,0.0,160.9657644709966
2054-07-14 05:00:00,0.0,219.15127827713522
2054-07-14 06:00:00,0.0,258.64947378057235
2054-07-14 07:00:00,0.0,279.03563920170126
2054-07-14 08:00:00,0.0,280.3097745405218
2054-07-14 09:00:00,0.0,273.0896742872053
2054-07-14 10:00:00,0.0,236.5644612410161
2054-07-14 11:00:00,0.0,181.7766416717323
2054-07-14 12:00:00,0.0,112.97333337542241
2054-07-14 13:00:00,0.0,43.745313299505675
2054-07-14 14:00:00,0.0,0.8494235592137024
2054-07-14 15:00:00,0.0,0.0
2054-07-14 16:00:00,0.0,0.0
2054-07-14 17:00:00,0.0,0.0
2054-07-14 18:00:00,0.0,0.0
2054-07-14 19:00:00,0.0,0.0
2054-07-14 20:00:00,0.0,0.0
2054-07-14 21:00:00,0.0,0.0
2054-07-14 22:00:00,0.0,0.0
2054-07-14 23:00:00,0.0,0.0
2054-07-15 00:00:00,0.0,0.0
2054-07-15 01:00:00,0.0,0.0
2054-07-15 02:00:00,0.0,23.359147878376813
2054-07-15 03:00:00,0.0,84.51764414176338
2054-07-15 04:00:00,0.0,152.0468170992527
2054-07-15 05:00:00,0.0,207.25934844814336
2054-07-15 06:00:00,0.0,253.55293242529015
2054-07-15 07:00:00,0.0,273.939097846419
2054-07-15 08:00:00,0.0,276.06265674445325
2054-07-15 09:00:00,0.0,261.1977444582135
2054-07-15 10:00:00,0.0,225.52195497123796
2054-07-15 11:00:00,0.0,173.28240607959526
2054-07-15 12:00:00,0.0,108.7262155793539
2054-07-15 13:00:00,0.0,42.89588974029198
2054-07-15 14:00:00,0.0,0.8494235592137024
2054-07-15 15:00:00,0.0,0.0
2054-07-15 16:00:00,0.0,0.0
2054-07-15 17:00:00,0.0,0.0
2054-07-15 18:00:00,0.0,0.0
2054-07-15 19:00:00,0.0,0.0
2054-07-15 20:00:00,0.0,0.0
2054-07-15 21:00:00,0.0,0.0
2054-07-15 22:00:00,0.0,0.0
2054-07-15 23:00:00,0.0,0.0
2054-07-16 00:00:00,0.0,0.0
2054-07-16 01:00:00,0.0,0.0
2054-07-16 02:00:00,0.0,24.208571437590518
2054-07-16 03:00:00,0.0,89.18947371743874
2054-07-16 04:00:00,0.0,160.1163409117829
2054-07-16 05:00:00,0.0,218.72656649752835
2054-07-16 06:00:00,0.0,265.0201504746751
2054-07-16 07:00:00,0.0,283.28275699776975
2054-07-16 08:00:00,0.0,283.28275699776975
2054-07-16 09:00:00,0.0,265.8695740338888
2054-07-16 10:00:00,0.0,230.19378454691338
2054-07-16 11:00:00,0.0,177.10481209605692
2054-07-16 12:00:00,0.0,110.84977447738815
2054-07-16 13:00:00,0.0,43.320601519898815
2054-07-16 14:00:00,0.0,0.4247117796068512
2054-07-16 15:00:00,0.0,0.0
2054-07-16 16:00:00,0.0,0.0
2054-07-16 17:00:00,0.0,0.0
2054-07-16 18:00:00,0.0,0.0
2054-07-16 19:00:00,0.0,0.0
2054-07-16 20:00:00,0.0,0.0
2054-07-16 21:00:00,0.0,0.0
2054-07-16 22:00:00,0.0,0.0
2054-07-16 23:00:00,0.0,0.0
2054-07-17 00:00:00,0.0,0.0
2054-07-17 01:00:00,0.0,0.0
2054-07-17 02:00:00,0.0,24.208571437590518
2054-07-17 03:00:00,0.0,90.03889727665243
2054-07-17 04:00:00,0.0,161.8151880302103
2054-07-17 05:00:00,0.0,220.85012539556263
2054-07-17 06:00:00,0.0,268.41784471152994
2054-07-17 07:00:00,0.0,286.2557394550177
2054-07-17 08:00:00,0.0,284.98160411619716
2054-07-17 09:00:00,0.0,265.8695740338888
2054-07-17 10:00:00,0.0,228.07022564887907
2054-07-17 11:00:00,0.0,173.28240607959526
2054-07-17 12:00:00,0.0,107.02736846092648
2054-07-17 13:00:00,0.0,42.046466181078266
2054-07-17 14:00:00,0.0,0.4247117796068512
2054-07-17 15:00:00,0.0,0.0
2054-07-17 16:00:00,0.0,0.0
2054-07-17 17:00:00,0.0,0.0
2054-07-17 18:00:00,0.0,0.0
2054-07-17 19:00:00,0.0,0.0
2054-07-17 20:00:00,0.0,0.0
2054-07-17 21:00:00,0.0,0.0
2054-07-17 22:00:00,0.0,0.0
2054-07-17 23:00:00,0.0,0.0
2054-07-18 00:00:00,0.0,0.0
2054-07-18 01:00:00,0.0,0.0
2054-07-18 02:00:00,0.0,21.660300759949408
2054-07-18 03:00:00,0.0,80.27052634569486
2054-07-18 04:00:00,0.0,142.70315794790199
2054-07-18 05:00:00,0.0,198.34040107639953
2054-07-18 06:00:00,0.0,242.08571437590516
2054-07-18 07:00:00,0.0,265.0201504746751
2054-07-18 08:00:00,0.0,268.8425564911368
2054-07-18 09:00:00,0.0,262.471879797034
2054-07-18 10:00:00,0.0,225.52195497123796
2054-07-18 11:00:00,0.0,170.30942362234734
2054-07-18 12:00:00,0.0,104.05438600367853
2054-07-18 13:00:00,0.0,42.046466181078266
2054-07-18 14:00:00,0.0,0.4247117796068512
2054-07-18 15:00:00,0.0,0.0
2054-07-18 16:00:00,0.0,0.0
2054-07-18 17:00:00,0.0,0.0
2054-07-18 18:00:00,0.0,0.0
2054-07-18 19:00:00,0.0,0.0
2054-07-18 20:00:00,0.0,0.0
2054-07-18 21:00:00,0.0,0.0
2054-07-18 22:00:00,0.0,0.0
2054-07-18 23:00:00,0.0,0.0
2054-07-19 00:00:00,0.0,0.0
2054-07-19 01:00:00,0.0,0.0
2054-07-19 02:00:00,0.0,21.660300759949408
2054-07-19 03:00:00,0.0,81.54466168451542
2054-07-19 04:00:00,0.0,148.22441108279105
2054-07-19 05:00:00,0.0,204.71107777050227
2054-07-19 06:00:00,0.0,256.95062666214494
2054-07-19 07:00:00,0.0,276.912080303667
2054-07-19 08:00:00,0.0,278.6109274220944
2054-07-19 09:00:00,0.0,262.04716801742717
2054-07-19 10:00:00,0.0,226.37137853045164
2054-07-19 11:00:00,0.0,173.28240607959526
2054-07-19 12:00:00,0.0,107.45208024053335
2054-07-19 13:00:00,0.0,41.19704262186456
2054-07-19 14:00:00,0.0,0.4247117796068512
2054-07-19 15:00:00,0.0,0.0
2054-07-19 16:00:00,0.0,0.0
2054-07-19 17:00:00,0.0,0.0
2054-07-19 18:00:00,0.0,0.0
2054-07-19 19:00:00,0.0,0.0
2054-07-19 20:00:00,0.0,0.0
2054-07-19 21:00:00,0.0,0.0
2054-07-19 22:00:00,0.0,0.0
2054-07-19 23:00:00,0.0,0.0
2054-07-20 00:00:00,0.0,0.0
2054-07-20 01:00:00,0.0,0.0
2054-07-20 02:00:00,0.0,24.208571437590518
2054-07-20 03:00:00,0.0,91.313032615473
2054-07-20 04:00:00,0.0,163.08932336903084
2054-07-20 05:00:00,0.0,220.0007018363489
2054-07-20 06:00:00,0.0,259.4988973397861
2054-07-20 07:00:00,0.0,286.2557394550177
2054-07-20 08:00:00,0.0,292.20170436951355
2054-07-20 09:00:00,0.0,274.3638096260259
2054-07-20 10:00:00,0.0,238.26330835944353
2054-07-20 11:00:00,0.0,183.90020056976653
2054-07-20 12:00:00,0.0,115.09689227345669
2054-07-20 13:00:00,0.0,45.01944863832622
2054-07-20 14:00:00,0.0,0.4247117796068512
2054-07-20 15:00:00,0.0,0.0
2054-07-20 16:00:00,0.0,0.0
2054-07-20 17:00:00,0.0,0.0
2054-07-20 18:00:00,0.0,0.0
2054-07-20 19:00:00,0.0,0.0
2054-07-20 20:00:00,0.0,0.0
2054-07-20 21:00:00,0.0,0.0
2054-07-20 22:00:00,0.0,0.0
2054-07-20 23:00:00,0.0,0.0
2054-07-21 00:00:00,0.0,0.0
2054-07-21 01:00:00,0.0,0.0
2054-07-21 02:00:00,0.0,23.359147878376813
2054-07-21 03:00:00,0.0,89.18947371743874
2054-07-21 04:00:00,0.0,155.44451133610752
2054-07-21 05:00:00,0.0,211.93117802381872
2054-07-21 06:00:00,0.0,241.66100259629832
2054-07-21 07:00:00,0.0,254.8270677641107
2054-07-21 08:00:00,0.0,242.08571437590516
2054-07-21 09:00:00,0.0,228.07022564887907
2054-07-21 10:00:00,0.0,211.93117802381872
2054-07-21 11:00:00,0.0,173.70711785920213
2054-07-21 12:00:00,0.0,111.274486256995
2054-07-21 13:00:00,0.0,43.320601519898815
2054-07-21 14:00:00,0.0,0.4247117796068512
2054-07-21 15:00:00,0.0,0.0
2054-07-21 16:00:00,0.0,0.0
2054-07-21 17:00:00,0.0,0.0
2054-07-21 18:00:00,0.0,0.0
2054-07-21 19:00:00,0.0,0.0
2054-07-21 20:00:00,0.0,0.0
2054-07-21 21:00:00,0.0,0.0
2054-07-21 22:00:00,0.0,0.0
2054-07-21 23:00:00,0.0,0.0
2054-07-22 00:00:00,0.0,0.0
2054-07-22 01:00:00,0.0,0.0
2054-07-22 02:00:00,0.0,22.50972431916311
2054-07-22 03:00:00,0.0,82.81879702333597
2054-07-22 04:00:00,0.0,156.71864667492807
2054-07-22 05:00:00,0.0,219.15127827713522
2054-07-22 06:00:00,0.0,265.0201504746751
2054-07-22 07:00:00,0.0,287.52987479383825
2054-07-22 08:00:00,0.0,289.22872191226566
2054-07-22 09:00:00,0.0,271.3908271687779
2054-07-22 10:00:00,0.0,236.13974946140928
2054-07-22 11:00:00,0.0,181.35192989212544
2054-07-22 12:00:00,0.0,111.69919803660186
2054-07-22 13:00:00,0.0,42.47117796068512
2054-07-22 14:00:00,0.0,0.0
2054-07-22 15:00:00,0.0,0.0
2054-07-22 16:00:00,0.0,0.0
2054-07-22 17:00:00,0.0,0.0
2054-07-22 18:00:00,0.0,0.0
2054-07-22 19:00:00,0.0,0.0
2054-07-22 20:00:00,0.0,0.0
2054-07-22 21:00:00,0.0,0.0
2054-07-22 22:00:00,0.0,0.0
2054-07-22 23:00:00,0.0,0.0
2054-07-23 00:00:00,0.0,0.0
2054-07-23 01:00:00,0.0,0.0
2054-07-23 02:00:00,0.0,18.262606523094597
2054-07-23 03:00:00,0.0,77.72225566805376
2054-07-23 04:00:00,0.0,141.85373438868828
2054-07-23 05:00:00,0.0,208.53348378696393
2054-07-23 06:00:00,0.0,255.6764913233244
2054-07-23 07:00:00,0.0,277.3367920832738
2054-07-23 08:00:00,0.0,285.40631589580397
2054-07-23 09:00:00,0.0,274.3638096260259
2054-07-23 10:00:00,0.0,241.66100259629832
2054-07-23 11:00:00,0.0,189.84616548426249
2054-07-23 12:00:00,0.0,121.04285718795258
2054-07-23 13:00:00,0.0,48.84185465478788
2054-07-23 14:00:00,0.0,0.4247117796068512
2054-07-23 15:00:00,0.0,0.0
2054-07-23 16:00:00,0.0,0.0
2054-07-23 17:00:00,0.0,0.0
2054-07-23 18:00:00,0.0,0.0
2054-07-23 19:00:00,0.0,0.0
2054-07-23 20:00:00,0.0,0.0
2054-07-23 21:00:00,0.0,0.0
2054-07-23 22:00:00,0.0,0.0
2054-07-23 23:00:00,0.0,0.0
2054-07-24 00:00:00,0.0,0.0
2054-07-24 01:00:00,0.0,0.0
2054-07-24 02:00:00,0.0,22.50972431916311
2054-07-24 03:00:00,0.0,84.94235592137024
2054-07-24 04:00:00,0.0,156.71864667492807
2054-07-24 05:00:00,0.0,210.65704268499817
2054-07-24 06:00:00,0.0,259.92360911939295
2054-07-24 07:00:00,0.0,279.03563920170126
2054-07-24 08:00:00,0.0,281.1591980997355
2054-07-24 09:00:00,0.0,261.62245623782036
2054-07-24 10:00:00,0.0,222.54897251399
2054-07-24 11:00:00,0.0,169.46000006313363
2054-07-24 12:00:00,0.0,105.75323312210594
2054-07-24 13:00:00,0.0,39.07348372383031
2054-07-24 14:00:00,0.0,0.0
2054-07-24 15:00:00,0.0,0.0
2054-07-24 16:00:00,0.0,0.0
2054-07-24 17:00:00,0.0,0.0
2054-07-24 18:00:00,0.0,0.0
2054-07-24 19:00:00,0.0,0.0
2054-07-24 20:00:00,0.0,0.0
2054-07-24 21:00:00,0.0,0.0
2054-07-24 22:00:00,0.0,0.0
2054-07-24 23:00:00,0.0,0.0
2054-07-25 00:00:00,0.0,0.0
2054-07-25 01:00:00,0.0,0.0
2054-07-25 02:00:00,0.0,19.112030082308305
2054-07-25 03:00:00,0.0,76.02340854962635
2054-07-25 04:00:00,0.0,143.55258150711572
2054-07-25 05:00:00,0.0,190.27087726386935
2054-07-25 06:00:00,0.0,243.78456149433256
2054-07-25 07:00:00,0.0,277.3367920832738
2054-07-25 08:00:00,0.0,280.7344863201286
2054-07-25 09:00:00,0.0,265.8695740338888
2054-07-25 10:00:00,0.0,223.82310785281058
2054-07-25 11:00:00,0.0,168.6105765039199
2054-07-25 12:00:00,0.0,96.40957397075522
2054-07-25 13:00:00,0.0,33.976942368548094
2054-07-25 14:00:00,0.0,0.0
2054-07-25 15:00:00,0.0,0.0
2054-07-25 16:00:00,0.0,0.0
2054-07-25 17:00:00,0.0,0.0
2054-07-25 18:00:00,0.0,0.0
2054-07-25 19:00:00,0.0,0.0
2054-07-25 20:00:00,0.0,0.0
2054-07-25 21:00:00,0.0,0.0
2054-07-25 22:00:00,0.0,0.0
2054-07-25 23:00:00,0.0,0.0
2054-07-26 00:00:00,0.0,0.0
2054-07-26 01:00:00,0.0,0.0
2054-07-26 02:00:00,0.0,19.536741861915154
2054-07-26 03:00:00,0.0,84.94235592137024
2054-07-26 04:00:00,0.0,159.69162913217605
2054-07-26 05:00:00,0.0,217.4524311587078
2054-07-26 06:00:00,0.0,261.62245623782036
2054-07-26 07:00:00,0.0,282.0086216589492
2054-07-26 08:00:00,0.0,285.40631589580397
2054-07-26 09:00:00,0.0,268.8425564911368
2054-07-26 10:00:00,0.0,231.4679198857339
2054-07-26 11:00:00,0.0,176.2553885368432
2054-07-26 12:00:00,0.0,108.30150379974705
2054-07-26 13:00:00,0.0,40.34761906265086
2054-07-26 14:00:00,0.0,0.0
2054-07-26 15:00:00,0.0,0.0
2054-07-26 16:00:00,0.0,0.0
2054-07-26 17:00:00,0.0,0.0
2054-07-26 18:00:00,0.0,0.0
2054-07-26 19:00:00,0.0,0.0
2054-07-26 20:00:00,0.0,0.0
2054-07-26 21:00:00,0.0,0.0
2054-07-26 22:00:00,0.0,0.0
2054-07-26 23:00:00,0.0,0.0
2054-07-27 00:00:00,0.0,0.0
2054-07-27 01:00:00,0.0,0.0
2054-07-27 02:00:00,0.0,21.23558898034256
2054-07-27 03:00:00,0.0,84.09293236215653
2054-07-27 04:00:00,0.0,156.29393489532123
2054-07-27 05:00:00,0.0,214.05473692185296
2054-07-27 06:00:00,0.0,253.1282206456833
2054-07-27 07:00:00,0.0,274.3638096260259
2054-07-27 08:00:00,0.0,279.03563920170126
2054-07-27 09:00:00,0.0,276.06265674445325
2054-07-27 10:00:00,0.0,239.53744369826407
2054-07-27 11:00:00,0.0,184.3249123493734
2054-07-27 12:00:00,0.0,114.67218049384982
2054-07-27 13:00:00,0.0,43.745313299505675
2054-07-27 14:00:00,0.0,0.0
2054-07-27 15:00:00,0.0,0.0
2054-07-27 16:00:00,0.0,0.0
2054-07-27 17:00:00,0.0,0.0
2054-07-27 18:00:00,0.0,0.0
2054-07-27 19:00:00,0.0,0.0
2054-07-27 20:00:00,0.0,0.0
2054-07-27 21:00:00,0.0,0.0
2054-07-27 22:00:00,0.0,0.0
2054-07-27 23:00:00,0.0,0.0
2054-07-28 00:00:00,0.0,0.0
2054-07-28 01:00:00,0.0,0.0
2054-07-28 02:00:00,0.0,23.359147878376813
2054-07-28 03:00:00,0.0,92.58716795429356
2054-07-28 04:00:00,0.0,166.06230582627882
2054-07-28 05:00:00,0.0,226.37137853045164
2054-07-28 06:00:00,0.0,273.51438606681216
2054-07-28 07:00:00,0.0,294.74997504715475
2054-07-28 08:00:00,0.0,296.87353394518897
2054-07-28 09:00:00,0.0,279.885062760915
2054-07-28 10:00:00,0.0,243.3598497147257
2054-07-28 11:00:00,0.0,188.14731836583505
2054-07-28 12:00:00,0.0,117.64516295109776
2054-07-28 13:00:00,0.0,44.59473685871937
2054-07-28 14:00:00,0.0,0.0
2054-07-28 15:00:00,0.0,0.0
2054-07-28 16:00:00,0.0,0.0
2054-07-28 17:00:00,0.0,0.0
2054-07-28 18:00:00,0.0,0.0
2054-07-28 19:00:00,0.0,0.0
2054-07-28 20:00:00,0.0,0.0
2054-07-28 21:00:00,0.0,0.0
2054-07-28 22:00:00,0.0,0.0
2054-07-28 23:00:00,0.0,0.0
2054-07-29 00:00:00,0.0,0.0
2054-07-29 01:00:00,0.0,0.0
2054-07-29 02:00:00,0.0,21.660300759949408
2054-07-29 03:00:00,0.0,83.24350880294284
2054-07-29 04:00:00,0.0,140.57959904986774
2054-07-29 05:00:00,0.0,209.3829073461776
2054-07-29 06:00:00,0.0,262.471879797034
2054-07-29 07:00:00,0.0,284.98160411619716
2054-07-29 08:00:00,0.0,288.8040101326588
2054-07-29 09:00:00,0.0,271.81553894838476
2054-07-29 10:00:00,0.0,228.07022564887907
2054-07-29 11:00:00,0.0,146.95027574397048
2054-07-29 12:00:00,0.0,58.18551380613861
2054-07-29 13:00:00,0.0,16.988471184274047
2054-07-29 14:00:00,0.0,0.0
2054-07-29 15:00:00,0.0,0.0
2054-07-29 16:00:00,0.0,0.0
2054-07-29 17:00:00,0.0,0.0
2054-07-29 18:00:00,0.0,0.0
2054-07-29 19:00:00,0.0,0.0
2054-07-29 20:00:00,0.0,0.0
2054-07-29 21:00:00,0.0,0.0
2054-07-29 22:00:00,0.0,0.0
2054-07-29 23:00:00,0.0,0.0
2054-07-30 00:00:00,0.0,0.0
2054-07-30 01:00:00,0.0,0.0
2054-07-30 02:00:00,0.0,17.4131829638809
2054-07-30 03:00:00,0.0,67.52917295748934
2054-07-30 04:00:00,0.0,142.70315794790199
2054-07-30 05:00:00,0.0,211.50646624421188
2054-07-30 06:00:00,0.0,252.70350886607645
2054-07-30 07:00:00,0.0,269.6919800503505
2054-07-30 08:00:00,0.0,269.26726827074367
2054-07-30 09:00:00,0.0,244.2092732739394
2054-07-30 10:00:00,0.0,191.96972438229673
2054-07-30 11:00:00,0.0,132.08536345773072
2054-07-30 12:00:00,0.0,65.40561405945509
2054-07-30 13:00:00,0.0,23.783859657983665
2054-07-30 14:00:00,0.0,0.0
2054-07-30 15:00:00,0.0,0.0
2054-07-30 16:00:00,0.0,0.0
2054-07-30 17:00:00,0.0,0.0
2054-07-30 18:00:00,0.0,0.0
2054-07-30 19:00:00,0.0,0.0
2054-07-30 20:00:00,0.0,0.0
2054-07-30 21:00:00,0.0,0.0
2054-07-30 22:00:00,0.0,0.0
2054-07-30 23:00:00,0.0,0.0
2054-07-31 00:00:00,0.0,0.0
2054-07-31 01:00:00,0.0,0.0
2054-07-31 02:00:00,0.0,16.988471184274047
2054-07-31 03:00:00,0.0,59.45964914495917
2054-07-31 04:00:00,0.0,106.17794490171279
2054-07-31 05:00:00,0.0,149.92325820121843
2054-07-31 06:00:00,0.0,189.84616548426249
2054-07-31 07:00:00,0.0,215.32887226067356
2054-07-31 08:00:00,0.0,227.22080208966534
2054-07-31 09:00:00,0.0,233.16676700416127
2054-07-31 10:00:00,0.0,206.40992488892965
2054-07-31 11:00:00,0.0,133.78421057615813
2054-07-31 12:00:00,0.0,53.088972450856396
2054-07-31 13:00:00,0.0,12.741353388205535
2054-07-31 14:00:00,0.0,0.0
2054-07-31 15:00:00,0.0,0.0
2054-07-31 16:00:00,0.0,0.0
2054-07-31 17:00:00,0.0,0.0
2054-07-31 18:00:00,0.0,0.0
2054-07-31 19:00:00,0.0,0.0
2054-07-31 20:00:00,0.0,0.0
2054-07-31 21:00:00,0.0,0.0
2054-07-31 22:00:00,0.0,0.0
2054-07-31 23:00:00,0.0,0.0
2054-08-01 00:00:00,0.0,0.0
2054-08-01 01:00:00,0.0,0.0
2054-08-01 02:00:00,0.0,20.386165421128855
2054-08-01 03:00:00,0.0,72.2010025331647
2054-08-01 04:00:00,0.0,124.44055142480741
2054-08-01 05:00:00,0.0,175.4059649776295
2054-08-01 06:00:00,0.0,221.27483717516947
2054-08-01 07:00:00,0.0,262.471879797034
2054-08-01 08:00:00,0.0,285.40631589580397
2054-08-01 09:00:00,0.0,262.89659157664084
2054-08-01 10:00:00,0.0,221.27483717516947
2054-08-01 11:00:00,0.0,160.1163409117829
2054-08-01 12:00:00,0.0,85.79177948058395
2054-08-01 13:00:00,0.0,26.332130335624772
2054-08-01 14:00:00,0.0,0.0
2054-08-01 15:00:00,0.0,0.0
2054-08-01 16:00:00,0.0,0.0
2054-08-01 17:00:00,0.0,0.0
2054-08-01 18:00:00,0.0,0.0
2054-08-01 19:00:00,0.0,0.0
2054-08-01 20:00:00,0.0,0.0
2054-08-01 21:00:00,0.0,0.0
2054-08-01 22:00:00,0.0,0.0
2054-08-01 23:00:00,0.0,0.0
2054-08-02 00:00:00,0.0,0.0
2054-08-02 01:00:00,0.0,0.0
2054-08-02 02:00:00,0.0,10.61779449017128
2054-08-02 03:00:00,0.0,56.91137846731805
2054-08-02 04:00:00,0.0,125.71468676362795
2054-08-02 05:00:00,0.0,164.36345870785144
2054-08-02 06:00:00,0.0,183.47548879015972
2054-08-02 07:00:00,0.0,176.2553885368432
2054-08-02 08:00:00,0.0,165.21288226706508
2054-08-02 09:00:00,0.0,140.57959904986774
2054-08-02 10:00:00,0.0,117.64516295109776
2054-08-02 11:00:00,0.0,83.24350880294284
2054-08-02 12:00:00,0.0,47.56771931596733
2054-08-02 13:00:00,0.0,18.68731830270145
2054-08-02 14:00:00,0.0,0.0
2054-08-02 15:00:00,0.0,0.0
2054-08-02 16:00:00,0.0,0.0
2054-08-02 17:00:00,0.0,0.0
2054-08-02 18:00:00,0.0,0.0
2054-08-02 19:00:00,0.0,0.0
2054-08-02 20:00:00,0.0,0.0
2054-08-02 21:00:00,0.0,0.0
2054-08-02 22:00:00,0.0,0.0
2054-08-02 23:00:00,0.0,0.0
2054-08-03 00:00:00,0.0,0.0
2054-08-03 01:00:00,0.0,0.0
2054-08-03 02:00:00,0.0,11.04250626977813
2054-08-03 03:00:00,0.0,44.59473685871937
2054-08-03 04:00:00,0.0,81.11994990490858
2054-08-03 05:00:00,0.0,114.67218049384982
2054-08-03 06:00:00,0.0,155.8692231157144
2054-08-03 07:00:00,0.0,206.40992488892965
2054-08-03 08:00:00,0.0,254.8270677641107
2054-08-03 09:00:00,0.0,263.7460151358546
2054-08-03 10:00:00,0.0,230.19378454691338
2054-08-03 11:00:00,0.0,173.70711785920213
2054-08-03 12:00:00,0.0,105.75323312210594
2054-08-03 13:00:00,0.0,36.94992482579605
2054-08-03 14:00:00,0.0,0.0
2054-08-03 15:00:00,0.0,0.0
2054-08-03 16:00:00,0.0,0.0
2054-08-03 17:00:00,0.0,0.0
2054-08-03 18:00:00,0.0,0.0
2054-08-03 19:00:00,0.0,0.0
2054-08-03 20:00:00,0.0,0.0
2054-08-03 21:00:00,0.0,0.0
2054-08-03 22:00:00,0.0,0.0
2054-08-03 23:00:00,0.0,0.0
2054-08-04 00:00:00,0.0,0.0
2054-08-04 01:00:00,0.0,0.0
2054-08-04 02:00:00,0.0,18.68731830270145
2054-08-04 03:00:00,0.0,74.32456143119896
2054-08-04 04:00:00,0.0,144.82671684593626
2054-08-04 05:00:00,0.0,208.53348378696393
2054-08-04 06:00:00,0.0,264.59543869506825
2054-08-04 07:00:00,0.0,282.85804521816294
2054-08-04 08:00:00,0.0,275.63794496484644
2054-08-04 09:00:00,0.0,242.9351379351189
2054-08-04 10:00:00,0.0,206.40992488892965
2054-08-04 11:00:00,0.0,160.54105269138972
2054-08-04 12:00:00,0.0,98.53313286878947
2054-08-04 13:00:00,0.0,33.976942368548094
2054-08-04 14:00:00,0.0,0.0
2054-08-04 15:00:00,0.0,0.0
2054-08-04 16:00:00,0.0,0.0
2054-08-04 17:00:00,0.0,0.0
2054-08-04 18:00:00,0.0,0.0
2054-08-04 19:00:00,0.0,0.0
2054-08-04 20:00:00,0.0,0.0
2054-08-04 21:00:00,0.0,0.0
2054-08-04 22:00:00,0.0,0.0
2054-08-04 23:00:00,0.0,0.0
2054-08-05 00:00:00,0.0,0.0
2054-08-05 01:00:00,0.0,0.0
2054-08-05 02:00:00,0.0,8.494235592137024
2054-08-05 03:00:00,0.0,45.86887219753993
2054-08-05 04:00:00,0.0,106.60265668131966
2054-08-05 05:00:00,0.0,172.8576942999884
2054-08-05 06:00:00,0.0,217.87714293831462
2054-08-05 07:00:00,0.0,241.23629081669145
2054-08-05 08:00:00,0.0,246.33283217197365
2054-08-05 09:00:00,0.0,245.9081203923668
2054-08-05 10:00:00,0.0,208.53348378696393
2054-08-05 11:00:00,0.0,159.26691735256918
2054-08-05 12:00:00,0.0,95.56015041154151
2054-08-05 13:00:00,0.0,35.675789486975496
2054-08-05 14:00:00,0.0,0.0
2054-08-05 15:00:00,0.0,0.0
2054-08-05 16:00:00,0.0,0.0
2054-08-05 17:00:00,0.0,0.0
2054-08-05 18:00:00,0.0,0.0
2054-08-05 19:00:00,0.0,0.0
2054-08-05 20:00:00,0.0,0.0
2054-08-05 21:00:00,0.0,0.0
2054-08-05 22:00:00,0.0,0.0
2054-08-05 23:00:00,0.0,0.0
2054-08-06 00:00:00,0.0,0.0
2054-08-06 01:00:00,0.0,0.0
2054-08-06 02:00:00,0.0,12.741353388205535
2054-08-06 03:00:00,0.0,59.45964914495917
2054-08-06 04:00:00,0.0,121.89228074716628
2054-08-06 05:00:00,0.0,181.7766416717323
2054-08-06 06:00:00,0.0,225.09724319163112
2054-08-06 07:00:00,0.0,257.3753384417518
2054-08-06 08:00:00,0.0,268.41784471152994
2054-08-06 09:00:00,0.0,257.3753384417518
2054-08-06 10:00:00,0.0,221.27483717516947
2054-08-06 11:00:00,0.0,169.03528828352677
2054-08-06 12:00:00,0.0,104.05438600367853
2054-08-06 13:00:00,0.0,38.22406016461661
2054-08-06 14:00:00,0.0,0.0
2054-08-06 15:00:00,0.0,0.0
2054-08-06 16:00:00,0.0,0.0
2054-08-06 17:00:00,0.0,0.0
2054-08-06 18:00:00,0.0,0.0
2054-08-06 19:00:00,0.0,0.0
2054-08-06 20:00:00,0.0,0.0
2054-08-06 21:00:00,0.0,0.0
2054-08-06 22:00:00,0.0,0.0
2054-08-06 23:00:00,0.0,0.0
2054-08-07 00:00:00,0.0,0.0
2054-08-07 01:00:00,0.0,0.0
2054-08-07 02:00:00,0.0,11.891929828991833
2054-08-07 03:00:00,0.0,63.28205516142083
2054-08-07 04:00:00,0.0,136.33248125379924
2054-08-07 05:00:00,0.0,192.81914794151044
2054-08-07 06:00:00,0.0,231.4679198857339
2054-08-07 07:00:00,0.0,259.92360911939295
2054-08-07 08:00:00,0.0,268.41784471152994
2054-08-07 09:00:00,0.0,260.7730326786066
2054-08-07 10:00:00,0.0,221.6995489547763
2054-08-07 11:00:00,0.0,169.46000006313363
2054-08-07 12:00:00,0.0,106.60265668131966
2054-08-07 13:00:00,0.0,37.79934838500976
2054-08-07 14:00:00,0.0,0.0
2054-08-07 15:00:00,0.0,0.0
2054-08-07 16:00:00,0.0,0.0
2054-08-07 17:00:00,0.0,0.0
2054-08-07 18:00:00,0.0,0.0
2054-08-07 19:00:00,0.0,0.0
2054-08-07 20:00:00,0.0,0.0
2054-08-07 21:00:00,0.0,0.0
2054-08-07 22:00:00,0.0,0.0
2054-08-07 23:00:00,0.0,0.0
2054-08-08 00:00:00,0.0,0.0
2054-08-08 01:00:00,0.0,0.0
2054-08-08 02:00:00,0.0,14.440200506632939
2054-08-08 03:00:00,0.0,65.83032583906193
2054-08-08 04:00:00,0.0,127.41353388205535
2054-08-08 05:00:00,0.0,178.80365921448436
2054-08-08 06:00:00,0.0,234.44090234298184
2054-08-08 07:00:00,0.0,252.27879708646958
2054-08-08 08:00:00,0.0,256.10120310293127
2054-08-08 09:00:00,0.0,253.97764420489696
2054-08-08 10:00:00,0.0,225.09724319163112
2054-08-08 11:00:00,0.0,172.43298252038156
2054-08-08 12:00:00,0.0,98.53313286878947
2054-08-08 13:00:00,0.0,29.729824572479586
2054-08-08 14:00:00,0.0,0.0
2054-08-08 15:00:00,0.0,0.0
2054-08-08 16:00:00,0.0,0.0
2054-08-08 17:00:00,0.0,0.0
2054-08-08 18:00:00,0.0,0.0
2054-08-08 19:00:00,0.0,0.0
2054-08-08 20:00:00,0.0,0.0
2054-08-08 21:00:00,0.0,0.0
2054-08-08 22:00:00,0.0,0.0
2054-08-08 23:00:00,0.0,0.0
2054-08-09 00:00:00,0.0,0.0
2054-08-09 01:00:00,0.0,0.0
2054-08-09 02:00:00,0.0,13.166065167812386
2054-08-09 03:00:00,0.0,62.857343381813976
2054-08-09 04:00:00,0.0,128.26295744126907
2054-08-09 05:00:00,0.0,189.42145370465562
2054-08-09 06:00:00,0.0,263.3213033562477
2054-08-09 07:00:00,0.0,280.3097745405218
2054-08-09 08:00:00,0.0,276.912080303667
2054-08-09 09:00:00,0.0,248.0316792904011
2054-08-09 10:00:00,0.0,208.10877200735706
2054-08-09 11:00:00,0.0,151.62210531964587
2054-08-09 12:00:00,0.0,86.64120303979763
2054-08-09 13:00:00,0.0,27.60626567444533
2054-08-09 14:00:00,0.0,0.0
2054-08-09 15:00:00,0.0,0.0
2054-08-09 16:00:00,0.0,0.0
2054-08-09 17:00:00,0.0,0.0
2054-08-09 18:00:00,0.0,0.0
2054-08-09 19:00:00,0.0,0.0
2054-08-09 20:00:00,0.0,0.0
2054-08-09 21:00:00,0.0,0.0
2054-08-09 22:00:00,0.0,0.0
2054-08-09 23:00:00,0.0,0.0
2054-08-10 00:00:00,0.0,0.0
2054-08-10 01:00:00,0.0,0.0
2054-08-10 02:00:00,0.0,14.440200506632939
2054-08-10 03:00:00,0.0,68.8033082963099
2054-08-10 04:00:00,0.0,136.33248125379924
2054-08-10 05:00:00,0.0,196.21684217836525
2054-08-10 06:00:00,0.0,258.2247620009655
2054-08-10 07:00:00,0.0,274.7885214056327
2054-08-10 08:00:00,0.0,271.81553894838476
2054-08-10 09:00:00,0.0,257.8000502213587
2054-08-10 10:00:00,0.0,220.85012539556263
2054-08-10 11:00:00,0.0,165.21288226706508
2054-08-10 12:00:00,0.0,93.8613032931141
2054-08-10 13:00:00,0.0,24.208571437590518
2054-08-10 14:00:00,0.0,0.0
2054-08-10 15:00:00,0.0,0.0
2054-08-10 16:00:00,0.0,0.0
2054-08-10 17:00:00,0.0,0.0
2054-08-10 18:00:00,0.0,0.0
2054-08-10 19:00:00,0.0,0.0
2054-08-10 20:00:00,0.0,0.0
2054-08-10 21:00:00,0.0,0.0
2054-08-10 22:00:00,0.0,0.0
2054-08-10 23:00:00,0.0,0.0
2054-08-11 00:00:00,0.0,0.0
2054-08-11 01:00:00,0.0,0.0
2054-08-11 02:00:00,0.0,14.864912286239793
2054-08-11 03:00:00,0.0,68.8033082963099
2054-08-11 04:00:00,0.0,135.05834591497867
2054-08-11 05:00:00,0.0,194.51799505993782
2054-08-11 06:00:00,0.0,245.9081203923668
2054-08-11 07:00:00,0.0,268.41784471152994
2054-08-11 08:00:00,0.0,267.9931329319231
2054-08-11 09:00:00,0.0,249.73052640882847
2054-08-11 10:00:00,0.0,211.50646624421188
2054-08-11 11:00:00,0.0,147.37498752357735
2054-08-11 12:00:00,0.0,68.8033082963099
2054-08-11 13:00:00,0.0,14.440200506632939
2054-08-11 14:00:00,0.0,0.0
2054-08-11 15:00:00,0.0,0.0
2054-08-11 16:00:00,0.0,0.0
2054-08-11 17:00:00,0.0,0.0
2054-08-11 18:00:00,0.0,0.0
2054-08-11 19:00:00,0.0,0.0
2054-08-11 20:00:00,0.0,0.0
2054-08-11 21:00:00,0.0,0.0
2054-08-11 22:00:00,0.0,0.0
2054-08-11 23:00:00,0.0,0.0
2054-08-12 00:00:00,0.0,0.0
2054-08-12 01:00:00,0.0,0.0
2054-08-12 02:00:00,0.0,4.671829575675363
2054-08-12 03:00:00,0.0,31.003959911300136
2054-08-12 04:00:00,0.0,70.5021554147373
2054-08-12 05:00:00,0.0,110.42506269778131
2054-08-12 06:00:00,0.0,145.25142862554313
2054-08-12 07:00:00,0.0,180.50250633291174
2054-08-12 08:00:00,0.0,191.96972438229673
2054-08-12 09:00:00,0.0,176.2553885368432
2054-08-12 10:00:00,0.0,155.8692231157144
2054-08-12 11:00:00,0.0,121.04285718795258
2054-08-12 12:00:00,0.0,75.59869677001952
2054-08-12 13:00:00,0.0,28.880401013265878
2054-08-12 14:00:00,0.0,0.0
2054-08-12 15:00:00,0.0,0.0
2054-08-12 16:00:00,0.0,0.0
2054-08-12 17:00:00,0.0,0.0
2054-08-12 18:00:00,0.0,0.0
2054-08-12 19:00:00,0.0,0.0
2054-08-12 20:00:00,0.0,0.0
2054-08-12 21:00:00,0.0,0.0
2054-08-12 22:00:00,0.0,0.0
2054-08-12 23:00:00,0.0,0.0
2054-08-13 00:00:00,0.0,0.0
2054-08-13 01:00:00,0.0,0.0
2054-08-13 02:00:00,0.0,17.4131829638809
2054-08-13 03:00:00,0.0,80.27052634569486
2054-08-13 04:00:00,0.0,149.92325820121843
2054-08-13 05:00:00,0.0,203.01223065207483
2054-08-13 06:00:00,0.0,240.81157903708464
2054-08-13 07:00:00,0.0,263.3213033562477
2054-08-13 08:00:00,0.0,260.7730326786066
2054-08-13 09:00:00,0.0,244.2092732739394
2054-08-13 10:00:00,0.0,206.40992488892965
2054-08-13 11:00:00,0.0,152.47152887885957
2054-08-13 12:00:00,0.0,91.73774439507986
2054-08-13 13:00:00,0.0,30.15453635208643
2054-08-13 14:00:00,0.0,0.0
2054-08-13 15:00:00,0.0,0.0
2054-08-13 16:00:00,0.0,0.0
2054-08-13 17:00:00,0.0,0.0
2054-08-13 18:00:00,0.0,0.0
2054-08-13 19:00:00,0.0,0.0
2054-08-13 20:00:00,0.0,0.0
2054-08-13 21:00:00,0.0,0.0
2054-08-13 22:00:00,0.0,0.0
2054-08-13 23:00:00,0.0,0.0
2054-08-14 00:00:00,0.0,0.0
2054-08-14 01:00:00,0.0,0.0
2054-08-14 02:00:00,0.0,12.316641608598683
2054-08-14 03:00:00,0.0,52.664260671249544
2054-08-14 04:00:00,0.0,95.98486219114837
2054-08-14 05:00:00,0.0,152.47152887885957
2054-08-14 06:00:00,0.0,215.32887226067356
2054-08-14 07:00:00,0.0,250.15523818843533
2054-08-14 08:00:00,0.0,251.00466174764907
2054-08-14 09:00:00,0.0,234.86561412258865
2054-08-14 10:00:00,0.0,203.4369424316817
2054-08-14 11:00:00,0.0,149.92325820121843
2054-08-14 12:00:00,0.0,86.64120303979763
2054-08-14 13:00:00,0.0,29.30511279287273
2054-08-14 14:00:00,0.0,0.0
2054-08-14 15:00:00,0.0,0.0
2054-08-14 16:00:00,0.0,0.0
2054-08-14 17:00:00,0.0,0.0
2054-08-14 18:00:00,0.0,0.0
2054-08-14 19:00:00,0.0,0.0
2054-08-14 20:00:00,0.0,0.0
2054-08-14 21:00:00,0.0,0.0
2054-08-14 22:00:00,0.0,0.0
2054-08-14 23:00:00,0.0,0.0
2054-08-15 00:00:00,0.0,0.0
2054-08-15 01:00:00,0.0,0.0
2054-08-15 02:00:00,0.0,19.536741861915154
2054-08-15 03:00:00,0.0,89.18947371743874
2054-08-15 04:00:00,0.0,165.63759404667195
2054-08-15 05:00:00,0.0,227.6455138692722
2054-08-15 06:00:00,0.0,267.56842115231626
2054-08-15 07:00:00,0.0,287.52987479383825
2054-08-15 08:00:00,0.0,287.9545865734451
2054-08-15 09:00:00,0.0,269.26726827074367
2054-08-15 10:00:00,0.0,233.16676700416127
2054-08-15 11:00:00,0.0,177.10481209605692
2054-08-15 12:00:00,0.0,106.17794490171279
2054-08-15 13:00:00,0.0,36.10050126658235
2054-08-15 14:00:00,0.0,0.0
2054-08-15 15:00:00,0.0,0.0
2054-08-15 16:00:00,0.0,0.0
2054-08-15 17:00:00,0.0,0.0
2054-08-15 18:00:00,0.0,0.0
2054-08-15 19:00:00,0.0,0.0
2054-08-15 20:00:00,0.0,0.0
2054-08-15 21:00:00,0.0,0.0
2054-08-15 22:00:00,0.0,0.0
2054-08-15 23:00:00,0.0,0.0
2054-08-16 00:00:00,0.0,0.0
2054-08-16 01:00:00,0.0,0.0
2054-08-16 02:00:00,0.0,16.563759404667195
2054-08-16 03:00:00,0.0,71.35157897395099
2054-08-16 04:00:00,0.0,151.62210531964587
2054-08-16 05:00:00,0.0,217.87714293831462
2054-08-16 06:00:00,0.0,256.95062666214494
2054-08-16 07:00:00,0.0,279.03563920170126
2054-08-16 08:00:00,0.0,283.28275699776975
2054-08-16 09:00:00,0.0,266.29428581349566
2054-08-16 10:00:00,0.0,231.4679198857339
2054-08-16 11:00:00,0.0,175.4059649776295
2054-08-16 12:00:00,0.0,104.05438600367853
2054-08-16 13:00:00,0.0,33.55223058894124
2054-08-16 14:00:00,0.0,0.0
2054-08-16 15:00:00,0.0,0.0
2054-08-16 16:00:00,0.0,0.0
2054-08-16 17:00:00,0.0,0.0
2054-08-16 18:00:00,0.0,0.0
2054-08-16 19:00:00,0.0,0.0
2054-08-16 20:00:00,0.0,0.0
2054-08-16 21:00:00,0.0,0.0
2054-08-16 22:00:00,0.0,0.0
2054-08-16 23:00:00,0.0,0.0
2054-08-17 00:00:00,0.0,0.0
2054-08-17 01:00:00,0.0,0.0
2054-08-17 02:00:00,0.0,8.918947371743874
2054-08-17 03:00:00,0.0,53.93839601007009
2054-08-17 04:00:00,0.0,132.51007523733756
2054-08-17 05:00:00,0.0,208.10877200735706
2054-08-17 06:00:00,0.0,258.64947378057235
2054-08-17 07:00:00,0.0,287.10516301423144
2054-08-17 08:00:00,0.0,293.90055148794096
2054-08-17 09:00:00,0.0,280.7344863201286
2054-08-17 10:00:00,0.0,245.9081203923668
2054-08-17 11:00:00,0.0,191.12030082308303
2054-08-17 12:00:00,0.0,118.91929828991832
2054-08-17 13:00:00,0.0,42.046466181078266
2054-08-17 14:00:00,0.0,0.0
2054-08-17 15:00:00,0.0,0.0
2054-08-17 16:00:00,0.0,0.0
2054-08-17 17:00:00,0.0,0.0
2054-08-17 18:00:00,0.0,0.0
2054-08-17 19:00:00,0.0,0.0
2054-08-17 20:00:00,0.0,0.0
2054-08-17 21:00:00,0.0,0.0
2054-08-17 22:00:00,0.0,0.0
2054-08-17 23:00:00,0.0,0.0
2054-08-18 00:00:00,0.0,0.0
2054-08-18 01:00:00,0.0,0.0
2054-08-18 02:00:00,0.0,19.961453641522006
2054-08-18 03:00:00,0.0,93.8613032931141
2054-08-18 04:00:00,0.0,172.8576942999884
2054-08-18 05:00:00,0.0,235.29032590219552
2054-08-18 06:00:00,0.0,274.7885214056327
2054-08-18 07:00:00,0.0,293.90055148794096
2054-08-18 08:00:00,0.0,295.5993986063684
2054-08-18 09:00:00,0.0,276.4873685240602
2054-08-18 10:00:00,0.0,239.1127319186572
2054-08-18 11:00:00,0.0,183.05077701055288
2054-08-18 12:00:00,0.0,110.84977447738815
2054-08-18 13:00:00,0.0,37.374636605402905
2054-08-18 14:00:00,0.0,0.0
2054-08-18 15:00:00,0.0,0.0
2054-08-18 16:00:00,0.0,0.0
2054-08-18 17:00:00,0.0,0.0
2054-08-18 18:00:00,0.0,0.0
2054-08-18 19:00:00,0.0,0.0
2054-08-18 20:00:00,0.0,0.0
2054-08-18 21:00:00,0.0,0.0
2054-08-18 22:00:00,0.0,0.0
2054-08-18 23:00:00,0.0,0.0
2054-08-19 00:00:00,0.0,0.0
2054-08-19 01:00:00,0.0,0.0
2054-08-19 02:00:00,0.0,19.536741861915154
2054-08-19 03:00:00,0.0,94.28601507272096
2054-08-19 04:00:00,0.0,175.83067675723638
2054-08-19 05:00:00,0.0,240.38686725747777
2054-08-19 06:00:00,0.0,282.85804521816294
2054-08-19 07:00:00,0.0,304.0936341985054
2054-08-19 08:00:00,0.0,306.64190487614655
2054-08-19 09:00:00,0.0,288.3792983530519
2054-08-19 10:00:00,0.0,252.27879708646958
2054-08-19 11:00:00,0.0,195.7921303987584
2054-08-19 12:00:00,0.0,121.46756896755944
2054-08-19 13:00:00,0.0,42.47117796068512
2054-08-19 14:00:00,0.0,0.0
2054-08-19 15:00:00,0.0,0.0
2054-08-19 16:00:00,0.0,0.0
2054-08-19 17:00:00,0.0,0.0
2054-08-19 18:00:00,0.0,0.0
2054-08-19 19:00:00,0.0,0.0
2054-08-19 20:00:00,0.0,0.0
2054-08-19 21:00:00,0.0,0.0
2054-08-19 22:00:00,0.0,0.0
2054-08-19 23:00:00,0.0,0.0
2054-08-20 00:00:00,0.0,0.0
2054-08-20 01:00:00,0.0,0.0
2054-08-20 02:00:00,0.0,19.961453641522006
2054-08-20 03:00:00,0.0,91.73774439507986
2054-08-20 04:00:00,0.0,177.10481209605692
2054-08-20 05:00:00,0.0,242.08571437590516
2054-08-20 06:00:00,0.0,285.8310276754109
2054-08-20 07:00:00,0.0,306.64190487614655
2054-08-20 08:00:00,0.0,309.61488733339456
2054-08-20 09:00:00,0.0,289.6534336918725
2054-08-20 10:00:00,0.0,253.1282206456833
2054-08-20 11:00:00,0.0,196.6415539579721
2054-08-20 12:00:00,0.0,122.74170430637997
2054-08-20 13:00:00,0.0,42.47117796068512
2054-08-20 14:00:00,0.0,0.0
2054-08-20 15:00:00,0.0,0.0
2054-08-20 16:00:00,0.0,0.0
2054-08-20 17:00:00,0.0,0.0
2054-08-20 18:00:00,0.0,0.0
2054-08-20 19:00:00,0.0,0.0
2054-08-20 20:00:00,0.0,0.0
2054-08-20 21:00:00,0.0,0.0
2054-08-20 22:00:00,0.0,0.0
2054-08-20 23:00:00,0.0,0.0
2054-08-21 00:00:00,0.0,0.0
2054-08-21 01:00:00,0.0,0.0
2054-08-21 02:00:00,0.0,18.262606523094597
2054-08-21 03:00:00,0.0,87.91533837861819
2054-08-21 04:00:00,0.0,166.48701760588568
2054-08-21 05:00:00,0.0,239.53744369826407
2054-08-21 06:00:00,0.0,284.55689233659024
2054-08-21 07:00:00,0.0,308.3407519945739
2054-08-21 08:00:00,0.0,310.88902267221505
2054-08-21 09:00:00,0.0,293.90055148794096
2054-08-21 10:00:00,0.0,256.52591488253813
2054-08-21 11:00:00,0.0,199.18982463561318
2054-08-21 12:00:00,0.0,123.59112786559369
2054-08-21 13:00:00,0.0,42.89588974029198
2054-08-21 14:00:00,0.0,0.0
2054-08-21 15:00:00,0.0,0.0
2054-08-21 16:00:00,0.0,0.0
2054-08-21 17:00:00,0.0,0.0
2054-08-21 18:00:00,0.0,0.0
2054-08-21 19:00:00,0.0,0.0
2054-08-21 20:00:00,0.0,0.0
2054-08-21 21:00:00,0.0,0.0
2054-08-21 22:00:00,0.0,0.0
2054-08-21 23:00:00,0.0,0.0
2054-08-22 00:00:00,0.0,0.0
2054-08-22 01:00:00,0.0,0.0
2054-08-22 02:00:00,0.0,19.536741861915154
2054-08-22 03:00:00,0.0,95.98486219114837
2054-08-22 04:00:00,0.0,177.10481209605692
2054-08-22 05:00:00,0.0,240.81157903708464
2054-08-22 06:00:00,0.0,282.85804521816294
2054-08-22 07:00:00,0.0,303.66892241889855
2054-08-22 08:00:00,0.0,304.94305775771915
2054-08-22 09:00:00,0.0,287.52987479383825
2054-08-22 10:00:00,0.0,250.5799499680422
2054-08-22 11:00:00,0.0,193.24385972111727
2054-08-22 12:00:00,0.0,118.49458651031148
2054-08-22 13:00:00,0.0,39.92290728304401
2054-08-22 14:00:00,0.0,0.0
2054-08-22 15:00:00,0.0,0.0
2054-08-22 16:00:00,0.0,0.0
2054-08-22 17:00:00,0.0,0.0
2054-08-22 18:00:00,0.0,0.0
2054-08-22 19:00:00,0.0,0.0
2054-08-22 20:00:00,0.0,0.0
2054-08-22 21:00:00,0.0,0.0
2054-08-22 22:00:00,0.0,0.0
2054-08-22 23:00:00,0.0,0.0
2054-08-23 00:00:00,0.0,0.0
2054-08-23 01:00:00,0.0,0.0
2054-08-23 02:00:00,0.0,19.536741861915154
2054-08-23 03:00:00,0.0,95.98486219114837
2054-08-23 04:00:00,0.0,176.2553885368432
2054-08-23 05:00:00,0.0,239.1127319186572
2054-08-23 06:00:00,0.0,280.7344863201286
2054-08-23 07:00:00,0.0,301.1206517412575
2054-08-23 08:00:00,0.0,301.97007530047114
2054-08-23 09:00:00,0.0,285.8310276754109
2054-08-23 10:00:00,0.0,248.88110284961482
2054-08-23 11:00:00,0.0,192.39443616190357
2054-08-23 12:00:00,0.0,118.49458651031148
2054-08-23 13:00:00,0.0,39.92290728304401
2054-08-23 14:00:00,0.0,0.0
2054-08-23 15:00:00,0.0,0.0
2054-08-23 16:00:00,0.0,0.0
2054-08-23 17:00:00,0.0,0.0
2054-08-23 18:00:00,0.0,0.0
2054-08-23 19:00:00,0.0,0.0
2054-08-23 20:00:00,0.0,0.0
2054-08-23 21:00:00,0.0,0.0
2054-08-23 22:00:00,0.0,0.0
2054-08-23 23:00:00,0.0,0.0
2054-08-24 00:00:00,0.0,0.0
2054-08-24 01:00:00,0.0,0.0
2054-08-24 02:00:00,0.0,20.386165421128855
2054-08-24 03:00:00,0.0,100.65669176682373
2054-08-24 04:00:00,0.0,183.05077701055288
2054-08-24 05:00:00,0.0,246.75754395158052
2054-08-24 06:00:00,0.0,287.52987479383825
2054-08-24 07:00:00,0.0,307.9160402149671
2054-08-24 08:00:00,0.0,308.76546377418083
2054-08-24 09:00:00,0.0,291.77699258990674
2054-08-24 10:00:00,0.0,255.25177954371753
2054-08-24 11:00:00,0.0,198.76511285600634
2054-08-24 12:00:00,0.0,123.59112786559369
2054-08-24 13:00:00,0.0,42.47117796068512
2054-08-24 14:00:00,0.0,0.0
2054-08-24 15:00:00,0.0,0.0
2054-08-24 16:00:00,0.0,0.0
2054-08-24 17:00:00,0.0,0.0
2054-08-24 18:00:00,0.0,0.0
2054-08-24 19:00:00,0.0,0.0
2054-08-24 20:00:00,0.0,0.0
2054-08-24 21:00:00,0.0,0.0
2054-08-24 22:00:00,0.0,0.0
2054-08-24 23:00:00,0.0,0.0
2054-08-25 00:00:00,0.0,0.0
2054-08-25 01:00:00,0.0,0.0
2054-08-25 02:00:00,0.0,20.81087720073571
2054-08-25 03:00:00,0.0,101.50611532603742
2054-08-25 04:00:00,0.0,183.05077701055288
2054-08-25 05:00:00,0.0,245.9081203923668
2054-08-25 06:00:00,0.0,285.8310276754109
2054-08-25 07:00:00,0.0,305.367769537326
2054-08-25 08:00:00,0.0,305.7924813169329
2054-08-25 09:00:00,0.0,288.3792983530519
2054-08-25 10:00:00,0.0,251.4293735272559
2054-08-25 11:00:00,0.0,194.94270683954468
2054-08-25 12:00:00,0.0,120.61814540834573
2054-08-25 13:00:00,0.0,40.34761906265086
2054-08-25 14:00:00,0.0,0.0
2054-08-25 15:00:00,0.0,0.0
2054-08-25 16:00:00,0.0,0.0
2054-08-25 17:00:00,0.0,0.0
2054-08-25 18:00:00,0.0,0.0
2054-08-25 19:00:00,0.0,0.0
2054-08-25 20:00:00,0.0,0.0
2054-08-25 21:00:00,0.0,0.0
2054-08-25 22:00:00,0.0,0.0
2054-08-25 23:00:00,0.0,0.0
2054-08-26 00:00:00,0.0,0.0
2054-08-26 01:00:00,0.0,0.0
2054-08-26 02:00:00,0.0,18.68731830270145
2054-08-26 03:00:00,0.0,95.13543863193468
2054-08-26 04:00:00,0.0,175.4059649776295
2054-08-26 05:00:00,0.0,238.26330835944353
2054-08-26 06:00:00,0.0,278.1862156424875
2054-08-26 07:00:00,0.0,298.14766928400945
2054-08-26 08:00:00,0.0,298.99709284322324
2054-08-26 09:00:00,0.0,284.1321805569834
2054-08-26 10:00:00,0.0,247.60696751079425
2054-08-26 11:00:00,0.0,191.12030082308303
2054-08-26 12:00:00,0.0,116.37102761227722
2054-08-26 13:00:00,0.0,38.22406016461661
2054-08-26 14:00:00,0.0,0.0
2054-08-26 15:00:00,0.0,0.0
2054-08-26 16:00:00,0.0,0.0
2054-08-26 17:00:00,0.0,0.0
2054-08-26 18:00:00,0.0,0.0
2054-08-26 19:00:00,0.0,0.0
2054-08-26 20:00:00,0.0,0.0
2054-08-26 21:00:00,0.0,0.0
2054-08-26 22:00:00,0.0,0.0
2054-08-26 23:00:00,0.0,0.0
2054-08-27 00:00:00,0.0,0.0
2054-08-27 01:00:00,0.0,0.0
2054-08-27 02:00:00,0.0,9.343659151350725
2054-08-27 03:00:00,0.0,50.96541355282214
2054-08-27 04:00:00,0.0,101.50611532603742
2054-08-27 05:00:00,0.0,146.95027574397048
2054-08-27 06:00:00,0.0,187.29789480662137
2054-08-27 07:00:00,0.0,210.2323309053913
2054-08-27 08:00:00,0.0,220.85012539556263
2054-08-27 09:00:00,0.0,236.5644612410161
2054-08-27 10:00:00,0.0,229.34436098769964
2054-08-27 11:00:00,0.0,183.05077701055288
2054-08-27 12:00:00,0.0,112.97333337542241
2054-08-27 13:00:00,0.0,37.374636605402905
2054-08-27 14:00:00,0.0,0.0
2054-08-27 15:00:00,0.0,0.0
2054-08-27 16:00:00,0.0,0.0
2054-08-27 17:00:00,0.0,0.0
2054-08-27 18:00:00,0.0,0.0
2054-08-27 19:00:00,0.0,0.0
2054-08-27 20:00:00,0.0,0.0
2054-08-27 21:00:00,0.0,0.0
2054-08-27 22:00:00,0.0,0.0
2054-08-27 23:00:00,0.0,0.0
2054-08-28 00:00:00,0.0,0.0
2054-08-28 01:00:00,0.0,0.0
2054-08-28 02:00:00,0.0,16.988471184274047
2054-08-28 03:00:00,0.0,94.28601507272096
2054-08-28 04:00:00,0.0,181.35192989212544
2054-08-28 05:00:00,0.0,245.9081203923668
2054-08-28 06:00:00,0.0,286.68045123462457
2054-08-28 07:00:00,0.0,302.81949885968487
2054-08-28 08:00:00,0.0,286.2557394550177
2054-08-28 09:00:00,0.0,243.3598497147257
2054-08-28 10:00:00,0.0,192.39443616190357
2054-08-28 11:00:00,0.0,139.3054637110472
2054-08-28 12:00:00,0.0,88.34005015822504
2054-08-28 13:00:00,0.0,32.702807029727545
2054-08-28 14:00:00,0.0,0.0
2054-08-28 15:00:00,0.0,0.0
2054-08-28 16:00:00,0.0,0.0
2054-08-28 17:00:00,0.0,0.0
2054-08-28 18:00:00,0.0,0.0
2054-08-28 19:00:00,0.0,0.0
2054-08-28 20:00:00,0.0,0.0
2054-08-28 21:00:00,0.0,0.0
2054-08-28 22:00:00,0.0,0.0
2054-08-28 23:00:00,0.0,0.0
2054-08-29 00:00:00,0.0,0.0
2054-08-29 01:00:00,0.0,0.0
2054-08-29 02:00:00,0.0,17.4131829638809
2054-08-29 03:00:00,0.0,93.0118797339004
2054-08-29 04:00:00,0.0,172.00827074077472
2054-08-29 05:00:00,0.0,233.16676700416127
2054-08-29 06:00:00,0.0,268.8425564911368
2054-08-29 07:00:00,0.0,280.7344863201286
2054-08-29 08:00:00,0.0,283.28275699776975
2054-08-29 09:00:00,0.0,271.3908271687779
2054-08-29 10:00:00,0.0,241.23629081669145
2054-08-29 11:00:00,0.0,187.7226065862282
2054-08-29 12:00:00,0.0,114.24746871424297
2054-08-29 13:00:00,0.0,36.94992482579605
2054-08-29 14:00:00,0.0,0.0
2054-08-29 15:00:00,0.0,0.0
2054-08-29 16:00:00,0.0,0.0
2054-08-29 17:00:00,0.0,0.0
2054-08-29 18:00:00,0.0,0.0
2054-08-29 19:00:00,0.0,0.0
2054-08-29 20:00:00,0.0,0.0
2054-08-29 21:00:00,0.0,0.0
2054-08-29 22:00:00,0.0,0.0
2054-08-29 23:00:00,0.0,0.0
2054-08-30 00:00:00,0.0,0.0
2054-08-30 01:00:00,0.0,0.0
2054-08-30 02:00:00,0.0,12.316641608598683
2054-08-30 03:00:00,0.0,74.7492732108058
2054-08-30 04:00:00,0.0,163.08932336903084
2054-08-30 05:00:00,0.0,236.98917302062296
2054-08-30 06:00:00,0.0,283.28275699776975
2054-08-30 07:00:00,0.0,306.2171930965397
2054-08-30 08:00:00,0.0,306.64190487614655
2054-08-30 09:00:00,0.0,284.55689233659024
2054-08-30 10:00:00,0.0,239.96215547787094
2054-08-30 11:00:00,0.0,182.20135345133914
2054-08-30 12:00:00,0.0,110.84977447738815
2054-08-30 13:00:00,0.0,35.675789486975496
2054-08-30 14:00:00,0.0,0.0
2054-08-30 15:00:00,0.0,0.0
2054-08-30 16:00:00,0.0,0.0
2054-08-30 17:00:00,0.0,0.0
2054-08-30 18:00:00,0.0,0.0
2054-08-30 19:00:00,0.0,0.0
2054-08-30 20:00:00,0.0,0.0
2054-08-30 21:00:00,0.0,0.0
2054-08-30 22:00:00,0.0,0.0
2054-08-30 23:00:00,0.0,0.0
2054-08-31 00:00:00,0.0,0.0
2054-08-31 01:00:00,0.0,0.0
2054-08-31 02:00:00,0.0,14.440200506632939
2054-08-31 03:00:00,0.0,83.24350880294284
2054-08-31 04:00:00,0.0,167.33644116509936
2054-08-31 05:00:00,0.0,238.26330835944353
2054-08-31 06:00:00,0.0,282.85804521816294
2054-08-31 07:00:00,0.0,303.24421063929174
2054-08-31 08:00:00,0.0,304.94305775771915
2054-08-31 09:00:00,0.0,287.9545865734451
2054-08-31 10:00:00,0.0,251.00466174764907
2054-08-31 11:00:00,0.0,193.66857150072414
2054-08-31 12:00:00,0.0,118.49458651031148
2054-08-31 13:00:00,0.0,38.22406016461661
2054-08-31 14:00:00,0.0,0.0
2054-08-31 15:00:00,0.0,0.0
2054-08-31 16:00:00,0.0,0.0
2054-08-31 17:00:00,0.0,0.0
2054-08-31 18:00:00,0.0,0.0
2054-08-31 19:00:00,0.0,0.0
2054-08-31 20:00:00,0.0,0.0
2054-08-31 21:00:00,0.0,0.0
2054-08-31 22:00:00,0.0,0.0
2054-08-31 23:00:00,0.0,0.0
2054-09-01 00:00:00,0.0,0.0
2054-09-01 01:00:00,0.0,0.0
2054-09-01 02:00:00,0.0,16.988471184274047
2054-09-01 03:00:00,0.0,93.8613032931141
2054-09-01 04:00:00,0.0,175.83067675723638
2054-09-01 05:00:00,0.0,239.1127319186572
2054-09-01 06:00:00,0.0,282.433333438556
2054-09-01 07:00:00,0.0,301.5453635208643
2054-09-01 08:00:00,0.0,296.02411038597523
2054-09-01 09:00:00,0.0,269.6919800503505
2054-09-01 10:00:00,0.0,227.6455138692722
2054-09-01 11:00:00,0.0,187.29789480662137
2054-09-01 12:00:00,0.0,116.79573939188407
2054-09-01 13:00:00,0.0,36.94992482579605
2054-09-01 14:00:00,0.0,0.0
2054-09-01 15:00:00,0.0,0.0
2054-09-01 16:00:00,0.0,0.0
2054-09-01 17:00:00,0.0,0.0
2054-09-01 18:00:00,0.0,0.0
2054-09-01 19:00:00,0.0,0.0
2054-09-01 20:00:00,0.0,0.0
2054-09-01 21:00:00,0.0,0.0
2054-09-01 22:00:00,0.0,0.0
2054-09-01 23:00:00,0.0,0.0
2054-09-02 00:00:00,0.0,0.0
2054-09-02 01:00:00,0.0,0.0
2054-09-02 02:00:00,0.0,9.768370930957577
2054-09-02 03:00:00,0.0,56.06195490810435
2054-09-02 04:00:00,0.0,110.84977447738815
2054-09-02 05:00:00,0.0,170.30942362234734
2054-09-02 06:00:00,0.0,215.32887226067356
2054-09-02 07:00:00,0.0,235.71503768180244
2054-09-02 08:00:00,0.0,228.07022564887907
2054-09-02 09:00:00,0.0,209.80761912578447
2054-09-02 10:00:00,0.0,200.46395997443375
2054-09-02 11:00:00,0.0,174.5565414184158
2054-09-02 12:00:00,0.0,109.57563913856761
2054-09-02 13:00:00,0.0,35.25107770736865
2054-09-02 14:00:00,0.0,0.0
2054-09-02 15:00:00,0.0,0.0
2054-09-02 16:00:00,0.0,0.0
2054-09-02 17:00:00,0.0,0.0
2054-09-02 18:00:00,0.0,0.0
2054-09-02 19:00:00,0.0,0.0
2054-09-02 20:00:00,0.0,0.0
2054-09-02 21:00:00,0.0,0.0
2054-09-02 22:00:00,0.0,0.0
2054-09-02 23:00:00,0.0,0.0
2054-09-03 00:00:00,0.0,0.0
2054-09-03 01:00:00,0.0,0.0
2054-09-03 02:00:00,0.0,11.467218049384982
2054-09-03 03:00:00,0.0,71.35157897395099
2054-09-03 04:00:00,0.0,156.71864667492807
2054-09-03 05:00:00,0.0,230.19378454691338
2054-09-03 06:00:00,0.0,279.885062760915
2054-09-03 07:00:00,0.0,300.6959399616506
2054-09-03 08:00:00,0.0,303.24421063929174
2054-09-03 09:00:00,0.0,282.433333438556
2054-09-03 10:00:00,0.0,241.66100259629832
2054-09-03 11:00:00,0.0,177.52952387566378
2054-09-03 12:00:00,0.0,101.08140354643058
2054-09-03 13:00:00,0.0,29.30511279287273
2054-09-03 14:00:00,0.0,0.0
2054-09-03 15:00:00,0.0,0.0
2054-09-03 16:00:00,0.0,0.0
2054-09-03 17:00:00,0.0,0.0
2054-09-03 18:00:00,0.0,0.0
2054-09-03 19:00:00,0.0,0.0
2054-09-03 20:00:00,0.0,0.0
2054-09-03 21:00:00,0.0,0.0
2054-09-03 22:00:00,0.0,0.0
2054-09-03 23:00:00,0.0,0.0
2054-09-04 00:00:00,0.0,0.0
2054-09-04 01:00:00,0.0,0.0
2054-09-04 02:00:00,0.0,12.741353388205535
2054-09-04 03:00:00,0.0,81.96937346412228
2054-09-04 04:00:00,0.0,176.2553885368432
2054-09-04 05:00:00,0.0,245.05869683315314
2054-09-04 06:00:00,0.0,287.9545865734451
2054-09-04 07:00:00,0.0,308.76546377418083
2054-09-04 08:00:00,0.0,309.61488733339456
2054-09-04 09:00:00,0.0,289.22872191226566
2054-09-04 10:00:00,0.0,251.85408530686271
2054-09-04 11:00:00,0.0,193.66857150072414
2054-09-04 12:00:00,0.0,117.22045117149092
2054-09-04 13:00:00,0.0,36.10050126658235
2054-09-04 14:00:00,0.0,0.0
2054-09-04 15:00:00,0.0,0.0
2054-09-04 16:00:00,0.0,0.0
2054-09-04 17:00:00,0.0,0.0
2054-09-04 18:00:00,0.0,0.0
2054-09-04 19:00:00,0.0,0.0
2054-09-04 20:00:00,0.0,0.0
2054-09-04 21:00:00,0.0,0.0
2054-09-04 22:00:00,0.0,0.0
2054-09-04 23:00:00,0.0,0.0
2054-09-05 00:00:00,0.0,0.0
2054-09-05 01:00:00,0.0,0.0
2054-09-05 02:00:00,0.0,7.644812032923321
2054-09-05 03:00:00,0.0,59.03493736535232
2054-09-05 04:00:00,0.0,138.4560401518335
2054-09-05 05:00:00,0.0,227.22080208966534
2054-09-05 06:00:00,0.0,275.2132331852396
2054-09-05 07:00:00,0.0,297.72295750440264
2054-09-05 08:00:00,0.0,297.72295750440264
2054-09-05 09:00:00,0.0,279.46035098130807
2054-09-05 10:00:00,0.0,242.08571437590516
2054-09-05 11:00:00,0.0,185.17433590858712
2054-09-05 12:00:00,0.0,109.57563913856761
2054-09-05 13:00:00,0.0,32.278095250120685
2054-09-05 14:00:00,0.0,0.0
2054-09-05 15:00:00,0.0,0.0
2054-09-05 16:00:00,0.0,0.0
2054-09-05 17:00:00,0.0,0.0
2054-09-05 18:00:00,0.0,0.0
2054-09-05 19:00:00,0.0,0.0
2054-09-05 20:00:00,0.0,0.0
2054-09-05 21:00:00,0.0,0.0
2054-09-05 22:00:00,0.0,0.0
2054-09-05 23:00:00,0.0,0.0
2054-09-06 00:00:00,0.0,0.0
2054-09-06 01:00:00,0.0,0.0
2054-09-06 02:00:00,0.0,12.316641608598683
2054-09-06 03:00:00,0.0,75.17398499041265
2054-09-06 04:00:00,0.0,146.95027574397048
2054-09-06 05:00:00,0.0,211.93117802381872
2054-09-06 06:00:00,0.0,262.89659157664084
2054-09-06 07:00:00,0.0,290.92756903069306
2054-09-06 08:00:00,0.0,292.6264161491205
2054-09-06 09:00:00,0.0,277.76150386288066
2054-09-06 10:00:00,0.0,241.66100259629832
2054-09-06 11:00:00,0.0,184.3249123493734
2054-09-06 12:00:00,0.0,110.00035091817445
2054-09-06 13:00:00,0.0,32.278095250120685
2054-09-06 14:00:00,0.0,0.0
2054-09-06 15:00:00,0.0,0.0
2054-09-06 16:00:00,0.0,0.0
2054-09-06 17:00:00,0.0,0.0
2054-09-06 18:00:00,0.0,0.0
2054-09-06 19:00:00,0.0,0.0
2054-09-06 20:00:00,0.0,0.0
2054-09-06 21:00:00,0.0,0.0
2054-09-06 22:00:00,0.0,0.0
2054-09-06 23:00:00,0.0,0.0
2054-09-07 00:00:00,0.0,0.0
2054-09-07 01:00:00,0.0,0.0
2054-09-07 02:00:00,0.0,4.671829575675363
2054-09-07 03:00:00,0.0,43.320601519898815
2054-09-07 04:00:00,0.0,114.24746871424297
2054-09-07 05:00:00,0.0,208.53348378696393
2054-09-07 06:00:00,0.0,265.8695740338888
2054-09-07 07:00:00,0.0,283.28275699776975
2054-09-07 08:00:00,0.0,286.2557394550177
2054-09-07 09:00:00,0.0,274.7885214056327
2054-09-07 10:00:00,0.0,239.53744369826407
2054-09-07 11:00:00,0.0,183.05077701055288
2054-09-07 12:00:00,0.0,107.45208024053335
2054-09-07 13:00:00,0.0,28.880401013265878
2054-09-07 14:00:00,0.0,0.0
2054-09-07 15:00:00,0.0,0.0
2054-09-07 16:00:00,0.0,0.0
2054-09-07 17:00:00,0.0,0.0
2054-09-07 18:00:00,0.0,0.0
2054-09-07 19:00:00,0.0,0.0
2054-09-07 20:00:00,0.0,0.0
2054-09-07 21:00:00,0.0,0.0
2054-09-07 22:00:00,0.0,0.0
2054-09-07 23:00:00,0.0,0.0
2054-09-08 00:00:00,0.0,0.0
2054-09-08 01:00:00,0.0,0.0
2054-09-08 02:00:00,0.0,7.2201002533164695
2054-09-08 03:00:00,0.0,48.417142875181035
2054-09-08 04:00:00,0.0,104.4790977832854
2054-09-08 05:00:00,0.0,169.46000006313363
2054-09-08 06:00:00,0.0,230.19378454691338
2054-09-08 07:00:00,0.0,276.06265674445325
2054-09-08 08:00:00,0.0,290.92756903069306
2054-09-08 09:00:00,0.0,270.11669182995735
2054-09-08 10:00:00,0.0,229.7690727673065
2054-09-08 11:00:00,0.0,168.18586472431306
2054-09-08 12:00:00,0.0,94.28601507272096
2054-09-08 13:00:00,0.0,23.359147878376813
2054-09-08 14:00:00,0.0,0.0
2054-09-08 15:00:00,0.0,0.0
2054-09-08 16:00:00,0.0,0.0
2054-09-08 17:00:00,0.0,0.0
2054-09-08 18:00:00,0.0,0.0
2054-09-08 19:00:00,0.0,0.0
2054-09-08 20:00:00,0.0,0.0
2054-09-08 21:00:00,0.0,0.0
2054-09-08 22:00:00,0.0,0.0
2054-09-08 23:00:00,0.0,0.0
2054-09-09 00:00:00,0.0,0.0
2054-09-09 01:00:00,0.0,0.0
2054-09-09 02:00:00,0.0,8.918947371743874
2054-09-09 03:00:00,0.0,65.83032583906193
2054-09-09 04:00:00,0.0,136.33248125379924
2054-09-09 05:00:00,0.0,199.61453641522004
2054-09-09 06:00:00,0.0,262.04716801742717
2054-09-09 07:00:00,0.0,287.52987479383825
2054-09-09 08:00:00,0.0,290.50285725108625
2054-09-09 09:00:00,0.0,276.06265674445325
2054-09-09 10:00:00,0.0,240.38686725747777
2054-09-09 11:00:00,0.0,180.9272181125186
2054-09-09 12:00:00,0.0,105.32852134249909
2054-09-09 13:00:00,0.0,30.579248131693284
2054-09-09 14:00:00,0.0,0.0
2054-09-09 15:00:00,0.0,0.0
2054-09-09 16:00:00,0.0,0.0
2054-09-09 17:00:00,0.0,0.0
2054-09-09 18:00:00,0.0,0.0
2054-09-09 19:00:00,0.0,0.0
2054-09-09 20:00:00,0.0,0.0
2054-09-09 21:00:00,0.0,0.0
2054-09-09 22:00:00,0.0,0.0
2054-09-09 23:00:00,0.0,0.0
2054-09-10 00:00:00,0.0,0.0
2054-09-10 01:00:00,0.0,0.0
2054-09-10 02:00:00,0.0,10.193082710564427
2054-09-10 03:00:00,0.0,64.98090227984824
2054-09-10 04:00:00,0.0,130.3865163393033
2054-09-10 05:00:00,0.0,170.30942362234734
2054-09-10 06:00:00,0.0,205.9852131093228
2054-09-10 07:00:00,0.0,224.67253141202426
2054-09-10 08:00:00,0.0,214.9041604810667
2054-09-10 09:00:00,0.0,202.587518872468
2054-09-10 10:00:00,0.0,176.2553885368432
2054-09-10 11:00:00,0.0,128.26295744126907
2054-09-10 12:00:00,0.0,74.32456143119896
2054-09-10 13:00:00,0.0,18.68731830270145
2054-09-10 14:00:00,0.0,0.0
2054-09-10 15:00:00,0.0,0.0
2054-09-10 16:00:00,0.0,0.0
2054-09-10 17:00:00,0.0,0.0
2054-09-10 18:00:00,0.0,0.0
2054-09-10 19:00:00,0.0,0.0
2054-09-10 20:00:00,0.0,0.0
2054-09-10 21:00:00,0.0,0.0
2054-09-10 22:00:00,0.0,0.0
2054-09-10 23:00:00,0.0,0.0
2054-09-11 00:00:00,0.0,0.0
2054-09-11 01:00:00,0.0,0.0
2054-09-11 02:00:00,0.0,13.590776947419238
2054-09-11 03:00:00,0.0,88.34005015822504
2054-09-11 04:00:00,0.0,170.73413540195418
2054-09-11 05:00:00,0.0,238.68802013905034
2054-09-11 06:00:00,0.0,284.98160411619716
2054-09-11 07:00:00,0.0,307.9160402149671
2054-09-11 08:00:00,0.0,306.64190487614655
2054-09-11 09:00:00,0.0,275.63794496484644
2054-09-11 10:00:00,0.0,216.6030075994941
2054-09-11 11:00:00,0.0,129.96180455969647
2054-09-11 12:00:00,0.0,56.48666668771121
2054-09-11 13:00:00,0.0,10.193082710564427
2054-09-11 14:00:00,0.0,0.0
2054-09-11 15:00:00,0.0,0.0
2054-09-11 16:00:00,0.0,0.0
2054-09-11 17:00:00,0.0,0.0
2054-09-11 18:00:00,0.0,0.0
2054-09-11 19:00:00,0.0,0.0
2054-09-11 20:00:00,0.0,0.0
2054-09-11 21:00:00,0.0,0.0
2054-09-11 22:00:00,0.0,0.0
2054-09-11 23:00:00,0.0,0.0
2054-09-12 00:00:00,0.0,0.0
2054-09-12 01:00:00,0.0,0.0
2054-09-12 02:00:00,0.0,15.289624065846642
2054-09-12 03:00:00,0.0,98.10842108918263
2054-09-12 04:00:00,0.0,182.626065230946
2054-09-12 05:00:00,0.0,247.60696751079425
2054-09-12 06:00:00,0.0,290.0781454714794
2054-09-12 07:00:00,0.0,309.19017555378764
2054-09-12 08:00:00,0.0,305.367769537326
2054-09-12 09:00:00,0.0,284.55689233659024
2054-09-12 10:00:00,0.0,242.08571437590516
2054-09-12 11:00:00,0.0,186.0237594678008
2054-09-12 12:00:00,0.0,106.60265668131966
2054-09-12 13:00:00,0.0,26.332130335624772
2054-09-12 14:00:00,0.0,0.0
2054-09-12 15:00:00,0.0,0.0
2054-09-12 16:00:00,0.0,0.0
2054-09-12 17:00:00,0.0,0.0
2054-09-12 18:00:00,0.0,0.0
2054-09-12 19:00:00,0.0,0.0
2054-09-12 20:00:00,0.0,0.0
2054-09-12 21:00:00,0.0,0.0
2054-09-12 22:00:00,0.0,0.0
2054-09-12 23:00:00,0.0,0.0
2054-09-13 00:00:00,0.0,0.0
2054-09-13 01:00:00,0.0,0.0
2054-09-13 02:00:00,0.0,10.61779449017128
2054-09-13 03:00:00,0.0,84.51764414176338
2054-09-13 04:00:00,0.0,174.131829638809
2054-09-13 05:00:00,0.0,241.66100259629832
2054-09-13 06:00:00,0.0,284.1321805569834
2054-09-13 07:00:00,0.0,302.81949885968487
2054-09-13 08:00:00,0.0,297.29824572479583
2054-09-13 09:00:00,0.0,260.7730326786066
2054-09-13 10:00:00,0.0,201.73809531325432
2054-09-13 11:00:00,0.0,138.4560401518335
2054-09-13 12:00:00,0.0,81.11994990490858
2054-09-13 13:00:00,0.0,26.332130335624772
2054-09-13 14:00:00,0.0,0.0
2054-09-13 15:00:00,0.0,0.0
2054-09-13 16:00:00,0.0,0.0
2054-09-13 17:00:00,0.0,0.0
2054-09-13 18:00:00,0.0,0.0
2054-09-13 19:00:00,0.0,0.0
2054-09-13 20:00:00,0.0,0.0
2054-09-13 21:00:00,0.0,0.0
2054-09-13 22:00:00,0.0,0.0
2054-09-13 23:00:00,0.0,0.0
2054-09-14 00:00:00,0.0,0.0
2054-09-14 01:00:00,0.0,0.0
2054-09-14 02:00:00,0.0,11.891929828991833
2054-09-14 03:00:00,0.0,84.09293236215653
2054-09-14 04:00:00,0.0,170.73413540195418
2054-09-14 05:00:00,0.0,238.26330835944353
2054-09-14 06:00:00,0.0,283.28275699776975
2054-09-14 07:00:00,0.0,307.9160402149671
2054-09-14 08:00:00,0.0,312.1631580110356
2054-09-14 09:00:00,0.0,296.4488221655821
2054-09-14 10:00:00,0.0,259.0741855601792
2054-09-14 11:00:00,0.0,200.0392481948269
2054-09-14 12:00:00,0.0,119.34401006952517
2054-09-14 13:00:00,0.0,32.278095250120685
2054-09-14 14:00:00,0.0,0.0
2054-09-14 15:00:00,0.0,0.0
2054-09-14 16:00:00,0.0,0.0
2054-09-14 17:00:00,0.0,0.0
2054-09-14 18:00:00,0.0,0.0
2054-09-14 19:00:00,0.0,0.0
2054-09-14 20:00:00,0.0,0.0
2054-09-14 21:00:00,0.0,0.0
2054-09-14 22:00:00,0.0,0.0
2054-09-14 23:00:00,0.0,0.0
2054-09-15 00:00:00,0.0,0.0
2054-09-15 01:00:00,0.0,0.0
2054-09-15 02:00:00,0.0,7.2201002533164695
2054-09-15 03:00:00,0.0,68.37859651670304
2054-09-15 04:00:00,0.0,140.1548872702609
2054-09-15 05:00:00,0.0,171.15884718156104
2054-09-15 06:00:00,0.0,200.8886717540406
2054-09-15 07:00:00,0.0,222.97368429359688
2054-09-15 08:00:00,0.0,221.6995489547763
2054-09-15 09:00:00,0.0,176.68010031645008
2054-09-15 10:00:00,0.0,118.91929828991832
2054-09-15 11:00:00,0.0,72.62571431277156
2054-09-15 12:00:00,0.0,38.22406016461661
2054-09-15 13:00:00,0.0,9.768370930957577
2054-09-15 14:00:00,0.0,0.0
2054-09-15 15:00:00,0.0,0.0
2054-09-15 16:00:00,0.0,0.0
2054-09-15 17:00:00,0.0,0.0
2054-09-15 18:00:00,0.0,0.0
2054-09-15 19:00:00,0.0,0.0
2054-09-15 20:00:00,0.0,0.0
2054-09-15 21:00:00,0.0,0.0
2054-09-15 22:00:00,0.0,0.0
2054-09-15 23:00:00,0.0,0.0
2054-09-16 00:00:00,0.0,0.0
2054-09-16 01:00:00,0.0,0.0
2054-09-16 02:00:00,0.0,10.61779449017128
2054-09-16 03:00:00,0.0,85.79177948058395
2054-09-16 04:00:00,0.0,172.8576942999884
2054-09-16 05:00:00,0.0,238.68802013905034
2054-09-16 06:00:00,0.0,284.55689233659024
2054-09-16 07:00:00,0.0,309.61488733339456
2054-09-16 08:00:00,0.0,313.43729334985613
2054-09-16 09:00:00,0.0,296.4488221655821
2054-09-16 10:00:00,0.0,259.0741855601792
2054-09-16 11:00:00,0.0,199.18982463561318
2054-09-16 12:00:00,0.0,119.34401006952517
2054-09-16 13:00:00,0.0,33.55223058894124
2054-09-16 14:00:00,0.0,0.0
2054-09-16 15:00:00,0.0,0.0
2054-09-16 16:00:00,0.0,0.0
2054-09-16 17:00:00,0.0,0.0
2054-09-16 18:00:00,0.0,0.0
2054-09-16 19:00:00,0.0,0.0
2054-09-16 20:00:00,0.0,0.0
2054-09-16 21:00:00,0.0,0.0
2054-09-16 22:00:00,0.0,0.0
2054-09-16 23:00:00,0.0,0.0
2054-09-17 00:00:00,0.0,0.0
2054-09-17 01:00:00,0.0,0.0
2054-09-17 02:00:00,0.0,12.316641608598683
2054-09-17 03:00:00,0.0,91.73774439507986
2054-09-17 04:00:00,0.0,179.22837099409116
2054-09-17 05:00:00,0.0,246.33283217197365
2054-09-17 06:00:00,0.0,292.20170436951355
2054-09-17 07:00:00,0.0,315.13614046828354
2054-09-17 08:00:00,0.0,317.2596993663179
2054-09-17 09:00:00,0.0,298.99709284322324
2054-09-17 10:00:00,0.0,260.34832089899976
2054-09-17 11:00:00,0.0,200.46395997443375
2054-09-17 12:00:00,0.0,120.19343362873889
2054-09-17 13:00:00,0.0,33.55223058894124
2054-09-17 14:00:00,0.0,0.0
2054-09-17 15:00:00,0.0,0.0
2054-09-17 16:00:00,0.0,0.0
2054-09-17 17:00:00,0.0,0.0
2054-09-17 18:00:00,0.0,0.0
2054-09-17 19:00:00,0.0,0.0
2054-09-17 20:00:00,0.0,0.0
2054-09-17 21:00:00,0.0,0.0
2054-09-17 22:00:00,0.0,0.0
2054-09-17 23:00:00,0.0,0.0
2054-09-18 00:00:00,0.0,0.0
2054-09-18 01:00:00,0.0,0.0
2054-09-18 02:00:00,0.0,11.467218049384982
2054-09-18 03:00:00,0.0,89.18947371743874
2054-09-18 04:00:00,0.0,176.2553885368432
2054-09-18 05:00:00,0.0,239.53744369826407
2054-09-18 06:00:00,0.0,287.10516301423144
2054-09-18 07:00:00,0.0,310.4643108926082
2054-09-18 08:00:00,0.0,313.43729334985613
2054-09-18 09:00:00,0.0,295.17468682676156
2054-09-18 10:00:00,0.0,256.95062666214494
2054-09-18 11:00:00,0.0,197.4909775171858
2054-09-18 12:00:00,0.0,115.52160405306351
2054-09-18 13:00:00,0.0,31.428671690906988
2054-09-18 14:00:00,0.0,0.0
2054-09-18 15:00:00,0.0,0.0
2054-09-18 16:00:00,0.0,0.0
2054-09-18 17:00:00,0.0,0.0
2054-09-18 18:00:00,0.0,0.0
2054-09-18 19:00:00,0.0,0.0
2054-09-18 20:00:00,0.0,0.0
2054-09-18 21:00:00,0.0,0.0
2054-09-18 22:00:00,0.0,0.0
2054-09-18 23:00:00,0.0,0.0
2054-09-19 00:00:00,0.0,0.0
2054-09-19 01:00:00,0.0,0.0
2054-09-19 02:00:00,0.0,13.590776947419238
2054-09-19 03:00:00,0.0,95.13543863193468
2054-09-19 04:00:00,0.0,185.59904768819396
2054-09-19 05:00:00,0.0,251.4293735272559
2054-09-19 06:00:00,0.0,291.35228081029993
2054-09-19 07:00:00,0.0,313.86200512946306
2054-09-19 08:00:00,0.0,315.9855640274973
2054-09-19 09:00:00,0.0,300.2712281820438
2054-09-19 10:00:00,0.0,262.04716801742717
2054-09-19 11:00:00,0.0,202.16280709286116
2054-09-19 12:00:00,0.0,121.89228074716628
2054-09-19 13:00:00,0.0,33.976942368548094
2054-09-19 14:00:00,0.0,0.0
2054-09-19 15:00:00,0.0,0.0
2054-09-19 16:00:00,0.0,0.0
2054-09-19 17:00:00,0.0,0.0
2054-09-19 18:00:00,0.0,0.0
2054-09-19 19:00:00,0.0,0.0
2054-09-19 20:00:00,0.0,0.0
2054-09-19 21:00:00,0.0,0.0
2054-09-19 22:00:00,0.0,0.0
2054-09-19 23:00:00,0.0,0.0
2054-09-20 00:00:00,0.0,0.0
2054-09-20 01:00:00,0.0,0.0
2054-09-20 02:00:00,0.0,12.741353388205535
2054-09-20 03:00:00,0.0,93.0118797339004
2054-09-20 04:00:00,0.0,184.3249123493734
2054-09-20 05:00:00,0.0,251.00466174764907
2054-09-20 06:00:00,0.0,295.5993986063684
2054-09-20 07:00:00,0.0,316.83498758671095
2054-09-20 08:00:00,0.0,318.53383470513836
2054-09-20 09:00:00,0.0,298.5723810636164
2054-09-20 10:00:00,0.0,260.34832089899976
2054-09-20 11:00:00,0.0,200.46395997443375
2054-09-20 12:00:00,0.0,120.61814540834573
2054-09-20 13:00:00,0.0,33.12751880933439
2054-09-20 14:00:00,0.0,0.0
2054-09-20 15:00:00,0.0,0.0
2054-09-20 16:00:00,0.0,0.0
2054-09-20 17:00:00,0.0,0.0
2054-09-20 18:00:00,0.0,0.0
2054-09-20 19:00:00,0.0,0.0
2054-09-20 20:00:00,0.0,0.0
2054-09-20 21:00:00,0.0,0.0
2054-09-20 22:00:00,0.0,0.0
2054-09-20 23:00:00,0.0,0.0
2054-09-21 00:00:00,0.0,0.0
2054-09-21 01:00:00,0.0,0.0
2054-09-21 02:00:00,0.0,12.316641608598683
2054-09-21 03:00:00,0.0,94.71072685232781
2054-09-21 04:00:00,0.0,182.626065230946
2054-09-21 05:00:00,0.0,250.15523818843533
2054-09-21 06:00:00,0.0,290.92756903069306
2054-09-21 07:00:00,0.0,312.58786979064246
2054-09-21 08:00:00,0.0,313.43729334985613
2054-09-21 09:00:00,0.0,294.74997504715475
2054-09-21 10:00:00,0.0,256.52591488253813
2054-09-21 11:00:00,0.0,196.6415539579721
2054-09-21 12:00:00,0.0,117.22045117149092
2054-09-21 13:00:00,0.0,31.003959911300136
2054-09-21 14:00:00,0.0,0.0
2054-09-21 15:00:00,0.0,0.0
2054-09-21 16:00:00,0.0,0.0
2054-09-21 17:00:00,0.0,0.0
2054-09-21 18:00:00,0.0,0.0
2054-09-21 19:00:00,0.0,0.0
2054-09-21 20:00:00,0.0,0.0
2054-09-21 21:00:00,0.0,0.0
2054-09-21 22:00:00,0.0,0.0
2054-09-21 23:00:00,0.0,0.0
2054-09-22 00:00:00,0.0,0.0
2054-09-22 01:00:00,0.0,0.0
2054-09-22 02:00:00,0.0,11.891929828991833
2054-09-22 03:00:00,0.0,94.71072685232781
2054-09-22 04:00:00,0.0,182.20135345133914
2054-09-22 05:00:00,0.0,249.73052640882847
2054-09-22 06:00:00,0.0,293.90055148794096
2054-09-22 07:00:00,0.0,315.5608522478904
2054-09-22 08:00:00,0.0,317.6844111459247
2054-09-22 09:00:00,0.0,296.87353394518897
2054-09-22 10:00:00,0.0,258.2247620009655
2054-09-22 11:00:00,0.0,197.91568929679266
2054-09-22 12:00:00,0.0,116.79573939188407
2054-09-22 13:00:00,0.0,30.15453635208643
2054-09-22 14:00:00,0.0,0.0
2054-09-22 15:00:00,0.0,0.0
2054-09-22 16:00:00,0.0,0.0
2054-09-22 17:00:00,0.0,0.0
2054-09-22 18:00:00,0.0,0.0
2054-09-22 19:00:00,0.0,0.0
2054-09-22 20:00:00,0.0,0.0
2054-09-22 21:00:00,0.0,0.0
2054-09-22 22:00:00,0.0,0.0
2054-09-22 23:00:00,0.0,0.0
2054-09-23 00:00:00,0.0,0.0
2054-09-23 01:00:00,0.0,0.0
2054-09-23 02:00:00,0.0,11.04250626977813
2054-09-23 03:00:00,0.0,89.61418549704558
2054-09-23 04:00:00,0.0,174.5565414184158
2054-09-23 05:00:00,0.0,241.23629081669145
2054-09-23 06:00:00,0.0,284.98160411619716
2054-09-23 07:00:00,0.0,307.49132843536023
2054-09-23 08:00:00,0.0,308.3407519945739
2054-09-23 09:00:00,0.0,290.0781454714794
2054-09-23 10:00:00,0.0,250.5799499680422
2054-09-23 11:00:00,0.0,187.7226065862282
2054-09-23 12:00:00,0.0,104.05438600367853
2054-09-23 13:00:00,0.0,23.359147878376813
2054-09-23 14:00:00,0.0,0.0
2054-09-23 15:00:00,0.0,0.0
2054-09-23 16:00:00,0.0,0.0
2054-09-23 17:00:00,0.0,0.0
2054-09-23 18:00:00,0.0,0.0
2054-09-23 19:00:00,0.0,0.0
2054-09-23 20:00:00,0.0,0.0
2054-09-23 21:00:00,0.0,0.0
2054-09-23 22:00:00,0.0,0.0
2054-09-23 23:00:00,0.0,0.0
2054-09-24 00:00:00,0.0,0.0
2054-09-24 01:00:00,0.0,0.0
2054-09-24 02:00:00,0.0,8.069523812530171
2054-09-24 03:00:00,0.0,70.5021554147373
2054-09-24 04:00:00,0.0,140.57959904986774
2054-09-24 05:00:00,0.0,187.7226065862282
2054-09-24 06:00:00,0.0,216.6030075994941
2054-09-24 07:00:00,0.0,237.8385965798367
2054-09-24 08:00:00,0.0,245.05869683315314
2054-09-24 09:00:00,0.0,235.29032590219552
2054-09-24 10:00:00,0.0,213.20531336263932
2054-09-24 11:00:00,0.0,177.10481209605692
2054-09-24 12:00:00,0.0,106.60265668131966
2054-09-24 13:00:00,0.0,27.181553894838476
2054-09-24 14:00:00,0.0,0.0
2054-09-24 15:00:00,0.0,0.0
2054-09-24 16:00:00,0.0,0.0
2054-09-24 17:00:00,0.0,0.0
2054-09-24 18:00:00,0.0,0.0
2054-09-24 19:00:00,0.0,0.0
2054-09-24 20:00:00,0.0,0.0
2054-09-24 21:00:00,0.0,0.0
2054-09-24 22:00:00,0.0,0.0
2054-09-24 23:00:00,0.0,0.0
2054-09-25 00:00:00,0.0,0.0
2054-09-25 01:00:00,0.0,0.0
2054-09-25 02:00:00,0.0,6.795388473709619
2054-09-25 03:00:00,0.0,70.92686719434414
2054-09-25 04:00:00,0.0,156.71864667492807
2054-09-25 05:00:00,0.0,227.22080208966534
2054-09-25 06:00:00,0.0,282.0086216589492
2054-09-25 07:00:00,0.0,302.81949885968487
2054-09-25 08:00:00,0.0,304.5183459781123
2054-09-25 09:00:00,0.0,281.5839098793423
2054-09-25 10:00:00,0.0,242.51042615551202
2054-09-25 11:00:00,0.0,183.05077701055288
2054-09-25 12:00:00,0.0,103.20496244446483
2054-09-25 13:00:00,0.0,24.63328321719737
2054-09-25 14:00:00,0.0,0.0
2054-09-25 15:00:00,0.0,0.0
2054-09-25 16:00:00,0.0,0.0
2054-09-25 17:00:00,0.0,0.0
2054-09-25 18:00:00,0.0,0.0
2054-09-25 19:00:00,0.0,0.0
2054-09-25 20:00:00,0.0,0.0
2054-09-25 21:00:00,0.0,0.0
2054-09-25 22:00:00,0.0,0.0
2054-09-25 23:00:00,0.0,0.0
2054-09-26 00:00:00,0.0,0.0
2054-09-26 01:00:00,0.0,0.0
2054-09-26 02:00:00,0.0,6.370676694102768
2054-09-26 03:00:00,0.0,76.44812032923322
2054-09-26 04:00:00,0.0,167.33644116509936
2054-09-26 05:00:00,0.0,236.98917302062296
2054-09-26 06:00:00,0.0,283.70746877737656
2054-09-26 07:00:00,0.0,308.3407519945739
2054-09-26 08:00:00,0.0,314.7114286886767
2054-09-26 09:00:00,0.0,298.99709284322324
2054-09-26 10:00:00,0.0,262.89659157664084
2054-09-26 11:00:00,0.0,203.01223065207483
2054-09-26 12:00:00,0.0,121.89228074716628
2054-09-26 13:00:00,0.0,32.278095250120685
2054-09-26 14:00:00,0.0,0.0
2054-09-26 15:00:00,0.0,0.0
2054-09-26 16:00:00,0.0,0.0
2054-09-26 17:00:00,0.0,0.0
2054-09-26 18:00:00,0.0,0.0
2054-09-26 19:00:00,0.0,0.0
2054-09-26 20:00:00,0.0,0.0
2054-09-26 21:00:00,0.0,0.0
2054-09-26 22:00:00,0.0,0.0
2054-09-26 23:00:00,0.0,0.0
2054-09-27 00:00:00,0.0,0.0
2054-09-27 01:00:00,0.0,0.0
2054-09-27 02:00:00,0.0,10.193082710564427
2054-09-27 03:00:00,0.0,91.313032615473
2054-09-27 04:00:00,0.0,178.3789474348775
2054-09-27 05:00:00,0.0,248.45639107000795
2054-09-27 06:00:00,0.0,292.6264161491205
2054-09-27 07:00:00,0.0,314.28671690906987
2054-09-27 08:00:00,0.0,314.7114286886767
2054-09-27 09:00:00,0.0,293.0511279287273
2054-09-27 10:00:00,0.0,246.75754395158052
2054-09-27 11:00:00,0.0,174.131829638809
2054-09-27 12:00:00,0.0,92.1624561746867
2054-09-27 13:00:00,0.0,22.08501253955626
2054-09-27 14:00:00,0.0,0.0
2054-09-27 15:00:00,0.0,0.0
2054-09-27 16:00:00,0.0,0.0
2054-09-27 17:00:00,0.0,0.0
2054-09-27 18:00:00,0.0,0.0
2054-09-27 19:00:00,0.0,0.0
2054-09-27 20:00:00,0.0,0.0
2054-09-27 21:00:00,0.0,0.0
2054-09-27 22:00:00,0.0,0.0
2054-09-27 23:00:00,0.0,0.0
2054-09-28 00:00:00,0.0,0.0
2054-09-28 01:00:00,0.0,0.0
2054-09-28 02:00:00,0.0,5.945964914495917
2054-09-28 03:00:00,0.0,68.37859651670304
2054-09-28 04:00:00,0.0,166.06230582627882
2054-09-28 05:00:00,0.0,239.53744369826407
2054-09-28 06:00:00,0.0,285.8310276754109
2054-09-28 07:00:00,0.0,307.9160402149671
2054-09-28 08:00:00,0.0,310.0395991130014
2054-09-28 09:00:00,0.0,293.0511279287273
2054-09-28 10:00:00,0.0,257.8000502213587
2054-09-28 11:00:00,0.0,200.8886717540406
2054-09-28 12:00:00,0.0,121.46756896755944
2054-09-28 13:00:00,0.0,31.853383470513837
2054-09-28 14:00:00,0.0,0.0
2054-09-28 15:00:00,0.0,0.0
2054-09-28 16:00:00,0.0,0.0
2054-09-28 17:00:00,0.0,0.0
2054-09-28 18:00:00,0.0,0.0
2054-09-28 19:00:00,0.0,0.0
2054-09-28 20:00:00,0.0,0.0
2054-09-28 21:00:00,0.0,0.0
2054-09-28 22:00:00,0.0,0.0
2054-09-28 23:00:00,0.0,0.0
2054-09-29 00:00:00,0.0,0.0
2054-09-29 01:00:00,0.0,0.0
2054-09-29 02:00:00,0.0,10.193082710564427
2054-09-29 03:00:00,0.0,93.0118797339004
2054-09-29 04:00:00,0.0,180.07779455330487
2054-09-29 05:00:00,0.0,246.75754395158052
2054-09-29 06:00:00,0.0,290.0781454714794
2054-09-29 07:00:00,0.0,312.1631580110356
2054-09-29 08:00:00,0.0,314.28671690906987
2054-09-29 09:00:00,0.0,297.72295750440264
2054-09-29 10:00:00,0.0,259.0741855601792
2054-09-29 11:00:00,0.0,197.91568929679266
2054-09-29 12:00:00,0.0,116.79573939188407
2054-09-29 13:00:00,0.0,28.880401013265878
2054-09-29 14:00:00,0.0,0.0
2054-09-29 15:00:00,0.0,0.0
2054-09-29 16:00:00,0.0,0.0
2054-09-29 17:00:00,0.0,0.0
2054-09-29 18:00:00,0.0,0.0
2054-09-29 19:00:00,0.0,0.0
2054-09-29 20:00:00,0.0,0.0
2054-09-29 21:00:00,0.0,0.0
2054-09-29 22:00:00,0.0,0.0
2054-09-29 23:00:00,0.0,0.0
2054-09-30 00:00:00,0.0,0.0
2054-09-30 01:00:00,0.0,0.0
2054-09-30 02:00:00,0.0,8.069523812530171
2054-09-30 03:00:00,0.0,85.79177948058395
2054-09-30 04:00:00,0.0,175.4059649776295
2054-09-30 05:00:00,0.0,243.3598497147257
2054-09-30 06:00:00,0.0,287.10516301423144
2054-09-30 07:00:00,0.0,309.61488733339456
2054-09-30 08:00:00,0.0,311.7384462314288
2054-09-30 09:00:00,0.0,293.90055148794096
2054-09-30 10:00:00,0.0,255.6764913233244
2054-09-30 11:00:00,0.0,195.36741861915152
2054-09-30 12:00:00,0.0,114.24746871424297
2054-09-30 13:00:00,0.0,27.60626567444533
2054-09-30 14:00:00,0.0,0.0
2054-09-30 15:00:00,0.0,0.0
2054-09-30 16:00:00,0.0,0.0
2054-09-30 17:00:00,0.0,0.0
2054-09-30 18:00:00,0.0,0.0
2054-09-30 19:00:00,0.0,0.0
2054-09-30 20:00:00,0.0,0.0
2054-09-30 21:00:00,0.0,0.0
2054-09-30 22:00:00,0.0,0.0
2054-09-30 23:00:00,0.0,0.0
2054-10-01 00:00:00,0.0,0.0
2054-10-01 01:00:00,0.0,0.0
2054-10-01 02:00:00,0.0,8.494235592137024
2054-10-01 03:00:00,0.0,87.91533837861819
2054-10-01 04:00:00,0.0,175.83067675723638
2054-10-01 05:00:00,0.0,243.3598497147257
2054-10-01 06:00:00,0.0,287.10516301423144
2054-10-01 07:00:00,0.0,309.19017555378764
2054-10-01 08:00:00,0.0,311.31373445182186
2054-10-01 09:00:00,0.0,292.6264161491205
2054-10-01 10:00:00,0.0,253.1282206456833
2054-10-01 11:00:00,0.0,191.54501260268987
2054-10-01 12:00:00,0.0,109.57563913856761
2054-10-01 13:00:00,0.0,24.63328321719737
2054-10-01 14:00:00,0.0,0.0
2054-10-01 15:00:00,0.0,0.0
2054-10-01 16:00:00,0.0,0.0
2054-10-01 17:00:00,0.0,0.0
2054-10-01 18:00:00,0.0,0.0
2054-10-01 19:00:00,0.0,0.0
2054-10-01 20:00:00,0.0,0.0
2054-10-01 21:00:00,0.0,0.0
2054-10-01 22:00:00,0.0,0.0
2054-10-01 23:00:00,0.0,0.0
2054-10-02 00:00:00,0.0,0.0
2054-10-02 01:00:00,0.0,0.0
2054-10-02 02:00:00,0.0,6.795388473709619
2054-10-02 03:00:00,0.0,82.39408524372912
2054-10-02 04:00:00,0.0,170.73413540195418
2054-10-02 05:00:00,0.0,239.53744369826407
2054-10-02 06:00:00,0.0,285.8310276754109
2054-10-02 07:00:00,0.0,308.3407519945739
2054-10-02 08:00:00,0.0,310.4643108926082
2054-10-02 09:00:00,0.0,293.0511279287273
2054-10-02 10:00:00,0.0,253.97764420489696
2054-10-02 11:00:00,0.0,192.39443616190357
2054-10-02 12:00:00,0.0,110.42506269778131
2054-10-02 13:00:00,0.0,24.63328321719737
2054-10-02 14:00:00,0.0,0.0
2054-10-02 15:00:00,0.0,0.0
2054-10-02 16:00:00,0.0,0.0
2054-10-02 17:00:00,0.0,0.0
2054-10-02 18:00:00,0.0,0.0
2054-10-02 19:00:00,0.0,0.0
2054-10-02 20:00:00,0.0,0.0
2054-10-02 21:00:00,0.0,0.0
2054-10-02 22:00:00,0.0,0.0
2054-10-02 23:00:00,0.0,0.0
2054-10-03 00:00:00,0.0,0.0
2054-10-03 01:00:00,0.0,0.0
2054-10-03 02:00:00,0.0,7.644812032923321
2054-10-03 03:00:00,0.0,85.36706770097709
2054-10-03 04:00:00,0.0,173.28240607959526
2054-10-03 05:00:00,0.0,241.23629081669145
2054-10-03 06:00:00,0.0,286.68045123462457
2054-10-03 07:00:00,0.0,308.3407519945739
2054-10-03 08:00:00,0.0,310.0395991130014
2054-10-03 09:00:00,0.0,290.50285725108625
2054-10-03 10:00:00,0.0,250.15523818843533
2054-10-03 11:00:00,0.0,187.7226065862282
2054-10-03 12:00:00,0.0,105.75323312210594
2054-10-03 13:00:00,0.0,22.50972431916311
2054-10-03 14:00:00,0.0,0.0
2054-10-03 15:00:00,0.0,0.0
2054-10-03 16:00:00,0.0,0.0
2054-10-03 17:00:00,0.0,0.0
2054-10-03 18:00:00,0.0,0.0
2054-10-03 19:00:00,0.0,0.0
2054-10-03 20:00:00,0.0,0.0
2054-10-03 21:00:00,0.0,0.0
2054-10-03 22:00:00,0.0,0.0
2054-10-03 23:00:00,0.0,0.0
2054-10-04 00:00:00,0.0,0.0
2054-10-04 01:00:00,0.0,0.0
2054-10-04 02:00:00,0.0,6.795388473709619
2054-10-04 03:00:00,0.0,82.81879702333597
2054-10-04 04:00:00,0.0,170.30942362234734
2054-10-04 05:00:00,0.0,238.26330835944353
2054-10-04 06:00:00,0.0,283.70746877737656
2054-10-04 07:00:00,0.0,305.7924813169329
2054-10-04 08:00:00,0.0,307.49132843536023
2054-10-04 09:00:00,0.0,288.8040101326588
2054-10-04 10:00:00,0.0,248.45639107000795
2054-10-04 11:00:00,0.0,186.0237594678008
2054-10-04 12:00:00,0.0,103.62967422407168
2054-10-04 13:00:00,0.0,20.81087720073571
2054-10-04 14:00:00,0.0,0.0
2054-10-04 15:00:00,0.0,0.0
2054-10-04 16:00:00,0.0,0.0
2054-10-04 17:00:00,0.0,0.0
2054-10-04 18:00:00,0.0,0.0
2054-10-04 19:00:00,0.0,0.0
2054-10-04 20:00:00,0.0,0.0
2054-10-04 21:00:00,0.0,0.0
2054-10-04 22:00:00,0.0,0.0
2054-10-04 23:00:00,0.0,0.0
2054-10-05 00:00:00,0.0,0.0
2054-10-05 01:00:00,0.0,0.0
2054-10-05 02:00:00,0.0,5.521253134889065
2054-10-05 03:00:00,0.0,74.7492732108058
2054-10-05 04:00:00,0.0,166.48701760588568
2054-10-05 05:00:00,0.0,236.13974946140928
2054-10-05 06:00:00,0.0,286.2557394550177
2054-10-05 07:00:00,0.0,309.61488733339456
2054-10-05 08:00:00,0.0,311.31373445182186
2054-10-05 09:00:00,0.0,293.0511279287273
2054-10-05 10:00:00,0.0,252.27879708646958
2054-10-05 11:00:00,0.0,185.17433590858712
2054-10-05 12:00:00,0.0,100.23197998721687
2054-10-05 13:00:00,0.0,18.262606523094597
2054-10-05 14:00:00,0.0,0.0
2054-10-05 15:00:00,0.0,0.0
2054-10-05 16:00:00,0.0,0.0
2054-10-05 17:00:00,0.0,0.0
2054-10-05 18:00:00,0.0,0.0
2054-10-05 19:00:00,0.0,0.0
2054-10-05 20:00:00,0.0,0.0
2054-10-05 21:00:00,0.0,0.0
2054-10-05 22:00:00,0.0,0.0
2054-10-05 23:00:00,0.0,0.0
2054-10-06 00:00:00,0.0,0.0
2054-10-06 01:00:00,0.0,0.0
2054-10-06 02:00:00,0.0,4.247117796068512
2054-10-06 03:00:00,0.0,69.6527318555236
2054-10-06 04:00:00,0.0,160.9657644709966
2054-10-06 05:00:00,0.0,239.1127319186572
2054-10-06 06:00:00,0.0,285.40631589580397
2054-10-06 07:00:00,0.0,305.7924813169329
2054-10-06 08:00:00,0.0,306.64190487614655
2054-10-06 09:00:00,0.0,289.22872191226566
2054-10-06 10:00:00,0.0,249.30581462922166
2054-10-06 11:00:00,0.0,187.7226065862282
2054-10-06 12:00:00,0.0,103.62967422407168
2054-10-06 13:00:00,0.0,20.81087720073571
2054-10-06 14:00:00,0.0,0.0
2054-10-06 15:00:00,0.0,0.0
2054-10-06 16:00:00,0.0,0.0
2054-10-06 17:00:00,0.0,0.0
2054-10-06 18:00:00,0.0,0.0
2054-10-06 19:00:00,0.0,0.0
2054-10-06 20:00:00,0.0,0.0
2054-10-06 21:00:00,0.0,0.0
2054-10-06 22:00:00,0.0,0.0
2054-10-06 23:00:00,0.0,0.0
2054-10-07 00:00:00,0.0,0.0
2054-10-07 01:00:00,0.0,0.0
2054-10-07 02:00:00,0.0,4.671829575675363
2054-10-07 03:00:00,0.0,70.07744363513045
2054-10-07 04:00:00,0.0,167.76115294470623
2054-10-07 05:00:00,0.0,236.98917302062296
2054-10-07 06:00:00,0.0,284.55689233659024
2054-10-07 07:00:00,0.0,310.4643108926082
2054-10-07 08:00:00,0.0,314.28671690906987
2054-10-07 09:00:00,0.0,296.02411038597523
2054-10-07 10:00:00,0.0,257.8000502213587
2054-10-07 11:00:00,0.0,196.6415539579721
2054-10-07 12:00:00,0.0,112.54862159581556
2054-10-07 13:00:00,0.0,23.359147878376813
2054-10-07 14:00:00,0.0,0.0
2054-10-07 15:00:00,0.0,0.0
2054-10-07 16:00:00,0.0,0.0
2054-10-07 17:00:00,0.0,0.0
2054-10-07 18:00:00,0.0,0.0
2054-10-07 19:00:00,0.0,0.0
2054-10-07 20:00:00,0.0,0.0
2054-10-07 21:00:00,0.0,0.0
2054-10-07 22:00:00,0.0,0.0
2054-10-07 23:00:00,0.0,0.0
2054-10-08 00:00:00,0.0,0.0
2054-10-08 01:00:00,0.0,0.0
2054-10-08 02:00:00,0.0,5.521253134889065
2054-10-08 03:00:00,0.0,81.96937346412228
2054-10-08 04:00:00,0.0,167.76115294470623
2054-10-08 05:00:00,0.0,242.08571437590516
2054-10-08 06:00:00,0.0,289.6534336918725
2054-10-08 07:00:00,0.0,313.0125815702493
2054-10-08 08:00:00,0.0,315.5608522478904
2054-10-08 09:00:00,0.0,296.87353394518897
2054-10-08 10:00:00,0.0,257.8000502213587
2054-10-08 11:00:00,0.0,197.06626573757893
2054-10-08 12:00:00,0.0,115.09689227345669
2054-10-08 13:00:00,0.0,24.208571437590518
2054-10-08 14:00:00,0.0,0.0
2054-10-08 15:00:00,0.0,0.0
2054-10-08 16:00:00,0.0,0.0
2054-10-08 17:00:00,0.0,0.0
2054-10-08 18:00:00,0.0,0.0
2054-10-08 19:00:00,0.0,0.0
2054-10-08 20:00:00,0.0,0.0
2054-10-08 21:00:00,0.0,0.0
2054-10-08 22:00:00,0.0,0.0
2054-10-08 23:00:00,0.0,0.0
2054-10-09 00:00:00,0.0,0.0
2054-10-09 01:00:00,0.0,0.0
2054-10-09 02:00:00,0.0,7.2201002533164695
2054-10-09 03:00:00,0.0,90.03889727665243
2054-10-09 04:00:00,0.0,180.50250633291174
2054-10-09 05:00:00,0.0,248.45639107000795
2054-10-09 06:00:00,0.0,292.6264161491205
2054-10-09 07:00:00,0.0,314.7114286886767
2054-10-09 08:00:00,0.0,317.2596993663179
2054-10-09 09:00:00,0.0,299.84651640243686
2054-10-09 10:00:00,0.0,261.62245623782036
2054-10-09 11:00:00,0.0,201.73809531325432
2054-10-09 12:00:00,0.0,119.768721849132
2054-10-09 13:00:00,0.0,26.332130335624772
2054-10-09 14:00:00,0.0,0.0
2054-10-09 15:00:00,0.0,0.0
2054-10-09 16:00:00,0.0,0.0
2054-10-09 17:00:00,0.0,0.0
2054-10-09 18:00:00,0.0,0.0
2054-10-09 19:00:00,0.0,0.0
2054-10-09 20:00:00,0.0,0.0
2054-10-09 21:00:00,0.0,0.0
2054-10-09 22:00:00,0.0,0.0
2054-10-09 23:00:00,0.0,0.0
2054-10-10 00:00:00,0.0,0.0
2054-10-10 01:00:00,0.0,0.0
2054-10-10 02:00:00,0.0,7.2201002533164695
2054-10-10 03:00:00,0.0,91.73774439507986
2054-10-10 04:00:00,0.0,183.05077701055288
2054-10-10 05:00:00,0.0,251.00466174764907
2054-10-10 06:00:00,0.0,294.74997504715475
2054-10-10 07:00:00,0.0,316.83498758671095
2054-10-10 08:00:00,0.0,318.53383470513836
2054-10-10 09:00:00,0.0,301.1206517412575
2054-10-10 10:00:00,0.0,262.89659157664084
2054-10-10 11:00:00,0.0,202.587518872468
2054-10-10 12:00:00,0.0,120.19343362873889
2054-10-10 13:00:00,0.0,25.48270677641107
2054-10-10 14:00:00,0.0,0.0
2054-10-10 15:00:00,0.0,0.0
2054-10-10 16:00:00,0.0,0.0
2054-10-10 17:00:00,0.0,0.0
2054-10-10 18:00:00,0.0,0.0
2054-10-10 19:00:00,0.0,0.0
2054-10-10 20:00:00,0.0,0.0
2054-10-10 21:00:00,0.0,0.0
2054-10-10 22:00:00,0.0,0.0
2054-10-10 23:00:00,0.0,0.0
2054-10-11 00:00:00,0.0,0.0
2054-10-11 01:00:00,0.0,0.0
2054-10-11 02:00:00,0.0,4.671829575675363
2054-10-11 03:00:00,0.0,78.99639100687432
2054-10-11 04:00:00,0.0,172.00827074077472
2054-10-11 05:00:00,0.0,243.78456149433256
2054-10-11 06:00:00,0.0,289.6534336918725
2054-10-11 07:00:00,0.0,313.0125815702493
2054-10-11 08:00:00,0.0,315.9855640274973
2054-10-11 09:00:00,0.0,297.29824572479583
2054-10-11 10:00:00,0.0,256.95062666214494
2054-10-11 11:00:00,0.0,194.51799505993782
2054-10-11 12:00:00,0.0,111.69919803660186
2054-10-11 13:00:00,0.0,22.08501253955626
2054-10-11 14:00:00,0.0,0.0
2054-10-11 15:00:00,0.0,0.0
2054-10-11 16:00:00,0.0,0.0
2054-10-11 17:00:00,0.0,0.0
2054-10-11 18:00:00,0.0,0.0
2054-10-11 19:00:00,0.0,0.0
2054-10-11 20:00:00,0.0,0.0
2054-10-11 21:00:00,0.0,0.0
2054-10-11 22:00:00,0.0,0.0
2054-10-11 23:00:00,0.0,0.0
2054-10-12 00:00:00,0.0,0.0
2054-10-12 01:00:00,0.0,0.0
2054-10-12 02:00:00,0.0,4.671829575675363
2054-10-12 03:00:00,0.0,81.11994990490858
2054-10-12 04:00:00,0.0,172.00827074077472
2054-10-12 05:00:00,0.0,242.08571437590516
2054-10-12 06:00:00,0.0,287.52987479383825
2054-10-12 07:00:00,0.0,310.0395991130014
2054-10-12 08:00:00,0.0,311.7384462314288
2054-10-12 09:00:00,0.0,293.90055148794096
2054-10-12 10:00:00,0.0,254.40235598450383
2054-10-12 11:00:00,0.0,193.24385972111727
2054-10-12 12:00:00,0.0,110.42506269778131
2054-10-12 13:00:00,0.0,20.386165421128855
2054-10-12 14:00:00,0.0,0.0
2054-10-12 15:00:00,0.0,0.0
2054-10-12 16:00:00,0.0,0.0
2054-10-12 17:00:00,0.0,0.0
2054-10-12 18:00:00,0.0,0.0
2054-10-12 19:00:00,0.0,0.0
2054-10-12 20:00:00,0.0,0.0
2054-10-12 21:00:00,0.0,0.0
2054-10-12 22:00:00,0.0,0.0
2054-10-12 23:00:00,0.0,0.0
2054-10-13 00:00:00,0.0,0.0
2054-10-13 01:00:00,0.0,0.0
2054-10-13 02:00:00,0.0,5.096541355282214
2054-10-13 03:00:00,0.0,84.51764414176338
2054-10-13 04:00:00,0.0,176.68010031645008
2054-10-13 05:00:00,0.0,246.75754395158052
2054-10-13 06:00:00,0.0,289.6534336918725
2054-10-13 07:00:00,0.0,314.28671690906987
2054-10-13 08:00:00,0.0,316.83498758671095
2054-10-13 09:00:00,0.0,298.14766928400945
2054-10-13 10:00:00,0.0,258.64947378057235
2054-10-13 11:00:00,0.0,196.21684217836525
2054-10-13 12:00:00,0.0,112.1239098162087
2054-10-13 13:00:00,0.0,20.386165421128855
2054-10-13 14:00:00,0.0,0.0
2054-10-13 15:00:00,0.0,0.0
2054-10-13 16:00:00,0.0,0.0
2054-10-13 17:00:00,0.0,0.0
2054-10-13 18:00:00,0.0,0.0
2054-10-13 19:00:00,0.0,0.0
2054-10-13 20:00:00,0.0,0.0
2054-10-13 21:00:00,0.0,0.0
2054-10-13 22:00:00,0.0,0.0
2054-10-13 23:00:00,0.0,0.0
2054-10-14 00:00:00,0.0,0.0
2054-10-14 01:00:00,0.0,0.0
2054-10-14 02:00:00,0.0,1.2741353388205534
2054-10-14 03:00:00,0.0,52.2395488916427
2054-10-14 04:00:00,0.0,127.8382456616622
2054-10-14 05:00:00,0.0,199.18982463561318
2054-10-14 06:00:00,0.0,244.2092732739394
2054-10-14 07:00:00,0.0,269.6919800503505
2054-10-14 08:00:00,0.0,284.1321805569834
2054-10-14 09:00:00,0.0,273.939097846419
2054-10-14 10:00:00,0.0,240.38686725747777
2054-10-14 11:00:00,0.0,185.17433590858712
2054-10-14 12:00:00,0.0,108.30150379974705
2054-10-14 13:00:00,0.0,18.262606523094597
2054-10-14 14:00:00,0.0,0.0
2054-10-14 15:00:00,0.0,0.0
2054-10-14 16:00:00,0.0,0.0
2054-10-14 17:00:00,0.0,0.0
2054-10-14 18:00:00,0.0,0.0
2054-10-14 19:00:00,0.0,0.0
2054-10-14 20:00:00,0.0,0.0
2054-10-14 21:00:00,0.0,0.0
2054-10-14 22:00:00,0.0,0.0
2054-10-14 23:00:00,0.0,0.0
2054-10-15 00:00:00,0.0,0.0
2054-10-15 01:00:00,0.0,0.0
2054-10-15 02:00:00,0.0,4.671829575675363
2054-10-15 03:00:00,0.0,81.54466168451542
2054-10-15 04:00:00,0.0,169.88471184274047
2054-10-15 05:00:00,0.0,245.05869683315314
2054-10-15 06:00:00,0.0,290.0781454714794
2054-10-15 07:00:00,0.0,313.43729334985613
2054-10-15 08:00:00,0.0,313.86200512946306
2054-10-15 09:00:00,0.0,296.4488221655821
2054-10-15 10:00:00,0.0,257.8000502213587
2054-10-15 11:00:00,0.0,197.91568929679266
2054-10-15 12:00:00,0.0,115.52160405306351
2054-10-15 13:00:00,0.0,21.23558898034256
2054-10-15 14:00:00,0.0,0.0
2054-10-15 15:00:00,0.0,0.0
2054-10-15 16:00:00,0.0,0.0
2054-10-15 17:00:00,0.0,0.0
2054-10-15 18:00:00,0.0,0.0
2054-10-15 19:00:00,0.0,0.0
2054-10-15 20:00:00,0.0,0.0
2054-10-15 21:00:00,0.0,0.0
2054-10-15 22:00:00,0.0,0.0
2054-10-15 23:00:00,0.0,0.0
2054-10-16 00:00:00,0.0,0.0
2054-10-16 01:00:00,0.0,0.0
2054-10-16 02:00:00,0.0,4.247117796068512
2054-10-16 03:00:00,0.0,82.39408524372912
2054-10-16 04:00:00,0.0,172.8576942999884
2054-10-16 05:00:00,0.0,241.23629081669145
2054-10-16 06:00:00,0.0,284.1321805569834
2054-10-16 07:00:00,0.0,307.9160402149671
2054-10-16 08:00:00,0.0,311.31373445182186
2054-10-16 09:00:00,0.0,293.90055148794096
2054-10-16 10:00:00,0.0,255.25177954371753
2054-10-16 11:00:00,0.0,194.51799505993782
2054-10-16 12:00:00,0.0,112.1239098162087
2054-10-16 13:00:00,0.0,19.536741861915154
2054-10-16 14:00:00,0.0,0.0
2054-10-16 15:00:00,0.0,0.0
2054-10-16 16:00:00,0.0,0.0
2054-10-16 17:00:00,0.0,0.0
2054-10-16 18:00:00,0.0,0.0
2054-10-16 19:00:00,0.0,0.0
2054-10-16 20:00:00,0.0,0.0
2054-10-16 21:00:00,0.0,0.0
2054-10-16 22:00:00,0.0,0.0
2054-10-16 23:00:00,0.0,0.0
2054-10-17 00:00:00,0.0,0.0
2054-10-17 01:00:00,0.0,0.0
2054-10-17 02:00:00,0.0,4.247117796068512
2054-10-17 03:00:00,0.0,84.94235592137024
2054-10-17 04:00:00,0.0,177.95423565527065
2054-10-17 05:00:00,0.0,247.18225573118738
2054-10-17 06:00:00,0.0,293.90055148794096
2054-10-17 07:00:00,0.0,316.83498758671095
2054-10-17 08:00:00,0.0,319.3832582643521
2054-10-17 09:00:00,0.0,299.84651640243686
2054-10-17 10:00:00,0.0,260.34832089899976
2054-10-17 11:00:00,0.0,197.91568929679266
2054-10-17 12:00:00,0.0,113.39804515502925
2054-10-17 13:00:00,0.0,19.536741861915154
2054-10-17 14:00:00,0.0,0.0
2054-10-17 15:00:00,0.0,0.0
2054-10-17 16:00:00,0.0,0.0
2054-10-17 17:00:00,0.0,0.0
2054-10-17 18:00:00,0.0,0.0
2054-10-17 19:00:00,0.0,0.0
2054-10-17 20:00:00,0.0,0.0
2054-10-17 21:00:00,0.0,0.0
2054-10-17 22:00:00,0.0,0.0
2054-10-17 23:00:00,0.0,0.0
2054-10-18 00:00:00,0.0,0.0
2054-10-18 01:00:00,0.0,0.0
2054-10-18 02:00:00,0.0,4.671829575675363
2054-10-18 03:00:00,0.0,87.0659148194045
2054-10-18 04:00:00,0.0,179.22837099409116
2054-10-18 05:00:00,0.0,248.88110284961482
2054-10-18 06:00:00,0.0,293.47583970833415
2054-10-18 07:00:00,0.0,316.41027580710414
2054-10-18 08:00:00,0.0,318.95854648474517
2054-10-18 09:00:00,0.0,301.1206517412575
2054-10-18 10:00:00,0.0,262.89659157664084
2054-10-18 11:00:00,0.0,201.73809531325432
2054-10-18 12:00:00,0.0,118.49458651031148
2054-10-18 13:00:00,0.0,21.23558898034256
2054-10-18 14:00:00,0.0,0.0
2054-10-18 15:00:00,0.0,0.0
2054-10-18 16:00:00,0.0,0.0
2054-10-18 17:00:00,0.0,0.0
2054-10-18 18:00:00,0.0,0.0
2054-10-18 19:00:00,0.0,0.0
2054-10-18 20:00:00,0.0,0.0
2054-10-18 21:00:00,0.0,0.0
2054-10-18 22:00:00,0.0,0.0
2054-10-18 23:00:00,0.0,0.0
2054-10-19 00:00:00,0.0,0.0
2054-10-19 01:00:00,0.0,0.0
2054-10-19 02:00:00,0.0,4.247117796068512
2054-10-19 03:00:00,0.0,86.64120303979763
2054-10-19 04:00:00,0.0,178.80365921448436
2054-10-19 05:00:00,0.0,247.60696751079425
2054-10-19 06:00:00,0.0,289.22872191226566
2054-10-19 07:00:00,0.0,313.0125815702493
2054-10-19 08:00:00,0.0,316.41027580710414
2054-10-19 09:00:00,0.0,297.72295750440264
2054-10-19 10:00:00,0.0,259.4988973397861
2054-10-19 11:00:00,0.0,198.34040107639953
2054-10-19 12:00:00,0.0,115.52160405306351
2054-10-19 13:00:00,0.0,19.961453641522006
2054-10-19 14:00:00,0.0,0.0
2054-10-19 15:00:00,0.0,0.0
2054-10-19 16:00:00,0.0,0.0
2054-10-19 17:00:00,0.0,0.0
2054-10-19 18:00:00,0.0,0.0
2054-10-19 19:00:00,0.0,0.0
2054-10-19 20:00:00,0.0,0.0
2054-10-19 21:00:00,0.0,0.0
2054-10-19 22:00:00,0.0,0.0
2054-10-19 23:00:00,0.0,0.0
2054-10-20 00:00:00,0.0,0.0
2054-10-20 01:00:00,0.0,0.0
2054-10-20 02:00:00,0.0,4.247117796068512
2054-10-20 03:00:00,0.0,86.21649126019078
2054-10-20 04:00:00,0.0,178.80365921448436
2054-10-20 05:00:00,0.0,248.0316792904011
2054-10-20 06:00:00,0.0,290.92756903069306
2054-10-20 07:00:00,0.0,313.86200512946306
2054-10-20 08:00:00,0.0,316.41027580710414
2054-10-20 09:00:00,0.0,298.5723810636164
2054-10-20 10:00:00,0.0,259.4988973397861
2054-10-20 11:00:00,0.0,198.34040107639953
2054-10-20 12:00:00,0.0,114.67218049384982
2054-10-20 13:00:00,0.0,18.68731830270145
2054-10-20 14:00:00,0.0,0.0
2054-10-20 15:00:00,0.0,0.0
2054-10-20 16:00:00,0.0,0.0
2054-10-20 17:00:00,0.0,0.0
2054-10-20 18:00:00,0.0,0.0
2054-10-20 19:00:00,0.0,0.0
2054-10-20 20:00:00,0.0,0.0
2054-10-20 21:00:00,0.0,0.0
2054-10-20 22:00:00,0.0,0.0
2054-10-20 23:00:00,0.0,0.0
2054-10-21 00:00:00,0.0,0.0
2054-10-21 01:00:00,0.0,0.0
2054-10-21 02:00:00,0.0,2.548270677641107
2054-10-21 03:00:00,0.0,76.02340854962635
2054-10-21 04:00:00,0.0,168.18586472431306
2054-10-21 05:00:00,0.0,239.53744369826407
2054-10-21 06:00:00,0.0,287.10516301423144
2054-10-21 07:00:00,0.0,310.4643108926082
2054-10-21 08:00:00,0.0,313.43729334985613
2054-10-21 09:00:00,0.0,296.4488221655821
2054-10-21 10:00:00,0.0,258.2247620009655
2054-10-21 11:00:00,0.0,196.6415539579721
2054-10-21 12:00:00,0.0,112.97333337542241
2054-10-21 13:00:00,0.0,17.837894743487748
2054-10-21 14:00:00,0.0,0.0
2054-10-21 15:00:00,0.0,0.0
2054-10-21 16:00:00,0.0,0.0
2054-10-21 17:00:00,0.0,0.0
2054-10-21 18:00:00,0.0,0.0
2054-10-21 19:00:00,0.0,0.0
2054-10-21 20:00:00,0.0,0.0
2054-10-21 21:00:00,0.0,0.0
2054-10-21 22:00:00,0.0,0.0
2054-10-21 23:00:00,0.0,0.0
2054-10-22 00:00:00,0.0,0.0
2054-10-22 01:00:00,0.0,0.0
2054-10-22 02:00:00,0.0,2.548270677641107
2054-10-22 03:00:00,0.0,75.59869677001952
2054-10-22 04:00:00,0.0,169.46000006313363
2054-10-22 05:00:00,0.0,241.66100259629832
2054-10-22 06:00:00,0.0,285.8310276754109
2054-10-22 07:00:00,0.0,310.4643108926082
2054-10-22 08:00:00,0.0,313.86200512946306
2054-10-22 09:00:00,0.0,296.02411038597523
2054-10-22 10:00:00,0.0,257.8000502213587
2054-10-22 11:00:00,0.0,196.21684217836525
2054-10-22 12:00:00,0.0,112.1239098162087
2054-10-22 13:00:00,0.0,16.988471184274047
2054-10-22 14:00:00,0.0,0.0
2054-10-22 15:00:00,0.0,0.0
2054-10-22 16:00:00,0.0,0.0
2054-10-22 17:00:00,0.0,0.0
2054-10-22 18:00:00,0.0,0.0
2054-10-22 19:00:00,0.0,0.0
2054-10-22 20:00:00,0.0,0.0
2054-10-22 21:00:00,0.0,0.0
2054-10-22 22:00:00,0.0,0.0
2054-10-22 23:00:00,0.0,0.0
2054-10-23 00:00:00,0.0,0.0
2054-10-23 01:00:00,0.0,0.0
2054-10-23 02:00:00,0.0,1.6988471184274048
2054-10-23 03:00:00,0.0,70.5021554147373
2054-10-23 04:00:00,0.0,161.8151880302103
2054-10-23 05:00:00,0.0,233.5914787837682
2054-10-23 06:00:00,0.0,279.46035098130807
2054-10-23 07:00:00,0.0,303.66892241889855
2054-10-23 08:00:00,0.0,306.64190487614655
2054-10-23 09:00:00,0.0,288.8040101326588
2054-10-23 10:00:00,0.0,249.73052640882847
2054-10-23 11:00:00,0.0,188.14731836583505
2054-10-23 12:00:00,0.0,105.75323312210594
2054-10-23 13:00:00,0.0,15.289624065846642
2054-10-23 14:00:00,0.0,0.0
2054-10-23 15:00:00,0.0,0.0
2054-10-23 16:00:00,0.0,0.0
2054-10-23 17:00:00,0.0,0.0
2054-10-23 18:00:00,0.0,0.0
2054-10-23 19:00:00,0.0,0.0
2054-10-23 20:00:00,0.0,0.0
2054-10-23 21:00:00,0.0,0.0
2054-10-23 22:00:00,0.0,0.0
2054-10-23 23:00:00,0.0,0.0
2054-10-24 00:00:00,0.0,0.0
2054-10-24 01:00:00,0.0,0.0
2054-10-24 02:00:00,0.0,2.123558898034256
2054-10-24 03:00:00,0.0,76.44812032923322
2054-10-24 04:00:00,0.0,170.30942362234734
2054-10-24 05:00:00,0.0,240.81157903708464
2054-10-24 06:00:00,0.0,285.40631589580397
2054-10-24 07:00:00,0.0,309.19017555378764
2054-10-24 08:00:00,0.0,312.1631580110356
2054-10-24 09:00:00,0.0,294.3252632675478
2054-10-24 10:00:00,0.0,255.6764913233244
2054-10-24 11:00:00,0.0,194.51799505993782
2054-10-24 12:00:00,0.0,111.274486256995
2054-10-24 13:00:00,0.0,16.139047625060343
2054-10-24 14:00:00,0.0,0.0
2054-10-24 15:00:00,0.0,0.0
2054-10-24 16:00:00,0.0,0.0
2054-10-24 17:00:00,0.0,0.0
2054-10-24 18:00:00,0.0,0.0
2054-10-24 19:00:00,0.0,0.0
2054-10-24 20:00:00,0.0,0.0
2054-10-24 21:00:00,0.0,0.0
2054-10-24 22:00:00,0.0,0.0
2054-10-24 23:00:00,0.0,0.0
2054-10-25 00:00:00,0.0,0.0
2054-10-25 01:00:00,0.0,0.0
2054-10-25 02:00:00,0.0,2.548270677641107
2054-10-25 03:00:00,0.0,83.66822058254968
2054-10-25 04:00:00,0.0,178.3789474348775
2054-10-25 05:00:00,0.0,248.45639107000795
2054-10-25 06:00:00,0.0,292.6264161491205
2054-10-25 07:00:00,0.0,315.5608522478904
2054-10-25 08:00:00,0.0,317.6844111459247
2054-10-25 09:00:00,0.0,299.84651640243686
2054-10-25 10:00:00,0.0,260.34832089899976
2054-10-25 11:00:00,0.0,197.91568929679266
2054-10-25 12:00:00,0.0,113.39804515502925
2054-10-25 13:00:00,0.0,16.139047625060343
2054-10-25 14:00:00,0.0,0.0
2054-10-25 15:00:00,0.0,0.0
2054-10-25 16:00:00,0.0,0.0
2054-10-25 17:00:00,0.0,0.0
2054-10-25 18:00:00,0.0,0.0
2054-10-25 19:00:00,0.0,0.0
2054-10-25 20:00:00,0.0,0.0
2054-10-25 21:00:00,0.0,0.0
2054-10-25 22:00:00,0.0,0.0
2054-10-25 23:00:00,0.0,0.0
2054-10-26 00:00:00,0.0,0.0
2054-10-26 01:00:00,0.0,0.0
2054-10-26 02:00:00,0.0,2.123558898034256
2054-10-26 03:00:00,0.0,83.24350880294284
2054-10-26 04:00:00,0.0,178.80365921448436
2054-10-26 05:00:00,0.0,248.88110284961482
2054-10-26 06:00:00,0.0,292.20170436951355
2054-10-26 07:00:00,0.0,314.28671690906987
2054-10-26 08:00:00,0.0,316.83498758671095
2054-10-26 09:00:00,0.0,298.5723810636164
2054-10-26 10:00:00,0.0,259.4988973397861
2054-10-26 11:00:00,0.0,197.4909775171858
2054-10-26 12:00:00,0.0,113.8227569346361
2054-10-26 13:00:00,0.0,15.714335845453494
2054-10-26 14:00:00,0.0,0.0
2054-10-26 15:00:00,0.0,0.0
2054-10-26 16:00:00,0.0,0.0
2054-10-26 17:00:00,0.0,0.0
2054-10-26 18:00:00,0.0,0.0
2054-10-26 19:00:00,0.0,0.0
2054-10-26 20:00:00,0.0,0.0
2054-10-26 21:00:00,0.0,0.0
2054-10-26 22:00:00,0.0,0.0
2054-10-26 23:00:00,0.0,0.0
2054-10-27 00:00:00,0.0,0.0
2054-10-27 01:00:00,0.0,0.0
2054-10-27 02:00:00,0.0,1.6988471184274048
2054-10-27 03:00:00,0.0,80.27052634569486
2054-10-27 04:00:00,0.0,174.5565414184158
2054-10-27 05:00:00,0.0,245.05869683315314
2054-10-27 06:00:00,0.0,289.6534336918725
2054-10-27 07:00:00,0.0,313.43729334985613
2054-10-27 08:00:00,0.0,315.9855640274973
2054-10-27 09:00:00,0.0,298.14766928400945
2054-10-27 10:00:00,0.0,259.4988973397861
2054-10-27 11:00:00,0.0,197.4909775171858
2054-10-27 12:00:00,0.0,112.97333337542241
2054-10-27 13:00:00,0.0,15.289624065846642
2054-10-27 14:00:00,0.0,0.0
2054-10-27 15:00:00,0.0,0.0
2054-10-27 16:00:00,0.0,0.0
2054-10-27 17:00:00,0.0,0.0
2054-10-27 18:00:00,0.0,0.0
2054-10-27 19:00:00,0.0,0.0
2054-10-27 20:00:00,0.0,0.0
2054-10-27 21:00:00,0.0,0.0
2054-10-27 22:00:00,0.0,0.0
2054-10-27 23:00:00,0.0,0.0
2054-10-28 00:00:00,0.0,0.0
2054-10-28 01:00:00,0.0,0.0
2054-10-28 02:00:00,0.0,1.2741353388205534
2054-10-28 03:00:00,0.0,74.32456143119896
2054-10-28 04:00:00,0.0,167.76115294470623
2054-10-28 05:00:00,0.0,238.68802013905034
2054-10-28 06:00:00,0.0,284.55689233659024
2054-10-28 07:00:00,0.0,307.9160402149671
2054-10-28 08:00:00,0.0,310.0395991130014
2054-10-28 09:00:00,0.0,291.77699258990674
2054-10-28 10:00:00,0.0,251.4293735272559
2054-10-28 11:00:00,0.0,187.7226065862282
2054-10-28 12:00:00,0.0,101.50611532603742
2054-10-28 13:00:00,0.0,11.891929828991833
2054-10-28 14:00:00,0.0,0.0
2054-10-28 15:00:00,0.0,0.0
2054-10-28 16:00:00,0.0,0.0
2054-10-28 17:00:00,0.0,0.0
2054-10-28 18:00:00,0.0,0.0
2054-10-28 19:00:00,0.0,0.0
2054-10-28 20:00:00,0.0,0.0
2054-10-28 21:00:00,0.0,0.0
2054-10-28 22:00:00,0.0,0.0
2054-10-28 23:00:00,0.0,0.0
2054-10-29 00:00:00,0.0,0.0
2054-10-29 01:00:00,0.0,0.0
2054-10-29 02:00:00,0.0,0.8494235592137024
2054-10-29 03:00:00,0.0,68.37859651670304
2054-10-29 04:00:00,0.0,165.21288226706508
2054-10-29 05:00:00,0.0,236.5644612410161
2054-10-29 06:00:00,0.0,279.46035098130807
2054-10-29 07:00:00,0.0,302.39478708007806
2054-10-29 08:00:00,0.0,303.66892241889855
2054-10-29 09:00:00,0.0,284.55689233659024
2054-10-29 10:00:00,0.0,243.3598497147257
2054-10-29 11:00:00,0.0,178.3789474348775
2054-10-29 12:00:00,0.0,90.88832083586615
2054-10-29 13:00:00,0.0,8.494235592137024
2054-10-29 14:00:00,0.0,0.0
2054-10-29 15:00:00,0.0,0.0
2054-10-29 16:00:00,0.0,0.0
2054-10-29 17:00:00,0.0,0.0
2054-10-29 18:00:00,0.0,0.0
2054-10-29 19:00:00,0.0,0.0
2054-10-29 20:00:00,0.0,0.0
2054-10-29 21:00:00,0.0,0.0
2054-10-29 22:00:00,0.0,0.0
2054-10-29 23:00:00,0.0,0.0
2054-10-30 00:00:00,0.0,0.0
2054-10-30 01:00:00,0.0,0.0
2054-10-30 02:00:00,0.0,0.4247117796068512
2054-10-30 03:00:00,0.0,71.77629075355786
2054-10-30 04:00:00,0.0,165.63759404667195
2054-10-30 05:00:00,0.0,236.13974946140928
2054-10-30 06:00:00,0.0,279.885062760915
2054-10-30 07:00:00,0.0,301.5453635208643
2054-10-30 08:00:00,0.0,300.6959399616506
2054-10-30 09:00:00,0.0,267.1437093727094
2054-10-30 10:00:00,0.0,204.2863659908954
2054-10-30 11:00:00,0.0,126.98882210244848
2054-10-30 12:00:00,0.0,56.06195490810435
2054-10-30 13:00:00,0.0,4.247117796068512
2054-10-30 14:00:00,0.0,0.0
2054-10-30 15:00:00,0.0,0.0
2054-10-30 16:00:00,0.0,0.0
2054-10-30 17:00:00,0.0,0.0
2054-10-30 18:00:00,0.0,0.0
2054-10-30 19:00:00,0.0,0.0
2054-10-30 20:00:00,0.0,0.0
2054-10-30 21:00:00,0.0,0.0
2054-10-30 22:00:00,0.0,0.0
2054-10-30 23:00:00,0.0,0.0
2054-10-31 00:00:00,0.0,0.0
2054-10-31 01:00:00,0.0,0.0
2054-10-31 02:00:00,0.0,0.0
2054-10-31 03:00:00,0.0,50.54070177321529
2054-10-31 04:00:00,0.0,122.31699252677313
2054-10-31 05:00:00,0.0,194.94270683954468
2054-10-31 06:00:00,0.0,251.00466174764907
2054-10-31 07:00:00,0.0,273.939097846419
2054-10-31 08:00:00,0.0,274.7885214056327
2054-10-31 09:00:00,0.0,258.64947378057235
2054-10-31 10:00:00,0.0,213.63002514224613
2054-10-31 11:00:00,0.0,147.7996993031842
2054-10-31 12:00:00,0.0,78.14696744766061
2054-10-31 13:00:00,0.0,5.945964914495917
2054-10-31 14:00:00,0.0,0.0
2054-10-31 15:00:00,0.0,0.0
2054-10-31 16:00:00,0.0,0.0
2054-10-31 17:00:00,0.0,0.0
2054-10-31 18:00:00,0.0,0.0
2054-10-31 19:00:00,0.0,0.0
2054-10-31 20:00:00,0.0,0.0
2054-10-31 21:00:00,0.0,0.0
2054-10-31 22:00:00,0.0,0.0
2054-10-31 23:00:00,0.0,0.0
2054-11-01 00:00:00,0.0,0.0
2054-11-01 01:00:00,0.0,0.0
2054-11-01 02:00:00,0.0,0.0
2054-11-01 03:00:00,0.0,58.18551380613861
2054-11-01 04:00:00,0.0,159.69162913217605
2054-11-01 05:00:00,0.0,225.94666675084483
2054-11-01 06:00:00,0.0,275.2132331852396
2054-11-01 07:00:00,0.0,309.19017555378764
2054-11-01 08:00:00,0.0,314.7114286886767
2054-11-01 09:00:00,0.0,297.72295750440264
2054-11-01 10:00:00,0.0,259.4988973397861
2054-11-01 11:00:00,0.0,198.76511285600634
2054-11-01 12:00:00,0.0,115.52160405306351
2054-11-01 13:00:00,0.0,14.440200506632939
2054-11-01 14:00:00,0.0,0.0
2054-11-01 15:00:00,0.0,0.0
2054-11-01 16:00:00,0.0,0.0
2054-11-01 17:00:00,0.0,0.0
2054-11-01 18:00:00,0.0,0.0
2054-11-01 19:00:00,0.0,0.0
2054-11-01 20:00:00,0.0,0.0
2054-11-01 21:00:00,0.0,0.0
2054-11-01 22:00:00,0.0,0.0
2054-11-01 23:00:00,0.0,0.0
2054-11-02 00:00:00,0.0,0.0
2054-11-02 01:00:00,0.0,0.0
2054-11-02 02:00:00,0.0,0.4247117796068512
2054-11-02 03:00:00,0.0,72.2010025331647
2054-11-02 04:00:00,0.0,164.78817048745825
2054-11-02 05:00:00,0.0,235.29032590219552
2054-11-02 06:00:00,0.0,282.0086216589492
2054-11-02 07:00:00,0.0,305.367769537326
2054-11-02 08:00:00,0.0,308.3407519945739
2054-11-02 09:00:00,0.0,290.92756903069306
2054-11-02 10:00:00,0.0,251.85408530686271
2054-11-02 11:00:00,0.0,190.27087726386935
2054-11-02 12:00:00,0.0,107.02736846092648
2054-11-02 13:00:00,0.0,11.891929828991833
2054-11-02 14:00:00,0.0,0.0
2054-11-02 15:00:00,0.0,0.0
2054-11-02 16:00:00,0.0,0.0
2054-11-02 17:00:00,0.0,0.0
2054-11-02 18:00:00,0.0,0.0
2054-11-02 19:00:00,0.0,0.0
2054-11-02 20:00:00,0.0,0.0
2054-11-02 21:00:00,0.0,0.0
2054-11-02 22:00:00,0.0,0.0
2054-11-02 23:00:00,0.0,0.0
2054-11-03 00:00:00,0.0,0.0
2054-11-03 01:00:00,0.0,0.0
2054-11-03 02:00:00,0.0,0.0
2054-11-03 03:00:00,0.0,67.52917295748934
2054-11-03 04:00:00,0.0,160.9657644709966
2054-11-03 05:00:00,0.0,232.31734344494762
2054-11-03 06:00:00,0.0,280.3097745405218
2054-11-03 07:00:00,0.0,304.5183459781123
2054-11-03 08:00:00,0.0,307.49132843536023
2054-11-03 09:00:00,0.0,290.0781454714794
2054-11-03 10:00:00,0.0,251.85408530686271
2054-11-03 11:00:00,0.0,190.27087726386935
2054-11-03 12:00:00,0.0,106.60265668131966
2054-11-03 13:00:00,0.0,11.467218049384982
2054-11-03 14:00:00,0.0,0.0
2054-11-03 15:00:00,0.0,0.0
2054-11-03 16:00:00,0.0,0.0
2054-11-03 17:00:00,0.0,0.0
2054-11-03 18:00:00,0.0,0.0
2054-11-03 19:00:00,0.0,0.0
2054-11-03 20:00:00,0.0,0.0
2054-11-03 21:00:00,0.0,0.0
2054-11-03 22:00:00,0.0,0.0
2054-11-03 23:00:00,0.0,0.0
2054-11-04 00:00:00,0.0,0.0
2054-11-04 01:00:00,0.0,0.0
2054-11-04 02:00:00,0.0,0.0
2054-11-04 03:00:00,0.0,66.25503761866878
2054-11-04 04:00:00,0.0,160.1163409117829
2054-11-04 05:00:00,0.0,232.31734344494762
2054-11-04 06:00:00,0.0,276.912080303667
2054-11-04 07:00:00,0.0,301.5453635208643
2054-11-04 08:00:00,0.0,304.94305775771915
2054-11-04 09:00:00,0.0,288.8040101326588
2054-11-04 10:00:00,0.0,249.30581462922166
2054-11-04 11:00:00,0.0,186.0237594678008
2054-11-04 12:00:00,0.0,100.23197998721687
2054-11-04 13:00:00,0.0,9.768370930957577
2054-11-04 14:00:00,0.0,0.0
2054-11-04 15:00:00,0.0,0.0
2054-11-04 16:00:00,0.0,0.0
2054-11-04 17:00:00,0.0,0.0
2054-11-04 18:00:00,0.0,0.0
2054-11-04 19:00:00,0.0,0.0
2054-11-04 20:00:00,0.0,0.0
2054-11-04 21:00:00,0.0,0.0
2054-11-04 22:00:00,0.0,0.0
2054-11-04 23:00:00,0.0,0.0
2054-11-05 00:00:00,0.0,0.0
2054-11-05 01:00:00,0.0,0.0
2054-11-05 02:00:00,0.0,0.0
2054-11-05 03:00:00,0.0,59.884360924566
2054-11-05 04:00:00,0.0,157.56807023414177
2054-11-05 05:00:00,0.0,234.016190563375
2054-11-05 06:00:00,0.0,280.3097745405218
2054-11-05 07:00:00,0.0,304.5183459781123
2054-11-05 08:00:00,0.0,306.64190487614655
2054-11-05 09:00:00,0.0,288.3792983530519
2054-11-05 10:00:00,0.0,248.0316792904011
2054-11-05 11:00:00,0.0,184.3249123493734
2054-11-05 12:00:00,0.0,98.10842108918263
2054-11-05 13:00:00,0.0,8.494235592137024
2054-11-05 14:00:00,0.0,0.0
2054-11-05 15:00:00,0.0,0.0
2054-11-05 16:00:00,0.0,0.0
2054-11-05 17:00:00,0.0,0.0
2054-11-05 18:00:00,0.0,0.0
2054-11-05 19:00:00,0.0,0.0
2054-11-05 20:00:00,0.0,0.0
2054-11-05 21:00:00,0.0,0.0
2054-11-05 22:00:00,0.0,0.0
2054-11-05 23:00:00,0.0,0.0
2054-11-06 00:00:00,0.0,0.0
2054-11-06 01:00:00,0.0,0.0
2054-11-06 02:00:00,0.0,0.0
2054-11-06 03:00:00,0.0,61.15849626338657
2054-11-06 04:00:00,0.0,151.19739354003903
2054-11-06 05:00:00,0.0,220.85012539556263
2054-11-06 06:00:00,0.0,276.912080303667
2054-11-06 07:00:00,0.0,301.97007530047114
2054-11-06 08:00:00,0.0,304.0936341985054
2054-11-06 09:00:00,0.0,287.52987479383825
2054-11-06 10:00:00,0.0,248.0316792904011
2054-11-06 11:00:00,0.0,185.59904768819396
2054-11-06 12:00:00,0.0,101.50611532603742
2054-11-06 13:00:00,0.0,9.343659151350725
2054-11-06 14:00:00,0.0,0.0
2054-11-06 15:00:00,0.0,0.0
2054-11-06 16:00:00,0.0,0.0
2054-11-06 17:00:00,0.0,0.0
2054-11-06 18:00:00,0.0,0.0
2054-11-06 19:00:00,0.0,0.0
2054-11-06 20:00:00,0.0,0.0
2054-11-06 21:00:00,0.0,0.0
2054-11-06 22:00:00,0.0,0.0
2054-11-06 23:00:00,0.0,0.0
2054-11-07 00:00:00,0.0,0.0
2054-11-07 01:00:00,0.0,0.0
2054-11-07 02:00:00,0.0,0.0
2054-11-07 03:00:00,0.0,65.83032583906193
2054-11-07 04:00:00,0.0,158.41749379335548
2054-11-07 05:00:00,0.0,230.19378454691338
2054-11-07 06:00:00,0.0,279.46035098130807
2054-11-07 07:00:00,0.0,302.81949885968487
2054-11-07 08:00:00,0.0,306.2171930965397
2054-11-07 09:00:00,0.0,283.70746877737656
2054-11-07 10:00:00,0.0,243.78456149433256
2054-11-07 11:00:00,0.0,161.8151880302103
2054-11-07 12:00:00,0.0,77.29754388844691
2054-11-07 13:00:00,0.0,4.671829575675363
2054-11-07 14:00:00,0.0,0.0
2054-11-07 15:00:00,0.0,0.0
2054-11-07 16:00:00,0.0,0.0
2054-11-07 17:00:00,0.0,0.0
2054-11-07 18:00:00,0.0,0.0
2054-11-07 19:00:00,0.0,0.0
2054-11-07 20:00:00,0.0,0.0
2054-11-07 21:00:00,0.0,0.0
2054-11-07 22:00:00,0.0,0.0
2054-11-07 23:00:00,0.0,0.0
2054-11-08 00:00:00,0.0,0.0
2054-11-08 01:00:00,0.0,0.0
2054-11-08 02:00:00,0.0,0.0
2054-11-08 03:00:00,0.0,63.706766941027674
2054-11-08 04:00:00,0.0,155.8692231157144
2054-11-08 05:00:00,0.0,224.67253141202426
2054-11-08 06:00:00,0.0,276.912080303667
2054-11-08 07:00:00,0.0,301.1206517412575
2054-11-08 08:00:00,0.0,291.35228081029993
2054-11-08 09:00:00,0.0,240.38686725747777
2054-11-08 10:00:00,0.0,195.36741861915152
2054-11-08 11:00:00,0.0,162.664611589424
2054-11-08 12:00:00,0.0,89.18947371743874
2054-11-08 13:00:00,0.0,7.644812032923321
2054-11-08 14:00:00,0.0,0.0
2054-11-08 15:00:00,0.0,0.0
2054-11-08 16:00:00,0.0,0.0
2054-11-08 17:00:00,0.0,0.0
2054-11-08 18:00:00,0.0,0.0
2054-11-08 19:00:00,0.0,0.0
2054-11-08 20:00:00,0.0,0.0
2054-11-08 21:00:00,0.0,0.0
2054-11-08 22:00:00,0.0,0.0
2054-11-08 23:00:00,0.0,0.0
2054-11-09 00:00:00,0.0,0.0
2054-11-09 01:00:00,0.0,0.0
2054-11-09 02:00:00,0.0,0.0
2054-11-09 03:00:00,0.0,46.29358397714678
2054-11-09 04:00:00,0.0,146.52556396436364
2054-11-09 05:00:00,0.0,224.67253141202426
2054-11-09 06:00:00,0.0,267.1437093727094
2054-11-09 07:00:00,0.0,296.4488221655821
2054-11-09 08:00:00,0.0,307.06661665575336
2054-11-09 09:00:00,0.0,294.74997504715475
2054-11-09 10:00:00,0.0,256.10120310293127
2054-11-09 11:00:00,0.0,193.66857150072414
2054-11-09 12:00:00,0.0,109.15092735896074
2054-11-09 13:00:00,0.0,10.193082710564427
2054-11-09 14:00:00,0.0,0.0
2054-11-09 15:00:00,0.0,0.0
2054-11-09 16:00:00,0.0,0.0
2054-11-09 17:00:00,0.0,0.0
2054-11-09 18:00:00,0.0,0.0
2054-11-09 19:00:00,0.0,0.0
2054-11-09 20:00:00,0.0,0.0
2054-11-09 21:00:00,0.0,0.0
2054-11-09 22:00:00,0.0,0.0
2054-11-09 23:00:00,0.0,0.0
2054-11-10 00:00:00,0.0,0.0
2054-11-10 01:00:00,0.0,0.0
2054-11-10 02:00:00,0.0,0.0
2054-11-10 03:00:00,0.0,52.664260671249544
2054-11-10 04:00:00,0.0,156.29393489532123
2054-11-10 05:00:00,0.0,221.27483717516947
2054-11-10 06:00:00,0.0,284.55689233659024
2054-11-10 07:00:00,0.0,310.88902267221505
2054-11-10 08:00:00,0.0,313.86200512946306
2054-11-10 09:00:00,0.0,296.02411038597523
2054-11-10 10:00:00,0.0,256.95062666214494
2054-11-10 11:00:00,0.0,194.51799505993782
2054-11-10 12:00:00,0.0,107.87679202014019
2054-11-10 13:00:00,0.0,9.343659151350725
2054-11-10 14:00:00,0.0,0.0
2054-11-10 15:00:00,0.0,0.0
2054-11-10 16:00:00,0.0,0.0
2054-11-10 17:00:00,0.0,0.0
2054-11-10 18:00:00,0.0,0.0
2054-11-10 19:00:00,0.0,0.0
2054-11-10 20:00:00,0.0,0.0
2054-11-10 21:00:00,0.0,0.0
2054-11-10 22:00:00,0.0,0.0
2054-11-10 23:00:00,0.0,0.0
2054-11-11 00:00:00,0.0,0.0
2054-11-11 01:00:00,0.0,0.0
2054-11-11 02:00:00,0.0,0.0
2054-11-11 03:00:00,0.0,63.28205516142083
2054-11-11 04:00:00,0.0,156.29393489532123
2054-11-11 05:00:00,0.0,229.34436098769964
2054-11-11 06:00:00,0.0,278.1862156424875
2054-11-11 07:00:00,0.0,302.81949885968487
2054-11-11 08:00:00,0.0,306.2171930965397
2054-11-11 09:00:00,0.0,286.68045123462457
2054-11-11 10:00:00,0.0,243.78456149433256
2054-11-11 11:00:00,0.0,175.4059649776295
2054-11-11 12:00:00,0.0,70.5021554147373
2054-11-11 13:00:00,0.0,2.548270677641107
2054-11-11 14:00:00,0.0,0.0
2054-11-11 15:00:00,0.0,0.0
2054-11-11 16:00:00,0.0,0.0
2054-11-11 17:00:00,0.0,0.0
2054-11-11 18:00:00,0.0,0.0
2054-11-11 19:00:00,0.0,0.0
2054-11-11 20:00:00,0.0,0.0
2054-11-11 21:00:00,0.0,0.0
2054-11-11 22:00:00,0.0,0.0
2054-11-11 23:00:00,0.0,0.0
2054-11-12 00:00:00,0.0,0.0
2054-11-12 01:00:00,0.0,0.0
2054-11-12 02:00:00,0.0,0.0
2054-11-12 03:00:00,0.0,56.48666668771121
2054-11-12 04:00:00,0.0,147.37498752357735
2054-11-12 05:00:00,0.0,215.32887226067356
2054-11-12 06:00:00,0.0,260.7730326786066
2054-11-12 07:00:00,0.0,282.0086216589492
2054-11-12 08:00:00,0.0,282.0086216589492
2054-11-12 09:00:00,0.0,260.7730326786066
2054-11-12 10:00:00,0.0,214.47944870145983
2054-11-12 11:00:00,0.0,146.52556396436364
2054-11-12 12:00:00,0.0,65.40561405945509
2054-11-12 13:00:00,0.0,3.8224060164616604
2054-11-12 14:00:00,0.0,0.0
2054-11-12 15:00:00,0.0,0.0
2054-11-12 16:00:00,0.0,0.0
2054-11-12 17:00:00,0.0,0.0
2054-11-12 18:00:00,0.0,0.0
2054-11-12 19:00:00,0.0,0.0
2054-11-12 20:00:00,0.0,0.0
2054-11-12 21:00:00,0.0,0.0
2054-11-12 22:00:00,0.0,0.0
2054-11-12 23:00:00,0.0,0.0
2054-11-13 00:00:00,0.0,0.0
2054-11-13 01:00:00,0.0,0.0
2054-11-13 02:00:00,0.0,0.0
2054-11-13 03:00:00,0.0,54.787819569283805
2054-11-13 04:00:00,0.0,144.4020050663294
2054-11-13 05:00:00,0.0,215.32887226067356
2054-11-13 06:00:00,0.0,259.0741855601792
2054-11-13 07:00:00,0.0,279.885062760915
2054-11-13 08:00:00,0.0,275.2132331852396
2054-11-13 09:00:00,0.0,237.41388480022982
2054-11-13 10:00:00,0.0,185.59904768819396
2054-11-13 11:00:00,0.0,115.09689227345669
2054-11-13 12:00:00,0.0,52.2395488916427
2054-11-13 13:00:00,0.0,4.671829575675363
2054-11-13 14:00:00,0.0,0.0
2054-11-13 15:00:00,0.0,0.0
2054-11-13 16:00:00,0.0,0.0
2054-11-13 17:00:00,0.0,0.0
2054-11-13 18:00:00,0.0,0.0
2054-11-13 19:00:00,0.0,0.0
2054-11-13 20:00:00,0.0,0.0
2054-11-13 21:00:00,0.0,0.0
2054-11-13 22:00:00,0.0,0.0
2054-11-13 23:00:00,0.0,0.0
2054-11-14 00:00:00,0.0,0.0
2054-11-14 01:00:00,0.0,0.0
2054-11-14 02:00:00,0.0,0.0
2054-11-14 03:00:00,0.0,64.55619050024137
2054-11-14 04:00:00,0.0,160.1163409117829
2054-11-14 05:00:00,0.0,233.5914787837682
2054-11-14 06:00:00,0.0,281.1591980997355
2054-11-14 07:00:00,0.0,303.66892241889855
2054-11-14 08:00:00,0.0,307.06661665575336
2054-11-14 09:00:00,0.0,290.0781454714794
2054-11-14 10:00:00,0.0,249.73052640882847
2054-11-14 11:00:00,0.0,181.7766416717323
2054-11-14 12:00:00,0.0,97.25899752996891
2054-11-14 13:00:00,0.0,6.795388473709619
2054-11-14 14:00:00,0.0,0.0
2054-11-14 15:00:00,0.0,0.0
2054-11-14 16:00:00,0.0,0.0
2054-11-14 17:00:00,0.0,0.0
2054-11-14 18:00:00,0.0,0.0
2054-11-14 19:00:00,0.0,0.0
2054-11-14 20:00:00,0.0,0.0
2054-11-14 21:00:00,0.0,0.0
2054-11-14 22:00:00,0.0,0.0
2054-11-14 23:00:00,0.0,0.0
2054-11-15 00:00:00,0.0,0.0
2054-11-15 01:00:00,0.0,0.0
2054-11-15 02:00:00,0.0,0.0
2054-11-15 03:00:00,0.0,67.10446117788248
2054-11-15 04:00:00,0.0,165.63759404667195
2054-11-15 05:00:00,0.0,238.26330835944353
2054-11-15 06:00:00,0.0,286.2557394550177
2054-11-15 07:00:00,0.0,310.4643108926082
2054-11-15 08:00:00,0.0,313.86200512946306
2054-11-15 09:00:00,0.0,296.4488221655821
2054-11-15 10:00:00,0.0,257.3753384417518
2054-11-15 11:00:00,0.0,195.36741861915152
2054-11-15 12:00:00,0.0,108.7262155793539
2054-11-15 13:00:00,0.0,7.644812032923321
2054-11-15 14:00:00,0.0,0.0
2054-11-15 15:00:00,0.0,0.0
2054-11-15 16:00:00,0.0,0.0
2054-11-15 17:00:00,0.0,0.0
2054-11-15 18:00:00,0.0,0.0
2054-11-15 19:00:00,0.0,0.0
2054-11-15 20:00:00,0.0,0.0
2054-11-15 21:00:00,0.0,0.0
2054-11-15 22:00:00,0.0,0.0
2054-11-15 23:00:00,0.0,0.0
2054-11-16 00:00:00,0.0,0.0
2054-11-16 01:00:00,0.0,0.0
2054-11-16 02:00:00,0.0,0.0
2054-11-16 03:00:00,0.0,70.07744363513045
2054-11-16 04:00:00,0.0,167.33644116509936
2054-11-16 05:00:00,0.0,239.1127319186572
2054-11-16 06:00:00,0.0,288.3792983530519
2054-11-16 07:00:00,0.0,313.86200512946306
2054-11-16 08:00:00,0.0,316.83498758671095
2054-11-16 09:00:00,0.0,298.99709284322324
2054-11-16 10:00:00,0.0,259.92360911939295
2054-11-16 11:00:00,0.0,197.4909775171858
2054-11-16 12:00:00,0.0,112.1239098162087
2054-11-16 13:00:00,0.0,8.918947371743874
2054-11-16 14:00:00,0.0,0.0
2054-11-16 15:00:00,0.0,0.0
2054-11-16 16:00:00,0.0,0.0
2054-11-16 17:00:00,0.0,0.0
2054-11-16 18:00:00,0.0,0.0
2054-11-16 19:00:00,0.0,0.0
2054-11-16 20:00:00,0.0,0.0
2054-11-16 21:00:00,0.0,0.0
2054-11-16 22:00:00,0.0,0.0
2054-11-16 23:00:00,0.0,0.0
2054-11-17 00:00:00,0.0,0.0
2054-11-17 01:00:00,0.0,0.0
2054-11-17 02:00:00,0.0,0.0
2054-11-17 03:00:00,0.0,74.32456143119896
2054-11-17 04:00:00,0.0,172.00827074077472
2054-11-17 05:00:00,0.0,244.63398505354627
2054-11-17 06:00:00,0.0,291.77699258990674
2054-11-17 07:00:00,0.0,315.13614046828354
2054-11-17 08:00:00,0.0,317.6844111459247
2054-11-17 09:00:00,0.0,299.84651640243686
2054-11-17 10:00:00,0.0,259.92360911939295
2054-11-17 11:00:00,0.0,197.06626573757893
2054-11-17 12:00:00,0.0,110.42506269778131
2054-11-17 13:00:00,0.0,8.069523812530171
2054-11-17 14:00:00,0.0,0.0
2054-11-17 15:00:00,0.0,0.0
2054-11-17 16:00:00,0.0,0.0
2054-11-17 17:00:00,0.0,0.0
2054-11-17 18:00:00,0.0,0.0
2054-11-17 19:00:00,0.0,0.0
2054-11-17 20:00:00,0.0,0.0
2054-11-17 21:00:00,0.0,0.0
2054-11-17 22:00:00,0.0,0.0
2054-11-17 23:00:00,0.0,0.0
2054-11-18 00:00:00,0.0,0.0
2054-11-18 01:00:00,0.0,0.0
2054-11-18 02:00:00,0.0,0.0
2054-11-18 03:00:00,0.0,39.92290728304401
2054-11-18 04:00:00,0.0,118.49458651031148
2054-11-18 05:00:00,0.0,193.66857150072414
2054-11-18 06:00:00,0.0,240.81157903708464
2054-11-18 07:00:00,0.0,259.4988973397861
2054-11-18 08:00:00,0.0,247.60696751079425
2054-11-18 09:00:00,0.0,216.6030075994941
2054-11-18 10:00:00,0.0,169.46000006313363
2054-11-18 11:00:00,0.0,115.52160405306351
2054-11-18 12:00:00,0.0,55.637243128497516
2054-11-18 13:00:00,0.0,1.6988471184274048
2054-11-18 14:00:00,0.0,0.0
2054-11-18 15:00:00,0.0,0.0
2054-11-18 16:00:00,0.0,0.0
2054-11-18 17:00:00,0.0,0.0
2054-11-18 18:00:00,0.0,0.0
2054-11-18 19:00:00,0.0,0.0
2054-11-18 20:00:00,0.0,0.0
2054-11-18 21:00:00,0.0,0.0
2054-11-18 22:00:00,0.0,0.0
2054-11-18 23:00:00,0.0,0.0
2054-11-19 00:00:00,0.0,0.0
2054-11-19 01:00:00,0.0,0.0
2054-11-19 02:00:00,0.0,0.0
2054-11-19 03:00:00,0.0,47.56771931596733
2054-11-19 04:00:00,0.0,110.84977447738815
2054-11-19 05:00:00,0.0,169.88471184274047
2054-11-19 06:00:00,0.0,208.9581955665708
2054-11-19 07:00:00,0.0,231.4679198857339
2054-11-19 08:00:00,0.0,252.27879708646958
2054-11-19 09:00:00,0.0,270.11669182995735
2054-11-19 10:00:00,0.0,244.63398505354627
2054-11-19 11:00:00,0.0,182.20135345133914
2054-11-19 12:00:00,0.0,85.79177948058395
2054-11-19 13:00:00,0.0,3.3976942368548095
2054-11-19 14:00:00,0.0,0.0
2054-11-19 15:00:00,0.0,0.0
2054-11-19 16:00:00,0.0,0.0
2054-11-19 17:00:00,0.0,0.0
2054-11-19 18:00:00,0.0,0.0
2054-11-19 19:00:00,0.0,0.0
2054-11-19 20:00:00,0.0,0.0
2054-11-19 21:00:00,0.0,0.0
2054-11-19 22:00:00,0.0,0.0
2054-11-19 23:00:00,0.0,0.0
2054-11-20 00:00:00,0.0,0.0
2054-11-20 01:00:00,0.0,0.0
2054-11-20 02:00:00,0.0,0.0
2054-11-20 03:00:00,0.0,47.14300753636048
2054-11-20 04:00:00,0.0,140.57959904986774
2054-11-20 05:00:00,0.0,213.20531336263932
2054-11-20 06:00:00,0.0,250.5799499680422
2054-11-20 07:00:00,0.0,280.3097745405218
2054-11-20 08:00:00,0.0,293.0511279287273
2054-11-20 09:00:00,0.0,278.1862156424875
2054-11-20 10:00:00,0.0,236.13974946140928
2054-11-20 11:00:00,0.0,169.03528828352677
2054-11-20 12:00:00,0.0,73.05042609237839
2054-11-20 13:00:00,0.0,2.9729824572479586
2054-11-20 14:00:00,0.0,0.0
2054-11-20 15:00:00,0.0,0.0
2054-11-20 16:00:00,0.0,0.0
2054-11-20 17:00:00,0.0,0.0
2054-11-20 18:00:00,0.0,0.0
2054-11-20 19:00:00,0.0,0.0
2054-11-20 20:00:00,0.0,0.0
2054-11-20 21:00:00,0.0,0.0
2054-11-20 22:00:00,0.0,0.0
2054-11-20 23:00:00,0.0,0.0
2054-11-21 00:00:00,0.0,0.0
2054-11-21 01:00:00,0.0,0.0
2054-11-21 02:00:00,0.0,0.0
2054-11-21 03:00:00,0.0,47.14300753636048
2054-11-21 04:00:00,0.0,133.78421057615813
2054-11-21 05:00:00,0.0,208.9581955665708
2054-11-21 06:00:00,0.0,248.0316792904011
2054-11-21 07:00:00,0.0,270.11669182995735
2054-11-21 08:00:00,0.0,269.6919800503505
2054-11-21 09:00:00,0.0,244.2092732739394
2054-11-21 10:00:00,0.0,204.2863659908954
2054-11-21 11:00:00,0.0,139.73017549065403
2054-11-21 12:00:00,0.0,51.81483711203584
2054-11-21 13:00:00,0.0,0.8494235592137024
2054-11-21 14:00:00,0.0,0.0
2054-11-21 15:00:00,0.0,0.0
2054-11-21 16:00:00,0.0,0.0
2054-11-21 17:00:00,0.0,0.0
2054-11-21 18:00:00,0.0,0.0
2054-11-21 19:00:00,0.0,0.0
2054-11-21 20:00:00,0.0,0.0
2054-11-21 21:00:00,0.0,0.0
2054-11-21 22:00:00,0.0,0.0
2054-11-21 23:00:00,0.0,0.0
2054-11-22 00:00:00,0.0,0.0
2054-11-22 01:00:00,0.0,0.0
2054-11-22 02:00:00,0.0,0.0
2054-11-22 03:00:00,0.0,41.62175440147142
2054-11-22 04:00:00,0.0,133.35949879655126
2054-11-22 05:00:00,0.0,213.63002514224613
2054-11-22 06:00:00,0.0,270.5414036095642
2054-11-22 07:00:00,0.0,294.3252632675478
2054-11-22 08:00:00,0.0,296.02411038597523
2054-11-22 09:00:00,0.0,282.433333438556
2054-11-22 10:00:00,0.0,240.81157903708464
2054-11-22 11:00:00,0.0,175.4059649776295
2054-11-22 12:00:00,0.0,87.0659148194045
2054-11-22 13:00:00,0.0,3.8224060164616604
2054-11-22 14:00:00,0.0,0.0
2054-11-22 15:00:00,0.0,0.0
2054-11-22 16:00:00,0.0,0.0
2054-11-22 17:00:00,0.0,0.0
2054-11-22 18:00:00,0.0,0.0
2054-11-22 19:00:00,0.0,0.0
2054-11-22 20:00:00,0.0,0.0
2054-11-22 21:00:00,0.0,0.0
2054-11-22 22:00:00,0.0,0.0
2054-11-22 23:00:00,0.0,0.0
2054-11-23 00:00:00,0.0,0.0
2054-11-23 01:00:00,0.0,0.0
2054-11-23 02:00:00,0.0,0.0
2054-11-23 03:00:00,0.0,39.07348372383031
2054-11-23 04:00:00,0.0,105.75323312210594
2054-11-23 05:00:00,0.0,160.1163409117829
2054-11-23 06:00:00,0.0,200.46395997443375
2054-11-23 07:00:00,0.0,234.016190563375
2054-11-23 08:00:00,0.0,263.7460151358546
2054-11-23 09:00:00,0.0,253.97764420489696
2054-11-23 10:00:00,0.0,211.93117802381872
2054-11-23 11:00:00,0.0,159.26691735256918
2054-11-23 12:00:00,0.0,72.62571431277156
2054-11-23 13:00:00,0.0,1.2741353388205534
2054-11-23 14:00:00,0.0,0.0
2054-11-23 15:00:00,0.0,0.0
2054-11-23 16:00:00,0.0,0.0
2054-11-23 17:00:00,0.0,0.0
2054-11-23 18:00:00,0.0,0.0
2054-11-23 19:00:00,0.0,0.0
2054-11-23 20:00:00,0.0,0.0
2054-11-23 21:00:00,0.0,0.0
2054-11-23 22:00:00,0.0,0.0
2054-11-23 23:00:00,0.0,0.0
2054-11-24 00:00:00,0.0,0.0
2054-11-24 01:00:00,0.0,0.0
2054-11-24 02:00:00,0.0,0.0
2054-11-24 03:00:00,0.0,47.14300753636048
2054-11-24 04:00:00,0.0,143.12786972750885
2054-11-24 05:00:00,0.0,216.6030075994941
2054-11-24 06:00:00,0.0,262.471879797034
2054-11-24 07:00:00,0.0,285.40631589580397
2054-11-24 08:00:00,0.0,285.40631589580397
2054-11-24 09:00:00,0.0,267.9931329319231
2054-11-24 10:00:00,0.0,225.09724319163112
2054-11-24 11:00:00,0.0,156.71864667492807
2054-11-24 12:00:00,0.0,62.857343381813976
2054-11-24 13:00:00,0.0,2.123558898034256
2054-11-24 14:00:00,0.0,0.0
2054-11-24 15:00:00,0.0,0.0
2054-11-24 16:00:00,0.0,0.0
2054-11-24 17:00:00,0.0,0.0
2054-11-24 18:00:00,0.0,0.0
2054-11-24 19:00:00,0.0,0.0
2054-11-24 20:00:00,0.0,0.0
2054-11-24 21:00:00,0.0,0.0
2054-11-24 22:00:00,0.0,0.0
2054-11-24 23:00:00,0.0,0.0
2054-11-25 00:00:00,0.0,0.0
2054-11-25 01:00:00,0.0,0.0
2054-11-25 02:00:00,0.0,0.0
2054-11-25 03:00:00,0.0,53.088972450856396
2054-11-25 04:00:00,0.0,147.37498752357735
2054-11-25 05:00:00,0.0,221.27483717516947
2054-11-25 06:00:00,0.0,270.11669182995735
2054-11-25 07:00:00,0.0,295.17468682676156
2054-11-25 08:00:00,0.0,298.5723810636164
2054-11-25 09:00:00,0.0,281.5839098793423
2054-11-25 10:00:00,0.0,231.89263166534076
2054-11-25 11:00:00,0.0,172.00827074077472
2054-11-25 12:00:00,0.0,75.59869677001952
2054-11-25 13:00:00,0.0,2.9729824572479586
2054-11-25 14:00:00,0.0,0.0
2054-11-25 15:00:00,0.0,0.0
2054-11-25 16:00:00,0.0,0.0
2054-11-25 17:00:00,0.0,0.0
2054-11-25 18:00:00,0.0,0.0
2054-11-25 19:00:00,0.0,0.0
2054-11-25 20:00:00,0.0,0.0
2054-11-25 21:00:00,0.0,0.0
2054-11-25 22:00:00,0.0,0.0
2054-11-25 23:00:00,0.0,0.0
2054-11-26 00:00:00,0.0,0.0
2054-11-26 01:00:00,0.0,0.0
2054-11-26 02:00:00,0.0,0.0
2054-11-26 03:00:00,0.0,55.21253134889066
2054-11-26 04:00:00,0.0,151.62210531964587
2054-11-26 05:00:00,0.0,226.7960903100585
2054-11-26 06:00:00,0.0,275.2132331852396
2054-11-26 07:00:00,0.0,299.84651640243686
2054-11-26 08:00:00,0.0,303.24421063929174
2054-11-26 09:00:00,0.0,285.40631589580397
2054-11-26 10:00:00,0.0,246.33283217197365
2054-11-26 11:00:00,0.0,181.35192989212544
2054-11-26 12:00:00,0.0,93.43659151350725
2054-11-26 13:00:00,0.0,3.8224060164616604
2054-11-26 14:00:00,0.0,0.0
2054-11-26 15:00:00,0.0,0.0
2054-11-26 16:00:00,0.0,0.0
2054-11-26 17:00:00,0.0,0.0
2054-11-26 18:00:00,0.0,0.0
2054-11-26 19:00:00,0.0,0.0
2054-11-26 20:00:00,0.0,0.0
2054-11-26 21:00:00,0.0,0.0
2054-11-26 22:00:00,0.0,0.0
2054-11-26 23:00:00,0.0,0.0
2054-11-27 00:00:00,0.0,0.0
2054-11-27 01:00:00,0.0,0.0
2054-11-27 02:00:00,0.0,0.0
2054-11-27 03:00:00,0.0,60.30907270417286
2054-11-27 04:00:00,0.0,158.41749379335548
2054-11-27 05:00:00,0.0,232.31734344494762
2054-11-27 06:00:00,0.0,281.5839098793423
2054-11-27 07:00:00,0.0,306.64190487614655
2054-11-27 08:00:00,0.0,310.0395991130014
2054-11-27 09:00:00,0.0,292.20170436951355
2054-11-27 10:00:00,0.0,252.27879708646958
2054-11-27 11:00:00,0.0,188.14731836583505
2054-11-27 12:00:00,0.0,99.80726820761002
2054-11-27 13:00:00,0.0,4.671829575675363
2054-11-27 14:00:00,0.0,0.0
2054-11-27 15:00:00,0.0,0.0
2054-11-27 16:00:00,0.0,0.0
2054-11-27 17:00:00,0.0,0.0
2054-11-27 18:00:00,0.0,0.0
2054-11-27 19:00:00,0.0,0.0
2054-11-27 20:00:00,0.0,0.0
2054-11-27 21:00:00,0.0,0.0
2054-11-27 22:00:00,0.0,0.0
2054-11-27 23:00:00,0.0,0.0
2054-11-28 00:00:00,0.0,0.0
2054-11-28 01:00:00,0.0,0.0
2054-11-28 02:00:00,0.0,0.0
2054-11-28 03:00:00,0.0,50.96541355282214
2054-11-28 04:00:00,0.0,153.32095243807328
2054-11-28 05:00:00,0.0,226.7960903100585
2054-11-28 06:00:00,0.0,270.966115389171
2054-11-28 07:00:00,0.0,300.6959399616506
2054-11-28 08:00:00,0.0,305.367769537326
2054-11-28 09:00:00,0.0,285.8310276754109
2054-11-28 10:00:00,0.0,243.3598497147257
2054-11-28 11:00:00,0.0,180.50250633291174
2054-11-28 12:00:00,0.0,93.43659151350725
2054-11-28 13:00:00,0.0,4.247117796068512
2054-11-28 14:00:00,0.0,0.0
2054-11-28 15:00:00,0.0,0.0
2054-11-28 16:00:00,0.0,0.0
2054-11-28 17:00:00,0.0,0.0
2054-11-28 18:00:00,0.0,0.0
2054-11-28 19:00:00,0.0,0.0
2054-11-28 20:00:00,0.0,0.0
2054-11-28 21:00:00,0.0,0.0
2054-11-28 22:00:00,0.0,0.0
2054-11-28 23:00:00,0.0,0.0
2054-11-29 00:00:00,0.0,0.0
2054-11-29 01:00:00,0.0,0.0
2054-11-29 02:00:00,0.0,0.0
2054-11-29 03:00:00,0.0,67.10446117788248
2054-11-29 04:00:00,0.0,165.63759404667195
2054-11-29 05:00:00,0.0,239.1127319186572
2054-11-29 06:00:00,0.0,286.68045123462457
2054-11-29 07:00:00,0.0,310.4643108926082
2054-11-29 08:00:00,0.0,313.0125815702493
2054-11-29 09:00:00,0.0,294.3252632675478
2054-11-29 10:00:00,0.0,253.55293242529015
2054-11-29 11:00:00,0.0,188.99674192504878
2054-11-29 12:00:00,0.0,99.80726820761002
2054-11-29 13:00:00,0.0,4.671829575675363
2054-11-29 14:00:00,0.0,0.0
2054-11-29 15:00:00,0.0,0.0
2054-11-29 16:00:00,0.0,0.0
2054-11-29 17:00:00,0.0,0.0
2054-11-29 18:00:00,0.0,0.0
2054-11-29 19:00:00,0.0,0.0
2054-11-29 20:00:00,0.0,0.0
2054-11-29 21:00:00,0.0,0.0
2054-11-29 22:00:00,0.0,0.0
2054-11-29 23:00:00,0.0,0.0
2054-11-30 00:00:00,0.0,0.0
2054-11-30 01:00:00,0.0,0.0
2054-11-30 02:00:00,0.0,0.0
2054-11-30 03:00:00,0.0,64.98090227984824
2054-11-30 04:00:00,0.0,163.93874692824457
2054-11-30 05:00:00,0.0,236.5644612410161
2054-11-30 06:00:00,0.0,284.1321805569834
2054-11-30 07:00:00,0.0,308.3407519945739
2054-11-30 08:00:00,0.0,310.88902267221505
2054-11-30 09:00:00,0.0,292.20170436951355
2054-11-30 10:00:00,0.0,251.4293735272559
2054-11-30 11:00:00,0.0,186.0237594678008
2054-11-30 12:00:00,0.0,99.38255642800317
2054-11-30 13:00:00,0.0,5.096541355282214
2054-11-30 14:00:00,0.0,0.0
2054-11-30 15:00:00,0.0,0.0
2054-11-30 16:00:00,0.0,0.0
2054-11-30 17:00:00,0.0,0.0
2054-11-30 18:00:00,0.0,0.0
2054-11-30 19:00:00,0.0,0.0
2054-11-30 20:00:00,0.0,0.0
2054-11-30 21:00:00,0.0,0.0
2054-11-30 22:00:00,0.0,0.0
2054-11-30 23:00:00,0.0,0.0
2054-12-01 00:00:00,0.0,0.0
2054-12-01 01:00:00,0.0,0.0
2054-12-01 02:00:00,0.0,0.0
2054-12-01 03:00:00,0.0,64.55619050024137
2054-12-01 04:00:00,0.0,162.664611589424
2054-12-01 05:00:00,0.0,236.5644612410161
2054-12-01 06:00:00,0.0,283.70746877737656
2054-12-01 07:00:00,0.0,308.3407519945739
2054-12-01 08:00:00,0.0,311.31373445182186
2054-12-01 09:00:00,0.0,293.0511279287273
2054-12-01 10:00:00,0.0,253.1282206456833
2054-12-01 11:00:00,0.0,188.99674192504878
2054-12-01 12:00:00,0.0,100.23197998721687
2054-12-01 13:00:00,0.0,4.671829575675363
2054-12-01 14:00:00,0.0,0.0
2054-12-01 15:00:00,0.0,0.0
2054-12-01 16:00:00,0.0,0.0
2054-12-01 17:00:00,0.0,0.0
2054-12-01 18:00:00,0.0,0.0
2054-12-01 19:00:00,0.0,0.0
2054-12-01 20:00:00,0.0,0.0
2054-12-01 21:00:00,0.0,0.0
2054-12-01 22:00:00,0.0,0.0
2054-12-01 23:00:00,0.0,0.0
2054-12-02 00:00:00,0.0,0.0
2054-12-02 01:00:00,0.0,0.0
2054-12-02 02:00:00,0.0,0.0
2054-12-02 03:00:00,0.0,54.787819569283805
2054-12-02 04:00:00,0.0,146.10085218475677
2054-12-02 05:00:00,0.0,228.91964920809278
2054-12-02 06:00:00,0.0,270.5414036095642
2054-12-02 07:00:00,0.0,296.87353394518897
2054-12-02 08:00:00,0.0,295.17468682676156
2054-12-02 09:00:00,0.0,278.6109274220944
2054-12-02 10:00:00,0.0,232.74205522455443
2054-12-02 11:00:00,0.0,168.6105765039199
2054-12-02 12:00:00,0.0,65.40561405945509
2054-12-02 13:00:00,0.0,1.6988471184274048
2054-12-02 14:00:00,0.0,0.0
2054-12-02 15:00:00,0.0,0.0
2054-12-02 16:00:00,0.0,0.0
2054-12-02 17:00:00,0.0,0.0
2054-12-02 18:00:00,0.0,0.0
2054-12-02 19:00:00,0.0,0.0
2054-12-02 20:00:00,0.0,0.0
2054-12-02 21:00:00,0.0,0.0
2054-12-02 22:00:00,0.0,0.0
2054-12-02 23:00:00,0.0,0.0
2054-12-03 00:00:00,0.0,0.0
2054-12-03 01:00:00,0.0,0.0
2054-12-03 02:00:00,0.0,0.0
2054-12-03 03:00:00,0.0,44.59473685871937
2054-12-03 04:00:00,0.0,123.16641608598682
2054-12-03 05:00:00,0.0,193.24385972111727
2054-12-03 06:00:00,0.0,261.62245623782036
2054-12-03 07:00:00,0.0,293.0511279287273
2054-12-03 08:00:00,0.0,295.5993986063684
2054-12-03 09:00:00,0.0,274.7885214056327
2054-12-03 10:00:00,0.0,229.7690727673065
2054-12-03 11:00:00,0.0,157.56807023414177
2054-12-03 12:00:00,0.0,71.35157897395099
2054-12-03 13:00:00,0.0,2.548270677641107
2054-12-03 14:00:00,0.0,0.0
2054-12-03 15:00:00,0.0,0.0
2054-12-03 16:00:00,0.0,0.0
2054-12-03 17:00:00,0.0,0.0
2054-12-03 18:00:00,0.0,0.0
2054-12-03 19:00:00,0.0,0.0
2054-12-03 20:00:00,0.0,0.0
2054-12-03 21:00:00,0.0,0.0
2054-12-03 22:00:00,0.0,0.0
2054-12-03 23:00:00,0.0,0.0
2054-12-04 00:00:00,0.0,0.0
2054-12-04 01:00:00,0.0,0.0
2054-12-04 02:00:00,0.0,0.0
2054-12-04 03:00:00,0.0,49.691278214001585
2054-12-04 04:00:00,0.0,139.73017549065403
2054-12-04 05:00:00,0.0,209.3829073461776
2054-12-04 06:00:00,0.0,258.2247620009655
2054-12-04 07:00:00,0.0,284.1321805569834
2054-12-04 08:00:00,0.0,287.52987479383825
2054-12-04 09:00:00,0.0,275.2132331852396
2054-12-04 10:00:00,0.0,243.78456149433256
2054-12-04 11:00:00,0.0,181.7766416717323
2054-12-04 12:00:00,0.0,93.0118797339004
2054-12-04 13:00:00,0.0,3.3976942368548095
2054-12-04 14:00:00,0.0,0.0
2054-12-04 15:00:00,0.0,0.0
2054-12-04 16:00:00,0.0,0.0
2054-12-04 17:00:00,0.0,0.0
2054-12-04 18:00:00,0.0,0.0
2054-12-04 19:00:00,0.0,0.0
2054-12-04 20:00:00,0.0,0.0
2054-12-04 21:00:00,0.0,0.0
2054-12-04 22:00:00,0.0,0.0
2054-12-04 23:00:00,0.0,0.0
2054-12-05 00:00:00,0.0,0.0
2054-12-05 01:00:00,0.0,0.0
2054-12-05 02:00:00,0.0,0.0
2054-12-05 03:00:00,0.0,45.01944863832622
2054-12-05 04:00:00,0.0,139.3054637110472
2054-12-05 05:00:00,0.0,217.4524311587078
2054-12-05 06:00:00,0.0,267.56842115231626
2054-12-05 07:00:00,0.0,293.0511279287273
2054-12-05 08:00:00,0.0,294.74997504715475
2054-12-05 09:00:00,0.0,245.05869683315314
2054-12-05 10:00:00,0.0,193.66857150072414
2054-12-05 11:00:00,0.0,120.19343362873889
2054-12-05 12:00:00,0.0,49.26656643439474
2054-12-05 13:00:00,0.0,0.0
2054-12-05 14:00:00,0.0,0.0
2054-12-05 15:00:00,0.0,0.0
2054-12-05 16:00:00,0.0,0.0
2054-12-05 17:00:00,0.0,0.0
2054-12-05 18:00:00,0.0,0.0
2054-12-05 19:00:00,0.0,0.0
2054-12-05 20:00:00,0.0,0.0
2054-12-05 21:00:00,0.0,0.0
2054-12-05 22:00:00,0.0,0.0
2054-12-05 23:00:00,0.0,0.0
2054-12-06 00:00:00,0.0,0.0
2054-12-06 01:00:00,0.0,0.0
2054-12-06 02:00:00,0.0,0.0
2054-12-06 03:00:00,0.0,25.48270677641107
2054-12-06 04:00:00,0.0,93.43659151350725
2054-12-06 05:00:00,0.0,158.41749379335548
2054-12-06 06:00:00,0.0,215.75358404028037
2054-12-06 07:00:00,0.0,245.05869683315314
2054-12-06 08:00:00,0.0,245.9081203923668
2054-12-06 09:00:00,0.0,225.52195497123796
2054-12-06 10:00:00,0.0,183.90020056976653
2054-12-06 11:00:00,0.0,122.74170430637997
2054-12-06 12:00:00,0.0,52.2395488916427
2054-12-06 13:00:00,0.0,0.0
2054-12-06 14:00:00,0.0,0.0
2054-12-06 15:00:00,0.0,0.0
2054-12-06 16:00:00,0.0,0.0
2054-12-06 17:00:00,0.0,0.0
2054-12-06 18:00:00,0.0,0.0
2054-12-06 19:00:00,0.0,0.0
2054-12-06 20:00:00,0.0,0.0
2054-12-06 21:00:00,0.0,0.0
2054-12-06 22:00:00,0.0,0.0
2054-12-06 23:00:00,0.0,0.0
2054-12-07 00:00:00,0.0,0.0
2054-12-07 01:00:00,0.0,0.0
2054-12-07 02:00:00,0.0,0.0
2054-12-07 03:00:00,0.0,23.359147878376813
2054-12-07 04:00:00,0.0,86.21649126019078
2054-12-07 05:00:00,0.0,170.73413540195418
2054-12-07 06:00:00,0.0,232.74205522455443
2054-12-07 07:00:00,0.0,266.71899759310253
2054-12-07 08:00:00,0.0,265.8695740338888
2054-12-07 09:00:00,0.0,235.71503768180244
2054-12-07 10:00:00,0.0,180.07779455330487
2054-12-07 11:00:00,0.0,121.89228074716628
2054-12-07 12:00:00,0.0,46.29358397714678
2054-12-07 13:00:00,0.0,0.0
2054-12-07 14:00:00,0.0,0.0
2054-12-07 15:00:00,0.0,0.0
2054-12-07 16:00:00,0.0,0.0
2054-12-07 17:00:00,0.0,0.0
2054-12-07 18:00:00,0.0,0.0
2054-12-07 19:00:00,0.0,0.0
2054-12-07 20:00:00,0.0,0.0
2054-12-07 21:00:00,0.0,0.0
2054-12-07 22:00:00,0.0,0.0
2054-12-07 23:00:00,0.0,0.0
2054-12-08 00:00:00,0.0,0.0
2054-12-08 01:00:00,0.0,0.0
2054-12-08 02:00:00,0.0,0.0
2054-12-08 03:00:00,0.0,27.181553894838476
2054-12-08 04:00:00,0.0,96.83428575036207
2054-12-08 05:00:00,0.0,183.47548879015972
2054-12-08 06:00:00,0.0,238.68802013905034
2054-12-08 07:00:00,0.0,266.29428581349566
2054-12-08 08:00:00,0.0,273.939097846419
2054-12-08 09:00:00,0.0,265.8695740338888
2054-12-08 10:00:00,0.0,224.2478196324174
2054-12-08 11:00:00,0.0,157.14335845453493
2054-12-08 12:00:00,0.0,70.5021554147373
2054-12-08 13:00:00,0.0,1.2741353388205534
2054-12-08 14:00:00,0.0,0.0
2054-12-08 15:00:00,0.0,0.0
2054-12-08 16:00:00,0.0,0.0
2054-12-08 17:00:00,0.0,0.0
2054-12-08 18:00:00,0.0,0.0
2054-12-08 19:00:00,0.0,0.0
2054-12-08 20:00:00,0.0,0.0
2054-12-08 21:00:00,0.0,0.0
2054-12-08 22:00:00,0.0,0.0
2054-12-08 23:00:00,0.0,0.0
2054-12-09 00:00:00,0.0,0.0
2054-12-09 01:00:00,0.0,0.0
2054-12-09 02:00:00,0.0,0.0
2054-12-09 03:00:00,0.0,43.745313299505675
2054-12-09 04:00:00,0.0,133.35949879655126
2054-12-09 05:00:00,0.0,212.35588980342558
2054-12-09 06:00:00,0.0,262.89659157664084
2054-12-09 07:00:00,0.0,288.3792983530519
2054-12-09 08:00:00,0.0,291.35228081029993
2054-12-09 09:00:00,0.0,269.6919800503505
2054-12-09 10:00:00,0.0,229.7690727673065
2054-12-09 11:00:00,0.0,164.78817048745825
2054-12-09 12:00:00,0.0,77.72225566805376
2054-12-09 13:00:00,0.0,1.6988471184274048
2054-12-09 14:00:00,0.0,0.0
2054-12-09 15:00:00,0.0,0.0
2054-12-09 16:00:00,0.0,0.0
2054-12-09 17:00:00,0.0,0.0
2054-12-09 18:00:00,0.0,0.0
2054-12-09 19:00:00,0.0,0.0
2054-12-09 20:00:00,0.0,0.0
2054-12-09 21:00:00,0.0,0.0
2054-12-09 22:00:00,0.0,0.0
2054-12-09 23:00:00,0.0,0.0
2054-12-10 00:00:00,0.0,0.0
2054-12-10 01:00:00,0.0,0.0
2054-12-10 02:00:00,0.0,0.0
2054-12-10 03:00:00,0.0,48.417142875181035
2054-12-10 04:00:00,0.0,142.70315794790199
2054-12-10 05:00:00,0.0,217.02771937910097
2054-12-10 06:00:00,0.0,269.6919800503505
2054-12-10 07:00:00,0.0,295.5993986063684
2054-12-10 08:00:00,0.0,298.99709284322324
2054-12-10 09:00:00,0.0,282.0086216589492
2054-12-10 10:00:00,0.0,242.9351379351189
2054-12-10 11:00:00,0.0,179.65308277369803
2054-12-10 12:00:00,0.0,91.73774439507986
2054-12-10 13:00:00,0.0,2.9729824572479586
2054-12-10 14:00:00,0.0,0.0
2054-12-10 15:00:00,0.0,0.0
2054-12-10 16:00:00,0.0,0.0
2054-12-10 17:00:00,0.0,0.0
2054-12-10 18:00:00,0.0,0.0
2054-12-10 19:00:00,0.0,0.0
2054-12-10 20:00:00,0.0,0.0
2054-12-10 21:00:00,0.0,0.0
2054-12-10 22:00:00,0.0,0.0
2054-12-10 23:00:00,0.0,0.0
2054-12-11 00:00:00,0.0,0.0
2054-12-11 01:00:00,0.0,0.0
2054-12-11 02:00:00,0.0,0.0
2054-12-11 03:00:00,0.0,60.30907270417286
2054-12-11 04:00:00,0.0,158.41749379335548
2054-12-11 05:00:00,0.0,231.4679198857339
2054-12-11 06:00:00,0.0,278.1862156424875
2054-12-11 07:00:00,0.0,301.97007530047114
2054-12-11 08:00:00,0.0,304.0936341985054
2054-12-11 09:00:00,0.0,285.40631589580397
2054-12-11 10:00:00,0.0,245.05869683315314
2054-12-11 11:00:00,0.0,181.35192989212544
2054-12-11 12:00:00,0.0,93.8613032931141
2054-12-11 13:00:00,0.0,3.3976942368548095
2054-12-11 14:00:00,0.0,0.0
2054-12-11 15:00:00,0.0,0.0
2054-12-11 16:00:00,0.0,0.0
2054-12-11 17:00:00,0.0,0.0
2054-12-11 18:00:00,0.0,0.0
2054-12-11 19:00:00,0.0,0.0
2054-12-11 20:00:00,0.0,0.0
2054-12-11 21:00:00,0.0,0.0
2054-12-11 22:00:00,0.0,0.0
2054-12-11 23:00:00,0.0,0.0
2054-12-12 00:00:00,0.0,0.0
2054-12-12 01:00:00,0.0,0.0
2054-12-12 02:00:00,0.0,0.0
2054-12-12 03:00:00,0.0,52.664260671249544
2054-12-12 04:00:00,0.0,148.22441108279105
2054-12-12 05:00:00,0.0,221.27483717516947
2054-12-12 06:00:00,0.0,268.41784471152994
2054-12-12 07:00:00,0.0,291.77699258990674
2054-12-12 08:00:00,0.0,294.3252632675478
2054-12-12 09:00:00,0.0,273.939097846419
2054-12-12 10:00:00,0.0,232.74205522455443
2054-12-12 11:00:00,0.0,166.91172938549252
2054-12-12 12:00:00,0.0,78.99639100687432
2054-12-12 13:00:00,0.0,0.8494235592137024
2054-12-12 14:00:00,0.0,0.0
2054-12-12 15:00:00,0.0,0.0
2054-12-12 16:00:00,0.0,0.0
2054-12-12 17:00:00,0.0,0.0
2054-12-12 18:00:00,0.0,0.0
2054-12-12 19:00:00,0.0,0.0
2054-12-12 20:00:00,0.0,0.0
2054-12-12 21:00:00,0.0,0.0
2054-12-12 22:00:00,0.0,0.0
2054-12-12 23:00:00,0.0,0.0
2054-12-13 00:00:00,0.0,0.0
2054-12-13 01:00:00,0.0,0.0
2054-12-13 02:00:00,0.0,0.0
2054-12-13 03:00:00,0.0,59.884360924566
2054-12-13 04:00:00,0.0,160.9657644709966
2054-12-13 05:00:00,0.0,234.86561412258865
2054-12-13 06:00:00,0.0,282.433333438556
2054-12-13 07:00:00,0.0,306.64190487614655
2054-12-13 08:00:00,0.0,309.19017555378764
2054-12-13 09:00:00,0.0,291.35228081029993
2054-12-13 10:00:00,0.0,251.00466174764907
2054-12-13 11:00:00,0.0,186.8731830270145
2054-12-13 12:00:00,0.0,98.53313286878947
2054-12-13 13:00:00,0.0,3.8224060164616604
2054-12-13 14:00:00,0.0,0.0
2054-12-13 15:00:00,0.0,0.0
2054-12-13 16:00:00,0.0,0.0
2054-12-13 17:00:00,0.0,0.0
2054-12-13 18:00:00,0.0,0.0
2054-12-13 19:00:00,0.0,0.0
2054-12-13 20:00:00,0.0,0.0
2054-12-13 21:00:00,0.0,0.0
2054-12-13 22:00:00,0.0,0.0
2054-12-13 23:00:00,0.0,0.0
2054-12-14 00:00:00,0.0,0.0
2054-12-14 01:00:00,0.0,0.0
2054-12-14 02:00:00,0.0,0.0
2054-12-14 03:00:00,0.0,60.73378448377972
2054-12-14 04:00:00,0.0,157.99278201374864
2054-12-14 05:00:00,0.0,230.19378454691338
2054-12-14 06:00:00,0.0,276.4873685240602
2054-12-14 07:00:00,0.0,300.2712281820438
2054-12-14 08:00:00,0.0,302.81949885968487
2054-12-14 09:00:00,0.0,284.55689233659024
2054-12-14 10:00:00,0.0,245.05869683315314
2054-12-14 11:00:00,0.0,181.35192989212544
2054-12-14 12:00:00,0.0,92.1624561746867
2054-12-14 13:00:00,0.0,2.9729824572479586
2054-12-14 14:00:00,0.0,0.0
2054-12-14 15:00:00,0.0,0.0
2054-12-14 16:00:00,0.0,0.0
2054-12-14 17:00:00,0.0,0.0
2054-12-14 18:00:00,0.0,0.0
2054-12-14 19:00:00,0.0,0.0
2054-12-14 20:00:00,0.0,0.0
2054-12-14 21:00:00,0.0,0.0
2054-12-14 22:00:00,0.0,0.0
2054-12-14 23:00:00,0.0,0.0
2054-12-15 00:00:00,0.0,0.0
2054-12-15 01:00:00,0.0,0.0
2054-12-15 02:00:00,0.0,0.0
2054-12-15 03:00:00,0.0,55.21253134889066
2054-12-15 04:00:00,0.0,152.0468170992527
2054-12-15 05:00:00,0.0,225.52195497123796
2054-12-15 06:00:00,0.0,273.939097846419
2054-12-15 07:00:00,0.0,298.5723810636164
2054-12-15 08:00:00,0.0,301.97007530047114
2054-12-15 09:00:00,0.0,284.55689233659024
2054-12-15 10:00:00,0.0,244.63398505354627
2054-12-15 11:00:00,0.0,180.50250633291174
2054-12-15 12:00:00,0.0,91.313032615473
2054-12-15 13:00:00,0.0,2.9729824572479586
2054-12-15 14:00:00,0.0,0.0
2054-12-15 15:00:00,0.0,0.0
2054-12-15 16:00:00,0.0,0.0
2054-12-15 17:00:00,0.0,0.0
2054-12-15 18:00:00,0.0,0.0
2054-12-15 19:00:00,0.0,0.0
2054-12-15 20:00:00,0.0,0.0
2054-12-15 21:00:00,0.0,0.0
2054-12-15 22:00:00,0.0,0.0
2054-12-15 23:00:00,0.0,0.0
2054-12-16 00:00:00,0.0,0.0
2054-12-16 01:00:00,0.0,0.0
2054-12-16 02:00:00,0.0,0.0
2054-12-16 03:00:00,0.0,57.33609024692491
2054-12-16 04:00:00,0.0,153.7456642176801
2054-12-16 05:00:00,0.0,226.7960903100585
2054-12-16 06:00:00,0.0,272.6649625075985
2054-12-16 07:00:00,0.0,297.29824572479583
2054-12-16 08:00:00,0.0,300.6959399616506
2054-12-16 09:00:00,0.0,282.85804521816294
2054-12-16 10:00:00,0.0,240.38686725747777
2054-12-16 11:00:00,0.0,175.4059649776295
2054-12-16 12:00:00,0.0,84.94235592137024
2054-12-16 13:00:00,0.0,2.548270677641107
2054-12-16 14:00:00,0.0,0.0
2054-12-16 15:00:00,0.0,0.0
2054-12-16 16:00:00,0.0,0.0
2054-12-16 17:00:00,0.0,0.0
2054-12-16 18:00:00,0.0,0.0
2054-12-16 19:00:00,0.0,0.0
2054-12-16 20:00:00,0.0,0.0
2054-12-16 21:00:00,0.0,0.0
2054-12-16 22:00:00,0.0,0.0
2054-12-16 23:00:00,0.0,0.0
2054-12-17 00:00:00,0.0,0.0
2054-12-17 01:00:00,0.0,0.0
2054-12-17 02:00:00,0.0,0.0
2054-12-17 03:00:00,0.0,36.94992482579605
2054-12-17 04:00:00,0.0,119.34401006952517
2054-12-17 05:00:00,0.0,219.15127827713522
2054-12-17 06:00:00,0.0,260.34832089899976
2054-12-17 07:00:00,0.0,297.29824572479583
2054-12-17 08:00:00,0.0,302.39478708007806
2054-12-17 09:00:00,0.0,284.55689233659024
2054-12-17 10:00:00,0.0,248.0316792904011
2054-12-17 11:00:00,0.0,183.47548879015972
2054-12-17 12:00:00,0.0,80.69523812530171
2054-12-17 13:00:00,0.0,1.6988471184274048
2054-12-17 14:00:00,0.0,0.0
2054-12-17 15:00:00,0.0,0.0
2054-12-17 16:00:00,0.0,0.0
2054-12-17 17:00:00,0.0,0.0
2054-12-17 18:00:00,0.0,0.0
2054-12-17 19:00:00,0.0,0.0
2054-12-17 20:00:00,0.0,0.0
2054-12-17 21:00:00,0.0,0.0
2054-12-17 22:00:00,0.0,0.0
2054-12-17 23:00:00,0.0,0.0
2054-12-18 00:00:00,0.0,0.0
2054-12-18 01:00:00,0.0,0.0
2054-12-18 02:00:00,0.0,0.0
2054-12-18 03:00:00,0.0,33.55223058894124
2054-12-18 04:00:00,0.0,117.22045117149092
2054-12-18 05:00:00,0.0,190.27087726386935
2054-12-18 06:00:00,0.0,256.95062666214494
2054-12-18 07:00:00,0.0,298.5723810636164
2054-12-18 08:00:00,0.0,303.24421063929174
2054-12-18 09:00:00,0.0,286.68045123462457
2054-12-18 10:00:00,0.0,248.45639107000795
2054-12-18 11:00:00,0.0,185.17433590858712
2054-12-18 12:00:00,0.0,94.71072685232781
2054-12-18 13:00:00,0.0,2.9729824572479586
2054-12-18 14:00:00,0.0,0.0
2054-12-18 15:00:00,0.0,0.0
2054-12-18 16:00:00,0.0,0.0
2054-12-18 17:00:00,0.0,0.0
2054-12-18 18:00:00,0.0,0.0
2054-12-18 19:00:00,0.0,0.0
2054-12-18 20:00:00,0.0,0.0
2054-12-18 21:00:00,0.0,0.0
2054-12-18 22:00:00,0.0,0.0
2054-12-18 23:00:00,0.0,0.0
2054-12-19 00:00:00,0.0,0.0
2054-12-19 01:00:00,0.0,0.0
2054-12-19 02:00:00,0.0,0.0
2054-12-19 03:00:00,0.0,49.26656643439474
2054-12-19 04:00:00,0.0,152.0468170992527
2054-12-19 05:00:00,0.0,225.94666675084483
2054-12-19 06:00:00,0.0,273.51438606681216
2054-12-19 07:00:00,0.0,297.29824572479583
2054-12-19 08:00:00,0.0,299.42180462283005
2054-12-19 09:00:00,0.0,280.3097745405218
2054-12-19 10:00:00,0.0,236.13974946140928
2054-12-19 11:00:00,0.0,170.30942362234734
2054-12-19 12:00:00,0.0,82.81879702333597
2054-12-19 13:00:00,0.0,1.6988471184274048
2054-12-19 14:00:00,0.0,0.0
2054-12-19 15:00:00,0.0,0.0
2054-12-19 16:00:00,0.0,0.0
2054-12-19 17:00:00,0.0,0.0
2054-12-19 18:00:00,0.0,0.0
2054-12-19 19:00:00,0.0,0.0
2054-12-19 20:00:00,0.0,0.0
2054-12-19 21:00:00,0.0,0.0
2054-12-19 22:00:00,0.0,0.0
2054-12-19 23:00:00,0.0,0.0
2054-12-20 00:00:00,0.0,0.0
2054-12-20 01:00:00,0.0,0.0
2054-12-20 02:00:00,0.0,0.0
2054-12-20 03:00:00,0.0,39.49819550343716
2054-12-20 04:00:00,0.0,130.3865163393033
2054-12-20 05:00:00,0.0,206.83463666853652
2054-12-20 06:00:00,0.0,269.6919800503505
2054-12-20 07:00:00,0.0,293.47583970833415
2054-12-20 08:00:00,0.0,295.5993986063684
2054-12-20 09:00:00,0.0,272.24025072799157
2054-12-20 10:00:00,0.0,229.34436098769964
2054-12-20 11:00:00,0.0,161.39047625060343
2054-12-20 12:00:00,0.0,70.92686719434414
2054-12-20 13:00:00,0.0,0.0
2054-12-20 14:00:00,0.0,0.0
2054-12-20 15:00:00,0.0,0.0
2054-12-20 16:00:00,0.0,0.0
2054-12-20 17:00:00,0.0,0.0
2054-12-20 18:00:00,0.0,0.0
2054-12-20 19:00:00,0.0,0.0
2054-12-20 20:00:00,0.0,0.0
2054-12-20 21:00:00,0.0,0.0
2054-12-20 22:00:00,0.0,0.0
2054-12-20 23:00:00,0.0,0.0
2054-12-21 00:00:00,0.0,0.0
2054-12-21 01:00:00,0.0,0.0
2054-12-21 02:00:00,0.0,0.0
2054-12-21 03:00:00,0.0,47.14300753636048
2054-12-21 04:00:00,0.0,144.4020050663294
2054-12-21 05:00:00,0.0,220.85012539556263
2054-12-21 06:00:00,0.0,270.966115389171
2054-12-21 07:00:00,0.0,296.4488221655821
2054-12-21 08:00:00,0.0,298.14766928400945
2054-12-21 09:00:00,0.0,275.2132331852396
2054-12-21 10:00:00,0.0,231.04320810612703
2054-12-21 11:00:00,0.0,153.32095243807328
2054-12-21 12:00:00,0.0,70.07744363513045
2054-12-21 13:00:00,0.0,0.8494235592137024
2054-12-21 14:00:00,0.0,0.0
2054-12-21 15:00:00,0.0,0.0
2054-12-21 16:00:00,0.0,0.0
2054-12-21 17:00:00,0.0,0.0
2054-12-21 18:00:00,0.0,0.0
2054-12-21 19:00:00,0.0,0.0
2054-12-21 20:00:00,0.0,0.0
2054-12-21 21:00:00,0.0,0.0
2054-12-21 22:00:00,0.0,0.0
2054-12-21 23:00:00,0.0,0.0
2054-12-22 00:00:00,0.0,0.0
2054-12-22 01:00:00,0.0,0.0
2054-12-22 02:00:00,0.0,0.0
2054-12-22 03:00:00,0.0,52.664260671249544
2054-12-22 04:00:00,0.0,149.07383464200473
2054-12-22 05:00:00,0.0,223.3983960732037
2054-12-22 06:00:00,0.0,271.3908271687779
2054-12-22 07:00:00,0.0,296.87353394518897
2054-12-22 08:00:00,0.0,298.99709284322324
2054-12-22 09:00:00,0.0,279.885062760915
2054-12-22 10:00:00,0.0,241.66100259629832
2054-12-22 11:00:00,0.0,180.07779455330487
2054-12-22 12:00:00,0.0,90.4636090562593
2054-12-22 13:00:00,0.0,2.548270677641107
2054-12-22 14:00:00,0.0,0.0
2054-12-22 15:00:00,0.0,0.0
2054-12-22 16:00:00,0.0,0.0
2054-12-22 17:00:00,0.0,0.0
2054-12-22 18:00:00,0.0,0.0
2054-12-22 19:00:00,0.0,0.0
2054-12-22 20:00:00,0.0,0.0
2054-12-22 21:00:00,0.0,0.0
2054-12-22 22:00:00,0.0,0.0
2054-12-22 23:00:00,0.0,0.0
2054-12-23 00:00:00,0.0,0.0
2054-12-23 01:00:00,0.0,0.0
2054-12-23 02:00:00,0.0,0.0
2054-12-23 03:00:00,0.0,66.25503761866878
2054-12-23 04:00:00,0.0,166.48701760588568
2054-12-23 05:00:00,0.0,239.53744369826407
2054-12-23 06:00:00,0.0,287.52987479383825
2054-12-23 07:00:00,0.0,311.31373445182186
2054-12-23 08:00:00,0.0,314.28671690906987
2054-12-23 09:00:00,0.0,296.02411038597523
2054-12-23 10:00:00,0.0,254.8270677641107
2054-12-23 11:00:00,0.0,189.42145370465562
2054-12-23 12:00:00,0.0,98.10842108918263
2054-12-23 13:00:00,0.0,3.8224060164616604
2054-12-23 14:00:00,0.0,0.0
2054-12-23 15:00:00,0.0,0.0
2054-12-23 16:00:00,0.0,0.0
2054-12-23 17:00:00,0.0,0.0
2054-12-23 18:00:00,0.0,0.0
2054-12-23 19:00:00,0.0,0.0
2054-12-23 20:00:00,0.0,0.0
2054-12-23 21:00:00,0.0,0.0
2054-12-23 22:00:00,0.0,0.0
2054-12-23 23:00:00,0.0,0.0
2054-12-24 00:00:00,0.0,0.0
2054-12-24 01:00:00,0.0,0.0
2054-12-24 02:00:00,0.0,0.0
2054-12-24 03:00:00,0.0,54.787819569283805
2054-12-24 04:00:00,0.0,157.56807023414177
2054-12-24 05:00:00,0.0,231.4679198857339
2054-12-24 06:00:00,0.0,271.81553894838476
2054-12-24 07:00:00,0.0,293.0511279287273
2054-12-24 08:00:00,0.0,293.90055148794096
2054-12-24 09:00:00,0.0,274.3638096260259
2054-12-24 10:00:00,0.0,234.016190563375
2054-12-24 11:00:00,0.0,172.00827074077472
2054-12-24 12:00:00,0.0,86.21649126019078
2054-12-24 13:00:00,0.0,2.9729824572479586
2054-12-24 14:00:00,0.0,0.0
2054-12-24 15:00:00,0.0,0.0
2054-12-24 16:00:00,0.0,0.0
2054-12-24 17:00:00,0.0,0.0
2054-12-24 18:00:00,0.0,0.0
2054-12-24 19:00:00,0.0,0.0
2054-12-24 20:00:00,0.0,0.0
2054-12-24 21:00:00,0.0,0.0
2054-12-24 22:00:00,0.0,0.0
2054-12-24 23:00:00,0.0,0.0
2054-12-25 00:00:00,0.0,0.0
2054-12-25 01:00:00,0.0,0.0
2054-12-25 02:00:00,0.0,0.0
2054-12-25 03:00:00,0.0,71.77629075355786
2054-12-25 04:00:00,0.0,171.15884718156104
2054-12-25 05:00:00,0.0,243.3598497147257
2054-12-25 06:00:00,0.0,289.6534336918725
2054-12-25 07:00:00,0.0,313.43729334985613
2054-12-25 08:00:00,0.0,315.5608522478904
2054-12-25 09:00:00,0.0,298.5723810636164
2054-12-25 10:00:00,0.0,257.8000502213587
2054-12-25 11:00:00,0.0,192.81914794151044
2054-12-25 12:00:00,0.0,101.50611532603742
2054-12-25 13:00:00,0.0,4.671829575675363
2054-12-25 14:00:00,0.0,0.0
2054-12-25 15:00:00,0.0,0.0
2054-12-25 16:00:00,0.0,0.0
2054-12-25 17:00:00,0.0,0.0
2054-12-25 18:00:00,0.0,0.0
2054-12-25 19:00:00,0.0,0.0
2054-12-25 20:00:00,0.0,0.0
2054-12-25 21:00:00,0.0,0.0
2054-12-25 22:00:00,0.0,0.0
2054-12-25 23:00:00,0.0,0.0
2054-12-26 00:00:00,0.0,0.0
2054-12-26 01:00:00,0.0,0.0
2054-12-26 02:00:00,0.0,0.0
2054-12-26 03:00:00,0.0,52.664260671249544
2054-12-26 04:00:00,0.0,152.0468170992527
2054-12-26 05:00:00,0.0,233.16676700416127
2054-12-26 06:00:00,0.0,273.939097846419
2054-12-26 07:00:00,0.0,301.97007530047114
2054-12-26 08:00:00,0.0,289.22872191226566
2054-12-26 09:00:00,0.0,240.81157903708464
2054-12-26 10:00:00,0.0,186.0237594678008
2054-12-26 11:00:00,0.0,121.89228074716628
2054-12-26 12:00:00,0.0,52.664260671249544
2054-12-26 13:00:00,0.0,0.0
2054-12-26 14:00:00,0.0,0.0
2054-12-26 15:00:00,0.0,0.0
2054-12-26 16:00:00,0.0,0.0
2054-12-26 17:00:00,0.0,0.0
2054-12-26 18:00:00,0.0,0.0
2054-12-26 19:00:00,0.0,0.0
2054-12-26 20:00:00,0.0,0.0
2054-12-26 21:00:00,0.0,0.0
2054-12-26 22:00:00,0.0,0.0
2054-12-26 23:00:00,0.0,0.0
2054-12-27 00:00:00,0.0,0.0
2054-12-27 01:00:00,0.0,0.0
2054-12-27 02:00:00,0.0,0.0
2054-12-27 03:00:00,0.0,25.05799499680422
2054-12-27 04:00:00,0.0,80.27052634569486
2054-12-27 05:00:00,0.0,138.4560401518335
2054-12-27 06:00:00,0.0,183.90020056976653
2054-12-27 07:00:00,0.0,211.93117802381872
2054-12-27 08:00:00,0.0,214.9041604810667
2054-12-27 09:00:00,0.0,180.9272181125186
2054-12-27 10:00:00,0.0,141.0043108294746
2054-12-27 11:00:00,0.0,93.0118797339004
2054-12-27 12:00:00,0.0,39.07348372383031
2054-12-27 13:00:00,0.0,0.0
2054-12-27 14:00:00,0.0,0.0
2054-12-27 15:00:00,0.0,0.0
2054-12-27 16:00:00,0.0,0.0
2054-12-27 17:00:00,0.0,0.0
2054-12-27 18:00:00,0.0,0.0
2054-12-27 19:00:00,0.0,0.0
2054-12-27 20:00:00,0.0,0.0
2054-12-27 21:00:00,0.0,0.0
2054-12-27 22:00:00,0.0,0.0
2054-12-27 23:00:00,0.0,0.0
2054-12-28 00:00:00,0.0,0.0
2054-12-28 01:00:00,0.0,0.0
2054-12-28 02:00:00,0.0,0.0
2054-12-28 03:00:00,0.0,14.015488727026087
2054-12-28 04:00:00,0.0,56.91137846731805
2054-12-28 05:00:00,0.0,95.13543863193468
2054-12-28 06:00:00,0.0,118.91929828991832
2054-12-28 07:00:00,0.0,126.56411032284166
2054-12-28 08:00:00,0.0,119.768721849132
2054-12-28 09:00:00,0.0,101.08140354643058
2054-12-28 10:00:00,0.0,78.14696744766061
2054-12-28 11:00:00,0.0,50.54070177321529
2054-12-28 12:00:00,0.0,19.961453641522006
2054-12-28 13:00:00,0.0,0.0
2054-12-28 14:00:00,0.0,0.0
2054-12-28 15:00:00,0.0,0.0
2054-12-28 16:00:00,0.0,0.0
2054-12-28 17:00:00,0.0,0.0
2054-12-28 18:00:00,0.0,0.0
2054-12-28 19:00:00,0.0,0.0
2054-12-28 20:00:00,0.0,0.0
2054-12-28 21:00:00,0.0,0.0
2054-12-28 22:00:00,0.0,0.0
2054-12-28 23:00:00,0.0,0.0
2054-12-29 00:00:00,0.0,0.0
2054-12-29 01:00:00,0.0,0.0
2054-12-29 02:00:00,0.0,0.0
2054-12-29 03:00:00,0.0,26.75684211523162
2054-12-29 04:00:00,0.0,95.13543863193468
2054-12-29 05:00:00,0.0,171.5835589611679
2054-12-29 06:00:00,0.0,196.6415539579721
2054-12-29 07:00:00,0.0,211.50646624421188
2054-12-29 08:00:00,0.0,211.08175446460504
2054-12-29 09:00:00,0.0,201.31338353364745
2054-12-29 10:00:00,0.0,160.54105269138972
2054-12-29 11:00:00,0.0,103.62967422407168
2054-12-29 12:00:00,0.0,36.94992482579605
2054-12-29 13:00:00,0.0,0.0
2054-12-29 14:00:00,0.0,0.0
2054-12-29 15:00:00,0.0,0.0
2054-12-29 16:00:00,0.0,0.0
2054-12-29 17:00:00,0.0,0.0
2054-12-29 18:00:00,0.0,0.0
2054-12-29 19:00:00,0.0,0.0
2054-12-29 20:00:00,0.0,0.0
2054-12-29 21:00:00,0.0,0.0
2054-12-29 22:00:00,0.0,0.0
2054-12-29 23:00:00,0.0,0.0
2054-12-30 00:00:00,0.0,0.0
2054-12-30 01:00:00,0.0,0.0
2054-12-30 02:00:00,0.0,0.0
2054-12-30 03:00:00,0.0,48.417142875181035
2054-12-30 04:00:00,0.0,143.12786972750885
2054-12-30 05:00:00,0.0,217.02771937910097
2054-12-30 06:00:00,0.0,264.59543869506825
2054-12-30 07:00:00,0.0,279.03563920170126
2054-12-30 08:00:00,0.0,284.1321805569834
2054-12-30 09:00:00,0.0,244.63398505354627
2054-12-30 10:00:00,0.0,186.8731830270145
2054-12-30 11:00:00,0.0,132.51007523733756
2054-12-30 12:00:00,0.0,60.73378448377972
2054-12-30 13:00:00,0.0,0.8494235592137024
2054-12-30 14:00:00,0.0,0.0
2054-12-30 15:00:00,0.0,0.0
2054-12-30 16:00:00,0.0,0.0
2054-12-30 17:00:00,0.0,0.0
2054-12-30 18:00:00,0.0,0.0
2054-12-30 19:00:00,0.0,0.0
2054-12-30 20:00:00,0.0,0.0
2054-12-30 21:00:00,0.0,0.0
2054-12-30 22:00:00,0.0,0.0
2054-12-30 23:00:00,0.0,0.0
2054-12-31 00:00:00,0.0,0.0
2054-12-31 01:00:00,0.0,0.0
2054-12-31 02:00:00,0.0,0.0
2054-12-31 03:00:00,0.0,60.73378448377972
2054-12-31 04:00:00,0.0,155.8692231157144
2054-12-31 05:00:00,0.0,228.49493742848594
2054-12-31 06:00:00,0.0,260.7730326786066
2054-12-31 07:00:00,0.0,279.46035098130807
2054-12-31 08:00:00,0.0,273.939097846419
2054-12-31 09:00:00,0.0,273.0896742872053
2054-12-31 10:00:00,0.0,225.94666675084483
2054-12-31 11:00:00,0.0,166.06230582627882
2054-12-31 12:00:00,0.0,69.22802007591675
2054-12-31 13:00:00,0.0,0.8494235592137024
2054-12-31 14:00:00,0.0,0.0
2054-12-31 15:00:00,0.0,0.0
2054-12-31 16:00:00,0.0,0.0
2054-12-31 17:00:00,0.0,0.0
2054-12-31 18:00:00,0.0,0.0
2054-12-31 19:00:00,0.0,0.0
2054-12-31 20:00:00,0.0,0.0
2054-12-31 21:00:00,0.0,0.0
2054-12-31 22:00:00,0.0,0.0
2054-12-31 23:00:00,0.0,0.0
