timestamp,P_wind_MW,P_solar_MW
2032-01-01 00:00:00,0.0,0.0
2032-01-01 01:00:00,0.0,0.0
2032-01-01 02:00:00,0.0,0.0
2032-01-01 03:00:00,0.0,78.15856675130158
2032-01-01 04:00:00,0.0,188.44366094025477
2032-01-01 05:00:00,0.0,269.9587305581766
2032-01-01 06:00:00,0.0,320.3062735574813
2032-01-01 07:00:00,0.0,347.6377968999611
2032-01-01 08:00:00,0.0,350.9942997665814
2032-01-01 09:00:00,0.0,329.41678133830794
2032-01-01 10:00:00,0.0,283.3847420246579
2032-01-01 11:00:00,0.0,210.02117936852818
2032-01-01 12:00:00,0.0,106.92859132233285
2032-01-01 13:00:00,0.0,4.315503685654689
2032-01-01 14:00:00,0.0,0.0
2032-01-01 15:00:00,0.0,0.0
2032-01-01 16:00:00,0.0,0.0
2032-01-01 17:00:00,0.0,0.0
2032-01-01 18:00:00,0.0,0.0
2032-01-01 19:00:00,0.0,0.0
2032-01-01 20:00:00,0.0,0.0
2032-01-01 21:00:00,0.0,0.0
2032-01-01 22:00:00,0.0,0.0
2032-01-01 23:00:00,0.0,0.0
2032-01-02 00:00:00,0.0,0.0
2032-01-02 01:00:00,0.0,0.0
2032-01-02 02:00:00,0.0,0.0
2032-01-02 03:00:00,0.0,72.88406224661252
2032-01-02 04:00:00,0.0,183.1691564355657
2032-01-02 05:00:00,0.0,265.64322687252195
2032-01-02 06:00:00,0.0,318.38827191941266
2032-01-02 07:00:00,0.0,345.7197952618923
2032-01-02 08:00:00,0.0,348.1172973094782
2032-01-02 09:00:00,0.0,326.06027847168764
2032-01-02 10:00:00,0.0,279.5487387485204
2032-01-02 11:00:00,0.0,205.7056756828735
2032-01-02 12:00:00,0.0,103.09258804619535
2032-01-02 13:00:00,0.0,4.315503685654689
2032-01-02 14:00:00,0.0,0.0
2032-01-02 15:00:00,0.0,0.0
2032-01-02 16:00:00,0.0,0.0
2032-01-02 17:00:00,0.0,0.0
2032-01-02 18:00:00,0.0,0.0
2032-01-02 19:00:00,0.0,0.0
2032-01-02 20:00:00,0.0,0.0
2032-01-02 21:00:00,0.0,0.0
2032-01-02 22:00:00,0.0,0.0
2032-01-02 23:00:00,0.0,0.0
2032-01-03 00:00:00,0.0,0.0
2032-01-03 01:00:00,0.0,0.0
2032-01-03 02:00:00,0.0,0.0
2032-01-03 03:00:00,0.0,78.15856675130158
2032-01-03 04:00:00,0.0,187.96416053073756
2032-01-03 05:00:00,0.0,270.4382309676938
2032-01-03 06:00:00,0.0,324.1422768336189
2032-01-03 07:00:00,0.0,350.51479935706413
2032-01-03 08:00:00,0.0,352.9123014046501
2032-01-03 09:00:00,0.0,331.8142833858938
2032-01-03 10:00:00,0.0,286.261744481761
2032-01-03 11:00:00,0.0,213.3776822351485
2032-01-03 12:00:00,0.0,111.24409500798754
2032-01-03 13:00:00,0.0,5.754004914206252
2032-01-03 14:00:00,0.0,0.0
2032-01-03 15:00:00,0.0,0.0
2032-01-03 16:00:00,0.0,0.0
2032-01-03 17:00:00,0.0,0.0
2032-01-03 18:00:00,0.0,0.0
2032-01-03 19:00:00,0.0,0.0
2032-01-03 20:00:00,0.0,0.0
2032-01-03 21:00:00,0.0,0.0
2032-01-03 22:00:00,0.0,0.0
2032-01-03 23:00:00,0.0,0.0
2032-01-04 00:00:00,0.0,0.0
2032-01-04 01:00:00,0.0,0.0
2032-01-04 02:00:00,0.0,0.0
2032-01-04 03:00:00,0.0,81.9945700274391
2032-01-04 04:00:00,0.0,193.23866503542664
2032-01-04 05:00:00,0.0,273.7947338343142
2032-01-04 06:00:00,0.0,323.6627764241017
2032-01-04 07:00:00,0.0,349.0762981285126
2032-01-04 08:00:00,0.0,350.9942997665814
2032-01-04 09:00:00,0.0,329.89628174782507
2032-01-04 10:00:00,0.0,283.3847420246579
2032-01-04 11:00:00,0.0,210.5006797780454
2032-01-04 12:00:00,0.0,108.36709255088441
2032-01-04 13:00:00,0.0,5.754004914206252
2032-01-04 14:00:00,0.0,0.0
2032-01-04 15:00:00,0.0,0.0
2032-01-04 16:00:00,0.0,0.0
2032-01-04 17:00:00,0.0,0.0
2032-01-04 18:00:00,0.0,0.0
2032-01-04 19:00:00,0.0,0.0
2032-01-04 20:00:00,0.0,0.0
2032-01-04 21:00:00,0.0,0.0
2032-01-04 22:00:00,0.0,0.0
2032-01-04 23:00:00,0.0,0.0
2032-01-05 00:00:00,0.0,0.0
2032-01-05 01:00:00,0.0,0.0
2032-01-05 02:00:00,0.0,0.0
2032-01-05 03:00:00,0.0,73.8430630656469
2032-01-05 04:00:00,0.0,182.2101556165313
2032-01-05 05:00:00,0.0,262.28672400590165
2032-01-05 06:00:00,0.0,309.75726454810325
2032-01-05 07:00:00,0.0,335.1707862525142
2032-01-05 08:00:00,0.0,337.0887878905829
2032-01-05 09:00:00,0.0,316.47027028134386
2032-01-05 10:00:00,0.0,269.47923014865944
2032-01-05 11:00:00,0.0,194.19766585446098
2032-01-05 12:00:00,0.0,90.62557739874845
2032-01-05 13:00:00,0.0,2.397502047585938
2032-01-05 14:00:00,0.0,0.0
2032-01-05 15:00:00,0.0,0.0
2032-01-05 16:00:00,0.0,0.0
2032-01-05 17:00:00,0.0,0.0
2032-01-05 18:00:00,0.0,0.0
2032-01-05 19:00:00,0.0,0.0
2032-01-05 20:00:00,0.0,0.0
2032-01-05 21:00:00,0.0,0.0
2032-01-05 22:00:00,0.0,0.0
2032-01-05 23:00:00,0.0,0.0
2032-01-06 00:00:00,0.0,0.0
2032-01-06 01:00:00,0.0,0.0
2032-01-06 02:00:00,0.0,0.0
2032-01-06 03:00:00,0.0,55.142547094476576
2032-01-06 04:00:00,0.0,156.79663391212037
2032-01-06 05:00:00,0.0,248.8607125394204
2032-01-06 06:00:00,0.0,305.4417608624486
2032-01-06 07:00:00,0.0,335.1707862525142
2032-01-06 08:00:00,0.0,339.48628993816885
2032-01-06 09:00:00,0.0,318.8677723289298
2032-01-06 10:00:00,0.0,271.8767321962454
2032-01-06 11:00:00,0.0,197.5541687210813
2032-01-06 12:00:00,0.0,93.5025798558516
2032-01-06 13:00:00,0.0,3.356502866620314
2032-01-06 14:00:00,0.0,0.0
2032-01-06 15:00:00,0.0,0.0
2032-01-06 16:00:00,0.0,0.0
2032-01-06 17:00:00,0.0,0.0
2032-01-06 18:00:00,0.0,0.0
2032-01-06 19:00:00,0.0,0.0
2032-01-06 20:00:00,0.0,0.0
2032-01-06 21:00:00,0.0,0.0
2032-01-06 22:00:00,0.0,0.0
2032-01-06 23:00:00,0.0,0.0
2032-01-07 00:00:00,0.0,0.0
2032-01-07 01:00:00,0.0,0.0
2032-01-07 02:00:00,0.0,0.0
2032-01-07 03:00:00,0.0,78.15856675130158
2032-01-07 04:00:00,0.0,187.48466012122037
2032-01-07 05:00:00,0.0,269.9587305581766
2032-01-07 06:00:00,0.0,322.2242751955501
2032-01-07 07:00:00,0.0,350.035298947547
2032-01-07 08:00:00,0.0,352.43280099513294
2032-01-07 09:00:00,0.0,327.9782801097564
2032-01-07 10:00:00,0.0,280.5077395675548
2032-01-07 11:00:00,0.0,205.22617527335632
2032-01-07 12:00:00,0.0,100.21558558909221
2032-01-07 13:00:00,0.0,3.836003276137501
2032-01-07 14:00:00,0.0,0.0
2032-01-07 15:00:00,0.0,0.0
2032-01-07 16:00:00,0.0,0.0
2032-01-07 17:00:00,0.0,0.0
2032-01-07 18:00:00,0.0,0.0
2032-01-07 19:00:00,0.0,0.0
2032-01-07 20:00:00,0.0,0.0
2032-01-07 21:00:00,0.0,0.0
2032-01-07 22:00:00,0.0,0.0
2032-01-07 23:00:00,0.0,0.0
2032-01-08 00:00:00,0.0,0.0
2032-01-08 01:00:00,0.0,0.0
2032-01-08 02:00:00,0.0,0.0
2032-01-08 03:00:00,0.0,75.28156429419846
2032-01-08 04:00:00,0.0,187.48466012122037
2032-01-08 05:00:00,0.0,269.9587305581766
2032-01-08 06:00:00,0.0,321.2652743765157
2032-01-08 07:00:00,0.0,348.1172973094782
2032-01-08 08:00:00,0.0,350.035298947547
2032-01-08 09:00:00,0.0,328.9372809287908
2032-01-08 10:00:00,0.0,281.4667403865892
2032-01-08 11:00:00,0.0,207.14417691142506
2032-01-08 12:00:00,0.0,105.01058968426409
2032-01-08 13:00:00,0.0,5.754004914206252
2032-01-08 14:00:00,0.0,0.0
2032-01-08 15:00:00,0.0,0.0
2032-01-08 16:00:00,0.0,0.0
2032-01-08 17:00:00,0.0,0.0
2032-01-08 18:00:00,0.0,0.0
2032-01-08 19:00:00,0.0,0.0
2032-01-08 20:00:00,0.0,0.0
2032-01-08 21:00:00,0.0,0.0
2032-01-08 22:00:00,0.0,0.0
2032-01-08 23:00:00,0.0,0.0
2032-01-09 00:00:00,0.0,0.0
2032-01-09 01:00:00,0.0,0.0
2032-01-09 02:00:00,0.0,0.0
2032-01-09 03:00:00,0.0,79.59706797985316
2032-01-09 04:00:00,0.0,189.40266175928915
2032-01-09 05:00:00,0.0,271.39723178672824
2032-01-09 06:00:00,0.0,325.10127765265327
2032-01-09 07:00:00,0.0,351.4738001760985
2032-01-09 08:00:00,0.0,354.3508026332017
2032-01-09 09:00:00,0.0,330.3757821573423
2032-01-09 10:00:00,0.0,283.3847420246579
2032-01-09 11:00:00,0.0,206.1851760923907
2032-01-09 12:00:00,0.0,105.96959050329848
2032-01-09 13:00:00,0.0,6.233505323723439
2032-01-09 14:00:00,0.0,0.0
2032-01-09 15:00:00,0.0,0.0
2032-01-09 16:00:00,0.0,0.0
2032-01-09 17:00:00,0.0,0.0
2032-01-09 18:00:00,0.0,0.0
2032-01-09 19:00:00,0.0,0.0
2032-01-09 20:00:00,0.0,0.0
2032-01-09 21:00:00,0.0,0.0
2032-01-09 22:00:00,0.0,0.0
2032-01-09 23:00:00,0.0,0.0
2032-01-10 00:00:00,0.0,0.0
2032-01-10 01:00:00,0.0,0.0
2032-01-10 02:00:00,0.0,0.0
2032-01-10 03:00:00,0.0,69.04805897047503
2032-01-10 04:00:00,0.0,189.40266175928915
2032-01-10 05:00:00,0.0,271.39723178672824
2032-01-10 06:00:00,0.0,326.5397788812048
2032-01-10 07:00:00,0.0,352.9123014046501
2032-01-10 08:00:00,0.0,354.8303030427188
2032-01-10 09:00:00,0.0,331.8142833858938
2032-01-10 10:00:00,0.0,283.3847420246579
2032-01-10 11:00:00,0.0,210.5006797780454
2032-01-10 12:00:00,0.0,107.88759214136722
2032-01-10 13:00:00,0.0,6.233505323723439
2032-01-10 14:00:00,0.0,0.0
2032-01-10 15:00:00,0.0,0.0
2032-01-10 16:00:00,0.0,0.0
2032-01-10 17:00:00,0.0,0.0
2032-01-10 18:00:00,0.0,0.0
2032-01-10 19:00:00,0.0,0.0
2032-01-10 20:00:00,0.0,0.0
2032-01-10 21:00:00,0.0,0.0
2032-01-10 22:00:00,0.0,0.0
2032-01-10 23:00:00,0.0,0.0
2032-01-11 00:00:00,0.0,0.0
2032-01-11 01:00:00,0.0,0.0
2032-01-11 02:00:00,0.0,0.0
2032-01-11 03:00:00,0.0,68.08905815144064
2032-01-11 04:00:00,0.0,179.33315315942818
2032-01-11 05:00:00,0.0,263.245724824936
2032-01-11 06:00:00,0.0,321.74477478603296
2032-01-11 07:00:00,0.0,345.7197952618923
2032-01-11 08:00:00,0.0,345.7197952618923
2032-01-11 09:00:00,0.0,315.5112694623095
2032-01-11 10:00:00,0.0,262.28672400590165
2032-01-11 11:00:00,0.0,179.33315315942818
2032-01-11 12:00:00,0.0,73.8430630656469
2032-01-11 13:00:00,0.0,1.438501228551563
2032-01-11 14:00:00,0.0,0.0
2032-01-11 15:00:00,0.0,0.0
2032-01-11 16:00:00,0.0,0.0
2032-01-11 17:00:00,0.0,0.0
2032-01-11 18:00:00,0.0,0.0
2032-01-11 19:00:00,0.0,0.0
2032-01-11 20:00:00,0.0,0.0
2032-01-11 21:00:00,0.0,0.0
2032-01-11 22:00:00,0.0,0.0
2032-01-11 23:00:00,0.0,0.0
2032-01-12 00:00:00,0.0,0.0
2032-01-12 01:00:00,0.0,0.0
2032-01-12 02:00:00,0.0,0.0
2032-01-12 03:00:00,0.0,70.48656019902658
2032-01-12 04:00:00,0.0,182.68965602604848
2032-01-12 05:00:00,0.0,266.1227272820392
2032-01-12 06:00:00,0.0,327.9782801097564
2032-01-12 07:00:00,0.0,351.4738001760985
2032-01-12 08:00:00,0.0,351.95330058561575
2032-01-12 09:00:00,0.0,329.89628174782507
2032-01-12 10:00:00,0.0,281.94624079610634
2032-01-12 11:00:00,0.0,207.62367732094222
2032-01-12 12:00:00,0.0,103.09258804619535
2032-01-12 13:00:00,0.0,5.274504504689064
2032-01-12 14:00:00,0.0,0.0
2032-01-12 15:00:00,0.0,0.0
2032-01-12 16:00:00,0.0,0.0
2032-01-12 17:00:00,0.0,0.0
2032-01-12 18:00:00,0.0,0.0
2032-01-12 19:00:00,0.0,0.0
2032-01-12 20:00:00,0.0,0.0
2032-01-12 21:00:00,0.0,0.0
2032-01-12 22:00:00,0.0,0.0
2032-01-12 23:00:00,0.0,0.0
2032-01-13 00:00:00,0.0,0.0
2032-01-13 01:00:00,0.0,0.0
2032-01-13 02:00:00,0.0,0.0
2032-01-13 03:00:00,0.0,74.80206388468126
2032-01-13 04:00:00,0.0,184.12815725460007
2032-01-13 05:00:00,0.0,267.0817281010735
2032-01-13 06:00:00,0.0,317.42927110037823
2032-01-13 07:00:00,0.0,344.76079444285796
2032-01-13 08:00:00,0.0,347.6377968999611
2032-01-13 09:00:00,0.0,325.5807780621704
2032-01-13 10:00:00,0.0,277.6307371104516
2032-01-13 11:00:00,0.0,201.86967240673602
2032-01-13 12:00:00,0.0,97.3385831319891
2032-01-13 13:00:00,0.0,4.315503685654689
2032-01-13 14:00:00,0.0,0.0
2032-01-13 15:00:00,0.0,0.0
2032-01-13 16:00:00,0.0,0.0
2032-01-13 17:00:00,0.0,0.0
2032-01-13 18:00:00,0.0,0.0
2032-01-13 19:00:00,0.0,0.0
2032-01-13 20:00:00,0.0,0.0
2032-01-13 21:00:00,0.0,0.0
2032-01-13 22:00:00,0.0,0.0
2032-01-13 23:00:00,0.0,0.0
2032-01-14 00:00:00,0.0,0.0
2032-01-14 01:00:00,0.0,0.0
2032-01-14 02:00:00,0.0,0.0
2032-01-14 03:00:00,0.0,54.6630466849594
2032-01-14 04:00:00,0.0,163.9891400548782
2032-01-14 05:00:00,0.0,243.10670762521414
2032-01-14 06:00:00,0.0,308.31876331955164
2032-01-14 07:00:00,0.0,342.84279280478916
2032-01-14 08:00:00,0.0,332.77328420492825
2032-01-14 09:00:00,0.0,310.23676495762044
2032-01-14 10:00:00,0.0,272.35623260576256
2032-01-14 11:00:00,0.0,196.11566749252975
2032-01-14 12:00:00,0.0,94.46158067488597
2032-01-14 13:00:00,0.0,3.356502866620314
2032-01-14 14:00:00,0.0,0.0
2032-01-14 15:00:00,0.0,0.0
2032-01-14 16:00:00,0.0,0.0
2032-01-14 17:00:00,0.0,0.0
2032-01-14 18:00:00,0.0,0.0
2032-01-14 19:00:00,0.0,0.0
2032-01-14 20:00:00,0.0,0.0
2032-01-14 21:00:00,0.0,0.0
2032-01-14 22:00:00,0.0,0.0
2032-01-14 23:00:00,0.0,0.0
2032-01-15 00:00:00,0.0,0.0
2032-01-15 01:00:00,0.0,0.0
2032-01-15 02:00:00,0.0,0.0
2032-01-15 03:00:00,0.0,64.73255528482034
2032-01-15 04:00:00,0.0,160.15313677874065
2032-01-15 05:00:00,0.0,245.02470926328292
2032-01-15 06:00:00,0.0,308.31876331955164
2032-01-15 07:00:00,0.0,339.9657903476861
2032-01-15 08:00:00,0.0,344.2812940333407
2032-01-15 09:00:00,0.0,329.41678133830794
2032-01-15 10:00:00,0.0,286.7412448912782
2032-01-15 11:00:00,0.0,213.3776822351485
2032-01-15 12:00:00,0.0,110.28509418895315
2032-01-15 13:00:00,0.0,7.672006552275002
2032-01-15 14:00:00,0.0,0.0
2032-01-15 15:00:00,0.0,0.0
2032-01-15 16:00:00,0.0,0.0
2032-01-15 17:00:00,0.0,0.0
2032-01-15 18:00:00,0.0,0.0
2032-01-15 19:00:00,0.0,0.0
2032-01-15 20:00:00,0.0,0.0
2032-01-15 21:00:00,0.0,0.0
2032-01-15 22:00:00,0.0,0.0
2032-01-15 23:00:00,0.0,0.0
2032-01-16 00:00:00,0.0,0.0
2032-01-16 01:00:00,0.0,0.0
2032-01-16 02:00:00,0.0,0.0
2032-01-16 03:00:00,0.0,81.03556920840472
2032-01-16 04:00:00,0.0,189.40266175928915
2032-01-16 05:00:00,0.0,272.35623260576256
2032-01-16 06:00:00,0.0,326.06027847168764
2032-01-16 07:00:00,0.0,352.9123014046501
2032-01-16 08:00:00,0.0,355.30980345223605
2032-01-16 09:00:00,0.0,335.65028666203136
2032-01-16 10:00:00,0.0,288.65924652934694
2032-01-16 11:00:00,0.0,214.8161834637001
2032-01-16 12:00:00,0.0,112.2030958270219
2032-01-16 13:00:00,0.0,8.15150696179219
2032-01-16 14:00:00,0.0,0.0
2032-01-16 15:00:00,0.0,0.0
2032-01-16 16:00:00,0.0,0.0
2032-01-16 17:00:00,0.0,0.0
2032-01-16 18:00:00,0.0,0.0
2032-01-16 19:00:00,0.0,0.0
2032-01-16 20:00:00,0.0,0.0
2032-01-16 21:00:00,0.0,0.0
2032-01-16 22:00:00,0.0,0.0
2032-01-16 23:00:00,0.0,0.0
2032-01-17 00:00:00,0.0,0.0
2032-01-17 01:00:00,0.0,0.0
2032-01-17 02:00:00,0.0,0.0
2032-01-17 03:00:00,0.0,86.78957412261096
2032-01-17 04:00:00,0.0,196.11566749252975
2032-01-17 05:00:00,0.0,277.6307371104516
2032-01-17 06:00:00,0.0,329.89628174782507
2032-01-17 07:00:00,0.0,356.2688042712704
2032-01-17 08:00:00,0.0,357.707305499822
2032-01-17 09:00:00,0.0,333.73228502396256
2032-01-17 10:00:00,0.0,285.7822440722438
2032-01-17 11:00:00,0.0,210.02117936852818
2032-01-17 12:00:00,0.0,105.49009009378128
2032-01-17 13:00:00,0.0,6.713005733240628
2032-01-17 14:00:00,0.0,0.0
2032-01-17 15:00:00,0.0,0.0
2032-01-17 16:00:00,0.0,0.0
2032-01-17 17:00:00,0.0,0.0
2032-01-17 18:00:00,0.0,0.0
2032-01-17 19:00:00,0.0,0.0
2032-01-17 20:00:00,0.0,0.0
2032-01-17 21:00:00,0.0,0.0
2032-01-17 22:00:00,0.0,0.0
2032-01-17 23:00:00,0.0,0.0
2032-01-18 00:00:00,0.0,0.0
2032-01-18 01:00:00,0.0,0.0
2032-01-18 02:00:00,0.0,0.0
2032-01-18 03:00:00,0.0,79.59706797985316
2032-01-18 04:00:00,0.0,186.0461588926688
2032-01-18 05:00:00,0.0,261.3277231868673
2032-01-18 06:00:00,0.0,306.8802620910001
2032-01-18 07:00:00,0.0,344.2812940333407
2032-01-18 08:00:00,0.0,345.24029485237514
2032-01-18 09:00:00,0.0,325.10127765265327
2032-01-18 10:00:00,0.0,281.94624079610634
2032-01-18 11:00:00,0.0,209.54167895901102
2032-01-18 12:00:00,0.0,106.92859132233285
2032-01-18 13:00:00,0.0,7.672006552275002
2032-01-18 14:00:00,0.0,0.0
2032-01-18 15:00:00,0.0,0.0
2032-01-18 16:00:00,0.0,0.0
2032-01-18 17:00:00,0.0,0.0
2032-01-18 18:00:00,0.0,0.0
2032-01-18 19:00:00,0.0,0.0
2032-01-18 20:00:00,0.0,0.0
2032-01-18 21:00:00,0.0,0.0
2032-01-18 22:00:00,0.0,0.0
2032-01-18 23:00:00,0.0,0.0
2032-01-19 00:00:00,0.0,0.0
2032-01-19 01:00:00,0.0,0.0
2032-01-19 02:00:00,0.0,0.0
2032-01-19 03:00:00,0.0,79.59706797985316
2032-01-19 04:00:00,0.0,188.44366094025477
2032-01-19 05:00:00,0.0,268.9997297391423
2032-01-19 06:00:00,0.0,321.2652743765157
2032-01-19 07:00:00,0.0,347.6377968999611
2032-01-19 08:00:00,0.0,350.035298947547
2032-01-19 09:00:00,0.0,322.2242751955501
2032-01-19 10:00:00,0.0,272.35623260576256
2032-01-19 11:00:00,0.0,193.23866503542664
2032-01-19 12:00:00,0.0,87.26907453212814
2032-01-19 13:00:00,0.0,3.836003276137501
2032-01-19 14:00:00,0.0,0.0
2032-01-19 15:00:00,0.0,0.0
2032-01-19 16:00:00,0.0,0.0
2032-01-19 17:00:00,0.0,0.0
2032-01-19 18:00:00,0.0,0.0
2032-01-19 19:00:00,0.0,0.0
2032-01-19 20:00:00,0.0,0.0
2032-01-19 21:00:00,0.0,0.0
2032-01-19 22:00:00,0.0,0.0
2032-01-19 23:00:00,0.0,0.0
2032-01-20 00:00:00,0.0,0.0
2032-01-20 01:00:00,0.0,0.0
2032-01-20 02:00:00,0.0,0.0
2032-01-20 03:00:00,0.0,49.388542180270335
2032-01-20 04:00:00,0.0,148.64512695032818
2032-01-20 05:00:00,0.0,235.43470107293913
2032-01-20 06:00:00,0.0,300.64675676727666
2032-01-20 07:00:00,0.0,327.9782801097564
2032-01-20 08:00:00,0.0,328.4577805192735
2032-01-20 09:00:00,0.0,306.4007616814829
2032-01-20 10:00:00,0.0,253.17621622507505
2032-01-20 11:00:00,0.0,172.62014742618757
2032-01-20 12:00:00,0.0,73.8430630656469
2032-01-20 13:00:00,0.0,2.877002457103126
2032-01-20 14:00:00,0.0,0.0
2032-01-20 15:00:00,0.0,0.0
2032-01-20 16:00:00,0.0,0.0
2032-01-20 17:00:00,0.0,0.0
2032-01-20 18:00:00,0.0,0.0
2032-01-20 19:00:00,0.0,0.0
2032-01-20 20:00:00,0.0,0.0
2032-01-20 21:00:00,0.0,0.0
2032-01-20 22:00:00,0.0,0.0
2032-01-20 23:00:00,0.0,0.0
2032-01-21 00:00:00,0.0,0.0
2032-01-21 01:00:00,0.0,0.0
2032-01-21 02:00:00,0.0,0.0
2032-01-21 03:00:00,0.0,86.78957412261096
2032-01-21 04:00:00,0.0,201.86967240673602
2032-01-21 05:00:00,0.0,283.86424243417514
2032-01-21 06:00:00,0.0,337.0887878905829
2032-01-21 07:00:00,0.0,361.54330877595953
2032-01-21 08:00:00,0.0,362.5023095949938
2032-01-21 09:00:00,0.0,339.48628993816885
2032-01-21 10:00:00,0.0,290.5772481674157
2032-01-21 11:00:00,0.0,212.8981818256313
2032-01-21 12:00:00,0.0,105.96959050329848
2032-01-21 13:00:00,0.0,7.672006552275002
2032-01-21 14:00:00,0.0,0.0
2032-01-21 15:00:00,0.0,0.0
2032-01-21 16:00:00,0.0,0.0
2032-01-21 17:00:00,0.0,0.0
2032-01-21 18:00:00,0.0,0.0
2032-01-21 19:00:00,0.0,0.0
2032-01-21 20:00:00,0.0,0.0
2032-01-21 21:00:00,0.0,0.0
2032-01-21 22:00:00,0.0,0.0
2032-01-21 23:00:00,0.0,0.0
2032-01-22 00:00:00,0.0,0.0
2032-01-22 01:00:00,0.0,0.0
2032-01-22 02:00:00,0.0,0.0
2032-01-22 03:00:00,0.0,86.78957412261096
2032-01-22 04:00:00,0.0,199.95167076866724
2032-01-22 05:00:00,0.0,282.4257412056235
2032-01-22 06:00:00,0.0,337.5682883001001
2032-01-22 07:00:00,0.0,363.94081082354546
2032-01-22 08:00:00,0.0,364.8998116425798
2032-01-22 09:00:00,0.0,343.32229321430634
2032-01-22 10:00:00,0.0,294.41325144355324
2032-01-22 11:00:00,0.0,217.213685511286
2032-01-22 12:00:00,0.0,110.28509418895315
2032-01-22 13:00:00,0.0,8.15150696179219
2032-01-22 14:00:00,0.0,0.0
2032-01-22 15:00:00,0.0,0.0
2032-01-22 16:00:00,0.0,0.0
2032-01-22 17:00:00,0.0,0.0
2032-01-22 18:00:00,0.0,0.0
2032-01-22 19:00:00,0.0,0.0
2032-01-22 20:00:00,0.0,0.0
2032-01-22 21:00:00,0.0,0.0
2032-01-22 22:00:00,0.0,0.0
2032-01-22 23:00:00,0.0,0.0
2032-01-23 00:00:00,0.0,0.0
2032-01-23 01:00:00,0.0,0.0
2032-01-23 02:00:00,0.0,0.0
2032-01-23 03:00:00,0.0,85.83057330357659
2032-01-23 04:00:00,0.0,198.51316954011565
2032-01-23 05:00:00,0.0,281.4667403865892
2032-01-23 06:00:00,0.0,332.77328420492825
2032-01-23 07:00:00,0.0,360.1048075474079
2032-01-23 08:00:00,0.0,362.02280918547666
2032-01-23 09:00:00,0.0,342.363292395272
2032-01-23 10:00:00,0.0,294.41325144355324
2032-01-23 11:00:00,0.0,218.17268633032037
2032-01-23 12:00:00,0.0,112.2030958270219
2032-01-23 13:00:00,0.0,9.590008190343752
2032-01-23 14:00:00,0.0,0.0
2032-01-23 15:00:00,0.0,0.0
2032-01-23 16:00:00,0.0,0.0
2032-01-23 17:00:00,0.0,0.0
2032-01-23 18:00:00,0.0,0.0
2032-01-23 19:00:00,0.0,0.0
2032-01-23 20:00:00,0.0,0.0
2032-01-23 21:00:00,0.0,0.0
2032-01-23 22:00:00,0.0,0.0
2032-01-23 23:00:00,0.0,0.0
2032-01-24 00:00:00,0.0,0.0
2032-01-24 01:00:00,0.0,0.0
2032-01-24 02:00:00,0.0,0.0
2032-01-24 03:00:00,0.0,88.22807535116253
2032-01-24 04:00:00,0.0,198.03366913059847
2032-01-24 05:00:00,0.0,279.5487387485204
2032-01-24 06:00:00,0.0,332.77328420492825
2032-01-24 07:00:00,0.0,359.62530713789073
2032-01-24 08:00:00,0.0,362.02280918547666
2032-01-24 09:00:00,0.0,341.4042915762376
2032-01-24 10:00:00,0.0,293.933751034036
2032-01-24 11:00:00,0.0,218.6521867398376
2032-01-24 12:00:00,0.0,114.12109746509066
2032-01-24 13:00:00,0.0,11.028509418895316
2032-01-24 14:00:00,0.0,0.0
2032-01-24 15:00:00,0.0,0.0
2032-01-24 16:00:00,0.0,0.0
2032-01-24 17:00:00,0.0,0.0
2032-01-24 18:00:00,0.0,0.0
2032-01-24 19:00:00,0.0,0.0
2032-01-24 20:00:00,0.0,0.0
2032-01-24 21:00:00,0.0,0.0
2032-01-24 22:00:00,0.0,0.0
2032-01-24 23:00:00,0.0,0.0
2032-01-25 00:00:00,0.0,0.0
2032-01-25 01:00:00,0.0,0.0
2032-01-25 02:00:00,0.0,0.0
2032-01-25 03:00:00,0.0,82.47407043695627
2032-01-25 04:00:00,0.0,189.40266175928915
2032-01-25 05:00:00,0.0,271.8767321962454
2032-01-25 06:00:00,0.0,325.10127765265327
2032-01-25 07:00:00,0.0,352.43280099513294
2032-01-25 08:00:00,0.0,355.78930386175324
2032-01-25 09:00:00,0.0,330.85528256685944
2032-01-25 10:00:00,0.0,280.5077395675548
2032-01-25 11:00:00,0.0,206.1851760923907
2032-01-25 12:00:00,0.0,105.49009009378128
2032-01-25 13:00:00,0.0,8.631007371309378
2032-01-25 14:00:00,0.0,0.0
2032-01-25 15:00:00,0.0,0.0
2032-01-25 16:00:00,0.0,0.0
2032-01-25 17:00:00,0.0,0.0
2032-01-25 18:00:00,0.0,0.0
2032-01-25 19:00:00,0.0,0.0
2032-01-25 20:00:00,0.0,0.0
2032-01-25 21:00:00,0.0,0.0
2032-01-25 22:00:00,0.0,0.0
2032-01-25 23:00:00,0.0,0.0
2032-01-26 00:00:00,0.0,0.0
2032-01-26 01:00:00,0.0,0.0
2032-01-26 02:00:00,0.0,0.0
2032-01-26 03:00:00,0.0,80.55606879888752
2032-01-26 04:00:00,0.0,188.92316134977193
2032-01-26 05:00:00,0.0,271.39723178672824
2032-01-26 06:00:00,0.0,326.5397788812048
2032-01-26 07:00:00,0.0,353.87130222368444
2032-01-26 08:00:00,0.0,355.78930386175324
2032-01-26 09:00:00,0.0,334.21178543347975
2032-01-26 10:00:00,0.0,286.261744481761
2032-01-26 11:00:00,0.0,210.5006797780454
2032-01-26 12:00:00,0.0,105.49009009378128
2032-01-26 13:00:00,0.0,8.631007371309378
2032-01-26 14:00:00,0.0,0.0
2032-01-26 15:00:00,0.0,0.0
2032-01-26 16:00:00,0.0,0.0
2032-01-26 17:00:00,0.0,0.0
2032-01-26 18:00:00,0.0,0.0
2032-01-26 19:00:00,0.0,0.0
2032-01-26 20:00:00,0.0,0.0
2032-01-26 21:00:00,0.0,0.0
2032-01-26 22:00:00,0.0,0.0
2032-01-26 23:00:00,0.0,0.0
2032-01-27 00:00:00,0.0,0.0
2032-01-27 01:00:00,0.0,0.0
2032-01-27 02:00:00,0.0,0.0
2032-01-27 03:00:00,0.0,80.55606879888752
2032-01-27 04:00:00,0.0,189.8821621688063
2032-01-27 05:00:00,0.0,272.35623260576256
2032-01-27 06:00:00,0.0,327.019279290722
2032-01-27 07:00:00,0.0,354.3508026332017
2032-01-27 08:00:00,0.0,356.7483046807876
2032-01-27 09:00:00,0.0,332.77328420492825
2032-01-27 10:00:00,0.0,284.34374284369227
2032-01-27 11:00:00,0.0,208.10317773045944
2032-01-27 12:00:00,0.0,103.57208845571253
2032-01-27 13:00:00,0.0,8.631007371309378
2032-01-27 14:00:00,0.0,0.0
2032-01-27 15:00:00,0.0,0.0
2032-01-27 16:00:00,0.0,0.0
2032-01-27 17:00:00,0.0,0.0
2032-01-27 18:00:00,0.0,0.0
2032-01-27 19:00:00,0.0,0.0
2032-01-27 20:00:00,0.0,0.0
2032-01-27 21:00:00,0.0,0.0
2032-01-27 22:00:00,0.0,0.0
2032-01-27 23:00:00,0.0,0.0
2032-01-28 00:00:00,0.0,0.0
2032-01-28 01:00:00,0.0,0.0
2032-01-28 02:00:00,0.0,0.0
2032-01-28 03:00:00,0.0,83.91257166550784
2032-01-28 04:00:00,0.0,191.80016380687505
2032-01-28 05:00:00,0.0,272.35623260576256
2032-01-28 06:00:00,0.0,327.9782801097564
2032-01-28 07:00:00,0.0,355.30980345223605
2032-01-28 08:00:00,0.0,358.1868059093392
2032-01-28 09:00:00,0.0,337.5682883001001
2032-01-28 10:00:00,0.0,290.5772481674157
2032-01-28 11:00:00,0.0,215.29568387321723
2032-01-28 12:00:00,0.0,111.72359541750473
2032-01-28 13:00:00,0.0,11.028509418895316
2032-01-28 14:00:00,0.0,0.0
2032-01-28 15:00:00,0.0,0.0
2032-01-28 16:00:00,0.0,0.0
2032-01-28 17:00:00,0.0,0.0
2032-01-28 18:00:00,0.0,0.0
2032-01-28 19:00:00,0.0,0.0
2032-01-28 20:00:00,0.0,0.0
2032-01-28 21:00:00,0.0,0.0
2032-01-28 22:00:00,0.0,0.0
2032-01-28 23:00:00,0.0,0.0
2032-01-29 00:00:00,0.0,0.0
2032-01-29 01:00:00,0.0,0.0
2032-01-29 02:00:00,0.0,0.0
2032-01-29 03:00:00,0.0,50.827043408821886
2032-01-29 04:00:00,0.0,149.60412776936252
2032-01-29 05:00:00,0.0,220.5701883779063
2032-01-29 06:00:00,0.0,308.7982637290689
2032-01-29 07:00:00,0.0,348.59679771899545
2032-01-29 08:00:00,0.0,357.707305499822
2032-01-29 09:00:00,0.0,337.5682883001001
2032-01-29 10:00:00,0.0,290.5772481674157
2032-01-29 11:00:00,0.0,215.29568387321723
2032-01-29 12:00:00,0.0,110.76459459847035
2032-01-29 13:00:00,0.0,11.028509418895316
2032-01-29 14:00:00,0.0,0.0
2032-01-29 15:00:00,0.0,0.0
2032-01-29 16:00:00,0.0,0.0
2032-01-29 17:00:00,0.0,0.0
2032-01-29 18:00:00,0.0,0.0
2032-01-29 19:00:00,0.0,0.0
2032-01-29 20:00:00,0.0,0.0
2032-01-29 21:00:00,0.0,0.0
2032-01-29 22:00:00,0.0,0.0
2032-01-29 23:00:00,0.0,0.0
2032-01-30 00:00:00,0.0,0.0
2032-01-30 01:00:00,0.0,0.0
2032-01-30 02:00:00,0.0,0.0
2032-01-30 03:00:00,0.0,82.95357084647345
2032-01-30 04:00:00,0.0,192.75916462590945
2032-01-30 05:00:00,0.0,275.7127354723829
2032-01-30 06:00:00,0.0,327.9782801097564
2032-01-30 07:00:00,0.0,354.8303030427188
2032-01-30 08:00:00,0.0,356.7483046807876
2032-01-30 09:00:00,0.0,334.21178543347975
2032-01-30 10:00:00,0.0,286.7412448912782
2032-01-30 11:00:00,0.0,210.98018018756255
2032-01-30 12:00:00,0.0,107.88759214136722
2032-01-30 13:00:00,0.0,10.06950859986094
2032-01-30 14:00:00,0.0,0.0
2032-01-30 15:00:00,0.0,0.0
2032-01-30 16:00:00,0.0,0.0
2032-01-30 17:00:00,0.0,0.0
2032-01-30 18:00:00,0.0,0.0
2032-01-30 19:00:00,0.0,0.0
2032-01-30 20:00:00,0.0,0.0
2032-01-30 21:00:00,0.0,0.0
2032-01-30 22:00:00,0.0,0.0
2032-01-30 23:00:00,0.0,0.0
2032-01-31 00:00:00,0.0,0.0
2032-01-31 01:00:00,0.0,0.0
2032-01-31 02:00:00,0.0,0.0
2032-01-31 03:00:00,0.0,76.72006552275002
2032-01-31 04:00:00,0.0,182.2101556165313
2032-01-31 05:00:00,0.0,263.72522523445326
2032-01-31 06:00:00,0.0,317.9087715098954
2032-01-31 07:00:00,0.0,345.7197952618923
2032-01-31 08:00:00,0.0,347.6377968999611
2032-01-31 09:00:00,0.0,319.34727273844703
2032-01-31 10:00:00,0.0,268.9997297391423
2032-01-31 11:00:00,0.0,191.3206633973579
2032-01-31 12:00:00,0.0,88.22807535116253
2032-01-31 13:00:00,0.0,6.233505323723439
2032-01-31 14:00:00,0.0,0.0
2032-01-31 15:00:00,0.0,0.0
2032-01-31 16:00:00,0.0,0.0
2032-01-31 17:00:00,0.0,0.0
2032-01-31 18:00:00,0.0,0.0
2032-01-31 19:00:00,0.0,0.0
2032-01-31 20:00:00,0.0,0.0
2032-01-31 21:00:00,0.0,0.0
2032-01-31 22:00:00,0.0,0.0
2032-01-31 23:00:00,0.0,0.0
2032-02-01 00:00:00,0.0,0.0
2032-02-01 01:00:00,0.0,0.0
2032-02-01 02:00:00,0.0,0.0
2032-02-01 03:00:00,0.0,63.29405405626876
2032-02-01 04:00:00,0.0,169.2636445595672
2032-02-01 05:00:00,0.0,254.61471745362664
2032-02-01 06:00:00,0.0,309.75726454810325
2032-02-01 07:00:00,0.0,338.5272891191344
2032-02-01 08:00:00,0.0,342.363292395272
2032-02-01 09:00:00,0.0,327.9782801097564
2032-02-01 10:00:00,0.0,281.94624079610634
2032-02-01 11:00:00,0.0,206.1851760923907
2032-02-01 12:00:00,0.0,103.57208845571253
2032-02-01 13:00:00,0.0,10.06950859986094
2032-02-01 14:00:00,0.0,0.0
2032-02-01 15:00:00,0.0,0.0
2032-02-01 16:00:00,0.0,0.0
2032-02-01 17:00:00,0.0,0.0
2032-02-01 18:00:00,0.0,0.0
2032-02-01 19:00:00,0.0,0.0
2032-02-01 20:00:00,0.0,0.0
2032-02-01 21:00:00,0.0,0.0
2032-02-01 22:00:00,0.0,0.0
2032-02-01 23:00:00,0.0,0.0
2032-02-02 00:00:00,0.0,0.0
2032-02-02 01:00:00,0.0,0.0
2032-02-02 02:00:00,0.0,0.0
2032-02-02 03:00:00,0.0,82.47407043695627
2032-02-02 04:00:00,0.0,188.92316134977193
2032-02-02 05:00:00,0.0,271.39723178672824
2032-02-02 06:00:00,0.0,328.4577805192735
2032-02-02 07:00:00,0.0,357.2278050903048
2032-02-02 08:00:00,0.0,360.1048075474079
2032-02-02 09:00:00,0.0,337.5682883001001
2032-02-02 10:00:00,0.0,289.6182473483814
2032-02-02 11:00:00,0.0,214.33668305418288
2032-02-02 12:00:00,0.0,111.24409500798754
2032-02-02 13:00:00,0.0,11.508009828412504
2032-02-02 14:00:00,0.0,0.0
2032-02-02 15:00:00,0.0,0.0
2032-02-02 16:00:00,0.0,0.0
2032-02-02 17:00:00,0.0,0.0
2032-02-02 18:00:00,0.0,0.0
2032-02-02 19:00:00,0.0,0.0
2032-02-02 20:00:00,0.0,0.0
2032-02-02 21:00:00,0.0,0.0
2032-02-02 22:00:00,0.0,0.0
2032-02-02 23:00:00,0.0,0.0
2032-02-03 00:00:00,0.0,0.0
2032-02-03 01:00:00,0.0,0.0
2032-02-03 02:00:00,0.0,0.0
2032-02-03 03:00:00,0.0,68.56855856095784
2032-02-03 04:00:00,0.0,183.64865684508285
2032-02-03 05:00:00,0.0,270.91773137721106
2032-02-03 06:00:00,0.0,323.18327601458446
2032-02-03 07:00:00,0.0,351.4738001760985
2032-02-03 08:00:00,0.0,354.3508026332017
2032-02-03 09:00:00,0.0,331.3347829763767
2032-02-03 10:00:00,0.0,279.0692383390032
2032-02-03 11:00:00,0.0,198.99266994963287
2032-02-03 12:00:00,0.0,94.94108108440315
2032-02-03 13:00:00,0.0,9.110507780826564
2032-02-03 14:00:00,0.0,0.0
2032-02-03 15:00:00,0.0,0.0
2032-02-03 16:00:00,0.0,0.0
2032-02-03 17:00:00,0.0,0.0
2032-02-03 18:00:00,0.0,0.0
2032-02-03 19:00:00,0.0,0.0
2032-02-03 20:00:00,0.0,0.0
2032-02-03 21:00:00,0.0,0.0
2032-02-03 22:00:00,0.0,0.0
2032-02-03 23:00:00,0.0,0.0
2032-02-04 00:00:00,0.0,0.0
2032-02-04 01:00:00,0.0,0.0
2032-02-04 02:00:00,0.0,0.0
2032-02-04 03:00:00,0.0,75.76106470371565
2032-02-04 04:00:00,0.0,187.48466012122037
2032-02-04 05:00:00,0.0,268.5202293296251
2032-02-04 06:00:00,0.0,322.2242751955501
2032-02-04 07:00:00,0.0,349.5557985380298
2032-02-04 08:00:00,0.0,351.95330058561575
2032-02-04 09:00:00,0.0,328.4577805192735
2032-02-04 10:00:00,0.0,277.1512367009344
2032-02-04 11:00:00,0.0,200.91067158770161
2032-02-04 12:00:00,0.0,103.57208845571253
2032-02-04 13:00:00,0.0,10.549009009378127
2032-02-04 14:00:00,0.0,0.0
2032-02-04 15:00:00,0.0,0.0
2032-02-04 16:00:00,0.0,0.0
2032-02-04 17:00:00,0.0,0.0
2032-02-04 18:00:00,0.0,0.0
2032-02-04 19:00:00,0.0,0.0
2032-02-04 20:00:00,0.0,0.0
2032-02-04 21:00:00,0.0,0.0
2032-02-04 22:00:00,0.0,0.0
2032-02-04 23:00:00,0.0,0.0
2032-02-05 00:00:00,0.0,0.0
2032-02-05 01:00:00,0.0,0.0
2032-02-05 02:00:00,0.0,0.0
2032-02-05 03:00:00,0.0,79.59706797985316
2032-02-05 04:00:00,0.0,187.0051597117032
2032-02-05 05:00:00,0.0,268.9997297391423
2032-02-05 06:00:00,0.0,321.2652743765157
2032-02-05 07:00:00,0.0,347.1582964904439
2032-02-05 08:00:00,0.0,347.6377968999611
2032-02-05 09:00:00,0.0,321.74477478603296
2032-02-05 10:00:00,0.0,268.04072892010794
2032-02-05 11:00:00,0.0,193.71816544494385
2032-02-05 12:00:00,0.0,97.3385831319891
2032-02-05 13:00:00,0.0,9.110507780826564
2032-02-05 14:00:00,0.0,0.0
2032-02-05 15:00:00,0.0,0.0
2032-02-05 16:00:00,0.0,0.0
2032-02-05 17:00:00,0.0,0.0
2032-02-05 18:00:00,0.0,0.0
2032-02-05 19:00:00,0.0,0.0
2032-02-05 20:00:00,0.0,0.0
2032-02-05 21:00:00,0.0,0.0
2032-02-05 22:00:00,0.0,0.0
2032-02-05 23:00:00,0.0,0.0
2032-02-06 00:00:00,0.0,0.0
2032-02-06 01:00:00,0.0,0.0
2032-02-06 02:00:00,0.0,0.0
2032-02-06 03:00:00,0.0,35.96253071378907
2032-02-06 04:00:00,0.0,101.65408681764377
2032-02-06 05:00:00,0.0,165.9071416929469
2032-02-06 06:00:00,0.0,208.10317773045944
2032-02-06 07:00:00,0.0,248.8607125394204
2032-02-06 08:00:00,0.0,269.9587305581766
2032-02-06 09:00:00,0.0,243.58620803473133
2032-02-06 10:00:00,0.0,182.68965602604848
2032-02-06 11:00:00,0.0,112.2030958270219
2032-02-06 12:00:00,0.0,45.552538904132824
2032-02-06 13:00:00,0.0,2.397502047585938
2032-02-06 14:00:00,0.0,0.0
2032-02-06 15:00:00,0.0,0.0
2032-02-06 16:00:00,0.0,0.0
2032-02-06 17:00:00,0.0,0.0
2032-02-06 18:00:00,0.0,0.0
2032-02-06 19:00:00,0.0,0.0
2032-02-06 20:00:00,0.0,0.0
2032-02-06 21:00:00,0.0,0.0
2032-02-06 22:00:00,0.0,0.0
2032-02-06 23:00:00,0.0,0.0
2032-02-07 00:00:00,0.0,0.0
2032-02-07 01:00:00,0.0,0.0
2032-02-07 02:00:00,0.0,0.0
2032-02-07 03:00:00,0.0,61.85555282771721
2032-02-07 04:00:00,0.0,172.14064701667036
2032-02-07 05:00:00,0.0,270.91773137721106
2032-02-07 06:00:00,0.0,326.5397788812048
2032-02-07 07:00:00,0.0,359.14580672837354
2032-02-07 08:00:00,0.0,367.7768140996829
2032-02-07 09:00:00,0.0,343.8017936238235
2032-02-07 10:00:00,0.0,298.72875512920785
2032-02-07 11:00:00,0.0,222.96769042549226
2032-02-07 12:00:00,0.0,117.95710074122817
2032-02-07 13:00:00,0.0,14.385012285515629
2032-02-07 14:00:00,0.0,0.0
2032-02-07 15:00:00,0.0,0.0
2032-02-07 16:00:00,0.0,0.0
2032-02-07 17:00:00,0.0,0.0
2032-02-07 18:00:00,0.0,0.0
2032-02-07 19:00:00,0.0,0.0
2032-02-07 20:00:00,0.0,0.0
2032-02-07 21:00:00,0.0,0.0
2032-02-07 22:00:00,0.0,0.0
2032-02-07 23:00:00,0.0,0.0
2032-02-08 00:00:00,0.0,0.0
2032-02-08 01:00:00,0.0,0.0
2032-02-08 02:00:00,0.0,0.0
2032-02-08 03:00:00,0.0,101.65408681764377
2032-02-08 04:00:00,0.0,210.98018018756255
2032-02-08 05:00:00,0.0,292.4952498054845
2032-02-08 06:00:00,0.0,346.19929567140946
2032-02-08 07:00:00,0.0,373.53081901388924
2032-02-08 08:00:00,0.0,375.9283210614751
2032-02-08 09:00:00,0.0,354.8303030427188
2032-02-08 10:00:00,0.0,307.8392629100345
2032-02-08 11:00:00,0.0,233.0371990253532
2032-02-08 12:00:00,0.0,129.46511056964067
2032-02-08 13:00:00,0.0,19.180016380687505
2032-02-08 14:00:00,0.0,0.0
2032-02-08 15:00:00,0.0,0.0
2032-02-08 16:00:00,0.0,0.0
2032-02-08 17:00:00,0.0,0.0
2032-02-08 18:00:00,0.0,0.0
2032-02-08 19:00:00,0.0,0.0
2032-02-08 20:00:00,0.0,0.0
2032-02-08 21:00:00,0.0,0.0
2032-02-08 22:00:00,0.0,0.0
2032-02-08 23:00:00,0.0,0.0
2032-02-09 00:00:00,0.0,0.0
2032-02-09 01:00:00,0.0,0.0
2032-02-09 02:00:00,0.0,0.47950040951718764
2032-02-09 03:00:00,0.0,113.64159705557347
2032-02-09 04:00:00,0.0,220.09068796838912
2032-02-09 05:00:00,0.0,299.20825553872504
2032-02-09 06:00:00,0.0,350.9942997665814
2032-02-09 07:00:00,0.0,377.3668222900267
2032-02-09 08:00:00,0.0,379.7643243376126
2032-02-09 09:00:00,0.0,357.707305499822
2032-02-09 10:00:00,0.0,311.1957657766548
2032-02-09 11:00:00,0.0,236.8732023014907
2032-02-09 12:00:00,0.0,133.3011138457782
2032-02-09 13:00:00,0.0,20.618517609239067
2032-02-09 14:00:00,0.0,0.0
2032-02-09 15:00:00,0.0,0.0
2032-02-09 16:00:00,0.0,0.0
2032-02-09 17:00:00,0.0,0.0
2032-02-09 18:00:00,0.0,0.0
2032-02-09 19:00:00,0.0,0.0
2032-02-09 20:00:00,0.0,0.0
2032-02-09 21:00:00,0.0,0.0
2032-02-09 22:00:00,0.0,0.0
2032-02-09 23:00:00,0.0,0.0
2032-02-10 00:00:00,0.0,0.0
2032-02-10 01:00:00,0.0,0.0
2032-02-10 02:00:00,0.0,0.9590008190343753
2032-02-10 03:00:00,0.0,110.28509418895315
2032-02-10 04:00:00,0.0,216.25468469225163
2032-02-10 05:00:00,0.0,295.8517526721048
2032-02-10 06:00:00,0.0,337.5682883001001
2032-02-10 07:00:00,0.0,363.4613104140282
2032-02-10 08:00:00,0.0,368.25631450920014
2032-02-10 09:00:00,0.0,350.51479935706413
2032-02-10 10:00:00,0.0,301.12625717679384
2032-02-10 11:00:00,0.0,228.7216953396985
2032-02-10 12:00:00,0.0,127.06760852205473
2032-02-10 13:00:00,0.0,19.180016380687505
2032-02-10 14:00:00,0.0,0.0
2032-02-10 15:00:00,0.0,0.0
2032-02-10 16:00:00,0.0,0.0
2032-02-10 17:00:00,0.0,0.0
2032-02-10 18:00:00,0.0,0.0
2032-02-10 19:00:00,0.0,0.0
2032-02-10 20:00:00,0.0,0.0
2032-02-10 21:00:00,0.0,0.0
2032-02-10 22:00:00,0.0,0.0
2032-02-10 23:00:00,0.0,0.0
2032-02-11 00:00:00,0.0,0.0
2032-02-11 01:00:00,0.0,0.0
2032-02-11 02:00:00,0.0,0.0
2032-02-11 03:00:00,0.0,75.28156429419846
2032-02-11 04:00:00,0.0,159.19413595970633
2032-02-11 05:00:00,0.0,247.90171172038603
2032-02-11 06:00:00,0.0,320.3062735574813
2032-02-11 07:00:00,0.0,354.3508026332017
2032-02-11 08:00:00,0.0,358.66630631885636
2032-02-11 09:00:00,0.0,337.0887878905829
2032-02-11 10:00:00,0.0,290.0977477578985
2032-02-11 11:00:00,0.0,218.17268633032037
2032-02-11 12:00:00,0.0,119.39560196977972
2032-02-11 13:00:00,0.0,16.30301392358438
2032-02-11 14:00:00,0.0,0.0
2032-02-11 15:00:00,0.0,0.0
2032-02-11 16:00:00,0.0,0.0
2032-02-11 17:00:00,0.0,0.0
2032-02-11 18:00:00,0.0,0.0
2032-02-11 19:00:00,0.0,0.0
2032-02-11 20:00:00,0.0,0.0
2032-02-11 21:00:00,0.0,0.0
2032-02-11 22:00:00,0.0,0.0
2032-02-11 23:00:00,0.0,0.0
2032-02-12 00:00:00,0.0,0.0
2032-02-12 01:00:00,0.0,0.0
2032-02-12 02:00:00,0.0,0.0
2032-02-12 03:00:00,0.0,88.7075757606797
2032-02-12 04:00:00,0.0,190.8411629878407
2032-02-12 05:00:00,0.0,262.28672400590165
2032-02-12 06:00:00,0.0,310.7162653671376
2032-02-12 07:00:00,0.0,346.19929567140946
2032-02-12 08:00:00,0.0,350.9942997665814
2032-02-12 09:00:00,0.0,317.42927110037823
2032-02-12 10:00:00,0.0,267.0817281010735
2032-02-12 11:00:00,0.0,194.6771662639782
2032-02-12 12:00:00,0.0,90.62557739874845
2032-02-12 13:00:00,0.0,7.672006552275002
2032-02-12 14:00:00,0.0,0.0
2032-02-12 15:00:00,0.0,0.0
2032-02-12 16:00:00,0.0,0.0
2032-02-12 17:00:00,0.0,0.0
2032-02-12 18:00:00,0.0,0.0
2032-02-12 19:00:00,0.0,0.0
2032-02-12 20:00:00,0.0,0.0
2032-02-12 21:00:00,0.0,0.0
2032-02-12 22:00:00,0.0,0.0
2032-02-12 23:00:00,0.0,0.0
2032-02-13 00:00:00,0.0,0.0
2032-02-13 01:00:00,0.0,0.0
2032-02-13 02:00:00,0.0,0.0
2032-02-13 03:00:00,0.0,68.08905815144064
2032-02-13 04:00:00,0.0,175.97665029280788
2032-02-13 05:00:00,0.0,263.245724824936
2032-02-13 06:00:00,0.0,326.06027847168764
2032-02-13 07:00:00,0.0,352.9123014046501
2032-02-13 08:00:00,0.0,354.3508026332017
2032-02-13 09:00:00,0.0,333.73228502396256
2032-02-13 10:00:00,0.0,285.30274366272664
2032-02-13 11:00:00,0.0,209.0621785494938
2032-02-13 12:00:00,0.0,107.40809173185005
2032-02-13 13:00:00,0.0,12.946511056964066
2032-02-13 14:00:00,0.0,0.0
2032-02-13 15:00:00,0.0,0.0
2032-02-13 16:00:00,0.0,0.0
2032-02-13 17:00:00,0.0,0.0
2032-02-13 18:00:00,0.0,0.0
2032-02-13 19:00:00,0.0,0.0
2032-02-13 20:00:00,0.0,0.0
2032-02-13 21:00:00,0.0,0.0
2032-02-13 22:00:00,0.0,0.0
2032-02-13 23:00:00,0.0,0.0
2032-02-14 00:00:00,0.0,0.0
2032-02-14 01:00:00,0.0,0.0
2032-02-14 02:00:00,0.0,0.9590008190343753
2032-02-14 03:00:00,0.0,102.61308763667816
2032-02-14 04:00:00,0.0,213.3776822351485
2032-02-14 05:00:00,0.0,294.41325144355324
2032-02-14 06:00:00,0.0,343.32229321430634
2032-02-14 07:00:00,0.0,370.653816556786
2032-02-14 08:00:00,0.0,373.05131860437194
2032-02-14 09:00:00,0.0,350.51479935706413
2032-02-14 10:00:00,0.0,302.0852579958282
2032-02-14 11:00:00,0.0,226.3241932921126
2032-02-14 12:00:00,0.0,122.27260442688285
2032-02-14 13:00:00,0.0,17.741515152135946
2032-02-14 14:00:00,0.0,0.0
2032-02-14 15:00:00,0.0,0.0
2032-02-14 16:00:00,0.0,0.0
2032-02-14 17:00:00,0.0,0.0
2032-02-14 18:00:00,0.0,0.0
2032-02-14 19:00:00,0.0,0.0
2032-02-14 20:00:00,0.0,0.0
2032-02-14 21:00:00,0.0,0.0
2032-02-14 22:00:00,0.0,0.0
2032-02-14 23:00:00,0.0,0.0
2032-02-15 00:00:00,0.0,0.0
2032-02-15 01:00:00,0.0,0.0
2032-02-15 02:00:00,0.0,0.9590008190343753
2032-02-15 03:00:00,0.0,99.25658477005783
2032-02-15 04:00:00,0.0,207.14417691142506
2032-02-15 05:00:00,0.0,288.65924652934694
2032-02-15 06:00:00,0.0,341.8837919857548
2032-02-15 07:00:00,0.0,368.7358149187173
2032-02-15 08:00:00,0.0,371.1333169663033
2032-02-15 09:00:00,0.0,349.5557985380298
2032-02-15 10:00:00,0.0,303.0442588148626
2032-02-15 11:00:00,0.0,229.68069615873287
2032-02-15 12:00:00,0.0,128.50610975060627
2032-02-15 13:00:00,0.0,20.618517609239067
2032-02-15 14:00:00,0.0,0.0
2032-02-15 15:00:00,0.0,0.0
2032-02-15 16:00:00,0.0,0.0
2032-02-15 17:00:00,0.0,0.0
2032-02-15 18:00:00,0.0,0.0
2032-02-15 19:00:00,0.0,0.0
2032-02-15 20:00:00,0.0,0.0
2032-02-15 21:00:00,0.0,0.0
2032-02-15 22:00:00,0.0,0.0
2032-02-15 23:00:00,0.0,0.0
2032-02-16 00:00:00,0.0,0.0
2032-02-16 01:00:00,0.0,0.0
2032-02-16 02:00:00,0.0,1.9180016380687506
2032-02-16 03:00:00,0.0,109.80559377943595
2032-02-16 04:00:00,0.0,216.25468469225163
2032-02-16 05:00:00,0.0,296.3312530816219
2032-02-16 06:00:00,0.0,347.1582964904439
2032-02-16 07:00:00,0.0,373.53081901388924
2032-02-16 08:00:00,0.0,375.4488206519579
2032-02-16 09:00:00,0.0,353.87130222368444
2032-02-16 10:00:00,0.0,307.8392629100345
2032-02-16 11:00:00,0.0,235.43470107293913
2032-02-16 12:00:00,0.0,134.26011466481253
2032-02-16 13:00:00,0.0,23.495520066342195
2032-02-16 14:00:00,0.0,0.0
2032-02-16 15:00:00,0.0,0.0
2032-02-16 16:00:00,0.0,0.0
2032-02-16 17:00:00,0.0,0.0
2032-02-16 18:00:00,0.0,0.0
2032-02-16 19:00:00,0.0,0.0
2032-02-16 20:00:00,0.0,0.0
2032-02-16 21:00:00,0.0,0.0
2032-02-16 22:00:00,0.0,0.0
2032-02-16 23:00:00,0.0,0.0
2032-02-17 00:00:00,0.0,0.0
2032-02-17 01:00:00,0.0,0.0
2032-02-17 02:00:00,0.0,1.438501228551563
2032-02-17 03:00:00,0.0,99.73608517957503
2032-02-17 04:00:00,0.0,215.29568387321723
2032-02-17 05:00:00,0.0,294.8927518530704
2032-02-17 06:00:00,0.0,345.7197952618923
2032-02-17 07:00:00,0.0,370.653816556786
2032-02-17 08:00:00,0.0,372.0923177853376
2032-02-17 09:00:00,0.0,349.0762981285126
2032-02-17 10:00:00,0.0,303.0442588148626
2032-02-17 11:00:00,0.0,230.16019656825006
2032-02-17 12:00:00,0.0,128.98561016012349
2032-02-17 13:00:00,0.0,21.577518428273446
2032-02-17 14:00:00,0.0,0.0
2032-02-17 15:00:00,0.0,0.0
2032-02-17 16:00:00,0.0,0.0
2032-02-17 17:00:00,0.0,0.0
2032-02-17 18:00:00,0.0,0.0
2032-02-17 19:00:00,0.0,0.0
2032-02-17 20:00:00,0.0,0.0
2032-02-17 21:00:00,0.0,0.0
2032-02-17 22:00:00,0.0,0.0
2032-02-17 23:00:00,0.0,0.0
2032-02-18 00:00:00,0.0,0.0
2032-02-18 01:00:00,0.0,0.0
2032-02-18 02:00:00,0.0,0.47950040951718764
2032-02-18 03:00:00,0.0,73.8430630656469
2032-02-18 04:00:00,0.0,172.14064701667036
2032-02-18 05:00:00,0.0,273.315233424797
2032-02-18 06:00:00,0.0,333.73228502396256
2032-02-18 07:00:00,0.0,359.62530713789073
2032-02-18 08:00:00,0.0,361.0638083664423
2032-02-18 09:00:00,0.0,338.0477887096173
2032-02-18 10:00:00,0.0,289.6182473483814
2032-02-18 11:00:00,0.0,213.8571826446657
2032-02-18 12:00:00,0.0,112.2030958270219
2032-02-18 13:00:00,0.0,15.344013104550005
2032-02-18 14:00:00,0.0,0.0
2032-02-18 15:00:00,0.0,0.0
2032-02-18 16:00:00,0.0,0.0
2032-02-18 17:00:00,0.0,0.0
2032-02-18 18:00:00,0.0,0.0
2032-02-18 19:00:00,0.0,0.0
2032-02-18 20:00:00,0.0,0.0
2032-02-18 21:00:00,0.0,0.0
2032-02-18 22:00:00,0.0,0.0
2032-02-18 23:00:00,0.0,0.0
2032-02-19 00:00:00,0.0,0.0
2032-02-19 01:00:00,0.0,0.0
2032-02-19 02:00:00,0.0,0.47950040951718764
2032-02-19 03:00:00,0.0,80.55606879888752
2032-02-19 04:00:00,0.0,186.52565930218597
2032-02-19 05:00:00,0.0,267.5612285105907
2032-02-19 06:00:00,0.0,325.10127765265327
2032-02-19 07:00:00,0.0,351.95330058561575
2032-02-19 08:00:00,0.0,354.8303030427188
2032-02-19 09:00:00,0.0,335.65028666203136
2032-02-19 10:00:00,0.0,289.1387469388642
2032-02-19 11:00:00,0.0,215.77518428273444
2032-02-19 12:00:00,0.0,115.08009828412503
2032-02-19 13:00:00,0.0,15.82351351406719
2032-02-19 14:00:00,0.0,0.0
2032-02-19 15:00:00,0.0,0.0
2032-02-19 16:00:00,0.0,0.0
2032-02-19 17:00:00,0.0,0.0
2032-02-19 18:00:00,0.0,0.0
2032-02-19 19:00:00,0.0,0.0
2032-02-19 20:00:00,0.0,0.0
2032-02-19 21:00:00,0.0,0.0
2032-02-19 22:00:00,0.0,0.0
2032-02-19 23:00:00,0.0,0.0
2032-02-20 00:00:00,0.0,0.0
2032-02-20 01:00:00,0.0,0.0
2032-02-20 02:00:00,0.0,0.47950040951718764
2032-02-20 03:00:00,0.0,76.72006552275002
2032-02-20 04:00:00,0.0,179.81265356894536
2032-02-20 05:00:00,0.0,261.80722359638446
2032-02-20 06:00:00,0.0,316.47027028134386
2032-02-20 07:00:00,0.0,341.8837919857548
2032-02-20 08:00:00,0.0,341.8837919857548
2032-02-20 09:00:00,0.0,315.9907698718267
2032-02-20 10:00:00,0.0,264.2047256439704
2032-02-20 11:00:00,0.0,186.0461588926688
2032-02-20 12:00:00,0.0,89.66657657971409
2032-02-20 13:00:00,0.0,11.028509418895316
2032-02-20 14:00:00,0.0,0.0
2032-02-20 15:00:00,0.0,0.0
2032-02-20 16:00:00,0.0,0.0
2032-02-20 17:00:00,0.0,0.0
2032-02-20 18:00:00,0.0,0.0
2032-02-20 19:00:00,0.0,0.0
2032-02-20 20:00:00,0.0,0.0
2032-02-20 21:00:00,0.0,0.0
2032-02-20 22:00:00,0.0,0.0
2032-02-20 23:00:00,0.0,0.0
2032-02-21 00:00:00,0.0,0.0
2032-02-21 01:00:00,0.0,0.0
2032-02-21 02:00:00,0.0,0.9590008190343753
2032-02-21 03:00:00,0.0,84.39207207502501
2032-02-21 04:00:00,0.0,193.23866503542664
2032-02-21 05:00:00,0.0,277.1512367009344
2032-02-21 06:00:00,0.0,325.5807780621704
2032-02-21 07:00:00,0.0,353.3918018141673
2032-02-21 08:00:00,0.0,355.78930386175324
2032-02-21 09:00:00,0.0,334.21178543347975
2032-02-21 10:00:00,0.0,286.261744481761
2032-02-21 11:00:00,0.0,210.5006797780454
2032-02-21 12:00:00,0.0,109.80559377943595
2032-02-21 13:00:00,0.0,15.82351351406719
2032-02-21 14:00:00,0.0,0.0
2032-02-21 15:00:00,0.0,0.0
2032-02-21 16:00:00,0.0,0.0
2032-02-21 17:00:00,0.0,0.0
2032-02-21 18:00:00,0.0,0.0
2032-02-21 19:00:00,0.0,0.0
2032-02-21 20:00:00,0.0,0.0
2032-02-21 21:00:00,0.0,0.0
2032-02-21 22:00:00,0.0,0.0
2032-02-21 23:00:00,0.0,0.0
2032-02-22 00:00:00,0.0,0.0
2032-02-22 01:00:00,0.0,0.0
2032-02-22 02:00:00,0.0,1.438501228551563
2032-02-22 03:00:00,0.0,89.1870761701969
2032-02-22 04:00:00,0.0,195.63616708301254
2032-02-22 05:00:00,0.0,276.1922358819001
2032-02-22 06:00:00,0.0,327.9782801097564
2032-02-22 07:00:00,0.0,330.85528256685944
2032-02-22 08:00:00,0.0,340.4452907572032
2032-02-22 09:00:00,0.0,336.6092874810657
2032-02-22 10:00:00,0.0,282.4257412056235
2032-02-22 11:00:00,0.0,210.5006797780454
2032-02-22 12:00:00,0.0,114.60059787460784
2032-02-22 13:00:00,0.0,17.262014742618756
2032-02-22 14:00:00,0.0,0.0
2032-02-22 15:00:00,0.0,0.0
2032-02-22 16:00:00,0.0,0.0
2032-02-22 17:00:00,0.0,0.0
2032-02-22 18:00:00,0.0,0.0
2032-02-22 19:00:00,0.0,0.0
2032-02-22 20:00:00,0.0,0.0
2032-02-22 21:00:00,0.0,0.0
2032-02-22 22:00:00,0.0,0.0
2032-02-22 23:00:00,0.0,0.0
2032-02-23 00:00:00,0.0,0.0
2032-02-23 01:00:00,0.0,0.0
2032-02-23 02:00:00,0.0,0.47950040951718764
2032-02-23 03:00:00,0.0,68.08905815144064
2032-02-23 04:00:00,0.0,176.93565111184222
2032-02-23 05:00:00,0.0,274.7537346533485
2032-02-23 06:00:00,0.0,337.5682883001001
2032-02-23 07:00:00,0.0,365.37931205209696
2032-02-23 08:00:00,0.0,368.25631450920014
2032-02-23 09:00:00,0.0,346.19929567140946
2032-02-23 10:00:00,0.0,294.41325144355324
2032-02-23 11:00:00,0.0,214.8161834637001
2032-02-23 12:00:00,0.0,99.25658477005783
2032-02-23 13:00:00,0.0,13.426011466481254
2032-02-23 14:00:00,0.0,0.0
2032-02-23 15:00:00,0.0,0.0
2032-02-23 16:00:00,0.0,0.0
2032-02-23 17:00:00,0.0,0.0
2032-02-23 18:00:00,0.0,0.0
2032-02-23 19:00:00,0.0,0.0
2032-02-23 20:00:00,0.0,0.0
2032-02-23 21:00:00,0.0,0.0
2032-02-23 22:00:00,0.0,0.0
2032-02-23 23:00:00,0.0,0.0
2032-02-24 00:00:00,0.0,0.0
2032-02-24 01:00:00,0.0,0.0
2032-02-24 02:00:00,0.0,1.9180016380687506
2032-02-24 03:00:00,0.0,91.58457821778285
2032-02-24 04:00:00,0.0,200.91067158770161
2032-02-24 05:00:00,0.0,284.82324325320945
2032-02-24 06:00:00,0.0,338.0477887096173
2032-02-24 07:00:00,0.0,364.4203112330626
2032-02-24 08:00:00,0.0,366.8178132806485
2032-02-24 09:00:00,0.0,345.24029485237514
2032-02-24 10:00:00,0.0,299.20825553872504
2032-02-24 11:00:00,0.0,226.3241932921126
2032-02-24 12:00:00,0.0,126.58810811253753
2032-02-24 13:00:00,0.0,22.057018837790633
2032-02-24 14:00:00,0.0,0.0
2032-02-24 15:00:00,0.0,0.0
2032-02-24 16:00:00,0.0,0.0
2032-02-24 17:00:00,0.0,0.0
2032-02-24 18:00:00,0.0,0.0
2032-02-24 19:00:00,0.0,0.0
2032-02-24 20:00:00,0.0,0.0
2032-02-24 21:00:00,0.0,0.0
2032-02-24 22:00:00,0.0,0.0
2032-02-24 23:00:00,0.0,0.0
2032-02-25 00:00:00,0.0,0.0
2032-02-25 01:00:00,0.0,0.0
2032-02-25 02:00:00,0.0,2.877002457103126
2032-02-25 03:00:00,0.0,97.81808354150627
2032-02-25 04:00:00,0.0,202.82867322577036
2032-02-25 05:00:00,0.0,282.4257412056235
2032-02-25 06:00:00,0.0,334.691285842997
2032-02-25 07:00:00,0.0,359.14580672837354
2032-02-25 08:00:00,0.0,361.0638083664423
2032-02-25 09:00:00,0.0,337.0887878905829
2032-02-25 10:00:00,0.0,281.94624079610634
2032-02-25 11:00:00,0.0,191.3206633973579
2032-02-25 12:00:00,0.0,114.60059787460784
2032-02-25 13:00:00,0.0,22.057018837790633
2032-02-25 14:00:00,0.0,0.0
2032-02-25 15:00:00,0.0,0.0
2032-02-25 16:00:00,0.0,0.0
2032-02-25 17:00:00,0.0,0.0
2032-02-25 18:00:00,0.0,0.0
2032-02-25 19:00:00,0.0,0.0
2032-02-25 20:00:00,0.0,0.0
2032-02-25 21:00:00,0.0,0.0
2032-02-25 22:00:00,0.0,0.0
2032-02-25 23:00:00,0.0,0.0
2032-02-26 00:00:00,0.0,0.0
2032-02-26 01:00:00,0.0,0.0
2032-02-26 02:00:00,0.0,1.438501228551563
2032-02-26 03:00:00,0.0,77.19956593226722
2032-02-26 04:00:00,0.0,185.56665848315166
2032-02-26 05:00:00,0.0,272.83573301527974
2032-02-26 06:00:00,0.0,329.89628174782507
2032-02-26 07:00:00,0.0,359.14580672837354
2032-02-26 08:00:00,0.0,362.5023095949938
2032-02-26 09:00:00,0.0,334.691285842997
2032-02-26 10:00:00,0.0,286.261744481761
2032-02-26 11:00:00,0.0,213.8571826446657
2032-02-26 12:00:00,0.0,117.47760033171097
2032-02-26 13:00:00,0.0,20.618517609239067
2032-02-26 14:00:00,0.0,0.0
2032-02-26 15:00:00,0.0,0.0
2032-02-26 16:00:00,0.0,0.0
2032-02-26 17:00:00,0.0,0.0
2032-02-26 18:00:00,0.0,0.0
2032-02-26 19:00:00,0.0,0.0
2032-02-26 20:00:00,0.0,0.0
2032-02-26 21:00:00,0.0,0.0
2032-02-26 22:00:00,0.0,0.0
2032-02-26 23:00:00,0.0,0.0
2032-02-27 00:00:00,0.0,0.0
2032-02-27 01:00:00,0.0,0.0
2032-02-27 02:00:00,0.0,3.356502866620314
2032-02-27 03:00:00,0.0,100.69508599860941
2032-02-27 04:00:00,0.0,210.5006797780454
2032-02-27 05:00:00,0.0,292.0157493959673
2032-02-27 06:00:00,0.0,343.32229321430634
2032-02-27 07:00:00,0.0,367.2973136901657
2032-02-27 08:00:00,0.0,366.3383128711314
2032-02-27 09:00:00,0.0,341.8837919857548
2032-02-27 10:00:00,0.0,292.0157493959673
2032-02-27 11:00:00,0.0,216.25468469225163
2032-02-27 12:00:00,0.0,116.99809992219377
2032-02-27 13:00:00,0.0,20.13901719972188
2032-02-27 14:00:00,0.0,0.0
2032-02-27 15:00:00,0.0,0.0
2032-02-27 16:00:00,0.0,0.0
2032-02-27 17:00:00,0.0,0.0
2032-02-27 18:00:00,0.0,0.0
2032-02-27 19:00:00,0.0,0.0
2032-02-27 20:00:00,0.0,0.0
2032-02-27 21:00:00,0.0,0.0
2032-02-27 22:00:00,0.0,0.0
2032-02-27 23:00:00,0.0,0.0
2032-02-28 00:00:00,0.0,0.0
2032-02-28 01:00:00,0.0,0.0
2032-02-28 02:00:00,0.0,3.356502866620314
2032-02-28 03:00:00,0.0,93.0230794463344
2032-02-28 04:00:00,0.0,198.03366913059847
2032-02-28 05:00:00,0.0,279.0692383390032
2032-02-28 06:00:00,0.0,330.3757821573423
2032-02-28 07:00:00,0.0,357.2278050903048
2032-02-28 08:00:00,0.0,359.62530713789073
2032-02-28 09:00:00,0.0,337.0887878905829
2032-02-28 10:00:00,0.0,289.6182473483814
2032-02-28 11:00:00,0.0,215.29568387321723
2032-02-28 12:00:00,0.0,116.5185995126766
2032-02-28 13:00:00,0.0,19.659516790204695
2032-02-28 14:00:00,0.0,0.0
2032-02-28 15:00:00,0.0,0.0
2032-02-28 16:00:00,0.0,0.0
2032-02-28 17:00:00,0.0,0.0
2032-02-28 18:00:00,0.0,0.0
2032-02-28 19:00:00,0.0,0.0
2032-02-28 20:00:00,0.0,0.0
2032-02-28 21:00:00,0.0,0.0
2032-02-28 22:00:00,0.0,0.0
2032-02-28 23:00:00,0.0,0.0
2032-02-29 00:00:00,0.0,0.0
2032-02-29 01:00:00,0.0,0.0
2032-02-29 02:00:00,0.0,3.356502866620314
2032-02-29 03:00:00,0.0,92.54357903681722
2032-02-29 04:00:00,0.0,196.11566749252975
2032-02-29 05:00:00,0.0,276.6717362914173
2032-02-29 06:00:00,0.0,328.9372809287908
2032-02-29 07:00:00,0.0,355.30980345223605
2032-02-29 08:00:00,0.0,357.2278050903048
2032-02-29 09:00:00,0.0,332.77328420492825
2032-02-29 10:00:00,0.0,285.30274366272664
2032-02-29 11:00:00,0.0,210.5006797780454
2032-02-29 12:00:00,0.0,111.24409500798754
2032-02-29 13:00:00,0.0,17.262014742618756
2032-02-29 14:00:00,0.0,0.0
2032-02-29 15:00:00,0.0,0.0
2032-02-29 16:00:00,0.0,0.0
2032-02-29 17:00:00,0.0,0.0
2032-02-29 18:00:00,0.0,0.0
2032-02-29 19:00:00,0.0,0.0
2032-02-29 20:00:00,0.0,0.0
2032-02-29 21:00:00,0.0,0.0
2032-02-29 22:00:00,0.0,0.0
2032-02-29 23:00:00,0.0,0.0
2032-03-01 00:00:00,0.0,0.0
2032-03-01 01:00:00,0.0,0.0
2032-03-01 02:00:00,0.0,0.9590008190343753
2032-03-01 03:00:00,0.0,56.58104832302815
2032-03-01 04:00:00,0.0,146.24762490274225
2032-03-01 05:00:00,0.0,227.28319411114694
2032-03-01 06:00:00,0.0,284.34374284369227
2032-03-01 07:00:00,0.0,312.1547665956892
2032-03-01 08:00:00,0.0,315.5112694623095
2032-03-01 09:00:00,0.0,287.7002457103126
2032-03-01 10:00:00,0.0,233.5166994348704
2032-03-01 11:00:00,0.0,157.75563473115474
2032-03-01 12:00:00,0.0,75.28156429419846
2032-03-01 13:00:00,0.0,10.549009009378127
2032-03-01 14:00:00,0.0,0.0
2032-03-01 15:00:00,0.0,0.0
2032-03-01 16:00:00,0.0,0.0
2032-03-01 17:00:00,0.0,0.0
2032-03-01 18:00:00,0.0,0.0
2032-03-01 19:00:00,0.0,0.0
2032-03-01 20:00:00,0.0,0.0
2032-03-01 21:00:00,0.0,0.0
2032-03-01 22:00:00,0.0,0.0
2032-03-01 23:00:00,0.0,0.0
2032-03-02 00:00:00,0.0,0.0
2032-03-02 01:00:00,0.0,0.0
2032-03-02 02:00:00,0.0,3.356502866620314
2032-03-02 03:00:00,0.0,86.78957412261096
2032-03-02 04:00:00,0.0,193.71816544494385
2032-03-02 05:00:00,0.0,278.58973792948603
2032-03-02 06:00:00,0.0,337.0887878905829
2032-03-02 07:00:00,0.0,362.5023095949938
2032-03-02 08:00:00,0.0,362.5023095949938
2032-03-02 09:00:00,0.0,346.19929567140946
2032-03-02 10:00:00,0.0,296.81075349113917
2032-03-02 11:00:00,0.0,220.5701883779063
2032-03-02 12:00:00,0.0,119.39560196977972
2032-03-02 13:00:00,0.0,20.618517609239067
2032-03-02 14:00:00,0.0,0.0
2032-03-02 15:00:00,0.0,0.0
2032-03-02 16:00:00,0.0,0.0
2032-03-02 17:00:00,0.0,0.0
2032-03-02 18:00:00,0.0,0.0
2032-03-02 19:00:00,0.0,0.0
2032-03-02 20:00:00,0.0,0.0
2032-03-02 21:00:00,0.0,0.0
2032-03-02 22:00:00,0.0,0.0
2032-03-02 23:00:00,0.0,0.0
2032-03-03 00:00:00,0.0,0.0
2032-03-03 01:00:00,0.0,0.0
2032-03-03 02:00:00,0.0,2.877002457103126
2032-03-03 03:00:00,0.0,81.9945700274391
2032-03-03 04:00:00,0.0,187.96416053073756
2032-03-03 05:00:00,0.0,273.315233424797
2032-03-03 06:00:00,0.0,308.31876331955164
2032-03-03 07:00:00,0.0,335.1707862525142
2032-03-03 08:00:00,0.0,336.1297870715485
2032-03-03 09:00:00,0.0,313.59326782424074
2032-03-03 10:00:00,0.0,264.2047256439704
2032-03-03 11:00:00,0.0,190.3616625783235
2032-03-03 12:00:00,0.0,98.77708436054066
2032-03-03 13:00:00,0.0,16.30301392358438
2032-03-03 14:00:00,0.0,0.0
2032-03-03 15:00:00,0.0,0.0
2032-03-03 16:00:00,0.0,0.0
2032-03-03 17:00:00,0.0,0.0
2032-03-03 18:00:00,0.0,0.0
2032-03-03 19:00:00,0.0,0.0
2032-03-03 20:00:00,0.0,0.0
2032-03-03 21:00:00,0.0,0.0
2032-03-03 22:00:00,0.0,0.0
2032-03-03 23:00:00,0.0,0.0
2032-03-04 00:00:00,0.0,0.0
2032-03-04 01:00:00,0.0,0.0
2032-03-04 02:00:00,0.0,3.836003276137501
2032-03-04 03:00:00,0.0,93.98208026536878
2032-03-04 04:00:00,0.0,201.86967240673602
2032-03-04 05:00:00,0.0,284.34374284369227
2032-03-04 06:00:00,0.0,337.5682883001001
2032-03-04 07:00:00,0.0,363.94081082354546
2032-03-04 08:00:00,0.0,365.37931205209696
2032-03-04 09:00:00,0.0,344.2812940333407
2032-03-04 10:00:00,0.0,295.3722522625876
2032-03-04 11:00:00,0.0,219.13168714935478
2032-03-04 12:00:00,0.0,118.43660115074535
2032-03-04 13:00:00,0.0,21.098018018756253
2032-03-04 14:00:00,0.0,0.0
2032-03-04 15:00:00,0.0,0.0
2032-03-04 16:00:00,0.0,0.0
2032-03-04 17:00:00,0.0,0.0
2032-03-04 18:00:00,0.0,0.0
2032-03-04 19:00:00,0.0,0.0
2032-03-04 20:00:00,0.0,0.0
2032-03-04 21:00:00,0.0,0.0
2032-03-04 22:00:00,0.0,0.0
2032-03-04 23:00:00,0.0,0.0
2032-03-05 00:00:00,0.0,0.0
2032-03-05 01:00:00,0.0,0.0
2032-03-05 02:00:00,0.0,4.795004095171876
2032-03-05 03:00:00,0.0,96.37958231295472
2032-03-05 04:00:00,0.0,201.86967240673602
2032-03-05 05:00:00,0.0,281.4667403865892
2032-03-05 06:00:00,0.0,338.5272891191344
2032-03-05 07:00:00,0.0,364.4203112330626
2032-03-05 08:00:00,0.0,365.8588124616142
2032-03-05 09:00:00,0.0,342.84279280478916
2032-03-05 10:00:00,0.0,294.41325144355324
2032-03-05 11:00:00,0.0,219.6111875588719
2032-03-05 12:00:00,0.0,120.83410319833128
2032-03-05 13:00:00,0.0,22.536519247307822
2032-03-05 14:00:00,0.0,0.0
2032-03-05 15:00:00,0.0,0.0
2032-03-05 16:00:00,0.0,0.0
2032-03-05 17:00:00,0.0,0.0
2032-03-05 18:00:00,0.0,0.0
2032-03-05 19:00:00,0.0,0.0
2032-03-05 20:00:00,0.0,0.0
2032-03-05 21:00:00,0.0,0.0
2032-03-05 22:00:00,0.0,0.0
2032-03-05 23:00:00,0.0,0.0
2032-03-06 00:00:00,0.0,0.0
2032-03-06 01:00:00,0.0,0.0
2032-03-06 02:00:00,0.0,3.836003276137501
2032-03-06 03:00:00,0.0,82.47407043695627
2032-03-06 04:00:00,0.0,183.1691564355657
2032-03-06 05:00:00,0.0,263.245724824936
2032-03-06 06:00:00,0.0,314.0727682337579
2032-03-06 07:00:00,0.0,326.5397788812048
2032-03-06 08:00:00,0.0,318.8677723289298
2032-03-06 09:00:00,0.0,289.6182473483814
2032-03-06 10:00:00,0.0,220.5701883779063
2032-03-06 11:00:00,0.0,127.06760852205473
2032-03-06 12:00:00,0.0,50.34754299930471
2032-03-06 13:00:00,0.0,7.672006552275002
2032-03-06 14:00:00,0.0,0.0
2032-03-06 15:00:00,0.0,0.0
2032-03-06 16:00:00,0.0,0.0
2032-03-06 17:00:00,0.0,0.0
2032-03-06 18:00:00,0.0,0.0
2032-03-06 19:00:00,0.0,0.0
2032-03-06 20:00:00,0.0,0.0
2032-03-06 21:00:00,0.0,0.0
2032-03-06 22:00:00,0.0,0.0
2032-03-06 23:00:00,0.0,0.0
2032-03-07 00:00:00,0.0,0.0
2032-03-07 01:00:00,0.0,0.0
2032-03-07 02:00:00,0.0,4.315503685654689
2032-03-07 03:00:00,0.0,84.39207207502501
2032-03-07 04:00:00,0.0,178.853652749911
2032-03-07 05:00:00,0.0,236.8732023014907
2032-03-07 06:00:00,0.0,257.97122032024697
2032-03-07 07:00:00,0.0,282.9052416151407
2032-03-07 08:00:00,0.0,277.6307371104516
2032-03-07 09:00:00,0.0,239.27070434907662
2032-03-07 10:00:00,0.0,201.39017199721883
2032-03-07 11:00:00,0.0,145.76812449322503
2032-03-07 12:00:00,0.0,67.60955774192345
2032-03-07 13:00:00,0.0,10.549009009378127
2032-03-07 14:00:00,0.0,0.0
2032-03-07 15:00:00,0.0,0.0
2032-03-07 16:00:00,0.0,0.0
2032-03-07 17:00:00,0.0,0.0
2032-03-07 18:00:00,0.0,0.0
2032-03-07 19:00:00,0.0,0.0
2032-03-07 20:00:00,0.0,0.0
2032-03-07 21:00:00,0.0,0.0
2032-03-07 22:00:00,0.0,0.0
2032-03-07 23:00:00,0.0,0.0
2032-03-08 00:00:00,0.0,0.0
2032-03-08 01:00:00,0.0,0.0
2032-03-08 02:00:00,0.0,3.356502866620314
2032-03-08 03:00:00,0.0,63.29405405626876
2032-03-08 04:00:00,0.0,133.78061425529535
2032-03-08 05:00:00,0.0,209.54167895901102
2032-03-08 06:00:00,0.0,276.6717362914173
2032-03-08 07:00:00,0.0,294.41325144355324
2032-03-08 08:00:00,0.0,270.91773137721106
2032-03-08 09:00:00,0.0,245.02470926328292
2032-03-08 10:00:00,0.0,196.59516790204694
2032-03-08 11:00:00,0.0,138.5756183504672
2032-03-08 12:00:00,0.0,74.32256347516409
2032-03-08 13:00:00,0.0,14.385012285515629
2032-03-08 14:00:00,0.0,0.0
2032-03-08 15:00:00,0.0,0.0
2032-03-08 16:00:00,0.0,0.0
2032-03-08 17:00:00,0.0,0.0
2032-03-08 18:00:00,0.0,0.0
2032-03-08 19:00:00,0.0,0.0
2032-03-08 20:00:00,0.0,0.0
2032-03-08 21:00:00,0.0,0.0
2032-03-08 22:00:00,0.0,0.0
2032-03-08 23:00:00,0.0,0.0
2032-03-09 00:00:00,0.0,0.0
2032-03-09 01:00:00,0.0,0.0
2032-03-09 02:00:00,0.0,6.713005733240628
2032-03-09 03:00:00,0.0,102.61308763667816
2032-03-09 04:00:00,0.0,209.0621785494938
2032-03-09 05:00:00,0.0,291.0567485769329
2032-03-09 06:00:00,0.0,345.24029485237514
2032-03-09 07:00:00,0.0,371.61281737582044
2032-03-09 08:00:00,0.0,373.53081901388924
2032-03-09 09:00:00,0.0,352.43280099513294
2032-03-09 10:00:00,0.0,305.4417608624486
2032-03-09 11:00:00,0.0,232.07819820631883
2032-03-09 12:00:00,0.0,132.82161343626098
2032-03-09 13:00:00,0.0,28.770024571031257
2032-03-09 14:00:00,0.0,0.0
2032-03-09 15:00:00,0.0,0.0
2032-03-09 16:00:00,0.0,0.0
2032-03-09 17:00:00,0.0,0.0
2032-03-09 18:00:00,0.0,0.0
2032-03-09 19:00:00,0.0,0.0
2032-03-09 20:00:00,0.0,0.0
2032-03-09 21:00:00,0.0,0.0
2032-03-09 22:00:00,0.0,0.0
2032-03-09 23:00:00,0.0,0.0
2032-03-10 00:00:00,0.0,0.0
2032-03-10 01:00:00,0.0,0.0
2032-03-10 02:00:00,0.0,8.631007371309378
2032-03-10 03:00:00,0.0,116.99809992219377
2032-03-10 04:00:00,0.0,225.84469288259538
2032-03-10 05:00:00,0.0,305.9212612719657
2032-03-10 06:00:00,0.0,361.54330877595953
2032-03-10 07:00:00,0.0,387.91583129940483
2032-03-10 08:00:00,0.0,389.3543325279564
2032-03-10 09:00:00,0.0,368.25631450920014
2032-03-10 10:00:00,0.0,321.74477478603296
2032-03-10 11:00:00,0.0,245.50420967280007
2032-03-10 12:00:00,0.0,136.17811630288128
2032-03-10 13:00:00,0.0,26.37252252344532
2032-03-10 14:00:00,0.0,0.0
2032-03-10 15:00:00,0.0,0.0
2032-03-10 16:00:00,0.0,0.0
2032-03-10 17:00:00,0.0,0.0
2032-03-10 18:00:00,0.0,0.0
2032-03-10 19:00:00,0.0,0.0
2032-03-10 20:00:00,0.0,0.0
2032-03-10 21:00:00,0.0,0.0
2032-03-10 22:00:00,0.0,0.0
2032-03-10 23:00:00,0.0,0.0
2032-03-11 00:00:00,0.0,0.0
2032-03-11 01:00:00,0.0,0.0
2032-03-11 02:00:00,0.0,2.877002457103126
2032-03-11 03:00:00,0.0,46.99104013268439
2032-03-11 04:00:00,0.0,105.96959050329848
2032-03-11 05:00:00,0.0,155.83763309308597
2032-03-11 06:00:00,0.0,188.92316134977193
2032-03-11 07:00:00,0.0,192.27966421639226
2032-03-11 08:00:00,0.0,200.91067158770161
2032-03-11 09:00:00,0.0,191.3206633973579
2032-03-11 10:00:00,0.0,160.63263718825786
2032-03-11 11:00:00,0.0,121.31360360784848
2032-03-11 12:00:00,0.0,74.32256347516409
2032-03-11 13:00:00,0.0,20.618517609239067
2032-03-11 14:00:00,0.0,0.0
2032-03-11 15:00:00,0.0,0.0
2032-03-11 16:00:00,0.0,0.0
2032-03-11 17:00:00,0.0,0.0
2032-03-11 18:00:00,0.0,0.0
2032-03-11 19:00:00,0.0,0.0
2032-03-11 20:00:00,0.0,0.0
2032-03-11 21:00:00,0.0,0.0
2032-03-11 22:00:00,0.0,0.0
2032-03-11 23:00:00,0.0,0.0
2032-03-12 00:00:00,0.0,0.0
2032-03-12 01:00:00,0.0,0.0
2032-03-12 02:00:00,0.0,9.110507780826564
2032-03-12 03:00:00,0.0,117.47760033171097
2032-03-12 04:00:00,0.0,229.68069615873287
2032-03-12 05:00:00,0.0,311.1957657766548
2032-03-12 06:00:00,0.0,362.9818100045111
2032-03-12 07:00:00,0.0,389.3543325279564
2032-03-12 08:00:00,0.0,391.2723341660251
2032-03-12 09:00:00,0.0,370.1743161472689
2032-03-12 10:00:00,0.0,323.6627764241017
2032-03-12 11:00:00,0.0,250.29921376797196
2032-03-12 12:00:00,0.0,149.60412776936252
2032-03-12 13:00:00,0.0,37.40103194234063
2032-03-12 14:00:00,0.0,0.0
2032-03-12 15:00:00,0.0,0.0
2032-03-12 16:00:00,0.0,0.0
2032-03-12 17:00:00,0.0,0.0
2032-03-12 18:00:00,0.0,0.0
2032-03-12 19:00:00,0.0,0.0
2032-03-12 20:00:00,0.0,0.0
2032-03-12 21:00:00,0.0,0.0
2032-03-12 22:00:00,0.0,0.0
2032-03-12 23:00:00,0.0,0.0
2032-03-13 00:00:00,0.0,0.0
2032-03-13 01:00:00,0.0,0.0
2032-03-13 02:00:00,0.0,10.549009009378127
2032-03-13 03:00:00,0.0,119.87510237929692
2032-03-13 04:00:00,0.0,227.28319411114694
2032-03-13 05:00:00,0.0,305.9212612719657
2032-03-13 06:00:00,0.0,357.2278050903048
2032-03-13 07:00:00,0.0,383.12082720423297
2032-03-13 08:00:00,0.0,385.03882884230177
2032-03-13 09:00:00,0.0,364.4203112330626
2032-03-13 10:00:00,0.0,319.34727273844703
2032-03-13 11:00:00,0.0,247.42221131086885
2032-03-13 12:00:00,0.0,149.60412776936252
2032-03-13 13:00:00,0.0,38.8395331708922
2032-03-13 14:00:00,0.0,0.0
2032-03-13 15:00:00,0.0,0.0
2032-03-13 16:00:00,0.0,0.0
2032-03-13 17:00:00,0.0,0.0
2032-03-13 18:00:00,0.0,0.0
2032-03-13 19:00:00,0.0,0.0
2032-03-13 20:00:00,0.0,0.0
2032-03-13 21:00:00,0.0,0.0
2032-03-13 22:00:00,0.0,0.0
2032-03-13 23:00:00,0.0,0.0
2032-03-14 00:00:00,0.0,0.0
2032-03-14 01:00:00,0.0,0.0
2032-03-14 02:00:00,0.0,11.508009828412504
2032-03-14 03:00:00,0.0,120.3546027888141
2032-03-14 04:00:00,0.0,225.3651924730782
2032-03-14 05:00:00,0.0,304.48276004341415
2032-03-14 06:00:00,0.0,356.2688042712704
2032-03-14 07:00:00,0.0,381.6823259756814
2032-03-14 08:00:00,0.0,383.6003276137501
2032-03-14 09:00:00,0.0,361.54330877595953
2032-03-14 10:00:00,0.0,314.5522686432751
2032-03-14 11:00:00,0.0,241.66820639666255
2032-03-14 12:00:00,0.0,142.8911220361219
2032-03-14 13:00:00,0.0,35.0035298947547
2032-03-14 14:00:00,0.0,0.0
2032-03-14 15:00:00,0.0,0.0
2032-03-14 16:00:00,0.0,0.0
2032-03-14 17:00:00,0.0,0.0
2032-03-14 18:00:00,0.0,0.0
2032-03-14 19:00:00,0.0,0.0
2032-03-14 20:00:00,0.0,0.0
2032-03-14 21:00:00,0.0,0.0
2032-03-14 22:00:00,0.0,0.0
2032-03-14 23:00:00,0.0,0.0
2032-03-15 00:00:00,0.0,0.0
2032-03-15 01:00:00,0.0,0.0
2032-03-15 02:00:00,0.0,9.110507780826564
2032-03-15 03:00:00,0.0,103.57208845571253
2032-03-15 04:00:00,0.0,206.6646765019079
2032-03-15 05:00:00,0.0,294.8927518530704
2032-03-15 06:00:00,0.0,345.24029485237514
2032-03-15 07:00:00,0.0,371.61281737582044
2032-03-15 08:00:00,0.0,374.0103194234064
2032-03-15 09:00:00,0.0,350.51479935706413
2032-03-15 10:00:00,0.0,304.48276004341415
2032-03-15 11:00:00,0.0,232.07819820631883
2032-03-15 12:00:00,0.0,135.2191154838469
2032-03-15 13:00:00,0.0,31.64702702813438
2032-03-15 14:00:00,0.0,0.0
2032-03-15 15:00:00,0.0,0.0
2032-03-15 16:00:00,0.0,0.0
2032-03-15 17:00:00,0.0,0.0
2032-03-15 18:00:00,0.0,0.0
2032-03-15 19:00:00,0.0,0.0
2032-03-15 20:00:00,0.0,0.0
2032-03-15 21:00:00,0.0,0.0
2032-03-15 22:00:00,0.0,0.0
2032-03-15 23:00:00,0.0,0.0
2032-03-16 00:00:00,0.0,0.0
2032-03-16 01:00:00,0.0,0.0
2032-03-16 02:00:00,0.0,9.110507780826564
2032-03-16 03:00:00,0.0,103.57208845571253
2032-03-16 04:00:00,0.0,211.45968059707974
2032-03-16 05:00:00,0.0,292.9747502150017
2032-03-16 06:00:00,0.0,339.9657903476861
2032-03-16 07:00:00,0.0,366.8178132806485
2032-03-16 08:00:00,0.0,369.6948157377517
2032-03-16 09:00:00,0.0,348.1172973094782
2032-03-16 10:00:00,0.0,302.56475840534546
2032-03-16 11:00:00,0.0,231.11919738728446
2032-03-16 12:00:00,0.0,135.2191154838469
2032-03-16 13:00:00,0.0,32.60602784716876
2032-03-16 14:00:00,0.0,0.0
2032-03-16 15:00:00,0.0,0.0
2032-03-16 16:00:00,0.0,0.0
2032-03-16 17:00:00,0.0,0.0
2032-03-16 18:00:00,0.0,0.0
2032-03-16 19:00:00,0.0,0.0
2032-03-16 20:00:00,0.0,0.0
2032-03-16 21:00:00,0.0,0.0
2032-03-16 22:00:00,0.0,0.0
2032-03-16 23:00:00,0.0,0.0
2032-03-17 00:00:00,0.0,0.0
2032-03-17 01:00:00,0.0,0.0
2032-03-17 02:00:00,0.0,8.631007371309378
2032-03-17 03:00:00,0.0,90.62557739874845
2032-03-17 04:00:00,0.0,197.0746683115641
2032-03-17 05:00:00,0.0,275.7127354723829
2032-03-17 06:00:00,0.0,334.21178543347975
2032-03-17 07:00:00,0.0,363.94081082354546
2032-03-17 08:00:00,0.0,365.37931205209696
2032-03-17 09:00:00,0.0,341.8837919857548
2032-03-17 10:00:00,0.0,294.41325144355324
2032-03-17 11:00:00,0.0,218.6521867398376
2032-03-17 12:00:00,0.0,119.39560196977972
2032-03-17 13:00:00,0.0,24.454520885376567
2032-03-17 14:00:00,0.0,0.0
2032-03-17 15:00:00,0.0,0.0
2032-03-17 16:00:00,0.0,0.0
2032-03-17 17:00:00,0.0,0.0
2032-03-17 18:00:00,0.0,0.0
2032-03-17 19:00:00,0.0,0.0
2032-03-17 20:00:00,0.0,0.0
2032-03-17 21:00:00,0.0,0.0
2032-03-17 22:00:00,0.0,0.0
2032-03-17 23:00:00,0.0,0.0
2032-03-18 00:00:00,0.0,0.0
2032-03-18 01:00:00,0.0,0.0
2032-03-18 02:00:00,0.0,8.631007371309378
2032-03-18 03:00:00,0.0,103.09258804619535
2032-03-18 04:00:00,0.0,212.4186814161141
2032-03-18 05:00:00,0.0,294.8927518530704
2032-03-18 06:00:00,0.0,348.59679771899545
2032-03-18 07:00:00,0.0,371.61281737582044
2032-03-18 08:00:00,0.0,371.61281737582044
2032-03-18 09:00:00,0.0,341.4042915762376
2032-03-18 10:00:00,0.0,292.9747502150017
2032-03-18 11:00:00,0.0,219.13168714935478
2032-03-18 12:00:00,0.0,123.71110565543442
2032-03-18 13:00:00,0.0,27.81102375199689
2032-03-18 14:00:00,0.0,0.0
2032-03-18 15:00:00,0.0,0.0
2032-03-18 16:00:00,0.0,0.0
2032-03-18 17:00:00,0.0,0.0
2032-03-18 18:00:00,0.0,0.0
2032-03-18 19:00:00,0.0,0.0
2032-03-18 20:00:00,0.0,0.0
2032-03-18 21:00:00,0.0,0.0
2032-03-18 22:00:00,0.0,0.0
2032-03-18 23:00:00,0.0,0.0
2032-03-19 00:00:00,0.0,0.0
2032-03-19 01:00:00,0.0,0.0
2032-03-19 02:00:00,0.0,8.631007371309378
2032-03-19 03:00:00,0.0,98.29758395102347
2032-03-19 04:00:00,0.0,202.34917281625314
2032-03-19 05:00:00,0.0,283.3847420246579
2032-03-19 06:00:00,0.0,343.8017936238235
2032-03-19 07:00:00,0.0,368.25631450920014
2032-03-19 08:00:00,0.0,369.2153153282345
2032-03-19 09:00:00,0.0,348.59679771899545
2032-03-19 10:00:00,0.0,301.12625717679384
2032-03-19 11:00:00,0.0,227.76269452066416
2032-03-19 12:00:00,0.0,130.90361179819223
2032-03-19 13:00:00,0.0,31.1675266186172
2032-03-19 14:00:00,0.0,0.0
2032-03-19 15:00:00,0.0,0.0
2032-03-19 16:00:00,0.0,0.0
2032-03-19 17:00:00,0.0,0.0
2032-03-19 18:00:00,0.0,0.0
2032-03-19 19:00:00,0.0,0.0
2032-03-19 20:00:00,0.0,0.0
2032-03-19 21:00:00,0.0,0.0
2032-03-19 22:00:00,0.0,0.0
2032-03-19 23:00:00,0.0,0.0
2032-03-20 00:00:00,0.0,0.0
2032-03-20 01:00:00,0.0,0.0
2032-03-20 02:00:00,0.0,10.549009009378127
2032-03-20 03:00:00,0.0,105.49009009378128
2032-03-20 04:00:00,0.0,208.10317773045944
2032-03-20 05:00:00,0.0,285.7822440722438
2032-03-20 06:00:00,0.0,336.6092874810657
2032-03-20 07:00:00,0.0,362.5023095949938
2032-03-20 08:00:00,0.0,364.4203112330626
2032-03-20 09:00:00,0.0,338.0477887096173
2032-03-20 10:00:00,0.0,291.53624898645006
2032-03-20 11:00:00,0.0,220.09068796838912
2032-03-20 12:00:00,0.0,126.10860770302035
2032-03-20 13:00:00,0.0,30.68802620910001
2032-03-20 14:00:00,0.0,0.0
2032-03-20 15:00:00,0.0,0.0
2032-03-20 16:00:00,0.0,0.0
2032-03-20 17:00:00,0.0,0.0
2032-03-20 18:00:00,0.0,0.0
2032-03-20 19:00:00,0.0,0.0
2032-03-20 20:00:00,0.0,0.0
2032-03-20 21:00:00,0.0,0.0
2032-03-20 22:00:00,0.0,0.0
2032-03-20 23:00:00,0.0,0.0
2032-03-21 00:00:00,0.0,0.0
2032-03-21 01:00:00,0.0,0.0
2032-03-21 02:00:00,0.0,10.06950859986094
2032-03-21 03:00:00,0.0,98.29758395102347
2032-03-21 04:00:00,0.0,198.51316954011565
2032-03-21 05:00:00,0.0,276.6717362914173
2032-03-21 06:00:00,0.0,324.1422768336189
2032-03-21 07:00:00,0.0,350.9942997665814
2032-03-21 08:00:00,0.0,356.2688042712704
2032-03-21 09:00:00,0.0,335.1707862525142
2032-03-21 10:00:00,0.0,289.1387469388642
2032-03-21 11:00:00,0.0,217.6931859208032
2032-03-21 12:00:00,0.0,124.1906060649516
2032-03-21 13:00:00,0.0,29.729025390065633
2032-03-21 14:00:00,0.0,0.0
2032-03-21 15:00:00,0.0,0.0
2032-03-21 16:00:00,0.0,0.0
2032-03-21 17:00:00,0.0,0.0
2032-03-21 18:00:00,0.0,0.0
2032-03-21 19:00:00,0.0,0.0
2032-03-21 20:00:00,0.0,0.0
2032-03-21 21:00:00,0.0,0.0
2032-03-21 22:00:00,0.0,0.0
2032-03-21 23:00:00,0.0,0.0
2032-03-22 00:00:00,0.0,0.0
2032-03-22 01:00:00,0.0,0.0
2032-03-22 02:00:00,0.0,9.590008190343752
2032-03-22 03:00:00,0.0,94.46158067488597
2032-03-22 04:00:00,0.0,199.95167076866724
2032-03-22 05:00:00,0.0,280.0282391580376
2032-03-22 06:00:00,0.0,332.293783795411
2032-03-22 07:00:00,0.0,354.8303030427188
2032-03-22 08:00:00,0.0,347.6377968999611
2032-03-22 09:00:00,0.0,336.6092874810657
2032-03-22 10:00:00,0.0,300.16725635775947
2032-03-22 11:00:00,0.0,230.63969697776727
2032-03-22 12:00:00,0.0,137.13711712191568
2032-03-22 13:00:00,0.0,36.44203112330626
2032-03-22 14:00:00,0.0,0.0
2032-03-22 15:00:00,0.0,0.0
2032-03-22 16:00:00,0.0,0.0
2032-03-22 17:00:00,0.0,0.0
2032-03-22 18:00:00,0.0,0.0
2032-03-22 19:00:00,0.0,0.0
2032-03-22 20:00:00,0.0,0.0
2032-03-22 21:00:00,0.0,0.0
2032-03-22 22:00:00,0.0,0.0
2032-03-22 23:00:00,0.0,0.0
2032-03-23 00:00:00,0.0,0.0
2032-03-23 01:00:00,0.0,0.0
2032-03-23 02:00:00,0.0,12.946511056964066
2032-03-23 03:00:00,0.0,111.24409500798754
2032-03-23 04:00:00,0.0,216.73418510176882
2032-03-23 05:00:00,0.0,294.41325144355324
2032-03-23 06:00:00,0.0,344.76079444285796
2032-03-23 07:00:00,0.0,370.653816556786
2032-03-23 08:00:00,0.0,373.05131860437194
2032-03-23 09:00:00,0.0,351.4738001760985
2032-03-23 10:00:00,0.0,306.4007616814829
2032-03-23 11:00:00,0.0,235.43470107293913
2032-03-23 12:00:00,0.0,129.94461097915786
2032-03-23 13:00:00,0.0,34.52402948523751
2032-03-23 14:00:00,0.0,0.0
2032-03-23 15:00:00,0.0,0.0
2032-03-23 16:00:00,0.0,0.0
2032-03-23 17:00:00,0.0,0.0
2032-03-23 18:00:00,0.0,0.0
2032-03-23 19:00:00,0.0,0.0
2032-03-23 20:00:00,0.0,0.0
2032-03-23 21:00:00,0.0,0.0
2032-03-23 22:00:00,0.0,0.0
2032-03-23 23:00:00,0.0,0.0
2032-03-24 00:00:00,0.0,0.0
2032-03-24 01:00:00,0.0,0.0
2032-03-24 02:00:00,0.0,12.467010647446878
2032-03-24 03:00:00,0.0,105.96959050329848
2032-03-24 04:00:00,0.0,215.77518428273444
2032-03-24 05:00:00,0.0,294.41325144355324
2032-03-24 06:00:00,0.0,347.6377968999611
2032-03-24 07:00:00,0.0,373.53081901388924
2032-03-24 08:00:00,0.0,376.4078214709923
2032-03-24 09:00:00,0.0,353.3918018141673
2032-03-24 10:00:00,0.0,309.277764138586
2032-03-24 11:00:00,0.0,239.75020475859384
2032-03-24 12:00:00,0.0,145.76812449322503
2032-03-24 13:00:00,0.0,42.19603603751251
2032-03-24 14:00:00,0.0,0.0
2032-03-24 15:00:00,0.0,0.0
2032-03-24 16:00:00,0.0,0.0
2032-03-24 17:00:00,0.0,0.0
2032-03-24 18:00:00,0.0,0.0
2032-03-24 19:00:00,0.0,0.0
2032-03-24 20:00:00,0.0,0.0
2032-03-24 21:00:00,0.0,0.0
2032-03-24 22:00:00,0.0,0.0
2032-03-24 23:00:00,0.0,0.0
2032-03-25 00:00:00,0.0,0.0
2032-03-25 01:00:00,0.0,0.0
2032-03-25 02:00:00,0.0,14.864512695032817
2032-03-25 03:00:00,0.0,117.47760033171097
2032-03-25 04:00:00,0.0,221.04968878742352
2032-03-25 05:00:00,0.0,298.2492547196907
2032-03-25 06:00:00,0.0,348.1172973094782
2032-03-25 07:00:00,0.0,373.53081901388924
2032-03-25 08:00:00,0.0,375.4488206519579
2032-03-25 09:00:00,0.0,350.9942997665814
2032-03-25 10:00:00,0.0,306.8802620910001
2032-03-25 11:00:00,0.0,236.8732023014907
2032-03-25 12:00:00,0.0,143.3706224456391
2032-03-25 13:00:00,0.0,40.757534808960955
2032-03-25 14:00:00,0.0,0.0
2032-03-25 15:00:00,0.0,0.0
2032-03-25 16:00:00,0.0,0.0
2032-03-25 17:00:00,0.0,0.0
2032-03-25 18:00:00,0.0,0.0
2032-03-25 19:00:00,0.0,0.0
2032-03-25 20:00:00,0.0,0.0
2032-03-25 21:00:00,0.0,0.0
2032-03-25 22:00:00,0.0,0.0
2032-03-25 23:00:00,0.0,0.0
2032-03-26 00:00:00,0.0,0.0
2032-03-26 01:00:00,0.0,0.0
2032-03-26 02:00:00,0.0,15.82351351406719
2032-03-26 03:00:00,0.0,118.43660115074535
2032-03-26 04:00:00,0.0,219.6111875588719
2032-03-26 05:00:00,0.0,295.8517526721048
2032-03-26 06:00:00,0.0,346.67879608092665
2032-03-26 07:00:00,0.0,370.1743161472689
2032-03-26 08:00:00,0.0,370.653816556786
2032-03-26 09:00:00,0.0,349.5557985380298
2032-03-26 10:00:00,0.0,305.9212612719657
2032-03-26 11:00:00,0.0,240.22970516811102
2032-03-26 12:00:00,0.0,149.60412776936252
2032-03-26 13:00:00,0.0,45.552538904132824
2032-03-26 14:00:00,0.0,0.0
2032-03-26 15:00:00,0.0,0.0
2032-03-26 16:00:00,0.0,0.0
2032-03-26 17:00:00,0.0,0.0
2032-03-26 18:00:00,0.0,0.0
2032-03-26 19:00:00,0.0,0.0
2032-03-26 20:00:00,0.0,0.0
2032-03-26 21:00:00,0.0,0.0
2032-03-26 22:00:00,0.0,0.0
2032-03-26 23:00:00,0.0,0.0
2032-03-27 00:00:00,0.0,0.0
2032-03-27 01:00:00,0.0,0.0
2032-03-27 02:00:00,0.0,16.78251433310157
2032-03-27 03:00:00,0.0,118.43660115074535
2032-03-27 04:00:00,0.0,218.6521867398376
2032-03-27 05:00:00,0.0,294.41325144355324
2032-03-27 06:00:00,0.0,342.363292395272
2032-03-27 07:00:00,0.0,366.3383128711314
2032-03-27 08:00:00,0.0,367.7768140996829
2032-03-27 09:00:00,0.0,347.1582964904439
2032-03-27 10:00:00,0.0,303.0442588148626
2032-03-27 11:00:00,0.0,227.76269452066416
2032-03-27 12:00:00,0.0,127.06760852205473
2032-03-27 13:00:00,0.0,32.60602784716876
2032-03-27 14:00:00,0.0,0.0
2032-03-27 15:00:00,0.0,0.0
2032-03-27 16:00:00,0.0,0.0
2032-03-27 17:00:00,0.0,0.0
2032-03-27 18:00:00,0.0,0.0
2032-03-27 19:00:00,0.0,0.0
2032-03-27 20:00:00,0.0,0.0
2032-03-27 21:00:00,0.0,0.0
2032-03-27 22:00:00,0.0,0.0
2032-03-27 23:00:00,0.0,0.0
2032-03-28 00:00:00,0.0,0.0
2032-03-28 01:00:00,0.0,0.0
2032-03-28 02:00:00,0.0,14.385012285515629
2032-03-28 03:00:00,0.0,109.3260933699188
2032-03-28 04:00:00,0.0,207.62367732094222
2032-03-28 05:00:00,0.0,283.3847420246579
2032-03-28 06:00:00,0.0,331.8142833858938
2032-03-28 07:00:00,0.0,355.78930386175324
2032-03-28 08:00:00,0.0,362.02280918547666
2032-03-28 09:00:00,0.0,342.84279280478916
2032-03-28 10:00:00,0.0,299.20825553872504
2032-03-28 11:00:00,0.0,230.16019656825006
2032-03-28 12:00:00,0.0,135.69861589336412
2032-03-28 13:00:00,0.0,38.8395331708922
2032-03-28 14:00:00,0.0,0.0
2032-03-28 15:00:00,0.0,0.0
2032-03-28 16:00:00,0.0,0.0
2032-03-28 17:00:00,0.0,0.0
2032-03-28 18:00:00,0.0,0.0
2032-03-28 19:00:00,0.0,0.0
2032-03-28 20:00:00,0.0,0.0
2032-03-28 21:00:00,0.0,0.0
2032-03-28 22:00:00,0.0,0.0
2032-03-28 23:00:00,0.0,0.0
2032-03-29 00:00:00,0.0,0.0
2032-03-29 01:00:00,0.0,0.0
2032-03-29 02:00:00,0.0,15.344013104550005
2032-03-29 03:00:00,0.0,112.2030958270219
2032-03-29 04:00:00,0.0,214.33668305418288
2032-03-29 05:00:00,0.0,290.5772481674157
2032-03-29 06:00:00,0.0,339.9657903476861
2032-03-29 07:00:00,0.0,365.37931205209696
2032-03-29 08:00:00,0.0,367.7768140996829
2032-03-29 09:00:00,0.0,346.67879608092665
2032-03-29 10:00:00,0.0,303.5237592243798
2032-03-29 11:00:00,0.0,235.43470107293913
2032-03-29 12:00:00,0.0,143.8501228551563
2032-03-29 13:00:00,0.0,43.15503685654689
2032-03-29 14:00:00,0.0,0.0
2032-03-29 15:00:00,0.0,0.0
2032-03-29 16:00:00,0.0,0.0
2032-03-29 17:00:00,0.0,0.0
2032-03-29 18:00:00,0.0,0.0
2032-03-29 19:00:00,0.0,0.0
2032-03-29 20:00:00,0.0,0.0
2032-03-29 21:00:00,0.0,0.0
2032-03-29 22:00:00,0.0,0.0
2032-03-29 23:00:00,0.0,0.0
2032-03-30 00:00:00,0.0,0.0
2032-03-30 01:00:00,0.0,0.0
2032-03-30 02:00:00,0.0,17.741515152135946
2032-03-30 03:00:00,0.0,120.83410319833128
2032-03-30 04:00:00,0.0,221.04968878742352
2032-03-30 05:00:00,0.0,296.81075349113917
2032-03-30 06:00:00,0.0,345.7197952618923
2032-03-30 07:00:00,0.0,369.6948157377517
2032-03-30 08:00:00,0.0,371.61281737582044
2032-03-30 09:00:00,0.0,351.4738001760985
2032-03-30 10:00:00,0.0,307.8392629100345
2032-03-30 11:00:00,0.0,239.27070434907662
2032-03-30 12:00:00,0.0,147.20662572177662
2032-03-30 13:00:00,0.0,45.073038494615645
2032-03-30 14:00:00,0.0,0.0
2032-03-30 15:00:00,0.0,0.0
2032-03-30 16:00:00,0.0,0.0
2032-03-30 17:00:00,0.0,0.0
2032-03-30 18:00:00,0.0,0.0
2032-03-30 19:00:00,0.0,0.0
2032-03-30 20:00:00,0.0,0.0
2032-03-30 21:00:00,0.0,0.0
2032-03-30 22:00:00,0.0,0.0
2032-03-30 23:00:00,0.0,0.0
2032-03-31 00:00:00,0.0,0.0
2032-03-31 01:00:00,0.0,0.0
2032-03-31 02:00:00,0.0,18.22101556165313
2032-03-31 03:00:00,0.0,119.39560196977972
2032-03-31 04:00:00,0.0,218.6521867398376
2032-03-31 05:00:00,0.0,293.933751034036
2032-03-31 06:00:00,0.0,341.8837919857548
2032-03-31 07:00:00,0.0,365.37931205209696
2032-03-31 08:00:00,0.0,367.2973136901657
2032-03-31 09:00:00,0.0,347.1582964904439
2032-03-31 10:00:00,0.0,304.48276004341415
2032-03-31 11:00:00,0.0,236.8732023014907
2032-03-31 12:00:00,0.0,145.76812449322503
2032-03-31 13:00:00,0.0,44.59353808509845
2032-03-31 14:00:00,0.0,0.0
2032-03-31 15:00:00,0.0,0.0
2032-03-31 16:00:00,0.0,0.0
2032-03-31 17:00:00,0.0,0.0
2032-03-31 18:00:00,0.0,0.0
2032-03-31 19:00:00,0.0,0.0
2032-03-31 20:00:00,0.0,0.0
2032-03-31 21:00:00,0.0,0.0
2032-03-31 22:00:00,0.0,0.0
2032-03-31 23:00:00,0.0,0.0
2032-04-01 00:00:00,0.0,0.0
2032-04-01 01:00:00,0.0,0.0
2032-04-01 02:00:00,0.0,18.700515971170315
2032-04-01 03:00:00,0.0,120.83410319833128
2032-04-01 04:00:00,0.0,221.04968878742352
2032-04-01 05:00:00,0.0,295.8517526721048
2032-04-01 06:00:00,0.0,338.5272891191344
2032-04-01 07:00:00,0.0,338.0477887096173
2032-04-01 08:00:00,0.0,316.47027028134386
2032-04-01 09:00:00,0.0,297.76975431017354
2032-04-01 10:00:00,0.0,273.315233424797
2032-04-01 11:00:00,0.0,228.7216953396985
2032-04-01 12:00:00,0.0,146.72712531225943
2032-04-01 13:00:00,0.0,45.552538904132824
2032-04-01 14:00:00,0.0,0.0
2032-04-01 15:00:00,0.0,0.0
2032-04-01 16:00:00,0.0,0.0
2032-04-01 17:00:00,0.0,0.0
2032-04-01 18:00:00,0.0,0.0
2032-04-01 19:00:00,0.0,0.0
2032-04-01 20:00:00,0.0,0.0
2032-04-01 21:00:00,0.0,0.0
2032-04-01 22:00:00,0.0,0.0
2032-04-01 23:00:00,0.0,0.0
2032-04-02 00:00:00,0.0,0.0
2032-04-02 01:00:00,0.0,0.0
2032-04-02 02:00:00,0.0,11.98751023792969
2032-04-02 03:00:00,0.0,96.85908272247192
2032-04-02 04:00:00,0.0,217.213685511286
2032-04-02 05:00:00,0.0,293.45425062451886
2032-04-02 06:00:00,0.0,340.4452907572032
2032-04-02 07:00:00,0.0,364.4203112330626
2032-04-02 08:00:00,0.0,367.2973136901657
2032-04-02 09:00:00,0.0,347.6377968999611
2032-04-02 10:00:00,0.0,304.00325963389696
2032-04-02 11:00:00,0.0,231.59869779680164
2032-04-02 12:00:00,0.0,123.23160524591722
2032-04-02 13:00:00,0.0,34.52402948523751
2032-04-02 14:00:00,0.0,0.0
2032-04-02 15:00:00,0.0,0.0
2032-04-02 16:00:00,0.0,0.0
2032-04-02 17:00:00,0.0,0.0
2032-04-02 18:00:00,0.0,0.0
2032-04-02 19:00:00,0.0,0.0
2032-04-02 20:00:00,0.0,0.0
2032-04-02 21:00:00,0.0,0.0
2032-04-02 22:00:00,0.0,0.0
2032-04-02 23:00:00,0.0,0.0
2032-04-03 00:00:00,0.0,0.0
2032-04-03 01:00:00,0.0,0.0
2032-04-03 02:00:00,0.0,20.13901719972188
2032-04-03 03:00:00,0.0,123.71110565543442
2032-04-03 04:00:00,0.0,223.44719083500945
2032-04-03 05:00:00,0.0,297.29025390065635
2032-04-03 06:00:00,0.0,343.32229321430634
2032-04-03 07:00:00,0.0,364.8998116425798
2032-04-03 08:00:00,0.0,363.4613104140282
2032-04-03 09:00:00,0.0,337.0887878905829
2032-04-03 10:00:00,0.0,285.7822440722438
2032-04-03 11:00:00,0.0,209.0621785494938
2032-04-03 12:00:00,0.0,120.83410319833128
2032-04-03 13:00:00,0.0,39.31903358040939
2032-04-03 14:00:00,0.0,0.0
2032-04-03 15:00:00,0.0,0.0
2032-04-03 16:00:00,0.0,0.0
2032-04-03 17:00:00,0.0,0.0
2032-04-03 18:00:00,0.0,0.0
2032-04-03 19:00:00,0.0,0.0
2032-04-03 20:00:00,0.0,0.0
2032-04-03 21:00:00,0.0,0.0
2032-04-03 22:00:00,0.0,0.0
2032-04-03 23:00:00,0.0,0.0
2032-04-04 00:00:00,0.0,0.0
2032-04-04 01:00:00,0.0,0.0
2032-04-04 02:00:00,0.0,10.549009009378127
2032-04-04 03:00:00,0.0,69.5275593799922
2032-04-04 04:00:00,0.0,150.08362817887974
2032-04-04 05:00:00,0.0,218.17268633032037
2032-04-04 06:00:00,0.0,299.20825553872504
2032-04-04 07:00:00,0.0,354.8303030427188
2032-04-04 08:00:00,0.0,364.4203112330626
2032-04-04 09:00:00,0.0,332.293783795411
2032-04-04 10:00:00,0.0,284.82324325320945
2032-04-04 11:00:00,0.0,231.11919738728446
2032-04-04 12:00:00,0.0,145.76812449322503
2032-04-04 13:00:00,0.0,44.59353808509845
2032-04-04 14:00:00,0.0,0.0
2032-04-04 15:00:00,0.0,0.0
2032-04-04 16:00:00,0.0,0.0
2032-04-04 17:00:00,0.0,0.0
2032-04-04 18:00:00,0.0,0.0
2032-04-04 19:00:00,0.0,0.0
2032-04-04 20:00:00,0.0,0.0
2032-04-04 21:00:00,0.0,0.0
2032-04-04 22:00:00,0.0,0.0
2032-04-04 23:00:00,0.0,0.0
2032-04-05 00:00:00,0.0,0.0
2032-04-05 01:00:00,0.0,0.0
2032-04-05 02:00:00,0.0,8.15150696179219
2032-04-05 03:00:00,0.0,86.31007371309379
2032-04-05 04:00:00,0.0,190.3616625783235
2032-04-05 05:00:00,0.0,255.09421786314383
2032-04-05 06:00:00,0.0,293.45425062451886
2032-04-05 07:00:00,0.0,325.5807780621704
2032-04-05 08:00:00,0.0,353.3918018141673
2032-04-05 09:00:00,0.0,344.2812940333407
2032-04-05 10:00:00,0.0,302.0852579958282
2032-04-05 11:00:00,0.0,232.07819820631883
2032-04-05 12:00:00,0.0,140.97312039805317
2032-04-05 13:00:00,0.0,44.114037675581265
2032-04-05 14:00:00,0.0,0.0
2032-04-05 15:00:00,0.0,0.0
2032-04-05 16:00:00,0.0,0.0
2032-04-05 17:00:00,0.0,0.0
2032-04-05 18:00:00,0.0,0.0
2032-04-05 19:00:00,0.0,0.0
2032-04-05 20:00:00,0.0,0.0
2032-04-05 21:00:00,0.0,0.0
2032-04-05 22:00:00,0.0,0.0
2032-04-05 23:00:00,0.0,0.0
2032-04-06 00:00:00,0.0,0.0
2032-04-06 01:00:00,0.0,0.0
2032-04-06 02:00:00,0.0,14.864512695032817
2032-04-06 03:00:00,0.0,94.46158067488597
2032-04-06 04:00:00,0.0,190.3616625783235
2032-04-06 05:00:00,0.0,270.91773137721106
2032-04-06 06:00:00,0.0,323.6627764241017
2032-04-06 07:00:00,0.0,350.51479935706413
2032-04-06 08:00:00,0.0,354.3508026332017
2032-04-06 09:00:00,0.0,331.8142833858938
2032-04-06 10:00:00,0.0,284.82324325320945
2032-04-06 11:00:00,0.0,210.5006797780454
2032-04-06 12:00:00,0.0,116.5185995126766
2032-04-06 13:00:00,0.0,30.20852579958282
2032-04-06 14:00:00,0.0,0.0
2032-04-06 15:00:00,0.0,0.0
2032-04-06 16:00:00,0.0,0.0
2032-04-06 17:00:00,0.0,0.0
2032-04-06 18:00:00,0.0,0.0
2032-04-06 19:00:00,0.0,0.0
2032-04-06 20:00:00,0.0,0.0
2032-04-06 21:00:00,0.0,0.0
2032-04-06 22:00:00,0.0,0.0
2032-04-06 23:00:00,0.0,0.0
2032-04-07 00:00:00,0.0,0.0
2032-04-07 01:00:00,0.0,0.0
2032-04-07 02:00:00,0.0,20.618517609239067
2032-04-07 03:00:00,0.0,116.99809992219377
2032-04-07 04:00:00,0.0,205.7056756828735
2032-04-07 05:00:00,0.0,270.4382309676938
2032-04-07 06:00:00,0.0,304.9622604529314
2032-04-07 07:00:00,0.0,324.621777243136
2032-04-07 08:00:00,0.0,347.1582964904439
2032-04-07 09:00:00,0.0,340.92479116672035
2032-04-07 10:00:00,0.0,301.12625717679384
2032-04-07 11:00:00,0.0,233.99619984438755
2032-04-07 12:00:00,0.0,143.8501228551563
2032-04-07 13:00:00,0.0,45.552538904132824
2032-04-07 14:00:00,0.0,0.0
2032-04-07 15:00:00,0.0,0.0
2032-04-07 16:00:00,0.0,0.0
2032-04-07 17:00:00,0.0,0.0
2032-04-07 18:00:00,0.0,0.0
2032-04-07 19:00:00,0.0,0.0
2032-04-07 20:00:00,0.0,0.0
2032-04-07 21:00:00,0.0,0.0
2032-04-07 22:00:00,0.0,0.0
2032-04-07 23:00:00,0.0,0.0
2032-04-08 00:00:00,0.0,0.0
2032-04-08 01:00:00,0.0,0.0
2032-04-08 02:00:00,0.0,17.741515152135946
2032-04-08 03:00:00,0.0,105.96959050329848
2032-04-08 04:00:00,0.0,211.93918100659695
2032-04-08 05:00:00,0.0,288.65924652934694
2032-04-08 06:00:00,0.0,336.1297870715485
2032-04-08 07:00:00,0.0,360.1048075474079
2032-04-08 08:00:00,0.0,362.02280918547666
2032-04-08 09:00:00,0.0,341.4042915762376
2032-04-08 10:00:00,0.0,298.72875512920785
2032-04-08 11:00:00,0.0,231.59869779680164
2032-04-08 12:00:00,0.0,141.93212121708757
2032-04-08 13:00:00,0.0,45.073038494615645
2032-04-08 14:00:00,0.0,0.0
2032-04-08 15:00:00,0.0,0.0
2032-04-08 16:00:00,0.0,0.0
2032-04-08 17:00:00,0.0,0.0
2032-04-08 18:00:00,0.0,0.0
2032-04-08 19:00:00,0.0,0.0
2032-04-08 20:00:00,0.0,0.0
2032-04-08 21:00:00,0.0,0.0
2032-04-08 22:00:00,0.0,0.0
2032-04-08 23:00:00,0.0,0.0
2032-04-09 00:00:00,0.0,0.0
2032-04-09 01:00:00,0.0,0.0
2032-04-09 02:00:00,0.0,22.057018837790633
2032-04-09 03:00:00,0.0,119.87510237929692
2032-04-09 04:00:00,0.0,217.213685511286
2032-04-09 05:00:00,0.0,290.5772481674157
2032-04-09 06:00:00,0.0,336.6092874810657
2032-04-09 07:00:00,0.0,361.54330877595953
2032-04-09 08:00:00,0.0,364.4203112330626
2032-04-09 09:00:00,0.0,344.2812940333407
2032-04-09 10:00:00,0.0,301.60575758631103
2032-04-09 11:00:00,0.0,232.07819820631883
2032-04-09 12:00:00,0.0,144.32962326467347
2032-04-09 13:00:00,0.0,46.511539723167196
2032-04-09 14:00:00,0.0,0.0
2032-04-09 15:00:00,0.0,0.0
2032-04-09 16:00:00,0.0,0.0
2032-04-09 17:00:00,0.0,0.0
2032-04-09 18:00:00,0.0,0.0
2032-04-09 19:00:00,0.0,0.0
2032-04-09 20:00:00,0.0,0.0
2032-04-09 21:00:00,0.0,0.0
2032-04-09 22:00:00,0.0,0.0
2032-04-09 23:00:00,0.0,0.0
2032-04-10 00:00:00,0.0,0.0
2032-04-10 01:00:00,0.0,0.0
2032-04-10 02:00:00,0.0,22.536519247307822
2032-04-10 03:00:00,0.0,118.91610156026253
2032-04-10 04:00:00,0.0,215.29568387321723
2032-04-10 05:00:00,0.0,289.1387469388642
2032-04-10 06:00:00,0.0,336.1297870715485
2032-04-10 07:00:00,0.0,360.1048075474079
2032-04-10 08:00:00,0.0,362.02280918547666
2032-04-10 09:00:00,0.0,339.9657903476861
2032-04-10 10:00:00,0.0,296.3312530816219
2032-04-10 11:00:00,0.0,229.68069615873287
2032-04-10 12:00:00,0.0,140.97312039805317
2032-04-10 13:00:00,0.0,45.073038494615645
2032-04-10 14:00:00,0.0,0.0
2032-04-10 15:00:00,0.0,0.0
2032-04-10 16:00:00,0.0,0.0
2032-04-10 17:00:00,0.0,0.0
2032-04-10 18:00:00,0.0,0.0
2032-04-10 19:00:00,0.0,0.0
2032-04-10 20:00:00,0.0,0.0
2032-04-10 21:00:00,0.0,0.0
2032-04-10 22:00:00,0.0,0.0
2032-04-10 23:00:00,0.0,0.0
2032-04-11 00:00:00,0.0,0.0
2032-04-11 01:00:00,0.0,0.0
2032-04-11 02:00:00,0.0,21.098018018756253
2032-04-11 03:00:00,0.0,112.6825962365391
2032-04-11 04:00:00,0.0,206.6646765019079
2032-04-11 05:00:00,0.0,280.0282391580376
2032-04-11 06:00:00,0.0,330.3757821573423
2032-04-11 07:00:00,0.0,354.8303030427188
2032-04-11 08:00:00,0.0,355.30980345223605
2032-04-11 09:00:00,0.0,336.1297870715485
2032-04-11 10:00:00,0.0,291.53624898645006
2032-04-11 11:00:00,0.0,224.4061916540438
2032-04-11 12:00:00,0.0,128.98561016012349
2032-04-11 13:00:00,0.0,36.44203112330626
2032-04-11 14:00:00,0.0,0.0
2032-04-11 15:00:00,0.0,0.0
2032-04-11 16:00:00,0.0,0.0
2032-04-11 17:00:00,0.0,0.0
2032-04-11 18:00:00,0.0,0.0
2032-04-11 19:00:00,0.0,0.0
2032-04-11 20:00:00,0.0,0.0
2032-04-11 21:00:00,0.0,0.0
2032-04-11 22:00:00,0.0,0.0
2032-04-11 23:00:00,0.0,0.0
2032-04-12 00:00:00,0.0,0.0
2032-04-12 01:00:00,0.0,0.0
2032-04-12 02:00:00,0.0,16.78251433310157
2032-04-12 03:00:00,0.0,94.46158067488597
2032-04-12 04:00:00,0.0,189.40266175928915
2032-04-12 05:00:00,0.0,248.3812121299032
2032-04-12 06:00:00,0.0,238.79120393955944
2032-04-12 07:00:00,0.0,278.58973792948603
2032-04-12 08:00:00,0.0,322.2242751955501
2032-04-12 09:00:00,0.0,308.31876331955164
2032-04-12 10:00:00,0.0,253.65571663459224
2032-04-12 11:00:00,0.0,188.44366094025477
2032-04-12 12:00:00,0.0,129.94461097915786
2032-04-12 13:00:00,0.0,42.6755364470297
2032-04-12 14:00:00,0.0,0.0
2032-04-12 15:00:00,0.0,0.0
2032-04-12 16:00:00,0.0,0.0
2032-04-12 17:00:00,0.0,0.0
2032-04-12 18:00:00,0.0,0.0
2032-04-12 19:00:00,0.0,0.0
2032-04-12 20:00:00,0.0,0.0
2032-04-12 21:00:00,0.0,0.0
2032-04-12 22:00:00,0.0,0.0
2032-04-12 23:00:00,0.0,0.0
2032-04-13 00:00:00,0.0,0.0
2032-04-13 01:00:00,0.0,0.0
2032-04-13 02:00:00,0.0,5.274504504689064
2032-04-13 03:00:00,0.0,56.58104832302815
2032-04-13 04:00:00,0.0,148.16562654081096
2032-04-13 05:00:00,0.0,213.3776822351485
2032-04-13 06:00:00,0.0,255.09421786314383
2032-04-13 07:00:00,0.0,285.7822440722438
2032-04-13 08:00:00,0.0,294.41325144355324
2032-04-13 09:00:00,0.0,256.05321868217817
2032-04-13 10:00:00,0.0,233.5166994348704
2032-04-13 11:00:00,0.0,183.1691564355657
2032-04-13 12:00:00,0.0,95.42058149392035
2032-04-13 13:00:00,0.0,21.577518428273446
2032-04-13 14:00:00,0.0,0.0
2032-04-13 15:00:00,0.0,0.0
2032-04-13 16:00:00,0.0,0.0
2032-04-13 17:00:00,0.0,0.0
2032-04-13 18:00:00,0.0,0.0
2032-04-13 19:00:00,0.0,0.0
2032-04-13 20:00:00,0.0,0.0
2032-04-13 21:00:00,0.0,0.0
2032-04-13 22:00:00,0.0,0.0
2032-04-13 23:00:00,0.0,0.0
2032-04-14 00:00:00,0.0,0.0
2032-04-14 01:00:00,0.0,0.0
2032-04-14 02:00:00,0.0,20.13901719972188
2032-04-14 03:00:00,0.0,110.76459459847035
2032-04-14 04:00:00,0.0,208.10317773045944
2032-04-14 05:00:00,0.0,283.3847420246579
2032-04-14 06:00:00,0.0,334.21178543347975
2032-04-14 07:00:00,0.0,360.58430795692516
2032-04-14 08:00:00,0.0,364.8998116425798
2032-04-14 09:00:00,0.0,349.5557985380298
2032-04-14 10:00:00,0.0,306.8802620910001
2032-04-14 11:00:00,0.0,238.79120393955944
2032-04-14 12:00:00,0.0,148.16562654081096
2032-04-14 13:00:00,0.0,48.909041770753134
2032-04-14 14:00:00,0.0,0.0
2032-04-14 15:00:00,0.0,0.0
2032-04-14 16:00:00,0.0,0.0
2032-04-14 17:00:00,0.0,0.0
2032-04-14 18:00:00,0.0,0.0
2032-04-14 19:00:00,0.0,0.0
2032-04-14 20:00:00,0.0,0.0
2032-04-14 21:00:00,0.0,0.0
2032-04-14 22:00:00,0.0,0.0
2032-04-14 23:00:00,0.0,0.0
2032-04-15 00:00:00,0.0,0.0
2032-04-15 01:00:00,0.0,0.0
2032-04-15 02:00:00,0.0,24.454520885376567
2032-04-15 03:00:00,0.0,123.23160524591722
2032-04-15 04:00:00,0.0,222.00868960645786
2032-04-15 05:00:00,0.0,294.8927518530704
2032-04-15 06:00:00,0.0,342.363292395272
2032-04-15 07:00:00,0.0,367.2973136901657
2032-04-15 08:00:00,0.0,369.2153153282345
2032-04-15 09:00:00,0.0,349.0762981285126
2032-04-15 10:00:00,0.0,305.9212612719657
2032-04-15 11:00:00,0.0,238.31170353004228
2032-04-15 12:00:00,0.0,148.64512695032818
2032-04-15 13:00:00,0.0,49.868042589787514
2032-04-15 14:00:00,0.0,0.0
2032-04-15 15:00:00,0.0,0.0
2032-04-15 16:00:00,0.0,0.0
2032-04-15 17:00:00,0.0,0.0
2032-04-15 18:00:00,0.0,0.0
2032-04-15 19:00:00,0.0,0.0
2032-04-15 20:00:00,0.0,0.0
2032-04-15 21:00:00,0.0,0.0
2032-04-15 22:00:00,0.0,0.0
2032-04-15 23:00:00,0.0,0.0
2032-04-16 00:00:00,0.0,0.0
2032-04-16 01:00:00,0.0,0.0
2032-04-16 02:00:00,0.0,24.934021294893757
2032-04-16 03:00:00,0.0,125.14960688398598
2032-04-16 04:00:00,0.0,224.4061916540438
2032-04-16 05:00:00,0.0,297.29025390065635
2032-04-16 06:00:00,0.0,344.2812940333407
2032-04-16 07:00:00,0.0,368.25631450920014
2032-04-16 08:00:00,0.0,370.1743161472689
2032-04-16 09:00:00,0.0,350.9942997665814
2032-04-16 10:00:00,0.0,307.8392629100345
2032-04-16 11:00:00,0.0,240.7092055776282
2032-04-16 12:00:00,0.0,150.56312858839692
2032-04-16 13:00:00,0.0,50.827043408821886
2032-04-16 14:00:00,0.0,0.0
2032-04-16 15:00:00,0.0,0.0
2032-04-16 16:00:00,0.0,0.0
2032-04-16 17:00:00,0.0,0.0
2032-04-16 18:00:00,0.0,0.0
2032-04-16 19:00:00,0.0,0.0
2032-04-16 20:00:00,0.0,0.0
2032-04-16 21:00:00,0.0,0.0
2032-04-16 22:00:00,0.0,0.0
2032-04-16 23:00:00,0.0,0.0
2032-04-17 00:00:00,0.0,0.0
2032-04-17 01:00:00,0.0,0.0
2032-04-17 02:00:00,0.0,25.893022113928133
2032-04-17 03:00:00,0.0,125.62910729350315
2032-04-17 04:00:00,0.0,222.48819001597508
2032-04-17 05:00:00,0.0,295.8517526721048
2032-04-17 06:00:00,0.0,343.32229321430634
2032-04-17 07:00:00,0.0,367.2973136901657
2032-04-17 08:00:00,0.0,368.7358149187173
2032-04-17 09:00:00,0.0,348.59679771899545
2032-04-17 10:00:00,0.0,305.9212612719657
2032-04-17 11:00:00,0.0,239.27070434907662
2032-04-17 12:00:00,0.0,150.08362817887974
2032-04-17 13:00:00,0.0,51.30654381833908
2032-04-17 14:00:00,0.0,0.0
2032-04-17 15:00:00,0.0,0.0
2032-04-17 16:00:00,0.0,0.0
2032-04-17 17:00:00,0.0,0.0
2032-04-17 18:00:00,0.0,0.0
2032-04-17 19:00:00,0.0,0.0
2032-04-17 20:00:00,0.0,0.0
2032-04-17 21:00:00,0.0,0.0
2032-04-17 22:00:00,0.0,0.0
2032-04-17 23:00:00,0.0,0.0
2032-04-18 00:00:00,0.0,0.0
2032-04-18 01:00:00,0.0,0.0
2032-04-18 02:00:00,0.0,25.413521704410943
2032-04-18 03:00:00,0.0,121.31360360784848
2032-04-18 04:00:00,0.0,216.25468469225163
2032-04-18 05:00:00,0.0,289.1387469388642
2032-04-18 06:00:00,0.0,338.0477887096173
2032-04-18 07:00:00,0.0,362.02280918547666
2032-04-18 08:00:00,0.0,363.94081082354546
2032-04-18 09:00:00,0.0,343.8017936238235
2032-04-18 10:00:00,0.0,301.60575758631103
2032-04-18 11:00:00,0.0,235.91420148245635
2032-04-18 12:00:00,0.0,148.16562654081096
2032-04-18 13:00:00,0.0,50.827043408821886
2032-04-18 14:00:00,0.0,0.0
2032-04-18 15:00:00,0.0,0.0
2032-04-18 16:00:00,0.0,0.0
2032-04-18 17:00:00,0.0,0.0
2032-04-18 18:00:00,0.0,0.0
2032-04-18 19:00:00,0.0,0.0
2032-04-18 20:00:00,0.0,0.0
2032-04-18 21:00:00,0.0,0.0
2032-04-18 22:00:00,0.0,0.0
2032-04-18 23:00:00,0.0,0.0
2032-04-19 00:00:00,0.0,0.0
2032-04-19 01:00:00,0.0,0.0
2032-04-19 02:00:00,0.0,25.413521704410943
2032-04-19 03:00:00,0.0,120.3546027888141
2032-04-19 04:00:00,0.0,214.8161834637001
2032-04-19 05:00:00,0.0,287.2207453007954
2032-04-19 06:00:00,0.0,335.1707862525142
2032-04-19 07:00:00,0.0,359.14580672837354
2032-04-19 08:00:00,0.0,361.54330877595953
2032-04-19 09:00:00,0.0,341.8837919857548
2032-04-19 10:00:00,0.0,299.6877559482423
2032-04-19 11:00:00,0.0,233.5166994348704
2032-04-19 12:00:00,0.0,146.24762490274225
2032-04-19 13:00:00,0.0,49.868042589787514
2032-04-19 14:00:00,0.0,0.0
2032-04-19 15:00:00,0.0,0.0
2032-04-19 16:00:00,0.0,0.0
2032-04-19 17:00:00,0.0,0.0
2032-04-19 18:00:00,0.0,0.0
2032-04-19 19:00:00,0.0,0.0
2032-04-19 20:00:00,0.0,0.0
2032-04-19 21:00:00,0.0,0.0
2032-04-19 22:00:00,0.0,0.0
2032-04-19 23:00:00,0.0,0.0
2032-04-20 00:00:00,0.0,0.0
2032-04-20 01:00:00,0.0,0.0
2032-04-20 02:00:00,0.0,25.413521704410943
2032-04-20 03:00:00,0.0,119.87510237929692
2032-04-20 04:00:00,0.0,213.8571826446657
2032-04-20 05:00:00,0.0,286.261744481761
2032-04-20 06:00:00,0.0,332.77328420492825
2032-04-20 07:00:00,0.0,356.2688042712704
2032-04-20 08:00:00,0.0,358.1868059093392
2032-04-20 09:00:00,0.0,339.00678952865167
2032-04-20 10:00:00,0.0,296.81075349113917
2032-04-20 11:00:00,0.0,231.59869779680164
2032-04-20 12:00:00,0.0,144.8091236741907
2032-04-20 13:00:00,0.0,49.868042589787514
2032-04-20 14:00:00,0.0,0.0
2032-04-20 15:00:00,0.0,0.0
2032-04-20 16:00:00,0.0,0.0
2032-04-20 17:00:00,0.0,0.0
2032-04-20 18:00:00,0.0,0.0
2032-04-20 19:00:00,0.0,0.0
2032-04-20 20:00:00,0.0,0.0
2032-04-20 21:00:00,0.0,0.0
2032-04-20 22:00:00,0.0,0.0
2032-04-20 23:00:00,0.0,0.0
2032-04-21 00:00:00,0.0,0.0
2032-04-21 01:00:00,0.0,0.0
2032-04-21 02:00:00,0.0,25.893022113928133
2032-04-21 03:00:00,0.0,120.3546027888141
2032-04-21 04:00:00,0.0,214.33668305418288
2032-04-21 05:00:00,0.0,286.7412448912782
2032-04-21 06:00:00,0.0,334.691285842997
2032-04-21 07:00:00,0.0,358.66630631885636
2032-04-21 08:00:00,0.0,361.0638083664423
2032-04-21 09:00:00,0.0,340.4452907572032
2032-04-21 10:00:00,0.0,298.2492547196907
2032-04-21 11:00:00,0.0,233.0371990253532
2032-04-21 12:00:00,0.0,145.76812449322503
2032-04-21 13:00:00,0.0,50.34754299930471
2032-04-21 14:00:00,0.0,0.0
2032-04-21 15:00:00,0.0,0.0
2032-04-21 16:00:00,0.0,0.0
2032-04-21 17:00:00,0.0,0.0
2032-04-21 18:00:00,0.0,0.0
2032-04-21 19:00:00,0.0,0.0
2032-04-21 20:00:00,0.0,0.0
2032-04-21 21:00:00,0.0,0.0
2032-04-21 22:00:00,0.0,0.0
2032-04-21 23:00:00,0.0,0.0
2032-04-22 00:00:00,0.0,0.0
2032-04-22 01:00:00,0.0,0.0
2032-04-22 02:00:00,0.0,26.85202293296251
2032-04-22 03:00:00,0.0,122.75210483640004
2032-04-22 04:00:00,0.0,217.213685511286
2032-04-22 05:00:00,0.0,290.0977477578985
2032-04-22 06:00:00,0.0,338.0477887096173
2032-04-22 07:00:00,0.0,361.54330877595953
2032-04-22 08:00:00,0.0,363.4613104140282
2032-04-22 09:00:00,0.0,343.32229321430634
2032-04-22 10:00:00,0.0,301.12625717679384
2032-04-22 11:00:00,0.0,235.91420148245635
2032-04-22 12:00:00,0.0,148.16562654081096
2032-04-22 13:00:00,0.0,51.30654381833908
2032-04-22 14:00:00,0.0,0.0
2032-04-22 15:00:00,0.0,0.0
2032-04-22 16:00:00,0.0,0.0
2032-04-22 17:00:00,0.0,0.0
2032-04-22 18:00:00,0.0,0.0
2032-04-22 19:00:00,0.0,0.0
2032-04-22 20:00:00,0.0,0.0
2032-04-22 21:00:00,0.0,0.0
2032-04-22 22:00:00,0.0,0.0
2032-04-22 23:00:00,0.0,0.0
2032-04-23 00:00:00,0.0,0.0
2032-04-23 01:00:00,0.0,0.0
2032-04-23 02:00:00,0.0,26.85202293296251
2032-04-23 03:00:00,0.0,118.43660115074535
2032-04-23 04:00:00,0.0,210.02117936852818
2032-04-23 05:00:00,0.0,280.5077395675548
2032-04-23 06:00:00,0.0,327.4987797002392
2032-04-23 07:00:00,0.0,350.51479935706413
2032-04-23 08:00:00,0.0,350.9942997665814
2032-04-23 09:00:00,0.0,326.06027847168764
2032-04-23 10:00:00,0.0,281.94624079610634
2032-04-23 11:00:00,0.0,214.8161834637001
2032-04-23 12:00:00,0.0,128.98561016012349
2032-04-23 13:00:00,0.0,41.71653562799532
2032-04-23 14:00:00,0.0,0.0
2032-04-23 15:00:00,0.0,0.0
2032-04-23 16:00:00,0.0,0.0
2032-04-23 17:00:00,0.0,0.0
2032-04-23 18:00:00,0.0,0.0
2032-04-23 19:00:00,0.0,0.0
2032-04-23 20:00:00,0.0,0.0
2032-04-23 21:00:00,0.0,0.0
2032-04-23 22:00:00,0.0,0.0
2032-04-23 23:00:00,0.0,0.0
2032-04-24 00:00:00,0.0,0.0
2032-04-24 01:00:00,0.0,0.0
2032-04-24 02:00:00,0.0,21.098018018756253
2032-04-24 03:00:00,0.0,102.61308763667816
2032-04-24 04:00:00,0.0,193.23866503542664
2032-04-24 05:00:00,0.0,266.6022276915564
2032-04-24 06:00:00,0.0,317.42927110037823
2032-04-24 07:00:00,0.0,341.8837919857548
2032-04-24 08:00:00,0.0,343.32229321430634
2032-04-24 09:00:00,0.0,327.019279290722
2032-04-24 10:00:00,0.0,283.86424243417514
2032-04-24 11:00:00,0.0,218.17268633032037
2032-04-24 12:00:00,0.0,132.82161343626098
2032-04-24 13:00:00,0.0,45.073038494615645
2032-04-24 14:00:00,0.0,0.0
2032-04-24 15:00:00,0.0,0.0
2032-04-24 16:00:00,0.0,0.0
2032-04-24 17:00:00,0.0,0.0
2032-04-24 18:00:00,0.0,0.0
2032-04-24 19:00:00,0.0,0.0
2032-04-24 20:00:00,0.0,0.0
2032-04-24 21:00:00,0.0,0.0
2032-04-24 22:00:00,0.0,0.0
2032-04-24 23:00:00,0.0,0.0
2032-04-25 00:00:00,0.0,0.0
2032-04-25 01:00:00,0.0,0.0
2032-04-25 02:00:00,0.0,23.495520066342195
2032-04-25 03:00:00,0.0,108.8465929604016
2032-04-25 04:00:00,0.0,200.43117117818443
2032-04-25 05:00:00,0.0,273.315233424797
2032-04-25 06:00:00,0.0,326.5397788812048
2032-04-25 07:00:00,0.0,350.035298947547
2032-04-25 08:00:00,0.0,351.95330058561575
2032-04-25 09:00:00,0.0,333.73228502396256
2032-04-25 10:00:00,0.0,290.5772481674157
2032-04-25 11:00:00,0.0,224.4061916540438
2032-04-25 12:00:00,0.0,138.09611794095005
2032-04-25 13:00:00,0.0,46.99104013268439
2032-04-25 14:00:00,0.0,0.0
2032-04-25 15:00:00,0.0,0.0
2032-04-25 16:00:00,0.0,0.0
2032-04-25 17:00:00,0.0,0.0
2032-04-25 18:00:00,0.0,0.0
2032-04-25 19:00:00,0.0,0.0
2032-04-25 20:00:00,0.0,0.0
2032-04-25 21:00:00,0.0,0.0
2032-04-25 22:00:00,0.0,0.0
2032-04-25 23:00:00,0.0,0.0
2032-04-26 00:00:00,0.0,0.0
2032-04-26 01:00:00,0.0,0.0
2032-04-26 02:00:00,0.0,24.934021294893757
2032-04-26 03:00:00,0.0,112.6825962365391
2032-04-26 04:00:00,0.0,204.7466748638391
2032-04-26 05:00:00,0.0,276.6717362914173
2032-04-26 06:00:00,0.0,326.06027847168764
2032-04-26 07:00:00,0.0,349.5557985380298
2032-04-26 08:00:00,0.0,351.4738001760985
2032-04-26 09:00:00,0.0,332.293783795411
2032-04-26 10:00:00,0.0,290.0977477578985
2032-04-26 11:00:00,0.0,225.3651924730782
2032-04-26 12:00:00,0.0,140.0141195790188
2032-04-26 13:00:00,0.0,48.42954136123596
2032-04-26 14:00:00,0.0,0.0
2032-04-26 15:00:00,0.0,0.0
2032-04-26 16:00:00,0.0,0.0
2032-04-26 17:00:00,0.0,0.0
2032-04-26 18:00:00,0.0,0.0
2032-04-26 19:00:00,0.0,0.0
2032-04-26 20:00:00,0.0,0.0
2032-04-26 21:00:00,0.0,0.0
2032-04-26 22:00:00,0.0,0.0
2032-04-26 23:00:00,0.0,0.0
2032-04-27 00:00:00,0.0,0.0
2032-04-27 01:00:00,0.0,0.0
2032-04-27 02:00:00,0.0,26.37252252344532
2032-04-27 03:00:00,0.0,117.47760033171097
2032-04-27 04:00:00,0.0,210.5006797780454
2032-04-27 05:00:00,0.0,281.94624079610634
2032-04-27 06:00:00,0.0,327.019279290722
2032-04-27 07:00:00,0.0,349.5557985380298
2032-04-27 08:00:00,0.0,350.51479935706413
2032-04-27 09:00:00,0.0,331.8142833858938
2032-04-27 10:00:00,0.0,290.5772481674157
2032-04-27 11:00:00,0.0,226.3241932921126
2032-04-27 12:00:00,0.0,141.45262080757036
2032-04-27 13:00:00,0.0,49.388542180270335
2032-04-27 14:00:00,0.0,0.0
2032-04-27 15:00:00,0.0,0.0
2032-04-27 16:00:00,0.0,0.0
2032-04-27 17:00:00,0.0,0.0
2032-04-27 18:00:00,0.0,0.0
2032-04-27 19:00:00,0.0,0.0
2032-04-27 20:00:00,0.0,0.0
2032-04-27 21:00:00,0.0,0.0
2032-04-27 22:00:00,0.0,0.0
2032-04-27 23:00:00,0.0,0.0
2032-04-28 00:00:00,0.0,0.0
2032-04-28 01:00:00,0.0,0.0
2032-04-28 02:00:00,0.0,26.85202293296251
2032-04-28 03:00:00,0.0,116.03909910315942
2032-04-28 04:00:00,0.0,207.14417691142506
2032-04-28 05:00:00,0.0,275.7127354723829
2032-04-28 06:00:00,0.0,320.3062735574813
2032-04-28 07:00:00,0.0,343.8017936238235
2032-04-28 08:00:00,0.0,345.7197952618923
2032-04-28 09:00:00,0.0,326.5397788812048
2032-04-28 10:00:00,0.0,285.7822440722438
2032-04-28 11:00:00,0.0,221.04968878742352
2032-04-28 12:00:00,0.0,136.6576167123985
2032-04-28 13:00:00,0.0,47.470540542201576
2032-04-28 14:00:00,0.0,0.0
2032-04-28 15:00:00,0.0,0.0
2032-04-28 16:00:00,0.0,0.0
2032-04-28 17:00:00,0.0,0.0
2032-04-28 18:00:00,0.0,0.0
2032-04-28 19:00:00,0.0,0.0
2032-04-28 20:00:00,0.0,0.0
2032-04-28 21:00:00,0.0,0.0
2032-04-28 22:00:00,0.0,0.0
2032-04-28 23:00:00,0.0,0.0
2032-04-29 00:00:00,0.0,0.0
2032-04-29 01:00:00,0.0,0.0
2032-04-29 02:00:00,0.0,23.495520066342195
2032-04-29 03:00:00,0.0,104.05158886522972
2032-04-29 04:00:00,0.0,192.27966421639226
2032-04-29 05:00:00,0.0,262.76622441541883
2032-04-29 06:00:00,0.0,309.75726454810325
2032-04-29 07:00:00,0.0,334.21178543347975
2032-04-29 08:00:00,0.0,336.1297870715485
2032-04-29 09:00:00,0.0,316.47027028134386
2032-04-29 10:00:00,0.0,274.27423424383136
2032-04-29 11:00:00,0.0,210.02117936852818
2032-04-29 12:00:00,0.0,127.54710893157191
2032-04-29 13:00:00,0.0,44.114037675581265
2032-04-29 14:00:00,0.0,0.0
2032-04-29 15:00:00,0.0,0.0
2032-04-29 16:00:00,0.0,0.0
2032-04-29 17:00:00,0.0,0.0
2032-04-29 18:00:00,0.0,0.0
2032-04-29 19:00:00,0.0,0.0
2032-04-29 20:00:00,0.0,0.0
2032-04-29 21:00:00,0.0,0.0
2032-04-29 22:00:00,0.0,0.0
2032-04-29 23:00:00,0.0,0.0
2032-04-30 00:00:00,0.0,0.0
2032-04-30 01:00:00,0.0,0.0
2032-04-30 02:00:00,0.0,25.413521704410943
2032-04-30 03:00:00,0.0,108.8465929604016
2032-04-30 04:00:00,0.0,196.59516790204694
2032-04-30 05:00:00,0.0,265.16372646300476
2032-04-30 06:00:00,0.0,311.1957657766548
2032-04-30 07:00:00,0.0,335.1707862525142
2032-04-30 08:00:00,0.0,337.5682883001001
2032-04-30 09:00:00,0.0,322.70377560506734
2032-04-30 10:00:00,0.0,280.5077395675548
2032-04-30 11:00:00,0.0,215.77518428273444
2032-04-30 12:00:00,0.0,131.8626126172266
2032-04-30 13:00:00,0.0,45.552538904132824
2032-04-30 14:00:00,0.0,0.0
2032-04-30 15:00:00,0.0,0.0
2032-04-30 16:00:00,0.0,0.0
2032-04-30 17:00:00,0.0,0.0
2032-04-30 18:00:00,0.0,0.0
2032-04-30 19:00:00,0.0,0.0
2032-04-30 20:00:00,0.0,0.0
2032-04-30 21:00:00,0.0,0.0
2032-04-30 22:00:00,0.0,0.0
2032-04-30 23:00:00,0.0,0.0
2032-05-01 00:00:00,0.0,0.0
2032-05-01 01:00:00,0.0,0.0
2032-05-01 02:00:00,0.0,26.85202293296251
2032-05-01 03:00:00,0.0,117.95710074122817
2032-05-01 04:00:00,0.0,211.93918100659695
2032-05-01 05:00:00,0.0,282.4257412056235
2032-05-01 06:00:00,0.0,328.9372809287908
2032-05-01 07:00:00,0.0,350.035298947547
2032-05-01 08:00:00,0.0,350.035298947547
2032-05-01 09:00:00,0.0,329.41678133830794
2032-05-01 10:00:00,0.0,287.2207453007954
2032-05-01 11:00:00,0.0,222.48819001597508
2032-05-01 12:00:00,0.0,138.09611794095005
2032-05-01 13:00:00,0.0,48.42954136123596
2032-05-01 14:00:00,0.0,0.0
2032-05-01 15:00:00,0.0,0.0
2032-05-01 16:00:00,0.0,0.0
2032-05-01 17:00:00,0.0,0.0
2032-05-01 18:00:00,0.0,0.0
2032-05-01 19:00:00,0.0,0.0
2032-05-01 20:00:00,0.0,0.0
2032-05-01 21:00:00,0.0,0.0
2032-05-01 22:00:00,0.0,0.0
2032-05-01 23:00:00,0.0,0.0
2032-05-02 00:00:00,0.0,0.0
2032-05-02 01:00:00,0.0,0.0
2032-05-02 02:00:00,0.0,27.3315233424797
2032-05-02 03:00:00,0.0,116.03909910315942
2032-05-02 04:00:00,0.0,208.10317773045944
2032-05-02 05:00:00,0.0,278.1102375199688
2032-05-02 06:00:00,0.0,323.6627764241017
2032-05-02 07:00:00,0.0,347.6377968999611
2032-05-02 08:00:00,0.0,350.035298947547
2032-05-02 09:00:00,0.0,334.21178543347975
2032-05-02 10:00:00,0.0,292.4952498054845
2032-05-02 11:00:00,0.0,227.76269452066416
2032-05-02 12:00:00,0.0,141.93212121708757
2032-05-02 13:00:00,0.0,49.868042589787514
2032-05-02 14:00:00,0.0,0.0
2032-05-02 15:00:00,0.0,0.0
2032-05-02 16:00:00,0.0,0.0
2032-05-02 17:00:00,0.0,0.0
2032-05-02 18:00:00,0.0,0.0
2032-05-02 19:00:00,0.0,0.0
2032-05-02 20:00:00,0.0,0.0
2032-05-02 21:00:00,0.0,0.0
2032-05-02 22:00:00,0.0,0.0
2032-05-02 23:00:00,0.0,0.0
2032-05-03 00:00:00,0.0,0.0
2032-05-03 01:00:00,0.0,0.0
2032-05-03 02:00:00,0.0,27.81102375199689
2032-05-03 03:00:00,0.0,116.03909910315942
2032-05-03 04:00:00,0.0,206.1851760923907
2032-05-03 05:00:00,0.0,276.6717362914173
2032-05-03 06:00:00,0.0,323.18327601458446
2032-05-03 07:00:00,0.0,346.67879608092665
2032-05-03 08:00:00,0.0,349.0762981285126
2032-05-03 09:00:00,0.0,330.85528256685944
2032-05-03 10:00:00,0.0,290.5772481674157
2032-05-03 11:00:00,0.0,227.76269452066416
2032-05-03 12:00:00,0.0,143.8501228551563
2032-05-03 13:00:00,0.0,51.786044227856266
2032-05-03 14:00:00,0.0,0.0
2032-05-03 15:00:00,0.0,0.0
2032-05-03 16:00:00,0.0,0.0
2032-05-03 17:00:00,0.0,0.0
2032-05-03 18:00:00,0.0,0.0
2032-05-03 19:00:00,0.0,0.0
2032-05-03 20:00:00,0.0,0.0
2032-05-03 21:00:00,0.0,0.0
2032-05-03 22:00:00,0.0,0.0
2032-05-03 23:00:00,0.0,0.0
2032-05-04 00:00:00,0.0,0.0
2032-05-04 01:00:00,0.0,0.0
2032-05-04 02:00:00,0.0,29.249524980548443
2032-05-04 03:00:00,0.0,120.83410319833128
2032-05-04 04:00:00,0.0,212.4186814161141
2032-05-04 05:00:00,0.0,281.94624079610634
2032-05-04 06:00:00,0.0,326.5397788812048
2032-05-04 07:00:00,0.0,350.9942997665814
2032-05-04 08:00:00,0.0,353.87130222368444
2032-05-04 09:00:00,0.0,335.1707862525142
2032-05-04 10:00:00,0.0,293.933751034036
2032-05-04 11:00:00,0.0,230.16019656825006
2032-05-04 12:00:00,0.0,144.8091236741907
2032-05-04 13:00:00,0.0,51.786044227856266
2032-05-04 14:00:00,0.0,0.0
2032-05-04 15:00:00,0.0,0.0
2032-05-04 16:00:00,0.0,0.0
2032-05-04 17:00:00,0.0,0.0
2032-05-04 18:00:00,0.0,0.0
2032-05-04 19:00:00,0.0,0.0
2032-05-04 20:00:00,0.0,0.0
2032-05-04 21:00:00,0.0,0.0
2032-05-04 22:00:00,0.0,0.0
2032-05-04 23:00:00,0.0,0.0
2032-05-05 00:00:00,0.0,0.0
2032-05-05 01:00:00,0.0,0.0
2032-05-05 02:00:00,0.0,30.20852579958282
2032-05-05 03:00:00,0.0,122.27260442688285
2032-05-05 04:00:00,0.0,213.3776822351485
2032-05-05 05:00:00,0.0,280.0282391580376
2032-05-05 06:00:00,0.0,324.621777243136
2032-05-05 07:00:00,0.0,347.6377968999611
2032-05-05 08:00:00,0.0,349.0762981285126
2032-05-05 09:00:00,0.0,329.89628174782507
2032-05-05 10:00:00,0.0,289.1387469388642
2032-05-05 11:00:00,0.0,225.3651924730782
2032-05-05 12:00:00,0.0,141.45262080757036
2032-05-05 13:00:00,0.0,50.34754299930471
2032-05-05 14:00:00,0.0,0.0
2032-05-05 15:00:00,0.0,0.0
2032-05-05 16:00:00,0.0,0.0
2032-05-05 17:00:00,0.0,0.0
2032-05-05 18:00:00,0.0,0.0
2032-05-05 19:00:00,0.0,0.0
2032-05-05 20:00:00,0.0,0.0
2032-05-05 21:00:00,0.0,0.0
2032-05-05 22:00:00,0.0,0.0
2032-05-05 23:00:00,0.0,0.0
2032-05-06 00:00:00,0.0,0.0
2032-05-06 01:00:00,0.0,0.0
2032-05-06 02:00:00,0.0,27.3315233424797
2032-05-06 03:00:00,0.0,109.3260933699188
2032-05-06 04:00:00,0.0,196.11566749252975
2032-05-06 05:00:00,0.0,265.16372646300476
2032-05-06 06:00:00,0.0,315.5112694623095
2032-05-06 07:00:00,0.0,338.5272891191344
2032-05-06 08:00:00,0.0,339.9657903476861
2032-05-06 09:00:00,0.0,322.2242751955501
2032-05-06 10:00:00,0.0,280.98723997707197
2032-05-06 11:00:00,0.0,217.213685511286
2032-05-06 12:00:00,0.0,134.73961507432972
2032-05-06 13:00:00,0.0,47.95004095171876
2032-05-06 14:00:00,0.0,0.0
2032-05-06 15:00:00,0.0,0.0
2032-05-06 16:00:00,0.0,0.0
2032-05-06 17:00:00,0.0,0.0
2032-05-06 18:00:00,0.0,0.0
2032-05-06 19:00:00,0.0,0.0
2032-05-06 20:00:00,0.0,0.0
2032-05-06 21:00:00,0.0,0.0
2032-05-06 22:00:00,0.0,0.0
2032-05-06 23:00:00,0.0,0.0
2032-05-07 00:00:00,0.0,0.0
2032-05-07 01:00:00,0.0,0.0
2032-05-07 02:00:00,0.0,24.934021294893757
2032-05-07 03:00:00,0.0,102.13358722716097
2032-05-07 04:00:00,0.0,187.0051597117032
2032-05-07 05:00:00,0.0,256.05321868217817
2032-05-07 06:00:00,0.0,304.00325963389696
2032-05-07 07:00:00,0.0,329.41678133830794
2032-05-07 08:00:00,0.0,333.2527846144454
2032-05-07 09:00:00,0.0,321.2652743765157
2032-05-07 10:00:00,0.0,280.5077395675548
2032-05-07 11:00:00,0.0,217.213685511286
2032-05-07 12:00:00,0.0,135.2191154838469
2032-05-07 13:00:00,0.0,48.909041770753134
2032-05-07 14:00:00,0.0,0.0
2032-05-07 15:00:00,0.0,0.0
2032-05-07 16:00:00,0.0,0.0
2032-05-07 17:00:00,0.0,0.0
2032-05-07 18:00:00,0.0,0.0
2032-05-07 19:00:00,0.0,0.0
2032-05-07 20:00:00,0.0,0.0
2032-05-07 21:00:00,0.0,0.0
2032-05-07 22:00:00,0.0,0.0
2032-05-07 23:00:00,0.0,0.0
2032-05-08 00:00:00,0.0,0.0
2032-05-08 01:00:00,0.0,0.0
2032-05-08 02:00:00,0.0,28.290524161514075
2032-05-08 03:00:00,0.0,111.24409500798754
2032-05-08 04:00:00,0.0,198.51316954011565
2032-05-08 05:00:00,0.0,266.6022276915564
2032-05-08 06:00:00,0.0,316.47027028134386
2032-05-08 07:00:00,0.0,339.9657903476861
2032-05-08 08:00:00,0.0,340.92479116672035
2032-05-08 09:00:00,0.0,320.7857739669986
2032-05-08 10:00:00,0.0,279.0692383390032
2032-05-08 11:00:00,0.0,215.29568387321723
2032-05-08 12:00:00,0.0,133.3011138457782
2032-05-08 13:00:00,0.0,48.42954136123596
2032-05-08 14:00:00,0.0,0.0
2032-05-08 15:00:00,0.0,0.0
2032-05-08 16:00:00,0.0,0.0
2032-05-08 17:00:00,0.0,0.0
2032-05-08 18:00:00,0.0,0.0
2032-05-08 19:00:00,0.0,0.0
2032-05-08 20:00:00,0.0,0.0
2032-05-08 21:00:00,0.0,0.0
2032-05-08 22:00:00,0.0,0.0
2032-05-08 23:00:00,0.0,0.0
2032-05-09 00:00:00,0.0,0.0
2032-05-09 01:00:00,0.0,0.0
2032-05-09 02:00:00,0.0,28.770024571031257
2032-05-09 03:00:00,0.0,112.6825962365391
2032-05-09 04:00:00,0.0,199.95167076866724
2032-05-09 05:00:00,0.0,268.5202293296251
2032-05-09 06:00:00,0.0,314.0727682337579
2032-05-09 07:00:00,0.0,336.6092874810657
2032-05-09 08:00:00,0.0,338.0477887096173
2032-05-09 09:00:00,0.0,319.34727273844703
2032-05-09 10:00:00,0.0,278.1102375199688
2032-05-09 11:00:00,0.0,214.8161834637001
2032-05-09 12:00:00,0.0,133.3011138457782
2032-05-09 13:00:00,0.0,48.42954136123596
2032-05-09 14:00:00,0.0,0.0
2032-05-09 15:00:00,0.0,0.0
2032-05-09 16:00:00,0.0,0.0
2032-05-09 17:00:00,0.0,0.0
2032-05-09 18:00:00,0.0,0.0
2032-05-09 19:00:00,0.0,0.0
2032-05-09 20:00:00,0.0,0.0
2032-05-09 21:00:00,0.0,0.0
2032-05-09 22:00:00,0.0,0.0
2032-05-09 23:00:00,0.0,0.0
2032-05-10 00:00:00,0.0,0.0
2032-05-10 01:00:00,0.0,0.0
2032-05-10 02:00:00,0.0,28.290524161514075
2032-05-10 03:00:00,0.0,109.80559377943595
2032-05-10 04:00:00,0.0,195.63616708301254
2032-05-10 05:00:00,0.0,264.2047256439704
2032-05-10 06:00:00,0.0,312.1547665956892
2032-05-10 07:00:00,0.0,335.1707862525142
2032-05-10 08:00:00,0.0,337.0887878905829
2032-05-10 09:00:00,0.0,319.82677314796416
2032-05-10 10:00:00,0.0,278.58973792948603
2032-05-10 11:00:00,0.0,216.25468469225163
2032-05-10 12:00:00,0.0,134.26011466481253
2032-05-10 13:00:00,0.0,48.42954136123596
2032-05-10 14:00:00,0.0,0.0
2032-05-10 15:00:00,0.0,0.0
2032-05-10 16:00:00,0.0,0.0
2032-05-10 17:00:00,0.0,0.0
2032-05-10 18:00:00,0.0,0.0
2032-05-10 19:00:00,0.0,0.0
2032-05-10 20:00:00,0.0,0.0
2032-05-10 21:00:00,0.0,0.0
2032-05-10 22:00:00,0.0,0.0
2032-05-10 23:00:00,0.0,0.0
2032-05-11 00:00:00,0.0,0.0
2032-05-11 01:00:00,0.0,0.0
2032-05-11 02:00:00,0.0,29.249524980548443
2032-05-11 03:00:00,0.0,111.24409500798754
2032-05-11 04:00:00,0.0,198.03366913059847
2032-05-11 05:00:00,0.0,266.1227272820392
2032-05-11 06:00:00,0.0,313.11376741472355
2032-05-11 07:00:00,0.0,337.0887878905829
2032-05-11 08:00:00,0.0,340.4452907572032
2032-05-11 09:00:00,0.0,321.74477478603296
2032-05-11 10:00:00,0.0,281.94624079610634
2032-05-11 11:00:00,0.0,220.09068796838912
2032-05-11 12:00:00,0.0,138.5756183504672
2032-05-11 13:00:00,0.0,51.30654381833908
2032-05-11 14:00:00,0.0,0.0
2032-05-11 15:00:00,0.0,0.0
2032-05-11 16:00:00,0.0,0.0
2032-05-11 17:00:00,0.0,0.0
2032-05-11 18:00:00,0.0,0.0
2032-05-11 19:00:00,0.0,0.0
2032-05-11 20:00:00,0.0,0.0
2032-05-11 21:00:00,0.0,0.0
2032-05-11 22:00:00,0.0,0.0
2032-05-11 23:00:00,0.0,0.0
2032-05-12 00:00:00,0.0,0.0
2032-05-12 01:00:00,0.0,0.0
2032-05-12 02:00:00,0.0,28.770024571031257
2032-05-12 03:00:00,0.0,110.28509418895315
2032-05-12 04:00:00,0.0,195.15666667349535
2032-05-12 05:00:00,0.0,263.245724824936
2032-05-12 06:00:00,0.0,314.0727682337579
2032-05-12 07:00:00,0.0,336.6092874810657
2032-05-12 08:00:00,0.0,337.5682883001001
2032-05-12 09:00:00,0.0,319.34727273844703
2032-05-12 10:00:00,0.0,277.6307371104516
2032-05-12 11:00:00,0.0,214.8161834637001
2032-05-12 12:00:00,0.0,133.78061425529535
2032-05-12 13:00:00,0.0,48.909041770753134
2032-05-12 14:00:00,0.0,0.0
2032-05-12 15:00:00,0.0,0.0
2032-05-12 16:00:00,0.0,0.0
2032-05-12 17:00:00,0.0,0.0
2032-05-12 18:00:00,0.0,0.0
2032-05-12 19:00:00,0.0,0.0
2032-05-12 20:00:00,0.0,0.0
2032-05-12 21:00:00,0.0,0.0
2032-05-12 22:00:00,0.0,0.0
2032-05-12 23:00:00,0.0,0.0
2032-05-13 00:00:00,0.0,0.0
2032-05-13 01:00:00,0.0,0.0
2032-05-13 02:00:00,0.0,28.770024571031257
2032-05-13 03:00:00,0.0,109.3260933699188
2032-05-13 04:00:00,0.0,193.71816544494385
2032-05-13 05:00:00,0.0,261.3277231868673
2032-05-13 06:00:00,0.0,309.75726454810325
2032-05-13 07:00:00,0.0,331.8142833858938
2032-05-13 08:00:00,0.0,332.77328420492825
2032-05-13 09:00:00,0.0,313.11376741472355
2032-05-13 10:00:00,0.0,271.39723178672824
2032-05-13 11:00:00,0.0,208.58267813997662
2032-05-13 12:00:00,0.0,128.50610975060627
2032-05-13 13:00:00,0.0,46.99104013268439
2032-05-13 14:00:00,0.0,0.0
2032-05-13 15:00:00,0.0,0.0
2032-05-13 16:00:00,0.0,0.0
2032-05-13 17:00:00,0.0,0.0
2032-05-13 18:00:00,0.0,0.0
2032-05-13 19:00:00,0.0,0.0
2032-05-13 20:00:00,0.0,0.0
2032-05-13 21:00:00,0.0,0.0
2032-05-13 22:00:00,0.0,0.0
2032-05-13 23:00:00,0.0,0.0
2032-05-14 00:00:00,0.0,0.0
2032-05-14 01:00:00,0.0,0.0
2032-05-14 02:00:00,0.0,26.85202293296251
2032-05-14 03:00:00,0.0,104.05158886522972
2032-05-14 04:00:00,0.0,186.52565930218597
2032-05-14 05:00:00,0.0,254.13521704410945
2032-05-14 06:00:00,0.0,301.12625717679384
2032-05-14 07:00:00,0.0,324.1422768336189
2032-05-14 08:00:00,0.0,324.621777243136
2032-05-14 09:00:00,0.0,308.31876331955164
2032-05-14 10:00:00,0.0,265.64322687252195
2032-05-14 11:00:00,0.0,203.30817363528755
2032-05-14 12:00:00,0.0,124.6701064744688
2032-05-14 13:00:00,0.0,46.03203931365002
2032-05-14 14:00:00,0.0,0.0
2032-05-14 15:00:00,0.0,0.0
2032-05-14 16:00:00,0.0,0.0
2032-05-14 17:00:00,0.0,0.0
2032-05-14 18:00:00,0.0,0.0
2032-05-14 19:00:00,0.0,0.0
2032-05-14 20:00:00,0.0,0.0
2032-05-14 21:00:00,0.0,0.0
2032-05-14 22:00:00,0.0,0.0
2032-05-14 23:00:00,0.0,0.0
2032-05-15 00:00:00,0.0,0.0
2032-05-15 01:00:00,0.0,0.0
2032-05-15 02:00:00,0.0,20.13901719972188
2032-05-15 03:00:00,0.0,81.9945700274391
2032-05-15 04:00:00,0.0,154.39913186453444
2032-05-15 05:00:00,0.0,220.5701883779063
2032-05-15 06:00:00,0.0,280.98723997707197
2032-05-15 07:00:00,0.0,307.35976250051726
2032-05-15 08:00:00,0.0,312.1547665956892
2032-05-15 09:00:00,0.0,295.3722522625876
2032-05-15 10:00:00,0.0,250.29921376797196
2032-05-15 11:00:00,0.0,187.48466012122037
2032-05-15 12:00:00,0.0,112.6825962365391
2032-05-15 13:00:00,0.0,40.757534808960955
2032-05-15 14:00:00,0.0,0.0
2032-05-15 15:00:00,0.0,0.0
2032-05-15 16:00:00,0.0,0.0
2032-05-15 17:00:00,0.0,0.0
2032-05-15 18:00:00,0.0,0.0
2032-05-15 19:00:00,0.0,0.0
2032-05-15 20:00:00,0.0,0.0
2032-05-15 21:00:00,0.0,0.0
2032-05-15 22:00:00,0.0,0.0
2032-05-15 23:00:00,0.0,0.0
2032-05-16 00:00:00,0.0,0.0
2032-05-16 01:00:00,0.0,0.0
2032-05-16 02:00:00,0.0,24.454520885376567
2032-05-16 03:00:00,0.0,99.73608517957503
2032-05-16 04:00:00,0.0,180.77165438797977
2032-05-16 05:00:00,0.0,247.90171172038603
2032-05-16 06:00:00,0.0,293.45425062451886
2032-05-16 07:00:00,0.0,316.94977069086104
2032-05-16 08:00:00,0.0,319.82677314796416
2032-05-16 09:00:00,0.0,310.7162653671376
2032-05-16 10:00:00,0.0,270.4382309676938
2032-05-16 11:00:00,0.0,209.0621785494938
2032-05-16 12:00:00,0.0,129.46511056964067
2032-05-16 13:00:00,0.0,48.42954136123596
2032-05-16 14:00:00,0.0,0.0
2032-05-16 15:00:00,0.0,0.0
2032-05-16 16:00:00,0.0,0.0
2032-05-16 17:00:00,0.0,0.0
2032-05-16 18:00:00,0.0,0.0
2032-05-16 19:00:00,0.0,0.0
2032-05-16 20:00:00,0.0,0.0
2032-05-16 21:00:00,0.0,0.0
2032-05-16 22:00:00,0.0,0.0
2032-05-16 23:00:00,0.0,0.0
2032-05-17 00:00:00,0.0,0.0
2032-05-17 01:00:00,0.0,0.0
2032-05-17 02:00:00,0.0,28.290524161514075
2032-05-17 03:00:00,0.0,101.65408681764377
2032-05-17 04:00:00,0.0,175.97665029280788
2032-05-17 05:00:00,0.0,235.91420148245635
2032-05-17 06:00:00,0.0,284.82324325320945
2032-05-17 07:00:00,0.0,304.00325963389696
2032-05-17 08:00:00,0.0,302.0852579958282
2032-05-17 09:00:00,0.0,285.7822440722438
2032-05-17 10:00:00,0.0,248.3812121299032
2032-05-17 11:00:00,0.0,180.29215397846258
2032-05-17 12:00:00,0.0,121.31360360784848
2032-05-17 13:00:00,0.0,46.99104013268439
2032-05-17 14:00:00,0.0,0.0
2032-05-17 15:00:00,0.0,0.0
2032-05-17 16:00:00,0.0,0.0
2032-05-17 17:00:00,0.0,0.0
2032-05-17 18:00:00,0.0,0.0
2032-05-17 19:00:00,0.0,0.0
2032-05-17 20:00:00,0.0,0.0
2032-05-17 21:00:00,0.0,0.0
2032-05-17 22:00:00,0.0,0.0
2032-05-17 23:00:00,0.0,0.0
2032-05-18 00:00:00,0.0,0.0
2032-05-18 01:00:00,0.0,0.0
2032-05-18 02:00:00,0.0,28.290524161514075
2032-05-18 03:00:00,0.0,104.5310892747469
2032-05-18 04:00:00,0.0,183.1691564355657
2032-05-18 05:00:00,0.0,245.50420967280007
2032-05-18 06:00:00,0.0,288.17974611982976
2032-05-18 07:00:00,0.0,296.81075349113917
2032-05-18 08:00:00,0.0,253.17621622507505
2032-05-18 09:00:00,0.0,251.73771499652352
2032-05-18 10:00:00,0.0,245.98371008231723
2032-05-18 11:00:00,0.0,200.43117117818443
2032-05-18 12:00:00,0.0,127.06760852205473
2032-05-18 13:00:00,0.0,46.511539723167196
2032-05-18 14:00:00,0.0,0.0
2032-05-18 15:00:00,0.0,0.0
2032-05-18 16:00:00,0.0,0.0
2032-05-18 17:00:00,0.0,0.0
2032-05-18 18:00:00,0.0,0.0
2032-05-18 19:00:00,0.0,0.0
2032-05-18 20:00:00,0.0,0.0
2032-05-18 21:00:00,0.0,0.0
2032-05-18 22:00:00,0.0,0.0
2032-05-18 23:00:00,0.0,0.0
2032-05-19 00:00:00,0.0,0.0
2032-05-19 01:00:00,0.0,0.0
2032-05-19 02:00:00,0.0,17.262014742618756
2032-05-19 03:00:00,0.0,69.5275593799922
2032-05-19 04:00:00,0.0,142.41162162660473
2032-05-19 05:00:00,0.0,213.3776822351485
2032-05-19 06:00:00,0.0,264.6842260534876
2032-05-19 07:00:00,0.0,297.76975431017354
2032-05-19 08:00:00,0.0,294.8927518530704
2032-05-19 09:00:00,0.0,268.9997297391423
2032-05-19 10:00:00,0.0,224.88569206356098
2032-05-19 11:00:00,0.0,172.62014742618757
2032-05-19 12:00:00,0.0,108.8465929604016
2032-05-19 13:00:00,0.0,42.19603603751251
2032-05-19 14:00:00,0.0,0.0
2032-05-19 15:00:00,0.0,0.0
2032-05-19 16:00:00,0.0,0.0
2032-05-19 17:00:00,0.0,0.0
2032-05-19 18:00:00,0.0,0.0
2032-05-19 19:00:00,0.0,0.0
2032-05-19 20:00:00,0.0,0.0
2032-05-19 21:00:00,0.0,0.0
2032-05-19 22:00:00,0.0,0.0
2032-05-19 23:00:00,0.0,0.0
2032-05-20 00:00:00,0.0,0.0
2032-05-20 01:00:00,0.0,0.0
2032-05-20 02:00:00,0.0,28.290524161514075
2032-05-20 03:00:00,0.0,108.36709255088441
2032-05-20 04:00:00,0.0,196.11566749252975
2032-05-20 05:00:00,0.0,265.16372646300476
2032-05-20 06:00:00,0.0,309.75726454810325
2032-05-20 07:00:00,0.0,329.41678133830794
2032-05-20 08:00:00,0.0,329.89628174782507
2032-05-20 09:00:00,0.0,312.1547665956892
2032-05-20 10:00:00,0.0,273.7947338343142
2032-05-20 11:00:00,0.0,213.3776822351485
2032-05-20 12:00:00,0.0,135.69861589336412
2032-05-20 13:00:00,0.0,51.30654381833908
2032-05-20 14:00:00,0.0,0.47950040951718764
2032-05-20 15:00:00,0.0,0.0
2032-05-20 16:00:00,0.0,0.0
2032-05-20 17:00:00,0.0,0.0
2032-05-20 18:00:00,0.0,0.0
2032-05-20 19:00:00,0.0,0.0
2032-05-20 20:00:00,0.0,0.0
2032-05-20 21:00:00,0.0,0.0
2032-05-20 22:00:00,0.0,0.0
2032-05-20 23:00:00,0.0,0.0
2032-05-21 00:00:00,0.0,0.0
2032-05-21 01:00:00,0.0,0.0
2032-05-21 02:00:00,0.0,29.729025390065633
2032-05-21 03:00:00,0.0,103.09258804619535
2032-05-21 04:00:00,0.0,176.45615070232506
2032-05-21 05:00:00,0.0,240.7092055776282
2032-05-21 06:00:00,0.0,296.81075349113917
2032-05-21 07:00:00,0.0,323.18327601458446
2032-05-21 08:00:00,0.0,326.06027847168764
2032-05-21 09:00:00,0.0,304.9622604529314
2032-05-21 10:00:00,0.0,262.76622441541883
2032-05-21 11:00:00,0.0,198.03366913059847
2032-05-21 12:00:00,0.0,117.95710074122817
2032-05-21 13:00:00,0.0,44.59353808509845
2032-05-21 14:00:00,0.0,0.0
2032-05-21 15:00:00,0.0,0.0
2032-05-21 16:00:00,0.0,0.0
2032-05-21 17:00:00,0.0,0.0
2032-05-21 18:00:00,0.0,0.0
2032-05-21 19:00:00,0.0,0.0
2032-05-21 20:00:00,0.0,0.0
2032-05-21 21:00:00,0.0,0.0
2032-05-21 22:00:00,0.0,0.0
2032-05-21 23:00:00,0.0,0.0
2032-05-22 00:00:00,0.0,0.0
2032-05-22 01:00:00,0.0,0.0
2032-05-22 02:00:00,0.0,22.536519247307822
2032-05-22 03:00:00,0.0,87.74857494164534
2032-05-22 04:00:00,0.0,167.3456429214985
2032-05-22 05:00:00,0.0,231.59869779680164
2032-05-22 06:00:00,0.0,282.4257412056235
2032-05-22 07:00:00,0.0,309.277764138586
2032-05-22 08:00:00,0.0,314.5522686432751
2032-05-22 09:00:00,0.0,296.81075349113917
2032-05-22 10:00:00,0.0,256.53271909169536
2032-05-22 11:00:00,0.0,199.47217035915006
2032-05-22 12:00:00,0.0,127.54710893157191
2032-05-22 13:00:00,0.0,49.868042589787514
2032-05-22 14:00:00,0.0,0.47950040951718764
2032-05-22 15:00:00,0.0,0.0
2032-05-22 16:00:00,0.0,0.0
2032-05-22 17:00:00,0.0,0.0
2032-05-22 18:00:00,0.0,0.0
2032-05-22 19:00:00,0.0,0.0
2032-05-22 20:00:00,0.0,0.0
2032-05-22 21:00:00,0.0,0.0
2032-05-22 22:00:00,0.0,0.0
2032-05-22 23:00:00,0.0,0.0
2032-05-23 00:00:00,0.0,0.0
2032-05-23 01:00:00,0.0,0.0
2032-05-23 02:00:00,0.0,28.290524161514075
2032-05-23 03:00:00,0.0,102.61308763667816
2032-05-23 04:00:00,0.0,181.2511547974969
2032-05-23 05:00:00,0.0,246.94271090135163
2032-05-23 06:00:00,0.0,292.9747502150017
2032-05-23 07:00:00,0.0,316.47027028134386
2032-05-23 08:00:00,0.0,320.7857739669986
2032-05-23 09:00:00,0.0,307.8392629100345
2032-05-23 10:00:00,0.0,268.9997297391423
2032-05-23 11:00:00,0.0,209.54167895901102
2032-05-23 12:00:00,0.0,131.38311220770942
2032-05-23 13:00:00,0.0,49.868042589787514
2032-05-23 14:00:00,0.0,0.47950040951718764
2032-05-23 15:00:00,0.0,0.0
2032-05-23 16:00:00,0.0,0.0
2032-05-23 17:00:00,0.0,0.0
2032-05-23 18:00:00,0.0,0.0
2032-05-23 19:00:00,0.0,0.0
2032-05-23 20:00:00,0.0,0.0
2032-05-23 21:00:00,0.0,0.0
2032-05-23 22:00:00,0.0,0.0
2032-05-23 23:00:00,0.0,0.0
2032-05-24 00:00:00,0.0,0.0
2032-05-24 01:00:00,0.0,0.0
2032-05-24 02:00:00,0.0,30.20852579958282
2032-05-24 03:00:00,0.0,108.8465929604016
2032-05-24 04:00:00,0.0,190.8411629878407
2032-05-24 05:00:00,0.0,254.61471745362664
2032-05-24 06:00:00,0.0,303.0442588148626
2032-05-24 07:00:00,0.0,325.5807780621704
2032-05-24 08:00:00,0.0,327.9782801097564
2032-05-24 09:00:00,0.0,310.7162653671376
2032-05-24 10:00:00,0.0,271.8767321962454
2032-05-24 11:00:00,0.0,211.93918100659695
2032-05-24 12:00:00,0.0,133.78061425529535
2032-05-24 13:00:00,0.0,51.30654381833908
2032-05-24 14:00:00,0.0,0.9590008190343753
2032-05-24 15:00:00,0.0,0.0
2032-05-24 16:00:00,0.0,0.0
2032-05-24 17:00:00,0.0,0.0
2032-05-24 18:00:00,0.0,0.0
2032-05-24 19:00:00,0.0,0.0
2032-05-24 20:00:00,0.0,0.0
2032-05-24 21:00:00,0.0,0.0
2032-05-24 22:00:00,0.0,0.0
2032-05-24 23:00:00,0.0,0.0
2032-05-25 00:00:00,0.0,0.0
2032-05-25 01:00:00,0.0,0.0
2032-05-25 02:00:00,0.0,30.68802620910001
2032-05-25 03:00:00,0.0,109.3260933699188
2032-05-25 04:00:00,0.0,187.96416053073756
2032-05-25 05:00:00,0.0,251.73771499652352
2032-05-25 06:00:00,0.0,301.12625717679384
2032-05-25 07:00:00,0.0,326.5397788812048
2032-05-25 08:00:00,0.0,330.85528256685944
2032-05-25 09:00:00,0.0,311.1957657766548
2032-05-25 10:00:00,0.0,270.91773137721106
2032-05-25 11:00:00,0.0,210.02117936852818
2032-05-25 12:00:00,0.0,133.78061425529535
2032-05-25 13:00:00,0.0,52.74504504689064
2032-05-25 14:00:00,0.0,0.9590008190343753
2032-05-25 15:00:00,0.0,0.0
2032-05-25 16:00:00,0.0,0.0
2032-05-25 17:00:00,0.0,0.0
2032-05-25 18:00:00,0.0,0.0
2032-05-25 19:00:00,0.0,0.0
2032-05-25 20:00:00,0.0,0.0
2032-05-25 21:00:00,0.0,0.0
2032-05-25 22:00:00,0.0,0.0
2032-05-25 23:00:00,0.0,0.0
2032-05-26 00:00:00,0.0,0.0
2032-05-26 01:00:00,0.0,0.0
2032-05-26 02:00:00,0.0,29.729025390065633
2032-05-26 03:00:00,0.0,104.05158886522972
2032-05-26 04:00:00,0.0,182.68965602604848
2032-05-26 05:00:00,0.0,250.29921376797196
2032-05-26 06:00:00,0.0,301.60575758631103
2032-05-26 07:00:00,0.0,329.89628174782507
2032-05-26 08:00:00,0.0,336.1297870715485
2032-05-26 09:00:00,0.0,320.3062735574813
2032-05-26 10:00:00,0.0,281.94624079610634
2032-05-26 11:00:00,0.0,221.04968878742352
2032-05-26 12:00:00,0.0,140.97312039805317
2032-05-26 13:00:00,0.0,54.183546275442204
2032-05-26 14:00:00,0.0,0.9590008190343753
2032-05-26 15:00:00,0.0,0.0
2032-05-26 16:00:00,0.0,0.0
2032-05-26 17:00:00,0.0,0.0
2032-05-26 18:00:00,0.0,0.0
2032-05-26 19:00:00,0.0,0.0
2032-05-26 20:00:00,0.0,0.0
2032-05-26 21:00:00,0.0,0.0
2032-05-26 22:00:00,0.0,0.0
2032-05-26 23:00:00,0.0,0.0
2032-05-27 00:00:00,0.0,0.0
2032-05-27 01:00:00,0.0,0.0
2032-05-27 02:00:00,0.0,29.249524980548443
2032-05-27 03:00:00,0.0,105.01058968426409
2032-05-27 04:00:00,0.0,189.8821621688063
2032-05-27 05:00:00,0.0,261.80722359638446
2032-05-27 06:00:00,0.0,309.277764138586
2032-05-27 07:00:00,0.0,332.77328420492825
2032-05-27 08:00:00,0.0,334.691285842997
2032-05-27 09:00:00,0.0,316.94977069086104
2032-05-27 10:00:00,0.0,279.5487387485204
2032-05-27 11:00:00,0.0,217.6931859208032
2032-05-27 12:00:00,0.0,130.42411138867504
2032-05-27 13:00:00,0.0,47.470540542201576
2032-05-27 14:00:00,0.0,0.9590008190343753
2032-05-27 15:00:00,0.0,0.0
2032-05-27 16:00:00,0.0,0.0
2032-05-27 17:00:00,0.0,0.0
2032-05-27 18:00:00,0.0,0.0
2032-05-27 19:00:00,0.0,0.0
2032-05-27 20:00:00,0.0,0.0
2032-05-27 21:00:00,0.0,0.0
2032-05-27 22:00:00,0.0,0.0
2032-05-27 23:00:00,0.0,0.0
2032-05-28 00:00:00,0.0,0.0
2032-05-28 01:00:00,0.0,0.0
2032-05-28 02:00:00,0.0,29.729025390065633
2032-05-28 03:00:00,0.0,104.05158886522972
2032-05-28 04:00:00,0.0,175.0176494737735
2032-05-28 05:00:00,0.0,240.7092055776282
2032-05-28 06:00:00,0.0,281.4667403865892
2032-05-28 07:00:00,0.0,311.67526618617194
2032-05-28 08:00:00,0.0,317.9087715098954
2032-05-28 09:00:00,0.0,303.0442588148626
2032-05-28 10:00:00,0.0,266.1227272820392
2032-05-28 11:00:00,0.0,208.10317773045944
2032-05-28 12:00:00,0.0,132.3421130267438
2032-05-28 13:00:00,0.0,52.26554463737345
2032-05-28 14:00:00,0.0,1.438501228551563
2032-05-28 15:00:00,0.0,0.0
2032-05-28 16:00:00,0.0,0.0
2032-05-28 17:00:00,0.0,0.0
2032-05-28 18:00:00,0.0,0.0
2032-05-28 19:00:00,0.0,0.0
2032-05-28 20:00:00,0.0,0.0
2032-05-28 21:00:00,0.0,0.0
2032-05-28 22:00:00,0.0,0.0
2032-05-28 23:00:00,0.0,0.0
2032-05-29 00:00:00,0.0,0.0
2032-05-29 01:00:00,0.0,0.0
2032-05-29 02:00:00,0.0,31.64702702813438
2032-05-29 03:00:00,0.0,105.96959050329848
2032-05-29 04:00:00,0.0,185.56665848315166
2032-05-29 05:00:00,0.0,250.29921376797196
2032-05-29 06:00:00,0.0,295.8517526721048
2032-05-29 07:00:00,0.0,319.82677314796416
2032-05-29 08:00:00,0.0,323.6627764241017
2032-05-29 09:00:00,0.0,306.8802620910001
2032-05-29 10:00:00,0.0,268.9997297391423
2032-05-29 11:00:00,0.0,210.5006797780454
2032-05-29 12:00:00,0.0,133.78061425529535
2032-05-29 13:00:00,0.0,51.786044227856266
2032-05-29 14:00:00,0.0,0.9590008190343753
2032-05-29 15:00:00,0.0,0.0
2032-05-29 16:00:00,0.0,0.0
2032-05-29 17:00:00,0.0,0.0
2032-05-29 18:00:00,0.0,0.0
2032-05-29 19:00:00,0.0,0.0
2032-05-29 20:00:00,0.0,0.0
2032-05-29 21:00:00,0.0,0.0
2032-05-29 22:00:00,0.0,0.0
2032-05-29 23:00:00,0.0,0.0
2032-05-30 00:00:00,0.0,0.0
2032-05-30 01:00:00,0.0,0.0
2032-05-30 02:00:00,0.0,28.770024571031257
2032-05-30 03:00:00,0.0,93.98208026536878
2032-05-30 04:00:00,0.0,152.96063063598285
2032-05-30 05:00:00,0.0,206.1851760923907
2032-05-30 06:00:00,0.0,254.13521704410945
2032-05-30 07:00:00,0.0,277.6307371104516
2032-05-30 08:00:00,0.0,274.7537346533485
2032-05-30 09:00:00,0.0,242.14770680617977
2032-05-30 10:00:00,0.0,197.0746683115641
2032-05-30 11:00:00,0.0,144.8091236741907
2032-05-30 12:00:00,0.0,87.26907453212814
2032-05-30 13:00:00,0.0,34.52402948523751
2032-05-30 14:00:00,0.0,0.0
2032-05-30 15:00:00,0.0,0.0
2032-05-30 16:00:00,0.0,0.0
2032-05-30 17:00:00,0.0,0.0
2032-05-30 18:00:00,0.0,0.0
2032-05-30 19:00:00,0.0,0.0
2032-05-30 20:00:00,0.0,0.0
2032-05-30 21:00:00,0.0,0.0
2032-05-30 22:00:00,0.0,0.0
2032-05-30 23:00:00,0.0,0.0
2032-05-31 00:00:00,0.0,0.0
2032-05-31 01:00:00,0.0,0.0
2032-05-31 02:00:00,0.0,26.85202293296251
2032-05-31 03:00:00,0.0,91.10507780826565
2032-05-31 04:00:00,0.0,154.39913186453444
2032-05-31 05:00:00,0.0,209.54167895901102
2032-05-31 06:00:00,0.0,251.73771499652352
2032-05-31 07:00:00,0.0,266.1227272820392
2032-05-31 08:00:00,0.0,253.65571663459224
2032-05-31 09:00:00,0.0,230.16019656825006
2032-05-31 10:00:00,0.0,197.5541687210813
2032-05-31 11:00:00,0.0,159.19413595970633
2032-05-31 12:00:00,0.0,111.24409500798754
2032-05-31 13:00:00,0.0,47.95004095171876
2032-05-31 14:00:00,0.0,1.438501228551563
2032-05-31 15:00:00,0.0,0.0
2032-05-31 16:00:00,0.0,0.0
2032-05-31 17:00:00,0.0,0.0
2032-05-31 18:00:00,0.0,0.0
2032-05-31 19:00:00,0.0,0.0
2032-05-31 20:00:00,0.0,0.0
2032-05-31 21:00:00,0.0,0.0
2032-05-31 22:00:00,0.0,0.0
2032-05-31 23:00:00,0.0,0.0
2032-06-01 00:00:00,0.0,0.0
2032-06-01 01:00:00,0.0,0.0
2032-06-01 02:00:00,0.0,19.659516790204695
2032-06-01 03:00:00,0.0,68.08905815144064
2032-06-01 04:00:00,0.0,123.23160524591722
2032-06-01 05:00:00,0.0,180.77165438797977
2032-06-01 06:00:00,0.0,233.0371990253532
2032-06-01 07:00:00,0.0,259.8892219583157
2032-06-01 08:00:00,0.0,258.93022113928134
2032-06-01 09:00:00,0.0,243.58620803473133
2032-06-01 10:00:00,0.0,206.1851760923907
2032-06-01 11:00:00,0.0,154.39913186453444
2032-06-01 12:00:00,0.0,100.69508599860941
2032-06-01 13:00:00,0.0,45.073038494615645
2032-06-01 14:00:00,0.0,1.438501228551563
2032-06-01 15:00:00,0.0,0.0
2032-06-01 16:00:00,0.0,0.0
2032-06-01 17:00:00,0.0,0.0
2032-06-01 18:00:00,0.0,0.0
2032-06-01 19:00:00,0.0,0.0
2032-06-01 20:00:00,0.0,0.0
2032-06-01 21:00:00,0.0,0.0
2032-06-01 22:00:00,0.0,0.0
2032-06-01 23:00:00,0.0,0.0
2032-06-02 00:00:00,0.0,0.0
2032-06-02 01:00:00,0.0,0.0
2032-06-02 02:00:00,0.0,26.85202293296251
2032-06-02 03:00:00,0.0,95.42058149392035
2032-06-02 04:00:00,0.0,176.93565111184222
2032-06-02 05:00:00,0.0,244.5452088537657
2032-06-02 06:00:00,0.0,294.41325144355324
2032-06-02 07:00:00,0.0,318.38827191941266
2032-06-02 08:00:00,0.0,320.3062735574813
2032-06-02 09:00:00,0.0,303.0442588148626
2032-06-02 10:00:00,0.0,263.72522523445326
2032-06-02 11:00:00,0.0,204.7466748638391
2032-06-02 12:00:00,0.0,128.98561016012349
2032-06-02 13:00:00,0.0,51.30654381833908
2032-06-02 14:00:00,0.0,1.438501228551563
2032-06-02 15:00:00,0.0,0.0
2032-06-02 16:00:00,0.0,0.0
2032-06-02 17:00:00,0.0,0.0
2032-06-02 18:00:00,0.0,0.0
2032-06-02 19:00:00,0.0,0.0
2032-06-02 20:00:00,0.0,0.0
2032-06-02 21:00:00,0.0,0.0
2032-06-02 22:00:00,0.0,0.0
2032-06-02 23:00:00,0.0,0.0
2032-06-03 00:00:00,0.0,0.0
2032-06-03 01:00:00,0.0,0.0
2032-06-03 02:00:00,0.0,28.290524161514075
2032-06-03 03:00:00,0.0,99.25658477005783
2032-06-03 04:00:00,0.0,177.4151515213594
2032-06-03 05:00:00,0.0,243.10670762521414
2032-06-03 06:00:00,0.0,292.9747502150017
2032-06-03 07:00:00,0.0,320.3062735574813
2032-06-03 08:00:00,0.0,325.5807780621704
2032-06-03 09:00:00,0.0,309.75726454810325
2032-06-03 10:00:00,0.0,271.39723178672824
2032-06-03 11:00:00,0.0,211.45968059707974
2032-06-03 12:00:00,0.0,134.73961507432972
2032-06-03 13:00:00,0.0,53.224545456407824
2032-06-03 14:00:00,0.0,1.438501228551563
2032-06-03 15:00:00,0.0,0.0
2032-06-03 16:00:00,0.0,0.0
2032-06-03 17:00:00,0.0,0.0
2032-06-03 18:00:00,0.0,0.0
2032-06-03 19:00:00,0.0,0.0
2032-06-03 20:00:00,0.0,0.0
2032-06-03 21:00:00,0.0,0.0
2032-06-03 22:00:00,0.0,0.0
2032-06-03 23:00:00,0.0,0.0
2032-06-04 00:00:00,0.0,0.0
2032-06-04 01:00:00,0.0,0.0
2032-06-04 02:00:00,0.0,31.1675266186172
2032-06-04 03:00:00,0.0,101.17458640812657
2032-06-04 04:00:00,0.0,170.7021457881188
2032-06-04 05:00:00,0.0,234.47570025390476
2032-06-04 06:00:00,0.0,284.34374284369227
2032-06-04 07:00:00,0.0,310.7162653671376
2032-06-04 08:00:00,0.0,311.1957657766548
2032-06-04 09:00:00,0.0,291.0567485769329
2032-06-04 10:00:00,0.0,239.75020475859384
2032-06-04 11:00:00,0.0,176.93565111184222
2032-06-04 12:00:00,0.0,113.1620966460563
2032-06-04 13:00:00,0.0,51.786044227856266
2032-06-04 14:00:00,0.0,1.9180016380687506
2032-06-04 15:00:00,0.0,0.0
2032-06-04 16:00:00,0.0,0.0
2032-06-04 17:00:00,0.0,0.0
2032-06-04 18:00:00,0.0,0.0
2032-06-04 19:00:00,0.0,0.0
2032-06-04 20:00:00,0.0,0.0
2032-06-04 21:00:00,0.0,0.0
2032-06-04 22:00:00,0.0,0.0
2032-06-04 23:00:00,0.0,0.0
2032-06-05 00:00:00,0.0,0.0
2032-06-05 01:00:00,0.0,0.0
2032-06-05 02:00:00,0.0,29.249524980548443
2032-06-05 03:00:00,0.0,90.62557739874845
2032-06-05 04:00:00,0.0,152.4811302264657
2032-06-05 05:00:00,0.0,208.58267813997662
2032-06-05 06:00:00,0.0,255.09421786314383
2032-06-05 07:00:00,0.0,281.94624079610634
2032-06-05 08:00:00,0.0,290.0977477578985
2032-06-05 09:00:00,0.0,278.58973792948603
2032-06-05 10:00:00,0.0,246.46321049183445
2032-06-05 11:00:00,0.0,196.11566749252975
2032-06-05 12:00:00,0.0,127.06760852205473
2032-06-05 13:00:00,0.0,52.74504504689064
2032-06-05 14:00:00,0.0,1.9180016380687506
2032-06-05 15:00:00,0.0,0.0
2032-06-05 16:00:00,0.0,0.0
2032-06-05 17:00:00,0.0,0.0
2032-06-05 18:00:00,0.0,0.0
2032-06-05 19:00:00,0.0,0.0
2032-06-05 20:00:00,0.0,0.0
2032-06-05 21:00:00,0.0,0.0
2032-06-05 22:00:00,0.0,0.0
2032-06-05 23:00:00,0.0,0.0
2032-06-06 00:00:00,0.0,0.0
2032-06-06 01:00:00,0.0,0.0
2032-06-06 02:00:00,0.0,27.81102375199689
2032-06-06 03:00:00,0.0,84.39207207502501
2032-06-06 04:00:00,0.0,136.6576167123985
2032-06-06 05:00:00,0.0,178.853652749911
2032-06-06 06:00:00,0.0,214.33668305418288
2032-06-06 07:00:00,0.0,238.79120393955944
2032-06-06 08:00:00,0.0,247.42221131086885
2032-06-06 09:00:00,0.0,233.5166994348704
2032-06-06 10:00:00,0.0,204.26717445432195
2032-06-06 11:00:00,0.0,158.71463555018912
2032-06-06 12:00:00,0.0,99.25658477005783
2032-06-06 13:00:00,0.0,38.36003276137501
2032-06-06 14:00:00,0.0,0.47950040951718764
2032-06-06 15:00:00,0.0,0.0
2032-06-06 16:00:00,0.0,0.0
2032-06-06 17:00:00,0.0,0.0
2032-06-06 18:00:00,0.0,0.0
2032-06-06 19:00:00,0.0,0.0
2032-06-06 20:00:00,0.0,0.0
2032-06-06 21:00:00,0.0,0.0
2032-06-06 22:00:00,0.0,0.0
2032-06-06 23:00:00,0.0,0.0
2032-06-07 00:00:00,0.0,0.0
2032-06-07 01:00:00,0.0,0.0
2032-06-07 02:00:00,0.0,23.97502047585938
2032-06-07 03:00:00,0.0,84.87157248454221
2032-06-07 04:00:00,0.0,159.67363636922352
2032-06-07 05:00:00,0.0,222.00868960645786
2032-06-07 06:00:00,0.0,269.47923014865944
2032-06-07 07:00:00,0.0,297.76975431017354
2032-06-07 08:00:00,0.0,304.48276004341415
2032-06-07 09:00:00,0.0,288.17974611982976
2032-06-07 10:00:00,0.0,252.69671581555792
2032-06-07 11:00:00,0.0,196.59516790204694
2032-06-07 12:00:00,0.0,126.58810811253753
2032-06-07 13:00:00,0.0,52.74504504689064
2032-06-07 14:00:00,0.0,1.9180016380687506
2032-06-07 15:00:00,0.0,0.0
2032-06-07 16:00:00,0.0,0.0
2032-06-07 17:00:00,0.0,0.0
2032-06-07 18:00:00,0.0,0.0
2032-06-07 19:00:00,0.0,0.0
2032-06-07 20:00:00,0.0,0.0
2032-06-07 21:00:00,0.0,0.0
2032-06-07 22:00:00,0.0,0.0
2032-06-07 23:00:00,0.0,0.0
2032-06-08 00:00:00,0.0,0.0
2032-06-08 01:00:00,0.0,0.0
2032-06-08 02:00:00,0.0,31.64702702813438
2032-06-08 03:00:00,0.0,105.96959050329848
2032-06-08 04:00:00,0.0,184.12815725460007
2032-06-08 05:00:00,0.0,244.5452088537657
2032-06-08 06:00:00,0.0,286.7412448912782
2032-06-08 07:00:00,0.0,309.75726454810325
2032-06-08 08:00:00,0.0,311.67526618617194
2032-06-08 09:00:00,0.0,293.933751034036
2032-06-08 10:00:00,0.0,257.01221950121254
2032-06-08 11:00:00,0.0,199.47217035915006
2032-06-08 12:00:00,0.0,126.58810811253753
2032-06-08 13:00:00,0.0,51.30654381833908
2032-06-08 14:00:00,0.0,1.9180016380687506
2032-06-08 15:00:00,0.0,0.0
2032-06-08 16:00:00,0.0,0.0
2032-06-08 17:00:00,0.0,0.0
2032-06-08 18:00:00,0.0,0.0
2032-06-08 19:00:00,0.0,0.0
2032-06-08 20:00:00,0.0,0.0
2032-06-08 21:00:00,0.0,0.0
2032-06-08 22:00:00,0.0,0.0
2032-06-08 23:00:00,0.0,0.0
2032-06-09 00:00:00,0.0,0.0
2032-06-09 01:00:00,0.0,0.0
2032-06-09 02:00:00,0.0,31.1675266186172
2032-06-09 03:00:00,0.0,104.05158886522972
2032-06-09 04:00:00,0.0,175.4971498832907
2032-06-09 05:00:00,0.0,237.83220312052507
2032-06-09 06:00:00,0.0,282.9052416151407
2032-06-09 07:00:00,0.0,303.0442588148626
2032-06-09 08:00:00,0.0,303.0442588148626
2032-06-09 09:00:00,0.0,280.98723997707197
2032-06-09 10:00:00,0.0,241.66820639666255
2032-06-09 11:00:00,0.0,184.60765766411726
2032-06-09 12:00:00,0.0,114.12109746509066
2032-06-09 13:00:00,0.0,46.03203931365002
2032-06-09 14:00:00,0.0,1.438501228551563
2032-06-09 15:00:00,0.0,0.0
2032-06-09 16:00:00,0.0,0.0
2032-06-09 17:00:00,0.0,0.0
2032-06-09 18:00:00,0.0,0.0
2032-06-09 19:00:00,0.0,0.0
2032-06-09 20:00:00,0.0,0.0
2032-06-09 21:00:00,0.0,0.0
2032-06-09 22:00:00,0.0,0.0
2032-06-09 23:00:00,0.0,0.0
2032-06-10 00:00:00,0.0,0.0
2032-06-10 01:00:00,0.0,0.0
2032-06-10 02:00:00,0.0,27.81102375199689
2032-06-10 03:00:00,0.0,92.06407862730003
2032-06-10 04:00:00,0.0,156.31713350260316
2032-06-10 05:00:00,0.0,222.00868960645786
2032-06-10 06:00:00,0.0,274.27423424383136
2032-06-10 07:00:00,0.0,296.3312530816219
2032-06-10 08:00:00,0.0,301.12625717679384
2032-06-10 09:00:00,0.0,285.7822440722438
2032-06-10 10:00:00,0.0,242.62720721569696
2032-06-10 11:00:00,0.0,186.52565930218597
2032-06-10 12:00:00,0.0,116.03909910315942
2032-06-10 13:00:00,0.0,48.42954136123596
2032-06-10 14:00:00,0.0,1.438501228551563
2032-06-10 15:00:00,0.0,0.0
2032-06-10 16:00:00,0.0,0.0
2032-06-10 17:00:00,0.0,0.0
2032-06-10 18:00:00,0.0,0.0
2032-06-10 19:00:00,0.0,0.0
2032-06-10 20:00:00,0.0,0.0
2032-06-10 21:00:00,0.0,0.0
2032-06-10 22:00:00,0.0,0.0
2032-06-10 23:00:00,0.0,0.0
2032-06-11 00:00:00,0.0,0.0
2032-06-11 01:00:00,0.0,0.0
2032-06-11 02:00:00,0.0,26.85202293296251
2032-06-11 03:00:00,0.0,83.43307125599064
2032-06-11 04:00:00,0.0,150.08362817887974
2032-06-11 05:00:00,0.0,215.77518428273444
2032-06-11 06:00:00,0.0,258.93022113928134
2032-06-11 07:00:00,0.0,285.30274366272664
2032-06-11 08:00:00,0.0,290.5772481674157
2032-06-11 09:00:00,0.0,275.2332350628657
2032-06-11 10:00:00,0.0,231.59869779680164
2032-06-11 11:00:00,0.0,168.30464374053284
2032-06-11 12:00:00,0.0,102.13358722716097
2032-06-11 13:00:00,0.0,40.757534808960955
2032-06-11 14:00:00,0.0,0.9590008190343753
2032-06-11 15:00:00,0.0,0.0
2032-06-11 16:00:00,0.0,0.0
2032-06-11 17:00:00,0.0,0.0
2032-06-11 18:00:00,0.0,0.0
2032-06-11 19:00:00,0.0,0.0
2032-06-11 20:00:00,0.0,0.0
2032-06-11 21:00:00,0.0,0.0
2032-06-11 22:00:00,0.0,0.0
2032-06-11 23:00:00,0.0,0.0
2032-06-12 00:00:00,0.0,0.0
2032-06-12 01:00:00,0.0,0.0
2032-06-12 02:00:00,0.0,21.577518428273446
2032-06-12 03:00:00,0.0,82.47407043695627
2032-06-12 04:00:00,0.0,150.08362817887974
2032-06-12 05:00:00,0.0,204.26717445432195
2032-06-12 06:00:00,0.0,236.8732023014907
2032-06-12 07:00:00,0.0,264.2047256439704
2032-06-12 08:00:00,0.0,270.4382309676938
2032-06-12 09:00:00,0.0,261.3277231868673
2032-06-12 10:00:00,0.0,226.3241932921126
2032-06-12 11:00:00,0.0,170.7021457881188
2032-06-12 12:00:00,0.0,107.88759214136722
2032-06-12 13:00:00,0.0,44.59353808509845
2032-06-12 14:00:00,0.0,1.438501228551563
2032-06-12 15:00:00,0.0,0.0
2032-06-12 16:00:00,0.0,0.0
2032-06-12 17:00:00,0.0,0.0
2032-06-12 18:00:00,0.0,0.0
2032-06-12 19:00:00,0.0,0.0
2032-06-12 20:00:00,0.0,0.0
2032-06-12 21:00:00,0.0,0.0
2032-06-12 22:00:00,0.0,0.0
2032-06-12 23:00:00,0.0,0.0
2032-06-13 00:00:00,0.0,0.0
2032-06-13 01:00:00,0.0,0.0
2032-06-13 02:00:00,0.0,23.01601965682501
2032-06-13 03:00:00,0.0,80.07656838937032
2032-06-13 04:00:00,0.0,140.97312039805317
2032-06-13 05:00:00,0.0,193.71816544494385
2032-06-13 06:00:00,0.0,241.18870598714537
2032-06-13 07:00:00,0.0,267.0817281010735
2032-06-13 08:00:00,0.0,259.8892219583157
2032-06-13 09:00:00,0.0,240.7092055776282
2032-06-13 10:00:00,0.0,207.14417691142506
2032-06-13 11:00:00,0.0,160.15313677874065
2032-06-13 12:00:00,0.0,98.77708436054066
2032-06-13 13:00:00,0.0,39.79853398992658
2032-06-13 14:00:00,0.0,0.9590008190343753
2032-06-13 15:00:00,0.0,0.0
2032-06-13 16:00:00,0.0,0.0
2032-06-13 17:00:00,0.0,0.0
2032-06-13 18:00:00,0.0,0.0
2032-06-13 19:00:00,0.0,0.0
2032-06-13 20:00:00,0.0,0.0
2032-06-13 21:00:00,0.0,0.0
2032-06-13 22:00:00,0.0,0.0
2032-06-13 23:00:00,0.0,0.0
2032-06-14 00:00:00,0.0,0.0
2032-06-14 01:00:00,0.0,0.0
2032-06-14 02:00:00,0.0,25.413521704410943
2032-06-14 03:00:00,0.0,83.91257166550784
2032-06-14 04:00:00,0.0,147.20662572177662
2032-06-14 05:00:00,0.0,205.7056756828735
2032-06-14 06:00:00,0.0,241.66820639666255
2032-06-14 07:00:00,0.0,252.2172154060407
2032-06-14 08:00:00,0.0,241.18870598714537
2032-06-14 09:00:00,0.0,218.6521867398376
2032-06-14 10:00:00,0.0,190.8411629878407
2032-06-14 11:00:00,0.0,149.60412776936252
2032-06-14 12:00:00,0.0,92.54357903681722
2032-06-14 13:00:00,0.0,37.40103194234063
2032-06-14 14:00:00,0.0,0.47950040951718764
2032-06-14 15:00:00,0.0,0.0
2032-06-14 16:00:00,0.0,0.0
2032-06-14 17:00:00,0.0,0.0
2032-06-14 18:00:00,0.0,0.0
2032-06-14 19:00:00,0.0,0.0
2032-06-14 20:00:00,0.0,0.0
2032-06-14 21:00:00,0.0,0.0
2032-06-14 22:00:00,0.0,0.0
2032-06-14 23:00:00,0.0,0.0
2032-06-15 00:00:00,0.0,0.0
2032-06-15 01:00:00,0.0,0.0
2032-06-15 02:00:00,0.0,16.30301392358438
2032-06-15 03:00:00,0.0,54.6630466849594
2032-06-15 04:00:00,0.0,96.85908272247192
2032-06-15 05:00:00,0.0,138.5756183504672
2032-06-15 06:00:00,0.0,160.15313677874065
2032-06-15 07:00:00,0.0,160.63263718825786
2032-06-15 08:00:00,0.0,136.17811630288128
2032-06-15 09:00:00,0.0,111.24409500798754
2032-06-15 10:00:00,0.0,91.58457821778285
2032-06-15 11:00:00,0.0,64.73255528482034
2032-06-15 12:00:00,0.0,29.729025390065633
2032-06-15 13:00:00,0.0,7.672006552275002
2032-06-15 14:00:00,0.0,0.0
2032-06-15 15:00:00,0.0,0.0
2032-06-15 16:00:00,0.0,0.0
2032-06-15 17:00:00,0.0,0.0
2032-06-15 18:00:00,0.0,0.0
2032-06-15 19:00:00,0.0,0.0
2032-06-15 20:00:00,0.0,0.0
2032-06-15 21:00:00,0.0,0.0
2032-06-15 22:00:00,0.0,0.0
2032-06-15 23:00:00,0.0,0.0
2032-06-16 00:00:00,0.0,0.0
2032-06-16 01:00:00,0.0,0.0
2032-06-16 02:00:00,0.0,21.577518428273446
2032-06-16 03:00:00,0.0,74.80206388468126
2032-06-16 04:00:00,0.0,132.82161343626098
2032-06-16 05:00:00,0.0,185.56665848315166
2032-06-16 06:00:00,0.0,239.75020475859384
2032-06-16 07:00:00,0.0,265.64322687252195
2032-06-16 08:00:00,0.0,272.83573301527974
2032-06-16 09:00:00,0.0,257.97122032024697
2032-06-16 10:00:00,0.0,229.68069615873287
2032-06-16 11:00:00,0.0,177.4151515213594
2032-06-16 12:00:00,0.0,111.24409500798754
2032-06-16 13:00:00,0.0,45.073038494615645
2032-06-16 14:00:00,0.0,1.438501228551563
2032-06-16 15:00:00,0.0,0.0
2032-06-16 16:00:00,0.0,0.0
2032-06-16 17:00:00,0.0,0.0
2032-06-16 18:00:00,0.0,0.0
2032-06-16 19:00:00,0.0,0.0
2032-06-16 20:00:00,0.0,0.0
2032-06-16 21:00:00,0.0,0.0
2032-06-16 22:00:00,0.0,0.0
2032-06-16 23:00:00,0.0,0.0
2032-06-17 00:00:00,0.0,0.0
2032-06-17 01:00:00,0.0,0.0
2032-06-17 02:00:00,0.0,23.97502047585938
2032-06-17 03:00:00,0.0,86.78957412261096
2032-06-17 04:00:00,0.0,163.9891400548782
2032-06-17 05:00:00,0.0,231.59869779680164
2032-06-17 06:00:00,0.0,281.94624079610634
2032-06-17 07:00:00,0.0,306.4007616814829
2032-06-17 08:00:00,0.0,305.9212612719657
2032-06-17 09:00:00,0.0,294.41325144355324
2032-06-17 10:00:00,0.0,251.73771499652352
2032-06-17 11:00:00,0.0,186.52565930218597
2032-06-17 12:00:00,0.0,116.5185995126766
2032-06-17 13:00:00,0.0,46.03203931365002
2032-06-17 14:00:00,0.0,1.438501228551563
2032-06-17 15:00:00,0.0,0.0
2032-06-17 16:00:00,0.0,0.0
2032-06-17 17:00:00,0.0,0.0
2032-06-17 18:00:00,0.0,0.0
2032-06-17 19:00:00,0.0,0.0
2032-06-17 20:00:00,0.0,0.0
2032-06-17 21:00:00,0.0,0.0
2032-06-17 22:00:00,0.0,0.0
2032-06-17 23:00:00,0.0,0.0
2032-06-18 00:00:00,0.0,0.0
2032-06-18 01:00:00,0.0,0.0
2032-06-18 02:00:00,0.0,30.20852579958282
2032-06-18 03:00:00,0.0,103.09258804619535
2032-06-18 04:00:00,0.0,181.2511547974969
2032-06-18 05:00:00,0.0,244.5452088537657
2032-06-18 06:00:00,0.0,288.17974611982976
2032-06-18 07:00:00,0.0,308.7982637290689
2032-06-18 08:00:00,0.0,309.277764138586
2032-06-18 09:00:00,0.0,291.53624898645006
2032-06-18 10:00:00,0.0,254.13521704410945
2032-06-18 11:00:00,0.0,197.0746683115641
2032-06-18 12:00:00,0.0,123.71110565543442
2032-06-18 13:00:00,0.0,49.868042589787514
2032-06-18 14:00:00,0.0,1.9180016380687506
2032-06-18 15:00:00,0.0,0.0
2032-06-18 16:00:00,0.0,0.0
2032-06-18 17:00:00,0.0,0.0
2032-06-18 18:00:00,0.0,0.0
2032-06-18 19:00:00,0.0,0.0
2032-06-18 20:00:00,0.0,0.0
2032-06-18 21:00:00,0.0,0.0
2032-06-18 22:00:00,0.0,0.0
2032-06-18 23:00:00,0.0,0.0
2032-06-19 00:00:00,0.0,0.0
2032-06-19 01:00:00,0.0,0.0
2032-06-19 02:00:00,0.0,31.64702702813438
2032-06-19 03:00:00,0.0,112.2030958270219
2032-06-19 04:00:00,0.0,195.63616708301254
2032-06-19 05:00:00,0.0,261.3277231868673
2032-06-19 06:00:00,0.0,304.48276004341415
2032-06-19 07:00:00,0.0,326.06027847168764
2032-06-19 08:00:00,0.0,327.9782801097564
2032-06-19 09:00:00,0.0,308.7982637290689
2032-06-19 10:00:00,0.0,267.5612285105907
2032-06-19 11:00:00,0.0,203.30817363528755
2032-06-19 12:00:00,0.0,123.23160524591722
2032-06-19 13:00:00,0.0,46.03203931365002
2032-06-19 14:00:00,0.0,0.9590008190343753
2032-06-19 15:00:00,0.0,0.0
2032-06-19 16:00:00,0.0,0.0
2032-06-19 17:00:00,0.0,0.0
2032-06-19 18:00:00,0.0,0.0
2032-06-19 19:00:00,0.0,0.0
2032-06-19 20:00:00,0.0,0.0
2032-06-19 21:00:00,0.0,0.0
2032-06-19 22:00:00,0.0,0.0
2032-06-19 23:00:00,0.0,0.0
2032-06-20 00:00:00,0.0,0.0
2032-06-20 01:00:00,0.0,0.0
2032-06-20 02:00:00,0.0,23.97502047585938
2032-06-20 03:00:00,0.0,87.26907453212814
2032-06-20 04:00:00,0.0,161.11213759777505
2032-06-20 05:00:00,0.0,224.4061916540438
2032-06-20 06:00:00,0.0,292.4952498054845
2032-06-20 07:00:00,0.0,314.5522686432751
2032-06-20 08:00:00,0.0,315.9907698718267
2032-06-20 09:00:00,0.0,296.3312530816219
2032-06-20 10:00:00,0.0,256.53271909169536
2032-06-20 11:00:00,0.0,197.0746683115641
2032-06-20 12:00:00,0.0,124.1906060649516
2032-06-20 13:00:00,0.0,49.868042589787514
2032-06-20 14:00:00,0.0,1.9180016380687506
2032-06-20 15:00:00,0.0,0.0
2032-06-20 16:00:00,0.0,0.0
2032-06-20 17:00:00,0.0,0.0
2032-06-20 18:00:00,0.0,0.0
2032-06-20 19:00:00,0.0,0.0
2032-06-20 20:00:00,0.0,0.0
2032-06-20 21:00:00,0.0,0.0
2032-06-20 22:00:00,0.0,0.0
2032-06-20 23:00:00,0.0,0.0
2032-06-21 00:00:00,0.0,0.0
2032-06-21 01:00:00,0.0,0.0
2032-06-21 02:00:00,0.0,30.68802620910001
2032-06-21 03:00:00,0.0,106.92859132233285
2032-06-21 04:00:00,0.0,187.96416053073756
2032-06-21 05:00:00,0.0,253.65571663459224
2032-06-21 06:00:00,0.0,297.29025390065635
2032-06-21 07:00:00,0.0,319.34727273844703
2032-06-21 08:00:00,0.0,320.7857739669986
2032-06-21 09:00:00,0.0,303.5237592243798
2032-06-21 10:00:00,0.0,264.6842260534876
2032-06-21 11:00:00,0.0,205.7056756828735
2032-06-21 12:00:00,0.0,129.94461097915786
2032-06-21 13:00:00,0.0,52.26554463737345
2032-06-21 14:00:00,0.0,1.9180016380687506
2032-06-21 15:00:00,0.0,0.0
2032-06-21 16:00:00,0.0,0.0
2032-06-21 17:00:00,0.0,0.0
2032-06-21 18:00:00,0.0,0.0
2032-06-21 19:00:00,0.0,0.0
2032-06-21 20:00:00,0.0,0.0
2032-06-21 21:00:00,0.0,0.0
2032-06-21 22:00:00,0.0,0.0
2032-06-21 23:00:00,0.0,0.0
2032-06-22 00:00:00,0.0,0.0
2032-06-22 01:00:00,0.0,0.0
2032-06-22 02:00:00,0.0,30.68802620910001
2032-06-22 03:00:00,0.0,105.01058968426409
2032-06-22 04:00:00,0.0,183.1691564355657
2032-06-22 05:00:00,0.0,246.46321049183445
2032-06-22 06:00:00,0.0,292.9747502150017
2032-06-22 07:00:00,0.0,313.59326782424074
2032-06-22 08:00:00,0.0,312.1547665956892
2032-06-22 09:00:00,0.0,289.6182473483814
2032-06-22 10:00:00,0.0,249.3402129489376
2032-06-22 11:00:00,0.0,190.8411629878407
2032-06-22 12:00:00,0.0,121.31360360784848
2032-06-22 13:00:00,0.0,50.34754299930471
2032-06-22 14:00:00,0.0,1.9180016380687506
2032-06-22 15:00:00,0.0,0.0
2032-06-22 16:00:00,0.0,0.0
2032-06-22 17:00:00,0.0,0.0
2032-06-22 18:00:00,0.0,0.0
2032-06-22 19:00:00,0.0,0.0
2032-06-22 20:00:00,0.0,0.0
2032-06-22 21:00:00,0.0,0.0
2032-06-22 22:00:00,0.0,0.0
2032-06-22 23:00:00,0.0,0.0
2032-06-23 00:00:00,0.0,0.0
2032-06-23 01:00:00,0.0,0.0
2032-06-23 02:00:00,0.0,30.68802620910001
2032-06-23 03:00:00,0.0,103.09258804619535
2032-06-23 04:00:00,0.0,180.29215397846258
2032-06-23 05:00:00,0.0,243.58620803473133
2032-06-23 06:00:00,0.0,283.86424243417514
2032-06-23 07:00:00,0.0,300.16725635775947
2032-06-23 08:00:00,0.0,293.933751034036
2032-06-23 09:00:00,0.0,253.65571663459224
2032-06-23 10:00:00,0.0,206.6646765019079
2032-06-23 11:00:00,0.0,145.28862408370784
2032-06-23 12:00:00,0.0,78.63806716081878
2032-06-23 13:00:00,0.0,27.3315233424797
2032-06-23 14:00:00,0.0,0.0
2032-06-23 15:00:00,0.0,0.0
2032-06-23 16:00:00,0.0,0.0
2032-06-23 17:00:00,0.0,0.0
2032-06-23 18:00:00,0.0,0.0
2032-06-23 19:00:00,0.0,0.0
2032-06-23 20:00:00,0.0,0.0
2032-06-23 21:00:00,0.0,0.0
2032-06-23 22:00:00,0.0,0.0
2032-06-23 23:00:00,0.0,0.0
2032-06-24 00:00:00,0.0,0.0
2032-06-24 01:00:00,0.0,0.0
2032-06-24 02:00:00,0.0,29.249524980548443
2032-06-24 03:00:00,0.0,100.69508599860941
2032-06-24 04:00:00,0.0,180.29215397846258
2032-06-24 05:00:00,0.0,245.98371008231723
2032-06-24 06:00:00,0.0,292.9747502150017
2032-06-24 07:00:00,0.0,317.9087715098954
2032-06-24 08:00:00,0.0,320.7857739669986
2032-06-24 09:00:00,0.0,303.5237592243798
2032-06-24 10:00:00,0.0,264.6842260534876
2032-06-24 11:00:00,0.0,205.7056756828735
2032-06-24 12:00:00,0.0,130.42411138867504
2032-06-24 13:00:00,0.0,52.74504504689064
2032-06-24 14:00:00,0.0,1.9180016380687506
2032-06-24 15:00:00,0.0,0.0
2032-06-24 16:00:00,0.0,0.0
2032-06-24 17:00:00,0.0,0.0
2032-06-24 18:00:00,0.0,0.0
2032-06-24 19:00:00,0.0,0.0
2032-06-24 20:00:00,0.0,0.0
2032-06-24 21:00:00,0.0,0.0
2032-06-24 22:00:00,0.0,0.0
2032-06-24 23:00:00,0.0,0.0
2032-06-25 00:00:00,0.0,0.0
2032-06-25 01:00:00,0.0,0.0
2032-06-25 02:00:00,0.0,30.20852579958282
2032-06-25 03:00:00,0.0,106.92859132233285
2032-06-25 04:00:00,0.0,188.44366094025477
2032-06-25 05:00:00,0.0,254.13521704410945
2032-06-25 06:00:00,0.0,299.6877559482423
2032-06-25 07:00:00,0.0,322.70377560506734
2032-06-25 08:00:00,0.0,324.621777243136
2032-06-25 09:00:00,0.0,304.48276004341415
2032-06-25 10:00:00,0.0,262.76622441541883
2032-06-25 11:00:00,0.0,201.86967240673602
2032-06-25 12:00:00,0.0,126.58810811253753
2032-06-25 13:00:00,0.0,49.868042589787514
2032-06-25 14:00:00,0.0,1.438501228551563
2032-06-25 15:00:00,0.0,0.0
2032-06-25 16:00:00,0.0,0.0
2032-06-25 17:00:00,0.0,0.0
2032-06-25 18:00:00,0.0,0.0
2032-06-25 19:00:00,0.0,0.0
2032-06-25 20:00:00,0.0,0.0
2032-06-25 21:00:00,0.0,0.0
2032-06-25 22:00:00,0.0,0.0
2032-06-25 23:00:00,0.0,0.0
2032-06-26 00:00:00,0.0,0.0
2032-06-26 01:00:00,0.0,0.0
2032-06-26 02:00:00,0.0,29.249524980548443
2032-06-26 03:00:00,0.0,105.01058968426409
2032-06-26 04:00:00,0.0,185.56665848315166
2032-06-26 05:00:00,0.0,250.77871417748912
2032-06-26 06:00:00,0.0,295.8517526721048
2032-06-26 07:00:00,0.0,312.6342670052063
2032-06-26 08:00:00,0.0,299.6877559482423
2032-06-26 09:00:00,0.0,262.76622441541883
2032-06-26 10:00:00,0.0,228.2421949301813
2032-06-26 11:00:00,0.0,189.40266175928915
2032-06-26 12:00:00,0.0,128.02660934108908
2032-06-26 13:00:00,0.0,53.224545456407824
2032-06-26 14:00:00,0.0,1.9180016380687506
2032-06-26 15:00:00,0.0,0.0
2032-06-26 16:00:00,0.0,0.0
2032-06-26 17:00:00,0.0,0.0
2032-06-26 18:00:00,0.0,0.0
2032-06-26 19:00:00,0.0,0.0
2032-06-26 20:00:00,0.0,0.0
2032-06-26 21:00:00,0.0,0.0
2032-06-26 22:00:00,0.0,0.0
2032-06-26 23:00:00,0.0,0.0
2032-06-27 00:00:00,0.0,0.0
2032-06-27 01:00:00,0.0,0.0
2032-06-27 02:00:00,0.0,29.729025390065633
2032-06-27 03:00:00,0.0,105.49009009378128
2032-06-27 04:00:00,0.0,186.0461588926688
2032-06-27 05:00:00,0.0,251.73771499652352
2032-06-27 06:00:00,0.0,296.81075349113917
2032-06-27 07:00:00,0.0,319.34727273844703
2032-06-27 08:00:00,0.0,321.2652743765157
2032-06-27 09:00:00,0.0,304.48276004341415
2032-06-27 10:00:00,0.0,265.16372646300476
2032-06-27 11:00:00,0.0,205.22617527335632
2032-06-27 12:00:00,0.0,129.94461097915786
2032-06-27 13:00:00,0.0,52.74504504689064
2032-06-27 14:00:00,0.0,1.9180016380687506
2032-06-27 15:00:00,0.0,0.0
2032-06-27 16:00:00,0.0,0.0
2032-06-27 17:00:00,0.0,0.0
2032-06-27 18:00:00,0.0,0.0
2032-06-27 19:00:00,0.0,0.0
2032-06-27 20:00:00,0.0,0.0
2032-06-27 21:00:00,0.0,0.0
2032-06-27 22:00:00,0.0,0.0
2032-06-27 23:00:00,0.0,0.0
2032-06-28 00:00:00,0.0,0.0
2032-06-28 01:00:00,0.0,0.0
2032-06-28 02:00:00,0.0,30.68802620910001
2032-06-28 03:00:00,0.0,105.01058968426409
2032-06-28 04:00:00,0.0,183.1691564355657
2032-06-28 05:00:00,0.0,246.94271090135163
2032-06-28 06:00:00,0.0,296.3312530816219
2032-06-28 07:00:00,0.0,317.9087715098954
2032-06-28 08:00:00,0.0,319.34727273844703
2032-06-28 09:00:00,0.0,300.16725635775947
2032-06-28 10:00:00,0.0,259.8892219583157
2032-06-28 11:00:00,0.0,198.99266994963287
2032-06-28 12:00:00,0.0,122.75210483640004
2032-06-28 13:00:00,0.0,46.99104013268439
2032-06-28 14:00:00,0.0,1.438501228551563
2032-06-28 15:00:00,0.0,0.0
2032-06-28 16:00:00,0.0,0.0
2032-06-28 17:00:00,0.0,0.0
2032-06-28 18:00:00,0.0,0.0
2032-06-28 19:00:00,0.0,0.0
2032-06-28 20:00:00,0.0,0.0
2032-06-28 21:00:00,0.0,0.0
2032-06-28 22:00:00,0.0,0.0
2032-06-28 23:00:00,0.0,0.0
2032-06-29 00:00:00,0.0,0.0
2032-06-29 01:00:00,0.0,0.0
2032-06-29 02:00:00,0.0,30.20852579958282
2032-06-29 03:00:00,0.0,103.57208845571253
2032-06-29 04:00:00,0.0,181.7306552070141
2032-06-29 05:00:00,0.0,246.46321049183445
2032-06-29 06:00:00,0.0,296.3312530816219
2032-06-29 07:00:00,0.0,317.9087715098954
2032-06-29 08:00:00,0.0,318.8677723289298
2032-06-29 09:00:00,0.0,301.60575758631103
2032-06-29 10:00:00,0.0,261.3277231868673
2032-06-29 11:00:00,0.0,200.43117117818443
2032-06-29 12:00:00,0.0,124.1906060649516
2032-06-29 13:00:00,0.0,49.388542180270335
2032-06-29 14:00:00,0.0,1.438501228551563
2032-06-29 15:00:00,0.0,0.0
2032-06-29 16:00:00,0.0,0.0
2032-06-29 17:00:00,0.0,0.0
2032-06-29 18:00:00,0.0,0.0
2032-06-29 19:00:00,0.0,0.0
2032-06-29 20:00:00,0.0,0.0
2032-06-29 21:00:00,0.0,0.0
2032-06-29 22:00:00,0.0,0.0
2032-06-29 23:00:00,0.0,0.0
2032-06-30 00:00:00,0.0,0.0
2032-06-30 01:00:00,0.0,0.0
2032-06-30 02:00:00,0.0,26.85202293296251
2032-06-30 03:00:00,0.0,98.77708436054066
2032-06-30 04:00:00,0.0,180.29215397846258
2032-06-30 05:00:00,0.0,245.02470926328292
2032-06-30 06:00:00,0.0,289.1387469388642
2032-06-30 07:00:00,0.0,315.0317690527923
2032-06-30 08:00:00,0.0,317.9087715098954
2032-06-30 09:00:00,0.0,298.2492547196907
2032-06-30 10:00:00,0.0,258.45072072976416
2032-06-30 11:00:00,0.0,199.95167076866724
2032-06-30 12:00:00,0.0,126.10860770302035
2032-06-30 13:00:00,0.0,51.786044227856266
2032-06-30 14:00:00,0.0,1.9180016380687506
2032-06-30 15:00:00,0.0,0.0
2032-06-30 16:00:00,0.0,0.0
2032-06-30 17:00:00,0.0,0.0
2032-06-30 18:00:00,0.0,0.0
2032-06-30 19:00:00,0.0,0.0
2032-06-30 20:00:00,0.0,0.0
2032-06-30 21:00:00,0.0,0.0
2032-06-30 22:00:00,0.0,0.0
2032-06-30 23:00:00,0.0,0.0
2032-07-01 00:00:00,0.0,0.0
2032-07-01 01:00:00,0.0,0.0
2032-07-01 02:00:00,0.0,30.68802620910001
2032-07-01 03:00:00,0.0,107.40809173185005
2032-07-01 04:00:00,0.0,188.44366094025477
2032-07-01 05:00:00,0.0,253.17621622507505
2032-07-01 06:00:00,0.0,297.29025390065635
2032-07-01 07:00:00,0.0,317.9087715098954
2032-07-01 08:00:00,0.0,317.42927110037823
2032-07-01 09:00:00,0.0,300.16725635775947
2032-07-01 10:00:00,0.0,260.8482227773501
2032-07-01 11:00:00,0.0,200.91067158770161
2032-07-01 12:00:00,0.0,125.62910729350315
2032-07-01 13:00:00,0.0,48.909041770753134
2032-07-01 14:00:00,0.0,1.438501228551563
2032-07-01 15:00:00,0.0,0.0
2032-07-01 16:00:00,0.0,0.0
2032-07-01 17:00:00,0.0,0.0
2032-07-01 18:00:00,0.0,0.0
2032-07-01 19:00:00,0.0,0.0
2032-07-01 20:00:00,0.0,0.0
2032-07-01 21:00:00,0.0,0.0
2032-07-01 22:00:00,0.0,0.0
2032-07-01 23:00:00,0.0,0.0
2032-07-02 00:00:00,0.0,0.0
2032-07-02 01:00:00,0.0,0.0
2032-07-02 02:00:00,0.0,29.249524980548443
2032-07-02 03:00:00,0.0,100.21558558909221
2032-07-02 04:00:00,0.0,176.93565111184222
2032-07-02 05:00:00,0.0,233.99619984438755
2032-07-02 06:00:00,0.0,278.1102375199688
2032-07-02 07:00:00,0.0,285.30274366272664
2032-07-02 08:00:00,0.0,294.41325144355324
2032-07-02 09:00:00,0.0,276.1922358819001
2032-07-02 10:00:00,0.0,229.68069615873287
2032-07-02 11:00:00,0.0,168.78414415005003
2032-07-02 12:00:00,0.0,101.17458640812657
2032-07-02 13:00:00,0.0,39.31903358040939
2032-07-02 14:00:00,0.0,0.47950040951718764
2032-07-02 15:00:00,0.0,0.0
2032-07-02 16:00:00,0.0,0.0
2032-07-02 17:00:00,0.0,0.0
2032-07-02 18:00:00,0.0,0.0
2032-07-02 19:00:00,0.0,0.0
2032-07-02 20:00:00,0.0,0.0
2032-07-02 21:00:00,0.0,0.0
2032-07-02 22:00:00,0.0,0.0
2032-07-02 23:00:00,0.0,0.0
2032-07-03 00:00:00,0.0,0.0
2032-07-03 01:00:00,0.0,0.0
2032-07-03 02:00:00,0.0,23.01601965682501
2032-07-03 03:00:00,0.0,83.43307125599064
2032-07-03 04:00:00,0.0,163.509639645361
2032-07-03 05:00:00,0.0,230.63969697776727
2032-07-03 06:00:00,0.0,277.1512367009344
2032-07-03 07:00:00,0.0,303.0442588148626
2032-07-03 08:00:00,0.0,303.5237592243798
2032-07-03 09:00:00,0.0,294.41325144355324
2032-07-03 10:00:00,0.0,255.09421786314383
2032-07-03 11:00:00,0.0,196.59516790204694
2032-07-03 12:00:00,0.0,124.1906060649516
2032-07-03 13:00:00,0.0,49.868042589787514
2032-07-03 14:00:00,0.0,1.438501228551563
2032-07-03 15:00:00,0.0,0.0
2032-07-03 16:00:00,0.0,0.0
2032-07-03 17:00:00,0.0,0.0
2032-07-03 18:00:00,0.0,0.0
2032-07-03 19:00:00,0.0,0.0
2032-07-03 20:00:00,0.0,0.0
2032-07-03 21:00:00,0.0,0.0
2032-07-03 22:00:00,0.0,0.0
2032-07-03 23:00:00,0.0,0.0
2032-07-04 00:00:00,0.0,0.0
2032-07-04 01:00:00,0.0,0.0
2032-07-04 02:00:00,0.0,28.290524161514075
2032-07-04 03:00:00,0.0,94.46158067488597
2032-07-04 04:00:00,0.0,152.96063063598285
2032-07-04 05:00:00,0.0,187.0051597117032
2032-07-04 06:00:00,0.0,220.09068796838912
2032-07-04 07:00:00,0.0,279.5487387485204
2032-07-04 08:00:00,0.0,305.4417608624486
2032-07-04 09:00:00,0.0,286.7412448912782
2032-07-04 10:00:00,0.0,252.2172154060407
2032-07-04 11:00:00,0.0,190.8411629878407
2032-07-04 12:00:00,0.0,115.55959869364223
2032-07-04 13:00:00,0.0,44.114037675581265
2032-07-04 14:00:00,0.0,0.9590008190343753
2032-07-04 15:00:00,0.0,0.0
2032-07-04 16:00:00,0.0,0.0
2032-07-04 17:00:00,0.0,0.0
2032-07-04 18:00:00,0.0,0.0
2032-07-04 19:00:00,0.0,0.0
2032-07-04 20:00:00,0.0,0.0
2032-07-04 21:00:00,0.0,0.0
2032-07-04 22:00:00,0.0,0.0
2032-07-04 23:00:00,0.0,0.0
2032-07-05 00:00:00,0.0,0.0
2032-07-05 01:00:00,0.0,0.0
2032-07-05 02:00:00,0.0,25.893022113928133
2032-07-05 03:00:00,0.0,91.10507780826565
2032-07-05 04:00:00,0.0,165.9071416929469
2032-07-05 05:00:00,0.0,230.16019656825006
2032-07-05 06:00:00,0.0,274.7537346533485
2032-07-05 07:00:00,0.0,291.0567485769329
2032-07-05 08:00:00,0.0,288.65924652934694
2032-07-05 09:00:00,0.0,282.4257412056235
2032-07-05 10:00:00,0.0,246.46321049183445
2032-07-05 11:00:00,0.0,188.92316134977193
2032-07-05 12:00:00,0.0,119.39560196977972
2032-07-05 13:00:00,0.0,46.99104013268439
2032-07-05 14:00:00,0.0,0.9590008190343753
2032-07-05 15:00:00,0.0,0.0
2032-07-05 16:00:00,0.0,0.0
2032-07-05 17:00:00,0.0,0.0
2032-07-05 18:00:00,0.0,0.0
2032-07-05 19:00:00,0.0,0.0
2032-07-05 20:00:00,0.0,0.0
2032-07-05 21:00:00,0.0,0.0
2032-07-05 22:00:00,0.0,0.0
2032-07-05 23:00:00,0.0,0.0
2032-07-06 00:00:00,0.0,0.0
2032-07-06 01:00:00,0.0,0.0
2032-07-06 02:00:00,0.0,23.01601965682501
2032-07-06 03:00:00,0.0,85.83057330357659
2032-07-06 04:00:00,0.0,155.83763309308597
2032-07-06 05:00:00,0.0,205.22617527335632
2032-07-06 06:00:00,0.0,245.98371008231723
2032-07-06 07:00:00,0.0,269.9587305581766
2032-07-06 08:00:00,0.0,271.8767321962454
2032-07-06 09:00:00,0.0,261.80722359638446
2032-07-06 10:00:00,0.0,233.99619984438755
2032-07-06 11:00:00,0.0,186.52565930218597
2032-07-06 12:00:00,0.0,119.87510237929692
2032-07-06 13:00:00,0.0,47.95004095171876
2032-07-06 14:00:00,0.0,0.9590008190343753
2032-07-06 15:00:00,0.0,0.0
2032-07-06 16:00:00,0.0,0.0
2032-07-06 17:00:00,0.0,0.0
2032-07-06 18:00:00,0.0,0.0
2032-07-06 19:00:00,0.0,0.0
2032-07-06 20:00:00,0.0,0.0
2032-07-06 21:00:00,0.0,0.0
2032-07-06 22:00:00,0.0,0.0
2032-07-06 23:00:00,0.0,0.0
2032-07-07 00:00:00,0.0,0.0
2032-07-07 01:00:00,0.0,0.0
2032-07-07 02:00:00,0.0,28.290524161514075
2032-07-07 03:00:00,0.0,103.09258804619535
2032-07-07 04:00:00,0.0,184.60765766411726
2032-07-07 05:00:00,0.0,249.81971335845475
2032-07-07 06:00:00,0.0,293.933751034036
2032-07-07 07:00:00,0.0,314.0727682337579
2032-07-07 08:00:00,0.0,315.5112694623095
2032-07-07 09:00:00,0.0,297.29025390065635
2032-07-07 10:00:00,0.0,249.3402129489376
2032-07-07 11:00:00,0.0,176.45615070232506
2032-07-07 12:00:00,0.0,91.10507780826565
2032-07-07 13:00:00,0.0,32.60602784716876
2032-07-07 14:00:00,0.0,0.0
2032-07-07 15:00:00,0.0,0.0
2032-07-07 16:00:00,0.0,0.0
2032-07-07 17:00:00,0.0,0.0
2032-07-07 18:00:00,0.0,0.0
2032-07-07 19:00:00,0.0,0.0
2032-07-07 20:00:00,0.0,0.0
2032-07-07 21:00:00,0.0,0.0
2032-07-07 22:00:00,0.0,0.0
2032-07-07 23:00:00,0.0,0.0
2032-07-08 00:00:00,0.0,0.0
2032-07-08 01:00:00,0.0,0.0
2032-07-08 02:00:00,0.0,29.249524980548443
2032-07-08 03:00:00,0.0,102.13358722716097
2032-07-08 04:00:00,0.0,180.77165438797977
2032-07-08 05:00:00,0.0,243.58620803473133
2032-07-08 06:00:00,0.0,273.315233424797
2032-07-08 07:00:00,0.0,257.4917199107298
2032-07-08 08:00:00,0.0,217.6931859208032
2032-07-08 09:00:00,0.0,195.15666667349535
2032-07-08 10:00:00,0.0,184.60765766411726
2032-07-08 11:00:00,0.0,170.2226453786016
2032-07-08 12:00:00,0.0,116.03909910315942
2032-07-08 13:00:00,0.0,45.073038494615645
2032-07-08 14:00:00,0.0,0.0
2032-07-08 15:00:00,0.0,0.0
2032-07-08 16:00:00,0.0,0.0
2032-07-08 17:00:00,0.0,0.0
2032-07-08 18:00:00,0.0,0.0
2032-07-08 19:00:00,0.0,0.0
2032-07-08 20:00:00,0.0,0.0
2032-07-08 21:00:00,0.0,0.0
2032-07-08 22:00:00,0.0,0.0
2032-07-08 23:00:00,0.0,0.0
2032-07-09 00:00:00,0.0,0.0
2032-07-09 01:00:00,0.0,0.0
2032-07-09 02:00:00,0.0,23.495520066342195
2032-07-09 03:00:00,0.0,81.51506961792191
2032-07-09 04:00:00,0.0,147.20662572177662
2032-07-09 05:00:00,0.0,211.93918100659695
2032-07-09 06:00:00,0.0,280.0282391580376
2032-07-09 07:00:00,0.0,309.75726454810325
2032-07-09 08:00:00,0.0,314.0727682337579
2032-07-09 09:00:00,0.0,297.76975431017354
2032-07-09 10:00:00,0.0,257.01221950121254
2032-07-09 11:00:00,0.0,193.71816544494385
2032-07-09 12:00:00,0.0,111.72359541750473
2032-07-09 13:00:00,0.0,44.114037675581265
2032-07-09 14:00:00,0.0,0.47950040951718764
2032-07-09 15:00:00,0.0,0.0
2032-07-09 16:00:00,0.0,0.0
2032-07-09 17:00:00,0.0,0.0
2032-07-09 18:00:00,0.0,0.0
2032-07-09 19:00:00,0.0,0.0
2032-07-09 20:00:00,0.0,0.0
2032-07-09 21:00:00,0.0,0.0
2032-07-09 22:00:00,0.0,0.0
2032-07-09 23:00:00,0.0,0.0
2032-07-10 00:00:00,0.0,0.0
2032-07-10 01:00:00,0.0,0.0
2032-07-10 02:00:00,0.0,27.3315233424797
2032-07-10 03:00:00,0.0,99.25658477005783
2032-07-10 04:00:00,0.0,176.93565111184222
2032-07-10 05:00:00,0.0,241.66820639666255
2032-07-10 06:00:00,0.0,285.30274366272664
2032-07-10 07:00:00,0.0,305.9212612719657
2032-07-10 08:00:00,0.0,305.9212612719657
2032-07-10 09:00:00,0.0,302.0852579958282
2032-07-10 10:00:00,0.0,261.80722359638446
2032-07-10 11:00:00,0.0,201.86967240673602
2032-07-10 12:00:00,0.0,126.10860770302035
2032-07-10 13:00:00,0.0,49.868042589787514
2032-07-10 14:00:00,0.0,0.9590008190343753
2032-07-10 15:00:00,0.0,0.0
2032-07-10 16:00:00,0.0,0.0
2032-07-10 17:00:00,0.0,0.0
2032-07-10 18:00:00,0.0,0.0
2032-07-10 19:00:00,0.0,0.0
2032-07-10 20:00:00,0.0,0.0
2032-07-10 21:00:00,0.0,0.0
2032-07-10 22:00:00,0.0,0.0
2032-07-10 23:00:00,0.0,0.0
2032-07-11 00:00:00,0.0,0.0
2032-07-11 01:00:00,0.0,0.0
2032-07-11 02:00:00,0.0,26.37252252344532
2032-07-11 03:00:00,0.0,94.46158067488597
2032-07-11 04:00:00,0.0,163.9891400548782
2032-07-11 05:00:00,0.0,216.73418510176882
2032-07-11 06:00:00,0.0,262.28672400590165
2032-07-11 07:00:00,0.0,289.6182473483814
2032-07-11 08:00:00,0.0,300.64675676727666
2032-07-11 09:00:00,0.0,290.0977477578985
2032-07-11 10:00:00,0.0,251.73771499652352
2032-07-11 11:00:00,0.0,192.75916462590945
2032-07-11 12:00:00,0.0,119.39560196977972
2032-07-11 13:00:00,0.0,46.511539723167196
2032-07-11 14:00:00,0.0,0.9590008190343753
2032-07-11 15:00:00,0.0,0.0
2032-07-11 16:00:00,0.0,0.0
2032-07-11 17:00:00,0.0,0.0
2032-07-11 18:00:00,0.0,0.0
2032-07-11 19:00:00,0.0,0.0
2032-07-11 20:00:00,0.0,0.0
2032-07-11 21:00:00,0.0,0.0
2032-07-11 22:00:00,0.0,0.0
2032-07-11 23:00:00,0.0,0.0
2032-07-12 00:00:00,0.0,0.0
2032-07-12 01:00:00,0.0,0.0
2032-07-12 02:00:00,0.0,27.81102375199689
2032-07-12 03:00:00,0.0,100.21558558909221
2032-07-12 04:00:00,0.0,177.89465193087662
2032-07-12 05:00:00,0.0,241.66820639666255
2032-07-12 06:00:00,0.0,285.30274366272664
2032-07-12 07:00:00,0.0,307.35976250051726
2032-07-12 08:00:00,0.0,306.8802620910001
2032-07-12 09:00:00,0.0,303.5237592243798
2032-07-12 10:00:00,0.0,264.2047256439704
2032-07-12 11:00:00,0.0,205.7056756828735
2032-07-12 12:00:00,0.0,129.94461097915786
2032-07-12 13:00:00,0.0,51.786044227856266
2032-07-12 14:00:00,0.0,0.9590008190343753
2032-07-12 15:00:00,0.0,0.0
2032-07-12 16:00:00,0.0,0.0
2032-07-12 17:00:00,0.0,0.0
2032-07-12 18:00:00,0.0,0.0
2032-07-12 19:00:00,0.0,0.0
2032-07-12 20:00:00,0.0,0.0
2032-07-12 21:00:00,0.0,0.0
2032-07-12 22:00:00,0.0,0.0
2032-07-12 23:00:00,0.0,0.0
2032-07-13 00:00:00,0.0,0.0
2032-07-13 01:00:00,0.0,0.0
2032-07-13 02:00:00,0.0,27.3315233424797
2032-07-13 03:00:00,0.0,102.13358722716097
2032-07-13 04:00:00,0.0,181.7306552070141
2032-07-13 05:00:00,0.0,247.42221131086885
2032-07-13 06:00:00,0.0,292.0157493959673
2032-07-13 07:00:00,0.0,315.0317690527923
2032-07-13 08:00:00,0.0,316.47027028134386
2032-07-13 09:00:00,0.0,308.31876331955164
2032-07-13 10:00:00,0.0,267.0817281010735
2032-07-13 11:00:00,0.0,205.22617527335632
2032-07-13 12:00:00,0.0,127.54710893157191
2032-07-13 13:00:00,0.0,49.388542180270335
2032-07-13 14:00:00,0.0,0.9590008190343753
2032-07-13 15:00:00,0.0,0.0
2032-07-13 16:00:00,0.0,0.0
2032-07-13 17:00:00,0.0,0.0
2032-07-13 18:00:00,0.0,0.0
2032-07-13 19:00:00,0.0,0.0
2032-07-13 20:00:00,0.0,0.0
2032-07-13 21:00:00,0.0,0.0
2032-07-13 22:00:00,0.0,0.0
2032-07-13 23:00:00,0.0,0.0
2032-07-14 00:00:00,0.0,0.0
2032-07-14 01:00:00,0.0,0.0
2032-07-14 02:00:00,0.0,26.37252252344532
2032-07-14 03:00:00,0.0,95.42058149392035
2032-07-14 04:00:00,0.0,171.66114660715317
2032-07-14 05:00:00,0.0,233.99619984438755
2032-07-14 06:00:00,0.0,286.261744481761
2032-07-14 07:00:00,0.0,309.277764138586
2032-07-14 08:00:00,0.0,311.67526618617194
2032-07-14 09:00:00,0.0,294.8927518530704
2032-07-14 10:00:00,0.0,254.61471745362664
2032-07-14 11:00:00,0.0,195.63616708301254
2032-07-14 12:00:00,0.0,122.75210483640004
2032-07-14 13:00:00,0.0,48.42954136123596
2032-07-14 14:00:00,0.0,0.9590008190343753
2032-07-14 15:00:00,0.0,0.0
2032-07-14 16:00:00,0.0,0.0
2032-07-14 17:00:00,0.0,0.0
2032-07-14 18:00:00,0.0,0.0
2032-07-14 19:00:00,0.0,0.0
2032-07-14 20:00:00,0.0,0.0
2032-07-14 21:00:00,0.0,0.0
2032-07-14 22:00:00,0.0,0.0
2032-07-14 23:00:00,0.0,0.0
2032-07-15 00:00:00,0.0,0.0
2032-07-15 01:00:00,0.0,0.0
2032-07-15 02:00:00,0.0,27.3315233424797
2032-07-15 03:00:00,0.0,100.69508599860941
2032-07-15 04:00:00,0.0,180.77165438797977
2032-07-15 05:00:00,0.0,246.94271090135163
2032-07-15 06:00:00,0.0,299.20825553872504
2032-07-15 07:00:00,0.0,319.82677314796416
2032-07-15 08:00:00,0.0,319.82677314796416
2032-07-15 09:00:00,0.0,300.16725635775947
2032-07-15 10:00:00,0.0,259.8892219583157
2032-07-15 11:00:00,0.0,199.95167076866724
2032-07-15 12:00:00,0.0,125.14960688398598
2032-07-15 13:00:00,0.0,48.909041770753134
2032-07-15 14:00:00,0.0,0.47950040951718764
2032-07-15 15:00:00,0.0,0.0
2032-07-15 16:00:00,0.0,0.0
2032-07-15 17:00:00,0.0,0.0
2032-07-15 18:00:00,0.0,0.0
2032-07-15 19:00:00,0.0,0.0
2032-07-15 20:00:00,0.0,0.0
2032-07-15 21:00:00,0.0,0.0
2032-07-15 22:00:00,0.0,0.0
2032-07-15 23:00:00,0.0,0.0
2032-07-16 00:00:00,0.0,0.0
2032-07-16 01:00:00,0.0,0.0
2032-07-16 02:00:00,0.0,27.3315233424797
2032-07-16 03:00:00,0.0,101.65408681764377
2032-07-16 04:00:00,0.0,182.68965602604848
2032-07-16 05:00:00,0.0,249.3402129489376
2032-07-16 06:00:00,0.0,303.0442588148626
2032-07-16 07:00:00,0.0,323.18327601458446
2032-07-16 08:00:00,0.0,321.74477478603296
2032-07-16 09:00:00,0.0,300.16725635775947
2032-07-16 10:00:00,0.0,257.4917199107298
2032-07-16 11:00:00,0.0,195.63616708301254
2032-07-16 12:00:00,0.0,120.83410319833128
2032-07-16 13:00:00,0.0,47.470540542201576
2032-07-16 14:00:00,0.0,0.47950040951718764
2032-07-16 15:00:00,0.0,0.0
2032-07-16 16:00:00,0.0,0.0
2032-07-16 17:00:00,0.0,0.0
2032-07-16 18:00:00,0.0,0.0
2032-07-16 19:00:00,0.0,0.0
2032-07-16 20:00:00,0.0,0.0
2032-07-16 21:00:00,0.0,0.0
2032-07-16 22:00:00,0.0,0.0
2032-07-16 23:00:00,0.0,0.0
2032-07-17 00:00:00,0.0,0.0
2032-07-17 01:00:00,0.0,0.0
2032-07-17 02:00:00,0.0,24.454520885376567
2032-07-17 03:00:00,0.0,90.62557739874845
2032-07-17 04:00:00,0.0,161.11213759777505
2032-07-17 05:00:00,0.0,223.92669124452667
2032-07-17 06:00:00,0.0,273.315233424797
2032-07-17 07:00:00,0.0,299.20825553872504
2032-07-17 08:00:00,0.0,303.5237592243798
2032-07-17 09:00:00,0.0,296.3312530816219
2032-07-17 10:00:00,0.0,254.61471745362664
2032-07-17 11:00:00,0.0,192.27966421639226
2032-07-17 12:00:00,0.0,117.47760033171097
2032-07-17 13:00:00,0.0,47.470540542201576
2032-07-17 14:00:00,0.0,0.47950040951718764
2032-07-17 15:00:00,0.0,0.0
2032-07-17 16:00:00,0.0,0.0
2032-07-17 17:00:00,0.0,0.0
2032-07-17 18:00:00,0.0,0.0
2032-07-17 19:00:00,0.0,0.0
2032-07-17 20:00:00,0.0,0.0
2032-07-17 21:00:00,0.0,0.0
2032-07-17 22:00:00,0.0,0.0
2032-07-17 23:00:00,0.0,0.0
2032-07-18 00:00:00,0.0,0.0
2032-07-18 01:00:00,0.0,0.0
2032-07-18 02:00:00,0.0,24.454520885376567
2032-07-18 03:00:00,0.0,92.06407862730003
2032-07-18 04:00:00,0.0,167.3456429214985
2032-07-18 05:00:00,0.0,231.11919738728446
2032-07-18 06:00:00,0.0,290.0977477578985
2032-07-18 07:00:00,0.0,312.6342670052063
2032-07-18 08:00:00,0.0,314.5522686432751
2032-07-18 09:00:00,0.0,295.8517526721048
2032-07-18 10:00:00,0.0,255.57371827266098
2032-07-18 11:00:00,0.0,195.63616708301254
2032-07-18 12:00:00,0.0,121.31360360784848
2032-07-18 13:00:00,0.0,46.511539723167196
2032-07-18 14:00:00,0.0,0.47950040951718764
2032-07-18 15:00:00,0.0,0.0
2032-07-18 16:00:00,0.0,0.0
2032-07-18 17:00:00,0.0,0.0
2032-07-18 18:00:00,0.0,0.0
2032-07-18 19:00:00,0.0,0.0
2032-07-18 20:00:00,0.0,0.0
2032-07-18 21:00:00,0.0,0.0
2032-07-18 22:00:00,0.0,0.0
2032-07-18 23:00:00,0.0,0.0
2032-07-19 00:00:00,0.0,0.0
2032-07-19 01:00:00,0.0,0.0
2032-07-19 02:00:00,0.0,27.3315233424797
2032-07-19 03:00:00,0.0,103.09258804619535
2032-07-19 04:00:00,0.0,184.12815725460007
2032-07-19 05:00:00,0.0,248.3812121299032
2032-07-19 06:00:00,0.0,292.9747502150017
2032-07-19 07:00:00,0.0,323.18327601458446
2032-07-19 08:00:00,0.0,329.89628174782507
2032-07-19 09:00:00,0.0,309.75726454810325
2032-07-19 10:00:00,0.0,268.9997297391423
2032-07-19 11:00:00,0.0,207.62367732094222
2032-07-19 12:00:00,0.0,129.94461097915786
2032-07-19 13:00:00,0.0,50.827043408821886
2032-07-19 14:00:00,0.0,0.47950040951718764
2032-07-19 15:00:00,0.0,0.0
2032-07-19 16:00:00,0.0,0.0
2032-07-19 17:00:00,0.0,0.0
2032-07-19 18:00:00,0.0,0.0
2032-07-19 19:00:00,0.0,0.0
2032-07-19 20:00:00,0.0,0.0
2032-07-19 21:00:00,0.0,0.0
2032-07-19 22:00:00,0.0,0.0
2032-07-19 23:00:00,0.0,0.0
2032-07-20 00:00:00,0.0,0.0
2032-07-20 01:00:00,0.0,0.0
2032-07-20 02:00:00,0.0,26.37252252344532
2032-07-20 03:00:00,0.0,100.69508599860941
2032-07-20 04:00:00,0.0,175.4971498832907
2032-07-20 05:00:00,0.0,239.27070434907662
2032-07-20 06:00:00,0.0,272.83573301527974
2032-07-20 07:00:00,0.0,287.7002457103126
2032-07-20 08:00:00,0.0,273.315233424797
2032-07-20 09:00:00,0.0,257.4917199107298
2032-07-20 10:00:00,0.0,239.27070434907662
2032-07-20 11:00:00,0.0,196.11566749252975
2032-07-20 12:00:00,0.0,125.62910729350315
2032-07-20 13:00:00,0.0,48.909041770753134
2032-07-20 14:00:00,0.0,0.47950040951718764
2032-07-20 15:00:00,0.0,0.0
2032-07-20 16:00:00,0.0,0.0
2032-07-20 17:00:00,0.0,0.0
2032-07-20 18:00:00,0.0,0.0
2032-07-20 19:00:00,0.0,0.0
2032-07-20 20:00:00,0.0,0.0
2032-07-20 21:00:00,0.0,0.0
2032-07-20 22:00:00,0.0,0.0
2032-07-20 23:00:00,0.0,0.0
2032-07-21 00:00:00,0.0,0.0
2032-07-21 01:00:00,0.0,0.0
2032-07-21 02:00:00,0.0,25.413521704410943
2032-07-21 03:00:00,0.0,93.5025798558516
2032-07-21 04:00:00,0.0,176.93565111184222
2032-07-21 05:00:00,0.0,247.42221131086885
2032-07-21 06:00:00,0.0,299.20825553872504
2032-07-21 07:00:00,0.0,324.621777243136
2032-07-21 08:00:00,0.0,326.5397788812048
2032-07-21 09:00:00,0.0,306.4007616814829
2032-07-21 10:00:00,0.0,266.6022276915564
2032-07-21 11:00:00,0.0,204.7466748638391
2032-07-21 12:00:00,0.0,126.10860770302035
2032-07-21 13:00:00,0.0,47.95004095171876
2032-07-21 14:00:00,0.0,0.0
2032-07-21 15:00:00,0.0,0.0
2032-07-21 16:00:00,0.0,0.0
2032-07-21 17:00:00,0.0,0.0
2032-07-21 18:00:00,0.0,0.0
2032-07-21 19:00:00,0.0,0.0
2032-07-21 20:00:00,0.0,0.0
2032-07-21 21:00:00,0.0,0.0
2032-07-21 22:00:00,0.0,0.0
2032-07-21 23:00:00,0.0,0.0
2032-07-22 00:00:00,0.0,0.0
2032-07-22 01:00:00,0.0,0.0
2032-07-22 02:00:00,0.0,20.618517609239067
2032-07-22 03:00:00,0.0,87.74857494164534
2032-07-22 04:00:00,0.0,160.15313677874065
2032-07-22 05:00:00,0.0,235.43470107293913
2032-07-22 06:00:00,0.0,288.65924652934694
2032-07-22 07:00:00,0.0,313.11376741472355
2032-07-22 08:00:00,0.0,322.2242751955501
2032-07-22 09:00:00,0.0,309.75726454810325
2032-07-22 10:00:00,0.0,272.83573301527974
2032-07-22 11:00:00,0.0,214.33668305418288
2032-07-22 12:00:00,0.0,136.6576167123985
2032-07-22 13:00:00,0.0,55.142547094476576
2032-07-22 14:00:00,0.0,0.47950040951718764
2032-07-22 15:00:00,0.0,0.0
2032-07-22 16:00:00,0.0,0.0
2032-07-22 17:00:00,0.0,0.0
2032-07-22 18:00:00,0.0,0.0
2032-07-22 19:00:00,0.0,0.0
2032-07-22 20:00:00,0.0,0.0
2032-07-22 21:00:00,0.0,0.0
2032-07-22 22:00:00,0.0,0.0
2032-07-22 23:00:00,0.0,0.0
2032-07-23 00:00:00,0.0,0.0
2032-07-23 01:00:00,0.0,0.0
2032-07-23 02:00:00,0.0,25.413521704410943
2032-07-23 03:00:00,0.0,95.90008190343752
2032-07-23 04:00:00,0.0,176.93565111184222
2032-07-23 05:00:00,0.0,237.83220312052507
2032-07-23 06:00:00,0.0,293.45425062451886
2032-07-23 07:00:00,0.0,315.0317690527923
2032-07-23 08:00:00,0.0,317.42927110037823
2032-07-23 09:00:00,0.0,295.3722522625876
2032-07-23 10:00:00,0.0,251.2582145870063
2032-07-23 11:00:00,0.0,191.3206633973579
2032-07-23 12:00:00,0.0,119.39560196977972
2032-07-23 13:00:00,0.0,44.114037675581265
2032-07-23 14:00:00,0.0,0.0
2032-07-23 15:00:00,0.0,0.0
2032-07-23 16:00:00,0.0,0.0
2032-07-23 17:00:00,0.0,0.0
2032-07-23 18:00:00,0.0,0.0
2032-07-23 19:00:00,0.0,0.0
2032-07-23 20:00:00,0.0,0.0
2032-07-23 21:00:00,0.0,0.0
2032-07-23 22:00:00,0.0,0.0
2032-07-23 23:00:00,0.0,0.0
2032-07-24 00:00:00,0.0,0.0
2032-07-24 01:00:00,0.0,0.0
2032-07-24 02:00:00,0.0,21.577518428273446
2032-07-24 03:00:00,0.0,85.83057330357659
2032-07-24 04:00:00,0.0,162.07113841680945
2032-07-24 05:00:00,0.0,214.8161834637001
2032-07-24 06:00:00,0.0,275.2332350628657
2032-07-24 07:00:00,0.0,313.11376741472355
2032-07-24 08:00:00,0.0,316.94977069086104
2032-07-24 09:00:00,0.0,300.16725635775947
2032-07-24 10:00:00,0.0,252.69671581555792
2032-07-24 11:00:00,0.0,190.3616625783235
2032-07-24 12:00:00,0.0,108.8465929604016
2032-07-24 13:00:00,0.0,38.36003276137501
2032-07-24 14:00:00,0.0,0.0
2032-07-24 15:00:00,0.0,0.0
2032-07-24 16:00:00,0.0,0.0
2032-07-24 17:00:00,0.0,0.0
2032-07-24 18:00:00,0.0,0.0
2032-07-24 19:00:00,0.0,0.0
2032-07-24 20:00:00,0.0,0.0
2032-07-24 21:00:00,0.0,0.0
2032-07-24 22:00:00,0.0,0.0
2032-07-24 23:00:00,0.0,0.0
2032-07-25 00:00:00,0.0,0.0
2032-07-25 01:00:00,0.0,0.0
2032-07-25 02:00:00,0.0,22.057018837790633
2032-07-25 03:00:00,0.0,95.90008190343752
2032-07-25 04:00:00,0.0,180.29215397846258
2032-07-25 05:00:00,0.0,245.50420967280007
2032-07-25 06:00:00,0.0,295.3722522625876
2032-07-25 07:00:00,0.0,318.38827191941266
2032-07-25 08:00:00,0.0,322.2242751955501
2032-07-25 09:00:00,0.0,303.5237592243798
2032-07-25 10:00:00,0.0,261.3277231868673
2032-07-25 11:00:00,0.0,198.99266994963287
2032-07-25 12:00:00,0.0,122.27260442688285
2032-07-25 13:00:00,0.0,45.552538904132824
2032-07-25 14:00:00,0.0,0.0
2032-07-25 15:00:00,0.0,0.0
2032-07-25 16:00:00,0.0,0.0
2032-07-25 17:00:00,0.0,0.0
2032-07-25 18:00:00,0.0,0.0
2032-07-25 19:00:00,0.0,0.0
2032-07-25 20:00:00,0.0,0.0
2032-07-25 21:00:00,0.0,0.0
2032-07-25 22:00:00,0.0,0.0
2032-07-25 23:00:00,0.0,0.0
2032-07-26 00:00:00,0.0,0.0
2032-07-26 01:00:00,0.0,0.0
2032-07-26 02:00:00,0.0,23.97502047585938
2032-07-26 03:00:00,0.0,94.94108108440315
2032-07-26 04:00:00,0.0,176.45615070232506
2032-07-26 05:00:00,0.0,241.66820639666255
2032-07-26 06:00:00,0.0,285.7822440722438
2032-07-26 07:00:00,0.0,309.75726454810325
2032-07-26 08:00:00,0.0,315.0317690527923
2032-07-26 09:00:00,0.0,311.67526618617194
2032-07-26 10:00:00,0.0,270.4382309676938
2032-07-26 11:00:00,0.0,208.10317773045944
2032-07-26 12:00:00,0.0,129.46511056964067
2032-07-26 13:00:00,0.0,49.388542180270335
2032-07-26 14:00:00,0.0,0.0
2032-07-26 15:00:00,0.0,0.0
2032-07-26 16:00:00,0.0,0.0
2032-07-26 17:00:00,0.0,0.0
2032-07-26 18:00:00,0.0,0.0
2032-07-26 19:00:00,0.0,0.0
2032-07-26 20:00:00,0.0,0.0
2032-07-26 21:00:00,0.0,0.0
2032-07-26 22:00:00,0.0,0.0
2032-07-26 23:00:00,0.0,0.0
2032-07-27 00:00:00,0.0,0.0
2032-07-27 01:00:00,0.0,0.0
2032-07-27 02:00:00,0.0,26.37252252344532
2032-07-27 03:00:00,0.0,104.5310892747469
2032-07-27 04:00:00,0.0,187.48466012122037
2032-07-27 05:00:00,0.0,255.57371827266098
2032-07-27 06:00:00,0.0,308.7982637290689
2032-07-27 07:00:00,0.0,332.77328420492825
2032-07-27 08:00:00,0.0,335.1707862525142
2032-07-27 09:00:00,0.0,315.9907698718267
2032-07-27 10:00:00,0.0,274.7537346533485
2032-07-27 11:00:00,0.0,212.4186814161141
2032-07-27 12:00:00,0.0,132.82161343626098
2032-07-27 13:00:00,0.0,50.34754299930471
2032-07-27 14:00:00,0.0,0.0
2032-07-27 15:00:00,0.0,0.0
2032-07-27 16:00:00,0.0,0.0
2032-07-27 17:00:00,0.0,0.0
2032-07-27 18:00:00,0.0,0.0
2032-07-27 19:00:00,0.0,0.0
2032-07-27 20:00:00,0.0,0.0
2032-07-27 21:00:00,0.0,0.0
2032-07-27 22:00:00,0.0,0.0
2032-07-27 23:00:00,0.0,0.0
2032-07-28 00:00:00,0.0,0.0
2032-07-28 01:00:00,0.0,0.0
2032-07-28 02:00:00,0.0,24.454520885376567
2032-07-28 03:00:00,0.0,93.98208026536878
2032-07-28 04:00:00,0.0,158.71463555018912
2032-07-28 05:00:00,0.0,236.39370189197348
2032-07-28 06:00:00,0.0,296.3312530816219
2032-07-28 07:00:00,0.0,321.74477478603296
2032-07-28 08:00:00,0.0,326.06027847168764
2032-07-28 09:00:00,0.0,306.8802620910001
2032-07-28 10:00:00,0.0,257.4917199107298
2032-07-28 11:00:00,0.0,165.9071416929469
2032-07-28 12:00:00,0.0,65.69155610385471
2032-07-28 13:00:00,0.0,19.180016380687505
2032-07-28 14:00:00,0.0,0.0
2032-07-28 15:00:00,0.0,0.0
2032-07-28 16:00:00,0.0,0.0
2032-07-28 17:00:00,0.0,0.0
2032-07-28 18:00:00,0.0,0.0
2032-07-28 19:00:00,0.0,0.0
2032-07-28 20:00:00,0.0,0.0
2032-07-28 21:00:00,0.0,0.0
2032-07-28 22:00:00,0.0,0.0
2032-07-28 23:00:00,0.0,0.0
2032-07-29 00:00:00,0.0,0.0
2032-07-29 01:00:00,0.0,0.0
2032-07-29 02:00:00,0.0,19.659516790204695
2032-07-29 03:00:00,0.0,76.24056511323285
2032-07-29 04:00:00,0.0,161.11213759777505
2032-07-29 05:00:00,0.0,238.79120393955944
2032-07-29 06:00:00,0.0,285.30274366272664
2032-07-29 07:00:00,0.0,304.48276004341415
2032-07-29 08:00:00,0.0,304.00325963389696
2032-07-29 09:00:00,0.0,275.7127354723829
2032-07-29 10:00:00,0.0,216.73418510176882
2032-07-29 11:00:00,0.0,149.12462735984536
2032-07-29 12:00:00,0.0,73.8430630656469
2032-07-29 13:00:00,0.0,26.85202293296251
2032-07-29 14:00:00,0.0,0.0
2032-07-29 15:00:00,0.0,0.0
2032-07-29 16:00:00,0.0,0.0
2032-07-29 17:00:00,0.0,0.0
2032-07-29 18:00:00,0.0,0.0
2032-07-29 19:00:00,0.0,0.0
2032-07-29 20:00:00,0.0,0.0
2032-07-29 21:00:00,0.0,0.0
2032-07-29 22:00:00,0.0,0.0
2032-07-29 23:00:00,0.0,0.0
2032-07-30 00:00:00,0.0,0.0
2032-07-30 01:00:00,0.0,0.0
2032-07-30 02:00:00,0.0,19.180016380687505
2032-07-30 03:00:00,0.0,67.13005733240628
2032-07-30 04:00:00,0.0,119.87510237929692
2032-07-30 05:00:00,0.0,169.2636445595672
2032-07-30 06:00:00,0.0,214.33668305418288
2032-07-30 07:00:00,0.0,243.10670762521414
2032-07-30 08:00:00,0.0,256.53271909169536
2032-07-30 09:00:00,0.0,263.245724824936
2032-07-30 10:00:00,0.0,233.0371990253532
2032-07-30 11:00:00,0.0,151.0426289979141
2032-07-30 12:00:00,0.0,59.93755118964846
2032-07-30 13:00:00,0.0,14.385012285515629
2032-07-30 14:00:00,0.0,0.0
2032-07-30 15:00:00,0.0,0.0
2032-07-30 16:00:00,0.0,0.0
2032-07-30 17:00:00,0.0,0.0
2032-07-30 18:00:00,0.0,0.0
2032-07-30 19:00:00,0.0,0.0
2032-07-30 20:00:00,0.0,0.0
2032-07-30 21:00:00,0.0,0.0
2032-07-30 22:00:00,0.0,0.0
2032-07-30 23:00:00,0.0,0.0
2032-07-31 00:00:00,0.0,0.0
2032-07-31 01:00:00,0.0,0.0
2032-07-31 02:00:00,0.0,23.01601965682501
2032-07-31 03:00:00,0.0,81.51506961792191
2032-07-31 04:00:00,0.0,140.49361998853598
2032-07-31 05:00:00,0.0,198.03366913059847
2032-07-31 06:00:00,0.0,249.81971335845475
2032-07-31 07:00:00,0.0,296.3312530816219
2032-07-31 08:00:00,0.0,322.2242751955501
2032-07-31 09:00:00,0.0,296.81075349113917
2032-07-31 10:00:00,0.0,249.81971335845475
2032-07-31 11:00:00,0.0,180.77165438797977
2032-07-31 12:00:00,0.0,96.85908272247192
2032-07-31 13:00:00,0.0,29.729025390065633
2032-07-31 14:00:00,0.0,0.0
2032-07-31 15:00:00,0.0,0.0
2032-07-31 16:00:00,0.0,0.0
2032-07-31 17:00:00,0.0,0.0
2032-07-31 18:00:00,0.0,0.0
2032-07-31 19:00:00,0.0,0.0
2032-07-31 20:00:00,0.0,0.0
2032-07-31 21:00:00,0.0,0.0
2032-07-31 22:00:00,0.0,0.0
2032-07-31 23:00:00,0.0,0.0
2032-08-01 00:00:00,0.0,0.0
2032-08-01 01:00:00,0.0,0.0
2032-08-01 02:00:00,0.0,11.98751023792969
2032-08-01 03:00:00,0.0,64.25305487530314
2032-08-01 04:00:00,0.0,141.93212121708757
2032-08-01 05:00:00,0.0,185.56665848315166
2032-08-01 06:00:00,0.0,207.14417691142506
2032-08-01 07:00:00,0.0,198.99266994963287
2032-08-01 08:00:00,0.0,186.52565930218597
2032-08-01 09:00:00,0.0,158.71463555018912
2032-08-01 10:00:00,0.0,132.82161343626098
2032-08-01 11:00:00,0.0,93.98208026536878
2032-08-01 12:00:00,0.0,53.70404586592502
2032-08-01 13:00:00,0.0,21.098018018756253
2032-08-01 14:00:00,0.0,0.0
2032-08-01 15:00:00,0.0,0.0
2032-08-01 16:00:00,0.0,0.0
2032-08-01 17:00:00,0.0,0.0
2032-08-01 18:00:00,0.0,0.0
2032-08-01 19:00:00,0.0,0.0
2032-08-01 20:00:00,0.0,0.0
2032-08-01 21:00:00,0.0,0.0
2032-08-01 22:00:00,0.0,0.0
2032-08-01 23:00:00,0.0,0.0
2032-08-02 00:00:00,0.0,0.0
2032-08-02 01:00:00,0.0,0.0
2032-08-02 02:00:00,0.0,12.467010647446878
2032-08-02 03:00:00,0.0,50.34754299930471
2032-08-02 04:00:00,0.0,91.58457821778285
2032-08-02 05:00:00,0.0,129.46511056964067
2032-08-02 06:00:00,0.0,175.97665029280788
2032-08-02 07:00:00,0.0,233.0371990253532
2032-08-02 08:00:00,0.0,287.7002457103126
2032-08-02 09:00:00,0.0,297.76975431017354
2032-08-02 10:00:00,0.0,259.8892219583157
2032-08-02 11:00:00,0.0,196.11566749252975
2032-08-02 12:00:00,0.0,119.39560196977972
2032-08-02 13:00:00,0.0,41.71653562799532
2032-08-02 14:00:00,0.0,0.0
2032-08-02 15:00:00,0.0,0.0
2032-08-02 16:00:00,0.0,0.0
2032-08-02 17:00:00,0.0,0.0
2032-08-02 18:00:00,0.0,0.0
2032-08-02 19:00:00,0.0,0.0
2032-08-02 20:00:00,0.0,0.0
2032-08-02 21:00:00,0.0,0.0
2032-08-02 22:00:00,0.0,0.0
2032-08-02 23:00:00,0.0,0.0
2032-08-03 00:00:00,0.0,0.0
2032-08-03 01:00:00,0.0,0.0
2032-08-03 02:00:00,0.0,21.098018018756253
2032-08-03 03:00:00,0.0,83.91257166550784
2032-08-03 04:00:00,0.0,163.509639645361
2032-08-03 05:00:00,0.0,235.43470107293913
2032-08-03 06:00:00,0.0,298.72875512920785
2032-08-03 07:00:00,0.0,319.34727273844703
2032-08-03 08:00:00,0.0,311.1957657766548
2032-08-03 09:00:00,0.0,274.27423424383136
2032-08-03 10:00:00,0.0,233.0371990253532
2032-08-03 11:00:00,0.0,181.2511547974969
2032-08-03 12:00:00,0.0,111.24409500798754
2032-08-03 13:00:00,0.0,38.36003276137501
2032-08-03 14:00:00,0.0,0.0
2032-08-03 15:00:00,0.0,0.0
2032-08-03 16:00:00,0.0,0.0
2032-08-03 17:00:00,0.0,0.0
2032-08-03 18:00:00,0.0,0.0
2032-08-03 19:00:00,0.0,0.0
2032-08-03 20:00:00,0.0,0.0
2032-08-03 21:00:00,0.0,0.0
2032-08-03 22:00:00,0.0,0.0
2032-08-03 23:00:00,0.0,0.0
2032-08-04 00:00:00,0.0,0.0
2032-08-04 01:00:00,0.0,0.0
2032-08-04 02:00:00,0.0,9.590008190343752
2032-08-04 03:00:00,0.0,51.786044227856266
2032-08-04 04:00:00,0.0,120.3546027888141
2032-08-04 05:00:00,0.0,195.15666667349535
2032-08-04 06:00:00,0.0,245.98371008231723
2032-08-04 07:00:00,0.0,272.35623260576256
2032-08-04 08:00:00,0.0,278.1102375199688
2032-08-04 09:00:00,0.0,277.6307371104516
2032-08-04 10:00:00,0.0,235.43470107293913
2032-08-04 11:00:00,0.0,179.81265356894536
2032-08-04 12:00:00,0.0,107.88759214136722
2032-08-04 13:00:00,0.0,40.27803439944376
2032-08-04 14:00:00,0.0,0.0
2032-08-04 15:00:00,0.0,0.0
2032-08-04 16:00:00,0.0,0.0
2032-08-04 17:00:00,0.0,0.0
2032-08-04 18:00:00,0.0,0.0
2032-08-04 19:00:00,0.0,0.0
2032-08-04 20:00:00,0.0,0.0
2032-08-04 21:00:00,0.0,0.0
2032-08-04 22:00:00,0.0,0.0
2032-08-04 23:00:00,0.0,0.0
2032-08-05 00:00:00,0.0,0.0
2032-08-05 01:00:00,0.0,0.0
2032-08-05 02:00:00,0.0,14.385012285515629
2032-08-05 03:00:00,0.0,67.13005733240628
2032-08-05 04:00:00,0.0,137.61661753143284
2032-08-05 05:00:00,0.0,205.22617527335632
2032-08-05 06:00:00,0.0,254.13521704410945
2032-08-05 07:00:00,0.0,290.5772481674157
2032-08-05 08:00:00,0.0,303.0442588148626
2032-08-05 09:00:00,0.0,290.5772481674157
2032-08-05 10:00:00,0.0,249.81971335845475
2032-08-05 11:00:00,0.0,190.8411629878407
2032-08-05 12:00:00,0.0,117.47760033171097
2032-08-05 13:00:00,0.0,43.15503685654689
2032-08-05 14:00:00,0.0,0.0
2032-08-05 15:00:00,0.0,0.0
2032-08-05 16:00:00,0.0,0.0
2032-08-05 17:00:00,0.0,0.0
2032-08-05 18:00:00,0.0,0.0
2032-08-05 19:00:00,0.0,0.0
2032-08-05 20:00:00,0.0,0.0
2032-08-05 21:00:00,0.0,0.0
2032-08-05 22:00:00,0.0,0.0
2032-08-05 23:00:00,0.0,0.0
2032-08-06 00:00:00,0.0,0.0
2032-08-06 01:00:00,0.0,0.0
2032-08-06 02:00:00,0.0,13.426011466481254
2032-08-06 03:00:00,0.0,71.44556101806096
2032-08-06 04:00:00,0.0,153.91963145501725
2032-08-06 05:00:00,0.0,217.6931859208032
2032-08-06 06:00:00,0.0,261.3277231868673
2032-08-06 07:00:00,0.0,293.45425062451886
2032-08-06 08:00:00,0.0,303.0442588148626
2032-08-06 09:00:00,0.0,294.41325144355324
2032-08-06 10:00:00,0.0,250.29921376797196
2032-08-06 11:00:00,0.0,191.3206633973579
2032-08-06 12:00:00,0.0,120.3546027888141
2032-08-06 13:00:00,0.0,42.6755364470297
2032-08-06 14:00:00,0.0,0.0
2032-08-06 15:00:00,0.0,0.0
2032-08-06 16:00:00,0.0,0.0
2032-08-06 17:00:00,0.0,0.0
2032-08-06 18:00:00,0.0,0.0
2032-08-06 19:00:00,0.0,0.0
2032-08-06 20:00:00,0.0,0.0
2032-08-06 21:00:00,0.0,0.0
2032-08-06 22:00:00,0.0,0.0
2032-08-06 23:00:00,0.0,0.0
2032-08-07 00:00:00,0.0,0.0
2032-08-07 01:00:00,0.0,0.0
2032-08-07 02:00:00,0.0,16.30301392358438
2032-08-07 03:00:00,0.0,74.32256347516409
2032-08-07 04:00:00,0.0,143.8501228551563
2032-08-07 05:00:00,0.0,201.86967240673602
2032-08-07 06:00:00,0.0,264.6842260534876
2032-08-07 07:00:00,0.0,284.82324325320945
2032-08-07 08:00:00,0.0,289.1387469388642
2032-08-07 09:00:00,0.0,286.7412448912782
2032-08-07 10:00:00,0.0,254.13521704410945
2032-08-07 11:00:00,0.0,194.6771662639782
2032-08-07 12:00:00,0.0,111.24409500798754
2032-08-07 13:00:00,0.0,33.56502866620314
2032-08-07 14:00:00,0.0,0.0
2032-08-07 15:00:00,0.0,0.0
2032-08-07 16:00:00,0.0,0.0
2032-08-07 17:00:00,0.0,0.0
2032-08-07 18:00:00,0.0,0.0
2032-08-07 19:00:00,0.0,0.0
2032-08-07 20:00:00,0.0,0.0
2032-08-07 21:00:00,0.0,0.0
2032-08-07 22:00:00,0.0,0.0
2032-08-07 23:00:00,0.0,0.0
2032-08-08 00:00:00,0.0,0.0
2032-08-08 01:00:00,0.0,0.0
2032-08-08 02:00:00,0.0,14.864512695032817
2032-08-08 03:00:00,0.0,70.96606060854378
2032-08-08 04:00:00,0.0,144.8091236741907
2032-08-08 05:00:00,0.0,213.8571826446657
2032-08-08 06:00:00,0.0,297.29025390065635
2032-08-08 07:00:00,0.0,316.47027028134386
2032-08-08 08:00:00,0.0,312.6342670052063
2032-08-08 09:00:00,0.0,280.0282391580376
2032-08-08 10:00:00,0.0,234.95520066342195
2032-08-08 11:00:00,0.0,171.18164619763598
2032-08-08 12:00:00,0.0,97.81808354150627
2032-08-08 13:00:00,0.0,31.1675266186172
2032-08-08 14:00:00,0.0,0.0
2032-08-08 15:00:00,0.0,0.0
2032-08-08 16:00:00,0.0,0.0
2032-08-08 17:00:00,0.0,0.0
2032-08-08 18:00:00,0.0,0.0
2032-08-08 19:00:00,0.0,0.0
2032-08-08 20:00:00,0.0,0.0
2032-08-08 21:00:00,0.0,0.0
2032-08-08 22:00:00,0.0,0.0
2032-08-08 23:00:00,0.0,0.0
2032-08-09 00:00:00,0.0,0.0
2032-08-09 01:00:00,0.0,0.0
2032-08-09 02:00:00,0.0,16.30301392358438
2032-08-09 03:00:00,0.0,77.6790663417844
2032-08-09 04:00:00,0.0,153.91963145501725
2032-08-09 05:00:00,0.0,221.5291891969407
2032-08-09 06:00:00,0.0,291.53624898645006
2032-08-09 07:00:00,0.0,310.23676495762044
2032-08-09 08:00:00,0.0,306.8802620910001
2032-08-09 09:00:00,0.0,291.0567485769329
2032-08-09 10:00:00,0.0,249.3402129489376
2032-08-09 11:00:00,0.0,186.52565930218597
2032-08-09 12:00:00,0.0,105.96959050329848
2032-08-09 13:00:00,0.0,27.3315233424797
2032-08-09 14:00:00,0.0,0.0
2032-08-09 15:00:00,0.0,0.0
2032-08-09 16:00:00,0.0,0.0
2032-08-09 17:00:00,0.0,0.0
2032-08-09 18:00:00,0.0,0.0
2032-08-09 19:00:00,0.0,0.0
2032-08-09 20:00:00,0.0,0.0
2032-08-09 21:00:00,0.0,0.0
2032-08-09 22:00:00,0.0,0.0
2032-08-09 23:00:00,0.0,0.0
2032-08-10 00:00:00,0.0,0.0
2032-08-10 01:00:00,0.0,0.0
2032-08-10 02:00:00,0.0,16.78251433310157
2032-08-10 03:00:00,0.0,77.6790663417844
2032-08-10 04:00:00,0.0,152.4811302264657
2032-08-10 05:00:00,0.0,219.6111875588719
2032-08-10 06:00:00,0.0,277.6307371104516
2032-08-10 07:00:00,0.0,303.0442588148626
2032-08-10 08:00:00,0.0,302.56475840534546
2032-08-10 09:00:00,0.0,281.94624079610634
2032-08-10 10:00:00,0.0,238.79120393955944
2032-08-10 11:00:00,0.0,166.3866421024641
2032-08-10 12:00:00,0.0,77.6790663417844
2032-08-10 13:00:00,0.0,16.30301392358438
2032-08-10 14:00:00,0.0,0.0
2032-08-10 15:00:00,0.0,0.0
2032-08-10 16:00:00,0.0,0.0
2032-08-10 17:00:00,0.0,0.0
2032-08-10 18:00:00,0.0,0.0
2032-08-10 19:00:00,0.0,0.0
2032-08-10 20:00:00,0.0,0.0
2032-08-10 21:00:00,0.0,0.0
2032-08-10 22:00:00,0.0,0.0
2032-08-10 23:00:00,0.0,0.0
2032-08-11 00:00:00,0.0,0.0
2032-08-11 01:00:00,0.0,0.0
2032-08-11 02:00:00,0.0,5.274504504689064
2032-08-11 03:00:00,0.0,35.0035298947547
2032-08-11 04:00:00,0.0,79.59706797985316
2032-08-11 05:00:00,0.0,124.6701064744688
2032-08-11 06:00:00,0.0,163.9891400548782
2032-08-11 07:00:00,0.0,203.78767404480473
2032-08-11 08:00:00,0.0,216.73418510176882
2032-08-11 09:00:00,0.0,198.99266994963287
2032-08-11 10:00:00,0.0,175.97665029280788
2032-08-11 11:00:00,0.0,136.6576167123985
2032-08-11 12:00:00,0.0,85.3510728940594
2032-08-11 13:00:00,0.0,32.60602784716876
2032-08-11 14:00:00,0.0,0.0
2032-08-11 15:00:00,0.0,0.0
2032-08-11 16:00:00,0.0,0.0
2032-08-11 17:00:00,0.0,0.0
2032-08-11 18:00:00,0.0,0.0
2032-08-11 19:00:00,0.0,0.0
2032-08-11 20:00:00,0.0,0.0
2032-08-11 21:00:00,0.0,0.0
2032-08-11 22:00:00,0.0,0.0
2032-08-11 23:00:00,0.0,0.0
2032-08-12 00:00:00,0.0,0.0
2032-08-12 01:00:00,0.0,0.0
2032-08-12 02:00:00,0.0,19.659516790204695
2032-08-12 03:00:00,0.0,90.62557739874845
2032-08-12 04:00:00,0.0,169.2636445595672
2032-08-12 05:00:00,0.0,229.20119574921569
2032-08-12 06:00:00,0.0,271.8767321962454
2032-08-12 07:00:00,0.0,297.29025390065635
2032-08-12 08:00:00,0.0,294.41325144355324
2032-08-12 09:00:00,0.0,275.7127354723829
2032-08-12 10:00:00,0.0,233.0371990253532
2032-08-12 11:00:00,0.0,172.14064701667036
2032-08-12 12:00:00,0.0,103.57208845571253
2032-08-12 13:00:00,0.0,34.04452907572032
2032-08-12 14:00:00,0.0,0.0
2032-08-12 15:00:00,0.0,0.0
2032-08-12 16:00:00,0.0,0.0
2032-08-12 17:00:00,0.0,0.0
2032-08-12 18:00:00,0.0,0.0
2032-08-12 19:00:00,0.0,0.0
2032-08-12 20:00:00,0.0,0.0
2032-08-12 21:00:00,0.0,0.0
2032-08-12 22:00:00,0.0,0.0
2032-08-12 23:00:00,0.0,0.0
2032-08-13 00:00:00,0.0,0.0
2032-08-13 01:00:00,0.0,0.0
2032-08-13 02:00:00,0.0,13.905511875998442
2032-08-13 03:00:00,0.0,59.458050780131266
2032-08-13 04:00:00,0.0,108.36709255088441
2032-08-13 05:00:00,0.0,172.14064701667036
2032-08-13 06:00:00,0.0,243.10670762521414
2032-08-13 07:00:00,0.0,282.4257412056235
2032-08-13 08:00:00,0.0,283.3847420246579
2032-08-13 09:00:00,0.0,265.16372646300476
2032-08-13 10:00:00,0.0,229.68069615873287
2032-08-13 11:00:00,0.0,169.2636445595672
2032-08-13 12:00:00,0.0,97.81808354150627
2032-08-13 13:00:00,0.0,33.08552825668595
2032-08-13 14:00:00,0.0,0.0
2032-08-13 15:00:00,0.0,0.0
2032-08-13 16:00:00,0.0,0.0
2032-08-13 17:00:00,0.0,0.0
2032-08-13 18:00:00,0.0,0.0
2032-08-13 19:00:00,0.0,0.0
2032-08-13 20:00:00,0.0,0.0
2032-08-13 21:00:00,0.0,0.0
2032-08-13 22:00:00,0.0,0.0
2032-08-13 23:00:00,0.0,0.0
2032-08-14 00:00:00,0.0,0.0
2032-08-14 01:00:00,0.0,0.0
2032-08-14 02:00:00,0.0,22.057018837790633
2032-08-14 03:00:00,0.0,100.69508599860941
2032-08-14 04:00:00,0.0,187.0051597117032
2032-08-14 05:00:00,0.0,257.01221950121254
2032-08-14 06:00:00,0.0,302.0852579958282
2032-08-14 07:00:00,0.0,324.621777243136
2032-08-14 08:00:00,0.0,325.10127765265327
2032-08-14 09:00:00,0.0,304.00325963389696
2032-08-14 10:00:00,0.0,263.245724824936
2032-08-14 11:00:00,0.0,199.95167076866724
2032-08-14 12:00:00,0.0,119.87510237929692
2032-08-14 13:00:00,0.0,40.757534808960955
2032-08-14 14:00:00,0.0,0.0
2032-08-14 15:00:00,0.0,0.0
2032-08-14 16:00:00,0.0,0.0
2032-08-14 17:00:00,0.0,0.0
2032-08-14 18:00:00,0.0,0.0
2032-08-14 19:00:00,0.0,0.0
2032-08-14 20:00:00,0.0,0.0
2032-08-14 21:00:00,0.0,0.0
2032-08-14 22:00:00,0.0,0.0
2032-08-14 23:00:00,0.0,0.0
2032-08-15 00:00:00,0.0,0.0
2032-08-15 01:00:00,0.0,0.0
2032-08-15 02:00:00,0.0,18.700515971170315
2032-08-15 03:00:00,0.0,80.55606879888752
2032-08-15 04:00:00,0.0,171.18164619763598
2032-08-15 05:00:00,0.0,245.98371008231723
2032-08-15 06:00:00,0.0,290.0977477578985
2032-08-15 07:00:00,0.0,315.0317690527923
2032-08-15 08:00:00,0.0,319.82677314796416
2032-08-15 09:00:00,0.0,300.64675676727666
2032-08-15 10:00:00,0.0,261.3277231868673
2032-08-15 11:00:00,0.0,198.03366913059847
2032-08-15 12:00:00,0.0,117.47760033171097
2032-08-15 13:00:00,0.0,37.88053235185782
2032-08-15 14:00:00,0.0,0.0
2032-08-15 15:00:00,0.0,0.0
2032-08-15 16:00:00,0.0,0.0
2032-08-15 17:00:00,0.0,0.0
2032-08-15 18:00:00,0.0,0.0
2032-08-15 19:00:00,0.0,0.0
2032-08-15 20:00:00,0.0,0.0
2032-08-15 21:00:00,0.0,0.0
2032-08-15 22:00:00,0.0,0.0
2032-08-15 23:00:00,0.0,0.0
2032-08-16 00:00:00,0.0,0.0
2032-08-16 01:00:00,0.0,0.0
2032-08-16 02:00:00,0.0,10.06950859986094
2032-08-16 03:00:00,0.0,60.89655200868283
2032-08-16 04:00:00,0.0,149.60412776936252
2032-08-16 05:00:00,0.0,234.95520066342195
2032-08-16 06:00:00,0.0,292.0157493959673
2032-08-16 07:00:00,0.0,324.1422768336189
2032-08-16 08:00:00,0.0,331.8142833858938
2032-08-16 09:00:00,0.0,316.94977069086104
2032-08-16 10:00:00,0.0,277.6307371104516
2032-08-16 11:00:00,0.0,215.77518428273444
2032-08-16 12:00:00,0.0,134.26011466481253
2032-08-16 13:00:00,0.0,47.470540542201576
2032-08-16 14:00:00,0.0,0.0
2032-08-16 15:00:00,0.0,0.0
2032-08-16 16:00:00,0.0,0.0
2032-08-16 17:00:00,0.0,0.0
2032-08-16 18:00:00,0.0,0.0
2032-08-16 19:00:00,0.0,0.0
2032-08-16 20:00:00,0.0,0.0
2032-08-16 21:00:00,0.0,0.0
2032-08-16 22:00:00,0.0,0.0
2032-08-16 23:00:00,0.0,0.0
2032-08-17 00:00:00,0.0,0.0
2032-08-17 01:00:00,0.0,0.0
2032-08-17 02:00:00,0.0,22.536519247307822
2032-08-17 03:00:00,0.0,105.96959050329848
2032-08-17 04:00:00,0.0,195.15666667349535
2032-08-17 05:00:00,0.0,265.64322687252195
2032-08-17 06:00:00,0.0,310.23676495762044
2032-08-17 07:00:00,0.0,331.8142833858938
2032-08-17 08:00:00,0.0,333.73228502396256
2032-08-17 09:00:00,0.0,312.1547665956892
2032-08-17 10:00:00,0.0,269.9587305581766
2032-08-17 11:00:00,0.0,206.6646765019079
2032-08-17 12:00:00,0.0,125.14960688398598
2032-08-17 13:00:00,0.0,42.19603603751251
2032-08-17 14:00:00,0.0,0.0
2032-08-17 15:00:00,0.0,0.0
2032-08-17 16:00:00,0.0,0.0
2032-08-17 17:00:00,0.0,0.0
2032-08-17 18:00:00,0.0,0.0
2032-08-17 19:00:00,0.0,0.0
2032-08-17 20:00:00,0.0,0.0
2032-08-17 21:00:00,0.0,0.0
2032-08-17 22:00:00,0.0,0.0
2032-08-17 23:00:00,0.0,0.0
2032-08-18 00:00:00,0.0,0.0
2032-08-18 01:00:00,0.0,0.0
2032-08-18 02:00:00,0.0,22.057018837790633
2032-08-18 03:00:00,0.0,106.44909091281565
2032-08-18 04:00:00,0.0,198.51316954011565
2032-08-18 05:00:00,0.0,271.39723178672824
2032-08-18 06:00:00,0.0,319.34727273844703
2032-08-18 07:00:00,0.0,343.32229321430634
2032-08-18 08:00:00,0.0,346.19929567140946
2032-08-18 09:00:00,0.0,325.5807780621704
2032-08-18 10:00:00,0.0,284.82324325320945
2032-08-18 11:00:00,0.0,221.04968878742352
2032-08-18 12:00:00,0.0,137.13711712191568
2032-08-18 13:00:00,0.0,47.95004095171876
2032-08-18 14:00:00,0.0,0.0
2032-08-18 15:00:00,0.0,0.0
2032-08-18 16:00:00,0.0,0.0
2032-08-18 17:00:00,0.0,0.0
2032-08-18 18:00:00,0.0,0.0
2032-08-18 19:00:00,0.0,0.0
2032-08-18 20:00:00,0.0,0.0
2032-08-18 21:00:00,0.0,0.0
2032-08-18 22:00:00,0.0,0.0
2032-08-18 23:00:00,0.0,0.0
2032-08-19 00:00:00,0.0,0.0
2032-08-19 01:00:00,0.0,0.0
2032-08-19 02:00:00,0.0,22.536519247307822
2032-08-19 03:00:00,0.0,103.57208845571253
2032-08-19 04:00:00,0.0,199.95167076866724
2032-08-19 05:00:00,0.0,273.315233424797
2032-08-19 06:00:00,0.0,322.70377560506734
2032-08-19 07:00:00,0.0,346.19929567140946
2032-08-19 08:00:00,0.0,349.5557985380298
2032-08-19 09:00:00,0.0,327.019279290722
2032-08-19 10:00:00,0.0,285.7822440722438
2032-08-19 11:00:00,0.0,222.00868960645786
2032-08-19 12:00:00,0.0,138.5756183504672
2032-08-19 13:00:00,0.0,47.95004095171876
2032-08-19 14:00:00,0.0,0.0
2032-08-19 15:00:00,0.0,0.0
2032-08-19 16:00:00,0.0,0.0
2032-08-19 17:00:00,0.0,0.0
2032-08-19 18:00:00,0.0,0.0
2032-08-19 19:00:00,0.0,0.0
2032-08-19 20:00:00,0.0,0.0
2032-08-19 21:00:00,0.0,0.0
2032-08-19 22:00:00,0.0,0.0
2032-08-19 23:00:00,0.0,0.0
2032-08-20 00:00:00,0.0,0.0
2032-08-20 01:00:00,0.0,0.0
2032-08-20 02:00:00,0.0,20.618517609239067
2032-08-20 03:00:00,0.0,99.25658477005783
2032-08-20 04:00:00,0.0,187.96416053073756
2032-08-20 05:00:00,0.0,270.4382309676938
2032-08-20 06:00:00,0.0,321.2652743765157
2032-08-20 07:00:00,0.0,348.1172973094782
2032-08-20 08:00:00,0.0,350.9942997665814
2032-08-20 09:00:00,0.0,331.8142833858938
2032-08-20 10:00:00,0.0,289.6182473483814
2032-08-20 11:00:00,0.0,224.88569206356098
2032-08-20 12:00:00,0.0,139.5346191695016
2032-08-20 13:00:00,0.0,48.42954136123596
2032-08-20 14:00:00,0.0,0.0
2032-08-20 15:00:00,0.0,0.0
2032-08-20 16:00:00,0.0,0.0
2032-08-20 17:00:00,0.0,0.0
2032-08-20 18:00:00,0.0,0.0
2032-08-20 19:00:00,0.0,0.0
2032-08-20 20:00:00,0.0,0.0
2032-08-20 21:00:00,0.0,0.0
2032-08-20 22:00:00,0.0,0.0
2032-08-20 23:00:00,0.0,0.0
2032-08-21 00:00:00,0.0,0.0
2032-08-21 01:00:00,0.0,0.0
2032-08-21 02:00:00,0.0,22.057018837790633
2032-08-21 03:00:00,0.0,108.36709255088441
2032-08-21 04:00:00,0.0,199.95167076866724
2032-08-21 05:00:00,0.0,271.8767321962454
2032-08-21 06:00:00,0.0,319.34727273844703
2032-08-21 07:00:00,0.0,342.84279280478916
2032-08-21 08:00:00,0.0,344.2812940333407
2032-08-21 09:00:00,0.0,324.621777243136
2032-08-21 10:00:00,0.0,282.9052416151407
2032-08-21 11:00:00,0.0,218.17268633032037
2032-08-21 12:00:00,0.0,133.78061425529535
2032-08-21 13:00:00,0.0,45.073038494615645
2032-08-21 14:00:00,0.0,0.0
2032-08-21 15:00:00,0.0,0.0
2032-08-21 16:00:00,0.0,0.0
2032-08-21 17:00:00,0.0,0.0
2032-08-21 18:00:00,0.0,0.0
2032-08-21 19:00:00,0.0,0.0
2032-08-21 20:00:00,0.0,0.0
2032-08-21 21:00:00,0.0,0.0
2032-08-21 22:00:00,0.0,0.0
2032-08-21 23:00:00,0.0,0.0
2032-08-22 00:00:00,0.0,0.0
2032-08-22 01:00:00,0.0,0.0
2032-08-22 02:00:00,0.0,22.057018837790633
2032-08-22 03:00:00,0.0,108.36709255088441
2032-08-22 04:00:00,0.0,198.99266994963287
2032-08-22 05:00:00,0.0,269.9587305581766
2032-08-22 06:00:00,0.0,316.94977069086104
2032-08-22 07:00:00,0.0,339.9657903476861
2032-08-22 08:00:00,0.0,340.92479116672035
2032-08-22 09:00:00,0.0,322.70377560506734
2032-08-22 10:00:00,0.0,280.98723997707197
2032-08-22 11:00:00,0.0,217.213685511286
2032-08-22 12:00:00,0.0,133.78061425529535
2032-08-22 13:00:00,0.0,45.073038494615645
2032-08-22 14:00:00,0.0,0.0
2032-08-22 15:00:00,0.0,0.0
2032-08-22 16:00:00,0.0,0.0
2032-08-22 17:00:00,0.0,0.0
2032-08-22 18:00:00,0.0,0.0
2032-08-22 19:00:00,0.0,0.0
2032-08-22 20:00:00,0.0,0.0
2032-08-22 21:00:00,0.0,0.0
2032-08-22 22:00:00,0.0,0.0
2032-08-22 23:00:00,0.0,0.0
2032-08-23 00:00:00,0.0,0.0
2032-08-23 01:00:00,0.0,0.0
2032-08-23 02:00:00,0.0,23.01601965682501
2032-08-23 03:00:00,0.0,113.64159705557347
2032-08-23 04:00:00,0.0,206.6646765019079
2032-08-23 05:00:00,0.0,278.58973792948603
2032-08-23 06:00:00,0.0,324.621777243136
2032-08-23 07:00:00,0.0,347.6377968999611
2032-08-23 08:00:00,0.0,348.59679771899545
2032-08-23 09:00:00,0.0,329.41678133830794
2032-08-23 10:00:00,0.0,288.17974611982976
2032-08-23 11:00:00,0.0,224.4061916540438
2032-08-23 12:00:00,0.0,139.5346191695016
2032-08-23 13:00:00,0.0,47.95004095171876
2032-08-23 14:00:00,0.0,0.0
2032-08-23 15:00:00,0.0,0.0
2032-08-23 16:00:00,0.0,0.0
2032-08-23 17:00:00,0.0,0.0
2032-08-23 18:00:00,0.0,0.0
2032-08-23 19:00:00,0.0,0.0
2032-08-23 20:00:00,0.0,0.0
2032-08-23 21:00:00,0.0,0.0
2032-08-23 22:00:00,0.0,0.0
2032-08-23 23:00:00,0.0,0.0
2032-08-24 00:00:00,0.0,0.0
2032-08-24 01:00:00,0.0,0.0
2032-08-24 02:00:00,0.0,23.495520066342195
2032-08-24 03:00:00,0.0,114.60059787460784
2032-08-24 04:00:00,0.0,206.6646765019079
2032-08-24 05:00:00,0.0,277.6307371104516
2032-08-24 06:00:00,0.0,322.70377560506734
2032-08-24 07:00:00,0.0,344.76079444285796
2032-08-24 08:00:00,0.0,345.24029485237514
2032-08-24 09:00:00,0.0,325.5807780621704
2032-08-24 10:00:00,0.0,283.86424243417514
2032-08-24 11:00:00,0.0,220.09068796838912
2032-08-24 12:00:00,0.0,136.17811630288128
2032-08-24 13:00:00,0.0,45.552538904132824
2032-08-24 14:00:00,0.0,0.0
2032-08-24 15:00:00,0.0,0.0
2032-08-24 16:00:00,0.0,0.0
2032-08-24 17:00:00,0.0,0.0
2032-08-24 18:00:00,0.0,0.0
2032-08-24 19:00:00,0.0,0.0
2032-08-24 20:00:00,0.0,0.0
2032-08-24 21:00:00,0.0,0.0
2032-08-24 22:00:00,0.0,0.0
2032-08-24 23:00:00,0.0,0.0
2032-08-25 00:00:00,0.0,0.0
2032-08-25 01:00:00,0.0,0.0
2032-08-25 02:00:00,0.0,21.098018018756253
2032-08-25 03:00:00,0.0,107.40809173185005
2032-08-25 04:00:00,0.0,198.03366913059847
2032-08-25 05:00:00,0.0,268.9997297391423
2032-08-25 06:00:00,0.0,314.0727682337579
2032-08-25 07:00:00,0.0,336.6092874810657
2032-08-25 08:00:00,0.0,337.5682883001001
2032-08-25 09:00:00,0.0,320.7857739669986
2032-08-25 10:00:00,0.0,279.5487387485204
2032-08-25 11:00:00,0.0,215.77518428273444
2032-08-25 12:00:00,0.0,131.38311220770942
2032-08-25 13:00:00,0.0,43.15503685654689
2032-08-25 14:00:00,0.0,0.0
2032-08-25 15:00:00,0.0,0.0
2032-08-25 16:00:00,0.0,0.0
2032-08-25 17:00:00,0.0,0.0
2032-08-25 18:00:00,0.0,0.0
2032-08-25 19:00:00,0.0,0.0
2032-08-25 20:00:00,0.0,0.0
2032-08-25 21:00:00,0.0,0.0
2032-08-25 22:00:00,0.0,0.0
2032-08-25 23:00:00,0.0,0.0
2032-08-26 00:00:00,0.0,0.0
2032-08-26 01:00:00,0.0,0.0
2032-08-26 02:00:00,0.0,10.549009009378127
2032-08-26 03:00:00,0.0,57.540049142062514
2032-08-26 04:00:00,0.0,114.60059787460784
2032-08-26 05:00:00,0.0,165.9071416929469
2032-08-26 06:00:00,0.0,211.45968059707974
2032-08-26 07:00:00,0.0,237.35270271100788
2032-08-26 08:00:00,0.0,249.3402129489376
2032-08-26 09:00:00,0.0,267.0817281010735
2032-08-26 10:00:00,0.0,258.93022113928134
2032-08-26 11:00:00,0.0,206.6646765019079
2032-08-26 12:00:00,0.0,127.54710893157191
2032-08-26 13:00:00,0.0,42.19603603751251
2032-08-26 14:00:00,0.0,0.0
2032-08-26 15:00:00,0.0,0.0
2032-08-26 16:00:00,0.0,0.0
2032-08-26 17:00:00,0.0,0.0
2032-08-26 18:00:00,0.0,0.0
2032-08-26 19:00:00,0.0,0.0
2032-08-26 20:00:00,0.0,0.0
2032-08-26 21:00:00,0.0,0.0
2032-08-26 22:00:00,0.0,0.0
2032-08-26 23:00:00,0.0,0.0
2032-08-27 00:00:00,0.0,0.0
2032-08-27 01:00:00,0.0,0.0
2032-08-27 02:00:00,0.0,19.180016380687505
2032-08-27 03:00:00,0.0,106.44909091281565
2032-08-27 04:00:00,0.0,204.7466748638391
2032-08-27 05:00:00,0.0,277.6307371104516
2032-08-27 06:00:00,0.0,323.6627764241017
2032-08-27 07:00:00,0.0,341.8837919857548
2032-08-27 08:00:00,0.0,323.18327601458446
2032-08-27 09:00:00,0.0,274.7537346533485
2032-08-27 10:00:00,0.0,217.213685511286
2032-08-27 11:00:00,0.0,157.27613432163756
2032-08-27 12:00:00,0.0,99.73608517957503
2032-08-27 13:00:00,0.0,36.92153153282345
2032-08-27 14:00:00,0.0,0.0
2032-08-27 15:00:00,0.0,0.0
2032-08-27 16:00:00,0.0,0.0
2032-08-27 17:00:00,0.0,0.0
2032-08-27 18:00:00,0.0,0.0
2032-08-27 19:00:00,0.0,0.0
2032-08-27 20:00:00,0.0,0.0
2032-08-27 21:00:00,0.0,0.0
2032-08-27 22:00:00,0.0,0.0
2032-08-27 23:00:00,0.0,0.0
2032-08-28 00:00:00,0.0,0.0
2032-08-28 01:00:00,0.0,0.0
2032-08-28 02:00:00,0.0,19.659516790204695
2032-08-28 03:00:00,0.0,105.01058968426409
2032-08-28 04:00:00,0.0,194.19766585446098
2032-08-28 05:00:00,0.0,263.245724824936
2032-08-28 06:00:00,0.0,303.5237592243798
2032-08-28 07:00:00,0.0,316.94977069086104
2032-08-28 08:00:00,0.0,319.82677314796416
2032-08-28 09:00:00,0.0,306.4007616814829
2032-08-28 10:00:00,0.0,272.35623260576256
2032-08-28 11:00:00,0.0,211.93918100659695
2032-08-28 12:00:00,0.0,128.98561016012349
2032-08-28 13:00:00,0.0,41.71653562799532
2032-08-28 14:00:00,0.0,0.0
2032-08-28 15:00:00,0.0,0.0
2032-08-28 16:00:00,0.0,0.0
2032-08-28 17:00:00,0.0,0.0
2032-08-28 18:00:00,0.0,0.0
2032-08-28 19:00:00,0.0,0.0
2032-08-28 20:00:00,0.0,0.0
2032-08-28 21:00:00,0.0,0.0
2032-08-28 22:00:00,0.0,0.0
2032-08-28 23:00:00,0.0,0.0
2032-08-29 00:00:00,0.0,0.0
2032-08-29 01:00:00,0.0,0.0
2032-08-29 02:00:00,0.0,13.905511875998442
2032-08-29 03:00:00,0.0,84.39207207502501
2032-08-29 04:00:00,0.0,184.12815725460007
2032-08-29 05:00:00,0.0,267.5612285105907
2032-08-29 06:00:00,0.0,319.82677314796416
2032-08-29 07:00:00,0.0,345.7197952618923
2032-08-29 08:00:00,0.0,346.19929567140946
2032-08-29 09:00:00,0.0,321.2652743765157
2032-08-29 10:00:00,0.0,270.91773137721106
2032-08-29 11:00:00,0.0,205.7056756828735
2032-08-29 12:00:00,0.0,125.14960688398598
2032-08-29 13:00:00,0.0,40.27803439944376
2032-08-29 14:00:00,0.0,0.0
2032-08-29 15:00:00,0.0,0.0
2032-08-29 16:00:00,0.0,0.0
2032-08-29 17:00:00,0.0,0.0
2032-08-29 18:00:00,0.0,0.0
2032-08-29 19:00:00,0.0,0.0
2032-08-29 20:00:00,0.0,0.0
2032-08-29 21:00:00,0.0,0.0
2032-08-29 22:00:00,0.0,0.0
2032-08-29 23:00:00,0.0,0.0
2032-08-30 00:00:00,0.0,0.0
2032-08-30 01:00:00,0.0,0.0
2032-08-30 02:00:00,0.0,16.30301392358438
2032-08-30 03:00:00,0.0,93.98208026536878
2032-08-30 04:00:00,0.0,188.92316134977193
2032-08-30 05:00:00,0.0,268.9997297391423
2032-08-30 06:00:00,0.0,319.34727273844703
2032-08-30 07:00:00,0.0,342.363292395272
2032-08-30 08:00:00,0.0,344.2812940333407
2032-08-30 09:00:00,0.0,325.10127765265327
2032-08-30 10:00:00,0.0,283.3847420246579
2032-08-30 11:00:00,0.0,218.6521867398376
2032-08-30 12:00:00,0.0,133.78061425529535
2032-08-30 13:00:00,0.0,43.15503685654689
2032-08-30 14:00:00,0.0,0.0
2032-08-30 15:00:00,0.0,0.0
2032-08-30 16:00:00,0.0,0.0
2032-08-30 17:00:00,0.0,0.0
2032-08-30 18:00:00,0.0,0.0
2032-08-30 19:00:00,0.0,0.0
2032-08-30 20:00:00,0.0,0.0
2032-08-30 21:00:00,0.0,0.0
2032-08-30 22:00:00,0.0,0.0
2032-08-30 23:00:00,0.0,0.0
2032-08-31 00:00:00,0.0,0.0
2032-08-31 01:00:00,0.0,0.0
2032-08-31 02:00:00,0.0,19.180016380687505
2032-08-31 03:00:00,0.0,105.96959050329848
2032-08-31 04:00:00,0.0,198.51316954011565
2032-08-31 05:00:00,0.0,269.9587305581766
2032-08-31 06:00:00,0.0,318.8677723289298
2032-08-31 07:00:00,0.0,340.4452907572032
2032-08-31 08:00:00,0.0,334.21178543347975
2032-08-31 09:00:00,0.0,304.48276004341415
2032-08-31 10:00:00,0.0,257.01221950121254
2032-08-31 11:00:00,0.0,211.45968059707974
2032-08-31 12:00:00,0.0,131.8626126172266
2032-08-31 13:00:00,0.0,41.71653562799532
2032-08-31 14:00:00,0.0,0.0
2032-08-31 15:00:00,0.0,0.0
2032-08-31 16:00:00,0.0,0.0
2032-08-31 17:00:00,0.0,0.0
2032-08-31 18:00:00,0.0,0.0
2032-08-31 19:00:00,0.0,0.0
2032-08-31 20:00:00,0.0,0.0
2032-08-31 21:00:00,0.0,0.0
2032-08-31 22:00:00,0.0,0.0
2032-08-31 23:00:00,0.0,0.0
2032-09-01 00:00:00,0.0,0.0
2032-09-01 01:00:00,0.0,0.0
2032-09-01 02:00:00,0.0,11.028509418895316
2032-09-01 03:00:00,0.0,63.29405405626876
2032-09-01 04:00:00,0.0,125.14960688398598
2032-09-01 05:00:00,0.0,192.27966421639226
2032-09-01 06:00:00,0.0,243.10670762521414
2032-09-01 07:00:00,0.0,266.1227272820392
2032-09-01 08:00:00,0.0,257.4917199107298
2032-09-01 09:00:00,0.0,236.8732023014907
2032-09-01 10:00:00,0.0,226.3241932921126
2032-09-01 11:00:00,0.0,197.0746683115641
2032-09-01 12:00:00,0.0,123.71110565543442
2032-09-01 13:00:00,0.0,39.79853398992658
2032-09-01 14:00:00,0.0,0.0
2032-09-01 15:00:00,0.0,0.0
2032-09-01 16:00:00,0.0,0.0
2032-09-01 17:00:00,0.0,0.0
2032-09-01 18:00:00,0.0,0.0
2032-09-01 19:00:00,0.0,0.0
2032-09-01 20:00:00,0.0,0.0
2032-09-01 21:00:00,0.0,0.0
2032-09-01 22:00:00,0.0,0.0
2032-09-01 23:00:00,0.0,0.0
2032-09-02 00:00:00,0.0,0.0
2032-09-02 01:00:00,0.0,0.0
2032-09-02 02:00:00,0.0,12.946511056964066
2032-09-02 03:00:00,0.0,80.55606879888752
2032-09-02 04:00:00,0.0,176.93565111184222
2032-09-02 05:00:00,0.0,259.8892219583157
2032-09-02 06:00:00,0.0,315.9907698718267
2032-09-02 07:00:00,0.0,339.48628993816885
2032-09-02 08:00:00,0.0,342.363292395272
2032-09-02 09:00:00,0.0,318.8677723289298
2032-09-02 10:00:00,0.0,272.83573301527974
2032-09-02 11:00:00,0.0,200.43117117818443
2032-09-02 12:00:00,0.0,114.12109746509066
2032-09-02 13:00:00,0.0,33.08552825668595
2032-09-02 14:00:00,0.0,0.0
2032-09-02 15:00:00,0.0,0.0
2032-09-02 16:00:00,0.0,0.0
2032-09-02 17:00:00,0.0,0.0
2032-09-02 18:00:00,0.0,0.0
2032-09-02 19:00:00,0.0,0.0
2032-09-02 20:00:00,0.0,0.0
2032-09-02 21:00:00,0.0,0.0
2032-09-02 22:00:00,0.0,0.0
2032-09-02 23:00:00,0.0,0.0
2032-09-03 00:00:00,0.0,0.0
2032-09-03 01:00:00,0.0,0.0
2032-09-03 02:00:00,0.0,14.385012285515629
2032-09-03 03:00:00,0.0,92.54357903681722
2032-09-03 04:00:00,0.0,198.99266994963287
2032-09-03 05:00:00,0.0,276.6717362914173
2032-09-03 06:00:00,0.0,325.10127765265327
2032-09-03 07:00:00,0.0,348.59679771899545
2032-09-03 08:00:00,0.0,349.5557985380298
2032-09-03 09:00:00,0.0,326.5397788812048
2032-09-03 10:00:00,0.0,284.34374284369227
2032-09-03 11:00:00,0.0,218.6521867398376
2032-09-03 12:00:00,0.0,132.3421130267438
2032-09-03 13:00:00,0.0,40.757534808960955
2032-09-03 14:00:00,0.0,0.0
2032-09-03 15:00:00,0.0,0.0
2032-09-03 16:00:00,0.0,0.0
2032-09-03 17:00:00,0.0,0.0
2032-09-03 18:00:00,0.0,0.0
2032-09-03 19:00:00,0.0,0.0
2032-09-03 20:00:00,0.0,0.0
2032-09-03 21:00:00,0.0,0.0
2032-09-03 22:00:00,0.0,0.0
2032-09-03 23:00:00,0.0,0.0
2032-09-04 00:00:00,0.0,0.0
2032-09-04 01:00:00,0.0,0.0
2032-09-04 02:00:00,0.0,8.631007371309378
2032-09-04 03:00:00,0.0,66.6505569228891
2032-09-04 04:00:00,0.0,156.31713350260316
2032-09-04 05:00:00,0.0,256.53271909169536
2032-09-04 06:00:00,0.0,310.7162653671376
2032-09-04 07:00:00,0.0,336.1297870715485
2032-09-04 08:00:00,0.0,336.1297870715485
2032-09-04 09:00:00,0.0,315.5112694623095
2032-09-04 10:00:00,0.0,273.315233424797
2032-09-04 11:00:00,0.0,209.0621785494938
2032-09-04 12:00:00,0.0,123.71110565543442
2032-09-04 13:00:00,0.0,36.44203112330626
2032-09-04 14:00:00,0.0,0.0
2032-09-04 15:00:00,0.0,0.0
2032-09-04 16:00:00,0.0,0.0
2032-09-04 17:00:00,0.0,0.0
2032-09-04 18:00:00,0.0,0.0
2032-09-04 19:00:00,0.0,0.0
2032-09-04 20:00:00,0.0,0.0
2032-09-04 21:00:00,0.0,0.0
2032-09-04 22:00:00,0.0,0.0
2032-09-04 23:00:00,0.0,0.0
2032-09-05 00:00:00,0.0,0.0
2032-09-05 01:00:00,0.0,0.0
2032-09-05 02:00:00,0.0,13.905511875998442
2032-09-05 03:00:00,0.0,84.87157248454221
2032-09-05 04:00:00,0.0,165.9071416929469
2032-09-05 05:00:00,0.0,239.27070434907662
2032-09-05 06:00:00,0.0,296.81075349113917
2032-09-05 07:00:00,0.0,328.4577805192735
2032-09-05 08:00:00,0.0,330.3757821573423
2032-09-05 09:00:00,0.0,313.59326782424074
2032-09-05 10:00:00,0.0,272.83573301527974
2032-09-05 11:00:00,0.0,208.10317773045944
2032-09-05 12:00:00,0.0,124.1906060649516
2032-09-05 13:00:00,0.0,36.44203112330626
2032-09-05 14:00:00,0.0,0.0
2032-09-05 15:00:00,0.0,0.0
2032-09-05 16:00:00,0.0,0.0
2032-09-05 17:00:00,0.0,0.0
2032-09-05 18:00:00,0.0,0.0
2032-09-05 19:00:00,0.0,0.0
2032-09-05 20:00:00,0.0,0.0
2032-09-05 21:00:00,0.0,0.0
2032-09-05 22:00:00,0.0,0.0
2032-09-05 23:00:00,0.0,0.0
2032-09-06 00:00:00,0.0,0.0
2032-09-06 01:00:00,0.0,0.0
2032-09-06 02:00:00,0.0,5.274504504689064
2032-09-06 03:00:00,0.0,48.909041770753134
2032-09-06 04:00:00,0.0,128.98561016012349
2032-09-06 05:00:00,0.0,235.43470107293913
2032-09-06 06:00:00,0.0,300.16725635775947
2032-09-06 07:00:00,0.0,319.82677314796416
2032-09-06 08:00:00,0.0,323.18327601458446
2032-09-06 09:00:00,0.0,310.23676495762044
2032-09-06 10:00:00,0.0,270.4382309676938
2032-09-06 11:00:00,0.0,206.6646765019079
2032-09-06 12:00:00,0.0,121.31360360784848
2032-09-06 13:00:00,0.0,32.60602784716876
2032-09-06 14:00:00,0.0,0.0
2032-09-06 15:00:00,0.0,0.0
2032-09-06 16:00:00,0.0,0.0
2032-09-06 17:00:00,0.0,0.0
2032-09-06 18:00:00,0.0,0.0
2032-09-06 19:00:00,0.0,0.0
2032-09-06 20:00:00,0.0,0.0
2032-09-06 21:00:00,0.0,0.0
2032-09-06 22:00:00,0.0,0.0
2032-09-06 23:00:00,0.0,0.0
2032-09-07 00:00:00,0.0,0.0
2032-09-07 01:00:00,0.0,0.0
2032-09-07 02:00:00,0.0,8.15150696179219
2032-09-07 03:00:00,0.0,54.6630466849594
2032-09-07 04:00:00,0.0,117.95710074122817
2032-09-07 05:00:00,0.0,191.3206633973579
2032-09-07 06:00:00,0.0,259.8892219583157
2032-09-07 07:00:00,0.0,311.67526618617194
2032-09-07 08:00:00,0.0,328.4577805192735
2032-09-07 09:00:00,0.0,304.9622604529314
2032-09-07 10:00:00,0.0,259.40972154879853
2032-09-07 11:00:00,0.0,189.8821621688063
2032-09-07 12:00:00,0.0,106.44909091281565
2032-09-07 13:00:00,0.0,26.37252252344532
2032-09-07 14:00:00,0.0,0.0
2032-09-07 15:00:00,0.0,0.0
2032-09-07 16:00:00,0.0,0.0
2032-09-07 17:00:00,0.0,0.0
2032-09-07 18:00:00,0.0,0.0
2032-09-07 19:00:00,0.0,0.0
2032-09-07 20:00:00,0.0,0.0
2032-09-07 21:00:00,0.0,0.0
2032-09-07 22:00:00,0.0,0.0
2032-09-07 23:00:00,0.0,0.0
2032-09-08 00:00:00,0.0,0.0
2032-09-08 01:00:00,0.0,0.0
2032-09-08 02:00:00,0.0,10.06950859986094
2032-09-08 03:00:00,0.0,74.32256347516409
2032-09-08 04:00:00,0.0,153.91963145501725
2032-09-08 05:00:00,0.0,225.3651924730782
2032-09-08 06:00:00,0.0,295.8517526721048
2032-09-08 07:00:00,0.0,324.621777243136
2032-09-08 08:00:00,0.0,327.9782801097564
2032-09-08 09:00:00,0.0,311.67526618617194
2032-09-08 10:00:00,0.0,271.39723178672824
2032-09-08 11:00:00,0.0,204.26717445432195
2032-09-08 12:00:00,0.0,118.91610156026253
2032-09-08 13:00:00,0.0,34.52402948523751
2032-09-08 14:00:00,0.0,0.0
2032-09-08 15:00:00,0.0,0.0
2032-09-08 16:00:00,0.0,0.0
2032-09-08 17:00:00,0.0,0.0
2032-09-08 18:00:00,0.0,0.0
2032-09-08 19:00:00,0.0,0.0
2032-09-08 20:00:00,0.0,0.0
2032-09-08 21:00:00,0.0,0.0
2032-09-08 22:00:00,0.0,0.0
2032-09-08 23:00:00,0.0,0.0
2032-09-09 00:00:00,0.0,0.0
2032-09-09 01:00:00,0.0,0.0
2032-09-09 02:00:00,0.0,11.508009828412504
2032-09-09 03:00:00,0.0,73.36356265612972
2032-09-09 04:00:00,0.0,147.20662572177662
2032-09-09 05:00:00,0.0,192.27966421639226
2032-09-09 06:00:00,0.0,232.557698615836
2032-09-09 07:00:00,0.0,253.65571663459224
2032-09-09 08:00:00,0.0,242.62720721569696
2032-09-09 09:00:00,0.0,228.7216953396985
2032-09-09 10:00:00,0.0,198.99266994963287
2032-09-09 11:00:00,0.0,144.8091236741907
2032-09-09 12:00:00,0.0,83.91257166550784
2032-09-09 13:00:00,0.0,21.098018018756253
2032-09-09 14:00:00,0.0,0.0
2032-09-09 15:00:00,0.0,0.0
2032-09-09 16:00:00,0.0,0.0
2032-09-09 17:00:00,0.0,0.0
2032-09-09 18:00:00,0.0,0.0
2032-09-09 19:00:00,0.0,0.0
2032-09-09 20:00:00,0.0,0.0
2032-09-09 21:00:00,0.0,0.0
2032-09-09 22:00:00,0.0,0.0
2032-09-09 23:00:00,0.0,0.0
2032-09-10 00:00:00,0.0,0.0
2032-09-10 01:00:00,0.0,0.0
2032-09-10 02:00:00,0.0,15.344013104550005
2032-09-10 03:00:00,0.0,99.73608517957503
2032-09-10 04:00:00,0.0,192.75916462590945
2032-09-10 05:00:00,0.0,269.47923014865944
2032-09-10 06:00:00,0.0,321.74477478603296
2032-09-10 07:00:00,0.0,347.6377968999611
2032-09-10 08:00:00,0.0,346.19929567140946
2032-09-10 09:00:00,0.0,311.1957657766548
2032-09-10 10:00:00,0.0,244.5452088537657
2032-09-10 11:00:00,0.0,146.72712531225943
2032-09-10 12:00:00,0.0,63.773554465785956
2032-09-10 13:00:00,0.0,11.508009828412504
2032-09-10 14:00:00,0.0,0.0
2032-09-10 15:00:00,0.0,0.0
2032-09-10 16:00:00,0.0,0.0
2032-09-10 17:00:00,0.0,0.0
2032-09-10 18:00:00,0.0,0.0
2032-09-10 19:00:00,0.0,0.0
2032-09-10 20:00:00,0.0,0.0
2032-09-10 21:00:00,0.0,0.0
2032-09-10 22:00:00,0.0,0.0
2032-09-10 23:00:00,0.0,0.0
2032-09-11 00:00:00,0.0,0.0
2032-09-11 01:00:00,0.0,0.0
2032-09-11 02:00:00,0.0,17.262014742618756
2032-09-11 03:00:00,0.0,110.76459459847035
2032-09-11 04:00:00,0.0,206.1851760923907
2032-09-11 05:00:00,0.0,279.5487387485204
2032-09-11 06:00:00,0.0,327.4987797002392
2032-09-11 07:00:00,0.0,349.0762981285126
2032-09-11 08:00:00,0.0,344.76079444285796
2032-09-11 09:00:00,0.0,321.2652743765157
2032-09-11 10:00:00,0.0,273.315233424797
2032-09-11 11:00:00,0.0,210.02117936852818
2032-09-11 12:00:00,0.0,120.3546027888141
2032-09-11 13:00:00,0.0,29.729025390065633
2032-09-11 14:00:00,0.0,0.0
2032-09-11 15:00:00,0.0,0.0
2032-09-11 16:00:00,0.0,0.0
2032-09-11 17:00:00,0.0,0.0
2032-09-11 18:00:00,0.0,0.0
2032-09-11 19:00:00,0.0,0.0
2032-09-11 20:00:00,0.0,0.0
2032-09-11 21:00:00,0.0,0.0
2032-09-11 22:00:00,0.0,0.0
2032-09-11 23:00:00,0.0,0.0
2032-09-12 00:00:00,0.0,0.0
2032-09-12 01:00:00,0.0,0.0
2032-09-12 02:00:00,0.0,11.98751023792969
2032-09-12 03:00:00,0.0,95.42058149392035
2032-09-12 04:00:00,0.0,196.59516790204694
2032-09-12 05:00:00,0.0,272.83573301527974
2032-09-12 06:00:00,0.0,320.7857739669986
2032-09-12 07:00:00,0.0,341.8837919857548
2032-09-12 08:00:00,0.0,335.65028666203136
2032-09-12 09:00:00,0.0,294.41325144355324
2032-09-12 10:00:00,0.0,227.76269452066416
2032-09-12 11:00:00,0.0,156.31713350260316
2032-09-12 12:00:00,0.0,91.58457821778285
2032-09-12 13:00:00,0.0,29.729025390065633
2032-09-12 14:00:00,0.0,0.0
2032-09-12 15:00:00,0.0,0.0
2032-09-12 16:00:00,0.0,0.0
2032-09-12 17:00:00,0.0,0.0
2032-09-12 18:00:00,0.0,0.0
2032-09-12 19:00:00,0.0,0.0
2032-09-12 20:00:00,0.0,0.0
2032-09-12 21:00:00,0.0,0.0
2032-09-12 22:00:00,0.0,0.0
2032-09-12 23:00:00,0.0,0.0
2032-09-13 00:00:00,0.0,0.0
2032-09-13 01:00:00,0.0,0.0
2032-09-13 02:00:00,0.0,13.426011466481254
2032-09-13 03:00:00,0.0,94.94108108440315
2032-09-13 04:00:00,0.0,192.75916462590945
2032-09-13 05:00:00,0.0,268.9997297391423
2032-09-13 06:00:00,0.0,319.82677314796416
2032-09-13 07:00:00,0.0,347.6377968999611
2032-09-13 08:00:00,0.0,352.43280099513294
2032-09-13 09:00:00,0.0,334.691285842997
2032-09-13 10:00:00,0.0,292.4952498054845
2032-09-13 11:00:00,0.0,225.84469288259538
2032-09-13 12:00:00,0.0,134.73961507432972
2032-09-13 13:00:00,0.0,36.44203112330626
2032-09-13 14:00:00,0.0,0.0
2032-09-13 15:00:00,0.0,0.0
2032-09-13 16:00:00,0.0,0.0
2032-09-13 17:00:00,0.0,0.0
2032-09-13 18:00:00,0.0,0.0
2032-09-13 19:00:00,0.0,0.0
2032-09-13 20:00:00,0.0,0.0
2032-09-13 21:00:00,0.0,0.0
2032-09-13 22:00:00,0.0,0.0
2032-09-13 23:00:00,0.0,0.0
2032-09-14 00:00:00,0.0,0.0
2032-09-14 01:00:00,0.0,0.0
2032-09-14 02:00:00,0.0,8.15150696179219
2032-09-14 03:00:00,0.0,77.19956593226722
2032-09-14 04:00:00,0.0,158.23513514067193
2032-09-14 05:00:00,0.0,193.23866503542664
2032-09-14 06:00:00,0.0,226.80369370162975
2032-09-14 07:00:00,0.0,251.73771499652352
2032-09-14 08:00:00,0.0,250.29921376797196
2032-09-14 09:00:00,0.0,199.47217035915006
2032-09-14 10:00:00,0.0,134.26011466481253
2032-09-14 11:00:00,0.0,81.9945700274391
2032-09-14 12:00:00,0.0,43.15503685654689
2032-09-14 13:00:00,0.0,11.028509418895316
2032-09-14 14:00:00,0.0,0.0
2032-09-14 15:00:00,0.0,0.0
2032-09-14 16:00:00,0.0,0.0
2032-09-14 17:00:00,0.0,0.0
2032-09-14 18:00:00,0.0,0.0
2032-09-14 19:00:00,0.0,0.0
2032-09-14 20:00:00,0.0,0.0
2032-09-14 21:00:00,0.0,0.0
2032-09-14 22:00:00,0.0,0.0
2032-09-14 23:00:00,0.0,0.0
2032-09-15 00:00:00,0.0,0.0
2032-09-15 01:00:00,0.0,0.0
2032-09-15 02:00:00,0.0,11.98751023792969
2032-09-15 03:00:00,0.0,96.85908272247192
2032-09-15 04:00:00,0.0,195.15666667349535
2032-09-15 05:00:00,0.0,269.47923014865944
2032-09-15 06:00:00,0.0,321.2652743765157
2032-09-15 07:00:00,0.0,349.5557985380298
2032-09-15 08:00:00,0.0,353.87130222368444
2032-09-15 09:00:00,0.0,334.691285842997
2032-09-15 10:00:00,0.0,292.4952498054845
2032-09-15 11:00:00,0.0,224.88569206356098
2032-09-15 12:00:00,0.0,134.73961507432972
2032-09-15 13:00:00,0.0,37.88053235185782
2032-09-15 14:00:00,0.0,0.0
2032-09-15 15:00:00,0.0,0.0
2032-09-15 16:00:00,0.0,0.0
2032-09-15 17:00:00,0.0,0.0
2032-09-15 18:00:00,0.0,0.0
2032-09-15 19:00:00,0.0,0.0
2032-09-15 20:00:00,0.0,0.0
2032-09-15 21:00:00,0.0,0.0
2032-09-15 22:00:00,0.0,0.0
2032-09-15 23:00:00,0.0,0.0
2032-09-16 00:00:00,0.0,0.0
2032-09-16 01:00:00,0.0,0.0
2032-09-16 02:00:00,0.0,13.905511875998442
2032-09-16 03:00:00,0.0,103.57208845571253
2032-09-16 04:00:00,0.0,202.34917281625314
2032-09-16 05:00:00,0.0,278.1102375199688
2032-09-16 06:00:00,0.0,329.89628174782507
2032-09-16 07:00:00,0.0,355.78930386175324
2032-09-16 08:00:00,0.0,358.1868059093392
2032-09-16 09:00:00,0.0,337.5682883001001
2032-09-16 10:00:00,0.0,293.933751034036
2032-09-16 11:00:00,0.0,226.3241932921126
2032-09-16 12:00:00,0.0,135.69861589336412
2032-09-16 13:00:00,0.0,37.88053235185782
2032-09-16 14:00:00,0.0,0.0
2032-09-16 15:00:00,0.0,0.0
2032-09-16 16:00:00,0.0,0.0
2032-09-16 17:00:00,0.0,0.0
2032-09-16 18:00:00,0.0,0.0
2032-09-16 19:00:00,0.0,0.0
2032-09-16 20:00:00,0.0,0.0
2032-09-16 21:00:00,0.0,0.0
2032-09-16 22:00:00,0.0,0.0
2032-09-16 23:00:00,0.0,0.0
2032-09-17 00:00:00,0.0,0.0
2032-09-17 01:00:00,0.0,0.0
2032-09-17 02:00:00,0.0,12.946511056964066
2032-09-17 03:00:00,0.0,100.69508599860941
2032-09-17 04:00:00,0.0,198.99266994963287
2032-09-17 05:00:00,0.0,270.4382309676938
2032-09-17 06:00:00,0.0,324.1422768336189
2032-09-17 07:00:00,0.0,350.51479935706413
2032-09-17 08:00:00,0.0,353.87130222368444
2032-09-17 09:00:00,0.0,333.2527846144454
2032-09-17 10:00:00,0.0,290.0977477578985
2032-09-17 11:00:00,0.0,222.96769042549226
2032-09-17 12:00:00,0.0,130.42411138867504
2032-09-17 13:00:00,0.0,35.48303030427189
2032-09-17 14:00:00,0.0,0.0
2032-09-17 15:00:00,0.0,0.0
2032-09-17 16:00:00,0.0,0.0
2032-09-17 17:00:00,0.0,0.0
2032-09-17 18:00:00,0.0,0.0
2032-09-17 19:00:00,0.0,0.0
2032-09-17 20:00:00,0.0,0.0
2032-09-17 21:00:00,0.0,0.0
2032-09-17 22:00:00,0.0,0.0
2032-09-17 23:00:00,0.0,0.0
2032-09-18 00:00:00,0.0,0.0
2032-09-18 01:00:00,0.0,0.0
2032-09-18 02:00:00,0.0,15.344013104550005
2032-09-18 03:00:00,0.0,107.40809173185005
2032-09-18 04:00:00,0.0,209.54167895901102
2032-09-18 05:00:00,0.0,283.86424243417514
2032-09-18 06:00:00,0.0,328.9372809287908
2032-09-18 07:00:00,0.0,354.3508026332017
2032-09-18 08:00:00,0.0,356.7483046807876
2032-09-18 09:00:00,0.0,339.00678952865167
2032-09-18 10:00:00,0.0,295.8517526721048
2032-09-18 11:00:00,0.0,228.2421949301813
2032-09-18 12:00:00,0.0,137.61661753143284
2032-09-18 13:00:00,0.0,38.36003276137501
2032-09-18 14:00:00,0.0,0.0
2032-09-18 15:00:00,0.0,0.0
2032-09-18 16:00:00,0.0,0.0
2032-09-18 17:00:00,0.0,0.0
2032-09-18 18:00:00,0.0,0.0
2032-09-18 19:00:00,0.0,0.0
2032-09-18 20:00:00,0.0,0.0
2032-09-18 21:00:00,0.0,0.0
2032-09-18 22:00:00,0.0,0.0
2032-09-18 23:00:00,0.0,0.0
2032-09-19 00:00:00,0.0,0.0
2032-09-19 01:00:00,0.0,0.0
2032-09-19 02:00:00,0.0,14.385012285515629
2032-09-19 03:00:00,0.0,105.01058968426409
2032-09-19 04:00:00,0.0,208.10317773045944
2032-09-19 05:00:00,0.0,283.3847420246579
2032-09-19 06:00:00,0.0,333.73228502396256
2032-09-19 07:00:00,0.0,357.707305499822
2032-09-19 08:00:00,0.0,359.62530713789073
2032-09-19 09:00:00,0.0,337.0887878905829
2032-09-19 10:00:00,0.0,293.933751034036
2032-09-19 11:00:00,0.0,226.3241932921126
2032-09-19 12:00:00,0.0,136.17811630288128
2032-09-19 13:00:00,0.0,37.40103194234063
2032-09-19 14:00:00,0.0,0.0
2032-09-19 15:00:00,0.0,0.0
2032-09-19 16:00:00,0.0,0.0
2032-09-19 17:00:00,0.0,0.0
2032-09-19 18:00:00,0.0,0.0
2032-09-19 19:00:00,0.0,0.0
2032-09-19 20:00:00,0.0,0.0
2032-09-19 21:00:00,0.0,0.0
2032-09-19 22:00:00,0.0,0.0
2032-09-19 23:00:00,0.0,0.0
2032-09-20 00:00:00,0.0,0.0
2032-09-20 01:00:00,0.0,0.0
2032-09-20 02:00:00,0.0,13.905511875998442
2032-09-20 03:00:00,0.0,106.92859132233285
2032-09-20 04:00:00,0.0,206.1851760923907
2032-09-20 05:00:00,0.0,282.4257412056235
2032-09-20 06:00:00,0.0,328.4577805192735
2032-09-20 07:00:00,0.0,352.9123014046501
2032-09-20 08:00:00,0.0,353.87130222368444
2032-09-20 09:00:00,0.0,332.77328420492825
2032-09-20 10:00:00,0.0,289.6182473483814
2032-09-20 11:00:00,0.0,222.00868960645786
2032-09-20 12:00:00,0.0,132.3421130267438
2032-09-20 13:00:00,0.0,35.0035298947547
2032-09-20 14:00:00,0.0,0.0
2032-09-20 15:00:00,0.0,0.0
2032-09-20 16:00:00,0.0,0.0
2032-09-20 17:00:00,0.0,0.0
2032-09-20 18:00:00,0.0,0.0
2032-09-20 19:00:00,0.0,0.0
2032-09-20 20:00:00,0.0,0.0
2032-09-20 21:00:00,0.0,0.0
2032-09-20 22:00:00,0.0,0.0
2032-09-20 23:00:00,0.0,0.0
2032-09-21 00:00:00,0.0,0.0
2032-09-21 01:00:00,0.0,0.0
2032-09-21 02:00:00,0.0,13.426011466481254
2032-09-21 03:00:00,0.0,106.92859132233285
2032-09-21 04:00:00,0.0,205.7056756828735
2032-09-21 05:00:00,0.0,281.94624079610634
2032-09-21 06:00:00,0.0,331.8142833858938
2032-09-21 07:00:00,0.0,356.2688042712704
2032-09-21 08:00:00,0.0,358.66630631885636
2032-09-21 09:00:00,0.0,335.1707862525142
2032-09-21 10:00:00,0.0,291.53624898645006
2032-09-21 11:00:00,0.0,223.44719083500945
2032-09-21 12:00:00,0.0,131.8626126172266
2032-09-21 13:00:00,0.0,34.04452907572032
2032-09-21 14:00:00,0.0,0.0
2032-09-21 15:00:00,0.0,0.0
2032-09-21 16:00:00,0.0,0.0
2032-09-21 17:00:00,0.0,0.0
2032-09-21 18:00:00,0.0,0.0
2032-09-21 19:00:00,0.0,0.0
2032-09-21 20:00:00,0.0,0.0
2032-09-21 21:00:00,0.0,0.0
2032-09-21 22:00:00,0.0,0.0
2032-09-21 23:00:00,0.0,0.0
2032-09-22 00:00:00,0.0,0.0
2032-09-22 01:00:00,0.0,0.0
2032-09-22 02:00:00,0.0,12.467010647446878
2032-09-22 03:00:00,0.0,101.17458640812657
2032-09-22 04:00:00,0.0,197.0746683115641
2032-09-22 05:00:00,0.0,272.35623260576256
2032-09-22 06:00:00,0.0,321.74477478603296
2032-09-22 07:00:00,0.0,347.1582964904439
2032-09-22 08:00:00,0.0,348.1172973094782
2032-09-22 09:00:00,0.0,327.4987797002392
2032-09-22 10:00:00,0.0,282.9052416151407
2032-09-22 11:00:00,0.0,211.93918100659695
2032-09-22 12:00:00,0.0,117.47760033171097
2032-09-22 13:00:00,0.0,26.37252252344532
2032-09-22 14:00:00,0.0,0.0
2032-09-22 15:00:00,0.0,0.0
2032-09-22 16:00:00,0.0,0.0
2032-09-22 17:00:00,0.0,0.0
2032-09-22 18:00:00,0.0,0.0
2032-09-22 19:00:00,0.0,0.0
2032-09-22 20:00:00,0.0,0.0
2032-09-22 21:00:00,0.0,0.0
2032-09-22 22:00:00,0.0,0.0
2032-09-22 23:00:00,0.0,0.0
2032-09-23 00:00:00,0.0,0.0
2032-09-23 01:00:00,0.0,0.0
2032-09-23 02:00:00,0.0,9.110507780826564
2032-09-23 03:00:00,0.0,79.59706797985316
2032-09-23 04:00:00,0.0,158.71463555018912
2032-09-23 05:00:00,0.0,211.93918100659695
2032-09-23 06:00:00,0.0,244.5452088537657
2032-09-23 07:00:00,0.0,268.5202293296251
2032-09-23 08:00:00,0.0,276.6717362914173
2032-09-23 09:00:00,0.0,265.64322687252195
2032-09-23 10:00:00,0.0,240.7092055776282
2032-09-23 11:00:00,0.0,199.95167076866724
2032-09-23 12:00:00,0.0,120.3546027888141
2032-09-23 13:00:00,0.0,30.68802620910001
2032-09-23 14:00:00,0.0,0.0
2032-09-23 15:00:00,0.0,0.0
2032-09-23 16:00:00,0.0,0.0
2032-09-23 17:00:00,0.0,0.0
2032-09-23 18:00:00,0.0,0.0
2032-09-23 19:00:00,0.0,0.0
2032-09-23 20:00:00,0.0,0.0
2032-09-23 21:00:00,0.0,0.0
2032-09-23 22:00:00,0.0,0.0
2032-09-23 23:00:00,0.0,0.0
2032-09-24 00:00:00,0.0,0.0
2032-09-24 01:00:00,0.0,0.0
2032-09-24 02:00:00,0.0,7.672006552275002
2032-09-24 03:00:00,0.0,80.07656838937032
2032-09-24 04:00:00,0.0,176.93565111184222
2032-09-24 05:00:00,0.0,256.53271909169536
2032-09-24 06:00:00,0.0,318.38827191941266
2032-09-24 07:00:00,0.0,341.8837919857548
2032-09-24 08:00:00,0.0,343.8017936238235
2032-09-24 09:00:00,0.0,317.9087715098954
2032-09-24 10:00:00,0.0,273.7947338343142
2032-09-24 11:00:00,0.0,206.6646765019079
2032-09-24 12:00:00,0.0,116.5185995126766
2032-09-24 13:00:00,0.0,27.81102375199689
2032-09-24 14:00:00,0.0,0.0
2032-09-24 15:00:00,0.0,0.0
2032-09-24 16:00:00,0.0,0.0
2032-09-24 17:00:00,0.0,0.0
2032-09-24 18:00:00,0.0,0.0
2032-09-24 19:00:00,0.0,0.0
2032-09-24 20:00:00,0.0,0.0
2032-09-24 21:00:00,0.0,0.0
2032-09-24 22:00:00,0.0,0.0
2032-09-24 23:00:00,0.0,0.0
2032-09-25 00:00:00,0.0,0.0
2032-09-25 01:00:00,0.0,0.0
2032-09-25 02:00:00,0.0,7.192506142757814
2032-09-25 03:00:00,0.0,86.31007371309379
2032-09-25 04:00:00,0.0,188.92316134977193
2032-09-25 05:00:00,0.0,267.5612285105907
2032-09-25 06:00:00,0.0,320.3062735574813
2032-09-25 07:00:00,0.0,348.1172973094782
2032-09-25 08:00:00,0.0,355.30980345223605
2032-09-25 09:00:00,0.0,337.5682883001001
2032-09-25 10:00:00,0.0,296.81075349113917
2032-09-25 11:00:00,0.0,229.20119574921569
2032-09-25 12:00:00,0.0,137.61661753143284
2032-09-25 13:00:00,0.0,36.44203112330626
2032-09-25 14:00:00,0.0,0.0
2032-09-25 15:00:00,0.0,0.0
2032-09-25 16:00:00,0.0,0.0
2032-09-25 17:00:00,0.0,0.0
2032-09-25 18:00:00,0.0,0.0
2032-09-25 19:00:00,0.0,0.0
2032-09-25 20:00:00,0.0,0.0
2032-09-25 21:00:00,0.0,0.0
2032-09-25 22:00:00,0.0,0.0
2032-09-25 23:00:00,0.0,0.0
2032-09-26 00:00:00,0.0,0.0
2032-09-26 01:00:00,0.0,0.0
2032-09-26 02:00:00,0.0,11.508009828412504
2032-09-26 03:00:00,0.0,103.09258804619535
2032-09-26 04:00:00,0.0,201.39017199721883
2032-09-26 05:00:00,0.0,280.5077395675548
2032-09-26 06:00:00,0.0,330.3757821573423
2032-09-26 07:00:00,0.0,354.8303030427188
2032-09-26 08:00:00,0.0,355.30980345223605
2032-09-26 09:00:00,0.0,330.85528256685944
2032-09-26 10:00:00,0.0,278.58973792948603
2032-09-26 11:00:00,0.0,196.59516790204694
2032-09-26 12:00:00,0.0,104.05158886522972
2032-09-26 13:00:00,0.0,24.934021294893757
2032-09-26 14:00:00,0.0,0.0
2032-09-26 15:00:00,0.0,0.0
2032-09-26 16:00:00,0.0,0.0
2032-09-26 17:00:00,0.0,0.0
2032-09-26 18:00:00,0.0,0.0
2032-09-26 19:00:00,0.0,0.0
2032-09-26 20:00:00,0.0,0.0
2032-09-26 21:00:00,0.0,0.0
2032-09-26 22:00:00,0.0,0.0
2032-09-26 23:00:00,0.0,0.0
2032-09-27 00:00:00,0.0,0.0
2032-09-27 01:00:00,0.0,0.0
2032-09-27 02:00:00,0.0,6.713005733240628
2032-09-27 03:00:00,0.0,77.19956593226722
2032-09-27 04:00:00,0.0,187.48466012122037
2032-09-27 05:00:00,0.0,270.4382309676938
2032-09-27 06:00:00,0.0,322.70377560506734
2032-09-27 07:00:00,0.0,347.6377968999611
2032-09-27 08:00:00,0.0,350.035298947547
2032-09-27 09:00:00,0.0,330.85528256685944
2032-09-27 10:00:00,0.0,291.0567485769329
2032-09-27 11:00:00,0.0,226.80369370162975
2032-09-27 12:00:00,0.0,137.13711712191568
2032-09-27 13:00:00,0.0,35.96253071378907
2032-09-27 14:00:00,0.0,0.0
2032-09-27 15:00:00,0.0,0.0
2032-09-27 16:00:00,0.0,0.0
2032-09-27 17:00:00,0.0,0.0
2032-09-27 18:00:00,0.0,0.0
2032-09-27 19:00:00,0.0,0.0
2032-09-27 20:00:00,0.0,0.0
2032-09-27 21:00:00,0.0,0.0
2032-09-27 22:00:00,0.0,0.0
2032-09-27 23:00:00,0.0,0.0
2032-09-28 00:00:00,0.0,0.0
2032-09-28 01:00:00,0.0,0.0
2032-09-28 02:00:00,0.0,11.508009828412504
2032-09-28 03:00:00,0.0,105.01058968426409
2032-09-28 04:00:00,0.0,203.30817363528755
2032-09-28 05:00:00,0.0,278.58973792948603
2032-09-28 06:00:00,0.0,327.4987797002392
2032-09-28 07:00:00,0.0,352.43280099513294
2032-09-28 08:00:00,0.0,354.8303030427188
2032-09-28 09:00:00,0.0,336.1297870715485
2032-09-28 10:00:00,0.0,292.4952498054845
2032-09-28 11:00:00,0.0,223.44719083500945
2032-09-28 12:00:00,0.0,131.8626126172266
2032-09-28 13:00:00,0.0,32.60602784716876
2032-09-28 14:00:00,0.0,0.0
2032-09-28 15:00:00,0.0,0.0
2032-09-28 16:00:00,0.0,0.0
2032-09-28 17:00:00,0.0,0.0
2032-09-28 18:00:00,0.0,0.0
2032-09-28 19:00:00,0.0,0.0
2032-09-28 20:00:00,0.0,0.0
2032-09-28 21:00:00,0.0,0.0
2032-09-28 22:00:00,0.0,0.0
2032-09-28 23:00:00,0.0,0.0
2032-09-29 00:00:00,0.0,0.0
2032-09-29 01:00:00,0.0,0.0
2032-09-29 02:00:00,0.0,9.110507780826564
2032-09-29 03:00:00,0.0,96.85908272247192
2032-09-29 04:00:00,0.0,198.03366913059847
2032-09-29 05:00:00,0.0,274.7537346533485
2032-09-29 06:00:00,0.0,324.1422768336189
2032-09-29 07:00:00,0.0,349.5557985380298
2032-09-29 08:00:00,0.0,351.95330058561575
2032-09-29 09:00:00,0.0,331.8142833858938
2032-09-29 10:00:00,0.0,288.65924652934694
2032-09-29 11:00:00,0.0,220.5701883779063
2032-09-29 12:00:00,0.0,128.98561016012349
2032-09-29 13:00:00,0.0,31.1675266186172
2032-09-29 14:00:00,0.0,0.0
2032-09-29 15:00:00,0.0,0.0
2032-09-29 16:00:00,0.0,0.0
2032-09-29 17:00:00,0.0,0.0
2032-09-29 18:00:00,0.0,0.0
2032-09-29 19:00:00,0.0,0.0
2032-09-29 20:00:00,0.0,0.0
2032-09-29 21:00:00,0.0,0.0
2032-09-29 22:00:00,0.0,0.0
2032-09-29 23:00:00,0.0,0.0
2032-09-30 00:00:00,0.0,0.0
2032-09-30 01:00:00,0.0,0.0
2032-09-30 02:00:00,0.0,9.590008190343752
2032-09-30 03:00:00,0.0,99.25658477005783
2032-09-30 04:00:00,0.0,198.51316954011565
2032-09-30 05:00:00,0.0,274.7537346533485
2032-09-30 06:00:00,0.0,324.1422768336189
2032-09-30 07:00:00,0.0,349.0762981285126
2032-09-30 08:00:00,0.0,351.4738001760985
2032-09-30 09:00:00,0.0,330.3757821573423
2032-09-30 10:00:00,0.0,285.7822440722438
2032-09-30 11:00:00,0.0,216.25468469225163
2032-09-30 12:00:00,0.0,123.71110565543442
2032-09-30 13:00:00,0.0,27.81102375199689
2032-09-30 14:00:00,0.0,0.0
2032-09-30 15:00:00,0.0,0.0
2032-09-30 16:00:00,0.0,0.0
2032-09-30 17:00:00,0.0,0.0
2032-09-30 18:00:00,0.0,0.0
2032-09-30 19:00:00,0.0,0.0
2032-09-30 20:00:00,0.0,0.0
2032-09-30 21:00:00,0.0,0.0
2032-09-30 22:00:00,0.0,0.0
2032-09-30 23:00:00,0.0,0.0
2032-10-01 00:00:00,0.0,0.0
2032-10-01 01:00:00,0.0,0.0
2032-10-01 02:00:00,0.0,7.672006552275002
2032-10-01 03:00:00,0.0,93.0230794463344
2032-10-01 04:00:00,0.0,192.75916462590945
2032-10-01 05:00:00,0.0,270.4382309676938
2032-10-01 06:00:00,0.0,322.70377560506734
2032-10-01 07:00:00,0.0,348.1172973094782
2032-10-01 08:00:00,0.0,350.51479935706413
2032-10-01 09:00:00,0.0,330.85528256685944
2032-10-01 10:00:00,0.0,286.7412448912782
2032-10-01 11:00:00,0.0,217.213685511286
2032-10-01 12:00:00,0.0,124.6701064744688
2032-10-01 13:00:00,0.0,27.81102375199689
2032-10-01 14:00:00,0.0,0.0
2032-10-01 15:00:00,0.0,0.0
2032-10-01 16:00:00,0.0,0.0
2032-10-01 17:00:00,0.0,0.0
2032-10-01 18:00:00,0.0,0.0
2032-10-01 19:00:00,0.0,0.0
2032-10-01 20:00:00,0.0,0.0
2032-10-01 21:00:00,0.0,0.0
2032-10-01 22:00:00,0.0,0.0
2032-10-01 23:00:00,0.0,0.0
2032-10-02 00:00:00,0.0,0.0
2032-10-02 01:00:00,0.0,0.0
2032-10-02 02:00:00,0.0,8.631007371309378
2032-10-02 03:00:00,0.0,96.37958231295472
2032-10-02 04:00:00,0.0,195.63616708301254
2032-10-02 05:00:00,0.0,272.35623260576256
2032-10-02 06:00:00,0.0,323.6627764241017
2032-10-02 07:00:00,0.0,348.1172973094782
2032-10-02 08:00:00,0.0,350.035298947547
2032-10-02 09:00:00,0.0,327.9782801097564
2032-10-02 10:00:00,0.0,282.4257412056235
2032-10-02 11:00:00,0.0,211.93918100659695
2032-10-02 12:00:00,0.0,119.39560196977972
2032-10-02 13:00:00,0.0,25.413521704410943
2032-10-02 14:00:00,0.0,0.0
2032-10-02 15:00:00,0.0,0.0
2032-10-02 16:00:00,0.0,0.0
2032-10-02 17:00:00,0.0,0.0
2032-10-02 18:00:00,0.0,0.0
2032-10-02 19:00:00,0.0,0.0
2032-10-02 20:00:00,0.0,0.0
2032-10-02 21:00:00,0.0,0.0
2032-10-02 22:00:00,0.0,0.0
2032-10-02 23:00:00,0.0,0.0
2032-10-03 00:00:00,0.0,0.0
2032-10-03 01:00:00,0.0,0.0
2032-10-03 02:00:00,0.0,7.672006552275002
2032-10-03 03:00:00,0.0,93.5025798558516
2032-10-03 04:00:00,0.0,192.27966421639226
2032-10-03 05:00:00,0.0,268.9997297391423
2032-10-03 06:00:00,0.0,320.3062735574813
2032-10-03 07:00:00,0.0,345.24029485237514
2032-10-03 08:00:00,0.0,347.1582964904439
2032-10-03 09:00:00,0.0,326.06027847168764
2032-10-03 10:00:00,0.0,280.5077395675548
2032-10-03 11:00:00,0.0,210.02117936852818
2032-10-03 12:00:00,0.0,116.99809992219377
2032-10-03 13:00:00,0.0,23.495520066342195
2032-10-03 14:00:00,0.0,0.0
2032-10-03 15:00:00,0.0,0.0
2032-10-03 16:00:00,0.0,0.0
2032-10-03 17:00:00,0.0,0.0
2032-10-03 18:00:00,0.0,0.0
2032-10-03 19:00:00,0.0,0.0
2032-10-03 20:00:00,0.0,0.0
2032-10-03 21:00:00,0.0,0.0
2032-10-03 22:00:00,0.0,0.0
2032-10-03 23:00:00,0.0,0.0
2032-10-04 00:00:00,0.0,0.0
2032-10-04 01:00:00,0.0,0.0
2032-10-04 02:00:00,0.0,6.233505323723439
2032-10-04 03:00:00,0.0,84.39207207502501
2032-10-04 04:00:00,0.0,187.96416053073756
2032-10-04 05:00:00,0.0,266.6022276915564
2032-10-04 06:00:00,0.0,323.18327601458446
2032-10-04 07:00:00,0.0,349.5557985380298
2032-10-04 08:00:00,0.0,351.4738001760985
2032-10-04 09:00:00,0.0,330.85528256685944
2032-10-04 10:00:00,0.0,284.82324325320945
2032-10-04 11:00:00,0.0,209.0621785494938
2032-10-04 12:00:00,0.0,113.1620966460563
2032-10-04 13:00:00,0.0,20.618517609239067
2032-10-04 14:00:00,0.0,0.0
2032-10-04 15:00:00,0.0,0.0
2032-10-04 16:00:00,0.0,0.0
2032-10-04 17:00:00,0.0,0.0
2032-10-04 18:00:00,0.0,0.0
2032-10-04 19:00:00,0.0,0.0
2032-10-04 20:00:00,0.0,0.0
2032-10-04 21:00:00,0.0,0.0
2032-10-04 22:00:00,0.0,0.0
2032-10-04 23:00:00,0.0,0.0
2032-10-05 00:00:00,0.0,0.0
2032-10-05 01:00:00,0.0,0.0
2032-10-05 02:00:00,0.0,4.795004095171876
2032-10-05 03:00:00,0.0,78.63806716081878
2032-10-05 04:00:00,0.0,181.7306552070141
2032-10-05 05:00:00,0.0,269.9587305581766
2032-10-05 06:00:00,0.0,322.2242751955501
2032-10-05 07:00:00,0.0,345.24029485237514
2032-10-05 08:00:00,0.0,346.19929567140946
2032-10-05 09:00:00,0.0,326.5397788812048
2032-10-05 10:00:00,0.0,281.4667403865892
2032-10-05 11:00:00,0.0,211.93918100659695
2032-10-05 12:00:00,0.0,116.99809992219377
2032-10-05 13:00:00,0.0,23.495520066342195
2032-10-05 14:00:00,0.0,0.0
2032-10-05 15:00:00,0.0,0.0
2032-10-05 16:00:00,0.0,0.0
2032-10-05 17:00:00,0.0,0.0
2032-10-05 18:00:00,0.0,0.0
2032-10-05 19:00:00,0.0,0.0
2032-10-05 20:00:00,0.0,0.0
2032-10-05 21:00:00,0.0,0.0
2032-10-05 22:00:00,0.0,0.0
2032-10-05 23:00:00,0.0,0.0
2032-10-06 00:00:00,0.0,0.0
2032-10-06 01:00:00,0.0,0.0
2032-10-06 02:00:00,0.0,5.274504504689064
2032-10-06 03:00:00,0.0,79.11756757033596
2032-10-06 04:00:00,0.0,189.40266175928915
2032-10-06 05:00:00,0.0,267.5612285105907
2032-10-06 06:00:00,0.0,321.2652743765157
2032-10-06 07:00:00,0.0,350.51479935706413
2032-10-06 08:00:00,0.0,354.8303030427188
2032-10-06 09:00:00,0.0,334.21178543347975
2032-10-06 10:00:00,0.0,291.0567485769329
2032-10-06 11:00:00,0.0,222.00868960645786
2032-10-06 12:00:00,0.0,127.06760852205473
2032-10-06 13:00:00,0.0,26.37252252344532
2032-10-06 14:00:00,0.0,0.0
2032-10-06 15:00:00,0.0,0.0
2032-10-06 16:00:00,0.0,0.0
2032-10-06 17:00:00,0.0,0.0
2032-10-06 18:00:00,0.0,0.0
2032-10-06 19:00:00,0.0,0.0
2032-10-06 20:00:00,0.0,0.0
2032-10-06 21:00:00,0.0,0.0
2032-10-06 22:00:00,0.0,0.0
2032-10-06 23:00:00,0.0,0.0
2032-10-07 00:00:00,0.0,0.0
2032-10-07 01:00:00,0.0,0.0
2032-10-07 02:00:00,0.0,6.233505323723439
2032-10-07 03:00:00,0.0,92.54357903681722
2032-10-07 04:00:00,0.0,189.40266175928915
2032-10-07 05:00:00,0.0,273.315233424797
2032-10-07 06:00:00,0.0,327.019279290722
2032-10-07 07:00:00,0.0,353.3918018141673
2032-10-07 08:00:00,0.0,356.2688042712704
2032-10-07 09:00:00,0.0,335.1707862525142
2032-10-07 10:00:00,0.0,291.0567485769329
2032-10-07 11:00:00,0.0,222.48819001597508
2032-10-07 12:00:00,0.0,129.94461097915786
2032-10-07 13:00:00,0.0,27.3315233424797
2032-10-07 14:00:00,0.0,0.0
2032-10-07 15:00:00,0.0,0.0
2032-10-07 16:00:00,0.0,0.0
2032-10-07 17:00:00,0.0,0.0
2032-10-07 18:00:00,0.0,0.0
2032-10-07 19:00:00,0.0,0.0
2032-10-07 20:00:00,0.0,0.0
2032-10-07 21:00:00,0.0,0.0
2032-10-07 22:00:00,0.0,0.0
2032-10-07 23:00:00,0.0,0.0
2032-10-08 00:00:00,0.0,0.0
2032-10-08 01:00:00,0.0,0.0
2032-10-08 02:00:00,0.0,8.15150696179219
2032-10-08 03:00:00,0.0,101.65408681764377
2032-10-08 04:00:00,0.0,203.78767404480473
2032-10-08 05:00:00,0.0,280.5077395675548
2032-10-08 06:00:00,0.0,330.3757821573423
2032-10-08 07:00:00,0.0,355.30980345223605
2032-10-08 08:00:00,0.0,358.1868059093392
2032-10-08 09:00:00,0.0,338.5272891191344
2032-10-08 10:00:00,0.0,295.3722522625876
2032-10-08 11:00:00,0.0,227.76269452066416
2032-10-08 12:00:00,0.0,135.2191154838469
2032-10-08 13:00:00,0.0,29.729025390065633
2032-10-08 14:00:00,0.0,0.0
2032-10-08 15:00:00,0.0,0.0
2032-10-08 16:00:00,0.0,0.0
2032-10-08 17:00:00,0.0,0.0
2032-10-08 18:00:00,0.0,0.0
2032-10-08 19:00:00,0.0,0.0
2032-10-08 20:00:00,0.0,0.0
2032-10-08 21:00:00,0.0,0.0
2032-10-08 22:00:00,0.0,0.0
2032-10-08 23:00:00,0.0,0.0
2032-10-09 00:00:00,0.0,0.0
2032-10-09 01:00:00,0.0,0.0
2032-10-09 02:00:00,0.0,8.15150696179219
2032-10-09 03:00:00,0.0,103.57208845571253
2032-10-09 04:00:00,0.0,206.6646765019079
2032-10-09 05:00:00,0.0,283.3847420246579
2032-10-09 06:00:00,0.0,332.77328420492825
2032-10-09 07:00:00,0.0,357.707305499822
2032-10-09 08:00:00,0.0,359.62530713789073
2032-10-09 09:00:00,0.0,339.9657903476861
2032-10-09 10:00:00,0.0,296.81075349113917
2032-10-09 11:00:00,0.0,228.7216953396985
2032-10-09 12:00:00,0.0,135.69861589336412
2032-10-09 13:00:00,0.0,28.770024571031257
2032-10-09 14:00:00,0.0,0.0
2032-10-09 15:00:00,0.0,0.0
2032-10-09 16:00:00,0.0,0.0
2032-10-09 17:00:00,0.0,0.0
2032-10-09 18:00:00,0.0,0.0
2032-10-09 19:00:00,0.0,0.0
2032-10-09 20:00:00,0.0,0.0
2032-10-09 21:00:00,0.0,0.0
2032-10-09 22:00:00,0.0,0.0
2032-10-09 23:00:00,0.0,0.0
2032-10-10 00:00:00,0.0,0.0
2032-10-10 01:00:00,0.0,0.0
2032-10-10 02:00:00,0.0,5.274504504689064
2032-10-10 03:00:00,0.0,89.1870761701969
2032-10-10 04:00:00,0.0,194.19766585446098
2032-10-10 05:00:00,0.0,275.2332350628657
2032-10-10 06:00:00,0.0,327.019279290722
2032-10-10 07:00:00,0.0,353.3918018141673
2032-10-10 08:00:00,0.0,356.7483046807876
2032-10-10 09:00:00,0.0,335.65028666203136
2032-10-10 10:00:00,0.0,290.0977477578985
2032-10-10 11:00:00,0.0,219.6111875588719
2032-10-10 12:00:00,0.0,126.10860770302035
2032-10-10 13:00:00,0.0,24.934021294893757
2032-10-10 14:00:00,0.0,0.0
2032-10-10 15:00:00,0.0,0.0
2032-10-10 16:00:00,0.0,0.0
2032-10-10 17:00:00,0.0,0.0
2032-10-10 18:00:00,0.0,0.0
2032-10-10 19:00:00,0.0,0.0
2032-10-10 20:00:00,0.0,0.0
2032-10-10 21:00:00,0.0,0.0
2032-10-10 22:00:00,0.0,0.0
2032-10-10 23:00:00,0.0,0.0
2032-10-11 00:00:00,0.0,0.0
2032-10-11 01:00:00,0.0,0.0
2032-10-11 02:00:00,0.0,5.274504504689064
2032-10-11 03:00:00,0.0,91.58457821778285
2032-10-11 04:00:00,0.0,194.19766585446098
2032-10-11 05:00:00,0.0,273.315233424797
2032-10-11 06:00:00,0.0,324.621777243136
2032-10-11 07:00:00,0.0,350.035298947547
2032-10-11 08:00:00,0.0,351.95330058561575
2032-10-11 09:00:00,0.0,331.8142833858938
2032-10-11 10:00:00,0.0,287.2207453007954
2032-10-11 11:00:00,0.0,218.17268633032037
2032-10-11 12:00:00,0.0,124.6701064744688
2032-10-11 13:00:00,0.0,23.01601965682501
2032-10-11 14:00:00,0.0,0.0
2032-10-11 15:00:00,0.0,0.0
2032-10-11 16:00:00,0.0,0.0
2032-10-11 17:00:00,0.0,0.0
2032-10-11 18:00:00,0.0,0.0
2032-10-11 19:00:00,0.0,0.0
2032-10-11 20:00:00,0.0,0.0
2032-10-11 21:00:00,0.0,0.0
2032-10-11 22:00:00,0.0,0.0
2032-10-11 23:00:00,0.0,0.0
2032-10-12 00:00:00,0.0,0.0
2032-10-12 01:00:00,0.0,0.0
2032-10-12 02:00:00,0.0,5.754004914206252
2032-10-12 03:00:00,0.0,95.42058149392035
2032-10-12 04:00:00,0.0,199.47217035915006
2032-10-12 05:00:00,0.0,278.58973792948603
2032-10-12 06:00:00,0.0,327.019279290722
2032-10-12 07:00:00,0.0,354.8303030427188
2032-10-12 08:00:00,0.0,357.707305499822
2032-10-12 09:00:00,0.0,336.6092874810657
2032-10-12 10:00:00,0.0,292.0157493959673
2032-10-12 11:00:00,0.0,221.5291891969407
2032-10-12 12:00:00,0.0,126.58810811253753
2032-10-12 13:00:00,0.0,23.01601965682501
2032-10-12 14:00:00,0.0,0.0
2032-10-12 15:00:00,0.0,0.0
2032-10-12 16:00:00,0.0,0.0
2032-10-12 17:00:00,0.0,0.0
2032-10-12 18:00:00,0.0,0.0
2032-10-12 19:00:00,0.0,0.0
2032-10-12 20:00:00,0.0,0.0
2032-10-12 21:00:00,0.0,0.0
2032-10-12 22:00:00,0.0,0.0
2032-10-12 23:00:00,0.0,0.0
2032-10-13 00:00:00,0.0,0.0
2032-10-13 01:00:00,0.0,0.0
2032-10-13 02:00:00,0.0,1.438501228551563
2032-10-13 03:00:00,0.0,58.97855037061409
2032-10-13 04:00:00,0.0,144.32962326467347
2032-10-13 05:00:00,0.0,224.88569206356098
2032-10-13 06:00:00,0.0,275.7127354723829
2032-10-13 07:00:00,0.0,304.48276004341415
2032-10-13 08:00:00,0.0,320.7857739669986
2032-10-13 09:00:00,0.0,309.277764138586
2032-10-13 10:00:00,0.0,271.39723178672824
2032-10-13 11:00:00,0.0,209.0621785494938
2032-10-13 12:00:00,0.0,122.27260442688285
2032-10-13 13:00:00,0.0,20.618517609239067
2032-10-13 14:00:00,0.0,0.0
2032-10-13 15:00:00,0.0,0.0
2032-10-13 16:00:00,0.0,0.0
2032-10-13 17:00:00,0.0,0.0
2032-10-13 18:00:00,0.0,0.0
2032-10-13 19:00:00,0.0,0.0
2032-10-13 20:00:00,0.0,0.0
2032-10-13 21:00:00,0.0,0.0
2032-10-13 22:00:00,0.0,0.0
2032-10-13 23:00:00,0.0,0.0
2032-10-14 00:00:00,0.0,0.0
2032-10-14 01:00:00,0.0,0.0
2032-10-14 02:00:00,0.0,5.274504504689064
2032-10-14 03:00:00,0.0,92.06407862730003
2032-10-14 04:00:00,0.0,191.80016380687505
2032-10-14 05:00:00,0.0,276.6717362914173
2032-10-14 06:00:00,0.0,327.4987797002392
2032-10-14 07:00:00,0.0,353.87130222368444
2032-10-14 08:00:00,0.0,354.3508026332017
2032-10-14 09:00:00,0.0,334.691285842997
2032-10-14 10:00:00,0.0,291.0567485769329
2032-10-14 11:00:00,0.0,223.44719083500945
2032-10-14 12:00:00,0.0,130.42411138867504
2032-10-14 13:00:00,0.0,23.97502047585938
2032-10-14 14:00:00,0.0,0.0
2032-10-14 15:00:00,0.0,0.0
2032-10-14 16:00:00,0.0,0.0
2032-10-14 17:00:00,0.0,0.0
2032-10-14 18:00:00,0.0,0.0
2032-10-14 19:00:00,0.0,0.0
2032-10-14 20:00:00,0.0,0.0
2032-10-14 21:00:00,0.0,0.0
2032-10-14 22:00:00,0.0,0.0
2032-10-14 23:00:00,0.0,0.0
2032-10-15 00:00:00,0.0,0.0
2032-10-15 01:00:00,0.0,0.0
2032-10-15 02:00:00,0.0,4.795004095171876
2032-10-15 03:00:00,0.0,93.0230794463344
2032-10-15 04:00:00,0.0,195.15666667349535
2032-10-15 05:00:00,0.0,272.35623260576256
2032-10-15 06:00:00,0.0,320.7857739669986
2032-10-15 07:00:00,0.0,347.6377968999611
2032-10-15 08:00:00,0.0,351.4738001760985
2032-10-15 09:00:00,0.0,331.8142833858938
2032-10-15 10:00:00,0.0,288.17974611982976
2032-10-15 11:00:00,0.0,219.6111875588719
2032-10-15 12:00:00,0.0,126.58810811253753
2032-10-15 13:00:00,0.0,22.057018837790633
2032-10-15 14:00:00,0.0,0.0
2032-10-15 15:00:00,0.0,0.0
2032-10-15 16:00:00,0.0,0.0
2032-10-15 17:00:00,0.0,0.0
2032-10-15 18:00:00,0.0,0.0
2032-10-15 19:00:00,0.0,0.0
2032-10-15 20:00:00,0.0,0.0
2032-10-15 21:00:00,0.0,0.0
2032-10-15 22:00:00,0.0,0.0
2032-10-15 23:00:00,0.0,0.0
2032-10-16 00:00:00,0.0,0.0
2032-10-16 01:00:00,0.0,0.0
2032-10-16 02:00:00,0.0,4.795004095171876
2032-10-16 03:00:00,0.0,95.90008190343752
2032-10-16 04:00:00,0.0,200.91067158770161
2032-10-16 05:00:00,0.0,279.0692383390032
2032-10-16 06:00:00,0.0,331.8142833858938
2032-10-16 07:00:00,0.0,357.707305499822
2032-10-16 08:00:00,0.0,360.58430795692516
2032-10-16 09:00:00,0.0,338.5272891191344
2032-10-16 10:00:00,0.0,293.933751034036
2032-10-16 11:00:00,0.0,223.44719083500945
2032-10-16 12:00:00,0.0,128.02660934108908
2032-10-16 13:00:00,0.0,22.057018837790633
2032-10-16 14:00:00,0.0,0.0
2032-10-16 15:00:00,0.0,0.0
2032-10-16 16:00:00,0.0,0.0
2032-10-16 17:00:00,0.0,0.0
2032-10-16 18:00:00,0.0,0.0
2032-10-16 19:00:00,0.0,0.0
2032-10-16 20:00:00,0.0,0.0
2032-10-16 21:00:00,0.0,0.0
2032-10-16 22:00:00,0.0,0.0
2032-10-16 23:00:00,0.0,0.0
2032-10-17 00:00:00,0.0,0.0
2032-10-17 01:00:00,0.0,0.0
2032-10-17 02:00:00,0.0,5.274504504689064
2032-10-17 03:00:00,0.0,98.29758395102347
2032-10-17 04:00:00,0.0,202.34917281625314
2032-10-17 05:00:00,0.0,280.98723997707197
2032-10-17 06:00:00,0.0,331.3347829763767
2032-10-17 07:00:00,0.0,357.2278050903048
2032-10-17 08:00:00,0.0,360.1048075474079
2032-10-17 09:00:00,0.0,339.9657903476861
2032-10-17 10:00:00,0.0,296.81075349113917
2032-10-17 11:00:00,0.0,227.76269452066416
2032-10-17 12:00:00,0.0,133.78061425529535
2032-10-17 13:00:00,0.0,23.97502047585938
2032-10-17 14:00:00,0.0,0.0
2032-10-17 15:00:00,0.0,0.0
2032-10-17 16:00:00,0.0,0.0
2032-10-17 17:00:00,0.0,0.0
2032-10-17 18:00:00,0.0,0.0
2032-10-17 19:00:00,0.0,0.0
2032-10-17 20:00:00,0.0,0.0
2032-10-17 21:00:00,0.0,0.0
2032-10-17 22:00:00,0.0,0.0
2032-10-17 23:00:00,0.0,0.0
2032-10-18 00:00:00,0.0,0.0
2032-10-18 01:00:00,0.0,0.0
2032-10-18 02:00:00,0.0,4.795004095171876
2032-10-18 03:00:00,0.0,97.81808354150627
2032-10-18 04:00:00,0.0,201.86967240673602
2032-10-18 05:00:00,0.0,279.5487387485204
2032-10-18 06:00:00,0.0,326.5397788812048
2032-10-18 07:00:00,0.0,353.3918018141673
2032-10-18 08:00:00,0.0,357.2278050903048
2032-10-18 09:00:00,0.0,336.1297870715485
2032-10-18 10:00:00,0.0,292.9747502150017
2032-10-18 11:00:00,0.0,223.92669124452667
2032-10-18 12:00:00,0.0,130.42411138867504
2032-10-18 13:00:00,0.0,22.536519247307822
2032-10-18 14:00:00,0.0,0.0
2032-10-18 15:00:00,0.0,0.0
2032-10-18 16:00:00,0.0,0.0
2032-10-18 17:00:00,0.0,0.0
2032-10-18 18:00:00,0.0,0.0
2032-10-18 19:00:00,0.0,0.0
2032-10-18 20:00:00,0.0,0.0
2032-10-18 21:00:00,0.0,0.0
2032-10-18 22:00:00,0.0,0.0
2032-10-18 23:00:00,0.0,0.0
2032-10-19 00:00:00,0.0,0.0
2032-10-19 01:00:00,0.0,0.0
2032-10-19 02:00:00,0.0,4.795004095171876
2032-10-19 03:00:00,0.0,97.3385831319891
2032-10-19 04:00:00,0.0,201.86967240673602
2032-10-19 05:00:00,0.0,280.0282391580376
2032-10-19 06:00:00,0.0,328.4577805192735
2032-10-19 07:00:00,0.0,354.3508026332017
2032-10-19 08:00:00,0.0,357.2278050903048
2032-10-19 09:00:00,0.0,337.0887878905829
2032-10-19 10:00:00,0.0,292.9747502150017
2032-10-19 11:00:00,0.0,223.92669124452667
2032-10-19 12:00:00,0.0,129.46511056964067
2032-10-19 13:00:00,0.0,21.098018018756253
2032-10-19 14:00:00,0.0,0.0
2032-10-19 15:00:00,0.0,0.0
2032-10-19 16:00:00,0.0,0.0
2032-10-19 17:00:00,0.0,0.0
2032-10-19 18:00:00,0.0,0.0
2032-10-19 19:00:00,0.0,0.0
2032-10-19 20:00:00,0.0,0.0
2032-10-19 21:00:00,0.0,0.0
2032-10-19 22:00:00,0.0,0.0
2032-10-19 23:00:00,0.0,0.0
2032-10-20 00:00:00,0.0,0.0
2032-10-20 01:00:00,0.0,0.0
2032-10-20 02:00:00,0.0,2.877002457103126
2032-10-20 03:00:00,0.0,85.83057330357659
2032-10-20 04:00:00,0.0,189.8821621688063
2032-10-20 05:00:00,0.0,270.4382309676938
2032-10-20 06:00:00,0.0,324.1422768336189
2032-10-20 07:00:00,0.0,350.51479935706413
2032-10-20 08:00:00,0.0,353.87130222368444
2032-10-20 09:00:00,0.0,334.691285842997
2032-10-20 10:00:00,0.0,291.53624898645006
2032-10-20 11:00:00,0.0,222.00868960645786
2032-10-20 12:00:00,0.0,127.54710893157191
2032-10-20 13:00:00,0.0,20.13901719972188
2032-10-20 14:00:00,0.0,0.0
2032-10-20 15:00:00,0.0,0.0
2032-10-20 16:00:00,0.0,0.0
2032-10-20 17:00:00,0.0,0.0
2032-10-20 18:00:00,0.0,0.0
2032-10-20 19:00:00,0.0,0.0
2032-10-20 20:00:00,0.0,0.0
2032-10-20 21:00:00,0.0,0.0
2032-10-20 22:00:00,0.0,0.0
2032-10-20 23:00:00,0.0,0.0
2032-10-21 00:00:00,0.0,0.0
2032-10-21 01:00:00,0.0,0.0
2032-10-21 02:00:00,0.0,2.877002457103126
2032-10-21 03:00:00,0.0,85.3510728940594
2032-10-21 04:00:00,0.0,191.3206633973579
2032-10-21 05:00:00,0.0,272.83573301527974
2032-10-21 06:00:00,0.0,322.70377560506734
2032-10-21 07:00:00,0.0,350.51479935706413
2032-10-21 08:00:00,0.0,354.3508026332017
2032-10-21 09:00:00,0.0,334.21178543347975
2032-10-21 10:00:00,0.0,291.0567485769329
2032-10-21 11:00:00,0.0,221.5291891969407
2032-10-21 12:00:00,0.0,126.58810811253753
2032-10-21 13:00:00,0.0,19.180016380687505
2032-10-21 14:00:00,0.0,0.0
2032-10-21 15:00:00,0.0,0.0
2032-10-21 16:00:00,0.0,0.0
2032-10-21 17:00:00,0.0,0.0
2032-10-21 18:00:00,0.0,0.0
2032-10-21 19:00:00,0.0,0.0
2032-10-21 20:00:00,0.0,0.0
2032-10-21 21:00:00,0.0,0.0
2032-10-21 22:00:00,0.0,0.0
2032-10-21 23:00:00,0.0,0.0
2032-10-22 00:00:00,0.0,0.0
2032-10-22 01:00:00,0.0,0.0
2032-10-22 02:00:00,0.0,1.9180016380687506
2032-10-22 03:00:00,0.0,79.59706797985316
2032-10-22 04:00:00,0.0,182.68965602604848
2032-10-22 05:00:00,0.0,263.72522523445326
2032-10-22 06:00:00,0.0,315.5112694623095
2032-10-22 07:00:00,0.0,342.84279280478916
2032-10-22 08:00:00,0.0,346.19929567140946
2032-10-22 09:00:00,0.0,326.06027847168764
2032-10-22 10:00:00,0.0,281.94624079610634
2032-10-22 11:00:00,0.0,212.4186814161141
2032-10-22 12:00:00,0.0,119.39560196977972
2032-10-22 13:00:00,0.0,17.262014742618756
2032-10-22 14:00:00,0.0,0.0
2032-10-22 15:00:00,0.0,0.0
2032-10-22 16:00:00,0.0,0.0
2032-10-22 17:00:00,0.0,0.0
2032-10-22 18:00:00,0.0,0.0
2032-10-22 19:00:00,0.0,0.0
2032-10-22 20:00:00,0.0,0.0
2032-10-22 21:00:00,0.0,0.0
2032-10-22 22:00:00,0.0,0.0
2032-10-22 23:00:00,0.0,0.0
2032-10-23 00:00:00,0.0,0.0
2032-10-23 01:00:00,0.0,0.0
2032-10-23 02:00:00,0.0,2.397502047585938
2032-10-23 03:00:00,0.0,86.31007371309379
2032-10-23 04:00:00,0.0,192.27966421639226
2032-10-23 05:00:00,0.0,271.8767321962454
2032-10-23 06:00:00,0.0,322.2242751955501
2032-10-23 07:00:00,0.0,349.0762981285126
2032-10-23 08:00:00,0.0,352.43280099513294
2032-10-23 09:00:00,0.0,332.293783795411
2032-10-23 10:00:00,0.0,288.65924652934694
2032-10-23 11:00:00,0.0,219.6111875588719
2032-10-23 12:00:00,0.0,125.62910729350315
2032-10-23 13:00:00,0.0,18.22101556165313
2032-10-23 14:00:00,0.0,0.0
2032-10-23 15:00:00,0.0,0.0
2032-10-23 16:00:00,0.0,0.0
2032-10-23 17:00:00,0.0,0.0
2032-10-23 18:00:00,0.0,0.0
2032-10-23 19:00:00,0.0,0.0
2032-10-23 20:00:00,0.0,0.0
2032-10-23 21:00:00,0.0,0.0
2032-10-23 22:00:00,0.0,0.0
2032-10-23 23:00:00,0.0,0.0
2032-10-24 00:00:00,0.0,0.0
2032-10-24 01:00:00,0.0,0.0
2032-10-24 02:00:00,0.0,2.877002457103126
2032-10-24 03:00:00,0.0,94.46158067488597
2032-10-24 04:00:00,0.0,201.39017199721883
2032-10-24 05:00:00,0.0,280.5077395675548
2032-10-24 06:00:00,0.0,330.3757821573423
2032-10-24 07:00:00,0.0,356.2688042712704
2032-10-24 08:00:00,0.0,358.66630631885636
2032-10-24 09:00:00,0.0,338.5272891191344
2032-10-24 10:00:00,0.0,293.933751034036
2032-10-24 11:00:00,0.0,223.44719083500945
2032-10-24 12:00:00,0.0,128.02660934108908
2032-10-24 13:00:00,0.0,18.22101556165313
2032-10-24 14:00:00,0.0,0.0
2032-10-24 15:00:00,0.0,0.0
2032-10-24 16:00:00,0.0,0.0
2032-10-24 17:00:00,0.0,0.0
2032-10-24 18:00:00,0.0,0.0
2032-10-24 19:00:00,0.0,0.0
2032-10-24 20:00:00,0.0,0.0
2032-10-24 21:00:00,0.0,0.0
2032-10-24 22:00:00,0.0,0.0
2032-10-24 23:00:00,0.0,0.0
2032-10-25 00:00:00,0.0,0.0
2032-10-25 01:00:00,0.0,0.0
2032-10-25 02:00:00,0.0,2.397502047585938
2032-10-25 03:00:00,0.0,93.98208026536878
2032-10-25 04:00:00,0.0,201.86967240673602
2032-10-25 05:00:00,0.0,280.98723997707197
2032-10-25 06:00:00,0.0,329.89628174782507
2032-10-25 07:00:00,0.0,354.8303030427188
2032-10-25 08:00:00,0.0,357.707305499822
2032-10-25 09:00:00,0.0,337.0887878905829
2032-10-25 10:00:00,0.0,292.9747502150017
2032-10-25 11:00:00,0.0,222.96769042549226
2032-10-25 12:00:00,0.0,128.50610975060627
2032-10-25 13:00:00,0.0,17.741515152135946
2032-10-25 14:00:00,0.0,0.0
2032-10-25 15:00:00,0.0,0.0
2032-10-25 16:00:00,0.0,0.0
2032-10-25 17:00:00,0.0,0.0
2032-10-25 18:00:00,0.0,0.0
2032-10-25 19:00:00,0.0,0.0
2032-10-25 20:00:00,0.0,0.0
2032-10-25 21:00:00,0.0,0.0
2032-10-25 22:00:00,0.0,0.0
2032-10-25 23:00:00,0.0,0.0
2032-10-26 00:00:00,0.0,0.0
2032-10-26 01:00:00,0.0,0.0
2032-10-26 02:00:00,0.0,1.9180016380687506
2032-10-26 03:00:00,0.0,90.62557739874845
2032-10-26 04:00:00,0.0,197.0746683115641
2032-10-26 05:00:00,0.0,276.6717362914173
2032-10-26 06:00:00,0.0,327.019279290722
2032-10-26 07:00:00,0.0,353.87130222368444
2032-10-26 08:00:00,0.0,356.7483046807876
2032-10-26 09:00:00,0.0,336.6092874810657
2032-10-26 10:00:00,0.0,292.9747502150017
2032-10-26 11:00:00,0.0,222.96769042549226
2032-10-26 12:00:00,0.0,127.54710893157191
2032-10-26 13:00:00,0.0,17.262014742618756
2032-10-26 14:00:00,0.0,0.0
2032-10-26 15:00:00,0.0,0.0
2032-10-26 16:00:00,0.0,0.0
2032-10-26 17:00:00,0.0,0.0
2032-10-26 18:00:00,0.0,0.0
2032-10-26 19:00:00,0.0,0.0
2032-10-26 20:00:00,0.0,0.0
2032-10-26 21:00:00,0.0,0.0
2032-10-26 22:00:00,0.0,0.0
2032-10-26 23:00:00,0.0,0.0
2032-10-27 00:00:00,0.0,0.0
2032-10-27 01:00:00,0.0,0.0
2032-10-27 02:00:00,0.0,1.438501228551563
2032-10-27 03:00:00,0.0,83.91257166550784
2032-10-27 04:00:00,0.0,189.40266175928915
2032-10-27 05:00:00,0.0,269.47923014865944
2032-10-27 06:00:00,0.0,321.2652743765157
2032-10-27 07:00:00,0.0,347.6377968999611
2032-10-27 08:00:00,0.0,350.035298947547
2032-10-27 09:00:00,0.0,329.41678133830794
2032-10-27 10:00:00,0.0,283.86424243417514
2032-10-27 11:00:00,0.0,211.93918100659695
2032-10-27 12:00:00,0.0,114.60059787460784
2032-10-27 13:00:00,0.0,13.426011466481254
2032-10-27 14:00:00,0.0,0.0
2032-10-27 15:00:00,0.0,0.0
2032-10-27 16:00:00,0.0,0.0
2032-10-27 17:00:00,0.0,0.0
2032-10-27 18:00:00,0.0,0.0
2032-10-27 19:00:00,0.0,0.0
2032-10-27 20:00:00,0.0,0.0
2032-10-27 21:00:00,0.0,0.0
2032-10-27 22:00:00,0.0,0.0
2032-10-27 23:00:00,0.0,0.0
2032-10-28 00:00:00,0.0,0.0
2032-10-28 01:00:00,0.0,0.0
2032-10-28 02:00:00,0.0,0.9590008190343753
2032-10-28 03:00:00,0.0,77.19956593226722
2032-10-28 04:00:00,0.0,186.52565930218597
2032-10-28 05:00:00,0.0,267.0817281010735
2032-10-28 06:00:00,0.0,315.5112694623095
2032-10-28 07:00:00,0.0,341.4042915762376
2032-10-28 08:00:00,0.0,342.84279280478916
2032-10-28 09:00:00,0.0,321.2652743765157
2032-10-28 10:00:00,0.0,274.7537346533485
2032-10-28 11:00:00,0.0,201.39017199721883
2032-10-28 12:00:00,0.0,102.61308763667816
2032-10-28 13:00:00,0.0,9.590008190343752
2032-10-28 14:00:00,0.0,0.0
2032-10-28 15:00:00,0.0,0.0
2032-10-28 16:00:00,0.0,0.0
2032-10-28 17:00:00,0.0,0.0
2032-10-28 18:00:00,0.0,0.0
2032-10-28 19:00:00,0.0,0.0
2032-10-28 20:00:00,0.0,0.0
2032-10-28 21:00:00,0.0,0.0
2032-10-28 22:00:00,0.0,0.0
2032-10-28 23:00:00,0.0,0.0
2032-10-29 00:00:00,0.0,0.0
2032-10-29 01:00:00,0.0,0.0
2032-10-29 02:00:00,0.0,0.47950040951718764
2032-10-29 03:00:00,0.0,81.03556920840472
2032-10-29 04:00:00,0.0,187.0051597117032
2032-10-29 05:00:00,0.0,266.6022276915564
2032-10-29 06:00:00,0.0,315.9907698718267
2032-10-29 07:00:00,0.0,340.4452907572032
2032-10-29 08:00:00,0.0,339.48628993816885
2032-10-29 09:00:00,0.0,301.60575758631103
2032-10-29 10:00:00,0.0,230.63969697776727
2032-10-29 11:00:00,0.0,143.3706224456391
2032-10-29 12:00:00,0.0,63.29405405626876
2032-10-29 13:00:00,0.0,4.795004095171876
2032-10-29 14:00:00,0.0,0.0
2032-10-29 15:00:00,0.0,0.0
2032-10-29 16:00:00,0.0,0.0
2032-10-29 17:00:00,0.0,0.0
2032-10-29 18:00:00,0.0,0.0
2032-10-29 19:00:00,0.0,0.0
2032-10-29 20:00:00,0.0,0.0
2032-10-29 21:00:00,0.0,0.0
2032-10-29 22:00:00,0.0,0.0
2032-10-29 23:00:00,0.0,0.0
2032-10-30 00:00:00,0.0,0.0
2032-10-30 01:00:00,0.0,0.0
2032-10-30 02:00:00,0.0,0.0
2032-10-30 03:00:00,0.0,57.06054873254533
2032-10-30 04:00:00,0.0,138.09611794095005
2032-10-30 05:00:00,0.0,220.09068796838912
2032-10-30 06:00:00,0.0,283.3847420246579
2032-10-30 07:00:00,0.0,309.277764138586
2032-10-30 08:00:00,0.0,310.23676495762044
2032-10-30 09:00:00,0.0,292.0157493959673
2032-10-30 10:00:00,0.0,241.18870598714537
2032-10-30 11:00:00,0.0,166.86614251198128
2032-10-30 12:00:00,0.0,88.22807535116253
2032-10-30 13:00:00,0.0,6.713005733240628
2032-10-30 14:00:00,0.0,0.0
2032-10-30 15:00:00,0.0,0.0
2032-10-30 16:00:00,0.0,0.0
2032-10-30 17:00:00,0.0,0.0
2032-10-30 18:00:00,0.0,0.0
2032-10-30 19:00:00,0.0,0.0
2032-10-30 20:00:00,0.0,0.0
2032-10-30 21:00:00,0.0,0.0
2032-10-30 22:00:00,0.0,0.0
2032-10-30 23:00:00,0.0,0.0
2032-10-31 00:00:00,0.0,0.0
2032-10-31 01:00:00,0.0,0.0
2032-10-31 02:00:00,0.0,0.0
2032-10-31 03:00:00,0.0,65.69155610385471
2032-10-31 04:00:00,0.0,180.29215397846258
2032-10-31 05:00:00,0.0,255.09421786314383
2032-10-31 06:00:00,0.0,310.7162653671376
2032-10-31 07:00:00,0.0,349.0762981285126
2032-10-31 08:00:00,0.0,355.30980345223605
2032-10-31 09:00:00,0.0,336.1297870715485
2032-10-31 10:00:00,0.0,292.9747502150017
2032-10-31 11:00:00,0.0,224.4061916540438
2032-10-31 12:00:00,0.0,130.42411138867504
2032-10-31 13:00:00,0.0,16.30301392358438
2032-10-31 14:00:00,0.0,0.0
2032-10-31 15:00:00,0.0,0.0
2032-10-31 16:00:00,0.0,0.0
2032-10-31 17:00:00,0.0,0.0
2032-10-31 18:00:00,0.0,0.0
2032-10-31 19:00:00,0.0,0.0
2032-10-31 20:00:00,0.0,0.0
2032-10-31 21:00:00,0.0,0.0
2032-10-31 22:00:00,0.0,0.0
2032-10-31 23:00:00,0.0,0.0
2032-11-01 00:00:00,0.0,0.0
2032-11-01 01:00:00,0.0,0.0
2032-11-01 02:00:00,0.0,0.47950040951718764
2032-11-01 03:00:00,0.0,81.51506961792191
2032-11-01 04:00:00,0.0,186.0461588926688
2032-11-01 05:00:00,0.0,265.64322687252195
2032-11-01 06:00:00,0.0,318.38827191941266
2032-11-01 07:00:00,0.0,344.76079444285796
2032-11-01 08:00:00,0.0,348.1172973094782
2032-11-01 09:00:00,0.0,328.4577805192735
2032-11-01 10:00:00,0.0,284.34374284369227
2032-11-01 11:00:00,0.0,214.8161834637001
2032-11-01 12:00:00,0.0,120.83410319833128
2032-11-01 13:00:00,0.0,13.426011466481254
2032-11-01 14:00:00,0.0,0.0
2032-11-01 15:00:00,0.0,0.0
2032-11-01 16:00:00,0.0,0.0
2032-11-01 17:00:00,0.0,0.0
2032-11-01 18:00:00,0.0,0.0
2032-11-01 19:00:00,0.0,0.0
2032-11-01 20:00:00,0.0,0.0
2032-11-01 21:00:00,0.0,0.0
2032-11-01 22:00:00,0.0,0.0
2032-11-01 23:00:00,0.0,0.0
2032-11-02 00:00:00,0.0,0.0
2032-11-02 01:00:00,0.0,0.0
2032-11-02 02:00:00,0.0,0.0
2032-11-02 03:00:00,0.0,76.24056511323285
2032-11-02 04:00:00,0.0,181.7306552070141
2032-11-02 05:00:00,0.0,262.28672400590165
2032-11-02 06:00:00,0.0,316.47027028134386
2032-11-02 07:00:00,0.0,343.8017936238235
2032-11-02 08:00:00,0.0,347.1582964904439
2032-11-02 09:00:00,0.0,327.4987797002392
2032-11-02 10:00:00,0.0,284.34374284369227
2032-11-02 11:00:00,0.0,214.8161834637001
2032-11-02 12:00:00,0.0,120.3546027888141
2032-11-02 13:00:00,0.0,12.946511056964066
2032-11-02 14:00:00,0.0,0.0
2032-11-02 15:00:00,0.0,0.0
2032-11-02 16:00:00,0.0,0.0
2032-11-02 17:00:00,0.0,0.0
2032-11-02 18:00:00,0.0,0.0
2032-11-02 19:00:00,0.0,0.0
2032-11-02 20:00:00,0.0,0.0
2032-11-02 21:00:00,0.0,0.0
2032-11-02 22:00:00,0.0,0.0
2032-11-02 23:00:00,0.0,0.0
2032-11-03 00:00:00,0.0,0.0
2032-11-03 01:00:00,0.0,0.0
2032-11-03 02:00:00,0.0,0.0
2032-11-03 03:00:00,0.0,74.80206388468126
2032-11-03 04:00:00,0.0,180.77165438797977
2032-11-03 05:00:00,0.0,262.28672400590165
2032-11-03 06:00:00,0.0,312.6342670052063
2032-11-03 07:00:00,0.0,340.4452907572032
2032-11-03 08:00:00,0.0,344.2812940333407
2032-11-03 09:00:00,0.0,326.06027847168764
2032-11-03 10:00:00,0.0,281.4667403865892
2032-11-03 11:00:00,0.0,210.02117936852818
2032-11-03 12:00:00,0.0,113.1620966460563
2032-11-03 13:00:00,0.0,11.028509418895316
2032-11-03 14:00:00,0.0,0.0
2032-11-03 15:00:00,0.0,0.0
2032-11-03 16:00:00,0.0,0.0
2032-11-03 17:00:00,0.0,0.0
2032-11-03 18:00:00,0.0,0.0
2032-11-03 19:00:00,0.0,0.0
2032-11-03 20:00:00,0.0,0.0
2032-11-03 21:00:00,0.0,0.0
2032-11-03 22:00:00,0.0,0.0
2032-11-03 23:00:00,0.0,0.0
2032-11-04 00:00:00,0.0,0.0
2032-11-04 01:00:00,0.0,0.0
2032-11-04 02:00:00,0.0,0.0
2032-11-04 03:00:00,0.0,67.60955774192345
2032-11-04 04:00:00,0.0,177.89465193087662
2032-11-04 05:00:00,0.0,264.2047256439704
2032-11-04 06:00:00,0.0,316.47027028134386
2032-11-04 07:00:00,0.0,343.8017936238235
2032-11-04 08:00:00,0.0,346.19929567140946
2032-11-04 09:00:00,0.0,325.5807780621704
2032-11-04 10:00:00,0.0,280.0282391580376
2032-11-04 11:00:00,0.0,208.10317773045944
2032-11-04 12:00:00,0.0,110.76459459847035
2032-11-04 13:00:00,0.0,9.590008190343752
2032-11-04 14:00:00,0.0,0.0
2032-11-04 15:00:00,0.0,0.0
2032-11-04 16:00:00,0.0,0.0
2032-11-04 17:00:00,0.0,0.0
2032-11-04 18:00:00,0.0,0.0
2032-11-04 19:00:00,0.0,0.0
2032-11-04 20:00:00,0.0,0.0
2032-11-04 21:00:00,0.0,0.0
2032-11-04 22:00:00,0.0,0.0
2032-11-04 23:00:00,0.0,0.0
2032-11-05 00:00:00,0.0,0.0
2032-11-05 01:00:00,0.0,0.0
2032-11-05 02:00:00,0.0,0.0
2032-11-05 03:00:00,0.0,69.04805897047503
2032-11-05 04:00:00,0.0,170.7021457881188
2032-11-05 05:00:00,0.0,249.3402129489376
2032-11-05 06:00:00,0.0,312.6342670052063
2032-11-05 07:00:00,0.0,340.92479116672035
2032-11-05 08:00:00,0.0,343.32229321430634
2032-11-05 09:00:00,0.0,324.621777243136
2032-11-05 10:00:00,0.0,280.0282391580376
2032-11-05 11:00:00,0.0,209.54167895901102
2032-11-05 12:00:00,0.0,114.60059787460784
2032-11-05 13:00:00,0.0,10.549009009378127
2032-11-05 14:00:00,0.0,0.0
2032-11-05 15:00:00,0.0,0.0
2032-11-05 16:00:00,0.0,0.0
2032-11-05 17:00:00,0.0,0.0
2032-11-05 18:00:00,0.0,0.0
2032-11-05 19:00:00,0.0,0.0
2032-11-05 20:00:00,0.0,0.0
2032-11-05 21:00:00,0.0,0.0
2032-11-05 22:00:00,0.0,0.0
2032-11-05 23:00:00,0.0,0.0
2032-11-06 00:00:00,0.0,0.0
2032-11-06 01:00:00,0.0,0.0
2032-11-06 02:00:00,0.0,0.0
2032-11-06 03:00:00,0.0,74.32256347516409
2032-11-06 04:00:00,0.0,178.853652749911
2032-11-06 05:00:00,0.0,259.8892219583157
2032-11-06 06:00:00,0.0,315.5112694623095
2032-11-06 07:00:00,0.0,341.8837919857548
2032-11-06 08:00:00,0.0,345.7197952618923
2032-11-06 09:00:00,0.0,320.3062735574813
2032-11-06 10:00:00,0.0,275.2332350628657
2032-11-06 11:00:00,0.0,182.68965602604848
2032-11-06 12:00:00,0.0,87.26907453212814
2032-11-06 13:00:00,0.0,5.274504504689064
2032-11-06 14:00:00,0.0,0.0
2032-11-06 15:00:00,0.0,0.0
2032-11-06 16:00:00,0.0,0.0
2032-11-06 17:00:00,0.0,0.0
2032-11-06 18:00:00,0.0,0.0
2032-11-06 19:00:00,0.0,0.0
2032-11-06 20:00:00,0.0,0.0
2032-11-06 21:00:00,0.0,0.0
2032-11-06 22:00:00,0.0,0.0
2032-11-06 23:00:00,0.0,0.0
2032-11-07 00:00:00,0.0,0.0
2032-11-07 01:00:00,0.0,0.0
2032-11-07 02:00:00,0.0,0.0
2032-11-07 03:00:00,0.0,71.92506142757814
2032-11-07 04:00:00,0.0,175.97665029280788
2032-11-07 05:00:00,0.0,253.65571663459224
2032-11-07 06:00:00,0.0,312.6342670052063
2032-11-07 07:00:00,0.0,339.9657903476861
2032-11-07 08:00:00,0.0,328.9372809287908
2032-11-07 09:00:00,0.0,271.39723178672824
2032-11-07 10:00:00,0.0,220.5701883779063
2032-11-07 11:00:00,0.0,183.64865684508285
2032-11-07 12:00:00,0.0,100.69508599860941
2032-11-07 13:00:00,0.0,8.631007371309378
2032-11-07 14:00:00,0.0,0.0
2032-11-07 15:00:00,0.0,0.0
2032-11-07 16:00:00,0.0,0.0
2032-11-07 17:00:00,0.0,0.0
2032-11-07 18:00:00,0.0,0.0
2032-11-07 19:00:00,0.0,0.0
2032-11-07 20:00:00,0.0,0.0
2032-11-07 21:00:00,0.0,0.0
2032-11-07 22:00:00,0.0,0.0
2032-11-07 23:00:00,0.0,0.0
2032-11-08 00:00:00,0.0,0.0
2032-11-08 01:00:00,0.0,0.0
2032-11-08 02:00:00,0.0,0.0
2032-11-08 03:00:00,0.0,52.26554463737345
2032-11-08 04:00:00,0.0,165.42764128342972
2032-11-08 05:00:00,0.0,253.65571663459224
2032-11-08 06:00:00,0.0,301.60575758631103
2032-11-08 07:00:00,0.0,334.691285842997
2032-11-08 08:00:00,0.0,346.67879608092665
2032-11-08 09:00:00,0.0,332.77328420492825
2032-11-08 10:00:00,0.0,289.1387469388642
2032-11-08 11:00:00,0.0,218.6521867398376
2032-11-08 12:00:00,0.0,123.23160524591722
2032-11-08 13:00:00,0.0,11.508009828412504
2032-11-08 14:00:00,0.0,0.0
2032-11-08 15:00:00,0.0,0.0
2032-11-08 16:00:00,0.0,0.0
2032-11-08 17:00:00,0.0,0.0
2032-11-08 18:00:00,0.0,0.0
2032-11-08 19:00:00,0.0,0.0
2032-11-08 20:00:00,0.0,0.0
2032-11-08 21:00:00,0.0,0.0
2032-11-08 22:00:00,0.0,0.0
2032-11-08 23:00:00,0.0,0.0
2032-11-09 00:00:00,0.0,0.0
2032-11-09 01:00:00,0.0,0.0
2032-11-09 02:00:00,0.0,0.0
2032-11-09 03:00:00,0.0,59.458050780131266
2032-11-09 04:00:00,0.0,176.45615070232506
2032-11-09 05:00:00,0.0,249.81971335845475
2032-11-09 06:00:00,0.0,321.2652743765157
2032-11-09 07:00:00,0.0,350.9942997665814
2032-11-09 08:00:00,0.0,354.3508026332017
2032-11-09 09:00:00,0.0,334.21178543347975
2032-11-09 10:00:00,0.0,290.0977477578985
2032-11-09 11:00:00,0.0,219.6111875588719
2032-11-09 12:00:00,0.0,121.79310401736566
2032-11-09 13:00:00,0.0,10.549009009378127
2032-11-09 14:00:00,0.0,0.0
2032-11-09 15:00:00,0.0,0.0
2032-11-09 16:00:00,0.0,0.0
2032-11-09 17:00:00,0.0,0.0
2032-11-09 18:00:00,0.0,0.0
2032-11-09 19:00:00,0.0,0.0
2032-11-09 20:00:00,0.0,0.0
2032-11-09 21:00:00,0.0,0.0
2032-11-09 22:00:00,0.0,0.0
2032-11-09 23:00:00,0.0,0.0
2032-11-10 00:00:00,0.0,0.0
2032-11-10 01:00:00,0.0,0.0
2032-11-10 02:00:00,0.0,0.0
2032-11-10 03:00:00,0.0,71.44556101806096
2032-11-10 04:00:00,0.0,176.45615070232506
2032-11-10 05:00:00,0.0,258.93022113928134
2032-11-10 06:00:00,0.0,314.0727682337579
2032-11-10 07:00:00,0.0,341.8837919857548
2032-11-10 08:00:00,0.0,345.7197952618923
2032-11-10 09:00:00,0.0,323.6627764241017
2032-11-10 10:00:00,0.0,275.2332350628657
2032-11-10 11:00:00,0.0,198.03366913059847
2032-11-10 12:00:00,0.0,79.59706797985316
2032-11-10 13:00:00,0.0,2.877002457103126
2032-11-10 14:00:00,0.0,0.0
2032-11-10 15:00:00,0.0,0.0
2032-11-10 16:00:00,0.0,0.0
2032-11-10 17:00:00,0.0,0.0
2032-11-10 18:00:00,0.0,0.0
2032-11-10 19:00:00,0.0,0.0
2032-11-10 20:00:00,0.0,0.0
2032-11-10 21:00:00,0.0,0.0
2032-11-10 22:00:00,0.0,0.0
2032-11-10 23:00:00,0.0,0.0
2032-11-11 00:00:00,0.0,0.0
2032-11-11 01:00:00,0.0,0.0
2032-11-11 02:00:00,0.0,0.0
2032-11-11 03:00:00,0.0,63.773554465785956
2032-11-11 04:00:00,0.0,166.3866421024641
2032-11-11 05:00:00,0.0,243.10670762521414
2032-11-11 06:00:00,0.0,294.41325144355324
2032-11-11 07:00:00,0.0,318.38827191941266
2032-11-11 08:00:00,0.0,318.38827191941266
2032-11-11 09:00:00,0.0,294.41325144355324
2032-11-11 10:00:00,0.0,242.14770680617977
2032-11-11 11:00:00,0.0,165.42764128342972
2032-11-11 12:00:00,0.0,73.8430630656469
2032-11-11 13:00:00,0.0,4.315503685654689
2032-11-11 14:00:00,0.0,0.0
2032-11-11 15:00:00,0.0,0.0
2032-11-11 16:00:00,0.0,0.0
2032-11-11 17:00:00,0.0,0.0
2032-11-11 18:00:00,0.0,0.0
2032-11-11 19:00:00,0.0,0.0
2032-11-11 20:00:00,0.0,0.0
2032-11-11 21:00:00,0.0,0.0
2032-11-11 22:00:00,0.0,0.0
2032-11-11 23:00:00,0.0,0.0
2032-11-12 00:00:00,0.0,0.0
2032-11-12 01:00:00,0.0,0.0
2032-11-12 02:00:00,0.0,0.0
2032-11-12 03:00:00,0.0,61.85555282771721
2032-11-12 04:00:00,0.0,163.03013923584382
2032-11-12 05:00:00,0.0,243.10670762521414
2032-11-12 06:00:00,0.0,292.4952498054845
2032-11-12 07:00:00,0.0,315.9907698718267
2032-11-12 08:00:00,0.0,310.7162653671376
2032-11-12 09:00:00,0.0,268.04072892010794
2032-11-12 10:00:00,0.0,209.54167895901102
2032-11-12 11:00:00,0.0,129.94461097915786
2032-11-12 12:00:00,0.0,58.97855037061409
2032-11-12 13:00:00,0.0,5.274504504689064
2032-11-12 14:00:00,0.0,0.0
2032-11-12 15:00:00,0.0,0.0
2032-11-12 16:00:00,0.0,0.0
2032-11-12 17:00:00,0.0,0.0
2032-11-12 18:00:00,0.0,0.0
2032-11-12 19:00:00,0.0,0.0
2032-11-12 20:00:00,0.0,0.0
2032-11-12 21:00:00,0.0,0.0
2032-11-12 22:00:00,0.0,0.0
2032-11-12 23:00:00,0.0,0.0
2032-11-13 00:00:00,0.0,0.0
2032-11-13 01:00:00,0.0,0.0
2032-11-13 02:00:00,0.0,0.0
2032-11-13 03:00:00,0.0,72.88406224661252
2032-11-13 04:00:00,0.0,180.77165438797977
2032-11-13 05:00:00,0.0,263.72522523445326
2032-11-13 06:00:00,0.0,317.42927110037823
2032-11-13 07:00:00,0.0,342.84279280478916
2032-11-13 08:00:00,0.0,346.67879608092665
2032-11-13 09:00:00,0.0,327.4987797002392
2032-11-13 10:00:00,0.0,281.94624079610634
2032-11-13 11:00:00,0.0,205.22617527335632
2032-11-13 12:00:00,0.0,109.80559377943595
2032-11-13 13:00:00,0.0,7.672006552275002
2032-11-13 14:00:00,0.0,0.0
2032-11-13 15:00:00,0.0,0.0
2032-11-13 16:00:00,0.0,0.0
2032-11-13 17:00:00,0.0,0.0
2032-11-13 18:00:00,0.0,0.0
2032-11-13 19:00:00,0.0,0.0
2032-11-13 20:00:00,0.0,0.0
2032-11-13 21:00:00,0.0,0.0
2032-11-13 22:00:00,0.0,0.0
2032-11-13 23:00:00,0.0,0.0
2032-11-14 00:00:00,0.0,0.0
2032-11-14 01:00:00,0.0,0.0
2032-11-14 02:00:00,0.0,0.0
2032-11-14 03:00:00,0.0,75.76106470371565
2032-11-14 04:00:00,0.0,187.0051597117032
2032-11-14 05:00:00,0.0,268.9997297391423
2032-11-14 06:00:00,0.0,323.18327601458446
2032-11-14 07:00:00,0.0,350.51479935706413
2032-11-14 08:00:00,0.0,354.3508026332017
2032-11-14 09:00:00,0.0,334.691285842997
2032-11-14 10:00:00,0.0,290.5772481674157
2032-11-14 11:00:00,0.0,220.5701883779063
2032-11-14 12:00:00,0.0,122.75210483640004
2032-11-14 13:00:00,0.0,8.631007371309378
2032-11-14 14:00:00,0.0,0.0
2032-11-14 15:00:00,0.0,0.0
2032-11-14 16:00:00,0.0,0.0
2032-11-14 17:00:00,0.0,0.0
2032-11-14 18:00:00,0.0,0.0
2032-11-14 19:00:00,0.0,0.0
2032-11-14 20:00:00,0.0,0.0
2032-11-14 21:00:00,0.0,0.0
2032-11-14 22:00:00,0.0,0.0
2032-11-14 23:00:00,0.0,0.0
2032-11-15 00:00:00,0.0,0.0
2032-11-15 01:00:00,0.0,0.0
2032-11-15 02:00:00,0.0,0.0
2032-11-15 03:00:00,0.0,79.11756757033596
2032-11-15 04:00:00,0.0,188.92316134977193
2032-11-15 05:00:00,0.0,269.9587305581766
2032-11-15 06:00:00,0.0,325.5807780621704
2032-11-15 07:00:00,0.0,354.3508026332017
2032-11-15 08:00:00,0.0,357.707305499822
2032-11-15 09:00:00,0.0,337.5682883001001
2032-11-15 10:00:00,0.0,293.45425062451886
2032-11-15 11:00:00,0.0,222.96769042549226
2032-11-15 12:00:00,0.0,126.58810811253753
2032-11-15 13:00:00,0.0,10.06950859986094
2032-11-15 14:00:00,0.0,0.0
2032-11-15 15:00:00,0.0,0.0
2032-11-15 16:00:00,0.0,0.0
2032-11-15 17:00:00,0.0,0.0
2032-11-15 18:00:00,0.0,0.0
2032-11-15 19:00:00,0.0,0.0
2032-11-15 20:00:00,0.0,0.0
2032-11-15 21:00:00,0.0,0.0
2032-11-15 22:00:00,0.0,0.0
2032-11-15 23:00:00,0.0,0.0
2032-11-16 00:00:00,0.0,0.0
2032-11-16 01:00:00,0.0,0.0
2032-11-16 02:00:00,0.0,0.0
2032-11-16 03:00:00,0.0,83.91257166550784
2032-11-16 04:00:00,0.0,194.19766585446098
2032-11-16 05:00:00,0.0,276.1922358819001
2032-11-16 06:00:00,0.0,329.41678133830794
2032-11-16 07:00:00,0.0,355.78930386175324
2032-11-16 08:00:00,0.0,358.66630631885636
2032-11-16 09:00:00,0.0,338.5272891191344
2032-11-16 10:00:00,0.0,293.45425062451886
2032-11-16 11:00:00,0.0,222.48819001597508
2032-11-16 12:00:00,0.0,124.6701064744688
2032-11-16 13:00:00,0.0,9.110507780826564
2032-11-16 14:00:00,0.0,0.0
2032-11-16 15:00:00,0.0,0.0
2032-11-16 16:00:00,0.0,0.0
2032-11-16 17:00:00,0.0,0.0
2032-11-16 18:00:00,0.0,0.0
2032-11-16 19:00:00,0.0,0.0
2032-11-16 20:00:00,0.0,0.0
2032-11-16 21:00:00,0.0,0.0
2032-11-16 22:00:00,0.0,0.0
2032-11-16 23:00:00,0.0,0.0
2032-11-17 00:00:00,0.0,0.0
2032-11-17 01:00:00,0.0,0.0
2032-11-17 02:00:00,0.0,0.0
2032-11-17 03:00:00,0.0,45.073038494615645
2032-11-17 04:00:00,0.0,133.78061425529535
2032-11-17 05:00:00,0.0,218.6521867398376
2032-11-17 06:00:00,0.0,271.8767321962454
2032-11-17 07:00:00,0.0,292.9747502150017
2032-11-17 08:00:00,0.0,279.5487387485204
2032-11-17 09:00:00,0.0,244.5452088537657
2032-11-17 10:00:00,0.0,191.3206633973579
2032-11-17 11:00:00,0.0,130.42411138867504
2032-11-17 12:00:00,0.0,62.81455364675159
2032-11-17 13:00:00,0.0,1.9180016380687506
2032-11-17 14:00:00,0.0,0.0
2032-11-17 15:00:00,0.0,0.0
2032-11-17 16:00:00,0.0,0.0
2032-11-17 17:00:00,0.0,0.0
2032-11-17 18:00:00,0.0,0.0
2032-11-17 19:00:00,0.0,0.0
2032-11-17 20:00:00,0.0,0.0
2032-11-17 21:00:00,0.0,0.0
2032-11-17 22:00:00,0.0,0.0
2032-11-17 23:00:00,0.0,0.0
2032-11-18 00:00:00,0.0,0.0
2032-11-18 01:00:00,0.0,0.0
2032-11-18 02:00:00,0.0,0.0
2032-11-18 03:00:00,0.0,53.70404586592502
2032-11-18 04:00:00,0.0,125.14960688398598
2032-11-18 05:00:00,0.0,191.80016380687505
2032-11-18 06:00:00,0.0,235.91420148245635
2032-11-18 07:00:00,0.0,261.3277231868673
2032-11-18 08:00:00,0.0,284.82324325320945
2032-11-18 09:00:00,0.0,304.9622604529314
2032-11-18 10:00:00,0.0,276.1922358819001
2032-11-18 11:00:00,0.0,205.7056756828735
2032-11-18 12:00:00,0.0,96.85908272247192
2032-11-18 13:00:00,0.0,3.836003276137501
2032-11-18 14:00:00,0.0,0.0
2032-11-18 15:00:00,0.0,0.0
2032-11-18 16:00:00,0.0,0.0
2032-11-18 17:00:00,0.0,0.0
2032-11-18 18:00:00,0.0,0.0
2032-11-18 19:00:00,0.0,0.0
2032-11-18 20:00:00,0.0,0.0
2032-11-18 21:00:00,0.0,0.0
2032-11-18 22:00:00,0.0,0.0
2032-11-18 23:00:00,0.0,0.0
2032-11-19 00:00:00,0.0,0.0
2032-11-19 01:00:00,0.0,0.0
2032-11-19 02:00:00,0.0,0.0
2032-11-19 03:00:00,0.0,53.224545456407824
2032-11-19 04:00:00,0.0,158.71463555018912
2032-11-19 05:00:00,0.0,240.7092055776282
2032-11-19 06:00:00,0.0,282.9052416151407
2032-11-19 07:00:00,0.0,316.47027028134386
2032-11-19 08:00:00,0.0,330.85528256685944
2032-11-19 09:00:00,0.0,314.0727682337579
2032-11-19 10:00:00,0.0,266.6022276915564
2032-11-19 11:00:00,0.0,190.8411629878407
2032-11-19 12:00:00,0.0,82.47407043695627
2032-11-19 13:00:00,0.0,3.356502866620314
2032-11-19 14:00:00,0.0,0.0
2032-11-19 15:00:00,0.0,0.0
2032-11-19 16:00:00,0.0,0.0
2032-11-19 17:00:00,0.0,0.0
2032-11-19 18:00:00,0.0,0.0
2032-11-19 19:00:00,0.0,0.0
2032-11-19 20:00:00,0.0,0.0
2032-11-19 21:00:00,0.0,0.0
2032-11-19 22:00:00,0.0,0.0
2032-11-19 23:00:00,0.0,0.0
2032-11-20 00:00:00,0.0,0.0
2032-11-20 01:00:00,0.0,0.0
2032-11-20 02:00:00,0.0,0.0
2032-11-20 03:00:00,0.0,53.224545456407824
2032-11-20 04:00:00,0.0,151.0426289979141
2032-11-20 05:00:00,0.0,235.91420148245635
2032-11-20 06:00:00,0.0,280.0282391580376
2032-11-20 07:00:00,0.0,304.9622604529314
2032-11-20 08:00:00,0.0,304.48276004341415
2032-11-20 09:00:00,0.0,275.7127354723829
2032-11-20 10:00:00,0.0,230.63969697776727
2032-11-20 11:00:00,0.0,157.75563473115474
2032-11-20 12:00:00,0.0,58.49904996109689
2032-11-20 13:00:00,0.0,0.9590008190343753
2032-11-20 14:00:00,0.0,0.0
2032-11-20 15:00:00,0.0,0.0
2032-11-20 16:00:00,0.0,0.0
2032-11-20 17:00:00,0.0,0.0
2032-11-20 18:00:00,0.0,0.0
2032-11-20 19:00:00,0.0,0.0
2032-11-20 20:00:00,0.0,0.0
2032-11-20 21:00:00,0.0,0.0
2032-11-20 22:00:00,0.0,0.0
2032-11-20 23:00:00,0.0,0.0
2032-11-21 00:00:00,0.0,0.0
2032-11-21 01:00:00,0.0,0.0
2032-11-21 02:00:00,0.0,0.0
2032-11-21 03:00:00,0.0,46.99104013268439
2032-11-21 04:00:00,0.0,150.56312858839692
2032-11-21 05:00:00,0.0,241.18870598714537
2032-11-21 06:00:00,0.0,305.4417608624486
2032-11-21 07:00:00,0.0,332.293783795411
2032-11-21 08:00:00,0.0,334.21178543347975
2032-11-21 09:00:00,0.0,318.8677723289298
2032-11-21 10:00:00,0.0,271.8767321962454
2032-11-21 11:00:00,0.0,198.03366913059847
2032-11-21 12:00:00,0.0,98.29758395102347
2032-11-21 13:00:00,0.0,4.315503685654689
2032-11-21 14:00:00,0.0,0.0
2032-11-21 15:00:00,0.0,0.0
2032-11-21 16:00:00,0.0,0.0
2032-11-21 17:00:00,0.0,0.0
2032-11-21 18:00:00,0.0,0.0
2032-11-21 19:00:00,0.0,0.0
2032-11-21 20:00:00,0.0,0.0
2032-11-21 21:00:00,0.0,0.0
2032-11-21 22:00:00,0.0,0.0
2032-11-21 23:00:00,0.0,0.0
2032-11-22 00:00:00,0.0,0.0
2032-11-22 01:00:00,0.0,0.0
2032-11-22 02:00:00,0.0,0.0
2032-11-22 03:00:00,0.0,44.114037675581265
2032-11-22 04:00:00,0.0,119.39560196977972
2032-11-22 05:00:00,0.0,180.77165438797977
2032-11-22 06:00:00,0.0,226.3241932921126
2032-11-22 07:00:00,0.0,264.2047256439704
2032-11-22 08:00:00,0.0,297.76975431017354
2032-11-22 09:00:00,0.0,286.7412448912782
2032-11-22 10:00:00,0.0,239.27070434907662
2032-11-22 11:00:00,0.0,179.81265356894536
2032-11-22 12:00:00,0.0,81.9945700274391
2032-11-22 13:00:00,0.0,1.438501228551563
2032-11-22 14:00:00,0.0,0.0
2032-11-22 15:00:00,0.0,0.0
2032-11-22 16:00:00,0.0,0.0
2032-11-22 17:00:00,0.0,0.0
2032-11-22 18:00:00,0.0,0.0
2032-11-22 19:00:00,0.0,0.0
2032-11-22 20:00:00,0.0,0.0
2032-11-22 21:00:00,0.0,0.0
2032-11-22 22:00:00,0.0,0.0
2032-11-22 23:00:00,0.0,0.0
2032-11-23 00:00:00,0.0,0.0
2032-11-23 01:00:00,0.0,0.0
2032-11-23 02:00:00,0.0,0.0
2032-11-23 03:00:00,0.0,53.224545456407824
2032-11-23 04:00:00,0.0,161.59163800729223
2032-11-23 05:00:00,0.0,244.5452088537657
2032-11-23 06:00:00,0.0,296.3312530816219
2032-11-23 07:00:00,0.0,322.2242751955501
2032-11-23 08:00:00,0.0,322.2242751955501
2032-11-23 09:00:00,0.0,302.56475840534546
2032-11-23 10:00:00,0.0,254.13521704410945
2032-11-23 11:00:00,0.0,176.93565111184222
2032-11-23 12:00:00,0.0,70.96606060854378
2032-11-23 13:00:00,0.0,2.397502047585938
2032-11-23 14:00:00,0.0,0.0
2032-11-23 15:00:00,0.0,0.0
2032-11-23 16:00:00,0.0,0.0
2032-11-23 17:00:00,0.0,0.0
2032-11-23 18:00:00,0.0,0.0
2032-11-23 19:00:00,0.0,0.0
2032-11-23 20:00:00,0.0,0.0
2032-11-23 21:00:00,0.0,0.0
2032-11-23 22:00:00,0.0,0.0
2032-11-23 23:00:00,0.0,0.0
2032-11-24 00:00:00,0.0,0.0
2032-11-24 01:00:00,0.0,0.0
2032-11-24 02:00:00,0.0,0.0
2032-11-24 03:00:00,0.0,59.93755118964846
2032-11-24 04:00:00,0.0,166.3866421024641
2032-11-24 05:00:00,0.0,249.81971335845475
2032-11-24 06:00:00,0.0,304.9622604529314
2032-11-24 07:00:00,0.0,333.2527846144454
2032-11-24 08:00:00,0.0,337.0887878905829
2032-11-24 09:00:00,0.0,317.9087715098954
2032-11-24 10:00:00,0.0,261.80722359638446
2032-11-24 11:00:00,0.0,194.19766585446098
2032-11-24 12:00:00,0.0,85.3510728940594
2032-11-24 13:00:00,0.0,3.356502866620314
2032-11-24 14:00:00,0.0,0.0
2032-11-24 15:00:00,0.0,0.0
2032-11-24 16:00:00,0.0,0.0
2032-11-24 17:00:00,0.0,0.0
2032-11-24 18:00:00,0.0,0.0
2032-11-24 19:00:00,0.0,0.0
2032-11-24 20:00:00,0.0,0.0
2032-11-24 21:00:00,0.0,0.0
2032-11-24 22:00:00,0.0,0.0
2032-11-24 23:00:00,0.0,0.0
2032-11-25 00:00:00,0.0,0.0
2032-11-25 01:00:00,0.0,0.0
2032-11-25 02:00:00,0.0,0.0
2032-11-25 03:00:00,0.0,62.3350532372344
2032-11-25 04:00:00,0.0,171.18164619763598
2032-11-25 05:00:00,0.0,256.05321868217817
2032-11-25 06:00:00,0.0,310.7162653671376
2032-11-25 07:00:00,0.0,338.5272891191344
2032-11-25 08:00:00,0.0,342.363292395272
2032-11-25 09:00:00,0.0,322.2242751955501
2032-11-25 10:00:00,0.0,278.1102375199688
2032-11-25 11:00:00,0.0,204.7466748638391
2032-11-25 12:00:00,0.0,105.49009009378128
2032-11-25 13:00:00,0.0,4.315503685654689
2032-11-25 14:00:00,0.0,0.0
2032-11-25 15:00:00,0.0,0.0
2032-11-25 16:00:00,0.0,0.0
2032-11-25 17:00:00,0.0,0.0
2032-11-25 18:00:00,0.0,0.0
2032-11-25 19:00:00,0.0,0.0
2032-11-25 20:00:00,0.0,0.0
2032-11-25 21:00:00,0.0,0.0
2032-11-25 22:00:00,0.0,0.0
2032-11-25 23:00:00,0.0,0.0
2032-11-26 00:00:00,0.0,0.0
2032-11-26 01:00:00,0.0,0.0
2032-11-26 02:00:00,0.0,0.0
2032-11-26 03:00:00,0.0,68.08905815144064
2032-11-26 04:00:00,0.0,178.853652749911
2032-11-26 05:00:00,0.0,262.28672400590165
2032-11-26 06:00:00,0.0,317.9087715098954
2032-11-26 07:00:00,0.0,346.19929567140946
2032-11-26 08:00:00,0.0,350.035298947547
2032-11-26 09:00:00,0.0,329.89628174782507
2032-11-26 10:00:00,0.0,284.82324325320945
2032-11-26 11:00:00,0.0,212.4186814161141
2032-11-26 12:00:00,0.0,112.6825962365391
2032-11-26 13:00:00,0.0,5.274504504689064
2032-11-26 14:00:00,0.0,0.0
2032-11-26 15:00:00,0.0,0.0
2032-11-26 16:00:00,0.0,0.0
2032-11-26 17:00:00,0.0,0.0
2032-11-26 18:00:00,0.0,0.0
2032-11-26 19:00:00,0.0,0.0
2032-11-26 20:00:00,0.0,0.0
2032-11-26 21:00:00,0.0,0.0
2032-11-26 22:00:00,0.0,0.0
2032-11-26 23:00:00,0.0,0.0
2032-11-27 00:00:00,0.0,0.0
2032-11-27 01:00:00,0.0,0.0
2032-11-27 02:00:00,0.0,0.0
2032-11-27 03:00:00,0.0,57.540049142062514
2032-11-27 04:00:00,0.0,173.09964783570473
2032-11-27 05:00:00,0.0,256.05321868217817
2032-11-27 06:00:00,0.0,305.9212612719657
2032-11-27 07:00:00,0.0,339.48628993816885
2032-11-27 08:00:00,0.0,344.76079444285796
2032-11-27 09:00:00,0.0,322.70377560506734
2032-11-27 10:00:00,0.0,274.7537346533485
2032-11-27 11:00:00,0.0,203.78767404480473
2032-11-27 12:00:00,0.0,105.49009009378128
2032-11-27 13:00:00,0.0,4.795004095171876
2032-11-27 14:00:00,0.0,0.0
2032-11-27 15:00:00,0.0,0.0
2032-11-27 16:00:00,0.0,0.0
2032-11-27 17:00:00,0.0,0.0
2032-11-27 18:00:00,0.0,0.0
2032-11-27 19:00:00,0.0,0.0
2032-11-27 20:00:00,0.0,0.0
2032-11-27 21:00:00,0.0,0.0
2032-11-27 22:00:00,0.0,0.0
2032-11-27 23:00:00,0.0,0.0
2032-11-28 00:00:00,0.0,0.0
2032-11-28 01:00:00,0.0,0.0
2032-11-28 02:00:00,0.0,0.0
2032-11-28 03:00:00,0.0,75.76106470371565
2032-11-28 04:00:00,0.0,187.0051597117032
2032-11-28 05:00:00,0.0,269.9587305581766
2032-11-28 06:00:00,0.0,323.6627764241017
2032-11-28 07:00:00,0.0,350.51479935706413
2032-11-28 08:00:00,0.0,353.3918018141673
2032-11-28 09:00:00,0.0,332.293783795411
2032-11-28 10:00:00,0.0,286.261744481761
2032-11-28 11:00:00,0.0,213.3776822351485
2032-11-28 12:00:00,0.0,112.6825962365391
2032-11-28 13:00:00,0.0,5.274504504689064
2032-11-28 14:00:00,0.0,0.0
2032-11-28 15:00:00,0.0,0.0
2032-11-28 16:00:00,0.0,0.0
2032-11-28 17:00:00,0.0,0.0
2032-11-28 18:00:00,0.0,0.0
2032-11-28 19:00:00,0.0,0.0
2032-11-28 20:00:00,0.0,0.0
2032-11-28 21:00:00,0.0,0.0
2032-11-28 22:00:00,0.0,0.0
2032-11-28 23:00:00,0.0,0.0
2032-11-29 00:00:00,0.0,0.0
2032-11-29 01:00:00,0.0,0.0
2032-11-29 02:00:00,0.0,0.0
2032-11-29 03:00:00,0.0,73.36356265612972
2032-11-29 04:00:00,0.0,185.08715807363444
2032-11-29 05:00:00,0.0,267.0817281010735
2032-11-29 06:00:00,0.0,320.7857739669986
2032-11-29 07:00:00,0.0,348.1172973094782
2032-11-29 08:00:00,0.0,350.9942997665814
2032-11-29 09:00:00,0.0,329.89628174782507
2032-11-29 10:00:00,0.0,283.86424243417514
2032-11-29 11:00:00,0.0,210.02117936852818
2032-11-29 12:00:00,0.0,112.2030958270219
2032-11-29 13:00:00,0.0,5.754004914206252
2032-11-29 14:00:00,0.0,0.0
2032-11-29 15:00:00,0.0,0.0
2032-11-29 16:00:00,0.0,0.0
2032-11-29 17:00:00,0.0,0.0
2032-11-29 18:00:00,0.0,0.0
2032-11-29 19:00:00,0.0,0.0
2032-11-29 20:00:00,0.0,0.0
2032-11-29 21:00:00,0.0,0.0
2032-11-29 22:00:00,0.0,0.0
2032-11-29 23:00:00,0.0,0.0
2032-11-30 00:00:00,0.0,0.0
2032-11-30 01:00:00,0.0,0.0
2032-11-30 02:00:00,0.0,0.0
2032-11-30 03:00:00,0.0,72.88406224661252
2032-11-30 04:00:00,0.0,183.64865684508285
2032-11-30 05:00:00,0.0,267.0817281010735
2032-11-30 06:00:00,0.0,320.3062735574813
2032-11-30 07:00:00,0.0,348.1172973094782
2032-11-30 08:00:00,0.0,351.4738001760985
2032-11-30 09:00:00,0.0,330.85528256685944
2032-11-30 10:00:00,0.0,285.7822440722438
2032-11-30 11:00:00,0.0,213.3776822351485
2032-11-30 12:00:00,0.0,113.1620966460563
2032-11-30 13:00:00,0.0,5.274504504689064
2032-11-30 14:00:00,0.0,0.0
2032-11-30 15:00:00,0.0,0.0
2032-11-30 16:00:00,0.0,0.0
2032-11-30 17:00:00,0.0,0.0
2032-11-30 18:00:00,0.0,0.0
2032-11-30 19:00:00,0.0,0.0
2032-11-30 20:00:00,0.0,0.0
2032-11-30 21:00:00,0.0,0.0
2032-11-30 22:00:00,0.0,0.0
2032-11-30 23:00:00,0.0,0.0
2032-12-01 00:00:00,0.0,0.0
2032-12-01 01:00:00,0.0,0.0
2032-12-01 02:00:00,0.0,0.0
2032-12-01 03:00:00,0.0,61.85555282771721
2032-12-01 04:00:00,0.0,164.94814087391254
2032-12-01 05:00:00,0.0,258.45072072976416
2032-12-01 06:00:00,0.0,305.4417608624486
2032-12-01 07:00:00,0.0,335.1707862525142
2032-12-01 08:00:00,0.0,333.2527846144454
2032-12-01 09:00:00,0.0,314.5522686432751
2032-12-01 10:00:00,0.0,262.76622441541883
2032-12-01 11:00:00,0.0,190.3616625783235
2032-12-01 12:00:00,0.0,73.8430630656469
2032-12-01 13:00:00,0.0,1.9180016380687506
2032-12-01 14:00:00,0.0,0.0
2032-12-01 15:00:00,0.0,0.0
2032-12-01 16:00:00,0.0,0.0
2032-12-01 17:00:00,0.0,0.0
2032-12-01 18:00:00,0.0,0.0
2032-12-01 19:00:00,0.0,0.0
2032-12-01 20:00:00,0.0,0.0
2032-12-01 21:00:00,0.0,0.0
2032-12-01 22:00:00,0.0,0.0
2032-12-01 23:00:00,0.0,0.0
2032-12-02 00:00:00,0.0,0.0
2032-12-02 01:00:00,0.0,0.0
2032-12-02 02:00:00,0.0,0.0
2032-12-02 03:00:00,0.0,50.34754299930471
2032-12-02 04:00:00,0.0,139.0551187599844
2032-12-02 05:00:00,0.0,218.17268633032037
2032-12-02 06:00:00,0.0,295.3722522625876
2032-12-02 07:00:00,0.0,330.85528256685944
2032-12-02 08:00:00,0.0,333.73228502396256
2032-12-02 09:00:00,0.0,310.23676495762044
2032-12-02 10:00:00,0.0,259.40972154879853
2032-12-02 11:00:00,0.0,177.89465193087662
2032-12-02 12:00:00,0.0,80.55606879888752
2032-12-02 13:00:00,0.0,2.877002457103126
2032-12-02 14:00:00,0.0,0.0
2032-12-02 15:00:00,0.0,0.0
2032-12-02 16:00:00,0.0,0.0
2032-12-02 17:00:00,0.0,0.0
2032-12-02 18:00:00,0.0,0.0
2032-12-02 19:00:00,0.0,0.0
2032-12-02 20:00:00,0.0,0.0
2032-12-02 21:00:00,0.0,0.0
2032-12-02 22:00:00,0.0,0.0
2032-12-02 23:00:00,0.0,0.0
2032-12-03 00:00:00,0.0,0.0
2032-12-03 01:00:00,0.0,0.0
2032-12-03 02:00:00,0.0,0.0
2032-12-03 03:00:00,0.0,56.10154791351095
2032-12-03 04:00:00,0.0,157.75563473115474
2032-12-03 05:00:00,0.0,236.39370189197348
2032-12-03 06:00:00,0.0,291.53624898645006
2032-12-03 07:00:00,0.0,320.7857739669986
2032-12-03 08:00:00,0.0,324.621777243136
2032-12-03 09:00:00,0.0,310.7162653671376
2032-12-03 10:00:00,0.0,275.2332350628657
2032-12-03 11:00:00,0.0,205.22617527335632
2032-12-03 12:00:00,0.0,105.01058968426409
2032-12-03 13:00:00,0.0,3.836003276137501
2032-12-03 14:00:00,0.0,0.0
2032-12-03 15:00:00,0.0,0.0
2032-12-03 16:00:00,0.0,0.0
2032-12-03 17:00:00,0.0,0.0
2032-12-03 18:00:00,0.0,0.0
2032-12-03 19:00:00,0.0,0.0
2032-12-03 20:00:00,0.0,0.0
2032-12-03 21:00:00,0.0,0.0
2032-12-03 22:00:00,0.0,0.0
2032-12-03 23:00:00,0.0,0.0
2032-12-04 00:00:00,0.0,0.0
2032-12-04 01:00:00,0.0,0.0
2032-12-04 02:00:00,0.0,0.0
2032-12-04 03:00:00,0.0,50.827043408821886
2032-12-04 04:00:00,0.0,157.27613432163756
2032-12-04 05:00:00,0.0,245.50420967280007
2032-12-04 06:00:00,0.0,302.0852579958282
2032-12-04 07:00:00,0.0,330.85528256685944
2032-12-04 08:00:00,0.0,332.77328420492825
2032-12-04 09:00:00,0.0,276.6717362914173
2032-12-04 10:00:00,0.0,218.6521867398376
2032-12-04 11:00:00,0.0,135.69861589336412
2032-12-04 12:00:00,0.0,55.62204750399378
2032-12-04 13:00:00,0.0,0.0
2032-12-04 14:00:00,0.0,0.0
2032-12-04 15:00:00,0.0,0.0
2032-12-04 16:00:00,0.0,0.0
2032-12-04 17:00:00,0.0,0.0
2032-12-04 18:00:00,0.0,0.0
2032-12-04 19:00:00,0.0,0.0
2032-12-04 20:00:00,0.0,0.0
2032-12-04 21:00:00,0.0,0.0
2032-12-04 22:00:00,0.0,0.0
2032-12-04 23:00:00,0.0,0.0
2032-12-05 00:00:00,0.0,0.0
2032-12-05 01:00:00,0.0,0.0
2032-12-05 02:00:00,0.0,0.0
2032-12-05 03:00:00,0.0,28.770024571031257
2032-12-05 04:00:00,0.0,105.49009009378128
2032-12-05 05:00:00,0.0,178.853652749911
2032-12-05 06:00:00,0.0,243.58620803473133
2032-12-05 07:00:00,0.0,276.6717362914173
2032-12-05 08:00:00,0.0,277.6307371104516
2032-12-05 09:00:00,0.0,254.61471745362664
2032-12-05 10:00:00,0.0,207.62367732094222
2032-12-05 11:00:00,0.0,138.5756183504672
2032-12-05 12:00:00,0.0,58.97855037061409
2032-12-05 13:00:00,0.0,0.0
2032-12-05 14:00:00,0.0,0.0
2032-12-05 15:00:00,0.0,0.0
2032-12-05 16:00:00,0.0,0.0
2032-12-05 17:00:00,0.0,0.0
2032-12-05 18:00:00,0.0,0.0
2032-12-05 19:00:00,0.0,0.0
2032-12-05 20:00:00,0.0,0.0
2032-12-05 21:00:00,0.0,0.0
2032-12-05 22:00:00,0.0,0.0
2032-12-05 23:00:00,0.0,0.0
2032-12-06 00:00:00,0.0,0.0
2032-12-06 01:00:00,0.0,0.0
2032-12-06 02:00:00,0.0,0.0
2032-12-06 03:00:00,0.0,26.37252252344532
2032-12-06 04:00:00,0.0,97.3385831319891
2032-12-06 05:00:00,0.0,192.75916462590945
2032-12-06 06:00:00,0.0,262.76622441541883
2032-12-06 07:00:00,0.0,301.12625717679384
2032-12-06 08:00:00,0.0,300.16725635775947
2032-12-06 09:00:00,0.0,266.1227272820392
2032-12-06 10:00:00,0.0,203.30817363528755
2032-12-06 11:00:00,0.0,137.61661753143284
2032-12-06 12:00:00,0.0,52.26554463737345
2032-12-06 13:00:00,0.0,0.0
2032-12-06 14:00:00,0.0,0.0
2032-12-06 15:00:00,0.0,0.0
2032-12-06 16:00:00,0.0,0.0
2032-12-06 17:00:00,0.0,0.0
2032-12-06 18:00:00,0.0,0.0
2032-12-06 19:00:00,0.0,0.0
2032-12-06 20:00:00,0.0,0.0
2032-12-06 21:00:00,0.0,0.0
2032-12-06 22:00:00,0.0,0.0
2032-12-06 23:00:00,0.0,0.0
2032-12-07 00:00:00,0.0,0.0
2032-12-07 01:00:00,0.0,0.0
2032-12-07 02:00:00,0.0,0.0
2032-12-07 03:00:00,0.0,30.68802620910001
2032-12-07 04:00:00,0.0,109.3260933699188
2032-12-07 05:00:00,0.0,207.14417691142506
2032-12-07 06:00:00,0.0,269.47923014865944
2032-12-07 07:00:00,0.0,300.64675676727666
2032-12-07 08:00:00,0.0,309.277764138586
2032-12-07 09:00:00,0.0,300.16725635775947
2032-12-07 10:00:00,0.0,253.17621622507505
2032-12-07 11:00:00,0.0,177.4151515213594
2032-12-07 12:00:00,0.0,79.59706797985316
2032-12-07 13:00:00,0.0,1.438501228551563
2032-12-07 14:00:00,0.0,0.0
2032-12-07 15:00:00,0.0,0.0
2032-12-07 16:00:00,0.0,0.0
2032-12-07 17:00:00,0.0,0.0
2032-12-07 18:00:00,0.0,0.0
2032-12-07 19:00:00,0.0,0.0
2032-12-07 20:00:00,0.0,0.0
2032-12-07 21:00:00,0.0,0.0
2032-12-07 22:00:00,0.0,0.0
2032-12-07 23:00:00,0.0,0.0
2032-12-08 00:00:00,0.0,0.0
2032-12-08 01:00:00,0.0,0.0
2032-12-08 02:00:00,0.0,0.0
2032-12-08 03:00:00,0.0,49.388542180270335
2032-12-08 04:00:00,0.0,150.56312858839692
2032-12-08 05:00:00,0.0,239.75020475859384
2032-12-08 06:00:00,0.0,296.81075349113917
2032-12-08 07:00:00,0.0,325.5807780621704
2032-12-08 08:00:00,0.0,328.9372809287908
2032-12-08 09:00:00,0.0,304.48276004341415
2032-12-08 10:00:00,0.0,259.40972154879853
2032-12-08 11:00:00,0.0,186.0461588926688
2032-12-08 12:00:00,0.0,87.74857494164534
2032-12-08 13:00:00,0.0,1.9180016380687506
2032-12-08 14:00:00,0.0,0.0
2032-12-08 15:00:00,0.0,0.0
2032-12-08 16:00:00,0.0,0.0
2032-12-08 17:00:00,0.0,0.0
2032-12-08 18:00:00,0.0,0.0
2032-12-08 19:00:00,0.0,0.0
2032-12-08 20:00:00,0.0,0.0
2032-12-08 21:00:00,0.0,0.0
2032-12-08 22:00:00,0.0,0.0
2032-12-08 23:00:00,0.0,0.0
2032-12-09 00:00:00,0.0,0.0
2032-12-09 01:00:00,0.0,0.0
2032-12-09 02:00:00,0.0,0.0
2032-12-09 03:00:00,0.0,54.6630466849594
2032-12-09 04:00:00,0.0,161.11213759777505
2032-12-09 05:00:00,0.0,245.02470926328292
2032-12-09 06:00:00,0.0,304.48276004341415
2032-12-09 07:00:00,0.0,333.73228502396256
2032-12-09 08:00:00,0.0,337.5682883001001
2032-12-09 09:00:00,0.0,318.38827191941266
2032-12-09 10:00:00,0.0,274.27423424383136
2032-12-09 11:00:00,0.0,202.82867322577036
2032-12-09 12:00:00,0.0,103.57208845571253
2032-12-09 13:00:00,0.0,3.356502866620314
2032-12-09 14:00:00,0.0,0.0
2032-12-09 15:00:00,0.0,0.0
2032-12-09 16:00:00,0.0,0.0
2032-12-09 17:00:00,0.0,0.0
2032-12-09 18:00:00,0.0,0.0
2032-12-09 19:00:00,0.0,0.0
2032-12-09 20:00:00,0.0,0.0
2032-12-09 21:00:00,0.0,0.0
2032-12-09 22:00:00,0.0,0.0
2032-12-09 23:00:00,0.0,0.0
2032-12-10 00:00:00,0.0,0.0
2032-12-10 01:00:00,0.0,0.0
2032-12-10 02:00:00,0.0,0.0
2032-12-10 03:00:00,0.0,68.08905815144064
2032-12-10 04:00:00,0.0,178.853652749911
2032-12-10 05:00:00,0.0,261.3277231868673
2032-12-10 06:00:00,0.0,314.0727682337579
2032-12-10 07:00:00,0.0,340.92479116672035
2032-12-10 08:00:00,0.0,343.32229321430634
2032-12-10 09:00:00,0.0,322.2242751955501
2032-12-10 10:00:00,0.0,276.6717362914173
2032-12-10 11:00:00,0.0,204.7466748638391
2032-12-10 12:00:00,0.0,105.96959050329848
2032-12-10 13:00:00,0.0,3.836003276137501
2032-12-10 14:00:00,0.0,0.0
2032-12-10 15:00:00,0.0,0.0
2032-12-10 16:00:00,0.0,0.0
2032-12-10 17:00:00,0.0,0.0
2032-12-10 18:00:00,0.0,0.0
2032-12-10 19:00:00,0.0,0.0
2032-12-10 20:00:00,0.0,0.0
2032-12-10 21:00:00,0.0,0.0
2032-12-10 22:00:00,0.0,0.0
2032-12-10 23:00:00,0.0,0.0
2032-12-11 00:00:00,0.0,0.0
2032-12-11 01:00:00,0.0,0.0
2032-12-11 02:00:00,0.0,0.0
2032-12-11 03:00:00,0.0,59.458050780131266
2032-12-11 04:00:00,0.0,167.3456429214985
2032-12-11 05:00:00,0.0,249.81971335845475
2032-12-11 06:00:00,0.0,303.0442588148626
2032-12-11 07:00:00,0.0,329.41678133830794
2032-12-11 08:00:00,0.0,332.293783795411
2032-12-11 09:00:00,0.0,309.277764138586
2032-12-11 10:00:00,0.0,262.76622441541883
2032-12-11 11:00:00,0.0,188.44366094025477
2032-12-11 12:00:00,0.0,89.1870761701969
2032-12-11 13:00:00,0.0,0.9590008190343753
2032-12-11 14:00:00,0.0,0.0
2032-12-11 15:00:00,0.0,0.0
2032-12-11 16:00:00,0.0,0.0
2032-12-11 17:00:00,0.0,0.0
2032-12-11 18:00:00,0.0,0.0
2032-12-11 19:00:00,0.0,0.0
2032-12-11 20:00:00,0.0,0.0
2032-12-11 21:00:00,0.0,0.0
2032-12-11 22:00:00,0.0,0.0
2032-12-11 23:00:00,0.0,0.0
2032-12-12 00:00:00,0.0,0.0
2032-12-12 01:00:00,0.0,0.0
2032-12-12 02:00:00,0.0,0.0
2032-12-12 03:00:00,0.0,67.60955774192345
2032-12-12 04:00:00,0.0,181.7306552070141
2032-12-12 05:00:00,0.0,265.16372646300476
2032-12-12 06:00:00,0.0,318.8677723289298
2032-12-12 07:00:00,0.0,346.19929567140946
2032-12-12 08:00:00,0.0,349.0762981285126
2032-12-12 09:00:00,0.0,328.9372809287908
2032-12-12 10:00:00,0.0,283.3847420246579
2032-12-12 11:00:00,0.0,210.98018018756255
2032-12-12 12:00:00,0.0,111.24409500798754
2032-12-12 13:00:00,0.0,4.315503685654689
2032-12-12 14:00:00,0.0,0.0
2032-12-12 15:00:00,0.0,0.0
2032-12-12 16:00:00,0.0,0.0
2032-12-12 17:00:00,0.0,0.0
2032-12-12 18:00:00,0.0,0.0
2032-12-12 19:00:00,0.0,0.0
2032-12-12 20:00:00,0.0,0.0
2032-12-12 21:00:00,0.0,0.0
2032-12-12 22:00:00,0.0,0.0
2032-12-12 23:00:00,0.0,0.0
2032-12-13 00:00:00,0.0,0.0
2032-12-13 01:00:00,0.0,0.0
2032-12-13 02:00:00,0.0,0.0
2032-12-13 03:00:00,0.0,68.56855856095784
2032-12-13 04:00:00,0.0,178.3741523403938
2032-12-13 05:00:00,0.0,259.8892219583157
2032-12-13 06:00:00,0.0,312.1547665956892
2032-12-13 07:00:00,0.0,339.00678952865167
2032-12-13 08:00:00,0.0,341.8837919857548
2032-12-13 09:00:00,0.0,321.2652743765157
2032-12-13 10:00:00,0.0,276.6717362914173
2032-12-13 11:00:00,0.0,204.7466748638391
2032-12-13 12:00:00,0.0,104.05158886522972
2032-12-13 13:00:00,0.0,3.356502866620314
2032-12-13 14:00:00,0.0,0.0
2032-12-13 15:00:00,0.0,0.0
2032-12-13 16:00:00,0.0,0.0
2032-12-13 17:00:00,0.0,0.0
2032-12-13 18:00:00,0.0,0.0
2032-12-13 19:00:00,0.0,0.0
2032-12-13 20:00:00,0.0,0.0
2032-12-13 21:00:00,0.0,0.0
2032-12-13 22:00:00,0.0,0.0
2032-12-13 23:00:00,0.0,0.0
2032-12-14 00:00:00,0.0,0.0
2032-12-14 01:00:00,0.0,0.0
2032-12-14 02:00:00,0.0,0.0
2032-12-14 03:00:00,0.0,62.3350532372344
2032-12-14 04:00:00,0.0,171.66114660715317
2032-12-14 05:00:00,0.0,254.61471745362664
2032-12-14 06:00:00,0.0,309.277764138586
2032-12-14 07:00:00,0.0,337.0887878905829
2032-12-14 08:00:00,0.0,340.92479116672035
2032-12-14 09:00:00,0.0,321.2652743765157
2032-12-14 10:00:00,0.0,276.1922358819001
2032-12-14 11:00:00,0.0,203.78767404480473
2032-12-14 12:00:00,0.0,103.09258804619535
2032-12-14 13:00:00,0.0,3.356502866620314
2032-12-14 14:00:00,0.0,0.0
2032-12-14 15:00:00,0.0,0.0
2032-12-14 16:00:00,0.0,0.0
2032-12-14 17:00:00,0.0,0.0
2032-12-14 18:00:00,0.0,0.0
2032-12-14 19:00:00,0.0,0.0
2032-12-14 20:00:00,0.0,0.0
2032-12-14 21:00:00,0.0,0.0
2032-12-14 22:00:00,0.0,0.0
2032-12-14 23:00:00,0.0,0.0
2032-12-15 00:00:00,0.0,0.0
2032-12-15 01:00:00,0.0,0.0
2032-12-15 02:00:00,0.0,0.0
2032-12-15 03:00:00,0.0,64.73255528482034
2032-12-15 04:00:00,0.0,173.57914824522192
2032-12-15 05:00:00,0.0,256.05321868217817
2032-12-15 06:00:00,0.0,307.8392629100345
2032-12-15 07:00:00,0.0,335.65028666203136
2032-12-15 08:00:00,0.0,339.48628993816885
2032-12-15 09:00:00,0.0,319.34727273844703
2032-12-15 10:00:00,0.0,271.39723178672824
2032-12-15 11:00:00,0.0,198.03366913059847
2032-12-15 12:00:00,0.0,95.90008190343752
2032-12-15 13:00:00,0.0,2.877002457103126
2032-12-15 14:00:00,0.0,0.0
2032-12-15 15:00:00,0.0,0.0
2032-12-15 16:00:00,0.0,0.0
2032-12-15 17:00:00,0.0,0.0
2032-12-15 18:00:00,0.0,0.0
2032-12-15 19:00:00,0.0,0.0
2032-12-15 20:00:00,0.0,0.0
2032-12-15 21:00:00,0.0,0.0
2032-12-15 22:00:00,0.0,0.0
2032-12-15 23:00:00,0.0,0.0
2032-12-16 00:00:00,0.0,0.0
2032-12-16 01:00:00,0.0,0.0
2032-12-16 02:00:00,0.0,0.0
2032-12-16 03:00:00,0.0,41.71653562799532
2032-12-16 04:00:00,0.0,134.73961507432972
2032-12-16 05:00:00,0.0,247.42221131086885
2032-12-16 06:00:00,0.0,293.933751034036
2032-12-16 07:00:00,0.0,335.65028666203136
2032-12-16 08:00:00,0.0,341.4042915762376
2032-12-16 09:00:00,0.0,321.2652743765157
2032-12-16 10:00:00,0.0,280.0282391580376
2032-12-16 11:00:00,0.0,207.14417691142506
2032-12-16 12:00:00,0.0,91.10507780826565
2032-12-16 13:00:00,0.0,1.9180016380687506
2032-12-16 14:00:00,0.0,0.0
2032-12-16 15:00:00,0.0,0.0
2032-12-16 16:00:00,0.0,0.0
2032-12-16 17:00:00,0.0,0.0
2032-12-16 18:00:00,0.0,0.0
2032-12-16 19:00:00,0.0,0.0
2032-12-16 20:00:00,0.0,0.0
2032-12-16 21:00:00,0.0,0.0
2032-12-16 22:00:00,0.0,0.0
2032-12-16 23:00:00,0.0,0.0
2032-12-17 00:00:00,0.0,0.0
2032-12-17 01:00:00,0.0,0.0
2032-12-17 02:00:00,0.0,0.0
2032-12-17 03:00:00,0.0,37.88053235185782
2032-12-17 04:00:00,0.0,132.3421130267438
2032-12-17 05:00:00,0.0,214.8161834637001
2032-12-17 06:00:00,0.0,290.0977477578985
2032-12-17 07:00:00,0.0,337.0887878905829
2032-12-17 08:00:00,0.0,342.363292395272
2032-12-17 09:00:00,0.0,323.6627764241017
2032-12-17 10:00:00,0.0,280.5077395675548
2032-12-17 11:00:00,0.0,209.0621785494938
2032-12-17 12:00:00,0.0,106.92859132233285
2032-12-17 13:00:00,0.0,3.356502866620314
2032-12-17 14:00:00,0.0,0.0
2032-12-17 15:00:00,0.0,0.0
2032-12-17 16:00:00,0.0,0.0
2032-12-17 17:00:00,0.0,0.0
2032-12-17 18:00:00,0.0,0.0
2032-12-17 19:00:00,0.0,0.0
2032-12-17 20:00:00,0.0,0.0
2032-12-17 21:00:00,0.0,0.0
2032-12-17 22:00:00,0.0,0.0
2032-12-17 23:00:00,0.0,0.0
2032-12-18 00:00:00,0.0,0.0
2032-12-18 01:00:00,0.0,0.0
2032-12-18 02:00:00,0.0,0.0
2032-12-18 03:00:00,0.0,55.62204750399378
2032-12-18 04:00:00,0.0,171.66114660715317
2032-12-18 05:00:00,0.0,255.09421786314383
2032-12-18 06:00:00,0.0,308.7982637290689
2032-12-18 07:00:00,0.0,335.65028666203136
2032-12-18 08:00:00,0.0,338.0477887096173
2032-12-18 09:00:00,0.0,316.47027028134386
2032-12-18 10:00:00,0.0,266.6022276915564
2032-12-18 11:00:00,0.0,192.27966421639226
2032-12-18 12:00:00,0.0,93.5025798558516
2032-12-18 13:00:00,0.0,1.9180016380687506
2032-12-18 14:00:00,0.0,0.0
2032-12-18 15:00:00,0.0,0.0
2032-12-18 16:00:00,0.0,0.0
2032-12-18 17:00:00,0.0,0.0
2032-12-18 18:00:00,0.0,0.0
2032-12-18 19:00:00,0.0,0.0
2032-12-18 20:00:00,0.0,0.0
2032-12-18 21:00:00,0.0,0.0
2032-12-18 22:00:00,0.0,0.0
2032-12-18 23:00:00,0.0,0.0
2032-12-19 00:00:00,0.0,0.0
2032-12-19 01:00:00,0.0,0.0
2032-12-19 02:00:00,0.0,0.0
2032-12-19 03:00:00,0.0,44.59353808509845
2032-12-19 04:00:00,0.0,147.20662572177662
2032-12-19 05:00:00,0.0,233.5166994348704
2032-12-19 06:00:00,0.0,304.48276004341415
2032-12-19 07:00:00,0.0,331.3347829763767
2032-12-19 08:00:00,0.0,333.73228502396256
2032-12-19 09:00:00,0.0,307.35976250051726
2032-12-19 10:00:00,0.0,258.93022113928134
2032-12-19 11:00:00,0.0,182.2101556165313
2032-12-19 12:00:00,0.0,80.07656838937032
2032-12-19 13:00:00,0.0,0.0
2032-12-19 14:00:00,0.0,0.0
2032-12-19 15:00:00,0.0,0.0
2032-12-19 16:00:00,0.0,0.0
2032-12-19 17:00:00,0.0,0.0
2032-12-19 18:00:00,0.0,0.0
2032-12-19 19:00:00,0.0,0.0
2032-12-19 20:00:00,0.0,0.0
2032-12-19 21:00:00,0.0,0.0
2032-12-19 22:00:00,0.0,0.0
2032-12-19 23:00:00,0.0,0.0
2032-12-20 00:00:00,0.0,0.0
2032-12-20 01:00:00,0.0,0.0
2032-12-20 02:00:00,0.0,0.0
2032-12-20 03:00:00,0.0,53.224545456407824
2032-12-20 04:00:00,0.0,163.03013923584382
2032-12-20 05:00:00,0.0,249.3402129489376
2032-12-20 06:00:00,0.0,305.9212612719657
2032-12-20 07:00:00,0.0,334.691285842997
2032-12-20 08:00:00,0.0,336.6092874810657
2032-12-20 09:00:00,0.0,310.7162653671376
2032-12-20 10:00:00,0.0,260.8482227773501
2032-12-20 11:00:00,0.0,173.09964783570473
2032-12-20 12:00:00,0.0,79.11756757033596
2032-12-20 13:00:00,0.0,0.9590008190343753
2032-12-20 14:00:00,0.0,0.0
2032-12-20 15:00:00,0.0,0.0
2032-12-20 16:00:00,0.0,0.0
2032-12-20 17:00:00,0.0,0.0
2032-12-20 18:00:00,0.0,0.0
2032-12-20 19:00:00,0.0,0.0
2032-12-20 20:00:00,0.0,0.0
2032-12-20 21:00:00,0.0,0.0
2032-12-20 22:00:00,0.0,0.0
2032-12-20 23:00:00,0.0,0.0
2032-12-21 00:00:00,0.0,0.0
2032-12-21 01:00:00,0.0,0.0
2032-12-21 02:00:00,0.0,0.0
2032-12-21 03:00:00,0.0,59.458050780131266
2032-12-21 04:00:00,0.0,168.30464374053284
2032-12-21 05:00:00,0.0,252.2172154060407
2032-12-21 06:00:00,0.0,306.4007616814829
2032-12-21 07:00:00,0.0,335.1707862525142
2032-12-21 08:00:00,0.0,337.5682883001001
2032-12-21 09:00:00,0.0,315.9907698718267
2032-12-21 10:00:00,0.0,272.83573301527974
2032-12-21 11:00:00,0.0,203.30817363528755
2032-12-21 12:00:00,0.0,102.13358722716097
2032-12-21 13:00:00,0.0,2.877002457103126
2032-12-21 14:00:00,0.0,0.0
2032-12-21 15:00:00,0.0,0.0
2032-12-21 16:00:00,0.0,0.0
2032-12-21 17:00:00,0.0,0.0
2032-12-21 18:00:00,0.0,0.0
2032-12-21 19:00:00,0.0,0.0
2032-12-21 20:00:00,0.0,0.0
2032-12-21 21:00:00,0.0,0.0
2032-12-21 22:00:00,0.0,0.0
2032-12-21 23:00:00,0.0,0.0
2032-12-22 00:00:00,0.0,0.0
2032-12-22 01:00:00,0.0,0.0
2032-12-22 02:00:00,0.0,0.0
2032-12-22 03:00:00,0.0,74.80206388468126
2032-12-22 04:00:00,0.0,187.96416053073756
2032-12-22 05:00:00,0.0,270.4382309676938
2032-12-22 06:00:00,0.0,324.621777243136
2032-12-22 07:00:00,0.0,351.4738001760985
2032-12-22 08:00:00,0.0,354.8303030427188
2032-12-22 09:00:00,0.0,334.21178543347975
2032-12-22 10:00:00,0.0,287.7002457103126
2032-12-22 11:00:00,0.0,213.8571826446657
2032-12-22 12:00:00,0.0,110.76459459847035
2032-12-22 13:00:00,0.0,4.315503685654689
2032-12-22 14:00:00,0.0,0.0
2032-12-22 15:00:00,0.0,0.0
2032-12-22 16:00:00,0.0,0.0
2032-12-22 17:00:00,0.0,0.0
2032-12-22 18:00:00,0.0,0.0
2032-12-22 19:00:00,0.0,0.0
2032-12-22 20:00:00,0.0,0.0
2032-12-22 21:00:00,0.0,0.0
2032-12-22 22:00:00,0.0,0.0
2032-12-22 23:00:00,0.0,0.0
2032-12-23 00:00:00,0.0,0.0
2032-12-23 01:00:00,0.0,0.0
2032-12-23 02:00:00,0.0,0.0
2032-12-23 03:00:00,0.0,61.85555282771721
2032-12-23 04:00:00,0.0,177.89465193087662
2032-12-23 05:00:00,0.0,261.3277231868673
2032-12-23 06:00:00,0.0,306.8802620910001
2032-12-23 07:00:00,0.0,330.85528256685944
2032-12-23 08:00:00,0.0,331.8142833858938
2032-12-23 09:00:00,0.0,309.75726454810325
2032-12-23 10:00:00,0.0,264.2047256439704
2032-12-23 11:00:00,0.0,194.19766585446098
2032-12-23 12:00:00,0.0,97.3385831319891
2032-12-23 13:00:00,0.0,3.356502866620314
2032-12-23 14:00:00,0.0,0.0
2032-12-23 15:00:00,0.0,0.0
2032-12-23 16:00:00,0.0,0.0
2032-12-23 17:00:00,0.0,0.0
2032-12-23 18:00:00,0.0,0.0
2032-12-23 19:00:00,0.0,0.0
2032-12-23 20:00:00,0.0,0.0
2032-12-23 21:00:00,0.0,0.0
2032-12-23 22:00:00,0.0,0.0
2032-12-23 23:00:00,0.0,0.0
2032-12-24 00:00:00,0.0,0.0
2032-12-24 01:00:00,0.0,0.0
2032-12-24 02:00:00,0.0,0.0
2032-12-24 03:00:00,0.0,81.03556920840472
2032-12-24 04:00:00,0.0,193.23866503542664
2032-12-24 05:00:00,0.0,274.7537346533485
2032-12-24 06:00:00,0.0,327.019279290722
2032-12-24 07:00:00,0.0,353.87130222368444
2032-12-24 08:00:00,0.0,356.2688042712704
2032-12-24 09:00:00,0.0,337.0887878905829
2032-12-24 10:00:00,0.0,291.0567485769329
2032-12-24 11:00:00,0.0,217.6931859208032
2032-12-24 12:00:00,0.0,114.60059787460784
2032-12-24 13:00:00,0.0,5.274504504689064
2032-12-24 14:00:00,0.0,0.0
2032-12-24 15:00:00,0.0,0.0
2032-12-24 16:00:00,0.0,0.0
2032-12-24 17:00:00,0.0,0.0
2032-12-24 18:00:00,0.0,0.0
2032-12-24 19:00:00,0.0,0.0
2032-12-24 20:00:00,0.0,0.0
2032-12-24 21:00:00,0.0,0.0
2032-12-24 22:00:00,0.0,0.0
2032-12-24 23:00:00,0.0,0.0
2032-12-25 00:00:00,0.0,0.0
2032-12-25 01:00:00,0.0,0.0
2032-12-25 02:00:00,0.0,0.0
2032-12-25 03:00:00,0.0,59.458050780131266
2032-12-25 04:00:00,0.0,171.66114660715317
2032-12-25 05:00:00,0.0,263.245724824936
2032-12-25 06:00:00,0.0,309.277764138586
2032-12-25 07:00:00,0.0,340.92479116672035
2032-12-25 08:00:00,0.0,326.5397788812048
2032-12-25 09:00:00,0.0,271.8767321962454
2032-12-25 10:00:00,0.0,210.02117936852818
2032-12-25 11:00:00,0.0,137.61661753143284
2032-12-25 12:00:00,0.0,59.458050780131266
2032-12-25 13:00:00,0.0,0.0
2032-12-25 14:00:00,0.0,0.0
2032-12-25 15:00:00,0.0,0.0
2032-12-25 16:00:00,0.0,0.0
2032-12-25 17:00:00,0.0,0.0
2032-12-25 18:00:00,0.0,0.0
2032-12-25 19:00:00,0.0,0.0
2032-12-25 20:00:00,0.0,0.0
2032-12-25 21:00:00,0.0,0.0
2032-12-25 22:00:00,0.0,0.0
2032-12-25 23:00:00,0.0,0.0
2032-12-26 00:00:00,0.0,0.0
2032-12-26 01:00:00,0.0,0.0
2032-12-26 02:00:00,0.0,0.0
2032-12-26 03:00:00,0.0,28.290524161514075
2032-12-26 04:00:00,0.0,90.62557739874845
2032-12-26 05:00:00,0.0,156.31713350260316
2032-12-26 06:00:00,0.0,207.62367732094222
2032-12-26 07:00:00,0.0,239.27070434907662
2032-12-26 08:00:00,0.0,242.62720721569696
2032-12-26 09:00:00,0.0,204.26717445432195
2032-12-26 10:00:00,0.0,159.19413595970633
2032-12-26 11:00:00,0.0,105.01058968426409
2032-12-26 12:00:00,0.0,44.114037675581265
2032-12-26 13:00:00,0.0,0.0
2032-12-26 14:00:00,0.0,0.0
2032-12-26 15:00:00,0.0,0.0
2032-12-26 16:00:00,0.0,0.0
2032-12-26 17:00:00,0.0,0.0
2032-12-26 18:00:00,0.0,0.0
2032-12-26 19:00:00,0.0,0.0
2032-12-26 20:00:00,0.0,0.0
2032-12-26 21:00:00,0.0,0.0
2032-12-26 22:00:00,0.0,0.0
2032-12-26 23:00:00,0.0,0.0
2032-12-27 00:00:00,0.0,0.0
2032-12-27 01:00:00,0.0,0.0
2032-12-27 02:00:00,0.0,0.0
2032-12-27 03:00:00,0.0,15.82351351406719
2032-12-27 04:00:00,0.0,64.25305487530314
2032-12-27 05:00:00,0.0,107.40809173185005
2032-12-27 06:00:00,0.0,134.26011466481253
2032-12-27 07:00:00,0.0,142.8911220361219
2032-12-27 08:00:00,0.0,135.2191154838469
2032-12-27 09:00:00,0.0,114.12109746509066
2032-12-27 10:00:00,0.0,88.22807535116253
2032-12-27 11:00:00,0.0,57.06054873254533
2032-12-27 12:00:00,0.0,22.536519247307822
2032-12-27 13:00:00,0.0,0.0
2032-12-27 14:00:00,0.0,0.0
2032-12-27 15:00:00,0.0,0.0
2032-12-27 16:00:00,0.0,0.0
2032-12-27 17:00:00,0.0,0.0
2032-12-27 18:00:00,0.0,0.0
2032-12-27 19:00:00,0.0,0.0
2032-12-27 20:00:00,0.0,0.0
2032-12-27 21:00:00,0.0,0.0
2032-12-27 22:00:00,0.0,0.0
2032-12-27 23:00:00,0.0,0.0
2032-12-28 00:00:00,0.0,0.0
2032-12-28 01:00:00,0.0,0.0
2032-12-28 02:00:00,0.0,0.0
2032-12-28 03:00:00,0.0,30.20852579958282
2032-12-28 04:00:00,0.0,107.40809173185005
2032-12-28 05:00:00,0.0,193.71816544494385
2032-12-28 06:00:00,0.0,222.00868960645786
2032-12-28 07:00:00,0.0,238.79120393955944
2032-12-28 08:00:00,0.0,238.31170353004228
2032-12-28 09:00:00,0.0,227.28319411114694
2032-12-28 10:00:00,0.0,181.2511547974969
2032-12-28 11:00:00,0.0,116.99809992219377
2032-12-28 12:00:00,0.0,41.71653562799532
2032-12-28 13:00:00,0.0,0.0
2032-12-28 14:00:00,0.0,0.0
2032-12-28 15:00:00,0.0,0.0
2032-12-28 16:00:00,0.0,0.0
2032-12-28 17:00:00,0.0,0.0
2032-12-28 18:00:00,0.0,0.0
2032-12-28 19:00:00,0.0,0.0
2032-12-28 20:00:00,0.0,0.0
2032-12-28 21:00:00,0.0,0.0
2032-12-28 22:00:00,0.0,0.0
2032-12-28 23:00:00,0.0,0.0
2032-12-29 00:00:00,0.0,0.0
2032-12-29 01:00:00,0.0,0.0
2032-12-29 02:00:00,0.0,0.0
2032-12-29 03:00:00,0.0,54.6630466849594
2032-12-29 04:00:00,0.0,161.59163800729223
2032-12-29 05:00:00,0.0,245.02470926328292
2032-12-29 06:00:00,0.0,298.72875512920785
2032-12-29 07:00:00,0.0,315.0317690527923
2032-12-29 08:00:00,0.0,320.7857739669986
2032-12-29 09:00:00,0.0,276.1922358819001
2032-12-29 10:00:00,0.0,210.98018018756255
2032-12-29 11:00:00,0.0,149.60412776936252
2032-12-29 12:00:00,0.0,68.56855856095784
2032-12-29 13:00:00,0.0,0.9590008190343753
2032-12-29 14:00:00,0.0,0.0
2032-12-29 15:00:00,0.0,0.0
2032-12-29 16:00:00,0.0,0.0
2032-12-29 17:00:00,0.0,0.0
2032-12-29 18:00:00,0.0,0.0
2032-12-29 19:00:00,0.0,0.0
2032-12-29 20:00:00,0.0,0.0
2032-12-29 21:00:00,0.0,0.0
2032-12-29 22:00:00,0.0,0.0
2032-12-29 23:00:00,0.0,0.0
2032-12-30 00:00:00,0.0,0.0
2032-12-30 01:00:00,0.0,0.0
2032-12-30 02:00:00,0.0,0.0
2032-12-30 03:00:00,0.0,68.56855856095784
2032-12-30 04:00:00,0.0,175.97665029280788
2032-12-30 05:00:00,0.0,257.97122032024697
2032-12-30 06:00:00,0.0,294.41325144355324
2032-12-30 07:00:00,0.0,315.5112694623095
2032-12-30 08:00:00,0.0,309.277764138586
2032-12-30 09:00:00,0.0,308.31876331955164
2032-12-30 10:00:00,0.0,255.09421786314383
2032-12-30 11:00:00,0.0,187.48466012122037
2032-12-30 12:00:00,0.0,78.15856675130158
2032-12-30 13:00:00,0.0,0.9590008190343753
2032-12-30 14:00:00,0.0,0.0
2032-12-30 15:00:00,0.0,0.0
2032-12-30 16:00:00,0.0,0.0
2032-12-30 17:00:00,0.0,0.0
2032-12-30 18:00:00,0.0,0.0
2032-12-30 19:00:00,0.0,0.0
2032-12-30 20:00:00,0.0,0.0
2032-12-30 21:00:00,0.0,0.0
2032-12-30 22:00:00,0.0,0.0
2032-12-30 23:00:00,0.0,0.0
