timestamp,P_wind_MW,P_solar_MW
2045-01-01 00:00:00,0.0,0.0
2045-01-01 01:00:00,0.0,0.0
2045-01-01 02:00:00,0.0,0.0
2045-01-01 03:00:00,0.0,72.750975962431
2045-01-01 04:00:00,0.0,175.40572732046252
2045-01-01 05:00:00,0.0,251.2809783242249
2045-01-01 06:00:00,0.0,298.14510394419574
2045-01-01 07:00:00,0.0,323.58562928075145
2045-01-01 08:00:00,0.0,326.7099043220828
2045-01-01 09:00:00,0.0,306.62527905638103
2045-01-01 10:00:00,0.0,263.77807848955047
2045-01-01 11:00:00,0.0,195.4903525861643
2045-01-01 12:00:00,0.0,99.53047631670009
2045-01-01 13:00:00,0.0,4.016925053140362
2045-01-01 14:00:00,0.0,0.0
2045-01-01 15:00:00,0.0,0.0
2045-01-01 16:00:00,0.0,0.0
2045-01-01 17:00:00,0.0,0.0
2045-01-01 18:00:00,0.0,0.0
2045-01-01 19:00:00,0.0,0.0
2045-01-01 20:00:00,0.0,0.0
2045-01-01 21:00:00,0.0,0.0
2045-01-01 22:00:00,0.0,0.0
2045-01-01 23:00:00,0.0,0.0
2045-01-02 00:00:00,0.0,0.0
2045-01-02 01:00:00,0.0,0.0
2045-01-02 02:00:00,0.0,0.0
2045-01-02 03:00:00,0.0,67.84140089748168
2045-01-02 04:00:00,0.0,170.49615225551315
2045-01-02 05:00:00,0.0,247.2640532710845
2045-01-02 06:00:00,0.0,296.35980392057786
2045-01-02 07:00:00,0.0,321.80032925713346
2045-01-02 08:00:00,0.0,324.0319542866559
2045-01-02 09:00:00,0.0,303.5010040150496
2045-01-02 10:00:00,0.0,260.2074784423146
2045-01-02 11:00:00,0.0,191.47342753302394
2045-01-02 12:00:00,0.0,95.95987626946422
2045-01-02 13:00:00,0.0,4.016925053140362
2045-01-02 14:00:00,0.0,0.0
2045-01-02 15:00:00,0.0,0.0
2045-01-02 16:00:00,0.0,0.0
2045-01-02 17:00:00,0.0,0.0
2045-01-02 18:00:00,0.0,0.0
2045-01-02 19:00:00,0.0,0.0
2045-01-02 20:00:00,0.0,0.0
2045-01-02 21:00:00,0.0,0.0
2045-01-02 22:00:00,0.0,0.0
2045-01-02 23:00:00,0.0,0.0
2045-01-03 00:00:00,0.0,0.0
2045-01-03 01:00:00,0.0,0.0
2045-01-03 02:00:00,0.0,0.0
2045-01-03 03:00:00,0.0,72.750975962431
2045-01-03 04:00:00,0.0,174.95940231455802
2045-01-03 05:00:00,0.0,251.7273033301294
2045-01-03 06:00:00,0.0,301.71570399143167
2045-01-03 07:00:00,0.0,326.26357931617827
2045-01-03 08:00:00,0.0,328.49520434570076
2045-01-03 09:00:00,0.0,308.85690408590335
2045-01-03 10:00:00,0.0,266.4560285249774
2045-01-03 11:00:00,0.0,198.61462762749568
2045-01-03 12:00:00,0.0,103.54740136984044
2045-01-03 13:00:00,0.0,5.355900070853816
2045-01-03 14:00:00,0.0,0.0
2045-01-03 15:00:00,0.0,0.0
2045-01-03 16:00:00,0.0,0.0
2045-01-03 17:00:00,0.0,0.0
2045-01-03 18:00:00,0.0,0.0
2045-01-03 19:00:00,0.0,0.0
2045-01-03 20:00:00,0.0,0.0
2045-01-03 21:00:00,0.0,0.0
2045-01-03 22:00:00,0.0,0.0
2045-01-03 23:00:00,0.0,0.0
2045-01-04 00:00:00,0.0,0.0
2045-01-04 01:00:00,0.0,0.0
2045-01-04 02:00:00,0.0,0.0
2045-01-04 03:00:00,0.0,76.3215760096669
2045-01-04 04:00:00,0.0,179.86897737950736
2045-01-04 05:00:00,0.0,254.85157837146076
2045-01-04 06:00:00,0.0,301.26937898552717
2045-01-04 07:00:00,0.0,324.9246042984648
2045-01-04 08:00:00,0.0,326.7099043220828
2045-01-04 09:00:00,0.0,307.0716040622855
2045-01-04 10:00:00,0.0,263.77807848955047
2045-01-04 11:00:00,0.0,195.93667759206878
2045-01-04 12:00:00,0.0,100.86945133441354
2045-01-04 13:00:00,0.0,5.355900070853816
2045-01-04 14:00:00,0.0,0.0
2045-01-04 15:00:00,0.0,0.0
2045-01-04 16:00:00,0.0,0.0
2045-01-04 17:00:00,0.0,0.0
2045-01-04 18:00:00,0.0,0.0
2045-01-04 19:00:00,0.0,0.0
2045-01-04 20:00:00,0.0,0.0
2045-01-04 21:00:00,0.0,0.0
2045-01-04 22:00:00,0.0,0.0
2045-01-04 23:00:00,0.0,0.0
2045-01-05 00:00:00,0.0,0.0
2045-01-05 01:00:00,0.0,0.0
2045-01-05 02:00:00,0.0,0.0
2045-01-05 03:00:00,0.0,68.73405090929064
2045-01-05 04:00:00,0.0,169.60350224370418
2045-01-05 05:00:00,0.0,244.13977822975315
2045-01-05 06:00:00,0.0,288.3259538142972
2045-01-05 07:00:00,0.0,311.98117912723484
2045-01-05 08:00:00,0.0,313.7664791508527
2045-01-05 09:00:00,0.0,294.5745038969599
2045-01-05 10:00:00,0.0,250.8346533183204
2045-01-05 11:00:00,0.0,180.7616273913163
2045-01-05 12:00:00,0.0,84.3554261159476
2045-01-05 13:00:00,0.0,2.2316250295224234
2045-01-05 14:00:00,0.0,0.0
2045-01-05 15:00:00,0.0,0.0
2045-01-05 16:00:00,0.0,0.0
2045-01-05 17:00:00,0.0,0.0
2045-01-05 18:00:00,0.0,0.0
2045-01-05 19:00:00,0.0,0.0
2045-01-05 20:00:00,0.0,0.0
2045-01-05 21:00:00,0.0,0.0
2045-01-05 22:00:00,0.0,0.0
2045-01-05 23:00:00,0.0,0.0
2045-01-06 00:00:00,0.0,0.0
2045-01-06 01:00:00,0.0,0.0
2045-01-06 02:00:00,0.0,0.0
2045-01-06 03:00:00,0.0,51.32737567901574
2045-01-06 04:00:00,0.0,145.9482769307665
2045-01-06 05:00:00,0.0,231.64267806442757
2045-01-06 06:00:00,0.0,284.30902876115675
2045-01-06 07:00:00,0.0,311.98117912723484
2045-01-06 08:00:00,0.0,315.99810418037515
2045-01-06 09:00:00,0.0,296.8061289264823
2045-01-06 10:00:00,0.0,253.06627834784285
2045-01-06 11:00:00,0.0,183.8859024326477
2045-01-06 12:00:00,0.0,87.03337615137451
2045-01-06 13:00:00,0.0,3.1242750413313933
2045-01-06 14:00:00,0.0,0.0
2045-01-06 15:00:00,0.0,0.0
2045-01-06 16:00:00,0.0,0.0
2045-01-06 17:00:00,0.0,0.0
2045-01-06 18:00:00,0.0,0.0
2045-01-06 19:00:00,0.0,0.0
2045-01-06 20:00:00,0.0,0.0
2045-01-06 21:00:00,0.0,0.0
2045-01-06 22:00:00,0.0,0.0
2045-01-06 23:00:00,0.0,0.0
2045-01-07 00:00:00,0.0,0.0
2045-01-07 01:00:00,0.0,0.0
2045-01-07 02:00:00,0.0,0.0
2045-01-07 03:00:00,0.0,72.750975962431
2045-01-07 04:00:00,0.0,174.51307730865352
2045-01-07 05:00:00,0.0,251.2809783242249
2045-01-07 06:00:00,0.0,299.93040396781373
2045-01-07 07:00:00,0.0,325.8172543102738
2045-01-07 08:00:00,0.0,328.04887933979626
2045-01-07 09:00:00,0.0,305.2863040386676
2045-01-07 10:00:00,0.0,261.1001284541236
2045-01-07 11:00:00,0.0,191.02710252711944
2045-01-07 12:00:00,0.0,93.2819262340373
2045-01-07 13:00:00,0.0,3.5706000472358776
2045-01-07 14:00:00,0.0,0.0
2045-01-07 15:00:00,0.0,0.0
2045-01-07 16:00:00,0.0,0.0
2045-01-07 17:00:00,0.0,0.0
2045-01-07 18:00:00,0.0,0.0
2045-01-07 19:00:00,0.0,0.0
2045-01-07 20:00:00,0.0,0.0
2045-01-07 21:00:00,0.0,0.0
2045-01-07 22:00:00,0.0,0.0
2045-01-07 23:00:00,0.0,0.0
2045-01-08 00:00:00,0.0,0.0
2045-01-08 01:00:00,0.0,0.0
2045-01-08 02:00:00,0.0,0.0
2045-01-08 03:00:00,0.0,70.0730259270041
2045-01-08 04:00:00,0.0,174.51307730865352
2045-01-08 05:00:00,0.0,251.2809783242249
2045-01-08 06:00:00,0.0,299.03775395600474
2045-01-08 07:00:00,0.0,324.0319542866559
2045-01-08 08:00:00,0.0,325.8172543102738
2045-01-08 09:00:00,0.0,306.1789540504766
2045-01-08 10:00:00,0.0,261.99277846593253
2045-01-08 11:00:00,0.0,192.8124025507374
2045-01-08 12:00:00,0.0,97.74517629308215
2045-01-08 13:00:00,0.0,5.355900070853816
2045-01-08 14:00:00,0.0,0.0
2045-01-08 15:00:00,0.0,0.0
2045-01-08 16:00:00,0.0,0.0
2045-01-08 17:00:00,0.0,0.0
2045-01-08 18:00:00,0.0,0.0
2045-01-08 19:00:00,0.0,0.0
2045-01-08 20:00:00,0.0,0.0
2045-01-08 21:00:00,0.0,0.0
2045-01-08 22:00:00,0.0,0.0
2045-01-08 23:00:00,0.0,0.0
2045-01-09 00:00:00,0.0,0.0
2045-01-09 01:00:00,0.0,0.0
2045-01-09 02:00:00,0.0,0.0
2045-01-09 03:00:00,0.0,74.08995098014447
2045-01-09 04:00:00,0.0,176.29837733227146
2045-01-09 05:00:00,0.0,252.61995334193836
2045-01-09 06:00:00,0.0,302.60835400324066
2045-01-09 07:00:00,0.0,327.15622932798726
2045-01-09 08:00:00,0.0,329.8341793634142
2045-01-09 09:00:00,0.0,307.51792906818997
2045-01-09 10:00:00,0.0,263.77807848955047
2045-01-09 11:00:00,0.0,191.91975253892844
2045-01-09 12:00:00,0.0,98.63782630489112
2045-01-09 13:00:00,0.0,5.802225076758301
2045-01-09 14:00:00,0.0,0.0
2045-01-09 15:00:00,0.0,0.0
2045-01-09 16:00:00,0.0,0.0
2045-01-09 17:00:00,0.0,0.0
2045-01-09 18:00:00,0.0,0.0
2045-01-09 19:00:00,0.0,0.0
2045-01-09 20:00:00,0.0,0.0
2045-01-09 21:00:00,0.0,0.0
2045-01-09 22:00:00,0.0,0.0
2045-01-09 23:00:00,0.0,0.0
2045-01-10 00:00:00,0.0,0.0
2045-01-10 01:00:00,0.0,0.0
2045-01-10 02:00:00,0.0,0.0
2045-01-10 03:00:00,0.0,64.27080085024579
2045-01-10 04:00:00,0.0,176.29837733227146
2045-01-10 05:00:00,0.0,252.61995334193836
2045-01-10 06:00:00,0.0,303.9473290209541
2045-01-10 07:00:00,0.0,328.49520434570076
2045-01-10 08:00:00,0.0,330.28050436931863
2045-01-10 09:00:00,0.0,308.85690408590335
2045-01-10 10:00:00,0.0,263.77807848955047
2045-01-10 11:00:00,0.0,195.93667759206878
2045-01-10 12:00:00,0.0,100.42312632850906
2045-01-10 13:00:00,0.0,5.802225076758301
2045-01-10 14:00:00,0.0,0.0
2045-01-10 15:00:00,0.0,0.0
2045-01-10 16:00:00,0.0,0.0
2045-01-10 17:00:00,0.0,0.0
2045-01-10 18:00:00,0.0,0.0
2045-01-10 19:00:00,0.0,0.0
2045-01-10 20:00:00,0.0,0.0
2045-01-10 21:00:00,0.0,0.0
2045-01-10 22:00:00,0.0,0.0
2045-01-10 23:00:00,0.0,0.0
2045-01-11 00:00:00,0.0,0.0
2045-01-11 01:00:00,0.0,0.0
2045-01-11 02:00:00,0.0,0.0
2045-01-11 03:00:00,0.0,63.378150838436824
2045-01-11 04:00:00,0.0,166.92555220827728
2045-01-11 05:00:00,0.0,245.0324282415621
2045-01-11 06:00:00,0.0,299.4840789619093
2045-01-11 07:00:00,0.0,321.80032925713346
2045-01-11 08:00:00,0.0,321.80032925713346
2045-01-11 09:00:00,0.0,293.68185388515093
2045-01-11 10:00:00,0.0,244.13977822975315
2045-01-11 11:00:00,0.0,166.92555220827728
2045-01-11 12:00:00,0.0,68.73405090929064
2045-01-11 13:00:00,0.0,1.338975017713454
2045-01-11 14:00:00,0.0,0.0
2045-01-11 15:00:00,0.0,0.0
2045-01-11 16:00:00,0.0,0.0
2045-01-11 17:00:00,0.0,0.0
2045-01-11 18:00:00,0.0,0.0
2045-01-11 19:00:00,0.0,0.0
2045-01-11 20:00:00,0.0,0.0
2045-01-11 21:00:00,0.0,0.0
2045-01-11 22:00:00,0.0,0.0
2045-01-11 23:00:00,0.0,0.0
2045-01-12 00:00:00,0.0,0.0
2045-01-12 01:00:00,0.0,0.0
2045-01-12 02:00:00,0.0,0.0
2045-01-12 03:00:00,0.0,65.60977586795924
2045-01-12 04:00:00,0.0,170.04982724960868
2045-01-12 05:00:00,0.0,247.71037827698905
2045-01-12 06:00:00,0.0,305.2863040386676
2045-01-12 07:00:00,0.0,327.15622932798726
2045-01-12 08:00:00,0.0,327.6025543338918
2045-01-12 09:00:00,0.0,307.0716040622855
2045-01-12 10:00:00,0.0,262.439103471837
2045-01-12 11:00:00,0.0,193.25872755664184
2045-01-12 12:00:00,0.0,95.95987626946422
2045-01-12 13:00:00,0.0,4.9095750649493315
2045-01-12 14:00:00,0.0,0.0
2045-01-12 15:00:00,0.0,0.0
2045-01-12 16:00:00,0.0,0.0
2045-01-12 17:00:00,0.0,0.0
2045-01-12 18:00:00,0.0,0.0
2045-01-12 19:00:00,0.0,0.0
2045-01-12 20:00:00,0.0,0.0
2045-01-12 21:00:00,0.0,0.0
2045-01-12 22:00:00,0.0,0.0
2045-01-12 23:00:00,0.0,0.0
2045-01-13 00:00:00,0.0,0.0
2045-01-13 01:00:00,0.0,0.0
2045-01-13 02:00:00,0.0,0.0
2045-01-13 03:00:00,0.0,69.62670092109961
2045-01-13 04:00:00,0.0,171.38880226732212
2045-01-13 05:00:00,0.0,248.603028288798
2045-01-13 06:00:00,0.0,295.46715390876886
2045-01-13 07:00:00,0.0,320.9076792453245
2045-01-13 08:00:00,0.0,323.58562928075145
2045-01-13 09:00:00,0.0,303.0546790091451
2045-01-13 10:00:00,0.0,258.4221784186966
2045-01-13 11:00:00,0.0,187.90282748578807
2045-01-13 12:00:00,0.0,90.6039761986104
2045-01-13 13:00:00,0.0,4.016925053140362
2045-01-13 14:00:00,0.0,0.0
2045-01-13 15:00:00,0.0,0.0
2045-01-13 16:00:00,0.0,0.0
2045-01-13 17:00:00,0.0,0.0
2045-01-13 18:00:00,0.0,0.0
2045-01-13 19:00:00,0.0,0.0
2045-01-13 20:00:00,0.0,0.0
2045-01-13 21:00:00,0.0,0.0
2045-01-13 22:00:00,0.0,0.0
2045-01-13 23:00:00,0.0,0.0
2045-01-14 00:00:00,0.0,0.0
2045-01-14 01:00:00,0.0,0.0
2045-01-14 02:00:00,0.0,0.0
2045-01-14 03:00:00,0.0,50.88105067311126
2045-01-14 04:00:00,0.0,152.6431520193338
2045-01-14 05:00:00,0.0,226.28677799357376
2045-01-14 06:00:00,0.0,286.9869787965836
2045-01-14 07:00:00,0.0,319.1223792217065
2045-01-14 08:00:00,0.0,309.7495540977124
2045-01-14 09:00:00,0.0,288.7722788202016
2045-01-14 10:00:00,0.0,253.5126033537473
2045-01-14 11:00:00,0.0,182.54692741493423
2045-01-14 12:00:00,0.0,87.9260261631835
2045-01-14 13:00:00,0.0,3.1242750413313933
2045-01-14 14:00:00,0.0,0.0
2045-01-14 15:00:00,0.0,0.0
2045-01-14 16:00:00,0.0,0.0
2045-01-14 17:00:00,0.0,0.0
2045-01-14 18:00:00,0.0,0.0
2045-01-14 19:00:00,0.0,0.0
2045-01-14 20:00:00,0.0,0.0
2045-01-14 21:00:00,0.0,0.0
2045-01-14 22:00:00,0.0,0.0
2045-01-14 23:00:00,0.0,0.0
2045-01-15 00:00:00,0.0,0.0
2045-01-15 01:00:00,0.0,0.0
2045-01-15 02:00:00,0.0,0.0
2045-01-15 03:00:00,0.0,60.25387579710544
2045-01-15 04:00:00,0.0,149.07255197209787
2045-01-15 05:00:00,0.0,228.0720780171917
2045-01-15 06:00:00,0.0,286.9869787965836
2045-01-15 07:00:00,0.0,316.4444291862797
2045-01-15 08:00:00,0.0,320.46135423942
2045-01-15 09:00:00,0.0,306.62527905638103
2045-01-15 10:00:00,0.0,266.90235353088184
2045-01-15 11:00:00,0.0,198.61462762749568
2045-01-15 12:00:00,0.0,102.65475135803148
2045-01-15 13:00:00,0.0,7.141200094471755
2045-01-15 14:00:00,0.0,0.0
2045-01-15 15:00:00,0.0,0.0
2045-01-15 16:00:00,0.0,0.0
2045-01-15 17:00:00,0.0,0.0
2045-01-15 18:00:00,0.0,0.0
2045-01-15 19:00:00,0.0,0.0
2045-01-15 20:00:00,0.0,0.0
2045-01-15 21:00:00,0.0,0.0
2045-01-15 22:00:00,0.0,0.0
2045-01-15 23:00:00,0.0,0.0
2045-01-16 00:00:00,0.0,0.0
2045-01-16 01:00:00,0.0,0.0
2045-01-16 02:00:00,0.0,0.0
2045-01-16 03:00:00,0.0,75.42892599785792
2045-01-16 04:00:00,0.0,176.29837733227146
2045-01-16 05:00:00,0.0,253.5126033537473
2045-01-16 06:00:00,0.0,303.5010040150496
2045-01-16 07:00:00,0.0,328.49520434570076
2045-01-16 08:00:00,0.0,330.72682937522313
2045-01-16 09:00:00,0.0,312.4275041331393
2045-01-16 10:00:00,0.0,268.6876535544998
2045-01-16 11:00:00,0.0,199.95360264520917
2045-01-16 12:00:00,0.0,104.44005138164941
2045-01-16 13:00:00,0.0,7.58752510037624
2045-01-16 14:00:00,0.0,0.0
2045-01-16 15:00:00,0.0,0.0
2045-01-16 16:00:00,0.0,0.0
2045-01-16 17:00:00,0.0,0.0
2045-01-16 18:00:00,0.0,0.0
2045-01-16 19:00:00,0.0,0.0
2045-01-16 20:00:00,0.0,0.0
2045-01-16 21:00:00,0.0,0.0
2045-01-16 22:00:00,0.0,0.0
2045-01-16 23:00:00,0.0,0.0
2045-01-17 00:00:00,0.0,0.0
2045-01-17 01:00:00,0.0,0.0
2045-01-17 02:00:00,0.0,0.0
2045-01-17 03:00:00,0.0,80.78482606871172
2045-01-17 04:00:00,0.0,182.54692741493423
2045-01-17 05:00:00,0.0,258.4221784186966
2045-01-17 06:00:00,0.0,307.0716040622855
2045-01-17 07:00:00,0.0,331.61947938703213
2045-01-17 08:00:00,0.0,332.95845440474557
2045-01-17 09:00:00,0.0,310.64220410952134
2045-01-17 10:00:00,0.0,266.0097035190729
2045-01-17 11:00:00,0.0,195.4903525861643
2045-01-17 12:00:00,0.0,98.19150129898662
2045-01-17 13:00:00,0.0,6.248550082662787
2045-01-17 14:00:00,0.0,0.0
2045-01-17 15:00:00,0.0,0.0
2045-01-17 16:00:00,0.0,0.0
2045-01-17 17:00:00,0.0,0.0
2045-01-17 18:00:00,0.0,0.0
2045-01-17 19:00:00,0.0,0.0
2045-01-17 20:00:00,0.0,0.0
2045-01-17 21:00:00,0.0,0.0
2045-01-17 22:00:00,0.0,0.0
2045-01-17 23:00:00,0.0,0.0
2045-01-18 00:00:00,0.0,0.0
2045-01-18 01:00:00,0.0,0.0
2045-01-18 02:00:00,0.0,0.0
2045-01-18 03:00:00,0.0,74.08995098014447
2045-01-18 04:00:00,0.0,173.17410229094006
2045-01-18 05:00:00,0.0,243.24712821794418
2045-01-18 06:00:00,0.0,285.6480037788702
2045-01-18 07:00:00,0.0,320.46135423942
2045-01-18 08:00:00,0.0,321.354004251229
2045-01-18 09:00:00,0.0,302.60835400324066
2045-01-18 10:00:00,0.0,262.439103471837
2045-01-18 11:00:00,0.0,195.04402758025984
2045-01-18 12:00:00,0.0,99.53047631670009
2045-01-18 13:00:00,0.0,7.141200094471755
2045-01-18 14:00:00,0.0,0.0
2045-01-18 15:00:00,0.0,0.0
2045-01-18 16:00:00,0.0,0.0
2045-01-18 17:00:00,0.0,0.0
2045-01-18 18:00:00,0.0,0.0
2045-01-18 19:00:00,0.0,0.0
2045-01-18 20:00:00,0.0,0.0
2045-01-18 21:00:00,0.0,0.0
2045-01-18 22:00:00,0.0,0.0
2045-01-18 23:00:00,0.0,0.0
2045-01-19 00:00:00,0.0,0.0
2045-01-19 01:00:00,0.0,0.0
2045-01-19 02:00:00,0.0,0.0
2045-01-19 03:00:00,0.0,74.08995098014447
2045-01-19 04:00:00,0.0,175.40572732046252
2045-01-19 05:00:00,0.0,250.38832831241595
2045-01-19 06:00:00,0.0,299.03775395600474
2045-01-19 07:00:00,0.0,323.58562928075145
2045-01-19 08:00:00,0.0,325.8172543102738
2045-01-19 09:00:00,0.0,299.93040396781373
2045-01-19 10:00:00,0.0,253.5126033537473
2045-01-19 11:00:00,0.0,179.86897737950736
2045-01-19 12:00:00,0.0,81.2311510746162
2045-01-19 13:00:00,0.0,3.5706000472358776
2045-01-19 14:00:00,0.0,0.0
2045-01-19 15:00:00,0.0,0.0
2045-01-19 16:00:00,0.0,0.0
2045-01-19 17:00:00,0.0,0.0
2045-01-19 18:00:00,0.0,0.0
2045-01-19 19:00:00,0.0,0.0
2045-01-19 20:00:00,0.0,0.0
2045-01-19 21:00:00,0.0,0.0
2045-01-19 22:00:00,0.0,0.0
2045-01-19 23:00:00,0.0,0.0
2045-01-20 00:00:00,0.0,0.0
2045-01-20 01:00:00,0.0,0.0
2045-01-20 02:00:00,0.0,0.0
2045-01-20 03:00:00,0.0,45.97147560816193
2045-01-20 04:00:00,0.0,138.36075183039026
2045-01-20 05:00:00,0.0,219.145577899102
2045-01-20 06:00:00,0.0,279.8457787021119
2045-01-20 07:00:00,0.0,305.2863040386676
2045-01-20 08:00:00,0.0,305.73262904457204
2045-01-20 09:00:00,0.0,285.2016787729657
2045-01-20 10:00:00,0.0,235.65960311756788
2045-01-20 11:00:00,0.0,160.6770021256145
2045-01-20 12:00:00,0.0,68.73405090929064
2045-01-20 13:00:00,0.0,2.677950035426908
2045-01-20 14:00:00,0.0,0.0
2045-01-20 15:00:00,0.0,0.0
2045-01-20 16:00:00,0.0,0.0
2045-01-20 17:00:00,0.0,0.0
2045-01-20 18:00:00,0.0,0.0
2045-01-20 19:00:00,0.0,0.0
2045-01-20 20:00:00,0.0,0.0
2045-01-20 21:00:00,0.0,0.0
2045-01-20 22:00:00,0.0,0.0
2045-01-20 23:00:00,0.0,0.0
2045-01-21 00:00:00,0.0,0.0
2045-01-21 01:00:00,0.0,0.0
2045-01-21 02:00:00,0.0,0.0
2045-01-21 03:00:00,0.0,80.78482606871172
2045-01-21 04:00:00,0.0,187.90282748578807
2045-01-21 05:00:00,0.0,264.22440349545496
2045-01-21 06:00:00,0.0,313.7664791508527
2045-01-21 07:00:00,0.0,336.5290544519815
2045-01-21 08:00:00,0.0,337.4217044637904
2045-01-21 09:00:00,0.0,315.99810418037515
2045-01-21 10:00:00,0.0,270.4729535781177
2045-01-21 11:00:00,0.0,198.1683026215912
2045-01-21 12:00:00,0.0,98.63782630489112
2045-01-21 13:00:00,0.0,7.141200094471755
2045-01-21 14:00:00,0.0,0.0
2045-01-21 15:00:00,0.0,0.0
2045-01-21 16:00:00,0.0,0.0
2045-01-21 17:00:00,0.0,0.0
2045-01-21 18:00:00,0.0,0.0
2045-01-21 19:00:00,0.0,0.0
2045-01-21 20:00:00,0.0,0.0
2045-01-21 21:00:00,0.0,0.0
2045-01-21 22:00:00,0.0,0.0
2045-01-21 23:00:00,0.0,0.0
2045-01-22 00:00:00,0.0,0.0
2045-01-22 01:00:00,0.0,0.0
2045-01-22 02:00:00,0.0,0.0
2045-01-22 03:00:00,0.0,80.78482606871172
2045-01-22 04:00:00,0.0,186.1175274621701
2045-01-22 05:00:00,0.0,262.88542847774147
2045-01-22 06:00:00,0.0,314.2128041567572
2045-01-22 07:00:00,0.0,338.7606794815039
2045-01-22 08:00:00,0.0,339.65332949331287
2045-01-22 09:00:00,0.0,319.568704227611
2045-01-22 10:00:00,0.0,274.0435536253536
2045-01-22 11:00:00,0.0,202.18522767473155
2045-01-22 12:00:00,0.0,102.65475135803148
2045-01-22 13:00:00,0.0,7.58752510037624
2045-01-22 14:00:00,0.0,0.0
2045-01-22 15:00:00,0.0,0.0
2045-01-22 16:00:00,0.0,0.0
2045-01-22 17:00:00,0.0,0.0
2045-01-22 18:00:00,0.0,0.0
2045-01-22 19:00:00,0.0,0.0
2045-01-22 20:00:00,0.0,0.0
2045-01-22 21:00:00,0.0,0.0
2045-01-22 22:00:00,0.0,0.0
2045-01-22 23:00:00,0.0,0.0
2045-01-23 00:00:00,0.0,0.0
2045-01-23 01:00:00,0.0,0.0
2045-01-23 02:00:00,0.0,0.0
2045-01-23 03:00:00,0.0,79.89217605690276
2045-01-23 04:00:00,0.0,184.77855244445664
2045-01-23 05:00:00,0.0,261.99277846593253
2045-01-23 06:00:00,0.0,309.7495540977124
2045-01-23 07:00:00,0.0,335.190079434268
2045-01-23 08:00:00,0.0,336.97537945788594
2045-01-23 09:00:00,0.0,318.6760542158021
2045-01-23 10:00:00,0.0,274.0435536253536
2045-01-23 11:00:00,0.0,203.07787768654055
2045-01-23 12:00:00,0.0,104.44005138164941
2045-01-23 13:00:00,0.0,8.926500118089693
2045-01-23 14:00:00,0.0,0.0
2045-01-23 15:00:00,0.0,0.0
2045-01-23 16:00:00,0.0,0.0
2045-01-23 17:00:00,0.0,0.0
2045-01-23 18:00:00,0.0,0.0
2045-01-23 19:00:00,0.0,0.0
2045-01-23 20:00:00,0.0,0.0
2045-01-23 21:00:00,0.0,0.0
2045-01-23 22:00:00,0.0,0.0
2045-01-23 23:00:00,0.0,0.0
2045-01-24 00:00:00,0.0,0.0
2045-01-24 01:00:00,0.0,0.0
2045-01-24 02:00:00,0.0,0.0
2045-01-24 03:00:00,0.0,82.12380108642519
2045-01-24 04:00:00,0.0,184.33222743855217
2045-01-24 05:00:00,0.0,260.2074784423146
2045-01-24 06:00:00,0.0,309.7495540977124
2045-01-24 07:00:00,0.0,334.74375442836356
2045-01-24 08:00:00,0.0,336.97537945788594
2045-01-24 09:00:00,0.0,317.78340420399314
2045-01-24 10:00:00,0.0,273.5972286194491
2045-01-24 11:00:00,0.0,203.52420269244504
2045-01-24 12:00:00,0.0,106.22535140526736
2045-01-24 13:00:00,0.0,10.265475135803149
2045-01-24 14:00:00,0.0,0.0
2045-01-24 15:00:00,0.0,0.0
2045-01-24 16:00:00,0.0,0.0
2045-01-24 17:00:00,0.0,0.0
2045-01-24 18:00:00,0.0,0.0
2045-01-24 19:00:00,0.0,0.0
2045-01-24 20:00:00,0.0,0.0
2045-01-24 21:00:00,0.0,0.0
2045-01-24 22:00:00,0.0,0.0
2045-01-24 23:00:00,0.0,0.0
2045-01-25 00:00:00,0.0,0.0
2045-01-25 01:00:00,0.0,0.0
2045-01-25 02:00:00,0.0,0.0
2045-01-25 03:00:00,0.0,76.76790101557137
2045-01-25 04:00:00,0.0,176.29837733227146
2045-01-25 05:00:00,0.0,253.06627834784285
2045-01-25 06:00:00,0.0,302.60835400324066
2045-01-25 07:00:00,0.0,328.04887933979626
2045-01-25 08:00:00,0.0,331.17315438112763
2045-01-25 09:00:00,0.0,307.9642540740944
2045-01-25 10:00:00,0.0,261.1001284541236
2045-01-25 11:00:00,0.0,191.91975253892844
2045-01-25 12:00:00,0.0,98.19150129898662
2045-01-25 13:00:00,0.0,8.033850106280724
2045-01-25 14:00:00,0.0,0.0
2045-01-25 15:00:00,0.0,0.0
2045-01-25 16:00:00,0.0,0.0
2045-01-25 17:00:00,0.0,0.0
2045-01-25 18:00:00,0.0,0.0
2045-01-25 19:00:00,0.0,0.0
2045-01-25 20:00:00,0.0,0.0
2045-01-25 21:00:00,0.0,0.0
2045-01-25 22:00:00,0.0,0.0
2045-01-25 23:00:00,0.0,0.0
2045-01-26 00:00:00,0.0,0.0
2045-01-26 01:00:00,0.0,0.0
2045-01-26 02:00:00,0.0,0.0
2045-01-26 03:00:00,0.0,74.98260099195343
2045-01-26 04:00:00,0.0,175.852052326367
2045-01-26 05:00:00,0.0,252.61995334193836
2045-01-26 06:00:00,0.0,303.9473290209541
2045-01-26 07:00:00,0.0,329.3878543575097
2045-01-26 08:00:00,0.0,331.17315438112763
2045-01-26 09:00:00,0.0,311.0885291154258
2045-01-26 10:00:00,0.0,266.4560285249774
2045-01-26 11:00:00,0.0,195.93667759206878
2045-01-26 12:00:00,0.0,98.19150129898662
2045-01-26 13:00:00,0.0,8.033850106280724
2045-01-26 14:00:00,0.0,0.0
2045-01-26 15:00:00,0.0,0.0
2045-01-26 16:00:00,0.0,0.0
2045-01-26 17:00:00,0.0,0.0
2045-01-26 18:00:00,0.0,0.0
2045-01-26 19:00:00,0.0,0.0
2045-01-26 20:00:00,0.0,0.0
2045-01-26 21:00:00,0.0,0.0
2045-01-26 22:00:00,0.0,0.0
2045-01-26 23:00:00,0.0,0.0
2045-01-27 00:00:00,0.0,0.0
2045-01-27 01:00:00,0.0,0.0
2045-01-27 02:00:00,0.0,0.0
2045-01-27 03:00:00,0.0,74.98260099195343
2045-01-27 04:00:00,0.0,176.74470233817593
2045-01-27 05:00:00,0.0,253.5126033537473
2045-01-27 06:00:00,0.0,304.3936540268586
2045-01-27 07:00:00,0.0,329.8341793634142
2045-01-27 08:00:00,0.0,332.0658043929366
2045-01-27 09:00:00,0.0,309.7495540977124
2045-01-27 10:00:00,0.0,264.6707285013594
2045-01-27 11:00:00,0.0,193.70505256254634
2045-01-27 12:00:00,0.0,96.4062012753687
2045-01-27 13:00:00,0.0,8.033850106280724
2045-01-27 14:00:00,0.0,0.0
2045-01-27 15:00:00,0.0,0.0
2045-01-27 16:00:00,0.0,0.0
2045-01-27 17:00:00,0.0,0.0
2045-01-27 18:00:00,0.0,0.0
2045-01-27 19:00:00,0.0,0.0
2045-01-27 20:00:00,0.0,0.0
2045-01-27 21:00:00,0.0,0.0
2045-01-27 22:00:00,0.0,0.0
2045-01-27 23:00:00,0.0,0.0
2045-01-28 00:00:00,0.0,0.0
2045-01-28 01:00:00,0.0,0.0
2045-01-28 02:00:00,0.0,0.0
2045-01-28 03:00:00,0.0,78.10687603328482
2045-01-28 04:00:00,0.0,178.5300023617939
2045-01-28 05:00:00,0.0,253.5126033537473
2045-01-28 06:00:00,0.0,305.2863040386676
2045-01-28 07:00:00,0.0,330.72682937522313
2045-01-28 08:00:00,0.0,333.4047794106501
2045-01-28 09:00:00,0.0,314.2128041567572
2045-01-28 10:00:00,0.0,270.4729535781177
2045-01-28 11:00:00,0.0,200.39992765111361
2045-01-28 12:00:00,0.0,103.99372637574494
2045-01-28 13:00:00,0.0,10.265475135803149
2045-01-28 14:00:00,0.0,0.0
2045-01-28 15:00:00,0.0,0.0
2045-01-28 16:00:00,0.0,0.0
2045-01-28 17:00:00,0.0,0.0
2045-01-28 18:00:00,0.0,0.0
2045-01-28 19:00:00,0.0,0.0
2045-01-28 20:00:00,0.0,0.0
2045-01-28 21:00:00,0.0,0.0
2045-01-28 22:00:00,0.0,0.0
2045-01-28 23:00:00,0.0,0.0
2045-01-29 00:00:00,0.0,0.0
2045-01-29 01:00:00,0.0,0.0
2045-01-29 02:00:00,0.0,0.0
2045-01-29 03:00:00,0.0,47.310450625875376
2045-01-29 04:00:00,0.0,139.25340184219922
2045-01-29 05:00:00,0.0,205.30950271606295
2045-01-29 06:00:00,0.0,287.4333038024882
2045-01-29 07:00:00,0.0,324.4782792925604
2045-01-29 08:00:00,0.0,332.95845440474557
2045-01-29 09:00:00,0.0,314.2128041567572
2045-01-29 10:00:00,0.0,270.4729535781177
2045-01-29 11:00:00,0.0,200.39992765111361
2045-01-29 12:00:00,0.0,103.10107636393597
2045-01-29 13:00:00,0.0,10.265475135803149
2045-01-29 14:00:00,0.0,0.0
2045-01-29 15:00:00,0.0,0.0
2045-01-29 16:00:00,0.0,0.0
2045-01-29 17:00:00,0.0,0.0
2045-01-29 18:00:00,0.0,0.0
2045-01-29 19:00:00,0.0,0.0
2045-01-29 20:00:00,0.0,0.0
2045-01-29 21:00:00,0.0,0.0
2045-01-29 22:00:00,0.0,0.0
2045-01-29 23:00:00,0.0,0.0
2045-01-30 00:00:00,0.0,0.0
2045-01-30 01:00:00,0.0,0.0
2045-01-30 02:00:00,0.0,0.0
2045-01-30 03:00:00,0.0,77.21422602147584
2045-01-30 04:00:00,0.0,179.42265237360286
2045-01-30 05:00:00,0.0,256.63687839507867
2045-01-30 06:00:00,0.0,305.2863040386676
2045-01-30 07:00:00,0.0,330.28050436931863
2045-01-30 08:00:00,0.0,332.0658043929366
2045-01-30 09:00:00,0.0,311.0885291154258
2045-01-30 10:00:00,0.0,266.90235353088184
2045-01-30 11:00:00,0.0,196.38300259797325
2045-01-30 12:00:00,0.0,100.42312632850906
2045-01-30 13:00:00,0.0,9.372825123994179
2045-01-30 14:00:00,0.0,0.0
2045-01-30 15:00:00,0.0,0.0
2045-01-30 16:00:00,0.0,0.0
2045-01-30 17:00:00,0.0,0.0
2045-01-30 18:00:00,0.0,0.0
2045-01-30 19:00:00,0.0,0.0
2045-01-30 20:00:00,0.0,0.0
2045-01-30 21:00:00,0.0,0.0
2045-01-30 22:00:00,0.0,0.0
2045-01-30 23:00:00,0.0,0.0
2045-01-31 00:00:00,0.0,0.0
2045-01-31 01:00:00,0.0,0.0
2045-01-31 02:00:00,0.0,0.0
2045-01-31 03:00:00,0.0,71.41200094471755
2045-01-31 04:00:00,0.0,169.60350224370418
2045-01-31 05:00:00,0.0,245.47875324746664
2045-01-31 06:00:00,0.0,295.9134789146733
2045-01-31 07:00:00,0.0,321.80032925713346
2045-01-31 08:00:00,0.0,323.58562928075145
2045-01-31 09:00:00,0.0,297.25245393238686
2045-01-31 10:00:00,0.0,250.38832831241595
2045-01-31 11:00:00,0.0,178.08367735588942
2045-01-31 12:00:00,0.0,82.12380108642519
2045-01-31 13:00:00,0.0,5.802225076758301
2045-01-31 14:00:00,0.0,0.0
2045-01-31 15:00:00,0.0,0.0
2045-01-31 16:00:00,0.0,0.0
2045-01-31 17:00:00,0.0,0.0
2045-01-31 18:00:00,0.0,0.0
2045-01-31 19:00:00,0.0,0.0
2045-01-31 20:00:00,0.0,0.0
2045-01-31 21:00:00,0.0,0.0
2045-01-31 22:00:00,0.0,0.0
2045-01-31 23:00:00,0.0,0.0
2045-02-01 00:00:00,0.0,0.0
2045-02-01 01:00:00,0.0,0.0
2045-02-01 02:00:00,0.0,0.0
2045-02-01 03:00:00,0.0,58.91490077939197
2045-02-01 04:00:00,0.0,157.55272708428308
2045-02-01 05:00:00,0.0,236.99857813528138
2045-02-01 06:00:00,0.0,288.3259538142972
2045-02-01 07:00:00,0.0,315.10545416856615
2045-02-01 08:00:00,0.0,318.6760542158021
2045-02-01 09:00:00,0.0,305.2863040386676
2045-02-01 10:00:00,0.0,262.439103471837
2045-02-01 11:00:00,0.0,191.91975253892844
2045-02-01 12:00:00,0.0,96.4062012753687
2045-02-01 13:00:00,0.0,9.372825123994179
2045-02-01 14:00:00,0.0,0.0
2045-02-01 15:00:00,0.0,0.0
2045-02-01 16:00:00,0.0,0.0
2045-02-01 17:00:00,0.0,0.0
2045-02-01 18:00:00,0.0,0.0
2045-02-01 19:00:00,0.0,0.0
2045-02-01 20:00:00,0.0,0.0
2045-02-01 21:00:00,0.0,0.0
2045-02-01 22:00:00,0.0,0.0
2045-02-01 23:00:00,0.0,0.0
2045-02-02 00:00:00,0.0,0.0
2045-02-02 01:00:00,0.0,0.0
2045-02-02 02:00:00,0.0,0.0
2045-02-02 03:00:00,0.0,76.76790101557137
2045-02-02 04:00:00,0.0,175.852052326367
2045-02-02 05:00:00,0.0,252.61995334193836
2045-02-02 06:00:00,0.0,305.73262904457204
2045-02-02 07:00:00,0.0,332.5121293988411
2045-02-02 08:00:00,0.0,335.190079434268
2045-02-02 09:00:00,0.0,314.2128041567572
2045-02-02 10:00:00,0.0,269.58030356630877
2045-02-02 11:00:00,0.0,199.50727763930468
2045-02-02 12:00:00,0.0,103.54740136984044
2045-02-02 13:00:00,0.0,10.711800141707633
2045-02-02 14:00:00,0.0,0.0
2045-02-02 15:00:00,0.0,0.0
2045-02-02 16:00:00,0.0,0.0
2045-02-02 17:00:00,0.0,0.0
2045-02-02 18:00:00,0.0,0.0
2045-02-02 19:00:00,0.0,0.0
2045-02-02 20:00:00,0.0,0.0
2045-02-02 21:00:00,0.0,0.0
2045-02-02 22:00:00,0.0,0.0
2045-02-02 23:00:00,0.0,0.0
2045-02-03 00:00:00,0.0,0.0
2045-02-03 01:00:00,0.0,0.0
2045-02-03 02:00:00,0.0,0.0
2045-02-03 03:00:00,0.0,63.824475844341315
2045-02-03 04:00:00,0.0,170.94247726141762
2045-02-03 05:00:00,0.0,252.17362833603386
2045-02-03 06:00:00,0.0,300.8230539796227
2045-02-03 07:00:00,0.0,327.15622932798726
2045-02-03 08:00:00,0.0,329.8341793634142
2045-02-03 09:00:00,0.0,308.4105790799989
2045-02-03 10:00:00,0.0,259.7611534364101
2045-02-03 11:00:00,0.0,185.22487745036113
2045-02-03 12:00:00,0.0,88.37235116908796
2045-02-03 13:00:00,0.0,8.48017511218521
2045-02-03 14:00:00,0.0,0.0
2045-02-03 15:00:00,0.0,0.0
2045-02-03 16:00:00,0.0,0.0
2045-02-03 17:00:00,0.0,0.0
2045-02-03 18:00:00,0.0,0.0
2045-02-03 19:00:00,0.0,0.0
2045-02-03 20:00:00,0.0,0.0
2045-02-03 21:00:00,0.0,0.0
2045-02-03 22:00:00,0.0,0.0
2045-02-03 23:00:00,0.0,0.0
2045-02-04 00:00:00,0.0,0.0
2045-02-04 01:00:00,0.0,0.0
2045-02-04 02:00:00,0.0,0.0
2045-02-04 03:00:00,0.0,70.51935093290858
2045-02-04 04:00:00,0.0,174.51307730865352
2045-02-04 05:00:00,0.0,249.94200330651145
2045-02-04 06:00:00,0.0,299.93040396781373
2045-02-04 07:00:00,0.0,325.3709293043694
2045-02-04 08:00:00,0.0,327.6025543338918
2045-02-04 09:00:00,0.0,305.73262904457204
2045-02-04 10:00:00,0.0,257.9758534127921
2045-02-04 11:00:00,0.0,187.0101774739791
2045-02-04 12:00:00,0.0,96.4062012753687
2045-02-04 13:00:00,0.0,9.819150129898661
2045-02-04 14:00:00,0.0,0.0
2045-02-04 15:00:00,0.0,0.0
2045-02-04 16:00:00,0.0,0.0
2045-02-04 17:00:00,0.0,0.0
2045-02-04 18:00:00,0.0,0.0
2045-02-04 19:00:00,0.0,0.0
2045-02-04 20:00:00,0.0,0.0
2045-02-04 21:00:00,0.0,0.0
2045-02-04 22:00:00,0.0,0.0
2045-02-04 23:00:00,0.0,0.0
2045-02-05 00:00:00,0.0,0.0
2045-02-05 01:00:00,0.0,0.0
2045-02-05 02:00:00,0.0,0.0
2045-02-05 03:00:00,0.0,74.08995098014447
2045-02-05 04:00:00,0.0,174.06675230274902
2045-02-05 05:00:00,0.0,250.38832831241595
2045-02-05 06:00:00,0.0,299.03775395600474
2045-02-05 07:00:00,0.0,323.13930427484695
2045-02-05 08:00:00,0.0,323.58562928075145
2045-02-05 09:00:00,0.0,299.4840789619093
2045-02-05 10:00:00,0.0,249.49567830060695
2045-02-05 11:00:00,0.0,180.31530238541185
2045-02-05 12:00:00,0.0,90.6039761986104
2045-02-05 13:00:00,0.0,8.48017511218521
2045-02-05 14:00:00,0.0,0.0
2045-02-05 15:00:00,0.0,0.0
2045-02-05 16:00:00,0.0,0.0
2045-02-05 17:00:00,0.0,0.0
2045-02-05 18:00:00,0.0,0.0
2045-02-05 19:00:00,0.0,0.0
2045-02-05 20:00:00,0.0,0.0
2045-02-05 21:00:00,0.0,0.0
2045-02-05 22:00:00,0.0,0.0
2045-02-05 23:00:00,0.0,0.0
2045-02-06 00:00:00,0.0,0.0
2045-02-06 01:00:00,0.0,0.0
2045-02-06 02:00:00,0.0,0.0
2045-02-06 03:00:00,0.0,33.47437544283635
2045-02-06 04:00:00,0.0,94.62090125175075
2045-02-06 05:00:00,0.0,154.42845204295168
2045-02-06 06:00:00,0.0,193.70505256254634
2045-02-06 07:00:00,0.0,231.64267806442757
2045-02-06 08:00:00,0.0,251.2809783242249
2045-02-06 09:00:00,0.0,226.73310299947823
2045-02-06 10:00:00,0.0,170.04982724960868
2045-02-06 11:00:00,0.0,104.44005138164941
2045-02-06 12:00:00,0.0,42.400875560926046
2045-02-06 13:00:00,0.0,2.2316250295224234
2045-02-06 14:00:00,0.0,0.0
2045-02-06 15:00:00,0.0,0.0
2045-02-06 16:00:00,0.0,0.0
2045-02-06 17:00:00,0.0,0.0
2045-02-06 18:00:00,0.0,0.0
2045-02-06 19:00:00,0.0,0.0
2045-02-06 20:00:00,0.0,0.0
2045-02-06 21:00:00,0.0,0.0
2045-02-06 22:00:00,0.0,0.0
2045-02-06 23:00:00,0.0,0.0
2045-02-07 00:00:00,0.0,0.0
2045-02-07 01:00:00,0.0,0.0
2045-02-07 02:00:00,0.0,0.0
2045-02-07 03:00:00,0.0,57.575925761678526
2045-02-07 04:00:00,0.0,160.23067711971
2045-02-07 05:00:00,0.0,252.17362833603386
2045-02-07 06:00:00,0.0,303.9473290209541
2045-02-07 07:00:00,0.0,334.29742942245906
2045-02-07 08:00:00,0.0,342.33127952873974
2045-02-07 09:00:00,0.0,320.0150292335155
2045-02-07 10:00:00,0.0,278.06047867849395
2045-02-07 11:00:00,0.0,207.54112774558538
2045-02-07 12:00:00,0.0,109.79595145250325
2045-02-07 13:00:00,0.0,13.389750177134541
2045-02-07 14:00:00,0.0,0.0
2045-02-07 15:00:00,0.0,0.0
2045-02-07 16:00:00,0.0,0.0
2045-02-07 17:00:00,0.0,0.0
2045-02-07 18:00:00,0.0,0.0
2045-02-07 19:00:00,0.0,0.0
2045-02-07 20:00:00,0.0,0.0
2045-02-07 21:00:00,0.0,0.0
2045-02-07 22:00:00,0.0,0.0
2045-02-07 23:00:00,0.0,0.0
2045-02-08 00:00:00,0.0,0.0
2045-02-08 01:00:00,0.0,0.0
2045-02-08 02:00:00,0.0,0.0
2045-02-08 03:00:00,0.0,94.62090125175075
2045-02-08 04:00:00,0.0,196.38300259797325
2045-02-08 05:00:00,0.0,272.2582536017357
2045-02-08 06:00:00,0.0,322.24665426303795
2045-02-08 07:00:00,0.0,347.6871795995936
2045-02-08 08:00:00,0.0,349.91880462911604
2045-02-08 09:00:00,0.0,330.28050436931863
2045-02-08 10:00:00,0.0,286.5406537906792
2045-02-08 11:00:00,0.0,216.91395286957956
2045-02-08 12:00:00,0.0,120.50775159421087
2045-02-08 13:00:00,0.0,17.853000236179387
2045-02-08 14:00:00,0.0,0.0
2045-02-08 15:00:00,0.0,0.0
2045-02-08 16:00:00,0.0,0.0
2045-02-08 17:00:00,0.0,0.0
2045-02-08 18:00:00,0.0,0.0
2045-02-08 19:00:00,0.0,0.0
2045-02-08 20:00:00,0.0,0.0
2045-02-08 21:00:00,0.0,0.0
2045-02-08 22:00:00,0.0,0.0
2045-02-08 23:00:00,0.0,0.0
2045-02-09 00:00:00,0.0,0.0
2045-02-09 01:00:00,0.0,0.0
2045-02-09 02:00:00,0.0,0.4463250059044847
2045-02-09 03:00:00,0.0,105.77902639936288
2045-02-09 04:00:00,0.0,204.86317771015845
2045-02-09 05:00:00,0.0,278.50680368439845
2045-02-09 06:00:00,0.0,326.7099043220828
2045-02-09 07:00:00,0.0,351.2577796468295
2045-02-09 08:00:00,0.0,353.48940467635185
2045-02-09 09:00:00,0.0,332.95845440474557
2045-02-09 10:00:00,0.0,289.6649288320106
2045-02-09 11:00:00,0.0,220.48455291681543
2045-02-09 12:00:00,0.0,124.07835164144677
2045-02-09 13:00:00,0.0,19.191975253892842
2045-02-09 14:00:00,0.0,0.0
2045-02-09 15:00:00,0.0,0.0
2045-02-09 16:00:00,0.0,0.0
2045-02-09 17:00:00,0.0,0.0
2045-02-09 18:00:00,0.0,0.0
2045-02-09 19:00:00,0.0,0.0
2045-02-09 20:00:00,0.0,0.0
2045-02-09 21:00:00,0.0,0.0
2045-02-09 22:00:00,0.0,0.0
2045-02-09 23:00:00,0.0,0.0
2045-02-10 00:00:00,0.0,0.0
2045-02-10 01:00:00,0.0,0.0
2045-02-10 02:00:00,0.0,0.8926500118089694
2045-02-10 03:00:00,0.0,102.65475135803148
2045-02-10 04:00:00,0.0,201.2925776629226
2045-02-10 05:00:00,0.0,275.3825286430671
2045-02-10 06:00:00,0.0,314.2128041567572
2045-02-10 07:00:00,0.0,338.3143544755994
2045-02-10 08:00:00,0.0,342.77760453464424
2045-02-10 09:00:00,0.0,326.26357931617827
2045-02-10 10:00:00,0.0,280.2921037080164
2045-02-10 11:00:00,0.0,212.8970278164392
2045-02-10 12:00:00,0.0,118.27612656468844
2045-02-10 13:00:00,0.0,17.853000236179387
2045-02-10 14:00:00,0.0,0.0
2045-02-10 15:00:00,0.0,0.0
2045-02-10 16:00:00,0.0,0.0
2045-02-10 17:00:00,0.0,0.0
2045-02-10 18:00:00,0.0,0.0
2045-02-10 19:00:00,0.0,0.0
2045-02-10 20:00:00,0.0,0.0
2045-02-10 21:00:00,0.0,0.0
2045-02-10 22:00:00,0.0,0.0
2045-02-10 23:00:00,0.0,0.0
2045-02-11 00:00:00,0.0,0.0
2045-02-11 01:00:00,0.0,0.0
2045-02-11 02:00:00,0.0,0.0
2045-02-11 03:00:00,0.0,70.0730259270041
2045-02-11 04:00:00,0.0,148.17990196028893
2045-02-11 05:00:00,0.0,230.7500280526186
2045-02-11 06:00:00,0.0,298.14510394419574
2045-02-11 07:00:00,0.0,329.8341793634142
2045-02-11 08:00:00,0.0,333.85110441655456
2045-02-11 09:00:00,0.0,313.7664791508527
2045-02-11 10:00:00,0.0,270.0266285722132
2045-02-11 11:00:00,0.0,203.07787768654055
2045-02-11 12:00:00,0.0,111.13492647021668
2045-02-11 13:00:00,0.0,15.17505020075248
2045-02-11 14:00:00,0.0,0.0
2045-02-11 15:00:00,0.0,0.0
2045-02-11 16:00:00,0.0,0.0
2045-02-11 17:00:00,0.0,0.0
2045-02-11 18:00:00,0.0,0.0
2045-02-11 19:00:00,0.0,0.0
2045-02-11 20:00:00,0.0,0.0
2045-02-11 21:00:00,0.0,0.0
2045-02-11 22:00:00,0.0,0.0
2045-02-11 23:00:00,0.0,0.0
2045-02-12 00:00:00,0.0,0.0
2045-02-12 01:00:00,0.0,0.0
2045-02-12 02:00:00,0.0,0.0
2045-02-12 03:00:00,0.0,82.57012609232966
2045-02-12 04:00:00,0.0,177.63735234998492
2045-02-12 05:00:00,0.0,244.13977822975315
2045-02-12 06:00:00,0.0,289.2186038261061
2045-02-12 07:00:00,0.0,322.24665426303795
2045-02-12 08:00:00,0.0,326.7099043220828
2045-02-12 09:00:00,0.0,295.46715390876886
2045-02-12 10:00:00,0.0,248.603028288798
2045-02-12 11:00:00,0.0,181.2079523972208
2045-02-12 12:00:00,0.0,84.3554261159476
2045-02-12 13:00:00,0.0,7.141200094471755
2045-02-12 14:00:00,0.0,0.0
2045-02-12 15:00:00,0.0,0.0
2045-02-12 16:00:00,0.0,0.0
2045-02-12 17:00:00,0.0,0.0
2045-02-12 18:00:00,0.0,0.0
2045-02-12 19:00:00,0.0,0.0
2045-02-12 20:00:00,0.0,0.0
2045-02-12 21:00:00,0.0,0.0
2045-02-12 22:00:00,0.0,0.0
2045-02-12 23:00:00,0.0,0.0
2045-02-13 00:00:00,0.0,0.0
2045-02-13 01:00:00,0.0,0.0
2045-02-13 02:00:00,0.0,0.0
2045-02-13 03:00:00,0.0,63.378150838436824
2045-02-13 04:00:00,0.0,163.8012771669459
2045-02-13 05:00:00,0.0,245.0324282415621
2045-02-13 06:00:00,0.0,303.5010040150496
2045-02-13 07:00:00,0.0,328.49520434570076
2045-02-13 08:00:00,0.0,329.8341793634142
2045-02-13 09:00:00,0.0,310.64220410952134
2045-02-13 10:00:00,0.0,265.5633785131684
2045-02-13 11:00:00,0.0,194.59770257435534
2045-02-13 12:00:00,0.0,99.97680132260459
2045-02-13 13:00:00,0.0,12.050775159421088
2045-02-13 14:00:00,0.0,0.0
2045-02-13 15:00:00,0.0,0.0
2045-02-13 16:00:00,0.0,0.0
2045-02-13 17:00:00,0.0,0.0
2045-02-13 18:00:00,0.0,0.0
2045-02-13 19:00:00,0.0,0.0
2045-02-13 20:00:00,0.0,0.0
2045-02-13 21:00:00,0.0,0.0
2045-02-13 22:00:00,0.0,0.0
2045-02-13 23:00:00,0.0,0.0
2045-02-14 00:00:00,0.0,0.0
2045-02-14 01:00:00,0.0,0.0
2045-02-14 02:00:00,0.0,0.8926500118089694
2045-02-14 03:00:00,0.0,95.51355126355972
2045-02-14 04:00:00,0.0,198.61462762749568
2045-02-14 05:00:00,0.0,274.0435536253536
2045-02-14 06:00:00,0.0,319.568704227611
2045-02-14 07:00:00,0.0,345.0092295641667
2045-02-14 08:00:00,0.0,347.24085459368905
2045-02-14 09:00:00,0.0,326.26357931617827
2045-02-14 10:00:00,0.0,281.1847537198254
2045-02-14 11:00:00,0.0,210.6654027869168
2045-02-14 12:00:00,0.0,113.8128765056436
2045-02-14 13:00:00,0.0,16.514025218465935
2045-02-14 14:00:00,0.0,0.0
2045-02-14 15:00:00,0.0,0.0
2045-02-14 16:00:00,0.0,0.0
2045-02-14 17:00:00,0.0,0.0
2045-02-14 18:00:00,0.0,0.0
2045-02-14 19:00:00,0.0,0.0
2045-02-14 20:00:00,0.0,0.0
2045-02-14 21:00:00,0.0,0.0
2045-02-14 22:00:00,0.0,0.0
2045-02-14 23:00:00,0.0,0.0
2045-02-15 00:00:00,0.0,0.0
2045-02-15 01:00:00,0.0,0.0
2045-02-15 02:00:00,0.0,0.8926500118089694
2045-02-15 03:00:00,0.0,92.38927622222832
2045-02-15 04:00:00,0.0,192.8124025507374
2045-02-15 05:00:00,0.0,268.6876535544998
2045-02-15 06:00:00,0.0,318.2297292098976
2045-02-15 07:00:00,0.0,343.22392954054874
2045-02-15 08:00:00,0.0,345.45555457007123
2045-02-15 09:00:00,0.0,325.3709293043694
2045-02-15 10:00:00,0.0,282.0774037316343
2045-02-15 11:00:00,0.0,213.78967782824816
2045-02-15 12:00:00,0.0,119.61510158240189
2045-02-15 13:00:00,0.0,19.191975253892842
2045-02-15 14:00:00,0.0,0.0
2045-02-15 15:00:00,0.0,0.0
2045-02-15 16:00:00,0.0,0.0
2045-02-15 17:00:00,0.0,0.0
2045-02-15 18:00:00,0.0,0.0
2045-02-15 19:00:00,0.0,0.0
2045-02-15 20:00:00,0.0,0.0
2045-02-15 21:00:00,0.0,0.0
2045-02-15 22:00:00,0.0,0.0
2045-02-15 23:00:00,0.0,0.0
2045-02-16 00:00:00,0.0,0.0
2045-02-16 01:00:00,0.0,0.0
2045-02-16 02:00:00,0.0,1.7853000236179388
2045-02-16 03:00:00,0.0,102.20842635212698
2045-02-16 04:00:00,0.0,201.2925776629226
2045-02-16 05:00:00,0.0,275.8288536489715
2045-02-16 06:00:00,0.0,323.13930427484695
2045-02-16 07:00:00,0.0,347.6871795995936
2045-02-16 08:00:00,0.0,349.4724796232115
2045-02-16 09:00:00,0.0,329.3878543575097
2045-02-16 10:00:00,0.0,286.5406537906792
2045-02-16 11:00:00,0.0,219.145577899102
2045-02-16 12:00:00,0.0,124.9710016532557
2045-02-16 13:00:00,0.0,21.869925289319752
2045-02-16 14:00:00,0.0,0.0
2045-02-16 15:00:00,0.0,0.0
2045-02-16 16:00:00,0.0,0.0
2045-02-16 17:00:00,0.0,0.0
2045-02-16 18:00:00,0.0,0.0
2045-02-16 19:00:00,0.0,0.0
2045-02-16 20:00:00,0.0,0.0
2045-02-16 21:00:00,0.0,0.0
2045-02-16 22:00:00,0.0,0.0
2045-02-16 23:00:00,0.0,0.0
2045-02-17 00:00:00,0.0,0.0
2045-02-17 01:00:00,0.0,0.0
2045-02-17 02:00:00,0.0,1.338975017713454
2045-02-17 03:00:00,0.0,92.83560122813282
2045-02-17 04:00:00,0.0,200.39992765111361
2045-02-17 05:00:00,0.0,274.4898786312581
2045-02-17 06:00:00,0.0,321.80032925713346
2045-02-17 07:00:00,0.0,345.0092295641667
2045-02-17 08:00:00,0.0,346.3482045818801
2045-02-17 09:00:00,0.0,324.9246042984648
2045-02-17 10:00:00,0.0,282.0774037316343
2045-02-17 11:00:00,0.0,214.23600283415266
2045-02-17 12:00:00,0.0,120.06142658830639
2045-02-17 13:00:00,0.0,20.084625265701813
2045-02-17 14:00:00,0.0,0.0
2045-02-17 15:00:00,0.0,0.0
2045-02-17 16:00:00,0.0,0.0
2045-02-17 17:00:00,0.0,0.0
2045-02-17 18:00:00,0.0,0.0
2045-02-17 19:00:00,0.0,0.0
2045-02-17 20:00:00,0.0,0.0
2045-02-17 21:00:00,0.0,0.0
2045-02-17 22:00:00,0.0,0.0
2045-02-17 23:00:00,0.0,0.0
2045-02-18 00:00:00,0.0,0.0
2045-02-18 01:00:00,0.0,0.0
2045-02-18 02:00:00,0.0,0.4463250059044847
2045-02-18 03:00:00,0.0,68.73405090929064
2045-02-18 04:00:00,0.0,160.23067711971
2045-02-18 05:00:00,0.0,254.4052533655563
2045-02-18 06:00:00,0.0,310.64220410952134
2045-02-18 07:00:00,0.0,334.74375442836356
2045-02-18 08:00:00,0.0,336.08272944607694
2045-02-18 09:00:00,0.0,314.6591291626617
2045-02-18 10:00:00,0.0,269.58030356630877
2045-02-18 11:00:00,0.0,199.06095263340018
2045-02-18 12:00:00,0.0,104.44005138164941
2045-02-18 13:00:00,0.0,14.28240018894351
2045-02-18 14:00:00,0.0,0.0
2045-02-18 15:00:00,0.0,0.0
2045-02-18 16:00:00,0.0,0.0
2045-02-18 17:00:00,0.0,0.0
2045-02-18 18:00:00,0.0,0.0
2045-02-18 19:00:00,0.0,0.0
2045-02-18 20:00:00,0.0,0.0
2045-02-18 21:00:00,0.0,0.0
2045-02-18 22:00:00,0.0,0.0
2045-02-18 23:00:00,0.0,0.0
2045-02-19 00:00:00,0.0,0.0
2045-02-19 01:00:00,0.0,0.0
2045-02-19 02:00:00,0.0,0.4463250059044847
2045-02-19 03:00:00,0.0,74.98260099195343
2045-02-19 04:00:00,0.0,173.62042729684453
2045-02-19 05:00:00,0.0,249.04935329470248
2045-02-19 06:00:00,0.0,302.60835400324066
2045-02-19 07:00:00,0.0,327.6025543338918
2045-02-19 08:00:00,0.0,330.28050436931863
2045-02-19 09:00:00,0.0,312.4275041331393
2045-02-19 10:00:00,0.0,269.1339785604043
2045-02-19 11:00:00,0.0,200.8462526570181
2045-02-19 12:00:00,0.0,107.11800141707633
2045-02-19 13:00:00,0.0,14.728725194847993
2045-02-19 14:00:00,0.0,0.0
2045-02-19 15:00:00,0.0,0.0
2045-02-19 16:00:00,0.0,0.0
2045-02-19 17:00:00,0.0,0.0
2045-02-19 18:00:00,0.0,0.0
2045-02-19 19:00:00,0.0,0.0
2045-02-19 20:00:00,0.0,0.0
2045-02-19 21:00:00,0.0,0.0
2045-02-19 22:00:00,0.0,0.0
2045-02-19 23:00:00,0.0,0.0
2045-02-20 00:00:00,0.0,0.0
2045-02-20 01:00:00,0.0,0.0
2045-02-20 02:00:00,0.0,0.4463250059044847
2045-02-20 03:00:00,0.0,71.41200094471755
2045-02-20 04:00:00,0.0,167.37187721418178
2045-02-20 05:00:00,0.0,243.69345322384865
2045-02-20 06:00:00,0.0,294.5745038969599
2045-02-20 07:00:00,0.0,318.2297292098976
2045-02-20 08:00:00,0.0,318.2297292098976
2045-02-20 09:00:00,0.0,294.1281788910555
2045-02-20 10:00:00,0.0,245.92507825337108
2045-02-20 11:00:00,0.0,173.17410229094006
2045-02-20 12:00:00,0.0,83.46277610413864
2045-02-20 13:00:00,0.0,10.265475135803149
2045-02-20 14:00:00,0.0,0.0
2045-02-20 15:00:00,0.0,0.0
2045-02-20 16:00:00,0.0,0.0
2045-02-20 17:00:00,0.0,0.0
2045-02-20 18:00:00,0.0,0.0
2045-02-20 19:00:00,0.0,0.0
2045-02-20 20:00:00,0.0,0.0
2045-02-20 21:00:00,0.0,0.0
2045-02-20 22:00:00,0.0,0.0
2045-02-20 23:00:00,0.0,0.0
2045-02-21 00:00:00,0.0,0.0
2045-02-21 01:00:00,0.0,0.0
2045-02-21 02:00:00,0.0,0.8926500118089694
2045-02-21 03:00:00,0.0,78.55320103918929
2045-02-21 04:00:00,0.0,179.86897737950736
2045-02-21 05:00:00,0.0,257.9758534127921
2045-02-21 06:00:00,0.0,303.0546790091451
2045-02-21 07:00:00,0.0,328.94152935160525
2045-02-21 08:00:00,0.0,331.17315438112763
2045-02-21 09:00:00,0.0,311.0885291154258
2045-02-21 10:00:00,0.0,266.4560285249774
2045-02-21 11:00:00,0.0,195.93667759206878
2045-02-21 12:00:00,0.0,102.20842635212698
2045-02-21 13:00:00,0.0,14.728725194847993
2045-02-21 14:00:00,0.0,0.0
2045-02-21 15:00:00,0.0,0.0
2045-02-21 16:00:00,0.0,0.0
2045-02-21 17:00:00,0.0,0.0
2045-02-21 18:00:00,0.0,0.0
2045-02-21 19:00:00,0.0,0.0
2045-02-21 20:00:00,0.0,0.0
2045-02-21 21:00:00,0.0,0.0
2045-02-21 22:00:00,0.0,0.0
2045-02-21 23:00:00,0.0,0.0
2045-02-22 00:00:00,0.0,0.0
2045-02-22 01:00:00,0.0,0.0
2045-02-22 02:00:00,0.0,1.338975017713454
2045-02-22 03:00:00,0.0,83.01645109823416
2045-02-22 04:00:00,0.0,182.10060240902973
2045-02-22 05:00:00,0.0,257.08320340098317
2045-02-22 06:00:00,0.0,305.2863040386676
2045-02-22 07:00:00,0.0,307.9642540740944
2045-02-22 08:00:00,0.0,316.89075419218415
2045-02-22 09:00:00,0.0,313.32015414494816
2045-02-22 10:00:00,0.0,262.88542847774147
2045-02-22 11:00:00,0.0,195.93667759206878
2045-02-22 12:00:00,0.0,106.67167641117183
2045-02-22 13:00:00,0.0,16.067700212561448
2045-02-22 14:00:00,0.0,0.0
2045-02-22 15:00:00,0.0,0.0
2045-02-22 16:00:00,0.0,0.0
2045-02-22 17:00:00,0.0,0.0
2045-02-22 18:00:00,0.0,0.0
2045-02-22 19:00:00,0.0,0.0
2045-02-22 20:00:00,0.0,0.0
2045-02-22 21:00:00,0.0,0.0
2045-02-22 22:00:00,0.0,0.0
2045-02-22 23:00:00,0.0,0.0
2045-02-23 00:00:00,0.0,0.0
2045-02-23 01:00:00,0.0,0.0
2045-02-23 02:00:00,0.0,0.4463250059044847
2045-02-23 03:00:00,0.0,63.378150838436824
2045-02-23 04:00:00,0.0,164.69392717875485
2045-02-23 05:00:00,0.0,255.7442283832697
2045-02-23 06:00:00,0.0,314.2128041567572
2045-02-23 07:00:00,0.0,340.09965449921737
2045-02-23 08:00:00,0.0,342.77760453464424
2045-02-23 09:00:00,0.0,322.24665426303795
2045-02-23 10:00:00,0.0,274.0435536253536
2045-02-23 11:00:00,0.0,199.95360264520917
2045-02-23 12:00:00,0.0,92.38927622222832
2045-02-23 13:00:00,0.0,12.497100165325572
2045-02-23 14:00:00,0.0,0.0
2045-02-23 15:00:00,0.0,0.0
2045-02-23 16:00:00,0.0,0.0
2045-02-23 17:00:00,0.0,0.0
2045-02-23 18:00:00,0.0,0.0
2045-02-23 19:00:00,0.0,0.0
2045-02-23 20:00:00,0.0,0.0
2045-02-23 21:00:00,0.0,0.0
2045-02-23 22:00:00,0.0,0.0
2045-02-23 23:00:00,0.0,0.0
2045-02-24 00:00:00,0.0,0.0
2045-02-24 01:00:00,0.0,0.0
2045-02-24 02:00:00,0.0,1.7853000236179388
2045-02-24 03:00:00,0.0,85.24807612775658
2045-02-24 04:00:00,0.0,187.0101774739791
2045-02-24 05:00:00,0.0,265.1170535072639
2045-02-24 06:00:00,0.0,314.6591291626617
2045-02-24 07:00:00,0.0,339.20700448740837
2045-02-24 08:00:00,0.0,341.43862951693075
2045-02-24 09:00:00,0.0,321.354004251229
2045-02-24 10:00:00,0.0,278.50680368439845
2045-02-24 11:00:00,0.0,210.6654027869168
2045-02-24 12:00:00,0.0,117.82980155878394
2045-02-24 13:00:00,0.0,20.530950271606297
2045-02-24 14:00:00,0.0,0.0
2045-02-24 15:00:00,0.0,0.0
2045-02-24 16:00:00,0.0,0.0
2045-02-24 17:00:00,0.0,0.0
2045-02-24 18:00:00,0.0,0.0
2045-02-24 19:00:00,0.0,0.0
2045-02-24 20:00:00,0.0,0.0
2045-02-24 21:00:00,0.0,0.0
2045-02-24 22:00:00,0.0,0.0
2045-02-24 23:00:00,0.0,0.0
2045-02-25 00:00:00,0.0,0.0
2045-02-25 01:00:00,0.0,0.0
2045-02-25 02:00:00,0.0,2.677950035426908
2045-02-25 03:00:00,0.0,91.05030120451487
2045-02-25 04:00:00,0.0,188.795477497597
2045-02-25 05:00:00,0.0,262.88542847774147
2045-02-25 06:00:00,0.0,311.53485412133034
2045-02-25 07:00:00,0.0,334.29742942245906
2045-02-25 08:00:00,0.0,336.08272944607694
2045-02-25 09:00:00,0.0,313.7664791508527
2045-02-25 10:00:00,0.0,262.439103471837
2045-02-25 11:00:00,0.0,178.08367735588942
2045-02-25 12:00:00,0.0,106.67167641117183
2045-02-25 13:00:00,0.0,20.530950271606297
2045-02-25 14:00:00,0.0,0.0
2045-02-25 15:00:00,0.0,0.0
2045-02-25 16:00:00,0.0,0.0
2045-02-25 17:00:00,0.0,0.0
2045-02-25 18:00:00,0.0,0.0
2045-02-25 19:00:00,0.0,0.0
2045-02-25 20:00:00,0.0,0.0
2045-02-25 21:00:00,0.0,0.0
2045-02-25 22:00:00,0.0,0.0
2045-02-25 23:00:00,0.0,0.0
2045-02-26 00:00:00,0.0,0.0
2045-02-26 01:00:00,0.0,0.0
2045-02-26 02:00:00,0.0,1.338975017713454
2045-02-26 03:00:00,0.0,71.85832595062205
2045-02-26 04:00:00,0.0,172.72777728503561
2045-02-26 05:00:00,0.0,253.9589283596518
2045-02-26 06:00:00,0.0,307.0716040622855
2045-02-26 07:00:00,0.0,334.29742942245906
2045-02-26 08:00:00,0.0,337.4217044637904
2045-02-26 09:00:00,0.0,311.53485412133034
2045-02-26 10:00:00,0.0,266.4560285249774
2045-02-26 11:00:00,0.0,199.06095263340018
2045-02-26 12:00:00,0.0,109.34962644659875
2045-02-26 13:00:00,0.0,19.191975253892842
2045-02-26 14:00:00,0.0,0.0
2045-02-26 15:00:00,0.0,0.0
2045-02-26 16:00:00,0.0,0.0
2045-02-26 17:00:00,0.0,0.0
2045-02-26 18:00:00,0.0,0.0
2045-02-26 19:00:00,0.0,0.0
2045-02-26 20:00:00,0.0,0.0
2045-02-26 21:00:00,0.0,0.0
2045-02-26 22:00:00,0.0,0.0
2045-02-26 23:00:00,0.0,0.0
2045-02-27 00:00:00,0.0,0.0
2045-02-27 01:00:00,0.0,0.0
2045-02-27 02:00:00,0.0,3.1242750413313933
2045-02-27 03:00:00,0.0,93.72825123994178
2045-02-27 04:00:00,0.0,195.93667759206878
2045-02-27 05:00:00,0.0,271.8119285958312
2045-02-27 06:00:00,0.0,319.568704227611
2045-02-27 07:00:00,0.0,341.88495452283524
2045-02-27 08:00:00,0.0,340.9923045110263
2045-02-27 09:00:00,0.0,318.2297292098976
2045-02-27 10:00:00,0.0,271.8119285958312
2045-02-27 11:00:00,0.0,201.2925776629226
2045-02-27 12:00:00,0.0,108.90330144069426
2045-02-27 13:00:00,0.0,18.745650247988358
2045-02-27 14:00:00,0.0,0.0
2045-02-27 15:00:00,0.0,0.0
2045-02-27 16:00:00,0.0,0.0
2045-02-27 17:00:00,0.0,0.0
2045-02-27 18:00:00,0.0,0.0
2045-02-27 19:00:00,0.0,0.0
2045-02-27 20:00:00,0.0,0.0
2045-02-27 21:00:00,0.0,0.0
2045-02-27 22:00:00,0.0,0.0
2045-02-27 23:00:00,0.0,0.0
2045-02-28 00:00:00,0.0,0.0
2045-02-28 01:00:00,0.0,0.0
2045-02-28 02:00:00,0.0,3.1242750413313933
2045-02-28 03:00:00,0.0,86.58705114547003
2045-02-28 04:00:00,0.0,184.33222743855217
2045-02-28 05:00:00,0.0,259.7611534364101
2045-02-28 06:00:00,0.0,307.51792906818997
2045-02-28 07:00:00,0.0,332.5121293988411
2045-02-28 08:00:00,0.0,334.74375442836356
2045-02-28 09:00:00,0.0,313.7664791508527
2045-02-28 10:00:00,0.0,269.58030356630877
2045-02-28 11:00:00,0.0,200.39992765111361
2045-02-28 12:00:00,0.0,108.45697643478978
2045-02-28 13:00:00,0.0,18.299325242083874
2045-02-28 14:00:00,0.0,0.0
2045-02-28 15:00:00,0.0,0.0
2045-02-28 16:00:00,0.0,0.0
2045-02-28 17:00:00,0.0,0.0
2045-02-28 18:00:00,0.0,0.0
2045-02-28 19:00:00,0.0,0.0
2045-02-28 20:00:00,0.0,0.0
2045-02-28 21:00:00,0.0,0.0
2045-02-28 22:00:00,0.0,0.0
2045-02-28 23:00:00,0.0,0.0
2045-03-01 00:00:00,0.0,0.0
2045-03-01 01:00:00,0.0,0.0
2045-03-01 02:00:00,0.0,3.1242750413313933
2045-03-01 03:00:00,0.0,86.14072613956556
2045-03-01 04:00:00,0.0,182.54692741493423
2045-03-01 05:00:00,0.0,257.52952840688766
2045-03-01 06:00:00,0.0,306.1789540504766
2045-03-01 07:00:00,0.0,330.72682937522313
2045-03-01 08:00:00,0.0,332.5121293988411
2045-03-01 09:00:00,0.0,309.7495540977124
2045-03-01 10:00:00,0.0,265.5633785131684
2045-03-01 11:00:00,0.0,195.93667759206878
2045-03-01 12:00:00,0.0,103.54740136984044
2045-03-01 13:00:00,0.0,16.067700212561448
2045-03-01 14:00:00,0.0,0.0
2045-03-01 15:00:00,0.0,0.0
2045-03-01 16:00:00,0.0,0.0
2045-03-01 17:00:00,0.0,0.0
2045-03-01 18:00:00,0.0,0.0
2045-03-01 19:00:00,0.0,0.0
2045-03-01 20:00:00,0.0,0.0
2045-03-01 21:00:00,0.0,0.0
2045-03-01 22:00:00,0.0,0.0
2045-03-01 23:00:00,0.0,0.0
2045-03-02 00:00:00,0.0,0.0
2045-03-02 01:00:00,0.0,0.0
2045-03-02 02:00:00,0.0,0.8926500118089694
2045-03-02 03:00:00,0.0,52.6663506967292
2045-03-02 04:00:00,0.0,136.12912680086785
2045-03-02 05:00:00,0.0,211.55805279872575
2045-03-02 06:00:00,0.0,264.6707285013594
2045-03-02 07:00:00,0.0,290.55757884381956
2045-03-02 08:00:00,0.0,293.68185388515093
2045-03-02 09:00:00,0.0,267.7950035426908
2045-03-02 10:00:00,0.0,217.36027787548406
2045-03-02 11:00:00,0.0,146.84092694257546
2045-03-02 12:00:00,0.0,70.0730259270041
2045-03-02 13:00:00,0.0,9.819150129898661
2045-03-02 14:00:00,0.0,0.0
2045-03-02 15:00:00,0.0,0.0
2045-03-02 16:00:00,0.0,0.0
2045-03-02 17:00:00,0.0,0.0
2045-03-02 18:00:00,0.0,0.0
2045-03-02 19:00:00,0.0,0.0
2045-03-02 20:00:00,0.0,0.0
2045-03-02 21:00:00,0.0,0.0
2045-03-02 22:00:00,0.0,0.0
2045-03-02 23:00:00,0.0,0.0
2045-03-03 00:00:00,0.0,0.0
2045-03-03 01:00:00,0.0,0.0
2045-03-03 02:00:00,0.0,3.1242750413313933
2045-03-03 03:00:00,0.0,80.78482606871172
2045-03-03 04:00:00,0.0,180.31530238541185
2045-03-03 05:00:00,0.0,259.3148284305056
2045-03-03 06:00:00,0.0,313.7664791508527
2045-03-03 07:00:00,0.0,337.4217044637904
2045-03-03 08:00:00,0.0,337.4217044637904
2045-03-03 09:00:00,0.0,322.24665426303795
2045-03-03 10:00:00,0.0,276.275178654876
2045-03-03 11:00:00,0.0,205.30950271606295
2045-03-03 12:00:00,0.0,111.13492647021668
2045-03-03 13:00:00,0.0,19.191975253892842
2045-03-03 14:00:00,0.0,0.0
2045-03-03 15:00:00,0.0,0.0
2045-03-03 16:00:00,0.0,0.0
2045-03-03 17:00:00,0.0,0.0
2045-03-03 18:00:00,0.0,0.0
2045-03-03 19:00:00,0.0,0.0
2045-03-03 20:00:00,0.0,0.0
2045-03-03 21:00:00,0.0,0.0
2045-03-03 22:00:00,0.0,0.0
2045-03-03 23:00:00,0.0,0.0
2045-03-04 00:00:00,0.0,0.0
2045-03-04 01:00:00,0.0,0.0
2045-03-04 02:00:00,0.0,2.677950035426908
2045-03-04 03:00:00,0.0,76.3215760096669
2045-03-04 04:00:00,0.0,174.95940231455802
2045-03-04 05:00:00,0.0,254.4052533655563
2045-03-04 06:00:00,0.0,286.9869787965836
2045-03-04 07:00:00,0.0,311.98117912723484
2045-03-04 08:00:00,0.0,312.8738291390437
2045-03-04 09:00:00,0.0,291.896553861533
2045-03-04 10:00:00,0.0,245.92507825337108
2045-03-04 11:00:00,0.0,177.19102734408042
2045-03-04 12:00:00,0.0,91.94295121632385
2045-03-04 13:00:00,0.0,15.17505020075248
2045-03-04 14:00:00,0.0,0.0
2045-03-04 15:00:00,0.0,0.0
2045-03-04 16:00:00,0.0,0.0
2045-03-04 17:00:00,0.0,0.0
2045-03-04 18:00:00,0.0,0.0
2045-03-04 19:00:00,0.0,0.0
2045-03-04 20:00:00,0.0,0.0
2045-03-04 21:00:00,0.0,0.0
2045-03-04 22:00:00,0.0,0.0
2045-03-04 23:00:00,0.0,0.0
2045-03-05 00:00:00,0.0,0.0
2045-03-05 01:00:00,0.0,0.0
2045-03-05 02:00:00,0.0,3.5706000472358776
2045-03-05 03:00:00,0.0,87.47970115727901
2045-03-05 04:00:00,0.0,187.90282748578807
2045-03-05 05:00:00,0.0,264.6707285013594
2045-03-05 06:00:00,0.0,314.2128041567572
2045-03-05 07:00:00,0.0,338.7606794815039
2045-03-05 08:00:00,0.0,340.09965449921737
2045-03-05 09:00:00,0.0,320.46135423942
2045-03-05 10:00:00,0.0,274.9362036371626
2045-03-05 11:00:00,0.0,203.9705276983495
2045-03-05 12:00:00,0.0,110.24227645840772
2045-03-05 13:00:00,0.0,19.638300259797322
2045-03-05 14:00:00,0.0,0.0
2045-03-05 15:00:00,0.0,0.0
2045-03-05 16:00:00,0.0,0.0
2045-03-05 17:00:00,0.0,0.0
2045-03-05 18:00:00,0.0,0.0
2045-03-05 19:00:00,0.0,0.0
2045-03-05 20:00:00,0.0,0.0
2045-03-05 21:00:00,0.0,0.0
2045-03-05 22:00:00,0.0,0.0
2045-03-05 23:00:00,0.0,0.0
2045-03-06 00:00:00,0.0,0.0
2045-03-06 01:00:00,0.0,0.0
2045-03-06 02:00:00,0.0,4.463250059044847
2045-03-06 03:00:00,0.0,89.71132618680143
2045-03-06 04:00:00,0.0,187.90282748578807
2045-03-06 05:00:00,0.0,261.99277846593253
2045-03-06 06:00:00,0.0,315.10545416856615
2045-03-06 07:00:00,0.0,339.20700448740837
2045-03-06 08:00:00,0.0,340.54597950512186
2045-03-06 09:00:00,0.0,319.1223792217065
2045-03-06 10:00:00,0.0,274.0435536253536
2045-03-06 11:00:00,0.0,204.41685270425396
2045-03-06 12:00:00,0.0,112.47390148793014
2045-03-06 13:00:00,0.0,20.97727527751078
2045-03-06 14:00:00,0.0,0.0
2045-03-06 15:00:00,0.0,0.0
2045-03-06 16:00:00,0.0,0.0
2045-03-06 17:00:00,0.0,0.0
2045-03-06 18:00:00,0.0,0.0
2045-03-06 19:00:00,0.0,0.0
2045-03-06 20:00:00,0.0,0.0
2045-03-06 21:00:00,0.0,0.0
2045-03-06 22:00:00,0.0,0.0
2045-03-06 23:00:00,0.0,0.0
2045-03-07 00:00:00,0.0,0.0
2045-03-07 01:00:00,0.0,0.0
2045-03-07 02:00:00,0.0,3.5706000472358776
2045-03-07 03:00:00,0.0,76.76790101557137
2045-03-07 04:00:00,0.0,170.49615225551315
2045-03-07 05:00:00,0.0,245.0324282415621
2045-03-07 06:00:00,0.0,292.3428788674375
2045-03-07 07:00:00,0.0,303.9473290209541
2045-03-07 08:00:00,0.0,296.8061289264823
2045-03-07 09:00:00,0.0,269.58030356630877
2045-03-07 10:00:00,0.0,205.30950271606295
2045-03-07 11:00:00,0.0,118.27612656468844
2045-03-07 12:00:00,0.0,46.86412561997089
2045-03-07 13:00:00,0.0,7.141200094471755
2045-03-07 14:00:00,0.0,0.0
2045-03-07 15:00:00,0.0,0.0
2045-03-07 16:00:00,0.0,0.0
2045-03-07 17:00:00,0.0,0.0
2045-03-07 18:00:00,0.0,0.0
2045-03-07 19:00:00,0.0,0.0
2045-03-07 20:00:00,0.0,0.0
2045-03-07 21:00:00,0.0,0.0
2045-03-07 22:00:00,0.0,0.0
2045-03-07 23:00:00,0.0,0.0
2045-03-08 00:00:00,0.0,0.0
2045-03-08 01:00:00,0.0,0.0
2045-03-08 02:00:00,0.0,4.016925053140362
2045-03-08 03:00:00,0.0,78.55320103918929
2045-03-08 04:00:00,0.0,166.47922720237278
2045-03-08 05:00:00,0.0,220.48455291681543
2045-03-08 06:00:00,0.0,240.12285317661278
2045-03-08 07:00:00,0.0,263.33175348364597
2045-03-08 08:00:00,0.0,258.4221784186966
2045-03-08 09:00:00,0.0,222.71617794633787
2045-03-08 10:00:00,0.0,187.45650247988357
2045-03-08 11:00:00,0.0,135.68280179496335
2045-03-08 12:00:00,0.0,62.93182583253233
2045-03-08 13:00:00,0.0,9.819150129898661
2045-03-08 14:00:00,0.0,0.0
2045-03-08 15:00:00,0.0,0.0
2045-03-08 16:00:00,0.0,0.0
2045-03-08 17:00:00,0.0,0.0
2045-03-08 18:00:00,0.0,0.0
2045-03-08 19:00:00,0.0,0.0
2045-03-08 20:00:00,0.0,0.0
2045-03-08 21:00:00,0.0,0.0
2045-03-08 22:00:00,0.0,0.0
2045-03-08 23:00:00,0.0,0.0
2045-03-09 00:00:00,0.0,0.0
2045-03-09 01:00:00,0.0,0.0
2045-03-09 02:00:00,0.0,3.1242750413313933
2045-03-09 03:00:00,0.0,58.91490077939197
2045-03-09 04:00:00,0.0,124.52467664735124
2045-03-09 05:00:00,0.0,195.04402758025984
2045-03-09 06:00:00,0.0,257.52952840688766
2045-03-09 07:00:00,0.0,274.0435536253536
2045-03-09 08:00:00,0.0,252.17362833603386
2045-03-09 09:00:00,0.0,228.0720780171917
2045-03-09 10:00:00,0.0,182.99325242083873
2045-03-09 11:00:00,0.0,128.98792670639605
2045-03-09 12:00:00,0.0,69.18037591519513
2045-03-09 13:00:00,0.0,13.389750177134541
2045-03-09 14:00:00,0.0,0.0
2045-03-09 15:00:00,0.0,0.0
2045-03-09 16:00:00,0.0,0.0
2045-03-09 17:00:00,0.0,0.0
2045-03-09 18:00:00,0.0,0.0
2045-03-09 19:00:00,0.0,0.0
2045-03-09 20:00:00,0.0,0.0
2045-03-09 21:00:00,0.0,0.0
2045-03-09 22:00:00,0.0,0.0
2045-03-09 23:00:00,0.0,0.0
2045-03-10 00:00:00,0.0,0.0
2045-03-10 01:00:00,0.0,0.0
2045-03-10 02:00:00,0.0,6.248550082662787
2045-03-10 03:00:00,0.0,95.51355126355972
2045-03-10 04:00:00,0.0,194.59770257435534
2045-03-10 05:00:00,0.0,270.9192785840222
2045-03-10 06:00:00,0.0,321.354004251229
2045-03-10 07:00:00,0.0,345.90187957597567
2045-03-10 08:00:00,0.0,347.6871795995936
2045-03-10 09:00:00,0.0,328.04887933979626
2045-03-10 10:00:00,0.0,284.30902876115675
2045-03-10 11:00:00,0.0,216.0213028577706
2045-03-10 12:00:00,0.0,123.63202663554225
2045-03-10 13:00:00,0.0,26.779500354269082
2045-03-10 14:00:00,0.0,0.0
2045-03-10 15:00:00,0.0,0.0
2045-03-10 16:00:00,0.0,0.0
2045-03-10 17:00:00,0.0,0.0
2045-03-10 18:00:00,0.0,0.0
2045-03-10 19:00:00,0.0,0.0
2045-03-10 20:00:00,0.0,0.0
2045-03-10 21:00:00,0.0,0.0
2045-03-10 22:00:00,0.0,0.0
2045-03-10 23:00:00,0.0,0.0
2045-03-11 00:00:00,0.0,0.0
2045-03-11 01:00:00,0.0,0.0
2045-03-11 02:00:00,0.0,8.033850106280724
2045-03-11 03:00:00,0.0,108.90330144069426
2045-03-11 04:00:00,0.0,210.2190777810123
2045-03-11 05:00:00,0.0,284.7553537670612
2045-03-11 06:00:00,0.0,336.5290544519815
2045-03-11 07:00:00,0.0,361.07692977672815
2045-03-11 08:00:00,0.0,362.4159047944416
2045-03-11 09:00:00,0.0,342.77760453464424
2045-03-11 10:00:00,0.0,299.4840789619093
2045-03-11 11:00:00,0.0,228.51840302309617
2045-03-11 12:00:00,0.0,126.75630167687365
2045-03-11 13:00:00,0.0,24.547875324746656
2045-03-11 14:00:00,0.0,0.0
2045-03-11 15:00:00,0.0,0.0
2045-03-11 16:00:00,0.0,0.0
2045-03-11 17:00:00,0.0,0.0
2045-03-11 18:00:00,0.0,0.0
2045-03-11 19:00:00,0.0,0.0
2045-03-11 20:00:00,0.0,0.0
2045-03-11 21:00:00,0.0,0.0
2045-03-11 22:00:00,0.0,0.0
2045-03-11 23:00:00,0.0,0.0
2045-03-12 00:00:00,0.0,0.0
2045-03-12 01:00:00,0.0,0.0
2045-03-12 02:00:00,0.0,2.677950035426908
2045-03-12 03:00:00,0.0,43.739850578639505
2045-03-12 04:00:00,0.0,98.63782630489112
2045-03-12 05:00:00,0.0,145.05562691895753
2045-03-12 06:00:00,0.0,175.852052326367
2045-03-12 07:00:00,0.0,178.97632736769836
2045-03-12 08:00:00,0.0,187.0101774739791
2045-03-12 09:00:00,0.0,178.08367735588942
2045-03-12 10:00:00,0.0,149.51887697800237
2045-03-12 11:00:00,0.0,112.92022649383463
2045-03-12 12:00:00,0.0,69.18037591519513
2045-03-12 13:00:00,0.0,19.191975253892842
2045-03-12 14:00:00,0.0,0.0
2045-03-12 15:00:00,0.0,0.0
2045-03-12 16:00:00,0.0,0.0
2045-03-12 17:00:00,0.0,0.0
2045-03-12 18:00:00,0.0,0.0
2045-03-12 19:00:00,0.0,0.0
2045-03-12 20:00:00,0.0,0.0
2045-03-12 21:00:00,0.0,0.0
2045-03-12 22:00:00,0.0,0.0
2045-03-12 23:00:00,0.0,0.0
2045-03-13 00:00:00,0.0,0.0
2045-03-13 01:00:00,0.0,0.0
2045-03-13 02:00:00,0.0,8.48017511218521
2045-03-13 03:00:00,0.0,109.34962644659875
2045-03-13 04:00:00,0.0,213.78967782824816
2045-03-13 05:00:00,0.0,289.6649288320106
2045-03-13 06:00:00,0.0,337.86802946969493
2045-03-13 07:00:00,0.0,362.4159047944416
2045-03-13 08:00:00,0.0,364.20120481805947
2045-03-13 09:00:00,0.0,344.56290455826223
2045-03-13 10:00:00,0.0,301.26937898552717
2045-03-13 11:00:00,0.0,232.981653082141
2045-03-13 12:00:00,0.0,139.25340184219922
2045-03-13 13:00:00,0.0,34.813350460549806
2045-03-13 14:00:00,0.0,0.0
2045-03-13 15:00:00,0.0,0.0
2045-03-13 16:00:00,0.0,0.0
2045-03-13 17:00:00,0.0,0.0
2045-03-13 18:00:00,0.0,0.0
2045-03-13 19:00:00,0.0,0.0
2045-03-13 20:00:00,0.0,0.0
2045-03-13 21:00:00,0.0,0.0
2045-03-13 22:00:00,0.0,0.0
2045-03-13 23:00:00,0.0,0.0
2045-03-14 00:00:00,0.0,0.0
2045-03-14 01:00:00,0.0,0.0
2045-03-14 02:00:00,0.0,9.819150129898661
2045-03-14 03:00:00,0.0,111.58125147612118
2045-03-14 04:00:00,0.0,211.55805279872575
2045-03-14 05:00:00,0.0,284.7553537670612
2045-03-14 06:00:00,0.0,332.5121293988411
2045-03-14 07:00:00,0.0,356.61367971768334
2045-03-14 08:00:00,0.0,358.3989797413013
2045-03-14 09:00:00,0.0,339.20700448740837
2045-03-14 10:00:00,0.0,297.25245393238686
2045-03-14 11:00:00,0.0,230.3037030467141
2045-03-14 12:00:00,0.0,139.25340184219922
2045-03-14 13:00:00,0.0,36.152325478263265
2045-03-14 14:00:00,0.0,0.0
2045-03-14 15:00:00,0.0,0.0
2045-03-14 16:00:00,0.0,0.0
2045-03-14 17:00:00,0.0,0.0
2045-03-14 18:00:00,0.0,0.0
2045-03-14 19:00:00,0.0,0.0
2045-03-14 20:00:00,0.0,0.0
2045-03-14 21:00:00,0.0,0.0
2045-03-14 22:00:00,0.0,0.0
2045-03-14 23:00:00,0.0,0.0
2045-03-15 00:00:00,0.0,0.0
2045-03-15 01:00:00,0.0,0.0
2045-03-15 02:00:00,0.0,10.711800141707633
2045-03-15 03:00:00,0.0,112.02757648202567
2045-03-15 04:00:00,0.0,209.77275277510782
2045-03-15 05:00:00,0.0,283.4163787493478
2045-03-15 06:00:00,0.0,331.61947938703213
2045-03-15 07:00:00,0.0,355.27470469996985
2045-03-15 08:00:00,0.0,357.0600047235878
2045-03-15 09:00:00,0.0,336.5290544519815
2045-03-15 10:00:00,0.0,292.789203873342
2045-03-15 11:00:00,0.0,224.94780297586027
2045-03-15 12:00:00,0.0,133.00485175953645
2045-03-15 13:00:00,0.0,32.58172543102739
2045-03-15 14:00:00,0.0,0.0
2045-03-15 15:00:00,0.0,0.0
2045-03-15 16:00:00,0.0,0.0
2045-03-15 17:00:00,0.0,0.0
2045-03-15 18:00:00,0.0,0.0
2045-03-15 19:00:00,0.0,0.0
2045-03-15 20:00:00,0.0,0.0
2045-03-15 21:00:00,0.0,0.0
2045-03-15 22:00:00,0.0,0.0
2045-03-15 23:00:00,0.0,0.0
2045-03-16 00:00:00,0.0,0.0
2045-03-16 01:00:00,0.0,0.0
2045-03-16 02:00:00,0.0,8.48017511218521
2045-03-16 03:00:00,0.0,96.4062012753687
2045-03-16 04:00:00,0.0,192.36607754483293
2045-03-16 05:00:00,0.0,274.4898786312581
2045-03-16 06:00:00,0.0,321.354004251229
2045-03-16 07:00:00,0.0,345.90187957597567
2045-03-16 08:00:00,0.0,348.13350460549805
2045-03-16 09:00:00,0.0,326.26357931617827
2045-03-16 10:00:00,0.0,283.4163787493478
2045-03-16 11:00:00,0.0,216.0213028577706
2045-03-16 12:00:00,0.0,125.86365166506467
2045-03-16 13:00:00,0.0,29.457450389695985
2045-03-16 14:00:00,0.0,0.0
2045-03-16 15:00:00,0.0,0.0
2045-03-16 16:00:00,0.0,0.0
2045-03-16 17:00:00,0.0,0.0
2045-03-16 18:00:00,0.0,0.0
2045-03-16 19:00:00,0.0,0.0
2045-03-16 20:00:00,0.0,0.0
2045-03-16 21:00:00,0.0,0.0
2045-03-16 22:00:00,0.0,0.0
2045-03-16 23:00:00,0.0,0.0
2045-03-17 00:00:00,0.0,0.0
2045-03-17 01:00:00,0.0,0.0
2045-03-17 02:00:00,0.0,8.48017511218521
2045-03-17 03:00:00,0.0,96.4062012753687
2045-03-17 04:00:00,0.0,196.82932760387774
2045-03-17 05:00:00,0.0,272.7045786076402
2045-03-17 06:00:00,0.0,316.4444291862797
2045-03-17 07:00:00,0.0,341.43862951693075
2045-03-17 08:00:00,0.0,344.11657955235773
2045-03-17 09:00:00,0.0,324.0319542866559
2045-03-17 10:00:00,0.0,281.6310787257299
2045-03-17 11:00:00,0.0,215.12865284596165
2045-03-17 12:00:00,0.0,125.86365166506467
2045-03-17 13:00:00,0.0,30.35010040150496
2045-03-17 14:00:00,0.0,0.0
2045-03-17 15:00:00,0.0,0.0
2045-03-17 16:00:00,0.0,0.0
2045-03-17 17:00:00,0.0,0.0
2045-03-17 18:00:00,0.0,0.0
2045-03-17 19:00:00,0.0,0.0
2045-03-17 20:00:00,0.0,0.0
2045-03-17 21:00:00,0.0,0.0
2045-03-17 22:00:00,0.0,0.0
2045-03-17 23:00:00,0.0,0.0
2045-03-18 00:00:00,0.0,0.0
2045-03-18 01:00:00,0.0,0.0
2045-03-18 02:00:00,0.0,8.033850106280724
2045-03-18 03:00:00,0.0,84.3554261159476
2045-03-18 04:00:00,0.0,183.4395774267432
2045-03-18 05:00:00,0.0,256.63687839507867
2045-03-18 06:00:00,0.0,311.0885291154258
2045-03-18 07:00:00,0.0,338.7606794815039
2045-03-18 08:00:00,0.0,340.09965449921737
2045-03-18 09:00:00,0.0,318.2297292098976
2045-03-18 10:00:00,0.0,274.0435536253536
2045-03-18 11:00:00,0.0,203.52420269244504
2045-03-18 12:00:00,0.0,111.13492647021668
2045-03-18 13:00:00,0.0,22.762575301128717
2045-03-18 14:00:00,0.0,0.0
2045-03-18 15:00:00,0.0,0.0
2045-03-18 16:00:00,0.0,0.0
2045-03-18 17:00:00,0.0,0.0
2045-03-18 18:00:00,0.0,0.0
2045-03-18 19:00:00,0.0,0.0
2045-03-18 20:00:00,0.0,0.0
2045-03-18 21:00:00,0.0,0.0
2045-03-18 22:00:00,0.0,0.0
2045-03-18 23:00:00,0.0,0.0
2045-03-19 00:00:00,0.0,0.0
2045-03-19 01:00:00,0.0,0.0
2045-03-19 02:00:00,0.0,8.033850106280724
2045-03-19 03:00:00,0.0,95.95987626946422
2045-03-19 04:00:00,0.0,197.7219776156867
2045-03-19 05:00:00,0.0,274.4898786312581
2045-03-19 06:00:00,0.0,324.4782792925604
2045-03-19 07:00:00,0.0,345.90187957597567
2045-03-19 08:00:00,0.0,345.90187957597567
2045-03-19 09:00:00,0.0,317.78340420399314
2045-03-19 10:00:00,0.0,272.7045786076402
2045-03-19 11:00:00,0.0,203.9705276983495
2045-03-19 12:00:00,0.0,115.15185152335705
2045-03-19 13:00:00,0.0,25.886850342460114
2045-03-19 14:00:00,0.0,0.0
2045-03-19 15:00:00,0.0,0.0
2045-03-19 16:00:00,0.0,0.0
2045-03-19 17:00:00,0.0,0.0
2045-03-19 18:00:00,0.0,0.0
2045-03-19 19:00:00,0.0,0.0
2045-03-19 20:00:00,0.0,0.0
2045-03-19 21:00:00,0.0,0.0
2045-03-19 22:00:00,0.0,0.0
2045-03-19 23:00:00,0.0,0.0
2045-03-20 00:00:00,0.0,0.0
2045-03-20 01:00:00,0.0,0.0
2045-03-20 02:00:00,0.0,8.033850106280724
2045-03-20 03:00:00,0.0,91.49662621041936
2045-03-20 04:00:00,0.0,188.3491524916925
2045-03-20 05:00:00,0.0,263.77807848955047
2045-03-20 06:00:00,0.0,320.0150292335155
2045-03-20 07:00:00,0.0,342.77760453464424
2045-03-20 08:00:00,0.0,343.67025454645324
2045-03-20 09:00:00,0.0,324.4782792925604
2045-03-20 10:00:00,0.0,280.2921037080164
2045-03-20 11:00:00,0.0,212.00437780463025
2045-03-20 12:00:00,0.0,121.84672661192432
2045-03-20 13:00:00,0.0,29.01112538379151
2045-03-20 14:00:00,0.0,0.0
2045-03-20 15:00:00,0.0,0.0
2045-03-20 16:00:00,0.0,0.0
2045-03-20 17:00:00,0.0,0.0
2045-03-20 18:00:00,0.0,0.0
2045-03-20 19:00:00,0.0,0.0
2045-03-20 20:00:00,0.0,0.0
2045-03-20 21:00:00,0.0,0.0
2045-03-20 22:00:00,0.0,0.0
2045-03-20 23:00:00,0.0,0.0
2045-03-21 00:00:00,0.0,0.0
2045-03-21 01:00:00,0.0,0.0
2045-03-21 02:00:00,0.0,9.819150129898661
2045-03-21 03:00:00,0.0,98.19150129898662
2045-03-21 04:00:00,0.0,193.70505256254634
2045-03-21 05:00:00,0.0,266.0097035190729
2045-03-21 06:00:00,0.0,313.32015414494816
2045-03-21 07:00:00,0.0,337.4217044637904
2045-03-21 08:00:00,0.0,339.20700448740837
2045-03-21 09:00:00,0.0,314.6591291626617
2045-03-21 10:00:00,0.0,271.3656035899267
2045-03-21 11:00:00,0.0,204.86317771015845
2045-03-21 12:00:00,0.0,117.38347655287949
2045-03-21 13:00:00,0.0,28.56480037788702
2045-03-21 14:00:00,0.0,0.0
2045-03-21 15:00:00,0.0,0.0
2045-03-21 16:00:00,0.0,0.0
2045-03-21 17:00:00,0.0,0.0
2045-03-21 18:00:00,0.0,0.0
2045-03-21 19:00:00,0.0,0.0
2045-03-21 20:00:00,0.0,0.0
2045-03-21 21:00:00,0.0,0.0
2045-03-21 22:00:00,0.0,0.0
2045-03-21 23:00:00,0.0,0.0
2045-03-22 00:00:00,0.0,0.0
2045-03-22 01:00:00,0.0,0.0
2045-03-22 02:00:00,0.0,9.372825123994179
2045-03-22 03:00:00,0.0,91.49662621041936
2045-03-22 04:00:00,0.0,184.77855244445664
2045-03-22 05:00:00,0.0,257.52952840688766
2045-03-22 06:00:00,0.0,301.71570399143167
2045-03-22 07:00:00,0.0,326.7099043220828
2045-03-22 08:00:00,0.0,331.61947938703213
2045-03-22 09:00:00,0.0,311.98117912723484
2045-03-22 10:00:00,0.0,269.1339785604043
2045-03-22 11:00:00,0.0,202.63155268063605
2045-03-22 12:00:00,0.0,115.59817652926154
2045-03-22 13:00:00,0.0,27.67215036607805
2045-03-22 14:00:00,0.0,0.0
2045-03-22 15:00:00,0.0,0.0
2045-03-22 16:00:00,0.0,0.0
2045-03-22 17:00:00,0.0,0.0
2045-03-22 18:00:00,0.0,0.0
2045-03-22 19:00:00,0.0,0.0
2045-03-22 20:00:00,0.0,0.0
2045-03-22 21:00:00,0.0,0.0
2045-03-22 22:00:00,0.0,0.0
2045-03-22 23:00:00,0.0,0.0
2045-03-23 00:00:00,0.0,0.0
2045-03-23 01:00:00,0.0,0.0
2045-03-23 02:00:00,0.0,8.926500118089693
2045-03-23 03:00:00,0.0,87.9260261631835
2045-03-23 04:00:00,0.0,186.1175274621701
2045-03-23 05:00:00,0.0,260.6538034482191
2045-03-23 06:00:00,0.0,309.30322909180785
2045-03-23 07:00:00,0.0,330.28050436931863
2045-03-23 08:00:00,0.0,323.58562928075145
2045-03-23 09:00:00,0.0,313.32015414494816
2045-03-23 10:00:00,0.0,279.3994536962074
2045-03-23 11:00:00,0.0,214.68232784005716
2045-03-23 12:00:00,0.0,127.64895168868263
2045-03-23 13:00:00,0.0,33.92070044874084
2045-03-23 14:00:00,0.0,0.0
2045-03-23 15:00:00,0.0,0.0
2045-03-23 16:00:00,0.0,0.0
2045-03-23 17:00:00,0.0,0.0
2045-03-23 18:00:00,0.0,0.0
2045-03-23 19:00:00,0.0,0.0
2045-03-23 20:00:00,0.0,0.0
2045-03-23 21:00:00,0.0,0.0
2045-03-23 22:00:00,0.0,0.0
2045-03-23 23:00:00,0.0,0.0
2045-03-24 00:00:00,0.0,0.0
2045-03-24 01:00:00,0.0,0.0
2045-03-24 02:00:00,0.0,12.050775159421088
2045-03-24 03:00:00,0.0,103.54740136984044
2045-03-24 04:00:00,0.0,201.73890266882708
2045-03-24 05:00:00,0.0,274.0435536253536
2045-03-24 06:00:00,0.0,320.9076792453245
2045-03-24 07:00:00,0.0,345.0092295641667
2045-03-24 08:00:00,0.0,347.24085459368905
2045-03-24 09:00:00,0.0,327.15622932798726
2045-03-24 10:00:00,0.0,285.2016787729657
2045-03-24 11:00:00,0.0,219.145577899102
2045-03-24 12:00:00,0.0,120.95407660011537
2045-03-24 13:00:00,0.0,32.135400425122896
2045-03-24 14:00:00,0.0,0.0
2045-03-24 15:00:00,0.0,0.0
2045-03-24 16:00:00,0.0,0.0
2045-03-24 17:00:00,0.0,0.0
2045-03-24 18:00:00,0.0,0.0
2045-03-24 19:00:00,0.0,0.0
2045-03-24 20:00:00,0.0,0.0
2045-03-24 21:00:00,0.0,0.0
2045-03-24 22:00:00,0.0,0.0
2045-03-24 23:00:00,0.0,0.0
2045-03-25 00:00:00,0.0,0.0
2045-03-25 01:00:00,0.0,0.0
2045-03-25 02:00:00,0.0,11.604450153516602
2045-03-25 03:00:00,0.0,98.63782630489112
2045-03-25 04:00:00,0.0,200.8462526570181
2045-03-25 05:00:00,0.0,274.0435536253536
2045-03-25 06:00:00,0.0,323.58562928075145
2045-03-25 07:00:00,0.0,347.6871795995936
2045-03-25 08:00:00,0.0,350.3651296350205
2045-03-25 09:00:00,0.0,328.94152935160525
2045-03-25 10:00:00,0.0,287.8796288083926
2045-03-25 11:00:00,0.0,223.16250295224236
2045-03-25 12:00:00,0.0,135.68280179496335
2045-03-25 13:00:00,0.0,39.27660051959465
2045-03-25 14:00:00,0.0,0.0
2045-03-25 15:00:00,0.0,0.0
2045-03-25 16:00:00,0.0,0.0
2045-03-25 17:00:00,0.0,0.0
2045-03-25 18:00:00,0.0,0.0
2045-03-25 19:00:00,0.0,0.0
2045-03-25 20:00:00,0.0,0.0
2045-03-25 21:00:00,0.0,0.0
2045-03-25 22:00:00,0.0,0.0
2045-03-25 23:00:00,0.0,0.0
2045-03-26 00:00:00,0.0,0.0
2045-03-26 01:00:00,0.0,0.0
2045-03-26 02:00:00,0.0,13.836075183039025
2045-03-26 03:00:00,0.0,109.34962644659875
2045-03-26 04:00:00,0.0,205.75582772196745
2045-03-26 05:00:00,0.0,277.6141536725895
2045-03-26 06:00:00,0.0,324.0319542866559
2045-03-26 07:00:00,0.0,347.6871795995936
2045-03-26 08:00:00,0.0,349.4724796232115
2045-03-26 09:00:00,0.0,326.7099043220828
2045-03-26 10:00:00,0.0,285.6480037788702
2045-03-26 11:00:00,0.0,220.48455291681543
2045-03-26 12:00:00,0.0,133.45117676544092
2045-03-26 13:00:00,0.0,37.9376255018812
2045-03-26 14:00:00,0.0,0.0
2045-03-26 15:00:00,0.0,0.0
2045-03-26 16:00:00,0.0,0.0
2045-03-26 17:00:00,0.0,0.0
2045-03-26 18:00:00,0.0,0.0
2045-03-26 19:00:00,0.0,0.0
2045-03-26 20:00:00,0.0,0.0
2045-03-26 21:00:00,0.0,0.0
2045-03-26 22:00:00,0.0,0.0
2045-03-26 23:00:00,0.0,0.0
2045-03-27 00:00:00,0.0,0.0
2045-03-27 01:00:00,0.0,0.0
2045-03-27 02:00:00,0.0,14.728725194847993
2045-03-27 03:00:00,0.0,110.24227645840772
2045-03-27 04:00:00,0.0,204.41685270425396
2045-03-27 05:00:00,0.0,275.3825286430671
2045-03-27 06:00:00,0.0,322.69297926894245
2045-03-27 07:00:00,0.0,344.56290455826223
2045-03-27 08:00:00,0.0,345.0092295641667
2045-03-27 09:00:00,0.0,325.3709293043694
2045-03-27 10:00:00,0.0,284.7553537670612
2045-03-27 11:00:00,0.0,223.60882795814686
2045-03-27 12:00:00,0.0,139.25340184219922
2045-03-27 13:00:00,0.0,42.400875560926046
2045-03-27 14:00:00,0.0,0.0
2045-03-27 15:00:00,0.0,0.0
2045-03-27 16:00:00,0.0,0.0
2045-03-27 17:00:00,0.0,0.0
2045-03-27 18:00:00,0.0,0.0
2045-03-27 19:00:00,0.0,0.0
2045-03-27 20:00:00,0.0,0.0
2045-03-27 21:00:00,0.0,0.0
2045-03-27 22:00:00,0.0,0.0
2045-03-27 23:00:00,0.0,0.0
2045-03-28 00:00:00,0.0,0.0
2045-03-28 01:00:00,0.0,0.0
2045-03-28 02:00:00,0.0,15.621375206656966
2045-03-28 03:00:00,0.0,110.24227645840772
2045-03-28 04:00:00,0.0,203.52420269244504
2045-03-28 05:00:00,0.0,274.0435536253536
2045-03-28 06:00:00,0.0,318.6760542158021
2045-03-28 07:00:00,0.0,340.9923045110263
2045-03-28 08:00:00,0.0,342.33127952873974
2045-03-28 09:00:00,0.0,323.13930427484695
2045-03-28 10:00:00,0.0,282.0774037316343
2045-03-28 11:00:00,0.0,212.00437780463025
2045-03-28 12:00:00,0.0,118.27612656468844
2045-03-28 13:00:00,0.0,30.35010040150496
2045-03-28 14:00:00,0.0,0.0
2045-03-28 15:00:00,0.0,0.0
2045-03-28 16:00:00,0.0,0.0
2045-03-28 17:00:00,0.0,0.0
2045-03-28 18:00:00,0.0,0.0
2045-03-28 19:00:00,0.0,0.0
2045-03-28 20:00:00,0.0,0.0
2045-03-28 21:00:00,0.0,0.0
2045-03-28 22:00:00,0.0,0.0
2045-03-28 23:00:00,0.0,0.0
2045-03-29 00:00:00,0.0,0.0
2045-03-29 01:00:00,0.0,0.0
2045-03-29 02:00:00,0.0,13.389750177134541
2045-03-29 03:00:00,0.0,101.76210134622252
2045-03-29 04:00:00,0.0,193.25872755664184
2045-03-29 05:00:00,0.0,263.77807848955047
2045-03-29 06:00:00,0.0,308.85690408590335
2045-03-29 07:00:00,0.0,331.17315438112763
2045-03-29 08:00:00,0.0,336.97537945788594
2045-03-29 09:00:00,0.0,319.1223792217065
2045-03-29 10:00:00,0.0,278.50680368439845
2045-03-29 11:00:00,0.0,214.23600283415266
2045-03-29 12:00:00,0.0,126.30997667096918
2045-03-29 13:00:00,0.0,36.152325478263265
2045-03-29 14:00:00,0.0,0.0
2045-03-29 15:00:00,0.0,0.0
2045-03-29 16:00:00,0.0,0.0
2045-03-29 17:00:00,0.0,0.0
2045-03-29 18:00:00,0.0,0.0
2045-03-29 19:00:00,0.0,0.0
2045-03-29 20:00:00,0.0,0.0
2045-03-29 21:00:00,0.0,0.0
2045-03-29 22:00:00,0.0,0.0
2045-03-29 23:00:00,0.0,0.0
2045-03-30 00:00:00,0.0,0.0
2045-03-30 01:00:00,0.0,0.0
2045-03-30 02:00:00,0.0,14.28240018894351
2045-03-30 03:00:00,0.0,104.44005138164941
2045-03-30 04:00:00,0.0,199.50727763930468
2045-03-30 05:00:00,0.0,270.4729535781177
2045-03-30 06:00:00,0.0,316.4444291862797
2045-03-30 07:00:00,0.0,340.09965449921737
2045-03-30 08:00:00,0.0,342.33127952873974
2045-03-30 09:00:00,0.0,322.69297926894245
2045-03-30 10:00:00,0.0,282.5237287375388
2045-03-30 11:00:00,0.0,219.145577899102
2045-03-30 12:00:00,0.0,133.8975017713454
2045-03-30 13:00:00,0.0,40.16925053140363
2045-03-30 14:00:00,0.0,0.0
2045-03-30 15:00:00,0.0,0.0
2045-03-30 16:00:00,0.0,0.0
2045-03-30 17:00:00,0.0,0.0
2045-03-30 18:00:00,0.0,0.0
2045-03-30 19:00:00,0.0,0.0
2045-03-30 20:00:00,0.0,0.0
2045-03-30 21:00:00,0.0,0.0
2045-03-30 22:00:00,0.0,0.0
2045-03-30 23:00:00,0.0,0.0
2045-03-31 00:00:00,0.0,0.0
2045-03-31 01:00:00,0.0,0.0
2045-03-31 02:00:00,0.0,16.514025218465935
2045-03-31 03:00:00,0.0,112.47390148793014
2045-03-31 04:00:00,0.0,205.75582772196745
2045-03-31 05:00:00,0.0,276.275178654876
2045-03-31 06:00:00,0.0,321.80032925713346
2045-03-31 07:00:00,0.0,344.11657955235773
2045-03-31 08:00:00,0.0,345.90187957597567
2045-03-31 09:00:00,0.0,327.15622932798726
2045-03-31 10:00:00,0.0,286.5406537906792
2045-03-31 11:00:00,0.0,222.71617794633787
2045-03-31 12:00:00,0.0,137.0217768126768
2045-03-31 13:00:00,0.0,41.95455055502156
2045-03-31 14:00:00,0.0,0.0
2045-03-31 15:00:00,0.0,0.0
2045-03-31 16:00:00,0.0,0.0
2045-03-31 17:00:00,0.0,0.0
2045-03-31 18:00:00,0.0,0.0
2045-03-31 19:00:00,0.0,0.0
2045-03-31 20:00:00,0.0,0.0
2045-03-31 21:00:00,0.0,0.0
2045-03-31 22:00:00,0.0,0.0
2045-03-31 23:00:00,0.0,0.0
2045-04-01 00:00:00,0.0,0.0
2045-04-01 01:00:00,0.0,0.0
2045-04-01 02:00:00,0.0,16.96035022437042
2045-04-01 03:00:00,0.0,111.13492647021668
2045-04-01 04:00:00,0.0,203.52420269244504
2045-04-01 05:00:00,0.0,273.5972286194491
2045-04-01 06:00:00,0.0,318.2297292098976
2045-04-01 07:00:00,0.0,340.09965449921737
2045-04-01 08:00:00,0.0,341.88495452283524
2045-04-01 09:00:00,0.0,323.13930427484695
2045-04-01 10:00:00,0.0,283.4163787493478
2045-04-01 11:00:00,0.0,220.48455291681543
2045-04-01 12:00:00,0.0,135.68280179496335
2045-04-01 13:00:00,0.0,41.50822554911708
2045-04-01 14:00:00,0.0,0.0
2045-04-01 15:00:00,0.0,0.0
2045-04-01 16:00:00,0.0,0.0
2045-04-01 17:00:00,0.0,0.0
2045-04-01 18:00:00,0.0,0.0
2045-04-01 19:00:00,0.0,0.0
2045-04-01 20:00:00,0.0,0.0
2045-04-01 21:00:00,0.0,0.0
2045-04-01 22:00:00,0.0,0.0
2045-04-01 23:00:00,0.0,0.0
2045-04-02 00:00:00,0.0,0.0
2045-04-02 01:00:00,0.0,0.0
2045-04-02 02:00:00,0.0,17.406675230274903
2045-04-02 03:00:00,0.0,112.47390148793014
2045-04-02 04:00:00,0.0,205.75582772196745
2045-04-02 05:00:00,0.0,275.3825286430671
2045-04-02 06:00:00,0.0,315.10545416856615
2045-04-02 07:00:00,0.0,314.6591291626617
2045-04-02 08:00:00,0.0,294.5745038969599
2045-04-02 09:00:00,0.0,277.167828666685
2045-04-02 10:00:00,0.0,254.4052533655563
2045-04-02 11:00:00,0.0,212.8970278164392
2045-04-02 12:00:00,0.0,136.57545180677232
2045-04-02 13:00:00,0.0,42.400875560926046
2045-04-02 14:00:00,0.0,0.0
2045-04-02 15:00:00,0.0,0.0
2045-04-02 16:00:00,0.0,0.0
2045-04-02 17:00:00,0.0,0.0
2045-04-02 18:00:00,0.0,0.0
2045-04-02 19:00:00,0.0,0.0
2045-04-02 20:00:00,0.0,0.0
2045-04-02 21:00:00,0.0,0.0
2045-04-02 22:00:00,0.0,0.0
2045-04-02 23:00:00,0.0,0.0
2045-04-03 00:00:00,0.0,0.0
2045-04-03 01:00:00,0.0,0.0
2045-04-03 02:00:00,0.0,11.158125147612118
2045-04-03 03:00:00,0.0,90.15765119270593
2045-04-03 04:00:00,0.0,202.18522767473155
2045-04-03 05:00:00,0.0,273.15090361354464
2045-04-03 06:00:00,0.0,316.89075419218415
2045-04-03 07:00:00,0.0,339.20700448740837
2045-04-03 08:00:00,0.0,341.88495452283524
2045-04-03 09:00:00,0.0,323.58562928075145
2045-04-03 10:00:00,0.0,282.9700537434433
2045-04-03 11:00:00,0.0,215.5749778518661
2045-04-03 12:00:00,0.0,114.70552651745257
2045-04-03 13:00:00,0.0,32.135400425122896
2045-04-03 14:00:00,0.0,0.0
2045-04-03 15:00:00,0.0,0.0
2045-04-03 16:00:00,0.0,0.0
2045-04-03 17:00:00,0.0,0.0
2045-04-03 18:00:00,0.0,0.0
2045-04-03 19:00:00,0.0,0.0
2045-04-03 20:00:00,0.0,0.0
2045-04-03 21:00:00,0.0,0.0
2045-04-03 22:00:00,0.0,0.0
2045-04-03 23:00:00,0.0,0.0
2045-04-04 00:00:00,0.0,0.0
2045-04-04 01:00:00,0.0,0.0
2045-04-04 02:00:00,0.0,18.745650247988358
2045-04-04 03:00:00,0.0,115.15185152335705
2045-04-04 04:00:00,0.0,207.98745275148988
2045-04-04 05:00:00,0.0,276.7215036607805
2045-04-04 06:00:00,0.0,319.568704227611
2045-04-04 07:00:00,0.0,339.65332949331287
2045-04-04 08:00:00,0.0,338.3143544755994
2045-04-04 09:00:00,0.0,313.7664791508527
2045-04-04 10:00:00,0.0,266.0097035190729
2045-04-04 11:00:00,0.0,194.59770257435534
2045-04-04 12:00:00,0.0,112.47390148793014
2045-04-04 13:00:00,0.0,36.59865048416775
2045-04-04 14:00:00,0.0,0.0
2045-04-04 15:00:00,0.0,0.0
2045-04-04 16:00:00,0.0,0.0
2045-04-04 17:00:00,0.0,0.0
2045-04-04 18:00:00,0.0,0.0
2045-04-04 19:00:00,0.0,0.0
2045-04-04 20:00:00,0.0,0.0
2045-04-04 21:00:00,0.0,0.0
2045-04-04 22:00:00,0.0,0.0
2045-04-04 23:00:00,0.0,0.0
2045-04-05 00:00:00,0.0,0.0
2045-04-05 01:00:00,0.0,0.0
2045-04-05 02:00:00,0.0,9.819150129898661
2045-04-05 03:00:00,0.0,64.71712585615028
2045-04-05 04:00:00,0.0,139.6997268481037
2045-04-05 05:00:00,0.0,203.07787768654055
2045-04-05 06:00:00,0.0,278.50680368439845
2045-04-05 07:00:00,0.0,330.28050436931863
2045-04-05 08:00:00,0.0,339.20700448740837
2045-04-05 09:00:00,0.0,309.30322909180785
2045-04-05 10:00:00,0.0,265.1170535072639
2045-04-05 11:00:00,0.0,215.12865284596165
2045-04-05 12:00:00,0.0,135.68280179496335
2045-04-05 13:00:00,0.0,41.50822554911708
2045-04-05 14:00:00,0.0,0.0
2045-04-05 15:00:00,0.0,0.0
2045-04-05 16:00:00,0.0,0.0
2045-04-05 17:00:00,0.0,0.0
2045-04-05 18:00:00,0.0,0.0
2045-04-05 19:00:00,0.0,0.0
2045-04-05 20:00:00,0.0,0.0
2045-04-05 21:00:00,0.0,0.0
2045-04-05 22:00:00,0.0,0.0
2045-04-05 23:00:00,0.0,0.0
2045-04-06 00:00:00,0.0,0.0
2045-04-06 01:00:00,0.0,0.0
2045-04-06 02:00:00,0.0,7.58752510037624
2045-04-06 03:00:00,0.0,80.33850106280725
2045-04-06 04:00:00,0.0,177.19102734408042
2045-04-06 05:00:00,0.0,237.44490314118588
2045-04-06 06:00:00,0.0,273.15090361354464
2045-04-06 07:00:00,0.0,303.0546790091451
2045-04-06 08:00:00,0.0,328.94152935160525
2045-04-06 09:00:00,0.0,320.46135423942
2045-04-06 10:00:00,0.0,281.1847537198254
2045-04-06 11:00:00,0.0,216.0213028577706
2045-04-06 12:00:00,0.0,131.2195517359185
2045-04-06 13:00:00,0.0,41.061900543212595
2045-04-06 14:00:00,0.0,0.0
2045-04-06 15:00:00,0.0,0.0
2045-04-06 16:00:00,0.0,0.0
2045-04-06 17:00:00,0.0,0.0
2045-04-06 18:00:00,0.0,0.0
2045-04-06 19:00:00,0.0,0.0
2045-04-06 20:00:00,0.0,0.0
2045-04-06 21:00:00,0.0,0.0
2045-04-06 22:00:00,0.0,0.0
2045-04-06 23:00:00,0.0,0.0
2045-04-07 00:00:00,0.0,0.0
2045-04-07 01:00:00,0.0,0.0
2045-04-07 02:00:00,0.0,13.836075183039025
2045-04-07 03:00:00,0.0,87.9260261631835
2045-04-07 04:00:00,0.0,177.19102734408042
2045-04-07 05:00:00,0.0,252.17362833603386
2045-04-07 06:00:00,0.0,301.26937898552717
2045-04-07 07:00:00,0.0,326.26357931617827
2045-04-07 08:00:00,0.0,329.8341793634142
2045-04-07 09:00:00,0.0,308.85690408590335
2045-04-07 10:00:00,0.0,265.1170535072639
2045-04-07 11:00:00,0.0,195.93667759206878
2045-04-07 12:00:00,0.0,108.45697643478978
2045-04-07 13:00:00,0.0,28.118475371982534
2045-04-07 14:00:00,0.0,0.0
2045-04-07 15:00:00,0.0,0.0
2045-04-07 16:00:00,0.0,0.0
2045-04-07 17:00:00,0.0,0.0
2045-04-07 18:00:00,0.0,0.0
2045-04-07 19:00:00,0.0,0.0
2045-04-07 20:00:00,0.0,0.0
2045-04-07 21:00:00,0.0,0.0
2045-04-07 22:00:00,0.0,0.0
2045-04-07 23:00:00,0.0,0.0
2045-04-08 00:00:00,0.0,0.0
2045-04-08 01:00:00,0.0,0.0
2045-04-08 02:00:00,0.0,19.191975253892842
2045-04-08 03:00:00,0.0,108.90330144069426
2045-04-08 04:00:00,0.0,191.47342753302394
2045-04-08 05:00:00,0.0,251.7273033301294
2045-04-08 06:00:00,0.0,283.8627037552523
2045-04-08 07:00:00,0.0,302.1620289973361
2045-04-08 08:00:00,0.0,323.13930427484695
2045-04-08 09:00:00,0.0,317.3370791980886
2045-04-08 10:00:00,0.0,280.2921037080164
2045-04-08 11:00:00,0.0,217.80660288138853
2045-04-08 12:00:00,0.0,133.8975017713454
2045-04-08 13:00:00,0.0,42.400875560926046
2045-04-08 14:00:00,0.0,0.0
2045-04-08 15:00:00,0.0,0.0
2045-04-08 16:00:00,0.0,0.0
2045-04-08 17:00:00,0.0,0.0
2045-04-08 18:00:00,0.0,0.0
2045-04-08 19:00:00,0.0,0.0
2045-04-08 20:00:00,0.0,0.0
2045-04-08 21:00:00,0.0,0.0
2045-04-08 22:00:00,0.0,0.0
2045-04-08 23:00:00,0.0,0.0
2045-04-09 00:00:00,0.0,0.0
2045-04-09 01:00:00,0.0,0.0
2045-04-09 02:00:00,0.0,16.514025218465935
2045-04-09 03:00:00,0.0,98.63782630489112
2045-04-09 04:00:00,0.0,197.27565260978224
2045-04-09 05:00:00,0.0,268.6876535544998
2045-04-09 06:00:00,0.0,312.8738291390437
2045-04-09 07:00:00,0.0,335.190079434268
2045-04-09 08:00:00,0.0,336.97537945788594
2045-04-09 09:00:00,0.0,317.78340420399314
2045-04-09 10:00:00,0.0,278.06047867849395
2045-04-09 11:00:00,0.0,215.5749778518661
2045-04-09 12:00:00,0.0,132.11220174772748
2045-04-09 13:00:00,0.0,41.95455055502156
2045-04-09 14:00:00,0.0,0.0
2045-04-09 15:00:00,0.0,0.0
2045-04-09 16:00:00,0.0,0.0
2045-04-09 17:00:00,0.0,0.0
2045-04-09 18:00:00,0.0,0.0
2045-04-09 19:00:00,0.0,0.0
2045-04-09 20:00:00,0.0,0.0
2045-04-09 21:00:00,0.0,0.0
2045-04-09 22:00:00,0.0,0.0
2045-04-09 23:00:00,0.0,0.0
2045-04-10 00:00:00,0.0,0.0
2045-04-10 01:00:00,0.0,0.0
2045-04-10 02:00:00,0.0,20.530950271606297
2045-04-10 03:00:00,0.0,111.58125147612118
2045-04-10 04:00:00,0.0,202.18522767473155
2045-04-10 05:00:00,0.0,270.4729535781177
2045-04-10 06:00:00,0.0,313.32015414494816
2045-04-10 07:00:00,0.0,336.5290544519815
2045-04-10 08:00:00,0.0,339.20700448740837
2045-04-10 09:00:00,0.0,320.46135423942
2045-04-10 10:00:00,0.0,280.7384287139209
2045-04-10 11:00:00,0.0,216.0213028577706
2045-04-10 12:00:00,0.0,134.3438267772499
2045-04-10 13:00:00,0.0,43.293525572735014
2045-04-10 14:00:00,0.0,0.0
2045-04-10 15:00:00,0.0,0.0
2045-04-10 16:00:00,0.0,0.0
2045-04-10 17:00:00,0.0,0.0
2045-04-10 18:00:00,0.0,0.0
2045-04-10 19:00:00,0.0,0.0
2045-04-10 20:00:00,0.0,0.0
2045-04-10 21:00:00,0.0,0.0
2045-04-10 22:00:00,0.0,0.0
2045-04-10 23:00:00,0.0,0.0
2045-04-11 00:00:00,0.0,0.0
2045-04-11 01:00:00,0.0,0.0
2045-04-11 02:00:00,0.0,20.97727527751078
2045-04-11 03:00:00,0.0,110.6886014643122
2045-04-11 04:00:00,0.0,200.39992765111361
2045-04-11 05:00:00,0.0,269.1339785604043
2045-04-11 06:00:00,0.0,312.8738291390437
2045-04-11 07:00:00,0.0,335.190079434268
2045-04-11 08:00:00,0.0,336.97537945788594
2045-04-11 09:00:00,0.0,316.4444291862797
2045-04-11 10:00:00,0.0,275.8288536489715
2045-04-11 11:00:00,0.0,213.78967782824816
2045-04-11 12:00:00,0.0,131.2195517359185
2045-04-11 13:00:00,0.0,41.95455055502156
2045-04-11 14:00:00,0.0,0.0
2045-04-11 15:00:00,0.0,0.0
2045-04-11 16:00:00,0.0,0.0
2045-04-11 17:00:00,0.0,0.0
2045-04-11 18:00:00,0.0,0.0
2045-04-11 19:00:00,0.0,0.0
2045-04-11 20:00:00,0.0,0.0
2045-04-11 21:00:00,0.0,0.0
2045-04-11 22:00:00,0.0,0.0
2045-04-11 23:00:00,0.0,0.0
2045-04-12 00:00:00,0.0,0.0
2045-04-12 01:00:00,0.0,0.0
2045-04-12 02:00:00,0.0,19.638300259797322
2045-04-12 03:00:00,0.0,104.88637638755391
2045-04-12 04:00:00,0.0,192.36607754483293
2045-04-12 05:00:00,0.0,260.6538034482191
2045-04-12 06:00:00,0.0,307.51792906818997
2045-04-12 07:00:00,0.0,330.28050436931863
2045-04-12 08:00:00,0.0,330.72682937522313
2045-04-12 09:00:00,0.0,312.8738291390437
2045-04-12 10:00:00,0.0,271.3656035899267
2045-04-12 11:00:00,0.0,208.88010276329882
2045-04-12 12:00:00,0.0,120.06142658830639
2045-04-12 13:00:00,0.0,33.92070044874084
2045-04-12 14:00:00,0.0,0.0
2045-04-12 15:00:00,0.0,0.0
2045-04-12 16:00:00,0.0,0.0
2045-04-12 17:00:00,0.0,0.0
2045-04-12 18:00:00,0.0,0.0
2045-04-12 19:00:00,0.0,0.0
2045-04-12 20:00:00,0.0,0.0
2045-04-12 21:00:00,0.0,0.0
2045-04-12 22:00:00,0.0,0.0
2045-04-12 23:00:00,0.0,0.0
2045-04-13 00:00:00,0.0,0.0
2045-04-13 01:00:00,0.0,0.0
2045-04-13 02:00:00,0.0,15.621375206656966
2045-04-13 03:00:00,0.0,87.9260261631835
2045-04-13 04:00:00,0.0,176.29837733227146
2045-04-13 05:00:00,0.0,231.19635305852307
2045-04-13 06:00:00,0.0,222.26985294043337
2045-04-13 07:00:00,0.0,259.3148284305056
2045-04-13 08:00:00,0.0,299.93040396781373
2045-04-13 09:00:00,0.0,286.9869787965836
2045-04-13 10:00:00,0.0,236.10592812347238
2045-04-13 11:00:00,0.0,175.40572732046252
2045-04-13 12:00:00,0.0,120.95407660011537
2045-04-13 13:00:00,0.0,39.72292552549914
2045-04-13 14:00:00,0.0,0.0
2045-04-13 15:00:00,0.0,0.0
2045-04-13 16:00:00,0.0,0.0
2045-04-13 17:00:00,0.0,0.0
2045-04-13 18:00:00,0.0,0.0
2045-04-13 19:00:00,0.0,0.0
2045-04-13 20:00:00,0.0,0.0
2045-04-13 21:00:00,0.0,0.0
2045-04-13 22:00:00,0.0,0.0
2045-04-13 23:00:00,0.0,0.0
2045-04-14 00:00:00,0.0,0.0
2045-04-14 01:00:00,0.0,0.0
2045-04-14 02:00:00,0.0,4.9095750649493315
2045-04-14 03:00:00,0.0,52.6663506967292
2045-04-14 04:00:00,0.0,137.91442682448576
2045-04-14 05:00:00,0.0,198.61462762749568
2045-04-14 06:00:00,0.0,237.44490314118588
2045-04-14 07:00:00,0.0,266.0097035190729
2045-04-14 08:00:00,0.0,274.0435536253536
2045-04-14 09:00:00,0.0,238.3375531529948
2045-04-14 10:00:00,0.0,217.36027787548406
2045-04-14 11:00:00,0.0,170.49615225551315
2045-04-14 12:00:00,0.0,88.81867617499246
2045-04-14 13:00:00,0.0,20.084625265701813
2045-04-14 14:00:00,0.0,0.0
2045-04-14 15:00:00,0.0,0.0
2045-04-14 16:00:00,0.0,0.0
2045-04-14 17:00:00,0.0,0.0
2045-04-14 18:00:00,0.0,0.0
2045-04-14 19:00:00,0.0,0.0
2045-04-14 20:00:00,0.0,0.0
2045-04-14 21:00:00,0.0,0.0
2045-04-14 22:00:00,0.0,0.0
2045-04-14 23:00:00,0.0,0.0
2045-04-15 00:00:00,0.0,0.0
2045-04-15 01:00:00,0.0,0.0
2045-04-15 02:00:00,0.0,18.745650247988358
2045-04-15 03:00:00,0.0,103.10107636393597
2045-04-15 04:00:00,0.0,193.70505256254634
2045-04-15 05:00:00,0.0,263.77807848955047
2045-04-15 06:00:00,0.0,311.0885291154258
2045-04-15 07:00:00,0.0,335.6364044401725
2045-04-15 08:00:00,0.0,339.65332949331287
2045-04-15 09:00:00,0.0,325.3709293043694
2045-04-15 10:00:00,0.0,285.6480037788702
2045-04-15 11:00:00,0.0,222.26985294043337
2045-04-15 12:00:00,0.0,137.91442682448576
2045-04-15 13:00:00,0.0,45.52515060225743
2045-04-15 14:00:00,0.0,0.0
2045-04-15 15:00:00,0.0,0.0
2045-04-15 16:00:00,0.0,0.0
2045-04-15 17:00:00,0.0,0.0
2045-04-15 18:00:00,0.0,0.0
2045-04-15 19:00:00,0.0,0.0
2045-04-15 20:00:00,0.0,0.0
2045-04-15 21:00:00,0.0,0.0
2045-04-15 22:00:00,0.0,0.0
2045-04-15 23:00:00,0.0,0.0
2045-04-16 00:00:00,0.0,0.0
2045-04-16 01:00:00,0.0,0.0
2045-04-16 02:00:00,0.0,22.762575301128717
2045-04-16 03:00:00,0.0,114.70552651745257
2045-04-16 04:00:00,0.0,206.64847773377642
2045-04-16 05:00:00,0.0,274.4898786312581
2045-04-16 06:00:00,0.0,318.6760542158021
2045-04-16 07:00:00,0.0,341.88495452283524
2045-04-16 08:00:00,0.0,343.67025454645324
2045-04-16 09:00:00,0.0,324.9246042984648
2045-04-16 10:00:00,0.0,284.7553537670612
2045-04-16 11:00:00,0.0,221.8235279345289
2045-04-16 12:00:00,0.0,138.36075183039026
2045-04-16 13:00:00,0.0,46.41780061406641
2045-04-16 14:00:00,0.0,0.0
2045-04-16 15:00:00,0.0,0.0
2045-04-16 16:00:00,0.0,0.0
2045-04-16 17:00:00,0.0,0.0
2045-04-16 18:00:00,0.0,0.0
2045-04-16 19:00:00,0.0,0.0
2045-04-16 20:00:00,0.0,0.0
2045-04-16 21:00:00,0.0,0.0
2045-04-16 22:00:00,0.0,0.0
2045-04-16 23:00:00,0.0,0.0
2045-04-17 00:00:00,0.0,0.0
2045-04-17 01:00:00,0.0,0.0
2045-04-17 02:00:00,0.0,23.208900307033204
2045-04-17 03:00:00,0.0,116.4908265410705
2045-04-17 04:00:00,0.0,208.88010276329882
2045-04-17 05:00:00,0.0,276.7215036607805
2045-04-17 06:00:00,0.0,320.46135423942
2045-04-17 07:00:00,0.0,342.77760453464424
2045-04-17 08:00:00,0.0,344.56290455826223
2045-04-17 09:00:00,0.0,326.7099043220828
2045-04-17 10:00:00,0.0,286.5406537906792
2045-04-17 11:00:00,0.0,224.05515296405133
2045-04-17 12:00:00,0.0,140.1460518540082
2045-04-17 13:00:00,0.0,47.310450625875376
2045-04-17 14:00:00,0.0,0.0
2045-04-17 15:00:00,0.0,0.0
2045-04-17 16:00:00,0.0,0.0
2045-04-17 17:00:00,0.0,0.0
2045-04-17 18:00:00,0.0,0.0
2045-04-17 19:00:00,0.0,0.0
2045-04-17 20:00:00,0.0,0.0
2045-04-17 21:00:00,0.0,0.0
2045-04-17 22:00:00,0.0,0.0
2045-04-17 23:00:00,0.0,0.0
2045-04-18 00:00:00,0.0,0.0
2045-04-18 01:00:00,0.0,0.0
2045-04-18 02:00:00,0.0,24.101550318842175
2045-04-18 03:00:00,0.0,116.93715154697499
2045-04-18 04:00:00,0.0,207.0948027396809
2045-04-18 05:00:00,0.0,275.3825286430671
2045-04-18 06:00:00,0.0,319.568704227611
2045-04-18 07:00:00,0.0,341.88495452283524
2045-04-18 08:00:00,0.0,343.22392954054874
2045-04-18 09:00:00,0.0,324.4782792925604
2045-04-18 10:00:00,0.0,284.7553537670612
2045-04-18 11:00:00,0.0,222.71617794633787
2045-04-18 12:00:00,0.0,139.6997268481037
2045-04-18 13:00:00,0.0,47.75677563177986
2045-04-18 14:00:00,0.0,0.0
2045-04-18 15:00:00,0.0,0.0
2045-04-18 16:00:00,0.0,0.0
2045-04-18 17:00:00,0.0,0.0
2045-04-18 18:00:00,0.0,0.0
2045-04-18 19:00:00,0.0,0.0
2045-04-18 20:00:00,0.0,0.0
2045-04-18 21:00:00,0.0,0.0
2045-04-18 22:00:00,0.0,0.0
2045-04-18 23:00:00,0.0,0.0
2045-04-19 00:00:00,0.0,0.0
2045-04-19 01:00:00,0.0,0.0
2045-04-19 02:00:00,0.0,23.655225312937688
2045-04-19 03:00:00,0.0,112.92022649383463
2045-04-19 04:00:00,0.0,201.2925776629226
2045-04-19 05:00:00,0.0,269.1339785604043
2045-04-19 06:00:00,0.0,314.6591291626617
2045-04-19 07:00:00,0.0,336.97537945788594
2045-04-19 08:00:00,0.0,338.7606794815039
2045-04-19 09:00:00,0.0,320.0150292335155
2045-04-19 10:00:00,0.0,280.7384287139209
2045-04-19 11:00:00,0.0,219.5919029050065
2045-04-19 12:00:00,0.0,137.91442682448576
2045-04-19 13:00:00,0.0,47.310450625875376
2045-04-19 14:00:00,0.0,0.0
2045-04-19 15:00:00,0.0,0.0
2045-04-19 16:00:00,0.0,0.0
2045-04-19 17:00:00,0.0,0.0
2045-04-19 18:00:00,0.0,0.0
2045-04-19 19:00:00,0.0,0.0
2045-04-19 20:00:00,0.0,0.0
2045-04-19 21:00:00,0.0,0.0
2045-04-19 22:00:00,0.0,0.0
2045-04-19 23:00:00,0.0,0.0
2045-04-20 00:00:00,0.0,0.0
2045-04-20 01:00:00,0.0,0.0
2045-04-20 02:00:00,0.0,23.655225312937688
2045-04-20 03:00:00,0.0,112.02757648202567
2045-04-20 04:00:00,0.0,199.95360264520917
2045-04-20 05:00:00,0.0,267.34867853678634
2045-04-20 06:00:00,0.0,311.98117912723484
2045-04-20 07:00:00,0.0,334.29742942245906
2045-04-20 08:00:00,0.0,336.5290544519815
2045-04-20 09:00:00,0.0,318.2297292098976
2045-04-20 10:00:00,0.0,278.9531286903029
2045-04-20 11:00:00,0.0,217.36027787548406
2045-04-20 12:00:00,0.0,136.12912680086785
2045-04-20 13:00:00,0.0,46.41780061406641
2045-04-20 14:00:00,0.0,0.0
2045-04-20 15:00:00,0.0,0.0
2045-04-20 16:00:00,0.0,0.0
2045-04-20 17:00:00,0.0,0.0
2045-04-20 18:00:00,0.0,0.0
2045-04-20 19:00:00,0.0,0.0
2045-04-20 20:00:00,0.0,0.0
2045-04-20 21:00:00,0.0,0.0
2045-04-20 22:00:00,0.0,0.0
2045-04-20 23:00:00,0.0,0.0
2045-04-21 00:00:00,0.0,0.0
2045-04-21 01:00:00,0.0,0.0
2045-04-21 02:00:00,0.0,23.655225312937688
2045-04-21 03:00:00,0.0,111.58125147612118
2045-04-21 04:00:00,0.0,199.06095263340018
2045-04-21 05:00:00,0.0,266.4560285249774
2045-04-21 06:00:00,0.0,309.7495540977124
2045-04-21 07:00:00,0.0,331.61947938703213
2045-04-21 08:00:00,0.0,333.4047794106501
2045-04-21 09:00:00,0.0,315.5517791744707
2045-04-21 10:00:00,0.0,276.275178654876
2045-04-21 11:00:00,0.0,215.5749778518661
2045-04-21 12:00:00,0.0,134.79015178315439
2045-04-21 13:00:00,0.0,46.41780061406641
2045-04-21 14:00:00,0.0,0.0
2045-04-21 15:00:00,0.0,0.0
2045-04-21 16:00:00,0.0,0.0
2045-04-21 17:00:00,0.0,0.0
2045-04-21 18:00:00,0.0,0.0
2045-04-21 19:00:00,0.0,0.0
2045-04-21 20:00:00,0.0,0.0
2045-04-21 21:00:00,0.0,0.0
2045-04-21 22:00:00,0.0,0.0
2045-04-21 23:00:00,0.0,0.0
2045-04-22 00:00:00,0.0,0.0
2045-04-22 01:00:00,0.0,0.0
2045-04-22 02:00:00,0.0,24.101550318842175
2045-04-22 03:00:00,0.0,112.02757648202567
2045-04-22 04:00:00,0.0,199.50727763930468
2045-04-22 05:00:00,0.0,266.90235353088184
2045-04-22 06:00:00,0.0,311.53485412133034
2045-04-22 07:00:00,0.0,333.85110441655456
2045-04-22 08:00:00,0.0,336.08272944607694
2045-04-22 09:00:00,0.0,316.89075419218415
2045-04-22 10:00:00,0.0,277.6141536725895
2045-04-22 11:00:00,0.0,216.91395286957956
2045-04-22 12:00:00,0.0,135.68280179496335
2045-04-22 13:00:00,0.0,46.86412561997089
2045-04-22 14:00:00,0.0,0.0
2045-04-22 15:00:00,0.0,0.0
2045-04-22 16:00:00,0.0,0.0
2045-04-22 17:00:00,0.0,0.0
2045-04-22 18:00:00,0.0,0.0
2045-04-22 19:00:00,0.0,0.0
2045-04-22 20:00:00,0.0,0.0
2045-04-22 21:00:00,0.0,0.0
2045-04-22 22:00:00,0.0,0.0
2045-04-22 23:00:00,0.0,0.0
2045-04-23 00:00:00,0.0,0.0
2045-04-23 01:00:00,0.0,0.0
2045-04-23 02:00:00,0.0,24.994200330651143
2045-04-23 03:00:00,0.0,114.25920151154808
2045-04-23 04:00:00,0.0,202.18522767473155
2045-04-23 05:00:00,0.0,270.0266285722132
2045-04-23 06:00:00,0.0,314.6591291626617
2045-04-23 07:00:00,0.0,336.5290544519815
2045-04-23 08:00:00,0.0,338.3143544755994
2045-04-23 09:00:00,0.0,319.568704227611
2045-04-23 10:00:00,0.0,280.2921037080164
2045-04-23 11:00:00,0.0,219.5919029050065
2045-04-23 12:00:00,0.0,137.91442682448576
2045-04-23 13:00:00,0.0,47.75677563177986
2045-04-23 14:00:00,0.0,0.0
2045-04-23 15:00:00,0.0,0.0
2045-04-23 16:00:00,0.0,0.0
2045-04-23 17:00:00,0.0,0.0
2045-04-23 18:00:00,0.0,0.0
2045-04-23 19:00:00,0.0,0.0
2045-04-23 20:00:00,0.0,0.0
2045-04-23 21:00:00,0.0,0.0
2045-04-23 22:00:00,0.0,0.0
2045-04-23 23:00:00,0.0,0.0
2045-04-24 00:00:00,0.0,0.0
2045-04-24 01:00:00,0.0,0.0
2045-04-24 02:00:00,0.0,24.994200330651143
2045-04-24 03:00:00,0.0,110.24227645840772
2045-04-24 04:00:00,0.0,195.4903525861643
2045-04-24 05:00:00,0.0,261.1001284541236
2045-04-24 06:00:00,0.0,304.8399790327631
2045-04-24 07:00:00,0.0,326.26357931617827
2045-04-24 08:00:00,0.0,326.7099043220828
2045-04-24 09:00:00,0.0,303.5010040150496
2045-04-24 10:00:00,0.0,262.439103471837
2045-04-24 11:00:00,0.0,199.95360264520917
2045-04-24 12:00:00,0.0,120.06142658830639
2045-04-24 13:00:00,0.0,38.83027551369017
2045-04-24 14:00:00,0.0,0.0
2045-04-24 15:00:00,0.0,0.0
2045-04-24 16:00:00,0.0,0.0
2045-04-24 17:00:00,0.0,0.0
2045-04-24 18:00:00,0.0,0.0
2045-04-24 19:00:00,0.0,0.0
2045-04-24 20:00:00,0.0,0.0
2045-04-24 21:00:00,0.0,0.0
2045-04-24 22:00:00,0.0,0.0
2045-04-24 23:00:00,0.0,0.0
2045-04-25 00:00:00,0.0,0.0
2045-04-25 01:00:00,0.0,0.0
2045-04-25 02:00:00,0.0,19.638300259797322
2045-04-25 03:00:00,0.0,95.51355126355972
2045-04-25 04:00:00,0.0,179.86897737950736
2045-04-25 05:00:00,0.0,248.15670328289355
2045-04-25 06:00:00,0.0,295.46715390876886
2045-04-25 07:00:00,0.0,318.2297292098976
2045-04-25 08:00:00,0.0,319.568704227611
2045-04-25 09:00:00,0.0,304.3936540268586
2045-04-25 10:00:00,0.0,264.22440349545496
2045-04-25 11:00:00,0.0,203.07787768654055
2045-04-25 12:00:00,0.0,123.63202663554225
2045-04-25 13:00:00,0.0,41.95455055502156
2045-04-25 14:00:00,0.0,0.0
2045-04-25 15:00:00,0.0,0.0
2045-04-25 16:00:00,0.0,0.0
2045-04-25 17:00:00,0.0,0.0
2045-04-25 18:00:00,0.0,0.0
2045-04-25 19:00:00,0.0,0.0
2045-04-25 20:00:00,0.0,0.0
2045-04-25 21:00:00,0.0,0.0
2045-04-25 22:00:00,0.0,0.0
2045-04-25 23:00:00,0.0,0.0
2045-04-26 00:00:00,0.0,0.0
2045-04-26 01:00:00,0.0,0.0
2045-04-26 02:00:00,0.0,21.869925289319752
2045-04-26 03:00:00,0.0,101.31577634031802
2045-04-26 04:00:00,0.0,186.5638524680746
2045-04-26 05:00:00,0.0,254.4052533655563
2045-04-26 06:00:00,0.0,303.9473290209541
2045-04-26 07:00:00,0.0,325.8172543102738
2045-04-26 08:00:00,0.0,327.6025543338918
2045-04-26 09:00:00,0.0,310.64220410952134
2045-04-26 10:00:00,0.0,270.4729535781177
2045-04-26 11:00:00,0.0,208.88010276329882
2045-04-26 12:00:00,0.0,128.54160170049158
2045-04-26 13:00:00,0.0,43.739850578639505
2045-04-26 14:00:00,0.0,0.0
2045-04-26 15:00:00,0.0,0.0
2045-04-26 16:00:00,0.0,0.0
2045-04-26 17:00:00,0.0,0.0
2045-04-26 18:00:00,0.0,0.0
2045-04-26 19:00:00,0.0,0.0
2045-04-26 20:00:00,0.0,0.0
2045-04-26 21:00:00,0.0,0.0
2045-04-26 22:00:00,0.0,0.0
2045-04-26 23:00:00,0.0,0.0
2045-04-27 00:00:00,0.0,0.0
2045-04-27 01:00:00,0.0,0.0
2045-04-27 02:00:00,0.0,23.208900307033204
2045-04-27 03:00:00,0.0,104.88637638755391
2045-04-27 04:00:00,0.0,190.58077752121494
2045-04-27 05:00:00,0.0,257.52952840688766
2045-04-27 06:00:00,0.0,303.5010040150496
2045-04-27 07:00:00,0.0,325.3709293043694
2045-04-27 08:00:00,0.0,327.15622932798726
2045-04-27 09:00:00,0.0,309.30322909180785
2045-04-27 10:00:00,0.0,270.0266285722132
2045-04-27 11:00:00,0.0,209.77275277510782
2045-04-27 12:00:00,0.0,130.32690172410955
2045-04-27 13:00:00,0.0,45.078825596352964
2045-04-27 14:00:00,0.0,0.0
2045-04-27 15:00:00,0.0,0.0
2045-04-27 16:00:00,0.0,0.0
2045-04-27 17:00:00,0.0,0.0
2045-04-27 18:00:00,0.0,0.0
2045-04-27 19:00:00,0.0,0.0
2045-04-27 20:00:00,0.0,0.0
2045-04-27 21:00:00,0.0,0.0
2045-04-27 22:00:00,0.0,0.0
2045-04-27 23:00:00,0.0,0.0
2045-04-28 00:00:00,0.0,0.0
2045-04-28 01:00:00,0.0,0.0
2045-04-28 02:00:00,0.0,24.547875324746656
2045-04-28 03:00:00,0.0,109.34962644659875
2045-04-28 04:00:00,0.0,195.93667759206878
2045-04-28 05:00:00,0.0,262.439103471837
2045-04-28 06:00:00,0.0,304.3936540268586
2045-04-28 07:00:00,0.0,325.3709293043694
2045-04-28 08:00:00,0.0,326.26357931617827
2045-04-28 09:00:00,0.0,308.85690408590335
2045-04-28 10:00:00,0.0,270.4729535781177
2045-04-28 11:00:00,0.0,210.6654027869168
2045-04-28 12:00:00,0.0,131.66587674182298
2045-04-28 13:00:00,0.0,45.97147560816193
2045-04-28 14:00:00,0.0,0.0
2045-04-28 15:00:00,0.0,0.0
2045-04-28 16:00:00,0.0,0.0
2045-04-28 17:00:00,0.0,0.0
2045-04-28 18:00:00,0.0,0.0
2045-04-28 19:00:00,0.0,0.0
2045-04-28 20:00:00,0.0,0.0
2045-04-28 21:00:00,0.0,0.0
2045-04-28 22:00:00,0.0,0.0
2045-04-28 23:00:00,0.0,0.0
2045-04-29 00:00:00,0.0,0.0
2045-04-29 01:00:00,0.0,0.0
2045-04-29 02:00:00,0.0,24.994200330651143
2045-04-29 03:00:00,0.0,108.0106514288853
2045-04-29 04:00:00,0.0,192.8124025507374
2045-04-29 05:00:00,0.0,256.63687839507867
2045-04-29 06:00:00,0.0,298.14510394419574
2045-04-29 07:00:00,0.0,320.0150292335155
2045-04-29 08:00:00,0.0,321.80032925713346
2045-04-29 09:00:00,0.0,303.9473290209541
2045-04-29 10:00:00,0.0,266.0097035190729
2045-04-29 11:00:00,0.0,205.75582772196745
2045-04-29 12:00:00,0.0,127.20262668277815
2045-04-29 13:00:00,0.0,44.18617558454398
2045-04-29 14:00:00,0.0,0.0
2045-04-29 15:00:00,0.0,0.0
2045-04-29 16:00:00,0.0,0.0
2045-04-29 17:00:00,0.0,0.0
2045-04-29 18:00:00,0.0,0.0
2045-04-29 19:00:00,0.0,0.0
2045-04-29 20:00:00,0.0,0.0
2045-04-29 21:00:00,0.0,0.0
2045-04-29 22:00:00,0.0,0.0
2045-04-29 23:00:00,0.0,0.0
2045-04-30 00:00:00,0.0,0.0
2045-04-30 01:00:00,0.0,0.0
2045-04-30 02:00:00,0.0,21.869925289319752
2045-04-30 03:00:00,0.0,96.85252628127317
2045-04-30 04:00:00,0.0,178.97632736769836
2045-04-30 05:00:00,0.0,244.5861032356576
2045-04-30 06:00:00,0.0,288.3259538142972
2045-04-30 07:00:00,0.0,311.0885291154258
2045-04-30 08:00:00,0.0,312.8738291390437
2045-04-30 09:00:00,0.0,294.5745038969599
2045-04-30 10:00:00,0.0,255.29790337736526
2045-04-30 11:00:00,0.0,195.4903525861643
2045-04-30 12:00:00,0.0,118.72245157059294
2045-04-30 13:00:00,0.0,41.061900543212595
2045-04-30 14:00:00,0.0,0.0
2045-04-30 15:00:00,0.0,0.0
2045-04-30 16:00:00,0.0,0.0
2045-04-30 17:00:00,0.0,0.0
2045-04-30 18:00:00,0.0,0.0
2045-04-30 19:00:00,0.0,0.0
2045-04-30 20:00:00,0.0,0.0
2045-04-30 21:00:00,0.0,0.0
2045-04-30 22:00:00,0.0,0.0
2045-04-30 23:00:00,0.0,0.0
2045-05-01 00:00:00,0.0,0.0
2045-05-01 01:00:00,0.0,0.0
2045-05-01 02:00:00,0.0,23.655225312937688
2045-05-01 03:00:00,0.0,101.31577634031802
2045-05-01 04:00:00,0.0,182.99325242083873
2045-05-01 05:00:00,0.0,246.81772826518
2045-05-01 06:00:00,0.0,289.6649288320106
2045-05-01 07:00:00,0.0,311.98117912723484
2045-05-01 08:00:00,0.0,314.2128041567572
2045-05-01 09:00:00,0.0,300.3767289737183
2045-05-01 10:00:00,0.0,261.1001284541236
2045-05-01 11:00:00,0.0,200.8462526570181
2045-05-01 12:00:00,0.0,122.73937662373329
2045-05-01 13:00:00,0.0,42.400875560926046
2045-05-01 14:00:00,0.0,0.0
2045-05-01 15:00:00,0.0,0.0
2045-05-01 16:00:00,0.0,0.0
2045-05-01 17:00:00,0.0,0.0
2045-05-01 18:00:00,0.0,0.0
2045-05-01 19:00:00,0.0,0.0
2045-05-01 20:00:00,0.0,0.0
2045-05-01 21:00:00,0.0,0.0
2045-05-01 22:00:00,0.0,0.0
2045-05-01 23:00:00,0.0,0.0
2045-05-02 00:00:00,0.0,0.0
2045-05-02 01:00:00,0.0,0.0
2045-05-02 02:00:00,0.0,24.994200330651143
2045-05-02 03:00:00,0.0,109.79595145250325
2045-05-02 04:00:00,0.0,197.27565260978224
2045-05-02 05:00:00,0.0,262.88542847774147
2045-05-02 06:00:00,0.0,306.1789540504766
2045-05-02 07:00:00,0.0,325.8172543102738
2045-05-02 08:00:00,0.0,325.8172543102738
2045-05-02 09:00:00,0.0,306.62527905638103
2045-05-02 10:00:00,0.0,267.34867853678634
2045-05-02 11:00:00,0.0,207.0948027396809
2045-05-02 12:00:00,0.0,128.54160170049158
2045-05-02 13:00:00,0.0,45.078825596352964
2045-05-02 14:00:00,0.0,0.0
2045-05-02 15:00:00,0.0,0.0
2045-05-02 16:00:00,0.0,0.0
2045-05-02 17:00:00,0.0,0.0
2045-05-02 18:00:00,0.0,0.0
2045-05-02 19:00:00,0.0,0.0
2045-05-02 20:00:00,0.0,0.0
2045-05-02 21:00:00,0.0,0.0
2045-05-02 22:00:00,0.0,0.0
2045-05-02 23:00:00,0.0,0.0
2045-05-03 00:00:00,0.0,0.0
2045-05-03 01:00:00,0.0,0.0
2045-05-03 02:00:00,0.0,25.44052533655563
2045-05-03 03:00:00,0.0,108.0106514288853
2045-05-03 04:00:00,0.0,193.70505256254634
2045-05-03 05:00:00,0.0,258.8685034246011
2045-05-03 06:00:00,0.0,301.26937898552717
2045-05-03 07:00:00,0.0,323.58562928075145
2045-05-03 08:00:00,0.0,325.8172543102738
2045-05-03 09:00:00,0.0,311.0885291154258
2045-05-03 10:00:00,0.0,272.2582536017357
2045-05-03 11:00:00,0.0,212.00437780463025
2045-05-03 12:00:00,0.0,132.11220174772748
2045-05-03 13:00:00,0.0,46.41780061406641
2045-05-03 14:00:00,0.0,0.0
2045-05-03 15:00:00,0.0,0.0
2045-05-03 16:00:00,0.0,0.0
2045-05-03 17:00:00,0.0,0.0
2045-05-03 18:00:00,0.0,0.0
2045-05-03 19:00:00,0.0,0.0
2045-05-03 20:00:00,0.0,0.0
2045-05-03 21:00:00,0.0,0.0
2045-05-03 22:00:00,0.0,0.0
2045-05-03 23:00:00,0.0,0.0
2045-05-04 00:00:00,0.0,0.0
2045-05-04 01:00:00,0.0,0.0
2045-05-04 02:00:00,0.0,25.886850342460114
2045-05-04 03:00:00,0.0,108.0106514288853
2045-05-04 04:00:00,0.0,191.91975253892844
2045-05-04 05:00:00,0.0,257.52952840688766
2045-05-04 06:00:00,0.0,300.8230539796227
2045-05-04 07:00:00,0.0,322.69297926894245
2045-05-04 08:00:00,0.0,324.9246042984648
2045-05-04 09:00:00,0.0,307.9642540740944
2045-05-04 10:00:00,0.0,270.4729535781177
2045-05-04 11:00:00,0.0,212.00437780463025
2045-05-04 12:00:00,0.0,133.8975017713454
2045-05-04 13:00:00,0.0,48.20310063768435
2045-05-04 14:00:00,0.0,0.0
2045-05-04 15:00:00,0.0,0.0
2045-05-04 16:00:00,0.0,0.0
2045-05-04 17:00:00,0.0,0.0
2045-05-04 18:00:00,0.0,0.0
2045-05-04 19:00:00,0.0,0.0
2045-05-04 20:00:00,0.0,0.0
2045-05-04 21:00:00,0.0,0.0
2045-05-04 22:00:00,0.0,0.0
2045-05-04 23:00:00,0.0,0.0
2045-05-05 00:00:00,0.0,0.0
2045-05-05 01:00:00,0.0,0.0
2045-05-05 02:00:00,0.0,27.225825360173566
2045-05-05 03:00:00,0.0,112.47390148793014
2045-05-05 04:00:00,0.0,197.7219776156867
2045-05-05 05:00:00,0.0,262.439103471837
2045-05-05 06:00:00,0.0,303.9473290209541
2045-05-05 07:00:00,0.0,326.7099043220828
2045-05-05 08:00:00,0.0,329.3878543575097
2045-05-05 09:00:00,0.0,311.98117912723484
2045-05-05 10:00:00,0.0,273.5972286194491
2045-05-05 11:00:00,0.0,214.23600283415266
2045-05-05 12:00:00,0.0,134.79015178315439
2045-05-05 13:00:00,0.0,48.20310063768435
2045-05-05 14:00:00,0.0,0.0
2045-05-05 15:00:00,0.0,0.0
2045-05-05 16:00:00,0.0,0.0
2045-05-05 17:00:00,0.0,0.0
2045-05-05 18:00:00,0.0,0.0
2045-05-05 19:00:00,0.0,0.0
2045-05-05 20:00:00,0.0,0.0
2045-05-05 21:00:00,0.0,0.0
2045-05-05 22:00:00,0.0,0.0
2045-05-05 23:00:00,0.0,0.0
2045-05-06 00:00:00,0.0,0.0
2045-05-06 01:00:00,0.0,0.0
2045-05-06 02:00:00,0.0,28.118475371982534
2045-05-06 03:00:00,0.0,113.8128765056436
2045-05-06 04:00:00,0.0,198.61462762749568
2045-05-06 05:00:00,0.0,260.6538034482191
2045-05-06 06:00:00,0.0,302.1620289973361
2045-05-06 07:00:00,0.0,323.58562928075145
2045-05-06 08:00:00,0.0,324.9246042984648
2045-05-06 09:00:00,0.0,307.0716040622855
2045-05-06 10:00:00,0.0,269.1339785604043
2045-05-06 11:00:00,0.0,209.77275277510782
2045-05-06 12:00:00,0.0,131.66587674182298
2045-05-06 13:00:00,0.0,46.86412561997089
2045-05-06 14:00:00,0.0,0.0
2045-05-06 15:00:00,0.0,0.0
2045-05-06 16:00:00,0.0,0.0
2045-05-06 17:00:00,0.0,0.0
2045-05-06 18:00:00,0.0,0.0
2045-05-06 19:00:00,0.0,0.0
2045-05-06 20:00:00,0.0,0.0
2045-05-06 21:00:00,0.0,0.0
2045-05-06 22:00:00,0.0,0.0
2045-05-06 23:00:00,0.0,0.0
2045-05-07 00:00:00,0.0,0.0
2045-05-07 01:00:00,0.0,0.0
2045-05-07 02:00:00,0.0,25.44052533655563
2045-05-07 03:00:00,0.0,101.76210134622252
2045-05-07 04:00:00,0.0,182.54692741493423
2045-05-07 05:00:00,0.0,246.81772826518
2045-05-07 06:00:00,0.0,293.68185388515093
2045-05-07 07:00:00,0.0,315.10545416856615
2045-05-07 08:00:00,0.0,316.4444291862797
2045-05-07 09:00:00,0.0,299.93040396781373
2045-05-07 10:00:00,0.0,261.5464534600281
2045-05-07 11:00:00,0.0,202.18522767473155
2045-05-07 12:00:00,0.0,125.4173266591602
2045-05-07 13:00:00,0.0,44.63250059044847
2045-05-07 14:00:00,0.0,0.0
2045-05-07 15:00:00,0.0,0.0
2045-05-07 16:00:00,0.0,0.0
2045-05-07 17:00:00,0.0,0.0
2045-05-07 18:00:00,0.0,0.0
2045-05-07 19:00:00,0.0,0.0
2045-05-07 20:00:00,0.0,0.0
2045-05-07 21:00:00,0.0,0.0
2045-05-07 22:00:00,0.0,0.0
2045-05-07 23:00:00,0.0,0.0
2045-05-08 00:00:00,0.0,0.0
2045-05-08 01:00:00,0.0,0.0
2045-05-08 02:00:00,0.0,23.208900307033204
2045-05-08 03:00:00,0.0,95.06722625765524
2045-05-08 04:00:00,0.0,174.06675230274902
2045-05-08 05:00:00,0.0,238.3375531529948
2045-05-08 06:00:00,0.0,282.9700537434433
2045-05-08 07:00:00,0.0,306.62527905638103
2045-05-08 08:00:00,0.0,310.19587910361685
2045-05-08 09:00:00,0.0,299.03775395600474
2045-05-08 10:00:00,0.0,261.1001284541236
2045-05-08 11:00:00,0.0,202.18522767473155
2045-05-08 12:00:00,0.0,125.86365166506467
2045-05-08 13:00:00,0.0,45.52515060225743
2045-05-08 14:00:00,0.0,0.0
2045-05-08 15:00:00,0.0,0.0
2045-05-08 16:00:00,0.0,0.0
2045-05-08 17:00:00,0.0,0.0
2045-05-08 18:00:00,0.0,0.0
2045-05-08 19:00:00,0.0,0.0
2045-05-08 20:00:00,0.0,0.0
2045-05-08 21:00:00,0.0,0.0
2045-05-08 22:00:00,0.0,0.0
2045-05-08 23:00:00,0.0,0.0
2045-05-09 00:00:00,0.0,0.0
2045-05-09 01:00:00,0.0,0.0
2045-05-09 02:00:00,0.0,26.3331753483646
2045-05-09 03:00:00,0.0,103.54740136984044
2045-05-09 04:00:00,0.0,184.77855244445664
2045-05-09 05:00:00,0.0,248.15670328289355
2045-05-09 06:00:00,0.0,294.5745038969599
2045-05-09 07:00:00,0.0,316.4444291862797
2045-05-09 08:00:00,0.0,317.3370791980886
2045-05-09 09:00:00,0.0,298.5914289501003
2045-05-09 10:00:00,0.0,259.7611534364101
2045-05-09 11:00:00,0.0,200.39992765111361
2045-05-09 12:00:00,0.0,124.07835164144677
2045-05-09 13:00:00,0.0,45.078825596352964
2045-05-09 14:00:00,0.0,0.0
2045-05-09 15:00:00,0.0,0.0
2045-05-09 16:00:00,0.0,0.0
2045-05-09 17:00:00,0.0,0.0
2045-05-09 18:00:00,0.0,0.0
2045-05-09 19:00:00,0.0,0.0
2045-05-09 20:00:00,0.0,0.0
2045-05-09 21:00:00,0.0,0.0
2045-05-09 22:00:00,0.0,0.0
2045-05-09 23:00:00,0.0,0.0
2045-05-10 00:00:00,0.0,0.0
2045-05-10 01:00:00,0.0,0.0
2045-05-10 02:00:00,0.0,26.779500354269082
2045-05-10 03:00:00,0.0,104.88637638755391
2045-05-10 04:00:00,0.0,186.1175274621701
2045-05-10 05:00:00,0.0,249.94200330651145
2045-05-10 06:00:00,0.0,292.3428788674375
2045-05-10 07:00:00,0.0,313.32015414494816
2045-05-10 08:00:00,0.0,314.6591291626617
2045-05-10 09:00:00,0.0,297.25245393238686
2045-05-10 10:00:00,0.0,258.8685034246011
2045-05-10 11:00:00,0.0,199.95360264520917
2045-05-10 12:00:00,0.0,124.07835164144677
2045-05-10 13:00:00,0.0,45.078825596352964
2045-05-10 14:00:00,0.0,0.0
2045-05-10 15:00:00,0.0,0.0
2045-05-10 16:00:00,0.0,0.0
2045-05-10 17:00:00,0.0,0.0
2045-05-10 18:00:00,0.0,0.0
2045-05-10 19:00:00,0.0,0.0
2045-05-10 20:00:00,0.0,0.0
2045-05-10 21:00:00,0.0,0.0
2045-05-10 22:00:00,0.0,0.0
2045-05-10 23:00:00,0.0,0.0
2045-05-11 00:00:00,0.0,0.0
2045-05-11 01:00:00,0.0,0.0
2045-05-11 02:00:00,0.0,26.3331753483646
2045-05-11 03:00:00,0.0,102.20842635212698
2045-05-11 04:00:00,0.0,182.10060240902973
2045-05-11 05:00:00,0.0,245.92507825337108
2045-05-11 06:00:00,0.0,290.55757884381956
2045-05-11 07:00:00,0.0,311.98117912723484
2045-05-11 08:00:00,0.0,313.7664791508527
2045-05-11 09:00:00,0.0,297.6987789382913
2045-05-11 10:00:00,0.0,259.3148284305056
2045-05-11 11:00:00,0.0,201.2925776629226
2045-05-11 12:00:00,0.0,124.9710016532557
2045-05-11 13:00:00,0.0,45.078825596352964
2045-05-11 14:00:00,0.0,0.0
2045-05-11 15:00:00,0.0,0.0
2045-05-11 16:00:00,0.0,0.0
2045-05-11 17:00:00,0.0,0.0
2045-05-11 18:00:00,0.0,0.0
2045-05-11 19:00:00,0.0,0.0
2045-05-11 20:00:00,0.0,0.0
2045-05-11 21:00:00,0.0,0.0
2045-05-11 22:00:00,0.0,0.0
2045-05-11 23:00:00,0.0,0.0
2045-05-12 00:00:00,0.0,0.0
2045-05-12 01:00:00,0.0,0.0
2045-05-12 02:00:00,0.0,27.225825360173566
2045-05-12 03:00:00,0.0,103.54740136984044
2045-05-12 04:00:00,0.0,184.33222743855217
2045-05-12 05:00:00,0.0,247.71037827698905
2045-05-12 06:00:00,0.0,291.4502288556285
2045-05-12 07:00:00,0.0,313.7664791508527
2045-05-12 08:00:00,0.0,316.89075419218415
2045-05-12 09:00:00,0.0,299.4840789619093
2045-05-12 10:00:00,0.0,262.439103471837
2045-05-12 11:00:00,0.0,204.86317771015845
2045-05-12 12:00:00,0.0,128.98792670639605
2045-05-12 13:00:00,0.0,47.75677563177986
2045-05-12 14:00:00,0.0,0.0
2045-05-12 15:00:00,0.0,0.0
2045-05-12 16:00:00,0.0,0.0
2045-05-12 17:00:00,0.0,0.0
2045-05-12 18:00:00,0.0,0.0
2045-05-12 19:00:00,0.0,0.0
2045-05-12 20:00:00,0.0,0.0
2045-05-12 21:00:00,0.0,0.0
2045-05-12 22:00:00,0.0,0.0
2045-05-12 23:00:00,0.0,0.0
2045-05-13 00:00:00,0.0,0.0
2045-05-13 01:00:00,0.0,0.0
2045-05-13 02:00:00,0.0,26.779500354269082
2045-05-13 03:00:00,0.0,102.65475135803148
2045-05-13 04:00:00,0.0,181.65427740312526
2045-05-13 05:00:00,0.0,245.0324282415621
2045-05-13 06:00:00,0.0,292.3428788674375
2045-05-13 07:00:00,0.0,313.32015414494816
2045-05-13 08:00:00,0.0,314.2128041567572
2045-05-13 09:00:00,0.0,297.25245393238686
2045-05-13 10:00:00,0.0,258.4221784186966
2045-05-13 11:00:00,0.0,199.95360264520917
2045-05-13 12:00:00,0.0,124.52467664735124
2045-05-13 13:00:00,0.0,45.52515060225743
2045-05-13 14:00:00,0.0,0.0
2045-05-13 15:00:00,0.0,0.0
2045-05-13 16:00:00,0.0,0.0
2045-05-13 17:00:00,0.0,0.0
2045-05-13 18:00:00,0.0,0.0
2045-05-13 19:00:00,0.0,0.0
2045-05-13 20:00:00,0.0,0.0
2045-05-13 21:00:00,0.0,0.0
2045-05-13 22:00:00,0.0,0.0
2045-05-13 23:00:00,0.0,0.0
2045-05-14 00:00:00,0.0,0.0
2045-05-14 01:00:00,0.0,0.0
2045-05-14 02:00:00,0.0,26.779500354269082
2045-05-14 03:00:00,0.0,101.76210134622252
2045-05-14 04:00:00,0.0,180.31530238541185
2045-05-14 05:00:00,0.0,243.24712821794418
2045-05-14 06:00:00,0.0,288.3259538142972
2045-05-14 07:00:00,0.0,308.85690408590335
2045-05-14 08:00:00,0.0,309.7495540977124
2045-05-14 09:00:00,0.0,291.4502288556285
2045-05-14 10:00:00,0.0,252.61995334193836
2045-05-14 11:00:00,0.0,194.15137756845084
2045-05-14 12:00:00,0.0,119.61510158240189
2045-05-14 13:00:00,0.0,43.739850578639505
2045-05-14 14:00:00,0.0,0.0
2045-05-14 15:00:00,0.0,0.0
2045-05-14 16:00:00,0.0,0.0
2045-05-14 17:00:00,0.0,0.0
2045-05-14 18:00:00,0.0,0.0
2045-05-14 19:00:00,0.0,0.0
2045-05-14 20:00:00,0.0,0.0
2045-05-14 21:00:00,0.0,0.0
2045-05-14 22:00:00,0.0,0.0
2045-05-14 23:00:00,0.0,0.0
2045-05-15 00:00:00,0.0,0.0
2045-05-15 01:00:00,0.0,0.0
2045-05-15 02:00:00,0.0,24.994200330651143
2045-05-15 03:00:00,0.0,96.85252628127317
2045-05-15 04:00:00,0.0,173.62042729684453
2045-05-15 05:00:00,0.0,236.55225312937688
2045-05-15 06:00:00,0.0,280.2921037080164
2045-05-15 07:00:00,0.0,301.71570399143167
2045-05-15 08:00:00,0.0,302.1620289973361
2045-05-15 09:00:00,0.0,286.9869787965836
2045-05-15 10:00:00,0.0,247.2640532710845
2045-05-15 11:00:00,0.0,189.2418025035015
2045-05-15 12:00:00,0.0,116.04450153516603
2045-05-15 13:00:00,0.0,42.84720056683053
2045-05-15 14:00:00,0.0,0.0
2045-05-15 15:00:00,0.0,0.0
2045-05-15 16:00:00,0.0,0.0
2045-05-15 17:00:00,0.0,0.0
2045-05-15 18:00:00,0.0,0.0
2045-05-15 19:00:00,0.0,0.0
2045-05-15 20:00:00,0.0,0.0
2045-05-15 21:00:00,0.0,0.0
2045-05-15 22:00:00,0.0,0.0
2045-05-15 23:00:00,0.0,0.0
2045-05-16 00:00:00,0.0,0.0
2045-05-16 01:00:00,0.0,0.0
2045-05-16 02:00:00,0.0,18.745650247988358
2045-05-16 03:00:00,0.0,76.3215760096669
2045-05-16 04:00:00,0.0,143.7166519012441
2045-05-16 05:00:00,0.0,205.30950271606295
2045-05-16 06:00:00,0.0,261.5464534600281
2045-05-16 07:00:00,0.0,286.09432878477463
2045-05-16 08:00:00,0.0,290.55757884381956
2045-05-16 09:00:00,0.0,274.9362036371626
2045-05-16 10:00:00,0.0,232.981653082141
2045-05-16 11:00:00,0.0,174.51307730865352
2045-05-16 12:00:00,0.0,104.88637638755391
2045-05-16 13:00:00,0.0,37.9376255018812
2045-05-16 14:00:00,0.0,0.0
2045-05-16 15:00:00,0.0,0.0
2045-05-16 16:00:00,0.0,0.0
2045-05-16 17:00:00,0.0,0.0
2045-05-16 18:00:00,0.0,0.0
2045-05-16 19:00:00,0.0,0.0
2045-05-16 20:00:00,0.0,0.0
2045-05-16 21:00:00,0.0,0.0
2045-05-16 22:00:00,0.0,0.0
2045-05-16 23:00:00,0.0,0.0
2045-05-17 00:00:00,0.0,0.0
2045-05-17 01:00:00,0.0,0.0
2045-05-17 02:00:00,0.0,22.762575301128717
2045-05-17 03:00:00,0.0,92.83560122813282
2045-05-17 04:00:00,0.0,168.26452722599075
2045-05-17 05:00:00,0.0,230.7500280526186
2045-05-17 06:00:00,0.0,273.15090361354464
2045-05-17 07:00:00,0.0,295.0208289028644
2045-05-17 08:00:00,0.0,297.6987789382913
2045-05-17 09:00:00,0.0,289.2186038261061
2045-05-17 10:00:00,0.0,251.7273033301294
2045-05-17 11:00:00,0.0,194.59770257435534
2045-05-17 12:00:00,0.0,120.50775159421087
2045-05-17 13:00:00,0.0,45.078825596352964
2045-05-17 14:00:00,0.0,0.0
2045-05-17 15:00:00,0.0,0.0
2045-05-17 16:00:00,0.0,0.0
2045-05-17 17:00:00,0.0,0.0
2045-05-17 18:00:00,0.0,0.0
2045-05-17 19:00:00,0.0,0.0
2045-05-17 20:00:00,0.0,0.0
2045-05-17 21:00:00,0.0,0.0
2045-05-17 22:00:00,0.0,0.0
2045-05-17 23:00:00,0.0,0.0
2045-05-18 00:00:00,0.0,0.0
2045-05-18 01:00:00,0.0,0.0
2045-05-18 02:00:00,0.0,26.3331753483646
2045-05-18 03:00:00,0.0,94.62090125175075
2045-05-18 04:00:00,0.0,163.8012771669459
2045-05-18 05:00:00,0.0,219.5919029050065
2045-05-18 06:00:00,0.0,265.1170535072639
2045-05-18 07:00:00,0.0,282.9700537434433
2045-05-18 08:00:00,0.0,281.1847537198254
2045-05-18 09:00:00,0.0,266.0097035190729
2045-05-18 10:00:00,0.0,231.19635305852307
2045-05-18 11:00:00,0.0,167.81820222008625
2045-05-18 12:00:00,0.0,112.92022649383463
2045-05-18 13:00:00,0.0,43.739850578639505
2045-05-18 14:00:00,0.0,0.0
2045-05-18 15:00:00,0.0,0.0
2045-05-18 16:00:00,0.0,0.0
2045-05-18 17:00:00,0.0,0.0
2045-05-18 18:00:00,0.0,0.0
2045-05-18 19:00:00,0.0,0.0
2045-05-18 20:00:00,0.0,0.0
2045-05-18 21:00:00,0.0,0.0
2045-05-18 22:00:00,0.0,0.0
2045-05-18 23:00:00,0.0,0.0
2045-05-19 00:00:00,0.0,0.0
2045-05-19 01:00:00,0.0,0.0
2045-05-19 02:00:00,0.0,26.3331753483646
2045-05-19 03:00:00,0.0,97.29885128717767
2045-05-19 04:00:00,0.0,170.49615225551315
2045-05-19 05:00:00,0.0,228.51840302309617
2045-05-19 06:00:00,0.0,268.2413285485953
2045-05-19 07:00:00,0.0,276.275178654876
2045-05-19 08:00:00,0.0,235.65960311756788
2045-05-19 09:00:00,0.0,234.32062809985447
2045-05-19 10:00:00,0.0,228.96472802900064
2045-05-19 11:00:00,0.0,186.5638524680746
2045-05-19 12:00:00,0.0,118.27612656468844
2045-05-19 13:00:00,0.0,43.293525572735014
2045-05-19 14:00:00,0.0,0.0
2045-05-19 15:00:00,0.0,0.0
2045-05-19 16:00:00,0.0,0.0
2045-05-19 17:00:00,0.0,0.0
2045-05-19 18:00:00,0.0,0.0
2045-05-19 19:00:00,0.0,0.0
2045-05-19 20:00:00,0.0,0.0
2045-05-19 21:00:00,0.0,0.0
2045-05-19 22:00:00,0.0,0.0
2045-05-19 23:00:00,0.0,0.0
2045-05-20 00:00:00,0.0,0.0
2045-05-20 01:00:00,0.0,0.0
2045-05-20 02:00:00,0.0,16.067700212561448
2045-05-20 03:00:00,0.0,64.71712585615028
2045-05-20 04:00:00,0.0,132.55852675363195
2045-05-20 05:00:00,0.0,198.61462762749568
2045-05-20 06:00:00,0.0,246.37140325927555
2045-05-20 07:00:00,0.0,277.167828666685
2045-05-20 08:00:00,0.0,274.4898786312581
2045-05-20 09:00:00,0.0,250.38832831241595
2045-05-20 10:00:00,0.0,209.32642776920332
2045-05-20 11:00:00,0.0,160.6770021256145
2045-05-20 12:00:00,0.0,101.31577634031802
2045-05-20 13:00:00,0.0,39.27660051959465
2045-05-20 14:00:00,0.0,0.0
2045-05-20 15:00:00,0.0,0.0
2045-05-20 16:00:00,0.0,0.0
2045-05-20 17:00:00,0.0,0.0
2045-05-20 18:00:00,0.0,0.0
2045-05-20 19:00:00,0.0,0.0
2045-05-20 20:00:00,0.0,0.0
2045-05-20 21:00:00,0.0,0.0
2045-05-20 22:00:00,0.0,0.0
2045-05-20 23:00:00,0.0,0.0
2045-05-21 00:00:00,0.0,0.0
2045-05-21 01:00:00,0.0,0.0
2045-05-21 02:00:00,0.0,26.3331753483646
2045-05-21 03:00:00,0.0,100.86945133441354
2045-05-21 04:00:00,0.0,182.54692741493423
2045-05-21 05:00:00,0.0,246.81772826518
2045-05-21 06:00:00,0.0,288.3259538142972
2045-05-21 07:00:00,0.0,306.62527905638103
2045-05-21 08:00:00,0.0,307.0716040622855
2045-05-21 09:00:00,0.0,290.55757884381956
2045-05-21 10:00:00,0.0,254.85157837146076
2045-05-21 11:00:00,0.0,198.61462762749568
2045-05-21 12:00:00,0.0,126.30997667096918
2045-05-21 13:00:00,0.0,47.75677563177986
2045-05-21 14:00:00,0.0,0.4463250059044847
2045-05-21 15:00:00,0.0,0.0
2045-05-21 16:00:00,0.0,0.0
2045-05-21 17:00:00,0.0,0.0
2045-05-21 18:00:00,0.0,0.0
2045-05-21 19:00:00,0.0,0.0
2045-05-21 20:00:00,0.0,0.0
2045-05-21 21:00:00,0.0,0.0
2045-05-21 22:00:00,0.0,0.0
2045-05-21 23:00:00,0.0,0.0
2045-05-22 00:00:00,0.0,0.0
2045-05-22 01:00:00,0.0,0.0
2045-05-22 02:00:00,0.0,27.67215036607805
2045-05-22 03:00:00,0.0,95.95987626946422
2045-05-22 04:00:00,0.0,164.24760217285038
2045-05-22 05:00:00,0.0,224.05515296405133
2045-05-22 06:00:00,0.0,276.275178654876
2045-05-22 07:00:00,0.0,300.8230539796227
2045-05-22 08:00:00,0.0,303.5010040150496
2045-05-22 09:00:00,0.0,283.8627037552523
2045-05-22 10:00:00,0.0,244.5861032356576
2045-05-22 11:00:00,0.0,184.33222743855217
2045-05-22 12:00:00,0.0,109.79595145250325
2045-05-22 13:00:00,0.0,41.50822554911708
2045-05-22 14:00:00,0.0,0.0
2045-05-22 15:00:00,0.0,0.0
2045-05-22 16:00:00,0.0,0.0
2045-05-22 17:00:00,0.0,0.0
2045-05-22 18:00:00,0.0,0.0
2045-05-22 19:00:00,0.0,0.0
2045-05-22 20:00:00,0.0,0.0
2045-05-22 21:00:00,0.0,0.0
2045-05-22 22:00:00,0.0,0.0
2045-05-22 23:00:00,0.0,0.0
2045-05-23 00:00:00,0.0,0.0
2045-05-23 01:00:00,0.0,0.0
2045-05-23 02:00:00,0.0,20.97727527751078
2045-05-23 03:00:00,0.0,81.6774760805207
2045-05-23 04:00:00,0.0,155.76742706066517
2045-05-23 05:00:00,0.0,215.5749778518661
2045-05-23 06:00:00,0.0,262.88542847774147
2045-05-23 07:00:00,0.0,287.8796288083926
2045-05-23 08:00:00,0.0,292.789203873342
2045-05-23 09:00:00,0.0,276.275178654876
2045-05-23 10:00:00,0.0,238.78387815889928
2045-05-23 11:00:00,0.0,185.67120245626563
2045-05-23 12:00:00,0.0,118.72245157059294
2045-05-23 13:00:00,0.0,46.41780061406641
2045-05-23 14:00:00,0.0,0.4463250059044847
2045-05-23 15:00:00,0.0,0.0
2045-05-23 16:00:00,0.0,0.0
2045-05-23 17:00:00,0.0,0.0
2045-05-23 18:00:00,0.0,0.0
2045-05-23 19:00:00,0.0,0.0
2045-05-23 20:00:00,0.0,0.0
2045-05-23 21:00:00,0.0,0.0
2045-05-23 22:00:00,0.0,0.0
2045-05-23 23:00:00,0.0,0.0
2045-05-24 00:00:00,0.0,0.0
2045-05-24 01:00:00,0.0,0.0
2045-05-24 02:00:00,0.0,26.3331753483646
2045-05-24 03:00:00,0.0,95.51355126355972
2045-05-24 04:00:00,0.0,168.7108522318952
2045-05-24 05:00:00,0.0,229.8573780408096
2045-05-24 06:00:00,0.0,272.7045786076402
2045-05-24 07:00:00,0.0,294.5745038969599
2045-05-24 08:00:00,0.0,298.5914289501003
2045-05-24 09:00:00,0.0,286.5406537906792
2045-05-24 10:00:00,0.0,250.38832831241595
2045-05-24 11:00:00,0.0,195.04402758025984
2045-05-24 12:00:00,0.0,122.2930516178288
2045-05-24 13:00:00,0.0,46.41780061406641
2045-05-24 14:00:00,0.0,0.4463250059044847
2045-05-24 15:00:00,0.0,0.0
2045-05-24 16:00:00,0.0,0.0
2045-05-24 17:00:00,0.0,0.0
2045-05-24 18:00:00,0.0,0.0
2045-05-24 19:00:00,0.0,0.0
2045-05-24 20:00:00,0.0,0.0
2045-05-24 21:00:00,0.0,0.0
2045-05-24 22:00:00,0.0,0.0
2045-05-24 23:00:00,0.0,0.0
2045-05-25 00:00:00,0.0,0.0
2045-05-25 01:00:00,0.0,0.0
2045-05-25 02:00:00,0.0,28.118475371982534
2045-05-25 03:00:00,0.0,101.31577634031802
2045-05-25 04:00:00,0.0,177.63735234998492
2045-05-25 05:00:00,0.0,236.99857813528138
2045-05-25 06:00:00,0.0,282.0774037316343
2045-05-25 07:00:00,0.0,303.0546790091451
2045-05-25 08:00:00,0.0,305.2863040386676
2045-05-25 09:00:00,0.0,289.2186038261061
2045-05-25 10:00:00,0.0,253.06627834784285
2045-05-25 11:00:00,0.0,197.27565260978224
2045-05-25 12:00:00,0.0,124.52467664735124
2045-05-25 13:00:00,0.0,47.75677563177986
2045-05-25 14:00:00,0.0,0.8926500118089694
2045-05-25 15:00:00,0.0,0.0
2045-05-25 16:00:00,0.0,0.0
2045-05-25 17:00:00,0.0,0.0
2045-05-25 18:00:00,0.0,0.0
2045-05-25 19:00:00,0.0,0.0
2045-05-25 20:00:00,0.0,0.0
2045-05-25 21:00:00,0.0,0.0
2045-05-25 22:00:00,0.0,0.0
2045-05-25 23:00:00,0.0,0.0
2045-05-26 00:00:00,0.0,0.0
2045-05-26 01:00:00,0.0,0.0
2045-05-26 02:00:00,0.0,28.56480037788702
2045-05-26 03:00:00,0.0,101.76210134622252
2045-05-26 04:00:00,0.0,174.95940231455802
2045-05-26 05:00:00,0.0,234.32062809985447
2045-05-26 06:00:00,0.0,280.2921037080164
2045-05-26 07:00:00,0.0,303.9473290209541
2045-05-26 08:00:00,0.0,307.9642540740944
2045-05-26 09:00:00,0.0,289.6649288320106
2045-05-26 10:00:00,0.0,252.17362833603386
2045-05-26 11:00:00,0.0,195.4903525861643
2045-05-26 12:00:00,0.0,124.52467664735124
2045-05-26 13:00:00,0.0,49.09575064949331
2045-05-26 14:00:00,0.0,0.8926500118089694
2045-05-26 15:00:00,0.0,0.0
2045-05-26 16:00:00,0.0,0.0
2045-05-26 17:00:00,0.0,0.0
2045-05-26 18:00:00,0.0,0.0
2045-05-26 19:00:00,0.0,0.0
2045-05-26 20:00:00,0.0,0.0
2045-05-26 21:00:00,0.0,0.0
2045-05-26 22:00:00,0.0,0.0
2045-05-26 23:00:00,0.0,0.0
2045-05-27 00:00:00,0.0,0.0
2045-05-27 01:00:00,0.0,0.0
2045-05-27 02:00:00,0.0,27.67215036607805
2045-05-27 03:00:00,0.0,96.85252628127317
2045-05-27 04:00:00,0.0,170.04982724960868
2045-05-27 05:00:00,0.0,232.981653082141
2045-05-27 06:00:00,0.0,280.7384287139209
2045-05-27 07:00:00,0.0,307.0716040622855
2045-05-27 08:00:00,0.0,312.8738291390437
2045-05-27 09:00:00,0.0,298.14510394419574
2045-05-27 10:00:00,0.0,262.439103471837
2045-05-27 11:00:00,0.0,205.75582772196745
2045-05-27 12:00:00,0.0,131.2195517359185
2045-05-27 13:00:00,0.0,50.43472566720677
2045-05-27 14:00:00,0.0,0.8926500118089694
2045-05-27 15:00:00,0.0,0.0
2045-05-27 16:00:00,0.0,0.0
2045-05-27 17:00:00,0.0,0.0
2045-05-27 18:00:00,0.0,0.0
2045-05-27 19:00:00,0.0,0.0
2045-05-27 20:00:00,0.0,0.0
2045-05-27 21:00:00,0.0,0.0
2045-05-27 22:00:00,0.0,0.0
2045-05-27 23:00:00,0.0,0.0
2045-05-28 00:00:00,0.0,0.0
2045-05-28 01:00:00,0.0,0.0
2045-05-28 02:00:00,0.0,27.225825360173566
2045-05-28 03:00:00,0.0,97.74517629308215
2045-05-28 04:00:00,0.0,176.74470233817593
2045-05-28 05:00:00,0.0,243.69345322384865
2045-05-28 06:00:00,0.0,287.8796288083926
2045-05-28 07:00:00,0.0,309.7495540977124
2045-05-28 08:00:00,0.0,311.53485412133034
2045-05-28 09:00:00,0.0,295.0208289028644
2045-05-28 10:00:00,0.0,260.2074784423146
2045-05-28 11:00:00,0.0,202.63155268063605
2045-05-28 12:00:00,0.0,121.40040160601984
2045-05-28 13:00:00,0.0,44.18617558454398
2045-05-28 14:00:00,0.0,0.8926500118089694
2045-05-28 15:00:00,0.0,0.0
2045-05-28 16:00:00,0.0,0.0
2045-05-28 17:00:00,0.0,0.0
2045-05-28 18:00:00,0.0,0.0
2045-05-28 19:00:00,0.0,0.0
2045-05-28 20:00:00,0.0,0.0
2045-05-28 21:00:00,0.0,0.0
2045-05-28 22:00:00,0.0,0.0
2045-05-28 23:00:00,0.0,0.0
2045-05-29 00:00:00,0.0,0.0
2045-05-29 01:00:00,0.0,0.0
2045-05-29 02:00:00,0.0,27.67215036607805
2045-05-29 03:00:00,0.0,96.85252628127317
2045-05-29 04:00:00,0.0,162.9086271551369
2045-05-29 05:00:00,0.0,224.05515296405133
2045-05-29 06:00:00,0.0,261.99277846593253
2045-05-29 07:00:00,0.0,290.11125383791506
2045-05-29 08:00:00,0.0,295.9134789146733
2045-05-29 09:00:00,0.0,282.0774037316343
2045-05-29 10:00:00,0.0,247.71037827698905
2045-05-29 11:00:00,0.0,193.70505256254634
2045-05-29 12:00:00,0.0,123.18570162963778
2045-05-29 13:00:00,0.0,48.649425643588835
2045-05-29 14:00:00,0.0,1.338975017713454
2045-05-29 15:00:00,0.0,0.0
2045-05-29 16:00:00,0.0,0.0
2045-05-29 17:00:00,0.0,0.0
2045-05-29 18:00:00,0.0,0.0
2045-05-29 19:00:00,0.0,0.0
2045-05-29 20:00:00,0.0,0.0
2045-05-29 21:00:00,0.0,0.0
2045-05-29 22:00:00,0.0,0.0
2045-05-29 23:00:00,0.0,0.0
2045-05-30 00:00:00,0.0,0.0
2045-05-30 01:00:00,0.0,0.0
2045-05-30 02:00:00,0.0,29.457450389695985
2045-05-30 03:00:00,0.0,98.63782630489112
2045-05-30 04:00:00,0.0,172.72777728503561
2045-05-30 05:00:00,0.0,232.981653082141
2045-05-30 06:00:00,0.0,275.3825286430671
2045-05-30 07:00:00,0.0,297.6987789382913
2045-05-30 08:00:00,0.0,301.26937898552717
2045-05-30 09:00:00,0.0,285.6480037788702
2045-05-30 10:00:00,0.0,250.38832831241595
2045-05-30 11:00:00,0.0,195.93667759206878
2045-05-30 12:00:00,0.0,124.52467664735124
2045-05-30 13:00:00,0.0,48.20310063768435
2045-05-30 14:00:00,0.0,0.8926500118089694
2045-05-30 15:00:00,0.0,0.0
2045-05-30 16:00:00,0.0,0.0
2045-05-30 17:00:00,0.0,0.0
2045-05-30 18:00:00,0.0,0.0
2045-05-30 19:00:00,0.0,0.0
2045-05-30 20:00:00,0.0,0.0
2045-05-30 21:00:00,0.0,0.0
2045-05-30 22:00:00,0.0,0.0
2045-05-30 23:00:00,0.0,0.0
2045-05-31 00:00:00,0.0,0.0
2045-05-31 01:00:00,0.0,0.0
2045-05-31 02:00:00,0.0,26.779500354269082
2045-05-31 03:00:00,0.0,87.47970115727901
2045-05-31 04:00:00,0.0,142.3776768835306
2045-05-31 05:00:00,0.0,191.91975253892844
2045-05-31 06:00:00,0.0,236.55225312937688
2045-05-31 07:00:00,0.0,258.4221784186966
2045-05-31 08:00:00,0.0,255.7442283832697
2045-05-31 09:00:00,0.0,225.39412798176477
2045-05-31 10:00:00,0.0,183.4395774267432
2045-05-31 11:00:00,0.0,134.79015178315439
2045-05-31 12:00:00,0.0,81.2311510746162
2045-05-31 13:00:00,0.0,32.135400425122896
2045-05-31 14:00:00,0.0,0.0
2045-05-31 15:00:00,0.0,0.0
2045-05-31 16:00:00,0.0,0.0
2045-05-31 17:00:00,0.0,0.0
2045-05-31 18:00:00,0.0,0.0
2045-05-31 19:00:00,0.0,0.0
2045-05-31 20:00:00,0.0,0.0
2045-05-31 21:00:00,0.0,0.0
2045-05-31 22:00:00,0.0,0.0
2045-05-31 23:00:00,0.0,0.0
2045-06-01 00:00:00,0.0,0.0
2045-06-01 01:00:00,0.0,0.0
2045-06-01 02:00:00,0.0,24.994200330651143
2045-06-01 03:00:00,0.0,84.80175112185209
2045-06-01 04:00:00,0.0,143.7166519012441
2045-06-01 05:00:00,0.0,195.04402758025984
2045-06-01 06:00:00,0.0,234.32062809985447
2045-06-01 07:00:00,0.0,247.71037827698905
2045-06-01 08:00:00,0.0,236.10592812347238
2045-06-01 09:00:00,0.0,214.23600283415266
2045-06-01 10:00:00,0.0,183.8859024326477
2045-06-01 11:00:00,0.0,148.17990196028893
2045-06-01 12:00:00,0.0,103.54740136984044
2045-06-01 13:00:00,0.0,44.63250059044847
2045-06-01 14:00:00,0.0,1.338975017713454
2045-06-01 15:00:00,0.0,0.0
2045-06-01 16:00:00,0.0,0.0
2045-06-01 17:00:00,0.0,0.0
2045-06-01 18:00:00,0.0,0.0
2045-06-01 19:00:00,0.0,0.0
2045-06-01 20:00:00,0.0,0.0
2045-06-01 21:00:00,0.0,0.0
2045-06-01 22:00:00,0.0,0.0
2045-06-01 23:00:00,0.0,0.0
2045-06-02 00:00:00,0.0,0.0
2045-06-02 01:00:00,0.0,0.0
2045-06-02 02:00:00,0.0,18.299325242083874
2045-06-02 03:00:00,0.0,63.378150838436824
2045-06-02 04:00:00,0.0,114.70552651745257
2045-06-02 05:00:00,0.0,168.26452722599075
2045-06-02 06:00:00,0.0,216.91395286957956
2045-06-02 07:00:00,0.0,241.90815320023074
2045-06-02 08:00:00,0.0,241.01550318842175
2045-06-02 09:00:00,0.0,226.73310299947823
2045-06-02 10:00:00,0.0,191.91975253892844
2045-06-02 11:00:00,0.0,143.7166519012441
2045-06-02 12:00:00,0.0,93.72825123994178
2045-06-02 13:00:00,0.0,41.95455055502156
2045-06-02 14:00:00,0.0,1.338975017713454
2045-06-02 15:00:00,0.0,0.0
2045-06-02 16:00:00,0.0,0.0
2045-06-02 17:00:00,0.0,0.0
2045-06-02 18:00:00,0.0,0.0
2045-06-02 19:00:00,0.0,0.0
2045-06-02 20:00:00,0.0,0.0
2045-06-02 21:00:00,0.0,0.0
2045-06-02 22:00:00,0.0,0.0
2045-06-02 23:00:00,0.0,0.0
2045-06-03 00:00:00,0.0,0.0
2045-06-03 01:00:00,0.0,0.0
2045-06-03 02:00:00,0.0,24.994200330651143
2045-06-03 03:00:00,0.0,88.81867617499246
2045-06-03 04:00:00,0.0,164.69392717875485
2045-06-03 05:00:00,0.0,227.6257530112872
2045-06-03 06:00:00,0.0,274.0435536253536
2045-06-03 07:00:00,0.0,296.35980392057786
2045-06-03 08:00:00,0.0,298.14510394419574
2045-06-03 09:00:00,0.0,282.0774037316343
2045-06-03 10:00:00,0.0,245.47875324746664
2045-06-03 11:00:00,0.0,190.58077752121494
2045-06-03 12:00:00,0.0,120.06142658830639
2045-06-03 13:00:00,0.0,47.75677563177986
2045-06-03 14:00:00,0.0,1.338975017713454
2045-06-03 15:00:00,0.0,0.0
2045-06-03 16:00:00,0.0,0.0
2045-06-03 17:00:00,0.0,0.0
2045-06-03 18:00:00,0.0,0.0
2045-06-03 19:00:00,0.0,0.0
2045-06-03 20:00:00,0.0,0.0
2045-06-03 21:00:00,0.0,0.0
2045-06-03 22:00:00,0.0,0.0
2045-06-03 23:00:00,0.0,0.0
2045-06-04 00:00:00,0.0,0.0
2045-06-04 01:00:00,0.0,0.0
2045-06-04 02:00:00,0.0,26.3331753483646
2045-06-04 03:00:00,0.0,92.38927622222832
2045-06-04 04:00:00,0.0,165.14025218465932
2045-06-04 05:00:00,0.0,226.28677799357376
2045-06-04 06:00:00,0.0,272.7045786076402
2045-06-04 07:00:00,0.0,298.14510394419574
2045-06-04 08:00:00,0.0,303.0546790091451
2045-06-04 09:00:00,0.0,288.3259538142972
2045-06-04 10:00:00,0.0,252.61995334193836
2045-06-04 11:00:00,0.0,196.82932760387774
2045-06-04 12:00:00,0.0,125.4173266591602
2045-06-04 13:00:00,0.0,49.5420756553978
2045-06-04 14:00:00,0.0,1.338975017713454
2045-06-04 15:00:00,0.0,0.0
2045-06-04 16:00:00,0.0,0.0
2045-06-04 17:00:00,0.0,0.0
2045-06-04 18:00:00,0.0,0.0
2045-06-04 19:00:00,0.0,0.0
2045-06-04 20:00:00,0.0,0.0
2045-06-04 21:00:00,0.0,0.0
2045-06-04 22:00:00,0.0,0.0
2045-06-04 23:00:00,0.0,0.0
2045-06-05 00:00:00,0.0,0.0
2045-06-05 01:00:00,0.0,0.0
2045-06-05 02:00:00,0.0,29.01112538379151
2045-06-05 03:00:00,0.0,94.17457624584625
2045-06-05 04:00:00,0.0,158.89170210199657
2045-06-05 05:00:00,0.0,218.25292788729303
2045-06-05 06:00:00,0.0,264.6707285013594
2045-06-05 07:00:00,0.0,289.2186038261061
2045-06-05 08:00:00,0.0,289.6649288320106
2045-06-05 09:00:00,0.0,270.9192785840222
2045-06-05 10:00:00,0.0,223.16250295224236
2045-06-05 11:00:00,0.0,164.69392717875485
2045-06-05 12:00:00,0.0,105.3327013934584
2045-06-05 13:00:00,0.0,48.20310063768435
2045-06-05 14:00:00,0.0,1.7853000236179388
2045-06-05 15:00:00,0.0,0.0
2045-06-05 16:00:00,0.0,0.0
2045-06-05 17:00:00,0.0,0.0
2045-06-05 18:00:00,0.0,0.0
2045-06-05 19:00:00,0.0,0.0
2045-06-05 20:00:00,0.0,0.0
2045-06-05 21:00:00,0.0,0.0
2045-06-05 22:00:00,0.0,0.0
2045-06-05 23:00:00,0.0,0.0
2045-06-06 00:00:00,0.0,0.0
2045-06-06 01:00:00,0.0,0.0
2045-06-06 02:00:00,0.0,27.225825360173566
2045-06-06 03:00:00,0.0,84.3554261159476
2045-06-06 04:00:00,0.0,141.93135187762616
2045-06-06 05:00:00,0.0,194.15137756845084
2045-06-06 06:00:00,0.0,237.44490314118588
2045-06-06 07:00:00,0.0,262.439103471837
2045-06-06 08:00:00,0.0,270.0266285722132
2045-06-06 09:00:00,0.0,259.3148284305056
2045-06-06 10:00:00,0.0,229.41105303490514
2045-06-06 11:00:00,0.0,182.54692741493423
2045-06-06 12:00:00,0.0,118.27612656468844
2045-06-06 13:00:00,0.0,49.09575064949331
2045-06-06 14:00:00,0.0,1.7853000236179388
2045-06-06 15:00:00,0.0,0.0
2045-06-06 16:00:00,0.0,0.0
2045-06-06 17:00:00,0.0,0.0
2045-06-06 18:00:00,0.0,0.0
2045-06-06 19:00:00,0.0,0.0
2045-06-06 20:00:00,0.0,0.0
2045-06-06 21:00:00,0.0,0.0
2045-06-06 22:00:00,0.0,0.0
2045-06-06 23:00:00,0.0,0.0
2045-06-07 00:00:00,0.0,0.0
2045-06-07 01:00:00,0.0,0.0
2045-06-07 02:00:00,0.0,25.886850342460114
2045-06-07 03:00:00,0.0,78.55320103918929
2045-06-07 04:00:00,0.0,127.20262668277815
2045-06-07 05:00:00,0.0,166.47922720237278
2045-06-07 06:00:00,0.0,199.50727763930468
2045-06-07 07:00:00,0.0,222.26985294043337
2045-06-07 08:00:00,0.0,230.3037030467141
2045-06-07 09:00:00,0.0,217.36027787548406
2045-06-07 10:00:00,0.0,190.13445251531047
2045-06-07 11:00:00,0.0,147.73357695438443
2045-06-07 12:00:00,0.0,92.38927622222832
2045-06-07 13:00:00,0.0,35.706000472358774
2045-06-07 14:00:00,0.0,0.4463250059044847
2045-06-07 15:00:00,0.0,0.0
2045-06-07 16:00:00,0.0,0.0
2045-06-07 17:00:00,0.0,0.0
2045-06-07 18:00:00,0.0,0.0
2045-06-07 19:00:00,0.0,0.0
2045-06-07 20:00:00,0.0,0.0
2045-06-07 21:00:00,0.0,0.0
2045-06-07 22:00:00,0.0,0.0
2045-06-07 23:00:00,0.0,0.0
2045-06-08 00:00:00,0.0,0.0
2045-06-08 01:00:00,0.0,0.0
2045-06-08 02:00:00,0.0,22.316250295224236
2045-06-08 03:00:00,0.0,78.99952604509379
2045-06-08 04:00:00,0.0,148.62622696619343
2045-06-08 05:00:00,0.0,206.64847773377642
2045-06-08 06:00:00,0.0,250.8346533183204
2045-06-08 07:00:00,0.0,277.167828666685
2045-06-08 08:00:00,0.0,283.4163787493478
2045-06-08 09:00:00,0.0,268.2413285485953
2045-06-08 10:00:00,0.0,235.21327811166344
2045-06-08 11:00:00,0.0,182.99325242083873
2045-06-08 12:00:00,0.0,117.82980155878394
2045-06-08 13:00:00,0.0,49.09575064949331
2045-06-08 14:00:00,0.0,1.7853000236179388
2045-06-08 15:00:00,0.0,0.0
2045-06-08 16:00:00,0.0,0.0
2045-06-08 17:00:00,0.0,0.0
2045-06-08 18:00:00,0.0,0.0
2045-06-08 19:00:00,0.0,0.0
2045-06-08 20:00:00,0.0,0.0
2045-06-08 21:00:00,0.0,0.0
2045-06-08 22:00:00,0.0,0.0
2045-06-08 23:00:00,0.0,0.0
2045-06-09 00:00:00,0.0,0.0
2045-06-09 01:00:00,0.0,0.0
2045-06-09 02:00:00,0.0,29.457450389695985
2045-06-09 03:00:00,0.0,98.63782630489112
2045-06-09 04:00:00,0.0,171.38880226732212
2045-06-09 05:00:00,0.0,227.6257530112872
2045-06-09 06:00:00,0.0,266.90235353088184
2045-06-09 07:00:00,0.0,288.3259538142972
2045-06-09 08:00:00,0.0,290.11125383791506
2045-06-09 09:00:00,0.0,273.5972286194491
2045-06-09 10:00:00,0.0,239.23020316480378
2045-06-09 11:00:00,0.0,185.67120245626563
2045-06-09 12:00:00,0.0,117.82980155878394
2045-06-09 13:00:00,0.0,47.75677563177986
2045-06-09 14:00:00,0.0,1.7853000236179388
2045-06-09 15:00:00,0.0,0.0
2045-06-09 16:00:00,0.0,0.0
2045-06-09 17:00:00,0.0,0.0
2045-06-09 18:00:00,0.0,0.0
2045-06-09 19:00:00,0.0,0.0
2045-06-09 20:00:00,0.0,0.0
2045-06-09 21:00:00,0.0,0.0
2045-06-09 22:00:00,0.0,0.0
2045-06-09 23:00:00,0.0,0.0
2045-06-10 00:00:00,0.0,0.0
2045-06-10 01:00:00,0.0,0.0
2045-06-10 02:00:00,0.0,29.01112538379151
2045-06-10 03:00:00,0.0,96.85252628127317
2045-06-10 04:00:00,0.0,163.3549521610414
2045-06-10 05:00:00,0.0,221.3772029286244
2045-06-10 06:00:00,0.0,263.33175348364597
2045-06-10 07:00:00,0.0,282.0774037316343
2045-06-10 08:00:00,0.0,282.0774037316343
2045-06-10 09:00:00,0.0,261.5464534600281
2045-06-10 10:00:00,0.0,224.94780297586027
2045-06-10 11:00:00,0.0,171.83512727322662
2045-06-10 12:00:00,0.0,106.22535140526736
2045-06-10 13:00:00,0.0,42.84720056683053
2045-06-10 14:00:00,0.0,1.338975017713454
2045-06-10 15:00:00,0.0,0.0
2045-06-10 16:00:00,0.0,0.0
2045-06-10 17:00:00,0.0,0.0
2045-06-10 18:00:00,0.0,0.0
2045-06-10 19:00:00,0.0,0.0
2045-06-10 20:00:00,0.0,0.0
2045-06-10 21:00:00,0.0,0.0
2045-06-10 22:00:00,0.0,0.0
2045-06-10 23:00:00,0.0,0.0
2045-06-11 00:00:00,0.0,0.0
2045-06-11 01:00:00,0.0,0.0
2045-06-11 02:00:00,0.0,25.886850342460114
2045-06-11 03:00:00,0.0,85.69440113366106
2045-06-11 04:00:00,0.0,145.501951924862
2045-06-11 05:00:00,0.0,206.64847773377642
2045-06-11 06:00:00,0.0,255.29790337736526
2045-06-11 07:00:00,0.0,275.8288536489715
2045-06-11 08:00:00,0.0,280.2921037080164
2045-06-11 09:00:00,0.0,266.0097035190729
2045-06-11 10:00:00,0.0,225.84045298766927
2045-06-11 11:00:00,0.0,173.62042729684453
2045-06-11 12:00:00,0.0,108.0106514288853
2045-06-11 13:00:00,0.0,45.078825596352964
2045-06-11 14:00:00,0.0,1.338975017713454
2045-06-11 15:00:00,0.0,0.0
2045-06-11 16:00:00,0.0,0.0
2045-06-11 17:00:00,0.0,0.0
2045-06-11 18:00:00,0.0,0.0
2045-06-11 19:00:00,0.0,0.0
2045-06-11 20:00:00,0.0,0.0
2045-06-11 21:00:00,0.0,0.0
2045-06-11 22:00:00,0.0,0.0
2045-06-11 23:00:00,0.0,0.0
2045-06-12 00:00:00,0.0,0.0
2045-06-12 01:00:00,0.0,0.0
2045-06-12 02:00:00,0.0,24.994200330651143
2045-06-12 03:00:00,0.0,77.66055102738034
2045-06-12 04:00:00,0.0,139.6997268481037
2045-06-12 05:00:00,0.0,200.8462526570181
2045-06-12 06:00:00,0.0,241.01550318842175
2045-06-12 07:00:00,0.0,265.5633785131684
2045-06-12 08:00:00,0.0,270.4729535781177
2045-06-12 09:00:00,0.0,256.1905533891742
2045-06-12 10:00:00,0.0,215.5749778518661
2045-06-12 11:00:00,0.0,156.66007707247408
2045-06-12 12:00:00,0.0,95.06722625765524
2045-06-12 13:00:00,0.0,37.9376255018812
2045-06-12 14:00:00,0.0,0.8926500118089694
2045-06-12 15:00:00,0.0,0.0
2045-06-12 16:00:00,0.0,0.0
2045-06-12 17:00:00,0.0,0.0
2045-06-12 18:00:00,0.0,0.0
2045-06-12 19:00:00,0.0,0.0
2045-06-12 20:00:00,0.0,0.0
2045-06-12 21:00:00,0.0,0.0
2045-06-12 22:00:00,0.0,0.0
2045-06-12 23:00:00,0.0,0.0
2045-06-13 00:00:00,0.0,0.0
2045-06-13 01:00:00,0.0,0.0
2045-06-13 02:00:00,0.0,20.084625265701813
2045-06-13 03:00:00,0.0,76.76790101557137
2045-06-13 04:00:00,0.0,139.6997268481037
2045-06-13 05:00:00,0.0,190.13445251531047
2045-06-13 06:00:00,0.0,220.48455291681543
2045-06-13 07:00:00,0.0,245.92507825337108
2045-06-13 08:00:00,0.0,251.7273033301294
2045-06-13 09:00:00,0.0,243.24712821794418
2045-06-13 10:00:00,0.0,210.6654027869168
2045-06-13 11:00:00,0.0,158.89170210199657
2045-06-13 12:00:00,0.0,100.42312632850906
2045-06-13 13:00:00,0.0,41.50822554911708
2045-06-13 14:00:00,0.0,1.338975017713454
2045-06-13 15:00:00,0.0,0.0
2045-06-13 16:00:00,0.0,0.0
2045-06-13 17:00:00,0.0,0.0
2045-06-13 18:00:00,0.0,0.0
2045-06-13 19:00:00,0.0,0.0
2045-06-13 20:00:00,0.0,0.0
2045-06-13 21:00:00,0.0,0.0
2045-06-13 22:00:00,0.0,0.0
2045-06-13 23:00:00,0.0,0.0
2045-06-14 00:00:00,0.0,0.0
2045-06-14 01:00:00,0.0,0.0
2045-06-14 02:00:00,0.0,21.423600283415265
2045-06-14 03:00:00,0.0,74.53627598604893
2045-06-14 04:00:00,0.0,131.2195517359185
2045-06-14 05:00:00,0.0,180.31530238541185
2045-06-14 06:00:00,0.0,224.50147796995577
2045-06-14 07:00:00,0.0,248.603028288798
2045-06-14 08:00:00,0.0,241.90815320023074
2045-06-14 09:00:00,0.0,224.05515296405133
2045-06-14 10:00:00,0.0,192.8124025507374
2045-06-14 11:00:00,0.0,149.07255197209787
2045-06-14 12:00:00,0.0,91.94295121632385
2045-06-14 13:00:00,0.0,37.04497549007223
2045-06-14 14:00:00,0.0,0.8926500118089694
2045-06-14 15:00:00,0.0,0.0
2045-06-14 16:00:00,0.0,0.0
2045-06-14 17:00:00,0.0,0.0
2045-06-14 18:00:00,0.0,0.0
2045-06-14 19:00:00,0.0,0.0
2045-06-14 20:00:00,0.0,0.0
2045-06-14 21:00:00,0.0,0.0
2045-06-14 22:00:00,0.0,0.0
2045-06-14 23:00:00,0.0,0.0
2045-06-15 00:00:00,0.0,0.0
2045-06-15 01:00:00,0.0,0.0
2045-06-15 02:00:00,0.0,23.655225312937688
2045-06-15 03:00:00,0.0,78.10687603328482
2045-06-15 04:00:00,0.0,137.0217768126768
2045-06-15 05:00:00,0.0,191.47342753302394
2045-06-15 06:00:00,0.0,224.94780297586027
2045-06-15 07:00:00,0.0,234.76695310575897
2045-06-15 08:00:00,0.0,224.50147796995577
2045-06-15 09:00:00,0.0,203.52420269244504
2045-06-15 10:00:00,0.0,177.63735234998492
2045-06-15 11:00:00,0.0,139.25340184219922
2045-06-15 12:00:00,0.0,86.14072613956556
2045-06-15 13:00:00,0.0,34.813350460549806
2045-06-15 14:00:00,0.0,0.4463250059044847
2045-06-15 15:00:00,0.0,0.0
2045-06-15 16:00:00,0.0,0.0
2045-06-15 17:00:00,0.0,0.0
2045-06-15 18:00:00,0.0,0.0
2045-06-15 19:00:00,0.0,0.0
2045-06-15 20:00:00,0.0,0.0
2045-06-15 21:00:00,0.0,0.0
2045-06-15 22:00:00,0.0,0.0
2045-06-15 23:00:00,0.0,0.0
2045-06-16 00:00:00,0.0,0.0
2045-06-16 01:00:00,0.0,0.0
2045-06-16 02:00:00,0.0,15.17505020075248
2045-06-16 03:00:00,0.0,50.88105067311126
2045-06-16 04:00:00,0.0,90.15765119270593
2045-06-16 05:00:00,0.0,128.98792670639605
2045-06-16 06:00:00,0.0,149.07255197209787
2045-06-16 07:00:00,0.0,149.51887697800237
2045-06-16 08:00:00,0.0,126.75630167687365
2045-06-16 09:00:00,0.0,103.54740136984044
2045-06-16 10:00:00,0.0,85.24807612775658
2045-06-16 11:00:00,0.0,60.25387579710544
2045-06-16 12:00:00,0.0,27.67215036607805
2045-06-16 13:00:00,0.0,7.141200094471755
2045-06-16 14:00:00,0.0,0.0
2045-06-16 15:00:00,0.0,0.0
2045-06-16 16:00:00,0.0,0.0
2045-06-16 17:00:00,0.0,0.0
2045-06-16 18:00:00,0.0,0.0
2045-06-16 19:00:00,0.0,0.0
2045-06-16 20:00:00,0.0,0.0
2045-06-16 21:00:00,0.0,0.0
2045-06-16 22:00:00,0.0,0.0
2045-06-16 23:00:00,0.0,0.0
2045-06-17 00:00:00,0.0,0.0
2045-06-17 01:00:00,0.0,0.0
2045-06-17 02:00:00,0.0,20.084625265701813
2045-06-17 03:00:00,0.0,69.62670092109961
2045-06-17 04:00:00,0.0,123.63202663554225
2045-06-17 05:00:00,0.0,172.72777728503561
2045-06-17 06:00:00,0.0,223.16250295224236
2045-06-17 07:00:00,0.0,247.2640532710845
2045-06-17 08:00:00,0.0,253.9589283596518
2045-06-17 09:00:00,0.0,240.12285317661278
2045-06-17 10:00:00,0.0,213.78967782824816
2045-06-17 11:00:00,0.0,165.14025218465932
2045-06-17 12:00:00,0.0,103.54740136984044
2045-06-17 13:00:00,0.0,41.95455055502156
2045-06-17 14:00:00,0.0,1.338975017713454
2045-06-17 15:00:00,0.0,0.0
2045-06-17 16:00:00,0.0,0.0
2045-06-17 17:00:00,0.0,0.0
2045-06-17 18:00:00,0.0,0.0
2045-06-17 19:00:00,0.0,0.0
2045-06-17 20:00:00,0.0,0.0
2045-06-17 21:00:00,0.0,0.0
2045-06-17 22:00:00,0.0,0.0
2045-06-17 23:00:00,0.0,0.0
2045-06-18 00:00:00,0.0,0.0
2045-06-18 01:00:00,0.0,0.0
2045-06-18 02:00:00,0.0,22.316250295224236
2045-06-18 03:00:00,0.0,80.78482606871172
2045-06-18 04:00:00,0.0,152.6431520193338
2045-06-18 05:00:00,0.0,215.5749778518661
2045-06-18 06:00:00,0.0,262.439103471837
2045-06-18 07:00:00,0.0,285.2016787729657
2045-06-18 08:00:00,0.0,284.7553537670612
2045-06-18 09:00:00,0.0,274.0435536253536
2045-06-18 10:00:00,0.0,234.32062809985447
2045-06-18 11:00:00,0.0,173.62042729684453
2045-06-18 12:00:00,0.0,108.45697643478978
2045-06-18 13:00:00,0.0,42.84720056683053
2045-06-18 14:00:00,0.0,1.338975017713454
2045-06-18 15:00:00,0.0,0.0
2045-06-18 16:00:00,0.0,0.0
2045-06-18 17:00:00,0.0,0.0
2045-06-18 18:00:00,0.0,0.0
2045-06-18 19:00:00,0.0,0.0
2045-06-18 20:00:00,0.0,0.0
2045-06-18 21:00:00,0.0,0.0
2045-06-18 22:00:00,0.0,0.0
2045-06-18 23:00:00,0.0,0.0
2045-06-19 00:00:00,0.0,0.0
2045-06-19 01:00:00,0.0,0.0
2045-06-19 02:00:00,0.0,28.118475371982534
2045-06-19 03:00:00,0.0,95.95987626946422
2045-06-19 04:00:00,0.0,168.7108522318952
2045-06-19 05:00:00,0.0,227.6257530112872
2045-06-19 06:00:00,0.0,268.2413285485953
2045-06-19 07:00:00,0.0,287.4333038024882
2045-06-19 08:00:00,0.0,287.8796288083926
2045-06-19 09:00:00,0.0,271.3656035899267
2045-06-19 10:00:00,0.0,236.55225312937688
2045-06-19 11:00:00,0.0,183.4395774267432
2045-06-19 12:00:00,0.0,115.15185152335705
2045-06-19 13:00:00,0.0,46.41780061406641
2045-06-19 14:00:00,0.0,1.7853000236179388
2045-06-19 15:00:00,0.0,0.0
2045-06-19 16:00:00,0.0,0.0
2045-06-19 17:00:00,0.0,0.0
2045-06-19 18:00:00,0.0,0.0
2045-06-19 19:00:00,0.0,0.0
2045-06-19 20:00:00,0.0,0.0
2045-06-19 21:00:00,0.0,0.0
2045-06-19 22:00:00,0.0,0.0
2045-06-19 23:00:00,0.0,0.0
2045-06-20 00:00:00,0.0,0.0
2045-06-20 01:00:00,0.0,0.0
2045-06-20 02:00:00,0.0,29.457450389695985
2045-06-20 03:00:00,0.0,104.44005138164941
2045-06-20 04:00:00,0.0,182.10060240902973
2045-06-20 05:00:00,0.0,243.24712821794418
2045-06-20 06:00:00,0.0,283.4163787493478
2045-06-20 07:00:00,0.0,303.5010040150496
2045-06-20 08:00:00,0.0,305.2863040386676
2045-06-20 09:00:00,0.0,287.4333038024882
2045-06-20 10:00:00,0.0,249.04935329470248
2045-06-20 11:00:00,0.0,189.2418025035015
2045-06-20 12:00:00,0.0,114.70552651745257
2045-06-20 13:00:00,0.0,42.84720056683053
2045-06-20 14:00:00,0.0,0.8926500118089694
2045-06-20 15:00:00,0.0,0.0
2045-06-20 16:00:00,0.0,0.0
2045-06-20 17:00:00,0.0,0.0
2045-06-20 18:00:00,0.0,0.0
2045-06-20 19:00:00,0.0,0.0
2045-06-20 20:00:00,0.0,0.0
2045-06-20 21:00:00,0.0,0.0
2045-06-20 22:00:00,0.0,0.0
2045-06-20 23:00:00,0.0,0.0
2045-06-21 00:00:00,0.0,0.0
2045-06-21 01:00:00,0.0,0.0
2045-06-21 02:00:00,0.0,22.316250295224236
2045-06-21 03:00:00,0.0,81.2311510746162
2045-06-21 04:00:00,0.0,149.96520198390687
2045-06-21 05:00:00,0.0,208.88010276329882
2045-06-21 06:00:00,0.0,272.2582536017357
2045-06-21 07:00:00,0.0,292.789203873342
2045-06-21 08:00:00,0.0,294.1281788910555
2045-06-21 09:00:00,0.0,275.8288536489715
2045-06-21 10:00:00,0.0,238.78387815889928
2045-06-21 11:00:00,0.0,183.4395774267432
2045-06-21 12:00:00,0.0,115.59817652926154
2045-06-21 13:00:00,0.0,46.41780061406641
2045-06-21 14:00:00,0.0,1.7853000236179388
2045-06-21 15:00:00,0.0,0.0
2045-06-21 16:00:00,0.0,0.0
2045-06-21 17:00:00,0.0,0.0
2045-06-21 18:00:00,0.0,0.0
2045-06-21 19:00:00,0.0,0.0
2045-06-21 20:00:00,0.0,0.0
2045-06-21 21:00:00,0.0,0.0
2045-06-21 22:00:00,0.0,0.0
2045-06-21 23:00:00,0.0,0.0
2045-06-22 00:00:00,0.0,0.0
2045-06-22 01:00:00,0.0,0.0
2045-06-22 02:00:00,0.0,28.56480037788702
2045-06-22 03:00:00,0.0,99.53047631670009
2045-06-22 04:00:00,0.0,174.95940231455802
2045-06-22 05:00:00,0.0,236.10592812347238
2045-06-22 06:00:00,0.0,276.7215036607805
2045-06-22 07:00:00,0.0,297.25245393238686
2045-06-22 08:00:00,0.0,298.5914289501003
2045-06-22 09:00:00,0.0,282.5237287375388
2045-06-22 10:00:00,0.0,246.37140325927555
2045-06-22 11:00:00,0.0,191.47342753302394
2045-06-22 12:00:00,0.0,120.95407660011537
2045-06-22 13:00:00,0.0,48.649425643588835
2045-06-22 14:00:00,0.0,1.7853000236179388
2045-06-22 15:00:00,0.0,0.0
2045-06-22 16:00:00,0.0,0.0
2045-06-22 17:00:00,0.0,0.0
2045-06-22 18:00:00,0.0,0.0
2045-06-22 19:00:00,0.0,0.0
2045-06-22 20:00:00,0.0,0.0
2045-06-22 21:00:00,0.0,0.0
2045-06-22 22:00:00,0.0,0.0
2045-06-22 23:00:00,0.0,0.0
2045-06-23 00:00:00,0.0,0.0
2045-06-23 01:00:00,0.0,0.0
2045-06-23 02:00:00,0.0,28.56480037788702
2045-06-23 03:00:00,0.0,97.74517629308215
2045-06-23 04:00:00,0.0,170.49615225551315
2045-06-23 05:00:00,0.0,229.41105303490514
2045-06-23 06:00:00,0.0,272.7045786076402
2045-06-23 07:00:00,0.0,291.896553861533
2045-06-23 08:00:00,0.0,290.55757884381956
2045-06-23 09:00:00,0.0,269.58030356630877
2045-06-23 10:00:00,0.0,232.08900307033207
2045-06-23 11:00:00,0.0,177.63735234998492
2045-06-23 12:00:00,0.0,112.92022649383463
2045-06-23 13:00:00,0.0,46.86412561997089
2045-06-23 14:00:00,0.0,1.7853000236179388
2045-06-23 15:00:00,0.0,0.0
2045-06-23 16:00:00,0.0,0.0
2045-06-23 17:00:00,0.0,0.0
2045-06-23 18:00:00,0.0,0.0
2045-06-23 19:00:00,0.0,0.0
2045-06-23 20:00:00,0.0,0.0
2045-06-23 21:00:00,0.0,0.0
2045-06-23 22:00:00,0.0,0.0
2045-06-23 23:00:00,0.0,0.0
2045-06-24 00:00:00,0.0,0.0
2045-06-24 01:00:00,0.0,0.0
2045-06-24 02:00:00,0.0,28.56480037788702
2045-06-24 03:00:00,0.0,95.95987626946422
2045-06-24 04:00:00,0.0,167.81820222008625
2045-06-24 05:00:00,0.0,226.73310299947823
2045-06-24 06:00:00,0.0,264.22440349545496
2045-06-24 07:00:00,0.0,279.3994536962074
2045-06-24 08:00:00,0.0,273.5972286194491
2045-06-24 09:00:00,0.0,236.10592812347238
2045-06-24 10:00:00,0.0,192.36607754483293
2045-06-24 11:00:00,0.0,135.23647678905886
2045-06-24 12:00:00,0.0,73.1973009683355
2045-06-24 13:00:00,0.0,25.44052533655563
2045-06-24 14:00:00,0.0,0.0
2045-06-24 15:00:00,0.0,0.0
2045-06-24 16:00:00,0.0,0.0
2045-06-24 17:00:00,0.0,0.0
2045-06-24 18:00:00,0.0,0.0
2045-06-24 19:00:00,0.0,0.0
2045-06-24 20:00:00,0.0,0.0
2045-06-24 21:00:00,0.0,0.0
2045-06-24 22:00:00,0.0,0.0
2045-06-24 23:00:00,0.0,0.0
2045-06-25 00:00:00,0.0,0.0
2045-06-25 01:00:00,0.0,0.0
2045-06-25 02:00:00,0.0,27.225825360173566
2045-06-25 03:00:00,0.0,93.72825123994178
2045-06-25 04:00:00,0.0,167.81820222008625
2045-06-25 05:00:00,0.0,228.96472802900064
2045-06-25 06:00:00,0.0,272.7045786076402
2045-06-25 07:00:00,0.0,295.9134789146733
2045-06-25 08:00:00,0.0,298.5914289501003
2045-06-25 09:00:00,0.0,282.5237287375388
2045-06-25 10:00:00,0.0,246.37140325927555
2045-06-25 11:00:00,0.0,191.47342753302394
2045-06-25 12:00:00,0.0,121.40040160601984
2045-06-25 13:00:00,0.0,49.09575064949331
2045-06-25 14:00:00,0.0,1.7853000236179388
2045-06-25 15:00:00,0.0,0.0
2045-06-25 16:00:00,0.0,0.0
2045-06-25 17:00:00,0.0,0.0
2045-06-25 18:00:00,0.0,0.0
2045-06-25 19:00:00,0.0,0.0
2045-06-25 20:00:00,0.0,0.0
2045-06-25 21:00:00,0.0,0.0
2045-06-25 22:00:00,0.0,0.0
2045-06-25 23:00:00,0.0,0.0
2045-06-26 00:00:00,0.0,0.0
2045-06-26 01:00:00,0.0,0.0
2045-06-26 02:00:00,0.0,28.118475371982534
2045-06-26 03:00:00,0.0,99.53047631670009
2045-06-26 04:00:00,0.0,175.40572732046252
2045-06-26 05:00:00,0.0,236.55225312937688
2045-06-26 06:00:00,0.0,278.9531286903029
2045-06-26 07:00:00,0.0,300.3767289737183
2045-06-26 08:00:00,0.0,302.1620289973361
2045-06-26 09:00:00,0.0,283.4163787493478
2045-06-26 10:00:00,0.0,244.5861032356576
2045-06-26 11:00:00,0.0,187.90282748578807
2045-06-26 12:00:00,0.0,117.82980155878394
2045-06-26 13:00:00,0.0,46.41780061406641
2045-06-26 14:00:00,0.0,1.338975017713454
2045-06-26 15:00:00,0.0,0.0
2045-06-26 16:00:00,0.0,0.0
2045-06-26 17:00:00,0.0,0.0
2045-06-26 18:00:00,0.0,0.0
2045-06-26 19:00:00,0.0,0.0
2045-06-26 20:00:00,0.0,0.0
2045-06-26 21:00:00,0.0,0.0
2045-06-26 22:00:00,0.0,0.0
2045-06-26 23:00:00,0.0,0.0
2045-06-27 00:00:00,0.0,0.0
2045-06-27 01:00:00,0.0,0.0
2045-06-27 02:00:00,0.0,27.225825360173566
2045-06-27 03:00:00,0.0,97.74517629308215
2045-06-27 04:00:00,0.0,172.72777728503561
2045-06-27 05:00:00,0.0,233.42797808804548
2045-06-27 06:00:00,0.0,275.3825286430671
2045-06-27 07:00:00,0.0,291.003903849724
2045-06-27 08:00:00,0.0,278.9531286903029
2045-06-27 09:00:00,0.0,244.5861032356576
2045-06-27 10:00:00,0.0,212.45070281053472
2045-06-27 11:00:00,0.0,176.29837733227146
2045-06-27 12:00:00,0.0,119.1687765764974
2045-06-27 13:00:00,0.0,49.5420756553978
2045-06-27 14:00:00,0.0,1.7853000236179388
2045-06-27 15:00:00,0.0,0.0
2045-06-27 16:00:00,0.0,0.0
2045-06-27 17:00:00,0.0,0.0
2045-06-27 18:00:00,0.0,0.0
2045-06-27 19:00:00,0.0,0.0
2045-06-27 20:00:00,0.0,0.0
2045-06-27 21:00:00,0.0,0.0
2045-06-27 22:00:00,0.0,0.0
2045-06-27 23:00:00,0.0,0.0
2045-06-28 00:00:00,0.0,0.0
2045-06-28 01:00:00,0.0,0.0
2045-06-28 02:00:00,0.0,27.67215036607805
2045-06-28 03:00:00,0.0,98.19150129898662
2045-06-28 04:00:00,0.0,173.17410229094006
2045-06-28 05:00:00,0.0,234.32062809985447
2045-06-28 06:00:00,0.0,276.275178654876
2045-06-28 07:00:00,0.0,297.25245393238686
2045-06-28 08:00:00,0.0,299.03775395600474
2045-06-28 09:00:00,0.0,283.4163787493478
2045-06-28 10:00:00,0.0,246.81772826518
2045-06-28 11:00:00,0.0,191.02710252711944
2045-06-28 12:00:00,0.0,120.95407660011537
2045-06-28 13:00:00,0.0,49.09575064949331
2045-06-28 14:00:00,0.0,1.7853000236179388
2045-06-28 15:00:00,0.0,0.0
2045-06-28 16:00:00,0.0,0.0
2045-06-28 17:00:00,0.0,0.0
2045-06-28 18:00:00,0.0,0.0
2045-06-28 19:00:00,0.0,0.0
2045-06-28 20:00:00,0.0,0.0
2045-06-28 21:00:00,0.0,0.0
2045-06-28 22:00:00,0.0,0.0
2045-06-28 23:00:00,0.0,0.0
2045-06-29 00:00:00,0.0,0.0
2045-06-29 01:00:00,0.0,0.0
2045-06-29 02:00:00,0.0,28.56480037788702
2045-06-29 03:00:00,0.0,97.74517629308215
2045-06-29 04:00:00,0.0,170.49615225551315
2045-06-29 05:00:00,0.0,229.8573780408096
2045-06-29 06:00:00,0.0,275.8288536489715
2045-06-29 07:00:00,0.0,295.9134789146733
2045-06-29 08:00:00,0.0,297.25245393238686
2045-06-29 09:00:00,0.0,279.3994536962074
2045-06-29 10:00:00,0.0,241.90815320023074
2045-06-29 11:00:00,0.0,185.22487745036113
2045-06-29 12:00:00,0.0,114.25920151154808
2045-06-29 13:00:00,0.0,43.739850578639505
2045-06-29 14:00:00,0.0,1.338975017713454
2045-06-29 15:00:00,0.0,0.0
2045-06-29 16:00:00,0.0,0.0
2045-06-29 17:00:00,0.0,0.0
2045-06-29 18:00:00,0.0,0.0
2045-06-29 19:00:00,0.0,0.0
2045-06-29 20:00:00,0.0,0.0
2045-06-29 21:00:00,0.0,0.0
2045-06-29 22:00:00,0.0,0.0
2045-06-29 23:00:00,0.0,0.0
2045-06-30 00:00:00,0.0,0.0
2045-06-30 01:00:00,0.0,0.0
2045-06-30 02:00:00,0.0,28.118475371982534
2045-06-30 03:00:00,0.0,96.4062012753687
2045-06-30 04:00:00,0.0,169.1571772377997
2045-06-30 05:00:00,0.0,229.41105303490514
2045-06-30 06:00:00,0.0,275.8288536489715
2045-06-30 07:00:00,0.0,295.9134789146733
2045-06-30 08:00:00,0.0,296.8061289264823
2045-06-30 09:00:00,0.0,280.7384287139209
2045-06-30 10:00:00,0.0,243.24712821794418
2045-06-30 11:00:00,0.0,186.5638524680746
2045-06-30 12:00:00,0.0,115.59817652926154
2045-06-30 13:00:00,0.0,45.97147560816193
2045-06-30 14:00:00,0.0,1.338975017713454
2045-06-30 15:00:00,0.0,0.0
2045-06-30 16:00:00,0.0,0.0
2045-06-30 17:00:00,0.0,0.0
2045-06-30 18:00:00,0.0,0.0
2045-06-30 19:00:00,0.0,0.0
2045-06-30 20:00:00,0.0,0.0
2045-06-30 21:00:00,0.0,0.0
2045-06-30 22:00:00,0.0,0.0
2045-06-30 23:00:00,0.0,0.0
2045-07-01 00:00:00,0.0,0.0
2045-07-01 01:00:00,0.0,0.0
2045-07-01 02:00:00,0.0,24.994200330651143
2045-07-01 03:00:00,0.0,91.94295121632385
2045-07-01 04:00:00,0.0,167.81820222008625
2045-07-01 05:00:00,0.0,228.0720780171917
2045-07-01 06:00:00,0.0,269.1339785604043
2045-07-01 07:00:00,0.0,293.2355288792465
2045-07-01 08:00:00,0.0,295.9134789146733
2045-07-01 09:00:00,0.0,277.6141536725895
2045-07-01 10:00:00,0.0,240.56917818251728
2045-07-01 11:00:00,0.0,186.1175274621701
2045-07-01 12:00:00,0.0,117.38347655287949
2045-07-01 13:00:00,0.0,48.20310063768435
2045-07-01 14:00:00,0.0,1.7853000236179388
2045-07-01 15:00:00,0.0,0.0
2045-07-01 16:00:00,0.0,0.0
2045-07-01 17:00:00,0.0,0.0
2045-07-01 18:00:00,0.0,0.0
2045-07-01 19:00:00,0.0,0.0
2045-07-01 20:00:00,0.0,0.0
2045-07-01 21:00:00,0.0,0.0
2045-07-01 22:00:00,0.0,0.0
2045-07-01 23:00:00,0.0,0.0
2045-07-02 00:00:00,0.0,0.0
2045-07-02 01:00:00,0.0,0.0
2045-07-02 02:00:00,0.0,28.56480037788702
2045-07-02 03:00:00,0.0,99.97680132260459
2045-07-02 04:00:00,0.0,175.40572732046252
2045-07-02 05:00:00,0.0,235.65960311756788
2045-07-02 06:00:00,0.0,276.7215036607805
2045-07-02 07:00:00,0.0,295.9134789146733
2045-07-02 08:00:00,0.0,295.46715390876886
2045-07-02 09:00:00,0.0,279.3994536962074
2045-07-02 10:00:00,0.0,242.80080321203968
2045-07-02 11:00:00,0.0,187.0101774739791
2045-07-02 12:00:00,0.0,116.93715154697499
2045-07-02 13:00:00,0.0,45.52515060225743
2045-07-02 14:00:00,0.0,1.338975017713454
2045-07-02 15:00:00,0.0,0.0
2045-07-02 16:00:00,0.0,0.0
2045-07-02 17:00:00,0.0,0.0
2045-07-02 18:00:00,0.0,0.0
2045-07-02 19:00:00,0.0,0.0
2045-07-02 20:00:00,0.0,0.0
2045-07-02 21:00:00,0.0,0.0
2045-07-02 22:00:00,0.0,0.0
2045-07-02 23:00:00,0.0,0.0
2045-07-03 00:00:00,0.0,0.0
2045-07-03 01:00:00,0.0,0.0
2045-07-03 02:00:00,0.0,27.225825360173566
2045-07-03 03:00:00,0.0,93.2819262340373
2045-07-03 04:00:00,0.0,164.69392717875485
2045-07-03 05:00:00,0.0,217.80660288138853
2045-07-03 06:00:00,0.0,258.8685034246011
2045-07-03 07:00:00,0.0,265.5633785131684
2045-07-03 08:00:00,0.0,274.0435536253536
2045-07-03 09:00:00,0.0,257.08320340098317
2045-07-03 10:00:00,0.0,213.78967782824816
2045-07-03 11:00:00,0.0,157.10640207837858
2045-07-03 12:00:00,0.0,94.17457624584625
2045-07-03 13:00:00,0.0,36.59865048416775
2045-07-03 14:00:00,0.0,0.4463250059044847
2045-07-03 15:00:00,0.0,0.0
2045-07-03 16:00:00,0.0,0.0
2045-07-03 17:00:00,0.0,0.0
2045-07-03 18:00:00,0.0,0.0
2045-07-03 19:00:00,0.0,0.0
2045-07-03 20:00:00,0.0,0.0
2045-07-03 21:00:00,0.0,0.0
2045-07-03 22:00:00,0.0,0.0
2045-07-03 23:00:00,0.0,0.0
2045-07-04 00:00:00,0.0,0.0
2045-07-04 01:00:00,0.0,0.0
2045-07-04 02:00:00,0.0,21.423600283415265
2045-07-04 03:00:00,0.0,77.66055102738034
2045-07-04 04:00:00,0.0,152.1968270134293
2045-07-04 05:00:00,0.0,214.68232784005716
2045-07-04 06:00:00,0.0,257.9758534127921
2045-07-04 07:00:00,0.0,282.0774037316343
2045-07-04 08:00:00,0.0,282.5237287375388
2045-07-04 09:00:00,0.0,274.0435536253536
2045-07-04 10:00:00,0.0,237.44490314118588
2045-07-04 11:00:00,0.0,182.99325242083873
2045-07-04 12:00:00,0.0,115.59817652926154
2045-07-04 13:00:00,0.0,46.41780061406641
2045-07-04 14:00:00,0.0,1.338975017713454
2045-07-04 15:00:00,0.0,0.0
2045-07-04 16:00:00,0.0,0.0
2045-07-04 17:00:00,0.0,0.0
2045-07-04 18:00:00,0.0,0.0
2045-07-04 19:00:00,0.0,0.0
2045-07-04 20:00:00,0.0,0.0
2045-07-04 21:00:00,0.0,0.0
2045-07-04 22:00:00,0.0,0.0
2045-07-04 23:00:00,0.0,0.0
2045-07-05 00:00:00,0.0,0.0
2045-07-05 01:00:00,0.0,0.0
2045-07-05 02:00:00,0.0,26.3331753483646
2045-07-05 03:00:00,0.0,87.9260261631835
2045-07-05 04:00:00,0.0,142.3776768835306
2045-07-05 05:00:00,0.0,174.06675230274902
2045-07-05 06:00:00,0.0,204.86317771015845
2045-07-05 07:00:00,0.0,260.2074784423146
2045-07-05 08:00:00,0.0,284.30902876115675
2045-07-05 09:00:00,0.0,266.90235353088184
2045-07-05 10:00:00,0.0,234.76695310575897
2045-07-05 11:00:00,0.0,177.63735234998492
2045-07-05 12:00:00,0.0,107.56432642298083
2045-07-05 13:00:00,0.0,41.061900543212595
2045-07-05 14:00:00,0.0,0.8926500118089694
2045-07-05 15:00:00,0.0,0.0
2045-07-05 16:00:00,0.0,0.0
2045-07-05 17:00:00,0.0,0.0
2045-07-05 18:00:00,0.0,0.0
2045-07-05 19:00:00,0.0,0.0
2045-07-05 20:00:00,0.0,0.0
2045-07-05 21:00:00,0.0,0.0
2045-07-05 22:00:00,0.0,0.0
2045-07-05 23:00:00,0.0,0.0
2045-07-06 00:00:00,0.0,0.0
2045-07-06 01:00:00,0.0,0.0
2045-07-06 02:00:00,0.0,24.101550318842175
2045-07-06 03:00:00,0.0,84.80175112185209
2045-07-06 04:00:00,0.0,154.42845204295168
2045-07-06 05:00:00,0.0,214.23600283415266
2045-07-06 06:00:00,0.0,255.7442283832697
2045-07-06 07:00:00,0.0,270.9192785840222
2045-07-06 08:00:00,0.0,268.6876535544998
2045-07-06 09:00:00,0.0,262.88542847774147
2045-07-06 10:00:00,0.0,229.41105303490514
2045-07-06 11:00:00,0.0,175.852052326367
2045-07-06 12:00:00,0.0,111.13492647021668
2045-07-06 13:00:00,0.0,43.739850578639505
2045-07-06 14:00:00,0.0,0.8926500118089694
2045-07-06 15:00:00,0.0,0.0
2045-07-06 16:00:00,0.0,0.0
2045-07-06 17:00:00,0.0,0.0
2045-07-06 18:00:00,0.0,0.0
2045-07-06 19:00:00,0.0,0.0
2045-07-06 20:00:00,0.0,0.0
2045-07-06 21:00:00,0.0,0.0
2045-07-06 22:00:00,0.0,0.0
2045-07-06 23:00:00,0.0,0.0
2045-07-07 00:00:00,0.0,0.0
2045-07-07 01:00:00,0.0,0.0
2045-07-07 02:00:00,0.0,21.423600283415265
2045-07-07 03:00:00,0.0,79.89217605690276
2045-07-07 04:00:00,0.0,145.05562691895753
2045-07-07 05:00:00,0.0,191.02710252711944
2045-07-07 06:00:00,0.0,228.96472802900064
2045-07-07 07:00:00,0.0,251.2809783242249
2045-07-07 08:00:00,0.0,253.06627834784285
2045-07-07 09:00:00,0.0,243.69345322384865
2045-07-07 10:00:00,0.0,217.80660288138853
2045-07-07 11:00:00,0.0,173.62042729684453
2045-07-07 12:00:00,0.0,111.58125147612118
2045-07-07 13:00:00,0.0,44.63250059044847
2045-07-07 14:00:00,0.0,0.8926500118089694
2045-07-07 15:00:00,0.0,0.0
2045-07-07 16:00:00,0.0,0.0
2045-07-07 17:00:00,0.0,0.0
2045-07-07 18:00:00,0.0,0.0
2045-07-07 19:00:00,0.0,0.0
2045-07-07 20:00:00,0.0,0.0
2045-07-07 21:00:00,0.0,0.0
2045-07-07 22:00:00,0.0,0.0
2045-07-07 23:00:00,0.0,0.0
2045-07-08 00:00:00,0.0,0.0
2045-07-08 01:00:00,0.0,0.0
2045-07-08 02:00:00,0.0,26.3331753483646
2045-07-08 03:00:00,0.0,95.95987626946422
2045-07-08 04:00:00,0.0,171.83512727322662
2045-07-08 05:00:00,0.0,232.5353280762365
2045-07-08 06:00:00,0.0,273.5972286194491
2045-07-08 07:00:00,0.0,292.3428788674375
2045-07-08 08:00:00,0.0,293.68185388515093
2045-07-08 09:00:00,0.0,276.7215036607805
2045-07-08 10:00:00,0.0,232.08900307033207
2045-07-08 11:00:00,0.0,164.24760217285038
2045-07-08 12:00:00,0.0,84.80175112185209
2045-07-08 13:00:00,0.0,30.35010040150496
2045-07-08 14:00:00,0.0,0.0
2045-07-08 15:00:00,0.0,0.0
2045-07-08 16:00:00,0.0,0.0
2045-07-08 17:00:00,0.0,0.0
2045-07-08 18:00:00,0.0,0.0
2045-07-08 19:00:00,0.0,0.0
2045-07-08 20:00:00,0.0,0.0
2045-07-08 21:00:00,0.0,0.0
2045-07-08 22:00:00,0.0,0.0
2045-07-08 23:00:00,0.0,0.0
2045-07-09 00:00:00,0.0,0.0
2045-07-09 01:00:00,0.0,0.0
2045-07-09 02:00:00,0.0,27.225825360173566
2045-07-09 03:00:00,0.0,95.06722625765524
2045-07-09 04:00:00,0.0,168.26452722599075
2045-07-09 05:00:00,0.0,226.73310299947823
2045-07-09 06:00:00,0.0,254.4052533655563
2045-07-09 07:00:00,0.0,239.67652817070828
2045-07-09 08:00:00,0.0,202.63155268063605
2045-07-09 09:00:00,0.0,181.65427740312526
2045-07-09 10:00:00,0.0,171.83512727322662
2045-07-09 11:00:00,0.0,158.44537709609207
2045-07-09 12:00:00,0.0,108.0106514288853
2045-07-09 13:00:00,0.0,41.95455055502156
2045-07-09 14:00:00,0.0,0.0
2045-07-09 15:00:00,0.0,0.0
2045-07-09 16:00:00,0.0,0.0
2045-07-09 17:00:00,0.0,0.0
2045-07-09 18:00:00,0.0,0.0
2045-07-09 19:00:00,0.0,0.0
2045-07-09 20:00:00,0.0,0.0
2045-07-09 21:00:00,0.0,0.0
2045-07-09 22:00:00,0.0,0.0
2045-07-09 23:00:00,0.0,0.0
2045-07-10 00:00:00,0.0,0.0
2045-07-10 01:00:00,0.0,0.0
2045-07-10 02:00:00,0.0,21.869925289319752
2045-07-10 03:00:00,0.0,75.8752510037624
2045-07-10 04:00:00,0.0,137.0217768126768
2045-07-10 05:00:00,0.0,197.27565260978224
2045-07-10 06:00:00,0.0,260.6538034482191
2045-07-10 07:00:00,0.0,288.3259538142972
2045-07-10 08:00:00,0.0,292.3428788674375
2045-07-10 09:00:00,0.0,277.167828666685
2045-07-10 10:00:00,0.0,239.23020316480378
2045-07-10 11:00:00,0.0,180.31530238541185
2045-07-10 12:00:00,0.0,103.99372637574494
2045-07-10 13:00:00,0.0,41.061900543212595
2045-07-10 14:00:00,0.0,0.4463250059044847
2045-07-10 15:00:00,0.0,0.0
2045-07-10 16:00:00,0.0,0.0
2045-07-10 17:00:00,0.0,0.0
2045-07-10 18:00:00,0.0,0.0
2045-07-10 19:00:00,0.0,0.0
2045-07-10 20:00:00,0.0,0.0
2045-07-10 21:00:00,0.0,0.0
2045-07-10 22:00:00,0.0,0.0
2045-07-10 23:00:00,0.0,0.0
2045-07-11 00:00:00,0.0,0.0
2045-07-11 01:00:00,0.0,0.0
2045-07-11 02:00:00,0.0,25.44052533655563
2045-07-11 03:00:00,0.0,92.38927622222832
2045-07-11 04:00:00,0.0,164.69392717875485
2045-07-11 05:00:00,0.0,224.94780297586027
2045-07-11 06:00:00,0.0,265.5633785131684
2045-07-11 07:00:00,0.0,284.7553537670612
2045-07-11 08:00:00,0.0,284.7553537670612
2045-07-11 09:00:00,0.0,281.1847537198254
2045-07-11 10:00:00,0.0,243.69345322384865
2045-07-11 11:00:00,0.0,187.90282748578807
2045-07-11 12:00:00,0.0,117.38347655287949
2045-07-11 13:00:00,0.0,46.41780061406641
2045-07-11 14:00:00,0.0,0.8926500118089694
2045-07-11 15:00:00,0.0,0.0
2045-07-11 16:00:00,0.0,0.0
2045-07-11 17:00:00,0.0,0.0
2045-07-11 18:00:00,0.0,0.0
2045-07-11 19:00:00,0.0,0.0
2045-07-11 20:00:00,0.0,0.0
2045-07-11 21:00:00,0.0,0.0
2045-07-11 22:00:00,0.0,0.0
2045-07-11 23:00:00,0.0,0.0
2045-07-12 00:00:00,0.0,0.0
2045-07-12 01:00:00,0.0,0.0
2045-07-12 02:00:00,0.0,24.547875324746656
2045-07-12 03:00:00,0.0,87.9260261631835
2045-07-12 04:00:00,0.0,152.6431520193338
2045-07-12 05:00:00,0.0,201.73890266882708
2045-07-12 06:00:00,0.0,244.13977822975315
2045-07-12 07:00:00,0.0,269.58030356630877
2045-07-12 08:00:00,0.0,279.8457787021119
2045-07-12 09:00:00,0.0,270.0266285722132
2045-07-12 10:00:00,0.0,234.32062809985447
2045-07-12 11:00:00,0.0,179.42265237360286
2045-07-12 12:00:00,0.0,111.13492647021668
2045-07-12 13:00:00,0.0,43.293525572735014
2045-07-12 14:00:00,0.0,0.8926500118089694
2045-07-12 15:00:00,0.0,0.0
2045-07-12 16:00:00,0.0,0.0
2045-07-12 17:00:00,0.0,0.0
2045-07-12 18:00:00,0.0,0.0
2045-07-12 19:00:00,0.0,0.0
2045-07-12 20:00:00,0.0,0.0
2045-07-12 21:00:00,0.0,0.0
2045-07-12 22:00:00,0.0,0.0
2045-07-12 23:00:00,0.0,0.0
2045-07-13 00:00:00,0.0,0.0
2045-07-13 01:00:00,0.0,0.0
2045-07-13 02:00:00,0.0,25.886850342460114
2045-07-13 03:00:00,0.0,93.2819262340373
2045-07-13 04:00:00,0.0,165.58657719056382
2045-07-13 05:00:00,0.0,224.94780297586027
2045-07-13 06:00:00,0.0,265.5633785131684
2045-07-13 07:00:00,0.0,286.09432878477463
2045-07-13 08:00:00,0.0,285.6480037788702
2045-07-13 09:00:00,0.0,282.5237287375388
2045-07-13 10:00:00,0.0,245.92507825337108
2045-07-13 11:00:00,0.0,191.47342753302394
2045-07-13 12:00:00,0.0,120.95407660011537
2045-07-13 13:00:00,0.0,48.20310063768435
2045-07-13 14:00:00,0.0,0.8926500118089694
2045-07-13 15:00:00,0.0,0.0
2045-07-13 16:00:00,0.0,0.0
2045-07-13 17:00:00,0.0,0.0
2045-07-13 18:00:00,0.0,0.0
2045-07-13 19:00:00,0.0,0.0
2045-07-13 20:00:00,0.0,0.0
2045-07-13 21:00:00,0.0,0.0
2045-07-13 22:00:00,0.0,0.0
2045-07-13 23:00:00,0.0,0.0
2045-07-14 00:00:00,0.0,0.0
2045-07-14 01:00:00,0.0,0.0
2045-07-14 02:00:00,0.0,25.44052533655563
2045-07-14 03:00:00,0.0,95.06722625765524
2045-07-14 04:00:00,0.0,169.1571772377997
2045-07-14 05:00:00,0.0,230.3037030467141
2045-07-14 06:00:00,0.0,271.8119285958312
2045-07-14 07:00:00,0.0,293.2355288792465
2045-07-14 08:00:00,0.0,294.5745038969599
2045-07-14 09:00:00,0.0,286.9869787965836
2045-07-14 10:00:00,0.0,248.603028288798
2045-07-14 11:00:00,0.0,191.02710252711944
2045-07-14 12:00:00,0.0,118.72245157059294
2045-07-14 13:00:00,0.0,45.97147560816193
2045-07-14 14:00:00,0.0,0.8926500118089694
2045-07-14 15:00:00,0.0,0.0
2045-07-14 16:00:00,0.0,0.0
2045-07-14 17:00:00,0.0,0.0
2045-07-14 18:00:00,0.0,0.0
2045-07-14 19:00:00,0.0,0.0
2045-07-14 20:00:00,0.0,0.0
2045-07-14 21:00:00,0.0,0.0
2045-07-14 22:00:00,0.0,0.0
2045-07-14 23:00:00,0.0,0.0
2045-07-15 00:00:00,0.0,0.0
2045-07-15 01:00:00,0.0,0.0
2045-07-15 02:00:00,0.0,24.547875324746656
2045-07-15 03:00:00,0.0,88.81867617499246
2045-07-15 04:00:00,0.0,159.7843521138055
2045-07-15 05:00:00,0.0,217.80660288138853
2045-07-15 06:00:00,0.0,266.4560285249774
2045-07-15 07:00:00,0.0,287.8796288083926
2045-07-15 08:00:00,0.0,290.11125383791506
2045-07-15 09:00:00,0.0,274.4898786312581
2045-07-15 10:00:00,0.0,236.99857813528138
2045-07-15 11:00:00,0.0,182.10060240902973
2045-07-15 12:00:00,0.0,114.25920151154808
2045-07-15 13:00:00,0.0,45.078825596352964
2045-07-15 14:00:00,0.0,0.8926500118089694
2045-07-15 15:00:00,0.0,0.0
2045-07-15 16:00:00,0.0,0.0
2045-07-15 17:00:00,0.0,0.0
2045-07-15 18:00:00,0.0,0.0
2045-07-15 19:00:00,0.0,0.0
2045-07-15 20:00:00,0.0,0.0
2045-07-15 21:00:00,0.0,0.0
2045-07-15 22:00:00,0.0,0.0
2045-07-15 23:00:00,0.0,0.0
2045-07-16 00:00:00,0.0,0.0
2045-07-16 01:00:00,0.0,0.0
2045-07-16 02:00:00,0.0,25.44052533655563
2045-07-16 03:00:00,0.0,93.72825123994178
2045-07-16 04:00:00,0.0,168.26452722599075
2045-07-16 05:00:00,0.0,229.8573780408096
2045-07-16 06:00:00,0.0,278.50680368439845
2045-07-16 07:00:00,0.0,297.6987789382913
2045-07-16 08:00:00,0.0,297.6987789382913
2045-07-16 09:00:00,0.0,279.3994536962074
2045-07-16 10:00:00,0.0,241.90815320023074
2045-07-16 11:00:00,0.0,186.1175274621701
2045-07-16 12:00:00,0.0,116.4908265410705
2045-07-16 13:00:00,0.0,45.52515060225743
2045-07-16 14:00:00,0.0,0.4463250059044847
2045-07-16 15:00:00,0.0,0.0
2045-07-16 16:00:00,0.0,0.0
2045-07-16 17:00:00,0.0,0.0
2045-07-16 18:00:00,0.0,0.0
2045-07-16 19:00:00,0.0,0.0
2045-07-16 20:00:00,0.0,0.0
2045-07-16 21:00:00,0.0,0.0
2045-07-16 22:00:00,0.0,0.0
2045-07-16 23:00:00,0.0,0.0
2045-07-17 00:00:00,0.0,0.0
2045-07-17 01:00:00,0.0,0.0
2045-07-17 02:00:00,0.0,25.44052533655563
2045-07-17 03:00:00,0.0,94.62090125175075
2045-07-17 04:00:00,0.0,170.04982724960868
2045-07-17 05:00:00,0.0,232.08900307033207
2045-07-17 06:00:00,0.0,282.0774037316343
2045-07-17 07:00:00,0.0,300.8230539796227
2045-07-17 08:00:00,0.0,299.4840789619093
2045-07-17 09:00:00,0.0,279.3994536962074
2045-07-17 10:00:00,0.0,239.67652817070828
2045-07-17 11:00:00,0.0,182.10060240902973
2045-07-17 12:00:00,0.0,112.47390148793014
2045-07-17 13:00:00,0.0,44.18617558454398
2045-07-17 14:00:00,0.0,0.4463250059044847
2045-07-17 15:00:00,0.0,0.0
2045-07-17 16:00:00,0.0,0.0
2045-07-17 17:00:00,0.0,0.0
2045-07-17 18:00:00,0.0,0.0
2045-07-17 19:00:00,0.0,0.0
2045-07-17 20:00:00,0.0,0.0
2045-07-17 21:00:00,0.0,0.0
2045-07-17 22:00:00,0.0,0.0
2045-07-17 23:00:00,0.0,0.0
2045-07-18 00:00:00,0.0,0.0
2045-07-18 01:00:00,0.0,0.0
2045-07-18 02:00:00,0.0,22.762575301128717
2045-07-18 03:00:00,0.0,84.3554261159476
2045-07-18 04:00:00,0.0,149.96520198390687
2045-07-18 05:00:00,0.0,208.43377775739438
2045-07-18 06:00:00,0.0,254.4052533655563
2045-07-18 07:00:00,0.0,278.50680368439845
2045-07-18 08:00:00,0.0,282.5237287375388
2045-07-18 09:00:00,0.0,275.8288536489715
2045-07-18 10:00:00,0.0,236.99857813528138
2045-07-18 11:00:00,0.0,178.97632736769836
2045-07-18 12:00:00,0.0,109.34962644659875
2045-07-18 13:00:00,0.0,44.18617558454398
2045-07-18 14:00:00,0.0,0.4463250059044847
2045-07-18 15:00:00,0.0,0.0
2045-07-18 16:00:00,0.0,0.0
2045-07-18 17:00:00,0.0,0.0
2045-07-18 18:00:00,0.0,0.0
2045-07-18 19:00:00,0.0,0.0
2045-07-18 20:00:00,0.0,0.0
2045-07-18 21:00:00,0.0,0.0
2045-07-18 22:00:00,0.0,0.0
2045-07-18 23:00:00,0.0,0.0
2045-07-19 00:00:00,0.0,0.0
2045-07-19 01:00:00,0.0,0.0
2045-07-19 02:00:00,0.0,22.762575301128717
2045-07-19 03:00:00,0.0,85.69440113366106
2045-07-19 04:00:00,0.0,155.76742706066517
2045-07-19 05:00:00,0.0,215.12865284596165
2045-07-19 06:00:00,0.0,270.0266285722132
2045-07-19 07:00:00,0.0,291.003903849724
2045-07-19 08:00:00,0.0,292.789203873342
2045-07-19 09:00:00,0.0,275.3825286430671
2045-07-19 10:00:00,0.0,237.89122814709032
2045-07-19 11:00:00,0.0,182.10060240902973
2045-07-19 12:00:00,0.0,112.92022649383463
2045-07-19 13:00:00,0.0,43.293525572735014
2045-07-19 14:00:00,0.0,0.4463250059044847
2045-07-19 15:00:00,0.0,0.0
2045-07-19 16:00:00,0.0,0.0
2045-07-19 17:00:00,0.0,0.0
2045-07-19 18:00:00,0.0,0.0
2045-07-19 19:00:00,0.0,0.0
2045-07-19 20:00:00,0.0,0.0
2045-07-19 21:00:00,0.0,0.0
2045-07-19 22:00:00,0.0,0.0
2045-07-19 23:00:00,0.0,0.0
2045-07-20 00:00:00,0.0,0.0
2045-07-20 01:00:00,0.0,0.0
2045-07-20 02:00:00,0.0,25.44052533655563
2045-07-20 03:00:00,0.0,95.95987626946422
2045-07-20 04:00:00,0.0,171.38880226732212
2045-07-20 05:00:00,0.0,231.19635305852307
2045-07-20 06:00:00,0.0,272.7045786076402
2045-07-20 07:00:00,0.0,300.8230539796227
2045-07-20 08:00:00,0.0,307.0716040622855
2045-07-20 09:00:00,0.0,288.3259538142972
2045-07-20 10:00:00,0.0,250.38832831241595
2045-07-20 11:00:00,0.0,193.25872755664184
2045-07-20 12:00:00,0.0,120.95407660011537
2045-07-20 13:00:00,0.0,47.310450625875376
2045-07-20 14:00:00,0.0,0.4463250059044847
2045-07-20 15:00:00,0.0,0.0
2045-07-20 16:00:00,0.0,0.0
2045-07-20 17:00:00,0.0,0.0
2045-07-20 18:00:00,0.0,0.0
2045-07-20 19:00:00,0.0,0.0
2045-07-20 20:00:00,0.0,0.0
2045-07-20 21:00:00,0.0,0.0
2045-07-20 22:00:00,0.0,0.0
2045-07-20 23:00:00,0.0,0.0
2045-07-21 00:00:00,0.0,0.0
2045-07-21 01:00:00,0.0,0.0
2045-07-21 02:00:00,0.0,24.547875324746656
2045-07-21 03:00:00,0.0,93.72825123994178
2045-07-21 04:00:00,0.0,163.3549521610414
2045-07-21 05:00:00,0.0,222.71617794633787
2045-07-21 06:00:00,0.0,253.9589283596518
2045-07-21 07:00:00,0.0,267.7950035426908
2045-07-21 08:00:00,0.0,254.4052533655563
2045-07-21 09:00:00,0.0,239.67652817070828
2045-07-21 10:00:00,0.0,222.71617794633787
2045-07-21 11:00:00,0.0,182.54692741493423
2045-07-21 12:00:00,0.0,116.93715154697499
2045-07-21 13:00:00,0.0,45.52515060225743
2045-07-21 14:00:00,0.0,0.4463250059044847
2045-07-21 15:00:00,0.0,0.0
2045-07-21 16:00:00,0.0,0.0
2045-07-21 17:00:00,0.0,0.0
2045-07-21 18:00:00,0.0,0.0
2045-07-21 19:00:00,0.0,0.0
2045-07-21 20:00:00,0.0,0.0
2045-07-21 21:00:00,0.0,0.0
2045-07-21 22:00:00,0.0,0.0
2045-07-21 23:00:00,0.0,0.0
2045-07-22 00:00:00,0.0,0.0
2045-07-22 01:00:00,0.0,0.0
2045-07-22 02:00:00,0.0,23.655225312937688
2045-07-22 03:00:00,0.0,87.03337615137451
2045-07-22 04:00:00,0.0,164.69392717875485
2045-07-22 05:00:00,0.0,230.3037030467141
2045-07-22 06:00:00,0.0,278.50680368439845
2045-07-22 07:00:00,0.0,302.1620289973361
2045-07-22 08:00:00,0.0,303.9473290209541
2045-07-22 09:00:00,0.0,285.2016787729657
2045-07-22 10:00:00,0.0,248.15670328289355
2045-07-22 11:00:00,0.0,190.58077752121494
2045-07-22 12:00:00,0.0,117.38347655287949
2045-07-22 13:00:00,0.0,44.63250059044847
2045-07-22 14:00:00,0.0,0.0
2045-07-22 15:00:00,0.0,0.0
2045-07-22 16:00:00,0.0,0.0
2045-07-22 17:00:00,0.0,0.0
2045-07-22 18:00:00,0.0,0.0
2045-07-22 19:00:00,0.0,0.0
2045-07-22 20:00:00,0.0,0.0
2045-07-22 21:00:00,0.0,0.0
2045-07-22 22:00:00,0.0,0.0
2045-07-22 23:00:00,0.0,0.0
2045-07-23 00:00:00,0.0,0.0
2045-07-23 01:00:00,0.0,0.0
2045-07-23 02:00:00,0.0,19.191975253892842
2045-07-23 03:00:00,0.0,81.6774760805207
2045-07-23 04:00:00,0.0,149.07255197209787
2045-07-23 05:00:00,0.0,219.145577899102
2045-07-23 06:00:00,0.0,268.6876535544998
2045-07-23 07:00:00,0.0,291.4502288556285
2045-07-23 08:00:00,0.0,299.93040396781373
2045-07-23 09:00:00,0.0,288.3259538142972
2045-07-23 10:00:00,0.0,253.9589283596518
2045-07-23 11:00:00,0.0,199.50727763930468
2045-07-23 12:00:00,0.0,127.20262668277815
2045-07-23 13:00:00,0.0,51.32737567901574
2045-07-23 14:00:00,0.0,0.4463250059044847
2045-07-23 15:00:00,0.0,0.0
2045-07-23 16:00:00,0.0,0.0
2045-07-23 17:00:00,0.0,0.0
2045-07-23 18:00:00,0.0,0.0
2045-07-23 19:00:00,0.0,0.0
2045-07-23 20:00:00,0.0,0.0
2045-07-23 21:00:00,0.0,0.0
2045-07-23 22:00:00,0.0,0.0
2045-07-23 23:00:00,0.0,0.0
2045-07-24 00:00:00,0.0,0.0
2045-07-24 01:00:00,0.0,0.0
2045-07-24 02:00:00,0.0,23.655225312937688
2045-07-24 03:00:00,0.0,89.26500118089695
2045-07-24 04:00:00,0.0,164.69392717875485
2045-07-24 05:00:00,0.0,221.3772029286244
2045-07-24 06:00:00,0.0,273.15090361354464
2045-07-24 07:00:00,0.0,293.2355288792465
2045-07-24 08:00:00,0.0,295.46715390876886
2045-07-24 09:00:00,0.0,274.9362036371626
2045-07-24 10:00:00,0.0,233.87430309394998
2045-07-24 11:00:00,0.0,178.08367735588942
2045-07-24 12:00:00,0.0,111.13492647021668
2045-07-24 13:00:00,0.0,41.061900543212595
2045-07-24 14:00:00,0.0,0.0
2045-07-24 15:00:00,0.0,0.0
2045-07-24 16:00:00,0.0,0.0
2045-07-24 17:00:00,0.0,0.0
2045-07-24 18:00:00,0.0,0.0
2045-07-24 19:00:00,0.0,0.0
2045-07-24 20:00:00,0.0,0.0
2045-07-24 21:00:00,0.0,0.0
2045-07-24 22:00:00,0.0,0.0
2045-07-24 23:00:00,0.0,0.0
2045-07-25 00:00:00,0.0,0.0
2045-07-25 01:00:00,0.0,0.0
2045-07-25 02:00:00,0.0,20.084625265701813
2045-07-25 03:00:00,0.0,79.89217605690276
2045-07-25 04:00:00,0.0,150.85785199571583
2045-07-25 05:00:00,0.0,199.95360264520917
2045-07-25 06:00:00,0.0,256.1905533891742
2045-07-25 07:00:00,0.0,291.4502288556285
2045-07-25 08:00:00,0.0,295.0208289028644
2045-07-25 09:00:00,0.0,279.3994536962074
2045-07-25 10:00:00,0.0,235.21327811166344
2045-07-25 11:00:00,0.0,177.19102734408042
2045-07-25 12:00:00,0.0,101.31577634031802
2045-07-25 13:00:00,0.0,35.706000472358774
2045-07-25 14:00:00,0.0,0.0
2045-07-25 15:00:00,0.0,0.0
2045-07-25 16:00:00,0.0,0.0
2045-07-25 17:00:00,0.0,0.0
2045-07-25 18:00:00,0.0,0.0
2045-07-25 19:00:00,0.0,0.0
2045-07-25 20:00:00,0.0,0.0
2045-07-25 21:00:00,0.0,0.0
2045-07-25 22:00:00,0.0,0.0
2045-07-25 23:00:00,0.0,0.0
2045-07-26 00:00:00,0.0,0.0
2045-07-26 01:00:00,0.0,0.0
2045-07-26 02:00:00,0.0,20.530950271606297
2045-07-26 03:00:00,0.0,89.26500118089695
2045-07-26 04:00:00,0.0,167.81820222008625
2045-07-26 05:00:00,0.0,228.51840302309617
2045-07-26 06:00:00,0.0,274.9362036371626
2045-07-26 07:00:00,0.0,296.35980392057786
2045-07-26 08:00:00,0.0,299.93040396781373
2045-07-26 09:00:00,0.0,282.5237287375388
2045-07-26 10:00:00,0.0,243.24712821794418
2045-07-26 11:00:00,0.0,185.22487745036113
2045-07-26 12:00:00,0.0,113.8128765056436
2045-07-26 13:00:00,0.0,42.400875560926046
2045-07-26 14:00:00,0.0,0.0
2045-07-26 15:00:00,0.0,0.0
2045-07-26 16:00:00,0.0,0.0
2045-07-26 17:00:00,0.0,0.0
2045-07-26 18:00:00,0.0,0.0
2045-07-26 19:00:00,0.0,0.0
2045-07-26 20:00:00,0.0,0.0
2045-07-26 21:00:00,0.0,0.0
2045-07-26 22:00:00,0.0,0.0
2045-07-26 23:00:00,0.0,0.0
2045-07-27 00:00:00,0.0,0.0
2045-07-27 01:00:00,0.0,0.0
2045-07-27 02:00:00,0.0,22.316250295224236
2045-07-27 03:00:00,0.0,88.37235116908796
2045-07-27 04:00:00,0.0,164.24760217285038
2045-07-27 05:00:00,0.0,224.94780297586027
2045-07-27 06:00:00,0.0,266.0097035190729
2045-07-27 07:00:00,0.0,288.3259538142972
2045-07-27 08:00:00,0.0,293.2355288792465
2045-07-27 09:00:00,0.0,290.11125383791506
2045-07-27 10:00:00,0.0,251.7273033301294
2045-07-27 11:00:00,0.0,193.70505256254634
2045-07-27 12:00:00,0.0,120.50775159421087
2045-07-27 13:00:00,0.0,45.97147560816193
2045-07-27 14:00:00,0.0,0.0
2045-07-27 15:00:00,0.0,0.0
2045-07-27 16:00:00,0.0,0.0
2045-07-27 17:00:00,0.0,0.0
2045-07-27 18:00:00,0.0,0.0
2045-07-27 19:00:00,0.0,0.0
2045-07-27 20:00:00,0.0,0.0
2045-07-27 21:00:00,0.0,0.0
2045-07-27 22:00:00,0.0,0.0
2045-07-27 23:00:00,0.0,0.0
2045-07-28 00:00:00,0.0,0.0
2045-07-28 01:00:00,0.0,0.0
2045-07-28 02:00:00,0.0,24.547875324746656
2045-07-28 03:00:00,0.0,97.29885128717767
2045-07-28 04:00:00,0.0,174.51307730865352
2045-07-28 05:00:00,0.0,237.89122814709032
2045-07-28 06:00:00,0.0,287.4333038024882
2045-07-28 07:00:00,0.0,309.7495540977124
2045-07-28 08:00:00,0.0,311.98117912723484
2045-07-28 09:00:00,0.0,294.1281788910555
2045-07-28 10:00:00,0.0,255.7442283832697
2045-07-28 11:00:00,0.0,197.7219776156867
2045-07-28 12:00:00,0.0,123.63202663554225
2045-07-28 13:00:00,0.0,46.86412561997089
2045-07-28 14:00:00,0.0,0.0
2045-07-28 15:00:00,0.0,0.0
2045-07-28 16:00:00,0.0,0.0
2045-07-28 17:00:00,0.0,0.0
2045-07-28 18:00:00,0.0,0.0
2045-07-28 19:00:00,0.0,0.0
2045-07-28 20:00:00,0.0,0.0
2045-07-28 21:00:00,0.0,0.0
2045-07-28 22:00:00,0.0,0.0
2045-07-28 23:00:00,0.0,0.0
2045-07-29 00:00:00,0.0,0.0
2045-07-29 01:00:00,0.0,0.0
2045-07-29 02:00:00,0.0,22.762575301128717
2045-07-29 03:00:00,0.0,87.47970115727901
2045-07-29 04:00:00,0.0,147.73357695438443
2045-07-29 05:00:00,0.0,220.03822791091093
2045-07-29 06:00:00,0.0,275.8288536489715
2045-07-29 07:00:00,0.0,299.4840789619093
2045-07-29 08:00:00,0.0,303.5010040150496
2045-07-29 09:00:00,0.0,285.6480037788702
2045-07-29 10:00:00,0.0,239.67652817070828
2045-07-29 11:00:00,0.0,154.42845204295168
2045-07-29 12:00:00,0.0,61.1465258089144
2045-07-29 13:00:00,0.0,17.853000236179387
2045-07-29 14:00:00,0.0,0.0
2045-07-29 15:00:00,0.0,0.0
2045-07-29 16:00:00,0.0,0.0
2045-07-29 17:00:00,0.0,0.0
2045-07-29 18:00:00,0.0,0.0
2045-07-29 19:00:00,0.0,0.0
2045-07-29 20:00:00,0.0,0.0
2045-07-29 21:00:00,0.0,0.0
2045-07-29 22:00:00,0.0,0.0
2045-07-29 23:00:00,0.0,0.0
2045-07-30 00:00:00,0.0,0.0
2045-07-30 01:00:00,0.0,0.0
2045-07-30 02:00:00,0.0,18.299325242083874
2045-07-30 03:00:00,0.0,70.96567593881308
2045-07-30 04:00:00,0.0,149.96520198390687
2045-07-30 05:00:00,0.0,222.26985294043337
2045-07-30 06:00:00,0.0,265.5633785131684
2045-07-30 07:00:00,0.0,283.4163787493478
2045-07-30 08:00:00,0.0,282.9700537434433
2045-07-30 09:00:00,0.0,256.63687839507867
2045-07-30 10:00:00,0.0,201.73890266882708
2045-07-30 11:00:00,0.0,138.80707683629475
2045-07-30 12:00:00,0.0,68.73405090929064
2045-07-30 13:00:00,0.0,24.994200330651143
2045-07-30 14:00:00,0.0,0.0
2045-07-30 15:00:00,0.0,0.0
2045-07-30 16:00:00,0.0,0.0
2045-07-30 17:00:00,0.0,0.0
2045-07-30 18:00:00,0.0,0.0
2045-07-30 19:00:00,0.0,0.0
2045-07-30 20:00:00,0.0,0.0
2045-07-30 21:00:00,0.0,0.0
2045-07-30 22:00:00,0.0,0.0
2045-07-30 23:00:00,0.0,0.0
2045-07-31 00:00:00,0.0,0.0
2045-07-31 01:00:00,0.0,0.0
2045-07-31 02:00:00,0.0,17.853000236179387
2045-07-31 03:00:00,0.0,62.48550082662786
2045-07-31 04:00:00,0.0,111.58125147612118
2045-07-31 05:00:00,0.0,157.55272708428308
2045-07-31 06:00:00,0.0,199.50727763930468
2045-07-31 07:00:00,0.0,226.28677799357376
2045-07-31 08:00:00,0.0,238.78387815889928
2045-07-31 09:00:00,0.0,245.0324282415621
2045-07-31 10:00:00,0.0,216.91395286957956
2045-07-31 11:00:00,0.0,140.5923768599127
2045-07-31 12:00:00,0.0,55.79062573806059
2045-07-31 13:00:00,0.0,13.389750177134541
2045-07-31 14:00:00,0.0,0.0
2045-07-31 15:00:00,0.0,0.0
2045-07-31 16:00:00,0.0,0.0
2045-07-31 17:00:00,0.0,0.0
2045-07-31 18:00:00,0.0,0.0
2045-07-31 19:00:00,0.0,0.0
2045-07-31 20:00:00,0.0,0.0
2045-07-31 21:00:00,0.0,0.0
2045-07-31 22:00:00,0.0,0.0
2045-07-31 23:00:00,0.0,0.0
2045-08-01 00:00:00,0.0,0.0
2045-08-01 01:00:00,0.0,0.0
2045-08-01 02:00:00,0.0,21.423600283415265
2045-08-01 03:00:00,0.0,75.8752510037624
2045-08-01 04:00:00,0.0,130.77322673001404
2045-08-01 05:00:00,0.0,184.33222743855217
2045-08-01 06:00:00,0.0,232.5353280762365
2045-08-01 07:00:00,0.0,275.8288536489715
2045-08-01 08:00:00,0.0,299.93040396781373
2045-08-01 09:00:00,0.0,276.275178654876
2045-08-01 10:00:00,0.0,232.5353280762365
2045-08-01 11:00:00,0.0,168.26452722599075
2045-08-01 12:00:00,0.0,90.15765119270593
2045-08-01 13:00:00,0.0,27.67215036607805
2045-08-01 14:00:00,0.0,0.0
2045-08-01 15:00:00,0.0,0.0
2045-08-01 16:00:00,0.0,0.0
2045-08-01 17:00:00,0.0,0.0
2045-08-01 18:00:00,0.0,0.0
2045-08-01 19:00:00,0.0,0.0
2045-08-01 20:00:00,0.0,0.0
2045-08-01 21:00:00,0.0,0.0
2045-08-01 22:00:00,0.0,0.0
2045-08-01 23:00:00,0.0,0.0
2045-08-02 00:00:00,0.0,0.0
2045-08-02 01:00:00,0.0,0.0
2045-08-02 02:00:00,0.0,11.158125147612118
2045-08-02 03:00:00,0.0,59.807550791200946
2045-08-02 04:00:00,0.0,132.11220174772748
2045-08-02 05:00:00,0.0,172.72777728503561
2045-08-02 06:00:00,0.0,192.8124025507374
2045-08-02 07:00:00,0.0,185.22487745036113
2045-08-02 08:00:00,0.0,173.62042729684453
2045-08-02 09:00:00,0.0,147.73357695438443
2045-08-02 10:00:00,0.0,123.63202663554225
2045-08-02 11:00:00,0.0,87.47970115727901
2045-08-02 12:00:00,0.0,49.988400661302286
2045-08-02 13:00:00,0.0,19.638300259797322
2045-08-02 14:00:00,0.0,0.0
2045-08-02 15:00:00,0.0,0.0
2045-08-02 16:00:00,0.0,0.0
2045-08-02 17:00:00,0.0,0.0
2045-08-02 18:00:00,0.0,0.0
2045-08-02 19:00:00,0.0,0.0
2045-08-02 20:00:00,0.0,0.0
2045-08-02 21:00:00,0.0,0.0
2045-08-02 22:00:00,0.0,0.0
2045-08-02 23:00:00,0.0,0.0
2045-08-03 00:00:00,0.0,0.0
2045-08-03 01:00:00,0.0,0.0
2045-08-03 02:00:00,0.0,11.604450153516602
2045-08-03 03:00:00,0.0,46.86412561997089
2045-08-03 04:00:00,0.0,85.24807612775658
2045-08-03 05:00:00,0.0,120.50775159421087
2045-08-03 06:00:00,0.0,163.8012771669459
2045-08-03 07:00:00,0.0,216.91395286957956
2045-08-03 08:00:00,0.0,267.7950035426908
2045-08-03 09:00:00,0.0,277.167828666685
2045-08-03 10:00:00,0.0,241.90815320023074
2045-08-03 11:00:00,0.0,182.54692741493423
2045-08-03 12:00:00,0.0,111.13492647021668
2045-08-03 13:00:00,0.0,38.83027551369017
2045-08-03 14:00:00,0.0,0.0
2045-08-03 15:00:00,0.0,0.0
2045-08-03 16:00:00,0.0,0.0
2045-08-03 17:00:00,0.0,0.0
2045-08-03 18:00:00,0.0,0.0
2045-08-03 19:00:00,0.0,0.0
2045-08-03 20:00:00,0.0,0.0
2045-08-03 21:00:00,0.0,0.0
2045-08-03 22:00:00,0.0,0.0
2045-08-03 23:00:00,0.0,0.0
2045-08-04 00:00:00,0.0,0.0
2045-08-04 01:00:00,0.0,0.0
2045-08-04 02:00:00,0.0,19.638300259797322
2045-08-04 03:00:00,0.0,78.10687603328482
2045-08-04 04:00:00,0.0,152.1968270134293
2045-08-04 05:00:00,0.0,219.145577899102
2045-08-04 06:00:00,0.0,278.06047867849395
2045-08-04 07:00:00,0.0,297.25245393238686
2045-08-04 08:00:00,0.0,289.6649288320106
2045-08-04 09:00:00,0.0,255.29790337736526
2045-08-04 10:00:00,0.0,216.91395286957956
2045-08-04 11:00:00,0.0,168.7108522318952
2045-08-04 12:00:00,0.0,103.54740136984044
2045-08-04 13:00:00,0.0,35.706000472358774
2045-08-04 14:00:00,0.0,0.0
2045-08-04 15:00:00,0.0,0.0
2045-08-04 16:00:00,0.0,0.0
2045-08-04 17:00:00,0.0,0.0
2045-08-04 18:00:00,0.0,0.0
2045-08-04 19:00:00,0.0,0.0
2045-08-04 20:00:00,0.0,0.0
2045-08-04 21:00:00,0.0,0.0
2045-08-04 22:00:00,0.0,0.0
2045-08-04 23:00:00,0.0,0.0
2045-08-05 00:00:00,0.0,0.0
2045-08-05 01:00:00,0.0,0.0
2045-08-05 02:00:00,0.0,8.926500118089693
2045-08-05 03:00:00,0.0,48.20310063768435
2045-08-05 04:00:00,0.0,112.02757648202567
2045-08-05 05:00:00,0.0,181.65427740312526
2045-08-05 06:00:00,0.0,228.96472802900064
2045-08-05 07:00:00,0.0,253.5126033537473
2045-08-05 08:00:00,0.0,258.8685034246011
2045-08-05 09:00:00,0.0,258.4221784186966
2045-08-05 10:00:00,0.0,219.145577899102
2045-08-05 11:00:00,0.0,167.37187721418178
2045-08-05 12:00:00,0.0,100.42312632850906
2045-08-05 13:00:00,0.0,37.491300495976716
2045-08-05 14:00:00,0.0,0.0
2045-08-05 15:00:00,0.0,0.0
2045-08-05 16:00:00,0.0,0.0
2045-08-05 17:00:00,0.0,0.0
2045-08-05 18:00:00,0.0,0.0
2045-08-05 19:00:00,0.0,0.0
2045-08-05 20:00:00,0.0,0.0
2045-08-05 21:00:00,0.0,0.0
2045-08-05 22:00:00,0.0,0.0
2045-08-05 23:00:00,0.0,0.0
2045-08-06 00:00:00,0.0,0.0
2045-08-06 01:00:00,0.0,0.0
2045-08-06 02:00:00,0.0,13.389750177134541
2045-08-06 03:00:00,0.0,62.48550082662786
2045-08-06 04:00:00,0.0,128.0952766945871
2045-08-06 05:00:00,0.0,191.02710252711944
2045-08-06 06:00:00,0.0,236.55225312937688
2045-08-06 07:00:00,0.0,270.4729535781177
2045-08-06 08:00:00,0.0,282.0774037316343
2045-08-06 09:00:00,0.0,270.4729535781177
2045-08-06 10:00:00,0.0,232.5353280762365
2045-08-06 11:00:00,0.0,177.63735234998492
2045-08-06 12:00:00,0.0,109.34962644659875
2045-08-06 13:00:00,0.0,40.16925053140363
2045-08-06 14:00:00,0.0,0.0
2045-08-06 15:00:00,0.0,0.0
2045-08-06 16:00:00,0.0,0.0
2045-08-06 17:00:00,0.0,0.0
2045-08-06 18:00:00,0.0,0.0
2045-08-06 19:00:00,0.0,0.0
2045-08-06 20:00:00,0.0,0.0
2045-08-06 21:00:00,0.0,0.0
2045-08-06 22:00:00,0.0,0.0
2045-08-06 23:00:00,0.0,0.0
2045-08-07 00:00:00,0.0,0.0
2045-08-07 01:00:00,0.0,0.0
2045-08-07 02:00:00,0.0,12.497100165325572
2045-08-07 03:00:00,0.0,66.50242587976823
2045-08-07 04:00:00,0.0,143.2703268953396
2045-08-07 05:00:00,0.0,202.63155268063605
2045-08-07 06:00:00,0.0,243.24712821794418
2045-08-07 07:00:00,0.0,273.15090361354464
2045-08-07 08:00:00,0.0,282.0774037316343
2045-08-07 09:00:00,0.0,274.0435536253536
2045-08-07 10:00:00,0.0,232.981653082141
2045-08-07 11:00:00,0.0,178.08367735588942
2045-08-07 12:00:00,0.0,112.02757648202567
2045-08-07 13:00:00,0.0,39.72292552549914
2045-08-07 14:00:00,0.0,0.0
2045-08-07 15:00:00,0.0,0.0
2045-08-07 16:00:00,0.0,0.0
2045-08-07 17:00:00,0.0,0.0
2045-08-07 18:00:00,0.0,0.0
2045-08-07 19:00:00,0.0,0.0
2045-08-07 20:00:00,0.0,0.0
2045-08-07 21:00:00,0.0,0.0
2045-08-07 22:00:00,0.0,0.0
2045-08-07 23:00:00,0.0,0.0
2045-08-08 00:00:00,0.0,0.0
2045-08-08 01:00:00,0.0,0.0
2045-08-08 02:00:00,0.0,15.17505020075248
2045-08-08 03:00:00,0.0,69.18037591519513
2045-08-08 04:00:00,0.0,133.8975017713454
2045-08-08 05:00:00,0.0,187.90282748578807
2045-08-08 06:00:00,0.0,246.37140325927555
2045-08-08 07:00:00,0.0,265.1170535072639
2045-08-08 08:00:00,0.0,269.1339785604043
2045-08-08 09:00:00,0.0,266.90235353088184
2045-08-08 10:00:00,0.0,236.55225312937688
2045-08-08 11:00:00,0.0,181.2079523972208
2045-08-08 12:00:00,0.0,103.54740136984044
2045-08-08 13:00:00,0.0,31.24275041331393
2045-08-08 14:00:00,0.0,0.0
2045-08-08 15:00:00,0.0,0.0
2045-08-08 16:00:00,0.0,0.0
2045-08-08 17:00:00,0.0,0.0
2045-08-08 18:00:00,0.0,0.0
2045-08-08 19:00:00,0.0,0.0
2045-08-08 20:00:00,0.0,0.0
2045-08-08 21:00:00,0.0,0.0
2045-08-08 22:00:00,0.0,0.0
2045-08-08 23:00:00,0.0,0.0
2045-08-09 00:00:00,0.0,0.0
2045-08-09 01:00:00,0.0,0.0
2045-08-09 02:00:00,0.0,13.836075183039025
2045-08-09 03:00:00,0.0,66.05610087386374
2045-08-09 04:00:00,0.0,134.79015178315439
2045-08-09 05:00:00,0.0,199.06095263340018
2045-08-09 06:00:00,0.0,276.7215036607805
2045-08-09 07:00:00,0.0,294.5745038969599
2045-08-09 08:00:00,0.0,291.003903849724
2045-08-09 09:00:00,0.0,260.6538034482191
2045-08-09 10:00:00,0.0,218.6992528931975
2045-08-09 11:00:00,0.0,159.338027107901
2045-08-09 12:00:00,0.0,91.05030120451487
2045-08-09 13:00:00,0.0,29.01112538379151
2045-08-09 14:00:00,0.0,0.0
2045-08-09 15:00:00,0.0,0.0
2045-08-09 16:00:00,0.0,0.0
2045-08-09 17:00:00,0.0,0.0
2045-08-09 18:00:00,0.0,0.0
2045-08-09 19:00:00,0.0,0.0
2045-08-09 20:00:00,0.0,0.0
2045-08-09 21:00:00,0.0,0.0
2045-08-09 22:00:00,0.0,0.0
2045-08-09 23:00:00,0.0,0.0
2045-08-10 00:00:00,0.0,0.0
2045-08-10 01:00:00,0.0,0.0
2045-08-10 02:00:00,0.0,15.17505020075248
2045-08-10 03:00:00,0.0,72.30465095652653
2045-08-10 04:00:00,0.0,143.2703268953396
2045-08-10 05:00:00,0.0,206.20215272787195
2045-08-10 06:00:00,0.0,271.3656035899267
2045-08-10 07:00:00,0.0,288.7722788202016
2045-08-10 08:00:00,0.0,285.6480037788702
2045-08-10 09:00:00,0.0,270.9192785840222
2045-08-10 10:00:00,0.0,232.08900307033207
2045-08-10 11:00:00,0.0,173.62042729684453
2045-08-10 12:00:00,0.0,98.63782630489112
2045-08-10 13:00:00,0.0,25.44052533655563
2045-08-10 14:00:00,0.0,0.0
2045-08-10 15:00:00,0.0,0.0
2045-08-10 16:00:00,0.0,0.0
2045-08-10 17:00:00,0.0,0.0
2045-08-10 18:00:00,0.0,0.0
2045-08-10 19:00:00,0.0,0.0
2045-08-10 20:00:00,0.0,0.0
2045-08-10 21:00:00,0.0,0.0
2045-08-10 22:00:00,0.0,0.0
2045-08-10 23:00:00,0.0,0.0
2045-08-11 00:00:00,0.0,0.0
2045-08-11 01:00:00,0.0,0.0
2045-08-11 02:00:00,0.0,15.621375206656966
2045-08-11 03:00:00,0.0,72.30465095652653
2045-08-11 04:00:00,0.0,141.93135187762616
2045-08-11 05:00:00,0.0,204.41685270425396
2045-08-11 06:00:00,0.0,258.4221784186966
2045-08-11 07:00:00,0.0,282.0774037316343
2045-08-11 08:00:00,0.0,281.6310787257299
2045-08-11 09:00:00,0.0,262.439103471837
2045-08-11 10:00:00,0.0,222.26985294043337
2045-08-11 11:00:00,0.0,154.87477704885617
2045-08-11 12:00:00,0.0,72.30465095652653
2045-08-11 13:00:00,0.0,15.17505020075248
2045-08-11 14:00:00,0.0,0.0
2045-08-11 15:00:00,0.0,0.0
2045-08-11 16:00:00,0.0,0.0
2045-08-11 17:00:00,0.0,0.0
2045-08-11 18:00:00,0.0,0.0
2045-08-11 19:00:00,0.0,0.0
2045-08-11 20:00:00,0.0,0.0
2045-08-11 21:00:00,0.0,0.0
2045-08-11 22:00:00,0.0,0.0
2045-08-11 23:00:00,0.0,0.0
2045-08-12 00:00:00,0.0,0.0
2045-08-12 01:00:00,0.0,0.0
2045-08-12 02:00:00,0.0,4.9095750649493315
2045-08-12 03:00:00,0.0,32.58172543102739
2045-08-12 04:00:00,0.0,74.08995098014447
2045-08-12 05:00:00,0.0,116.04450153516603
2045-08-12 06:00:00,0.0,152.6431520193338
2045-08-12 07:00:00,0.0,189.688127509406
2045-08-12 08:00:00,0.0,201.73890266882708
2045-08-12 09:00:00,0.0,185.22487745036113
2045-08-12 10:00:00,0.0,163.8012771669459
2045-08-12 11:00:00,0.0,127.20262668277815
2045-08-12 12:00:00,0.0,79.44585105099829
2045-08-12 13:00:00,0.0,30.35010040150496
2045-08-12 14:00:00,0.0,0.0
2045-08-12 15:00:00,0.0,0.0
2045-08-12 16:00:00,0.0,0.0
2045-08-12 17:00:00,0.0,0.0
2045-08-12 18:00:00,0.0,0.0
2045-08-12 19:00:00,0.0,0.0
2045-08-12 20:00:00,0.0,0.0
2045-08-12 21:00:00,0.0,0.0
2045-08-12 22:00:00,0.0,0.0
2045-08-12 23:00:00,0.0,0.0
2045-08-13 00:00:00,0.0,0.0
2045-08-13 01:00:00,0.0,0.0
2045-08-13 02:00:00,0.0,18.299325242083874
2045-08-13 03:00:00,0.0,84.3554261159476
2045-08-13 04:00:00,0.0,157.55272708428308
2045-08-13 05:00:00,0.0,213.34335282234366
2045-08-13 06:00:00,0.0,253.06627834784285
2045-08-13 07:00:00,0.0,276.7215036607805
2045-08-13 08:00:00,0.0,274.0435536253536
2045-08-13 09:00:00,0.0,256.63687839507867
2045-08-13 10:00:00,0.0,216.91395286957956
2045-08-13 11:00:00,0.0,160.23067711971
2045-08-13 12:00:00,0.0,96.4062012753687
2045-08-13 13:00:00,0.0,31.689075419218412
2045-08-13 14:00:00,0.0,0.0
2045-08-13 15:00:00,0.0,0.0
2045-08-13 16:00:00,0.0,0.0
2045-08-13 17:00:00,0.0,0.0
2045-08-13 18:00:00,0.0,0.0
2045-08-13 19:00:00,0.0,0.0
2045-08-13 20:00:00,0.0,0.0
2045-08-13 21:00:00,0.0,0.0
2045-08-13 22:00:00,0.0,0.0
2045-08-13 23:00:00,0.0,0.0
2045-08-14 00:00:00,0.0,0.0
2045-08-14 01:00:00,0.0,0.0
2045-08-14 02:00:00,0.0,12.943425171230055
2045-08-14 03:00:00,0.0,55.3443007321561
2045-08-14 04:00:00,0.0,100.86945133441354
2045-08-14 05:00:00,0.0,160.23067711971
2045-08-14 06:00:00,0.0,226.28677799357376
2045-08-14 07:00:00,0.0,262.88542847774147
2045-08-14 08:00:00,0.0,263.77807848955047
2045-08-14 09:00:00,0.0,246.81772826518
2045-08-14 10:00:00,0.0,213.78967782824816
2045-08-14 11:00:00,0.0,157.55272708428308
2045-08-14 12:00:00,0.0,91.05030120451487
2045-08-14 13:00:00,0.0,30.796425407409444
2045-08-14 14:00:00,0.0,0.0
2045-08-14 15:00:00,0.0,0.0
2045-08-14 16:00:00,0.0,0.0
2045-08-14 17:00:00,0.0,0.0
2045-08-14 18:00:00,0.0,0.0
2045-08-14 19:00:00,0.0,0.0
2045-08-14 20:00:00,0.0,0.0
2045-08-14 21:00:00,0.0,0.0
2045-08-14 22:00:00,0.0,0.0
2045-08-14 23:00:00,0.0,0.0
2045-08-15 00:00:00,0.0,0.0
2045-08-15 01:00:00,0.0,0.0
2045-08-15 02:00:00,0.0,20.530950271606297
2045-08-15 03:00:00,0.0,93.72825123994178
2045-08-15 04:00:00,0.0,174.06675230274902
2045-08-15 05:00:00,0.0,239.23020316480378
2045-08-15 06:00:00,0.0,281.1847537198254
2045-08-15 07:00:00,0.0,302.1620289973361
2045-08-15 08:00:00,0.0,302.60835400324066
2045-08-15 09:00:00,0.0,282.9700537434433
2045-08-15 10:00:00,0.0,245.0324282415621
2045-08-15 11:00:00,0.0,186.1175274621701
2045-08-15 12:00:00,0.0,111.58125147612118
2045-08-15 13:00:00,0.0,37.9376255018812
2045-08-15 14:00:00,0.0,0.0
2045-08-15 15:00:00,0.0,0.0
2045-08-15 16:00:00,0.0,0.0
2045-08-15 17:00:00,0.0,0.0
2045-08-15 18:00:00,0.0,0.0
2045-08-15 19:00:00,0.0,0.0
2045-08-15 20:00:00,0.0,0.0
2045-08-15 21:00:00,0.0,0.0
2045-08-15 22:00:00,0.0,0.0
2045-08-15 23:00:00,0.0,0.0
2045-08-16 00:00:00,0.0,0.0
2045-08-16 01:00:00,0.0,0.0
2045-08-16 02:00:00,0.0,17.406675230274903
2045-08-16 03:00:00,0.0,74.98260099195343
2045-08-16 04:00:00,0.0,159.338027107901
2045-08-16 05:00:00,0.0,228.96472802900064
2045-08-16 06:00:00,0.0,270.0266285722132
2045-08-16 07:00:00,0.0,293.2355288792465
2045-08-16 08:00:00,0.0,297.6987789382913
2045-08-16 09:00:00,0.0,279.8457787021119
2045-08-16 10:00:00,0.0,243.24712821794418
2045-08-16 11:00:00,0.0,184.33222743855217
2045-08-16 12:00:00,0.0,109.34962644659875
2045-08-16 13:00:00,0.0,35.25967546645429
2045-08-16 14:00:00,0.0,0.0
2045-08-16 15:00:00,0.0,0.0
2045-08-16 16:00:00,0.0,0.0
2045-08-16 17:00:00,0.0,0.0
2045-08-16 18:00:00,0.0,0.0
2045-08-16 19:00:00,0.0,0.0
2045-08-16 20:00:00,0.0,0.0
2045-08-16 21:00:00,0.0,0.0
2045-08-16 22:00:00,0.0,0.0
2045-08-16 23:00:00,0.0,0.0
2045-08-17 00:00:00,0.0,0.0
2045-08-17 01:00:00,0.0,0.0
2045-08-17 02:00:00,0.0,9.372825123994179
2045-08-17 03:00:00,0.0,56.68327574986956
2045-08-17 04:00:00,0.0,139.25340184219922
2045-08-17 05:00:00,0.0,218.6992528931975
2045-08-17 06:00:00,0.0,271.8119285958312
2045-08-17 07:00:00,0.0,301.71570399143167
2045-08-17 08:00:00,0.0,308.85690408590335
2045-08-17 09:00:00,0.0,295.0208289028644
2045-08-17 10:00:00,0.0,258.4221784186966
2045-08-17 11:00:00,0.0,200.8462526570181
2045-08-17 12:00:00,0.0,124.9710016532557
2045-08-17 13:00:00,0.0,44.18617558454398
2045-08-17 14:00:00,0.0,0.0
2045-08-17 15:00:00,0.0,0.0
2045-08-17 16:00:00,0.0,0.0
2045-08-17 17:00:00,0.0,0.0
2045-08-17 18:00:00,0.0,0.0
2045-08-17 19:00:00,0.0,0.0
2045-08-17 20:00:00,0.0,0.0
2045-08-17 21:00:00,0.0,0.0
2045-08-17 22:00:00,0.0,0.0
2045-08-17 23:00:00,0.0,0.0
2045-08-18 00:00:00,0.0,0.0
2045-08-18 01:00:00,0.0,0.0
2045-08-18 02:00:00,0.0,20.97727527751078
2045-08-18 03:00:00,0.0,98.63782630489112
2045-08-18 04:00:00,0.0,181.65427740312526
2045-08-18 05:00:00,0.0,247.2640532710845
2045-08-18 06:00:00,0.0,288.7722788202016
2045-08-18 07:00:00,0.0,308.85690408590335
2045-08-18 08:00:00,0.0,310.64220410952134
2045-08-18 09:00:00,0.0,290.55757884381956
2045-08-18 10:00:00,0.0,251.2809783242249
2045-08-18 11:00:00,0.0,192.36607754483293
2045-08-18 12:00:00,0.0,116.4908265410705
2045-08-18 13:00:00,0.0,39.27660051959465
2045-08-18 14:00:00,0.0,0.0
2045-08-18 15:00:00,0.0,0.0
2045-08-18 16:00:00,0.0,0.0
2045-08-18 17:00:00,0.0,0.0
2045-08-18 18:00:00,0.0,0.0
2045-08-18 19:00:00,0.0,0.0
2045-08-18 20:00:00,0.0,0.0
2045-08-18 21:00:00,0.0,0.0
2045-08-18 22:00:00,0.0,0.0
2045-08-18 23:00:00,0.0,0.0
2045-08-19 00:00:00,0.0,0.0
2045-08-19 01:00:00,0.0,0.0
2045-08-19 02:00:00,0.0,20.530950271606297
2045-08-19 03:00:00,0.0,99.0841513107956
2045-08-19 04:00:00,0.0,184.77855244445664
2045-08-19 05:00:00,0.0,252.61995334193836
2045-08-19 06:00:00,0.0,297.25245393238686
2045-08-19 07:00:00,0.0,319.568704227611
2045-08-19 08:00:00,0.0,322.24665426303795
2045-08-19 09:00:00,0.0,303.0546790091451
2045-08-19 10:00:00,0.0,265.1170535072639
2045-08-19 11:00:00,0.0,205.75582772196745
2045-08-19 12:00:00,0.0,127.64895168868263
2045-08-19 13:00:00,0.0,44.63250059044847
2045-08-19 14:00:00,0.0,0.0
2045-08-19 15:00:00,0.0,0.0
2045-08-19 16:00:00,0.0,0.0
2045-08-19 17:00:00,0.0,0.0
2045-08-19 18:00:00,0.0,0.0
2045-08-19 19:00:00,0.0,0.0
2045-08-19 20:00:00,0.0,0.0
2045-08-19 21:00:00,0.0,0.0
2045-08-19 22:00:00,0.0,0.0
2045-08-19 23:00:00,0.0,0.0
2045-08-20 00:00:00,0.0,0.0
2045-08-20 01:00:00,0.0,0.0
2045-08-20 02:00:00,0.0,20.97727527751078
2045-08-20 03:00:00,0.0,96.4062012753687
2045-08-20 04:00:00,0.0,186.1175274621701
2045-08-20 05:00:00,0.0,254.4052533655563
2045-08-20 06:00:00,0.0,300.3767289737183
2045-08-20 07:00:00,0.0,322.24665426303795
2045-08-20 08:00:00,0.0,325.3709293043694
2045-08-20 09:00:00,0.0,304.3936540268586
2045-08-20 10:00:00,0.0,266.0097035190729
2045-08-20 11:00:00,0.0,206.64847773377642
2045-08-20 12:00:00,0.0,128.98792670639605
2045-08-20 13:00:00,0.0,44.63250059044847
2045-08-20 14:00:00,0.0,0.0
2045-08-20 15:00:00,0.0,0.0
2045-08-20 16:00:00,0.0,0.0
2045-08-20 17:00:00,0.0,0.0
2045-08-20 18:00:00,0.0,0.0
2045-08-20 19:00:00,0.0,0.0
2045-08-20 20:00:00,0.0,0.0
2045-08-20 21:00:00,0.0,0.0
2045-08-20 22:00:00,0.0,0.0
2045-08-20 23:00:00,0.0,0.0
2045-08-21 00:00:00,0.0,0.0
2045-08-21 01:00:00,0.0,0.0
2045-08-21 02:00:00,0.0,19.191975253892842
2045-08-21 03:00:00,0.0,92.38927622222832
2045-08-21 04:00:00,0.0,174.95940231455802
2045-08-21 05:00:00,0.0,251.7273033301294
2045-08-21 06:00:00,0.0,299.03775395600474
2045-08-21 07:00:00,0.0,324.0319542866559
2045-08-21 08:00:00,0.0,326.7099043220828
2045-08-21 09:00:00,0.0,308.85690408590335
2045-08-21 10:00:00,0.0,269.58030356630877
2045-08-21 11:00:00,0.0,209.32642776920332
2045-08-21 12:00:00,0.0,129.88057671820505
2045-08-21 13:00:00,0.0,45.078825596352964
2045-08-21 14:00:00,0.0,0.0
2045-08-21 15:00:00,0.0,0.0
2045-08-21 16:00:00,0.0,0.0
2045-08-21 17:00:00,0.0,0.0
2045-08-21 18:00:00,0.0,0.0
2045-08-21 19:00:00,0.0,0.0
2045-08-21 20:00:00,0.0,0.0
2045-08-21 21:00:00,0.0,0.0
2045-08-21 22:00:00,0.0,0.0
2045-08-21 23:00:00,0.0,0.0
2045-08-22 00:00:00,0.0,0.0
2045-08-22 01:00:00,0.0,0.0
2045-08-22 02:00:00,0.0,20.530950271606297
2045-08-22 03:00:00,0.0,100.86945133441354
2045-08-22 04:00:00,0.0,186.1175274621701
2045-08-22 05:00:00,0.0,253.06627834784285
2045-08-22 06:00:00,0.0,297.25245393238686
2045-08-22 07:00:00,0.0,319.1223792217065
2045-08-22 08:00:00,0.0,320.46135423942
2045-08-22 09:00:00,0.0,302.1620289973361
2045-08-22 10:00:00,0.0,263.33175348364597
2045-08-22 11:00:00,0.0,203.07787768654055
2045-08-22 12:00:00,0.0,124.52467664735124
2045-08-22 13:00:00,0.0,41.95455055502156
2045-08-22 14:00:00,0.0,0.0
2045-08-22 15:00:00,0.0,0.0
2045-08-22 16:00:00,0.0,0.0
2045-08-22 17:00:00,0.0,0.0
2045-08-22 18:00:00,0.0,0.0
2045-08-22 19:00:00,0.0,0.0
2045-08-22 20:00:00,0.0,0.0
2045-08-22 21:00:00,0.0,0.0
2045-08-22 22:00:00,0.0,0.0
2045-08-22 23:00:00,0.0,0.0
2045-08-23 00:00:00,0.0,0.0
2045-08-23 01:00:00,0.0,0.0
2045-08-23 02:00:00,0.0,20.530950271606297
2045-08-23 03:00:00,0.0,100.86945133441354
2045-08-23 04:00:00,0.0,185.22487745036113
2045-08-23 05:00:00,0.0,251.2809783242249
2045-08-23 06:00:00,0.0,295.0208289028644
2045-08-23 07:00:00,0.0,316.4444291862797
2045-08-23 08:00:00,0.0,317.3370791980886
2045-08-23 09:00:00,0.0,300.3767289737183
2045-08-23 10:00:00,0.0,261.5464534600281
2045-08-23 11:00:00,0.0,202.18522767473155
2045-08-23 12:00:00,0.0,124.52467664735124
2045-08-23 13:00:00,0.0,41.95455055502156
2045-08-23 14:00:00,0.0,0.0
2045-08-23 15:00:00,0.0,0.0
2045-08-23 16:00:00,0.0,0.0
2045-08-23 17:00:00,0.0,0.0
2045-08-23 18:00:00,0.0,0.0
2045-08-23 19:00:00,0.0,0.0
2045-08-23 20:00:00,0.0,0.0
2045-08-23 21:00:00,0.0,0.0
2045-08-23 22:00:00,0.0,0.0
2045-08-23 23:00:00,0.0,0.0
2045-08-24 00:00:00,0.0,0.0
2045-08-24 01:00:00,0.0,0.0
2045-08-24 02:00:00,0.0,21.423600283415265
2045-08-24 03:00:00,0.0,105.77902639936288
2045-08-24 04:00:00,0.0,192.36607754483293
2045-08-24 05:00:00,0.0,259.3148284305056
2045-08-24 06:00:00,0.0,302.1620289973361
2045-08-24 07:00:00,0.0,323.58562928075145
2045-08-24 08:00:00,0.0,324.4782792925604
2045-08-24 09:00:00,0.0,306.62527905638103
2045-08-24 10:00:00,0.0,268.2413285485953
2045-08-24 11:00:00,0.0,208.88010276329882
2045-08-24 12:00:00,0.0,129.88057671820505
2045-08-24 13:00:00,0.0,44.63250059044847
2045-08-24 14:00:00,0.0,0.0
2045-08-24 15:00:00,0.0,0.0
2045-08-24 16:00:00,0.0,0.0
2045-08-24 17:00:00,0.0,0.0
2045-08-24 18:00:00,0.0,0.0
2045-08-24 19:00:00,0.0,0.0
2045-08-24 20:00:00,0.0,0.0
2045-08-24 21:00:00,0.0,0.0
2045-08-24 22:00:00,0.0,0.0
2045-08-24 23:00:00,0.0,0.0
2045-08-25 00:00:00,0.0,0.0
2045-08-25 01:00:00,0.0,0.0
2045-08-25 02:00:00,0.0,21.869925289319752
2045-08-25 03:00:00,0.0,106.67167641117183
2045-08-25 04:00:00,0.0,192.36607754483293
2045-08-25 05:00:00,0.0,258.4221784186966
2045-08-25 06:00:00,0.0,300.3767289737183
2045-08-25 07:00:00,0.0,320.9076792453245
2045-08-25 08:00:00,0.0,321.354004251229
2045-08-25 09:00:00,0.0,303.0546790091451
2045-08-25 10:00:00,0.0,264.22440349545496
2045-08-25 11:00:00,0.0,204.86317771015845
2045-08-25 12:00:00,0.0,126.75630167687365
2045-08-25 13:00:00,0.0,42.400875560926046
2045-08-25 14:00:00,0.0,0.0
2045-08-25 15:00:00,0.0,0.0
2045-08-25 16:00:00,0.0,0.0
2045-08-25 17:00:00,0.0,0.0
2045-08-25 18:00:00,0.0,0.0
2045-08-25 19:00:00,0.0,0.0
2045-08-25 20:00:00,0.0,0.0
2045-08-25 21:00:00,0.0,0.0
2045-08-25 22:00:00,0.0,0.0
2045-08-25 23:00:00,0.0,0.0
2045-08-26 00:00:00,0.0,0.0
2045-08-26 01:00:00,0.0,0.0
2045-08-26 02:00:00,0.0,19.638300259797322
2045-08-26 03:00:00,0.0,99.97680132260459
2045-08-26 04:00:00,0.0,184.33222743855217
2045-08-26 05:00:00,0.0,250.38832831241595
2045-08-26 06:00:00,0.0,292.3428788674375
2045-08-26 07:00:00,0.0,313.32015414494816
2045-08-26 08:00:00,0.0,314.2128041567572
2045-08-26 09:00:00,0.0,298.5914289501003
2045-08-26 10:00:00,0.0,260.2074784423146
2045-08-26 11:00:00,0.0,200.8462526570181
2045-08-26 12:00:00,0.0,122.2930516178288
2045-08-26 13:00:00,0.0,40.16925053140363
2045-08-26 14:00:00,0.0,0.0
2045-08-26 15:00:00,0.0,0.0
2045-08-26 16:00:00,0.0,0.0
2045-08-26 17:00:00,0.0,0.0
2045-08-26 18:00:00,0.0,0.0
2045-08-26 19:00:00,0.0,0.0
2045-08-26 20:00:00,0.0,0.0
2045-08-26 21:00:00,0.0,0.0
2045-08-26 22:00:00,0.0,0.0
2045-08-26 23:00:00,0.0,0.0
2045-08-27 00:00:00,0.0,0.0
2045-08-27 01:00:00,0.0,0.0
2045-08-27 02:00:00,0.0,9.819150129898661
2045-08-27 03:00:00,0.0,53.559000708538164
2045-08-27 04:00:00,0.0,106.67167641117183
2045-08-27 05:00:00,0.0,154.42845204295168
2045-08-27 06:00:00,0.0,196.82932760387774
2045-08-27 07:00:00,0.0,220.93087792271993
2045-08-27 08:00:00,0.0,232.08900307033207
2045-08-27 09:00:00,0.0,248.603028288798
2045-08-27 10:00:00,0.0,241.01550318842175
2045-08-27 11:00:00,0.0,192.36607754483293
2045-08-27 12:00:00,0.0,118.72245157059294
2045-08-27 13:00:00,0.0,39.27660051959465
2045-08-27 14:00:00,0.0,0.0
2045-08-27 15:00:00,0.0,0.0
2045-08-27 16:00:00,0.0,0.0
2045-08-27 17:00:00,0.0,0.0
2045-08-27 18:00:00,0.0,0.0
2045-08-27 19:00:00,0.0,0.0
2045-08-27 20:00:00,0.0,0.0
2045-08-27 21:00:00,0.0,0.0
2045-08-27 22:00:00,0.0,0.0
2045-08-27 23:00:00,0.0,0.0
2045-08-28 00:00:00,0.0,0.0
2045-08-28 01:00:00,0.0,0.0
2045-08-28 02:00:00,0.0,17.853000236179387
2045-08-28 03:00:00,0.0,99.0841513107956
2045-08-28 04:00:00,0.0,190.58077752121494
2045-08-28 05:00:00,0.0,258.4221784186966
2045-08-28 06:00:00,0.0,301.26937898552717
2045-08-28 07:00:00,0.0,318.2297292098976
2045-08-28 08:00:00,0.0,300.8230539796227
2045-08-28 09:00:00,0.0,255.7442283832697
2045-08-28 10:00:00,0.0,202.18522767473155
2045-08-28 11:00:00,0.0,146.394601936671
2045-08-28 12:00:00,0.0,92.83560122813282
2045-08-28 13:00:00,0.0,34.36702545464532
2045-08-28 14:00:00,0.0,0.0
2045-08-28 15:00:00,0.0,0.0
2045-08-28 16:00:00,0.0,0.0
2045-08-28 17:00:00,0.0,0.0
2045-08-28 18:00:00,0.0,0.0
2045-08-28 19:00:00,0.0,0.0
2045-08-28 20:00:00,0.0,0.0
2045-08-28 21:00:00,0.0,0.0
2045-08-28 22:00:00,0.0,0.0
2045-08-28 23:00:00,0.0,0.0
2045-08-29 00:00:00,0.0,0.0
2045-08-29 01:00:00,0.0,0.0
2045-08-29 02:00:00,0.0,18.299325242083874
2045-08-29 03:00:00,0.0,97.74517629308215
2045-08-29 04:00:00,0.0,180.7616273913163
2045-08-29 05:00:00,0.0,245.0324282415621
2045-08-29 06:00:00,0.0,282.5237287375388
2045-08-29 07:00:00,0.0,295.0208289028644
2045-08-29 08:00:00,0.0,297.6987789382913
2045-08-29 09:00:00,0.0,285.2016787729657
2045-08-29 10:00:00,0.0,253.5126033537473
2045-08-29 11:00:00,0.0,197.27565260978224
2045-08-29 12:00:00,0.0,120.06142658830639
2045-08-29 13:00:00,0.0,38.83027551369017
2045-08-29 14:00:00,0.0,0.0
2045-08-29 15:00:00,0.0,0.0
2045-08-29 16:00:00,0.0,0.0
2045-08-29 17:00:00,0.0,0.0
2045-08-29 18:00:00,0.0,0.0
2045-08-29 19:00:00,0.0,0.0
2045-08-29 20:00:00,0.0,0.0
2045-08-29 21:00:00,0.0,0.0
2045-08-29 22:00:00,0.0,0.0
2045-08-29 23:00:00,0.0,0.0
2045-08-30 00:00:00,0.0,0.0
2045-08-30 01:00:00,0.0,0.0
2045-08-30 02:00:00,0.0,12.943425171230055
2045-08-30 03:00:00,0.0,78.55320103918929
2045-08-30 04:00:00,0.0,171.38880226732212
2045-08-30 05:00:00,0.0,249.04935329470248
2045-08-30 06:00:00,0.0,297.6987789382913
2045-08-30 07:00:00,0.0,321.80032925713346
2045-08-30 08:00:00,0.0,322.24665426303795
2045-08-30 09:00:00,0.0,299.03775395600474
2045-08-30 10:00:00,0.0,252.17362833603386
2045-08-30 11:00:00,0.0,191.47342753302394
2045-08-30 12:00:00,0.0,116.4908265410705
2045-08-30 13:00:00,0.0,37.491300495976716
2045-08-30 14:00:00,0.0,0.0
2045-08-30 15:00:00,0.0,0.0
2045-08-30 16:00:00,0.0,0.0
2045-08-30 17:00:00,0.0,0.0
2045-08-30 18:00:00,0.0,0.0
2045-08-30 19:00:00,0.0,0.0
2045-08-30 20:00:00,0.0,0.0
2045-08-30 21:00:00,0.0,0.0
2045-08-30 22:00:00,0.0,0.0
2045-08-30 23:00:00,0.0,0.0
2045-08-31 00:00:00,0.0,0.0
2045-08-31 01:00:00,0.0,0.0
2045-08-31 02:00:00,0.0,15.17505020075248
2045-08-31 03:00:00,0.0,87.47970115727901
2045-08-31 04:00:00,0.0,175.852052326367
2045-08-31 05:00:00,0.0,250.38832831241595
2045-08-31 06:00:00,0.0,297.25245393238686
2045-08-31 07:00:00,0.0,318.6760542158021
2045-08-31 08:00:00,0.0,320.46135423942
2045-08-31 09:00:00,0.0,302.60835400324066
2045-08-31 10:00:00,0.0,263.77807848955047
2045-08-31 11:00:00,0.0,203.52420269244504
2045-08-31 12:00:00,0.0,124.52467664735124
2045-08-31 13:00:00,0.0,40.16925053140363
2045-08-31 14:00:00,0.0,0.0
2045-08-31 15:00:00,0.0,0.0
2045-08-31 16:00:00,0.0,0.0
2045-08-31 17:00:00,0.0,0.0
2045-08-31 18:00:00,0.0,0.0
2045-08-31 19:00:00,0.0,0.0
2045-08-31 20:00:00,0.0,0.0
2045-08-31 21:00:00,0.0,0.0
2045-08-31 22:00:00,0.0,0.0
2045-08-31 23:00:00,0.0,0.0
2045-09-01 00:00:00,0.0,0.0
2045-09-01 01:00:00,0.0,0.0
2045-09-01 02:00:00,0.0,17.853000236179387
2045-09-01 03:00:00,0.0,98.63782630489112
2045-09-01 04:00:00,0.0,184.77855244445664
2045-09-01 05:00:00,0.0,251.2809783242249
2045-09-01 06:00:00,0.0,296.8061289264823
2045-09-01 07:00:00,0.0,316.89075419218415
2045-09-01 08:00:00,0.0,311.0885291154258
2045-09-01 09:00:00,0.0,283.4163787493478
2045-09-01 10:00:00,0.0,239.23020316480378
2045-09-01 11:00:00,0.0,196.82932760387774
2045-09-01 12:00:00,0.0,122.73937662373329
2045-09-01 13:00:00,0.0,38.83027551369017
2045-09-01 14:00:00,0.0,0.0
2045-09-01 15:00:00,0.0,0.0
2045-09-01 16:00:00,0.0,0.0
2045-09-01 17:00:00,0.0,0.0
2045-09-01 18:00:00,0.0,0.0
2045-09-01 19:00:00,0.0,0.0
2045-09-01 20:00:00,0.0,0.0
2045-09-01 21:00:00,0.0,0.0
2045-09-01 22:00:00,0.0,0.0
2045-09-01 23:00:00,0.0,0.0
2045-09-02 00:00:00,0.0,0.0
2045-09-02 01:00:00,0.0,0.0
2045-09-02 02:00:00,0.0,10.265475135803149
2045-09-02 03:00:00,0.0,58.91490077939197
2045-09-02 04:00:00,0.0,116.4908265410705
2045-09-02 05:00:00,0.0,178.97632736769836
2045-09-02 06:00:00,0.0,226.28677799357376
2045-09-02 07:00:00,0.0,247.71037827698905
2045-09-02 08:00:00,0.0,239.67652817070828
2045-09-02 09:00:00,0.0,220.48455291681543
2045-09-02 10:00:00,0.0,210.6654027869168
2045-09-02 11:00:00,0.0,183.4395774267432
2045-09-02 12:00:00,0.0,115.15185152335705
2045-09-02 13:00:00,0.0,37.04497549007223
2045-09-02 14:00:00,0.0,0.0
2045-09-02 15:00:00,0.0,0.0
2045-09-02 16:00:00,0.0,0.0
2045-09-02 17:00:00,0.0,0.0
2045-09-02 18:00:00,0.0,0.0
2045-09-02 19:00:00,0.0,0.0
2045-09-02 20:00:00,0.0,0.0
2045-09-02 21:00:00,0.0,0.0
2045-09-02 22:00:00,0.0,0.0
2045-09-02 23:00:00,0.0,0.0
2045-09-03 00:00:00,0.0,0.0
2045-09-03 01:00:00,0.0,0.0
2045-09-03 02:00:00,0.0,12.050775159421088
2045-09-03 03:00:00,0.0,74.98260099195343
2045-09-03 04:00:00,0.0,164.69392717875485
2045-09-03 05:00:00,0.0,241.90815320023074
2045-09-03 06:00:00,0.0,294.1281788910555
2045-09-03 07:00:00,0.0,315.99810418037515
2045-09-03 08:00:00,0.0,318.6760542158021
2045-09-03 09:00:00,0.0,296.8061289264823
2045-09-03 10:00:00,0.0,253.9589283596518
2045-09-03 11:00:00,0.0,186.5638524680746
2045-09-03 12:00:00,0.0,106.22535140526736
2045-09-03 13:00:00,0.0,30.796425407409444
2045-09-03 14:00:00,0.0,0.0
2045-09-03 15:00:00,0.0,0.0
2045-09-03 16:00:00,0.0,0.0
2045-09-03 17:00:00,0.0,0.0
2045-09-03 18:00:00,0.0,0.0
2045-09-03 19:00:00,0.0,0.0
2045-09-03 20:00:00,0.0,0.0
2045-09-03 21:00:00,0.0,0.0
2045-09-03 22:00:00,0.0,0.0
2045-09-03 23:00:00,0.0,0.0
2045-09-04 00:00:00,0.0,0.0
2045-09-04 01:00:00,0.0,0.0
2045-09-04 02:00:00,0.0,13.389750177134541
2045-09-04 03:00:00,0.0,86.14072613956556
2045-09-04 04:00:00,0.0,185.22487745036113
2045-09-04 05:00:00,0.0,257.52952840688766
2045-09-04 06:00:00,0.0,302.60835400324066
2045-09-04 07:00:00,0.0,324.4782792925604
2045-09-04 08:00:00,0.0,325.3709293043694
2045-09-04 09:00:00,0.0,303.9473290209541
2045-09-04 10:00:00,0.0,264.6707285013594
2045-09-04 11:00:00,0.0,203.52420269244504
2045-09-04 12:00:00,0.0,123.18570162963778
2045-09-04 13:00:00,0.0,37.9376255018812
2045-09-04 14:00:00,0.0,0.0
2045-09-04 15:00:00,0.0,0.0
2045-09-04 16:00:00,0.0,0.0
2045-09-04 17:00:00,0.0,0.0
2045-09-04 18:00:00,0.0,0.0
2045-09-04 19:00:00,0.0,0.0
2045-09-04 20:00:00,0.0,0.0
2045-09-04 21:00:00,0.0,0.0
2045-09-04 22:00:00,0.0,0.0
2045-09-04 23:00:00,0.0,0.0
2045-09-05 00:00:00,0.0,0.0
2045-09-05 01:00:00,0.0,0.0
2045-09-05 02:00:00,0.0,8.033850106280724
2045-09-05 03:00:00,0.0,62.039175820723386
2045-09-05 04:00:00,0.0,145.501951924862
2045-09-05 05:00:00,0.0,238.78387815889928
2045-09-05 06:00:00,0.0,289.2186038261061
2045-09-05 07:00:00,0.0,312.8738291390437
2045-09-05 08:00:00,0.0,312.8738291390437
2045-09-05 09:00:00,0.0,293.68185388515093
2045-09-05 10:00:00,0.0,254.4052533655563
2045-09-05 11:00:00,0.0,194.59770257435534
2045-09-05 12:00:00,0.0,115.15185152335705
2045-09-05 13:00:00,0.0,33.92070044874084
2045-09-05 14:00:00,0.0,0.0
2045-09-05 15:00:00,0.0,0.0
2045-09-05 16:00:00,0.0,0.0
2045-09-05 17:00:00,0.0,0.0
2045-09-05 18:00:00,0.0,0.0
2045-09-05 19:00:00,0.0,0.0
2045-09-05 20:00:00,0.0,0.0
2045-09-05 21:00:00,0.0,0.0
2045-09-05 22:00:00,0.0,0.0
2045-09-05 23:00:00,0.0,0.0
2045-09-06 00:00:00,0.0,0.0
2045-09-06 01:00:00,0.0,0.0
2045-09-06 02:00:00,0.0,12.943425171230055
2045-09-06 03:00:00,0.0,78.99952604509379
2045-09-06 04:00:00,0.0,154.42845204295168
2045-09-06 05:00:00,0.0,222.71617794633787
2045-09-06 06:00:00,0.0,276.275178654876
2045-09-06 07:00:00,0.0,305.73262904457204
2045-09-06 08:00:00,0.0,307.51792906818997
2045-09-06 09:00:00,0.0,291.896553861533
2045-09-06 10:00:00,0.0,253.9589283596518
2045-09-06 11:00:00,0.0,193.70505256254634
2045-09-06 12:00:00,0.0,115.59817652926154
2045-09-06 13:00:00,0.0,33.92070044874084
2045-09-06 14:00:00,0.0,0.0
2045-09-06 15:00:00,0.0,0.0
2045-09-06 16:00:00,0.0,0.0
2045-09-06 17:00:00,0.0,0.0
2045-09-06 18:00:00,0.0,0.0
2045-09-06 19:00:00,0.0,0.0
2045-09-06 20:00:00,0.0,0.0
2045-09-06 21:00:00,0.0,0.0
2045-09-06 22:00:00,0.0,0.0
2045-09-06 23:00:00,0.0,0.0
2045-09-07 00:00:00,0.0,0.0
2045-09-07 01:00:00,0.0,0.0
2045-09-07 02:00:00,0.0,4.9095750649493315
2045-09-07 03:00:00,0.0,45.52515060225743
2045-09-07 04:00:00,0.0,120.06142658830639
2045-09-07 05:00:00,0.0,219.145577899102
2045-09-07 06:00:00,0.0,279.3994536962074
2045-09-07 07:00:00,0.0,297.6987789382913
2045-09-07 08:00:00,0.0,300.8230539796227
2045-09-07 09:00:00,0.0,288.7722788202016
2045-09-07 10:00:00,0.0,251.7273033301294
2045-09-07 11:00:00,0.0,192.36607754483293
2045-09-07 12:00:00,0.0,112.92022649383463
2045-09-07 13:00:00,0.0,30.35010040150496
2045-09-07 14:00:00,0.0,0.0
2045-09-07 15:00:00,0.0,0.0
2045-09-07 16:00:00,0.0,0.0
2045-09-07 17:00:00,0.0,0.0
2045-09-07 18:00:00,0.0,0.0
2045-09-07 19:00:00,0.0,0.0
2045-09-07 20:00:00,0.0,0.0
2045-09-07 21:00:00,0.0,0.0
2045-09-07 22:00:00,0.0,0.0
2045-09-07 23:00:00,0.0,0.0
2045-09-08 00:00:00,0.0,0.0
2045-09-08 01:00:00,0.0,0.0
2045-09-08 02:00:00,0.0,7.58752510037624
2045-09-08 03:00:00,0.0,50.88105067311126
2045-09-08 04:00:00,0.0,109.79595145250325
2045-09-08 05:00:00,0.0,178.08367735588942
2045-09-08 06:00:00,0.0,241.90815320023074
2045-09-08 07:00:00,0.0,290.11125383791506
2045-09-08 08:00:00,0.0,305.73262904457204
2045-09-08 09:00:00,0.0,283.8627037552523
2045-09-08 10:00:00,0.0,241.46182819432624
2045-09-08 11:00:00,0.0,176.74470233817593
2045-09-08 12:00:00,0.0,99.0841513107956
2045-09-08 13:00:00,0.0,24.547875324746656
2045-09-08 14:00:00,0.0,0.0
2045-09-08 15:00:00,0.0,0.0
2045-09-08 16:00:00,0.0,0.0
2045-09-08 17:00:00,0.0,0.0
2045-09-08 18:00:00,0.0,0.0
2045-09-08 19:00:00,0.0,0.0
2045-09-08 20:00:00,0.0,0.0
2045-09-08 21:00:00,0.0,0.0
2045-09-08 22:00:00,0.0,0.0
2045-09-08 23:00:00,0.0,0.0
2045-09-09 00:00:00,0.0,0.0
2045-09-09 01:00:00,0.0,0.0
2045-09-09 02:00:00,0.0,9.372825123994179
2045-09-09 03:00:00,0.0,69.18037591519513
2045-09-09 04:00:00,0.0,143.2703268953396
2045-09-09 05:00:00,0.0,209.77275277510782
2045-09-09 06:00:00,0.0,275.3825286430671
2045-09-09 07:00:00,0.0,302.1620289973361
2045-09-09 08:00:00,0.0,305.2863040386676
2045-09-09 09:00:00,0.0,290.11125383791506
2045-09-09 10:00:00,0.0,252.61995334193836
2045-09-09 11:00:00,0.0,190.13445251531047
2045-09-09 12:00:00,0.0,110.6886014643122
2045-09-09 13:00:00,0.0,32.135400425122896
2045-09-09 14:00:00,0.0,0.0
2045-09-09 15:00:00,0.0,0.0
2045-09-09 16:00:00,0.0,0.0
2045-09-09 17:00:00,0.0,0.0
2045-09-09 18:00:00,0.0,0.0
2045-09-09 19:00:00,0.0,0.0
2045-09-09 20:00:00,0.0,0.0
2045-09-09 21:00:00,0.0,0.0
2045-09-09 22:00:00,0.0,0.0
2045-09-09 23:00:00,0.0,0.0
2045-09-10 00:00:00,0.0,0.0
2045-09-10 01:00:00,0.0,0.0
2045-09-10 02:00:00,0.0,10.711800141707633
2045-09-10 03:00:00,0.0,68.28772590338616
2045-09-10 04:00:00,0.0,137.0217768126768
2045-09-10 05:00:00,0.0,178.97632736769836
2045-09-10 06:00:00,0.0,216.46762786367506
2045-09-10 07:00:00,0.0,236.10592812347238
2045-09-10 08:00:00,0.0,225.84045298766927
2045-09-10 09:00:00,0.0,212.8970278164392
2045-09-10 10:00:00,0.0,185.22487745036113
2045-09-10 11:00:00,0.0,134.79015178315439
2045-09-10 12:00:00,0.0,78.10687603328482
2045-09-10 13:00:00,0.0,19.638300259797322
2045-09-10 14:00:00,0.0,0.0
2045-09-10 15:00:00,0.0,0.0
2045-09-10 16:00:00,0.0,0.0
2045-09-10 17:00:00,0.0,0.0
2045-09-10 18:00:00,0.0,0.0
2045-09-10 19:00:00,0.0,0.0
2045-09-10 20:00:00,0.0,0.0
2045-09-10 21:00:00,0.0,0.0
2045-09-10 22:00:00,0.0,0.0
2045-09-10 23:00:00,0.0,0.0
2045-09-11 00:00:00,0.0,0.0
2045-09-11 01:00:00,0.0,0.0
2045-09-11 02:00:00,0.0,14.28240018894351
2045-09-11 03:00:00,0.0,92.83560122813282
2045-09-11 04:00:00,0.0,179.42265237360286
2045-09-11 05:00:00,0.0,250.8346533183204
2045-09-11 06:00:00,0.0,299.4840789619093
2045-09-11 07:00:00,0.0,323.58562928075145
2045-09-11 08:00:00,0.0,322.24665426303795
2045-09-11 09:00:00,0.0,289.6649288320106
2045-09-11 10:00:00,0.0,227.6257530112872
2045-09-11 11:00:00,0.0,136.57545180677232
2045-09-11 12:00:00,0.0,59.36122578529647
2045-09-11 13:00:00,0.0,10.711800141707633
2045-09-11 14:00:00,0.0,0.0
2045-09-11 15:00:00,0.0,0.0
2045-09-11 16:00:00,0.0,0.0
2045-09-11 17:00:00,0.0,0.0
2045-09-11 18:00:00,0.0,0.0
2045-09-11 19:00:00,0.0,0.0
2045-09-11 20:00:00,0.0,0.0
2045-09-11 21:00:00,0.0,0.0
2045-09-11 22:00:00,0.0,0.0
2045-09-11 23:00:00,0.0,0.0
2045-09-12 00:00:00,0.0,0.0
2045-09-12 01:00:00,0.0,0.0
2045-09-12 02:00:00,0.0,16.067700212561448
2045-09-12 03:00:00,0.0,103.10107636393597
2045-09-12 04:00:00,0.0,191.91975253892844
2045-09-12 05:00:00,0.0,260.2074784423146
2045-09-12 06:00:00,0.0,304.8399790327631
2045-09-12 07:00:00,0.0,324.9246042984648
2045-09-12 08:00:00,0.0,320.9076792453245
2045-09-12 09:00:00,0.0,299.03775395600474
2045-09-12 10:00:00,0.0,254.4052533655563
2045-09-12 11:00:00,0.0,195.4903525861643
2045-09-12 12:00:00,0.0,112.02757648202567
2045-09-12 13:00:00,0.0,27.67215036607805
2045-09-12 14:00:00,0.0,0.0
2045-09-12 15:00:00,0.0,0.0
2045-09-12 16:00:00,0.0,0.0
2045-09-12 17:00:00,0.0,0.0
2045-09-12 18:00:00,0.0,0.0
2045-09-12 19:00:00,0.0,0.0
2045-09-12 20:00:00,0.0,0.0
2045-09-12 21:00:00,0.0,0.0
2045-09-12 22:00:00,0.0,0.0
2045-09-12 23:00:00,0.0,0.0
2045-09-13 00:00:00,0.0,0.0
2045-09-13 01:00:00,0.0,0.0
2045-09-13 02:00:00,0.0,11.158125147612118
2045-09-13 03:00:00,0.0,88.81867617499246
2045-09-13 04:00:00,0.0,182.99325242083873
2045-09-13 05:00:00,0.0,253.9589283596518
2045-09-13 06:00:00,0.0,298.5914289501003
2045-09-13 07:00:00,0.0,318.2297292098976
2045-09-13 08:00:00,0.0,312.4275041331393
2045-09-13 09:00:00,0.0,274.0435536253536
2045-09-13 10:00:00,0.0,212.00437780463025
2045-09-13 11:00:00,0.0,145.501951924862
2045-09-13 12:00:00,0.0,85.24807612775658
2045-09-13 13:00:00,0.0,27.67215036607805
2045-09-13 14:00:00,0.0,0.0
2045-09-13 15:00:00,0.0,0.0
2045-09-13 16:00:00,0.0,0.0
2045-09-13 17:00:00,0.0,0.0
2045-09-13 18:00:00,0.0,0.0
2045-09-13 19:00:00,0.0,0.0
2045-09-13 20:00:00,0.0,0.0
2045-09-13 21:00:00,0.0,0.0
2045-09-13 22:00:00,0.0,0.0
2045-09-13 23:00:00,0.0,0.0
2045-09-14 00:00:00,0.0,0.0
2045-09-14 01:00:00,0.0,0.0
2045-09-14 02:00:00,0.0,12.497100165325572
2045-09-14 03:00:00,0.0,88.37235116908796
2045-09-14 04:00:00,0.0,179.42265237360286
2045-09-14 05:00:00,0.0,250.38832831241595
2045-09-14 06:00:00,0.0,297.6987789382913
2045-09-14 07:00:00,0.0,323.58562928075145
2045-09-14 08:00:00,0.0,328.04887933979626
2045-09-14 09:00:00,0.0,311.53485412133034
2045-09-14 10:00:00,0.0,272.2582536017357
2045-09-14 11:00:00,0.0,210.2190777810123
2045-09-14 12:00:00,0.0,125.4173266591602
2045-09-14 13:00:00,0.0,33.92070044874084
2045-09-14 14:00:00,0.0,0.0
2045-09-14 15:00:00,0.0,0.0
2045-09-14 16:00:00,0.0,0.0
2045-09-14 17:00:00,0.0,0.0
2045-09-14 18:00:00,0.0,0.0
2045-09-14 19:00:00,0.0,0.0
2045-09-14 20:00:00,0.0,0.0
2045-09-14 21:00:00,0.0,0.0
2045-09-14 22:00:00,0.0,0.0
2045-09-14 23:00:00,0.0,0.0
2045-09-15 00:00:00,0.0,0.0
2045-09-15 01:00:00,0.0,0.0
2045-09-15 02:00:00,0.0,7.58752510037624
2045-09-15 03:00:00,0.0,71.85832595062205
2045-09-15 04:00:00,0.0,147.28725194847996
2045-09-15 05:00:00,0.0,179.86897737950736
2045-09-15 06:00:00,0.0,211.11172779282126
2045-09-15 07:00:00,0.0,234.32062809985447
2045-09-15 08:00:00,0.0,232.981653082141
2045-09-15 09:00:00,0.0,185.67120245626563
2045-09-15 10:00:00,0.0,124.9710016532557
2045-09-15 11:00:00,0.0,76.3215760096669
2045-09-15 12:00:00,0.0,40.16925053140363
2045-09-15 13:00:00,0.0,10.265475135803149
2045-09-15 14:00:00,0.0,0.0
2045-09-15 15:00:00,0.0,0.0
2045-09-15 16:00:00,0.0,0.0
2045-09-15 17:00:00,0.0,0.0
2045-09-15 18:00:00,0.0,0.0
2045-09-15 19:00:00,0.0,0.0
2045-09-15 20:00:00,0.0,0.0
2045-09-15 21:00:00,0.0,0.0
2045-09-15 22:00:00,0.0,0.0
2045-09-15 23:00:00,0.0,0.0
2045-09-16 00:00:00,0.0,0.0
2045-09-16 01:00:00,0.0,0.0
2045-09-16 02:00:00,0.0,11.158125147612118
2045-09-16 03:00:00,0.0,90.15765119270593
2045-09-16 04:00:00,0.0,181.65427740312526
2045-09-16 05:00:00,0.0,250.8346533183204
2045-09-16 06:00:00,0.0,299.03775395600474
2045-09-16 07:00:00,0.0,325.3709293043694
2045-09-16 08:00:00,0.0,329.3878543575097
2045-09-16 09:00:00,0.0,311.53485412133034
2045-09-16 10:00:00,0.0,272.2582536017357
2045-09-16 11:00:00,0.0,209.32642776920332
2045-09-16 12:00:00,0.0,125.4173266591602
2045-09-16 13:00:00,0.0,35.25967546645429
2045-09-16 14:00:00,0.0,0.0
2045-09-16 15:00:00,0.0,0.0
2045-09-16 16:00:00,0.0,0.0
2045-09-16 17:00:00,0.0,0.0
2045-09-16 18:00:00,0.0,0.0
2045-09-16 19:00:00,0.0,0.0
2045-09-16 20:00:00,0.0,0.0
2045-09-16 21:00:00,0.0,0.0
2045-09-16 22:00:00,0.0,0.0
2045-09-16 23:00:00,0.0,0.0
2045-09-17 00:00:00,0.0,0.0
2045-09-17 01:00:00,0.0,0.0
2045-09-17 02:00:00,0.0,12.943425171230055
2045-09-17 03:00:00,0.0,96.4062012753687
2045-09-17 04:00:00,0.0,188.3491524916925
2045-09-17 05:00:00,0.0,258.8685034246011
2045-09-17 06:00:00,0.0,307.0716040622855
2045-09-17 07:00:00,0.0,331.17315438112763
2045-09-17 08:00:00,0.0,333.4047794106501
2045-09-17 09:00:00,0.0,314.2128041567572
2045-09-17 10:00:00,0.0,273.5972286194491
2045-09-17 11:00:00,0.0,210.6654027869168
2045-09-17 12:00:00,0.0,126.30997667096918
2045-09-17 13:00:00,0.0,35.25967546645429
2045-09-17 14:00:00,0.0,0.0
2045-09-17 15:00:00,0.0,0.0
2045-09-17 16:00:00,0.0,0.0
2045-09-17 17:00:00,0.0,0.0
2045-09-17 18:00:00,0.0,0.0
2045-09-17 19:00:00,0.0,0.0
2045-09-17 20:00:00,0.0,0.0
2045-09-17 21:00:00,0.0,0.0
2045-09-17 22:00:00,0.0,0.0
2045-09-17 23:00:00,0.0,0.0
2045-09-18 00:00:00,0.0,0.0
2045-09-18 01:00:00,0.0,0.0
2045-09-18 02:00:00,0.0,12.050775159421088
2045-09-18 03:00:00,0.0,93.72825123994178
2045-09-18 04:00:00,0.0,185.22487745036113
2045-09-18 05:00:00,0.0,251.7273033301294
2045-09-18 06:00:00,0.0,301.71570399143167
2045-09-18 07:00:00,0.0,326.26357931617827
2045-09-18 08:00:00,0.0,329.3878543575097
2045-09-18 09:00:00,0.0,310.19587910361685
2045-09-18 10:00:00,0.0,270.0266285722132
2045-09-18 11:00:00,0.0,207.54112774558538
2045-09-18 12:00:00,0.0,121.40040160601984
2045-09-18 13:00:00,0.0,33.02805043693187
2045-09-18 14:00:00,0.0,0.0
2045-09-18 15:00:00,0.0,0.0
2045-09-18 16:00:00,0.0,0.0
2045-09-18 17:00:00,0.0,0.0
2045-09-18 18:00:00,0.0,0.0
2045-09-18 19:00:00,0.0,0.0
2045-09-18 20:00:00,0.0,0.0
2045-09-18 21:00:00,0.0,0.0
2045-09-18 22:00:00,0.0,0.0
2045-09-18 23:00:00,0.0,0.0
2045-09-19 00:00:00,0.0,0.0
2045-09-19 01:00:00,0.0,0.0
2045-09-19 02:00:00,0.0,14.28240018894351
2045-09-19 03:00:00,0.0,99.97680132260459
2045-09-19 04:00:00,0.0,195.04402758025984
2045-09-19 05:00:00,0.0,264.22440349545496
2045-09-19 06:00:00,0.0,306.1789540504766
2045-09-19 07:00:00,0.0,329.8341793634142
2045-09-19 08:00:00,0.0,332.0658043929366
2045-09-19 09:00:00,0.0,315.5517791744707
2045-09-19 10:00:00,0.0,275.3825286430671
2045-09-19 11:00:00,0.0,212.45070281053472
2045-09-19 12:00:00,0.0,128.0952766945871
2045-09-19 13:00:00,0.0,35.706000472358774
2045-09-19 14:00:00,0.0,0.0
2045-09-19 15:00:00,0.0,0.0
2045-09-19 16:00:00,0.0,0.0
2045-09-19 17:00:00,0.0,0.0
2045-09-19 18:00:00,0.0,0.0
2045-09-19 19:00:00,0.0,0.0
2045-09-19 20:00:00,0.0,0.0
2045-09-19 21:00:00,0.0,0.0
2045-09-19 22:00:00,0.0,0.0
2045-09-19 23:00:00,0.0,0.0
2045-09-20 00:00:00,0.0,0.0
2045-09-20 01:00:00,0.0,0.0
2045-09-20 02:00:00,0.0,13.389750177134541
2045-09-20 03:00:00,0.0,97.74517629308215
2045-09-20 04:00:00,0.0,193.70505256254634
2045-09-20 05:00:00,0.0,263.77807848955047
2045-09-20 06:00:00,0.0,310.64220410952134
2045-09-20 07:00:00,0.0,332.95845440474557
2045-09-20 08:00:00,0.0,334.74375442836356
2045-09-20 09:00:00,0.0,313.7664791508527
2045-09-20 10:00:00,0.0,273.5972286194491
2045-09-20 11:00:00,0.0,210.6654027869168
2045-09-20 12:00:00,0.0,126.75630167687365
2045-09-20 13:00:00,0.0,34.813350460549806
2045-09-20 14:00:00,0.0,0.0
2045-09-20 15:00:00,0.0,0.0
2045-09-20 16:00:00,0.0,0.0
2045-09-20 17:00:00,0.0,0.0
2045-09-20 18:00:00,0.0,0.0
2045-09-20 19:00:00,0.0,0.0
2045-09-20 20:00:00,0.0,0.0
2045-09-20 21:00:00,0.0,0.0
2045-09-20 22:00:00,0.0,0.0
2045-09-20 23:00:00,0.0,0.0
2045-09-21 00:00:00,0.0,0.0
2045-09-21 01:00:00,0.0,0.0
2045-09-21 02:00:00,0.0,12.943425171230055
2045-09-21 03:00:00,0.0,99.53047631670009
2045-09-21 04:00:00,0.0,191.91975253892844
2045-09-21 05:00:00,0.0,262.88542847774147
2045-09-21 06:00:00,0.0,305.73262904457204
2045-09-21 07:00:00,0.0,328.49520434570076
2045-09-21 08:00:00,0.0,329.3878543575097
2045-09-21 09:00:00,0.0,309.7495540977124
2045-09-21 10:00:00,0.0,269.58030356630877
2045-09-21 11:00:00,0.0,206.64847773377642
2045-09-21 12:00:00,0.0,123.18570162963778
2045-09-21 13:00:00,0.0,32.58172543102739
2045-09-21 14:00:00,0.0,0.0
2045-09-21 15:00:00,0.0,0.0
2045-09-21 16:00:00,0.0,0.0
2045-09-21 17:00:00,0.0,0.0
2045-09-21 18:00:00,0.0,0.0
2045-09-21 19:00:00,0.0,0.0
2045-09-21 20:00:00,0.0,0.0
2045-09-21 21:00:00,0.0,0.0
2045-09-21 22:00:00,0.0,0.0
2045-09-21 23:00:00,0.0,0.0
2045-09-22 00:00:00,0.0,0.0
2045-09-22 01:00:00,0.0,0.0
2045-09-22 02:00:00,0.0,12.497100165325572
2045-09-22 03:00:00,0.0,99.53047631670009
2045-09-22 04:00:00,0.0,191.47342753302394
2045-09-22 05:00:00,0.0,262.439103471837
2045-09-22 06:00:00,0.0,308.85690408590335
2045-09-22 07:00:00,0.0,331.61947938703213
2045-09-22 08:00:00,0.0,333.85110441655456
2045-09-22 09:00:00,0.0,311.98117912723484
2045-09-22 10:00:00,0.0,271.3656035899267
2045-09-22 11:00:00,0.0,207.98745275148988
2045-09-22 12:00:00,0.0,122.73937662373329
2045-09-22 13:00:00,0.0,31.689075419218412
2045-09-22 14:00:00,0.0,0.0
2045-09-22 15:00:00,0.0,0.0
2045-09-22 16:00:00,0.0,0.0
2045-09-22 17:00:00,0.0,0.0
2045-09-22 18:00:00,0.0,0.0
2045-09-22 19:00:00,0.0,0.0
2045-09-22 20:00:00,0.0,0.0
2045-09-22 21:00:00,0.0,0.0
2045-09-22 22:00:00,0.0,0.0
2045-09-22 23:00:00,0.0,0.0
2045-09-23 00:00:00,0.0,0.0
2045-09-23 01:00:00,0.0,0.0
2045-09-23 02:00:00,0.0,11.604450153516602
2045-09-23 03:00:00,0.0,94.17457624584625
2045-09-23 04:00:00,0.0,183.4395774267432
2045-09-23 05:00:00,0.0,253.5126033537473
2045-09-23 06:00:00,0.0,299.4840789619093
2045-09-23 07:00:00,0.0,323.13930427484695
2045-09-23 08:00:00,0.0,324.0319542866559
2045-09-23 09:00:00,0.0,304.8399790327631
2045-09-23 10:00:00,0.0,263.33175348364597
2045-09-23 11:00:00,0.0,197.27565260978224
2045-09-23 12:00:00,0.0,109.34962644659875
2045-09-23 13:00:00,0.0,24.547875324746656
2045-09-23 14:00:00,0.0,0.0
2045-09-23 15:00:00,0.0,0.0
2045-09-23 16:00:00,0.0,0.0
2045-09-23 17:00:00,0.0,0.0
2045-09-23 18:00:00,0.0,0.0
2045-09-23 19:00:00,0.0,0.0
2045-09-23 20:00:00,0.0,0.0
2045-09-23 21:00:00,0.0,0.0
2045-09-23 22:00:00,0.0,0.0
2045-09-23 23:00:00,0.0,0.0
2045-09-24 00:00:00,0.0,0.0
2045-09-24 01:00:00,0.0,0.0
2045-09-24 02:00:00,0.0,8.48017511218521
2045-09-24 03:00:00,0.0,74.08995098014447
2045-09-24 04:00:00,0.0,147.73357695438443
2045-09-24 05:00:00,0.0,197.27565260978224
2045-09-24 06:00:00,0.0,227.6257530112872
2045-09-24 07:00:00,0.0,249.94200330651145
2045-09-24 08:00:00,0.0,257.52952840688766
2045-09-24 09:00:00,0.0,247.2640532710845
2045-09-24 10:00:00,0.0,224.05515296405133
2045-09-24 11:00:00,0.0,186.1175274621701
2045-09-24 12:00:00,0.0,112.02757648202567
2045-09-24 13:00:00,0.0,28.56480037788702
2045-09-24 14:00:00,0.0,0.0
2045-09-24 15:00:00,0.0,0.0
2045-09-24 16:00:00,0.0,0.0
2045-09-24 17:00:00,0.0,0.0
2045-09-24 18:00:00,0.0,0.0
2045-09-24 19:00:00,0.0,0.0
2045-09-24 20:00:00,0.0,0.0
2045-09-24 21:00:00,0.0,0.0
2045-09-24 22:00:00,0.0,0.0
2045-09-24 23:00:00,0.0,0.0
2045-09-25 00:00:00,0.0,0.0
2045-09-25 01:00:00,0.0,0.0
2045-09-25 02:00:00,0.0,7.141200094471755
2045-09-25 03:00:00,0.0,74.53627598604893
2045-09-25 04:00:00,0.0,164.69392717875485
2045-09-25 05:00:00,0.0,238.78387815889928
2045-09-25 06:00:00,0.0,296.35980392057786
2045-09-25 07:00:00,0.0,318.2297292098976
2045-09-25 08:00:00,0.0,320.0150292335155
2045-09-25 09:00:00,0.0,295.9134789146733
2045-09-25 10:00:00,0.0,254.85157837146076
2045-09-25 11:00:00,0.0,192.36607754483293
2045-09-25 12:00:00,0.0,108.45697643478978
2045-09-25 13:00:00,0.0,25.886850342460114
2045-09-25 14:00:00,0.0,0.0
2045-09-25 15:00:00,0.0,0.0
2045-09-25 16:00:00,0.0,0.0
2045-09-25 17:00:00,0.0,0.0
2045-09-25 18:00:00,0.0,0.0
2045-09-25 19:00:00,0.0,0.0
2045-09-25 20:00:00,0.0,0.0
2045-09-25 21:00:00,0.0,0.0
2045-09-25 22:00:00,0.0,0.0
2045-09-25 23:00:00,0.0,0.0
2045-09-26 00:00:00,0.0,0.0
2045-09-26 01:00:00,0.0,0.0
2045-09-26 02:00:00,0.0,6.6948750885672705
2045-09-26 03:00:00,0.0,80.33850106280725
2045-09-26 04:00:00,0.0,175.852052326367
2045-09-26 05:00:00,0.0,249.04935329470248
2045-09-26 06:00:00,0.0,298.14510394419574
2045-09-26 07:00:00,0.0,324.0319542866559
2045-09-26 08:00:00,0.0,330.72682937522313
2045-09-26 09:00:00,0.0,314.2128041567572
2045-09-26 10:00:00,0.0,276.275178654876
2045-09-26 11:00:00,0.0,213.34335282234366
2045-09-26 12:00:00,0.0,128.0952766945871
2045-09-26 13:00:00,0.0,33.92070044874084
2045-09-26 14:00:00,0.0,0.0
2045-09-26 15:00:00,0.0,0.0
2045-09-26 16:00:00,0.0,0.0
2045-09-26 17:00:00,0.0,0.0
2045-09-26 18:00:00,0.0,0.0
2045-09-26 19:00:00,0.0,0.0
2045-09-26 20:00:00,0.0,0.0
2045-09-26 21:00:00,0.0,0.0
2045-09-26 22:00:00,0.0,0.0
2045-09-26 23:00:00,0.0,0.0
2045-09-27 00:00:00,0.0,0.0
2045-09-27 01:00:00,0.0,0.0
2045-09-27 02:00:00,0.0,10.711800141707633
2045-09-27 03:00:00,0.0,95.95987626946422
2045-09-27 04:00:00,0.0,187.45650247988357
2045-09-27 05:00:00,0.0,261.1001284541236
2045-09-27 06:00:00,0.0,307.51792906818997
2045-09-27 07:00:00,0.0,330.28050436931863
2045-09-27 08:00:00,0.0,330.72682937522313
2045-09-27 09:00:00,0.0,307.9642540740944
2045-09-27 10:00:00,0.0,259.3148284305056
2045-09-27 11:00:00,0.0,182.99325242083873
2045-09-27 12:00:00,0.0,96.85252628127317
2045-09-27 13:00:00,0.0,23.208900307033204
2045-09-27 14:00:00,0.0,0.0
2045-09-27 15:00:00,0.0,0.0
2045-09-27 16:00:00,0.0,0.0
2045-09-27 17:00:00,0.0,0.0
2045-09-27 18:00:00,0.0,0.0
2045-09-27 19:00:00,0.0,0.0
2045-09-27 20:00:00,0.0,0.0
2045-09-27 21:00:00,0.0,0.0
2045-09-27 22:00:00,0.0,0.0
2045-09-27 23:00:00,0.0,0.0
2045-09-28 00:00:00,0.0,0.0
2045-09-28 01:00:00,0.0,0.0
2045-09-28 02:00:00,0.0,6.248550082662787
2045-09-28 03:00:00,0.0,71.85832595062205
2045-09-28 04:00:00,0.0,174.51307730865352
2045-09-28 05:00:00,0.0,251.7273033301294
2045-09-28 06:00:00,0.0,300.3767289737183
2045-09-28 07:00:00,0.0,323.58562928075145
2045-09-28 08:00:00,0.0,325.8172543102738
2045-09-28 09:00:00,0.0,307.9642540740944
2045-09-28 10:00:00,0.0,270.9192785840222
2045-09-28 11:00:00,0.0,211.11172779282126
2045-09-28 12:00:00,0.0,127.64895168868263
2045-09-28 13:00:00,0.0,33.47437544283635
2045-09-28 14:00:00,0.0,0.0
2045-09-28 15:00:00,0.0,0.0
2045-09-28 16:00:00,0.0,0.0
2045-09-28 17:00:00,0.0,0.0
2045-09-28 18:00:00,0.0,0.0
2045-09-28 19:00:00,0.0,0.0
2045-09-28 20:00:00,0.0,0.0
2045-09-28 21:00:00,0.0,0.0
2045-09-28 22:00:00,0.0,0.0
2045-09-28 23:00:00,0.0,0.0
2045-09-29 00:00:00,0.0,0.0
2045-09-29 01:00:00,0.0,0.0
2045-09-29 02:00:00,0.0,10.711800141707633
2045-09-29 03:00:00,0.0,97.74517629308215
2045-09-29 04:00:00,0.0,189.2418025035015
2045-09-29 05:00:00,0.0,259.3148284305056
2045-09-29 06:00:00,0.0,304.8399790327631
2045-09-29 07:00:00,0.0,328.04887933979626
2045-09-29 08:00:00,0.0,330.28050436931863
2045-09-29 09:00:00,0.0,312.8738291390437
2045-09-29 10:00:00,0.0,272.2582536017357
2045-09-29 11:00:00,0.0,207.98745275148988
2045-09-29 12:00:00,0.0,122.73937662373329
2045-09-29 13:00:00,0.0,30.35010040150496
2045-09-29 14:00:00,0.0,0.0
2045-09-29 15:00:00,0.0,0.0
2045-09-29 16:00:00,0.0,0.0
2045-09-29 17:00:00,0.0,0.0
2045-09-29 18:00:00,0.0,0.0
2045-09-29 19:00:00,0.0,0.0
2045-09-29 20:00:00,0.0,0.0
2045-09-29 21:00:00,0.0,0.0
2045-09-29 22:00:00,0.0,0.0
2045-09-29 23:00:00,0.0,0.0
2045-09-30 00:00:00,0.0,0.0
2045-09-30 01:00:00,0.0,0.0
2045-09-30 02:00:00,0.0,8.48017511218521
2045-09-30 03:00:00,0.0,90.15765119270593
2045-09-30 04:00:00,0.0,184.33222743855217
2045-09-30 05:00:00,0.0,255.7442283832697
2045-09-30 06:00:00,0.0,301.71570399143167
2045-09-30 07:00:00,0.0,325.3709293043694
2045-09-30 08:00:00,0.0,327.6025543338918
2045-09-30 09:00:00,0.0,308.85690408590335
2045-09-30 10:00:00,0.0,268.6876535544998
2045-09-30 11:00:00,0.0,205.30950271606295
2045-09-30 12:00:00,0.0,120.06142658830639
2045-09-30 13:00:00,0.0,29.01112538379151
2045-09-30 14:00:00,0.0,0.0
2045-09-30 15:00:00,0.0,0.0
2045-09-30 16:00:00,0.0,0.0
2045-09-30 17:00:00,0.0,0.0
2045-09-30 18:00:00,0.0,0.0
2045-09-30 19:00:00,0.0,0.0
2045-09-30 20:00:00,0.0,0.0
2045-09-30 21:00:00,0.0,0.0
2045-09-30 22:00:00,0.0,0.0
2045-09-30 23:00:00,0.0,0.0
2045-10-01 00:00:00,0.0,0.0
2045-10-01 01:00:00,0.0,0.0
2045-10-01 02:00:00,0.0,8.926500118089693
2045-10-01 03:00:00,0.0,92.38927622222832
2045-10-01 04:00:00,0.0,184.77855244445664
2045-10-01 05:00:00,0.0,255.7442283832697
2045-10-01 06:00:00,0.0,301.71570399143167
2045-10-01 07:00:00,0.0,324.9246042984648
2045-10-01 08:00:00,0.0,327.15622932798726
2045-10-01 09:00:00,0.0,307.51792906818997
2045-10-01 10:00:00,0.0,266.0097035190729
2045-10-01 11:00:00,0.0,201.2925776629226
2045-10-01 12:00:00,0.0,115.15185152335705
2045-10-01 13:00:00,0.0,25.886850342460114
2045-10-01 14:00:00,0.0,0.0
2045-10-01 15:00:00,0.0,0.0
2045-10-01 16:00:00,0.0,0.0
2045-10-01 17:00:00,0.0,0.0
2045-10-01 18:00:00,0.0,0.0
2045-10-01 19:00:00,0.0,0.0
2045-10-01 20:00:00,0.0,0.0
2045-10-01 21:00:00,0.0,0.0
2045-10-01 22:00:00,0.0,0.0
2045-10-01 23:00:00,0.0,0.0
2045-10-02 00:00:00,0.0,0.0
2045-10-02 01:00:00,0.0,0.0
2045-10-02 02:00:00,0.0,7.141200094471755
2045-10-02 03:00:00,0.0,86.58705114547003
2045-10-02 04:00:00,0.0,179.42265237360286
2045-10-02 05:00:00,0.0,251.7273033301294
2045-10-02 06:00:00,0.0,300.3767289737183
2045-10-02 07:00:00,0.0,324.0319542866559
2045-10-02 08:00:00,0.0,326.26357931617827
2045-10-02 09:00:00,0.0,307.9642540740944
2045-10-02 10:00:00,0.0,266.90235353088184
2045-10-02 11:00:00,0.0,202.18522767473155
2045-10-02 12:00:00,0.0,116.04450153516603
2045-10-02 13:00:00,0.0,25.886850342460114
2045-10-02 14:00:00,0.0,0.0
2045-10-02 15:00:00,0.0,0.0
2045-10-02 16:00:00,0.0,0.0
2045-10-02 17:00:00,0.0,0.0
2045-10-02 18:00:00,0.0,0.0
2045-10-02 19:00:00,0.0,0.0
2045-10-02 20:00:00,0.0,0.0
2045-10-02 21:00:00,0.0,0.0
2045-10-02 22:00:00,0.0,0.0
2045-10-02 23:00:00,0.0,0.0
2045-10-03 00:00:00,0.0,0.0
2045-10-03 01:00:00,0.0,0.0
2045-10-03 02:00:00,0.0,8.033850106280724
2045-10-03 03:00:00,0.0,89.71132618680143
2045-10-03 04:00:00,0.0,182.10060240902973
2045-10-03 05:00:00,0.0,253.5126033537473
2045-10-03 06:00:00,0.0,301.26937898552717
2045-10-03 07:00:00,0.0,324.0319542866559
2045-10-03 08:00:00,0.0,325.8172543102738
2045-10-03 09:00:00,0.0,305.2863040386676
2045-10-03 10:00:00,0.0,262.88542847774147
2045-10-03 11:00:00,0.0,197.27565260978224
2045-10-03 12:00:00,0.0,111.13492647021668
2045-10-03 13:00:00,0.0,23.655225312937688
2045-10-03 14:00:00,0.0,0.0
2045-10-03 15:00:00,0.0,0.0
2045-10-03 16:00:00,0.0,0.0
2045-10-03 17:00:00,0.0,0.0
2045-10-03 18:00:00,0.0,0.0
2045-10-03 19:00:00,0.0,0.0
2045-10-03 20:00:00,0.0,0.0
2045-10-03 21:00:00,0.0,0.0
2045-10-03 22:00:00,0.0,0.0
2045-10-03 23:00:00,0.0,0.0
2045-10-04 00:00:00,0.0,0.0
2045-10-04 01:00:00,0.0,0.0
2045-10-04 02:00:00,0.0,7.141200094471755
2045-10-04 03:00:00,0.0,87.03337615137451
2045-10-04 04:00:00,0.0,178.97632736769836
2045-10-04 05:00:00,0.0,250.38832831241595
2045-10-04 06:00:00,0.0,298.14510394419574
2045-10-04 07:00:00,0.0,321.354004251229
2045-10-04 08:00:00,0.0,323.13930427484695
2045-10-04 09:00:00,0.0,303.5010040150496
2045-10-04 10:00:00,0.0,261.1001284541236
2045-10-04 11:00:00,0.0,195.4903525861643
2045-10-04 12:00:00,0.0,108.90330144069426
2045-10-04 13:00:00,0.0,21.869925289319752
2045-10-04 14:00:00,0.0,0.0
2045-10-04 15:00:00,0.0,0.0
2045-10-04 16:00:00,0.0,0.0
2045-10-04 17:00:00,0.0,0.0
2045-10-04 18:00:00,0.0,0.0
2045-10-04 19:00:00,0.0,0.0
2045-10-04 20:00:00,0.0,0.0
2045-10-04 21:00:00,0.0,0.0
2045-10-04 22:00:00,0.0,0.0
2045-10-04 23:00:00,0.0,0.0
2045-10-05 00:00:00,0.0,0.0
2045-10-05 01:00:00,0.0,0.0
2045-10-05 02:00:00,0.0,5.802225076758301
2045-10-05 03:00:00,0.0,78.55320103918929
2045-10-05 04:00:00,0.0,174.95940231455802
2045-10-05 05:00:00,0.0,248.15670328289355
2045-10-05 06:00:00,0.0,300.8230539796227
2045-10-05 07:00:00,0.0,325.3709293043694
2045-10-05 08:00:00,0.0,327.15622932798726
2045-10-05 09:00:00,0.0,307.9642540740944
2045-10-05 10:00:00,0.0,265.1170535072639
2045-10-05 11:00:00,0.0,194.59770257435534
2045-10-05 12:00:00,0.0,105.3327013934584
2045-10-05 13:00:00,0.0,19.191975253892842
2045-10-05 14:00:00,0.0,0.0
2045-10-05 15:00:00,0.0,0.0
2045-10-05 16:00:00,0.0,0.0
2045-10-05 17:00:00,0.0,0.0
2045-10-05 18:00:00,0.0,0.0
2045-10-05 19:00:00,0.0,0.0
2045-10-05 20:00:00,0.0,0.0
2045-10-05 21:00:00,0.0,0.0
2045-10-05 22:00:00,0.0,0.0
2045-10-05 23:00:00,0.0,0.0
2045-10-06 00:00:00,0.0,0.0
2045-10-06 01:00:00,0.0,0.0
2045-10-06 02:00:00,0.0,4.463250059044847
2045-10-06 03:00:00,0.0,73.1973009683355
2045-10-06 04:00:00,0.0,169.1571772377997
2045-10-06 05:00:00,0.0,251.2809783242249
2045-10-06 06:00:00,0.0,299.93040396781373
2045-10-06 07:00:00,0.0,321.354004251229
2045-10-06 08:00:00,0.0,322.24665426303795
2045-10-06 09:00:00,0.0,303.9473290209541
2045-10-06 10:00:00,0.0,261.99277846593253
2045-10-06 11:00:00,0.0,197.27565260978224
2045-10-06 12:00:00,0.0,108.90330144069426
2045-10-06 13:00:00,0.0,21.869925289319752
2045-10-06 14:00:00,0.0,0.0
2045-10-06 15:00:00,0.0,0.0
2045-10-06 16:00:00,0.0,0.0
2045-10-06 17:00:00,0.0,0.0
2045-10-06 18:00:00,0.0,0.0
2045-10-06 19:00:00,0.0,0.0
2045-10-06 20:00:00,0.0,0.0
2045-10-06 21:00:00,0.0,0.0
2045-10-06 22:00:00,0.0,0.0
2045-10-06 23:00:00,0.0,0.0
2045-10-07 00:00:00,0.0,0.0
2045-10-07 01:00:00,0.0,0.0
2045-10-07 02:00:00,0.0,4.9095750649493315
2045-10-07 03:00:00,0.0,73.64362597423998
2045-10-07 04:00:00,0.0,176.29837733227146
2045-10-07 05:00:00,0.0,249.04935329470248
2045-10-07 06:00:00,0.0,299.03775395600474
2045-10-07 07:00:00,0.0,326.26357931617827
2045-10-07 08:00:00,0.0,330.28050436931863
2045-10-07 09:00:00,0.0,311.0885291154258
2045-10-07 10:00:00,0.0,270.9192785840222
2045-10-07 11:00:00,0.0,206.64847773377642
2045-10-07 12:00:00,0.0,118.27612656468844
2045-10-07 13:00:00,0.0,24.547875324746656
2045-10-07 14:00:00,0.0,0.0
2045-10-07 15:00:00,0.0,0.0
2045-10-07 16:00:00,0.0,0.0
2045-10-07 17:00:00,0.0,0.0
2045-10-07 18:00:00,0.0,0.0
2045-10-07 19:00:00,0.0,0.0
2045-10-07 20:00:00,0.0,0.0
2045-10-07 21:00:00,0.0,0.0
2045-10-07 22:00:00,0.0,0.0
2045-10-07 23:00:00,0.0,0.0
2045-10-08 00:00:00,0.0,0.0
2045-10-08 01:00:00,0.0,0.0
2045-10-08 02:00:00,0.0,5.802225076758301
2045-10-08 03:00:00,0.0,86.14072613956556
2045-10-08 04:00:00,0.0,176.29837733227146
2045-10-08 05:00:00,0.0,254.4052533655563
2045-10-08 06:00:00,0.0,304.3936540268586
2045-10-08 07:00:00,0.0,328.94152935160525
2045-10-08 08:00:00,0.0,331.61947938703213
2045-10-08 09:00:00,0.0,311.98117912723484
2045-10-08 10:00:00,0.0,270.9192785840222
2045-10-08 11:00:00,0.0,207.0948027396809
2045-10-08 12:00:00,0.0,120.95407660011537
2045-10-08 13:00:00,0.0,25.44052533655563
2045-10-08 14:00:00,0.0,0.0
2045-10-08 15:00:00,0.0,0.0
2045-10-08 16:00:00,0.0,0.0
2045-10-08 17:00:00,0.0,0.0
2045-10-08 18:00:00,0.0,0.0
2045-10-08 19:00:00,0.0,0.0
2045-10-08 20:00:00,0.0,0.0
2045-10-08 21:00:00,0.0,0.0
2045-10-08 22:00:00,0.0,0.0
2045-10-08 23:00:00,0.0,0.0
2045-10-09 00:00:00,0.0,0.0
2045-10-09 01:00:00,0.0,0.0
2045-10-09 02:00:00,0.0,7.58752510037624
2045-10-09 03:00:00,0.0,94.62090125175075
2045-10-09 04:00:00,0.0,189.688127509406
2045-10-09 05:00:00,0.0,261.1001284541236
2045-10-09 06:00:00,0.0,307.51792906818997
2045-10-09 07:00:00,0.0,330.72682937522313
2045-10-09 08:00:00,0.0,333.4047794106501
2045-10-09 09:00:00,0.0,315.10545416856615
2045-10-09 10:00:00,0.0,274.9362036371626
2045-10-09 11:00:00,0.0,212.00437780463025
2045-10-09 12:00:00,0.0,125.86365166506467
2045-10-09 13:00:00,0.0,27.67215036607805
2045-10-09 14:00:00,0.0,0.0
2045-10-09 15:00:00,0.0,0.0
2045-10-09 16:00:00,0.0,0.0
2045-10-09 17:00:00,0.0,0.0
2045-10-09 18:00:00,0.0,0.0
2045-10-09 19:00:00,0.0,0.0
2045-10-09 20:00:00,0.0,0.0
2045-10-09 21:00:00,0.0,0.0
2045-10-09 22:00:00,0.0,0.0
2045-10-09 23:00:00,0.0,0.0
2045-10-10 00:00:00,0.0,0.0
2045-10-10 01:00:00,0.0,0.0
2045-10-10 02:00:00,0.0,7.58752510037624
2045-10-10 03:00:00,0.0,96.4062012753687
2045-10-10 04:00:00,0.0,192.36607754483293
2045-10-10 05:00:00,0.0,263.77807848955047
2045-10-10 06:00:00,0.0,309.7495540977124
2045-10-10 07:00:00,0.0,332.95845440474557
2045-10-10 08:00:00,0.0,334.74375442836356
2045-10-10 09:00:00,0.0,316.4444291862797
2045-10-10 10:00:00,0.0,276.275178654876
2045-10-10 11:00:00,0.0,212.8970278164392
2045-10-10 12:00:00,0.0,126.30997667096918
2045-10-10 13:00:00,0.0,26.779500354269082
2045-10-10 14:00:00,0.0,0.0
2045-10-10 15:00:00,0.0,0.0
2045-10-10 16:00:00,0.0,0.0
2045-10-10 17:00:00,0.0,0.0
2045-10-10 18:00:00,0.0,0.0
2045-10-10 19:00:00,0.0,0.0
2045-10-10 20:00:00,0.0,0.0
2045-10-10 21:00:00,0.0,0.0
2045-10-10 22:00:00,0.0,0.0
2045-10-10 23:00:00,0.0,0.0
2045-10-11 00:00:00,0.0,0.0
2045-10-11 01:00:00,0.0,0.0
2045-10-11 02:00:00,0.0,4.9095750649493315
2045-10-11 03:00:00,0.0,83.01645109823416
2045-10-11 04:00:00,0.0,180.7616273913163
2045-10-11 05:00:00,0.0,256.1905533891742
2045-10-11 06:00:00,0.0,304.3936540268586
2045-10-11 07:00:00,0.0,328.94152935160525
2045-10-11 08:00:00,0.0,332.0658043929366
2045-10-11 09:00:00,0.0,312.4275041331393
2045-10-11 10:00:00,0.0,270.0266285722132
2045-10-11 11:00:00,0.0,204.41685270425396
2045-10-11 12:00:00,0.0,117.38347655287949
2045-10-11 13:00:00,0.0,23.208900307033204
2045-10-11 14:00:00,0.0,0.0
2045-10-11 15:00:00,0.0,0.0
2045-10-11 16:00:00,0.0,0.0
2045-10-11 17:00:00,0.0,0.0
2045-10-11 18:00:00,0.0,0.0
2045-10-11 19:00:00,0.0,0.0
2045-10-11 20:00:00,0.0,0.0
2045-10-11 21:00:00,0.0,0.0
2045-10-11 22:00:00,0.0,0.0
2045-10-11 23:00:00,0.0,0.0
2045-10-12 00:00:00,0.0,0.0
2045-10-12 01:00:00,0.0,0.0
2045-10-12 02:00:00,0.0,4.9095750649493315
2045-10-12 03:00:00,0.0,85.24807612775658
2045-10-12 04:00:00,0.0,180.7616273913163
2045-10-12 05:00:00,0.0,254.4052533655563
2045-10-12 06:00:00,0.0,302.1620289973361
2045-10-12 07:00:00,0.0,325.8172543102738
2045-10-12 08:00:00,0.0,327.6025543338918
2045-10-12 09:00:00,0.0,308.85690408590335
2045-10-12 10:00:00,0.0,267.34867853678634
2045-10-12 11:00:00,0.0,203.07787768654055
2045-10-12 12:00:00,0.0,116.04450153516603
2045-10-12 13:00:00,0.0,21.423600283415265
2045-10-12 14:00:00,0.0,0.0
2045-10-12 15:00:00,0.0,0.0
2045-10-12 16:00:00,0.0,0.0
2045-10-12 17:00:00,0.0,0.0
2045-10-12 18:00:00,0.0,0.0
2045-10-12 19:00:00,0.0,0.0
2045-10-12 20:00:00,0.0,0.0
2045-10-12 21:00:00,0.0,0.0
2045-10-12 22:00:00,0.0,0.0
2045-10-12 23:00:00,0.0,0.0
2045-10-13 00:00:00,0.0,0.0
2045-10-13 01:00:00,0.0,0.0
2045-10-13 02:00:00,0.0,5.355900070853816
2045-10-13 03:00:00,0.0,88.81867617499246
2045-10-13 04:00:00,0.0,185.67120245626563
2045-10-13 05:00:00,0.0,259.3148284305056
2045-10-13 06:00:00,0.0,304.3936540268586
2045-10-13 07:00:00,0.0,330.28050436931863
2045-10-13 08:00:00,0.0,332.95845440474557
2045-10-13 09:00:00,0.0,313.32015414494816
2045-10-13 10:00:00,0.0,271.8119285958312
2045-10-13 11:00:00,0.0,206.20215272787195
2045-10-13 12:00:00,0.0,117.82980155878394
2045-10-13 13:00:00,0.0,21.423600283415265
2045-10-13 14:00:00,0.0,0.0
2045-10-13 15:00:00,0.0,0.0
2045-10-13 16:00:00,0.0,0.0
2045-10-13 17:00:00,0.0,0.0
2045-10-13 18:00:00,0.0,0.0
2045-10-13 19:00:00,0.0,0.0
2045-10-13 20:00:00,0.0,0.0
2045-10-13 21:00:00,0.0,0.0
2045-10-13 22:00:00,0.0,0.0
2045-10-13 23:00:00,0.0,0.0
2045-10-14 00:00:00,0.0,0.0
2045-10-14 01:00:00,0.0,0.0
2045-10-14 02:00:00,0.0,1.338975017713454
2045-10-14 03:00:00,0.0,54.89797572625162
2045-10-14 04:00:00,0.0,134.3438267772499
2045-10-14 05:00:00,0.0,209.32642776920332
2045-10-14 06:00:00,0.0,256.63687839507867
2045-10-14 07:00:00,0.0,283.4163787493478
2045-10-14 08:00:00,0.0,298.5914289501003
2045-10-14 09:00:00,0.0,287.8796288083926
2045-10-14 10:00:00,0.0,252.61995334193836
2045-10-14 11:00:00,0.0,194.59770257435534
2045-10-14 12:00:00,0.0,113.8128765056436
2045-10-14 13:00:00,0.0,19.191975253892842
2045-10-14 14:00:00,0.0,0.0
2045-10-14 15:00:00,0.0,0.0
2045-10-14 16:00:00,0.0,0.0
2045-10-14 17:00:00,0.0,0.0
2045-10-14 18:00:00,0.0,0.0
2045-10-14 19:00:00,0.0,0.0
2045-10-14 20:00:00,0.0,0.0
2045-10-14 21:00:00,0.0,0.0
2045-10-14 22:00:00,0.0,0.0
2045-10-14 23:00:00,0.0,0.0
2045-10-15 00:00:00,0.0,0.0
2045-10-15 01:00:00,0.0,0.0
2045-10-15 02:00:00,0.0,4.9095750649493315
2045-10-15 03:00:00,0.0,85.69440113366106
2045-10-15 04:00:00,0.0,178.5300023617939
2045-10-15 05:00:00,0.0,257.52952840688766
2045-10-15 06:00:00,0.0,304.8399790327631
2045-10-15 07:00:00,0.0,329.3878543575097
2045-10-15 08:00:00,0.0,329.8341793634142
2045-10-15 09:00:00,0.0,311.53485412133034
2045-10-15 10:00:00,0.0,270.9192785840222
2045-10-15 11:00:00,0.0,207.98745275148988
2045-10-15 12:00:00,0.0,121.40040160601984
2045-10-15 13:00:00,0.0,22.316250295224236
2045-10-15 14:00:00,0.0,0.0
2045-10-15 15:00:00,0.0,0.0
2045-10-15 16:00:00,0.0,0.0
2045-10-15 17:00:00,0.0,0.0
2045-10-15 18:00:00,0.0,0.0
2045-10-15 19:00:00,0.0,0.0
2045-10-15 20:00:00,0.0,0.0
2045-10-15 21:00:00,0.0,0.0
2045-10-15 22:00:00,0.0,0.0
2045-10-15 23:00:00,0.0,0.0
2045-10-16 00:00:00,0.0,0.0
2045-10-16 01:00:00,0.0,0.0
2045-10-16 02:00:00,0.0,4.463250059044847
2045-10-16 03:00:00,0.0,86.58705114547003
2045-10-16 04:00:00,0.0,181.65427740312526
2045-10-16 05:00:00,0.0,253.5126033537473
2045-10-16 06:00:00,0.0,298.5914289501003
2045-10-16 07:00:00,0.0,323.58562928075145
2045-10-16 08:00:00,0.0,327.15622932798726
2045-10-16 09:00:00,0.0,308.85690408590335
2045-10-16 10:00:00,0.0,268.2413285485953
2045-10-16 11:00:00,0.0,204.41685270425396
2045-10-16 12:00:00,0.0,117.82980155878394
2045-10-16 13:00:00,0.0,20.530950271606297
2045-10-16 14:00:00,0.0,0.0
2045-10-16 15:00:00,0.0,0.0
2045-10-16 16:00:00,0.0,0.0
2045-10-16 17:00:00,0.0,0.0
2045-10-16 18:00:00,0.0,0.0
2045-10-16 19:00:00,0.0,0.0
2045-10-16 20:00:00,0.0,0.0
2045-10-16 21:00:00,0.0,0.0
2045-10-16 22:00:00,0.0,0.0
2045-10-16 23:00:00,0.0,0.0
2045-10-17 00:00:00,0.0,0.0
2045-10-17 01:00:00,0.0,0.0
2045-10-17 02:00:00,0.0,4.463250059044847
2045-10-17 03:00:00,0.0,89.26500118089695
2045-10-17 04:00:00,0.0,187.0101774739791
2045-10-17 05:00:00,0.0,259.7611534364101
2045-10-17 06:00:00,0.0,308.85690408590335
2045-10-17 07:00:00,0.0,332.95845440474557
2045-10-17 08:00:00,0.0,335.6364044401725
2045-10-17 09:00:00,0.0,315.10545416856615
2045-10-17 10:00:00,0.0,273.5972286194491
2045-10-17 11:00:00,0.0,207.98745275148988
2045-10-17 12:00:00,0.0,119.1687765764974
2045-10-17 13:00:00,0.0,20.530950271606297
2045-10-17 14:00:00,0.0,0.0
2045-10-17 15:00:00,0.0,0.0
2045-10-17 16:00:00,0.0,0.0
2045-10-17 17:00:00,0.0,0.0
2045-10-17 18:00:00,0.0,0.0
2045-10-17 19:00:00,0.0,0.0
2045-10-17 20:00:00,0.0,0.0
2045-10-17 21:00:00,0.0,0.0
2045-10-17 22:00:00,0.0,0.0
2045-10-17 23:00:00,0.0,0.0
2045-10-18 00:00:00,0.0,0.0
2045-10-18 01:00:00,0.0,0.0
2045-10-18 02:00:00,0.0,4.9095750649493315
2045-10-18 03:00:00,0.0,91.49662621041936
2045-10-18 04:00:00,0.0,188.3491524916925
2045-10-18 05:00:00,0.0,261.5464534600281
2045-10-18 06:00:00,0.0,308.4105790799989
2045-10-18 07:00:00,0.0,332.5121293988411
2045-10-18 08:00:00,0.0,335.190079434268
2045-10-18 09:00:00,0.0,316.4444291862797
2045-10-18 10:00:00,0.0,276.275178654876
2045-10-18 11:00:00,0.0,212.00437780463025
2045-10-18 12:00:00,0.0,124.52467664735124
2045-10-18 13:00:00,0.0,22.316250295224236
2045-10-18 14:00:00,0.0,0.0
2045-10-18 15:00:00,0.0,0.0
2045-10-18 16:00:00,0.0,0.0
2045-10-18 17:00:00,0.0,0.0
2045-10-18 18:00:00,0.0,0.0
2045-10-18 19:00:00,0.0,0.0
2045-10-18 20:00:00,0.0,0.0
2045-10-18 21:00:00,0.0,0.0
2045-10-18 22:00:00,0.0,0.0
2045-10-18 23:00:00,0.0,0.0
2045-10-19 00:00:00,0.0,0.0
2045-10-19 01:00:00,0.0,0.0
2045-10-19 02:00:00,0.0,4.463250059044847
2045-10-19 03:00:00,0.0,91.05030120451487
2045-10-19 04:00:00,0.0,187.90282748578807
2045-10-19 05:00:00,0.0,260.2074784423146
2045-10-19 06:00:00,0.0,303.9473290209541
2045-10-19 07:00:00,0.0,328.94152935160525
2045-10-19 08:00:00,0.0,332.5121293988411
2045-10-19 09:00:00,0.0,312.8738291390437
2045-10-19 10:00:00,0.0,272.7045786076402
2045-10-19 11:00:00,0.0,208.43377775739438
2045-10-19 12:00:00,0.0,121.40040160601984
2045-10-19 13:00:00,0.0,20.97727527751078
2045-10-19 14:00:00,0.0,0.0
2045-10-19 15:00:00,0.0,0.0
2045-10-19 16:00:00,0.0,0.0
2045-10-19 17:00:00,0.0,0.0
2045-10-19 18:00:00,0.0,0.0
2045-10-19 19:00:00,0.0,0.0
2045-10-19 20:00:00,0.0,0.0
2045-10-19 21:00:00,0.0,0.0
2045-10-19 22:00:00,0.0,0.0
2045-10-19 23:00:00,0.0,0.0
2045-10-20 00:00:00,0.0,0.0
2045-10-20 01:00:00,0.0,0.0
2045-10-20 02:00:00,0.0,4.463250059044847
2045-10-20 03:00:00,0.0,90.6039761986104
2045-10-20 04:00:00,0.0,187.90282748578807
2045-10-20 05:00:00,0.0,260.6538034482191
2045-10-20 06:00:00,0.0,305.73262904457204
2045-10-20 07:00:00,0.0,329.8341793634142
2045-10-20 08:00:00,0.0,332.5121293988411
2045-10-20 09:00:00,0.0,313.7664791508527
2045-10-20 10:00:00,0.0,272.7045786076402
2045-10-20 11:00:00,0.0,208.43377775739438
2045-10-20 12:00:00,0.0,120.50775159421087
2045-10-20 13:00:00,0.0,19.638300259797322
2045-10-20 14:00:00,0.0,0.0
2045-10-20 15:00:00,0.0,0.0
2045-10-20 16:00:00,0.0,0.0
2045-10-20 17:00:00,0.0,0.0
2045-10-20 18:00:00,0.0,0.0
2045-10-20 19:00:00,0.0,0.0
2045-10-20 20:00:00,0.0,0.0
2045-10-20 21:00:00,0.0,0.0
2045-10-20 22:00:00,0.0,0.0
2045-10-20 23:00:00,0.0,0.0
2045-10-21 00:00:00,0.0,0.0
2045-10-21 01:00:00,0.0,0.0
2045-10-21 02:00:00,0.0,2.677950035426908
2045-10-21 03:00:00,0.0,79.89217605690276
2045-10-21 04:00:00,0.0,176.74470233817593
2045-10-21 05:00:00,0.0,251.7273033301294
2045-10-21 06:00:00,0.0,301.71570399143167
2045-10-21 07:00:00,0.0,326.26357931617827
2045-10-21 08:00:00,0.0,329.3878543575097
2045-10-21 09:00:00,0.0,311.53485412133034
2045-10-21 10:00:00,0.0,271.3656035899267
2045-10-21 11:00:00,0.0,206.64847773377642
2045-10-21 12:00:00,0.0,118.72245157059294
2045-10-21 13:00:00,0.0,18.745650247988358
2045-10-21 14:00:00,0.0,0.0
2045-10-21 15:00:00,0.0,0.0
2045-10-21 16:00:00,0.0,0.0
2045-10-21 17:00:00,0.0,0.0
2045-10-21 18:00:00,0.0,0.0
2045-10-21 19:00:00,0.0,0.0
2045-10-21 20:00:00,0.0,0.0
2045-10-21 21:00:00,0.0,0.0
2045-10-21 22:00:00,0.0,0.0
2045-10-21 23:00:00,0.0,0.0
2045-10-22 00:00:00,0.0,0.0
2045-10-22 01:00:00,0.0,0.0
2045-10-22 02:00:00,0.0,2.677950035426908
2045-10-22 03:00:00,0.0,79.44585105099829
2045-10-22 04:00:00,0.0,178.08367735588942
2045-10-22 05:00:00,0.0,253.9589283596518
2045-10-22 06:00:00,0.0,300.3767289737183
2045-10-22 07:00:00,0.0,326.26357931617827
2045-10-22 08:00:00,0.0,329.8341793634142
2045-10-22 09:00:00,0.0,311.0885291154258
2045-10-22 10:00:00,0.0,270.9192785840222
2045-10-22 11:00:00,0.0,206.20215272787195
2045-10-22 12:00:00,0.0,117.82980155878394
2045-10-22 13:00:00,0.0,17.853000236179387
2045-10-22 14:00:00,0.0,0.0
2045-10-22 15:00:00,0.0,0.0
2045-10-22 16:00:00,0.0,0.0
2045-10-22 17:00:00,0.0,0.0
2045-10-22 18:00:00,0.0,0.0
2045-10-22 19:00:00,0.0,0.0
2045-10-22 20:00:00,0.0,0.0
2045-10-22 21:00:00,0.0,0.0
2045-10-22 22:00:00,0.0,0.0
2045-10-22 23:00:00,0.0,0.0
2045-10-23 00:00:00,0.0,0.0
2045-10-23 01:00:00,0.0,0.0
2045-10-23 02:00:00,0.0,1.7853000236179388
2045-10-23 03:00:00,0.0,74.08995098014447
2045-10-23 04:00:00,0.0,170.04982724960868
2045-10-23 05:00:00,0.0,245.47875324746664
2045-10-23 06:00:00,0.0,293.68185388515093
2045-10-23 07:00:00,0.0,319.1223792217065
2045-10-23 08:00:00,0.0,322.24665426303795
2045-10-23 09:00:00,0.0,303.5010040150496
2045-10-23 10:00:00,0.0,262.439103471837
2045-10-23 11:00:00,0.0,197.7219776156867
2045-10-23 12:00:00,0.0,111.13492647021668
2045-10-23 13:00:00,0.0,16.067700212561448
2045-10-23 14:00:00,0.0,0.0
2045-10-23 15:00:00,0.0,0.0
2045-10-23 16:00:00,0.0,0.0
2045-10-23 17:00:00,0.0,0.0
2045-10-23 18:00:00,0.0,0.0
2045-10-23 19:00:00,0.0,0.0
2045-10-23 20:00:00,0.0,0.0
2045-10-23 21:00:00,0.0,0.0
2045-10-23 22:00:00,0.0,0.0
2045-10-23 23:00:00,0.0,0.0
2045-10-24 00:00:00,0.0,0.0
2045-10-24 01:00:00,0.0,0.0
2045-10-24 02:00:00,0.0,2.2316250295224234
2045-10-24 03:00:00,0.0,80.33850106280725
2045-10-24 04:00:00,0.0,178.97632736769836
2045-10-24 05:00:00,0.0,253.06627834784285
2045-10-24 06:00:00,0.0,299.93040396781373
2045-10-24 07:00:00,0.0,324.9246042984648
2045-10-24 08:00:00,0.0,328.04887933979626
2045-10-24 09:00:00,0.0,309.30322909180785
2045-10-24 10:00:00,0.0,268.6876535544998
2045-10-24 11:00:00,0.0,204.41685270425396
2045-10-24 12:00:00,0.0,116.93715154697499
2045-10-24 13:00:00,0.0,16.96035022437042
2045-10-24 14:00:00,0.0,0.0
2045-10-24 15:00:00,0.0,0.0
2045-10-24 16:00:00,0.0,0.0
2045-10-24 17:00:00,0.0,0.0
2045-10-24 18:00:00,0.0,0.0
2045-10-24 19:00:00,0.0,0.0
2045-10-24 20:00:00,0.0,0.0
2045-10-24 21:00:00,0.0,0.0
2045-10-24 22:00:00,0.0,0.0
2045-10-24 23:00:00,0.0,0.0
2045-10-25 00:00:00,0.0,0.0
2045-10-25 01:00:00,0.0,0.0
2045-10-25 02:00:00,0.0,2.677950035426908
2045-10-25 03:00:00,0.0,87.9260261631835
2045-10-25 04:00:00,0.0,187.45650247988357
2045-10-25 05:00:00,0.0,261.1001284541236
2045-10-25 06:00:00,0.0,307.51792906818997
2045-10-25 07:00:00,0.0,331.61947938703213
2045-10-25 08:00:00,0.0,333.85110441655456
2045-10-25 09:00:00,0.0,315.10545416856615
2045-10-25 10:00:00,0.0,273.5972286194491
2045-10-25 11:00:00,0.0,207.98745275148988
2045-10-25 12:00:00,0.0,119.1687765764974
2045-10-25 13:00:00,0.0,16.96035022437042
2045-10-25 14:00:00,0.0,0.0
2045-10-25 15:00:00,0.0,0.0
2045-10-25 16:00:00,0.0,0.0
2045-10-25 17:00:00,0.0,0.0
2045-10-25 18:00:00,0.0,0.0
2045-10-25 19:00:00,0.0,0.0
2045-10-25 20:00:00,0.0,0.0
2045-10-25 21:00:00,0.0,0.0
2045-10-25 22:00:00,0.0,0.0
2045-10-25 23:00:00,0.0,0.0
2045-10-26 00:00:00,0.0,0.0
2045-10-26 01:00:00,0.0,0.0
2045-10-26 02:00:00,0.0,2.2316250295224234
2045-10-26 03:00:00,0.0,87.47970115727901
2045-10-26 04:00:00,0.0,187.90282748578807
2045-10-26 05:00:00,0.0,261.5464534600281
2045-10-26 06:00:00,0.0,307.0716040622855
2045-10-26 07:00:00,0.0,330.28050436931863
2045-10-26 08:00:00,0.0,332.95845440474557
2045-10-26 09:00:00,0.0,313.7664791508527
2045-10-26 10:00:00,0.0,272.7045786076402
2045-10-26 11:00:00,0.0,207.54112774558538
2045-10-26 12:00:00,0.0,119.61510158240189
2045-10-26 13:00:00,0.0,16.514025218465935
2045-10-26 14:00:00,0.0,0.0
2045-10-26 15:00:00,0.0,0.0
2045-10-26 16:00:00,0.0,0.0
2045-10-26 17:00:00,0.0,0.0
2045-10-26 18:00:00,0.0,0.0
2045-10-26 19:00:00,0.0,0.0
2045-10-26 20:00:00,0.0,0.0
2045-10-26 21:00:00,0.0,0.0
2045-10-26 22:00:00,0.0,0.0
2045-10-26 23:00:00,0.0,0.0
2045-10-27 00:00:00,0.0,0.0
2045-10-27 01:00:00,0.0,0.0
2045-10-27 02:00:00,0.0,1.7853000236179388
2045-10-27 03:00:00,0.0,84.3554261159476
2045-10-27 04:00:00,0.0,183.4395774267432
2045-10-27 05:00:00,0.0,257.52952840688766
2045-10-27 06:00:00,0.0,304.3936540268586
2045-10-27 07:00:00,0.0,329.3878543575097
2045-10-27 08:00:00,0.0,332.0658043929366
2045-10-27 09:00:00,0.0,313.32015414494816
2045-10-27 10:00:00,0.0,272.7045786076402
2045-10-27 11:00:00,0.0,207.54112774558538
2045-10-27 12:00:00,0.0,118.72245157059294
2045-10-27 13:00:00,0.0,16.067700212561448
2045-10-27 14:00:00,0.0,0.0
2045-10-27 15:00:00,0.0,0.0
2045-10-27 16:00:00,0.0,0.0
2045-10-27 17:00:00,0.0,0.0
2045-10-27 18:00:00,0.0,0.0
2045-10-27 19:00:00,0.0,0.0
2045-10-27 20:00:00,0.0,0.0
2045-10-27 21:00:00,0.0,0.0
2045-10-27 22:00:00,0.0,0.0
2045-10-27 23:00:00,0.0,0.0
2045-10-28 00:00:00,0.0,0.0
2045-10-28 01:00:00,0.0,0.0
2045-10-28 02:00:00,0.0,1.338975017713454
2045-10-28 03:00:00,0.0,78.10687603328482
2045-10-28 04:00:00,0.0,176.29837733227146
2045-10-28 05:00:00,0.0,250.8346533183204
2045-10-28 06:00:00,0.0,299.03775395600474
2045-10-28 07:00:00,0.0,323.58562928075145
2045-10-28 08:00:00,0.0,325.8172543102738
2045-10-28 09:00:00,0.0,306.62527905638103
2045-10-28 10:00:00,0.0,264.22440349545496
2045-10-28 11:00:00,0.0,197.27565260978224
2045-10-28 12:00:00,0.0,106.67167641117183
2045-10-28 13:00:00,0.0,12.497100165325572
2045-10-28 14:00:00,0.0,0.0
2045-10-28 15:00:00,0.0,0.0
2045-10-28 16:00:00,0.0,0.0
2045-10-28 17:00:00,0.0,0.0
2045-10-28 18:00:00,0.0,0.0
2045-10-28 19:00:00,0.0,0.0
2045-10-28 20:00:00,0.0,0.0
2045-10-28 21:00:00,0.0,0.0
2045-10-28 22:00:00,0.0,0.0
2045-10-28 23:00:00,0.0,0.0
2045-10-29 00:00:00,0.0,0.0
2045-10-29 01:00:00,0.0,0.0
2045-10-29 02:00:00,0.0,0.8926500118089694
2045-10-29 03:00:00,0.0,71.85832595062205
2045-10-29 04:00:00,0.0,173.62042729684453
2045-10-29 05:00:00,0.0,248.603028288798
2045-10-29 06:00:00,0.0,293.68185388515093
2045-10-29 07:00:00,0.0,317.78340420399314
2045-10-29 08:00:00,0.0,319.1223792217065
2045-10-29 09:00:00,0.0,299.03775395600474
2045-10-29 10:00:00,0.0,255.7442283832697
2045-10-29 11:00:00,0.0,187.45650247988357
2045-10-29 12:00:00,0.0,95.51355126355972
2045-10-29 13:00:00,0.0,8.926500118089693
2045-10-29 14:00:00,0.0,0.0
2045-10-29 15:00:00,0.0,0.0
2045-10-29 16:00:00,0.0,0.0
2045-10-29 17:00:00,0.0,0.0
2045-10-29 18:00:00,0.0,0.0
2045-10-29 19:00:00,0.0,0.0
2045-10-29 20:00:00,0.0,0.0
2045-10-29 21:00:00,0.0,0.0
2045-10-29 22:00:00,0.0,0.0
2045-10-29 23:00:00,0.0,0.0
2045-10-30 00:00:00,0.0,0.0
2045-10-30 01:00:00,0.0,0.0
2045-10-30 02:00:00,0.0,0.4463250059044847
2045-10-30 03:00:00,0.0,75.42892599785792
2045-10-30 04:00:00,0.0,174.06675230274902
2045-10-30 05:00:00,0.0,248.15670328289355
2045-10-30 06:00:00,0.0,294.1281788910555
2045-10-30 07:00:00,0.0,316.89075419218415
2045-10-30 08:00:00,0.0,315.99810418037515
2045-10-30 09:00:00,0.0,280.7384287139209
2045-10-30 10:00:00,0.0,214.68232784005716
2045-10-30 11:00:00,0.0,133.45117676544092
2045-10-30 12:00:00,0.0,58.91490077939197
2045-10-30 13:00:00,0.0,4.463250059044847
2045-10-30 14:00:00,0.0,0.0
2045-10-30 15:00:00,0.0,0.0
2045-10-30 16:00:00,0.0,0.0
2045-10-30 17:00:00,0.0,0.0
2045-10-30 18:00:00,0.0,0.0
2045-10-30 19:00:00,0.0,0.0
2045-10-30 20:00:00,0.0,0.0
2045-10-30 21:00:00,0.0,0.0
2045-10-30 22:00:00,0.0,0.0
2045-10-30 23:00:00,0.0,0.0
2045-10-31 00:00:00,0.0,0.0
2045-10-31 01:00:00,0.0,0.0
2045-10-31 02:00:00,0.0,0.0
2045-10-31 03:00:00,0.0,53.11267570263368
2045-10-31 04:00:00,0.0,128.54160170049158
2045-10-31 05:00:00,0.0,204.86317771015845
2045-10-31 06:00:00,0.0,263.77807848955047
2045-10-31 07:00:00,0.0,287.8796288083926
2045-10-31 08:00:00,0.0,288.7722788202016
2045-10-31 09:00:00,0.0,271.8119285958312
2045-10-31 10:00:00,0.0,224.50147796995577
2045-10-31 11:00:00,0.0,155.32110205476067
2045-10-31 12:00:00,0.0,82.12380108642519
2045-10-31 13:00:00,0.0,6.248550082662787
2045-10-31 14:00:00,0.0,0.0
2045-10-31 15:00:00,0.0,0.0
2045-10-31 16:00:00,0.0,0.0
2045-10-31 17:00:00,0.0,0.0
2045-10-31 18:00:00,0.0,0.0
2045-10-31 19:00:00,0.0,0.0
2045-10-31 20:00:00,0.0,0.0
2045-10-31 21:00:00,0.0,0.0
2045-10-31 22:00:00,0.0,0.0
2045-10-31 23:00:00,0.0,0.0
2045-11-01 00:00:00,0.0,0.0
2045-11-01 01:00:00,0.0,0.0
2045-11-01 02:00:00,0.0,0.0
2045-11-01 03:00:00,0.0,61.1465258089144
2045-11-01 04:00:00,0.0,167.81820222008625
2045-11-01 05:00:00,0.0,237.44490314118588
2045-11-01 06:00:00,0.0,289.2186038261061
2045-11-01 07:00:00,0.0,324.9246042984648
2045-11-01 08:00:00,0.0,330.72682937522313
2045-11-01 09:00:00,0.0,312.8738291390437
2045-11-01 10:00:00,0.0,272.7045786076402
2045-11-01 11:00:00,0.0,208.88010276329882
2045-11-01 12:00:00,0.0,121.40040160601984
2045-11-01 13:00:00,0.0,15.17505020075248
2045-11-01 14:00:00,0.0,0.0
2045-11-01 15:00:00,0.0,0.0
2045-11-01 16:00:00,0.0,0.0
2045-11-01 17:00:00,0.0,0.0
2045-11-01 18:00:00,0.0,0.0
2045-11-01 19:00:00,0.0,0.0
2045-11-01 20:00:00,0.0,0.0
2045-11-01 21:00:00,0.0,0.0
2045-11-01 22:00:00,0.0,0.0
2045-11-01 23:00:00,0.0,0.0
2045-11-02 00:00:00,0.0,0.0
2045-11-02 01:00:00,0.0,0.0
2045-11-02 02:00:00,0.0,0.4463250059044847
2045-11-02 03:00:00,0.0,75.8752510037624
2045-11-02 04:00:00,0.0,173.17410229094006
2045-11-02 05:00:00,0.0,247.2640532710845
2045-11-02 06:00:00,0.0,296.35980392057786
2045-11-02 07:00:00,0.0,320.9076792453245
2045-11-02 08:00:00,0.0,324.0319542866559
2045-11-02 09:00:00,0.0,305.73262904457204
2045-11-02 10:00:00,0.0,264.6707285013594
2045-11-02 11:00:00,0.0,199.95360264520917
2045-11-02 12:00:00,0.0,112.47390148793014
2045-11-02 13:00:00,0.0,12.497100165325572
2045-11-02 14:00:00,0.0,0.0
2045-11-02 15:00:00,0.0,0.0
2045-11-02 16:00:00,0.0,0.0
2045-11-02 17:00:00,0.0,0.0
2045-11-02 18:00:00,0.0,0.0
2045-11-02 19:00:00,0.0,0.0
2045-11-02 20:00:00,0.0,0.0
2045-11-02 21:00:00,0.0,0.0
2045-11-02 22:00:00,0.0,0.0
2045-11-02 23:00:00,0.0,0.0
2045-11-03 00:00:00,0.0,0.0
2045-11-03 01:00:00,0.0,0.0
2045-11-03 02:00:00,0.0,0.0
2045-11-03 03:00:00,0.0,70.96567593881308
2045-11-03 04:00:00,0.0,169.1571772377997
2045-11-03 05:00:00,0.0,244.13977822975315
2045-11-03 06:00:00,0.0,294.5745038969599
2045-11-03 07:00:00,0.0,320.0150292335155
2045-11-03 08:00:00,0.0,323.13930427484695
2045-11-03 09:00:00,0.0,304.8399790327631
2045-11-03 10:00:00,0.0,264.6707285013594
2045-11-03 11:00:00,0.0,199.95360264520917
2045-11-03 12:00:00,0.0,112.02757648202567
2045-11-03 13:00:00,0.0,12.050775159421088
2045-11-03 14:00:00,0.0,0.0
2045-11-03 15:00:00,0.0,0.0
2045-11-03 16:00:00,0.0,0.0
2045-11-03 17:00:00,0.0,0.0
2045-11-03 18:00:00,0.0,0.0
2045-11-03 19:00:00,0.0,0.0
2045-11-03 20:00:00,0.0,0.0
2045-11-03 21:00:00,0.0,0.0
2045-11-03 22:00:00,0.0,0.0
2045-11-03 23:00:00,0.0,0.0
2045-11-04 00:00:00,0.0,0.0
2045-11-04 01:00:00,0.0,0.0
2045-11-04 02:00:00,0.0,0.0
2045-11-04 03:00:00,0.0,69.62670092109961
2045-11-04 04:00:00,0.0,168.26452722599075
2045-11-04 05:00:00,0.0,244.13977822975315
2045-11-04 06:00:00,0.0,291.003903849724
2045-11-04 07:00:00,0.0,316.89075419218415
2045-11-04 08:00:00,0.0,320.46135423942
2045-11-04 09:00:00,0.0,303.5010040150496
2045-11-04 10:00:00,0.0,261.99277846593253
2045-11-04 11:00:00,0.0,195.4903525861643
2045-11-04 12:00:00,0.0,105.3327013934584
2045-11-04 13:00:00,0.0,10.265475135803149
2045-11-04 14:00:00,0.0,0.0
2045-11-04 15:00:00,0.0,0.0
2045-11-04 16:00:00,0.0,0.0
2045-11-04 17:00:00,0.0,0.0
2045-11-04 18:00:00,0.0,0.0
2045-11-04 19:00:00,0.0,0.0
2045-11-04 20:00:00,0.0,0.0
2045-11-04 21:00:00,0.0,0.0
2045-11-04 22:00:00,0.0,0.0
2045-11-04 23:00:00,0.0,0.0
2045-11-05 00:00:00,0.0,0.0
2045-11-05 01:00:00,0.0,0.0
2045-11-05 02:00:00,0.0,0.0
2045-11-05 03:00:00,0.0,62.93182583253233
2045-11-05 04:00:00,0.0,165.58657719056382
2045-11-05 05:00:00,0.0,245.92507825337108
2045-11-05 06:00:00,0.0,294.5745038969599
2045-11-05 07:00:00,0.0,320.0150292335155
2045-11-05 08:00:00,0.0,322.24665426303795
2045-11-05 09:00:00,0.0,303.0546790091451
2045-11-05 10:00:00,0.0,260.6538034482191
2045-11-05 11:00:00,0.0,193.70505256254634
2045-11-05 12:00:00,0.0,103.10107636393597
2045-11-05 13:00:00,0.0,8.926500118089693
2045-11-05 14:00:00,0.0,0.0
2045-11-05 15:00:00,0.0,0.0
2045-11-05 16:00:00,0.0,0.0
2045-11-05 17:00:00,0.0,0.0
2045-11-05 18:00:00,0.0,0.0
2045-11-05 19:00:00,0.0,0.0
2045-11-05 20:00:00,0.0,0.0
2045-11-05 21:00:00,0.0,0.0
2045-11-05 22:00:00,0.0,0.0
2045-11-05 23:00:00,0.0,0.0
2045-11-06 00:00:00,0.0,0.0
2045-11-06 01:00:00,0.0,0.0
2045-11-06 02:00:00,0.0,0.0
2045-11-06 03:00:00,0.0,64.27080085024579
2045-11-06 04:00:00,0.0,158.89170210199657
2045-11-06 05:00:00,0.0,232.08900307033207
2045-11-06 06:00:00,0.0,291.003903849724
2045-11-06 07:00:00,0.0,317.3370791980886
2045-11-06 08:00:00,0.0,319.568704227611
2045-11-06 09:00:00,0.0,302.1620289973361
2045-11-06 10:00:00,0.0,260.6538034482191
2045-11-06 11:00:00,0.0,195.04402758025984
2045-11-06 12:00:00,0.0,106.67167641117183
2045-11-06 13:00:00,0.0,9.819150129898661
2045-11-06 14:00:00,0.0,0.0
2045-11-06 15:00:00,0.0,0.0
2045-11-06 16:00:00,0.0,0.0
2045-11-06 17:00:00,0.0,0.0
2045-11-06 18:00:00,0.0,0.0
2045-11-06 19:00:00,0.0,0.0
2045-11-06 20:00:00,0.0,0.0
2045-11-06 21:00:00,0.0,0.0
2045-11-06 22:00:00,0.0,0.0
2045-11-06 23:00:00,0.0,0.0
2045-11-07 00:00:00,0.0,0.0
2045-11-07 01:00:00,0.0,0.0
2045-11-07 02:00:00,0.0,0.0
2045-11-07 03:00:00,0.0,69.18037591519513
2045-11-07 04:00:00,0.0,166.47922720237278
2045-11-07 05:00:00,0.0,241.90815320023074
2045-11-07 06:00:00,0.0,293.68185388515093
2045-11-07 07:00:00,0.0,318.2297292098976
2045-11-07 08:00:00,0.0,321.80032925713346
2045-11-07 09:00:00,0.0,298.14510394419574
2045-11-07 10:00:00,0.0,256.1905533891742
2045-11-07 11:00:00,0.0,170.04982724960868
2045-11-07 12:00:00,0.0,81.2311510746162
2045-11-07 13:00:00,0.0,4.9095750649493315
2045-11-07 14:00:00,0.0,0.0
2045-11-07 15:00:00,0.0,0.0
2045-11-07 16:00:00,0.0,0.0
2045-11-07 17:00:00,0.0,0.0
2045-11-07 18:00:00,0.0,0.0
2045-11-07 19:00:00,0.0,0.0
2045-11-07 20:00:00,0.0,0.0
2045-11-07 21:00:00,0.0,0.0
2045-11-07 22:00:00,0.0,0.0
2045-11-07 23:00:00,0.0,0.0
2045-11-08 00:00:00,0.0,0.0
2045-11-08 01:00:00,0.0,0.0
2045-11-08 02:00:00,0.0,0.0
2045-11-08 03:00:00,0.0,66.9487508856727
2045-11-08 04:00:00,0.0,163.8012771669459
2045-11-08 05:00:00,0.0,236.10592812347238
2045-11-08 06:00:00,0.0,291.003903849724
2045-11-08 07:00:00,0.0,316.4444291862797
2045-11-08 08:00:00,0.0,306.1789540504766
2045-11-08 09:00:00,0.0,252.61995334193836
2045-11-08 10:00:00,0.0,205.30950271606295
2045-11-08 11:00:00,0.0,170.94247726141762
2045-11-08 12:00:00,0.0,93.72825123994178
2045-11-08 13:00:00,0.0,8.033850106280724
2045-11-08 14:00:00,0.0,0.0
2045-11-08 15:00:00,0.0,0.0
2045-11-08 16:00:00,0.0,0.0
2045-11-08 17:00:00,0.0,0.0
2045-11-08 18:00:00,0.0,0.0
2045-11-08 19:00:00,0.0,0.0
2045-11-08 20:00:00,0.0,0.0
2045-11-08 21:00:00,0.0,0.0
2045-11-08 22:00:00,0.0,0.0
2045-11-08 23:00:00,0.0,0.0
2045-11-09 00:00:00,0.0,0.0
2045-11-09 01:00:00,0.0,0.0
2045-11-09 02:00:00,0.0,0.0
2045-11-09 03:00:00,0.0,48.649425643588835
2045-11-09 04:00:00,0.0,153.9821270370472
2045-11-09 05:00:00,0.0,236.10592812347238
2045-11-09 06:00:00,0.0,280.7384287139209
2045-11-09 07:00:00,0.0,311.53485412133034
2045-11-09 08:00:00,0.0,322.69297926894245
2045-11-09 09:00:00,0.0,309.7495540977124
2045-11-09 10:00:00,0.0,269.1339785604043
2045-11-09 11:00:00,0.0,203.52420269244504
2045-11-09 12:00:00,0.0,114.70552651745257
2045-11-09 13:00:00,0.0,10.711800141707633
2045-11-09 14:00:00,0.0,0.0
2045-11-09 15:00:00,0.0,0.0
2045-11-09 16:00:00,0.0,0.0
2045-11-09 17:00:00,0.0,0.0
2045-11-09 18:00:00,0.0,0.0
2045-11-09 19:00:00,0.0,0.0
2045-11-09 20:00:00,0.0,0.0
2045-11-09 21:00:00,0.0,0.0
2045-11-09 22:00:00,0.0,0.0
2045-11-09 23:00:00,0.0,0.0
2045-11-10 00:00:00,0.0,0.0
2045-11-10 01:00:00,0.0,0.0
2045-11-10 02:00:00,0.0,0.0
2045-11-10 03:00:00,0.0,55.3443007321561
2045-11-10 04:00:00,0.0,164.24760217285038
2045-11-10 05:00:00,0.0,232.5353280762365
2045-11-10 06:00:00,0.0,299.03775395600474
2045-11-10 07:00:00,0.0,326.7099043220828
2045-11-10 08:00:00,0.0,329.8341793634142
2045-11-10 09:00:00,0.0,311.0885291154258
2045-11-10 10:00:00,0.0,270.0266285722132
2045-11-10 11:00:00,0.0,204.41685270425396
2045-11-10 12:00:00,0.0,113.36655149973912
2045-11-10 13:00:00,0.0,9.819150129898661
2045-11-10 14:00:00,0.0,0.0
2045-11-10 15:00:00,0.0,0.0
2045-11-10 16:00:00,0.0,0.0
2045-11-10 17:00:00,0.0,0.0
2045-11-10 18:00:00,0.0,0.0
2045-11-10 19:00:00,0.0,0.0
2045-11-10 20:00:00,0.0,0.0
2045-11-10 21:00:00,0.0,0.0
2045-11-10 22:00:00,0.0,0.0
2045-11-10 23:00:00,0.0,0.0
2045-11-11 00:00:00,0.0,0.0
2045-11-11 01:00:00,0.0,0.0
2045-11-11 02:00:00,0.0,0.0
2045-11-11 03:00:00,0.0,66.50242587976823
2045-11-11 04:00:00,0.0,164.24760217285038
2045-11-11 05:00:00,0.0,241.01550318842175
2045-11-11 06:00:00,0.0,292.3428788674375
2045-11-11 07:00:00,0.0,318.2297292098976
2045-11-11 08:00:00,0.0,321.80032925713346
2045-11-11 09:00:00,0.0,301.26937898552717
2045-11-11 10:00:00,0.0,256.1905533891742
2045-11-11 11:00:00,0.0,184.33222743855217
2045-11-11 12:00:00,0.0,74.08995098014447
2045-11-11 13:00:00,0.0,2.677950035426908
2045-11-11 14:00:00,0.0,0.0
2045-11-11 15:00:00,0.0,0.0
2045-11-11 16:00:00,0.0,0.0
2045-11-11 17:00:00,0.0,0.0
2045-11-11 18:00:00,0.0,0.0
2045-11-11 19:00:00,0.0,0.0
2045-11-11 20:00:00,0.0,0.0
2045-11-11 21:00:00,0.0,0.0
2045-11-11 22:00:00,0.0,0.0
2045-11-11 23:00:00,0.0,0.0
2045-11-12 00:00:00,0.0,0.0
2045-11-12 01:00:00,0.0,0.0
2045-11-12 02:00:00,0.0,0.0
2045-11-12 03:00:00,0.0,59.36122578529647
2045-11-12 04:00:00,0.0,154.87477704885617
2045-11-12 05:00:00,0.0,226.28677799357376
2045-11-12 06:00:00,0.0,274.0435536253536
2045-11-12 07:00:00,0.0,296.35980392057786
2045-11-12 08:00:00,0.0,296.35980392057786
2045-11-12 09:00:00,0.0,274.0435536253536
2045-11-12 10:00:00,0.0,225.39412798176477
2045-11-12 11:00:00,0.0,153.9821270370472
2045-11-12 12:00:00,0.0,68.73405090929064
2045-11-12 13:00:00,0.0,4.016925053140362
2045-11-12 14:00:00,0.0,0.0
2045-11-12 15:00:00,0.0,0.0
2045-11-12 16:00:00,0.0,0.0
2045-11-12 17:00:00,0.0,0.0
2045-11-12 18:00:00,0.0,0.0
2045-11-12 19:00:00,0.0,0.0
2045-11-12 20:00:00,0.0,0.0
2045-11-12 21:00:00,0.0,0.0
2045-11-12 22:00:00,0.0,0.0
2045-11-12 23:00:00,0.0,0.0
2045-11-13 00:00:00,0.0,0.0
2045-11-13 01:00:00,0.0,0.0
2045-11-13 02:00:00,0.0,0.0
2045-11-13 03:00:00,0.0,57.575925761678526
2045-11-13 04:00:00,0.0,151.7505020075248
2045-11-13 05:00:00,0.0,226.28677799357376
2045-11-13 06:00:00,0.0,272.2582536017357
2045-11-13 07:00:00,0.0,294.1281788910555
2045-11-13 08:00:00,0.0,289.2186038261061
2045-11-13 09:00:00,0.0,249.49567830060695
2045-11-13 10:00:00,0.0,195.04402758025984
2045-11-13 11:00:00,0.0,120.95407660011537
2045-11-13 12:00:00,0.0,54.89797572625162
2045-11-13 13:00:00,0.0,4.9095750649493315
2045-11-13 14:00:00,0.0,0.0
2045-11-13 15:00:00,0.0,0.0
2045-11-13 16:00:00,0.0,0.0
2045-11-13 17:00:00,0.0,0.0
2045-11-13 18:00:00,0.0,0.0
2045-11-13 19:00:00,0.0,0.0
2045-11-13 20:00:00,0.0,0.0
2045-11-13 21:00:00,0.0,0.0
2045-11-13 22:00:00,0.0,0.0
2045-11-13 23:00:00,0.0,0.0
2045-11-14 00:00:00,0.0,0.0
2045-11-14 01:00:00,0.0,0.0
2045-11-14 02:00:00,0.0,0.0
2045-11-14 03:00:00,0.0,67.84140089748168
2045-11-14 04:00:00,0.0,168.26452722599075
2045-11-14 05:00:00,0.0,245.47875324746664
2045-11-14 06:00:00,0.0,295.46715390876886
2045-11-14 07:00:00,0.0,319.1223792217065
2045-11-14 08:00:00,0.0,322.69297926894245
2045-11-14 09:00:00,0.0,304.8399790327631
2045-11-14 10:00:00,0.0,262.439103471837
2045-11-14 11:00:00,0.0,191.02710252711944
2045-11-14 12:00:00,0.0,102.20842635212698
2045-11-14 13:00:00,0.0,7.141200094471755
2045-11-14 14:00:00,0.0,0.0
2045-11-14 15:00:00,0.0,0.0
2045-11-14 16:00:00,0.0,0.0
2045-11-14 17:00:00,0.0,0.0
2045-11-14 18:00:00,0.0,0.0
2045-11-14 19:00:00,0.0,0.0
2045-11-14 20:00:00,0.0,0.0
2045-11-14 21:00:00,0.0,0.0
2045-11-14 22:00:00,0.0,0.0
2045-11-14 23:00:00,0.0,0.0
2045-11-15 00:00:00,0.0,0.0
2045-11-15 01:00:00,0.0,0.0
2045-11-15 02:00:00,0.0,0.0
2045-11-15 03:00:00,0.0,70.51935093290858
2045-11-15 04:00:00,0.0,174.06675230274902
2045-11-15 05:00:00,0.0,250.38832831241595
2045-11-15 06:00:00,0.0,300.8230539796227
2045-11-15 07:00:00,0.0,326.26357931617827
2045-11-15 08:00:00,0.0,329.8341793634142
2045-11-15 09:00:00,0.0,311.53485412133034
2045-11-15 10:00:00,0.0,270.4729535781177
2045-11-15 11:00:00,0.0,205.30950271606295
2045-11-15 12:00:00,0.0,114.25920151154808
2045-11-15 13:00:00,0.0,8.033850106280724
2045-11-15 14:00:00,0.0,0.0
2045-11-15 15:00:00,0.0,0.0
2045-11-15 16:00:00,0.0,0.0
2045-11-15 17:00:00,0.0,0.0
2045-11-15 18:00:00,0.0,0.0
2045-11-15 19:00:00,0.0,0.0
2045-11-15 20:00:00,0.0,0.0
2045-11-15 21:00:00,0.0,0.0
2045-11-15 22:00:00,0.0,0.0
2045-11-15 23:00:00,0.0,0.0
2045-11-16 00:00:00,0.0,0.0
2045-11-16 01:00:00,0.0,0.0
2045-11-16 02:00:00,0.0,0.0
2045-11-16 03:00:00,0.0,73.64362597423998
2045-11-16 04:00:00,0.0,175.852052326367
2045-11-16 05:00:00,0.0,251.2809783242249
2045-11-16 06:00:00,0.0,303.0546790091451
2045-11-16 07:00:00,0.0,329.8341793634142
2045-11-16 08:00:00,0.0,332.95845440474557
2045-11-16 09:00:00,0.0,314.2128041567572
2045-11-16 10:00:00,0.0,273.15090361354464
2045-11-16 11:00:00,0.0,207.54112774558538
2045-11-16 12:00:00,0.0,117.82980155878394
2045-11-16 13:00:00,0.0,9.372825123994179
2045-11-16 14:00:00,0.0,0.0
2045-11-16 15:00:00,0.0,0.0
2045-11-16 16:00:00,0.0,0.0
2045-11-16 17:00:00,0.0,0.0
2045-11-16 18:00:00,0.0,0.0
2045-11-16 19:00:00,0.0,0.0
2045-11-16 20:00:00,0.0,0.0
2045-11-16 21:00:00,0.0,0.0
2045-11-16 22:00:00,0.0,0.0
2045-11-16 23:00:00,0.0,0.0
2045-11-17 00:00:00,0.0,0.0
2045-11-17 01:00:00,0.0,0.0
2045-11-17 02:00:00,0.0,0.0
2045-11-17 03:00:00,0.0,78.10687603328482
2045-11-17 04:00:00,0.0,180.7616273913163
2045-11-17 05:00:00,0.0,257.08320340098317
2045-11-17 06:00:00,0.0,306.62527905638103
2045-11-17 07:00:00,0.0,331.17315438112763
2045-11-17 08:00:00,0.0,333.85110441655456
2045-11-17 09:00:00,0.0,315.10545416856615
2045-11-17 10:00:00,0.0,273.15090361354464
2045-11-17 11:00:00,0.0,207.0948027396809
2045-11-17 12:00:00,0.0,116.04450153516603
2045-11-17 13:00:00,0.0,8.48017511218521
2045-11-17 14:00:00,0.0,0.0
2045-11-17 15:00:00,0.0,0.0
2045-11-17 16:00:00,0.0,0.0
2045-11-17 17:00:00,0.0,0.0
2045-11-17 18:00:00,0.0,0.0
2045-11-17 19:00:00,0.0,0.0
2045-11-17 20:00:00,0.0,0.0
2045-11-17 21:00:00,0.0,0.0
2045-11-17 22:00:00,0.0,0.0
2045-11-17 23:00:00,0.0,0.0
2045-11-18 00:00:00,0.0,0.0
2045-11-18 01:00:00,0.0,0.0
2045-11-18 02:00:00,0.0,0.0
2045-11-18 03:00:00,0.0,41.95455055502156
2045-11-18 04:00:00,0.0,124.52467664735124
2045-11-18 05:00:00,0.0,203.52420269244504
2045-11-18 06:00:00,0.0,253.06627834784285
2045-11-18 07:00:00,0.0,272.7045786076402
2045-11-18 08:00:00,0.0,260.2074784423146
2045-11-18 09:00:00,0.0,227.6257530112872
2045-11-18 10:00:00,0.0,178.08367735588942
2045-11-18 11:00:00,0.0,121.40040160601984
2045-11-18 12:00:00,0.0,58.46857577348751
2045-11-18 13:00:00,0.0,1.7853000236179388
2045-11-18 14:00:00,0.0,0.0
2045-11-18 15:00:00,0.0,0.0
2045-11-18 16:00:00,0.0,0.0
2045-11-18 17:00:00,0.0,0.0
2045-11-18 18:00:00,0.0,0.0
2045-11-18 19:00:00,0.0,0.0
2045-11-18 20:00:00,0.0,0.0
2045-11-18 21:00:00,0.0,0.0
2045-11-18 22:00:00,0.0,0.0
2045-11-18 23:00:00,0.0,0.0
2045-11-19 00:00:00,0.0,0.0
2045-11-19 01:00:00,0.0,0.0
2045-11-19 02:00:00,0.0,0.0
2045-11-19 03:00:00,0.0,49.988400661302286
2045-11-19 04:00:00,0.0,116.4908265410705
2045-11-19 05:00:00,0.0,178.5300023617939
2045-11-19 06:00:00,0.0,219.5919029050065
2045-11-19 07:00:00,0.0,243.24712821794418
2045-11-19 08:00:00,0.0,265.1170535072639
2045-11-19 09:00:00,0.0,283.8627037552523
2045-11-19 10:00:00,0.0,257.08320340098317
2045-11-19 11:00:00,0.0,191.47342753302394
2045-11-19 12:00:00,0.0,90.15765119270593
2045-11-19 13:00:00,0.0,3.5706000472358776
2045-11-19 14:00:00,0.0,0.0
2045-11-19 15:00:00,0.0,0.0
2045-11-19 16:00:00,0.0,0.0
2045-11-19 17:00:00,0.0,0.0
2045-11-19 18:00:00,0.0,0.0
2045-11-19 19:00:00,0.0,0.0
2045-11-19 20:00:00,0.0,0.0
2045-11-19 21:00:00,0.0,0.0
2045-11-19 22:00:00,0.0,0.0
2045-11-19 23:00:00,0.0,0.0
2045-11-20 00:00:00,0.0,0.0
2045-11-20 01:00:00,0.0,0.0
2045-11-20 02:00:00,0.0,0.0
2045-11-20 03:00:00,0.0,49.5420756553978
2045-11-20 04:00:00,0.0,147.73357695438443
2045-11-20 05:00:00,0.0,224.05515296405133
2045-11-20 06:00:00,0.0,263.33175348364597
2045-11-20 07:00:00,0.0,294.5745038969599
2045-11-20 08:00:00,0.0,307.9642540740944
2045-11-20 09:00:00,0.0,292.3428788674375
2045-11-20 10:00:00,0.0,248.15670328289355
2045-11-20 11:00:00,0.0,177.63735234998492
2045-11-20 12:00:00,0.0,76.76790101557137
2045-11-20 13:00:00,0.0,3.1242750413313933
2045-11-20 14:00:00,0.0,0.0
2045-11-20 15:00:00,0.0,0.0
2045-11-20 16:00:00,0.0,0.0
2045-11-20 17:00:00,0.0,0.0
2045-11-20 18:00:00,0.0,0.0
2045-11-20 19:00:00,0.0,0.0
2045-11-20 20:00:00,0.0,0.0
2045-11-20 21:00:00,0.0,0.0
2045-11-20 22:00:00,0.0,0.0
2045-11-20 23:00:00,0.0,0.0
2045-11-21 00:00:00,0.0,0.0
2045-11-21 01:00:00,0.0,0.0
2045-11-21 02:00:00,0.0,0.0
2045-11-21 03:00:00,0.0,49.5420756553978
2045-11-21 04:00:00,0.0,140.5923768599127
2045-11-21 05:00:00,0.0,219.5919029050065
2045-11-21 06:00:00,0.0,260.6538034482191
2045-11-21 07:00:00,0.0,283.8627037552523
2045-11-21 08:00:00,0.0,283.4163787493478
2045-11-21 09:00:00,0.0,256.63687839507867
2045-11-21 10:00:00,0.0,214.68232784005716
2045-11-21 11:00:00,0.0,146.84092694257546
2045-11-21 12:00:00,0.0,54.45165072034713
2045-11-21 13:00:00,0.0,0.8926500118089694
2045-11-21 14:00:00,0.0,0.0
2045-11-21 15:00:00,0.0,0.0
2045-11-21 16:00:00,0.0,0.0
2045-11-21 17:00:00,0.0,0.0
2045-11-21 18:00:00,0.0,0.0
2045-11-21 19:00:00,0.0,0.0
2045-11-21 20:00:00,0.0,0.0
2045-11-21 21:00:00,0.0,0.0
2045-11-21 22:00:00,0.0,0.0
2045-11-21 23:00:00,0.0,0.0
2045-11-22 00:00:00,0.0,0.0
2045-11-22 01:00:00,0.0,0.0
2045-11-22 02:00:00,0.0,0.0
2045-11-22 03:00:00,0.0,43.739850578639505
2045-11-22 04:00:00,0.0,140.1460518540082
2045-11-22 05:00:00,0.0,224.50147796995577
2045-11-22 06:00:00,0.0,284.30902876115675
2045-11-22 07:00:00,0.0,309.30322909180785
2045-11-22 08:00:00,0.0,311.0885291154258
2045-11-22 09:00:00,0.0,296.8061289264823
2045-11-22 10:00:00,0.0,253.06627834784285
2045-11-22 11:00:00,0.0,184.33222743855217
2045-11-22 12:00:00,0.0,91.49662621041936
2045-11-22 13:00:00,0.0,4.016925053140362
2045-11-22 14:00:00,0.0,0.0
2045-11-22 15:00:00,0.0,0.0
2045-11-22 16:00:00,0.0,0.0
2045-11-22 17:00:00,0.0,0.0
2045-11-22 18:00:00,0.0,0.0
2045-11-22 19:00:00,0.0,0.0
2045-11-22 20:00:00,0.0,0.0
2045-11-22 21:00:00,0.0,0.0
2045-11-22 22:00:00,0.0,0.0
2045-11-22 23:00:00,0.0,0.0
2045-11-23 00:00:00,0.0,0.0
2045-11-23 01:00:00,0.0,0.0
2045-11-23 02:00:00,0.0,0.0
2045-11-23 03:00:00,0.0,41.061900543212595
2045-11-23 04:00:00,0.0,111.13492647021668
2045-11-23 05:00:00,0.0,168.26452722599075
2045-11-23 06:00:00,0.0,210.6654027869168
2045-11-23 07:00:00,0.0,245.92507825337108
2045-11-23 08:00:00,0.0,277.167828666685
2045-11-23 09:00:00,0.0,266.90235353088184
2045-11-23 10:00:00,0.0,222.71617794633787
2045-11-23 11:00:00,0.0,167.37187721418178
2045-11-23 12:00:00,0.0,76.3215760096669
2045-11-23 13:00:00,0.0,1.338975017713454
2045-11-23 14:00:00,0.0,0.0
2045-11-23 15:00:00,0.0,0.0
2045-11-23 16:00:00,0.0,0.0
2045-11-23 17:00:00,0.0,0.0
2045-11-23 18:00:00,0.0,0.0
2045-11-23 19:00:00,0.0,0.0
2045-11-23 20:00:00,0.0,0.0
2045-11-23 21:00:00,0.0,0.0
2045-11-23 22:00:00,0.0,0.0
2045-11-23 23:00:00,0.0,0.0
2045-11-24 00:00:00,0.0,0.0
2045-11-24 01:00:00,0.0,0.0
2045-11-24 02:00:00,0.0,0.0
2045-11-24 03:00:00,0.0,49.5420756553978
2045-11-24 04:00:00,0.0,150.41152698981136
2045-11-24 05:00:00,0.0,227.6257530112872
2045-11-24 06:00:00,0.0,275.8288536489715
2045-11-24 07:00:00,0.0,299.93040396781373
2045-11-24 08:00:00,0.0,299.93040396781373
2045-11-24 09:00:00,0.0,281.6310787257299
2045-11-24 10:00:00,0.0,236.55225312937688
2045-11-24 11:00:00,0.0,164.69392717875485
2045-11-24 12:00:00,0.0,66.05610087386374
2045-11-24 13:00:00,0.0,2.2316250295224234
2045-11-24 14:00:00,0.0,0.0
2045-11-24 15:00:00,0.0,0.0
2045-11-24 16:00:00,0.0,0.0
2045-11-24 17:00:00,0.0,0.0
2045-11-24 18:00:00,0.0,0.0
2045-11-24 19:00:00,0.0,0.0
2045-11-24 20:00:00,0.0,0.0
2045-11-24 21:00:00,0.0,0.0
2045-11-24 22:00:00,0.0,0.0
2045-11-24 23:00:00,0.0,0.0
2045-11-25 00:00:00,0.0,0.0
2045-11-25 01:00:00,0.0,0.0
2045-11-25 02:00:00,0.0,0.0
2045-11-25 03:00:00,0.0,55.79062573806059
2045-11-25 04:00:00,0.0,154.87477704885617
2045-11-25 05:00:00,0.0,232.5353280762365
2045-11-25 06:00:00,0.0,283.8627037552523
2045-11-25 07:00:00,0.0,310.19587910361685
2045-11-25 08:00:00,0.0,313.7664791508527
2045-11-25 09:00:00,0.0,295.9134789146733
2045-11-25 10:00:00,0.0,243.69345322384865
2045-11-25 11:00:00,0.0,180.7616273913163
2045-11-25 12:00:00,0.0,79.44585105099829
2045-11-25 13:00:00,0.0,3.1242750413313933
2045-11-25 14:00:00,0.0,0.0
2045-11-25 15:00:00,0.0,0.0
2045-11-25 16:00:00,0.0,0.0
2045-11-25 17:00:00,0.0,0.0
2045-11-25 18:00:00,0.0,0.0
2045-11-25 19:00:00,0.0,0.0
2045-11-25 20:00:00,0.0,0.0
2045-11-25 21:00:00,0.0,0.0
2045-11-25 22:00:00,0.0,0.0
2045-11-25 23:00:00,0.0,0.0
2045-11-26 00:00:00,0.0,0.0
2045-11-26 01:00:00,0.0,0.0
2045-11-26 02:00:00,0.0,0.0
2045-11-26 03:00:00,0.0,58.02225076758302
2045-11-26 04:00:00,0.0,159.338027107901
2045-11-26 05:00:00,0.0,238.3375531529948
2045-11-26 06:00:00,0.0,289.2186038261061
2045-11-26 07:00:00,0.0,315.10545416856615
2045-11-26 08:00:00,0.0,318.6760542158021
2045-11-26 09:00:00,0.0,299.93040396781373
2045-11-26 10:00:00,0.0,258.8685034246011
2045-11-26 11:00:00,0.0,190.58077752121494
2045-11-26 12:00:00,0.0,98.19150129898662
2045-11-26 13:00:00,0.0,4.016925053140362
2045-11-26 14:00:00,0.0,0.0
2045-11-26 15:00:00,0.0,0.0
2045-11-26 16:00:00,0.0,0.0
2045-11-26 17:00:00,0.0,0.0
2045-11-26 18:00:00,0.0,0.0
2045-11-26 19:00:00,0.0,0.0
2045-11-26 20:00:00,0.0,0.0
2045-11-26 21:00:00,0.0,0.0
2045-11-26 22:00:00,0.0,0.0
2045-11-26 23:00:00,0.0,0.0
2045-11-27 00:00:00,0.0,0.0
2045-11-27 01:00:00,0.0,0.0
2045-11-27 02:00:00,0.0,0.0
2045-11-27 03:00:00,0.0,63.378150838436824
2045-11-27 04:00:00,0.0,166.47922720237278
2045-11-27 05:00:00,0.0,244.13977822975315
2045-11-27 06:00:00,0.0,295.9134789146733
2045-11-27 07:00:00,0.0,322.24665426303795
2045-11-27 08:00:00,0.0,325.8172543102738
2045-11-27 09:00:00,0.0,307.0716040622855
2045-11-27 10:00:00,0.0,265.1170535072639
2045-11-27 11:00:00,0.0,197.7219776156867
2045-11-27 12:00:00,0.0,104.88637638755391
2045-11-27 13:00:00,0.0,4.9095750649493315
2045-11-27 14:00:00,0.0,0.0
2045-11-27 15:00:00,0.0,0.0
2045-11-27 16:00:00,0.0,0.0
2045-11-27 17:00:00,0.0,0.0
2045-11-27 18:00:00,0.0,0.0
2045-11-27 19:00:00,0.0,0.0
2045-11-27 20:00:00,0.0,0.0
2045-11-27 21:00:00,0.0,0.0
2045-11-27 22:00:00,0.0,0.0
2045-11-27 23:00:00,0.0,0.0
2045-11-28 00:00:00,0.0,0.0
2045-11-28 01:00:00,0.0,0.0
2045-11-28 02:00:00,0.0,0.0
2045-11-28 03:00:00,0.0,53.559000708538164
2045-11-28 04:00:00,0.0,161.12332713151898
2045-11-28 05:00:00,0.0,238.3375531529948
2045-11-28 06:00:00,0.0,284.7553537670612
2045-11-28 07:00:00,0.0,315.99810418037515
2045-11-28 08:00:00,0.0,320.9076792453245
2045-11-28 09:00:00,0.0,300.3767289737183
2045-11-28 10:00:00,0.0,255.7442283832697
2045-11-28 11:00:00,0.0,189.688127509406
2045-11-28 12:00:00,0.0,98.19150129898662
2045-11-28 13:00:00,0.0,4.463250059044847
2045-11-28 14:00:00,0.0,0.0
2045-11-28 15:00:00,0.0,0.0
2045-11-28 16:00:00,0.0,0.0
2045-11-28 17:00:00,0.0,0.0
2045-11-28 18:00:00,0.0,0.0
2045-11-28 19:00:00,0.0,0.0
2045-11-28 20:00:00,0.0,0.0
2045-11-28 21:00:00,0.0,0.0
2045-11-28 22:00:00,0.0,0.0
2045-11-28 23:00:00,0.0,0.0
2045-11-29 00:00:00,0.0,0.0
2045-11-29 01:00:00,0.0,0.0
2045-11-29 02:00:00,0.0,0.0
2045-11-29 03:00:00,0.0,70.51935093290858
2045-11-29 04:00:00,0.0,174.06675230274902
2045-11-29 05:00:00,0.0,251.2809783242249
2045-11-29 06:00:00,0.0,301.26937898552717
2045-11-29 07:00:00,0.0,326.26357931617827
2045-11-29 08:00:00,0.0,328.94152935160525
2045-11-29 09:00:00,0.0,309.30322909180785
2045-11-29 10:00:00,0.0,266.4560285249774
2045-11-29 11:00:00,0.0,198.61462762749568
2045-11-29 12:00:00,0.0,104.88637638755391
2045-11-29 13:00:00,0.0,4.9095750649493315
2045-11-29 14:00:00,0.0,0.0
2045-11-29 15:00:00,0.0,0.0
2045-11-29 16:00:00,0.0,0.0
2045-11-29 17:00:00,0.0,0.0
2045-11-29 18:00:00,0.0,0.0
2045-11-29 19:00:00,0.0,0.0
2045-11-29 20:00:00,0.0,0.0
2045-11-29 21:00:00,0.0,0.0
2045-11-29 22:00:00,0.0,0.0
2045-11-29 23:00:00,0.0,0.0
2045-11-30 00:00:00,0.0,0.0
2045-11-30 01:00:00,0.0,0.0
2045-11-30 02:00:00,0.0,0.0
2045-11-30 03:00:00,0.0,68.28772590338616
2045-11-30 04:00:00,0.0,172.28145227913112
2045-11-30 05:00:00,0.0,248.603028288798
2045-11-30 06:00:00,0.0,298.5914289501003
2045-11-30 07:00:00,0.0,324.0319542866559
2045-11-30 08:00:00,0.0,326.7099043220828
2045-11-30 09:00:00,0.0,307.0716040622855
2045-11-30 10:00:00,0.0,264.22440349545496
2045-11-30 11:00:00,0.0,195.4903525861643
2045-11-30 12:00:00,0.0,104.44005138164941
2045-11-30 13:00:00,0.0,5.355900070853816
2045-11-30 14:00:00,0.0,0.0
2045-11-30 15:00:00,0.0,0.0
2045-11-30 16:00:00,0.0,0.0
2045-11-30 17:00:00,0.0,0.0
2045-11-30 18:00:00,0.0,0.0
2045-11-30 19:00:00,0.0,0.0
2045-11-30 20:00:00,0.0,0.0
2045-11-30 21:00:00,0.0,0.0
2045-11-30 22:00:00,0.0,0.0
2045-11-30 23:00:00,0.0,0.0
2045-12-01 00:00:00,0.0,0.0
2045-12-01 01:00:00,0.0,0.0
2045-12-01 02:00:00,0.0,0.0
2045-12-01 03:00:00,0.0,67.84140089748168
2045-12-01 04:00:00,0.0,170.94247726141762
2045-12-01 05:00:00,0.0,248.603028288798
2045-12-01 06:00:00,0.0,298.14510394419574
2045-12-01 07:00:00,0.0,324.0319542866559
2045-12-01 08:00:00,0.0,327.15622932798726
2045-12-01 09:00:00,0.0,307.9642540740944
2045-12-01 10:00:00,0.0,266.0097035190729
2045-12-01 11:00:00,0.0,198.61462762749568
2045-12-01 12:00:00,0.0,105.3327013934584
2045-12-01 13:00:00,0.0,4.9095750649493315
2045-12-01 14:00:00,0.0,0.0
2045-12-01 15:00:00,0.0,0.0
2045-12-01 16:00:00,0.0,0.0
2045-12-01 17:00:00,0.0,0.0
2045-12-01 18:00:00,0.0,0.0
2045-12-01 19:00:00,0.0,0.0
2045-12-01 20:00:00,0.0,0.0
2045-12-01 21:00:00,0.0,0.0
2045-12-01 22:00:00,0.0,0.0
2045-12-01 23:00:00,0.0,0.0
2045-12-02 00:00:00,0.0,0.0
2045-12-02 01:00:00,0.0,0.0
2045-12-02 02:00:00,0.0,0.0
2045-12-02 03:00:00,0.0,57.575925761678526
2045-12-02 04:00:00,0.0,153.53580203114274
2045-12-02 05:00:00,0.0,240.56917818251728
2045-12-02 06:00:00,0.0,284.30902876115675
2045-12-02 07:00:00,0.0,311.98117912723484
2045-12-02 08:00:00,0.0,310.19587910361685
2045-12-02 09:00:00,0.0,292.789203873342
2045-12-02 10:00:00,0.0,244.5861032356576
2045-12-02 11:00:00,0.0,177.19102734408042
2045-12-02 12:00:00,0.0,68.73405090929064
2045-12-02 13:00:00,0.0,1.7853000236179388
2045-12-02 14:00:00,0.0,0.0
2045-12-02 15:00:00,0.0,0.0
2045-12-02 16:00:00,0.0,0.0
2045-12-02 17:00:00,0.0,0.0
2045-12-02 18:00:00,0.0,0.0
2045-12-02 19:00:00,0.0,0.0
2045-12-02 20:00:00,0.0,0.0
2045-12-02 21:00:00,0.0,0.0
2045-12-02 22:00:00,0.0,0.0
2045-12-02 23:00:00,0.0,0.0
2045-12-03 00:00:00,0.0,0.0
2045-12-03 01:00:00,0.0,0.0
2045-12-03 02:00:00,0.0,0.0
2045-12-03 03:00:00,0.0,46.86412561997089
2045-12-03 04:00:00,0.0,129.43425171230055
2045-12-03 05:00:00,0.0,203.07787768654055
2045-12-03 06:00:00,0.0,274.9362036371626
2045-12-03 07:00:00,0.0,307.9642540740944
2045-12-03 08:00:00,0.0,310.64220410952134
2045-12-03 09:00:00,0.0,288.7722788202016
2045-12-03 10:00:00,0.0,241.46182819432624
2045-12-03 11:00:00,0.0,165.58657719056382
2045-12-03 12:00:00,0.0,74.98260099195343
2045-12-03 13:00:00,0.0,2.677950035426908
2045-12-03 14:00:00,0.0,0.0
2045-12-03 15:00:00,0.0,0.0
2045-12-03 16:00:00,0.0,0.0
2045-12-03 17:00:00,0.0,0.0
2045-12-03 18:00:00,0.0,0.0
2045-12-03 19:00:00,0.0,0.0
2045-12-03 20:00:00,0.0,0.0
2045-12-03 21:00:00,0.0,0.0
2045-12-03 22:00:00,0.0,0.0
2045-12-03 23:00:00,0.0,0.0
2045-12-04 00:00:00,0.0,0.0
2045-12-04 01:00:00,0.0,0.0
2045-12-04 02:00:00,0.0,0.0
2045-12-04 03:00:00,0.0,52.220025690824706
2045-12-04 04:00:00,0.0,146.84092694257546
2045-12-04 05:00:00,0.0,220.03822791091093
2045-12-04 06:00:00,0.0,271.3656035899267
2045-12-04 07:00:00,0.0,298.5914289501003
2045-12-04 08:00:00,0.0,302.1620289973361
2045-12-04 09:00:00,0.0,289.2186038261061
2045-12-04 10:00:00,0.0,256.1905533891742
2045-12-04 11:00:00,0.0,191.02710252711944
2045-12-04 12:00:00,0.0,97.74517629308215
2045-12-04 13:00:00,0.0,3.5706000472358776
2045-12-04 14:00:00,0.0,0.0
2045-12-04 15:00:00,0.0,0.0
2045-12-04 16:00:00,0.0,0.0
2045-12-04 17:00:00,0.0,0.0
2045-12-04 18:00:00,0.0,0.0
2045-12-04 19:00:00,0.0,0.0
2045-12-04 20:00:00,0.0,0.0
2045-12-04 21:00:00,0.0,0.0
2045-12-04 22:00:00,0.0,0.0
2045-12-04 23:00:00,0.0,0.0
2045-12-05 00:00:00,0.0,0.0
2045-12-05 01:00:00,0.0,0.0
2045-12-05 02:00:00,0.0,0.0
2045-12-05 03:00:00,0.0,47.310450625875376
2045-12-05 04:00:00,0.0,146.394601936671
2045-12-05 05:00:00,0.0,228.51840302309617
2045-12-05 06:00:00,0.0,281.1847537198254
2045-12-05 07:00:00,0.0,307.9642540740944
2045-12-05 08:00:00,0.0,309.7495540977124
2045-12-05 09:00:00,0.0,257.52952840688766
2045-12-05 10:00:00,0.0,203.52420269244504
2045-12-05 11:00:00,0.0,126.30997667096918
2045-12-05 12:00:00,0.0,51.77370068492023
2045-12-05 13:00:00,0.0,0.0
2045-12-05 14:00:00,0.0,0.0
2045-12-05 15:00:00,0.0,0.0
2045-12-05 16:00:00,0.0,0.0
2045-12-05 17:00:00,0.0,0.0
2045-12-05 18:00:00,0.0,0.0
2045-12-05 19:00:00,0.0,0.0
2045-12-05 20:00:00,0.0,0.0
2045-12-05 21:00:00,0.0,0.0
2045-12-05 22:00:00,0.0,0.0
2045-12-05 23:00:00,0.0,0.0
2045-12-06 00:00:00,0.0,0.0
2045-12-06 01:00:00,0.0,0.0
2045-12-06 02:00:00,0.0,0.0
2045-12-06 03:00:00,0.0,26.779500354269082
2045-12-06 04:00:00,0.0,98.19150129898662
2045-12-06 05:00:00,0.0,166.47922720237278
2045-12-06 06:00:00,0.0,226.73310299947823
2045-12-06 07:00:00,0.0,257.52952840688766
2045-12-06 08:00:00,0.0,258.4221784186966
2045-12-06 09:00:00,0.0,236.99857813528138
2045-12-06 10:00:00,0.0,193.25872755664184
2045-12-06 11:00:00,0.0,128.98792670639605
2045-12-06 12:00:00,0.0,54.89797572625162
2045-12-06 13:00:00,0.0,0.0
2045-12-06 14:00:00,0.0,0.0
2045-12-06 15:00:00,0.0,0.0
2045-12-06 16:00:00,0.0,0.0
2045-12-06 17:00:00,0.0,0.0
2045-12-06 18:00:00,0.0,0.0
2045-12-06 19:00:00,0.0,0.0
2045-12-06 20:00:00,0.0,0.0
2045-12-06 21:00:00,0.0,0.0
2045-12-06 22:00:00,0.0,0.0
2045-12-06 23:00:00,0.0,0.0
2045-12-07 00:00:00,0.0,0.0
2045-12-07 01:00:00,0.0,0.0
2045-12-07 02:00:00,0.0,0.0
2045-12-07 03:00:00,0.0,24.547875324746656
2045-12-07 04:00:00,0.0,90.6039761986104
2045-12-07 05:00:00,0.0,179.42265237360286
2045-12-07 06:00:00,0.0,244.5861032356576
2045-12-07 07:00:00,0.0,280.2921037080164
2045-12-07 08:00:00,0.0,279.3994536962074
2045-12-07 09:00:00,0.0,247.71037827698905
2045-12-07 10:00:00,0.0,189.2418025035015
2045-12-07 11:00:00,0.0,128.0952766945871
2045-12-07 12:00:00,0.0,48.649425643588835
2045-12-07 13:00:00,0.0,0.0
2045-12-07 14:00:00,0.0,0.0
2045-12-07 15:00:00,0.0,0.0
2045-12-07 16:00:00,0.0,0.0
2045-12-07 17:00:00,0.0,0.0
2045-12-07 18:00:00,0.0,0.0
2045-12-07 19:00:00,0.0,0.0
2045-12-07 20:00:00,0.0,0.0
2045-12-07 21:00:00,0.0,0.0
2045-12-07 22:00:00,0.0,0.0
2045-12-07 23:00:00,0.0,0.0
2045-12-08 00:00:00,0.0,0.0
2045-12-08 01:00:00,0.0,0.0
2045-12-08 02:00:00,0.0,0.0
2045-12-08 03:00:00,0.0,28.56480037788702
2045-12-08 04:00:00,0.0,101.76210134622252
2045-12-08 05:00:00,0.0,192.8124025507374
2045-12-08 06:00:00,0.0,250.8346533183204
2045-12-08 07:00:00,0.0,279.8457787021119
2045-12-08 08:00:00,0.0,287.8796288083926
2045-12-08 09:00:00,0.0,279.3994536962074
2045-12-08 10:00:00,0.0,235.65960311756788
2045-12-08 11:00:00,0.0,165.14025218465932
2045-12-08 12:00:00,0.0,74.08995098014447
2045-12-08 13:00:00,0.0,1.338975017713454
2045-12-08 14:00:00,0.0,0.0
2045-12-08 15:00:00,0.0,0.0
2045-12-08 16:00:00,0.0,0.0
2045-12-08 17:00:00,0.0,0.0
2045-12-08 18:00:00,0.0,0.0
2045-12-08 19:00:00,0.0,0.0
2045-12-08 20:00:00,0.0,0.0
2045-12-08 21:00:00,0.0,0.0
2045-12-08 22:00:00,0.0,0.0
2045-12-08 23:00:00,0.0,0.0
2045-12-09 00:00:00,0.0,0.0
2045-12-09 01:00:00,0.0,0.0
2045-12-09 02:00:00,0.0,0.0
2045-12-09 03:00:00,0.0,45.97147560816193
2045-12-09 04:00:00,0.0,140.1460518540082
2045-12-09 05:00:00,0.0,223.16250295224236
2045-12-09 06:00:00,0.0,276.275178654876
2045-12-09 07:00:00,0.0,303.0546790091451
2045-12-09 08:00:00,0.0,306.1789540504766
2045-12-09 09:00:00,0.0,283.4163787493478
2045-12-09 10:00:00,0.0,241.46182819432624
2045-12-09 11:00:00,0.0,173.17410229094006
2045-12-09 12:00:00,0.0,81.6774760805207
2045-12-09 13:00:00,0.0,1.7853000236179388
2045-12-09 14:00:00,0.0,0.0
2045-12-09 15:00:00,0.0,0.0
2045-12-09 16:00:00,0.0,0.0
2045-12-09 17:00:00,0.0,0.0
2045-12-09 18:00:00,0.0,0.0
2045-12-09 19:00:00,0.0,0.0
2045-12-09 20:00:00,0.0,0.0
2045-12-09 21:00:00,0.0,0.0
2045-12-09 22:00:00,0.0,0.0
2045-12-09 23:00:00,0.0,0.0
2045-12-10 00:00:00,0.0,0.0
2045-12-10 01:00:00,0.0,0.0
2045-12-10 02:00:00,0.0,0.0
2045-12-10 03:00:00,0.0,50.88105067311126
2045-12-10 04:00:00,0.0,149.96520198390687
2045-12-10 05:00:00,0.0,228.0720780171917
2045-12-10 06:00:00,0.0,283.4163787493478
2045-12-10 07:00:00,0.0,310.64220410952134
2045-12-10 08:00:00,0.0,314.2128041567572
2045-12-10 09:00:00,0.0,296.35980392057786
2045-12-10 10:00:00,0.0,255.29790337736526
2045-12-10 11:00:00,0.0,188.795477497597
2045-12-10 12:00:00,0.0,96.4062012753687
2045-12-10 13:00:00,0.0,3.1242750413313933
2045-12-10 14:00:00,0.0,0.0
2045-12-10 15:00:00,0.0,0.0
2045-12-10 16:00:00,0.0,0.0
2045-12-10 17:00:00,0.0,0.0
2045-12-10 18:00:00,0.0,0.0
2045-12-10 19:00:00,0.0,0.0
2045-12-10 20:00:00,0.0,0.0
2045-12-10 21:00:00,0.0,0.0
2045-12-10 22:00:00,0.0,0.0
2045-12-10 23:00:00,0.0,0.0
2045-12-11 00:00:00,0.0,0.0
2045-12-11 01:00:00,0.0,0.0
2045-12-11 02:00:00,0.0,0.0
2045-12-11 03:00:00,0.0,63.378150838436824
2045-12-11 04:00:00,0.0,166.47922720237278
2045-12-11 05:00:00,0.0,243.24712821794418
2045-12-11 06:00:00,0.0,292.3428788674375
2045-12-11 07:00:00,0.0,317.3370791980886
2045-12-11 08:00:00,0.0,319.568704227611
2045-12-11 09:00:00,0.0,299.93040396781373
2045-12-11 10:00:00,0.0,257.52952840688766
2045-12-11 11:00:00,0.0,190.58077752121494
2045-12-11 12:00:00,0.0,98.63782630489112
2045-12-11 13:00:00,0.0,3.5706000472358776
2045-12-11 14:00:00,0.0,0.0
2045-12-11 15:00:00,0.0,0.0
2045-12-11 16:00:00,0.0,0.0
2045-12-11 17:00:00,0.0,0.0
2045-12-11 18:00:00,0.0,0.0
2045-12-11 19:00:00,0.0,0.0
2045-12-11 20:00:00,0.0,0.0
2045-12-11 21:00:00,0.0,0.0
2045-12-11 22:00:00,0.0,0.0
2045-12-11 23:00:00,0.0,0.0
2045-12-12 00:00:00,0.0,0.0
2045-12-12 01:00:00,0.0,0.0
2045-12-12 02:00:00,0.0,0.0
2045-12-12 03:00:00,0.0,55.3443007321561
2045-12-12 04:00:00,0.0,155.76742706066517
2045-12-12 05:00:00,0.0,232.5353280762365
2045-12-12 06:00:00,0.0,282.0774037316343
2045-12-12 07:00:00,0.0,306.62527905638103
2045-12-12 08:00:00,0.0,309.30322909180785
2045-12-12 09:00:00,0.0,287.8796288083926
2045-12-12 10:00:00,0.0,244.5861032356576
2045-12-12 11:00:00,0.0,175.40572732046252
2045-12-12 12:00:00,0.0,83.01645109823416
2045-12-12 13:00:00,0.0,0.8926500118089694
2045-12-12 14:00:00,0.0,0.0
2045-12-12 15:00:00,0.0,0.0
2045-12-12 16:00:00,0.0,0.0
2045-12-12 17:00:00,0.0,0.0
2045-12-12 18:00:00,0.0,0.0
2045-12-12 19:00:00,0.0,0.0
2045-12-12 20:00:00,0.0,0.0
2045-12-12 21:00:00,0.0,0.0
2045-12-12 22:00:00,0.0,0.0
2045-12-12 23:00:00,0.0,0.0
2045-12-13 00:00:00,0.0,0.0
2045-12-13 01:00:00,0.0,0.0
2045-12-13 02:00:00,0.0,0.0
2045-12-13 03:00:00,0.0,62.93182583253233
2045-12-13 04:00:00,0.0,169.1571772377997
2045-12-13 05:00:00,0.0,246.81772826518
2045-12-13 06:00:00,0.0,296.8061289264823
2045-12-13 07:00:00,0.0,322.24665426303795
2045-12-13 08:00:00,0.0,324.9246042984648
2045-12-13 09:00:00,0.0,306.1789540504766
2045-12-13 10:00:00,0.0,263.77807848955047
2045-12-13 11:00:00,0.0,196.38300259797325
2045-12-13 12:00:00,0.0,103.54740136984044
2045-12-13 13:00:00,0.0,4.016925053140362
2045-12-13 14:00:00,0.0,0.0
2045-12-13 15:00:00,0.0,0.0
2045-12-13 16:00:00,0.0,0.0
2045-12-13 17:00:00,0.0,0.0
2045-12-13 18:00:00,0.0,0.0
2045-12-13 19:00:00,0.0,0.0
2045-12-13 20:00:00,0.0,0.0
2045-12-13 21:00:00,0.0,0.0
2045-12-13 22:00:00,0.0,0.0
2045-12-13 23:00:00,0.0,0.0
2045-12-14 00:00:00,0.0,0.0
2045-12-14 01:00:00,0.0,0.0
2045-12-14 02:00:00,0.0,0.0
2045-12-14 03:00:00,0.0,63.824475844341315
2045-12-14 04:00:00,0.0,166.0329021964683
2045-12-14 05:00:00,0.0,241.90815320023074
2045-12-14 06:00:00,0.0,290.55757884381956
2045-12-14 07:00:00,0.0,315.5517791744707
2045-12-14 08:00:00,0.0,318.2297292098976
2045-12-14 09:00:00,0.0,299.03775395600474
2045-12-14 10:00:00,0.0,257.52952840688766
2045-12-14 11:00:00,0.0,190.58077752121494
2045-12-14 12:00:00,0.0,96.85252628127317
2045-12-14 13:00:00,0.0,3.1242750413313933
2045-12-14 14:00:00,0.0,0.0
2045-12-14 15:00:00,0.0,0.0
2045-12-14 16:00:00,0.0,0.0
2045-12-14 17:00:00,0.0,0.0
2045-12-14 18:00:00,0.0,0.0
2045-12-14 19:00:00,0.0,0.0
2045-12-14 20:00:00,0.0,0.0
2045-12-14 21:00:00,0.0,0.0
2045-12-14 22:00:00,0.0,0.0
2045-12-14 23:00:00,0.0,0.0
2045-12-15 00:00:00,0.0,0.0
2045-12-15 01:00:00,0.0,0.0
2045-12-15 02:00:00,0.0,0.0
2045-12-15 03:00:00,0.0,58.02225076758302
2045-12-15 04:00:00,0.0,159.7843521138055
2045-12-15 05:00:00,0.0,236.99857813528138
2045-12-15 06:00:00,0.0,287.8796288083926
2045-12-15 07:00:00,0.0,313.7664791508527
2045-12-15 08:00:00,0.0,317.3370791980886
2045-12-15 09:00:00,0.0,299.03775395600474
2045-12-15 10:00:00,0.0,257.08320340098317
2045-12-15 11:00:00,0.0,189.688127509406
2045-12-15 12:00:00,0.0,95.95987626946422
2045-12-15 13:00:00,0.0,3.1242750413313933
2045-12-15 14:00:00,0.0,0.0
2045-12-15 15:00:00,0.0,0.0
2045-12-15 16:00:00,0.0,0.0
2045-12-15 17:00:00,0.0,0.0
2045-12-15 18:00:00,0.0,0.0
2045-12-15 19:00:00,0.0,0.0
2045-12-15 20:00:00,0.0,0.0
2045-12-15 21:00:00,0.0,0.0
2045-12-15 22:00:00,0.0,0.0
2045-12-15 23:00:00,0.0,0.0
2045-12-16 00:00:00,0.0,0.0
2045-12-16 01:00:00,0.0,0.0
2045-12-16 02:00:00,0.0,0.0
2045-12-16 03:00:00,0.0,60.25387579710544
2045-12-16 04:00:00,0.0,161.56965213742345
2045-12-16 05:00:00,0.0,238.3375531529948
2045-12-16 06:00:00,0.0,286.5406537906792
2045-12-16 07:00:00,0.0,312.4275041331393
2045-12-16 08:00:00,0.0,315.99810418037515
2045-12-16 09:00:00,0.0,297.25245393238686
2045-12-16 10:00:00,0.0,252.61995334193836
2045-12-16 11:00:00,0.0,184.33222743855217
2045-12-16 12:00:00,0.0,89.26500118089695
2045-12-16 13:00:00,0.0,2.677950035426908
2045-12-16 14:00:00,0.0,0.0
2045-12-16 15:00:00,0.0,0.0
2045-12-16 16:00:00,0.0,0.0
2045-12-16 17:00:00,0.0,0.0
2045-12-16 18:00:00,0.0,0.0
2045-12-16 19:00:00,0.0,0.0
2045-12-16 20:00:00,0.0,0.0
2045-12-16 21:00:00,0.0,0.0
2045-12-16 22:00:00,0.0,0.0
2045-12-16 23:00:00,0.0,0.0
2045-12-17 00:00:00,0.0,0.0
2045-12-17 01:00:00,0.0,0.0
2045-12-17 02:00:00,0.0,0.0
2045-12-17 03:00:00,0.0,38.83027551369017
2045-12-17 04:00:00,0.0,125.4173266591602
2045-12-17 05:00:00,0.0,230.3037030467141
2045-12-17 06:00:00,0.0,273.5972286194491
2045-12-17 07:00:00,0.0,312.4275041331393
2045-12-17 08:00:00,0.0,317.78340420399314
2045-12-17 09:00:00,0.0,299.03775395600474
2045-12-17 10:00:00,0.0,260.6538034482191
2045-12-17 11:00:00,0.0,192.8124025507374
2045-12-17 12:00:00,0.0,84.80175112185209
2045-12-17 13:00:00,0.0,1.7853000236179388
2045-12-17 14:00:00,0.0,0.0
2045-12-17 15:00:00,0.0,0.0
2045-12-17 16:00:00,0.0,0.0
2045-12-17 17:00:00,0.0,0.0
2045-12-17 18:00:00,0.0,0.0
2045-12-17 19:00:00,0.0,0.0
2045-12-17 20:00:00,0.0,0.0
2045-12-17 21:00:00,0.0,0.0
2045-12-17 22:00:00,0.0,0.0
2045-12-17 23:00:00,0.0,0.0
2045-12-18 00:00:00,0.0,0.0
2045-12-18 01:00:00,0.0,0.0
2045-12-18 02:00:00,0.0,0.0
2045-12-18 03:00:00,0.0,35.25967546645429
2045-12-18 04:00:00,0.0,123.18570162963778
2045-12-18 05:00:00,0.0,199.95360264520917
2045-12-18 06:00:00,0.0,270.0266285722132
2045-12-18 07:00:00,0.0,313.7664791508527
2045-12-18 08:00:00,0.0,318.6760542158021
2045-12-18 09:00:00,0.0,301.26937898552717
2045-12-18 10:00:00,0.0,261.1001284541236
2045-12-18 11:00:00,0.0,194.59770257435534
2045-12-18 12:00:00,0.0,99.53047631670009
2045-12-18 13:00:00,0.0,3.1242750413313933
2045-12-18 14:00:00,0.0,0.0
2045-12-18 15:00:00,0.0,0.0
2045-12-18 16:00:00,0.0,0.0
2045-12-18 17:00:00,0.0,0.0
2045-12-18 18:00:00,0.0,0.0
2045-12-18 19:00:00,0.0,0.0
2045-12-18 20:00:00,0.0,0.0
2045-12-18 21:00:00,0.0,0.0
2045-12-18 22:00:00,0.0,0.0
2045-12-18 23:00:00,0.0,0.0
2045-12-19 00:00:00,0.0,0.0
2045-12-19 01:00:00,0.0,0.0
2045-12-19 02:00:00,0.0,0.0
2045-12-19 03:00:00,0.0,51.77370068492023
2045-12-19 04:00:00,0.0,159.7843521138055
2045-12-19 05:00:00,0.0,237.44490314118588
2045-12-19 06:00:00,0.0,287.4333038024882
2045-12-19 07:00:00,0.0,312.4275041331393
2045-12-19 08:00:00,0.0,314.6591291626617
2045-12-19 09:00:00,0.0,294.5745038969599
2045-12-19 10:00:00,0.0,248.15670328289355
2045-12-19 11:00:00,0.0,178.97632736769836
2045-12-19 12:00:00,0.0,87.03337615137451
2045-12-19 13:00:00,0.0,1.7853000236179388
2045-12-19 14:00:00,0.0,0.0
2045-12-19 15:00:00,0.0,0.0
2045-12-19 16:00:00,0.0,0.0
2045-12-19 17:00:00,0.0,0.0
2045-12-19 18:00:00,0.0,0.0
2045-12-19 19:00:00,0.0,0.0
2045-12-19 20:00:00,0.0,0.0
2045-12-19 21:00:00,0.0,0.0
2045-12-19 22:00:00,0.0,0.0
2045-12-19 23:00:00,0.0,0.0
2045-12-20 00:00:00,0.0,0.0
2045-12-20 01:00:00,0.0,0.0
2045-12-20 02:00:00,0.0,0.0
2045-12-20 03:00:00,0.0,41.50822554911708
2045-12-20 04:00:00,0.0,137.0217768126768
2045-12-20 05:00:00,0.0,217.36027787548406
2045-12-20 06:00:00,0.0,283.4163787493478
2045-12-20 07:00:00,0.0,308.4105790799989
2045-12-20 08:00:00,0.0,310.64220410952134
2045-12-20 09:00:00,0.0,286.09432878477463
2045-12-20 10:00:00,0.0,241.01550318842175
2045-12-20 11:00:00,0.0,169.60350224370418
2045-12-20 12:00:00,0.0,74.53627598604893
2045-12-20 13:00:00,0.0,0.0
2045-12-20 14:00:00,0.0,0.0
2045-12-20 15:00:00,0.0,0.0
2045-12-20 16:00:00,0.0,0.0
2045-12-20 17:00:00,0.0,0.0
2045-12-20 18:00:00,0.0,0.0
2045-12-20 19:00:00,0.0,0.0
2045-12-20 20:00:00,0.0,0.0
2045-12-20 21:00:00,0.0,0.0
2045-12-20 22:00:00,0.0,0.0
2045-12-20 23:00:00,0.0,0.0
2045-12-21 00:00:00,0.0,0.0
2045-12-21 01:00:00,0.0,0.0
2045-12-21 02:00:00,0.0,0.0
2045-12-21 03:00:00,0.0,49.5420756553978
2045-12-21 04:00:00,0.0,151.7505020075248
2045-12-21 05:00:00,0.0,232.08900307033207
2045-12-21 06:00:00,0.0,284.7553537670612
2045-12-21 07:00:00,0.0,311.53485412133034
2045-12-21 08:00:00,0.0,313.32015414494816
2045-12-21 09:00:00,0.0,289.2186038261061
2045-12-21 10:00:00,0.0,242.80080321203968
2045-12-21 11:00:00,0.0,161.12332713151898
2045-12-21 12:00:00,0.0,73.64362597423998
2045-12-21 13:00:00,0.0,0.8926500118089694
2045-12-21 14:00:00,0.0,0.0
2045-12-21 15:00:00,0.0,0.0
2045-12-21 16:00:00,0.0,0.0
2045-12-21 17:00:00,0.0,0.0
2045-12-21 18:00:00,0.0,0.0
2045-12-21 19:00:00,0.0,0.0
2045-12-21 20:00:00,0.0,0.0
2045-12-21 21:00:00,0.0,0.0
2045-12-21 22:00:00,0.0,0.0
2045-12-21 23:00:00,0.0,0.0
2045-12-22 00:00:00,0.0,0.0
2045-12-22 01:00:00,0.0,0.0
2045-12-22 02:00:00,0.0,0.0
2045-12-22 03:00:00,0.0,55.3443007321561
2045-12-22 04:00:00,0.0,156.66007707247408
2045-12-22 05:00:00,0.0,234.76695310575897
2045-12-22 06:00:00,0.0,285.2016787729657
2045-12-22 07:00:00,0.0,311.98117912723484
2045-12-22 08:00:00,0.0,314.2128041567572
2045-12-22 09:00:00,0.0,294.1281788910555
2045-12-22 10:00:00,0.0,253.9589283596518
2045-12-22 11:00:00,0.0,189.2418025035015
2045-12-22 12:00:00,0.0,95.06722625765524
2045-12-22 13:00:00,0.0,2.677950035426908
2045-12-22 14:00:00,0.0,0.0
2045-12-22 15:00:00,0.0,0.0
2045-12-22 16:00:00,0.0,0.0
2045-12-22 17:00:00,0.0,0.0
2045-12-22 18:00:00,0.0,0.0
2045-12-22 19:00:00,0.0,0.0
2045-12-22 20:00:00,0.0,0.0
2045-12-22 21:00:00,0.0,0.0
2045-12-22 22:00:00,0.0,0.0
2045-12-22 23:00:00,0.0,0.0
2045-12-23 00:00:00,0.0,0.0
2045-12-23 01:00:00,0.0,0.0
2045-12-23 02:00:00,0.0,0.0
2045-12-23 03:00:00,0.0,69.62670092109961
2045-12-23 04:00:00,0.0,174.95940231455802
2045-12-23 05:00:00,0.0,251.7273033301294
2045-12-23 06:00:00,0.0,302.1620289973361
2045-12-23 07:00:00,0.0,327.15622932798726
2045-12-23 08:00:00,0.0,330.28050436931863
2045-12-23 09:00:00,0.0,311.0885291154258
2045-12-23 10:00:00,0.0,267.7950035426908
2045-12-23 11:00:00,0.0,199.06095263340018
2045-12-23 12:00:00,0.0,103.10107636393597
2045-12-23 13:00:00,0.0,4.016925053140362
2045-12-23 14:00:00,0.0,0.0
2045-12-23 15:00:00,0.0,0.0
2045-12-23 16:00:00,0.0,0.0
2045-12-23 17:00:00,0.0,0.0
2045-12-23 18:00:00,0.0,0.0
2045-12-23 19:00:00,0.0,0.0
2045-12-23 20:00:00,0.0,0.0
2045-12-23 21:00:00,0.0,0.0
2045-12-23 22:00:00,0.0,0.0
2045-12-23 23:00:00,0.0,0.0
2045-12-24 00:00:00,0.0,0.0
2045-12-24 01:00:00,0.0,0.0
2045-12-24 02:00:00,0.0,0.0
2045-12-24 03:00:00,0.0,57.575925761678526
2045-12-24 04:00:00,0.0,165.58657719056382
2045-12-24 05:00:00,0.0,243.24712821794418
2045-12-24 06:00:00,0.0,285.6480037788702
2045-12-24 07:00:00,0.0,307.9642540740944
2045-12-24 08:00:00,0.0,308.85690408590335
2045-12-24 09:00:00,0.0,288.3259538142972
2045-12-24 10:00:00,0.0,245.92507825337108
2045-12-24 11:00:00,0.0,180.7616273913163
2045-12-24 12:00:00,0.0,90.6039761986104
2045-12-24 13:00:00,0.0,3.1242750413313933
2045-12-24 14:00:00,0.0,0.0
2045-12-24 15:00:00,0.0,0.0
2045-12-24 16:00:00,0.0,0.0
2045-12-24 17:00:00,0.0,0.0
2045-12-24 18:00:00,0.0,0.0
2045-12-24 19:00:00,0.0,0.0
2045-12-24 20:00:00,0.0,0.0
2045-12-24 21:00:00,0.0,0.0
2045-12-24 22:00:00,0.0,0.0
2045-12-24 23:00:00,0.0,0.0
2045-12-25 00:00:00,0.0,0.0
2045-12-25 01:00:00,0.0,0.0
2045-12-25 02:00:00,0.0,0.0
2045-12-25 03:00:00,0.0,75.42892599785792
2045-12-25 04:00:00,0.0,179.86897737950736
2045-12-25 05:00:00,0.0,255.7442283832697
2045-12-25 06:00:00,0.0,304.3936540268586
2045-12-25 07:00:00,0.0,329.3878543575097
2045-12-25 08:00:00,0.0,331.61947938703213
2045-12-25 09:00:00,0.0,313.7664791508527
2045-12-25 10:00:00,0.0,270.9192785840222
2045-12-25 11:00:00,0.0,202.63155268063605
2045-12-25 12:00:00,0.0,106.67167641117183
2045-12-25 13:00:00,0.0,4.9095750649493315
2045-12-25 14:00:00,0.0,0.0
2045-12-25 15:00:00,0.0,0.0
2045-12-25 16:00:00,0.0,0.0
2045-12-25 17:00:00,0.0,0.0
2045-12-25 18:00:00,0.0,0.0
2045-12-25 19:00:00,0.0,0.0
2045-12-25 20:00:00,0.0,0.0
2045-12-25 21:00:00,0.0,0.0
2045-12-25 22:00:00,0.0,0.0
2045-12-25 23:00:00,0.0,0.0
2045-12-26 00:00:00,0.0,0.0
2045-12-26 01:00:00,0.0,0.0
2045-12-26 02:00:00,0.0,0.0
2045-12-26 03:00:00,0.0,55.3443007321561
2045-12-26 04:00:00,0.0,159.7843521138055
2045-12-26 05:00:00,0.0,245.0324282415621
2045-12-26 06:00:00,0.0,287.8796288083926
2045-12-26 07:00:00,0.0,317.3370791980886
2045-12-26 08:00:00,0.0,303.9473290209541
2045-12-26 09:00:00,0.0,253.06627834784285
2045-12-26 10:00:00,0.0,195.4903525861643
2045-12-26 11:00:00,0.0,128.0952766945871
2045-12-26 12:00:00,0.0,55.3443007321561
2045-12-26 13:00:00,0.0,0.0
2045-12-26 14:00:00,0.0,0.0
2045-12-26 15:00:00,0.0,0.0
2045-12-26 16:00:00,0.0,0.0
2045-12-26 17:00:00,0.0,0.0
2045-12-26 18:00:00,0.0,0.0
2045-12-26 19:00:00,0.0,0.0
2045-12-26 20:00:00,0.0,0.0
2045-12-26 21:00:00,0.0,0.0
2045-12-26 22:00:00,0.0,0.0
2045-12-26 23:00:00,0.0,0.0
2045-12-27 00:00:00,0.0,0.0
2045-12-27 01:00:00,0.0,0.0
2045-12-27 02:00:00,0.0,0.0
2045-12-27 03:00:00,0.0,26.3331753483646
2045-12-27 04:00:00,0.0,84.3554261159476
2045-12-27 05:00:00,0.0,145.501951924862
2045-12-27 06:00:00,0.0,193.25872755664184
2045-12-27 07:00:00,0.0,222.71617794633787
2045-12-27 08:00:00,0.0,225.84045298766927
2045-12-27 09:00:00,0.0,190.13445251531047
2045-12-27 10:00:00,0.0,148.17990196028893
2045-12-27 11:00:00,0.0,97.74517629308215
2045-12-27 12:00:00,0.0,41.061900543212595
2045-12-27 13:00:00,0.0,0.0
2045-12-27 14:00:00,0.0,0.0
2045-12-27 15:00:00,0.0,0.0
2045-12-27 16:00:00,0.0,0.0
2045-12-27 17:00:00,0.0,0.0
2045-12-27 18:00:00,0.0,0.0
2045-12-27 19:00:00,0.0,0.0
2045-12-27 20:00:00,0.0,0.0
2045-12-27 21:00:00,0.0,0.0
2045-12-27 22:00:00,0.0,0.0
2045-12-27 23:00:00,0.0,0.0
2045-12-28 00:00:00,0.0,0.0
2045-12-28 01:00:00,0.0,0.0
2045-12-28 02:00:00,0.0,0.0
2045-12-28 03:00:00,0.0,14.728725194847993
2045-12-28 04:00:00,0.0,59.807550791200946
2045-12-28 05:00:00,0.0,99.97680132260459
2045-12-28 06:00:00,0.0,124.9710016532557
2045-12-28 07:00:00,0.0,133.00485175953645
2045-12-28 08:00:00,0.0,125.86365166506467
2045-12-28 09:00:00,0.0,106.22535140526736
2045-12-28 10:00:00,0.0,82.12380108642519
2045-12-28 11:00:00,0.0,53.11267570263368
2045-12-28 12:00:00,0.0,20.97727527751078
2045-12-28 13:00:00,0.0,0.0
2045-12-28 14:00:00,0.0,0.0
2045-12-28 15:00:00,0.0,0.0
2045-12-28 16:00:00,0.0,0.0
2045-12-28 17:00:00,0.0,0.0
2045-12-28 18:00:00,0.0,0.0
2045-12-28 19:00:00,0.0,0.0
2045-12-28 20:00:00,0.0,0.0
2045-12-28 21:00:00,0.0,0.0
2045-12-28 22:00:00,0.0,0.0
2045-12-28 23:00:00,0.0,0.0
2045-12-29 00:00:00,0.0,0.0
2045-12-29 01:00:00,0.0,0.0
2045-12-29 02:00:00,0.0,0.0
2045-12-29 03:00:00,0.0,28.118475371982534
2045-12-29 04:00:00,0.0,99.97680132260459
2045-12-29 05:00:00,0.0,180.31530238541185
2045-12-29 06:00:00,0.0,206.64847773377642
2045-12-29 07:00:00,0.0,222.26985294043337
2045-12-29 08:00:00,0.0,221.8235279345289
2045-12-29 09:00:00,0.0,211.55805279872575
2045-12-29 10:00:00,0.0,168.7108522318952
2045-12-29 11:00:00,0.0,108.90330144069426
2045-12-29 12:00:00,0.0,38.83027551369017
2045-12-29 13:00:00,0.0,0.0
2045-12-29 14:00:00,0.0,0.0
2045-12-29 15:00:00,0.0,0.0
2045-12-29 16:00:00,0.0,0.0
2045-12-29 17:00:00,0.0,0.0
2045-12-29 18:00:00,0.0,0.0
2045-12-29 19:00:00,0.0,0.0
2045-12-29 20:00:00,0.0,0.0
2045-12-29 21:00:00,0.0,0.0
2045-12-29 22:00:00,0.0,0.0
2045-12-29 23:00:00,0.0,0.0
2045-12-30 00:00:00,0.0,0.0
2045-12-30 01:00:00,0.0,0.0
2045-12-30 02:00:00,0.0,0.0
2045-12-30 03:00:00,0.0,50.88105067311126
2045-12-30 04:00:00,0.0,150.41152698981136
2045-12-30 05:00:00,0.0,228.0720780171917
2045-12-30 06:00:00,0.0,278.06047867849395
2045-12-30 07:00:00,0.0,293.2355288792465
2045-12-30 08:00:00,0.0,298.5914289501003
2045-12-30 09:00:00,0.0,257.08320340098317
2045-12-30 10:00:00,0.0,196.38300259797325
2045-12-30 11:00:00,0.0,139.25340184219922
2045-12-30 12:00:00,0.0,63.824475844341315
2045-12-30 13:00:00,0.0,0.8926500118089694
2045-12-30 14:00:00,0.0,0.0
2045-12-30 15:00:00,0.0,0.0
2045-12-30 16:00:00,0.0,0.0
2045-12-30 17:00:00,0.0,0.0
2045-12-30 18:00:00,0.0,0.0
2045-12-30 19:00:00,0.0,0.0
2045-12-30 20:00:00,0.0,0.0
2045-12-30 21:00:00,0.0,0.0
2045-12-30 22:00:00,0.0,0.0
2045-12-30 23:00:00,0.0,0.0
2045-12-31 00:00:00,0.0,0.0
2045-12-31 01:00:00,0.0,0.0
2045-12-31 02:00:00,0.0,0.0
2045-12-31 03:00:00,0.0,63.824475844341315
2045-12-31 04:00:00,0.0,163.8012771669459
2045-12-31 05:00:00,0.0,240.12285317661278
2045-12-31 06:00:00,0.0,274.0435536253536
2045-12-31 07:00:00,0.0,293.68185388515093
2045-12-31 08:00:00,0.0,287.8796288083926
2045-12-31 09:00:00,0.0,286.9869787965836
2045-12-31 10:00:00,0.0,237.44490314118588
2045-12-31 11:00:00,0.0,174.51307730865352
2045-12-31 12:00:00,0.0,72.750975962431
2045-12-31 13:00:00,0.0,0.8926500118089694
2045-12-31 14:00:00,0.0,0.0
2045-12-31 15:00:00,0.0,0.0
2045-12-31 16:00:00,0.0,0.0
2045-12-31 17:00:00,0.0,0.0
2045-12-31 18:00:00,0.0,0.0
2045-12-31 19:00:00,0.0,0.0
2045-12-31 20:00:00,0.0,0.0
2045-12-31 21:00:00,0.0,0.0
2045-12-31 22:00:00,0.0,0.0
2045-12-31 23:00:00,0.0,0.0
