timestamp,P_wind_MW,P_solar_MW
2055-01-01 00:00:00,0.0,0.0
2055-01-01 01:00:00,0.0,0.0
2055-01-01 02:00:00,0.0,0.0
2055-01-01 03:00:00,0.0,68.84726596549919
2055-01-01 04:00:00,0.0,165.9937148738723
2055-01-01 05:00:00,0.0,237.7976118931046
2055-01-01 06:00:00,0.0,282.147077699101
2055-01-01 07:00:00,0.0,306.2225019937848
2055-01-01 08:00:00,0.0,309.1791330475179
2055-01-01 09:00:00,0.0,290.17221913066226
2055-01-01 10:00:00,0.0,249.624136108037
2055-01-01 11:00:00,0.0,185.00062879072792
2055-01-01 12:00:00,0.0,94.18981785464001
2055-01-01 13:00:00,0.0,3.8013827833711216
2055-01-01 14:00:00,0.0,0.0
2055-01-01 15:00:00,0.0,0.0
2055-01-01 16:00:00,0.0,0.0
2055-01-01 17:00:00,0.0,0.0
2055-01-01 18:00:00,0.0,0.0
2055-01-01 19:00:00,0.0,0.0
2055-01-01 20:00:00,0.0,0.0
2055-01-01 21:00:00,0.0,0.0
2055-01-01 22:00:00,0.0,0.0
2055-01-01 23:00:00,0.0,0.0
2055-01-02 00:00:00,0.0,0.0
2055-01-02 01:00:00,0.0,0.0
2055-01-02 02:00:00,0.0,0.0
2055-01-02 03:00:00,0.0,64.20113145249005
2055-01-02 04:00:00,0.0,161.34758036086316
2055-01-02 05:00:00,0.0,233.99622910973346
2055-01-02 06:00:00,0.0,280.45757423982496
2055-01-02 07:00:00,0.0,304.5329985345087
2055-01-02 08:00:00,0.0,306.64487785860376
2055-01-02 09:00:00,0.0,287.2155880769292
2055-01-02 10:00:00,0.0,246.24512918948486
2055-01-02 11:00:00,0.0,181.19924600735678
2055-01-02 12:00:00,0.0,90.8108109360879
2055-01-02 13:00:00,0.0,3.8013827833711216
2055-01-02 14:00:00,0.0,0.0
2055-01-02 15:00:00,0.0,0.0
2055-01-02 16:00:00,0.0,0.0
2055-01-02 17:00:00,0.0,0.0
2055-01-02 18:00:00,0.0,0.0
2055-01-02 19:00:00,0.0,0.0
2055-01-02 20:00:00,0.0,0.0
2055-01-02 21:00:00,0.0,0.0
2055-01-02 22:00:00,0.0,0.0
2055-01-02 23:00:00,0.0,0.0
2055-01-03 00:00:00,0.0,0.0
2055-01-03 01:00:00,0.0,0.0
2055-01-03 02:00:00,0.0,0.0
2055-01-03 03:00:00,0.0,68.84726596549919
2055-01-03 04:00:00,0.0,165.5713390090533
2055-01-03 05:00:00,0.0,238.2199877579236
2055-01-03 06:00:00,0.0,285.52608461765317
2055-01-03 07:00:00,0.0,308.75675718269883
2055-01-03 08:00:00,0.0,310.8686365067939
2055-01-03 09:00:00,0.0,292.28409845475727
2055-01-03 10:00:00,0.0,252.15839129695107
2055-01-03 11:00:00,0.0,187.957259844461
2055-01-03 12:00:00,0.0,97.99120063801112
2055-01-03 13:00:00,0.0,5.0685103778281615
2055-01-03 14:00:00,0.0,0.0
2055-01-03 15:00:00,0.0,0.0
2055-01-03 16:00:00,0.0,0.0
2055-01-03 17:00:00,0.0,0.0
2055-01-03 18:00:00,0.0,0.0
2055-01-03 19:00:00,0.0,0.0
2055-01-03 20:00:00,0.0,0.0
2055-01-03 21:00:00,0.0,0.0
2055-01-03 22:00:00,0.0,0.0
2055-01-03 23:00:00,0.0,0.0
2055-01-04 00:00:00,0.0,0.0
2055-01-04 01:00:00,0.0,0.0
2055-01-04 02:00:00,0.0,0.0
2055-01-04 03:00:00,0.0,72.22627288405131
2055-01-04 04:00:00,0.0,170.21747352206245
2055-01-04 05:00:00,0.0,241.1766188116567
2055-01-04 06:00:00,0.0,285.1037087528341
2055-01-04 07:00:00,0.0,307.4896295882418
2055-01-04 08:00:00,0.0,309.1791330475179
2055-01-04 09:00:00,0.0,290.59459499548126
2055-01-04 10:00:00,0.0,249.624136108037
2055-01-04 11:00:00,0.0,185.42300465554692
2055-01-04 12:00:00,0.0,95.45694544909705
2055-01-04 13:00:00,0.0,5.0685103778281615
2055-01-04 14:00:00,0.0,0.0
2055-01-04 15:00:00,0.0,0.0
2055-01-04 16:00:00,0.0,0.0
2055-01-04 17:00:00,0.0,0.0
2055-01-04 18:00:00,0.0,0.0
2055-01-04 19:00:00,0.0,0.0
2055-01-04 20:00:00,0.0,0.0
2055-01-04 21:00:00,0.0,0.0
2055-01-04 22:00:00,0.0,0.0
2055-01-04 23:00:00,0.0,0.0
2055-01-05 00:00:00,0.0,0.0
2055-01-05 01:00:00,0.0,0.0
2055-01-05 02:00:00,0.0,0.0
2055-01-05 03:00:00,0.0,65.04588318212808
2055-01-05 04:00:00,0.0,160.50282863122513
2055-01-05 05:00:00,0.0,231.03959805600041
2055-01-05 06:00:00,0.0,272.85480867308274
2055-01-05 07:00:00,0.0,295.24072950849046
2055-01-05 08:00:00,0.0,296.93023296776647
2055-01-05 09:00:00,0.0,278.7680707805489
2055-01-05 10:00:00,0.0,237.37523602828557
2055-01-05 11:00:00,0.0,171.06222525170045
2055-01-05 12:00:00,0.0,79.82903845079353
2055-01-05 13:00:00,0.0,2.1118793240950673
2055-01-05 14:00:00,0.0,0.0
2055-01-05 15:00:00,0.0,0.0
2055-01-05 16:00:00,0.0,0.0
2055-01-05 17:00:00,0.0,0.0
2055-01-05 18:00:00,0.0,0.0
2055-01-05 19:00:00,0.0,0.0
2055-01-05 20:00:00,0.0,0.0
2055-01-05 21:00:00,0.0,0.0
2055-01-05 22:00:00,0.0,0.0
2055-01-05 23:00:00,0.0,0.0
2055-01-06 00:00:00,0.0,0.0
2055-01-06 01:00:00,0.0,0.0
2055-01-06 02:00:00,0.0,0.0
2055-01-06 03:00:00,0.0,48.57322445418655
2055-01-06 04:00:00,0.0,138.1169077958174
2055-01-06 05:00:00,0.0,219.213073841068
2055-01-06 06:00:00,0.0,269.0534258897116
2055-01-06 07:00:00,0.0,295.24072950849046
2055-01-06 08:00:00,0.0,299.04211229186154
2055-01-06 09:00:00,0.0,280.87995010464397
2055-01-06 10:00:00,0.0,239.48711535238067
2055-01-06 11:00:00,0.0,174.01885630543356
2055-01-06 12:00:00,0.0,82.36329363970763
2055-01-06 13:00:00,0.0,2.9566310537330946
2055-01-06 14:00:00,0.0,0.0
2055-01-06 15:00:00,0.0,0.0
2055-01-06 16:00:00,0.0,0.0
2055-01-06 17:00:00,0.0,0.0
2055-01-06 18:00:00,0.0,0.0
2055-01-06 19:00:00,0.0,0.0
2055-01-06 20:00:00,0.0,0.0
2055-01-06 21:00:00,0.0,0.0
2055-01-06 22:00:00,0.0,0.0
2055-01-06 23:00:00,0.0,0.0
2055-01-07 00:00:00,0.0,0.0
2055-01-07 01:00:00,0.0,0.0
2055-01-07 02:00:00,0.0,0.0
2055-01-07 03:00:00,0.0,68.84726596549919
2055-01-07 04:00:00,0.0,165.14896314423427
2055-01-07 05:00:00,0.0,237.7976118931046
2055-01-07 06:00:00,0.0,283.83658115837704
2055-01-07 07:00:00,0.0,308.33438131787983
2055-01-07 08:00:00,0.0,310.4462606419749
2055-01-07 09:00:00,0.0,288.90509153620525
2055-01-07 10:00:00,0.0,247.08988091912292
2055-01-07 11:00:00,0.0,180.77687014253777
2055-01-07 12:00:00,0.0,88.27655574717382
2055-01-07 13:00:00,0.0,3.379006918552108
2055-01-07 14:00:00,0.0,0.0
2055-01-07 15:00:00,0.0,0.0
2055-01-07 16:00:00,0.0,0.0
2055-01-07 17:00:00,0.0,0.0
2055-01-07 18:00:00,0.0,0.0
2055-01-07 19:00:00,0.0,0.0
2055-01-07 20:00:00,0.0,0.0
2055-01-07 21:00:00,0.0,0.0
2055-01-07 22:00:00,0.0,0.0
2055-01-07 23:00:00,0.0,0.0
2055-01-08 00:00:00,0.0,0.0
2055-01-08 01:00:00,0.0,0.0
2055-01-08 02:00:00,0.0,0.0
2055-01-08 03:00:00,0.0,66.31301077658512
2055-01-08 04:00:00,0.0,165.14896314423427
2055-01-08 05:00:00,0.0,237.7976118931046
2055-01-08 06:00:00,0.0,282.99182942873904
2055-01-08 07:00:00,0.0,306.64487785860376
2055-01-08 08:00:00,0.0,308.33438131787983
2055-01-08 09:00:00,0.0,289.7498432658433
2055-01-08 10:00:00,0.0,247.93463264876095
2055-01-08 11:00:00,0.0,182.4663736018138
2055-01-08 12:00:00,0.0,92.50031439536396
2055-01-08 13:00:00,0.0,5.0685103778281615
2055-01-08 14:00:00,0.0,0.0
2055-01-08 15:00:00,0.0,0.0
2055-01-08 16:00:00,0.0,0.0
2055-01-08 17:00:00,0.0,0.0
2055-01-08 18:00:00,0.0,0.0
2055-01-08 19:00:00,0.0,0.0
2055-01-08 20:00:00,0.0,0.0
2055-01-08 21:00:00,0.0,0.0
2055-01-08 22:00:00,0.0,0.0
2055-01-08 23:00:00,0.0,0.0
2055-01-09 00:00:00,0.0,0.0
2055-01-09 01:00:00,0.0,0.0
2055-01-09 02:00:00,0.0,0.0
2055-01-09 03:00:00,0.0,70.11439355995624
2055-01-09 04:00:00,0.0,166.83846660351034
2055-01-09 05:00:00,0.0,239.06473948756167
2055-01-09 06:00:00,0.0,286.3708363472912
2055-01-09 07:00:00,0.0,309.60150891233684
2055-01-09 08:00:00,0.0,312.13576410125097
2055-01-09 09:00:00,0.0,291.0169708603003
2055-01-09 10:00:00,0.0,249.624136108037
2055-01-09 11:00:00,0.0,181.6216218721758
2055-01-09 12:00:00,0.0,93.34506612500198
2055-01-09 13:00:00,0.0,5.490886242647175
2055-01-09 14:00:00,0.0,0.0
2055-01-09 15:00:00,0.0,0.0
2055-01-09 16:00:00,0.0,0.0
2055-01-09 17:00:00,0.0,0.0
2055-01-09 18:00:00,0.0,0.0
2055-01-09 19:00:00,0.0,0.0
2055-01-09 20:00:00,0.0,0.0
2055-01-09 21:00:00,0.0,0.0
2055-01-09 22:00:00,0.0,0.0
2055-01-09 23:00:00,0.0,0.0
2055-01-10 00:00:00,0.0,0.0
2055-01-10 01:00:00,0.0,0.0
2055-01-10 02:00:00,0.0,0.0
2055-01-10 03:00:00,0.0,60.822124533937945
2055-01-10 04:00:00,0.0,166.83846660351034
2055-01-10 05:00:00,0.0,239.06473948756167
2055-01-10 06:00:00,0.0,287.6379639417482
2055-01-10 07:00:00,0.0,310.8686365067939
2055-01-10 08:00:00,0.0,312.55813996607
2055-01-10 09:00:00,0.0,292.28409845475727
2055-01-10 10:00:00,0.0,249.624136108037
2055-01-10 11:00:00,0.0,185.42300465554692
2055-01-10 12:00:00,0.0,95.03456958427803
2055-01-10 13:00:00,0.0,5.490886242647175
2055-01-10 14:00:00,0.0,0.0
2055-01-10 15:00:00,0.0,0.0
2055-01-10 16:00:00,0.0,0.0
2055-01-10 17:00:00,0.0,0.0
2055-01-10 18:00:00,0.0,0.0
2055-01-10 19:00:00,0.0,0.0
2055-01-10 20:00:00,0.0,0.0
2055-01-10 21:00:00,0.0,0.0
2055-01-10 22:00:00,0.0,0.0
2055-01-10 23:00:00,0.0,0.0
2055-01-11 00:00:00,0.0,0.0
2055-01-11 01:00:00,0.0,0.0
2055-01-11 02:00:00,0.0,0.0
2055-01-11 03:00:00,0.0,59.97737280429991
2055-01-11 04:00:00,0.0,157.96857344231105
2055-01-11 05:00:00,0.0,231.8843497856384
2055-01-11 06:00:00,0.0,283.4142052935581
2055-01-11 07:00:00,0.0,304.5329985345087
2055-01-11 08:00:00,0.0,304.5329985345087
2055-01-11 09:00:00,0.0,277.9233190509109
2055-01-11 10:00:00,0.0,231.03959805600041
2055-01-11 11:00:00,0.0,157.96857344231105
2055-01-11 12:00:00,0.0,65.04588318212808
2055-01-11 13:00:00,0.0,1.2671275944570404
2055-01-11 14:00:00,0.0,0.0
2055-01-11 15:00:00,0.0,0.0
2055-01-11 16:00:00,0.0,0.0
2055-01-11 17:00:00,0.0,0.0
2055-01-11 18:00:00,0.0,0.0
2055-01-11 19:00:00,0.0,0.0
2055-01-11 20:00:00,0.0,0.0
2055-01-11 21:00:00,0.0,0.0
2055-01-11 22:00:00,0.0,0.0
2055-01-11 23:00:00,0.0,0.0
2055-01-12 00:00:00,0.0,0.0
2055-01-12 01:00:00,0.0,0.0
2055-01-12 02:00:00,0.0,0.0
2055-01-12 03:00:00,0.0,62.08925212839498
2055-01-12 04:00:00,0.0,160.92520449604413
2055-01-12 05:00:00,0.0,234.41860497455252
2055-01-12 06:00:00,0.0,288.90509153620525
2055-01-12 07:00:00,0.0,309.60150891233684
2055-01-12 08:00:00,0.0,310.02388477715596
2055-01-12 09:00:00,0.0,290.59459499548126
2055-01-12 10:00:00,0.0,248.35700851357993
2055-01-12 11:00:00,0.0,182.88874946663282
2055-01-12 12:00:00,0.0,90.8108109360879
2055-01-12 13:00:00,0.0,4.646134513009148
2055-01-12 14:00:00,0.0,0.0
2055-01-12 15:00:00,0.0,0.0
2055-01-12 16:00:00,0.0,0.0
2055-01-12 17:00:00,0.0,0.0
2055-01-12 18:00:00,0.0,0.0
2055-01-12 19:00:00,0.0,0.0
2055-01-12 20:00:00,0.0,0.0
2055-01-12 21:00:00,0.0,0.0
2055-01-12 22:00:00,0.0,0.0
2055-01-12 23:00:00,0.0,0.0
2055-01-13 00:00:00,0.0,0.0
2055-01-13 01:00:00,0.0,0.0
2055-01-13 02:00:00,0.0,0.0
2055-01-13 03:00:00,0.0,65.8906349117661
2055-01-13 04:00:00,0.0,162.19233209050117
2055-01-13 05:00:00,0.0,235.26335670419053
2055-01-13 06:00:00,0.0,279.61282251018696
2055-01-13 07:00:00,0.0,303.6882468048707
2055-01-13 08:00:00,0.0,306.2225019937848
2055-01-13 09:00:00,0.0,286.7932122121102
2055-01-13 10:00:00,0.0,244.5556257302088
2055-01-13 11:00:00,0.0,177.8202390888047
2055-01-13 12:00:00,0.0,85.74230055825974
2055-01-13 13:00:00,0.0,3.8013827833711216
2055-01-13 14:00:00,0.0,0.0
2055-01-13 15:00:00,0.0,0.0
2055-01-13 16:00:00,0.0,0.0
2055-01-13 17:00:00,0.0,0.0
2055-01-13 18:00:00,0.0,0.0
2055-01-13 19:00:00,0.0,0.0
2055-01-13 20:00:00,0.0,0.0
2055-01-13 21:00:00,0.0,0.0
2055-01-13 22:00:00,0.0,0.0
2055-01-13 23:00:00,0.0,0.0
2055-01-14 00:00:00,0.0,0.0
2055-01-14 01:00:00,0.0,0.0
2055-01-14 02:00:00,0.0,0.0
2055-01-14 03:00:00,0.0,48.15084858936754
2055-01-14 04:00:00,0.0,144.45254576810262
2055-01-14 05:00:00,0.0,214.14456346323985
2055-01-14 06:00:00,0.0,271.5876810786256
2055-01-14 07:00:00,0.0,301.9987433455946
2055-01-14 08:00:00,0.0,293.1288501843954
2055-01-14 09:00:00,0.0,273.27718453790175
2055-01-14 10:00:00,0.0,239.90949121719964
2055-01-14 11:00:00,0.0,172.75172871097652
2055-01-14 12:00:00,0.0,83.20804536934565
2055-01-14 13:00:00,0.0,2.9566310537330946
2055-01-14 14:00:00,0.0,0.0
2055-01-14 15:00:00,0.0,0.0
2055-01-14 16:00:00,0.0,0.0
2055-01-14 17:00:00,0.0,0.0
2055-01-14 18:00:00,0.0,0.0
2055-01-14 19:00:00,0.0,0.0
2055-01-14 20:00:00,0.0,0.0
2055-01-14 21:00:00,0.0,0.0
2055-01-14 22:00:00,0.0,0.0
2055-01-14 23:00:00,0.0,0.0
2055-01-15 00:00:00,0.0,0.0
2055-01-15 01:00:00,0.0,0.0
2055-01-15 02:00:00,0.0,0.0
2055-01-15 03:00:00,0.0,57.02074175056683
2055-01-15 04:00:00,0.0,141.0735388495505
2055-01-15 05:00:00,0.0,215.83406692251592
2055-01-15 06:00:00,0.0,271.5876810786256
2055-01-15 07:00:00,0.0,299.4644881566806
2055-01-15 08:00:00,0.0,303.2658709400517
2055-01-15 09:00:00,0.0,290.17221913066226
2055-01-15 10:00:00,0.0,252.58076716177004
2055-01-15 11:00:00,0.0,187.957259844461
2055-01-15 12:00:00,0.0,97.1464489083731
2055-01-15 13:00:00,0.0,6.758013837104216
2055-01-15 14:00:00,0.0,0.0
2055-01-15 15:00:00,0.0,0.0
2055-01-15 16:00:00,0.0,0.0
2055-01-15 17:00:00,0.0,0.0
2055-01-15 18:00:00,0.0,0.0
2055-01-15 19:00:00,0.0,0.0
2055-01-15 20:00:00,0.0,0.0
2055-01-15 21:00:00,0.0,0.0
2055-01-15 22:00:00,0.0,0.0
2055-01-15 23:00:00,0.0,0.0
2055-01-16 00:00:00,0.0,0.0
2055-01-16 01:00:00,0.0,0.0
2055-01-16 02:00:00,0.0,0.0
2055-01-16 03:00:00,0.0,71.38152115441329
2055-01-16 04:00:00,0.0,166.83846660351034
2055-01-16 05:00:00,0.0,239.90949121719964
2055-01-16 06:00:00,0.0,287.2155880769292
2055-01-16 07:00:00,0.0,310.8686365067939
2055-01-16 08:00:00,0.0,312.980515830889
2055-01-16 09:00:00,0.0,295.66310537330946
2055-01-16 10:00:00,0.0,254.2702706210461
2055-01-16 11:00:00,0.0,189.22438743891806
2055-01-16 12:00:00,0.0,98.83595236764914
2055-01-16 13:00:00,0.0,7.18038970192323
2055-01-16 14:00:00,0.0,0.0
2055-01-16 15:00:00,0.0,0.0
2055-01-16 16:00:00,0.0,0.0
2055-01-16 17:00:00,0.0,0.0
2055-01-16 18:00:00,0.0,0.0
2055-01-16 19:00:00,0.0,0.0
2055-01-16 20:00:00,0.0,0.0
2055-01-16 21:00:00,0.0,0.0
2055-01-16 22:00:00,0.0,0.0
2055-01-16 23:00:00,0.0,0.0
2055-01-17 00:00:00,0.0,0.0
2055-01-17 01:00:00,0.0,0.0
2055-01-17 02:00:00,0.0,0.0
2055-01-17 03:00:00,0.0,76.45003153224143
2055-01-17 04:00:00,0.0,172.75172871097652
2055-01-17 05:00:00,0.0,244.5556257302088
2055-01-17 06:00:00,0.0,290.59459499548126
2055-01-17 07:00:00,0.0,313.82526756052704
2055-01-17 08:00:00,0.0,315.09239515498405
2055-01-17 09:00:00,0.0,293.9736019140334
2055-01-17 10:00:00,0.0,251.73601543213204
2055-01-17 11:00:00,0.0,185.00062879072792
2055-01-17 12:00:00,0.0,92.92269026018296
2055-01-17 13:00:00,0.0,5.913262107466189
2055-01-17 14:00:00,0.0,0.0
2055-01-17 15:00:00,0.0,0.0
2055-01-17 16:00:00,0.0,0.0
2055-01-17 17:00:00,0.0,0.0
2055-01-17 18:00:00,0.0,0.0
2055-01-17 19:00:00,0.0,0.0
2055-01-17 20:00:00,0.0,0.0
2055-01-17 21:00:00,0.0,0.0
2055-01-17 22:00:00,0.0,0.0
2055-01-17 23:00:00,0.0,0.0
2055-01-18 00:00:00,0.0,0.0
2055-01-18 01:00:00,0.0,0.0
2055-01-18 02:00:00,0.0,0.0
2055-01-18 03:00:00,0.0,70.11439355995624
2055-01-18 04:00:00,0.0,163.88183554977724
2055-01-18 05:00:00,0.0,230.19484632636235
2055-01-18 06:00:00,0.0,270.3205534841686
2055-01-18 07:00:00,0.0,303.2658709400517
2055-01-18 08:00:00,0.0,304.11062266968975
2055-01-18 09:00:00,0.0,286.3708363472912
2055-01-18 10:00:00,0.0,248.35700851357993
2055-01-18 11:00:00,0.0,184.5782529259089
2055-01-18 12:00:00,0.0,94.18981785464001
2055-01-18 13:00:00,0.0,6.758013837104216
2055-01-18 14:00:00,0.0,0.0
2055-01-18 15:00:00,0.0,0.0
2055-01-18 16:00:00,0.0,0.0
2055-01-18 17:00:00,0.0,0.0
2055-01-18 18:00:00,0.0,0.0
2055-01-18 19:00:00,0.0,0.0
2055-01-18 20:00:00,0.0,0.0
2055-01-18 21:00:00,0.0,0.0
2055-01-18 22:00:00,0.0,0.0
2055-01-18 23:00:00,0.0,0.0
2055-01-19 00:00:00,0.0,0.0
2055-01-19 01:00:00,0.0,0.0
2055-01-19 02:00:00,0.0,0.0
2055-01-19 03:00:00,0.0,70.11439355995624
2055-01-19 04:00:00,0.0,165.9937148738723
2055-01-19 05:00:00,0.0,236.9528601634666
2055-01-19 06:00:00,0.0,282.99182942873904
2055-01-19 07:00:00,0.0,306.2225019937848
2055-01-19 08:00:00,0.0,308.33438131787983
2055-01-19 09:00:00,0.0,283.83658115837704
2055-01-19 10:00:00,0.0,239.90949121719964
2055-01-19 11:00:00,0.0,170.21747352206245
2055-01-19 12:00:00,0.0,76.87240739706046
2055-01-19 13:00:00,0.0,3.379006918552108
2055-01-19 14:00:00,0.0,0.0
2055-01-19 15:00:00,0.0,0.0
2055-01-19 16:00:00,0.0,0.0
2055-01-19 17:00:00,0.0,0.0
2055-01-19 18:00:00,0.0,0.0
2055-01-19 19:00:00,0.0,0.0
2055-01-19 20:00:00,0.0,0.0
2055-01-19 21:00:00,0.0,0.0
2055-01-19 22:00:00,0.0,0.0
2055-01-19 23:00:00,0.0,0.0
2055-01-20 00:00:00,0.0,0.0
2055-01-20 01:00:00,0.0,0.0
2055-01-20 02:00:00,0.0,0.0
2055-01-20 03:00:00,0.0,43.5047140763584
2055-01-20 04:00:00,0.0,130.93651809389416
2055-01-20 05:00:00,0.0,207.38654962613563
2055-01-20 06:00:00,0.0,264.82966724152146
2055-01-20 07:00:00,0.0,288.90509153620525
2055-01-20 08:00:00,0.0,289.32746740102425
2055-01-20 09:00:00,0.0,269.8981776193496
2055-01-20 10:00:00,0.0,223.0144566244391
2055-01-20 11:00:00,0.0,152.05531133484487
2055-01-20 12:00:00,0.0,65.04588318212808
2055-01-20 13:00:00,0.0,2.5342551889140807
2055-01-20 14:00:00,0.0,0.0
2055-01-20 15:00:00,0.0,0.0
2055-01-20 16:00:00,0.0,0.0
2055-01-20 17:00:00,0.0,0.0
2055-01-20 18:00:00,0.0,0.0
2055-01-20 19:00:00,0.0,0.0
2055-01-20 20:00:00,0.0,0.0
2055-01-20 21:00:00,0.0,0.0
2055-01-20 22:00:00,0.0,0.0
2055-01-20 23:00:00,0.0,0.0
2055-01-21 00:00:00,0.0,0.0
2055-01-21 01:00:00,0.0,0.0
2055-01-21 02:00:00,0.0,0.0
2055-01-21 03:00:00,0.0,76.45003153224143
2055-01-21 04:00:00,0.0,177.8202390888047
2055-01-21 05:00:00,0.0,250.046511972856
2055-01-21 06:00:00,0.0,296.93023296776647
2055-01-21 07:00:00,0.0,318.4714020735362
2055-01-21 08:00:00,0.0,319.31615380317413
2055-01-21 09:00:00,0.0,299.04211229186154
2055-01-21 10:00:00,0.0,255.95977408032215
2055-01-21 11:00:00,0.0,187.534883979642
2055-01-21 12:00:00,0.0,93.34506612500198
2055-01-21 13:00:00,0.0,6.758013837104216
2055-01-21 14:00:00,0.0,0.0
2055-01-21 15:00:00,0.0,0.0
2055-01-21 16:00:00,0.0,0.0
2055-01-21 17:00:00,0.0,0.0
2055-01-21 18:00:00,0.0,0.0
2055-01-21 19:00:00,0.0,0.0
2055-01-21 20:00:00,0.0,0.0
2055-01-21 21:00:00,0.0,0.0
2055-01-21 22:00:00,0.0,0.0
2055-01-21 23:00:00,0.0,0.0
2055-01-22 00:00:00,0.0,0.0
2055-01-22 01:00:00,0.0,0.0
2055-01-22 02:00:00,0.0,0.0
2055-01-22 03:00:00,0.0,76.45003153224143
2055-01-22 04:00:00,0.0,176.1307356295286
2055-01-22 05:00:00,0.0,248.77938437839896
2055-01-22 06:00:00,0.0,297.3526088325855
2055-01-22 07:00:00,0.0,320.58328139763125
2055-01-22 08:00:00,0.0,321.42803312726926
2055-01-22 09:00:00,0.0,302.4211192104137
2055-01-22 10:00:00,0.0,259.33878099887426
2055-01-22 11:00:00,0.0,191.3362667630131
2055-01-22 12:00:00,0.0,97.1464489083731
2055-01-22 13:00:00,0.0,7.18038970192323
2055-01-22 14:00:00,0.0,0.0
2055-01-22 15:00:00,0.0,0.0
2055-01-22 16:00:00,0.0,0.0
2055-01-22 17:00:00,0.0,0.0
2055-01-22 18:00:00,0.0,0.0
2055-01-22 19:00:00,0.0,0.0
2055-01-22 20:00:00,0.0,0.0
2055-01-22 21:00:00,0.0,0.0
2055-01-22 22:00:00,0.0,0.0
2055-01-22 23:00:00,0.0,0.0
2055-01-23 00:00:00,0.0,0.0
2055-01-23 01:00:00,0.0,0.0
2055-01-23 02:00:00,0.0,0.0
2055-01-23 03:00:00,0.0,75.60527980260342
2055-01-23 04:00:00,0.0,174.86360803507156
2055-01-23 05:00:00,0.0,247.93463264876095
2055-01-23 06:00:00,0.0,293.1288501843954
2055-01-23 07:00:00,0.0,317.2042744790791
2055-01-23 08:00:00,0.0,318.8937779383552
2055-01-23 09:00:00,0.0,301.5763674807757
2055-01-23 10:00:00,0.0,259.33878099887426
2055-01-23 11:00:00,0.0,192.18101849265113
2055-01-23 12:00:00,0.0,98.83595236764914
2055-01-23 13:00:00,0.0,8.44751729638027
2055-01-23 14:00:00,0.0,0.0
2055-01-23 15:00:00,0.0,0.0
2055-01-23 16:00:00,0.0,0.0
2055-01-23 17:00:00,0.0,0.0
2055-01-23 18:00:00,0.0,0.0
2055-01-23 19:00:00,0.0,0.0
2055-01-23 20:00:00,0.0,0.0
2055-01-23 21:00:00,0.0,0.0
2055-01-23 22:00:00,0.0,0.0
2055-01-23 23:00:00,0.0,0.0
2055-01-24 00:00:00,0.0,0.0
2055-01-24 01:00:00,0.0,0.0
2055-01-24 02:00:00,0.0,0.0
2055-01-24 03:00:00,0.0,77.71715912669848
2055-01-24 04:00:00,0.0,174.44123217025256
2055-01-24 05:00:00,0.0,246.24512918948486
2055-01-24 06:00:00,0.0,293.1288501843954
2055-01-24 07:00:00,0.0,316.7818986142601
2055-01-24 08:00:00,0.0,318.8937779383552
2055-01-24 09:00:00,0.0,300.7316157511376
2055-01-24 10:00:00,0.0,258.91640513405525
2055-01-24 11:00:00,0.0,192.60339435747017
2055-01-24 12:00:00,0.0,100.52545582692521
2055-01-24 13:00:00,0.0,9.71464489083731
2055-01-24 14:00:00,0.0,0.0
2055-01-24 15:00:00,0.0,0.0
2055-01-24 16:00:00,0.0,0.0
2055-01-24 17:00:00,0.0,0.0
2055-01-24 18:00:00,0.0,0.0
2055-01-24 19:00:00,0.0,0.0
2055-01-24 20:00:00,0.0,0.0
2055-01-24 21:00:00,0.0,0.0
2055-01-24 22:00:00,0.0,0.0
2055-01-24 23:00:00,0.0,0.0
2055-01-25 00:00:00,0.0,0.0
2055-01-25 01:00:00,0.0,0.0
2055-01-25 02:00:00,0.0,0.0
2055-01-25 03:00:00,0.0,72.64864874887031
2055-01-25 04:00:00,0.0,166.83846660351034
2055-01-25 05:00:00,0.0,239.48711535238067
2055-01-25 06:00:00,0.0,286.3708363472912
2055-01-25 07:00:00,0.0,310.4462606419749
2055-01-25 08:00:00,0.0,313.402891695708
2055-01-25 09:00:00,0.0,291.4393467251193
2055-01-25 10:00:00,0.0,247.08988091912292
2055-01-25 11:00:00,0.0,181.6216218721758
2055-01-25 12:00:00,0.0,92.92269026018296
2055-01-25 13:00:00,0.0,7.602765566742243
2055-01-25 14:00:00,0.0,0.0
2055-01-25 15:00:00,0.0,0.0
2055-01-25 16:00:00,0.0,0.0
2055-01-25 17:00:00,0.0,0.0
2055-01-25 18:00:00,0.0,0.0
2055-01-25 19:00:00,0.0,0.0
2055-01-25 20:00:00,0.0,0.0
2055-01-25 21:00:00,0.0,0.0
2055-01-25 22:00:00,0.0,0.0
2055-01-25 23:00:00,0.0,0.0
2055-01-26 00:00:00,0.0,0.0
2055-01-26 01:00:00,0.0,0.0
2055-01-26 02:00:00,0.0,0.0
2055-01-26 03:00:00,0.0,70.95914528959426
2055-01-26 04:00:00,0.0,166.4160907386913
2055-01-26 05:00:00,0.0,239.06473948756167
2055-01-26 06:00:00,0.0,287.6379639417482
2055-01-26 07:00:00,0.0,311.7133882364319
2055-01-26 08:00:00,0.0,313.402891695708
2055-01-26 09:00:00,0.0,294.39597777885234
2055-01-26 10:00:00,0.0,252.15839129695107
2055-01-26 11:00:00,0.0,185.42300465554692
2055-01-26 12:00:00,0.0,92.92269026018296
2055-01-26 13:00:00,0.0,7.602765566742243
2055-01-26 14:00:00,0.0,0.0
2055-01-26 15:00:00,0.0,0.0
2055-01-26 16:00:00,0.0,0.0
2055-01-26 17:00:00,0.0,0.0
2055-01-26 18:00:00,0.0,0.0
2055-01-26 19:00:00,0.0,0.0
2055-01-26 20:00:00,0.0,0.0
2055-01-26 21:00:00,0.0,0.0
2055-01-26 22:00:00,0.0,0.0
2055-01-26 23:00:00,0.0,0.0
2055-01-27 00:00:00,0.0,0.0
2055-01-27 01:00:00,0.0,0.0
2055-01-27 02:00:00,0.0,0.0
2055-01-27 03:00:00,0.0,70.95914528959426
2055-01-27 04:00:00,0.0,167.26084246832934
2055-01-27 05:00:00,0.0,239.90949121719964
2055-01-27 06:00:00,0.0,288.06033980656724
2055-01-27 07:00:00,0.0,312.13576410125097
2055-01-27 08:00:00,0.0,314.24764342534604
2055-01-27 09:00:00,0.0,293.1288501843954
2055-01-27 10:00:00,0.0,250.46888783767497
2055-01-27 11:00:00,0.0,183.31112533145185
2055-01-27 12:00:00,0.0,91.2331868009069
2055-01-27 13:00:00,0.0,7.602765566742243
2055-01-27 14:00:00,0.0,0.0
2055-01-27 15:00:00,0.0,0.0
2055-01-27 16:00:00,0.0,0.0
2055-01-27 17:00:00,0.0,0.0
2055-01-27 18:00:00,0.0,0.0
2055-01-27 19:00:00,0.0,0.0
2055-01-27 20:00:00,0.0,0.0
2055-01-27 21:00:00,0.0,0.0
2055-01-27 22:00:00,0.0,0.0
2055-01-27 23:00:00,0.0,0.0
2055-01-28 00:00:00,0.0,0.0
2055-01-28 01:00:00,0.0,0.0
2055-01-28 02:00:00,0.0,0.0
2055-01-28 03:00:00,0.0,73.91577634332737
2055-01-28 04:00:00,0.0,168.95034592760538
2055-01-28 05:00:00,0.0,239.90949121719964
2055-01-28 06:00:00,0.0,288.90509153620525
2055-01-28 07:00:00,0.0,312.980515830889
2055-01-28 08:00:00,0.0,315.5147710198031
2055-01-28 09:00:00,0.0,297.3526088325855
2055-01-28 10:00:00,0.0,255.95977408032215
2055-01-28 11:00:00,0.0,189.64676330373703
2055-01-28 12:00:00,0.0,98.41357650283015
2055-01-28 13:00:00,0.0,9.71464489083731
2055-01-28 14:00:00,0.0,0.0
2055-01-28 15:00:00,0.0,0.0
2055-01-28 16:00:00,0.0,0.0
2055-01-28 17:00:00,0.0,0.0
2055-01-28 18:00:00,0.0,0.0
2055-01-28 19:00:00,0.0,0.0
2055-01-28 20:00:00,0.0,0.0
2055-01-28 21:00:00,0.0,0.0
2055-01-28 22:00:00,0.0,0.0
2055-01-28 23:00:00,0.0,0.0
2055-01-29 00:00:00,0.0,0.0
2055-01-29 01:00:00,0.0,0.0
2055-01-29 02:00:00,0.0,0.0
2055-01-29 03:00:00,0.0,44.77184167081543
2055-01-29 04:00:00,0.0,131.7812698235322
2055-01-29 05:00:00,0.0,194.2928978167462
2055-01-29 06:00:00,0.0,272.01005694344474
2055-01-29 07:00:00,0.0,307.0672537234228
2055-01-29 08:00:00,0.0,315.09239515498405
2055-01-29 09:00:00,0.0,297.3526088325855
2055-01-29 10:00:00,0.0,255.95977408032215
2055-01-29 11:00:00,0.0,189.64676330373703
2055-01-29 12:00:00,0.0,97.56882477319212
2055-01-29 13:00:00,0.0,9.71464489083731
2055-01-29 14:00:00,0.0,0.0
2055-01-29 15:00:00,0.0,0.0
2055-01-29 16:00:00,0.0,0.0
2055-01-29 17:00:00,0.0,0.0
2055-01-29 18:00:00,0.0,0.0
2055-01-29 19:00:00,0.0,0.0
2055-01-29 20:00:00,0.0,0.0
2055-01-29 21:00:00,0.0,0.0
2055-01-29 22:00:00,0.0,0.0
2055-01-29 23:00:00,0.0,0.0
2055-01-30 00:00:00,0.0,0.0
2055-01-30 01:00:00,0.0,0.0
2055-01-30 02:00:00,0.0,0.0
2055-01-30 03:00:00,0.0,73.07102461368932
2055-01-30 04:00:00,0.0,169.79509765724345
2055-01-30 05:00:00,0.0,242.86612227093275
2055-01-30 06:00:00,0.0,288.90509153620525
2055-01-30 07:00:00,0.0,312.55813996607
2055-01-30 08:00:00,0.0,314.24764342534604
2055-01-30 09:00:00,0.0,294.39597777885234
2055-01-30 10:00:00,0.0,252.58076716177004
2055-01-30 11:00:00,0.0,185.84538052036592
2055-01-30 12:00:00,0.0,95.03456958427803
2055-01-30 13:00:00,0.0,8.869893161199283
2055-01-30 14:00:00,0.0,0.0
2055-01-30 15:00:00,0.0,0.0
2055-01-30 16:00:00,0.0,0.0
2055-01-30 17:00:00,0.0,0.0
2055-01-30 18:00:00,0.0,0.0
2055-01-30 19:00:00,0.0,0.0
2055-01-30 20:00:00,0.0,0.0
2055-01-30 21:00:00,0.0,0.0
2055-01-30 22:00:00,0.0,0.0
2055-01-30 23:00:00,0.0,0.0
2055-01-31 00:00:00,0.0,0.0
2055-01-31 01:00:00,0.0,0.0
2055-01-31 02:00:00,0.0,0.0
2055-01-31 03:00:00,0.0,67.58013837104215
2055-01-31 04:00:00,0.0,160.50282863122513
2055-01-31 05:00:00,0.0,232.30672565045745
2055-01-31 06:00:00,0.0,280.0351983750059
2055-01-31 07:00:00,0.0,304.5329985345087
2055-01-31 08:00:00,0.0,306.2225019937848
2055-01-31 09:00:00,0.0,281.302325969463
2055-01-31 10:00:00,0.0,236.9528601634666
2055-01-31 11:00:00,0.0,168.5279700627864
2055-01-31 12:00:00,0.0,77.71715912669848
2055-01-31 13:00:00,0.0,5.490886242647175
2055-01-31 14:00:00,0.0,0.0
2055-01-31 15:00:00,0.0,0.0
2055-01-31 16:00:00,0.0,0.0
2055-01-31 17:00:00,0.0,0.0
2055-01-31 18:00:00,0.0,0.0
2055-01-31 19:00:00,0.0,0.0
2055-01-31 20:00:00,0.0,0.0
2055-01-31 21:00:00,0.0,0.0
2055-01-31 22:00:00,0.0,0.0
2055-01-31 23:00:00,0.0,0.0
2055-02-01 00:00:00,0.0,0.0
2055-02-01 01:00:00,0.0,0.0
2055-02-01 02:00:00,0.0,0.0
2055-02-01 03:00:00,0.0,55.753614156109776
2055-02-01 04:00:00,0.0,149.09868028111174
2055-02-01 05:00:00,0.0,224.28158421889617
2055-02-01 06:00:00,0.0,272.85480867308274
2055-02-01 07:00:00,0.0,298.1973605622235
2055-02-01 08:00:00,0.0,301.5763674807757
2055-02-01 09:00:00,0.0,288.90509153620525
2055-02-01 10:00:00,0.0,248.35700851357993
2055-02-01 11:00:00,0.0,181.6216218721758
2055-02-01 12:00:00,0.0,91.2331868009069
2055-02-01 13:00:00,0.0,8.869893161199283
2055-02-01 14:00:00,0.0,0.0
2055-02-01 15:00:00,0.0,0.0
2055-02-01 16:00:00,0.0,0.0
2055-02-01 17:00:00,0.0,0.0
2055-02-01 18:00:00,0.0,0.0
2055-02-01 19:00:00,0.0,0.0
2055-02-01 20:00:00,0.0,0.0
2055-02-01 21:00:00,0.0,0.0
2055-02-01 22:00:00,0.0,0.0
2055-02-01 23:00:00,0.0,0.0
2055-02-02 00:00:00,0.0,0.0
2055-02-02 01:00:00,0.0,0.0
2055-02-02 02:00:00,0.0,0.0
2055-02-02 03:00:00,0.0,72.64864874887031
2055-02-02 04:00:00,0.0,166.4160907386913
2055-02-02 05:00:00,0.0,239.06473948756167
2055-02-02 06:00:00,0.0,289.32746740102425
2055-02-02 07:00:00,0.0,314.67001929016504
2055-02-02 08:00:00,0.0,317.2042744790791
2055-02-02 09:00:00,0.0,297.3526088325855
2055-02-02 10:00:00,0.0,255.11502235068417
2055-02-02 11:00:00,0.0,188.80201157409905
2055-02-02 12:00:00,0.0,97.99120063801112
2055-02-02 13:00:00,0.0,10.137020755656323
2055-02-02 14:00:00,0.0,0.0
2055-02-02 15:00:00,0.0,0.0
2055-02-02 16:00:00,0.0,0.0
2055-02-02 17:00:00,0.0,0.0
2055-02-02 18:00:00,0.0,0.0
2055-02-02 19:00:00,0.0,0.0
2055-02-02 20:00:00,0.0,0.0
2055-02-02 21:00:00,0.0,0.0
2055-02-02 22:00:00,0.0,0.0
2055-02-02 23:00:00,0.0,0.0
2055-02-03 00:00:00,0.0,0.0
2055-02-03 01:00:00,0.0,0.0
2055-02-03 02:00:00,0.0,0.0
2055-02-03 03:00:00,0.0,60.399748669118935
2055-02-03 04:00:00,0.0,161.76995622568217
2055-02-03 05:00:00,0.0,238.64236362274264
2055-02-03 06:00:00,0.0,284.6813328880151
2055-02-03 07:00:00,0.0,309.60150891233684
2055-02-03 08:00:00,0.0,312.13576410125097
2055-02-03 09:00:00,0.0,291.8617225899383
2055-02-03 10:00:00,0.0,245.82275332466585
2055-02-03 11:00:00,0.0,175.2859838998906
2055-02-03 12:00:00,0.0,83.63042123416467
2055-02-03 13:00:00,0.0,8.025141431561256
2055-02-03 14:00:00,0.0,0.0
2055-02-03 15:00:00,0.0,0.0
2055-02-03 16:00:00,0.0,0.0
2055-02-03 17:00:00,0.0,0.0
2055-02-03 18:00:00,0.0,0.0
2055-02-03 19:00:00,0.0,0.0
2055-02-03 20:00:00,0.0,0.0
2055-02-03 21:00:00,0.0,0.0
2055-02-03 22:00:00,0.0,0.0
2055-02-03 23:00:00,0.0,0.0
2055-02-04 00:00:00,0.0,0.0
2055-02-04 01:00:00,0.0,0.0
2055-02-04 02:00:00,0.0,0.0
2055-02-04 03:00:00,0.0,66.73538664140413
2055-02-04 04:00:00,0.0,165.14896314423427
2055-02-04 05:00:00,0.0,236.53048429864756
2055-02-04 06:00:00,0.0,283.83658115837704
2055-02-04 07:00:00,0.0,307.9120054530609
2055-02-04 08:00:00,0.0,310.02388477715596
2055-02-04 09:00:00,0.0,289.32746740102425
2055-02-04 10:00:00,0.0,244.13324986538976
2055-02-04 11:00:00,0.0,176.97548735916666
2055-02-04 12:00:00,0.0,91.2331868009069
2055-02-04 13:00:00,0.0,9.292269026018296
2055-02-04 14:00:00,0.0,0.0
2055-02-04 15:00:00,0.0,0.0
2055-02-04 16:00:00,0.0,0.0
2055-02-04 17:00:00,0.0,0.0
2055-02-04 18:00:00,0.0,0.0
2055-02-04 19:00:00,0.0,0.0
2055-02-04 20:00:00,0.0,0.0
2055-02-04 21:00:00,0.0,0.0
2055-02-04 22:00:00,0.0,0.0
2055-02-04 23:00:00,0.0,0.0
2055-02-05 00:00:00,0.0,0.0
2055-02-05 01:00:00,0.0,0.0
2055-02-05 02:00:00,0.0,0.0
2055-02-05 03:00:00,0.0,70.11439355995624
2055-02-05 04:00:00,0.0,164.72658727941527
2055-02-05 05:00:00,0.0,236.9528601634666
2055-02-05 06:00:00,0.0,282.99182942873904
2055-02-05 07:00:00,0.0,305.80012612896576
2055-02-05 08:00:00,0.0,306.2225019937848
2055-02-05 09:00:00,0.0,283.4142052935581
2055-02-05 10:00:00,0.0,236.10810843382856
2055-02-05 11:00:00,0.0,170.63984938688148
2055-02-05 12:00:00,0.0,85.74230055825974
2055-02-05 13:00:00,0.0,8.025141431561256
2055-02-05 14:00:00,0.0,0.0
2055-02-05 15:00:00,0.0,0.0
2055-02-05 16:00:00,0.0,0.0
2055-02-05 17:00:00,0.0,0.0
2055-02-05 18:00:00,0.0,0.0
2055-02-05 19:00:00,0.0,0.0
2055-02-05 20:00:00,0.0,0.0
2055-02-05 21:00:00,0.0,0.0
2055-02-05 22:00:00,0.0,0.0
2055-02-05 23:00:00,0.0,0.0
2055-02-06 00:00:00,0.0,0.0
2055-02-06 01:00:00,0.0,0.0
2055-02-06 02:00:00,0.0,0.0
2055-02-06 03:00:00,0.0,31.67818986142601
2055-02-06 04:00:00,0.0,89.54368334163085
2055-02-06 05:00:00,0.0,146.14204922737864
2055-02-06 06:00:00,0.0,183.31112533145185
2055-02-06 07:00:00,0.0,219.213073841068
2055-02-06 08:00:00,0.0,237.7976118931046
2055-02-06 09:00:00,0.0,214.56693932805885
2055-02-06 10:00:00,0.0,160.92520449604413
2055-02-06 11:00:00,0.0,98.83595236764914
2055-02-06 12:00:00,0.0,40.12570715780628
2055-02-06 13:00:00,0.0,2.1118793240950673
2055-02-06 14:00:00,0.0,0.0
2055-02-06 15:00:00,0.0,0.0
2055-02-06 16:00:00,0.0,0.0
2055-02-06 17:00:00,0.0,0.0
2055-02-06 18:00:00,0.0,0.0
2055-02-06 19:00:00,0.0,0.0
2055-02-06 20:00:00,0.0,0.0
2055-02-06 21:00:00,0.0,0.0
2055-02-06 22:00:00,0.0,0.0
2055-02-06 23:00:00,0.0,0.0
2055-02-07 00:00:00,0.0,0.0
2055-02-07 01:00:00,0.0,0.0
2055-02-07 02:00:00,0.0,0.0
2055-02-07 03:00:00,0.0,54.48648656165274
2055-02-07 04:00:00,0.0,151.63293547002584
2055-02-07 05:00:00,0.0,238.64236362274264
2055-02-07 06:00:00,0.0,287.6379639417482
2055-02-07 07:00:00,0.0,316.3595227494411
2055-02-07 08:00:00,0.0,323.96228831618333
2055-02-07 09:00:00,0.0,302.8434950752327
2055-02-07 10:00:00,0.0,263.1401637822454
2055-02-07 11:00:00,0.0,196.40477714084128
2055-02-07 12:00:00,0.0,103.90446274547733
2055-02-07 13:00:00,0.0,12.671275944570406
2055-02-07 14:00:00,0.0,0.0
2055-02-07 15:00:00,0.0,0.0
2055-02-07 16:00:00,0.0,0.0
2055-02-07 17:00:00,0.0,0.0
2055-02-07 18:00:00,0.0,0.0
2055-02-07 19:00:00,0.0,0.0
2055-02-07 20:00:00,0.0,0.0
2055-02-07 21:00:00,0.0,0.0
2055-02-07 22:00:00,0.0,0.0
2055-02-07 23:00:00,0.0,0.0
2055-02-08 00:00:00,0.0,0.0
2055-02-08 01:00:00,0.0,0.0
2055-02-08 02:00:00,0.0,0.0
2055-02-08 03:00:00,0.0,89.54368334163085
2055-02-08 04:00:00,0.0,185.84538052036592
2055-02-08 05:00:00,0.0,257.64927753959824
2055-02-08 06:00:00,0.0,304.95537439932775
2055-02-08 07:00:00,0.0,329.03079869401154
2055-02-08 08:00:00,0.0,331.1426780181066
2055-02-08 09:00:00,0.0,312.55813996607
2055-02-08 10:00:00,0.0,271.1653052138067
2055-02-08 11:00:00,0.0,205.27467030204056
2055-02-08 12:00:00,0.0,114.04148350113365
2055-02-08 13:00:00,0.0,16.89503459276054
2055-02-08 14:00:00,0.0,0.0
2055-02-08 15:00:00,0.0,0.0
2055-02-08 16:00:00,0.0,0.0
2055-02-08 17:00:00,0.0,0.0
2055-02-08 18:00:00,0.0,0.0
2055-02-08 19:00:00,0.0,0.0
2055-02-08 20:00:00,0.0,0.0
2055-02-08 21:00:00,0.0,0.0
2055-02-08 22:00:00,0.0,0.0
2055-02-08 23:00:00,0.0,0.0
2055-02-09 00:00:00,0.0,0.0
2055-02-09 01:00:00,0.0,0.0
2055-02-09 02:00:00,0.0,0.4223758648190135
2055-02-09 03:00:00,0.0,100.1030799621062
2055-02-09 04:00:00,0.0,193.87052195192717
2055-02-09 05:00:00,0.0,263.5625396470644
2055-02-09 06:00:00,0.0,309.1791330475179
2055-02-09 07:00:00,0.0,332.4098056125636
2055-02-09 08:00:00,0.0,334.5216849366587
2055-02-09 09:00:00,0.0,315.09239515498405
2055-02-09 10:00:00,0.0,274.12193626753975
2055-02-09 11:00:00,0.0,208.65367722059264
2055-02-09 12:00:00,0.0,117.42049041968578
2055-02-09 13:00:00,0.0,18.16216218721758
2055-02-09 14:00:00,0.0,0.0
2055-02-09 15:00:00,0.0,0.0
2055-02-09 16:00:00,0.0,0.0
2055-02-09 17:00:00,0.0,0.0
2055-02-09 18:00:00,0.0,0.0
2055-02-09 19:00:00,0.0,0.0
2055-02-09 20:00:00,0.0,0.0
2055-02-09 21:00:00,0.0,0.0
2055-02-09 22:00:00,0.0,0.0
2055-02-09 23:00:00,0.0,0.0
2055-02-10 00:00:00,0.0,0.0
2055-02-10 01:00:00,0.0,0.0
2055-02-10 02:00:00,0.0,0.844751729638027
2055-02-10 03:00:00,0.0,97.1464489083731
2055-02-10 04:00:00,0.0,190.4915150333751
2055-02-10 05:00:00,0.0,260.6059085933313
2055-02-10 06:00:00,0.0,297.3526088325855
2055-02-10 07:00:00,0.0,320.1609055328122
2055-02-10 08:00:00,0.0,324.38466418100234
2055-02-10 09:00:00,0.0,308.75675718269883
2055-02-10 10:00:00,0.0,265.25204310634047
2055-02-10 11:00:00,0.0,201.47328751866942
2055-02-10 12:00:00,0.0,111.92960417703857
2055-02-10 13:00:00,0.0,16.89503459276054
2055-02-10 14:00:00,0.0,0.0
2055-02-10 15:00:00,0.0,0.0
2055-02-10 16:00:00,0.0,0.0
2055-02-10 17:00:00,0.0,0.0
2055-02-10 18:00:00,0.0,0.0
2055-02-10 19:00:00,0.0,0.0
2055-02-10 20:00:00,0.0,0.0
2055-02-10 21:00:00,0.0,0.0
2055-02-10 22:00:00,0.0,0.0
2055-02-10 23:00:00,0.0,0.0
2055-02-11 00:00:00,0.0,0.0
2055-02-11 01:00:00,0.0,0.0
2055-02-11 02:00:00,0.0,0.0
2055-02-11 03:00:00,0.0,66.31301077658512
2055-02-11 04:00:00,0.0,140.22878711991248
2055-02-11 05:00:00,0.0,218.36832211143
2055-02-11 06:00:00,0.0,282.147077699101
2055-02-11 07:00:00,0.0,312.13576410125097
2055-02-11 08:00:00,0.0,315.9371468846221
2055-02-11 09:00:00,0.0,296.93023296776647
2055-02-11 10:00:00,0.0,255.53739821550315
2055-02-11 11:00:00,0.0,192.18101849265113
2055-02-11 12:00:00,0.0,105.17159033993435
2055-02-11 13:00:00,0.0,14.36077940384646
2055-02-11 14:00:00,0.0,0.0
2055-02-11 15:00:00,0.0,0.0
2055-02-11 16:00:00,0.0,0.0
2055-02-11 17:00:00,0.0,0.0
2055-02-11 18:00:00,0.0,0.0
2055-02-11 19:00:00,0.0,0.0
2055-02-11 20:00:00,0.0,0.0
2055-02-11 21:00:00,0.0,0.0
2055-02-11 22:00:00,0.0,0.0
2055-02-11 23:00:00,0.0,0.0
2055-02-12 00:00:00,0.0,0.0
2055-02-12 01:00:00,0.0,0.0
2055-02-12 02:00:00,0.0,0.0
2055-02-12 03:00:00,0.0,78.1395349915175
2055-02-12 04:00:00,0.0,168.10559419796738
2055-02-12 05:00:00,0.0,231.03959805600041
2055-02-12 06:00:00,0.0,273.69956040272075
2055-02-12 07:00:00,0.0,304.95537439932775
2055-02-12 08:00:00,0.0,309.1791330475179
2055-02-12 09:00:00,0.0,279.61282251018696
2055-02-12 10:00:00,0.0,235.26335670419053
2055-02-12 11:00:00,0.0,171.48460111651949
2055-02-12 12:00:00,0.0,79.82903845079353
2055-02-12 13:00:00,0.0,6.758013837104216
2055-02-12 14:00:00,0.0,0.0
2055-02-12 15:00:00,0.0,0.0
2055-02-12 16:00:00,0.0,0.0
2055-02-12 17:00:00,0.0,0.0
2055-02-12 18:00:00,0.0,0.0
2055-02-12 19:00:00,0.0,0.0
2055-02-12 20:00:00,0.0,0.0
2055-02-12 21:00:00,0.0,0.0
2055-02-12 22:00:00,0.0,0.0
2055-02-12 23:00:00,0.0,0.0
2055-02-13 00:00:00,0.0,0.0
2055-02-13 01:00:00,0.0,0.0
2055-02-13 02:00:00,0.0,0.0
2055-02-13 03:00:00,0.0,59.97737280429991
2055-02-13 04:00:00,0.0,155.01194238857798
2055-02-13 05:00:00,0.0,231.8843497856384
2055-02-13 06:00:00,0.0,287.2155880769292
2055-02-13 07:00:00,0.0,310.8686365067939
2055-02-13 08:00:00,0.0,312.13576410125097
2055-02-13 09:00:00,0.0,293.9736019140334
2055-02-13 10:00:00,0.0,251.31363956731303
2055-02-13 11:00:00,0.0,184.15587706108988
2055-02-13 12:00:00,0.0,94.61219371945903
2055-02-13 13:00:00,0.0,11.404148350113363
2055-02-13 14:00:00,0.0,0.0
2055-02-13 15:00:00,0.0,0.0
2055-02-13 16:00:00,0.0,0.0
2055-02-13 17:00:00,0.0,0.0
2055-02-13 18:00:00,0.0,0.0
2055-02-13 19:00:00,0.0,0.0
2055-02-13 20:00:00,0.0,0.0
2055-02-13 21:00:00,0.0,0.0
2055-02-13 22:00:00,0.0,0.0
2055-02-13 23:00:00,0.0,0.0
2055-02-14 00:00:00,0.0,0.0
2055-02-14 01:00:00,0.0,0.0
2055-02-14 02:00:00,0.0,0.844751729638027
2055-02-14 03:00:00,0.0,90.38843507126889
2055-02-14 04:00:00,0.0,187.957259844461
2055-02-14 05:00:00,0.0,259.33878099887426
2055-02-14 06:00:00,0.0,302.4211192104137
2055-02-14 07:00:00,0.0,326.4965435050974
2055-02-14 08:00:00,0.0,328.6084228291925
2055-02-14 09:00:00,0.0,308.75675718269883
2055-02-14 10:00:00,0.0,266.0967948359785
2055-02-14 11:00:00,0.0,199.36140819457438
2055-02-14 12:00:00,0.0,107.70584552884844
2055-02-14 13:00:00,0.0,15.6279069983035
2055-02-14 14:00:00,0.0,0.0
2055-02-14 15:00:00,0.0,0.0
2055-02-14 16:00:00,0.0,0.0
2055-02-14 17:00:00,0.0,0.0
2055-02-14 18:00:00,0.0,0.0
2055-02-14 19:00:00,0.0,0.0
2055-02-14 20:00:00,0.0,0.0
2055-02-14 21:00:00,0.0,0.0
2055-02-14 22:00:00,0.0,0.0
2055-02-14 23:00:00,0.0,0.0
2055-02-15 00:00:00,0.0,0.0
2055-02-15 01:00:00,0.0,0.0
2055-02-15 02:00:00,0.0,0.844751729638027
2055-02-15 03:00:00,0.0,87.43180401753578
2055-02-15 04:00:00,0.0,182.4663736018138
2055-02-15 05:00:00,0.0,254.2702706210461
2055-02-15 06:00:00,0.0,301.1539916159566
2055-02-15 07:00:00,0.0,324.8070400458214
2055-02-15 08:00:00,0.0,326.91891936991647
2055-02-15 09:00:00,0.0,307.9120054530609
2055-02-15 10:00:00,0.0,266.94154656561653
2055-02-15 11:00:00,0.0,202.31803924830746
2055-02-15 12:00:00,0.0,113.1967317714956
2055-02-15 13:00:00,0.0,18.16216218721758
2055-02-15 14:00:00,0.0,0.0
2055-02-15 15:00:00,0.0,0.0
2055-02-15 16:00:00,0.0,0.0
2055-02-15 17:00:00,0.0,0.0
2055-02-15 18:00:00,0.0,0.0
2055-02-15 19:00:00,0.0,0.0
2055-02-15 20:00:00,0.0,0.0
2055-02-15 21:00:00,0.0,0.0
2055-02-15 22:00:00,0.0,0.0
2055-02-15 23:00:00,0.0,0.0
2055-02-16 00:00:00,0.0,0.0
2055-02-16 01:00:00,0.0,0.0
2055-02-16 02:00:00,0.0,1.689503459276054
2055-02-16 03:00:00,0.0,96.72407304355407
2055-02-16 04:00:00,0.0,190.4915150333751
2055-02-16 05:00:00,0.0,261.0282844581503
2055-02-16 06:00:00,0.0,305.80012612896576
2055-02-16 07:00:00,0.0,329.03079869401154
2055-02-16 08:00:00,0.0,330.72030215328755
2055-02-16 09:00:00,0.0,311.7133882364319
2055-02-16 10:00:00,0.0,271.1653052138067
2055-02-16 11:00:00,0.0,207.38654962613563
2055-02-16 12:00:00,0.0,118.26524214932377
2055-02-16 13:00:00,0.0,20.696417376131663
2055-02-16 14:00:00,0.0,0.0
2055-02-16 15:00:00,0.0,0.0
2055-02-16 16:00:00,0.0,0.0
2055-02-16 17:00:00,0.0,0.0
2055-02-16 18:00:00,0.0,0.0
2055-02-16 19:00:00,0.0,0.0
2055-02-16 20:00:00,0.0,0.0
2055-02-16 21:00:00,0.0,0.0
2055-02-16 22:00:00,0.0,0.0
2055-02-16 23:00:00,0.0,0.0
2055-02-17 00:00:00,0.0,0.0
2055-02-17 01:00:00,0.0,0.0
2055-02-17 02:00:00,0.0,1.2671275944570404
2055-02-17 03:00:00,0.0,87.8541798823548
2055-02-17 04:00:00,0.0,189.64676330373703
2055-02-17 05:00:00,0.0,259.7611568636933
2055-02-17 06:00:00,0.0,304.5329985345087
2055-02-17 07:00:00,0.0,326.4965435050974
2055-02-17 08:00:00,0.0,327.7636710995545
2055-02-17 09:00:00,0.0,307.4896295882418
2055-02-17 10:00:00,0.0,266.94154656561653
2055-02-17 11:00:00,0.0,202.7404151131265
2055-02-17 12:00:00,0.0,113.61910763631462
2055-02-17 13:00:00,0.0,19.00691391685561
2055-02-17 14:00:00,0.0,0.0
2055-02-17 15:00:00,0.0,0.0
2055-02-17 16:00:00,0.0,0.0
2055-02-17 17:00:00,0.0,0.0
2055-02-17 18:00:00,0.0,0.0
2055-02-17 19:00:00,0.0,0.0
2055-02-17 20:00:00,0.0,0.0
2055-02-17 21:00:00,0.0,0.0
2055-02-17 22:00:00,0.0,0.0
2055-02-17 23:00:00,0.0,0.0
2055-02-18 00:00:00,0.0,0.0
2055-02-18 01:00:00,0.0,0.0
2055-02-18 02:00:00,0.0,0.4223758648190135
2055-02-18 03:00:00,0.0,65.04588318212808
2055-02-18 04:00:00,0.0,151.63293547002584
2055-02-18 05:00:00,0.0,240.75424294683768
2055-02-18 06:00:00,0.0,293.9736019140334
2055-02-18 07:00:00,0.0,316.7818986142601
2055-02-18 08:00:00,0.0,318.0490262087171
2055-02-18 09:00:00,0.0,297.77498469740453
2055-02-18 10:00:00,0.0,255.11502235068417
2055-02-18 11:00:00,0.0,188.37963570928002
2055-02-18 12:00:00,0.0,98.83595236764914
2055-02-18 13:00:00,0.0,13.516027674208432
2055-02-18 14:00:00,0.0,0.0
2055-02-18 15:00:00,0.0,0.0
2055-02-18 16:00:00,0.0,0.0
2055-02-18 17:00:00,0.0,0.0
2055-02-18 18:00:00,0.0,0.0
2055-02-18 19:00:00,0.0,0.0
2055-02-18 20:00:00,0.0,0.0
2055-02-18 21:00:00,0.0,0.0
2055-02-18 22:00:00,0.0,0.0
2055-02-18 23:00:00,0.0,0.0
2055-02-19 00:00:00,0.0,0.0
2055-02-19 01:00:00,0.0,0.0
2055-02-19 02:00:00,0.0,0.4223758648190135
2055-02-19 03:00:00,0.0,70.95914528959426
2055-02-19 04:00:00,0.0,164.30421141459624
2055-02-19 05:00:00,0.0,235.68573256900953
2055-02-19 06:00:00,0.0,286.3708363472912
2055-02-19 07:00:00,0.0,310.02388477715596
2055-02-19 08:00:00,0.0,312.55813996607
2055-02-19 09:00:00,0.0,295.66310537330946
2055-02-19 10:00:00,0.0,254.69264648586514
2055-02-19 11:00:00,0.0,190.06913916855606
2055-02-19 12:00:00,0.0,101.37020755656324
2055-02-19 13:00:00,0.0,13.938403539027444
2055-02-19 14:00:00,0.0,0.0
2055-02-19 15:00:00,0.0,0.0
2055-02-19 16:00:00,0.0,0.0
2055-02-19 17:00:00,0.0,0.0
2055-02-19 18:00:00,0.0,0.0
2055-02-19 19:00:00,0.0,0.0
2055-02-19 20:00:00,0.0,0.0
2055-02-19 21:00:00,0.0,0.0
2055-02-19 22:00:00,0.0,0.0
2055-02-19 23:00:00,0.0,0.0
2055-02-20 00:00:00,0.0,0.0
2055-02-20 01:00:00,0.0,0.0
2055-02-20 02:00:00,0.0,0.4223758648190135
2055-02-20 03:00:00,0.0,67.58013837104215
2055-02-20 04:00:00,0.0,158.39094930713006
2055-02-20 05:00:00,0.0,230.61722219118138
2055-02-20 06:00:00,0.0,278.7680707805489
2055-02-20 07:00:00,0.0,301.1539916159566
2055-02-20 08:00:00,0.0,301.1539916159566
2055-02-20 09:00:00,0.0,278.34569491572995
2055-02-20 10:00:00,0.0,232.72910151527643
2055-02-20 11:00:00,0.0,163.88183554977724
2055-02-20 12:00:00,0.0,78.98428672115553
2055-02-20 13:00:00,0.0,9.71464489083731
2055-02-20 14:00:00,0.0,0.0
2055-02-20 15:00:00,0.0,0.0
2055-02-20 16:00:00,0.0,0.0
2055-02-20 17:00:00,0.0,0.0
2055-02-20 18:00:00,0.0,0.0
2055-02-20 19:00:00,0.0,0.0
2055-02-20 20:00:00,0.0,0.0
2055-02-20 21:00:00,0.0,0.0
2055-02-20 22:00:00,0.0,0.0
2055-02-20 23:00:00,0.0,0.0
2055-02-21 00:00:00,0.0,0.0
2055-02-21 01:00:00,0.0,0.0
2055-02-21 02:00:00,0.0,0.844751729638027
2055-02-21 03:00:00,0.0,74.33815220814637
2055-02-21 04:00:00,0.0,170.21747352206245
2055-02-21 05:00:00,0.0,244.13324986538976
2055-02-21 06:00:00,0.0,286.7932122121102
2055-02-21 07:00:00,0.0,311.29101237161296
2055-02-21 08:00:00,0.0,313.402891695708
2055-02-21 09:00:00,0.0,294.39597777885234
2055-02-21 10:00:00,0.0,252.15839129695107
2055-02-21 11:00:00,0.0,185.42300465554692
2055-02-21 12:00:00,0.0,96.72407304355407
2055-02-21 13:00:00,0.0,13.938403539027444
2055-02-21 14:00:00,0.0,0.0
2055-02-21 15:00:00,0.0,0.0
2055-02-21 16:00:00,0.0,0.0
2055-02-21 17:00:00,0.0,0.0
2055-02-21 18:00:00,0.0,0.0
2055-02-21 19:00:00,0.0,0.0
2055-02-21 20:00:00,0.0,0.0
2055-02-21 21:00:00,0.0,0.0
2055-02-21 22:00:00,0.0,0.0
2055-02-21 23:00:00,0.0,0.0
2055-02-22 00:00:00,0.0,0.0
2055-02-22 01:00:00,0.0,0.0
2055-02-22 02:00:00,0.0,1.2671275944570404
2055-02-22 03:00:00,0.0,78.56191085633651
2055-02-22 04:00:00,0.0,172.3293528461575
2055-02-22 05:00:00,0.0,243.28849813575178
2055-02-22 06:00:00,0.0,288.90509153620525
2055-02-22 07:00:00,0.0,291.4393467251193
2055-02-22 08:00:00,0.0,299.88686402149955
2055-02-22 09:00:00,0.0,296.5078571029474
2055-02-22 10:00:00,0.0,248.77938437839896
2055-02-22 11:00:00,0.0,185.42300465554692
2055-02-22 12:00:00,0.0,100.94783169174421
2055-02-22 13:00:00,0.0,15.205531133484486
2055-02-22 14:00:00,0.0,0.0
2055-02-22 15:00:00,0.0,0.0
2055-02-22 16:00:00,0.0,0.0
2055-02-22 17:00:00,0.0,0.0
2055-02-22 18:00:00,0.0,0.0
2055-02-22 19:00:00,0.0,0.0
2055-02-22 20:00:00,0.0,0.0
2055-02-22 21:00:00,0.0,0.0
2055-02-22 22:00:00,0.0,0.0
2055-02-22 23:00:00,0.0,0.0
2055-02-23 00:00:00,0.0,0.0
2055-02-23 01:00:00,0.0,0.0
2055-02-23 02:00:00,0.0,0.4223758648190135
2055-02-23 03:00:00,0.0,59.97737280429991
2055-02-23 04:00:00,0.0,155.85669411821596
2055-02-23 05:00:00,0.0,242.02137054129471
2055-02-23 06:00:00,0.0,297.3526088325855
2055-02-23 07:00:00,0.0,321.85040899208826
2055-02-23 08:00:00,0.0,324.38466418100234
2055-02-23 09:00:00,0.0,304.95537439932775
2055-02-23 10:00:00,0.0,259.33878099887426
2055-02-23 11:00:00,0.0,189.22438743891806
2055-02-23 12:00:00,0.0,87.43180401753578
2055-02-23 13:00:00,0.0,11.826524214932377
2055-02-23 14:00:00,0.0,0.0
2055-02-23 15:00:00,0.0,0.0
2055-02-23 16:00:00,0.0,0.0
2055-02-23 17:00:00,0.0,0.0
2055-02-23 18:00:00,0.0,0.0
2055-02-23 19:00:00,0.0,0.0
2055-02-23 20:00:00,0.0,0.0
2055-02-23 21:00:00,0.0,0.0
2055-02-23 22:00:00,0.0,0.0
2055-02-23 23:00:00,0.0,0.0
2055-02-24 00:00:00,0.0,0.0
2055-02-24 01:00:00,0.0,0.0
2055-02-24 02:00:00,0.0,1.689503459276054
2055-02-24 03:00:00,0.0,80.67379018043158
2055-02-24 04:00:00,0.0,176.97548735916666
2055-02-24 05:00:00,0.0,250.891263702494
2055-02-24 06:00:00,0.0,297.77498469740453
2055-02-24 07:00:00,0.0,321.00565726245026
2055-02-24 08:00:00,0.0,323.11753658654527
2055-02-24 09:00:00,0.0,304.11062266968975
2055-02-24 10:00:00,0.0,263.5625396470644
2055-02-24 11:00:00,0.0,199.36140819457438
2055-02-24 12:00:00,0.0,111.50722831221955
2055-02-24 13:00:00,0.0,19.42928978167462
2055-02-24 14:00:00,0.0,0.0
2055-02-24 15:00:00,0.0,0.0
2055-02-24 16:00:00,0.0,0.0
2055-02-24 17:00:00,0.0,0.0
2055-02-24 18:00:00,0.0,0.0
2055-02-24 19:00:00,0.0,0.0
2055-02-24 20:00:00,0.0,0.0
2055-02-24 21:00:00,0.0,0.0
2055-02-24 22:00:00,0.0,0.0
2055-02-24 23:00:00,0.0,0.0
2055-02-25 00:00:00,0.0,0.0
2055-02-25 01:00:00,0.0,0.0
2055-02-25 02:00:00,0.0,2.5342551889140807
2055-02-25 03:00:00,0.0,86.16467642307875
2055-02-25 04:00:00,0.0,178.66499081844267
2055-02-25 05:00:00,0.0,248.77938437839896
2055-02-25 06:00:00,0.0,294.8183536436714
2055-02-25 07:00:00,0.0,316.3595227494411
2055-02-25 08:00:00,0.0,318.0490262087171
2055-02-25 09:00:00,0.0,296.93023296776647
2055-02-25 10:00:00,0.0,248.35700851357993
2055-02-25 11:00:00,0.0,168.5279700627864
2055-02-25 12:00:00,0.0,100.94783169174421
2055-02-25 13:00:00,0.0,19.42928978167462
2055-02-25 14:00:00,0.0,0.0
2055-02-25 15:00:00,0.0,0.0
2055-02-25 16:00:00,0.0,0.0
2055-02-25 17:00:00,0.0,0.0
2055-02-25 18:00:00,0.0,0.0
2055-02-25 19:00:00,0.0,0.0
2055-02-25 20:00:00,0.0,0.0
2055-02-25 21:00:00,0.0,0.0
2055-02-25 22:00:00,0.0,0.0
2055-02-25 23:00:00,0.0,0.0
2055-02-26 00:00:00,0.0,0.0
2055-02-26 01:00:00,0.0,0.0
2055-02-26 02:00:00,0.0,1.2671275944570404
2055-02-26 03:00:00,0.0,68.00251423586118
2055-02-26 04:00:00,0.0,163.45945968495823
2055-02-26 05:00:00,0.0,240.33186708201868
2055-02-26 06:00:00,0.0,290.59459499548126
2055-02-26 07:00:00,0.0,316.3595227494411
2055-02-26 08:00:00,0.0,319.31615380317413
2055-02-26 09:00:00,0.0,294.8183536436714
2055-02-26 10:00:00,0.0,252.15839129695107
2055-02-26 11:00:00,0.0,188.37963570928002
2055-02-26 12:00:00,0.0,103.4820868806583
2055-02-26 13:00:00,0.0,18.16216218721758
2055-02-26 14:00:00,0.0,0.0
2055-02-26 15:00:00,0.0,0.0
2055-02-26 16:00:00,0.0,0.0
2055-02-26 17:00:00,0.0,0.0
2055-02-26 18:00:00,0.0,0.0
2055-02-26 19:00:00,0.0,0.0
2055-02-26 20:00:00,0.0,0.0
2055-02-26 21:00:00,0.0,0.0
2055-02-26 22:00:00,0.0,0.0
2055-02-26 23:00:00,0.0,0.0
2055-02-27 00:00:00,0.0,0.0
2055-02-27 01:00:00,0.0,0.0
2055-02-27 02:00:00,0.0,2.9566310537330946
2055-02-27 03:00:00,0.0,88.69893161199283
2055-02-27 04:00:00,0.0,185.42300465554692
2055-02-27 05:00:00,0.0,257.22690167477924
2055-02-27 06:00:00,0.0,302.4211192104137
2055-02-27 07:00:00,0.0,323.53991245136433
2055-02-27 08:00:00,0.0,322.6951607217263
2055-02-27 09:00:00,0.0,301.1539916159566
2055-02-27 10:00:00,0.0,257.22690167477924
2055-02-27 11:00:00,0.0,190.4915150333751
2055-02-27 12:00:00,0.0,103.05971101583928
2055-02-27 13:00:00,0.0,17.739786322398565
2055-02-27 14:00:00,0.0,0.0
2055-02-27 15:00:00,0.0,0.0
2055-02-27 16:00:00,0.0,0.0
2055-02-27 17:00:00,0.0,0.0
2055-02-27 18:00:00,0.0,0.0
2055-02-27 19:00:00,0.0,0.0
2055-02-27 20:00:00,0.0,0.0
2055-02-27 21:00:00,0.0,0.0
2055-02-27 22:00:00,0.0,0.0
2055-02-27 23:00:00,0.0,0.0
2055-02-28 00:00:00,0.0,0.0
2055-02-28 01:00:00,0.0,0.0
2055-02-28 02:00:00,0.0,2.9566310537330946
2055-02-28 03:00:00,0.0,81.94091777488862
2055-02-28 04:00:00,0.0,174.44123217025256
2055-02-28 05:00:00,0.0,245.82275332466585
2055-02-28 06:00:00,0.0,291.0169708603003
2055-02-28 07:00:00,0.0,314.67001929016504
2055-02-28 08:00:00,0.0,316.7818986142601
2055-02-28 09:00:00,0.0,296.93023296776647
2055-02-28 10:00:00,0.0,255.11502235068417
2055-02-28 11:00:00,0.0,189.64676330373703
2055-02-28 12:00:00,0.0,102.63733515102028
2055-02-28 13:00:00,0.0,17.317410457579555
2055-02-28 14:00:00,0.0,0.0
2055-02-28 15:00:00,0.0,0.0
2055-02-28 16:00:00,0.0,0.0
2055-02-28 17:00:00,0.0,0.0
2055-02-28 18:00:00,0.0,0.0
2055-02-28 19:00:00,0.0,0.0
2055-02-28 20:00:00,0.0,0.0
2055-02-28 21:00:00,0.0,0.0
2055-02-28 22:00:00,0.0,0.0
2055-02-28 23:00:00,0.0,0.0
2055-03-01 00:00:00,0.0,0.0
2055-03-01 01:00:00,0.0,0.0
2055-03-01 02:00:00,0.0,2.9566310537330946
2055-03-01 03:00:00,0.0,81.51854191006962
2055-03-01 04:00:00,0.0,172.75172871097652
2055-03-01 05:00:00,0.0,243.71087400057078
2055-03-01 06:00:00,0.0,289.7498432658433
2055-03-01 07:00:00,0.0,312.980515830889
2055-03-01 08:00:00,0.0,314.67001929016504
2055-03-01 09:00:00,0.0,293.1288501843954
2055-03-01 10:00:00,0.0,251.31363956731303
2055-03-01 11:00:00,0.0,185.42300465554692
2055-03-01 12:00:00,0.0,97.99120063801112
2055-03-01 13:00:00,0.0,15.205531133484486
2055-03-01 14:00:00,0.0,0.0
2055-03-01 15:00:00,0.0,0.0
2055-03-01 16:00:00,0.0,0.0
2055-03-01 17:00:00,0.0,0.0
2055-03-01 18:00:00,0.0,0.0
2055-03-01 19:00:00,0.0,0.0
2055-03-01 20:00:00,0.0,0.0
2055-03-01 21:00:00,0.0,0.0
2055-03-01 22:00:00,0.0,0.0
2055-03-01 23:00:00,0.0,0.0
2055-03-02 00:00:00,0.0,0.0
2055-03-02 01:00:00,0.0,0.0
2055-03-02 02:00:00,0.0,0.844751729638027
2055-03-02 03:00:00,0.0,49.840352048643595
2055-03-02 04:00:00,0.0,128.82463876979912
2055-03-02 05:00:00,0.0,200.2061599242124
2055-03-02 06:00:00,0.0,250.46888783767497
2055-03-02 07:00:00,0.0,274.9666879971778
2055-03-02 08:00:00,0.0,277.9233190509109
2055-03-02 09:00:00,0.0,253.42551889140807
2055-03-02 10:00:00,0.0,205.69704616685956
2055-03-02 11:00:00,0.0,138.96165952545545
2055-03-02 12:00:00,0.0,66.31301077658512
2055-03-02 13:00:00,0.0,9.292269026018296
2055-03-02 14:00:00,0.0,0.0
2055-03-02 15:00:00,0.0,0.0
2055-03-02 16:00:00,0.0,0.0
2055-03-02 17:00:00,0.0,0.0
2055-03-02 18:00:00,0.0,0.0
2055-03-02 19:00:00,0.0,0.0
2055-03-02 20:00:00,0.0,0.0
2055-03-02 21:00:00,0.0,0.0
2055-03-02 22:00:00,0.0,0.0
2055-03-02 23:00:00,0.0,0.0
2055-03-03 00:00:00,0.0,0.0
2055-03-03 01:00:00,0.0,0.0
2055-03-03 02:00:00,0.0,2.9566310537330946
2055-03-03 03:00:00,0.0,76.45003153224143
2055-03-03 04:00:00,0.0,170.63984938688148
2055-03-03 05:00:00,0.0,245.40037745984682
2055-03-03 06:00:00,0.0,296.93023296776647
2055-03-03 07:00:00,0.0,319.31615380317413
2055-03-03 08:00:00,0.0,319.31615380317413
2055-03-03 09:00:00,0.0,304.95537439932775
2055-03-03 10:00:00,0.0,261.4506603229693
2055-03-03 11:00:00,0.0,194.2928978167462
2055-03-03 12:00:00,0.0,105.17159033993435
2055-03-03 13:00:00,0.0,18.16216218721758
2055-03-03 14:00:00,0.0,0.0
2055-03-03 15:00:00,0.0,0.0
2055-03-03 16:00:00,0.0,0.0
2055-03-03 17:00:00,0.0,0.0
2055-03-03 18:00:00,0.0,0.0
2055-03-03 19:00:00,0.0,0.0
2055-03-03 20:00:00,0.0,0.0
2055-03-03 21:00:00,0.0,0.0
2055-03-03 22:00:00,0.0,0.0
2055-03-03 23:00:00,0.0,0.0
2055-03-04 00:00:00,0.0,0.0
2055-03-04 01:00:00,0.0,0.0
2055-03-04 02:00:00,0.0,2.5342551889140807
2055-03-04 03:00:00,0.0,72.22627288405131
2055-03-04 04:00:00,0.0,165.5713390090533
2055-03-04 05:00:00,0.0,240.75424294683768
2055-03-04 06:00:00,0.0,271.5876810786256
2055-03-04 07:00:00,0.0,295.24072950849046
2055-03-04 08:00:00,0.0,296.0854812381284
2055-03-04 09:00:00,0.0,276.2338155916348
2055-03-04 10:00:00,0.0,232.72910151527643
2055-03-04 11:00:00,0.0,167.68321833314835
2055-03-04 12:00:00,0.0,87.00942815271678
2055-03-04 13:00:00,0.0,14.36077940384646
2055-03-04 14:00:00,0.0,0.0
2055-03-04 15:00:00,0.0,0.0
2055-03-04 16:00:00,0.0,0.0
2055-03-04 17:00:00,0.0,0.0
2055-03-04 18:00:00,0.0,0.0
2055-03-04 19:00:00,0.0,0.0
2055-03-04 20:00:00,0.0,0.0
2055-03-04 21:00:00,0.0,0.0
2055-03-04 22:00:00,0.0,0.0
2055-03-04 23:00:00,0.0,0.0
2055-03-05 00:00:00,0.0,0.0
2055-03-05 01:00:00,0.0,0.0
2055-03-05 02:00:00,0.0,3.379006918552108
2055-03-05 03:00:00,0.0,82.78566950452665
2055-03-05 04:00:00,0.0,177.8202390888047
2055-03-05 05:00:00,0.0,250.46888783767497
2055-03-05 06:00:00,0.0,297.3526088325855
2055-03-05 07:00:00,0.0,320.58328139763125
2055-03-05 08:00:00,0.0,321.85040899208826
2055-03-05 09:00:00,0.0,303.2658709400517
2055-03-05 10:00:00,0.0,260.1835327285123
2055-03-05 11:00:00,0.0,193.0257702222892
2055-03-05 12:00:00,0.0,104.32683861029632
2055-03-05 13:00:00,0.0,18.584538052036592
2055-03-05 14:00:00,0.0,0.0
2055-03-05 15:00:00,0.0,0.0
2055-03-05 16:00:00,0.0,0.0
2055-03-05 17:00:00,0.0,0.0
2055-03-05 18:00:00,0.0,0.0
2055-03-05 19:00:00,0.0,0.0
2055-03-05 20:00:00,0.0,0.0
2055-03-05 21:00:00,0.0,0.0
2055-03-05 22:00:00,0.0,0.0
2055-03-05 23:00:00,0.0,0.0
2055-03-06 00:00:00,0.0,0.0
2055-03-06 01:00:00,0.0,0.0
2055-03-06 02:00:00,0.0,4.223758648190135
2055-03-06 03:00:00,0.0,84.89754882862172
2055-03-06 04:00:00,0.0,177.8202390888047
2055-03-06 05:00:00,0.0,247.93463264876095
2055-03-06 06:00:00,0.0,298.1973605622235
2055-03-06 07:00:00,0.0,321.00565726245026
2055-03-06 08:00:00,0.0,322.2727848569073
2055-03-06 09:00:00,0.0,301.9987433455946
2055-03-06 10:00:00,0.0,259.33878099887426
2055-03-06 11:00:00,0.0,193.44814608710814
2055-03-06 12:00:00,0.0,106.43871793439139
2055-03-06 13:00:00,0.0,19.851665646493636
2055-03-06 14:00:00,0.0,0.0
2055-03-06 15:00:00,0.0,0.0
2055-03-06 16:00:00,0.0,0.0
2055-03-06 17:00:00,0.0,0.0
2055-03-06 18:00:00,0.0,0.0
2055-03-06 19:00:00,0.0,0.0
2055-03-06 20:00:00,0.0,0.0
2055-03-06 21:00:00,0.0,0.0
2055-03-06 22:00:00,0.0,0.0
2055-03-06 23:00:00,0.0,0.0
2055-03-07 00:00:00,0.0,0.0
2055-03-07 01:00:00,0.0,0.0
2055-03-07 02:00:00,0.0,3.379006918552108
2055-03-07 03:00:00,0.0,72.64864874887031
2055-03-07 04:00:00,0.0,161.34758036086316
2055-03-07 05:00:00,0.0,231.8843497856384
2055-03-07 06:00:00,0.0,276.6561914564538
2055-03-07 07:00:00,0.0,287.6379639417482
2055-03-07 08:00:00,0.0,280.87995010464397
2055-03-07 09:00:00,0.0,255.11502235068417
2055-03-07 10:00:00,0.0,194.2928978167462
2055-03-07 11:00:00,0.0,111.92960417703857
2055-03-07 12:00:00,0.0,44.34946580599642
2055-03-07 13:00:00,0.0,6.758013837104216
2055-03-07 14:00:00,0.0,0.0
2055-03-07 15:00:00,0.0,0.0
2055-03-07 16:00:00,0.0,0.0
2055-03-07 17:00:00,0.0,0.0
2055-03-07 18:00:00,0.0,0.0
2055-03-07 19:00:00,0.0,0.0
2055-03-07 20:00:00,0.0,0.0
2055-03-07 21:00:00,0.0,0.0
2055-03-07 22:00:00,0.0,0.0
2055-03-07 23:00:00,0.0,0.0
2055-03-08 00:00:00,0.0,0.0
2055-03-08 01:00:00,0.0,0.0
2055-03-08 02:00:00,0.0,3.8013827833711216
2055-03-08 03:00:00,0.0,74.33815220814637
2055-03-08 04:00:00,0.0,157.54619757749202
2055-03-08 05:00:00,0.0,208.65367722059264
2055-03-08 06:00:00,0.0,227.23821527262925
2055-03-08 07:00:00,0.0,249.20176024321796
2055-03-08 08:00:00,0.0,244.5556257302088
2055-03-08 09:00:00,0.0,210.76555654468774
2055-03-08 10:00:00,0.0,177.39786322398567
2055-03-08 11:00:00,0.0,128.4022629049801
2055-03-08 12:00:00,0.0,59.554996939480894
2055-03-08 13:00:00,0.0,9.292269026018296
2055-03-08 14:00:00,0.0,0.0
2055-03-08 15:00:00,0.0,0.0
2055-03-08 16:00:00,0.0,0.0
2055-03-08 17:00:00,0.0,0.0
2055-03-08 18:00:00,0.0,0.0
2055-03-08 19:00:00,0.0,0.0
2055-03-08 20:00:00,0.0,0.0
2055-03-08 21:00:00,0.0,0.0
2055-03-08 22:00:00,0.0,0.0
2055-03-08 23:00:00,0.0,0.0
2055-03-09 00:00:00,0.0,0.0
2055-03-09 01:00:00,0.0,0.0
2055-03-09 02:00:00,0.0,2.9566310537330946
2055-03-09 03:00:00,0.0,55.753614156109776
2055-03-09 04:00:00,0.0,117.84286628450477
2055-03-09 05:00:00,0.0,184.5782529259089
2055-03-09 06:00:00,0.0,243.71087400057078
2055-03-09 07:00:00,0.0,259.33878099887426
2055-03-09 08:00:00,0.0,238.64236362274264
2055-03-09 09:00:00,0.0,215.83406692251592
2055-03-09 10:00:00,0.0,173.17410457579552
2055-03-09 11:00:00,0.0,122.06662493269488
2055-03-09 12:00:00,0.0,65.46825904694708
2055-03-09 13:00:00,0.0,12.671275944570406
2055-03-09 14:00:00,0.0,0.0
2055-03-09 15:00:00,0.0,0.0
2055-03-09 16:00:00,0.0,0.0
2055-03-09 17:00:00,0.0,0.0
2055-03-09 18:00:00,0.0,0.0
2055-03-09 19:00:00,0.0,0.0
2055-03-09 20:00:00,0.0,0.0
2055-03-09 21:00:00,0.0,0.0
2055-03-09 22:00:00,0.0,0.0
2055-03-09 23:00:00,0.0,0.0
2055-03-10 00:00:00,0.0,0.0
2055-03-10 01:00:00,0.0,0.0
2055-03-10 02:00:00,0.0,5.913262107466189
2055-03-10 03:00:00,0.0,90.38843507126889
2055-03-10 04:00:00,0.0,184.15587706108988
2055-03-10 05:00:00,0.0,256.3821499451412
2055-03-10 06:00:00,0.0,304.11062266968975
2055-03-10 07:00:00,0.0,327.34129523473547
2055-03-10 08:00:00,0.0,329.03079869401154
2055-03-10 09:00:00,0.0,310.4462606419749
2055-03-10 10:00:00,0.0,269.0534258897116
2055-03-10 11:00:00,0.0,204.42991857240253
2055-03-10 12:00:00,0.0,116.99811455486673
2055-03-10 13:00:00,0.0,25.34255188914081
2055-03-10 14:00:00,0.0,0.0
2055-03-10 15:00:00,0.0,0.0
2055-03-10 16:00:00,0.0,0.0
2055-03-10 17:00:00,0.0,0.0
2055-03-10 18:00:00,0.0,0.0
2055-03-10 19:00:00,0.0,0.0
2055-03-10 20:00:00,0.0,0.0
2055-03-10 21:00:00,0.0,0.0
2055-03-10 22:00:00,0.0,0.0
2055-03-10 23:00:00,0.0,0.0
2055-03-11 00:00:00,0.0,0.0
2055-03-11 01:00:00,0.0,0.0
2055-03-11 02:00:00,0.0,7.602765566742243
2055-03-11 03:00:00,0.0,103.05971101583928
2055-03-11 04:00:00,0.0,198.93903232975535
2055-03-11 05:00:00,0.0,269.4758017545306
2055-03-11 06:00:00,0.0,318.4714020735362
2055-03-11 07:00:00,0.0,341.7020746385819
2055-03-11 08:00:00,0.0,342.96920223303897
2055-03-11 09:00:00,0.0,324.38466418100234
2055-03-11 10:00:00,0.0,283.4142052935581
2055-03-11 11:00:00,0.0,216.25644278733492
2055-03-11 12:00:00,0.0,119.95474560859982
2055-03-11 13:00:00,0.0,23.23067256504574
2055-03-11 14:00:00,0.0,0.0
2055-03-11 15:00:00,0.0,0.0
2055-03-11 16:00:00,0.0,0.0
2055-03-11 17:00:00,0.0,0.0
2055-03-11 18:00:00,0.0,0.0
2055-03-11 19:00:00,0.0,0.0
2055-03-11 20:00:00,0.0,0.0
2055-03-11 21:00:00,0.0,0.0
2055-03-11 22:00:00,0.0,0.0
2055-03-11 23:00:00,0.0,0.0
2055-03-12 00:00:00,0.0,0.0
2055-03-12 01:00:00,0.0,0.0
2055-03-12 02:00:00,0.0,2.5342551889140807
2055-03-12 03:00:00,0.0,41.392834752263326
2055-03-12 04:00:00,0.0,93.34506612500198
2055-03-12 05:00:00,0.0,137.27215606617938
2055-03-12 06:00:00,0.0,166.4160907386913
2055-03-12 07:00:00,0.0,169.37272179242441
2055-03-12 08:00:00,0.0,176.97548735916666
2055-03-12 09:00:00,0.0,168.5279700627864
2055-03-12 10:00:00,0.0,141.49591471436952
2055-03-12 11:00:00,0.0,106.86109379921041
2055-03-12 12:00:00,0.0,65.46825904694708
2055-03-12 13:00:00,0.0,18.16216218721758
2055-03-12 14:00:00,0.0,0.0
2055-03-12 15:00:00,0.0,0.0
2055-03-12 16:00:00,0.0,0.0
2055-03-12 17:00:00,0.0,0.0
2055-03-12 18:00:00,0.0,0.0
2055-03-12 19:00:00,0.0,0.0
2055-03-12 20:00:00,0.0,0.0
2055-03-12 21:00:00,0.0,0.0
2055-03-12 22:00:00,0.0,0.0
2055-03-12 23:00:00,0.0,0.0
2055-03-13 00:00:00,0.0,0.0
2055-03-13 01:00:00,0.0,0.0
2055-03-13 02:00:00,0.0,8.025141431561256
2055-03-13 03:00:00,0.0,103.4820868806583
2055-03-13 04:00:00,0.0,202.31803924830746
2055-03-13 05:00:00,0.0,274.12193626753975
2055-03-13 06:00:00,0.0,319.73852966799325
2055-03-13 07:00:00,0.0,342.96920223303897
2055-03-13 08:00:00,0.0,344.658705692315
2055-03-13 09:00:00,0.0,326.07416764027846
2055-03-13 10:00:00,0.0,285.1037087528341
2055-03-13 11:00:00,0.0,220.48020143552503
2055-03-13 12:00:00,0.0,131.7812698235322
2055-03-13 13:00:00,0.0,32.94531745588305
2055-03-13 14:00:00,0.0,0.0
2055-03-13 15:00:00,0.0,0.0
2055-03-13 16:00:00,0.0,0.0
2055-03-13 17:00:00,0.0,0.0
2055-03-13 18:00:00,0.0,0.0
2055-03-13 19:00:00,0.0,0.0
2055-03-13 20:00:00,0.0,0.0
2055-03-13 21:00:00,0.0,0.0
2055-03-13 22:00:00,0.0,0.0
2055-03-13 23:00:00,0.0,0.0
2055-03-14 00:00:00,0.0,0.0
2055-03-14 01:00:00,0.0,0.0
2055-03-14 02:00:00,0.0,9.292269026018296
2055-03-14 03:00:00,0.0,105.59396620475337
2055-03-14 04:00:00,0.0,200.2061599242124
2055-03-14 05:00:00,0.0,269.4758017545306
2055-03-14 06:00:00,0.0,314.67001929016504
2055-03-14 07:00:00,0.0,337.4783159903918
2055-03-14 08:00:00,0.0,339.1678194496679
2055-03-14 09:00:00,0.0,321.00565726245026
2055-03-14 10:00:00,0.0,281.302325969463
2055-03-14 11:00:00,0.0,217.94594624661096
2055-03-14 12:00:00,0.0,131.7812698235322
2055-03-14 13:00:00,0.0,34.212445050340094
2055-03-14 14:00:00,0.0,0.0
2055-03-14 15:00:00,0.0,0.0
2055-03-14 16:00:00,0.0,0.0
2055-03-14 17:00:00,0.0,0.0
2055-03-14 18:00:00,0.0,0.0
2055-03-14 19:00:00,0.0,0.0
2055-03-14 20:00:00,0.0,0.0
2055-03-14 21:00:00,0.0,0.0
2055-03-14 22:00:00,0.0,0.0
2055-03-14 23:00:00,0.0,0.0
2055-03-15 00:00:00,0.0,0.0
2055-03-15 01:00:00,0.0,0.0
2055-03-15 02:00:00,0.0,10.137020755656323
2055-03-15 03:00:00,0.0,106.0163420695724
2055-03-15 04:00:00,0.0,198.51665646493635
2055-03-15 05:00:00,0.0,268.2086741600736
2055-03-15 06:00:00,0.0,313.82526756052704
2055-03-15 07:00:00,0.0,336.21118839593476
2055-03-15 08:00:00,0.0,337.90069185521077
2055-03-15 09:00:00,0.0,318.4714020735362
2055-03-15 10:00:00,0.0,277.0785673212729
2055-03-15 11:00:00,0.0,212.87743586878278
2055-03-15 12:00:00,0.0,125.86800771606602
2055-03-15 13:00:00,0.0,30.833438131787986
2055-03-15 14:00:00,0.0,0.0
2055-03-15 15:00:00,0.0,0.0
2055-03-15 16:00:00,0.0,0.0
2055-03-15 17:00:00,0.0,0.0
2055-03-15 18:00:00,0.0,0.0
2055-03-15 19:00:00,0.0,0.0
2055-03-15 20:00:00,0.0,0.0
2055-03-15 21:00:00,0.0,0.0
2055-03-15 22:00:00,0.0,0.0
2055-03-15 23:00:00,0.0,0.0
2055-03-16 00:00:00,0.0,0.0
2055-03-16 01:00:00,0.0,0.0
2055-03-16 02:00:00,0.0,8.025141431561256
2055-03-16 03:00:00,0.0,91.2331868009069
2055-03-16 04:00:00,0.0,182.04399773699484
2055-03-16 05:00:00,0.0,259.7611568636933
2055-03-16 06:00:00,0.0,304.11062266968975
2055-03-16 07:00:00,0.0,327.34129523473547
2055-03-16 08:00:00,0.0,329.45317455883054
2055-03-16 09:00:00,0.0,308.75675718269883
2055-03-16 10:00:00,0.0,268.2086741600736
2055-03-16 11:00:00,0.0,204.42991857240253
2055-03-16 12:00:00,0.0,119.10999387896179
2055-03-16 13:00:00,0.0,27.876807078054888
2055-03-16 14:00:00,0.0,0.0
2055-03-16 15:00:00,0.0,0.0
2055-03-16 16:00:00,0.0,0.0
2055-03-16 17:00:00,0.0,0.0
2055-03-16 18:00:00,0.0,0.0
2055-03-16 19:00:00,0.0,0.0
2055-03-16 20:00:00,0.0,0.0
2055-03-16 21:00:00,0.0,0.0
2055-03-16 22:00:00,0.0,0.0
2055-03-16 23:00:00,0.0,0.0
2055-03-17 00:00:00,0.0,0.0
2055-03-17 01:00:00,0.0,0.0
2055-03-17 02:00:00,0.0,8.025141431561256
2055-03-17 03:00:00,0.0,91.2331868009069
2055-03-17 04:00:00,0.0,186.26775638518495
2055-03-17 05:00:00,0.0,258.07165340441725
2055-03-17 06:00:00,0.0,299.4644881566806
2055-03-17 07:00:00,0.0,323.11753658654527
2055-03-17 08:00:00,0.0,325.6517917754594
2055-03-17 09:00:00,0.0,306.64487785860376
2055-03-17 10:00:00,0.0,266.51917070079753
2055-03-17 11:00:00,0.0,203.58516684276452
2055-03-17 12:00:00,0.0,119.10999387896179
2055-03-17 13:00:00,0.0,28.72155880769292
2055-03-17 14:00:00,0.0,0.0
2055-03-17 15:00:00,0.0,0.0
2055-03-17 16:00:00,0.0,0.0
2055-03-17 17:00:00,0.0,0.0
2055-03-17 18:00:00,0.0,0.0
2055-03-17 19:00:00,0.0,0.0
2055-03-17 20:00:00,0.0,0.0
2055-03-17 21:00:00,0.0,0.0
2055-03-17 22:00:00,0.0,0.0
2055-03-17 23:00:00,0.0,0.0
2055-03-18 00:00:00,0.0,0.0
2055-03-18 01:00:00,0.0,0.0
2055-03-18 02:00:00,0.0,7.602765566742243
2055-03-18 03:00:00,0.0,79.82903845079353
2055-03-18 04:00:00,0.0,173.59648044061453
2055-03-18 05:00:00,0.0,242.86612227093275
2055-03-18 06:00:00,0.0,294.39597777885234
2055-03-18 07:00:00,0.0,320.58328139763125
2055-03-18 08:00:00,0.0,321.85040899208826
2055-03-18 09:00:00,0.0,301.1539916159566
2055-03-18 10:00:00,0.0,259.33878099887426
2055-03-18 11:00:00,0.0,192.60339435747017
2055-03-18 12:00:00,0.0,105.17159033993435
2055-03-18 13:00:00,0.0,21.541169105769686
2055-03-18 14:00:00,0.0,0.0
2055-03-18 15:00:00,0.0,0.0
2055-03-18 16:00:00,0.0,0.0
2055-03-18 17:00:00,0.0,0.0
2055-03-18 18:00:00,0.0,0.0
2055-03-18 19:00:00,0.0,0.0
2055-03-18 20:00:00,0.0,0.0
2055-03-18 21:00:00,0.0,0.0
2055-03-18 22:00:00,0.0,0.0
2055-03-18 23:00:00,0.0,0.0
2055-03-19 00:00:00,0.0,0.0
2055-03-19 01:00:00,0.0,0.0
2055-03-19 02:00:00,0.0,7.602765566742243
2055-03-19 03:00:00,0.0,90.8108109360879
2055-03-19 04:00:00,0.0,187.11250811482296
2055-03-19 05:00:00,0.0,259.7611568636933
2055-03-19 06:00:00,0.0,307.0672537234228
2055-03-19 07:00:00,0.0,327.34129523473547
2055-03-19 08:00:00,0.0,327.34129523473547
2055-03-19 09:00:00,0.0,300.7316157511376
2055-03-19 10:00:00,0.0,258.07165340441725
2055-03-19 11:00:00,0.0,193.0257702222892
2055-03-19 12:00:00,0.0,108.97297312330548
2055-03-19 13:00:00,0.0,24.497800159502784
2055-03-19 14:00:00,0.0,0.0
2055-03-19 15:00:00,0.0,0.0
2055-03-19 16:00:00,0.0,0.0
2055-03-19 17:00:00,0.0,0.0
2055-03-19 18:00:00,0.0,0.0
2055-03-19 19:00:00,0.0,0.0
2055-03-19 20:00:00,0.0,0.0
2055-03-19 21:00:00,0.0,0.0
2055-03-19 22:00:00,0.0,0.0
2055-03-19 23:00:00,0.0,0.0
2055-03-20 00:00:00,0.0,0.0
2055-03-20 01:00:00,0.0,0.0
2055-03-20 02:00:00,0.0,7.602765566742243
2055-03-20 03:00:00,0.0,86.58705228789776
2055-03-20 04:00:00,0.0,178.24261495362367
2055-03-20 05:00:00,0.0,249.624136108037
2055-03-20 06:00:00,0.0,302.8434950752327
2055-03-20 07:00:00,0.0,324.38466418100234
2055-03-20 08:00:00,0.0,325.2294159106404
2055-03-20 09:00:00,0.0,307.0672537234228
2055-03-20 10:00:00,0.0,265.25204310634047
2055-03-20 11:00:00,0.0,200.62853578903142
2055-03-20 12:00:00,0.0,115.30861109559069
2055-03-20 13:00:00,0.0,27.45443121323588
2055-03-20 14:00:00,0.0,0.0
2055-03-20 15:00:00,0.0,0.0
2055-03-20 16:00:00,0.0,0.0
2055-03-20 17:00:00,0.0,0.0
2055-03-20 18:00:00,0.0,0.0
2055-03-20 19:00:00,0.0,0.0
2055-03-20 20:00:00,0.0,0.0
2055-03-20 21:00:00,0.0,0.0
2055-03-20 22:00:00,0.0,0.0
2055-03-20 23:00:00,0.0,0.0
2055-03-21 00:00:00,0.0,0.0
2055-03-21 01:00:00,0.0,0.0
2055-03-21 02:00:00,0.0,9.292269026018296
2055-03-21 03:00:00,0.0,92.92269026018296
2055-03-21 04:00:00,0.0,183.31112533145185
2055-03-21 05:00:00,0.0,251.73601543213204
2055-03-21 06:00:00,0.0,296.5078571029474
2055-03-21 07:00:00,0.0,319.31615380317413
2055-03-21 08:00:00,0.0,321.00565726245026
2055-03-21 09:00:00,0.0,297.77498469740453
2055-03-21 10:00:00,0.0,256.8045258099602
2055-03-21 11:00:00,0.0,193.87052195192717
2055-03-21 12:00:00,0.0,111.08485244740055
2055-03-21 13:00:00,0.0,27.032055348416865
2055-03-21 14:00:00,0.0,0.0
2055-03-21 15:00:00,0.0,0.0
2055-03-21 16:00:00,0.0,0.0
2055-03-21 17:00:00,0.0,0.0
2055-03-21 18:00:00,0.0,0.0
2055-03-21 19:00:00,0.0,0.0
2055-03-21 20:00:00,0.0,0.0
2055-03-21 21:00:00,0.0,0.0
2055-03-21 22:00:00,0.0,0.0
2055-03-21 23:00:00,0.0,0.0
2055-03-22 00:00:00,0.0,0.0
2055-03-22 01:00:00,0.0,0.0
2055-03-22 02:00:00,0.0,8.869893161199283
2055-03-22 03:00:00,0.0,86.58705228789776
2055-03-22 04:00:00,0.0,174.86360803507156
2055-03-22 05:00:00,0.0,243.71087400057078
2055-03-22 06:00:00,0.0,285.52608461765317
2055-03-22 07:00:00,0.0,309.1791330475179
2055-03-22 08:00:00,0.0,313.82526756052704
2055-03-22 09:00:00,0.0,295.24072950849046
2055-03-22 10:00:00,0.0,254.69264648586514
2055-03-22 11:00:00,0.0,191.75864262783213
2055-03-22 12:00:00,0.0,109.3953489881245
2055-03-22 13:00:00,0.0,26.187303618778838
2055-03-22 14:00:00,0.0,0.0
2055-03-22 15:00:00,0.0,0.0
2055-03-22 16:00:00,0.0,0.0
2055-03-22 17:00:00,0.0,0.0
2055-03-22 18:00:00,0.0,0.0
2055-03-22 19:00:00,0.0,0.0
2055-03-22 20:00:00,0.0,0.0
2055-03-22 21:00:00,0.0,0.0
2055-03-22 22:00:00,0.0,0.0
2055-03-22 23:00:00,0.0,0.0
2055-03-23 00:00:00,0.0,0.0
2055-03-23 01:00:00,0.0,0.0
2055-03-23 02:00:00,0.0,8.44751729638027
2055-03-23 03:00:00,0.0,83.20804536934565
2055-03-23 04:00:00,0.0,176.1307356295286
2055-03-23 05:00:00,0.0,246.6675050543039
2055-03-23 06:00:00,0.0,292.70647431957633
2055-03-23 07:00:00,0.0,312.55813996607
2055-03-23 08:00:00,0.0,306.2225019937848
2055-03-23 09:00:00,0.0,296.5078571029474
2055-03-23 10:00:00,0.0,264.40729137670246
2055-03-23 11:00:00,0.0,203.1627909779455
2055-03-23 12:00:00,0.0,120.79949733823787
2055-03-23 13:00:00,0.0,32.10056572624502
2055-03-23 14:00:00,0.0,0.0
2055-03-23 15:00:00,0.0,0.0
2055-03-23 16:00:00,0.0,0.0
2055-03-23 17:00:00,0.0,0.0
2055-03-23 18:00:00,0.0,0.0
2055-03-23 19:00:00,0.0,0.0
2055-03-23 20:00:00,0.0,0.0
2055-03-23 21:00:00,0.0,0.0
2055-03-23 22:00:00,0.0,0.0
2055-03-23 23:00:00,0.0,0.0
2055-03-24 00:00:00,0.0,0.0
2055-03-24 01:00:00,0.0,0.0
2055-03-24 02:00:00,0.0,11.404148350113363
2055-03-24 03:00:00,0.0,97.99120063801112
2055-03-24 04:00:00,0.0,190.9138908981941
2055-03-24 05:00:00,0.0,259.33878099887426
2055-03-24 06:00:00,0.0,303.6882468048707
2055-03-24 07:00:00,0.0,326.4965435050974
2055-03-24 08:00:00,0.0,328.6084228291925
2055-03-24 09:00:00,0.0,309.60150891233684
2055-03-24 10:00:00,0.0,269.8981776193496
2055-03-24 11:00:00,0.0,207.38654962613563
2055-03-24 12:00:00,0.0,114.46385936595267
2055-03-24 13:00:00,0.0,30.411062266968973
2055-03-24 14:00:00,0.0,0.0
2055-03-24 15:00:00,0.0,0.0
2055-03-24 16:00:00,0.0,0.0
2055-03-24 17:00:00,0.0,0.0
2055-03-24 18:00:00,0.0,0.0
2055-03-24 19:00:00,0.0,0.0
2055-03-24 20:00:00,0.0,0.0
2055-03-24 21:00:00,0.0,0.0
2055-03-24 22:00:00,0.0,0.0
2055-03-24 23:00:00,0.0,0.0
2055-03-25 00:00:00,0.0,0.0
2055-03-25 01:00:00,0.0,0.0
2055-03-25 02:00:00,0.0,10.98177248529435
2055-03-25 03:00:00,0.0,93.34506612500198
2055-03-25 04:00:00,0.0,190.06913916855606
2055-03-25 05:00:00,0.0,259.33878099887426
2055-03-25 06:00:00,0.0,306.2225019937848
2055-03-25 07:00:00,0.0,329.03079869401154
2055-03-25 08:00:00,0.0,331.56505388292555
2055-03-25 09:00:00,0.0,311.29101237161296
2055-03-25 10:00:00,0.0,272.4324328082637
2055-03-25 11:00:00,0.0,211.18793240950674
2055-03-25 12:00:00,0.0,128.4022629049801
2055-03-25 13:00:00,0.0,37.169076104073184
2055-03-25 14:00:00,0.0,0.0
2055-03-25 15:00:00,0.0,0.0
2055-03-25 16:00:00,0.0,0.0
2055-03-25 17:00:00,0.0,0.0
2055-03-25 18:00:00,0.0,0.0
2055-03-25 19:00:00,0.0,0.0
2055-03-25 20:00:00,0.0,0.0
2055-03-25 21:00:00,0.0,0.0
2055-03-25 22:00:00,0.0,0.0
2055-03-25 23:00:00,0.0,0.0
2055-03-26 00:00:00,0.0,0.0
2055-03-26 01:00:00,0.0,0.0
2055-03-26 02:00:00,0.0,13.093651809389419
2055-03-26 03:00:00,0.0,103.4820868806583
2055-03-26 04:00:00,0.0,194.7152736815652
2055-03-26 05:00:00,0.0,262.7177879174264
2055-03-26 06:00:00,0.0,306.64487785860376
2055-03-26 07:00:00,0.0,329.03079869401154
2055-03-26 08:00:00,0.0,330.72030215328755
2055-03-26 09:00:00,0.0,309.1791330475179
2055-03-26 10:00:00,0.0,270.3205534841686
2055-03-26 11:00:00,0.0,208.65367722059264
2055-03-26 12:00:00,0.0,126.29038358088502
2055-03-26 13:00:00,0.0,35.90194850961615
2055-03-26 14:00:00,0.0,0.0
2055-03-26 15:00:00,0.0,0.0
2055-03-26 16:00:00,0.0,0.0
2055-03-26 17:00:00,0.0,0.0
2055-03-26 18:00:00,0.0,0.0
2055-03-26 19:00:00,0.0,0.0
2055-03-26 20:00:00,0.0,0.0
2055-03-26 21:00:00,0.0,0.0
2055-03-26 22:00:00,0.0,0.0
2055-03-26 23:00:00,0.0,0.0
2055-03-27 00:00:00,0.0,0.0
2055-03-27 01:00:00,0.0,0.0
2055-03-27 02:00:00,0.0,13.938403539027444
2055-03-27 03:00:00,0.0,104.32683861029632
2055-03-27 04:00:00,0.0,193.44814608710814
2055-03-27 05:00:00,0.0,260.6059085933313
2055-03-27 06:00:00,0.0,305.37775026414675
2055-03-27 07:00:00,0.0,326.07416764027846
2055-03-27 08:00:00,0.0,326.4965435050974
2055-03-27 09:00:00,0.0,307.9120054530609
2055-03-27 10:00:00,0.0,269.4758017545306
2055-03-27 11:00:00,0.0,211.61030827432577
2055-03-27 12:00:00,0.0,131.7812698235322
2055-03-27 13:00:00,0.0,40.12570715780628
2055-03-27 14:00:00,0.0,0.0
2055-03-27 15:00:00,0.0,0.0
2055-03-27 16:00:00,0.0,0.0
2055-03-27 17:00:00,0.0,0.0
2055-03-27 18:00:00,0.0,0.0
2055-03-27 19:00:00,0.0,0.0
2055-03-27 20:00:00,0.0,0.0
2055-03-27 21:00:00,0.0,0.0
2055-03-27 22:00:00,0.0,0.0
2055-03-27 23:00:00,0.0,0.0
2055-03-28 00:00:00,0.0,0.0
2055-03-28 01:00:00,0.0,0.0
2055-03-28 02:00:00,0.0,14.783155268665473
2055-03-28 03:00:00,0.0,104.32683861029632
2055-03-28 04:00:00,0.0,192.60339435747017
2055-03-28 05:00:00,0.0,259.33878099887426
2055-03-28 06:00:00,0.0,301.5763674807757
2055-03-28 07:00:00,0.0,322.6951607217263
2055-03-28 08:00:00,0.0,323.96228831618333
2055-03-28 09:00:00,0.0,305.80012612896576
2055-03-28 10:00:00,0.0,266.94154656561653
2055-03-28 11:00:00,0.0,200.62853578903142
2055-03-28 12:00:00,0.0,111.92960417703857
2055-03-28 13:00:00,0.0,28.72155880769292
2055-03-28 14:00:00,0.0,0.0
2055-03-28 15:00:00,0.0,0.0
2055-03-28 16:00:00,0.0,0.0
2055-03-28 17:00:00,0.0,0.0
2055-03-28 18:00:00,0.0,0.0
2055-03-28 19:00:00,0.0,0.0
2055-03-28 20:00:00,0.0,0.0
2055-03-28 21:00:00,0.0,0.0
2055-03-28 22:00:00,0.0,0.0
2055-03-28 23:00:00,0.0,0.0
2055-03-29 00:00:00,0.0,0.0
2055-03-29 01:00:00,0.0,0.0
2055-03-29 02:00:00,0.0,12.671275944570406
2055-03-29 03:00:00,0.0,96.30169717873508
2055-03-29 04:00:00,0.0,182.88874946663282
2055-03-29 05:00:00,0.0,249.624136108037
2055-03-29 06:00:00,0.0,292.28409845475727
2055-03-29 07:00:00,0.0,313.402891695708
2055-03-29 08:00:00,0.0,318.8937779383552
2055-03-29 09:00:00,0.0,301.9987433455946
2055-03-29 10:00:00,0.0,263.5625396470644
2055-03-29 11:00:00,0.0,202.7404151131265
2055-03-29 12:00:00,0.0,119.53236974378083
2055-03-29 13:00:00,0.0,34.212445050340094
2055-03-29 14:00:00,0.0,0.0
2055-03-29 15:00:00,0.0,0.0
2055-03-29 16:00:00,0.0,0.0
2055-03-29 17:00:00,0.0,0.0
2055-03-29 18:00:00,0.0,0.0
2055-03-29 19:00:00,0.0,0.0
2055-03-29 20:00:00,0.0,0.0
2055-03-29 21:00:00,0.0,0.0
2055-03-29 22:00:00,0.0,0.0
2055-03-29 23:00:00,0.0,0.0
2055-03-30 00:00:00,0.0,0.0
2055-03-30 01:00:00,0.0,0.0
2055-03-30 02:00:00,0.0,13.516027674208432
2055-03-30 03:00:00,0.0,98.83595236764914
2055-03-30 04:00:00,0.0,188.80201157409905
2055-03-30 05:00:00,0.0,255.95977408032215
2055-03-30 06:00:00,0.0,299.4644881566806
2055-03-30 07:00:00,0.0,321.85040899208826
2055-03-30 08:00:00,0.0,323.96228831618333
2055-03-30 09:00:00,0.0,305.37775026414675
2055-03-30 10:00:00,0.0,267.36392243043554
2055-03-30 11:00:00,0.0,207.38654962613563
2055-03-30 12:00:00,0.0,126.71275944570404
2055-03-30 13:00:00,0.0,38.01382783371122
2055-03-30 14:00:00,0.0,0.0
2055-03-30 15:00:00,0.0,0.0
2055-03-30 16:00:00,0.0,0.0
2055-03-30 17:00:00,0.0,0.0
2055-03-30 18:00:00,0.0,0.0
2055-03-30 19:00:00,0.0,0.0
2055-03-30 20:00:00,0.0,0.0
2055-03-30 21:00:00,0.0,0.0
2055-03-30 22:00:00,0.0,0.0
2055-03-30 23:00:00,0.0,0.0
2055-03-31 00:00:00,0.0,0.0
2055-03-31 01:00:00,0.0,0.0
2055-03-31 02:00:00,0.0,15.6279069983035
2055-03-31 03:00:00,0.0,106.43871793439139
2055-03-31 04:00:00,0.0,194.7152736815652
2055-03-31 05:00:00,0.0,261.4506603229693
2055-03-31 06:00:00,0.0,304.5329985345087
2055-03-31 07:00:00,0.0,325.6517917754594
2055-03-31 08:00:00,0.0,327.34129523473547
2055-03-31 09:00:00,0.0,309.60150891233684
2055-03-31 10:00:00,0.0,271.1653052138067
2055-03-31 11:00:00,0.0,210.76555654468774
2055-03-31 12:00:00,0.0,129.66939049943713
2055-03-31 13:00:00,0.0,39.70333129298727
2055-03-31 14:00:00,0.0,0.0
2055-03-31 15:00:00,0.0,0.0
2055-03-31 16:00:00,0.0,0.0
2055-03-31 17:00:00,0.0,0.0
2055-03-31 18:00:00,0.0,0.0
2055-03-31 19:00:00,0.0,0.0
2055-03-31 20:00:00,0.0,0.0
2055-03-31 21:00:00,0.0,0.0
2055-03-31 22:00:00,0.0,0.0
2055-03-31 23:00:00,0.0,0.0
2055-04-01 00:00:00,0.0,0.0
2055-04-01 01:00:00,0.0,0.0
2055-04-01 02:00:00,0.0,16.05028286312251
2055-04-01 03:00:00,0.0,105.17159033993435
2055-04-01 04:00:00,0.0,192.60339435747017
2055-04-01 05:00:00,0.0,258.91640513405525
2055-04-01 06:00:00,0.0,301.1539916159566
2055-04-01 07:00:00,0.0,321.85040899208826
2055-04-01 08:00:00,0.0,323.53991245136433
2055-04-01 09:00:00,0.0,305.80012612896576
2055-04-01 10:00:00,0.0,268.2086741600736
2055-04-01 11:00:00,0.0,208.65367722059264
2055-04-01 12:00:00,0.0,128.4022629049801
2055-04-01 13:00:00,0.0,39.280955428168255
2055-04-01 14:00:00,0.0,0.0
2055-04-01 15:00:00,0.0,0.0
2055-04-01 16:00:00,0.0,0.0
2055-04-01 17:00:00,0.0,0.0
2055-04-01 18:00:00,0.0,0.0
2055-04-01 19:00:00,0.0,0.0
2055-04-01 20:00:00,0.0,0.0
2055-04-01 21:00:00,0.0,0.0
2055-04-01 22:00:00,0.0,0.0
2055-04-01 23:00:00,0.0,0.0
2055-04-02 00:00:00,0.0,0.0
2055-04-02 01:00:00,0.0,0.0
2055-04-02 02:00:00,0.0,16.472658727941525
2055-04-02 03:00:00,0.0,106.43871793439139
2055-04-02 04:00:00,0.0,194.7152736815652
2055-04-02 05:00:00,0.0,260.6059085933313
2055-04-02 06:00:00,0.0,298.1973605622235
2055-04-02 07:00:00,0.0,297.77498469740453
2055-04-02 08:00:00,0.0,278.7680707805489
2055-04-02 09:00:00,0.0,262.2954120526074
2055-04-02 10:00:00,0.0,240.75424294683768
2055-04-02 11:00:00,0.0,201.47328751866942
2055-04-02 12:00:00,0.0,129.24701463461815
2055-04-02 13:00:00,0.0,40.12570715780628
2055-04-02 14:00:00,0.0,0.0
2055-04-02 15:00:00,0.0,0.0
2055-04-02 16:00:00,0.0,0.0
2055-04-02 17:00:00,0.0,0.0
2055-04-02 18:00:00,0.0,0.0
2055-04-02 19:00:00,0.0,0.0
2055-04-02 20:00:00,0.0,0.0
2055-04-02 21:00:00,0.0,0.0
2055-04-02 22:00:00,0.0,0.0
2055-04-02 23:00:00,0.0,0.0
2055-04-03 00:00:00,0.0,0.0
2055-04-03 01:00:00,0.0,0.0
2055-04-03 02:00:00,0.0,10.559396620475336
2055-04-03 03:00:00,0.0,85.31992469344074
2055-04-03 04:00:00,0.0,191.3362667630131
2055-04-03 05:00:00,0.0,258.4940292692363
2055-04-03 06:00:00,0.0,299.88686402149955
2055-04-03 07:00:00,0.0,321.00565726245026
2055-04-03 08:00:00,0.0,323.53991245136433
2055-04-03 09:00:00,0.0,306.2225019937848
2055-04-03 10:00:00,0.0,267.78629829525454
2055-04-03 11:00:00,0.0,204.00754270758353
2055-04-03 12:00:00,0.0,108.55059725848646
2055-04-03 13:00:00,0.0,30.411062266968973
2055-04-03 14:00:00,0.0,0.0
2055-04-03 15:00:00,0.0,0.0
2055-04-03 16:00:00,0.0,0.0
2055-04-03 17:00:00,0.0,0.0
2055-04-03 18:00:00,0.0,0.0
2055-04-03 19:00:00,0.0,0.0
2055-04-03 20:00:00,0.0,0.0
2055-04-03 21:00:00,0.0,0.0
2055-04-03 22:00:00,0.0,0.0
2055-04-03 23:00:00,0.0,0.0
2055-04-04 00:00:00,0.0,0.0
2055-04-04 01:00:00,0.0,0.0
2055-04-04 02:00:00,0.0,17.739786322398565
2055-04-04 03:00:00,0.0,108.97297312330548
2055-04-04 04:00:00,0.0,196.8271530056603
2055-04-04 05:00:00,0.0,261.87303618778833
2055-04-04 06:00:00,0.0,302.4211192104137
2055-04-04 07:00:00,0.0,321.42803312726926
2055-04-04 08:00:00,0.0,320.1609055328122
2055-04-04 09:00:00,0.0,296.93023296776647
2055-04-04 10:00:00,0.0,251.73601543213204
2055-04-04 11:00:00,0.0,184.15587706108988
2055-04-04 12:00:00,0.0,106.43871793439139
2055-04-04 13:00:00,0.0,34.63482091515911
2055-04-04 14:00:00,0.0,0.0
2055-04-04 15:00:00,0.0,0.0
2055-04-04 16:00:00,0.0,0.0
2055-04-04 17:00:00,0.0,0.0
2055-04-04 18:00:00,0.0,0.0
2055-04-04 19:00:00,0.0,0.0
2055-04-04 20:00:00,0.0,0.0
2055-04-04 21:00:00,0.0,0.0
2055-04-04 22:00:00,0.0,0.0
2055-04-04 23:00:00,0.0,0.0
2055-04-05 00:00:00,0.0,0.0
2055-04-05 01:00:00,0.0,0.0
2055-04-05 02:00:00,0.0,9.292269026018296
2055-04-05 03:00:00,0.0,61.24450039875695
2055-04-05 04:00:00,0.0,132.20364568835123
2055-04-05 05:00:00,0.0,192.18101849265113
2055-04-05 06:00:00,0.0,263.5625396470644
2055-04-05 07:00:00,0.0,312.55813996607
2055-04-05 08:00:00,0.0,321.00565726245026
2055-04-05 09:00:00,0.0,292.70647431957633
2055-04-05 10:00:00,0.0,250.891263702494
2055-04-05 11:00:00,0.0,203.58516684276452
2055-04-05 12:00:00,0.0,128.4022629049801
2055-04-05 13:00:00,0.0,39.280955428168255
2055-04-05 14:00:00,0.0,0.0
2055-04-05 15:00:00,0.0,0.0
2055-04-05 16:00:00,0.0,0.0
2055-04-05 17:00:00,0.0,0.0
2055-04-05 18:00:00,0.0,0.0
2055-04-05 19:00:00,0.0,0.0
2055-04-05 20:00:00,0.0,0.0
2055-04-05 21:00:00,0.0,0.0
2055-04-05 22:00:00,0.0,0.0
2055-04-05 23:00:00,0.0,0.0
2055-04-06 00:00:00,0.0,0.0
2055-04-06 01:00:00,0.0,0.0
2055-04-06 02:00:00,0.0,7.18038970192323
2055-04-06 03:00:00,0.0,76.02765566742244
2055-04-06 04:00:00,0.0,167.68321833314835
2055-04-06 05:00:00,0.0,224.70396008371517
2055-04-06 06:00:00,0.0,258.4940292692363
2055-04-06 07:00:00,0.0,286.7932122121102
2055-04-06 08:00:00,0.0,311.29101237161296
2055-04-06 09:00:00,0.0,303.2658709400517
2055-04-06 10:00:00,0.0,266.0967948359785
2055-04-06 11:00:00,0.0,204.42991857240253
2055-04-06 12:00:00,0.0,124.17850425678996
2055-04-06 13:00:00,0.0,38.85857956334924
2055-04-06 14:00:00,0.0,0.0
2055-04-06 15:00:00,0.0,0.0
2055-04-06 16:00:00,0.0,0.0
2055-04-06 17:00:00,0.0,0.0
2055-04-06 18:00:00,0.0,0.0
2055-04-06 19:00:00,0.0,0.0
2055-04-06 20:00:00,0.0,0.0
2055-04-06 21:00:00,0.0,0.0
2055-04-06 22:00:00,0.0,0.0
2055-04-06 23:00:00,0.0,0.0
2055-04-07 00:00:00,0.0,0.0
2055-04-07 01:00:00,0.0,0.0
2055-04-07 02:00:00,0.0,13.093651809389419
2055-04-07 03:00:00,0.0,83.20804536934565
2055-04-07 04:00:00,0.0,167.68321833314835
2055-04-07 05:00:00,0.0,238.64236362274264
2055-04-07 06:00:00,0.0,285.1037087528341
2055-04-07 07:00:00,0.0,308.75675718269883
2055-04-07 08:00:00,0.0,312.13576410125097
2055-04-07 09:00:00,0.0,292.28409845475727
2055-04-07 10:00:00,0.0,250.891263702494
2055-04-07 11:00:00,0.0,185.42300465554692
2055-04-07 12:00:00,0.0,102.63733515102028
2055-04-07 13:00:00,0.0,26.609679483597848
2055-04-07 14:00:00,0.0,0.0
2055-04-07 15:00:00,0.0,0.0
2055-04-07 16:00:00,0.0,0.0
2055-04-07 17:00:00,0.0,0.0
2055-04-07 18:00:00,0.0,0.0
2055-04-07 19:00:00,0.0,0.0
2055-04-07 20:00:00,0.0,0.0
2055-04-07 21:00:00,0.0,0.0
2055-04-07 22:00:00,0.0,0.0
2055-04-07 23:00:00,0.0,0.0
2055-04-08 00:00:00,0.0,0.0
2055-04-08 01:00:00,0.0,0.0
2055-04-08 02:00:00,0.0,18.16216218721758
2055-04-08 03:00:00,0.0,103.05971101583928
2055-04-08 04:00:00,0.0,181.19924600735678
2055-04-08 05:00:00,0.0,238.2199877579236
2055-04-08 06:00:00,0.0,268.6310500248926
2055-04-08 07:00:00,0.0,285.9484604824721
2055-04-08 08:00:00,0.0,305.80012612896576
2055-04-08 09:00:00,0.0,300.30923988631855
2055-04-08 10:00:00,0.0,265.25204310634047
2055-04-08 11:00:00,0.0,206.11942203167857
2055-04-08 12:00:00,0.0,126.71275944570404
2055-04-08 13:00:00,0.0,40.12570715780628
2055-04-08 14:00:00,0.0,0.0
2055-04-08 15:00:00,0.0,0.0
2055-04-08 16:00:00,0.0,0.0
2055-04-08 17:00:00,0.0,0.0
2055-04-08 18:00:00,0.0,0.0
2055-04-08 19:00:00,0.0,0.0
2055-04-08 20:00:00,0.0,0.0
2055-04-08 21:00:00,0.0,0.0
2055-04-08 22:00:00,0.0,0.0
2055-04-08 23:00:00,0.0,0.0
2055-04-09 00:00:00,0.0,0.0
2055-04-09 01:00:00,0.0,0.0
2055-04-09 02:00:00,0.0,15.6279069983035
2055-04-09 03:00:00,0.0,93.34506612500198
2055-04-09 04:00:00,0.0,186.69013225000396
2055-04-09 05:00:00,0.0,254.2702706210461
2055-04-09 06:00:00,0.0,296.0854812381284
2055-04-09 07:00:00,0.0,317.2042744790791
2055-04-09 08:00:00,0.0,318.8937779383552
2055-04-09 09:00:00,0.0,300.7316157511376
2055-04-09 10:00:00,0.0,263.1401637822454
2055-04-09 11:00:00,0.0,204.00754270758353
2055-04-09 12:00:00,0.0,125.023255986428
2055-04-09 13:00:00,0.0,39.70333129298727
2055-04-09 14:00:00,0.0,0.0
2055-04-09 15:00:00,0.0,0.0
2055-04-09 16:00:00,0.0,0.0
2055-04-09 17:00:00,0.0,0.0
2055-04-09 18:00:00,0.0,0.0
2055-04-09 19:00:00,0.0,0.0
2055-04-09 20:00:00,0.0,0.0
2055-04-09 21:00:00,0.0,0.0
2055-04-09 22:00:00,0.0,0.0
2055-04-09 23:00:00,0.0,0.0
2055-04-10 00:00:00,0.0,0.0
2055-04-10 01:00:00,0.0,0.0
2055-04-10 02:00:00,0.0,19.42928978167462
2055-04-10 03:00:00,0.0,105.59396620475337
2055-04-10 04:00:00,0.0,191.3362667630131
2055-04-10 05:00:00,0.0,255.95977408032215
2055-04-10 06:00:00,0.0,296.5078571029474
2055-04-10 07:00:00,0.0,318.4714020735362
2055-04-10 08:00:00,0.0,321.00565726245026
2055-04-10 09:00:00,0.0,303.2658709400517
2055-04-10 10:00:00,0.0,265.6744189711595
2055-04-10 11:00:00,0.0,204.42991857240253
2055-04-10 12:00:00,0.0,127.13513531052305
2055-04-10 13:00:00,0.0,40.9704588874443
2055-04-10 14:00:00,0.0,0.0
2055-04-10 15:00:00,0.0,0.0
2055-04-10 16:00:00,0.0,0.0
2055-04-10 17:00:00,0.0,0.0
2055-04-10 18:00:00,0.0,0.0
2055-04-10 19:00:00,0.0,0.0
2055-04-10 20:00:00,0.0,0.0
2055-04-10 21:00:00,0.0,0.0
2055-04-10 22:00:00,0.0,0.0
2055-04-10 23:00:00,0.0,0.0
2055-04-11 00:00:00,0.0,0.0
2055-04-11 01:00:00,0.0,0.0
2055-04-11 02:00:00,0.0,19.851665646493636
2055-04-11 03:00:00,0.0,104.74921447511535
2055-04-11 04:00:00,0.0,189.64676330373703
2055-04-11 05:00:00,0.0,254.69264648586514
2055-04-11 06:00:00,0.0,296.0854812381284
2055-04-11 07:00:00,0.0,317.2042744790791
2055-04-11 08:00:00,0.0,318.8937779383552
2055-04-11 09:00:00,0.0,299.4644881566806
2055-04-11 10:00:00,0.0,261.0282844581503
2055-04-11 11:00:00,0.0,202.31803924830746
2055-04-11 12:00:00,0.0,124.17850425678996
2055-04-11 13:00:00,0.0,39.70333129298727
2055-04-11 14:00:00,0.0,0.0
2055-04-11 15:00:00,0.0,0.0
2055-04-11 16:00:00,0.0,0.0
2055-04-11 17:00:00,0.0,0.0
2055-04-11 18:00:00,0.0,0.0
2055-04-11 19:00:00,0.0,0.0
2055-04-11 20:00:00,0.0,0.0
2055-04-11 21:00:00,0.0,0.0
2055-04-11 22:00:00,0.0,0.0
2055-04-11 23:00:00,0.0,0.0
2055-04-12 00:00:00,0.0,0.0
2055-04-12 01:00:00,0.0,0.0
2055-04-12 02:00:00,0.0,18.584538052036592
2055-04-12 03:00:00,0.0,99.25832823246817
2055-04-12 04:00:00,0.0,182.04399773699484
2055-04-12 05:00:00,0.0,246.6675050543039
2055-04-12 06:00:00,0.0,291.0169708603003
2055-04-12 07:00:00,0.0,312.55813996607
2055-04-12 08:00:00,0.0,312.980515830889
2055-04-12 09:00:00,0.0,296.0854812381284
2055-04-12 10:00:00,0.0,256.8045258099602
2055-04-12 11:00:00,0.0,197.67190473529828
2055-04-12 12:00:00,0.0,113.61910763631462
2055-04-12 13:00:00,0.0,32.10056572624502
2055-04-12 14:00:00,0.0,0.0
2055-04-12 15:00:00,0.0,0.0
2055-04-12 16:00:00,0.0,0.0
2055-04-12 17:00:00,0.0,0.0
2055-04-12 18:00:00,0.0,0.0
2055-04-12 19:00:00,0.0,0.0
2055-04-12 20:00:00,0.0,0.0
2055-04-12 21:00:00,0.0,0.0
2055-04-12 22:00:00,0.0,0.0
2055-04-12 23:00:00,0.0,0.0
2055-04-13 00:00:00,0.0,0.0
2055-04-13 01:00:00,0.0,0.0
2055-04-13 02:00:00,0.0,14.783155268665473
2055-04-13 03:00:00,0.0,83.20804536934565
2055-04-13 04:00:00,0.0,166.83846660351034
2055-04-13 05:00:00,0.0,218.790697976249
2055-04-13 06:00:00,0.0,210.3431806798687
2055-04-13 07:00:00,0.0,245.40037745984682
2055-04-13 08:00:00,0.0,283.83658115837704
2055-04-13 09:00:00,0.0,271.5876810786256
2055-04-13 10:00:00,0.0,223.4368324892581
2055-04-13 11:00:00,0.0,165.9937148738723
2055-04-13 12:00:00,0.0,114.46385936595267
2055-04-13 13:00:00,0.0,37.5914519688922
2055-04-13 14:00:00,0.0,0.0
2055-04-13 15:00:00,0.0,0.0
2055-04-13 16:00:00,0.0,0.0
2055-04-13 17:00:00,0.0,0.0
2055-04-13 18:00:00,0.0,0.0
2055-04-13 19:00:00,0.0,0.0
2055-04-13 20:00:00,0.0,0.0
2055-04-13 21:00:00,0.0,0.0
2055-04-13 22:00:00,0.0,0.0
2055-04-13 23:00:00,0.0,0.0
2055-04-14 00:00:00,0.0,0.0
2055-04-14 01:00:00,0.0,0.0
2055-04-14 02:00:00,0.0,4.646134513009148
2055-04-14 03:00:00,0.0,49.840352048643595
2055-04-14 04:00:00,0.0,130.51414222907516
2055-04-14 05:00:00,0.0,187.957259844461
2055-04-14 06:00:00,0.0,224.70396008371517
2055-04-14 07:00:00,0.0,251.73601543213204
2055-04-14 08:00:00,0.0,259.33878099887426
2055-04-14 09:00:00,0.0,225.54871181335318
2055-04-14 10:00:00,0.0,205.69704616685956
2055-04-14 11:00:00,0.0,161.34758036086316
2055-04-14 12:00:00,0.0,84.05279709898369
2055-04-14 13:00:00,0.0,19.00691391685561
2055-04-14 14:00:00,0.0,0.0
2055-04-14 15:00:00,0.0,0.0
2055-04-14 16:00:00,0.0,0.0
2055-04-14 17:00:00,0.0,0.0
2055-04-14 18:00:00,0.0,0.0
2055-04-14 19:00:00,0.0,0.0
2055-04-14 20:00:00,0.0,0.0
2055-04-14 21:00:00,0.0,0.0
2055-04-14 22:00:00,0.0,0.0
2055-04-14 23:00:00,0.0,0.0
2055-04-15 00:00:00,0.0,0.0
2055-04-15 01:00:00,0.0,0.0
2055-04-15 02:00:00,0.0,17.739786322398565
2055-04-15 03:00:00,0.0,97.56882477319212
2055-04-15 04:00:00,0.0,183.31112533145185
2055-04-15 05:00:00,0.0,249.624136108037
2055-04-15 06:00:00,0.0,294.39597777885234
2055-04-15 07:00:00,0.0,317.6266503438982
2055-04-15 08:00:00,0.0,321.42803312726926
2055-04-15 09:00:00,0.0,307.9120054530609
2055-04-15 10:00:00,0.0,270.3205534841686
2055-04-15 11:00:00,0.0,210.3431806798687
2055-04-15 12:00:00,0.0,130.51414222907516
2055-04-15 13:00:00,0.0,43.08233821153937
2055-04-15 14:00:00,0.0,0.0
2055-04-15 15:00:00,0.0,0.0
2055-04-15 16:00:00,0.0,0.0
2055-04-15 17:00:00,0.0,0.0
2055-04-15 18:00:00,0.0,0.0
2055-04-15 19:00:00,0.0,0.0
2055-04-15 20:00:00,0.0,0.0
2055-04-15 21:00:00,0.0,0.0
2055-04-15 22:00:00,0.0,0.0
2055-04-15 23:00:00,0.0,0.0
2055-04-16 00:00:00,0.0,0.0
2055-04-16 01:00:00,0.0,0.0
2055-04-16 02:00:00,0.0,21.541169105769686
2055-04-16 03:00:00,0.0,108.55059725848646
2055-04-16 04:00:00,0.0,195.56002541120324
2055-04-16 05:00:00,0.0,259.7611568636933
2055-04-16 06:00:00,0.0,301.5763674807757
2055-04-16 07:00:00,0.0,323.53991245136433
2055-04-16 08:00:00,0.0,325.2294159106404
2055-04-16 09:00:00,0.0,307.4896295882418
2055-04-16 10:00:00,0.0,269.4758017545306
2055-04-16 11:00:00,0.0,209.9208048150497
2055-04-16 12:00:00,0.0,130.93651809389416
2055-04-16 13:00:00,0.0,43.9270899411774
2055-04-16 14:00:00,0.0,0.0
2055-04-16 15:00:00,0.0,0.0
2055-04-16 16:00:00,0.0,0.0
2055-04-16 17:00:00,0.0,0.0
2055-04-16 18:00:00,0.0,0.0
2055-04-16 19:00:00,0.0,0.0
2055-04-16 20:00:00,0.0,0.0
2055-04-16 21:00:00,0.0,0.0
2055-04-16 22:00:00,0.0,0.0
2055-04-16 23:00:00,0.0,0.0
2055-04-17 00:00:00,0.0,0.0
2055-04-17 01:00:00,0.0,0.0
2055-04-17 02:00:00,0.0,21.9635449705887
2055-04-17 03:00:00,0.0,110.24010071776252
2055-04-17 04:00:00,0.0,197.67190473529828
2055-04-17 05:00:00,0.0,261.87303618778833
2055-04-17 06:00:00,0.0,303.2658709400517
2055-04-17 07:00:00,0.0,324.38466418100234
2055-04-17 08:00:00,0.0,326.07416764027846
2055-04-17 09:00:00,0.0,309.1791330475179
2055-04-17 10:00:00,0.0,271.1653052138067
2055-04-17 11:00:00,0.0,212.0326841391448
2055-04-17 12:00:00,0.0,132.62602155317023
2055-04-17 13:00:00,0.0,44.77184167081543
2055-04-17 14:00:00,0.0,0.0
2055-04-17 15:00:00,0.0,0.0
2055-04-17 16:00:00,0.0,0.0
2055-04-17 17:00:00,0.0,0.0
2055-04-17 18:00:00,0.0,0.0
2055-04-17 19:00:00,0.0,0.0
2055-04-17 20:00:00,0.0,0.0
2055-04-17 21:00:00,0.0,0.0
2055-04-17 22:00:00,0.0,0.0
2055-04-17 23:00:00,0.0,0.0
2055-04-18 00:00:00,0.0,0.0
2055-04-18 01:00:00,0.0,0.0
2055-04-18 02:00:00,0.0,22.808296700226727
2055-04-18 03:00:00,0.0,110.66247658258153
2055-04-18 04:00:00,0.0,195.98240127602224
2055-04-18 05:00:00,0.0,260.6059085933313
2055-04-18 06:00:00,0.0,302.4211192104137
2055-04-18 07:00:00,0.0,323.53991245136433
2055-04-18 08:00:00,0.0,324.8070400458214
2055-04-18 09:00:00,0.0,307.0672537234228
2055-04-18 10:00:00,0.0,269.4758017545306
2055-04-18 11:00:00,0.0,210.76555654468774
2055-04-18 12:00:00,0.0,132.20364568835123
2055-04-18 13:00:00,0.0,45.19421753563444
2055-04-18 14:00:00,0.0,0.0
2055-04-18 15:00:00,0.0,0.0
2055-04-18 16:00:00,0.0,0.0
2055-04-18 17:00:00,0.0,0.0
2055-04-18 18:00:00,0.0,0.0
2055-04-18 19:00:00,0.0,0.0
2055-04-18 20:00:00,0.0,0.0
2055-04-18 21:00:00,0.0,0.0
2055-04-18 22:00:00,0.0,0.0
2055-04-18 23:00:00,0.0,0.0
2055-04-19 00:00:00,0.0,0.0
2055-04-19 01:00:00,0.0,0.0
2055-04-19 02:00:00,0.0,22.385920835407713
2055-04-19 03:00:00,0.0,106.86109379921041
2055-04-19 04:00:00,0.0,190.4915150333751
2055-04-19 05:00:00,0.0,254.69264648586514
2055-04-19 06:00:00,0.0,297.77498469740453
2055-04-19 07:00:00,0.0,318.8937779383552
2055-04-19 08:00:00,0.0,320.58328139763125
2055-04-19 09:00:00,0.0,302.8434950752327
2055-04-19 10:00:00,0.0,265.6744189711595
2055-04-19 11:00:00,0.0,207.80892549095466
2055-04-19 12:00:00,0.0,130.51414222907516
2055-04-19 13:00:00,0.0,44.77184167081543
2055-04-19 14:00:00,0.0,0.0
2055-04-19 15:00:00,0.0,0.0
2055-04-19 16:00:00,0.0,0.0
2055-04-19 17:00:00,0.0,0.0
2055-04-19 18:00:00,0.0,0.0
2055-04-19 19:00:00,0.0,0.0
2055-04-19 20:00:00,0.0,0.0
2055-04-19 21:00:00,0.0,0.0
2055-04-19 22:00:00,0.0,0.0
2055-04-19 23:00:00,0.0,0.0
2055-04-20 00:00:00,0.0,0.0
2055-04-20 01:00:00,0.0,0.0
2055-04-20 02:00:00,0.0,22.385920835407713
2055-04-20 03:00:00,0.0,106.0163420695724
2055-04-20 04:00:00,0.0,189.22438743891806
2055-04-20 05:00:00,0.0,253.00314302658907
2055-04-20 06:00:00,0.0,295.24072950849046
2055-04-20 07:00:00,0.0,316.3595227494411
2055-04-20 08:00:00,0.0,318.4714020735362
2055-04-20 09:00:00,0.0,301.1539916159566
2055-04-20 10:00:00,0.0,263.9849155118834
2055-04-20 11:00:00,0.0,205.69704616685956
2055-04-20 12:00:00,0.0,128.82463876979912
2055-04-20 13:00:00,0.0,43.9270899411774
2055-04-20 14:00:00,0.0,0.0
2055-04-20 15:00:00,0.0,0.0
2055-04-20 16:00:00,0.0,0.0
2055-04-20 17:00:00,0.0,0.0
2055-04-20 18:00:00,0.0,0.0
2055-04-20 19:00:00,0.0,0.0
2055-04-20 20:00:00,0.0,0.0
2055-04-20 21:00:00,0.0,0.0
2055-04-20 22:00:00,0.0,0.0
2055-04-20 23:00:00,0.0,0.0
2055-04-21 00:00:00,0.0,0.0
2055-04-21 01:00:00,0.0,0.0
2055-04-21 02:00:00,0.0,22.385920835407713
2055-04-21 03:00:00,0.0,105.59396620475337
2055-04-21 04:00:00,0.0,188.37963570928002
2055-04-21 05:00:00,0.0,252.15839129695107
2055-04-21 06:00:00,0.0,293.1288501843954
2055-04-21 07:00:00,0.0,313.82526756052704
2055-04-21 08:00:00,0.0,315.5147710198031
2055-04-21 09:00:00,0.0,298.61973642704254
2055-04-21 10:00:00,0.0,261.4506603229693
2055-04-21 11:00:00,0.0,204.00754270758353
2055-04-21 12:00:00,0.0,127.55751117534209
2055-04-21 13:00:00,0.0,43.9270899411774
2055-04-21 14:00:00,0.0,0.0
2055-04-21 15:00:00,0.0,0.0
2055-04-21 16:00:00,0.0,0.0
2055-04-21 17:00:00,0.0,0.0
2055-04-21 18:00:00,0.0,0.0
2055-04-21 19:00:00,0.0,0.0
2055-04-21 20:00:00,0.0,0.0
2055-04-21 21:00:00,0.0,0.0
2055-04-21 22:00:00,0.0,0.0
2055-04-21 23:00:00,0.0,0.0
2055-04-22 00:00:00,0.0,0.0
2055-04-22 01:00:00,0.0,0.0
2055-04-22 02:00:00,0.0,22.808296700226727
2055-04-22 03:00:00,0.0,106.0163420695724
2055-04-22 04:00:00,0.0,188.80201157409905
2055-04-22 05:00:00,0.0,252.58076716177004
2055-04-22 06:00:00,0.0,294.8183536436714
2055-04-22 07:00:00,0.0,315.9371468846221
2055-04-22 08:00:00,0.0,318.0490262087171
2055-04-22 09:00:00,0.0,299.88686402149955
2055-04-22 10:00:00,0.0,262.7177879174264
2055-04-22 11:00:00,0.0,205.27467030204056
2055-04-22 12:00:00,0.0,128.4022629049801
2055-04-22 13:00:00,0.0,44.34946580599642
2055-04-22 14:00:00,0.0,0.0
2055-04-22 15:00:00,0.0,0.0
2055-04-22 16:00:00,0.0,0.0
2055-04-22 17:00:00,0.0,0.0
2055-04-22 18:00:00,0.0,0.0
2055-04-22 19:00:00,0.0,0.0
2055-04-22 20:00:00,0.0,0.0
2055-04-22 21:00:00,0.0,0.0
2055-04-22 22:00:00,0.0,0.0
2055-04-22 23:00:00,0.0,0.0
2055-04-23 00:00:00,0.0,0.0
2055-04-23 01:00:00,0.0,0.0
2055-04-23 02:00:00,0.0,23.653048429864754
2055-04-23 03:00:00,0.0,108.12822139366746
2055-04-23 04:00:00,0.0,191.3362667630131
2055-04-23 05:00:00,0.0,255.53739821550315
2055-04-23 06:00:00,0.0,297.77498469740453
2055-04-23 07:00:00,0.0,318.4714020735362
2055-04-23 08:00:00,0.0,320.1609055328122
2055-04-23 09:00:00,0.0,302.4211192104137
2055-04-23 10:00:00,0.0,265.25204310634047
2055-04-23 11:00:00,0.0,207.80892549095466
2055-04-23 12:00:00,0.0,130.51414222907516
2055-04-23 13:00:00,0.0,45.19421753563444
2055-04-23 14:00:00,0.0,0.0
2055-04-23 15:00:00,0.0,0.0
2055-04-23 16:00:00,0.0,0.0
2055-04-23 17:00:00,0.0,0.0
2055-04-23 18:00:00,0.0,0.0
2055-04-23 19:00:00,0.0,0.0
2055-04-23 20:00:00,0.0,0.0
2055-04-23 21:00:00,0.0,0.0
2055-04-23 22:00:00,0.0,0.0
2055-04-23 23:00:00,0.0,0.0
2055-04-24 00:00:00,0.0,0.0
2055-04-24 01:00:00,0.0,0.0
2055-04-24 02:00:00,0.0,23.653048429864754
2055-04-24 03:00:00,0.0,104.32683861029632
2055-04-24 04:00:00,0.0,185.00062879072792
2055-04-24 05:00:00,0.0,247.08988091912292
2055-04-24 06:00:00,0.0,288.48271567138625
2055-04-24 07:00:00,0.0,308.75675718269883
2055-04-24 08:00:00,0.0,309.1791330475179
2055-04-24 09:00:00,0.0,287.2155880769292
2055-04-24 10:00:00,0.0,248.35700851357993
2055-04-24 11:00:00,0.0,189.22438743891806
2055-04-24 12:00:00,0.0,113.61910763631462
2055-04-24 13:00:00,0.0,36.746700239254174
2055-04-24 14:00:00,0.0,0.0
2055-04-24 15:00:00,0.0,0.0
2055-04-24 16:00:00,0.0,0.0
2055-04-24 17:00:00,0.0,0.0
2055-04-24 18:00:00,0.0,0.0
2055-04-24 19:00:00,0.0,0.0
2055-04-24 20:00:00,0.0,0.0
2055-04-24 21:00:00,0.0,0.0
2055-04-24 22:00:00,0.0,0.0
2055-04-24 23:00:00,0.0,0.0
2055-04-25 00:00:00,0.0,0.0
2055-04-25 01:00:00,0.0,0.0
2055-04-25 02:00:00,0.0,18.584538052036592
2055-04-25 03:00:00,0.0,90.38843507126889
2055-04-25 04:00:00,0.0,170.21747352206245
2055-04-25 05:00:00,0.0,234.84098083937155
2055-04-25 06:00:00,0.0,279.61282251018696
2055-04-25 07:00:00,0.0,301.1539916159566
2055-04-25 08:00:00,0.0,302.4211192104137
2055-04-25 09:00:00,0.0,288.06033980656724
2055-04-25 10:00:00,0.0,250.046511972856
2055-04-25 11:00:00,0.0,192.18101849265113
2055-04-25 12:00:00,0.0,116.99811455486673
2055-04-25 13:00:00,0.0,39.70333129298727
2055-04-25 14:00:00,0.0,0.0
2055-04-25 15:00:00,0.0,0.0
2055-04-25 16:00:00,0.0,0.0
2055-04-25 17:00:00,0.0,0.0
2055-04-25 18:00:00,0.0,0.0
2055-04-25 19:00:00,0.0,0.0
2055-04-25 20:00:00,0.0,0.0
2055-04-25 21:00:00,0.0,0.0
2055-04-25 22:00:00,0.0,0.0
2055-04-25 23:00:00,0.0,0.0
2055-04-26 00:00:00,0.0,0.0
2055-04-26 01:00:00,0.0,0.0
2055-04-26 02:00:00,0.0,20.696417376131663
2055-04-26 03:00:00,0.0,95.87932131391607
2055-04-26 04:00:00,0.0,176.55311149434763
2055-04-26 05:00:00,0.0,240.75424294683768
2055-04-26 06:00:00,0.0,287.6379639417482
2055-04-26 07:00:00,0.0,308.33438131787983
2055-04-26 08:00:00,0.0,310.02388477715596
2055-04-26 09:00:00,0.0,293.9736019140334
2055-04-26 10:00:00,0.0,255.95977408032215
2055-04-26 11:00:00,0.0,197.67190473529828
2055-04-26 12:00:00,0.0,121.64424906787589
2055-04-26 13:00:00,0.0,41.392834752263326
2055-04-26 14:00:00,0.0,0.0
2055-04-26 15:00:00,0.0,0.0
2055-04-26 16:00:00,0.0,0.0
2055-04-26 17:00:00,0.0,0.0
2055-04-26 18:00:00,0.0,0.0
2055-04-26 19:00:00,0.0,0.0
2055-04-26 20:00:00,0.0,0.0
2055-04-26 21:00:00,0.0,0.0
2055-04-26 22:00:00,0.0,0.0
2055-04-26 23:00:00,0.0,0.0
2055-04-27 00:00:00,0.0,0.0
2055-04-27 01:00:00,0.0,0.0
2055-04-27 02:00:00,0.0,21.9635449705887
2055-04-27 03:00:00,0.0,99.25832823246817
2055-04-27 04:00:00,0.0,180.35449427771874
2055-04-27 05:00:00,0.0,243.71087400057078
2055-04-27 06:00:00,0.0,287.2155880769292
2055-04-27 07:00:00,0.0,307.9120054530609
2055-04-27 08:00:00,0.0,309.60150891233684
2055-04-27 09:00:00,0.0,292.70647431957633
2055-04-27 10:00:00,0.0,255.53739821550315
2055-04-27 11:00:00,0.0,198.51665646493635
2055-04-27 12:00:00,0.0,123.33375252715194
2055-04-27 13:00:00,0.0,42.65996234672037
2055-04-27 14:00:00,0.0,0.0
2055-04-27 15:00:00,0.0,0.0
2055-04-27 16:00:00,0.0,0.0
2055-04-27 17:00:00,0.0,0.0
2055-04-27 18:00:00,0.0,0.0
2055-04-27 19:00:00,0.0,0.0
2055-04-27 20:00:00,0.0,0.0
2055-04-27 21:00:00,0.0,0.0
2055-04-27 22:00:00,0.0,0.0
2055-04-27 23:00:00,0.0,0.0
2055-04-28 00:00:00,0.0,0.0
2055-04-28 01:00:00,0.0,0.0
2055-04-28 02:00:00,0.0,23.23067256504574
2055-04-28 03:00:00,0.0,103.4820868806583
2055-04-28 04:00:00,0.0,185.42300465554692
2055-04-28 05:00:00,0.0,248.35700851357993
2055-04-28 06:00:00,0.0,288.06033980656724
2055-04-28 07:00:00,0.0,307.9120054530609
2055-04-28 08:00:00,0.0,308.75675718269883
2055-04-28 09:00:00,0.0,292.28409845475727
2055-04-28 10:00:00,0.0,255.95977408032215
2055-04-28 11:00:00,0.0,199.36140819457438
2055-04-28 12:00:00,0.0,124.60088012160898
2055-04-28 13:00:00,0.0,43.5047140763584
2055-04-28 14:00:00,0.0,0.0
2055-04-28 15:00:00,0.0,0.0
2055-04-28 16:00:00,0.0,0.0
2055-04-28 17:00:00,0.0,0.0
2055-04-28 18:00:00,0.0,0.0
2055-04-28 19:00:00,0.0,0.0
2055-04-28 20:00:00,0.0,0.0
2055-04-28 21:00:00,0.0,0.0
2055-04-28 22:00:00,0.0,0.0
2055-04-28 23:00:00,0.0,0.0
2055-04-29 00:00:00,0.0,0.0
2055-04-29 01:00:00,0.0,0.0
2055-04-29 02:00:00,0.0,23.653048429864754
2055-04-29 03:00:00,0.0,102.21495928620126
2055-04-29 04:00:00,0.0,182.4663736018138
2055-04-29 05:00:00,0.0,242.86612227093275
2055-04-29 06:00:00,0.0,282.147077699101
2055-04-29 07:00:00,0.0,302.8434950752327
2055-04-29 08:00:00,0.0,304.5329985345087
2055-04-29 09:00:00,0.0,287.6379639417482
2055-04-29 10:00:00,0.0,251.73601543213204
2055-04-29 11:00:00,0.0,194.7152736815652
2055-04-29 12:00:00,0.0,120.37712147341884
2055-04-29 13:00:00,0.0,41.815210617082336
2055-04-29 14:00:00,0.0,0.0
2055-04-29 15:00:00,0.0,0.0
2055-04-29 16:00:00,0.0,0.0
2055-04-29 17:00:00,0.0,0.0
2055-04-29 18:00:00,0.0,0.0
2055-04-29 19:00:00,0.0,0.0
2055-04-29 20:00:00,0.0,0.0
2055-04-29 21:00:00,0.0,0.0
2055-04-29 22:00:00,0.0,0.0
2055-04-29 23:00:00,0.0,0.0
2055-04-30 00:00:00,0.0,0.0
2055-04-30 01:00:00,0.0,0.0
2055-04-30 02:00:00,0.0,20.696417376131663
2055-04-30 03:00:00,0.0,91.65556266572592
2055-04-30 04:00:00,0.0,169.37272179242441
2055-04-30 05:00:00,0.0,231.46197392081936
2055-04-30 06:00:00,0.0,272.85480867308274
2055-04-30 07:00:00,0.0,294.39597777885234
2055-04-30 08:00:00,0.0,296.0854812381284
2055-04-30 09:00:00,0.0,278.7680707805489
2055-04-30 10:00:00,0.0,241.59899467647574
2055-04-30 11:00:00,0.0,185.00062879072792
2055-04-30 12:00:00,0.0,112.35198004185759
2055-04-30 13:00:00,0.0,38.85857956334924
2055-04-30 14:00:00,0.0,0.0
2055-04-30 15:00:00,0.0,0.0
2055-04-30 16:00:00,0.0,0.0
2055-04-30 17:00:00,0.0,0.0
2055-04-30 18:00:00,0.0,0.0
2055-04-30 19:00:00,0.0,0.0
2055-04-30 20:00:00,0.0,0.0
2055-04-30 21:00:00,0.0,0.0
2055-04-30 22:00:00,0.0,0.0
2055-04-30 23:00:00,0.0,0.0
2055-05-01 00:00:00,0.0,0.0
2055-05-01 01:00:00,0.0,0.0
2055-05-01 02:00:00,0.0,22.385920835407713
2055-05-01 03:00:00,0.0,95.87932131391607
2055-05-01 04:00:00,0.0,173.17410457579552
2055-05-01 05:00:00,0.0,233.57385324491443
2055-05-01 06:00:00,0.0,274.12193626753975
2055-05-01 07:00:00,0.0,295.24072950849046
2055-05-01 08:00:00,0.0,297.3526088325855
2055-05-01 09:00:00,0.0,284.25895702319616
2055-05-01 10:00:00,0.0,247.08988091912292
2055-05-01 11:00:00,0.0,190.06913916855606
2055-05-01 12:00:00,0.0,116.15336282522871
2055-05-01 13:00:00,0.0,40.12570715780628
2055-05-01 14:00:00,0.0,0.0
2055-05-01 15:00:00,0.0,0.0
2055-05-01 16:00:00,0.0,0.0
2055-05-01 17:00:00,0.0,0.0
2055-05-01 18:00:00,0.0,0.0
2055-05-01 19:00:00,0.0,0.0
2055-05-01 20:00:00,0.0,0.0
2055-05-01 21:00:00,0.0,0.0
2055-05-01 22:00:00,0.0,0.0
2055-05-01 23:00:00,0.0,0.0
2055-05-02 00:00:00,0.0,0.0
2055-05-02 01:00:00,0.0,0.0
2055-05-02 02:00:00,0.0,23.653048429864754
2055-05-02 03:00:00,0.0,103.90446274547733
2055-05-02 04:00:00,0.0,186.69013225000396
2055-05-02 05:00:00,0.0,248.77938437839896
2055-05-02 06:00:00,0.0,289.7498432658433
2055-05-02 07:00:00,0.0,308.33438131787983
2055-05-02 08:00:00,0.0,308.33438131787983
2055-05-02 09:00:00,0.0,290.17221913066226
2055-05-02 10:00:00,0.0,253.00314302658907
2055-05-02 11:00:00,0.0,195.98240127602224
2055-05-02 12:00:00,0.0,121.64424906787589
2055-05-02 13:00:00,0.0,42.65996234672037
2055-05-02 14:00:00,0.0,0.0
2055-05-02 15:00:00,0.0,0.0
2055-05-02 16:00:00,0.0,0.0
2055-05-02 17:00:00,0.0,0.0
2055-05-02 18:00:00,0.0,0.0
2055-05-02 19:00:00,0.0,0.0
2055-05-02 20:00:00,0.0,0.0
2055-05-02 21:00:00,0.0,0.0
2055-05-02 22:00:00,0.0,0.0
2055-05-02 23:00:00,0.0,0.0
2055-05-03 00:00:00,0.0,0.0
2055-05-03 01:00:00,0.0,0.0
2055-05-03 02:00:00,0.0,24.07542429468377
2055-05-03 03:00:00,0.0,102.21495928620126
2055-05-03 04:00:00,0.0,183.31112533145185
2055-05-03 05:00:00,0.0,244.9780015950278
2055-05-03 06:00:00,0.0,285.1037087528341
2055-05-03 07:00:00,0.0,306.2225019937848
2055-05-03 08:00:00,0.0,308.33438131787983
2055-05-03 09:00:00,0.0,294.39597777885234
2055-05-03 10:00:00,0.0,257.64927753959824
2055-05-03 11:00:00,0.0,200.62853578903142
2055-05-03 12:00:00,0.0,125.023255986428
2055-05-03 13:00:00,0.0,43.9270899411774
2055-05-03 14:00:00,0.0,0.0
2055-05-03 15:00:00,0.0,0.0
2055-05-03 16:00:00,0.0,0.0
2055-05-03 17:00:00,0.0,0.0
2055-05-03 18:00:00,0.0,0.0
2055-05-03 19:00:00,0.0,0.0
2055-05-03 20:00:00,0.0,0.0
2055-05-03 21:00:00,0.0,0.0
2055-05-03 22:00:00,0.0,0.0
2055-05-03 23:00:00,0.0,0.0
2055-05-04 00:00:00,0.0,0.0
2055-05-04 01:00:00,0.0,0.0
2055-05-04 02:00:00,0.0,24.497800159502784
2055-05-04 03:00:00,0.0,102.21495928620126
2055-05-04 04:00:00,0.0,181.6216218721758
2055-05-04 05:00:00,0.0,243.71087400057078
2055-05-04 06:00:00,0.0,284.6813328880151
2055-05-04 07:00:00,0.0,305.37775026414675
2055-05-04 08:00:00,0.0,307.4896295882418
2055-05-04 09:00:00,0.0,291.4393467251193
2055-05-04 10:00:00,0.0,255.95977408032215
2055-05-04 11:00:00,0.0,200.62853578903142
2055-05-04 12:00:00,0.0,126.71275944570404
2055-05-04 13:00:00,0.0,45.61659340045345
2055-05-04 14:00:00,0.0,0.0
2055-05-04 15:00:00,0.0,0.0
2055-05-04 16:00:00,0.0,0.0
2055-05-04 17:00:00,0.0,0.0
2055-05-04 18:00:00,0.0,0.0
2055-05-04 19:00:00,0.0,0.0
2055-05-04 20:00:00,0.0,0.0
2055-05-04 21:00:00,0.0,0.0
2055-05-04 22:00:00,0.0,0.0
2055-05-04 23:00:00,0.0,0.0
2055-05-05 00:00:00,0.0,0.0
2055-05-05 01:00:00,0.0,0.0
2055-05-05 02:00:00,0.0,25.76492775395982
2055-05-05 03:00:00,0.0,106.43871793439139
2055-05-05 04:00:00,0.0,187.11250811482296
2055-05-05 05:00:00,0.0,248.35700851357993
2055-05-05 06:00:00,0.0,287.6379639417482
2055-05-05 07:00:00,0.0,309.1791330475179
2055-05-05 08:00:00,0.0,311.7133882364319
2055-05-05 09:00:00,0.0,295.24072950849046
2055-05-05 10:00:00,0.0,258.91640513405525
2055-05-05 11:00:00,0.0,202.7404151131265
2055-05-05 12:00:00,0.0,127.55751117534209
2055-05-05 13:00:00,0.0,45.61659340045345
2055-05-05 14:00:00,0.0,0.0
2055-05-05 15:00:00,0.0,0.0
2055-05-05 16:00:00,0.0,0.0
2055-05-05 17:00:00,0.0,0.0
2055-05-05 18:00:00,0.0,0.0
2055-05-05 19:00:00,0.0,0.0
2055-05-05 20:00:00,0.0,0.0
2055-05-05 21:00:00,0.0,0.0
2055-05-05 22:00:00,0.0,0.0
2055-05-05 23:00:00,0.0,0.0
2055-05-06 00:00:00,0.0,0.0
2055-05-06 01:00:00,0.0,0.0
2055-05-06 02:00:00,0.0,26.609679483597848
2055-05-06 03:00:00,0.0,107.70584552884844
2055-05-06 04:00:00,0.0,187.957259844461
2055-05-06 05:00:00,0.0,246.6675050543039
2055-05-06 06:00:00,0.0,285.9484604824721
2055-05-06 07:00:00,0.0,306.2225019937848
2055-05-06 08:00:00,0.0,307.4896295882418
2055-05-06 09:00:00,0.0,290.59459499548126
2055-05-06 10:00:00,0.0,254.69264648586514
2055-05-06 11:00:00,0.0,198.51665646493635
2055-05-06 12:00:00,0.0,124.60088012160898
2055-05-06 13:00:00,0.0,44.34946580599642
2055-05-06 14:00:00,0.0,0.0
2055-05-06 15:00:00,0.0,0.0
2055-05-06 16:00:00,0.0,0.0
2055-05-06 17:00:00,0.0,0.0
2055-05-06 18:00:00,0.0,0.0
2055-05-06 19:00:00,0.0,0.0
2055-05-06 20:00:00,0.0,0.0
2055-05-06 21:00:00,0.0,0.0
2055-05-06 22:00:00,0.0,0.0
2055-05-06 23:00:00,0.0,0.0
2055-05-07 00:00:00,0.0,0.0
2055-05-07 01:00:00,0.0,0.0
2055-05-07 02:00:00,0.0,24.07542429468377
2055-05-07 03:00:00,0.0,96.30169717873508
2055-05-07 04:00:00,0.0,172.75172871097652
2055-05-07 05:00:00,0.0,233.57385324491443
2055-05-07 06:00:00,0.0,277.9233190509109
2055-05-07 07:00:00,0.0,298.1973605622235
2055-05-07 08:00:00,0.0,299.4644881566806
2055-05-07 09:00:00,0.0,283.83658115837704
2055-05-07 10:00:00,0.0,247.51225678394192
2055-05-07 11:00:00,0.0,191.3362667630131
2055-05-07 12:00:00,0.0,118.68761801414279
2055-05-07 13:00:00,0.0,42.237586481901346
2055-05-07 14:00:00,0.0,0.0
2055-05-07 15:00:00,0.0,0.0
2055-05-07 16:00:00,0.0,0.0
2055-05-07 17:00:00,0.0,0.0
2055-05-07 18:00:00,0.0,0.0
2055-05-07 19:00:00,0.0,0.0
2055-05-07 20:00:00,0.0,0.0
2055-05-07 21:00:00,0.0,0.0
2055-05-07 22:00:00,0.0,0.0
2055-05-07 23:00:00,0.0,0.0
2055-05-08 00:00:00,0.0,0.0
2055-05-08 01:00:00,0.0,0.0
2055-05-08 02:00:00,0.0,21.9635449705887
2055-05-08 03:00:00,0.0,89.96605920644987
2055-05-08 04:00:00,0.0,164.72658727941527
2055-05-08 05:00:00,0.0,225.54871181335318
2055-05-08 06:00:00,0.0,267.78629829525454
2055-05-08 07:00:00,0.0,290.17221913066226
2055-05-08 08:00:00,0.0,293.55122604921434
2055-05-08 09:00:00,0.0,282.99182942873904
2055-05-08 10:00:00,0.0,247.08988091912292
2055-05-08 11:00:00,0.0,191.3362667630131
2055-05-08 12:00:00,0.0,119.10999387896179
2055-05-08 13:00:00,0.0,43.08233821153937
2055-05-08 14:00:00,0.0,0.0
2055-05-08 15:00:00,0.0,0.0
2055-05-08 16:00:00,0.0,0.0
2055-05-08 17:00:00,0.0,0.0
2055-05-08 18:00:00,0.0,0.0
2055-05-08 19:00:00,0.0,0.0
2055-05-08 20:00:00,0.0,0.0
2055-05-08 21:00:00,0.0,0.0
2055-05-08 22:00:00,0.0,0.0
2055-05-08 23:00:00,0.0,0.0
2055-05-09 00:00:00,0.0,0.0
2055-05-09 01:00:00,0.0,0.0
2055-05-09 02:00:00,0.0,24.920176024321798
2055-05-09 03:00:00,0.0,97.99120063801112
2055-05-09 04:00:00,0.0,174.86360803507156
2055-05-09 05:00:00,0.0,234.84098083937155
2055-05-09 06:00:00,0.0,278.7680707805489
2055-05-09 07:00:00,0.0,299.4644881566806
2055-05-09 08:00:00,0.0,300.30923988631855
2055-05-09 09:00:00,0.0,282.56945356392004
2055-05-09 10:00:00,0.0,245.82275332466585
2055-05-09 11:00:00,0.0,189.64676330373703
2055-05-09 12:00:00,0.0,117.42049041968578
2055-05-09 13:00:00,0.0,42.65996234672037
2055-05-09 14:00:00,0.0,0.0
2055-05-09 15:00:00,0.0,0.0
2055-05-09 16:00:00,0.0,0.0
2055-05-09 17:00:00,0.0,0.0
2055-05-09 18:00:00,0.0,0.0
2055-05-09 19:00:00,0.0,0.0
2055-05-09 20:00:00,0.0,0.0
2055-05-09 21:00:00,0.0,0.0
2055-05-09 22:00:00,0.0,0.0
2055-05-09 23:00:00,0.0,0.0
2055-05-10 00:00:00,0.0,0.0
2055-05-10 01:00:00,0.0,0.0
2055-05-10 02:00:00,0.0,25.34255188914081
2055-05-10 03:00:00,0.0,99.25832823246817
2055-05-10 04:00:00,0.0,176.1307356295286
2055-05-10 05:00:00,0.0,236.53048429864756
2055-05-10 06:00:00,0.0,276.6561914564538
2055-05-10 07:00:00,0.0,296.5078571029474
2055-05-10 08:00:00,0.0,297.77498469740453
2055-05-10 09:00:00,0.0,281.302325969463
2055-05-10 10:00:00,0.0,244.9780015950278
2055-05-10 11:00:00,0.0,189.22438743891806
2055-05-10 12:00:00,0.0,117.42049041968578
2055-05-10 13:00:00,0.0,42.65996234672037
2055-05-10 14:00:00,0.0,0.0
2055-05-10 15:00:00,0.0,0.0
2055-05-10 16:00:00,0.0,0.0
2055-05-10 17:00:00,0.0,0.0
2055-05-10 18:00:00,0.0,0.0
2055-05-10 19:00:00,0.0,0.0
2055-05-10 20:00:00,0.0,0.0
2055-05-10 21:00:00,0.0,0.0
2055-05-10 22:00:00,0.0,0.0
2055-05-10 23:00:00,0.0,0.0
2055-05-11 00:00:00,0.0,0.0
2055-05-11 01:00:00,0.0,0.0
2055-05-11 02:00:00,0.0,24.920176024321798
2055-05-11 03:00:00,0.0,96.72407304355407
2055-05-11 04:00:00,0.0,172.3293528461575
2055-05-11 05:00:00,0.0,232.72910151527643
2055-05-11 06:00:00,0.0,274.9666879971778
2055-05-11 07:00:00,0.0,295.24072950849046
2055-05-11 08:00:00,0.0,296.93023296776647
2055-05-11 09:00:00,0.0,281.72470183428203
2055-05-11 10:00:00,0.0,245.40037745984682
2055-05-11 11:00:00,0.0,190.4915150333751
2055-05-11 12:00:00,0.0,118.26524214932377
2055-05-11 13:00:00,0.0,42.65996234672037
2055-05-11 14:00:00,0.0,0.0
2055-05-11 15:00:00,0.0,0.0
2055-05-11 16:00:00,0.0,0.0
2055-05-11 17:00:00,0.0,0.0
2055-05-11 18:00:00,0.0,0.0
2055-05-11 19:00:00,0.0,0.0
2055-05-11 20:00:00,0.0,0.0
2055-05-11 21:00:00,0.0,0.0
2055-05-11 22:00:00,0.0,0.0
2055-05-11 23:00:00,0.0,0.0
2055-05-12 00:00:00,0.0,0.0
2055-05-12 01:00:00,0.0,0.0
2055-05-12 02:00:00,0.0,25.76492775395982
2055-05-12 03:00:00,0.0,97.99120063801112
2055-05-12 04:00:00,0.0,174.44123217025256
2055-05-12 05:00:00,0.0,234.41860497455252
2055-05-12 06:00:00,0.0,275.8114397268158
2055-05-12 07:00:00,0.0,296.93023296776647
2055-05-12 08:00:00,0.0,299.88686402149955
2055-05-12 09:00:00,0.0,283.4142052935581
2055-05-12 10:00:00,0.0,248.35700851357993
2055-05-12 11:00:00,0.0,193.87052195192717
2055-05-12 12:00:00,0.0,122.06662493269488
2055-05-12 13:00:00,0.0,45.19421753563444
2055-05-12 14:00:00,0.0,0.0
2055-05-12 15:00:00,0.0,0.0
2055-05-12 16:00:00,0.0,0.0
2055-05-12 17:00:00,0.0,0.0
2055-05-12 18:00:00,0.0,0.0
2055-05-12 19:00:00,0.0,0.0
2055-05-12 20:00:00,0.0,0.0
2055-05-12 21:00:00,0.0,0.0
2055-05-12 22:00:00,0.0,0.0
2055-05-12 23:00:00,0.0,0.0
2055-05-13 00:00:00,0.0,0.0
2055-05-13 01:00:00,0.0,0.0
2055-05-13 02:00:00,0.0,25.34255188914081
2055-05-13 03:00:00,0.0,97.1464489083731
2055-05-13 04:00:00,0.0,171.90697698133846
2055-05-13 05:00:00,0.0,231.8843497856384
2055-05-13 06:00:00,0.0,276.6561914564538
2055-05-13 07:00:00,0.0,296.5078571029474
2055-05-13 08:00:00,0.0,297.3526088325855
2055-05-13 09:00:00,0.0,281.302325969463
2055-05-13 10:00:00,0.0,244.5556257302088
2055-05-13 11:00:00,0.0,189.22438743891806
2055-05-13 12:00:00,0.0,117.84286628450477
2055-05-13 13:00:00,0.0,43.08233821153937
2055-05-13 14:00:00,0.0,0.0
2055-05-13 15:00:00,0.0,0.0
2055-05-13 16:00:00,0.0,0.0
2055-05-13 17:00:00,0.0,0.0
2055-05-13 18:00:00,0.0,0.0
2055-05-13 19:00:00,0.0,0.0
2055-05-13 20:00:00,0.0,0.0
2055-05-13 21:00:00,0.0,0.0
2055-05-13 22:00:00,0.0,0.0
2055-05-13 23:00:00,0.0,0.0
2055-05-14 00:00:00,0.0,0.0
2055-05-14 01:00:00,0.0,0.0
2055-05-14 02:00:00,0.0,25.34255188914081
2055-05-14 03:00:00,0.0,96.30169717873508
2055-05-14 04:00:00,0.0,170.63984938688148
2055-05-14 05:00:00,0.0,230.19484632636235
2055-05-14 06:00:00,0.0,272.85480867308274
2055-05-14 07:00:00,0.0,292.28409845475727
2055-05-14 08:00:00,0.0,293.1288501843954
2055-05-14 09:00:00,0.0,275.8114397268158
2055-05-14 10:00:00,0.0,239.06473948756167
2055-05-14 11:00:00,0.0,183.73350119627088
2055-05-14 12:00:00,0.0,113.1967317714956
2055-05-14 13:00:00,0.0,41.392834752263326
2055-05-14 14:00:00,0.0,0.0
2055-05-14 15:00:00,0.0,0.0
2055-05-14 16:00:00,0.0,0.0
2055-05-14 17:00:00,0.0,0.0
2055-05-14 18:00:00,0.0,0.0
2055-05-14 19:00:00,0.0,0.0
2055-05-14 20:00:00,0.0,0.0
2055-05-14 21:00:00,0.0,0.0
2055-05-14 22:00:00,0.0,0.0
2055-05-14 23:00:00,0.0,0.0
2055-05-15 00:00:00,0.0,0.0
2055-05-15 01:00:00,0.0,0.0
2055-05-15 02:00:00,0.0,23.653048429864754
2055-05-15 03:00:00,0.0,91.65556266572592
2055-05-15 04:00:00,0.0,164.30421141459624
2055-05-15 05:00:00,0.0,223.85920835407714
2055-05-15 06:00:00,0.0,265.25204310634047
2055-05-15 07:00:00,0.0,285.52608461765317
2055-05-15 08:00:00,0.0,285.9484604824721
2055-05-15 09:00:00,0.0,271.5876810786256
2055-05-15 10:00:00,0.0,233.99622910973346
2055-05-15 11:00:00,0.0,179.0873666832617
2055-05-15 12:00:00,0.0,109.81772485294351
2055-05-15 13:00:00,0.0,40.54808302262529
2055-05-15 14:00:00,0.0,0.0
2055-05-15 15:00:00,0.0,0.0
2055-05-15 16:00:00,0.0,0.0
2055-05-15 17:00:00,0.0,0.0
2055-05-15 18:00:00,0.0,0.0
2055-05-15 19:00:00,0.0,0.0
2055-05-15 20:00:00,0.0,0.0
2055-05-15 21:00:00,0.0,0.0
2055-05-15 22:00:00,0.0,0.0
2055-05-15 23:00:00,0.0,0.0
2055-05-16 00:00:00,0.0,0.0
2055-05-16 01:00:00,0.0,0.0
2055-05-16 02:00:00,0.0,17.739786322398565
2055-05-16 03:00:00,0.0,72.22627288405131
2055-05-16 04:00:00,0.0,136.00502847172237
2055-05-16 05:00:00,0.0,194.2928978167462
2055-05-16 06:00:00,0.0,247.51225678394192
2055-05-16 07:00:00,0.0,270.7429293489876
2055-05-16 08:00:00,0.0,274.9666879971778
2055-05-16 09:00:00,0.0,260.1835327285123
2055-05-16 10:00:00,0.0,220.48020143552503
2055-05-16 11:00:00,0.0,165.14896314423427
2055-05-16 12:00:00,0.0,99.25832823246817
2055-05-16 13:00:00,0.0,35.90194850961615
2055-05-16 14:00:00,0.0,0.0
2055-05-16 15:00:00,0.0,0.0
2055-05-16 16:00:00,0.0,0.0
2055-05-16 17:00:00,0.0,0.0
2055-05-16 18:00:00,0.0,0.0
2055-05-16 19:00:00,0.0,0.0
2055-05-16 20:00:00,0.0,0.0
2055-05-16 21:00:00,0.0,0.0
2055-05-16 22:00:00,0.0,0.0
2055-05-16 23:00:00,0.0,0.0
2055-05-17 00:00:00,0.0,0.0
2055-05-17 01:00:00,0.0,0.0
2055-05-17 02:00:00,0.0,21.541169105769686
2055-05-17 03:00:00,0.0,87.8541798823548
2055-05-17 04:00:00,0.0,159.2357010367681
2055-05-17 05:00:00,0.0,218.36832211143
2055-05-17 06:00:00,0.0,258.4940292692363
2055-05-17 07:00:00,0.0,279.19044664536796
2055-05-17 08:00:00,0.0,281.72470183428203
2055-05-17 09:00:00,0.0,273.69956040272075
2055-05-17 10:00:00,0.0,238.2199877579236
2055-05-17 11:00:00,0.0,184.15587706108988
2055-05-17 12:00:00,0.0,114.04148350113365
2055-05-17 13:00:00,0.0,42.65996234672037
2055-05-17 14:00:00,0.0,0.0
2055-05-17 15:00:00,0.0,0.0
2055-05-17 16:00:00,0.0,0.0
2055-05-17 17:00:00,0.0,0.0
2055-05-17 18:00:00,0.0,0.0
2055-05-17 19:00:00,0.0,0.0
2055-05-17 20:00:00,0.0,0.0
2055-05-17 21:00:00,0.0,0.0
2055-05-17 22:00:00,0.0,0.0
2055-05-17 23:00:00,0.0,0.0
2055-05-18 00:00:00,0.0,0.0
2055-05-18 01:00:00,0.0,0.0
2055-05-18 02:00:00,0.0,24.920176024321798
2055-05-18 03:00:00,0.0,89.54368334163085
2055-05-18 04:00:00,0.0,155.01194238857798
2055-05-18 05:00:00,0.0,207.80892549095466
2055-05-18 06:00:00,0.0,250.891263702494
2055-05-18 07:00:00,0.0,267.78629829525454
2055-05-18 08:00:00,0.0,266.0967948359785
2055-05-18 09:00:00,0.0,251.73601543213204
2055-05-18 10:00:00,0.0,218.790697976249
2055-05-18 11:00:00,0.0,158.8133251719491
2055-05-18 12:00:00,0.0,106.86109379921041
2055-05-18 13:00:00,0.0,41.392834752263326
2055-05-18 14:00:00,0.0,0.0
2055-05-18 15:00:00,0.0,0.0
2055-05-18 16:00:00,0.0,0.0
2055-05-18 17:00:00,0.0,0.0
2055-05-18 18:00:00,0.0,0.0
2055-05-18 19:00:00,0.0,0.0
2055-05-18 20:00:00,0.0,0.0
2055-05-18 21:00:00,0.0,0.0
2055-05-18 22:00:00,0.0,0.0
2055-05-18 23:00:00,0.0,0.0
2055-05-19 00:00:00,0.0,0.0
2055-05-19 01:00:00,0.0,0.0
2055-05-19 02:00:00,0.0,24.920176024321798
2055-05-19 03:00:00,0.0,92.07793853054494
2055-05-19 04:00:00,0.0,161.34758036086316
2055-05-19 05:00:00,0.0,216.25644278733492
2055-05-19 06:00:00,0.0,253.8478947562271
2055-05-19 07:00:00,0.0,261.4506603229693
2055-05-19 08:00:00,0.0,223.0144566244391
2055-05-19 09:00:00,0.0,221.74732902998207
2055-05-19 10:00:00,0.0,216.6788186521539
2055-05-19 11:00:00,0.0,176.55311149434763
2055-05-19 12:00:00,0.0,111.92960417703857
2055-05-19 13:00:00,0.0,40.9704588874443
2055-05-19 14:00:00,0.0,0.0
2055-05-19 15:00:00,0.0,0.0
2055-05-19 16:00:00,0.0,0.0
2055-05-19 17:00:00,0.0,0.0
2055-05-19 18:00:00,0.0,0.0
2055-05-19 19:00:00,0.0,0.0
2055-05-19 20:00:00,0.0,0.0
2055-05-19 21:00:00,0.0,0.0
2055-05-19 22:00:00,0.0,0.0
2055-05-19 23:00:00,0.0,0.0
2055-05-20 00:00:00,0.0,0.0
2055-05-20 01:00:00,0.0,0.0
2055-05-20 02:00:00,0.0,15.205531133484486
2055-05-20 03:00:00,0.0,61.24450039875695
2055-05-20 04:00:00,0.0,125.445631851247
2055-05-20 05:00:00,0.0,187.957259844461
2055-05-20 06:00:00,0.0,233.15147738009546
2055-05-20 07:00:00,0.0,262.2954120526074
2055-05-20 08:00:00,0.0,259.7611568636933
2055-05-20 09:00:00,0.0,236.9528601634666
2055-05-20 10:00:00,0.0,198.09428060011732
2055-05-20 11:00:00,0.0,152.05531133484487
2055-05-20 12:00:00,0.0,95.87932131391607
2055-05-20 13:00:00,0.0,37.169076104073184
2055-05-20 14:00:00,0.0,0.0
2055-05-20 15:00:00,0.0,0.0
2055-05-20 16:00:00,0.0,0.0
2055-05-20 17:00:00,0.0,0.0
2055-05-20 18:00:00,0.0,0.0
2055-05-20 19:00:00,0.0,0.0
2055-05-20 20:00:00,0.0,0.0
2055-05-20 21:00:00,0.0,0.0
2055-05-20 22:00:00,0.0,0.0
2055-05-20 23:00:00,0.0,0.0
2055-05-21 00:00:00,0.0,0.0
2055-05-21 01:00:00,0.0,0.0
2055-05-21 02:00:00,0.0,24.920176024321798
2055-05-21 03:00:00,0.0,95.45694544909705
2055-05-21 04:00:00,0.0,172.75172871097652
2055-05-21 05:00:00,0.0,233.57385324491443
2055-05-21 06:00:00,0.0,272.85480867308274
2055-05-21 07:00:00,0.0,290.17221913066226
2055-05-21 08:00:00,0.0,290.59459499548126
2055-05-21 09:00:00,0.0,274.9666879971778
2055-05-21 10:00:00,0.0,241.1766188116567
2055-05-21 11:00:00,0.0,187.957259844461
2055-05-21 12:00:00,0.0,119.53236974378083
2055-05-21 13:00:00,0.0,45.19421753563444
2055-05-21 14:00:00,0.0,0.4223758648190135
2055-05-21 15:00:00,0.0,0.0
2055-05-21 16:00:00,0.0,0.0
2055-05-21 17:00:00,0.0,0.0
2055-05-21 18:00:00,0.0,0.0
2055-05-21 19:00:00,0.0,0.0
2055-05-21 20:00:00,0.0,0.0
2055-05-21 21:00:00,0.0,0.0
2055-05-21 22:00:00,0.0,0.0
2055-05-21 23:00:00,0.0,0.0
2055-05-22 00:00:00,0.0,0.0
2055-05-22 01:00:00,0.0,0.0
2055-05-22 02:00:00,0.0,26.187303618778838
2055-05-22 03:00:00,0.0,90.8108109360879
2055-05-22 04:00:00,0.0,155.43431825339695
2055-05-22 05:00:00,0.0,212.0326841391448
2055-05-22 06:00:00,0.0,261.4506603229693
2055-05-22 07:00:00,0.0,284.6813328880151
2055-05-22 08:00:00,0.0,287.2155880769292
2055-05-22 09:00:00,0.0,268.6310500248926
2055-05-22 10:00:00,0.0,231.46197392081936
2055-05-22 11:00:00,0.0,174.44123217025256
2055-05-22 12:00:00,0.0,103.90446274547733
2055-05-22 13:00:00,0.0,39.280955428168255
2055-05-22 14:00:00,0.0,0.0
2055-05-22 15:00:00,0.0,0.0
2055-05-22 16:00:00,0.0,0.0
2055-05-22 17:00:00,0.0,0.0
2055-05-22 18:00:00,0.0,0.0
2055-05-22 19:00:00,0.0,0.0
2055-05-22 20:00:00,0.0,0.0
2055-05-22 21:00:00,0.0,0.0
2055-05-22 22:00:00,0.0,0.0
2055-05-22 23:00:00,0.0,0.0
2055-05-23 00:00:00,0.0,0.0
2055-05-23 01:00:00,0.0,0.0
2055-05-23 02:00:00,0.0,19.851665646493636
2055-05-23 03:00:00,0.0,77.29478326187947
2055-05-23 04:00:00,0.0,147.4091768218357
2055-05-23 05:00:00,0.0,204.00754270758353
2055-05-23 06:00:00,0.0,248.77938437839896
2055-05-23 07:00:00,0.0,272.4324328082637
2055-05-23 08:00:00,0.0,277.0785673212729
2055-05-23 09:00:00,0.0,261.4506603229693
2055-05-23 10:00:00,0.0,225.97108767817218
2055-05-23 11:00:00,0.0,175.7083597647096
2055-05-23 12:00:00,0.0,112.35198004185759
2055-05-23 13:00:00,0.0,43.9270899411774
2055-05-23 14:00:00,0.0,0.4223758648190135
2055-05-23 15:00:00,0.0,0.0
2055-05-23 16:00:00,0.0,0.0
2055-05-23 17:00:00,0.0,0.0
2055-05-23 18:00:00,0.0,0.0
2055-05-23 19:00:00,0.0,0.0
2055-05-23 20:00:00,0.0,0.0
2055-05-23 21:00:00,0.0,0.0
2055-05-23 22:00:00,0.0,0.0
2055-05-23 23:00:00,0.0,0.0
2055-05-24 00:00:00,0.0,0.0
2055-05-24 01:00:00,0.0,0.0
2055-05-24 02:00:00,0.0,24.920176024321798
2055-05-24 03:00:00,0.0,90.38843507126889
2055-05-24 04:00:00,0.0,159.65807690158707
2055-05-24 05:00:00,0.0,217.52357038179196
2055-05-24 06:00:00,0.0,258.07165340441725
2055-05-24 07:00:00,0.0,278.7680707805489
2055-05-24 08:00:00,0.0,282.56945356392004
2055-05-24 09:00:00,0.0,271.1653052138067
2055-05-24 10:00:00,0.0,236.9528601634666
2055-05-24 11:00:00,0.0,184.5782529259089
2055-05-24 12:00:00,0.0,115.73098696040968
2055-05-24 13:00:00,0.0,43.9270899411774
2055-05-24 14:00:00,0.0,0.4223758648190135
2055-05-24 15:00:00,0.0,0.0
2055-05-24 16:00:00,0.0,0.0
2055-05-24 17:00:00,0.0,0.0
2055-05-24 18:00:00,0.0,0.0
2055-05-24 19:00:00,0.0,0.0
2055-05-24 20:00:00,0.0,0.0
2055-05-24 21:00:00,0.0,0.0
2055-05-24 22:00:00,0.0,0.0
2055-05-24 23:00:00,0.0,0.0
2055-05-25 00:00:00,0.0,0.0
2055-05-25 01:00:00,0.0,0.0
2055-05-25 02:00:00,0.0,26.609679483597848
2055-05-25 03:00:00,0.0,95.87932131391607
2055-05-25 04:00:00,0.0,168.10559419796738
2055-05-25 05:00:00,0.0,224.28158421889617
2055-05-25 06:00:00,0.0,266.94154656561653
2055-05-25 07:00:00,0.0,286.7932122121102
2055-05-25 08:00:00,0.0,288.90509153620525
2055-05-25 09:00:00,0.0,273.69956040272075
2055-05-25 10:00:00,0.0,239.48711535238067
2055-05-25 11:00:00,0.0,186.69013225000396
2055-05-25 12:00:00,0.0,117.84286628450477
2055-05-25 13:00:00,0.0,45.19421753563444
2055-05-25 14:00:00,0.0,0.844751729638027
2055-05-25 15:00:00,0.0,0.0
2055-05-25 16:00:00,0.0,0.0
2055-05-25 17:00:00,0.0,0.0
2055-05-25 18:00:00,0.0,0.0
2055-05-25 19:00:00,0.0,0.0
2055-05-25 20:00:00,0.0,0.0
2055-05-25 21:00:00,0.0,0.0
2055-05-25 22:00:00,0.0,0.0
2055-05-25 23:00:00,0.0,0.0
2055-05-26 00:00:00,0.0,0.0
2055-05-26 01:00:00,0.0,0.0
2055-05-26 02:00:00,0.0,27.032055348416865
2055-05-26 03:00:00,0.0,96.30169717873508
2055-05-26 04:00:00,0.0,165.5713390090533
2055-05-26 05:00:00,0.0,221.74732902998207
2055-05-26 06:00:00,0.0,265.25204310634047
2055-05-26 07:00:00,0.0,287.6379639417482
2055-05-26 08:00:00,0.0,291.4393467251193
2055-05-26 09:00:00,0.0,274.12193626753975
2055-05-26 10:00:00,0.0,238.64236362274264
2055-05-26 11:00:00,0.0,185.00062879072792
2055-05-26 12:00:00,0.0,117.84286628450477
2055-05-26 13:00:00,0.0,46.46134513009148
2055-05-26 14:00:00,0.0,0.844751729638027
2055-05-26 15:00:00,0.0,0.0
2055-05-26 16:00:00,0.0,0.0
2055-05-26 17:00:00,0.0,0.0
2055-05-26 18:00:00,0.0,0.0
2055-05-26 19:00:00,0.0,0.0
2055-05-26 20:00:00,0.0,0.0
2055-05-26 21:00:00,0.0,0.0
2055-05-26 22:00:00,0.0,0.0
2055-05-26 23:00:00,0.0,0.0
2055-05-27 00:00:00,0.0,0.0
2055-05-27 01:00:00,0.0,0.0
2055-05-27 02:00:00,0.0,26.187303618778838
2055-05-27 03:00:00,0.0,91.65556266572592
2055-05-27 04:00:00,0.0,160.92520449604413
2055-05-27 05:00:00,0.0,220.48020143552503
2055-05-27 06:00:00,0.0,265.6744189711595
2055-05-27 07:00:00,0.0,290.59459499548126
2055-05-27 08:00:00,0.0,296.0854812381284
2055-05-27 09:00:00,0.0,282.147077699101
2055-05-27 10:00:00,0.0,248.35700851357993
2055-05-27 11:00:00,0.0,194.7152736815652
2055-05-27 12:00:00,0.0,124.17850425678996
2055-05-27 13:00:00,0.0,47.728472724548524
2055-05-27 14:00:00,0.0,0.844751729638027
2055-05-27 15:00:00,0.0,0.0
2055-05-27 16:00:00,0.0,0.0
2055-05-27 17:00:00,0.0,0.0
2055-05-27 18:00:00,0.0,0.0
2055-05-27 19:00:00,0.0,0.0
2055-05-27 20:00:00,0.0,0.0
2055-05-27 21:00:00,0.0,0.0
2055-05-27 22:00:00,0.0,0.0
2055-05-27 23:00:00,0.0,0.0
2055-05-28 00:00:00,0.0,0.0
2055-05-28 01:00:00,0.0,0.0
2055-05-28 02:00:00,0.0,25.76492775395982
2055-05-28 03:00:00,0.0,92.50031439536396
2055-05-28 04:00:00,0.0,167.26084246832934
2055-05-28 05:00:00,0.0,230.61722219118138
2055-05-28 06:00:00,0.0,272.4324328082637
2055-05-28 07:00:00,0.0,293.1288501843954
2055-05-28 08:00:00,0.0,294.8183536436714
2055-05-28 09:00:00,0.0,279.19044664536796
2055-05-28 10:00:00,0.0,246.24512918948486
2055-05-28 11:00:00,0.0,191.75864262783213
2055-05-28 12:00:00,0.0,114.88623523077167
2055-05-28 13:00:00,0.0,41.815210617082336
2055-05-28 14:00:00,0.0,0.844751729638027
2055-05-28 15:00:00,0.0,0.0
2055-05-28 16:00:00,0.0,0.0
2055-05-28 17:00:00,0.0,0.0
2055-05-28 18:00:00,0.0,0.0
2055-05-28 19:00:00,0.0,0.0
2055-05-28 20:00:00,0.0,0.0
2055-05-28 21:00:00,0.0,0.0
2055-05-28 22:00:00,0.0,0.0
2055-05-28 23:00:00,0.0,0.0
2055-05-29 00:00:00,0.0,0.0
2055-05-29 01:00:00,0.0,0.0
2055-05-29 02:00:00,0.0,26.187303618778838
2055-05-29 03:00:00,0.0,91.65556266572592
2055-05-29 04:00:00,0.0,154.16719065893992
2055-05-29 05:00:00,0.0,212.0326841391448
2055-05-29 06:00:00,0.0,247.93463264876095
2055-05-29 07:00:00,0.0,274.54431213235875
2055-05-29 08:00:00,0.0,280.0351983750059
2055-05-29 09:00:00,0.0,266.94154656561653
2055-05-29 10:00:00,0.0,234.41860497455252
2055-05-29 11:00:00,0.0,183.31112533145185
2055-05-29 12:00:00,0.0,116.57573869004773
2055-05-29 13:00:00,0.0,46.03896926527247
2055-05-29 14:00:00,0.0,1.2671275944570404
2055-05-29 15:00:00,0.0,0.0
2055-05-29 16:00:00,0.0,0.0
2055-05-29 17:00:00,0.0,0.0
2055-05-29 18:00:00,0.0,0.0
2055-05-29 19:00:00,0.0,0.0
2055-05-29 20:00:00,0.0,0.0
2055-05-29 21:00:00,0.0,0.0
2055-05-29 22:00:00,0.0,0.0
2055-05-29 23:00:00,0.0,0.0
2055-05-30 00:00:00,0.0,0.0
2055-05-30 01:00:00,0.0,0.0
2055-05-30 02:00:00,0.0,27.876807078054888
2055-05-30 03:00:00,0.0,93.34506612500198
2055-05-30 04:00:00,0.0,163.45945968495823
2055-05-30 05:00:00,0.0,220.48020143552503
2055-05-30 06:00:00,0.0,260.6059085933313
2055-05-30 07:00:00,0.0,281.72470183428203
2055-05-30 08:00:00,0.0,285.1037087528341
2055-05-30 09:00:00,0.0,270.3205534841686
2055-05-30 10:00:00,0.0,236.9528601634666
2055-05-30 11:00:00,0.0,185.42300465554692
2055-05-30 12:00:00,0.0,117.84286628450477
2055-05-30 13:00:00,0.0,45.61659340045345
2055-05-30 14:00:00,0.0,0.844751729638027
2055-05-30 15:00:00,0.0,0.0
2055-05-30 16:00:00,0.0,0.0
2055-05-30 17:00:00,0.0,0.0
2055-05-30 18:00:00,0.0,0.0
2055-05-30 19:00:00,0.0,0.0
2055-05-30 20:00:00,0.0,0.0
2055-05-30 21:00:00,0.0,0.0
2055-05-30 22:00:00,0.0,0.0
2055-05-30 23:00:00,0.0,0.0
2055-05-31 00:00:00,0.0,0.0
2055-05-31 01:00:00,0.0,0.0
2055-05-31 02:00:00,0.0,25.34255188914081
2055-05-31 03:00:00,0.0,82.78566950452665
2055-05-31 04:00:00,0.0,134.7379008772653
2055-05-31 05:00:00,0.0,181.6216218721758
2055-05-31 06:00:00,0.0,223.85920835407714
2055-05-31 07:00:00,0.0,244.5556257302088
2055-05-31 08:00:00,0.0,242.02137054129471
2055-05-31 09:00:00,0.0,213.2998117336018
2055-05-31 10:00:00,0.0,173.59648044061453
2055-05-31 11:00:00,0.0,127.55751117534209
2055-05-31 12:00:00,0.0,76.87240739706046
2055-05-31 13:00:00,0.0,30.411062266968973
2055-05-31 14:00:00,0.0,0.0
2055-05-31 15:00:00,0.0,0.0
2055-05-31 16:00:00,0.0,0.0
2055-05-31 17:00:00,0.0,0.0
2055-05-31 18:00:00,0.0,0.0
2055-05-31 19:00:00,0.0,0.0
2055-05-31 20:00:00,0.0,0.0
2055-05-31 21:00:00,0.0,0.0
2055-05-31 22:00:00,0.0,0.0
2055-05-31 23:00:00,0.0,0.0
2055-06-01 00:00:00,0.0,0.0
2055-06-01 01:00:00,0.0,0.0
2055-06-01 02:00:00,0.0,23.653048429864754
2055-06-01 03:00:00,0.0,80.25141431561256
2055-06-01 04:00:00,0.0,136.00502847172237
2055-06-01 05:00:00,0.0,184.5782529259089
2055-06-01 06:00:00,0.0,221.74732902998207
2055-06-01 07:00:00,0.0,234.41860497455252
2055-06-01 08:00:00,0.0,223.4368324892581
2055-06-01 09:00:00,0.0,202.7404151131265
2055-06-01 10:00:00,0.0,174.01885630543356
2055-06-01 11:00:00,0.0,140.22878711991248
2055-06-01 12:00:00,0.0,97.99120063801112
2055-06-01 13:00:00,0.0,42.237586481901346
2055-06-01 14:00:00,0.0,1.2671275944570404
2055-06-01 15:00:00,0.0,0.0
2055-06-01 16:00:00,0.0,0.0
2055-06-01 17:00:00,0.0,0.0
2055-06-01 18:00:00,0.0,0.0
2055-06-01 19:00:00,0.0,0.0
2055-06-01 20:00:00,0.0,0.0
2055-06-01 21:00:00,0.0,0.0
2055-06-01 22:00:00,0.0,0.0
2055-06-01 23:00:00,0.0,0.0
2055-06-02 00:00:00,0.0,0.0
2055-06-02 01:00:00,0.0,0.0
2055-06-02 02:00:00,0.0,17.317410457579555
2055-06-02 03:00:00,0.0,59.97737280429991
2055-06-02 04:00:00,0.0,108.55059725848646
2055-06-02 05:00:00,0.0,159.2357010367681
2055-06-02 06:00:00,0.0,205.27467030204056
2055-06-02 07:00:00,0.0,228.92771873190534
2055-06-02 08:00:00,0.0,228.0829670022673
2055-06-02 09:00:00,0.0,214.56693932805885
2055-06-02 10:00:00,0.0,181.6216218721758
2055-06-02 11:00:00,0.0,136.00502847172237
2055-06-02 12:00:00,0.0,88.69893161199283
2055-06-02 13:00:00,0.0,39.70333129298727
2055-06-02 14:00:00,0.0,1.2671275944570404
2055-06-02 15:00:00,0.0,0.0
2055-06-02 16:00:00,0.0,0.0
2055-06-02 17:00:00,0.0,0.0
2055-06-02 18:00:00,0.0,0.0
2055-06-02 19:00:00,0.0,0.0
2055-06-02 20:00:00,0.0,0.0
2055-06-02 21:00:00,0.0,0.0
2055-06-02 22:00:00,0.0,0.0
2055-06-02 23:00:00,0.0,0.0
2055-06-03 00:00:00,0.0,0.0
2055-06-03 01:00:00,0.0,0.0
2055-06-03 02:00:00,0.0,23.653048429864754
2055-06-03 03:00:00,0.0,84.05279709898369
2055-06-03 04:00:00,0.0,155.85669411821596
2055-06-03 05:00:00,0.0,215.41169105769688
2055-06-03 06:00:00,0.0,259.33878099887426
2055-06-03 07:00:00,0.0,280.45757423982496
2055-06-03 08:00:00,0.0,282.147077699101
2055-06-03 09:00:00,0.0,266.94154656561653
2055-06-03 10:00:00,0.0,232.30672565045745
2055-06-03 11:00:00,0.0,180.35449427771874
2055-06-03 12:00:00,0.0,113.61910763631462
2055-06-03 13:00:00,0.0,45.19421753563444
2055-06-03 14:00:00,0.0,1.2671275944570404
2055-06-03 15:00:00,0.0,0.0
2055-06-03 16:00:00,0.0,0.0
2055-06-03 17:00:00,0.0,0.0
2055-06-03 18:00:00,0.0,0.0
2055-06-03 19:00:00,0.0,0.0
2055-06-03 20:00:00,0.0,0.0
2055-06-03 21:00:00,0.0,0.0
2055-06-03 22:00:00,0.0,0.0
2055-06-03 23:00:00,0.0,0.0
2055-06-04 00:00:00,0.0,0.0
2055-06-04 01:00:00,0.0,0.0
2055-06-04 02:00:00,0.0,24.920176024321798
2055-06-04 03:00:00,0.0,87.43180401753578
2055-06-04 04:00:00,0.0,156.279069983035
2055-06-04 05:00:00,0.0,214.14456346323985
2055-06-04 06:00:00,0.0,258.07165340441725
2055-06-04 07:00:00,0.0,282.147077699101
2055-06-04 08:00:00,0.0,286.7932122121102
2055-06-04 09:00:00,0.0,272.85480867308274
2055-06-04 10:00:00,0.0,239.06473948756167
2055-06-04 11:00:00,0.0,186.26775638518495
2055-06-04 12:00:00,0.0,118.68761801414279
2055-06-04 13:00:00,0.0,46.8837209949105
2055-06-04 14:00:00,0.0,1.2671275944570404
2055-06-04 15:00:00,0.0,0.0
2055-06-04 16:00:00,0.0,0.0
2055-06-04 17:00:00,0.0,0.0
2055-06-04 18:00:00,0.0,0.0
2055-06-04 19:00:00,0.0,0.0
2055-06-04 20:00:00,0.0,0.0
2055-06-04 21:00:00,0.0,0.0
2055-06-04 22:00:00,0.0,0.0
2055-06-04 23:00:00,0.0,0.0
2055-06-05 00:00:00,0.0,0.0
2055-06-05 01:00:00,0.0,0.0
2055-06-05 02:00:00,0.0,27.45443121323588
2055-06-05 03:00:00,0.0,89.12130747681184
2055-06-05 04:00:00,0.0,150.3658078755688
2055-06-05 05:00:00,0.0,206.5417978964976
2055-06-05 06:00:00,0.0,250.46888783767497
2055-06-05 07:00:00,0.0,273.69956040272075
2055-06-05 08:00:00,0.0,274.12193626753975
2055-06-05 09:00:00,0.0,256.3821499451412
2055-06-05 10:00:00,0.0,211.18793240950674
2055-06-05 11:00:00,0.0,155.85669411821596
2055-06-05 12:00:00,0.0,99.68070409728719
2055-06-05 13:00:00,0.0,45.61659340045345
2055-06-05 14:00:00,0.0,1.689503459276054
2055-06-05 15:00:00,0.0,0.0
2055-06-05 16:00:00,0.0,0.0
2055-06-05 17:00:00,0.0,0.0
2055-06-05 18:00:00,0.0,0.0
2055-06-05 19:00:00,0.0,0.0
2055-06-05 20:00:00,0.0,0.0
2055-06-05 21:00:00,0.0,0.0
2055-06-05 22:00:00,0.0,0.0
2055-06-05 23:00:00,0.0,0.0
2055-06-06 00:00:00,0.0,0.0
2055-06-06 01:00:00,0.0,0.0
2055-06-06 02:00:00,0.0,25.76492775395982
2055-06-06 03:00:00,0.0,79.82903845079353
2055-06-06 04:00:00,0.0,134.3155250124463
2055-06-06 05:00:00,0.0,183.73350119627088
2055-06-06 06:00:00,0.0,224.70396008371517
2055-06-06 07:00:00,0.0,248.35700851357993
2055-06-06 08:00:00,0.0,255.53739821550315
2055-06-06 09:00:00,0.0,245.40037745984682
2055-06-06 10:00:00,0.0,217.10119451697292
2055-06-06 11:00:00,0.0,172.75172871097652
2055-06-06 12:00:00,0.0,111.92960417703857
2055-06-06 13:00:00,0.0,46.46134513009148
2055-06-06 14:00:00,0.0,1.689503459276054
2055-06-06 15:00:00,0.0,0.0
2055-06-06 16:00:00,0.0,0.0
2055-06-06 17:00:00,0.0,0.0
2055-06-06 18:00:00,0.0,0.0
2055-06-06 19:00:00,0.0,0.0
2055-06-06 20:00:00,0.0,0.0
2055-06-06 21:00:00,0.0,0.0
2055-06-06 22:00:00,0.0,0.0
2055-06-06 23:00:00,0.0,0.0
2055-06-07 00:00:00,0.0,0.0
2055-06-07 01:00:00,0.0,0.0
2055-06-07 02:00:00,0.0,24.497800159502784
2055-06-07 03:00:00,0.0,74.33815220814637
2055-06-07 04:00:00,0.0,120.37712147341884
2055-06-07 05:00:00,0.0,157.54619757749202
2055-06-07 06:00:00,0.0,188.80201157409905
2055-06-07 07:00:00,0.0,210.3431806798687
2055-06-07 08:00:00,0.0,217.94594624661096
2055-06-07 09:00:00,0.0,205.69704616685956
2055-06-07 10:00:00,0.0,179.93211841289974
2055-06-07 11:00:00,0.0,139.80641125509348
2055-06-07 12:00:00,0.0,87.43180401753578
2055-06-07 13:00:00,0.0,33.79006918552108
2055-06-07 14:00:00,0.0,0.4223758648190135
2055-06-07 15:00:00,0.0,0.0
2055-06-07 16:00:00,0.0,0.0
2055-06-07 17:00:00,0.0,0.0
2055-06-07 18:00:00,0.0,0.0
2055-06-07 19:00:00,0.0,0.0
2055-06-07 20:00:00,0.0,0.0
2055-06-07 21:00:00,0.0,0.0
2055-06-07 22:00:00,0.0,0.0
2055-06-07 23:00:00,0.0,0.0
2055-06-08 00:00:00,0.0,0.0
2055-06-08 01:00:00,0.0,0.0
2055-06-08 02:00:00,0.0,21.118793240950673
2055-06-08 03:00:00,0.0,74.76052807296539
2055-06-08 04:00:00,0.0,140.6511629847315
2055-06-08 05:00:00,0.0,195.56002541120324
2055-06-08 06:00:00,0.0,237.37523602828557
2055-06-08 07:00:00,0.0,262.2954120526074
2055-06-08 08:00:00,0.0,268.2086741600736
2055-06-08 09:00:00,0.0,253.8478947562271
2055-06-08 10:00:00,0.0,222.59208075962013
2055-06-08 11:00:00,0.0,173.17410457579552
2055-06-08 12:00:00,0.0,111.50722831221955
2055-06-08 13:00:00,0.0,46.46134513009148
2055-06-08 14:00:00,0.0,1.689503459276054
2055-06-08 15:00:00,0.0,0.0
2055-06-08 16:00:00,0.0,0.0
2055-06-08 17:00:00,0.0,0.0
2055-06-08 18:00:00,0.0,0.0
2055-06-08 19:00:00,0.0,0.0
2055-06-08 20:00:00,0.0,0.0
2055-06-08 21:00:00,0.0,0.0
2055-06-08 22:00:00,0.0,0.0
2055-06-08 23:00:00,0.0,0.0
2055-06-09 00:00:00,0.0,0.0
2055-06-09 01:00:00,0.0,0.0
2055-06-09 02:00:00,0.0,27.876807078054888
2055-06-09 03:00:00,0.0,93.34506612500198
2055-06-09 04:00:00,0.0,162.19233209050117
2055-06-09 05:00:00,0.0,215.41169105769688
2055-06-09 06:00:00,0.0,252.58076716177004
2055-06-09 07:00:00,0.0,272.85480867308274
2055-06-09 08:00:00,0.0,274.54431213235875
2055-06-09 09:00:00,0.0,258.91640513405525
2055-06-09 10:00:00,0.0,226.3934635429912
2055-06-09 11:00:00,0.0,175.7083597647096
2055-06-09 12:00:00,0.0,111.50722831221955
2055-06-09 13:00:00,0.0,45.19421753563444
2055-06-09 14:00:00,0.0,1.689503459276054
2055-06-09 15:00:00,0.0,0.0
2055-06-09 16:00:00,0.0,0.0
2055-06-09 17:00:00,0.0,0.0
2055-06-09 18:00:00,0.0,0.0
2055-06-09 19:00:00,0.0,0.0
2055-06-09 20:00:00,0.0,0.0
2055-06-09 21:00:00,0.0,0.0
2055-06-09 22:00:00,0.0,0.0
2055-06-09 23:00:00,0.0,0.0
2055-06-10 00:00:00,0.0,0.0
2055-06-10 01:00:00,0.0,0.0
2055-06-10 02:00:00,0.0,27.45443121323588
2055-06-10 03:00:00,0.0,91.65556266572592
2055-06-10 04:00:00,0.0,154.58956652375895
2055-06-10 05:00:00,0.0,209.4984289502307
2055-06-10 06:00:00,0.0,249.20176024321796
2055-06-10 07:00:00,0.0,266.94154656561653
2055-06-10 08:00:00,0.0,266.94154656561653
2055-06-10 09:00:00,0.0,247.51225678394192
2055-06-10 10:00:00,0.0,212.87743586878278
2055-06-10 11:00:00,0.0,162.6147079553202
2055-06-10 12:00:00,0.0,100.52545582692521
2055-06-10 13:00:00,0.0,40.54808302262529
2055-06-10 14:00:00,0.0,1.2671275944570404
2055-06-10 15:00:00,0.0,0.0
2055-06-10 16:00:00,0.0,0.0
2055-06-10 17:00:00,0.0,0.0
2055-06-10 18:00:00,0.0,0.0
2055-06-10 19:00:00,0.0,0.0
2055-06-10 20:00:00,0.0,0.0
2055-06-10 21:00:00,0.0,0.0
2055-06-10 22:00:00,0.0,0.0
2055-06-10 23:00:00,0.0,0.0
2055-06-11 00:00:00,0.0,0.0
2055-06-11 01:00:00,0.0,0.0
2055-06-11 02:00:00,0.0,24.497800159502784
2055-06-11 03:00:00,0.0,81.09616604525058
2055-06-11 04:00:00,0.0,137.69453193099838
2055-06-11 05:00:00,0.0,195.56002541120324
2055-06-11 06:00:00,0.0,241.59899467647574
2055-06-11 07:00:00,0.0,261.0282844581503
2055-06-11 08:00:00,0.0,265.25204310634047
2055-06-11 09:00:00,0.0,251.73601543213204
2055-06-11 10:00:00,0.0,213.72218759842082
2055-06-11 11:00:00,0.0,164.30421141459624
2055-06-11 12:00:00,0.0,102.21495928620126
2055-06-11 13:00:00,0.0,42.65996234672037
2055-06-11 14:00:00,0.0,1.2671275944570404
2055-06-11 15:00:00,0.0,0.0
2055-06-11 16:00:00,0.0,0.0
2055-06-11 17:00:00,0.0,0.0
2055-06-11 18:00:00,0.0,0.0
2055-06-11 19:00:00,0.0,0.0
2055-06-11 20:00:00,0.0,0.0
2055-06-11 21:00:00,0.0,0.0
2055-06-11 22:00:00,0.0,0.0
2055-06-11 23:00:00,0.0,0.0
2055-06-12 00:00:00,0.0,0.0
2055-06-12 01:00:00,0.0,0.0
2055-06-12 02:00:00,0.0,23.653048429864754
2055-06-12 03:00:00,0.0,73.49340047850835
2055-06-12 04:00:00,0.0,132.20364568835123
2055-06-12 05:00:00,0.0,190.06913916855606
2055-06-12 06:00:00,0.0,228.0829670022673
2055-06-12 07:00:00,0.0,251.31363956731303
2055-06-12 08:00:00,0.0,255.95977408032215
2055-06-12 09:00:00,0.0,242.44374640611372
2055-06-12 10:00:00,0.0,204.00754270758353
2055-06-12 11:00:00,0.0,148.2539285514737
2055-06-12 12:00:00,0.0,89.96605920644987
2055-06-12 13:00:00,0.0,35.90194850961615
2055-06-12 14:00:00,0.0,0.844751729638027
2055-06-12 15:00:00,0.0,0.0
2055-06-12 16:00:00,0.0,0.0
2055-06-12 17:00:00,0.0,0.0
2055-06-12 18:00:00,0.0,0.0
2055-06-12 19:00:00,0.0,0.0
2055-06-12 20:00:00,0.0,0.0
2055-06-12 21:00:00,0.0,0.0
2055-06-12 22:00:00,0.0,0.0
2055-06-12 23:00:00,0.0,0.0
2055-06-13 00:00:00,0.0,0.0
2055-06-13 01:00:00,0.0,0.0
2055-06-13 02:00:00,0.0,19.00691391685561
2055-06-13 03:00:00,0.0,72.64864874887031
2055-06-13 04:00:00,0.0,132.20364568835123
2055-06-13 05:00:00,0.0,179.93211841289974
2055-06-13 06:00:00,0.0,208.65367722059264
2055-06-13 07:00:00,0.0,232.72910151527643
2055-06-13 08:00:00,0.0,238.2199877579236
2055-06-13 09:00:00,0.0,230.19484632636235
2055-06-13 10:00:00,0.0,199.36140819457438
2055-06-13 11:00:00,0.0,150.3658078755688
2055-06-13 12:00:00,0.0,95.03456958427803
2055-06-13 13:00:00,0.0,39.280955428168255
2055-06-13 14:00:00,0.0,1.2671275944570404
2055-06-13 15:00:00,0.0,0.0
2055-06-13 16:00:00,0.0,0.0
2055-06-13 17:00:00,0.0,0.0
2055-06-13 18:00:00,0.0,0.0
2055-06-13 19:00:00,0.0,0.0
2055-06-13 20:00:00,0.0,0.0
2055-06-13 21:00:00,0.0,0.0
2055-06-13 22:00:00,0.0,0.0
2055-06-13 23:00:00,0.0,0.0
2055-06-14 00:00:00,0.0,0.0
2055-06-14 01:00:00,0.0,0.0
2055-06-14 02:00:00,0.0,20.274041511312646
2055-06-14 03:00:00,0.0,70.53676942477524
2055-06-14 04:00:00,0.0,124.17850425678996
2055-06-14 05:00:00,0.0,170.63984938688148
2055-06-14 06:00:00,0.0,212.45506000396375
2055-06-14 07:00:00,0.0,235.26335670419053
2055-06-14 08:00:00,0.0,228.92771873190534
2055-06-14 09:00:00,0.0,212.0326841391448
2055-06-14 10:00:00,0.0,182.4663736018138
2055-06-14 11:00:00,0.0,141.0735388495505
2055-06-14 12:00:00,0.0,87.00942815271678
2055-06-14 13:00:00,0.0,35.05719677997812
2055-06-14 14:00:00,0.0,0.844751729638027
2055-06-14 15:00:00,0.0,0.0
2055-06-14 16:00:00,0.0,0.0
2055-06-14 17:00:00,0.0,0.0
2055-06-14 18:00:00,0.0,0.0
2055-06-14 19:00:00,0.0,0.0
2055-06-14 20:00:00,0.0,0.0
2055-06-14 21:00:00,0.0,0.0
2055-06-14 22:00:00,0.0,0.0
2055-06-14 23:00:00,0.0,0.0
2055-06-15 00:00:00,0.0,0.0
2055-06-15 01:00:00,0.0,0.0
2055-06-15 02:00:00,0.0,22.385920835407713
2055-06-15 03:00:00,0.0,73.91577634332737
2055-06-15 04:00:00,0.0,129.66939049943713
2055-06-15 05:00:00,0.0,181.19924600735678
2055-06-15 06:00:00,0.0,212.87743586878278
2055-06-15 07:00:00,0.0,222.1697048948011
2055-06-15 08:00:00,0.0,212.45506000396375
2055-06-15 09:00:00,0.0,192.60339435747017
2055-06-15 10:00:00,0.0,168.10559419796738
2055-06-15 11:00:00,0.0,131.7812698235322
2055-06-15 12:00:00,0.0,81.51854191006962
2055-06-15 13:00:00,0.0,32.94531745588305
2055-06-15 14:00:00,0.0,0.4223758648190135
2055-06-15 15:00:00,0.0,0.0
2055-06-15 16:00:00,0.0,0.0
2055-06-15 17:00:00,0.0,0.0
2055-06-15 18:00:00,0.0,0.0
2055-06-15 19:00:00,0.0,0.0
2055-06-15 20:00:00,0.0,0.0
2055-06-15 21:00:00,0.0,0.0
2055-06-15 22:00:00,0.0,0.0
2055-06-15 23:00:00,0.0,0.0
2055-06-16 00:00:00,0.0,0.0
2055-06-16 01:00:00,0.0,0.0
2055-06-16 02:00:00,0.0,14.36077940384646
2055-06-16 03:00:00,0.0,48.15084858936754
2055-06-16 04:00:00,0.0,85.31992469344074
2055-06-16 05:00:00,0.0,122.06662493269488
2055-06-16 06:00:00,0.0,141.0735388495505
2055-06-16 07:00:00,0.0,141.49591471436952
2055-06-16 08:00:00,0.0,119.95474560859982
2055-06-16 09:00:00,0.0,97.99120063801112
2055-06-16 10:00:00,0.0,80.67379018043158
2055-06-16 11:00:00,0.0,57.02074175056683
2055-06-16 12:00:00,0.0,26.187303618778838
2055-06-16 13:00:00,0.0,6.758013837104216
2055-06-16 14:00:00,0.0,0.0
2055-06-16 15:00:00,0.0,0.0
2055-06-16 16:00:00,0.0,0.0
2055-06-16 17:00:00,0.0,0.0
2055-06-16 18:00:00,0.0,0.0
2055-06-16 19:00:00,0.0,0.0
2055-06-16 20:00:00,0.0,0.0
2055-06-16 21:00:00,0.0,0.0
2055-06-16 22:00:00,0.0,0.0
2055-06-16 23:00:00,0.0,0.0
2055-06-17 00:00:00,0.0,0.0
2055-06-17 01:00:00,0.0,0.0
2055-06-17 02:00:00,0.0,19.00691391685561
2055-06-17 03:00:00,0.0,65.8906349117661
2055-06-17 04:00:00,0.0,116.99811455486673
2055-06-17 05:00:00,0.0,163.45945968495823
2055-06-17 06:00:00,0.0,211.18793240950674
2055-06-17 07:00:00,0.0,233.99622910973346
2055-06-17 08:00:00,0.0,240.33186708201868
2055-06-17 09:00:00,0.0,227.23821527262925
2055-06-17 10:00:00,0.0,202.31803924830746
2055-06-17 11:00:00,0.0,156.279069983035
2055-06-17 12:00:00,0.0,97.99120063801112
2055-06-17 13:00:00,0.0,39.70333129298727
2055-06-17 14:00:00,0.0,1.2671275944570404
2055-06-17 15:00:00,0.0,0.0
2055-06-17 16:00:00,0.0,0.0
2055-06-17 17:00:00,0.0,0.0
2055-06-17 18:00:00,0.0,0.0
2055-06-17 19:00:00,0.0,0.0
2055-06-17 20:00:00,0.0,0.0
2055-06-17 21:00:00,0.0,0.0
2055-06-17 22:00:00,0.0,0.0
2055-06-17 23:00:00,0.0,0.0
2055-06-18 00:00:00,0.0,0.0
2055-06-18 01:00:00,0.0,0.0
2055-06-18 02:00:00,0.0,21.118793240950673
2055-06-18 03:00:00,0.0,76.45003153224143
2055-06-18 04:00:00,0.0,144.45254576810262
2055-06-18 05:00:00,0.0,204.00754270758353
2055-06-18 06:00:00,0.0,248.35700851357993
2055-06-18 07:00:00,0.0,269.8981776193496
2055-06-18 08:00:00,0.0,269.4758017545306
2055-06-18 09:00:00,0.0,259.33878099887426
2055-06-18 10:00:00,0.0,221.74732902998207
2055-06-18 11:00:00,0.0,164.30421141459624
2055-06-18 12:00:00,0.0,102.63733515102028
2055-06-18 13:00:00,0.0,40.54808302262529
2055-06-18 14:00:00,0.0,1.2671275944570404
2055-06-18 15:00:00,0.0,0.0
2055-06-18 16:00:00,0.0,0.0
2055-06-18 17:00:00,0.0,0.0
2055-06-18 18:00:00,0.0,0.0
2055-06-18 19:00:00,0.0,0.0
2055-06-18 20:00:00,0.0,0.0
2055-06-18 21:00:00,0.0,0.0
2055-06-18 22:00:00,0.0,0.0
2055-06-18 23:00:00,0.0,0.0
2055-06-19 00:00:00,0.0,0.0
2055-06-19 01:00:00,0.0,0.0
2055-06-19 02:00:00,0.0,26.609679483597848
2055-06-19 03:00:00,0.0,90.8108109360879
2055-06-19 04:00:00,0.0,159.65807690158707
2055-06-19 05:00:00,0.0,215.41169105769688
2055-06-19 06:00:00,0.0,253.8478947562271
2055-06-19 07:00:00,0.0,272.01005694344474
2055-06-19 08:00:00,0.0,272.4324328082637
2055-06-19 09:00:00,0.0,256.8045258099602
2055-06-19 10:00:00,0.0,223.85920835407714
2055-06-19 11:00:00,0.0,173.59648044061453
2055-06-19 12:00:00,0.0,108.97297312330548
2055-06-19 13:00:00,0.0,43.9270899411774
2055-06-19 14:00:00,0.0,1.689503459276054
2055-06-19 15:00:00,0.0,0.0
2055-06-19 16:00:00,0.0,0.0
2055-06-19 17:00:00,0.0,0.0
2055-06-19 18:00:00,0.0,0.0
2055-06-19 19:00:00,0.0,0.0
2055-06-19 20:00:00,0.0,0.0
2055-06-19 21:00:00,0.0,0.0
2055-06-19 22:00:00,0.0,0.0
2055-06-19 23:00:00,0.0,0.0
2055-06-20 00:00:00,0.0,0.0
2055-06-20 01:00:00,0.0,0.0
2055-06-20 02:00:00,0.0,27.876807078054888
2055-06-20 03:00:00,0.0,98.83595236764914
2055-06-20 04:00:00,0.0,172.3293528461575
2055-06-20 05:00:00,0.0,230.19484632636235
2055-06-20 06:00:00,0.0,268.2086741600736
2055-06-20 07:00:00,0.0,287.2155880769292
2055-06-20 08:00:00,0.0,288.90509153620525
2055-06-20 09:00:00,0.0,272.01005694344474
2055-06-20 10:00:00,0.0,235.68573256900953
2055-06-20 11:00:00,0.0,179.0873666832617
2055-06-20 12:00:00,0.0,108.55059725848646
2055-06-20 13:00:00,0.0,40.54808302262529
2055-06-20 14:00:00,0.0,0.844751729638027
2055-06-20 15:00:00,0.0,0.0
2055-06-20 16:00:00,0.0,0.0
2055-06-20 17:00:00,0.0,0.0
2055-06-20 18:00:00,0.0,0.0
2055-06-20 19:00:00,0.0,0.0
2055-06-20 20:00:00,0.0,0.0
2055-06-20 21:00:00,0.0,0.0
2055-06-20 22:00:00,0.0,0.0
2055-06-20 23:00:00,0.0,0.0
2055-06-21 00:00:00,0.0,0.0
2055-06-21 01:00:00,0.0,0.0
2055-06-21 02:00:00,0.0,21.118793240950673
2055-06-21 03:00:00,0.0,76.87240739706046
2055-06-21 04:00:00,0.0,141.91829057918852
2055-06-21 05:00:00,0.0,197.67190473529828
2055-06-21 06:00:00,0.0,257.64927753959824
2055-06-21 07:00:00,0.0,277.0785673212729
2055-06-21 08:00:00,0.0,278.34569491572995
2055-06-21 09:00:00,0.0,261.0282844581503
2055-06-21 10:00:00,0.0,225.97108767817218
2055-06-21 11:00:00,0.0,173.59648044061453
2055-06-21 12:00:00,0.0,109.3953489881245
2055-06-21 13:00:00,0.0,43.9270899411774
2055-06-21 14:00:00,0.0,1.689503459276054
2055-06-21 15:00:00,0.0,0.0
2055-06-21 16:00:00,0.0,0.0
2055-06-21 17:00:00,0.0,0.0
2055-06-21 18:00:00,0.0,0.0
2055-06-21 19:00:00,0.0,0.0
2055-06-21 20:00:00,0.0,0.0
2055-06-21 21:00:00,0.0,0.0
2055-06-21 22:00:00,0.0,0.0
2055-06-21 23:00:00,0.0,0.0
2055-06-22 00:00:00,0.0,0.0
2055-06-22 01:00:00,0.0,0.0
2055-06-22 02:00:00,0.0,27.032055348416865
2055-06-22 03:00:00,0.0,94.18981785464001
2055-06-22 04:00:00,0.0,165.5713390090533
2055-06-22 05:00:00,0.0,223.4368324892581
2055-06-22 06:00:00,0.0,261.87303618778833
2055-06-22 07:00:00,0.0,281.302325969463
2055-06-22 08:00:00,0.0,282.56945356392004
2055-06-22 09:00:00,0.0,267.36392243043554
2055-06-22 10:00:00,0.0,233.15147738009546
2055-06-22 11:00:00,0.0,181.19924600735678
2055-06-22 12:00:00,0.0,114.46385936595267
2055-06-22 13:00:00,0.0,46.03896926527247
2055-06-22 14:00:00,0.0,1.689503459276054
2055-06-22 15:00:00,0.0,0.0
2055-06-22 16:00:00,0.0,0.0
2055-06-22 17:00:00,0.0,0.0
2055-06-22 18:00:00,0.0,0.0
2055-06-22 19:00:00,0.0,0.0
2055-06-22 20:00:00,0.0,0.0
2055-06-22 21:00:00,0.0,0.0
2055-06-22 22:00:00,0.0,0.0
2055-06-22 23:00:00,0.0,0.0
2055-06-23 00:00:00,0.0,0.0
2055-06-23 01:00:00,0.0,0.0
2055-06-23 02:00:00,0.0,27.032055348416865
2055-06-23 03:00:00,0.0,92.50031439536396
2055-06-23 04:00:00,0.0,161.34758036086316
2055-06-23 05:00:00,0.0,217.10119451697292
2055-06-23 06:00:00,0.0,258.07165340441725
2055-06-23 07:00:00,0.0,276.2338155916348
2055-06-23 08:00:00,0.0,274.9666879971778
2055-06-23 09:00:00,0.0,255.11502235068417
2055-06-23 10:00:00,0.0,219.63544970588703
2055-06-23 11:00:00,0.0,168.10559419796738
2055-06-23 12:00:00,0.0,106.86109379921041
2055-06-23 13:00:00,0.0,44.34946580599642
2055-06-23 14:00:00,0.0,1.689503459276054
2055-06-23 15:00:00,0.0,0.0
2055-06-23 16:00:00,0.0,0.0
2055-06-23 17:00:00,0.0,0.0
2055-06-23 18:00:00,0.0,0.0
2055-06-23 19:00:00,0.0,0.0
2055-06-23 20:00:00,0.0,0.0
2055-06-23 21:00:00,0.0,0.0
2055-06-23 22:00:00,0.0,0.0
2055-06-23 23:00:00,0.0,0.0
2055-06-24 00:00:00,0.0,0.0
2055-06-24 01:00:00,0.0,0.0
2055-06-24 02:00:00,0.0,27.032055348416865
2055-06-24 03:00:00,0.0,90.8108109360879
2055-06-24 04:00:00,0.0,158.8133251719491
2055-06-24 05:00:00,0.0,214.56693932805885
2055-06-24 06:00:00,0.0,250.046511972856
2055-06-24 07:00:00,0.0,264.40729137670246
2055-06-24 08:00:00,0.0,258.91640513405525
2055-06-24 09:00:00,0.0,223.4368324892581
2055-06-24 10:00:00,0.0,182.04399773699484
2055-06-24 11:00:00,0.0,127.97988704016107
2055-06-24 12:00:00,0.0,69.26964183031822
2055-06-24 13:00:00,0.0,24.07542429468377
2055-06-24 14:00:00,0.0,0.0
2055-06-24 15:00:00,0.0,0.0
2055-06-24 16:00:00,0.0,0.0
2055-06-24 17:00:00,0.0,0.0
2055-06-24 18:00:00,0.0,0.0
2055-06-24 19:00:00,0.0,0.0
2055-06-24 20:00:00,0.0,0.0
2055-06-24 21:00:00,0.0,0.0
2055-06-24 22:00:00,0.0,0.0
2055-06-24 23:00:00,0.0,0.0
2055-06-25 00:00:00,0.0,0.0
2055-06-25 01:00:00,0.0,0.0
2055-06-25 02:00:00,0.0,25.76492775395982
2055-06-25 03:00:00,0.0,88.69893161199283
2055-06-25 04:00:00,0.0,158.8133251719491
2055-06-25 05:00:00,0.0,216.6788186521539
2055-06-25 06:00:00,0.0,258.07165340441725
2055-06-25 07:00:00,0.0,280.0351983750059
2055-06-25 08:00:00,0.0,282.56945356392004
2055-06-25 09:00:00,0.0,267.36392243043554
2055-06-25 10:00:00,0.0,233.15147738009546
2055-06-25 11:00:00,0.0,181.19924600735678
2055-06-25 12:00:00,0.0,114.88623523077167
2055-06-25 13:00:00,0.0,46.46134513009148
2055-06-25 14:00:00,0.0,1.689503459276054
2055-06-25 15:00:00,0.0,0.0
2055-06-25 16:00:00,0.0,0.0
2055-06-25 17:00:00,0.0,0.0
2055-06-25 18:00:00,0.0,0.0
2055-06-25 19:00:00,0.0,0.0
2055-06-25 20:00:00,0.0,0.0
2055-06-25 21:00:00,0.0,0.0
2055-06-25 22:00:00,0.0,0.0
2055-06-25 23:00:00,0.0,0.0
2055-06-26 00:00:00,0.0,0.0
2055-06-26 01:00:00,0.0,0.0
2055-06-26 02:00:00,0.0,26.609679483597848
2055-06-26 03:00:00,0.0,94.18981785464001
2055-06-26 04:00:00,0.0,165.9937148738723
2055-06-26 05:00:00,0.0,223.85920835407714
2055-06-26 06:00:00,0.0,263.9849155118834
2055-06-26 07:00:00,0.0,284.25895702319616
2055-06-26 08:00:00,0.0,285.9484604824721
2055-06-26 09:00:00,0.0,268.2086741600736
2055-06-26 10:00:00,0.0,231.46197392081936
2055-06-26 11:00:00,0.0,177.8202390888047
2055-06-26 12:00:00,0.0,111.50722831221955
2055-06-26 13:00:00,0.0,43.9270899411774
2055-06-26 14:00:00,0.0,1.2671275944570404
2055-06-26 15:00:00,0.0,0.0
2055-06-26 16:00:00,0.0,0.0
2055-06-26 17:00:00,0.0,0.0
2055-06-26 18:00:00,0.0,0.0
2055-06-26 19:00:00,0.0,0.0
2055-06-26 20:00:00,0.0,0.0
2055-06-26 21:00:00,0.0,0.0
2055-06-26 22:00:00,0.0,0.0
2055-06-26 23:00:00,0.0,0.0
2055-06-27 00:00:00,0.0,0.0
2055-06-27 01:00:00,0.0,0.0
2055-06-27 02:00:00,0.0,25.76492775395982
2055-06-27 03:00:00,0.0,92.50031439536396
2055-06-27 04:00:00,0.0,163.45945968495823
2055-06-27 05:00:00,0.0,220.90257730034403
2055-06-27 06:00:00,0.0,260.6059085933313
2055-06-27 07:00:00,0.0,275.38906386199676
2055-06-27 08:00:00,0.0,263.9849155118834
2055-06-27 09:00:00,0.0,231.46197392081936
2055-06-27 10:00:00,0.0,201.05091165385042
2055-06-27 11:00:00,0.0,166.83846660351034
2055-06-27 12:00:00,0.0,112.77435590667659
2055-06-27 13:00:00,0.0,46.8837209949105
2055-06-27 14:00:00,0.0,1.689503459276054
2055-06-27 15:00:00,0.0,0.0
2055-06-27 16:00:00,0.0,0.0
2055-06-27 17:00:00,0.0,0.0
2055-06-27 18:00:00,0.0,0.0
2055-06-27 19:00:00,0.0,0.0
2055-06-27 20:00:00,0.0,0.0
2055-06-27 21:00:00,0.0,0.0
2055-06-27 22:00:00,0.0,0.0
2055-06-27 23:00:00,0.0,0.0
2055-06-28 00:00:00,0.0,0.0
2055-06-28 01:00:00,0.0,0.0
2055-06-28 02:00:00,0.0,26.187303618778838
2055-06-28 03:00:00,0.0,92.92269026018296
2055-06-28 04:00:00,0.0,163.88183554977724
2055-06-28 05:00:00,0.0,221.74732902998207
2055-06-28 06:00:00,0.0,261.4506603229693
2055-06-28 07:00:00,0.0,281.302325969463
2055-06-28 08:00:00,0.0,282.99182942873904
2055-06-28 09:00:00,0.0,268.2086741600736
2055-06-28 10:00:00,0.0,233.57385324491443
2055-06-28 11:00:00,0.0,180.77687014253777
2055-06-28 12:00:00,0.0,114.46385936595267
2055-06-28 13:00:00,0.0,46.46134513009148
2055-06-28 14:00:00,0.0,1.689503459276054
2055-06-28 15:00:00,0.0,0.0
2055-06-28 16:00:00,0.0,0.0
2055-06-28 17:00:00,0.0,0.0
2055-06-28 18:00:00,0.0,0.0
2055-06-28 19:00:00,0.0,0.0
2055-06-28 20:00:00,0.0,0.0
2055-06-28 21:00:00,0.0,0.0
2055-06-28 22:00:00,0.0,0.0
2055-06-28 23:00:00,0.0,0.0
2055-06-29 00:00:00,0.0,0.0
2055-06-29 01:00:00,0.0,0.0
2055-06-29 02:00:00,0.0,27.032055348416865
2055-06-29 03:00:00,0.0,92.50031439536396
2055-06-29 04:00:00,0.0,161.34758036086316
2055-06-29 05:00:00,0.0,217.52357038179196
2055-06-29 06:00:00,0.0,261.0282844581503
2055-06-29 07:00:00,0.0,280.0351983750059
2055-06-29 08:00:00,0.0,281.302325969463
2055-06-29 09:00:00,0.0,264.40729137670246
2055-06-29 10:00:00,0.0,228.92771873190534
2055-06-29 11:00:00,0.0,175.2859838998906
2055-06-29 12:00:00,0.0,108.12822139366746
2055-06-29 13:00:00,0.0,41.392834752263326
2055-06-29 14:00:00,0.0,1.2671275944570404
2055-06-29 15:00:00,0.0,0.0
2055-06-29 16:00:00,0.0,0.0
2055-06-29 17:00:00,0.0,0.0
2055-06-29 18:00:00,0.0,0.0
2055-06-29 19:00:00,0.0,0.0
2055-06-29 20:00:00,0.0,0.0
2055-06-29 21:00:00,0.0,0.0
2055-06-29 22:00:00,0.0,0.0
2055-06-29 23:00:00,0.0,0.0
2055-06-30 00:00:00,0.0,0.0
2055-06-30 01:00:00,0.0,0.0
2055-06-30 02:00:00,0.0,26.609679483597848
2055-06-30 03:00:00,0.0,91.2331868009069
2055-06-30 04:00:00,0.0,160.0804527664061
2055-06-30 05:00:00,0.0,217.10119451697292
2055-06-30 06:00:00,0.0,261.0282844581503
2055-06-30 07:00:00,0.0,280.0351983750059
2055-06-30 08:00:00,0.0,280.87995010464397
2055-06-30 09:00:00,0.0,265.6744189711595
2055-06-30 10:00:00,0.0,230.19484632636235
2055-06-30 11:00:00,0.0,176.55311149434763
2055-06-30 12:00:00,0.0,109.3953489881245
2055-06-30 13:00:00,0.0,43.5047140763584
2055-06-30 14:00:00,0.0,1.2671275944570404
2055-06-30 15:00:00,0.0,0.0
2055-06-30 16:00:00,0.0,0.0
2055-06-30 17:00:00,0.0,0.0
2055-06-30 18:00:00,0.0,0.0
2055-06-30 19:00:00,0.0,0.0
2055-06-30 20:00:00,0.0,0.0
2055-06-30 21:00:00,0.0,0.0
2055-06-30 22:00:00,0.0,0.0
2055-06-30 23:00:00,0.0,0.0
2055-07-01 00:00:00,0.0,0.0
2055-07-01 01:00:00,0.0,0.0
2055-07-01 02:00:00,0.0,23.653048429864754
2055-07-01 03:00:00,0.0,87.00942815271678
2055-07-01 04:00:00,0.0,158.8133251719491
2055-07-01 05:00:00,0.0,215.83406692251592
2055-07-01 06:00:00,0.0,254.69264648586514
2055-07-01 07:00:00,0.0,277.5009431860919
2055-07-01 08:00:00,0.0,280.0351983750059
2055-07-01 09:00:00,0.0,262.7177879174264
2055-07-01 10:00:00,0.0,227.66059113744828
2055-07-01 11:00:00,0.0,176.1307356295286
2055-07-01 12:00:00,0.0,111.08485244740055
2055-07-01 13:00:00,0.0,45.61659340045345
2055-07-01 14:00:00,0.0,1.689503459276054
2055-07-01 15:00:00,0.0,0.0
2055-07-01 16:00:00,0.0,0.0
2055-07-01 17:00:00,0.0,0.0
2055-07-01 18:00:00,0.0,0.0
2055-07-01 19:00:00,0.0,0.0
2055-07-01 20:00:00,0.0,0.0
2055-07-01 21:00:00,0.0,0.0
2055-07-01 22:00:00,0.0,0.0
2055-07-01 23:00:00,0.0,0.0
2055-07-02 00:00:00,0.0,0.0
2055-07-02 01:00:00,0.0,0.0
2055-07-02 02:00:00,0.0,27.032055348416865
2055-07-02 03:00:00,0.0,94.61219371945903
2055-07-02 04:00:00,0.0,165.9937148738723
2055-07-02 05:00:00,0.0,223.0144566244391
2055-07-02 06:00:00,0.0,261.87303618778833
2055-07-02 07:00:00,0.0,280.0351983750059
2055-07-02 08:00:00,0.0,279.61282251018696
2055-07-02 09:00:00,0.0,264.40729137670246
2055-07-02 10:00:00,0.0,229.77247046154335
2055-07-02 11:00:00,0.0,176.97548735916666
2055-07-02 12:00:00,0.0,110.66247658258153
2055-07-02 13:00:00,0.0,43.08233821153937
2055-07-02 14:00:00,0.0,1.2671275944570404
2055-07-02 15:00:00,0.0,0.0
2055-07-02 16:00:00,0.0,0.0
2055-07-02 17:00:00,0.0,0.0
2055-07-02 18:00:00,0.0,0.0
2055-07-02 19:00:00,0.0,0.0
2055-07-02 20:00:00,0.0,0.0
2055-07-02 21:00:00,0.0,0.0
2055-07-02 22:00:00,0.0,0.0
2055-07-02 23:00:00,0.0,0.0
2055-07-03 00:00:00,0.0,0.0
2055-07-03 01:00:00,0.0,0.0
2055-07-03 02:00:00,0.0,25.76492775395982
2055-07-03 03:00:00,0.0,88.27655574717382
2055-07-03 04:00:00,0.0,155.85669411821596
2055-07-03 05:00:00,0.0,206.11942203167857
2055-07-03 06:00:00,0.0,244.9780015950278
2055-07-03 07:00:00,0.0,251.31363956731303
2055-07-03 08:00:00,0.0,259.33878099887426
2055-07-03 09:00:00,0.0,243.28849813575178
2055-07-03 10:00:00,0.0,202.31803924830746
2055-07-03 11:00:00,0.0,148.67630441629274
2055-07-03 12:00:00,0.0,89.12130747681184
2055-07-03 13:00:00,0.0,34.63482091515911
2055-07-03 14:00:00,0.0,0.4223758648190135
2055-07-03 15:00:00,0.0,0.0
2055-07-03 16:00:00,0.0,0.0
2055-07-03 17:00:00,0.0,0.0
2055-07-03 18:00:00,0.0,0.0
2055-07-03 19:00:00,0.0,0.0
2055-07-03 20:00:00,0.0,0.0
2055-07-03 21:00:00,0.0,0.0
2055-07-03 22:00:00,0.0,0.0
2055-07-03 23:00:00,0.0,0.0
2055-07-04 00:00:00,0.0,0.0
2055-07-04 01:00:00,0.0,0.0
2055-07-04 02:00:00,0.0,20.274041511312646
2055-07-04 03:00:00,0.0,73.49340047850835
2055-07-04 04:00:00,0.0,144.03016990328362
2055-07-04 05:00:00,0.0,203.1627909779455
2055-07-04 06:00:00,0.0,244.13324986538976
2055-07-04 07:00:00,0.0,266.94154656561653
2055-07-04 08:00:00,0.0,267.36392243043554
2055-07-04 09:00:00,0.0,259.33878099887426
2055-07-04 10:00:00,0.0,224.70396008371517
2055-07-04 11:00:00,0.0,173.17410457579552
2055-07-04 12:00:00,0.0,109.3953489881245
2055-07-04 13:00:00,0.0,43.9270899411774
2055-07-04 14:00:00,0.0,1.2671275944570404
2055-07-04 15:00:00,0.0,0.0
2055-07-04 16:00:00,0.0,0.0
2055-07-04 17:00:00,0.0,0.0
2055-07-04 18:00:00,0.0,0.0
2055-07-04 19:00:00,0.0,0.0
2055-07-04 20:00:00,0.0,0.0
2055-07-04 21:00:00,0.0,0.0
2055-07-04 22:00:00,0.0,0.0
2055-07-04 23:00:00,0.0,0.0
2055-07-05 00:00:00,0.0,0.0
2055-07-05 01:00:00,0.0,0.0
2055-07-05 02:00:00,0.0,24.920176024321798
2055-07-05 03:00:00,0.0,83.20804536934565
2055-07-05 04:00:00,0.0,134.7379008772653
2055-07-05 05:00:00,0.0,164.72658727941527
2055-07-05 06:00:00,0.0,193.87052195192717
2055-07-05 07:00:00,0.0,246.24512918948486
2055-07-05 08:00:00,0.0,269.0534258897116
2055-07-05 09:00:00,0.0,252.58076716177004
2055-07-05 10:00:00,0.0,222.1697048948011
2055-07-05 11:00:00,0.0,168.10559419796738
2055-07-05 12:00:00,0.0,101.79258342138226
2055-07-05 13:00:00,0.0,38.85857956334924
2055-07-05 14:00:00,0.0,0.844751729638027
2055-07-05 15:00:00,0.0,0.0
2055-07-05 16:00:00,0.0,0.0
2055-07-05 17:00:00,0.0,0.0
2055-07-05 18:00:00,0.0,0.0
2055-07-05 19:00:00,0.0,0.0
2055-07-05 20:00:00,0.0,0.0
2055-07-05 21:00:00,0.0,0.0
2055-07-05 22:00:00,0.0,0.0
2055-07-05 23:00:00,0.0,0.0
2055-07-06 00:00:00,0.0,0.0
2055-07-06 01:00:00,0.0,0.0
2055-07-06 02:00:00,0.0,22.808296700226727
2055-07-06 03:00:00,0.0,80.25141431561256
2055-07-06 04:00:00,0.0,146.14204922737864
2055-07-06 05:00:00,0.0,202.7404151131265
2055-07-06 06:00:00,0.0,242.02137054129471
2055-07-06 07:00:00,0.0,256.3821499451412
2055-07-06 08:00:00,0.0,254.2702706210461
2055-07-06 09:00:00,0.0,248.77938437839896
2055-07-06 10:00:00,0.0,217.10119451697292
2055-07-06 11:00:00,0.0,166.4160907386913
2055-07-06 12:00:00,0.0,105.17159033993435
2055-07-06 13:00:00,0.0,41.392834752263326
2055-07-06 14:00:00,0.0,0.844751729638027
2055-07-06 15:00:00,0.0,0.0
2055-07-06 16:00:00,0.0,0.0
2055-07-06 17:00:00,0.0,0.0
2055-07-06 18:00:00,0.0,0.0
2055-07-06 19:00:00,0.0,0.0
2055-07-06 20:00:00,0.0,0.0
2055-07-06 21:00:00,0.0,0.0
2055-07-06 22:00:00,0.0,0.0
2055-07-06 23:00:00,0.0,0.0
2055-07-07 00:00:00,0.0,0.0
2055-07-07 01:00:00,0.0,0.0
2055-07-07 02:00:00,0.0,20.274041511312646
2055-07-07 03:00:00,0.0,75.60527980260342
2055-07-07 04:00:00,0.0,137.27215606617938
2055-07-07 05:00:00,0.0,180.77687014253777
2055-07-07 06:00:00,0.0,216.6788186521539
2055-07-07 07:00:00,0.0,237.7976118931046
2055-07-07 08:00:00,0.0,239.48711535238067
2055-07-07 09:00:00,0.0,230.61722219118138
2055-07-07 10:00:00,0.0,206.11942203167857
2055-07-07 11:00:00,0.0,164.30421141459624
2055-07-07 12:00:00,0.0,105.59396620475337
2055-07-07 13:00:00,0.0,42.237586481901346
2055-07-07 14:00:00,0.0,0.844751729638027
2055-07-07 15:00:00,0.0,0.0
2055-07-07 16:00:00,0.0,0.0
2055-07-07 17:00:00,0.0,0.0
2055-07-07 18:00:00,0.0,0.0
2055-07-07 19:00:00,0.0,0.0
2055-07-07 20:00:00,0.0,0.0
2055-07-07 21:00:00,0.0,0.0
2055-07-07 22:00:00,0.0,0.0
2055-07-07 23:00:00,0.0,0.0
2055-07-08 00:00:00,0.0,0.0
2055-07-08 01:00:00,0.0,0.0
2055-07-08 02:00:00,0.0,24.920176024321798
2055-07-08 03:00:00,0.0,90.8108109360879
2055-07-08 04:00:00,0.0,162.6147079553202
2055-07-08 05:00:00,0.0,220.05782557070603
2055-07-08 06:00:00,0.0,258.91640513405525
2055-07-08 07:00:00,0.0,276.6561914564538
2055-07-08 08:00:00,0.0,277.9233190509109
2055-07-08 09:00:00,0.0,261.87303618778833
2055-07-08 10:00:00,0.0,219.63544970588703
2055-07-08 11:00:00,0.0,155.43431825339695
2055-07-08 12:00:00,0.0,80.25141431561256
2055-07-08 13:00:00,0.0,28.72155880769292
2055-07-08 14:00:00,0.0,0.0
2055-07-08 15:00:00,0.0,0.0
2055-07-08 16:00:00,0.0,0.0
2055-07-08 17:00:00,0.0,0.0
2055-07-08 18:00:00,0.0,0.0
2055-07-08 19:00:00,0.0,0.0
2055-07-08 20:00:00,0.0,0.0
2055-07-08 21:00:00,0.0,0.0
2055-07-08 22:00:00,0.0,0.0
2055-07-08 23:00:00,0.0,0.0
2055-07-09 00:00:00,0.0,0.0
2055-07-09 01:00:00,0.0,0.0
2055-07-09 02:00:00,0.0,25.76492775395982
2055-07-09 03:00:00,0.0,89.96605920644987
2055-07-09 04:00:00,0.0,159.2357010367681
2055-07-09 05:00:00,0.0,214.56693932805885
2055-07-09 06:00:00,0.0,240.75424294683768
2055-07-09 07:00:00,0.0,226.81583940781024
2055-07-09 08:00:00,0.0,191.75864262783213
2055-07-09 09:00:00,0.0,171.90697698133846
2055-07-09 10:00:00,0.0,162.6147079553202
2055-07-09 11:00:00,0.0,149.94343201074977
2055-07-09 12:00:00,0.0,102.21495928620126
2055-07-09 13:00:00,0.0,39.70333129298727
2055-07-09 14:00:00,0.0,0.0
2055-07-09 15:00:00,0.0,0.0
2055-07-09 16:00:00,0.0,0.0
2055-07-09 17:00:00,0.0,0.0
2055-07-09 18:00:00,0.0,0.0
2055-07-09 19:00:00,0.0,0.0
2055-07-09 20:00:00,0.0,0.0
2055-07-09 21:00:00,0.0,0.0
2055-07-09 22:00:00,0.0,0.0
2055-07-09 23:00:00,0.0,0.0
2055-07-10 00:00:00,0.0,0.0
2055-07-10 01:00:00,0.0,0.0
2055-07-10 02:00:00,0.0,20.696417376131663
2055-07-10 03:00:00,0.0,71.8038970192323
2055-07-10 04:00:00,0.0,129.66939049943713
2055-07-10 05:00:00,0.0,186.69013225000396
2055-07-10 06:00:00,0.0,246.6675050543039
2055-07-10 07:00:00,0.0,272.85480867308274
2055-07-10 08:00:00,0.0,276.6561914564538
2055-07-10 09:00:00,0.0,262.2954120526074
2055-07-10 10:00:00,0.0,226.3934635429912
2055-07-10 11:00:00,0.0,170.63984938688148
2055-07-10 12:00:00,0.0,98.41357650283015
2055-07-10 13:00:00,0.0,38.85857956334924
2055-07-10 14:00:00,0.0,0.4223758648190135
2055-07-10 15:00:00,0.0,0.0
2055-07-10 16:00:00,0.0,0.0
2055-07-10 17:00:00,0.0,0.0
2055-07-10 18:00:00,0.0,0.0
2055-07-10 19:00:00,0.0,0.0
2055-07-10 20:00:00,0.0,0.0
2055-07-10 21:00:00,0.0,0.0
2055-07-10 22:00:00,0.0,0.0
2055-07-10 23:00:00,0.0,0.0
2055-07-11 00:00:00,0.0,0.0
2055-07-11 01:00:00,0.0,0.0
2055-07-11 02:00:00,0.0,24.07542429468377
2055-07-11 03:00:00,0.0,87.43180401753578
2055-07-11 04:00:00,0.0,155.85669411821596
2055-07-11 05:00:00,0.0,212.87743586878278
2055-07-11 06:00:00,0.0,251.31363956731303
2055-07-11 07:00:00,0.0,269.4758017545306
2055-07-11 08:00:00,0.0,269.4758017545306
2055-07-11 09:00:00,0.0,266.0967948359785
2055-07-11 10:00:00,0.0,230.61722219118138
2055-07-11 11:00:00,0.0,177.8202390888047
2055-07-11 12:00:00,0.0,111.08485244740055
2055-07-11 13:00:00,0.0,43.9270899411774
2055-07-11 14:00:00,0.0,0.844751729638027
2055-07-11 15:00:00,0.0,0.0
2055-07-11 16:00:00,0.0,0.0
2055-07-11 17:00:00,0.0,0.0
2055-07-11 18:00:00,0.0,0.0
2055-07-11 19:00:00,0.0,0.0
2055-07-11 20:00:00,0.0,0.0
2055-07-11 21:00:00,0.0,0.0
2055-07-11 22:00:00,0.0,0.0
2055-07-11 23:00:00,0.0,0.0
2055-07-12 00:00:00,0.0,0.0
2055-07-12 01:00:00,0.0,0.0
2055-07-12 02:00:00,0.0,23.23067256504574
2055-07-12 03:00:00,0.0,83.20804536934565
2055-07-12 04:00:00,0.0,144.45254576810262
2055-07-12 05:00:00,0.0,190.9138908981941
2055-07-12 06:00:00,0.0,231.03959805600041
2055-07-12 07:00:00,0.0,255.11502235068417
2055-07-12 08:00:00,0.0,264.82966724152146
2055-07-12 09:00:00,0.0,255.53739821550315
2055-07-12 10:00:00,0.0,221.74732902998207
2055-07-12 11:00:00,0.0,169.79509765724345
2055-07-12 12:00:00,0.0,105.17159033993435
2055-07-12 13:00:00,0.0,40.9704588874443
2055-07-12 14:00:00,0.0,0.844751729638027
2055-07-12 15:00:00,0.0,0.0
2055-07-12 16:00:00,0.0,0.0
2055-07-12 17:00:00,0.0,0.0
2055-07-12 18:00:00,0.0,0.0
2055-07-12 19:00:00,0.0,0.0
2055-07-12 20:00:00,0.0,0.0
2055-07-12 21:00:00,0.0,0.0
2055-07-12 22:00:00,0.0,0.0
2055-07-12 23:00:00,0.0,0.0
2055-07-13 00:00:00,0.0,0.0
2055-07-13 01:00:00,0.0,0.0
2055-07-13 02:00:00,0.0,24.497800159502784
2055-07-13 03:00:00,0.0,88.27655574717382
2055-07-13 04:00:00,0.0,156.701445847854
2055-07-13 05:00:00,0.0,212.87743586878278
2055-07-13 06:00:00,0.0,251.31363956731303
2055-07-13 07:00:00,0.0,270.7429293489876
2055-07-13 08:00:00,0.0,270.3205534841686
2055-07-13 09:00:00,0.0,267.36392243043554
2055-07-13 10:00:00,0.0,232.72910151527643
2055-07-13 11:00:00,0.0,181.19924600735678
2055-07-13 12:00:00,0.0,114.46385936595267
2055-07-13 13:00:00,0.0,45.61659340045345
2055-07-13 14:00:00,0.0,0.844751729638027
2055-07-13 15:00:00,0.0,0.0
2055-07-13 16:00:00,0.0,0.0
2055-07-13 17:00:00,0.0,0.0
2055-07-13 18:00:00,0.0,0.0
2055-07-13 19:00:00,0.0,0.0
2055-07-13 20:00:00,0.0,0.0
2055-07-13 21:00:00,0.0,0.0
2055-07-13 22:00:00,0.0,0.0
2055-07-13 23:00:00,0.0,0.0
2055-07-14 00:00:00,0.0,0.0
2055-07-14 01:00:00,0.0,0.0
2055-07-14 02:00:00,0.0,24.07542429468377
2055-07-14 03:00:00,0.0,89.96605920644987
2055-07-14 04:00:00,0.0,160.0804527664061
2055-07-14 05:00:00,0.0,217.94594624661096
2055-07-14 06:00:00,0.0,257.22690167477924
2055-07-14 07:00:00,0.0,277.5009431860919
2055-07-14 08:00:00,0.0,278.7680707805489
2055-07-14 09:00:00,0.0,271.5876810786256
2055-07-14 10:00:00,0.0,235.26335670419053
2055-07-14 11:00:00,0.0,180.77687014253777
2055-07-14 12:00:00,0.0,112.35198004185759
2055-07-14 13:00:00,0.0,43.5047140763584
2055-07-14 14:00:00,0.0,0.844751729638027
2055-07-14 15:00:00,0.0,0.0
2055-07-14 16:00:00,0.0,0.0
2055-07-14 17:00:00,0.0,0.0
2055-07-14 18:00:00,0.0,0.0
2055-07-14 19:00:00,0.0,0.0
2055-07-14 20:00:00,0.0,0.0
2055-07-14 21:00:00,0.0,0.0
2055-07-14 22:00:00,0.0,0.0
2055-07-14 23:00:00,0.0,0.0
2055-07-15 00:00:00,0.0,0.0
2055-07-15 01:00:00,0.0,0.0
2055-07-15 02:00:00,0.0,23.23067256504574
2055-07-15 03:00:00,0.0,84.05279709898369
2055-07-15 04:00:00,0.0,151.21055960520684
2055-07-15 05:00:00,0.0,206.11942203167857
2055-07-15 06:00:00,0.0,252.15839129695107
2055-07-15 07:00:00,0.0,272.4324328082637
2055-07-15 08:00:00,0.0,274.54431213235875
2055-07-15 09:00:00,0.0,259.7611568636933
2055-07-15 10:00:00,0.0,224.28158421889617
2055-07-15 11:00:00,0.0,172.3293528461575
2055-07-15 12:00:00,0.0,108.12822139366746
2055-07-15 13:00:00,0.0,42.65996234672037
2055-07-15 14:00:00,0.0,0.844751729638027
2055-07-15 15:00:00,0.0,0.0
2055-07-15 16:00:00,0.0,0.0
2055-07-15 17:00:00,0.0,0.0
2055-07-15 18:00:00,0.0,0.0
2055-07-15 19:00:00,0.0,0.0
2055-07-15 20:00:00,0.0,0.0
2055-07-15 21:00:00,0.0,0.0
2055-07-15 22:00:00,0.0,0.0
2055-07-15 23:00:00,0.0,0.0
2055-07-16 00:00:00,0.0,0.0
2055-07-16 01:00:00,0.0,0.0
2055-07-16 02:00:00,0.0,24.07542429468377
2055-07-16 03:00:00,0.0,88.69893161199283
2055-07-16 04:00:00,0.0,159.2357010367681
2055-07-16 05:00:00,0.0,217.52357038179196
2055-07-16 06:00:00,0.0,263.5625396470644
2055-07-16 07:00:00,0.0,281.72470183428203
2055-07-16 08:00:00,0.0,281.72470183428203
2055-07-16 09:00:00,0.0,264.40729137670246
2055-07-16 10:00:00,0.0,228.92771873190534
2055-07-16 11:00:00,0.0,176.1307356295286
2055-07-16 12:00:00,0.0,110.24010071776252
2055-07-16 13:00:00,0.0,43.08233821153937
2055-07-16 14:00:00,0.0,0.4223758648190135
2055-07-16 15:00:00,0.0,0.0
2055-07-16 16:00:00,0.0,0.0
2055-07-16 17:00:00,0.0,0.0
2055-07-16 18:00:00,0.0,0.0
2055-07-16 19:00:00,0.0,0.0
2055-07-16 20:00:00,0.0,0.0
2055-07-16 21:00:00,0.0,0.0
2055-07-16 22:00:00,0.0,0.0
2055-07-16 23:00:00,0.0,0.0
2055-07-17 00:00:00,0.0,0.0
2055-07-17 01:00:00,0.0,0.0
2055-07-17 02:00:00,0.0,24.07542429468377
2055-07-17 03:00:00,0.0,89.54368334163085
2055-07-17 04:00:00,0.0,160.92520449604413
2055-07-17 05:00:00,0.0,219.63544970588703
2055-07-17 06:00:00,0.0,266.94154656561653
2055-07-17 07:00:00,0.0,284.6813328880151
2055-07-17 08:00:00,0.0,283.4142052935581
2055-07-17 09:00:00,0.0,264.40729137670246
2055-07-17 10:00:00,0.0,226.81583940781024
2055-07-17 11:00:00,0.0,172.3293528461575
2055-07-17 12:00:00,0.0,106.43871793439139
2055-07-17 13:00:00,0.0,41.815210617082336
2055-07-17 14:00:00,0.0,0.4223758648190135
2055-07-17 15:00:00,0.0,0.0
2055-07-17 16:00:00,0.0,0.0
2055-07-17 17:00:00,0.0,0.0
2055-07-17 18:00:00,0.0,0.0
2055-07-17 19:00:00,0.0,0.0
2055-07-17 20:00:00,0.0,0.0
2055-07-17 21:00:00,0.0,0.0
2055-07-17 22:00:00,0.0,0.0
2055-07-17 23:00:00,0.0,0.0
2055-07-18 00:00:00,0.0,0.0
2055-07-18 01:00:00,0.0,0.0
2055-07-18 02:00:00,0.0,21.541169105769686
2055-07-18 03:00:00,0.0,79.82903845079353
2055-07-18 04:00:00,0.0,141.91829057918852
2055-07-18 05:00:00,0.0,197.2495288704793
2055-07-18 06:00:00,0.0,240.75424294683768
2055-07-18 07:00:00,0.0,263.5625396470644
2055-07-18 08:00:00,0.0,267.36392243043554
2055-07-18 09:00:00,0.0,261.0282844581503
2055-07-18 10:00:00,0.0,224.28158421889617
2055-07-18 11:00:00,0.0,169.37272179242441
2055-07-18 12:00:00,0.0,103.4820868806583
2055-07-18 13:00:00,0.0,41.815210617082336
2055-07-18 14:00:00,0.0,0.4223758648190135
2055-07-18 15:00:00,0.0,0.0
2055-07-18 16:00:00,0.0,0.0
2055-07-18 17:00:00,0.0,0.0
2055-07-18 18:00:00,0.0,0.0
2055-07-18 19:00:00,0.0,0.0
2055-07-18 20:00:00,0.0,0.0
2055-07-18 21:00:00,0.0,0.0
2055-07-18 22:00:00,0.0,0.0
2055-07-18 23:00:00,0.0,0.0
2055-07-19 00:00:00,0.0,0.0
2055-07-19 01:00:00,0.0,0.0
2055-07-19 02:00:00,0.0,21.541169105769686
2055-07-19 03:00:00,0.0,81.09616604525058
2055-07-19 04:00:00,0.0,147.4091768218357
2055-07-19 05:00:00,0.0,203.58516684276452
2055-07-19 06:00:00,0.0,255.53739821550315
2055-07-19 07:00:00,0.0,275.38906386199676
2055-07-19 08:00:00,0.0,277.0785673212729
2055-07-19 09:00:00,0.0,260.6059085933313
2055-07-19 10:00:00,0.0,225.12633594853415
2055-07-19 11:00:00,0.0,172.3293528461575
2055-07-19 12:00:00,0.0,106.86109379921041
2055-07-19 13:00:00,0.0,40.9704588874443
2055-07-19 14:00:00,0.0,0.4223758648190135
2055-07-19 15:00:00,0.0,0.0
2055-07-19 16:00:00,0.0,0.0
2055-07-19 17:00:00,0.0,0.0
2055-07-19 18:00:00,0.0,0.0
2055-07-19 19:00:00,0.0,0.0
2055-07-19 20:00:00,0.0,0.0
2055-07-19 21:00:00,0.0,0.0
2055-07-19 22:00:00,0.0,0.0
2055-07-19 23:00:00,0.0,0.0
2055-07-20 00:00:00,0.0,0.0
2055-07-20 01:00:00,0.0,0.0
2055-07-20 02:00:00,0.0,24.07542429468377
2055-07-20 03:00:00,0.0,90.8108109360879
2055-07-20 04:00:00,0.0,162.19233209050117
2055-07-20 05:00:00,0.0,218.790697976249
2055-07-20 06:00:00,0.0,258.07165340441725
2055-07-20 07:00:00,0.0,284.6813328880151
2055-07-20 08:00:00,0.0,290.59459499548126
2055-07-20 09:00:00,0.0,272.85480867308274
2055-07-20 10:00:00,0.0,236.9528601634666
2055-07-20 11:00:00,0.0,182.88874946663282
2055-07-20 12:00:00,0.0,114.46385936595267
2055-07-20 13:00:00,0.0,44.77184167081543
2055-07-20 14:00:00,0.0,0.4223758648190135
2055-07-20 15:00:00,0.0,0.0
2055-07-20 16:00:00,0.0,0.0
2055-07-20 17:00:00,0.0,0.0
2055-07-20 18:00:00,0.0,0.0
2055-07-20 19:00:00,0.0,0.0
2055-07-20 20:00:00,0.0,0.0
2055-07-20 21:00:00,0.0,0.0
2055-07-20 22:00:00,0.0,0.0
2055-07-20 23:00:00,0.0,0.0
2055-07-21 00:00:00,0.0,0.0
2055-07-21 01:00:00,0.0,0.0
2055-07-21 02:00:00,0.0,23.23067256504574
2055-07-21 03:00:00,0.0,88.69893161199283
2055-07-21 04:00:00,0.0,154.58956652375895
2055-07-21 05:00:00,0.0,210.76555654468774
2055-07-21 06:00:00,0.0,240.33186708201868
2055-07-21 07:00:00,0.0,253.42551889140807
2055-07-21 08:00:00,0.0,240.75424294683768
2055-07-21 09:00:00,0.0,226.81583940781024
2055-07-21 10:00:00,0.0,210.76555654468774
2055-07-21 11:00:00,0.0,172.75172871097652
2055-07-21 12:00:00,0.0,110.66247658258153
2055-07-21 13:00:00,0.0,43.08233821153937
2055-07-21 14:00:00,0.0,0.4223758648190135
2055-07-21 15:00:00,0.0,0.0
2055-07-21 16:00:00,0.0,0.0
2055-07-21 17:00:00,0.0,0.0
2055-07-21 18:00:00,0.0,0.0
2055-07-21 19:00:00,0.0,0.0
2055-07-21 20:00:00,0.0,0.0
2055-07-21 21:00:00,0.0,0.0
2055-07-21 22:00:00,0.0,0.0
2055-07-21 23:00:00,0.0,0.0
2055-07-22 00:00:00,0.0,0.0
2055-07-22 01:00:00,0.0,0.0
2055-07-22 02:00:00,0.0,22.385920835407713
2055-07-22 03:00:00,0.0,82.36329363970763
2055-07-22 04:00:00,0.0,155.85669411821596
2055-07-22 05:00:00,0.0,217.94594624661096
2055-07-22 06:00:00,0.0,263.5625396470644
2055-07-22 07:00:00,0.0,285.9484604824721
2055-07-22 08:00:00,0.0,287.6379639417482
2055-07-22 09:00:00,0.0,269.8981776193496
2055-07-22 10:00:00,0.0,234.84098083937155
2055-07-22 11:00:00,0.0,180.35449427771874
2055-07-22 12:00:00,0.0,111.08485244740055
2055-07-22 13:00:00,0.0,42.237586481901346
2055-07-22 14:00:00,0.0,0.0
2055-07-22 15:00:00,0.0,0.0
2055-07-22 16:00:00,0.0,0.0
2055-07-22 17:00:00,0.0,0.0
2055-07-22 18:00:00,0.0,0.0
2055-07-22 19:00:00,0.0,0.0
2055-07-22 20:00:00,0.0,0.0
2055-07-22 21:00:00,0.0,0.0
2055-07-22 22:00:00,0.0,0.0
2055-07-22 23:00:00,0.0,0.0
2055-07-23 00:00:00,0.0,0.0
2055-07-23 01:00:00,0.0,0.0
2055-07-23 02:00:00,0.0,18.16216218721758
2055-07-23 03:00:00,0.0,77.29478326187947
2055-07-23 04:00:00,0.0,141.0735388495505
2055-07-23 05:00:00,0.0,207.38654962613563
2055-07-23 06:00:00,0.0,254.2702706210461
2055-07-23 07:00:00,0.0,275.8114397268158
2055-07-23 08:00:00,0.0,283.83658115837704
2055-07-23 09:00:00,0.0,272.85480867308274
2055-07-23 10:00:00,0.0,240.33186708201868
2055-07-23 11:00:00,0.0,188.80201157409905
2055-07-23 12:00:00,0.0,120.37712147341884
2055-07-23 13:00:00,0.0,48.57322445418655
2055-07-23 14:00:00,0.0,0.4223758648190135
2055-07-23 15:00:00,0.0,0.0
2055-07-23 16:00:00,0.0,0.0
2055-07-23 17:00:00,0.0,0.0
2055-07-23 18:00:00,0.0,0.0
2055-07-23 19:00:00,0.0,0.0
2055-07-23 20:00:00,0.0,0.0
2055-07-23 21:00:00,0.0,0.0
2055-07-23 22:00:00,0.0,0.0
2055-07-23 23:00:00,0.0,0.0
2055-07-24 00:00:00,0.0,0.0
2055-07-24 01:00:00,0.0,0.0
2055-07-24 02:00:00,0.0,22.385920835407713
2055-07-24 03:00:00,0.0,84.47517296380269
2055-07-24 04:00:00,0.0,155.85669411821596
2055-07-24 05:00:00,0.0,209.4984289502307
2055-07-24 06:00:00,0.0,258.4940292692363
2055-07-24 07:00:00,0.0,277.5009431860919
2055-07-24 08:00:00,0.0,279.61282251018696
2055-07-24 09:00:00,0.0,260.1835327285123
2055-07-24 10:00:00,0.0,221.32495316516307
2055-07-24 11:00:00,0.0,168.5279700627864
2055-07-24 12:00:00,0.0,105.17159033993435
2055-07-24 13:00:00,0.0,38.85857956334924
2055-07-24 14:00:00,0.0,0.0
2055-07-24 15:00:00,0.0,0.0
2055-07-24 16:00:00,0.0,0.0
2055-07-24 17:00:00,0.0,0.0
2055-07-24 18:00:00,0.0,0.0
2055-07-24 19:00:00,0.0,0.0
2055-07-24 20:00:00,0.0,0.0
2055-07-24 21:00:00,0.0,0.0
2055-07-24 22:00:00,0.0,0.0
2055-07-24 23:00:00,0.0,0.0
2055-07-25 00:00:00,0.0,0.0
2055-07-25 01:00:00,0.0,0.0
2055-07-25 02:00:00,0.0,19.00691391685561
2055-07-25 03:00:00,0.0,75.60527980260342
2055-07-25 04:00:00,0.0,142.76304230882658
2055-07-25 05:00:00,0.0,189.22438743891806
2055-07-25 06:00:00,0.0,242.44374640611372
2055-07-25 07:00:00,0.0,275.8114397268158
2055-07-25 08:00:00,0.0,279.19044664536796
2055-07-25 09:00:00,0.0,264.40729137670246
2055-07-25 10:00:00,0.0,222.59208075962013
2055-07-25 11:00:00,0.0,167.68321833314835
2055-07-25 12:00:00,0.0,95.87932131391607
2055-07-25 13:00:00,0.0,33.79006918552108
2055-07-25 14:00:00,0.0,0.0
2055-07-25 15:00:00,0.0,0.0
2055-07-25 16:00:00,0.0,0.0
2055-07-25 17:00:00,0.0,0.0
2055-07-25 18:00:00,0.0,0.0
2055-07-25 19:00:00,0.0,0.0
2055-07-25 20:00:00,0.0,0.0
2055-07-25 21:00:00,0.0,0.0
2055-07-25 22:00:00,0.0,0.0
2055-07-25 23:00:00,0.0,0.0
2055-07-26 00:00:00,0.0,0.0
2055-07-26 01:00:00,0.0,0.0
2055-07-26 02:00:00,0.0,19.42928978167462
2055-07-26 03:00:00,0.0,84.47517296380269
2055-07-26 04:00:00,0.0,158.8133251719491
2055-07-26 05:00:00,0.0,216.25644278733492
2055-07-26 06:00:00,0.0,260.1835327285123
2055-07-26 07:00:00,0.0,280.45757423982496
2055-07-26 08:00:00,0.0,283.83658115837704
2055-07-26 09:00:00,0.0,267.36392243043554
2055-07-26 10:00:00,0.0,230.19484632636235
2055-07-26 11:00:00,0.0,175.2859838998906
2055-07-26 12:00:00,0.0,107.70584552884844
2055-07-26 13:00:00,0.0,40.12570715780628
2055-07-26 14:00:00,0.0,0.0
2055-07-26 15:00:00,0.0,0.0
2055-07-26 16:00:00,0.0,0.0
2055-07-26 17:00:00,0.0,0.0
2055-07-26 18:00:00,0.0,0.0
2055-07-26 19:00:00,0.0,0.0
2055-07-26 20:00:00,0.0,0.0
2055-07-26 21:00:00,0.0,0.0
2055-07-26 22:00:00,0.0,0.0
2055-07-26 23:00:00,0.0,0.0
2055-07-27 00:00:00,0.0,0.0
2055-07-27 01:00:00,0.0,0.0
2055-07-27 02:00:00,0.0,21.118793240950673
2055-07-27 03:00:00,0.0,83.63042123416467
2055-07-27 04:00:00,0.0,155.43431825339695
2055-07-27 05:00:00,0.0,212.87743586878278
2055-07-27 06:00:00,0.0,251.73601543213204
2055-07-27 07:00:00,0.0,272.85480867308274
2055-07-27 08:00:00,0.0,277.5009431860919
2055-07-27 09:00:00,0.0,274.54431213235875
2055-07-27 10:00:00,0.0,238.2199877579236
2055-07-27 11:00:00,0.0,183.31112533145185
2055-07-27 12:00:00,0.0,114.04148350113365
2055-07-27 13:00:00,0.0,43.5047140763584
2055-07-27 14:00:00,0.0,0.0
2055-07-27 15:00:00,0.0,0.0
2055-07-27 16:00:00,0.0,0.0
2055-07-27 17:00:00,0.0,0.0
2055-07-27 18:00:00,0.0,0.0
2055-07-27 19:00:00,0.0,0.0
2055-07-27 20:00:00,0.0,0.0
2055-07-27 21:00:00,0.0,0.0
2055-07-27 22:00:00,0.0,0.0
2055-07-27 23:00:00,0.0,0.0
2055-07-28 00:00:00,0.0,0.0
2055-07-28 01:00:00,0.0,0.0
2055-07-28 02:00:00,0.0,23.23067256504574
2055-07-28 03:00:00,0.0,92.07793853054494
2055-07-28 04:00:00,0.0,165.14896314423427
2055-07-28 05:00:00,0.0,225.12633594853415
2055-07-28 06:00:00,0.0,272.01005694344474
2055-07-28 07:00:00,0.0,293.1288501843954
2055-07-28 08:00:00,0.0,295.24072950849046
2055-07-28 09:00:00,0.0,278.34569491572995
2055-07-28 10:00:00,0.0,242.02137054129471
2055-07-28 11:00:00,0.0,187.11250811482296
2055-07-28 12:00:00,0.0,116.99811455486673
2055-07-28 13:00:00,0.0,44.34946580599642
2055-07-28 14:00:00,0.0,0.0
2055-07-28 15:00:00,0.0,0.0
2055-07-28 16:00:00,0.0,0.0
2055-07-28 17:00:00,0.0,0.0
2055-07-28 18:00:00,0.0,0.0
2055-07-28 19:00:00,0.0,0.0
2055-07-28 20:00:00,0.0,0.0
2055-07-28 21:00:00,0.0,0.0
2055-07-28 22:00:00,0.0,0.0
2055-07-28 23:00:00,0.0,0.0
2055-07-29 00:00:00,0.0,0.0
2055-07-29 01:00:00,0.0,0.0
2055-07-29 02:00:00,0.0,21.541169105769686
2055-07-29 03:00:00,0.0,82.78566950452665
2055-07-29 04:00:00,0.0,139.80641125509348
2055-07-29 05:00:00,0.0,208.23130135577364
2055-07-29 06:00:00,0.0,261.0282844581503
2055-07-29 07:00:00,0.0,283.4142052935581
2055-07-29 08:00:00,0.0,287.2155880769292
2055-07-29 09:00:00,0.0,270.3205534841686
2055-07-29 10:00:00,0.0,226.81583940781024
2055-07-29 11:00:00,0.0,146.14204922737864
2055-07-29 12:00:00,0.0,57.86549348020484
2055-07-29 13:00:00,0.0,16.89503459276054
2055-07-29 14:00:00,0.0,0.0
2055-07-29 15:00:00,0.0,0.0
2055-07-29 16:00:00,0.0,0.0
2055-07-29 17:00:00,0.0,0.0
2055-07-29 18:00:00,0.0,0.0
2055-07-29 19:00:00,0.0,0.0
2055-07-29 20:00:00,0.0,0.0
2055-07-29 21:00:00,0.0,0.0
2055-07-29 22:00:00,0.0,0.0
2055-07-29 23:00:00,0.0,0.0
2055-07-30 00:00:00,0.0,0.0
2055-07-30 01:00:00,0.0,0.0
2055-07-30 02:00:00,0.0,17.317410457579555
2055-07-30 03:00:00,0.0,67.15776250622315
2055-07-30 04:00:00,0.0,141.91829057918852
2055-07-30 05:00:00,0.0,210.3431806798687
2055-07-30 06:00:00,0.0,251.31363956731303
2055-07-30 07:00:00,0.0,268.2086741600736
2055-07-30 08:00:00,0.0,267.78629829525454
2055-07-30 09:00:00,0.0,242.86612227093275
2055-07-30 10:00:00,0.0,190.9138908981941
2055-07-30 11:00:00,0.0,131.3588939587132
2055-07-30 12:00:00,0.0,65.04588318212808
2055-07-30 13:00:00,0.0,23.653048429864754
2055-07-30 14:00:00,0.0,0.0
2055-07-30 15:00:00,0.0,0.0
2055-07-30 16:00:00,0.0,0.0
2055-07-30 17:00:00,0.0,0.0
2055-07-30 18:00:00,0.0,0.0
2055-07-30 19:00:00,0.0,0.0
2055-07-30 20:00:00,0.0,0.0
2055-07-30 21:00:00,0.0,0.0
2055-07-30 22:00:00,0.0,0.0
2055-07-30 23:00:00,0.0,0.0
2055-07-31 00:00:00,0.0,0.0
2055-07-31 01:00:00,0.0,0.0
2055-07-31 02:00:00,0.0,16.89503459276054
2055-07-31 03:00:00,0.0,59.13262107466189
2055-07-31 04:00:00,0.0,105.59396620475337
2055-07-31 05:00:00,0.0,149.09868028111174
2055-07-31 06:00:00,0.0,188.80201157409905
2055-07-31 07:00:00,0.0,214.14456346323985
2055-07-31 08:00:00,0.0,225.97108767817218
2055-07-31 09:00:00,0.0,231.8843497856384
2055-07-31 10:00:00,0.0,205.27467030204056
2055-07-31 11:00:00,0.0,133.04839741798926
2055-07-31 12:00:00,0.0,52.796983102376686
2055-07-31 13:00:00,0.0,12.671275944570406
2055-07-31 14:00:00,0.0,0.0
2055-07-31 15:00:00,0.0,0.0
2055-07-31 16:00:00,0.0,0.0
2055-07-31 17:00:00,0.0,0.0
2055-07-31 18:00:00,0.0,0.0
2055-07-31 19:00:00,0.0,0.0
2055-07-31 20:00:00,0.0,0.0
2055-07-31 21:00:00,0.0,0.0
2055-07-31 22:00:00,0.0,0.0
2055-07-31 23:00:00,0.0,0.0
2055-08-01 00:00:00,0.0,0.0
2055-08-01 01:00:00,0.0,0.0
2055-08-01 02:00:00,0.0,20.274041511312646
2055-08-01 03:00:00,0.0,71.8038970192323
2055-08-01 04:00:00,0.0,123.75612839197096
2055-08-01 05:00:00,0.0,174.44123217025256
2055-08-01 06:00:00,0.0,220.05782557070603
2055-08-01 07:00:00,0.0,261.0282844581503
2055-08-01 08:00:00,0.0,283.83658115837704
2055-08-01 09:00:00,0.0,261.4506603229693
2055-08-01 10:00:00,0.0,220.05782557070603
2055-08-01 11:00:00,0.0,159.2357010367681
2055-08-01 12:00:00,0.0,85.31992469344074
2055-08-01 13:00:00,0.0,26.187303618778838
2055-08-01 14:00:00,0.0,0.0
2055-08-01 15:00:00,0.0,0.0
2055-08-01 16:00:00,0.0,0.0
2055-08-01 17:00:00,0.0,0.0
2055-08-01 18:00:00,0.0,0.0
2055-08-01 19:00:00,0.0,0.0
2055-08-01 20:00:00,0.0,0.0
2055-08-01 21:00:00,0.0,0.0
2055-08-01 22:00:00,0.0,0.0
2055-08-01 23:00:00,0.0,0.0
2055-08-02 00:00:00,0.0,0.0
2055-08-02 01:00:00,0.0,0.0
2055-08-02 02:00:00,0.0,10.559396620475336
2055-08-02 03:00:00,0.0,56.5983658857478
2055-08-02 04:00:00,0.0,125.023255986428
2055-08-02 05:00:00,0.0,163.45945968495823
2055-08-02 06:00:00,0.0,182.4663736018138
2055-08-02 07:00:00,0.0,175.2859838998906
2055-08-02 08:00:00,0.0,164.30421141459624
2055-08-02 09:00:00,0.0,139.80641125509348
2055-08-02 10:00:00,0.0,116.99811455486673
2055-08-02 11:00:00,0.0,82.78566950452665
2055-08-02 12:00:00,0.0,47.30609685972951
2055-08-02 13:00:00,0.0,18.584538052036592
2055-08-02 14:00:00,0.0,0.0
2055-08-02 15:00:00,0.0,0.0
2055-08-02 16:00:00,0.0,0.0
2055-08-02 17:00:00,0.0,0.0
2055-08-02 18:00:00,0.0,0.0
2055-08-02 19:00:00,0.0,0.0
2055-08-02 20:00:00,0.0,0.0
2055-08-02 21:00:00,0.0,0.0
2055-08-02 22:00:00,0.0,0.0
2055-08-02 23:00:00,0.0,0.0
2055-08-03 00:00:00,0.0,0.0
2055-08-03 01:00:00,0.0,0.0
2055-08-03 02:00:00,0.0,10.98177248529435
2055-08-03 03:00:00,0.0,44.34946580599642
2055-08-03 04:00:00,0.0,80.67379018043158
2055-08-03 05:00:00,0.0,114.04148350113365
2055-08-03 06:00:00,0.0,155.01194238857798
2055-08-03 07:00:00,0.0,205.27467030204056
2055-08-03 08:00:00,0.0,253.42551889140807
2055-08-03 09:00:00,0.0,262.2954120526074
2055-08-03 10:00:00,0.0,228.92771873190534
2055-08-03 11:00:00,0.0,172.75172871097652
2055-08-03 12:00:00,0.0,105.17159033993435
2055-08-03 13:00:00,0.0,36.746700239254174
2055-08-03 14:00:00,0.0,0.0
2055-08-03 15:00:00,0.0,0.0
2055-08-03 16:00:00,0.0,0.0
2055-08-03 17:00:00,0.0,0.0
2055-08-03 18:00:00,0.0,0.0
2055-08-03 19:00:00,0.0,0.0
2055-08-03 20:00:00,0.0,0.0
2055-08-03 21:00:00,0.0,0.0
2055-08-03 22:00:00,0.0,0.0
2055-08-03 23:00:00,0.0,0.0
2055-08-04 00:00:00,0.0,0.0
2055-08-04 01:00:00,0.0,0.0
2055-08-04 02:00:00,0.0,18.584538052036592
2055-08-04 03:00:00,0.0,73.91577634332737
2055-08-04 04:00:00,0.0,144.03016990328362
2055-08-04 05:00:00,0.0,207.38654962613563
2055-08-04 06:00:00,0.0,263.1401637822454
2055-08-04 07:00:00,0.0,281.302325969463
2055-08-04 08:00:00,0.0,274.12193626753975
2055-08-04 09:00:00,0.0,241.59899467647574
2055-08-04 10:00:00,0.0,205.27467030204056
2055-08-04 11:00:00,0.0,159.65807690158707
2055-08-04 12:00:00,0.0,97.99120063801112
2055-08-04 13:00:00,0.0,33.79006918552108
2055-08-04 14:00:00,0.0,0.0
2055-08-04 15:00:00,0.0,0.0
2055-08-04 16:00:00,0.0,0.0
2055-08-04 17:00:00,0.0,0.0
2055-08-04 18:00:00,0.0,0.0
2055-08-04 19:00:00,0.0,0.0
2055-08-04 20:00:00,0.0,0.0
2055-08-04 21:00:00,0.0,0.0
2055-08-04 22:00:00,0.0,0.0
2055-08-04 23:00:00,0.0,0.0
2055-08-05 00:00:00,0.0,0.0
2055-08-05 01:00:00,0.0,0.0
2055-08-05 02:00:00,0.0,8.44751729638027
2055-08-05 03:00:00,0.0,45.61659340045345
2055-08-05 04:00:00,0.0,106.0163420695724
2055-08-05 05:00:00,0.0,171.90697698133846
2055-08-05 06:00:00,0.0,216.6788186521539
2055-08-05 07:00:00,0.0,239.90949121719964
2055-08-05 08:00:00,0.0,244.9780015950278
2055-08-05 09:00:00,0.0,244.5556257302088
2055-08-05 10:00:00,0.0,207.38654962613563
2055-08-05 11:00:00,0.0,158.39094930713006
2055-08-05 12:00:00,0.0,95.03456958427803
2055-08-05 13:00:00,0.0,35.47957264479713
2055-08-05 14:00:00,0.0,0.0
2055-08-05 15:00:00,0.0,0.0
2055-08-05 16:00:00,0.0,0.0
2055-08-05 17:00:00,0.0,0.0
2055-08-05 18:00:00,0.0,0.0
2055-08-05 19:00:00,0.0,0.0
2055-08-05 20:00:00,0.0,0.0
2055-08-05 21:00:00,0.0,0.0
2055-08-05 22:00:00,0.0,0.0
2055-08-05 23:00:00,0.0,0.0
2055-08-06 00:00:00,0.0,0.0
2055-08-06 01:00:00,0.0,0.0
2055-08-06 02:00:00,0.0,12.671275944570406
2055-08-06 03:00:00,0.0,59.13262107466189
2055-08-06 04:00:00,0.0,121.22187320305686
2055-08-06 05:00:00,0.0,180.77687014253777
2055-08-06 06:00:00,0.0,223.85920835407714
2055-08-06 07:00:00,0.0,255.95977408032215
2055-08-06 08:00:00,0.0,266.94154656561653
2055-08-06 09:00:00,0.0,255.95977408032215
2055-08-06 10:00:00,0.0,220.05782557070603
2055-08-06 11:00:00,0.0,168.10559419796738
2055-08-06 12:00:00,0.0,103.4820868806583
2055-08-06 13:00:00,0.0,38.01382783371122
2055-08-06 14:00:00,0.0,0.0
2055-08-06 15:00:00,0.0,0.0
2055-08-06 16:00:00,0.0,0.0
2055-08-06 17:00:00,0.0,0.0
2055-08-06 18:00:00,0.0,0.0
2055-08-06 19:00:00,0.0,0.0
2055-08-06 20:00:00,0.0,0.0
2055-08-06 21:00:00,0.0,0.0
2055-08-06 22:00:00,0.0,0.0
2055-08-06 23:00:00,0.0,0.0
2055-08-07 00:00:00,0.0,0.0
2055-08-07 01:00:00,0.0,0.0
2055-08-07 02:00:00,0.0,11.826524214932377
2055-08-07 03:00:00,0.0,62.93400385803301
2055-08-07 04:00:00,0.0,135.58265260690334
2055-08-07 05:00:00,0.0,191.75864262783213
2055-08-07 06:00:00,0.0,230.19484632636235
2055-08-07 07:00:00,0.0,258.4940292692363
2055-08-07 08:00:00,0.0,266.94154656561653
2055-08-07 09:00:00,0.0,259.33878099887426
2055-08-07 10:00:00,0.0,220.48020143552503
2055-08-07 11:00:00,0.0,168.5279700627864
2055-08-07 12:00:00,0.0,106.0163420695724
2055-08-07 13:00:00,0.0,37.5914519688922
2055-08-07 14:00:00,0.0,0.0
2055-08-07 15:00:00,0.0,0.0
2055-08-07 16:00:00,0.0,0.0
2055-08-07 17:00:00,0.0,0.0
2055-08-07 18:00:00,0.0,0.0
2055-08-07 19:00:00,0.0,0.0
2055-08-07 20:00:00,0.0,0.0
2055-08-07 21:00:00,0.0,0.0
2055-08-07 22:00:00,0.0,0.0
2055-08-07 23:00:00,0.0,0.0
2055-08-08 00:00:00,0.0,0.0
2055-08-08 01:00:00,0.0,0.0
2055-08-08 02:00:00,0.0,14.36077940384646
2055-08-08 03:00:00,0.0,65.46825904694708
2055-08-08 04:00:00,0.0,126.71275944570404
2055-08-08 05:00:00,0.0,177.8202390888047
2055-08-08 06:00:00,0.0,233.15147738009546
2055-08-08 07:00:00,0.0,250.891263702494
2055-08-08 08:00:00,0.0,254.69264648586514
2055-08-08 09:00:00,0.0,252.58076716177004
2055-08-08 10:00:00,0.0,223.85920835407714
2055-08-08 11:00:00,0.0,171.48460111651949
2055-08-08 12:00:00,0.0,97.99120063801112
2055-08-08 13:00:00,0.0,29.566310537330946
2055-08-08 14:00:00,0.0,0.0
2055-08-08 15:00:00,0.0,0.0
2055-08-08 16:00:00,0.0,0.0
2055-08-08 17:00:00,0.0,0.0
2055-08-08 18:00:00,0.0,0.0
2055-08-08 19:00:00,0.0,0.0
2055-08-08 20:00:00,0.0,0.0
2055-08-08 21:00:00,0.0,0.0
2055-08-08 22:00:00,0.0,0.0
2055-08-08 23:00:00,0.0,0.0
2055-08-09 00:00:00,0.0,0.0
2055-08-09 01:00:00,0.0,0.0
2055-08-09 02:00:00,0.0,13.093651809389419
2055-08-09 03:00:00,0.0,62.511627993214
2055-08-09 04:00:00,0.0,127.55751117534209
2055-08-09 05:00:00,0.0,188.37963570928002
2055-08-09 06:00:00,0.0,261.87303618778833
2055-08-09 07:00:00,0.0,278.7680707805489
2055-08-09 08:00:00,0.0,275.38906386199676
2055-08-09 09:00:00,0.0,246.6675050543039
2055-08-09 10:00:00,0.0,206.9641737613166
2055-08-09 11:00:00,0.0,150.7881837403878
2055-08-09 12:00:00,0.0,86.16467642307875
2055-08-09 13:00:00,0.0,27.45443121323588
2055-08-09 14:00:00,0.0,0.0
2055-08-09 15:00:00,0.0,0.0
2055-08-09 16:00:00,0.0,0.0
2055-08-09 17:00:00,0.0,0.0
2055-08-09 18:00:00,0.0,0.0
2055-08-09 19:00:00,0.0,0.0
2055-08-09 20:00:00,0.0,0.0
2055-08-09 21:00:00,0.0,0.0
2055-08-09 22:00:00,0.0,0.0
2055-08-09 23:00:00,0.0,0.0
2055-08-10 00:00:00,0.0,0.0
2055-08-10 01:00:00,0.0,0.0
2055-08-10 02:00:00,0.0,14.36077940384646
2055-08-10 03:00:00,0.0,68.42489010068019
2055-08-10 04:00:00,0.0,135.58265260690334
2055-08-10 05:00:00,0.0,195.13764954638424
2055-08-10 06:00:00,0.0,256.8045258099602
2055-08-10 07:00:00,0.0,273.27718453790175
2055-08-10 08:00:00,0.0,270.3205534841686
2055-08-10 09:00:00,0.0,256.3821499451412
2055-08-10 10:00:00,0.0,219.63544970588703
2055-08-10 11:00:00,0.0,164.30421141459624
2055-08-10 12:00:00,0.0,93.34506612500198
2055-08-10 13:00:00,0.0,24.07542429468377
2055-08-10 14:00:00,0.0,0.0
2055-08-10 15:00:00,0.0,0.0
2055-08-10 16:00:00,0.0,0.0
2055-08-10 17:00:00,0.0,0.0
2055-08-10 18:00:00,0.0,0.0
2055-08-10 19:00:00,0.0,0.0
2055-08-10 20:00:00,0.0,0.0
2055-08-10 21:00:00,0.0,0.0
2055-08-10 22:00:00,0.0,0.0
2055-08-10 23:00:00,0.0,0.0
2055-08-11 00:00:00,0.0,0.0
2055-08-11 01:00:00,0.0,0.0
2055-08-11 02:00:00,0.0,14.783155268665473
2055-08-11 03:00:00,0.0,68.42489010068019
2055-08-11 04:00:00,0.0,134.3155250124463
2055-08-11 05:00:00,0.0,193.44814608710814
2055-08-11 06:00:00,0.0,244.5556257302088
2055-08-11 07:00:00,0.0,266.94154656561653
2055-08-11 08:00:00,0.0,266.51917070079753
2055-08-11 09:00:00,0.0,248.35700851357993
2055-08-11 10:00:00,0.0,210.3431806798687
2055-08-11 11:00:00,0.0,146.56442509219767
2055-08-11 12:00:00,0.0,68.42489010068019
2055-08-11 13:00:00,0.0,14.36077940384646
2055-08-11 14:00:00,0.0,0.0
2055-08-11 15:00:00,0.0,0.0
2055-08-11 16:00:00,0.0,0.0
2055-08-11 17:00:00,0.0,0.0
2055-08-11 18:00:00,0.0,0.0
2055-08-11 19:00:00,0.0,0.0
2055-08-11 20:00:00,0.0,0.0
2055-08-11 21:00:00,0.0,0.0
2055-08-11 22:00:00,0.0,0.0
2055-08-11 23:00:00,0.0,0.0
2055-08-12 00:00:00,0.0,0.0
2055-08-12 01:00:00,0.0,0.0
2055-08-12 02:00:00,0.0,4.646134513009148
2055-08-12 03:00:00,0.0,30.833438131787986
2055-08-12 04:00:00,0.0,70.11439355995624
2055-08-12 05:00:00,0.0,109.81772485294351
2055-08-12 06:00:00,0.0,144.45254576810262
2055-08-12 07:00:00,0.0,179.50974254808074
2055-08-12 08:00:00,0.0,190.9138908981941
2055-08-12 09:00:00,0.0,175.2859838998906
2055-08-12 10:00:00,0.0,155.01194238857798
2055-08-12 11:00:00,0.0,120.37712147341884
2055-08-12 12:00:00,0.0,75.1829039377844
2055-08-12 13:00:00,0.0,28.72155880769292
2055-08-12 14:00:00,0.0,0.0
2055-08-12 15:00:00,0.0,0.0
2055-08-12 16:00:00,0.0,0.0
2055-08-12 17:00:00,0.0,0.0
2055-08-12 18:00:00,0.0,0.0
2055-08-12 19:00:00,0.0,0.0
2055-08-12 20:00:00,0.0,0.0
2055-08-12 21:00:00,0.0,0.0
2055-08-12 22:00:00,0.0,0.0
2055-08-12 23:00:00,0.0,0.0
2055-08-13 00:00:00,0.0,0.0
2055-08-13 01:00:00,0.0,0.0
2055-08-13 02:00:00,0.0,17.317410457579555
2055-08-13 03:00:00,0.0,79.82903845079353
2055-08-13 04:00:00,0.0,149.09868028111174
2055-08-13 05:00:00,0.0,201.89566338348843
2055-08-13 06:00:00,0.0,239.48711535238067
2055-08-13 07:00:00,0.0,261.87303618778833
2055-08-13 08:00:00,0.0,259.33878099887426
2055-08-13 09:00:00,0.0,242.86612227093275
2055-08-13 10:00:00,0.0,205.27467030204056
2055-08-13 11:00:00,0.0,151.63293547002584
2055-08-13 12:00:00,0.0,91.2331868009069
2055-08-13 13:00:00,0.0,29.988686402149956
2055-08-13 14:00:00,0.0,0.0
2055-08-13 15:00:00,0.0,0.0
2055-08-13 16:00:00,0.0,0.0
2055-08-13 17:00:00,0.0,0.0
2055-08-13 18:00:00,0.0,0.0
2055-08-13 19:00:00,0.0,0.0
2055-08-13 20:00:00,0.0,0.0
2055-08-13 21:00:00,0.0,0.0
2055-08-13 22:00:00,0.0,0.0
2055-08-13 23:00:00,0.0,0.0
2055-08-14 00:00:00,0.0,0.0
2055-08-14 01:00:00,0.0,0.0
2055-08-14 02:00:00,0.0,12.24890007975139
2055-08-14 03:00:00,0.0,52.374607237557676
2055-08-14 04:00:00,0.0,95.45694544909705
2055-08-14 05:00:00,0.0,151.63293547002584
2055-08-14 06:00:00,0.0,214.14456346323985
2055-08-14 07:00:00,0.0,248.77938437839896
2055-08-14 08:00:00,0.0,249.624136108037
2055-08-14 09:00:00,0.0,233.57385324491443
2055-08-14 10:00:00,0.0,202.31803924830746
2055-08-14 11:00:00,0.0,149.09868028111174
2055-08-14 12:00:00,0.0,86.16467642307875
2055-08-14 13:00:00,0.0,29.143934672511932
2055-08-14 14:00:00,0.0,0.0
2055-08-14 15:00:00,0.0,0.0
2055-08-14 16:00:00,0.0,0.0
2055-08-14 17:00:00,0.0,0.0
2055-08-14 18:00:00,0.0,0.0
2055-08-14 19:00:00,0.0,0.0
2055-08-14 20:00:00,0.0,0.0
2055-08-14 21:00:00,0.0,0.0
2055-08-14 22:00:00,0.0,0.0
2055-08-14 23:00:00,0.0,0.0
2055-08-15 00:00:00,0.0,0.0
2055-08-15 01:00:00,0.0,0.0
2055-08-15 02:00:00,0.0,19.42928978167462
2055-08-15 03:00:00,0.0,88.69893161199283
2055-08-15 04:00:00,0.0,164.72658727941527
2055-08-15 05:00:00,0.0,226.3934635429912
2055-08-15 06:00:00,0.0,266.0967948359785
2055-08-15 07:00:00,0.0,285.9484604824721
2055-08-15 08:00:00,0.0,286.3708363472912
2055-08-15 09:00:00,0.0,267.78629829525454
2055-08-15 10:00:00,0.0,231.8843497856384
2055-08-15 11:00:00,0.0,176.1307356295286
2055-08-15 12:00:00,0.0,105.59396620475337
2055-08-15 13:00:00,0.0,35.90194850961615
2055-08-15 14:00:00,0.0,0.0
2055-08-15 15:00:00,0.0,0.0
2055-08-15 16:00:00,0.0,0.0
2055-08-15 17:00:00,0.0,0.0
2055-08-15 18:00:00,0.0,0.0
2055-08-15 19:00:00,0.0,0.0
2055-08-15 20:00:00,0.0,0.0
2055-08-15 21:00:00,0.0,0.0
2055-08-15 22:00:00,0.0,0.0
2055-08-15 23:00:00,0.0,0.0
2055-08-16 00:00:00,0.0,0.0
2055-08-16 01:00:00,0.0,0.0
2055-08-16 02:00:00,0.0,16.472658727941525
2055-08-16 03:00:00,0.0,70.95914528959426
2055-08-16 04:00:00,0.0,150.7881837403878
2055-08-16 05:00:00,0.0,216.6788186521539
2055-08-16 06:00:00,0.0,255.53739821550315
2055-08-16 07:00:00,0.0,277.5009431860919
2055-08-16 08:00:00,0.0,281.72470183428203
2055-08-16 09:00:00,0.0,264.82966724152146
2055-08-16 10:00:00,0.0,230.19484632636235
2055-08-16 11:00:00,0.0,174.44123217025256
2055-08-16 12:00:00,0.0,103.4820868806583
2055-08-16 13:00:00,0.0,33.36769332070207
2055-08-16 14:00:00,0.0,0.0
2055-08-16 15:00:00,0.0,0.0
2055-08-16 16:00:00,0.0,0.0
2055-08-16 17:00:00,0.0,0.0
2055-08-16 18:00:00,0.0,0.0
2055-08-16 19:00:00,0.0,0.0
2055-08-16 20:00:00,0.0,0.0
2055-08-16 21:00:00,0.0,0.0
2055-08-16 22:00:00,0.0,0.0
2055-08-16 23:00:00,0.0,0.0
2055-08-17 00:00:00,0.0,0.0
2055-08-17 01:00:00,0.0,0.0
2055-08-17 02:00:00,0.0,8.869893161199283
2055-08-17 03:00:00,0.0,53.64173483201471
2055-08-17 04:00:00,0.0,131.7812698235322
2055-08-17 05:00:00,0.0,206.9641737613166
2055-08-17 06:00:00,0.0,257.22690167477924
2055-08-17 07:00:00,0.0,285.52608461765317
2055-08-17 08:00:00,0.0,292.28409845475727
2055-08-17 09:00:00,0.0,279.19044664536796
2055-08-17 10:00:00,0.0,244.5556257302088
2055-08-17 11:00:00,0.0,190.06913916855606
2055-08-17 12:00:00,0.0,118.26524214932377
2055-08-17 13:00:00,0.0,41.815210617082336
2055-08-17 14:00:00,0.0,0.0
2055-08-17 15:00:00,0.0,0.0
2055-08-17 16:00:00,0.0,0.0
2055-08-17 17:00:00,0.0,0.0
2055-08-17 18:00:00,0.0,0.0
2055-08-17 19:00:00,0.0,0.0
2055-08-17 20:00:00,0.0,0.0
2055-08-17 21:00:00,0.0,0.0
2055-08-17 22:00:00,0.0,0.0
2055-08-17 23:00:00,0.0,0.0
2055-08-18 00:00:00,0.0,0.0
2055-08-18 01:00:00,0.0,0.0
2055-08-18 02:00:00,0.0,19.851665646493636
2055-08-18 03:00:00,0.0,93.34506612500198
2055-08-18 04:00:00,0.0,171.90697698133846
2055-08-18 05:00:00,0.0,233.99622910973346
2055-08-18 06:00:00,0.0,273.27718453790175
2055-08-18 07:00:00,0.0,292.28409845475727
2055-08-18 08:00:00,0.0,293.9736019140334
2055-08-18 09:00:00,0.0,274.9666879971778
2055-08-18 10:00:00,0.0,237.7976118931046
2055-08-18 11:00:00,0.0,182.04399773699484
2055-08-18 12:00:00,0.0,110.24010071776252
2055-08-18 13:00:00,0.0,37.169076104073184
2055-08-18 14:00:00,0.0,0.0
2055-08-18 15:00:00,0.0,0.0
2055-08-18 16:00:00,0.0,0.0
2055-08-18 17:00:00,0.0,0.0
2055-08-18 18:00:00,0.0,0.0
2055-08-18 19:00:00,0.0,0.0
2055-08-18 20:00:00,0.0,0.0
2055-08-18 21:00:00,0.0,0.0
2055-08-18 22:00:00,0.0,0.0
2055-08-18 23:00:00,0.0,0.0
2055-08-19 00:00:00,0.0,0.0
2055-08-19 01:00:00,0.0,0.0
2055-08-19 02:00:00,0.0,19.42928978167462
2055-08-19 03:00:00,0.0,93.767441989821
2055-08-19 04:00:00,0.0,174.86360803507156
2055-08-19 05:00:00,0.0,239.06473948756167
2055-08-19 06:00:00,0.0,281.302325969463
2055-08-19 07:00:00,0.0,302.4211192104137
2055-08-19 08:00:00,0.0,304.95537439932775
2055-08-19 09:00:00,0.0,286.7932122121102
2055-08-19 10:00:00,0.0,250.891263702494
2055-08-19 11:00:00,0.0,194.7152736815652
2055-08-19 12:00:00,0.0,120.79949733823787
2055-08-19 13:00:00,0.0,42.237586481901346
2055-08-19 14:00:00,0.0,0.0
2055-08-19 15:00:00,0.0,0.0
2055-08-19 16:00:00,0.0,0.0
2055-08-19 17:00:00,0.0,0.0
2055-08-19 18:00:00,0.0,0.0
2055-08-19 19:00:00,0.0,0.0
2055-08-19 20:00:00,0.0,0.0
2055-08-19 21:00:00,0.0,0.0
2055-08-19 22:00:00,0.0,0.0
2055-08-19 23:00:00,0.0,0.0
2055-08-20 00:00:00,0.0,0.0
2055-08-20 01:00:00,0.0,0.0
2055-08-20 02:00:00,0.0,19.851665646493636
2055-08-20 03:00:00,0.0,91.2331868009069
2055-08-20 04:00:00,0.0,176.1307356295286
2055-08-20 05:00:00,0.0,240.75424294683768
2055-08-20 06:00:00,0.0,284.25895702319616
2055-08-20 07:00:00,0.0,304.95537439932775
2055-08-20 08:00:00,0.0,307.9120054530609
2055-08-20 09:00:00,0.0,288.06033980656724
2055-08-20 10:00:00,0.0,251.73601543213204
2055-08-20 11:00:00,0.0,195.56002541120324
2055-08-20 12:00:00,0.0,122.06662493269488
2055-08-20 13:00:00,0.0,42.237586481901346
2055-08-20 14:00:00,0.0,0.0
2055-08-20 15:00:00,0.0,0.0
2055-08-20 16:00:00,0.0,0.0
2055-08-20 17:00:00,0.0,0.0
2055-08-20 18:00:00,0.0,0.0
2055-08-20 19:00:00,0.0,0.0
2055-08-20 20:00:00,0.0,0.0
2055-08-20 21:00:00,0.0,0.0
2055-08-20 22:00:00,0.0,0.0
2055-08-20 23:00:00,0.0,0.0
2055-08-21 00:00:00,0.0,0.0
2055-08-21 01:00:00,0.0,0.0
2055-08-21 02:00:00,0.0,18.16216218721758
2055-08-21 03:00:00,0.0,87.43180401753578
2055-08-21 04:00:00,0.0,165.5713390090533
2055-08-21 05:00:00,0.0,238.2199877579236
2055-08-21 06:00:00,0.0,282.99182942873904
2055-08-21 07:00:00,0.0,306.64487785860376
2055-08-21 08:00:00,0.0,309.1791330475179
2055-08-21 09:00:00,0.0,292.28409845475727
2055-08-21 10:00:00,0.0,255.11502235068417
2055-08-21 11:00:00,0.0,198.09428060011732
2055-08-21 12:00:00,0.0,122.91137666233293
2055-08-21 13:00:00,0.0,42.65996234672037
2055-08-21 14:00:00,0.0,0.0
2055-08-21 15:00:00,0.0,0.0
2055-08-21 16:00:00,0.0,0.0
2055-08-21 17:00:00,0.0,0.0
2055-08-21 18:00:00,0.0,0.0
2055-08-21 19:00:00,0.0,0.0
2055-08-21 20:00:00,0.0,0.0
2055-08-21 21:00:00,0.0,0.0
2055-08-21 22:00:00,0.0,0.0
2055-08-21 23:00:00,0.0,0.0
2055-08-22 00:00:00,0.0,0.0
2055-08-22 01:00:00,0.0,0.0
2055-08-22 02:00:00,0.0,19.42928978167462
2055-08-22 03:00:00,0.0,95.45694544909705
2055-08-22 04:00:00,0.0,176.1307356295286
2055-08-22 05:00:00,0.0,239.48711535238067
2055-08-22 06:00:00,0.0,281.302325969463
2055-08-22 07:00:00,0.0,301.9987433455946
2055-08-22 08:00:00,0.0,303.2658709400517
2055-08-22 09:00:00,0.0,285.9484604824721
2055-08-22 10:00:00,0.0,249.20176024321796
2055-08-22 11:00:00,0.0,192.18101849265113
2055-08-22 12:00:00,0.0,117.84286628450477
2055-08-22 13:00:00,0.0,39.70333129298727
2055-08-22 14:00:00,0.0,0.0
2055-08-22 15:00:00,0.0,0.0
2055-08-22 16:00:00,0.0,0.0
2055-08-22 17:00:00,0.0,0.0
2055-08-22 18:00:00,0.0,0.0
2055-08-22 19:00:00,0.0,0.0
2055-08-22 20:00:00,0.0,0.0
2055-08-22 21:00:00,0.0,0.0
2055-08-22 22:00:00,0.0,0.0
2055-08-22 23:00:00,0.0,0.0
2055-08-23 00:00:00,0.0,0.0
2055-08-23 01:00:00,0.0,0.0
2055-08-23 02:00:00,0.0,19.42928978167462
2055-08-23 03:00:00,0.0,95.45694544909705
2055-08-23 04:00:00,0.0,175.2859838998906
2055-08-23 05:00:00,0.0,237.7976118931046
2055-08-23 06:00:00,0.0,279.19044664536796
2055-08-23 07:00:00,0.0,299.4644881566806
2055-08-23 08:00:00,0.0,300.30923988631855
2055-08-23 09:00:00,0.0,284.25895702319616
2055-08-23 10:00:00,0.0,247.51225678394192
2055-08-23 11:00:00,0.0,191.3362667630131
2055-08-23 12:00:00,0.0,117.84286628450477
2055-08-23 13:00:00,0.0,39.70333129298727
2055-08-23 14:00:00,0.0,0.0
2055-08-23 15:00:00,0.0,0.0
2055-08-23 16:00:00,0.0,0.0
2055-08-23 17:00:00,0.0,0.0
2055-08-23 18:00:00,0.0,0.0
2055-08-23 19:00:00,0.0,0.0
2055-08-23 20:00:00,0.0,0.0
2055-08-23 21:00:00,0.0,0.0
2055-08-23 22:00:00,0.0,0.0
2055-08-23 23:00:00,0.0,0.0
2055-08-24 00:00:00,0.0,0.0
2055-08-24 01:00:00,0.0,0.0
2055-08-24 02:00:00,0.0,20.274041511312646
2055-08-24 03:00:00,0.0,100.1030799621062
2055-08-24 04:00:00,0.0,182.04399773699484
2055-08-24 05:00:00,0.0,245.40037745984682
2055-08-24 06:00:00,0.0,285.9484604824721
2055-08-24 07:00:00,0.0,306.2225019937848
2055-08-24 08:00:00,0.0,307.0672537234228
2055-08-24 09:00:00,0.0,290.17221913066226
2055-08-24 10:00:00,0.0,253.8478947562271
2055-08-24 11:00:00,0.0,197.67190473529828
2055-08-24 12:00:00,0.0,122.91137666233293
2055-08-24 13:00:00,0.0,42.237586481901346
2055-08-24 14:00:00,0.0,0.0
2055-08-24 15:00:00,0.0,0.0
2055-08-24 16:00:00,0.0,0.0
2055-08-24 17:00:00,0.0,0.0
2055-08-24 18:00:00,0.0,0.0
2055-08-24 19:00:00,0.0,0.0
2055-08-24 20:00:00,0.0,0.0
2055-08-24 21:00:00,0.0,0.0
2055-08-24 22:00:00,0.0,0.0
2055-08-24 23:00:00,0.0,0.0
2055-08-25 00:00:00,0.0,0.0
2055-08-25 01:00:00,0.0,0.0
2055-08-25 02:00:00,0.0,20.696417376131663
2055-08-25 03:00:00,0.0,100.94783169174421
2055-08-25 04:00:00,0.0,182.04399773699484
2055-08-25 05:00:00,0.0,244.5556257302088
2055-08-25 06:00:00,0.0,284.25895702319616
2055-08-25 07:00:00,0.0,303.6882468048707
2055-08-25 08:00:00,0.0,304.11062266968975
2055-08-25 09:00:00,0.0,286.7932122121102
2055-08-25 10:00:00,0.0,250.046511972856
2055-08-25 11:00:00,0.0,193.87052195192717
2055-08-25 12:00:00,0.0,119.95474560859982
2055-08-25 13:00:00,0.0,40.12570715780628
2055-08-25 14:00:00,0.0,0.0
2055-08-25 15:00:00,0.0,0.0
2055-08-25 16:00:00,0.0,0.0
2055-08-25 17:00:00,0.0,0.0
2055-08-25 18:00:00,0.0,0.0
2055-08-25 19:00:00,0.0,0.0
2055-08-25 20:00:00,0.0,0.0
2055-08-25 21:00:00,0.0,0.0
2055-08-25 22:00:00,0.0,0.0
2055-08-25 23:00:00,0.0,0.0
2055-08-26 00:00:00,0.0,0.0
2055-08-26 01:00:00,0.0,0.0
2055-08-26 02:00:00,0.0,18.584538052036592
2055-08-26 03:00:00,0.0,94.61219371945903
2055-08-26 04:00:00,0.0,174.44123217025256
2055-08-26 05:00:00,0.0,236.9528601634666
2055-08-26 06:00:00,0.0,276.6561914564538
2055-08-26 07:00:00,0.0,296.5078571029474
2055-08-26 08:00:00,0.0,297.3526088325855
2055-08-26 09:00:00,0.0,282.56945356392004
2055-08-26 10:00:00,0.0,246.24512918948486
2055-08-26 11:00:00,0.0,190.06913916855606
2055-08-26 12:00:00,0.0,115.73098696040968
2055-08-26 13:00:00,0.0,38.01382783371122
2055-08-26 14:00:00,0.0,0.0
2055-08-26 15:00:00,0.0,0.0
2055-08-26 16:00:00,0.0,0.0
2055-08-26 17:00:00,0.0,0.0
2055-08-26 18:00:00,0.0,0.0
2055-08-26 19:00:00,0.0,0.0
2055-08-26 20:00:00,0.0,0.0
2055-08-26 21:00:00,0.0,0.0
2055-08-26 22:00:00,0.0,0.0
2055-08-26 23:00:00,0.0,0.0
2055-08-27 00:00:00,0.0,0.0
2055-08-27 01:00:00,0.0,0.0
2055-08-27 02:00:00,0.0,9.292269026018296
2055-08-27 03:00:00,0.0,50.68510377828162
2055-08-27 04:00:00,0.0,100.94783169174421
2055-08-27 05:00:00,0.0,146.14204922737864
2055-08-27 06:00:00,0.0,186.26775638518495
2055-08-27 07:00:00,0.0,209.07605308541167
2055-08-27 08:00:00,0.0,219.63544970588703
2055-08-27 09:00:00,0.0,235.26335670419053
2055-08-27 10:00:00,0.0,228.0829670022673
2055-08-27 11:00:00,0.0,182.04399773699484
2055-08-27 12:00:00,0.0,112.35198004185759
2055-08-27 13:00:00,0.0,37.169076104073184
2055-08-27 14:00:00,0.0,0.0
2055-08-27 15:00:00,0.0,0.0
2055-08-27 16:00:00,0.0,0.0
2055-08-27 17:00:00,0.0,0.0
2055-08-27 18:00:00,0.0,0.0
2055-08-27 19:00:00,0.0,0.0
2055-08-27 20:00:00,0.0,0.0
2055-08-27 21:00:00,0.0,0.0
2055-08-27 22:00:00,0.0,0.0
2055-08-27 23:00:00,0.0,0.0
2055-08-28 00:00:00,0.0,0.0
2055-08-28 01:00:00,0.0,0.0
2055-08-28 02:00:00,0.0,16.89503459276054
2055-08-28 03:00:00,0.0,93.767441989821
2055-08-28 04:00:00,0.0,180.35449427771874
2055-08-28 05:00:00,0.0,244.5556257302088
2055-08-28 06:00:00,0.0,285.1037087528341
2055-08-28 07:00:00,0.0,301.1539916159566
2055-08-28 08:00:00,0.0,284.6813328880151
2055-08-28 09:00:00,0.0,242.02137054129471
2055-08-28 10:00:00,0.0,191.3362667630131
2055-08-28 11:00:00,0.0,138.53928366063644
2055-08-28 12:00:00,0.0,87.8541798823548
2055-08-28 13:00:00,0.0,32.52294159106404
2055-08-28 14:00:00,0.0,0.0
2055-08-28 15:00:00,0.0,0.0
2055-08-28 16:00:00,0.0,0.0
2055-08-28 17:00:00,0.0,0.0
2055-08-28 18:00:00,0.0,0.0
2055-08-28 19:00:00,0.0,0.0
2055-08-28 20:00:00,0.0,0.0
2055-08-28 21:00:00,0.0,0.0
2055-08-28 22:00:00,0.0,0.0
2055-08-28 23:00:00,0.0,0.0
2055-08-29 00:00:00,0.0,0.0
2055-08-29 01:00:00,0.0,0.0
2055-08-29 02:00:00,0.0,17.317410457579555
2055-08-29 03:00:00,0.0,92.50031439536396
2055-08-29 04:00:00,0.0,171.06222525170045
2055-08-29 05:00:00,0.0,231.8843497856384
2055-08-29 06:00:00,0.0,267.36392243043554
2055-08-29 07:00:00,0.0,279.19044664536796
2055-08-29 08:00:00,0.0,281.72470183428203
2055-08-29 09:00:00,0.0,269.8981776193496
2055-08-29 10:00:00,0.0,239.90949121719964
2055-08-29 11:00:00,0.0,186.69013225000396
2055-08-29 12:00:00,0.0,113.61910763631462
2055-08-29 13:00:00,0.0,36.746700239254174
2055-08-29 14:00:00,0.0,0.0
2055-08-29 15:00:00,0.0,0.0
2055-08-29 16:00:00,0.0,0.0
2055-08-29 17:00:00,0.0,0.0
2055-08-29 18:00:00,0.0,0.0
2055-08-29 19:00:00,0.0,0.0
2055-08-29 20:00:00,0.0,0.0
2055-08-29 21:00:00,0.0,0.0
2055-08-29 22:00:00,0.0,0.0
2055-08-29 23:00:00,0.0,0.0
2055-08-30 00:00:00,0.0,0.0
2055-08-30 01:00:00,0.0,0.0
2055-08-30 02:00:00,0.0,12.24890007975139
2055-08-30 03:00:00,0.0,74.33815220814637
2055-08-30 04:00:00,0.0,162.19233209050117
2055-08-30 05:00:00,0.0,235.68573256900953
2055-08-30 06:00:00,0.0,281.72470183428203
2055-08-30 07:00:00,0.0,304.5329985345087
2055-08-30 08:00:00,0.0,304.95537439932775
2055-08-30 09:00:00,0.0,282.99182942873904
2055-08-30 10:00:00,0.0,238.64236362274264
2055-08-30 11:00:00,0.0,181.19924600735678
2055-08-30 12:00:00,0.0,110.24010071776252
2055-08-30 13:00:00,0.0,35.47957264479713
2055-08-30 14:00:00,0.0,0.0
2055-08-30 15:00:00,0.0,0.0
2055-08-30 16:00:00,0.0,0.0
2055-08-30 17:00:00,0.0,0.0
2055-08-30 18:00:00,0.0,0.0
2055-08-30 19:00:00,0.0,0.0
2055-08-30 20:00:00,0.0,0.0
2055-08-30 21:00:00,0.0,0.0
2055-08-30 22:00:00,0.0,0.0
2055-08-30 23:00:00,0.0,0.0
2055-08-31 00:00:00,0.0,0.0
2055-08-31 01:00:00,0.0,0.0
2055-08-31 02:00:00,0.0,14.36077940384646
2055-08-31 03:00:00,0.0,82.78566950452665
2055-08-31 04:00:00,0.0,166.4160907386913
2055-08-31 05:00:00,0.0,236.9528601634666
2055-08-31 06:00:00,0.0,281.302325969463
2055-08-31 07:00:00,0.0,301.5763674807757
2055-08-31 08:00:00,0.0,303.2658709400517
2055-08-31 09:00:00,0.0,286.3708363472912
2055-08-31 10:00:00,0.0,249.624136108037
2055-08-31 11:00:00,0.0,192.60339435747017
2055-08-31 12:00:00,0.0,117.84286628450477
2055-08-31 13:00:00,0.0,38.01382783371122
2055-08-31 14:00:00,0.0,0.0
2055-08-31 15:00:00,0.0,0.0
2055-08-31 16:00:00,0.0,0.0
2055-08-31 17:00:00,0.0,0.0
2055-08-31 18:00:00,0.0,0.0
2055-08-31 19:00:00,0.0,0.0
2055-08-31 20:00:00,0.0,0.0
2055-08-31 21:00:00,0.0,0.0
2055-08-31 22:00:00,0.0,0.0
2055-08-31 23:00:00,0.0,0.0
2055-09-01 00:00:00,0.0,0.0
2055-09-01 01:00:00,0.0,0.0
2055-09-01 02:00:00,0.0,16.89503459276054
2055-09-01 03:00:00,0.0,93.34506612500198
2055-09-01 04:00:00,0.0,174.86360803507156
2055-09-01 05:00:00,0.0,237.7976118931046
2055-09-01 06:00:00,0.0,280.87995010464397
2055-09-01 07:00:00,0.0,299.88686402149955
2055-09-01 08:00:00,0.0,294.39597777885234
2055-09-01 09:00:00,0.0,268.2086741600736
2055-09-01 10:00:00,0.0,226.3934635429912
2055-09-01 11:00:00,0.0,186.26775638518495
2055-09-01 12:00:00,0.0,116.15336282522871
2055-09-01 13:00:00,0.0,36.746700239254174
2055-09-01 14:00:00,0.0,0.0
2055-09-01 15:00:00,0.0,0.0
2055-09-01 16:00:00,0.0,0.0
2055-09-01 17:00:00,0.0,0.0
2055-09-01 18:00:00,0.0,0.0
2055-09-01 19:00:00,0.0,0.0
2055-09-01 20:00:00,0.0,0.0
2055-09-01 21:00:00,0.0,0.0
2055-09-01 22:00:00,0.0,0.0
2055-09-01 23:00:00,0.0,0.0
2055-09-02 00:00:00,0.0,0.0
2055-09-02 01:00:00,0.0,0.0
2055-09-02 02:00:00,0.0,9.71464489083731
2055-09-02 03:00:00,0.0,55.753614156109776
2055-09-02 04:00:00,0.0,110.24010071776252
2055-09-02 05:00:00,0.0,169.37272179242441
2055-09-02 06:00:00,0.0,214.14456346323985
2055-09-02 07:00:00,0.0,234.41860497455252
2055-09-02 08:00:00,0.0,226.81583940781024
2055-09-02 09:00:00,0.0,208.65367722059264
2055-09-02 10:00:00,0.0,199.36140819457438
2055-09-02 11:00:00,0.0,173.59648044061453
2055-09-02 12:00:00,0.0,108.97297312330548
2055-09-02 13:00:00,0.0,35.05719677997812
2055-09-02 14:00:00,0.0,0.0
2055-09-02 15:00:00,0.0,0.0
2055-09-02 16:00:00,0.0,0.0
2055-09-02 17:00:00,0.0,0.0
2055-09-02 18:00:00,0.0,0.0
2055-09-02 19:00:00,0.0,0.0
2055-09-02 20:00:00,0.0,0.0
2055-09-02 21:00:00,0.0,0.0
2055-09-02 22:00:00,0.0,0.0
2055-09-02 23:00:00,0.0,0.0
2055-09-03 00:00:00,0.0,0.0
2055-09-03 01:00:00,0.0,0.0
2055-09-03 02:00:00,0.0,11.404148350113363
2055-09-03 03:00:00,0.0,70.95914528959426
2055-09-03 04:00:00,0.0,155.85669411821596
2055-09-03 05:00:00,0.0,228.92771873190534
2055-09-03 06:00:00,0.0,278.34569491572995
2055-09-03 07:00:00,0.0,299.04211229186154
2055-09-03 08:00:00,0.0,301.5763674807757
2055-09-03 09:00:00,0.0,280.87995010464397
2055-09-03 10:00:00,0.0,240.33186708201868
2055-09-03 11:00:00,0.0,176.55311149434763
2055-09-03 12:00:00,0.0,100.52545582692521
2055-09-03 13:00:00,0.0,29.143934672511932
2055-09-03 14:00:00,0.0,0.0
2055-09-03 15:00:00,0.0,0.0
2055-09-03 16:00:00,0.0,0.0
2055-09-03 17:00:00,0.0,0.0
2055-09-03 18:00:00,0.0,0.0
2055-09-03 19:00:00,0.0,0.0
2055-09-03 20:00:00,0.0,0.0
2055-09-03 21:00:00,0.0,0.0
2055-09-03 22:00:00,0.0,0.0
2055-09-03 23:00:00,0.0,0.0
2055-09-04 00:00:00,0.0,0.0
2055-09-04 01:00:00,0.0,0.0
2055-09-04 02:00:00,0.0,12.671275944570406
2055-09-04 03:00:00,0.0,81.51854191006962
2055-09-04 04:00:00,0.0,175.2859838998906
2055-09-04 05:00:00,0.0,243.71087400057078
2055-09-04 06:00:00,0.0,286.3708363472912
2055-09-04 07:00:00,0.0,307.0672537234228
2055-09-04 08:00:00,0.0,307.9120054530609
2055-09-04 09:00:00,0.0,287.6379639417482
2055-09-04 10:00:00,0.0,250.46888783767497
2055-09-04 11:00:00,0.0,192.60339435747017
2055-09-04 12:00:00,0.0,116.57573869004773
2055-09-04 13:00:00,0.0,35.90194850961615
2055-09-04 14:00:00,0.0,0.0
2055-09-04 15:00:00,0.0,0.0
2055-09-04 16:00:00,0.0,0.0
2055-09-04 17:00:00,0.0,0.0
2055-09-04 18:00:00,0.0,0.0
2055-09-04 19:00:00,0.0,0.0
2055-09-04 20:00:00,0.0,0.0
2055-09-04 21:00:00,0.0,0.0
2055-09-04 22:00:00,0.0,0.0
2055-09-04 23:00:00,0.0,0.0
2055-09-05 00:00:00,0.0,0.0
2055-09-05 01:00:00,0.0,0.0
2055-09-05 02:00:00,0.0,7.602765566742243
2055-09-05 03:00:00,0.0,58.71024520984289
2055-09-05 04:00:00,0.0,137.69453193099838
2055-09-05 05:00:00,0.0,225.97108767817218
2055-09-05 06:00:00,0.0,273.69956040272075
2055-09-05 07:00:00,0.0,296.0854812381284
2055-09-05 08:00:00,0.0,296.0854812381284
2055-09-05 09:00:00,0.0,277.9233190509109
2055-09-05 10:00:00,0.0,240.75424294683768
2055-09-05 11:00:00,0.0,184.15587706108988
2055-09-05 12:00:00,0.0,108.97297312330548
2055-09-05 13:00:00,0.0,32.10056572624502
2055-09-05 14:00:00,0.0,0.0
2055-09-05 15:00:00,0.0,0.0
2055-09-05 16:00:00,0.0,0.0
2055-09-05 17:00:00,0.0,0.0
2055-09-05 18:00:00,0.0,0.0
2055-09-05 19:00:00,0.0,0.0
2055-09-05 20:00:00,0.0,0.0
2055-09-05 21:00:00,0.0,0.0
2055-09-05 22:00:00,0.0,0.0
2055-09-05 23:00:00,0.0,0.0
2055-09-06 00:00:00,0.0,0.0
2055-09-06 01:00:00,0.0,0.0
2055-09-06 02:00:00,0.0,12.24890007975139
2055-09-06 03:00:00,0.0,74.76052807296539
2055-09-06 04:00:00,0.0,146.14204922737864
2055-09-06 05:00:00,0.0,210.76555654468774
2055-09-06 06:00:00,0.0,261.4506603229693
2055-09-06 07:00:00,0.0,289.32746740102425
2055-09-06 08:00:00,0.0,291.0169708603003
2055-09-06 09:00:00,0.0,276.2338155916348
2055-09-06 10:00:00,0.0,240.33186708201868
2055-09-06 11:00:00,0.0,183.31112533145185
2055-09-06 12:00:00,0.0,109.3953489881245
2055-09-06 13:00:00,0.0,32.10056572624502
2055-09-06 14:00:00,0.0,0.0
2055-09-06 15:00:00,0.0,0.0
2055-09-06 16:00:00,0.0,0.0
2055-09-06 17:00:00,0.0,0.0
2055-09-06 18:00:00,0.0,0.0
2055-09-06 19:00:00,0.0,0.0
2055-09-06 20:00:00,0.0,0.0
2055-09-06 21:00:00,0.0,0.0
2055-09-06 22:00:00,0.0,0.0
2055-09-06 23:00:00,0.0,0.0
2055-09-07 00:00:00,0.0,0.0
2055-09-07 01:00:00,0.0,0.0
2055-09-07 02:00:00,0.0,4.646134513009148
2055-09-07 03:00:00,0.0,43.08233821153937
2055-09-07 04:00:00,0.0,113.61910763631462
2055-09-07 05:00:00,0.0,207.38654962613563
2055-09-07 06:00:00,0.0,264.40729137670246
2055-09-07 07:00:00,0.0,281.72470183428203
2055-09-07 08:00:00,0.0,284.6813328880151
2055-09-07 09:00:00,0.0,273.27718453790175
2055-09-07 10:00:00,0.0,238.2199877579236
2055-09-07 11:00:00,0.0,182.04399773699484
2055-09-07 12:00:00,0.0,106.86109379921041
2055-09-07 13:00:00,0.0,28.72155880769292
2055-09-07 14:00:00,0.0,0.0
2055-09-07 15:00:00,0.0,0.0
2055-09-07 16:00:00,0.0,0.0
2055-09-07 17:00:00,0.0,0.0
2055-09-07 18:00:00,0.0,0.0
2055-09-07 19:00:00,0.0,0.0
2055-09-07 20:00:00,0.0,0.0
2055-09-07 21:00:00,0.0,0.0
2055-09-07 22:00:00,0.0,0.0
2055-09-07 23:00:00,0.0,0.0
2055-09-08 00:00:00,0.0,0.0
2055-09-08 01:00:00,0.0,0.0
2055-09-08 02:00:00,0.0,7.18038970192323
2055-09-08 03:00:00,0.0,48.15084858936754
2055-09-08 04:00:00,0.0,103.90446274547733
2055-09-08 05:00:00,0.0,168.5279700627864
2055-09-08 06:00:00,0.0,228.92771873190534
2055-09-08 07:00:00,0.0,274.54431213235875
2055-09-08 08:00:00,0.0,289.32746740102425
2055-09-08 09:00:00,0.0,268.6310500248926
2055-09-08 10:00:00,0.0,228.5053428670863
2055-09-08 11:00:00,0.0,167.26084246832934
2055-09-08 12:00:00,0.0,93.767441989821
2055-09-08 13:00:00,0.0,23.23067256504574
2055-09-08 14:00:00,0.0,0.0
2055-09-08 15:00:00,0.0,0.0
2055-09-08 16:00:00,0.0,0.0
2055-09-08 17:00:00,0.0,0.0
2055-09-08 18:00:00,0.0,0.0
2055-09-08 19:00:00,0.0,0.0
2055-09-08 20:00:00,0.0,0.0
2055-09-08 21:00:00,0.0,0.0
2055-09-08 22:00:00,0.0,0.0
2055-09-08 23:00:00,0.0,0.0
2055-09-09 00:00:00,0.0,0.0
2055-09-09 01:00:00,0.0,0.0
2055-09-09 02:00:00,0.0,8.869893161199283
2055-09-09 03:00:00,0.0,65.46825904694708
2055-09-09 04:00:00,0.0,135.58265260690334
2055-09-09 05:00:00,0.0,198.51665646493635
2055-09-09 06:00:00,0.0,260.6059085933313
2055-09-09 07:00:00,0.0,285.9484604824721
2055-09-09 08:00:00,0.0,288.90509153620525
2055-09-09 09:00:00,0.0,274.54431213235875
2055-09-09 10:00:00,0.0,239.06473948756167
2055-09-09 11:00:00,0.0,179.93211841289974
2055-09-09 12:00:00,0.0,104.74921447511535
2055-09-09 13:00:00,0.0,30.411062266968973
2055-09-09 14:00:00,0.0,0.0
2055-09-09 15:00:00,0.0,0.0
2055-09-09 16:00:00,0.0,0.0
2055-09-09 17:00:00,0.0,0.0
2055-09-09 18:00:00,0.0,0.0
2055-09-09 19:00:00,0.0,0.0
2055-09-09 20:00:00,0.0,0.0
2055-09-09 21:00:00,0.0,0.0
2055-09-09 22:00:00,0.0,0.0
2055-09-09 23:00:00,0.0,0.0
2055-09-10 00:00:00,0.0,0.0
2055-09-10 01:00:00,0.0,0.0
2055-09-10 02:00:00,0.0,10.137020755656323
2055-09-10 03:00:00,0.0,64.62350731730908
2055-09-10 04:00:00,0.0,129.66939049943713
2055-09-10 05:00:00,0.0,169.37272179242441
2055-09-10 06:00:00,0.0,204.85229443722153
2055-09-10 07:00:00,0.0,223.4368324892581
2055-09-10 08:00:00,0.0,213.72218759842082
2055-09-10 09:00:00,0.0,201.47328751866942
2055-09-10 10:00:00,0.0,175.2859838998906
2055-09-10 11:00:00,0.0,127.55751117534209
2055-09-10 12:00:00,0.0,73.91577634332737
2055-09-10 13:00:00,0.0,18.584538052036592
2055-09-10 14:00:00,0.0,0.0
2055-09-10 15:00:00,0.0,0.0
2055-09-10 16:00:00,0.0,0.0
2055-09-10 17:00:00,0.0,0.0
2055-09-10 18:00:00,0.0,0.0
2055-09-10 19:00:00,0.0,0.0
2055-09-10 20:00:00,0.0,0.0
2055-09-10 21:00:00,0.0,0.0
2055-09-10 22:00:00,0.0,0.0
2055-09-10 23:00:00,0.0,0.0
2055-09-11 00:00:00,0.0,0.0
2055-09-11 01:00:00,0.0,0.0
2055-09-11 02:00:00,0.0,13.516027674208432
2055-09-11 03:00:00,0.0,87.8541798823548
2055-09-11 04:00:00,0.0,169.79509765724345
2055-09-11 05:00:00,0.0,237.37523602828557
2055-09-11 06:00:00,0.0,283.4142052935581
2055-09-11 07:00:00,0.0,306.2225019937848
2055-09-11 08:00:00,0.0,304.95537439932775
2055-09-11 09:00:00,0.0,274.12193626753975
2055-09-11 10:00:00,0.0,215.41169105769688
2055-09-11 11:00:00,0.0,129.24701463461815
2055-09-11 12:00:00,0.0,56.17599002092879
2055-09-11 13:00:00,0.0,10.137020755656323
2055-09-11 14:00:00,0.0,0.0
2055-09-11 15:00:00,0.0,0.0
2055-09-11 16:00:00,0.0,0.0
2055-09-11 17:00:00,0.0,0.0
2055-09-11 18:00:00,0.0,0.0
2055-09-11 19:00:00,0.0,0.0
2055-09-11 20:00:00,0.0,0.0
2055-09-11 21:00:00,0.0,0.0
2055-09-11 22:00:00,0.0,0.0
2055-09-11 23:00:00,0.0,0.0
2055-09-12 00:00:00,0.0,0.0
2055-09-12 01:00:00,0.0,0.0
2055-09-12 02:00:00,0.0,15.205531133484486
2055-09-12 03:00:00,0.0,97.56882477319212
2055-09-12 04:00:00,0.0,181.6216218721758
2055-09-12 05:00:00,0.0,246.24512918948486
2055-09-12 06:00:00,0.0,288.48271567138625
2055-09-12 07:00:00,0.0,307.4896295882418
2055-09-12 08:00:00,0.0,303.6882468048707
2055-09-12 09:00:00,0.0,282.99182942873904
2055-09-12 10:00:00,0.0,240.75424294683768
2055-09-12 11:00:00,0.0,185.00062879072792
2055-09-12 12:00:00,0.0,106.0163420695724
2055-09-12 13:00:00,0.0,26.187303618778838
2055-09-12 14:00:00,0.0,0.0
2055-09-12 15:00:00,0.0,0.0
2055-09-12 16:00:00,0.0,0.0
2055-09-12 17:00:00,0.0,0.0
2055-09-12 18:00:00,0.0,0.0
2055-09-12 19:00:00,0.0,0.0
2055-09-12 20:00:00,0.0,0.0
2055-09-12 21:00:00,0.0,0.0
2055-09-12 22:00:00,0.0,0.0
2055-09-12 23:00:00,0.0,0.0
2055-09-13 00:00:00,0.0,0.0
2055-09-13 01:00:00,0.0,0.0
2055-09-13 02:00:00,0.0,10.559396620475336
2055-09-13 03:00:00,0.0,84.05279709898369
2055-09-13 04:00:00,0.0,173.17410457579552
2055-09-13 05:00:00,0.0,240.33186708201868
2055-09-13 06:00:00,0.0,282.56945356392004
2055-09-13 07:00:00,0.0,301.1539916159566
2055-09-13 08:00:00,0.0,295.66310537330946
2055-09-13 09:00:00,0.0,259.33878099887426
2055-09-13 10:00:00,0.0,200.62853578903142
2055-09-13 11:00:00,0.0,137.69453193099838
2055-09-13 12:00:00,0.0,80.67379018043158
2055-09-13 13:00:00,0.0,26.187303618778838
2055-09-13 14:00:00,0.0,0.0
2055-09-13 15:00:00,0.0,0.0
2055-09-13 16:00:00,0.0,0.0
2055-09-13 17:00:00,0.0,0.0
2055-09-13 18:00:00,0.0,0.0
2055-09-13 19:00:00,0.0,0.0
2055-09-13 20:00:00,0.0,0.0
2055-09-13 21:00:00,0.0,0.0
2055-09-13 22:00:00,0.0,0.0
2055-09-13 23:00:00,0.0,0.0
2055-09-14 00:00:00,0.0,0.0
2055-09-14 01:00:00,0.0,0.0
2055-09-14 02:00:00,0.0,11.826524214932377
2055-09-14 03:00:00,0.0,83.63042123416467
2055-09-14 04:00:00,0.0,169.79509765724345
2055-09-14 05:00:00,0.0,236.9528601634666
2055-09-14 06:00:00,0.0,281.72470183428203
2055-09-14 07:00:00,0.0,306.2225019937848
2055-09-14 08:00:00,0.0,310.4462606419749
2055-09-14 09:00:00,0.0,294.8183536436714
2055-09-14 10:00:00,0.0,257.64927753959824
2055-09-14 11:00:00,0.0,198.93903232975535
2055-09-14 12:00:00,0.0,118.68761801414279
2055-09-14 13:00:00,0.0,32.10056572624502
2055-09-14 14:00:00,0.0,0.0
2055-09-14 15:00:00,0.0,0.0
2055-09-14 16:00:00,0.0,0.0
2055-09-14 17:00:00,0.0,0.0
2055-09-14 18:00:00,0.0,0.0
2055-09-14 19:00:00,0.0,0.0
2055-09-14 20:00:00,0.0,0.0
2055-09-14 21:00:00,0.0,0.0
2055-09-14 22:00:00,0.0,0.0
2055-09-14 23:00:00,0.0,0.0
2055-09-15 00:00:00,0.0,0.0
2055-09-15 01:00:00,0.0,0.0
2055-09-15 02:00:00,0.0,7.18038970192323
2055-09-15 03:00:00,0.0,68.00251423586118
2055-09-15 04:00:00,0.0,139.38403539027445
2055-09-15 05:00:00,0.0,170.21747352206245
2055-09-15 06:00:00,0.0,199.78378405939338
2055-09-15 07:00:00,0.0,221.74732902998207
2055-09-15 08:00:00,0.0,220.48020143552503
2055-09-15 09:00:00,0.0,175.7083597647096
2055-09-15 10:00:00,0.0,118.26524214932377
2055-09-15 11:00:00,0.0,72.22627288405131
2055-09-15 12:00:00,0.0,38.01382783371122
2055-09-15 13:00:00,0.0,9.71464489083731
2055-09-15 14:00:00,0.0,0.0
2055-09-15 15:00:00,0.0,0.0
2055-09-15 16:00:00,0.0,0.0
2055-09-15 17:00:00,0.0,0.0
2055-09-15 18:00:00,0.0,0.0
2055-09-15 19:00:00,0.0,0.0
2055-09-15 20:00:00,0.0,0.0
2055-09-15 21:00:00,0.0,0.0
2055-09-15 22:00:00,0.0,0.0
2055-09-15 23:00:00,0.0,0.0
2055-09-16 00:00:00,0.0,0.0
2055-09-16 01:00:00,0.0,0.0
2055-09-16 02:00:00,0.0,10.559396620475336
2055-09-16 03:00:00,0.0,85.31992469344074
2055-09-16 04:00:00,0.0,171.90697698133846
2055-09-16 05:00:00,0.0,237.37523602828557
2055-09-16 06:00:00,0.0,282.99182942873904
2055-09-16 07:00:00,0.0,307.9120054530609
2055-09-16 08:00:00,0.0,311.7133882364319
2055-09-16 09:00:00,0.0,294.8183536436714
2055-09-16 10:00:00,0.0,257.64927753959824
2055-09-16 11:00:00,0.0,198.09428060011732
2055-09-16 12:00:00,0.0,118.68761801414279
2055-09-16 13:00:00,0.0,33.36769332070207
2055-09-16 14:00:00,0.0,0.0
2055-09-16 15:00:00,0.0,0.0
2055-09-16 16:00:00,0.0,0.0
2055-09-16 17:00:00,0.0,0.0
2055-09-16 18:00:00,0.0,0.0
2055-09-16 19:00:00,0.0,0.0
2055-09-16 20:00:00,0.0,0.0
2055-09-16 21:00:00,0.0,0.0
2055-09-16 22:00:00,0.0,0.0
2055-09-16 23:00:00,0.0,0.0
2055-09-17 00:00:00,0.0,0.0
2055-09-17 01:00:00,0.0,0.0
2055-09-17 02:00:00,0.0,12.24890007975139
2055-09-17 03:00:00,0.0,91.2331868009069
2055-09-17 04:00:00,0.0,178.24261495362367
2055-09-17 05:00:00,0.0,244.9780015950278
2055-09-17 06:00:00,0.0,290.59459499548126
2055-09-17 07:00:00,0.0,313.402891695708
2055-09-17 08:00:00,0.0,315.5147710198031
2055-09-17 09:00:00,0.0,297.3526088325855
2055-09-17 10:00:00,0.0,258.91640513405525
2055-09-17 11:00:00,0.0,199.36140819457438
2055-09-17 12:00:00,0.0,119.53236974378083
2055-09-17 13:00:00,0.0,33.36769332070207
2055-09-17 14:00:00,0.0,0.0
2055-09-17 15:00:00,0.0,0.0
2055-09-17 16:00:00,0.0,0.0
2055-09-17 17:00:00,0.0,0.0
2055-09-17 18:00:00,0.0,0.0
2055-09-17 19:00:00,0.0,0.0
2055-09-17 20:00:00,0.0,0.0
2055-09-17 21:00:00,0.0,0.0
2055-09-17 22:00:00,0.0,0.0
2055-09-17 23:00:00,0.0,0.0
2055-09-18 00:00:00,0.0,0.0
2055-09-18 01:00:00,0.0,0.0
2055-09-18 02:00:00,0.0,11.404148350113363
2055-09-18 03:00:00,0.0,88.69893161199283
2055-09-18 04:00:00,0.0,175.2859838998906
2055-09-18 05:00:00,0.0,238.2199877579236
2055-09-18 06:00:00,0.0,285.52608461765317
2055-09-18 07:00:00,0.0,308.75675718269883
2055-09-18 08:00:00,0.0,311.7133882364319
2055-09-18 09:00:00,0.0,293.55122604921434
2055-09-18 10:00:00,0.0,255.53739821550315
2055-09-18 11:00:00,0.0,196.40477714084128
2055-09-18 12:00:00,0.0,114.88623523077167
2055-09-18 13:00:00,0.0,31.255813996607
2055-09-18 14:00:00,0.0,0.0
2055-09-18 15:00:00,0.0,0.0
2055-09-18 16:00:00,0.0,0.0
2055-09-18 17:00:00,0.0,0.0
2055-09-18 18:00:00,0.0,0.0
2055-09-18 19:00:00,0.0,0.0
2055-09-18 20:00:00,0.0,0.0
2055-09-18 21:00:00,0.0,0.0
2055-09-18 22:00:00,0.0,0.0
2055-09-18 23:00:00,0.0,0.0
2055-09-19 00:00:00,0.0,0.0
2055-09-19 01:00:00,0.0,0.0
2055-09-19 02:00:00,0.0,13.516027674208432
2055-09-19 03:00:00,0.0,94.61219371945903
2055-09-19 04:00:00,0.0,184.5782529259089
2055-09-19 05:00:00,0.0,250.046511972856
2055-09-19 06:00:00,0.0,289.7498432658433
2055-09-19 07:00:00,0.0,312.13576410125097
2055-09-19 08:00:00,0.0,314.24764342534604
2055-09-19 09:00:00,0.0,298.61973642704254
2055-09-19 10:00:00,0.0,260.6059085933313
2055-09-19 11:00:00,0.0,201.05091165385042
2055-09-19 12:00:00,0.0,121.22187320305686
2055-09-19 13:00:00,0.0,33.79006918552108
2055-09-19 14:00:00,0.0,0.0
2055-09-19 15:00:00,0.0,0.0
2055-09-19 16:00:00,0.0,0.0
2055-09-19 17:00:00,0.0,0.0
2055-09-19 18:00:00,0.0,0.0
2055-09-19 19:00:00,0.0,0.0
2055-09-19 20:00:00,0.0,0.0
2055-09-19 21:00:00,0.0,0.0
2055-09-19 22:00:00,0.0,0.0
2055-09-19 23:00:00,0.0,0.0
2055-09-20 00:00:00,0.0,0.0
2055-09-20 01:00:00,0.0,0.0
2055-09-20 02:00:00,0.0,12.671275944570406
2055-09-20 03:00:00,0.0,92.50031439536396
2055-09-20 04:00:00,0.0,183.31112533145185
2055-09-20 05:00:00,0.0,249.624136108037
2055-09-20 06:00:00,0.0,293.9736019140334
2055-09-20 07:00:00,0.0,315.09239515498405
2055-09-20 08:00:00,0.0,316.7818986142601
2055-09-20 09:00:00,0.0,296.93023296776647
2055-09-20 10:00:00,0.0,258.91640513405525
2055-09-20 11:00:00,0.0,199.36140819457438
2055-09-20 12:00:00,0.0,119.95474560859982
2055-09-20 13:00:00,0.0,32.94531745588305
2055-09-20 14:00:00,0.0,0.0
2055-09-20 15:00:00,0.0,0.0
2055-09-20 16:00:00,0.0,0.0
2055-09-20 17:00:00,0.0,0.0
2055-09-20 18:00:00,0.0,0.0
2055-09-20 19:00:00,0.0,0.0
2055-09-20 20:00:00,0.0,0.0
2055-09-20 21:00:00,0.0,0.0
2055-09-20 22:00:00,0.0,0.0
2055-09-20 23:00:00,0.0,0.0
2055-09-21 00:00:00,0.0,0.0
2055-09-21 01:00:00,0.0,0.0
2055-09-21 02:00:00,0.0,12.24890007975139
2055-09-21 03:00:00,0.0,94.18981785464001
2055-09-21 04:00:00,0.0,181.6216218721758
2055-09-21 05:00:00,0.0,248.77938437839896
2055-09-21 06:00:00,0.0,289.32746740102425
2055-09-21 07:00:00,0.0,310.8686365067939
2055-09-21 08:00:00,0.0,311.7133882364319
2055-09-21 09:00:00,0.0,293.1288501843954
2055-09-21 10:00:00,0.0,255.11502235068417
2055-09-21 11:00:00,0.0,195.56002541120324
2055-09-21 12:00:00,0.0,116.57573869004773
2055-09-21 13:00:00,0.0,30.833438131787986
2055-09-21 14:00:00,0.0,0.0
2055-09-21 15:00:00,0.0,0.0
2055-09-21 16:00:00,0.0,0.0
2055-09-21 17:00:00,0.0,0.0
2055-09-21 18:00:00,0.0,0.0
2055-09-21 19:00:00,0.0,0.0
2055-09-21 20:00:00,0.0,0.0
2055-09-21 21:00:00,0.0,0.0
2055-09-21 22:00:00,0.0,0.0
2055-09-21 23:00:00,0.0,0.0
2055-09-22 00:00:00,0.0,0.0
2055-09-22 01:00:00,0.0,0.0
2055-09-22 02:00:00,0.0,11.826524214932377
2055-09-22 03:00:00,0.0,94.18981785464001
2055-09-22 04:00:00,0.0,181.19924600735678
2055-09-22 05:00:00,0.0,248.35700851357993
2055-09-22 06:00:00,0.0,292.28409845475727
2055-09-22 07:00:00,0.0,313.82526756052704
2055-09-22 08:00:00,0.0,315.9371468846221
2055-09-22 09:00:00,0.0,295.24072950849046
2055-09-22 10:00:00,0.0,256.8045258099602
2055-09-22 11:00:00,0.0,196.8271530056603
2055-09-22 12:00:00,0.0,116.15336282522871
2055-09-22 13:00:00,0.0,29.988686402149956
2055-09-22 14:00:00,0.0,0.0
2055-09-22 15:00:00,0.0,0.0
2055-09-22 16:00:00,0.0,0.0
2055-09-22 17:00:00,0.0,0.0
2055-09-22 18:00:00,0.0,0.0
2055-09-22 19:00:00,0.0,0.0
2055-09-22 20:00:00,0.0,0.0
2055-09-22 21:00:00,0.0,0.0
2055-09-22 22:00:00,0.0,0.0
2055-09-22 23:00:00,0.0,0.0
2055-09-23 00:00:00,0.0,0.0
2055-09-23 01:00:00,0.0,0.0
2055-09-23 02:00:00,0.0,10.98177248529435
2055-09-23 03:00:00,0.0,89.12130747681184
2055-09-23 04:00:00,0.0,173.59648044061453
2055-09-23 05:00:00,0.0,239.90949121719964
2055-09-23 06:00:00,0.0,283.4142052935581
2055-09-23 07:00:00,0.0,305.80012612896576
2055-09-23 08:00:00,0.0,306.64487785860376
2055-09-23 09:00:00,0.0,288.48271567138625
2055-09-23 10:00:00,0.0,249.20176024321796
2055-09-23 11:00:00,0.0,186.69013225000396
2055-09-23 12:00:00,0.0,103.4820868806583
2055-09-23 13:00:00,0.0,23.23067256504574
2055-09-23 14:00:00,0.0,0.0
2055-09-23 15:00:00,0.0,0.0
2055-09-23 16:00:00,0.0,0.0
2055-09-23 17:00:00,0.0,0.0
2055-09-23 18:00:00,0.0,0.0
2055-09-23 19:00:00,0.0,0.0
2055-09-23 20:00:00,0.0,0.0
2055-09-23 21:00:00,0.0,0.0
2055-09-23 22:00:00,0.0,0.0
2055-09-23 23:00:00,0.0,0.0
2055-09-24 00:00:00,0.0,0.0
2055-09-24 01:00:00,0.0,0.0
2055-09-24 02:00:00,0.0,8.025141431561256
2055-09-24 03:00:00,0.0,70.11439355995624
2055-09-24 04:00:00,0.0,139.80641125509348
2055-09-24 05:00:00,0.0,186.69013225000396
2055-09-24 06:00:00,0.0,215.41169105769688
2055-09-24 07:00:00,0.0,236.53048429864756
2055-09-24 08:00:00,0.0,243.71087400057078
2055-09-24 09:00:00,0.0,233.99622910973346
2055-09-24 10:00:00,0.0,212.0326841391448
2055-09-24 11:00:00,0.0,176.1307356295286
2055-09-24 12:00:00,0.0,106.0163420695724
2055-09-24 13:00:00,0.0,27.032055348416865
2055-09-24 14:00:00,0.0,0.0
2055-09-24 15:00:00,0.0,0.0
2055-09-24 16:00:00,0.0,0.0
2055-09-24 17:00:00,0.0,0.0
2055-09-24 18:00:00,0.0,0.0
2055-09-24 19:00:00,0.0,0.0
2055-09-24 20:00:00,0.0,0.0
2055-09-24 21:00:00,0.0,0.0
2055-09-24 22:00:00,0.0,0.0
2055-09-24 23:00:00,0.0,0.0
2055-09-25 00:00:00,0.0,0.0
2055-09-25 01:00:00,0.0,0.0
2055-09-25 02:00:00,0.0,6.758013837104216
2055-09-25 03:00:00,0.0,70.53676942477524
2055-09-25 04:00:00,0.0,155.85669411821596
2055-09-25 05:00:00,0.0,225.97108767817218
2055-09-25 06:00:00,0.0,280.45757423982496
2055-09-25 07:00:00,0.0,301.1539916159566
2055-09-25 08:00:00,0.0,302.8434950752327
2055-09-25 09:00:00,0.0,280.0351983750059
2055-09-25 10:00:00,0.0,241.1766188116567
2055-09-25 11:00:00,0.0,182.04399773699484
2055-09-25 12:00:00,0.0,102.63733515102028
2055-09-25 13:00:00,0.0,24.497800159502784
2055-09-25 14:00:00,0.0,0.0
2055-09-25 15:00:00,0.0,0.0
2055-09-25 16:00:00,0.0,0.0
2055-09-25 17:00:00,0.0,0.0
2055-09-25 18:00:00,0.0,0.0
2055-09-25 19:00:00,0.0,0.0
2055-09-25 20:00:00,0.0,0.0
2055-09-25 21:00:00,0.0,0.0
2055-09-25 22:00:00,0.0,0.0
2055-09-25 23:00:00,0.0,0.0
2055-09-26 00:00:00,0.0,0.0
2055-09-26 01:00:00,0.0,0.0
2055-09-26 02:00:00,0.0,6.335637972285203
2055-09-26 03:00:00,0.0,76.02765566742244
2055-09-26 04:00:00,0.0,166.4160907386913
2055-09-26 05:00:00,0.0,235.68573256900953
2055-09-26 06:00:00,0.0,282.147077699101
2055-09-26 07:00:00,0.0,306.64487785860376
2055-09-26 08:00:00,0.0,312.980515830889
2055-09-26 09:00:00,0.0,297.3526088325855
2055-09-26 10:00:00,0.0,261.4506603229693
2055-09-26 11:00:00,0.0,201.89566338348843
2055-09-26 12:00:00,0.0,121.22187320305686
2055-09-26 13:00:00,0.0,32.10056572624502
2055-09-26 14:00:00,0.0,0.0
2055-09-26 15:00:00,0.0,0.0
2055-09-26 16:00:00,0.0,0.0
2055-09-26 17:00:00,0.0,0.0
2055-09-26 18:00:00,0.0,0.0
2055-09-26 19:00:00,0.0,0.0
2055-09-26 20:00:00,0.0,0.0
2055-09-26 21:00:00,0.0,0.0
2055-09-26 22:00:00,0.0,0.0
2055-09-26 23:00:00,0.0,0.0
2055-09-27 00:00:00,0.0,0.0
2055-09-27 01:00:00,0.0,0.0
2055-09-27 02:00:00,0.0,10.137020755656323
2055-09-27 03:00:00,0.0,90.8108109360879
2055-09-27 04:00:00,0.0,177.39786322398567
2055-09-27 05:00:00,0.0,247.08988091912292
2055-09-27 06:00:00,0.0,291.0169708603003
2055-09-27 07:00:00,0.0,312.55813996607
2055-09-27 08:00:00,0.0,312.980515830889
2055-09-27 09:00:00,0.0,291.4393467251193
2055-09-27 10:00:00,0.0,245.40037745984682
2055-09-27 11:00:00,0.0,173.17410457579552
2055-09-27 12:00:00,0.0,91.65556266572592
2055-09-27 13:00:00,0.0,21.9635449705887
2055-09-27 14:00:00,0.0,0.0
2055-09-27 15:00:00,0.0,0.0
2055-09-27 16:00:00,0.0,0.0
2055-09-27 17:00:00,0.0,0.0
2055-09-27 18:00:00,0.0,0.0
2055-09-27 19:00:00,0.0,0.0
2055-09-27 20:00:00,0.0,0.0
2055-09-27 21:00:00,0.0,0.0
2055-09-27 22:00:00,0.0,0.0
2055-09-27 23:00:00,0.0,0.0
2055-09-28 00:00:00,0.0,0.0
2055-09-28 01:00:00,0.0,0.0
2055-09-28 02:00:00,0.0,5.913262107466189
2055-09-28 03:00:00,0.0,68.00251423586118
2055-09-28 04:00:00,0.0,165.14896314423427
2055-09-28 05:00:00,0.0,238.2199877579236
2055-09-28 06:00:00,0.0,284.25895702319616
2055-09-28 07:00:00,0.0,306.2225019937848
2055-09-28 08:00:00,0.0,308.33438131787983
2055-09-28 09:00:00,0.0,291.4393467251193
2055-09-28 10:00:00,0.0,256.3821499451412
2055-09-28 11:00:00,0.0,199.78378405939338
2055-09-28 12:00:00,0.0,120.79949733823787
2055-09-28 13:00:00,0.0,31.67818986142601
2055-09-28 14:00:00,0.0,0.0
2055-09-28 15:00:00,0.0,0.0
2055-09-28 16:00:00,0.0,0.0
2055-09-28 17:00:00,0.0,0.0
2055-09-28 18:00:00,0.0,0.0
2055-09-28 19:00:00,0.0,0.0
2055-09-28 20:00:00,0.0,0.0
2055-09-28 21:00:00,0.0,0.0
2055-09-28 22:00:00,0.0,0.0
2055-09-28 23:00:00,0.0,0.0
2055-09-29 00:00:00,0.0,0.0
2055-09-29 01:00:00,0.0,0.0
2055-09-29 02:00:00,0.0,10.137020755656323
2055-09-29 03:00:00,0.0,92.50031439536396
2055-09-29 04:00:00,0.0,179.0873666832617
2055-09-29 05:00:00,0.0,245.40037745984682
2055-09-29 06:00:00,0.0,288.48271567138625
2055-09-29 07:00:00,0.0,310.4462606419749
2055-09-29 08:00:00,0.0,312.55813996607
2055-09-29 09:00:00,0.0,296.0854812381284
2055-09-29 10:00:00,0.0,257.64927753959824
2055-09-29 11:00:00,0.0,196.8271530056603
2055-09-29 12:00:00,0.0,116.15336282522871
2055-09-29 13:00:00,0.0,28.72155880769292
2055-09-29 14:00:00,0.0,0.0
2055-09-29 15:00:00,0.0,0.0
2055-09-29 16:00:00,0.0,0.0
2055-09-29 17:00:00,0.0,0.0
2055-09-29 18:00:00,0.0,0.0
2055-09-29 19:00:00,0.0,0.0
2055-09-29 20:00:00,0.0,0.0
2055-09-29 21:00:00,0.0,0.0
2055-09-29 22:00:00,0.0,0.0
2055-09-29 23:00:00,0.0,0.0
2055-09-30 00:00:00,0.0,0.0
2055-09-30 01:00:00,0.0,0.0
2055-09-30 02:00:00,0.0,8.025141431561256
2055-09-30 03:00:00,0.0,85.31992469344074
2055-09-30 04:00:00,0.0,174.44123217025256
2055-09-30 05:00:00,0.0,242.02137054129471
2055-09-30 06:00:00,0.0,285.52608461765317
2055-09-30 07:00:00,0.0,307.9120054530609
2055-09-30 08:00:00,0.0,310.02388477715596
2055-09-30 09:00:00,0.0,292.28409845475727
2055-09-30 10:00:00,0.0,254.2702706210461
2055-09-30 11:00:00,0.0,194.2928978167462
2055-09-30 12:00:00,0.0,113.61910763631462
2055-09-30 13:00:00,0.0,27.45443121323588
2055-09-30 14:00:00,0.0,0.0
2055-09-30 15:00:00,0.0,0.0
2055-09-30 16:00:00,0.0,0.0
2055-09-30 17:00:00,0.0,0.0
2055-09-30 18:00:00,0.0,0.0
2055-09-30 19:00:00,0.0,0.0
2055-09-30 20:00:00,0.0,0.0
2055-09-30 21:00:00,0.0,0.0
2055-09-30 22:00:00,0.0,0.0
2055-09-30 23:00:00,0.0,0.0
2055-10-01 00:00:00,0.0,0.0
2055-10-01 01:00:00,0.0,0.0
2055-10-01 02:00:00,0.0,8.44751729638027
2055-10-01 03:00:00,0.0,87.43180401753578
2055-10-01 04:00:00,0.0,174.86360803507156
2055-10-01 05:00:00,0.0,242.02137054129471
2055-10-01 06:00:00,0.0,285.52608461765317
2055-10-01 07:00:00,0.0,307.4896295882418
2055-10-01 08:00:00,0.0,309.60150891233684
2055-10-01 09:00:00,0.0,291.0169708603003
2055-10-01 10:00:00,0.0,251.73601543213204
2055-10-01 11:00:00,0.0,190.4915150333751
2055-10-01 12:00:00,0.0,108.97297312330548
2055-10-01 13:00:00,0.0,24.497800159502784
2055-10-01 14:00:00,0.0,0.0
2055-10-01 15:00:00,0.0,0.0
2055-10-01 16:00:00,0.0,0.0
2055-10-01 17:00:00,0.0,0.0
2055-10-01 18:00:00,0.0,0.0
2055-10-01 19:00:00,0.0,0.0
2055-10-01 20:00:00,0.0,0.0
2055-10-01 21:00:00,0.0,0.0
2055-10-01 22:00:00,0.0,0.0
2055-10-01 23:00:00,0.0,0.0
2055-10-02 00:00:00,0.0,0.0
2055-10-02 01:00:00,0.0,0.0
2055-10-02 02:00:00,0.0,6.758013837104216
2055-10-02 03:00:00,0.0,81.94091777488862
2055-10-02 04:00:00,0.0,169.79509765724345
2055-10-02 05:00:00,0.0,238.2199877579236
2055-10-02 06:00:00,0.0,284.25895702319616
2055-10-02 07:00:00,0.0,306.64487785860376
2055-10-02 08:00:00,0.0,308.75675718269883
2055-10-02 09:00:00,0.0,291.4393467251193
2055-10-02 10:00:00,0.0,252.58076716177004
2055-10-02 11:00:00,0.0,191.3362667630131
2055-10-02 12:00:00,0.0,109.81772485294351
2055-10-02 13:00:00,0.0,24.497800159502784
2055-10-02 14:00:00,0.0,0.0
2055-10-02 15:00:00,0.0,0.0
2055-10-02 16:00:00,0.0,0.0
2055-10-02 17:00:00,0.0,0.0
2055-10-02 18:00:00,0.0,0.0
2055-10-02 19:00:00,0.0,0.0
2055-10-02 20:00:00,0.0,0.0
2055-10-02 21:00:00,0.0,0.0
2055-10-02 22:00:00,0.0,0.0
2055-10-02 23:00:00,0.0,0.0
2055-10-03 00:00:00,0.0,0.0
2055-10-03 01:00:00,0.0,0.0
2055-10-03 02:00:00,0.0,7.602765566742243
2055-10-03 03:00:00,0.0,84.89754882862172
2055-10-03 04:00:00,0.0,172.3293528461575
2055-10-03 05:00:00,0.0,239.90949121719964
2055-10-03 06:00:00,0.0,285.1037087528341
2055-10-03 07:00:00,0.0,306.64487785860376
2055-10-03 08:00:00,0.0,308.33438131787983
2055-10-03 09:00:00,0.0,288.90509153620525
2055-10-03 10:00:00,0.0,248.77938437839896
2055-10-03 11:00:00,0.0,186.69013225000396
2055-10-03 12:00:00,0.0,105.17159033993435
2055-10-03 13:00:00,0.0,22.385920835407713
2055-10-03 14:00:00,0.0,0.0
2055-10-03 15:00:00,0.0,0.0
2055-10-03 16:00:00,0.0,0.0
2055-10-03 17:00:00,0.0,0.0
2055-10-03 18:00:00,0.0,0.0
2055-10-03 19:00:00,0.0,0.0
2055-10-03 20:00:00,0.0,0.0
2055-10-03 21:00:00,0.0,0.0
2055-10-03 22:00:00,0.0,0.0
2055-10-03 23:00:00,0.0,0.0
2055-10-04 00:00:00,0.0,0.0
2055-10-04 01:00:00,0.0,0.0
2055-10-04 02:00:00,0.0,6.758013837104216
2055-10-04 03:00:00,0.0,82.36329363970763
2055-10-04 04:00:00,0.0,169.37272179242441
2055-10-04 05:00:00,0.0,236.9528601634666
2055-10-04 06:00:00,0.0,282.147077699101
2055-10-04 07:00:00,0.0,304.11062266968975
2055-10-04 08:00:00,0.0,305.80012612896576
2055-10-04 09:00:00,0.0,287.2155880769292
2055-10-04 10:00:00,0.0,247.08988091912292
2055-10-04 11:00:00,0.0,185.00062879072792
2055-10-04 12:00:00,0.0,103.05971101583928
2055-10-04 13:00:00,0.0,20.696417376131663
2055-10-04 14:00:00,0.0,0.0
2055-10-04 15:00:00,0.0,0.0
2055-10-04 16:00:00,0.0,0.0
2055-10-04 17:00:00,0.0,0.0
2055-10-04 18:00:00,0.0,0.0
2055-10-04 19:00:00,0.0,0.0
2055-10-04 20:00:00,0.0,0.0
2055-10-04 21:00:00,0.0,0.0
2055-10-04 22:00:00,0.0,0.0
2055-10-04 23:00:00,0.0,0.0
2055-10-05 00:00:00,0.0,0.0
2055-10-05 01:00:00,0.0,0.0
2055-10-05 02:00:00,0.0,5.490886242647175
2055-10-05 03:00:00,0.0,74.33815220814637
2055-10-05 04:00:00,0.0,165.5713390090533
2055-10-05 05:00:00,0.0,234.84098083937155
2055-10-05 06:00:00,0.0,284.6813328880151
2055-10-05 07:00:00,0.0,307.9120054530609
2055-10-05 08:00:00,0.0,309.60150891233684
2055-10-05 09:00:00,0.0,291.4393467251193
2055-10-05 10:00:00,0.0,250.891263702494
2055-10-05 11:00:00,0.0,184.15587706108988
2055-10-05 12:00:00,0.0,99.68070409728719
2055-10-05 13:00:00,0.0,18.16216218721758
2055-10-05 14:00:00,0.0,0.0
2055-10-05 15:00:00,0.0,0.0
2055-10-05 16:00:00,0.0,0.0
2055-10-05 17:00:00,0.0,0.0
2055-10-05 18:00:00,0.0,0.0
2055-10-05 19:00:00,0.0,0.0
2055-10-05 20:00:00,0.0,0.0
2055-10-05 21:00:00,0.0,0.0
2055-10-05 22:00:00,0.0,0.0
2055-10-05 23:00:00,0.0,0.0
2055-10-06 00:00:00,0.0,0.0
2055-10-06 01:00:00,0.0,0.0
2055-10-06 02:00:00,0.0,4.223758648190135
2055-10-06 03:00:00,0.0,69.26964183031822
2055-10-06 04:00:00,0.0,160.0804527664061
2055-10-06 05:00:00,0.0,237.7976118931046
2055-10-06 06:00:00,0.0,283.83658115837704
2055-10-06 07:00:00,0.0,304.11062266968975
2055-10-06 08:00:00,0.0,304.95537439932775
2055-10-06 09:00:00,0.0,287.6379639417482
2055-10-06 10:00:00,0.0,247.93463264876095
2055-10-06 11:00:00,0.0,186.69013225000396
2055-10-06 12:00:00,0.0,103.05971101583928
2055-10-06 13:00:00,0.0,20.696417376131663
2055-10-06 14:00:00,0.0,0.0
2055-10-06 15:00:00,0.0,0.0
2055-10-06 16:00:00,0.0,0.0
2055-10-06 17:00:00,0.0,0.0
2055-10-06 18:00:00,0.0,0.0
2055-10-06 19:00:00,0.0,0.0
2055-10-06 20:00:00,0.0,0.0
2055-10-06 21:00:00,0.0,0.0
2055-10-06 22:00:00,0.0,0.0
2055-10-06 23:00:00,0.0,0.0
2055-10-07 00:00:00,0.0,0.0
2055-10-07 01:00:00,0.0,0.0
2055-10-07 02:00:00,0.0,4.646134513009148
2055-10-07 03:00:00,0.0,69.69201769513722
2055-10-07 04:00:00,0.0,166.83846660351034
2055-10-07 05:00:00,0.0,235.68573256900953
2055-10-07 06:00:00,0.0,282.99182942873904
2055-10-07 07:00:00,0.0,308.75675718269883
2055-10-07 08:00:00,0.0,312.55813996607
2055-10-07 09:00:00,0.0,294.39597777885234
2055-10-07 10:00:00,0.0,256.3821499451412
2055-10-07 11:00:00,0.0,195.56002541120324
2055-10-07 12:00:00,0.0,111.92960417703857
2055-10-07 13:00:00,0.0,23.23067256504574
2055-10-07 14:00:00,0.0,0.0
2055-10-07 15:00:00,0.0,0.0
2055-10-07 16:00:00,0.0,0.0
2055-10-07 17:00:00,0.0,0.0
2055-10-07 18:00:00,0.0,0.0
2055-10-07 19:00:00,0.0,0.0
2055-10-07 20:00:00,0.0,0.0
2055-10-07 21:00:00,0.0,0.0
2055-10-07 22:00:00,0.0,0.0
2055-10-07 23:00:00,0.0,0.0
2055-10-08 00:00:00,0.0,0.0
2055-10-08 01:00:00,0.0,0.0
2055-10-08 02:00:00,0.0,5.490886242647175
2055-10-08 03:00:00,0.0,81.51854191006962
2055-10-08 04:00:00,0.0,166.83846660351034
2055-10-08 05:00:00,0.0,240.75424294683768
2055-10-08 06:00:00,0.0,288.06033980656724
2055-10-08 07:00:00,0.0,311.29101237161296
2055-10-08 08:00:00,0.0,313.82526756052704
2055-10-08 09:00:00,0.0,295.24072950849046
2055-10-08 10:00:00,0.0,256.3821499451412
2055-10-08 11:00:00,0.0,195.98240127602224
2055-10-08 12:00:00,0.0,114.46385936595267
2055-10-08 13:00:00,0.0,24.07542429468377
2055-10-08 14:00:00,0.0,0.0
2055-10-08 15:00:00,0.0,0.0
2055-10-08 16:00:00,0.0,0.0
2055-10-08 17:00:00,0.0,0.0
2055-10-08 18:00:00,0.0,0.0
2055-10-08 19:00:00,0.0,0.0
2055-10-08 20:00:00,0.0,0.0
2055-10-08 21:00:00,0.0,0.0
2055-10-08 22:00:00,0.0,0.0
2055-10-08 23:00:00,0.0,0.0
2055-10-09 00:00:00,0.0,0.0
2055-10-09 01:00:00,0.0,0.0
2055-10-09 02:00:00,0.0,7.18038970192323
2055-10-09 03:00:00,0.0,89.54368334163085
2055-10-09 04:00:00,0.0,179.50974254808074
2055-10-09 05:00:00,0.0,247.08988091912292
2055-10-09 06:00:00,0.0,291.0169708603003
2055-10-09 07:00:00,0.0,312.980515830889
2055-10-09 08:00:00,0.0,315.5147710198031
2055-10-09 09:00:00,0.0,298.1973605622235
2055-10-09 10:00:00,0.0,260.1835327285123
2055-10-09 11:00:00,0.0,200.62853578903142
2055-10-09 12:00:00,0.0,119.10999387896179
2055-10-09 13:00:00,0.0,26.187303618778838
2055-10-09 14:00:00,0.0,0.0
2055-10-09 15:00:00,0.0,0.0
2055-10-09 16:00:00,0.0,0.0
2055-10-09 17:00:00,0.0,0.0
2055-10-09 18:00:00,0.0,0.0
2055-10-09 19:00:00,0.0,0.0
2055-10-09 20:00:00,0.0,0.0
2055-10-09 21:00:00,0.0,0.0
2055-10-09 22:00:00,0.0,0.0
2055-10-09 23:00:00,0.0,0.0
2055-10-10 00:00:00,0.0,0.0
2055-10-10 01:00:00,0.0,0.0
2055-10-10 02:00:00,0.0,7.18038970192323
2055-10-10 03:00:00,0.0,91.2331868009069
2055-10-10 04:00:00,0.0,182.04399773699484
2055-10-10 05:00:00,0.0,249.624136108037
2055-10-10 06:00:00,0.0,293.1288501843954
2055-10-10 07:00:00,0.0,315.09239515498405
2055-10-10 08:00:00,0.0,316.7818986142601
2055-10-10 09:00:00,0.0,299.4644881566806
2055-10-10 10:00:00,0.0,261.4506603229693
2055-10-10 11:00:00,0.0,201.47328751866942
2055-10-10 12:00:00,0.0,119.53236974378083
2055-10-10 13:00:00,0.0,25.34255188914081
2055-10-10 14:00:00,0.0,0.0
2055-10-10 15:00:00,0.0,0.0
2055-10-10 16:00:00,0.0,0.0
2055-10-10 17:00:00,0.0,0.0
2055-10-10 18:00:00,0.0,0.0
2055-10-10 19:00:00,0.0,0.0
2055-10-10 20:00:00,0.0,0.0
2055-10-10 21:00:00,0.0,0.0
2055-10-10 22:00:00,0.0,0.0
2055-10-10 23:00:00,0.0,0.0
2055-10-11 00:00:00,0.0,0.0
2055-10-11 01:00:00,0.0,0.0
2055-10-11 02:00:00,0.0,4.646134513009148
2055-10-11 03:00:00,0.0,78.56191085633651
2055-10-11 04:00:00,0.0,171.06222525170045
2055-10-11 05:00:00,0.0,242.44374640611372
2055-10-11 06:00:00,0.0,288.06033980656724
2055-10-11 07:00:00,0.0,311.29101237161296
2055-10-11 08:00:00,0.0,314.24764342534604
2055-10-11 09:00:00,0.0,295.66310537330946
2055-10-11 10:00:00,0.0,255.53739821550315
2055-10-11 11:00:00,0.0,193.44814608710814
2055-10-11 12:00:00,0.0,111.08485244740055
2055-10-11 13:00:00,0.0,21.9635449705887
2055-10-11 14:00:00,0.0,0.0
2055-10-11 15:00:00,0.0,0.0
2055-10-11 16:00:00,0.0,0.0
2055-10-11 17:00:00,0.0,0.0
2055-10-11 18:00:00,0.0,0.0
2055-10-11 19:00:00,0.0,0.0
2055-10-11 20:00:00,0.0,0.0
2055-10-11 21:00:00,0.0,0.0
2055-10-11 22:00:00,0.0,0.0
2055-10-11 23:00:00,0.0,0.0
2055-10-12 00:00:00,0.0,0.0
2055-10-12 01:00:00,0.0,0.0
2055-10-12 02:00:00,0.0,4.646134513009148
2055-10-12 03:00:00,0.0,80.67379018043158
2055-10-12 04:00:00,0.0,171.06222525170045
2055-10-12 05:00:00,0.0,240.75424294683768
2055-10-12 06:00:00,0.0,285.9484604824721
2055-10-12 07:00:00,0.0,308.33438131787983
2055-10-12 08:00:00,0.0,310.02388477715596
2055-10-12 09:00:00,0.0,292.28409845475727
2055-10-12 10:00:00,0.0,253.00314302658907
2055-10-12 11:00:00,0.0,192.18101849265113
2055-10-12 12:00:00,0.0,109.81772485294351
2055-10-12 13:00:00,0.0,20.274041511312646
2055-10-12 14:00:00,0.0,0.0
2055-10-12 15:00:00,0.0,0.0
2055-10-12 16:00:00,0.0,0.0
2055-10-12 17:00:00,0.0,0.0
2055-10-12 18:00:00,0.0,0.0
2055-10-12 19:00:00,0.0,0.0
2055-10-12 20:00:00,0.0,0.0
2055-10-12 21:00:00,0.0,0.0
2055-10-12 22:00:00,0.0,0.0
2055-10-12 23:00:00,0.0,0.0
2055-10-13 00:00:00,0.0,0.0
2055-10-13 01:00:00,0.0,0.0
2055-10-13 02:00:00,0.0,5.0685103778281615
2055-10-13 03:00:00,0.0,84.05279709898369
2055-10-13 04:00:00,0.0,175.7083597647096
2055-10-13 05:00:00,0.0,245.40037745984682
2055-10-13 06:00:00,0.0,288.06033980656724
2055-10-13 07:00:00,0.0,312.55813996607
2055-10-13 08:00:00,0.0,315.09239515498405
2055-10-13 09:00:00,0.0,296.5078571029474
2055-10-13 10:00:00,0.0,257.22690167477924
2055-10-13 11:00:00,0.0,195.13764954638424
2055-10-13 12:00:00,0.0,111.50722831221955
2055-10-13 13:00:00,0.0,20.274041511312646
2055-10-13 14:00:00,0.0,0.0
2055-10-13 15:00:00,0.0,0.0
2055-10-13 16:00:00,0.0,0.0
2055-10-13 17:00:00,0.0,0.0
2055-10-13 18:00:00,0.0,0.0
2055-10-13 19:00:00,0.0,0.0
2055-10-13 20:00:00,0.0,0.0
2055-10-13 21:00:00,0.0,0.0
2055-10-13 22:00:00,0.0,0.0
2055-10-13 23:00:00,0.0,0.0
2055-10-14 00:00:00,0.0,0.0
2055-10-14 01:00:00,0.0,0.0
2055-10-14 02:00:00,0.0,1.2671275944570404
2055-10-14 03:00:00,0.0,51.952231372738666
2055-10-14 04:00:00,0.0,127.13513531052305
2055-10-14 05:00:00,0.0,198.09428060011732
2055-10-14 06:00:00,0.0,242.86612227093275
2055-10-14 07:00:00,0.0,268.2086741600736
2055-10-14 08:00:00,0.0,282.56945356392004
2055-10-14 09:00:00,0.0,272.4324328082637
2055-10-14 10:00:00,0.0,239.06473948756167
2055-10-14 11:00:00,0.0,184.15587706108988
2055-10-14 12:00:00,0.0,107.70584552884844
2055-10-14 13:00:00,0.0,18.16216218721758
2055-10-14 14:00:00,0.0,0.0
2055-10-14 15:00:00,0.0,0.0
2055-10-14 16:00:00,0.0,0.0
2055-10-14 17:00:00,0.0,0.0
2055-10-14 18:00:00,0.0,0.0
2055-10-14 19:00:00,0.0,0.0
2055-10-14 20:00:00,0.0,0.0
2055-10-14 21:00:00,0.0,0.0
2055-10-14 22:00:00,0.0,0.0
2055-10-14 23:00:00,0.0,0.0
2055-10-15 00:00:00,0.0,0.0
2055-10-15 01:00:00,0.0,0.0
2055-10-15 02:00:00,0.0,4.646134513009148
2055-10-15 03:00:00,0.0,81.09616604525058
2055-10-15 04:00:00,0.0,168.95034592760538
2055-10-15 05:00:00,0.0,243.71087400057078
2055-10-15 06:00:00,0.0,288.48271567138625
2055-10-15 07:00:00,0.0,311.7133882364319
2055-10-15 08:00:00,0.0,312.13576410125097
2055-10-15 09:00:00,0.0,294.8183536436714
2055-10-15 10:00:00,0.0,256.3821499451412
2055-10-15 11:00:00,0.0,196.8271530056603
2055-10-15 12:00:00,0.0,114.88623523077167
2055-10-15 13:00:00,0.0,21.118793240950673
2055-10-15 14:00:00,0.0,0.0
2055-10-15 15:00:00,0.0,0.0
2055-10-15 16:00:00,0.0,0.0
2055-10-15 17:00:00,0.0,0.0
2055-10-15 18:00:00,0.0,0.0
2055-10-15 19:00:00,0.0,0.0
2055-10-15 20:00:00,0.0,0.0
2055-10-15 21:00:00,0.0,0.0
2055-10-15 22:00:00,0.0,0.0
2055-10-15 23:00:00,0.0,0.0
2055-10-16 00:00:00,0.0,0.0
2055-10-16 01:00:00,0.0,0.0
2055-10-16 02:00:00,0.0,4.223758648190135
2055-10-16 03:00:00,0.0,81.94091777488862
2055-10-16 04:00:00,0.0,171.90697698133846
2055-10-16 05:00:00,0.0,239.90949121719964
2055-10-16 06:00:00,0.0,282.56945356392004
2055-10-16 07:00:00,0.0,306.2225019937848
2055-10-16 08:00:00,0.0,309.60150891233684
2055-10-16 09:00:00,0.0,292.28409845475727
2055-10-16 10:00:00,0.0,253.8478947562271
2055-10-16 11:00:00,0.0,193.44814608710814
2055-10-16 12:00:00,0.0,111.50722831221955
2055-10-16 13:00:00,0.0,19.42928978167462
2055-10-16 14:00:00,0.0,0.0
2055-10-16 15:00:00,0.0,0.0
2055-10-16 16:00:00,0.0,0.0
2055-10-16 17:00:00,0.0,0.0
2055-10-16 18:00:00,0.0,0.0
2055-10-16 19:00:00,0.0,0.0
2055-10-16 20:00:00,0.0,0.0
2055-10-16 21:00:00,0.0,0.0
2055-10-16 22:00:00,0.0,0.0
2055-10-16 23:00:00,0.0,0.0
2055-10-17 00:00:00,0.0,0.0
2055-10-17 01:00:00,0.0,0.0
2055-10-17 02:00:00,0.0,4.223758648190135
2055-10-17 03:00:00,0.0,84.47517296380269
2055-10-17 04:00:00,0.0,176.97548735916666
2055-10-17 05:00:00,0.0,245.82275332466585
2055-10-17 06:00:00,0.0,292.28409845475727
2055-10-17 07:00:00,0.0,315.09239515498405
2055-10-17 08:00:00,0.0,317.6266503438982
2055-10-17 09:00:00,0.0,298.1973605622235
2055-10-17 10:00:00,0.0,258.91640513405525
2055-10-17 11:00:00,0.0,196.8271530056603
2055-10-17 12:00:00,0.0,112.77435590667659
2055-10-17 13:00:00,0.0,19.42928978167462
2055-10-17 14:00:00,0.0,0.0
2055-10-17 15:00:00,0.0,0.0
2055-10-17 16:00:00,0.0,0.0
2055-10-17 17:00:00,0.0,0.0
2055-10-17 18:00:00,0.0,0.0
2055-10-17 19:00:00,0.0,0.0
2055-10-17 20:00:00,0.0,0.0
2055-10-17 21:00:00,0.0,0.0
2055-10-17 22:00:00,0.0,0.0
2055-10-17 23:00:00,0.0,0.0
2055-10-18 00:00:00,0.0,0.0
2055-10-18 01:00:00,0.0,0.0
2055-10-18 02:00:00,0.0,4.646134513009148
2055-10-18 03:00:00,0.0,86.58705228789776
2055-10-18 04:00:00,0.0,178.24261495362367
2055-10-18 05:00:00,0.0,247.51225678394192
2055-10-18 06:00:00,0.0,291.8617225899383
2055-10-18 07:00:00,0.0,314.67001929016504
2055-10-18 08:00:00,0.0,317.2042744790791
2055-10-18 09:00:00,0.0,299.4644881566806
2055-10-18 10:00:00,0.0,261.4506603229693
2055-10-18 11:00:00,0.0,200.62853578903142
2055-10-18 12:00:00,0.0,117.84286628450477
2055-10-18 13:00:00,0.0,21.118793240950673
2055-10-18 14:00:00,0.0,0.0
2055-10-18 15:00:00,0.0,0.0
2055-10-18 16:00:00,0.0,0.0
2055-10-18 17:00:00,0.0,0.0
2055-10-18 18:00:00,0.0,0.0
2055-10-18 19:00:00,0.0,0.0
2055-10-18 20:00:00,0.0,0.0
2055-10-18 21:00:00,0.0,0.0
2055-10-18 22:00:00,0.0,0.0
2055-10-18 23:00:00,0.0,0.0
2055-10-19 00:00:00,0.0,0.0
2055-10-19 01:00:00,0.0,0.0
2055-10-19 02:00:00,0.0,4.223758648190135
2055-10-19 03:00:00,0.0,86.16467642307875
2055-10-19 04:00:00,0.0,177.8202390888047
2055-10-19 05:00:00,0.0,246.24512918948486
2055-10-19 06:00:00,0.0,287.6379639417482
2055-10-19 07:00:00,0.0,311.29101237161296
2055-10-19 08:00:00,0.0,314.67001929016504
2055-10-19 09:00:00,0.0,296.0854812381284
2055-10-19 10:00:00,0.0,258.07165340441725
2055-10-19 11:00:00,0.0,197.2495288704793
2055-10-19 12:00:00,0.0,114.88623523077167
2055-10-19 13:00:00,0.0,19.851665646493636
2055-10-19 14:00:00,0.0,0.0
2055-10-19 15:00:00,0.0,0.0
2055-10-19 16:00:00,0.0,0.0
2055-10-19 17:00:00,0.0,0.0
2055-10-19 18:00:00,0.0,0.0
2055-10-19 19:00:00,0.0,0.0
2055-10-19 20:00:00,0.0,0.0
2055-10-19 21:00:00,0.0,0.0
2055-10-19 22:00:00,0.0,0.0
2055-10-19 23:00:00,0.0,0.0
2055-10-20 00:00:00,0.0,0.0
2055-10-20 01:00:00,0.0,0.0
2055-10-20 02:00:00,0.0,4.223758648190135
2055-10-20 03:00:00,0.0,85.74230055825974
2055-10-20 04:00:00,0.0,177.8202390888047
2055-10-20 05:00:00,0.0,246.6675050543039
2055-10-20 06:00:00,0.0,289.32746740102425
2055-10-20 07:00:00,0.0,312.13576410125097
2055-10-20 08:00:00,0.0,314.67001929016504
2055-10-20 09:00:00,0.0,296.93023296776647
2055-10-20 10:00:00,0.0,258.07165340441725
2055-10-20 11:00:00,0.0,197.2495288704793
2055-10-20 12:00:00,0.0,114.04148350113365
2055-10-20 13:00:00,0.0,18.584538052036592
2055-10-20 14:00:00,0.0,0.0
2055-10-20 15:00:00,0.0,0.0
2055-10-20 16:00:00,0.0,0.0
2055-10-20 17:00:00,0.0,0.0
2055-10-20 18:00:00,0.0,0.0
2055-10-20 19:00:00,0.0,0.0
2055-10-20 20:00:00,0.0,0.0
2055-10-20 21:00:00,0.0,0.0
2055-10-20 22:00:00,0.0,0.0
2055-10-20 23:00:00,0.0,0.0
2055-10-21 00:00:00,0.0,0.0
2055-10-21 01:00:00,0.0,0.0
2055-10-21 02:00:00,0.0,2.5342551889140807
2055-10-21 03:00:00,0.0,75.60527980260342
2055-10-21 04:00:00,0.0,167.26084246832934
2055-10-21 05:00:00,0.0,238.2199877579236
2055-10-21 06:00:00,0.0,285.52608461765317
2055-10-21 07:00:00,0.0,308.75675718269883
2055-10-21 08:00:00,0.0,311.7133882364319
2055-10-21 09:00:00,0.0,294.8183536436714
2055-10-21 10:00:00,0.0,256.8045258099602
2055-10-21 11:00:00,0.0,195.56002541120324
2055-10-21 12:00:00,0.0,112.35198004185759
2055-10-21 13:00:00,0.0,17.739786322398565
2055-10-21 14:00:00,0.0,0.0
2055-10-21 15:00:00,0.0,0.0
2055-10-21 16:00:00,0.0,0.0
2055-10-21 17:00:00,0.0,0.0
2055-10-21 18:00:00,0.0,0.0
2055-10-21 19:00:00,0.0,0.0
2055-10-21 20:00:00,0.0,0.0
2055-10-21 21:00:00,0.0,0.0
2055-10-21 22:00:00,0.0,0.0
2055-10-21 23:00:00,0.0,0.0
2055-10-22 00:00:00,0.0,0.0
2055-10-22 01:00:00,0.0,0.0
2055-10-22 02:00:00,0.0,2.5342551889140807
2055-10-22 03:00:00,0.0,75.1829039377844
2055-10-22 04:00:00,0.0,168.5279700627864
2055-10-22 05:00:00,0.0,240.33186708201868
2055-10-22 06:00:00,0.0,284.25895702319616
2055-10-22 07:00:00,0.0,308.75675718269883
2055-10-22 08:00:00,0.0,312.13576410125097
2055-10-22 09:00:00,0.0,294.39597777885234
2055-10-22 10:00:00,0.0,256.3821499451412
2055-10-22 11:00:00,0.0,195.13764954638424
2055-10-22 12:00:00,0.0,111.50722831221955
2055-10-22 13:00:00,0.0,16.89503459276054
2055-10-22 14:00:00,0.0,0.0
2055-10-22 15:00:00,0.0,0.0
2055-10-22 16:00:00,0.0,0.0
2055-10-22 17:00:00,0.0,0.0
2055-10-22 18:00:00,0.0,0.0
2055-10-22 19:00:00,0.0,0.0
2055-10-22 20:00:00,0.0,0.0
2055-10-22 21:00:00,0.0,0.0
2055-10-22 22:00:00,0.0,0.0
2055-10-22 23:00:00,0.0,0.0
2055-10-23 00:00:00,0.0,0.0
2055-10-23 01:00:00,0.0,0.0
2055-10-23 02:00:00,0.0,1.689503459276054
2055-10-23 03:00:00,0.0,70.11439355995624
2055-10-23 04:00:00,0.0,160.92520449604413
2055-10-23 05:00:00,0.0,232.30672565045745
2055-10-23 06:00:00,0.0,277.9233190509109
2055-10-23 07:00:00,0.0,301.9987433455946
2055-10-23 08:00:00,0.0,304.95537439932775
2055-10-23 09:00:00,0.0,287.2155880769292
2055-10-23 10:00:00,0.0,248.35700851357993
2055-10-23 11:00:00,0.0,187.11250811482296
2055-10-23 12:00:00,0.0,105.17159033993435
2055-10-23 13:00:00,0.0,15.205531133484486
2055-10-23 14:00:00,0.0,0.0
2055-10-23 15:00:00,0.0,0.0
2055-10-23 16:00:00,0.0,0.0
2055-10-23 17:00:00,0.0,0.0
2055-10-23 18:00:00,0.0,0.0
2055-10-23 19:00:00,0.0,0.0
2055-10-23 20:00:00,0.0,0.0
2055-10-23 21:00:00,0.0,0.0
2055-10-23 22:00:00,0.0,0.0
2055-10-23 23:00:00,0.0,0.0
2055-10-24 00:00:00,0.0,0.0
2055-10-24 01:00:00,0.0,0.0
2055-10-24 02:00:00,0.0,2.1118793240950673
2055-10-24 03:00:00,0.0,76.02765566742244
2055-10-24 04:00:00,0.0,169.37272179242441
2055-10-24 05:00:00,0.0,239.48711535238067
2055-10-24 06:00:00,0.0,283.83658115837704
2055-10-24 07:00:00,0.0,307.4896295882418
2055-10-24 08:00:00,0.0,310.4462606419749
2055-10-24 09:00:00,0.0,292.70647431957633
2055-10-24 10:00:00,0.0,254.2702706210461
2055-10-24 11:00:00,0.0,193.44814608710814
2055-10-24 12:00:00,0.0,110.66247658258153
2055-10-24 13:00:00,0.0,16.05028286312251
2055-10-24 14:00:00,0.0,0.0
2055-10-24 15:00:00,0.0,0.0
2055-10-24 16:00:00,0.0,0.0
2055-10-24 17:00:00,0.0,0.0
2055-10-24 18:00:00,0.0,0.0
2055-10-24 19:00:00,0.0,0.0
2055-10-24 20:00:00,0.0,0.0
2055-10-24 21:00:00,0.0,0.0
2055-10-24 22:00:00,0.0,0.0
2055-10-24 23:00:00,0.0,0.0
2055-10-25 00:00:00,0.0,0.0
2055-10-25 01:00:00,0.0,0.0
2055-10-25 02:00:00,0.0,2.5342551889140807
2055-10-25 03:00:00,0.0,83.20804536934565
2055-10-25 04:00:00,0.0,177.39786322398567
2055-10-25 05:00:00,0.0,247.08988091912292
2055-10-25 06:00:00,0.0,291.0169708603003
2055-10-25 07:00:00,0.0,313.82526756052704
2055-10-25 08:00:00,0.0,315.9371468846221
2055-10-25 09:00:00,0.0,298.1973605622235
2055-10-25 10:00:00,0.0,258.91640513405525
2055-10-25 11:00:00,0.0,196.8271530056603
2055-10-25 12:00:00,0.0,112.77435590667659
2055-10-25 13:00:00,0.0,16.05028286312251
2055-10-25 14:00:00,0.0,0.0
2055-10-25 15:00:00,0.0,0.0
2055-10-25 16:00:00,0.0,0.0
2055-10-25 17:00:00,0.0,0.0
2055-10-25 18:00:00,0.0,0.0
2055-10-25 19:00:00,0.0,0.0
2055-10-25 20:00:00,0.0,0.0
2055-10-25 21:00:00,0.0,0.0
2055-10-25 22:00:00,0.0,0.0
2055-10-25 23:00:00,0.0,0.0
2055-10-26 00:00:00,0.0,0.0
2055-10-26 01:00:00,0.0,0.0
2055-10-26 02:00:00,0.0,2.1118793240950673
2055-10-26 03:00:00,0.0,82.78566950452665
2055-10-26 04:00:00,0.0,177.8202390888047
2055-10-26 05:00:00,0.0,247.51225678394192
2055-10-26 06:00:00,0.0,290.59459499548126
2055-10-26 07:00:00,0.0,312.55813996607
2055-10-26 08:00:00,0.0,315.09239515498405
2055-10-26 09:00:00,0.0,296.93023296776647
2055-10-26 10:00:00,0.0,258.07165340441725
2055-10-26 11:00:00,0.0,196.40477714084128
2055-10-26 12:00:00,0.0,113.1967317714956
2055-10-26 13:00:00,0.0,15.6279069983035
2055-10-26 14:00:00,0.0,0.0
2055-10-26 15:00:00,0.0,0.0
2055-10-26 16:00:00,0.0,0.0
2055-10-26 17:00:00,0.0,0.0
2055-10-26 18:00:00,0.0,0.0
2055-10-26 19:00:00,0.0,0.0
2055-10-26 20:00:00,0.0,0.0
2055-10-26 21:00:00,0.0,0.0
2055-10-26 22:00:00,0.0,0.0
2055-10-26 23:00:00,0.0,0.0
2055-10-27 00:00:00,0.0,0.0
2055-10-27 01:00:00,0.0,0.0
2055-10-27 02:00:00,0.0,1.689503459276054
2055-10-27 03:00:00,0.0,79.82903845079353
2055-10-27 04:00:00,0.0,173.59648044061453
2055-10-27 05:00:00,0.0,243.71087400057078
2055-10-27 06:00:00,0.0,288.06033980656724
2055-10-27 07:00:00,0.0,311.7133882364319
2055-10-27 08:00:00,0.0,314.24764342534604
2055-10-27 09:00:00,0.0,296.5078571029474
2055-10-27 10:00:00,0.0,258.07165340441725
2055-10-27 11:00:00,0.0,196.40477714084128
2055-10-27 12:00:00,0.0,112.35198004185759
2055-10-27 13:00:00,0.0,15.205531133484486
2055-10-27 14:00:00,0.0,0.0
2055-10-27 15:00:00,0.0,0.0
2055-10-27 16:00:00,0.0,0.0
2055-10-27 17:00:00,0.0,0.0
2055-10-27 18:00:00,0.0,0.0
2055-10-27 19:00:00,0.0,0.0
2055-10-27 20:00:00,0.0,0.0
2055-10-27 21:00:00,0.0,0.0
2055-10-27 22:00:00,0.0,0.0
2055-10-27 23:00:00,0.0,0.0
2055-10-28 00:00:00,0.0,0.0
2055-10-28 01:00:00,0.0,0.0
2055-10-28 02:00:00,0.0,1.2671275944570404
2055-10-28 03:00:00,0.0,73.91577634332737
2055-10-28 04:00:00,0.0,166.83846660351034
2055-10-28 05:00:00,0.0,237.37523602828557
2055-10-28 06:00:00,0.0,282.99182942873904
2055-10-28 07:00:00,0.0,306.2225019937848
2055-10-28 08:00:00,0.0,308.33438131787983
2055-10-28 09:00:00,0.0,290.17221913066226
2055-10-28 10:00:00,0.0,250.046511972856
2055-10-28 11:00:00,0.0,186.69013225000396
2055-10-28 12:00:00,0.0,100.94783169174421
2055-10-28 13:00:00,0.0,11.826524214932377
2055-10-28 14:00:00,0.0,0.0
2055-10-28 15:00:00,0.0,0.0
2055-10-28 16:00:00,0.0,0.0
2055-10-28 17:00:00,0.0,0.0
2055-10-28 18:00:00,0.0,0.0
2055-10-28 19:00:00,0.0,0.0
2055-10-28 20:00:00,0.0,0.0
2055-10-28 21:00:00,0.0,0.0
2055-10-28 22:00:00,0.0,0.0
2055-10-28 23:00:00,0.0,0.0
2055-10-29 00:00:00,0.0,0.0
2055-10-29 01:00:00,0.0,0.0
2055-10-29 02:00:00,0.0,0.844751729638027
2055-10-29 03:00:00,0.0,68.00251423586118
2055-10-29 04:00:00,0.0,164.30421141459624
2055-10-29 05:00:00,0.0,235.26335670419053
2055-10-29 06:00:00,0.0,277.9233190509109
2055-10-29 07:00:00,0.0,300.7316157511376
2055-10-29 08:00:00,0.0,301.9987433455946
2055-10-29 09:00:00,0.0,282.99182942873904
2055-10-29 10:00:00,0.0,242.02137054129471
2055-10-29 11:00:00,0.0,177.39786322398567
2055-10-29 12:00:00,0.0,90.38843507126889
2055-10-29 13:00:00,0.0,8.44751729638027
2055-10-29 14:00:00,0.0,0.0
2055-10-29 15:00:00,0.0,0.0
2055-10-29 16:00:00,0.0,0.0
2055-10-29 17:00:00,0.0,0.0
2055-10-29 18:00:00,0.0,0.0
2055-10-29 19:00:00,0.0,0.0
2055-10-29 20:00:00,0.0,0.0
2055-10-29 21:00:00,0.0,0.0
2055-10-29 22:00:00,0.0,0.0
2055-10-29 23:00:00,0.0,0.0
2055-10-30 00:00:00,0.0,0.0
2055-10-30 01:00:00,0.0,0.0
2055-10-30 02:00:00,0.0,0.4223758648190135
2055-10-30 03:00:00,0.0,71.38152115441329
2055-10-30 04:00:00,0.0,164.72658727941527
2055-10-30 05:00:00,0.0,234.84098083937155
2055-10-30 06:00:00,0.0,278.34569491572995
2055-10-30 07:00:00,0.0,299.88686402149955
2055-10-30 08:00:00,0.0,299.04211229186154
2055-10-30 09:00:00,0.0,265.6744189711595
2055-10-30 10:00:00,0.0,203.1627909779455
2055-10-30 11:00:00,0.0,126.29038358088502
2055-10-30 12:00:00,0.0,55.753614156109776
2055-10-30 13:00:00,0.0,4.223758648190135
2055-10-30 14:00:00,0.0,0.0
2055-10-30 15:00:00,0.0,0.0
2055-10-30 16:00:00,0.0,0.0
2055-10-30 17:00:00,0.0,0.0
2055-10-30 18:00:00,0.0,0.0
2055-10-30 19:00:00,0.0,0.0
2055-10-30 20:00:00,0.0,0.0
2055-10-30 21:00:00,0.0,0.0
2055-10-30 22:00:00,0.0,0.0
2055-10-30 23:00:00,0.0,0.0
2055-10-31 00:00:00,0.0,0.0
2055-10-31 01:00:00,0.0,0.0
2055-10-31 02:00:00,0.0,0.0
2055-10-31 03:00:00,0.0,50.262727913462605
2055-10-31 04:00:00,0.0,121.64424906787589
2055-10-31 05:00:00,0.0,193.87052195192717
2055-10-31 06:00:00,0.0,249.624136108037
2055-10-31 07:00:00,0.0,272.4324328082637
2055-10-31 08:00:00,0.0,273.27718453790175
2055-10-31 09:00:00,0.0,257.22690167477924
2055-10-31 10:00:00,0.0,212.45506000396375
2055-10-31 11:00:00,0.0,146.9868009570167
2055-10-31 12:00:00,0.0,77.71715912669848
2055-10-31 13:00:00,0.0,5.913262107466189
2055-10-31 14:00:00,0.0,0.0
2055-10-31 15:00:00,0.0,0.0
2055-10-31 16:00:00,0.0,0.0
2055-10-31 17:00:00,0.0,0.0
2055-10-31 18:00:00,0.0,0.0
2055-10-31 19:00:00,0.0,0.0
2055-10-31 20:00:00,0.0,0.0
2055-10-31 21:00:00,0.0,0.0
2055-10-31 22:00:00,0.0,0.0
2055-10-31 23:00:00,0.0,0.0
2055-11-01 00:00:00,0.0,0.0
2055-11-01 01:00:00,0.0,0.0
2055-11-01 02:00:00,0.0,0.0
2055-11-01 03:00:00,0.0,57.86549348020484
2055-11-01 04:00:00,0.0,158.8133251719491
2055-11-01 05:00:00,0.0,224.70396008371517
2055-11-01 06:00:00,0.0,273.69956040272075
2055-11-01 07:00:00,0.0,307.4896295882418
2055-11-01 08:00:00,0.0,312.980515830889
2055-11-01 09:00:00,0.0,296.0854812381284
2055-11-01 10:00:00,0.0,258.07165340441725
2055-11-01 11:00:00,0.0,197.67190473529828
2055-11-01 12:00:00,0.0,114.88623523077167
2055-11-01 13:00:00,0.0,14.36077940384646
2055-11-01 14:00:00,0.0,0.0
2055-11-01 15:00:00,0.0,0.0
2055-11-01 16:00:00,0.0,0.0
2055-11-01 17:00:00,0.0,0.0
2055-11-01 18:00:00,0.0,0.0
2055-11-01 19:00:00,0.0,0.0
2055-11-01 20:00:00,0.0,0.0
2055-11-01 21:00:00,0.0,0.0
2055-11-01 22:00:00,0.0,0.0
2055-11-01 23:00:00,0.0,0.0
2055-11-02 00:00:00,0.0,0.0
2055-11-02 01:00:00,0.0,0.0
2055-11-02 02:00:00,0.0,0.4223758648190135
2055-11-02 03:00:00,0.0,71.8038970192323
2055-11-02 04:00:00,0.0,163.88183554977724
2055-11-02 05:00:00,0.0,233.99622910973346
2055-11-02 06:00:00,0.0,280.45757423982496
2055-11-02 07:00:00,0.0,303.6882468048707
2055-11-02 08:00:00,0.0,306.64487785860376
2055-11-02 09:00:00,0.0,289.32746740102425
2055-11-02 10:00:00,0.0,250.46888783767497
2055-11-02 11:00:00,0.0,189.22438743891806
2055-11-02 12:00:00,0.0,106.43871793439139
2055-11-02 13:00:00,0.0,11.826524214932377
2055-11-02 14:00:00,0.0,0.0
2055-11-02 15:00:00,0.0,0.0
2055-11-02 16:00:00,0.0,0.0
2055-11-02 17:00:00,0.0,0.0
2055-11-02 18:00:00,0.0,0.0
2055-11-02 19:00:00,0.0,0.0
2055-11-02 20:00:00,0.0,0.0
2055-11-02 21:00:00,0.0,0.0
2055-11-02 22:00:00,0.0,0.0
2055-11-02 23:00:00,0.0,0.0
2055-11-03 00:00:00,0.0,0.0
2055-11-03 01:00:00,0.0,0.0
2055-11-03 02:00:00,0.0,0.0
2055-11-03 03:00:00,0.0,67.15776250622315
2055-11-03 04:00:00,0.0,160.0804527664061
2055-11-03 05:00:00,0.0,231.03959805600041
2055-11-03 06:00:00,0.0,278.7680707805489
2055-11-03 07:00:00,0.0,302.8434950752327
2055-11-03 08:00:00,0.0,305.80012612896576
2055-11-03 09:00:00,0.0,288.48271567138625
2055-11-03 10:00:00,0.0,250.46888783767497
2055-11-03 11:00:00,0.0,189.22438743891806
2055-11-03 12:00:00,0.0,106.0163420695724
2055-11-03 13:00:00,0.0,11.404148350113363
2055-11-03 14:00:00,0.0,0.0
2055-11-03 15:00:00,0.0,0.0
2055-11-03 16:00:00,0.0,0.0
2055-11-03 17:00:00,0.0,0.0
2055-11-03 18:00:00,0.0,0.0
2055-11-03 19:00:00,0.0,0.0
2055-11-03 20:00:00,0.0,0.0
2055-11-03 21:00:00,0.0,0.0
2055-11-03 22:00:00,0.0,0.0
2055-11-03 23:00:00,0.0,0.0
2055-11-04 00:00:00,0.0,0.0
2055-11-04 01:00:00,0.0,0.0
2055-11-04 02:00:00,0.0,0.0
2055-11-04 03:00:00,0.0,65.8906349117661
2055-11-04 04:00:00,0.0,159.2357010367681
2055-11-04 05:00:00,0.0,231.03959805600041
2055-11-04 06:00:00,0.0,275.38906386199676
2055-11-04 07:00:00,0.0,299.88686402149955
2055-11-04 08:00:00,0.0,303.2658709400517
2055-11-04 09:00:00,0.0,287.2155880769292
2055-11-04 10:00:00,0.0,247.93463264876095
2055-11-04 11:00:00,0.0,185.00062879072792
2055-11-04 12:00:00,0.0,99.68070409728719
2055-11-04 13:00:00,0.0,9.71464489083731
2055-11-04 14:00:00,0.0,0.0
2055-11-04 15:00:00,0.0,0.0
2055-11-04 16:00:00,0.0,0.0
2055-11-04 17:00:00,0.0,0.0
2055-11-04 18:00:00,0.0,0.0
2055-11-04 19:00:00,0.0,0.0
2055-11-04 20:00:00,0.0,0.0
2055-11-04 21:00:00,0.0,0.0
2055-11-04 22:00:00,0.0,0.0
2055-11-04 23:00:00,0.0,0.0
2055-11-05 00:00:00,0.0,0.0
2055-11-05 01:00:00,0.0,0.0
2055-11-05 02:00:00,0.0,0.0
2055-11-05 03:00:00,0.0,59.554996939480894
2055-11-05 04:00:00,0.0,156.701445847854
2055-11-05 05:00:00,0.0,232.72910151527643
2055-11-05 06:00:00,0.0,278.7680707805489
2055-11-05 07:00:00,0.0,302.8434950752327
2055-11-05 08:00:00,0.0,304.95537439932775
2055-11-05 09:00:00,0.0,286.7932122121102
2055-11-05 10:00:00,0.0,246.6675050543039
2055-11-05 11:00:00,0.0,183.31112533145185
2055-11-05 12:00:00,0.0,97.56882477319212
2055-11-05 13:00:00,0.0,8.44751729638027
2055-11-05 14:00:00,0.0,0.0
2055-11-05 15:00:00,0.0,0.0
2055-11-05 16:00:00,0.0,0.0
2055-11-05 17:00:00,0.0,0.0
2055-11-05 18:00:00,0.0,0.0
2055-11-05 19:00:00,0.0,0.0
2055-11-05 20:00:00,0.0,0.0
2055-11-05 21:00:00,0.0,0.0
2055-11-05 22:00:00,0.0,0.0
2055-11-05 23:00:00,0.0,0.0
2055-11-06 00:00:00,0.0,0.0
2055-11-06 01:00:00,0.0,0.0
2055-11-06 02:00:00,0.0,0.0
2055-11-06 03:00:00,0.0,60.822124533937945
2055-11-06 04:00:00,0.0,150.3658078755688
2055-11-06 05:00:00,0.0,219.63544970588703
2055-11-06 06:00:00,0.0,275.38906386199676
2055-11-06 07:00:00,0.0,300.30923988631855
2055-11-06 08:00:00,0.0,302.4211192104137
2055-11-06 09:00:00,0.0,285.9484604824721
2055-11-06 10:00:00,0.0,246.6675050543039
2055-11-06 11:00:00,0.0,184.5782529259089
2055-11-06 12:00:00,0.0,100.94783169174421
2055-11-06 13:00:00,0.0,9.292269026018296
2055-11-06 14:00:00,0.0,0.0
2055-11-06 15:00:00,0.0,0.0
2055-11-06 16:00:00,0.0,0.0
2055-11-06 17:00:00,0.0,0.0
2055-11-06 18:00:00,0.0,0.0
2055-11-06 19:00:00,0.0,0.0
2055-11-06 20:00:00,0.0,0.0
2055-11-06 21:00:00,0.0,0.0
2055-11-06 22:00:00,0.0,0.0
2055-11-06 23:00:00,0.0,0.0
2055-11-07 00:00:00,0.0,0.0
2055-11-07 01:00:00,0.0,0.0
2055-11-07 02:00:00,0.0,0.0
2055-11-07 03:00:00,0.0,65.46825904694708
2055-11-07 04:00:00,0.0,157.54619757749202
2055-11-07 05:00:00,0.0,228.92771873190534
2055-11-07 06:00:00,0.0,277.9233190509109
2055-11-07 07:00:00,0.0,301.1539916159566
2055-11-07 08:00:00,0.0,304.5329985345087
2055-11-07 09:00:00,0.0,282.147077699101
2055-11-07 10:00:00,0.0,242.44374640611372
2055-11-07 11:00:00,0.0,160.92520449604413
2055-11-07 12:00:00,0.0,76.87240739706046
2055-11-07 13:00:00,0.0,4.646134513009148
2055-11-07 14:00:00,0.0,0.0
2055-11-07 15:00:00,0.0,0.0
2055-11-07 16:00:00,0.0,0.0
2055-11-07 17:00:00,0.0,0.0
2055-11-07 18:00:00,0.0,0.0
2055-11-07 19:00:00,0.0,0.0
2055-11-07 20:00:00,0.0,0.0
2055-11-07 21:00:00,0.0,0.0
2055-11-07 22:00:00,0.0,0.0
2055-11-07 23:00:00,0.0,0.0
2055-11-08 00:00:00,0.0,0.0
2055-11-08 01:00:00,0.0,0.0
2055-11-08 02:00:00,0.0,0.0
2055-11-08 03:00:00,0.0,63.35637972285202
2055-11-08 04:00:00,0.0,155.01194238857798
2055-11-08 05:00:00,0.0,223.4368324892581
2055-11-08 06:00:00,0.0,275.38906386199676
2055-11-08 07:00:00,0.0,299.4644881566806
2055-11-08 08:00:00,0.0,289.7498432658433
2055-11-08 09:00:00,0.0,239.06473948756167
2055-11-08 10:00:00,0.0,194.2928978167462
2055-11-08 11:00:00,0.0,161.76995622568217
2055-11-08 12:00:00,0.0,88.69893161199283
2055-11-08 13:00:00,0.0,7.602765566742243
2055-11-08 14:00:00,0.0,0.0
2055-11-08 15:00:00,0.0,0.0
2055-11-08 16:00:00,0.0,0.0
2055-11-08 17:00:00,0.0,0.0
2055-11-08 18:00:00,0.0,0.0
2055-11-08 19:00:00,0.0,0.0
2055-11-08 20:00:00,0.0,0.0
2055-11-08 21:00:00,0.0,0.0
2055-11-08 22:00:00,0.0,0.0
2055-11-08 23:00:00,0.0,0.0
2055-11-09 00:00:00,0.0,0.0
2055-11-09 01:00:00,0.0,0.0
2055-11-09 02:00:00,0.0,0.0
2055-11-09 03:00:00,0.0,46.03896926527247
2055-11-09 04:00:00,0.0,145.71967336255966
2055-11-09 05:00:00,0.0,223.4368324892581
2055-11-09 06:00:00,0.0,265.6744189711595
2055-11-09 07:00:00,0.0,294.8183536436714
2055-11-09 08:00:00,0.0,305.37775026414675
2055-11-09 09:00:00,0.0,293.1288501843954
2055-11-09 10:00:00,0.0,254.69264648586514
2055-11-09 11:00:00,0.0,192.60339435747017
2055-11-09 12:00:00,0.0,108.55059725848646
2055-11-09 13:00:00,0.0,10.137020755656323
2055-11-09 14:00:00,0.0,0.0
2055-11-09 15:00:00,0.0,0.0
2055-11-09 16:00:00,0.0,0.0
2055-11-09 17:00:00,0.0,0.0
2055-11-09 18:00:00,0.0,0.0
2055-11-09 19:00:00,0.0,0.0
2055-11-09 20:00:00,0.0,0.0
2055-11-09 21:00:00,0.0,0.0
2055-11-09 22:00:00,0.0,0.0
2055-11-09 23:00:00,0.0,0.0
2055-11-10 00:00:00,0.0,0.0
2055-11-10 01:00:00,0.0,0.0
2055-11-10 02:00:00,0.0,0.0
2055-11-10 03:00:00,0.0,52.374607237557676
2055-11-10 04:00:00,0.0,155.43431825339695
2055-11-10 05:00:00,0.0,220.05782557070603
2055-11-10 06:00:00,0.0,282.99182942873904
2055-11-10 07:00:00,0.0,309.1791330475179
2055-11-10 08:00:00,0.0,312.13576410125097
2055-11-10 09:00:00,0.0,294.39597777885234
2055-11-10 10:00:00,0.0,255.53739821550315
2055-11-10 11:00:00,0.0,193.44814608710814
2055-11-10 12:00:00,0.0,107.28346966402943
2055-11-10 13:00:00,0.0,9.292269026018296
2055-11-10 14:00:00,0.0,0.0
2055-11-10 15:00:00,0.0,0.0
2055-11-10 16:00:00,0.0,0.0
2055-11-10 17:00:00,0.0,0.0
2055-11-10 18:00:00,0.0,0.0
2055-11-10 19:00:00,0.0,0.0
2055-11-10 20:00:00,0.0,0.0
2055-11-10 21:00:00,0.0,0.0
2055-11-10 22:00:00,0.0,0.0
2055-11-10 23:00:00,0.0,0.0
2055-11-11 00:00:00,0.0,0.0
2055-11-11 01:00:00,0.0,0.0
2055-11-11 02:00:00,0.0,0.0
2055-11-11 03:00:00,0.0,62.93400385803301
2055-11-11 04:00:00,0.0,155.43431825339695
2055-11-11 05:00:00,0.0,228.0829670022673
2055-11-11 06:00:00,0.0,276.6561914564538
2055-11-11 07:00:00,0.0,301.1539916159566
2055-11-11 08:00:00,0.0,304.5329985345087
2055-11-11 09:00:00,0.0,285.1037087528341
2055-11-11 10:00:00,0.0,242.44374640611372
2055-11-11 11:00:00,0.0,174.44123217025256
2055-11-11 12:00:00,0.0,70.11439355995624
2055-11-11 13:00:00,0.0,2.5342551889140807
2055-11-11 14:00:00,0.0,0.0
2055-11-11 15:00:00,0.0,0.0
2055-11-11 16:00:00,0.0,0.0
2055-11-11 17:00:00,0.0,0.0
2055-11-11 18:00:00,0.0,0.0
2055-11-11 19:00:00,0.0,0.0
2055-11-11 20:00:00,0.0,0.0
2055-11-11 21:00:00,0.0,0.0
2055-11-11 22:00:00,0.0,0.0
2055-11-11 23:00:00,0.0,0.0
2055-11-12 00:00:00,0.0,0.0
2055-11-12 01:00:00,0.0,0.0
2055-11-12 02:00:00,0.0,0.0
2055-11-12 03:00:00,0.0,56.17599002092879
2055-11-12 04:00:00,0.0,146.56442509219767
2055-11-12 05:00:00,0.0,214.14456346323985
2055-11-12 06:00:00,0.0,259.33878099887426
2055-11-12 07:00:00,0.0,280.45757423982496
2055-11-12 08:00:00,0.0,280.45757423982496
2055-11-12 09:00:00,0.0,259.33878099887426
2055-11-12 10:00:00,0.0,213.2998117336018
2055-11-12 11:00:00,0.0,145.71967336255966
2055-11-12 12:00:00,0.0,65.04588318212808
2055-11-12 13:00:00,0.0,3.8013827833711216
2055-11-12 14:00:00,0.0,0.0
2055-11-12 15:00:00,0.0,0.0
2055-11-12 16:00:00,0.0,0.0
2055-11-12 17:00:00,0.0,0.0
2055-11-12 18:00:00,0.0,0.0
2055-11-12 19:00:00,0.0,0.0
2055-11-12 20:00:00,0.0,0.0
2055-11-12 21:00:00,0.0,0.0
2055-11-12 22:00:00,0.0,0.0
2055-11-12 23:00:00,0.0,0.0
2055-11-13 00:00:00,0.0,0.0
2055-11-13 01:00:00,0.0,0.0
2055-11-13 02:00:00,0.0,0.0
2055-11-13 03:00:00,0.0,54.48648656165274
2055-11-13 04:00:00,0.0,143.6077940384646
2055-11-13 05:00:00,0.0,214.14456346323985
2055-11-13 06:00:00,0.0,257.64927753959824
2055-11-13 07:00:00,0.0,278.34569491572995
2055-11-13 08:00:00,0.0,273.69956040272075
2055-11-13 09:00:00,0.0,236.10810843382856
2055-11-13 10:00:00,0.0,184.5782529259089
2055-11-13 11:00:00,0.0,114.46385936595267
2055-11-13 12:00:00,0.0,51.952231372738666
2055-11-13 13:00:00,0.0,4.646134513009148
2055-11-13 14:00:00,0.0,0.0
2055-11-13 15:00:00,0.0,0.0
2055-11-13 16:00:00,0.0,0.0
2055-11-13 17:00:00,0.0,0.0
2055-11-13 18:00:00,0.0,0.0
2055-11-13 19:00:00,0.0,0.0
2055-11-13 20:00:00,0.0,0.0
2055-11-13 21:00:00,0.0,0.0
2055-11-13 22:00:00,0.0,0.0
2055-11-13 23:00:00,0.0,0.0
2055-11-14 00:00:00,0.0,0.0
2055-11-14 01:00:00,0.0,0.0
2055-11-14 02:00:00,0.0,0.0
2055-11-14 03:00:00,0.0,64.20113145249005
2055-11-14 04:00:00,0.0,159.2357010367681
2055-11-14 05:00:00,0.0,232.30672565045745
2055-11-14 06:00:00,0.0,279.61282251018696
2055-11-14 07:00:00,0.0,301.9987433455946
2055-11-14 08:00:00,0.0,305.37775026414675
2055-11-14 09:00:00,0.0,288.48271567138625
2055-11-14 10:00:00,0.0,248.35700851357993
2055-11-14 11:00:00,0.0,180.77687014253777
2055-11-14 12:00:00,0.0,96.72407304355407
2055-11-14 13:00:00,0.0,6.758013837104216
2055-11-14 14:00:00,0.0,0.0
2055-11-14 15:00:00,0.0,0.0
2055-11-14 16:00:00,0.0,0.0
2055-11-14 17:00:00,0.0,0.0
2055-11-14 18:00:00,0.0,0.0
2055-11-14 19:00:00,0.0,0.0
2055-11-14 20:00:00,0.0,0.0
2055-11-14 21:00:00,0.0,0.0
2055-11-14 22:00:00,0.0,0.0
2055-11-14 23:00:00,0.0,0.0
2055-11-15 00:00:00,0.0,0.0
2055-11-15 01:00:00,0.0,0.0
2055-11-15 02:00:00,0.0,0.0
2055-11-15 03:00:00,0.0,66.73538664140413
2055-11-15 04:00:00,0.0,164.72658727941527
2055-11-15 05:00:00,0.0,236.9528601634666
2055-11-15 06:00:00,0.0,284.6813328880151
2055-11-15 07:00:00,0.0,308.75675718269883
2055-11-15 08:00:00,0.0,312.13576410125097
2055-11-15 09:00:00,0.0,294.8183536436714
2055-11-15 10:00:00,0.0,255.95977408032215
2055-11-15 11:00:00,0.0,194.2928978167462
2055-11-15 12:00:00,0.0,108.12822139366746
2055-11-15 13:00:00,0.0,7.602765566742243
2055-11-15 14:00:00,0.0,0.0
2055-11-15 15:00:00,0.0,0.0
2055-11-15 16:00:00,0.0,0.0
2055-11-15 17:00:00,0.0,0.0
2055-11-15 18:00:00,0.0,0.0
2055-11-15 19:00:00,0.0,0.0
2055-11-15 20:00:00,0.0,0.0
2055-11-15 21:00:00,0.0,0.0
2055-11-15 22:00:00,0.0,0.0
2055-11-15 23:00:00,0.0,0.0
2055-11-16 00:00:00,0.0,0.0
2055-11-16 01:00:00,0.0,0.0
2055-11-16 02:00:00,0.0,0.0
2055-11-16 03:00:00,0.0,69.69201769513722
2055-11-16 04:00:00,0.0,166.4160907386913
2055-11-16 05:00:00,0.0,237.7976118931046
2055-11-16 06:00:00,0.0,286.7932122121102
2055-11-16 07:00:00,0.0,312.13576410125097
2055-11-16 08:00:00,0.0,315.09239515498405
2055-11-16 09:00:00,0.0,297.3526088325855
2055-11-16 10:00:00,0.0,258.4940292692363
2055-11-16 11:00:00,0.0,196.40477714084128
2055-11-16 12:00:00,0.0,111.50722831221955
2055-11-16 13:00:00,0.0,8.869893161199283
2055-11-16 14:00:00,0.0,0.0
2055-11-16 15:00:00,0.0,0.0
2055-11-16 16:00:00,0.0,0.0
2055-11-16 17:00:00,0.0,0.0
2055-11-16 18:00:00,0.0,0.0
2055-11-16 19:00:00,0.0,0.0
2055-11-16 20:00:00,0.0,0.0
2055-11-16 21:00:00,0.0,0.0
2055-11-16 22:00:00,0.0,0.0
2055-11-16 23:00:00,0.0,0.0
2055-11-17 00:00:00,0.0,0.0
2055-11-17 01:00:00,0.0,0.0
2055-11-17 02:00:00,0.0,0.0
2055-11-17 03:00:00,0.0,73.91577634332737
2055-11-17 04:00:00,0.0,171.06222525170045
2055-11-17 05:00:00,0.0,243.28849813575178
2055-11-17 06:00:00,0.0,290.17221913066226
2055-11-17 07:00:00,0.0,313.402891695708
2055-11-17 08:00:00,0.0,315.9371468846221
2055-11-17 09:00:00,0.0,298.1973605622235
2055-11-17 10:00:00,0.0,258.4940292692363
2055-11-17 11:00:00,0.0,195.98240127602224
2055-11-17 12:00:00,0.0,109.81772485294351
2055-11-17 13:00:00,0.0,8.025141431561256
2055-11-17 14:00:00,0.0,0.0
2055-11-17 15:00:00,0.0,0.0
2055-11-17 16:00:00,0.0,0.0
2055-11-17 17:00:00,0.0,0.0
2055-11-17 18:00:00,0.0,0.0
2055-11-17 19:00:00,0.0,0.0
2055-11-17 20:00:00,0.0,0.0
2055-11-17 21:00:00,0.0,0.0
2055-11-17 22:00:00,0.0,0.0
2055-11-17 23:00:00,0.0,0.0
2055-11-18 00:00:00,0.0,0.0
2055-11-18 01:00:00,0.0,0.0
2055-11-18 02:00:00,0.0,0.0
2055-11-18 03:00:00,0.0,39.70333129298727
2055-11-18 04:00:00,0.0,117.84286628450477
2055-11-18 05:00:00,0.0,192.60339435747017
2055-11-18 06:00:00,0.0,239.48711535238067
2055-11-18 07:00:00,0.0,258.07165340441725
2055-11-18 08:00:00,0.0,246.24512918948486
2055-11-18 09:00:00,0.0,215.41169105769688
2055-11-18 10:00:00,0.0,168.5279700627864
2055-11-18 11:00:00,0.0,114.88623523077167
2055-11-18 12:00:00,0.0,55.33123829129078
2055-11-18 13:00:00,0.0,1.689503459276054
2055-11-18 14:00:00,0.0,0.0
2055-11-18 15:00:00,0.0,0.0
2055-11-18 16:00:00,0.0,0.0
2055-11-18 17:00:00,0.0,0.0
2055-11-18 18:00:00,0.0,0.0
2055-11-18 19:00:00,0.0,0.0
2055-11-18 20:00:00,0.0,0.0
2055-11-18 21:00:00,0.0,0.0
2055-11-18 22:00:00,0.0,0.0
2055-11-18 23:00:00,0.0,0.0
2055-11-19 00:00:00,0.0,0.0
2055-11-19 01:00:00,0.0,0.0
2055-11-19 02:00:00,0.0,0.0
2055-11-19 03:00:00,0.0,47.30609685972951
2055-11-19 04:00:00,0.0,110.24010071776252
2055-11-19 05:00:00,0.0,168.95034592760538
2055-11-19 06:00:00,0.0,207.80892549095466
2055-11-19 07:00:00,0.0,230.19484632636235
2055-11-19 08:00:00,0.0,250.891263702494
2055-11-19 09:00:00,0.0,268.6310500248926
2055-11-19 10:00:00,0.0,243.28849813575178
2055-11-19 11:00:00,0.0,181.19924600735678
2055-11-19 12:00:00,0.0,85.31992469344074
2055-11-19 13:00:00,0.0,3.379006918552108
2055-11-19 14:00:00,0.0,0.0
2055-11-19 15:00:00,0.0,0.0
2055-11-19 16:00:00,0.0,0.0
2055-11-19 17:00:00,0.0,0.0
2055-11-19 18:00:00,0.0,0.0
2055-11-19 19:00:00,0.0,0.0
2055-11-19 20:00:00,0.0,0.0
2055-11-19 21:00:00,0.0,0.0
2055-11-19 22:00:00,0.0,0.0
2055-11-19 23:00:00,0.0,0.0
2055-11-20 00:00:00,0.0,0.0
2055-11-20 01:00:00,0.0,0.0
2055-11-20 02:00:00,0.0,0.0
2055-11-20 03:00:00,0.0,46.8837209949105
2055-11-20 04:00:00,0.0,139.80641125509348
2055-11-20 05:00:00,0.0,212.0326841391448
2055-11-20 06:00:00,0.0,249.20176024321796
2055-11-20 07:00:00,0.0,278.7680707805489
2055-11-20 08:00:00,0.0,291.4393467251193
2055-11-20 09:00:00,0.0,276.6561914564538
2055-11-20 10:00:00,0.0,234.84098083937155
2055-11-20 11:00:00,0.0,168.10559419796738
2055-11-20 12:00:00,0.0,72.64864874887031
2055-11-20 13:00:00,0.0,2.9566310537330946
2055-11-20 14:00:00,0.0,0.0
2055-11-20 15:00:00,0.0,0.0
2055-11-20 16:00:00,0.0,0.0
2055-11-20 17:00:00,0.0,0.0
2055-11-20 18:00:00,0.0,0.0
2055-11-20 19:00:00,0.0,0.0
2055-11-20 20:00:00,0.0,0.0
2055-11-20 21:00:00,0.0,0.0
2055-11-20 22:00:00,0.0,0.0
2055-11-20 23:00:00,0.0,0.0
2055-11-21 00:00:00,0.0,0.0
2055-11-21 01:00:00,0.0,0.0
2055-11-21 02:00:00,0.0,0.0
2055-11-21 03:00:00,0.0,46.8837209949105
2055-11-21 04:00:00,0.0,133.04839741798926
2055-11-21 05:00:00,0.0,207.80892549095466
2055-11-21 06:00:00,0.0,246.6675050543039
2055-11-21 07:00:00,0.0,268.6310500248926
2055-11-21 08:00:00,0.0,268.2086741600736
2055-11-21 09:00:00,0.0,242.86612227093275
2055-11-21 10:00:00,0.0,203.1627909779455
2055-11-21 11:00:00,0.0,138.96165952545545
2055-11-21 12:00:00,0.0,51.52985550791964
2055-11-21 13:00:00,0.0,0.844751729638027
2055-11-21 14:00:00,0.0,0.0
2055-11-21 15:00:00,0.0,0.0
2055-11-21 16:00:00,0.0,0.0
2055-11-21 17:00:00,0.0,0.0
2055-11-21 18:00:00,0.0,0.0
2055-11-21 19:00:00,0.0,0.0
2055-11-21 20:00:00,0.0,0.0
2055-11-21 21:00:00,0.0,0.0
2055-11-21 22:00:00,0.0,0.0
2055-11-21 23:00:00,0.0,0.0
2055-11-22 00:00:00,0.0,0.0
2055-11-22 01:00:00,0.0,0.0
2055-11-22 02:00:00,0.0,0.0
2055-11-22 03:00:00,0.0,41.392834752263326
2055-11-22 04:00:00,0.0,132.62602155317023
2055-11-22 05:00:00,0.0,212.45506000396375
2055-11-22 06:00:00,0.0,269.0534258897116
2055-11-22 07:00:00,0.0,292.70647431957633
2055-11-22 08:00:00,0.0,294.39597777885234
2055-11-22 09:00:00,0.0,280.87995010464397
2055-11-22 10:00:00,0.0,239.48711535238067
2055-11-22 11:00:00,0.0,174.44123217025256
2055-11-22 12:00:00,0.0,86.58705228789776
2055-11-22 13:00:00,0.0,3.8013827833711216
2055-11-22 14:00:00,0.0,0.0
2055-11-22 15:00:00,0.0,0.0
2055-11-22 16:00:00,0.0,0.0
2055-11-22 17:00:00,0.0,0.0
2055-11-22 18:00:00,0.0,0.0
2055-11-22 19:00:00,0.0,0.0
2055-11-22 20:00:00,0.0,0.0
2055-11-22 21:00:00,0.0,0.0
2055-11-22 22:00:00,0.0,0.0
2055-11-22 23:00:00,0.0,0.0
2055-11-23 00:00:00,0.0,0.0
2055-11-23 01:00:00,0.0,0.0
2055-11-23 02:00:00,0.0,0.0
2055-11-23 03:00:00,0.0,38.85857956334924
2055-11-23 04:00:00,0.0,105.17159033993435
2055-11-23 05:00:00,0.0,159.2357010367681
2055-11-23 06:00:00,0.0,199.36140819457438
2055-11-23 07:00:00,0.0,232.72910151527643
2055-11-23 08:00:00,0.0,262.2954120526074
2055-11-23 09:00:00,0.0,252.58076716177004
2055-11-23 10:00:00,0.0,210.76555654468774
2055-11-23 11:00:00,0.0,158.39094930713006
2055-11-23 12:00:00,0.0,72.22627288405131
2055-11-23 13:00:00,0.0,1.2671275944570404
2055-11-23 14:00:00,0.0,0.0
2055-11-23 15:00:00,0.0,0.0
2055-11-23 16:00:00,0.0,0.0
2055-11-23 17:00:00,0.0,0.0
2055-11-23 18:00:00,0.0,0.0
2055-11-23 19:00:00,0.0,0.0
2055-11-23 20:00:00,0.0,0.0
2055-11-23 21:00:00,0.0,0.0
2055-11-23 22:00:00,0.0,0.0
2055-11-23 23:00:00,0.0,0.0
2055-11-24 00:00:00,0.0,0.0
2055-11-24 01:00:00,0.0,0.0
2055-11-24 02:00:00,0.0,0.0
2055-11-24 03:00:00,0.0,46.8837209949105
2055-11-24 04:00:00,0.0,142.34066644400755
2055-11-24 05:00:00,0.0,215.41169105769688
2055-11-24 06:00:00,0.0,261.0282844581503
2055-11-24 07:00:00,0.0,283.83658115837704
2055-11-24 08:00:00,0.0,283.83658115837704
2055-11-24 09:00:00,0.0,266.51917070079753
2055-11-24 10:00:00,0.0,223.85920835407714
2055-11-24 11:00:00,0.0,155.85669411821596
2055-11-24 12:00:00,0.0,62.511627993214
2055-11-24 13:00:00,0.0,2.1118793240950673
2055-11-24 14:00:00,0.0,0.0
2055-11-24 15:00:00,0.0,0.0
2055-11-24 16:00:00,0.0,0.0
2055-11-24 17:00:00,0.0,0.0
2055-11-24 18:00:00,0.0,0.0
2055-11-24 19:00:00,0.0,0.0
2055-11-24 20:00:00,0.0,0.0
2055-11-24 21:00:00,0.0,0.0
2055-11-24 22:00:00,0.0,0.0
2055-11-24 23:00:00,0.0,0.0
2055-11-25 00:00:00,0.0,0.0
2055-11-25 01:00:00,0.0,0.0
2055-11-25 02:00:00,0.0,0.0
2055-11-25 03:00:00,0.0,52.796983102376686
2055-11-25 04:00:00,0.0,146.56442509219767
2055-11-25 05:00:00,0.0,220.05782557070603
2055-11-25 06:00:00,0.0,268.6310500248926
2055-11-25 07:00:00,0.0,293.55122604921434
2055-11-25 08:00:00,0.0,296.93023296776647
2055-11-25 09:00:00,0.0,280.0351983750059
2055-11-25 10:00:00,0.0,230.61722219118138
2055-11-25 11:00:00,0.0,171.06222525170045
2055-11-25 12:00:00,0.0,75.1829039377844
2055-11-25 13:00:00,0.0,2.9566310537330946
2055-11-25 14:00:00,0.0,0.0
2055-11-25 15:00:00,0.0,0.0
2055-11-25 16:00:00,0.0,0.0
2055-11-25 17:00:00,0.0,0.0
2055-11-25 18:00:00,0.0,0.0
2055-11-25 19:00:00,0.0,0.0
2055-11-25 20:00:00,0.0,0.0
2055-11-25 21:00:00,0.0,0.0
2055-11-25 22:00:00,0.0,0.0
2055-11-25 23:00:00,0.0,0.0
2055-11-26 00:00:00,0.0,0.0
2055-11-26 01:00:00,0.0,0.0
2055-11-26 02:00:00,0.0,0.0
2055-11-26 03:00:00,0.0,54.90886242647176
2055-11-26 04:00:00,0.0,150.7881837403878
2055-11-26 05:00:00,0.0,225.54871181335318
2055-11-26 06:00:00,0.0,273.69956040272075
2055-11-26 07:00:00,0.0,298.1973605622235
2055-11-26 08:00:00,0.0,301.5763674807757
2055-11-26 09:00:00,0.0,283.83658115837704
2055-11-26 10:00:00,0.0,244.9780015950278
2055-11-26 11:00:00,0.0,180.35449427771874
2055-11-26 12:00:00,0.0,92.92269026018296
2055-11-26 13:00:00,0.0,3.8013827833711216
2055-11-26 14:00:00,0.0,0.0
2055-11-26 15:00:00,0.0,0.0
2055-11-26 16:00:00,0.0,0.0
2055-11-26 17:00:00,0.0,0.0
2055-11-26 18:00:00,0.0,0.0
2055-11-26 19:00:00,0.0,0.0
2055-11-26 20:00:00,0.0,0.0
2055-11-26 21:00:00,0.0,0.0
2055-11-26 22:00:00,0.0,0.0
2055-11-26 23:00:00,0.0,0.0
2055-11-27 00:00:00,0.0,0.0
2055-11-27 01:00:00,0.0,0.0
2055-11-27 02:00:00,0.0,0.0
2055-11-27 03:00:00,0.0,59.97737280429991
2055-11-27 04:00:00,0.0,157.54619757749202
2055-11-27 05:00:00,0.0,231.03959805600041
2055-11-27 06:00:00,0.0,280.0351983750059
2055-11-27 07:00:00,0.0,304.95537439932775
2055-11-27 08:00:00,0.0,308.33438131787983
2055-11-27 09:00:00,0.0,290.59459499548126
2055-11-27 10:00:00,0.0,250.891263702494
2055-11-27 11:00:00,0.0,187.11250811482296
2055-11-27 12:00:00,0.0,99.25832823246817
2055-11-27 13:00:00,0.0,4.646134513009148
2055-11-27 14:00:00,0.0,0.0
2055-11-27 15:00:00,0.0,0.0
2055-11-27 16:00:00,0.0,0.0
2055-11-27 17:00:00,0.0,0.0
2055-11-27 18:00:00,0.0,0.0
2055-11-27 19:00:00,0.0,0.0
2055-11-27 20:00:00,0.0,0.0
2055-11-27 21:00:00,0.0,0.0
2055-11-27 22:00:00,0.0,0.0
2055-11-27 23:00:00,0.0,0.0
2055-11-28 00:00:00,0.0,0.0
2055-11-28 01:00:00,0.0,0.0
2055-11-28 02:00:00,0.0,0.0
2055-11-28 03:00:00,0.0,50.68510377828162
2055-11-28 04:00:00,0.0,152.47768719966388
2055-11-28 05:00:00,0.0,225.54871181335318
2055-11-28 06:00:00,0.0,269.4758017545306
2055-11-28 07:00:00,0.0,299.04211229186154
2055-11-28 08:00:00,0.0,303.6882468048707
2055-11-28 09:00:00,0.0,284.25895702319616
2055-11-28 10:00:00,0.0,242.02137054129471
2055-11-28 11:00:00,0.0,179.50974254808074
2055-11-28 12:00:00,0.0,92.92269026018296
2055-11-28 13:00:00,0.0,4.223758648190135
2055-11-28 14:00:00,0.0,0.0
2055-11-28 15:00:00,0.0,0.0
2055-11-28 16:00:00,0.0,0.0
2055-11-28 17:00:00,0.0,0.0
2055-11-28 18:00:00,0.0,0.0
2055-11-28 19:00:00,0.0,0.0
2055-11-28 20:00:00,0.0,0.0
2055-11-28 21:00:00,0.0,0.0
2055-11-28 22:00:00,0.0,0.0
2055-11-28 23:00:00,0.0,0.0
2055-11-29 00:00:00,0.0,0.0
2055-11-29 01:00:00,0.0,0.0
2055-11-29 02:00:00,0.0,0.0
2055-11-29 03:00:00,0.0,66.73538664140413
2055-11-29 04:00:00,0.0,164.72658727941527
2055-11-29 05:00:00,0.0,237.7976118931046
2055-11-29 06:00:00,0.0,285.1037087528341
2055-11-29 07:00:00,0.0,308.75675718269883
2055-11-29 08:00:00,0.0,311.29101237161296
2055-11-29 09:00:00,0.0,292.70647431957633
2055-11-29 10:00:00,0.0,252.15839129695107
2055-11-29 11:00:00,0.0,187.957259844461
2055-11-29 12:00:00,0.0,99.25832823246817
2055-11-29 13:00:00,0.0,4.646134513009148
2055-11-29 14:00:00,0.0,0.0
2055-11-29 15:00:00,0.0,0.0
2055-11-29 16:00:00,0.0,0.0
2055-11-29 17:00:00,0.0,0.0
2055-11-29 18:00:00,0.0,0.0
2055-11-29 19:00:00,0.0,0.0
2055-11-29 20:00:00,0.0,0.0
2055-11-29 21:00:00,0.0,0.0
2055-11-29 22:00:00,0.0,0.0
2055-11-29 23:00:00,0.0,0.0
2055-11-30 00:00:00,0.0,0.0
2055-11-30 01:00:00,0.0,0.0
2055-11-30 02:00:00,0.0,0.0
2055-11-30 03:00:00,0.0,64.62350731730908
2055-11-30 04:00:00,0.0,163.03708382013923
2055-11-30 05:00:00,0.0,235.26335670419053
2055-11-30 06:00:00,0.0,282.56945356392004
2055-11-30 07:00:00,0.0,306.64487785860376
2055-11-30 08:00:00,0.0,309.1791330475179
2055-11-30 09:00:00,0.0,290.59459499548126
2055-11-30 10:00:00,0.0,250.046511972856
2055-11-30 11:00:00,0.0,185.00062879072792
2055-11-30 12:00:00,0.0,98.83595236764914
2055-11-30 13:00:00,0.0,5.0685103778281615
2055-11-30 14:00:00,0.0,0.0
2055-11-30 15:00:00,0.0,0.0
2055-11-30 16:00:00,0.0,0.0
2055-11-30 17:00:00,0.0,0.0
2055-11-30 18:00:00,0.0,0.0
2055-11-30 19:00:00,0.0,0.0
2055-11-30 20:00:00,0.0,0.0
2055-11-30 21:00:00,0.0,0.0
2055-11-30 22:00:00,0.0,0.0
2055-11-30 23:00:00,0.0,0.0
2055-12-01 00:00:00,0.0,0.0
2055-12-01 01:00:00,0.0,0.0
2055-12-01 02:00:00,0.0,0.0
2055-12-01 03:00:00,0.0,64.20113145249005
2055-12-01 04:00:00,0.0,161.76995622568217
2055-12-01 05:00:00,0.0,235.26335670419053
2055-12-01 06:00:00,0.0,282.147077699101
2055-12-01 07:00:00,0.0,306.64487785860376
2055-12-01 08:00:00,0.0,309.60150891233684
2055-12-01 09:00:00,0.0,291.4393467251193
2055-12-01 10:00:00,0.0,251.73601543213204
2055-12-01 11:00:00,0.0,187.957259844461
2055-12-01 12:00:00,0.0,99.68070409728719
2055-12-01 13:00:00,0.0,4.646134513009148
2055-12-01 14:00:00,0.0,0.0
2055-12-01 15:00:00,0.0,0.0
2055-12-01 16:00:00,0.0,0.0
2055-12-01 17:00:00,0.0,0.0
2055-12-01 18:00:00,0.0,0.0
2055-12-01 19:00:00,0.0,0.0
2055-12-01 20:00:00,0.0,0.0
2055-12-01 21:00:00,0.0,0.0
2055-12-01 22:00:00,0.0,0.0
2055-12-01 23:00:00,0.0,0.0
2055-12-02 00:00:00,0.0,0.0
2055-12-02 01:00:00,0.0,0.0
2055-12-02 02:00:00,0.0,0.0
2055-12-02 03:00:00,0.0,54.48648656165274
2055-12-02 04:00:00,0.0,145.29729749774063
2055-12-02 05:00:00,0.0,227.66059113744828
2055-12-02 06:00:00,0.0,269.0534258897116
2055-12-02 07:00:00,0.0,295.24072950849046
2055-12-02 08:00:00,0.0,293.55122604921434
2055-12-02 09:00:00,0.0,277.0785673212729
2055-12-02 10:00:00,0.0,231.46197392081936
2055-12-02 11:00:00,0.0,167.68321833314835
2055-12-02 12:00:00,0.0,65.04588318212808
2055-12-02 13:00:00,0.0,1.689503459276054
2055-12-02 14:00:00,0.0,0.0
2055-12-02 15:00:00,0.0,0.0
2055-12-02 16:00:00,0.0,0.0
2055-12-02 17:00:00,0.0,0.0
2055-12-02 18:00:00,0.0,0.0
2055-12-02 19:00:00,0.0,0.0
2055-12-02 20:00:00,0.0,0.0
2055-12-02 21:00:00,0.0,0.0
2055-12-02 22:00:00,0.0,0.0
2055-12-02 23:00:00,0.0,0.0
2055-12-03 00:00:00,0.0,0.0
2055-12-03 01:00:00,0.0,0.0
2055-12-03 02:00:00,0.0,0.0
2055-12-03 03:00:00,0.0,44.34946580599642
2055-12-03 04:00:00,0.0,122.4890007975139
2055-12-03 05:00:00,0.0,192.18101849265113
2055-12-03 06:00:00,0.0,260.1835327285123
2055-12-03 07:00:00,0.0,291.4393467251193
2055-12-03 08:00:00,0.0,293.9736019140334
2055-12-03 09:00:00,0.0,273.27718453790175
2055-12-03 10:00:00,0.0,228.5053428670863
2055-12-03 11:00:00,0.0,156.701445847854
2055-12-03 12:00:00,0.0,70.95914528959426
2055-12-03 13:00:00,0.0,2.5342551889140807
2055-12-03 14:00:00,0.0,0.0
2055-12-03 15:00:00,0.0,0.0
2055-12-03 16:00:00,0.0,0.0
2055-12-03 17:00:00,0.0,0.0
2055-12-03 18:00:00,0.0,0.0
2055-12-03 19:00:00,0.0,0.0
2055-12-03 20:00:00,0.0,0.0
2055-12-03 21:00:00,0.0,0.0
2055-12-03 22:00:00,0.0,0.0
2055-12-03 23:00:00,0.0,0.0
2055-12-04 00:00:00,0.0,0.0
2055-12-04 01:00:00,0.0,0.0
2055-12-04 02:00:00,0.0,0.0
2055-12-04 03:00:00,0.0,49.41797618382457
2055-12-04 04:00:00,0.0,138.96165952545545
2055-12-04 05:00:00,0.0,208.23130135577364
2055-12-04 06:00:00,0.0,256.8045258099602
2055-12-04 07:00:00,0.0,282.56945356392004
2055-12-04 08:00:00,0.0,285.9484604824721
2055-12-04 09:00:00,0.0,273.69956040272075
2055-12-04 10:00:00,0.0,242.44374640611372
2055-12-04 11:00:00,0.0,180.77687014253777
2055-12-04 12:00:00,0.0,92.50031439536396
2055-12-04 13:00:00,0.0,3.379006918552108
2055-12-04 14:00:00,0.0,0.0
2055-12-04 15:00:00,0.0,0.0
2055-12-04 16:00:00,0.0,0.0
2055-12-04 17:00:00,0.0,0.0
2055-12-04 18:00:00,0.0,0.0
2055-12-04 19:00:00,0.0,0.0
2055-12-04 20:00:00,0.0,0.0
2055-12-04 21:00:00,0.0,0.0
2055-12-04 22:00:00,0.0,0.0
2055-12-04 23:00:00,0.0,0.0
2055-12-05 00:00:00,0.0,0.0
2055-12-05 01:00:00,0.0,0.0
2055-12-05 02:00:00,0.0,0.0
2055-12-05 03:00:00,0.0,44.77184167081543
2055-12-05 04:00:00,0.0,138.53928366063644
2055-12-05 05:00:00,0.0,216.25644278733492
2055-12-05 06:00:00,0.0,266.0967948359785
2055-12-05 07:00:00,0.0,291.4393467251193
2055-12-05 08:00:00,0.0,293.1288501843954
2055-12-05 09:00:00,0.0,243.71087400057078
2055-12-05 10:00:00,0.0,192.60339435747017
2055-12-05 11:00:00,0.0,119.53236974378083
2055-12-05 12:00:00,0.0,48.99560031900557
2055-12-05 13:00:00,0.0,0.0
2055-12-05 14:00:00,0.0,0.0
2055-12-05 15:00:00,0.0,0.0
2055-12-05 16:00:00,0.0,0.0
2055-12-05 17:00:00,0.0,0.0
2055-12-05 18:00:00,0.0,0.0
2055-12-05 19:00:00,0.0,0.0
2055-12-05 20:00:00,0.0,0.0
2055-12-05 21:00:00,0.0,0.0
2055-12-05 22:00:00,0.0,0.0
2055-12-05 23:00:00,0.0,0.0
2055-12-06 00:00:00,0.0,0.0
2055-12-06 01:00:00,0.0,0.0
2055-12-06 02:00:00,0.0,0.0
2055-12-06 03:00:00,0.0,25.34255188914081
2055-12-06 04:00:00,0.0,92.92269026018296
2055-12-06 05:00:00,0.0,157.54619757749202
2055-12-06 06:00:00,0.0,214.56693932805885
2055-12-06 07:00:00,0.0,243.71087400057078
2055-12-06 08:00:00,0.0,244.5556257302088
2055-12-06 09:00:00,0.0,224.28158421889617
2055-12-06 10:00:00,0.0,182.88874946663282
2055-12-06 11:00:00,0.0,122.06662493269488
2055-12-06 12:00:00,0.0,51.952231372738666
2055-12-06 13:00:00,0.0,0.0
2055-12-06 14:00:00,0.0,0.0
2055-12-06 15:00:00,0.0,0.0
2055-12-06 16:00:00,0.0,0.0
2055-12-06 17:00:00,0.0,0.0
2055-12-06 18:00:00,0.0,0.0
2055-12-06 19:00:00,0.0,0.0
2055-12-06 20:00:00,0.0,0.0
2055-12-06 21:00:00,0.0,0.0
2055-12-06 22:00:00,0.0,0.0
2055-12-06 23:00:00,0.0,0.0
2055-12-07 00:00:00,0.0,0.0
2055-12-07 01:00:00,0.0,0.0
2055-12-07 02:00:00,0.0,0.0
2055-12-07 03:00:00,0.0,23.23067256504574
2055-12-07 04:00:00,0.0,85.74230055825974
2055-12-07 05:00:00,0.0,169.79509765724345
2055-12-07 06:00:00,0.0,231.46197392081936
2055-12-07 07:00:00,0.0,265.25204310634047
2055-12-07 08:00:00,0.0,264.40729137670246
2055-12-07 09:00:00,0.0,234.41860497455252
2055-12-07 10:00:00,0.0,179.0873666832617
2055-12-07 11:00:00,0.0,121.22187320305686
2055-12-07 12:00:00,0.0,46.03896926527247
2055-12-07 13:00:00,0.0,0.0
2055-12-07 14:00:00,0.0,0.0
2055-12-07 15:00:00,0.0,0.0
2055-12-07 16:00:00,0.0,0.0
2055-12-07 17:00:00,0.0,0.0
2055-12-07 18:00:00,0.0,0.0
2055-12-07 19:00:00,0.0,0.0
2055-12-07 20:00:00,0.0,0.0
2055-12-07 21:00:00,0.0,0.0
2055-12-07 22:00:00,0.0,0.0
2055-12-07 23:00:00,0.0,0.0
2055-12-08 00:00:00,0.0,0.0
2055-12-08 01:00:00,0.0,0.0
2055-12-08 02:00:00,0.0,0.0
2055-12-08 03:00:00,0.0,27.032055348416865
2055-12-08 04:00:00,0.0,96.30169717873508
2055-12-08 05:00:00,0.0,182.4663736018138
2055-12-08 06:00:00,0.0,237.37523602828557
2055-12-08 07:00:00,0.0,264.82966724152146
2055-12-08 08:00:00,0.0,272.4324328082637
2055-12-08 09:00:00,0.0,264.40729137670246
2055-12-08 10:00:00,0.0,223.0144566244391
2055-12-08 11:00:00,0.0,156.279069983035
2055-12-08 12:00:00,0.0,70.11439355995624
2055-12-08 13:00:00,0.0,1.2671275944570404
2055-12-08 14:00:00,0.0,0.0
2055-12-08 15:00:00,0.0,0.0
2055-12-08 16:00:00,0.0,0.0
2055-12-08 17:00:00,0.0,0.0
2055-12-08 18:00:00,0.0,0.0
2055-12-08 19:00:00,0.0,0.0
2055-12-08 20:00:00,0.0,0.0
2055-12-08 21:00:00,0.0,0.0
2055-12-08 22:00:00,0.0,0.0
2055-12-08 23:00:00,0.0,0.0
2055-12-09 00:00:00,0.0,0.0
2055-12-09 01:00:00,0.0,0.0
2055-12-09 02:00:00,0.0,0.0
2055-12-09 03:00:00,0.0,43.5047140763584
2055-12-09 04:00:00,0.0,132.62602155317023
2055-12-09 05:00:00,0.0,211.18793240950674
2055-12-09 06:00:00,0.0,261.4506603229693
2055-12-09 07:00:00,0.0,286.7932122121102
2055-12-09 08:00:00,0.0,289.7498432658433
2055-12-09 09:00:00,0.0,268.2086741600736
2055-12-09 10:00:00,0.0,228.5053428670863
2055-12-09 11:00:00,0.0,163.88183554977724
2055-12-09 12:00:00,0.0,77.29478326187947
2055-12-09 13:00:00,0.0,1.689503459276054
2055-12-09 14:00:00,0.0,0.0
2055-12-09 15:00:00,0.0,0.0
2055-12-09 16:00:00,0.0,0.0
2055-12-09 17:00:00,0.0,0.0
2055-12-09 18:00:00,0.0,0.0
2055-12-09 19:00:00,0.0,0.0
2055-12-09 20:00:00,0.0,0.0
2055-12-09 21:00:00,0.0,0.0
2055-12-09 22:00:00,0.0,0.0
2055-12-09 23:00:00,0.0,0.0
2055-12-10 00:00:00,0.0,0.0
2055-12-10 01:00:00,0.0,0.0
2055-12-10 02:00:00,0.0,0.0
2055-12-10 03:00:00,0.0,48.15084858936754
2055-12-10 04:00:00,0.0,141.91829057918852
2055-12-10 05:00:00,0.0,215.83406692251592
2055-12-10 06:00:00,0.0,268.2086741600736
2055-12-10 07:00:00,0.0,293.9736019140334
2055-12-10 08:00:00,0.0,297.3526088325855
2055-12-10 09:00:00,0.0,280.45757423982496
2055-12-10 10:00:00,0.0,241.59899467647574
2055-12-10 11:00:00,0.0,178.66499081844267
2055-12-10 12:00:00,0.0,91.2331868009069
2055-12-10 13:00:00,0.0,2.9566310537330946
2055-12-10 14:00:00,0.0,0.0
2055-12-10 15:00:00,0.0,0.0
2055-12-10 16:00:00,0.0,0.0
2055-12-10 17:00:00,0.0,0.0
2055-12-10 18:00:00,0.0,0.0
2055-12-10 19:00:00,0.0,0.0
2055-12-10 20:00:00,0.0,0.0
2055-12-10 21:00:00,0.0,0.0
2055-12-10 22:00:00,0.0,0.0
2055-12-10 23:00:00,0.0,0.0
2055-12-11 00:00:00,0.0,0.0
2055-12-11 01:00:00,0.0,0.0
2055-12-11 02:00:00,0.0,0.0
2055-12-11 03:00:00,0.0,59.97737280429991
2055-12-11 04:00:00,0.0,157.54619757749202
2055-12-11 05:00:00,0.0,230.19484632636235
2055-12-11 06:00:00,0.0,276.6561914564538
2055-12-11 07:00:00,0.0,300.30923988631855
2055-12-11 08:00:00,0.0,302.4211192104137
2055-12-11 09:00:00,0.0,283.83658115837704
2055-12-11 10:00:00,0.0,243.71087400057078
2055-12-11 11:00:00,0.0,180.35449427771874
2055-12-11 12:00:00,0.0,93.34506612500198
2055-12-11 13:00:00,0.0,3.379006918552108
2055-12-11 14:00:00,0.0,0.0
2055-12-11 15:00:00,0.0,0.0
2055-12-11 16:00:00,0.0,0.0
2055-12-11 17:00:00,0.0,0.0
2055-12-11 18:00:00,0.0,0.0
2055-12-11 19:00:00,0.0,0.0
2055-12-11 20:00:00,0.0,0.0
2055-12-11 21:00:00,0.0,0.0
2055-12-11 22:00:00,0.0,0.0
2055-12-11 23:00:00,0.0,0.0
2055-12-12 00:00:00,0.0,0.0
2055-12-12 01:00:00,0.0,0.0
2055-12-12 02:00:00,0.0,0.0
2055-12-12 03:00:00,0.0,52.374607237557676
2055-12-12 04:00:00,0.0,147.4091768218357
2055-12-12 05:00:00,0.0,220.05782557070603
2055-12-12 06:00:00,0.0,266.94154656561653
2055-12-12 07:00:00,0.0,290.17221913066226
2055-12-12 08:00:00,0.0,292.70647431957633
2055-12-12 09:00:00,0.0,272.4324328082637
2055-12-12 10:00:00,0.0,231.46197392081936
2055-12-12 11:00:00,0.0,165.9937148738723
2055-12-12 12:00:00,0.0,78.56191085633651
2055-12-12 13:00:00,0.0,0.844751729638027
2055-12-12 14:00:00,0.0,0.0
2055-12-12 15:00:00,0.0,0.0
2055-12-12 16:00:00,0.0,0.0
2055-12-12 17:00:00,0.0,0.0
2055-12-12 18:00:00,0.0,0.0
2055-12-12 19:00:00,0.0,0.0
2055-12-12 20:00:00,0.0,0.0
2055-12-12 21:00:00,0.0,0.0
2055-12-12 22:00:00,0.0,0.0
2055-12-12 23:00:00,0.0,0.0
2055-12-13 00:00:00,0.0,0.0
2055-12-13 01:00:00,0.0,0.0
2055-12-13 02:00:00,0.0,0.0
2055-12-13 03:00:00,0.0,59.554996939480894
2055-12-13 04:00:00,0.0,160.0804527664061
2055-12-13 05:00:00,0.0,233.57385324491443
2055-12-13 06:00:00,0.0,280.87995010464397
2055-12-13 07:00:00,0.0,304.95537439932775
2055-12-13 08:00:00,0.0,307.4896295882418
2055-12-13 09:00:00,0.0,289.7498432658433
2055-12-13 10:00:00,0.0,249.624136108037
2055-12-13 11:00:00,0.0,185.84538052036592
2055-12-13 12:00:00,0.0,97.99120063801112
2055-12-13 13:00:00,0.0,3.8013827833711216
2055-12-13 14:00:00,0.0,0.0
2055-12-13 15:00:00,0.0,0.0
2055-12-13 16:00:00,0.0,0.0
2055-12-13 17:00:00,0.0,0.0
2055-12-13 18:00:00,0.0,0.0
2055-12-13 19:00:00,0.0,0.0
2055-12-13 20:00:00,0.0,0.0
2055-12-13 21:00:00,0.0,0.0
2055-12-13 22:00:00,0.0,0.0
2055-12-13 23:00:00,0.0,0.0
2055-12-14 00:00:00,0.0,0.0
2055-12-14 01:00:00,0.0,0.0
2055-12-14 02:00:00,0.0,0.0
2055-12-14 03:00:00,0.0,60.399748669118935
2055-12-14 04:00:00,0.0,157.12382171267302
2055-12-14 05:00:00,0.0,228.92771873190534
2055-12-14 06:00:00,0.0,274.9666879971778
2055-12-14 07:00:00,0.0,298.61973642704254
2055-12-14 08:00:00,0.0,301.1539916159566
2055-12-14 09:00:00,0.0,282.99182942873904
2055-12-14 10:00:00,0.0,243.71087400057078
2055-12-14 11:00:00,0.0,180.35449427771874
2055-12-14 12:00:00,0.0,91.65556266572592
2055-12-14 13:00:00,0.0,2.9566310537330946
2055-12-14 14:00:00,0.0,0.0
2055-12-14 15:00:00,0.0,0.0
2055-12-14 16:00:00,0.0,0.0
2055-12-14 17:00:00,0.0,0.0
2055-12-14 18:00:00,0.0,0.0
2055-12-14 19:00:00,0.0,0.0
2055-12-14 20:00:00,0.0,0.0
2055-12-14 21:00:00,0.0,0.0
2055-12-14 22:00:00,0.0,0.0
2055-12-14 23:00:00,0.0,0.0
2055-12-15 00:00:00,0.0,0.0
2055-12-15 01:00:00,0.0,0.0
2055-12-15 02:00:00,0.0,0.0
2055-12-15 03:00:00,0.0,54.90886242647176
2055-12-15 04:00:00,0.0,151.21055960520684
2055-12-15 05:00:00,0.0,224.28158421889617
2055-12-15 06:00:00,0.0,272.4324328082637
2055-12-15 07:00:00,0.0,296.93023296776647
2055-12-15 08:00:00,0.0,300.30923988631855
2055-12-15 09:00:00,0.0,282.99182942873904
2055-12-15 10:00:00,0.0,243.28849813575178
2055-12-15 11:00:00,0.0,179.50974254808074
2055-12-15 12:00:00,0.0,90.8108109360879
2055-12-15 13:00:00,0.0,2.9566310537330946
2055-12-15 14:00:00,0.0,0.0
2055-12-15 15:00:00,0.0,0.0
2055-12-15 16:00:00,0.0,0.0
2055-12-15 17:00:00,0.0,0.0
2055-12-15 18:00:00,0.0,0.0
2055-12-15 19:00:00,0.0,0.0
2055-12-15 20:00:00,0.0,0.0
2055-12-15 21:00:00,0.0,0.0
2055-12-15 22:00:00,0.0,0.0
2055-12-15 23:00:00,0.0,0.0
2055-12-16 00:00:00,0.0,0.0
2055-12-16 01:00:00,0.0,0.0
2055-12-16 02:00:00,0.0,0.0
2055-12-16 03:00:00,0.0,57.02074175056683
2055-12-16 04:00:00,0.0,152.90006306448285
2055-12-16 05:00:00,0.0,225.54871181335318
2055-12-16 06:00:00,0.0,271.1653052138067
2055-12-16 07:00:00,0.0,295.66310537330946
2055-12-16 08:00:00,0.0,299.04211229186154
2055-12-16 09:00:00,0.0,281.302325969463
2055-12-16 10:00:00,0.0,239.06473948756167
2055-12-16 11:00:00,0.0,174.44123217025256
2055-12-16 12:00:00,0.0,84.47517296380269
2055-12-16 13:00:00,0.0,2.5342551889140807
2055-12-16 14:00:00,0.0,0.0
2055-12-16 15:00:00,0.0,0.0
2055-12-16 16:00:00,0.0,0.0
2055-12-16 17:00:00,0.0,0.0
2055-12-16 18:00:00,0.0,0.0
2055-12-16 19:00:00,0.0,0.0
2055-12-16 20:00:00,0.0,0.0
2055-12-16 21:00:00,0.0,0.0
2055-12-16 22:00:00,0.0,0.0
2055-12-16 23:00:00,0.0,0.0
2055-12-17 00:00:00,0.0,0.0
2055-12-17 01:00:00,0.0,0.0
2055-12-17 02:00:00,0.0,0.0
2055-12-17 03:00:00,0.0,36.746700239254174
2055-12-17 04:00:00,0.0,118.68761801414279
2055-12-17 05:00:00,0.0,217.94594624661096
2055-12-17 06:00:00,0.0,258.91640513405525
2055-12-17 07:00:00,0.0,295.66310537330946
2055-12-17 08:00:00,0.0,300.7316157511376
2055-12-17 09:00:00,0.0,282.99182942873904
2055-12-17 10:00:00,0.0,246.6675050543039
2055-12-17 11:00:00,0.0,182.4663736018138
2055-12-17 12:00:00,0.0,80.25141431561256
2055-12-17 13:00:00,0.0,1.689503459276054
2055-12-17 14:00:00,0.0,0.0
2055-12-17 15:00:00,0.0,0.0
2055-12-17 16:00:00,0.0,0.0
2055-12-17 17:00:00,0.0,0.0
2055-12-17 18:00:00,0.0,0.0
2055-12-17 19:00:00,0.0,0.0
2055-12-17 20:00:00,0.0,0.0
2055-12-17 21:00:00,0.0,0.0
2055-12-17 22:00:00,0.0,0.0
2055-12-17 23:00:00,0.0,0.0
2055-12-18 00:00:00,0.0,0.0
2055-12-18 01:00:00,0.0,0.0
2055-12-18 02:00:00,0.0,0.0
2055-12-18 03:00:00,0.0,33.36769332070207
2055-12-18 04:00:00,0.0,116.57573869004773
2055-12-18 05:00:00,0.0,189.22438743891806
2055-12-18 06:00:00,0.0,255.53739821550315
2055-12-18 07:00:00,0.0,296.93023296776647
2055-12-18 08:00:00,0.0,301.5763674807757
2055-12-18 09:00:00,0.0,285.1037087528341
2055-12-18 10:00:00,0.0,247.08988091912292
2055-12-18 11:00:00,0.0,184.15587706108988
2055-12-18 12:00:00,0.0,94.18981785464001
2055-12-18 13:00:00,0.0,2.9566310537330946
2055-12-18 14:00:00,0.0,0.0
2055-12-18 15:00:00,0.0,0.0
2055-12-18 16:00:00,0.0,0.0
2055-12-18 17:00:00,0.0,0.0
2055-12-18 18:00:00,0.0,0.0
2055-12-18 19:00:00,0.0,0.0
2055-12-18 20:00:00,0.0,0.0
2055-12-18 21:00:00,0.0,0.0
2055-12-18 22:00:00,0.0,0.0
2055-12-18 23:00:00,0.0,0.0
2055-12-19 00:00:00,0.0,0.0
2055-12-19 01:00:00,0.0,0.0
2055-12-19 02:00:00,0.0,0.0
2055-12-19 03:00:00,0.0,48.99560031900557
2055-12-19 04:00:00,0.0,151.21055960520684
2055-12-19 05:00:00,0.0,224.70396008371517
2055-12-19 06:00:00,0.0,272.01005694344474
2055-12-19 07:00:00,0.0,295.66310537330946
2055-12-19 08:00:00,0.0,297.77498469740453
2055-12-19 09:00:00,0.0,278.7680707805489
2055-12-19 10:00:00,0.0,234.84098083937155
2055-12-19 11:00:00,0.0,169.37272179242441
2055-12-19 12:00:00,0.0,82.36329363970763
2055-12-19 13:00:00,0.0,1.689503459276054
2055-12-19 14:00:00,0.0,0.0
2055-12-19 15:00:00,0.0,0.0
2055-12-19 16:00:00,0.0,0.0
2055-12-19 17:00:00,0.0,0.0
2055-12-19 18:00:00,0.0,0.0
2055-12-19 19:00:00,0.0,0.0
2055-12-19 20:00:00,0.0,0.0
2055-12-19 21:00:00,0.0,0.0
2055-12-19 22:00:00,0.0,0.0
2055-12-19 23:00:00,0.0,0.0
2055-12-20 00:00:00,0.0,0.0
2055-12-20 01:00:00,0.0,0.0
2055-12-20 02:00:00,0.0,0.0
2055-12-20 03:00:00,0.0,39.280955428168255
2055-12-20 04:00:00,0.0,129.66939049943713
2055-12-20 05:00:00,0.0,205.69704616685956
2055-12-20 06:00:00,0.0,268.2086741600736
2055-12-20 07:00:00,0.0,291.8617225899383
2055-12-20 08:00:00,0.0,293.9736019140334
2055-12-20 09:00:00,0.0,270.7429293489876
2055-12-20 10:00:00,0.0,228.0829670022673
2055-12-20 11:00:00,0.0,160.50282863122513
2055-12-20 12:00:00,0.0,70.53676942477524
2055-12-20 13:00:00,0.0,0.0
2055-12-20 14:00:00,0.0,0.0
2055-12-20 15:00:00,0.0,0.0
2055-12-20 16:00:00,0.0,0.0
2055-12-20 17:00:00,0.0,0.0
2055-12-20 18:00:00,0.0,0.0
2055-12-20 19:00:00,0.0,0.0
2055-12-20 20:00:00,0.0,0.0
2055-12-20 21:00:00,0.0,0.0
2055-12-20 22:00:00,0.0,0.0
2055-12-20 23:00:00,0.0,0.0
2055-12-21 00:00:00,0.0,0.0
2055-12-21 01:00:00,0.0,0.0
2055-12-21 02:00:00,0.0,0.0
2055-12-21 03:00:00,0.0,46.8837209949105
2055-12-21 04:00:00,0.0,143.6077940384646
2055-12-21 05:00:00,0.0,219.63544970588703
2055-12-21 06:00:00,0.0,269.4758017545306
2055-12-21 07:00:00,0.0,294.8183536436714
2055-12-21 08:00:00,0.0,296.5078571029474
2055-12-21 09:00:00,0.0,273.69956040272075
2055-12-21 10:00:00,0.0,229.77247046154335
2055-12-21 11:00:00,0.0,152.47768719966388
2055-12-21 12:00:00,0.0,69.69201769513722
2055-12-21 13:00:00,0.0,0.844751729638027
2055-12-21 14:00:00,0.0,0.0
2055-12-21 15:00:00,0.0,0.0
2055-12-21 16:00:00,0.0,0.0
2055-12-21 17:00:00,0.0,0.0
2055-12-21 18:00:00,0.0,0.0
2055-12-21 19:00:00,0.0,0.0
2055-12-21 20:00:00,0.0,0.0
2055-12-21 21:00:00,0.0,0.0
2055-12-21 22:00:00,0.0,0.0
2055-12-21 23:00:00,0.0,0.0
2055-12-22 00:00:00,0.0,0.0
2055-12-22 01:00:00,0.0,0.0
2055-12-22 02:00:00,0.0,0.0
2055-12-22 03:00:00,0.0,52.374607237557676
2055-12-22 04:00:00,0.0,148.2539285514737
2055-12-22 05:00:00,0.0,222.1697048948011
2055-12-22 06:00:00,0.0,269.8981776193496
2055-12-22 07:00:00,0.0,295.24072950849046
2055-12-22 08:00:00,0.0,297.3526088325855
2055-12-22 09:00:00,0.0,278.34569491572995
2055-12-22 10:00:00,0.0,240.33186708201868
2055-12-22 11:00:00,0.0,179.0873666832617
2055-12-22 12:00:00,0.0,89.96605920644987
2055-12-22 13:00:00,0.0,2.5342551889140807
2055-12-22 14:00:00,0.0,0.0
2055-12-22 15:00:00,0.0,0.0
2055-12-22 16:00:00,0.0,0.0
2055-12-22 17:00:00,0.0,0.0
2055-12-22 18:00:00,0.0,0.0
2055-12-22 19:00:00,0.0,0.0
2055-12-22 20:00:00,0.0,0.0
2055-12-22 21:00:00,0.0,0.0
2055-12-22 22:00:00,0.0,0.0
2055-12-22 23:00:00,0.0,0.0
2055-12-23 00:00:00,0.0,0.0
2055-12-23 01:00:00,0.0,0.0
2055-12-23 02:00:00,0.0,0.0
2055-12-23 03:00:00,0.0,65.8906349117661
2055-12-23 04:00:00,0.0,165.5713390090533
2055-12-23 05:00:00,0.0,238.2199877579236
2055-12-23 06:00:00,0.0,285.9484604824721
2055-12-23 07:00:00,0.0,309.60150891233684
2055-12-23 08:00:00,0.0,312.55813996607
2055-12-23 09:00:00,0.0,294.39597777885234
2055-12-23 10:00:00,0.0,253.42551889140807
2055-12-23 11:00:00,0.0,188.37963570928002
2055-12-23 12:00:00,0.0,97.56882477319212
2055-12-23 13:00:00,0.0,3.8013827833711216
2055-12-23 14:00:00,0.0,0.0
2055-12-23 15:00:00,0.0,0.0
2055-12-23 16:00:00,0.0,0.0
2055-12-23 17:00:00,0.0,0.0
2055-12-23 18:00:00,0.0,0.0
2055-12-23 19:00:00,0.0,0.0
2055-12-23 20:00:00,0.0,0.0
2055-12-23 21:00:00,0.0,0.0
2055-12-23 22:00:00,0.0,0.0
2055-12-23 23:00:00,0.0,0.0
2055-12-24 00:00:00,0.0,0.0
2055-12-24 01:00:00,0.0,0.0
2055-12-24 02:00:00,0.0,0.0
2055-12-24 03:00:00,0.0,54.48648656165274
2055-12-24 04:00:00,0.0,156.701445847854
2055-12-24 05:00:00,0.0,230.19484632636235
2055-12-24 06:00:00,0.0,270.3205534841686
2055-12-24 07:00:00,0.0,291.4393467251193
2055-12-24 08:00:00,0.0,292.28409845475727
2055-12-24 09:00:00,0.0,272.85480867308274
2055-12-24 10:00:00,0.0,232.72910151527643
2055-12-24 11:00:00,0.0,171.06222525170045
2055-12-24 12:00:00,0.0,85.74230055825974
2055-12-24 13:00:00,0.0,2.9566310537330946
2055-12-24 14:00:00,0.0,0.0
2055-12-24 15:00:00,0.0,0.0
2055-12-24 16:00:00,0.0,0.0
2055-12-24 17:00:00,0.0,0.0
2055-12-24 18:00:00,0.0,0.0
2055-12-24 19:00:00,0.0,0.0
2055-12-24 20:00:00,0.0,0.0
2055-12-24 21:00:00,0.0,0.0
2055-12-24 22:00:00,0.0,0.0
2055-12-24 23:00:00,0.0,0.0
2055-12-25 00:00:00,0.0,0.0
2055-12-25 01:00:00,0.0,0.0
2055-12-25 02:00:00,0.0,0.0
2055-12-25 03:00:00,0.0,71.38152115441329
2055-12-25 04:00:00,0.0,170.21747352206245
2055-12-25 05:00:00,0.0,242.02137054129471
2055-12-25 06:00:00,0.0,288.06033980656724
2055-12-25 07:00:00,0.0,311.7133882364319
2055-12-25 08:00:00,0.0,313.82526756052704
2055-12-25 09:00:00,0.0,296.93023296776647
2055-12-25 10:00:00,0.0,256.3821499451412
2055-12-25 11:00:00,0.0,191.75864262783213
2055-12-25 12:00:00,0.0,100.94783169174421
2055-12-25 13:00:00,0.0,4.646134513009148
2055-12-25 14:00:00,0.0,0.0
2055-12-25 15:00:00,0.0,0.0
2055-12-25 16:00:00,0.0,0.0
2055-12-25 17:00:00,0.0,0.0
2055-12-25 18:00:00,0.0,0.0
2055-12-25 19:00:00,0.0,0.0
2055-12-25 20:00:00,0.0,0.0
2055-12-25 21:00:00,0.0,0.0
2055-12-25 22:00:00,0.0,0.0
2055-12-25 23:00:00,0.0,0.0
2055-12-26 00:00:00,0.0,0.0
2055-12-26 01:00:00,0.0,0.0
2055-12-26 02:00:00,0.0,0.0
2055-12-26 03:00:00,0.0,52.374607237557676
2055-12-26 04:00:00,0.0,151.21055960520684
2055-12-26 05:00:00,0.0,231.8843497856384
2055-12-26 06:00:00,0.0,272.4324328082637
2055-12-26 07:00:00,0.0,300.30923988631855
2055-12-26 08:00:00,0.0,287.6379639417482
2055-12-26 09:00:00,0.0,239.48711535238067
2055-12-26 10:00:00,0.0,185.00062879072792
2055-12-26 11:00:00,0.0,121.22187320305686
2055-12-26 12:00:00,0.0,52.374607237557676
2055-12-26 13:00:00,0.0,0.0
2055-12-26 14:00:00,0.0,0.0
2055-12-26 15:00:00,0.0,0.0
2055-12-26 16:00:00,0.0,0.0
2055-12-26 17:00:00,0.0,0.0
2055-12-26 18:00:00,0.0,0.0
2055-12-26 19:00:00,0.0,0.0
2055-12-26 20:00:00,0.0,0.0
2055-12-26 21:00:00,0.0,0.0
2055-12-26 22:00:00,0.0,0.0
2055-12-26 23:00:00,0.0,0.0
2055-12-27 00:00:00,0.0,0.0
2055-12-27 01:00:00,0.0,0.0
2055-12-27 02:00:00,0.0,0.0
2055-12-27 03:00:00,0.0,24.920176024321798
2055-12-27 04:00:00,0.0,79.82903845079353
2055-12-27 05:00:00,0.0,137.69453193099838
2055-12-27 06:00:00,0.0,182.88874946663282
2055-12-27 07:00:00,0.0,210.76555654468774
2055-12-27 08:00:00,0.0,213.72218759842082
2055-12-27 09:00:00,0.0,179.93211841289974
2055-12-27 10:00:00,0.0,140.22878711991248
2055-12-27 11:00:00,0.0,92.50031439536396
2055-12-27 12:00:00,0.0,38.85857956334924
2055-12-27 13:00:00,0.0,0.0
2055-12-27 14:00:00,0.0,0.0
2055-12-27 15:00:00,0.0,0.0
2055-12-27 16:00:00,0.0,0.0
2055-12-27 17:00:00,0.0,0.0
2055-12-27 18:00:00,0.0,0.0
2055-12-27 19:00:00,0.0,0.0
2055-12-27 20:00:00,0.0,0.0
2055-12-27 21:00:00,0.0,0.0
2055-12-27 22:00:00,0.0,0.0
2055-12-27 23:00:00,0.0,0.0
2055-12-28 00:00:00,0.0,0.0
2055-12-28 01:00:00,0.0,0.0
2055-12-28 02:00:00,0.0,0.0
2055-12-28 03:00:00,0.0,13.938403539027444
2055-12-28 04:00:00,0.0,56.5983658857478
2055-12-28 05:00:00,0.0,94.61219371945903
2055-12-28 06:00:00,0.0,118.26524214932377
2055-12-28 07:00:00,0.0,125.86800771606602
2055-12-28 08:00:00,0.0,119.10999387896179
2055-12-28 09:00:00,0.0,100.52545582692521
2055-12-28 10:00:00,0.0,77.71715912669848
2055-12-28 11:00:00,0.0,50.262727913462605
2055-12-28 12:00:00,0.0,19.851665646493636
2055-12-28 13:00:00,0.0,0.0
2055-12-28 14:00:00,0.0,0.0
2055-12-28 15:00:00,0.0,0.0
2055-12-28 16:00:00,0.0,0.0
2055-12-28 17:00:00,0.0,0.0
2055-12-28 18:00:00,0.0,0.0
2055-12-28 19:00:00,0.0,0.0
2055-12-28 20:00:00,0.0,0.0
2055-12-28 21:00:00,0.0,0.0
2055-12-28 22:00:00,0.0,0.0
2055-12-28 23:00:00,0.0,0.0
2055-12-29 00:00:00,0.0,0.0
2055-12-29 01:00:00,0.0,0.0
2055-12-29 02:00:00,0.0,0.0
2055-12-29 03:00:00,0.0,26.609679483597848
2055-12-29 04:00:00,0.0,94.61219371945903
2055-12-29 05:00:00,0.0,170.63984938688148
2055-12-29 06:00:00,0.0,195.56002541120324
2055-12-29 07:00:00,0.0,210.3431806798687
2055-12-29 08:00:00,0.0,209.9208048150497
2055-12-29 09:00:00,0.0,200.2061599242124
2055-12-29 10:00:00,0.0,159.65807690158707
2055-12-29 11:00:00,0.0,103.05971101583928
2055-12-29 12:00:00,0.0,36.746700239254174
2055-12-29 13:00:00,0.0,0.0
2055-12-29 14:00:00,0.0,0.0
2055-12-29 15:00:00,0.0,0.0
2055-12-29 16:00:00,0.0,0.0
2055-12-29 17:00:00,0.0,0.0
2055-12-29 18:00:00,0.0,0.0
2055-12-29 19:00:00,0.0,0.0
2055-12-29 20:00:00,0.0,0.0
2055-12-29 21:00:00,0.0,0.0
2055-12-29 22:00:00,0.0,0.0
2055-12-29 23:00:00,0.0,0.0
2055-12-30 00:00:00,0.0,0.0
2055-12-30 01:00:00,0.0,0.0
2055-12-30 02:00:00,0.0,0.0
2055-12-30 03:00:00,0.0,48.15084858936754
2055-12-30 04:00:00,0.0,142.34066644400755
2055-12-30 05:00:00,0.0,215.83406692251592
2055-12-30 06:00:00,0.0,263.1401637822454
2055-12-30 07:00:00,0.0,277.5009431860919
2055-12-30 08:00:00,0.0,282.56945356392004
2055-12-30 09:00:00,0.0,243.28849813575178
2055-12-30 10:00:00,0.0,185.84538052036592
2055-12-30 11:00:00,0.0,131.7812698235322
2055-12-30 12:00:00,0.0,60.399748669118935
2055-12-30 13:00:00,0.0,0.844751729638027
2055-12-30 14:00:00,0.0,0.0
2055-12-30 15:00:00,0.0,0.0
2055-12-30 16:00:00,0.0,0.0
2055-12-30 17:00:00,0.0,0.0
2055-12-30 18:00:00,0.0,0.0
2055-12-30 19:00:00,0.0,0.0
2055-12-30 20:00:00,0.0,0.0
2055-12-30 21:00:00,0.0,0.0
2055-12-30 22:00:00,0.0,0.0
2055-12-30 23:00:00,0.0,0.0
2055-12-31 00:00:00,0.0,0.0
2055-12-31 01:00:00,0.0,0.0
2055-12-31 02:00:00,0.0,0.0
2055-12-31 03:00:00,0.0,60.399748669118935
2055-12-31 04:00:00,0.0,155.01194238857798
2055-12-31 05:00:00,0.0,227.23821527262925
2055-12-31 06:00:00,0.0,259.33878099887426
2055-12-31 07:00:00,0.0,277.9233190509109
2055-12-31 08:00:00,0.0,272.4324328082637
2055-12-31 09:00:00,0.0,271.5876810786256
2055-12-31 10:00:00,0.0,224.70396008371517
2055-12-31 11:00:00,0.0,165.14896314423427
2055-12-31 12:00:00,0.0,68.84726596549919
2055-12-31 13:00:00,0.0,0.844751729638027
2055-12-31 14:00:00,0.0,0.0
2055-12-31 15:00:00,0.0,0.0
2055-12-31 16:00:00,0.0,0.0
2055-12-31 17:00:00,0.0,0.0
2055-12-31 18:00:00,0.0,0.0
2055-12-31 19:00:00,0.0,0.0
2055-12-31 20:00:00,0.0,0.0
2055-12-31 21:00:00,0.0,0.0
2055-12-31 22:00:00,0.0,0.0
2055-12-31 23:00:00,0.0,0.0
