timestamp,P_wind_MW,P_solar_MW
2051-01-01 00:00:00,0.0,0.0
2051-01-01 01:00:00,0.0,0.0
2051-01-01 02:00:00,0.0,0.0
2051-01-01 03:00:00,0.0,70.38296342852173
2051-01-01 04:00:00,0.0,169.69634740741745
2051-01-01 05:00:00,0.0,243.10189208747076
2051-01-01 06:00:00,0.0,288.44061086044485
2051-01-01 07:00:00,0.0,313.05305819434517
2051-01-01 08:00:00,0.0,316.07563944587673
2051-01-01 09:00:00,0.0,296.644759971745
2051-01-01 10:00:00,0.0,255.19221709359724
2051-01-01 11:00:00,0.0,189.1272268815492
2051-01-01 12:00:00,0.0,96.2908027273641
2051-01-01 13:00:00,0.0,3.886175894826353
2051-01-01 14:00:00,0.0,0.0
2051-01-01 15:00:00,0.0,0.0
2051-01-01 16:00:00,0.0,0.0
2051-01-01 17:00:00,0.0,0.0
2051-01-01 18:00:00,0.0,0.0
2051-01-01 19:00:00,0.0,0.0
2051-01-01 20:00:00,0.0,0.0
2051-01-01 21:00:00,0.0,0.0
2051-01-01 22:00:00,0.0,0.0
2051-01-01 23:00:00,0.0,0.0
2051-01-02 00:00:00,0.0,0.0
2051-01-02 01:00:00,0.0,0.0
2051-01-02 02:00:00,0.0,0.0
2051-01-02 03:00:00,0.0,65.63319289040064
2051-01-02 04:00:00,0.0,164.94657686929634
2051-01-02 05:00:00,0.0,239.2157161926444
2051-01-02 06:00:00,0.0,286.71342157385544
2051-01-02 07:00:00,0.0,311.32586890775565
2051-01-02 08:00:00,0.0,313.4848555159925
2051-01-02 09:00:00,0.0,293.62217872021336
2051-01-02 10:00:00,0.0,251.73783852041822
2051-01-02 11:00:00,0.0,185.24105098672285
2051-01-02 12:00:00,0.0,92.83642415418511
2051-01-02 13:00:00,0.0,3.886175894826353
2051-01-02 14:00:00,0.0,0.0
2051-01-02 15:00:00,0.0,0.0
2051-01-02 16:00:00,0.0,0.0
2051-01-02 17:00:00,0.0,0.0
2051-01-02 18:00:00,0.0,0.0
2051-01-02 19:00:00,0.0,0.0
2051-01-02 20:00:00,0.0,0.0
2051-01-02 21:00:00,0.0,0.0
2051-01-02 22:00:00,0.0,0.0
2051-01-02 23:00:00,0.0,0.0
2051-01-03 00:00:00,0.0,0.0
2051-01-03 01:00:00,0.0,0.0
2051-01-03 02:00:00,0.0,0.0
2051-01-03 03:00:00,0.0,70.38296342852173
2051-01-03 04:00:00,0.0,169.26455008577008
2051-01-03 05:00:00,0.0,243.53368940911815
2051-01-03 06:00:00,0.0,291.8949894336239
2051-01-03 07:00:00,0.0,315.6438421242293
2051-01-03 08:00:00,0.0,317.80282873246625
2051-01-03 09:00:00,0.0,298.8037465799818
2051-01-03 10:00:00,0.0,257.78300102348146
2051-01-03 11:00:00,0.0,192.1498081330808
2051-01-03 12:00:00,0.0,100.17697862219045
2051-01-03 13:00:00,0.0,5.181567859768471
2051-01-03 14:00:00,0.0,0.0
2051-01-03 15:00:00,0.0,0.0
2051-01-03 16:00:00,0.0,0.0
2051-01-03 17:00:00,0.0,0.0
2051-01-03 18:00:00,0.0,0.0
2051-01-03 19:00:00,0.0,0.0
2051-01-03 20:00:00,0.0,0.0
2051-01-03 21:00:00,0.0,0.0
2051-01-03 22:00:00,0.0,0.0
2051-01-03 23:00:00,0.0,0.0
2051-01-04 00:00:00,0.0,0.0
2051-01-04 01:00:00,0.0,0.0
2051-01-04 02:00:00,0.0,0.0
2051-01-04 03:00:00,0.0,73.83734200170072
2051-01-04 04:00:00,0.0,174.01432062389117
2051-01-04 05:00:00,0.0,246.55627066064977
2051-01-04 06:00:00,0.0,291.4631921119765
2051-01-04 07:00:00,0.0,314.3484501592872
2051-01-04 08:00:00,0.0,316.07563944587673
2051-01-04 09:00:00,0.0,297.07655729339234
2051-01-04 10:00:00,0.0,255.19221709359724
2051-01-04 11:00:00,0.0,189.55902420319657
2051-01-04 12:00:00,0.0,97.58619469230621
2051-01-04 13:00:00,0.0,5.181567859768471
2051-01-04 14:00:00,0.0,0.0
2051-01-04 15:00:00,0.0,0.0
2051-01-04 16:00:00,0.0,0.0
2051-01-04 17:00:00,0.0,0.0
2051-01-04 18:00:00,0.0,0.0
2051-01-04 19:00:00,0.0,0.0
2051-01-04 20:00:00,0.0,0.0
2051-01-04 21:00:00,0.0,0.0
2051-01-04 22:00:00,0.0,0.0
2051-01-04 23:00:00,0.0,0.0
2051-01-05 00:00:00,0.0,0.0
2051-01-05 01:00:00,0.0,0.0
2051-01-05 02:00:00,0.0,0.0
2051-01-05 03:00:00,0.0,66.49678753369538
2051-01-05 04:00:00,0.0,164.08298222600158
2051-01-05 05:00:00,0.0,236.19313494111285
2051-01-05 06:00:00,0.0,278.94106978420274
2051-01-05 07:00:00,0.0,301.8263278315135
2051-01-05 08:00:00,0.0,303.55351711810295
2051-01-05 09:00:00,0.0,284.9862322872659
2051-01-05 10:00:00,0.0,242.6700947658234
2051-01-05 11:00:00,0.0,174.8779152671859
2051-01-05 12:00:00,0.0,81.60969379135341
2051-01-05 13:00:00,0.0,2.158986608236863
2051-01-05 14:00:00,0.0,0.0
2051-01-05 15:00:00,0.0,0.0
2051-01-05 16:00:00,0.0,0.0
2051-01-05 17:00:00,0.0,0.0
2051-01-05 18:00:00,0.0,0.0
2051-01-05 19:00:00,0.0,0.0
2051-01-05 20:00:00,0.0,0.0
2051-01-05 21:00:00,0.0,0.0
2051-01-05 22:00:00,0.0,0.0
2051-01-05 23:00:00,0.0,0.0
2051-01-06 00:00:00,0.0,0.0
2051-01-06 01:00:00,0.0,0.0
2051-01-06 02:00:00,0.0,0.0
2051-01-06 03:00:00,0.0,49.65669198944785
2051-01-06 04:00:00,0.0,141.19772417869083
2051-01-06 05:00:00,0.0,224.1028099349864
2051-01-06 06:00:00,0.0,275.0548938893764
2051-01-06 07:00:00,0.0,301.8263278315135
2051-01-06 08:00:00,0.0,305.7125037263398
2051-01-06 09:00:00,0.0,287.14521889550275
2051-01-06 10:00:00,0.0,244.82908137406028
2051-01-06 11:00:00,0.0,177.90049651871752
2051-01-06 12:00:00,0.0,84.20047772123766
2051-01-06 13:00:00,0.0,3.0225812515316086
2051-01-06 14:00:00,0.0,0.0
2051-01-06 15:00:00,0.0,0.0
2051-01-06 16:00:00,0.0,0.0
2051-01-06 17:00:00,0.0,0.0
2051-01-06 18:00:00,0.0,0.0
2051-01-06 19:00:00,0.0,0.0
2051-01-06 20:00:00,0.0,0.0
2051-01-06 21:00:00,0.0,0.0
2051-01-06 22:00:00,0.0,0.0
2051-01-06 23:00:00,0.0,0.0
2051-01-07 00:00:00,0.0,0.0
2051-01-07 01:00:00,0.0,0.0
2051-01-07 02:00:00,0.0,0.0
2051-01-07 03:00:00,0.0,70.38296342852173
2051-01-07 04:00:00,0.0,168.8327527641227
2051-01-07 05:00:00,0.0,243.10189208747076
2051-01-07 06:00:00,0.0,290.16780014703437
2051-01-07 07:00:00,0.0,315.212044802582
2051-01-07 08:00:00,0.0,317.37103141081883
2051-01-07 09:00:00,0.0,295.3493680068029
2051-01-07 10:00:00,0.0,252.60143316371298
2051-01-07 11:00:00,0.0,184.80925366507546
2051-01-07 12:00:00,0.0,90.24564022430087
2051-01-07 13:00:00,0.0,3.454378573178981
2051-01-07 14:00:00,0.0,0.0
2051-01-07 15:00:00,0.0,0.0
2051-01-07 16:00:00,0.0,0.0
2051-01-07 17:00:00,0.0,0.0
2051-01-07 18:00:00,0.0,0.0
2051-01-07 19:00:00,0.0,0.0
2051-01-07 20:00:00,0.0,0.0
2051-01-07 21:00:00,0.0,0.0
2051-01-07 22:00:00,0.0,0.0
2051-01-07 23:00:00,0.0,0.0
2051-01-08 00:00:00,0.0,0.0
2051-01-08 01:00:00,0.0,0.0
2051-01-08 02:00:00,0.0,0.0
2051-01-08 03:00:00,0.0,67.7921794986375
2051-01-08 04:00:00,0.0,168.8327527641227
2051-01-08 05:00:00,0.0,243.10189208747076
2051-01-08 06:00:00,0.0,289.30420550373964
2051-01-08 07:00:00,0.0,313.4848555159925
2051-01-08 08:00:00,0.0,315.212044802582
2051-01-08 09:00:00,0.0,296.21296265009767
2051-01-08 10:00:00,0.0,253.46502780700774
2051-01-08 11:00:00,0.0,186.53644295166495
2051-01-08 12:00:00,0.0,94.5636134407746
2051-01-08 13:00:00,0.0,5.181567859768471
2051-01-08 14:00:00,0.0,0.0
2051-01-08 15:00:00,0.0,0.0
2051-01-08 16:00:00,0.0,0.0
2051-01-08 17:00:00,0.0,0.0
2051-01-08 18:00:00,0.0,0.0
2051-01-08 19:00:00,0.0,0.0
2051-01-08 20:00:00,0.0,0.0
2051-01-08 21:00:00,0.0,0.0
2051-01-08 22:00:00,0.0,0.0
2051-01-08 23:00:00,0.0,0.0
2051-01-09 00:00:00,0.0,0.0
2051-01-09 01:00:00,0.0,0.0
2051-01-09 02:00:00,0.0,0.0
2051-01-09 03:00:00,0.0,71.67835539346386
2051-01-09 04:00:00,0.0,170.55994205071218
2051-01-09 05:00:00,0.0,244.3972840524129
2051-01-09 06:00:00,0.0,292.7585840769187
2051-01-09 07:00:00,0.0,316.5074367675241
2051-01-09 08:00:00,0.0,319.09822069740835
2051-01-09 09:00:00,0.0,297.50835461503976
2051-01-09 10:00:00,0.0,255.19221709359724
2051-01-09 11:00:00,0.0,185.67284830837022
2051-01-09 12:00:00,0.0,95.42720808406935
2051-01-09 13:00:00,0.0,5.613365181415844
2051-01-09 14:00:00,0.0,0.0
2051-01-09 15:00:00,0.0,0.0
2051-01-09 16:00:00,0.0,0.0
2051-01-09 17:00:00,0.0,0.0
2051-01-09 18:00:00,0.0,0.0
2051-01-09 19:00:00,0.0,0.0
2051-01-09 20:00:00,0.0,0.0
2051-01-09 21:00:00,0.0,0.0
2051-01-09 22:00:00,0.0,0.0
2051-01-09 23:00:00,0.0,0.0
2051-01-10 00:00:00,0.0,0.0
2051-01-10 01:00:00,0.0,0.0
2051-01-10 02:00:00,0.0,0.0
2051-01-10 03:00:00,0.0,62.17881431722165
2051-01-10 04:00:00,0.0,170.55994205071218
2051-01-10 05:00:00,0.0,244.3972840524129
2051-01-10 06:00:00,0.0,294.0539760418608
2051-01-10 07:00:00,0.0,317.80282873246625
2051-01-10 08:00:00,0.0,319.5300180190557
2051-01-10 09:00:00,0.0,298.8037465799818
2051-01-10 10:00:00,0.0,255.19221709359724
2051-01-10 11:00:00,0.0,189.55902420319657
2051-01-10 12:00:00,0.0,97.15439737065883
2051-01-10 13:00:00,0.0,5.613365181415844
2051-01-10 14:00:00,0.0,0.0
2051-01-10 15:00:00,0.0,0.0
2051-01-10 16:00:00,0.0,0.0
2051-01-10 17:00:00,0.0,0.0
2051-01-10 18:00:00,0.0,0.0
2051-01-10 19:00:00,0.0,0.0
2051-01-10 20:00:00,0.0,0.0
2051-01-10 21:00:00,0.0,0.0
2051-01-10 22:00:00,0.0,0.0
2051-01-10 23:00:00,0.0,0.0
2051-01-11 00:00:00,0.0,0.0
2051-01-11 01:00:00,0.0,0.0
2051-01-11 02:00:00,0.0,0.0
2051-01-11 03:00:00,0.0,61.315219673926904
2051-01-11 04:00:00,0.0,161.49219829611735
2051-01-11 05:00:00,0.0,237.05672958440755
2051-01-11 06:00:00,0.0,289.73600282538706
2051-01-11 07:00:00,0.0,311.32586890775565
2051-01-11 08:00:00,0.0,311.32586890775565
2051-01-11 09:00:00,0.0,284.12263764397113
2051-01-11 10:00:00,0.0,236.19313494111285
2051-01-11 11:00:00,0.0,161.49219829611735
2051-01-11 12:00:00,0.0,66.49678753369538
2051-01-11 13:00:00,0.0,1.2953919649421177
2051-01-11 14:00:00,0.0,0.0
2051-01-11 15:00:00,0.0,0.0
2051-01-11 16:00:00,0.0,0.0
2051-01-11 17:00:00,0.0,0.0
2051-01-11 18:00:00,0.0,0.0
2051-01-11 19:00:00,0.0,0.0
2051-01-11 20:00:00,0.0,0.0
2051-01-11 21:00:00,0.0,0.0
2051-01-11 22:00:00,0.0,0.0
2051-01-11 23:00:00,0.0,0.0
2051-01-12 00:00:00,0.0,0.0
2051-01-12 01:00:00,0.0,0.0
2051-01-12 02:00:00,0.0,0.0
2051-01-12 03:00:00,0.0,63.47420628216377
2051-01-12 04:00:00,0.0,164.51477954764897
2051-01-12 05:00:00,0.0,239.64751351429183
2051-01-12 06:00:00,0.0,295.3493680068029
2051-01-12 07:00:00,0.0,316.5074367675241
2051-01-12 08:00:00,0.0,316.9392340891715
2051-01-12 09:00:00,0.0,297.07655729339234
2051-01-12 10:00:00,0.0,253.89682512865508
2051-01-12 11:00:00,0.0,186.96824027331232
2051-01-12 12:00:00,0.0,92.83642415418511
2051-01-12 13:00:00,0.0,4.749770538121099
2051-01-12 14:00:00,0.0,0.0
2051-01-12 15:00:00,0.0,0.0
2051-01-12 16:00:00,0.0,0.0
2051-01-12 17:00:00,0.0,0.0
2051-01-12 18:00:00,0.0,0.0
2051-01-12 19:00:00,0.0,0.0
2051-01-12 20:00:00,0.0,0.0
2051-01-12 21:00:00,0.0,0.0
2051-01-12 22:00:00,0.0,0.0
2051-01-12 23:00:00,0.0,0.0
2051-01-13 00:00:00,0.0,0.0
2051-01-13 01:00:00,0.0,0.0
2051-01-13 02:00:00,0.0,0.0
2051-01-13 03:00:00,0.0,67.36038217699011
2051-01-13 04:00:00,0.0,165.81017151259107
2051-01-13 05:00:00,0.0,240.51110815758653
2051-01-13 06:00:00,0.0,285.84982693056065
2051-01-13 07:00:00,0.0,310.4622742644609
2051-01-13 08:00:00,0.0,313.05305819434517
2051-01-13 09:00:00,0.0,293.190381398566
2051-01-13 10:00:00,0.0,250.0106492338287
2051-01-13 11:00:00,0.0,181.78667241354387
2051-01-13 12:00:00,0.0,87.65485629441663
2051-01-13 13:00:00,0.0,3.886175894826353
2051-01-13 14:00:00,0.0,0.0
2051-01-13 15:00:00,0.0,0.0
2051-01-13 16:00:00,0.0,0.0
2051-01-13 17:00:00,0.0,0.0
2051-01-13 18:00:00,0.0,0.0
2051-01-13 19:00:00,0.0,0.0
2051-01-13 20:00:00,0.0,0.0
2051-01-13 21:00:00,0.0,0.0
2051-01-13 22:00:00,0.0,0.0
2051-01-13 23:00:00,0.0,0.0
2051-01-14 00:00:00,0.0,0.0
2051-01-14 01:00:00,0.0,0.0
2051-01-14 02:00:00,0.0,0.0
2051-01-14 03:00:00,0.0,49.22489466780048
2051-01-14 04:00:00,0.0,147.67468400340144
2051-01-14 05:00:00,0.0,218.92124207521792
2051-01-14 06:00:00,0.0,277.6456778192605
2051-01-14 07:00:00,0.0,308.7350849778714
2051-01-14 08:00:00,0.0,299.6673412232766
2051-01-14 09:00:00,0.0,279.37286710585005
2051-01-14 10:00:00,0.0,245.26087869570762
2051-01-14 11:00:00,0.0,176.6051045537754
2051-01-14 12:00:00,0.0,85.06407236453241
2051-01-14 13:00:00,0.0,3.0225812515316086
2051-01-14 14:00:00,0.0,0.0
2051-01-14 15:00:00,0.0,0.0
2051-01-14 16:00:00,0.0,0.0
2051-01-14 17:00:00,0.0,0.0
2051-01-14 18:00:00,0.0,0.0
2051-01-14 19:00:00,0.0,0.0
2051-01-14 20:00:00,0.0,0.0
2051-01-14 21:00:00,0.0,0.0
2051-01-14 22:00:00,0.0,0.0
2051-01-14 23:00:00,0.0,0.0
2051-01-15 00:00:00,0.0,0.0
2051-01-15 01:00:00,0.0,0.0
2051-01-15 02:00:00,0.0,0.0
2051-01-15 03:00:00,0.0,58.29263842239531
2051-01-15 04:00:00,0.0,144.22030543022242
2051-01-15 05:00:00,0.0,220.6484313618074
2051-01-15 06:00:00,0.0,277.6456778192605
2051-01-15 07:00:00,0.0,306.1443010479872
2051-01-15 08:00:00,0.0,310.03047694281355
2051-01-15 09:00:00,0.0,296.644759971745
2051-01-15 10:00:00,0.0,258.21479834512877
2051-01-15 11:00:00,0.0,192.1498081330808
2051-01-15 12:00:00,0.0,99.3133839788957
2051-01-15 13:00:00,0.0,6.908757146357962
2051-01-15 14:00:00,0.0,0.0
2051-01-15 15:00:00,0.0,0.0
2051-01-15 16:00:00,0.0,0.0
2051-01-15 17:00:00,0.0,0.0
2051-01-15 18:00:00,0.0,0.0
2051-01-15 19:00:00,0.0,0.0
2051-01-15 20:00:00,0.0,0.0
2051-01-15 21:00:00,0.0,0.0
2051-01-15 22:00:00,0.0,0.0
2051-01-15 23:00:00,0.0,0.0
2051-01-16 00:00:00,0.0,0.0
2051-01-16 01:00:00,0.0,0.0
2051-01-16 02:00:00,0.0,0.0
2051-01-16 03:00:00,0.0,72.97374735840597
2051-01-16 04:00:00,0.0,170.55994205071218
2051-01-16 05:00:00,0.0,245.26087869570762
2051-01-16 06:00:00,0.0,293.62217872021336
2051-01-16 07:00:00,0.0,317.80282873246625
2051-01-16 08:00:00,0.0,319.9618153407031
2051-01-16 09:00:00,0.0,302.25812515316085
2051-01-16 10:00:00,0.0,259.9419876317183
2051-01-16 11:00:00,0.0,193.44520009802295
2051-01-16 12:00:00,0.0,101.04057326548518
2051-01-16 13:00:00,0.0,7.340554468005334
2051-01-16 14:00:00,0.0,0.0
2051-01-16 15:00:00,0.0,0.0
2051-01-16 16:00:00,0.0,0.0
2051-01-16 17:00:00,0.0,0.0
2051-01-16 18:00:00,0.0,0.0
2051-01-16 19:00:00,0.0,0.0
2051-01-16 20:00:00,0.0,0.0
2051-01-16 21:00:00,0.0,0.0
2051-01-16 22:00:00,0.0,0.0
2051-01-16 23:00:00,0.0,0.0
2051-01-17 00:00:00,0.0,0.0
2051-01-17 01:00:00,0.0,0.0
2051-01-17 02:00:00,0.0,0.0
2051-01-17 03:00:00,0.0,78.15531521817442
2051-01-17 04:00:00,0.0,176.6051045537754
2051-01-17 05:00:00,0.0,250.0106492338287
2051-01-17 06:00:00,0.0,297.07655729339234
2051-01-17 07:00:00,0.0,320.8254099839979
2051-01-17 08:00:00,0.0,322.1208019489399
2051-01-17 09:00:00,0.0,300.5309358665713
2051-01-17 10:00:00,0.0,257.3512037018341
2051-01-17 11:00:00,0.0,189.1272268815492
2051-01-17 12:00:00,0.0,94.99541076242197
2051-01-17 13:00:00,0.0,6.045162503063217
2051-01-17 14:00:00,0.0,0.0
2051-01-17 15:00:00,0.0,0.0
2051-01-17 16:00:00,0.0,0.0
2051-01-17 17:00:00,0.0,0.0
2051-01-17 18:00:00,0.0,0.0
2051-01-17 19:00:00,0.0,0.0
2051-01-17 20:00:00,0.0,0.0
2051-01-17 21:00:00,0.0,0.0
2051-01-17 22:00:00,0.0,0.0
2051-01-17 23:00:00,0.0,0.0
2051-01-18 00:00:00,0.0,0.0
2051-01-18 01:00:00,0.0,0.0
2051-01-18 02:00:00,0.0,0.0
2051-01-18 03:00:00,0.0,71.67835539346386
2051-01-18 04:00:00,0.0,167.53736079918056
2051-01-18 05:00:00,0.0,235.32954029781808
2051-01-18 06:00:00,0.0,276.3502858543185
2051-01-18 07:00:00,0.0,310.03047694281355
2051-01-18 08:00:00,0.0,310.8940715861083
2051-01-18 09:00:00,0.0,292.7585840769187
2051-01-18 10:00:00,0.0,253.89682512865508
2051-01-18 11:00:00,0.0,188.69542955990184
2051-01-18 12:00:00,0.0,96.2908027273641
2051-01-18 13:00:00,0.0,6.908757146357962
2051-01-18 14:00:00,0.0,0.0
2051-01-18 15:00:00,0.0,0.0
2051-01-18 16:00:00,0.0,0.0
2051-01-18 17:00:00,0.0,0.0
2051-01-18 18:00:00,0.0,0.0
2051-01-18 19:00:00,0.0,0.0
2051-01-18 20:00:00,0.0,0.0
2051-01-18 21:00:00,0.0,0.0
2051-01-18 22:00:00,0.0,0.0
2051-01-18 23:00:00,0.0,0.0
2051-01-19 00:00:00,0.0,0.0
2051-01-19 01:00:00,0.0,0.0
2051-01-19 02:00:00,0.0,0.0
2051-01-19 03:00:00,0.0,71.67835539346386
2051-01-19 04:00:00,0.0,169.69634740741745
2051-01-19 05:00:00,0.0,242.23829744417606
2051-01-19 06:00:00,0.0,289.30420550373964
2051-01-19 07:00:00,0.0,313.05305819434517
2051-01-19 08:00:00,0.0,315.212044802582
2051-01-19 09:00:00,0.0,290.16780014703437
2051-01-19 10:00:00,0.0,245.26087869570762
2051-01-19 11:00:00,0.0,174.01432062389117
2051-01-19 12:00:00,0.0,78.5871125398218
2051-01-19 13:00:00,0.0,3.454378573178981
2051-01-19 14:00:00,0.0,0.0
2051-01-19 15:00:00,0.0,0.0
2051-01-19 16:00:00,0.0,0.0
2051-01-19 17:00:00,0.0,0.0
2051-01-19 18:00:00,0.0,0.0
2051-01-19 19:00:00,0.0,0.0
2051-01-19 20:00:00,0.0,0.0
2051-01-19 21:00:00,0.0,0.0
2051-01-19 22:00:00,0.0,0.0
2051-01-19 23:00:00,0.0,0.0
2051-01-20 00:00:00,0.0,0.0
2051-01-20 01:00:00,0.0,0.0
2051-01-20 02:00:00,0.0,0.0
2051-01-20 03:00:00,0.0,44.47512412967938
2051-01-20 04:00:00,0.0,133.8571697106855
2051-01-20 05:00:00,0.0,212.01248492885995
2051-01-20 06:00:00,0.0,270.7369206729026
2051-01-20 07:00:00,0.0,295.3493680068029
2051-01-20 08:00:00,0.0,295.78116532845024
2051-01-20 09:00:00,0.0,275.91848853267106
2051-01-20 10:00:00,0.0,227.98898582981272
2051-01-20 11:00:00,0.0,155.44703579305414
2051-01-20 12:00:00,0.0,66.49678753369538
2051-01-20 13:00:00,0.0,2.5907839298842354
2051-01-20 14:00:00,0.0,0.0
2051-01-20 15:00:00,0.0,0.0
2051-01-20 16:00:00,0.0,0.0
2051-01-20 17:00:00,0.0,0.0
2051-01-20 18:00:00,0.0,0.0
2051-01-20 19:00:00,0.0,0.0
2051-01-20 20:00:00,0.0,0.0
2051-01-20 21:00:00,0.0,0.0
2051-01-20 22:00:00,0.0,0.0
2051-01-20 23:00:00,0.0,0.0
2051-01-21 00:00:00,0.0,0.0
2051-01-21 01:00:00,0.0,0.0
2051-01-21 02:00:00,0.0,0.0
2051-01-21 03:00:00,0.0,78.15531521817442
2051-01-21 04:00:00,0.0,181.78667241354387
2051-01-21 05:00:00,0.0,255.6240144152446
2051-01-21 06:00:00,0.0,303.55351711810295
2051-01-21 07:00:00,0.0,325.57518052211896
2051-01-21 08:00:00,0.0,326.43877516541363
2051-01-21 09:00:00,0.0,305.7125037263398
2051-01-21 10:00:00,0.0,261.66917691830776
2051-01-21 11:00:00,0.0,191.71801081143343
2051-01-21 12:00:00,0.0,95.42720808406935
2051-01-21 13:00:00,0.0,6.908757146357962
2051-01-21 14:00:00,0.0,0.0
2051-01-21 15:00:00,0.0,0.0
2051-01-21 16:00:00,0.0,0.0
2051-01-21 17:00:00,0.0,0.0
2051-01-21 18:00:00,0.0,0.0
2051-01-21 19:00:00,0.0,0.0
2051-01-21 20:00:00,0.0,0.0
2051-01-21 21:00:00,0.0,0.0
2051-01-21 22:00:00,0.0,0.0
2051-01-21 23:00:00,0.0,0.0
2051-01-22 00:00:00,0.0,0.0
2051-01-22 01:00:00,0.0,0.0
2051-01-22 02:00:00,0.0,0.0
2051-01-22 03:00:00,0.0,78.15531521817442
2051-01-22 04:00:00,0.0,180.05948312695435
2051-01-22 05:00:00,0.0,254.32862245030245
2051-01-22 06:00:00,0.0,303.9853144397503
2051-01-22 07:00:00,0.0,327.73416713035584
2051-01-22 08:00:00,0.0,328.5977617736505
2051-01-22 09:00:00,0.0,309.16688229951876
2051-01-22 10:00:00,0.0,265.1235554914868
2051-01-22 11:00:00,0.0,195.60418670625978
2051-01-22 12:00:00,0.0,99.3133839788957
2051-01-22 13:00:00,0.0,7.340554468005334
2051-01-22 14:00:00,0.0,0.0
2051-01-22 15:00:00,0.0,0.0
2051-01-22 16:00:00,0.0,0.0
2051-01-22 17:00:00,0.0,0.0
2051-01-22 18:00:00,0.0,0.0
2051-01-22 19:00:00,0.0,0.0
2051-01-22 20:00:00,0.0,0.0
2051-01-22 21:00:00,0.0,0.0
2051-01-22 22:00:00,0.0,0.0
2051-01-22 23:00:00,0.0,0.0
2051-01-23 00:00:00,0.0,0.0
2051-01-23 01:00:00,0.0,0.0
2051-01-23 02:00:00,0.0,0.0
2051-01-23 03:00:00,0.0,77.29172057487969
2051-01-23 04:00:00,0.0,178.76409116201225
2051-01-23 05:00:00,0.0,253.46502780700774
2051-01-23 06:00:00,0.0,299.6673412232766
2051-01-23 07:00:00,0.0,324.2797885571768
2051-01-23 08:00:00,0.0,326.0069778437663
2051-01-23 09:00:00,0.0,308.3032876562241
2051-01-23 10:00:00,0.0,265.1235554914868
2051-01-23 11:00:00,0.0,196.46778134955454
2051-01-23 12:00:00,0.0,101.04057326548518
2051-01-23 13:00:00,0.0,8.635946432947453
2051-01-23 14:00:00,0.0,0.0
2051-01-23 15:00:00,0.0,0.0
2051-01-23 16:00:00,0.0,0.0
2051-01-23 17:00:00,0.0,0.0
2051-01-23 18:00:00,0.0,0.0
2051-01-23 19:00:00,0.0,0.0
2051-01-23 20:00:00,0.0,0.0
2051-01-23 21:00:00,0.0,0.0
2051-01-23 22:00:00,0.0,0.0
2051-01-23 23:00:00,0.0,0.0
2051-01-24 00:00:00,0.0,0.0
2051-01-24 01:00:00,0.0,0.0
2051-01-24 02:00:00,0.0,0.0
2051-01-24 03:00:00,0.0,79.45070718311656
2051-01-24 04:00:00,0.0,178.33229384036485
2051-01-24 05:00:00,0.0,251.73783852041822
2051-01-24 06:00:00,0.0,299.6673412232766
2051-01-24 07:00:00,0.0,323.84799123552943
2051-01-24 08:00:00,0.0,326.0069778437663
2051-01-24 09:00:00,0.0,307.4396930129293
2051-01-24 10:00:00,0.0,264.6917581698394
2051-01-24 11:00:00,0.0,196.8995786712019
2051-01-24 12:00:00,0.0,102.76776255207467
2051-01-24 13:00:00,0.0,9.93133839788957
2051-01-24 14:00:00,0.0,0.0
2051-01-24 15:00:00,0.0,0.0
2051-01-24 16:00:00,0.0,0.0
2051-01-24 17:00:00,0.0,0.0
2051-01-24 18:00:00,0.0,0.0
2051-01-24 19:00:00,0.0,0.0
2051-01-24 20:00:00,0.0,0.0
2051-01-24 21:00:00,0.0,0.0
2051-01-24 22:00:00,0.0,0.0
2051-01-24 23:00:00,0.0,0.0
2051-01-25 00:00:00,0.0,0.0
2051-01-25 01:00:00,0.0,0.0
2051-01-25 02:00:00,0.0,0.0
2051-01-25 03:00:00,0.0,74.26913932334809
2051-01-25 04:00:00,0.0,170.55994205071218
2051-01-25 05:00:00,0.0,244.82908137406028
2051-01-25 06:00:00,0.0,292.7585840769187
2051-01-25 07:00:00,0.0,317.37103141081883
2051-01-25 08:00:00,0.0,320.39361266235045
2051-01-25 09:00:00,0.0,297.9401519366871
2051-01-25 10:00:00,0.0,252.60143316371298
2051-01-25 11:00:00,0.0,185.67284830837022
2051-01-25 12:00:00,0.0,94.99541076242197
2051-01-25 13:00:00,0.0,7.772351789652706
2051-01-25 14:00:00,0.0,0.0
2051-01-25 15:00:00,0.0,0.0
2051-01-25 16:00:00,0.0,0.0
2051-01-25 17:00:00,0.0,0.0
2051-01-25 18:00:00,0.0,0.0
2051-01-25 19:00:00,0.0,0.0
2051-01-25 20:00:00,0.0,0.0
2051-01-25 21:00:00,0.0,0.0
2051-01-25 22:00:00,0.0,0.0
2051-01-25 23:00:00,0.0,0.0
2051-01-26 00:00:00,0.0,0.0
2051-01-26 01:00:00,0.0,0.0
2051-01-26 02:00:00,0.0,0.0
2051-01-26 03:00:00,0.0,72.54195003675859
2051-01-26 04:00:00,0.0,170.12814472906481
2051-01-26 05:00:00,0.0,244.3972840524129
2051-01-26 06:00:00,0.0,294.0539760418608
2051-01-26 07:00:00,0.0,318.6664233757609
2051-01-26 08:00:00,0.0,320.39361266235045
2051-01-26 09:00:00,0.0,300.96273318821864
2051-01-26 10:00:00,0.0,257.78300102348146
2051-01-26 11:00:00,0.0,189.55902420319657
2051-01-26 12:00:00,0.0,94.99541076242197
2051-01-26 13:00:00,0.0,7.772351789652706
2051-01-26 14:00:00,0.0,0.0
2051-01-26 15:00:00,0.0,0.0
2051-01-26 16:00:00,0.0,0.0
2051-01-26 17:00:00,0.0,0.0
2051-01-26 18:00:00,0.0,0.0
2051-01-26 19:00:00,0.0,0.0
2051-01-26 20:00:00,0.0,0.0
2051-01-26 21:00:00,0.0,0.0
2051-01-26 22:00:00,0.0,0.0
2051-01-26 23:00:00,0.0,0.0
2051-01-27 00:00:00,0.0,0.0
2051-01-27 01:00:00,0.0,0.0
2051-01-27 02:00:00,0.0,0.0
2051-01-27 03:00:00,0.0,72.54195003675859
2051-01-27 04:00:00,0.0,170.99173937235955
2051-01-27 05:00:00,0.0,245.26087869570762
2051-01-27 06:00:00,0.0,294.48577336350814
2051-01-27 07:00:00,0.0,319.09822069740835
2051-01-27 08:00:00,0.0,321.25720730564524
2051-01-27 09:00:00,0.0,299.6673412232766
2051-01-27 10:00:00,0.0,256.05581173689194
2051-01-27 11:00:00,0.0,187.40003759495968
2051-01-27 12:00:00,0.0,93.26822147583248
2051-01-27 13:00:00,0.0,7.772351789652706
2051-01-27 14:00:00,0.0,0.0
2051-01-27 15:00:00,0.0,0.0
2051-01-27 16:00:00,0.0,0.0
2051-01-27 17:00:00,0.0,0.0
2051-01-27 18:00:00,0.0,0.0
2051-01-27 19:00:00,0.0,0.0
2051-01-27 20:00:00,0.0,0.0
2051-01-27 21:00:00,0.0,0.0
2051-01-27 22:00:00,0.0,0.0
2051-01-27 23:00:00,0.0,0.0
2051-01-28 00:00:00,0.0,0.0
2051-01-28 01:00:00,0.0,0.0
2051-01-28 02:00:00,0.0,0.0
2051-01-28 03:00:00,0.0,75.56453128829021
2051-01-28 04:00:00,0.0,172.71892865894904
2051-01-28 05:00:00,0.0,245.26087869570762
2051-01-28 06:00:00,0.0,295.3493680068029
2051-01-28 07:00:00,0.0,319.9618153407031
2051-01-28 08:00:00,0.0,322.5525992705874
2051-01-28 09:00:00,0.0,303.9853144397503
2051-01-28 10:00:00,0.0,261.66917691830776
2051-01-28 11:00:00,0.0,193.8769974196703
2051-01-28 12:00:00,0.0,100.60877594383783
2051-01-28 13:00:00,0.0,9.93133839788957
2051-01-28 14:00:00,0.0,0.0
2051-01-28 15:00:00,0.0,0.0
2051-01-28 16:00:00,0.0,0.0
2051-01-28 17:00:00,0.0,0.0
2051-01-28 18:00:00,0.0,0.0
2051-01-28 19:00:00,0.0,0.0
2051-01-28 20:00:00,0.0,0.0
2051-01-28 21:00:00,0.0,0.0
2051-01-28 22:00:00,0.0,0.0
2051-01-28 23:00:00,0.0,0.0
2051-01-29 00:00:00,0.0,0.0
2051-01-29 01:00:00,0.0,0.0
2051-01-29 02:00:00,0.0,0.0
2051-01-29 03:00:00,0.0,45.77051609462149
2051-01-29 04:00:00,0.0,134.72076435398023
2051-01-29 05:00:00,0.0,198.6267679577914
2051-01-29 06:00:00,0.0,278.077475140908
2051-01-29 07:00:00,0.0,313.9166528376399
2051-01-29 08:00:00,0.0,322.1208019489399
2051-01-29 09:00:00,0.0,303.9853144397503
2051-01-29 10:00:00,0.0,261.66917691830776
2051-01-29 11:00:00,0.0,193.8769974196703
2051-01-29 12:00:00,0.0,99.74518130054308
2051-01-29 13:00:00,0.0,9.93133839788957
2051-01-29 14:00:00,0.0,0.0
2051-01-29 15:00:00,0.0,0.0
2051-01-29 16:00:00,0.0,0.0
2051-01-29 17:00:00,0.0,0.0
2051-01-29 18:00:00,0.0,0.0
2051-01-29 19:00:00,0.0,0.0
2051-01-29 20:00:00,0.0,0.0
2051-01-29 21:00:00,0.0,0.0
2051-01-29 22:00:00,0.0,0.0
2051-01-29 23:00:00,0.0,0.0
2051-01-30 00:00:00,0.0,0.0
2051-01-30 01:00:00,0.0,0.0
2051-01-30 02:00:00,0.0,0.0
2051-01-30 03:00:00,0.0,74.70093664499545
2051-01-30 04:00:00,0.0,173.5825233022438
2051-01-30 05:00:00,0.0,248.28345994723924
2051-01-30 06:00:00,0.0,295.3493680068029
2051-01-30 07:00:00,0.0,319.5300180190557
2051-01-30 08:00:00,0.0,321.25720730564524
2051-01-30 09:00:00,0.0,300.96273318821864
2051-01-30 10:00:00,0.0,258.21479834512877
2051-01-30 11:00:00,0.0,189.99082152484394
2051-01-30 12:00:00,0.0,97.15439737065883
2051-01-30 13:00:00,0.0,9.067743754594824
2051-01-30 14:00:00,0.0,0.0
2051-01-30 15:00:00,0.0,0.0
2051-01-30 16:00:00,0.0,0.0
2051-01-30 17:00:00,0.0,0.0
2051-01-30 18:00:00,0.0,0.0
2051-01-30 19:00:00,0.0,0.0
2051-01-30 20:00:00,0.0,0.0
2051-01-30 21:00:00,0.0,0.0
2051-01-30 22:00:00,0.0,0.0
2051-01-30 23:00:00,0.0,0.0
2051-01-31 00:00:00,0.0,0.0
2051-01-31 01:00:00,0.0,0.0
2051-01-31 02:00:00,0.0,0.0
2051-01-31 03:00:00,0.0,69.08757146357962
2051-01-31 04:00:00,0.0,164.08298222600158
2051-01-31 05:00:00,0.0,237.48852690605497
2051-01-31 06:00:00,0.0,286.281624252208
2051-01-31 07:00:00,0.0,311.32586890775565
2051-01-31 08:00:00,0.0,313.05305819434517
2051-01-31 09:00:00,0.0,287.57701621715023
2051-01-31 10:00:00,0.0,242.23829744417606
2051-01-31 11:00:00,0.0,172.28713133730167
2051-01-31 12:00:00,0.0,79.45070718311656
2051-01-31 13:00:00,0.0,5.613365181415844
2051-01-31 14:00:00,0.0,0.0
2051-01-31 15:00:00,0.0,0.0
2051-01-31 16:00:00,0.0,0.0
2051-01-31 17:00:00,0.0,0.0
2051-01-31 18:00:00,0.0,0.0
2051-01-31 19:00:00,0.0,0.0
2051-01-31 20:00:00,0.0,0.0
2051-01-31 21:00:00,0.0,0.0
2051-01-31 22:00:00,0.0,0.0
2051-01-31 23:00:00,0.0,0.0
2051-02-01 00:00:00,0.0,0.0
2051-02-01 01:00:00,0.0,0.0
2051-02-01 02:00:00,0.0,0.0
2051-02-01 03:00:00,0.0,56.99724645745318
2051-02-01 04:00:00,0.0,152.42445454152252
2051-02-01 05:00:00,0.0,229.28437779475485
2051-02-01 06:00:00,0.0,278.94106978420274
2051-02-01 07:00:00,0.0,304.84890908304504
2051-02-01 08:00:00,0.0,308.3032876562241
2051-02-01 09:00:00,0.0,295.3493680068029
2051-02-01 10:00:00,0.0,253.89682512865508
2051-02-01 11:00:00,0.0,185.67284830837022
2051-02-01 12:00:00,0.0,93.26822147583248
2051-02-01 13:00:00,0.0,9.067743754594824
2051-02-01 14:00:00,0.0,0.0
2051-02-01 15:00:00,0.0,0.0
2051-02-01 16:00:00,0.0,0.0
2051-02-01 17:00:00,0.0,0.0
2051-02-01 18:00:00,0.0,0.0
2051-02-01 19:00:00,0.0,0.0
2051-02-01 20:00:00,0.0,0.0
2051-02-01 21:00:00,0.0,0.0
2051-02-01 22:00:00,0.0,0.0
2051-02-01 23:00:00,0.0,0.0
2051-02-02 00:00:00,0.0,0.0
2051-02-02 01:00:00,0.0,0.0
2051-02-02 02:00:00,0.0,0.0
2051-02-02 03:00:00,0.0,74.26913932334809
2051-02-02 04:00:00,0.0,170.12814472906481
2051-02-02 05:00:00,0.0,244.3972840524129
2051-02-02 06:00:00,0.0,295.78116532845024
2051-02-02 07:00:00,0.0,321.6890046272926
2051-02-02 08:00:00,0.0,324.2797885571768
2051-02-02 09:00:00,0.0,303.9853144397503
2051-02-02 10:00:00,0.0,260.8055822750131
2051-02-02 11:00:00,0.0,193.01340277637556
2051-02-02 12:00:00,0.0,100.17697862219045
2051-02-02 13:00:00,0.0,10.363135719536942
2051-02-02 14:00:00,0.0,0.0
2051-02-02 15:00:00,0.0,0.0
2051-02-02 16:00:00,0.0,0.0
2051-02-02 17:00:00,0.0,0.0
2051-02-02 18:00:00,0.0,0.0
2051-02-02 19:00:00,0.0,0.0
2051-02-02 20:00:00,0.0,0.0
2051-02-02 21:00:00,0.0,0.0
2051-02-02 22:00:00,0.0,0.0
2051-02-02 23:00:00,0.0,0.0
2051-02-03 00:00:00,0.0,0.0
2051-02-03 01:00:00,0.0,0.0
2051-02-03 02:00:00,0.0,0.0
2051-02-03 03:00:00,0.0,61.747016995574285
2051-02-03 04:00:00,0.0,165.3783741909437
2051-02-03 05:00:00,0.0,243.96548673076552
2051-02-03 06:00:00,0.0,291.03139479032916
2051-02-03 07:00:00,0.0,316.5074367675241
2051-02-03 08:00:00,0.0,319.09822069740835
2051-02-03 09:00:00,0.0,298.37194925833444
2051-02-03 10:00:00,0.0,251.30604119877086
2051-02-03 11:00:00,0.0,179.19588848365962
2051-02-03 12:00:00,0.0,85.49586968617977
2051-02-03 13:00:00,0.0,8.20414911130008
2051-02-03 14:00:00,0.0,0.0
2051-02-03 15:00:00,0.0,0.0
2051-02-03 16:00:00,0.0,0.0
2051-02-03 17:00:00,0.0,0.0
2051-02-03 18:00:00,0.0,0.0
2051-02-03 19:00:00,0.0,0.0
2051-02-03 20:00:00,0.0,0.0
2051-02-03 21:00:00,0.0,0.0
2051-02-03 22:00:00,0.0,0.0
2051-02-03 23:00:00,0.0,0.0
2051-02-04 00:00:00,0.0,0.0
2051-02-04 01:00:00,0.0,0.0
2051-02-04 02:00:00,0.0,0.0
2051-02-04 03:00:00,0.0,68.22397682028486
2051-02-04 04:00:00,0.0,168.8327527641227
2051-02-04 05:00:00,0.0,241.8065001225287
2051-02-04 06:00:00,0.0,290.16780014703437
2051-02-04 07:00:00,0.0,314.7802474809347
2051-02-04 08:00:00,0.0,316.9392340891715
2051-02-04 09:00:00,0.0,295.78116532845024
2051-02-04 10:00:00,0.0,249.57885191218134
2051-02-04 11:00:00,0.0,180.9230777702491
2051-02-04 12:00:00,0.0,93.26822147583248
2051-02-04 13:00:00,0.0,9.499541076242195
2051-02-04 14:00:00,0.0,0.0
2051-02-04 15:00:00,0.0,0.0
2051-02-04 16:00:00,0.0,0.0
2051-02-04 17:00:00,0.0,0.0
2051-02-04 18:00:00,0.0,0.0
2051-02-04 19:00:00,0.0,0.0
2051-02-04 20:00:00,0.0,0.0
2051-02-04 21:00:00,0.0,0.0
2051-02-04 22:00:00,0.0,0.0
2051-02-04 23:00:00,0.0,0.0
2051-02-05 00:00:00,0.0,0.0
2051-02-05 01:00:00,0.0,0.0
2051-02-05 02:00:00,0.0,0.0
2051-02-05 03:00:00,0.0,71.67835539346386
2051-02-05 04:00:00,0.0,168.40095544247532
2051-02-05 05:00:00,0.0,242.23829744417606
2051-02-05 06:00:00,0.0,289.30420550373964
2051-02-05 07:00:00,0.0,312.62126087269775
2051-02-05 08:00:00,0.0,313.05305819434517
2051-02-05 09:00:00,0.0,289.73600282538706
2051-02-05 10:00:00,0.0,241.3747028008813
2051-02-05 11:00:00,0.0,174.44611794553856
2051-02-05 12:00:00,0.0,87.65485629441663
2051-02-05 13:00:00,0.0,8.20414911130008
2051-02-05 14:00:00,0.0,0.0
2051-02-05 15:00:00,0.0,0.0
2051-02-05 16:00:00,0.0,0.0
2051-02-05 17:00:00,0.0,0.0
2051-02-05 18:00:00,0.0,0.0
2051-02-05 19:00:00,0.0,0.0
2051-02-05 20:00:00,0.0,0.0
2051-02-05 21:00:00,0.0,0.0
2051-02-05 22:00:00,0.0,0.0
2051-02-05 23:00:00,0.0,0.0
2051-02-06 00:00:00,0.0,0.0
2051-02-06 01:00:00,0.0,0.0
2051-02-06 02:00:00,0.0,0.0
2051-02-06 03:00:00,0.0,32.384799123552945
2051-02-06 04:00:00,0.0,91.54103218924298
2051-02-06 05:00:00,0.0,149.4018732899909
2051-02-06 06:00:00,0.0,187.40003759495968
2051-02-06 07:00:00,0.0,224.1028099349864
2051-02-06 08:00:00,0.0,243.10189208747076
2051-02-06 09:00:00,0.0,219.35303939686528
2051-02-06 10:00:00,0.0,164.51477954764897
2051-02-06 11:00:00,0.0,101.04057326548518
2051-02-06 12:00:00,0.0,41.020745556500394
2051-02-06 13:00:00,0.0,2.158986608236863
2051-02-06 14:00:00,0.0,0.0
2051-02-06 15:00:00,0.0,0.0
2051-02-06 16:00:00,0.0,0.0
2051-02-06 17:00:00,0.0,0.0
2051-02-06 18:00:00,0.0,0.0
2051-02-06 19:00:00,0.0,0.0
2051-02-06 20:00:00,0.0,0.0
2051-02-06 21:00:00,0.0,0.0
2051-02-06 22:00:00,0.0,0.0
2051-02-06 23:00:00,0.0,0.0
2051-02-07 00:00:00,0.0,0.0
2051-02-07 01:00:00,0.0,0.0
2051-02-07 02:00:00,0.0,0.0
2051-02-07 03:00:00,0.0,55.70185449251107
2051-02-07 04:00:00,0.0,155.01523847140678
2051-02-07 05:00:00,0.0,243.96548673076552
2051-02-07 06:00:00,0.0,294.0539760418608
2051-02-07 07:00:00,0.0,323.41619391388207
2051-02-07 08:00:00,0.0,331.18854570353477
2051-02-07 09:00:00,0.0,309.5986796211661
2051-02-07 10:00:00,0.0,269.0097313863131
2051-02-07 11:00:00,0.0,200.78575456602826
2051-02-07 12:00:00,0.0,106.22214112525367
2051-02-07 13:00:00,0.0,12.953919649421177
2051-02-07 14:00:00,0.0,0.0
2051-02-07 15:00:00,0.0,0.0
2051-02-07 16:00:00,0.0,0.0
2051-02-07 17:00:00,0.0,0.0
2051-02-07 18:00:00,0.0,0.0
2051-02-07 19:00:00,0.0,0.0
2051-02-07 20:00:00,0.0,0.0
2051-02-07 21:00:00,0.0,0.0
2051-02-07 22:00:00,0.0,0.0
2051-02-07 23:00:00,0.0,0.0
2051-02-08 00:00:00,0.0,0.0
2051-02-08 01:00:00,0.0,0.0
2051-02-08 02:00:00,0.0,0.0
2051-02-08 03:00:00,0.0,91.54103218924298
2051-02-08 04:00:00,0.0,189.99082152484394
2051-02-08 05:00:00,0.0,263.3963662048973
2051-02-08 06:00:00,0.0,311.757666229403
2051-02-08 07:00:00,0.0,336.3701135633033
2051-02-08 08:00:00,0.0,338.52910017154016
2051-02-08 09:00:00,0.0,319.5300180190557
2051-02-08 10:00:00,0.0,277.2138804976132
2051-02-08 11:00:00,0.0,209.8534983206231
2051-02-08 12:00:00,0.0,116.58527684479061
2051-02-08 13:00:00,0.0,17.271892865894905
2051-02-08 14:00:00,0.0,0.0
2051-02-08 15:00:00,0.0,0.0
2051-02-08 16:00:00,0.0,0.0
2051-02-08 17:00:00,0.0,0.0
2051-02-08 18:00:00,0.0,0.0
2051-02-08 19:00:00,0.0,0.0
2051-02-08 20:00:00,0.0,0.0
2051-02-08 21:00:00,0.0,0.0
2051-02-08 22:00:00,0.0,0.0
2051-02-08 23:00:00,0.0,0.0
2051-02-09 00:00:00,0.0,0.0
2051-02-09 01:00:00,0.0,0.0
2051-02-09 02:00:00,0.0,0.4317973216473726
2051-02-09 03:00:00,0.0,102.3359652304273
2051-02-09 04:00:00,0.0,198.194970636144
2051-02-09 05:00:00,0.0,269.44152870796046
2051-02-09 06:00:00,0.0,316.07563944587673
2051-02-09 07:00:00,0.0,339.8244921364822
2051-02-09 08:00:00,0.0,341.9834787447191
2051-02-09 09:00:00,0.0,322.1208019489399
2051-02-09 10:00:00,0.0,280.23646174914484
2051-02-09 11:00:00,0.0,213.30787689380205
2051-02-09 12:00:00,0.0,120.0396554179696
2051-02-09 13:00:00,0.0,18.56728483083702
2051-02-09 14:00:00,0.0,0.0
2051-02-09 15:00:00,0.0,0.0
2051-02-09 16:00:00,0.0,0.0
2051-02-09 17:00:00,0.0,0.0
2051-02-09 18:00:00,0.0,0.0
2051-02-09 19:00:00,0.0,0.0
2051-02-09 20:00:00,0.0,0.0
2051-02-09 21:00:00,0.0,0.0
2051-02-09 22:00:00,0.0,0.0
2051-02-09 23:00:00,0.0,0.0
2051-02-10 00:00:00,0.0,0.0
2051-02-10 01:00:00,0.0,0.0
2051-02-10 02:00:00,0.0,0.8635946432947452
2051-02-10 03:00:00,0.0,99.3133839788957
2051-02-10 04:00:00,0.0,194.74059206296505
2051-02-10 05:00:00,0.0,266.4189474564289
2051-02-10 06:00:00,0.0,303.9853144397503
2051-02-10 07:00:00,0.0,327.3023698087084
2051-02-10 08:00:00,0.0,331.62034302518214
2051-02-10 09:00:00,0.0,315.6438421242293
2051-02-10 10:00:00,0.0,271.16871799455
2051-02-10 11:00:00,0.0,205.96732242579674
2051-02-10 12:00:00,0.0,114.42629023655374
2051-02-10 13:00:00,0.0,17.271892865894905
2051-02-10 14:00:00,0.0,0.0
2051-02-10 15:00:00,0.0,0.0
2051-02-10 16:00:00,0.0,0.0
2051-02-10 17:00:00,0.0,0.0
2051-02-10 18:00:00,0.0,0.0
2051-02-10 19:00:00,0.0,0.0
2051-02-10 20:00:00,0.0,0.0
2051-02-10 21:00:00,0.0,0.0
2051-02-10 22:00:00,0.0,0.0
2051-02-10 23:00:00,0.0,0.0
2051-02-11 00:00:00,0.0,0.0
2051-02-11 01:00:00,0.0,0.0
2051-02-11 02:00:00,0.0,0.0
2051-02-11 03:00:00,0.0,67.7921794986375
2051-02-11 04:00:00,0.0,143.35671078692772
2051-02-11 05:00:00,0.0,223.23921529169164
2051-02-11 06:00:00,0.0,288.44061086044485
2051-02-11 07:00:00,0.0,319.09822069740835
2051-02-11 08:00:00,0.0,322.9843965922347
2051-02-11 09:00:00,0.0,303.55351711810295
2051-02-11 10:00:00,0.0,261.2373795966604
2051-02-11 11:00:00,0.0,196.46778134955454
2051-02-11 12:00:00,0.0,107.51753309019577
2051-02-11 13:00:00,0.0,14.681108936010668
2051-02-11 14:00:00,0.0,0.0
2051-02-11 15:00:00,0.0,0.0
2051-02-11 16:00:00,0.0,0.0
2051-02-11 17:00:00,0.0,0.0
2051-02-11 18:00:00,0.0,0.0
2051-02-11 19:00:00,0.0,0.0
2051-02-11 20:00:00,0.0,0.0
2051-02-11 21:00:00,0.0,0.0
2051-02-11 22:00:00,0.0,0.0
2051-02-11 23:00:00,0.0,0.0
2051-02-12 00:00:00,0.0,0.0
2051-02-12 01:00:00,0.0,0.0
2051-02-12 02:00:00,0.0,0.0
2051-02-12 03:00:00,0.0,79.88250450476393
2051-02-12 04:00:00,0.0,171.8553340156543
2051-02-12 05:00:00,0.0,236.19313494111285
2051-02-12 06:00:00,0.0,279.80466442749747
2051-02-12 07:00:00,0.0,311.757666229403
2051-02-12 08:00:00,0.0,316.07563944587673
2051-02-12 09:00:00,0.0,285.84982693056065
2051-02-12 10:00:00,0.0,240.51110815758653
2051-02-12 11:00:00,0.0,175.30971258883326
2051-02-12 12:00:00,0.0,81.60969379135341
2051-02-12 13:00:00,0.0,6.908757146357962
2051-02-12 14:00:00,0.0,0.0
2051-02-12 15:00:00,0.0,0.0
2051-02-12 16:00:00,0.0,0.0
2051-02-12 17:00:00,0.0,0.0
2051-02-12 18:00:00,0.0,0.0
2051-02-12 19:00:00,0.0,0.0
2051-02-12 20:00:00,0.0,0.0
2051-02-12 21:00:00,0.0,0.0
2051-02-12 22:00:00,0.0,0.0
2051-02-12 23:00:00,0.0,0.0
2051-02-13 00:00:00,0.0,0.0
2051-02-13 01:00:00,0.0,0.0
2051-02-13 02:00:00,0.0,0.0
2051-02-13 03:00:00,0.0,61.315219673926904
2051-02-13 04:00:00,0.0,158.46961704458576
2051-02-13 05:00:00,0.0,237.05672958440755
2051-02-13 06:00:00,0.0,293.62217872021336
2051-02-13 07:00:00,0.0,317.80282873246625
2051-02-13 08:00:00,0.0,319.09822069740835
2051-02-13 09:00:00,0.0,300.5309358665713
2051-02-13 10:00:00,0.0,256.9194063801867
2051-02-13 11:00:00,0.0,188.26363223825444
2051-02-13 12:00:00,0.0,96.72260004901148
2051-02-13 13:00:00,0.0,11.65852768447906
2051-02-13 14:00:00,0.0,0.0
2051-02-13 15:00:00,0.0,0.0
2051-02-13 16:00:00,0.0,0.0
2051-02-13 17:00:00,0.0,0.0
2051-02-13 18:00:00,0.0,0.0
2051-02-13 19:00:00,0.0,0.0
2051-02-13 20:00:00,0.0,0.0
2051-02-13 21:00:00,0.0,0.0
2051-02-13 22:00:00,0.0,0.0
2051-02-13 23:00:00,0.0,0.0
2051-02-14 00:00:00,0.0,0.0
2051-02-14 01:00:00,0.0,0.0
2051-02-14 02:00:00,0.0,0.8635946432947452
2051-02-14 03:00:00,0.0,92.40462683253773
2051-02-14 04:00:00,0.0,192.1498081330808
2051-02-14 05:00:00,0.0,265.1235554914868
2051-02-14 06:00:00,0.0,309.16688229951876
2051-02-14 07:00:00,0.0,333.779329633419
2051-02-14 08:00:00,0.0,335.93831624165585
2051-02-14 09:00:00,0.0,315.6438421242293
2051-02-14 10:00:00,0.0,272.03231263784477
2051-02-14 11:00:00,0.0,203.80833581755988
2051-02-14 12:00:00,0.0,110.10831702008002
2051-02-14 13:00:00,0.0,15.976500900952788
2051-02-14 14:00:00,0.0,0.0
2051-02-14 15:00:00,0.0,0.0
2051-02-14 16:00:00,0.0,0.0
2051-02-14 17:00:00,0.0,0.0
2051-02-14 18:00:00,0.0,0.0
2051-02-14 19:00:00,0.0,0.0
2051-02-14 20:00:00,0.0,0.0
2051-02-14 21:00:00,0.0,0.0
2051-02-14 22:00:00,0.0,0.0
2051-02-14 23:00:00,0.0,0.0
2051-02-15 00:00:00,0.0,0.0
2051-02-15 01:00:00,0.0,0.0
2051-02-15 02:00:00,0.0,0.8635946432947452
2051-02-15 03:00:00,0.0,89.38204558100612
2051-02-15 04:00:00,0.0,186.53644295166495
2051-02-15 05:00:00,0.0,259.9419876317183
2051-02-15 06:00:00,0.0,307.8714903345766
2051-02-15 07:00:00,0.0,332.05214034682956
2051-02-15 08:00:00,0.0,334.21112695506645
2051-02-15 09:00:00,0.0,314.7802474809347
2051-02-15 10:00:00,0.0,272.89590728113944
2051-02-15 11:00:00,0.0,206.83091706909147
2051-02-15 12:00:00,0.0,115.72168220149585
2051-02-15 13:00:00,0.0,18.56728483083702
2051-02-15 14:00:00,0.0,0.0
2051-02-15 15:00:00,0.0,0.0
2051-02-15 16:00:00,0.0,0.0
2051-02-15 17:00:00,0.0,0.0
2051-02-15 18:00:00,0.0,0.0
2051-02-15 19:00:00,0.0,0.0
2051-02-15 20:00:00,0.0,0.0
2051-02-15 21:00:00,0.0,0.0
2051-02-15 22:00:00,0.0,0.0
2051-02-15 23:00:00,0.0,0.0
2051-02-16 00:00:00,0.0,0.0
2051-02-16 01:00:00,0.0,0.0
2051-02-16 02:00:00,0.0,1.7271892865894904
2051-02-16 03:00:00,0.0,98.88158665724832
2051-02-16 04:00:00,0.0,194.74059206296505
2051-02-16 05:00:00,0.0,266.85074477807626
2051-02-16 06:00:00,0.0,312.62126087269775
2051-02-16 07:00:00,0.0,336.3701135633033
2051-02-16 08:00:00,0.0,338.0973028498927
2051-02-16 09:00:00,0.0,318.6664233757609
2051-02-16 10:00:00,0.0,277.2138804976132
2051-02-16 11:00:00,0.0,212.01248492885995
2051-02-16 12:00:00,0.0,120.90325006126432
2051-02-16 13:00:00,0.0,21.15806876072126
2051-02-16 14:00:00,0.0,0.0
2051-02-16 15:00:00,0.0,0.0
2051-02-16 16:00:00,0.0,0.0
2051-02-16 17:00:00,0.0,0.0
2051-02-16 18:00:00,0.0,0.0
2051-02-16 19:00:00,0.0,0.0
2051-02-16 20:00:00,0.0,0.0
2051-02-16 21:00:00,0.0,0.0
2051-02-16 22:00:00,0.0,0.0
2051-02-16 23:00:00,0.0,0.0
2051-02-17 00:00:00,0.0,0.0
2051-02-17 01:00:00,0.0,0.0
2051-02-17 02:00:00,0.0,1.2953919649421177
2051-02-17 03:00:00,0.0,89.8138429026535
2051-02-17 04:00:00,0.0,193.8769974196703
2051-02-17 05:00:00,0.0,265.55535281313416
2051-02-17 06:00:00,0.0,311.32586890775565
2051-02-17 07:00:00,0.0,333.779329633419
2051-02-17 08:00:00,0.0,335.0747215983611
2051-02-17 09:00:00,0.0,314.3484501592872
2051-02-17 10:00:00,0.0,272.89590728113944
2051-02-17 11:00:00,0.0,207.26271439073884
2051-02-17 12:00:00,0.0,116.15347952314323
2051-02-17 13:00:00,0.0,19.430879474131768
2051-02-17 14:00:00,0.0,0.0
2051-02-17 15:00:00,0.0,0.0
2051-02-17 16:00:00,0.0,0.0
2051-02-17 17:00:00,0.0,0.0
2051-02-17 18:00:00,0.0,0.0
2051-02-17 19:00:00,0.0,0.0
2051-02-17 20:00:00,0.0,0.0
2051-02-17 21:00:00,0.0,0.0
2051-02-17 22:00:00,0.0,0.0
2051-02-17 23:00:00,0.0,0.0
2051-02-18 00:00:00,0.0,0.0
2051-02-18 01:00:00,0.0,0.0
2051-02-18 02:00:00,0.0,0.4317973216473726
2051-02-18 03:00:00,0.0,66.49678753369538
2051-02-18 04:00:00,0.0,155.01523847140678
2051-02-18 05:00:00,0.0,246.12447333900238
2051-02-18 06:00:00,0.0,300.5309358665713
2051-02-18 07:00:00,0.0,323.84799123552943
2051-02-18 08:00:00,0.0,325.14338320047153
2051-02-18 09:00:00,0.0,304.4171117613977
2051-02-18 10:00:00,0.0,260.8055822750131
2051-02-18 11:00:00,0.0,192.5816054547282
2051-02-18 12:00:00,0.0,101.04057326548518
2051-02-18 13:00:00,0.0,13.817514292715924
2051-02-18 14:00:00,0.0,0.0
2051-02-18 15:00:00,0.0,0.0
2051-02-18 16:00:00,0.0,0.0
2051-02-18 17:00:00,0.0,0.0
2051-02-18 18:00:00,0.0,0.0
2051-02-18 19:00:00,0.0,0.0
2051-02-18 20:00:00,0.0,0.0
2051-02-18 21:00:00,0.0,0.0
2051-02-18 22:00:00,0.0,0.0
2051-02-18 23:00:00,0.0,0.0
2051-02-19 00:00:00,0.0,0.0
2051-02-19 01:00:00,0.0,0.0
2051-02-19 02:00:00,0.0,0.4317973216473726
2051-02-19 03:00:00,0.0,72.54195003675859
2051-02-19 04:00:00,0.0,167.96915812082793
2051-02-19 05:00:00,0.0,240.94290547923393
2051-02-19 06:00:00,0.0,292.7585840769187
2051-02-19 07:00:00,0.0,316.9392340891715
2051-02-19 08:00:00,0.0,319.5300180190557
2051-02-19 09:00:00,0.0,302.25812515316085
2051-02-19 10:00:00,0.0,260.3737849533657
2051-02-19 11:00:00,0.0,194.30879474131766
2051-02-19 12:00:00,0.0,103.63135719536942
2051-02-19 13:00:00,0.0,14.249311614363295
2051-02-19 14:00:00,0.0,0.0
2051-02-19 15:00:00,0.0,0.0
2051-02-19 16:00:00,0.0,0.0
2051-02-19 17:00:00,0.0,0.0
2051-02-19 18:00:00,0.0,0.0
2051-02-19 19:00:00,0.0,0.0
2051-02-19 20:00:00,0.0,0.0
2051-02-19 21:00:00,0.0,0.0
2051-02-19 22:00:00,0.0,0.0
2051-02-19 23:00:00,0.0,0.0
2051-02-20 00:00:00,0.0,0.0
2051-02-20 01:00:00,0.0,0.0
2051-02-20 02:00:00,0.0,0.4317973216473726
2051-02-20 03:00:00,0.0,69.08757146357962
2051-02-20 04:00:00,0.0,161.92399561776472
2051-02-20 05:00:00,0.0,235.76133761946545
2051-02-20 06:00:00,0.0,284.9862322872659
2051-02-20 07:00:00,0.0,307.8714903345766
2051-02-20 08:00:00,0.0,307.8714903345766
2051-02-20 09:00:00,0.0,284.5544349656186
2051-02-20 10:00:00,0.0,237.9203242277023
2051-02-20 11:00:00,0.0,167.53736079918056
2051-02-20 12:00:00,0.0,80.74609914805868
2051-02-20 13:00:00,0.0,9.93133839788957
2051-02-20 14:00:00,0.0,0.0
2051-02-20 15:00:00,0.0,0.0
2051-02-20 16:00:00,0.0,0.0
2051-02-20 17:00:00,0.0,0.0
2051-02-20 18:00:00,0.0,0.0
2051-02-20 19:00:00,0.0,0.0
2051-02-20 20:00:00,0.0,0.0
2051-02-20 21:00:00,0.0,0.0
2051-02-20 22:00:00,0.0,0.0
2051-02-20 23:00:00,0.0,0.0
2051-02-21 00:00:00,0.0,0.0
2051-02-21 01:00:00,0.0,0.0
2051-02-21 02:00:00,0.0,0.8635946432947452
2051-02-21 03:00:00,0.0,75.99632860993756
2051-02-21 04:00:00,0.0,174.01432062389117
2051-02-21 05:00:00,0.0,249.57885191218134
2051-02-21 06:00:00,0.0,293.190381398566
2051-02-21 07:00:00,0.0,318.2346260541136
2051-02-21 08:00:00,0.0,320.39361266235045
2051-02-21 09:00:00,0.0,300.96273318821864
2051-02-21 10:00:00,0.0,257.78300102348146
2051-02-21 11:00:00,0.0,189.55902420319657
2051-02-21 12:00:00,0.0,98.88158665724832
2051-02-21 13:00:00,0.0,14.249311614363295
2051-02-21 14:00:00,0.0,0.0
2051-02-21 15:00:00,0.0,0.0
2051-02-21 16:00:00,0.0,0.0
2051-02-21 17:00:00,0.0,0.0
2051-02-21 18:00:00,0.0,0.0
2051-02-21 19:00:00,0.0,0.0
2051-02-21 20:00:00,0.0,0.0
2051-02-21 21:00:00,0.0,0.0
2051-02-21 22:00:00,0.0,0.0
2051-02-21 23:00:00,0.0,0.0
2051-02-22 00:00:00,0.0,0.0
2051-02-22 01:00:00,0.0,0.0
2051-02-22 02:00:00,0.0,1.2953919649421177
2051-02-22 03:00:00,0.0,80.31430182641131
2051-02-22 04:00:00,0.0,176.173307232128
2051-02-22 05:00:00,0.0,248.7152572688866
2051-02-22 06:00:00,0.0,295.3493680068029
2051-02-22 07:00:00,0.0,297.9401519366871
2051-02-22 08:00:00,0.0,306.57609836963456
2051-02-22 09:00:00,0.0,303.1217197964555
2051-02-22 10:00:00,0.0,254.32862245030245
2051-02-22 11:00:00,0.0,189.55902420319657
2051-02-22 12:00:00,0.0,103.19955987372204
2051-02-22 13:00:00,0.0,15.544703579305413
2051-02-22 14:00:00,0.0,0.0
2051-02-22 15:00:00,0.0,0.0
2051-02-22 16:00:00,0.0,0.0
2051-02-22 17:00:00,0.0,0.0
2051-02-22 18:00:00,0.0,0.0
2051-02-22 19:00:00,0.0,0.0
2051-02-22 20:00:00,0.0,0.0
2051-02-22 21:00:00,0.0,0.0
2051-02-22 22:00:00,0.0,0.0
2051-02-22 23:00:00,0.0,0.0
2051-02-23 00:00:00,0.0,0.0
2051-02-23 01:00:00,0.0,0.0
2051-02-23 02:00:00,0.0,0.4317973216473726
2051-02-23 03:00:00,0.0,61.315219673926904
2051-02-23 04:00:00,0.0,159.33321168788046
2051-02-23 05:00:00,0.0,247.41986530394448
2051-02-23 06:00:00,0.0,303.9853144397503
2051-02-23 07:00:00,0.0,329.02955909529794
2051-02-23 08:00:00,0.0,331.62034302518214
2051-02-23 09:00:00,0.0,311.757666229403
2051-02-23 10:00:00,0.0,265.1235554914868
2051-02-23 11:00:00,0.0,193.44520009802295
2051-02-23 12:00:00,0.0,89.38204558100612
2051-02-23 13:00:00,0.0,12.090325006126433
2051-02-23 14:00:00,0.0,0.0
2051-02-23 15:00:00,0.0,0.0
2051-02-23 16:00:00,0.0,0.0
2051-02-23 17:00:00,0.0,0.0
2051-02-23 18:00:00,0.0,0.0
2051-02-23 19:00:00,0.0,0.0
2051-02-23 20:00:00,0.0,0.0
2051-02-23 21:00:00,0.0,0.0
2051-02-23 22:00:00,0.0,0.0
2051-02-23 23:00:00,0.0,0.0
2051-02-24 00:00:00,0.0,0.0
2051-02-24 01:00:00,0.0,0.0
2051-02-24 02:00:00,0.0,1.7271892865894904
2051-02-24 03:00:00,0.0,82.47328843464817
2051-02-24 04:00:00,0.0,180.9230777702491
2051-02-24 05:00:00,0.0,256.4876090585393
2051-02-24 06:00:00,0.0,304.4171117613977
2051-02-24 07:00:00,0.0,328.16596445200315
2051-02-24 08:00:00,0.0,330.32495106024004
2051-02-24 09:00:00,0.0,310.8940715861083
2051-02-24 10:00:00,0.0,269.44152870796046
2051-02-24 11:00:00,0.0,203.80833581755988
2051-02-24 12:00:00,0.0,113.99449291490636
2051-02-24 13:00:00,0.0,19.86267679577914
2051-02-24 14:00:00,0.0,0.0
2051-02-24 15:00:00,0.0,0.0
2051-02-24 16:00:00,0.0,0.0
2051-02-24 17:00:00,0.0,0.0
2051-02-24 18:00:00,0.0,0.0
2051-02-24 19:00:00,0.0,0.0
2051-02-24 20:00:00,0.0,0.0
2051-02-24 21:00:00,0.0,0.0
2051-02-24 22:00:00,0.0,0.0
2051-02-24 23:00:00,0.0,0.0
2051-02-25 00:00:00,0.0,0.0
2051-02-25 01:00:00,0.0,0.0
2051-02-25 02:00:00,0.0,2.5907839298842354
2051-02-25 03:00:00,0.0,88.086653616064
2051-02-25 04:00:00,0.0,182.6502670568386
2051-02-25 05:00:00,0.0,254.32862245030245
2051-02-25 06:00:00,0.0,301.39453050986606
2051-02-25 07:00:00,0.0,323.41619391388207
2051-02-25 08:00:00,0.0,325.14338320047153
2051-02-25 09:00:00,0.0,303.55351711810295
2051-02-25 10:00:00,0.0,253.89682512865508
2051-02-25 11:00:00,0.0,172.28713133730167
2051-02-25 12:00:00,0.0,103.19955987372204
2051-02-25 13:00:00,0.0,19.86267679577914
2051-02-25 14:00:00,0.0,0.0
2051-02-25 15:00:00,0.0,0.0
2051-02-25 16:00:00,0.0,0.0
2051-02-25 17:00:00,0.0,0.0
2051-02-25 18:00:00,0.0,0.0
2051-02-25 19:00:00,0.0,0.0
2051-02-25 20:00:00,0.0,0.0
2051-02-25 21:00:00,0.0,0.0
2051-02-25 22:00:00,0.0,0.0
2051-02-25 23:00:00,0.0,0.0
2051-02-26 00:00:00,0.0,0.0
2051-02-26 01:00:00,0.0,0.0
2051-02-26 02:00:00,0.0,1.2953919649421177
2051-02-26 03:00:00,0.0,69.519368785227
2051-02-26 04:00:00,0.0,167.10556347753322
2051-02-26 05:00:00,0.0,245.692676017355
2051-02-26 06:00:00,0.0,297.07655729339234
2051-02-26 07:00:00,0.0,323.41619391388207
2051-02-26 08:00:00,0.0,326.43877516541363
2051-02-26 09:00:00,0.0,301.39453050986606
2051-02-26 10:00:00,0.0,257.78300102348146
2051-02-26 11:00:00,0.0,192.5816054547282
2051-02-26 12:00:00,0.0,105.79034380360629
2051-02-26 13:00:00,0.0,18.56728483083702
2051-02-26 14:00:00,0.0,0.0
2051-02-26 15:00:00,0.0,0.0
2051-02-26 16:00:00,0.0,0.0
2051-02-26 17:00:00,0.0,0.0
2051-02-26 18:00:00,0.0,0.0
2051-02-26 19:00:00,0.0,0.0
2051-02-26 20:00:00,0.0,0.0
2051-02-26 21:00:00,0.0,0.0
2051-02-26 22:00:00,0.0,0.0
2051-02-26 23:00:00,0.0,0.0
2051-02-27 00:00:00,0.0,0.0
2051-02-27 01:00:00,0.0,0.0
2051-02-27 02:00:00,0.0,3.0225812515316086
2051-02-27 03:00:00,0.0,90.67743754594825
2051-02-27 04:00:00,0.0,189.55902420319657
2051-02-27 05:00:00,0.0,262.9645688832499
2051-02-27 06:00:00,0.0,309.16688229951876
2051-02-27 07:00:00,0.0,330.7567483818874
2051-02-27 08:00:00,0.0,329.8931537385927
2051-02-27 09:00:00,0.0,307.8714903345766
2051-02-27 10:00:00,0.0,262.9645688832499
2051-02-27 11:00:00,0.0,194.74059206296505
2051-02-27 12:00:00,0.0,105.35854648195891
2051-02-27 13:00:00,0.0,18.135487509189648
2051-02-27 14:00:00,0.0,0.0
2051-02-27 15:00:00,0.0,0.0
2051-02-27 16:00:00,0.0,0.0
2051-02-27 17:00:00,0.0,0.0
2051-02-27 18:00:00,0.0,0.0
2051-02-27 19:00:00,0.0,0.0
2051-02-27 20:00:00,0.0,0.0
2051-02-27 21:00:00,0.0,0.0
2051-02-27 22:00:00,0.0,0.0
2051-02-27 23:00:00,0.0,0.0
2051-02-28 00:00:00,0.0,0.0
2051-02-28 01:00:00,0.0,0.0
2051-02-28 02:00:00,0.0,3.0225812515316086
2051-02-28 03:00:00,0.0,83.76868039959028
2051-02-28 04:00:00,0.0,178.33229384036485
2051-02-28 05:00:00,0.0,251.30604119877086
2051-02-28 06:00:00,0.0,297.50835461503976
2051-02-28 07:00:00,0.0,321.6890046272926
2051-02-28 08:00:00,0.0,323.84799123552943
2051-02-28 09:00:00,0.0,303.55351711810295
2051-02-28 10:00:00,0.0,260.8055822750131
2051-02-28 11:00:00,0.0,193.8769974196703
2051-02-28 12:00:00,0.0,104.92674916031154
2051-02-28 13:00:00,0.0,17.70369018754228
2051-02-28 14:00:00,0.0,0.0
2051-02-28 15:00:00,0.0,0.0
2051-02-28 16:00:00,0.0,0.0
2051-02-28 17:00:00,0.0,0.0
2051-02-28 18:00:00,0.0,0.0
2051-02-28 19:00:00,0.0,0.0
2051-02-28 20:00:00,0.0,0.0
2051-02-28 21:00:00,0.0,0.0
2051-02-28 22:00:00,0.0,0.0
2051-02-28 23:00:00,0.0,0.0
2051-03-01 00:00:00,0.0,0.0
2051-03-01 01:00:00,0.0,0.0
2051-03-01 02:00:00,0.0,3.0225812515316086
2051-03-01 03:00:00,0.0,83.33688307794291
2051-03-01 04:00:00,0.0,176.6051045537754
2051-03-01 05:00:00,0.0,249.147054590534
2051-03-01 06:00:00,0.0,296.21296265009767
2051-03-01 07:00:00,0.0,319.9618153407031
2051-03-01 08:00:00,0.0,321.6890046272926
2051-03-01 09:00:00,0.0,299.6673412232766
2051-03-01 10:00:00,0.0,256.9194063801867
2051-03-01 11:00:00,0.0,189.55902420319657
2051-03-01 12:00:00,0.0,100.17697862219045
2051-03-01 13:00:00,0.0,15.544703579305413
2051-03-01 14:00:00,0.0,0.0
2051-03-01 15:00:00,0.0,0.0
2051-03-01 16:00:00,0.0,0.0
2051-03-01 17:00:00,0.0,0.0
2051-03-01 18:00:00,0.0,0.0
2051-03-01 19:00:00,0.0,0.0
2051-03-01 20:00:00,0.0,0.0
2051-03-01 21:00:00,0.0,0.0
2051-03-01 22:00:00,0.0,0.0
2051-03-01 23:00:00,0.0,0.0
2051-03-02 00:00:00,0.0,0.0
2051-03-02 01:00:00,0.0,0.0
2051-03-02 02:00:00,0.0,0.8635946432947452
2051-03-02 03:00:00,0.0,50.95208395438997
2051-03-02 04:00:00,0.0,131.69818310244864
2051-03-02 05:00:00,0.0,204.6719304608546
2051-03-02 06:00:00,0.0,256.05581173689194
2051-03-02 07:00:00,0.0,281.10005639243957
2051-03-02 08:00:00,0.0,284.12263764397113
2051-03-02 09:00:00,0.0,259.07839298842356
2051-03-02 10:00:00,0.0,210.28529564227046
2051-03-02 11:00:00,0.0,142.06131882198557
2051-03-02 12:00:00,0.0,67.7921794986375
2051-03-02 13:00:00,0.0,9.499541076242195
2051-03-02 14:00:00,0.0,0.0
2051-03-02 15:00:00,0.0,0.0
2051-03-02 16:00:00,0.0,0.0
2051-03-02 17:00:00,0.0,0.0
2051-03-02 18:00:00,0.0,0.0
2051-03-02 19:00:00,0.0,0.0
2051-03-02 20:00:00,0.0,0.0
2051-03-02 21:00:00,0.0,0.0
2051-03-02 22:00:00,0.0,0.0
2051-03-02 23:00:00,0.0,0.0
2051-03-03 00:00:00,0.0,0.0
2051-03-03 01:00:00,0.0,0.0
2051-03-03 02:00:00,0.0,3.0225812515316086
2051-03-03 03:00:00,0.0,78.15531521817442
2051-03-03 04:00:00,0.0,174.44611794553856
2051-03-03 05:00:00,0.0,250.87424387712346
2051-03-03 06:00:00,0.0,303.55351711810295
2051-03-03 07:00:00,0.0,326.43877516541363
2051-03-03 08:00:00,0.0,326.43877516541363
2051-03-03 09:00:00,0.0,311.757666229403
2051-03-03 10:00:00,0.0,267.2825420997236
2051-03-03 11:00:00,0.0,198.6267679577914
2051-03-03 12:00:00,0.0,107.51753309019577
2051-03-03 13:00:00,0.0,18.56728483083702
2051-03-03 14:00:00,0.0,0.0
2051-03-03 15:00:00,0.0,0.0
2051-03-03 16:00:00,0.0,0.0
2051-03-03 17:00:00,0.0,0.0
2051-03-03 18:00:00,0.0,0.0
2051-03-03 19:00:00,0.0,0.0
2051-03-03 20:00:00,0.0,0.0
2051-03-03 21:00:00,0.0,0.0
2051-03-03 22:00:00,0.0,0.0
2051-03-03 23:00:00,0.0,0.0
2051-03-04 00:00:00,0.0,0.0
2051-03-04 01:00:00,0.0,0.0
2051-03-04 02:00:00,0.0,2.5907839298842354
2051-03-04 03:00:00,0.0,73.83734200170072
2051-03-04 04:00:00,0.0,169.26455008577008
2051-03-04 05:00:00,0.0,246.12447333900238
2051-03-04 06:00:00,0.0,277.6456778192605
2051-03-04 07:00:00,0.0,301.8263278315135
2051-03-04 08:00:00,0.0,302.68992247480816
2051-03-04 09:00:00,0.0,282.39544835738167
2051-03-04 10:00:00,0.0,237.9203242277023
2051-03-04 11:00:00,0.0,171.4235366940069
2051-03-04 12:00:00,0.0,88.95024825935876
2051-03-04 13:00:00,0.0,14.681108936010668
2051-03-04 14:00:00,0.0,0.0
2051-03-04 15:00:00,0.0,0.0
2051-03-04 16:00:00,0.0,0.0
2051-03-04 17:00:00,0.0,0.0
2051-03-04 18:00:00,0.0,0.0
2051-03-04 19:00:00,0.0,0.0
2051-03-04 20:00:00,0.0,0.0
2051-03-04 21:00:00,0.0,0.0
2051-03-04 22:00:00,0.0,0.0
2051-03-04 23:00:00,0.0,0.0
2051-03-05 00:00:00,0.0,0.0
2051-03-05 01:00:00,0.0,0.0
2051-03-05 02:00:00,0.0,3.454378573178981
2051-03-05 03:00:00,0.0,84.63227504288504
2051-03-05 04:00:00,0.0,181.78667241354387
2051-03-05 05:00:00,0.0,256.05581173689194
2051-03-05 06:00:00,0.0,303.9853144397503
2051-03-05 07:00:00,0.0,327.73416713035584
2051-03-05 08:00:00,0.0,329.02955909529794
2051-03-05 09:00:00,0.0,310.03047694281355
2051-03-05 10:00:00,0.0,265.98715013478153
2051-03-05 11:00:00,0.0,197.3313759928493
2051-03-05 12:00:00,0.0,106.65393844690102
2051-03-05 13:00:00,0.0,18.99908215248439
2051-03-05 14:00:00,0.0,0.0
2051-03-05 15:00:00,0.0,0.0
2051-03-05 16:00:00,0.0,0.0
2051-03-05 17:00:00,0.0,0.0
2051-03-05 18:00:00,0.0,0.0
2051-03-05 19:00:00,0.0,0.0
2051-03-05 20:00:00,0.0,0.0
2051-03-05 21:00:00,0.0,0.0
2051-03-05 22:00:00,0.0,0.0
2051-03-05 23:00:00,0.0,0.0
2051-03-06 00:00:00,0.0,0.0
2051-03-06 01:00:00,0.0,0.0
2051-03-06 02:00:00,0.0,4.317973216473726
2051-03-06 03:00:00,0.0,86.7912616511219
2051-03-06 04:00:00,0.0,181.78667241354387
2051-03-06 05:00:00,0.0,253.46502780700774
2051-03-06 06:00:00,0.0,304.84890908304504
2051-03-06 07:00:00,0.0,328.16596445200315
2051-03-06 08:00:00,0.0,329.4613564169453
2051-03-06 09:00:00,0.0,308.7350849778714
2051-03-06 10:00:00,0.0,265.1235554914868
2051-03-06 11:00:00,0.0,197.76317331449664
2051-03-06 12:00:00,0.0,108.81292505513788
2051-03-06 13:00:00,0.0,20.294474117426514
2051-03-06 14:00:00,0.0,0.0
2051-03-06 15:00:00,0.0,0.0
2051-03-06 16:00:00,0.0,0.0
2051-03-06 17:00:00,0.0,0.0
2051-03-06 18:00:00,0.0,0.0
2051-03-06 19:00:00,0.0,0.0
2051-03-06 20:00:00,0.0,0.0
2051-03-06 21:00:00,0.0,0.0
2051-03-06 22:00:00,0.0,0.0
2051-03-06 23:00:00,0.0,0.0
2051-03-07 00:00:00,0.0,0.0
2051-03-07 01:00:00,0.0,0.0
2051-03-07 02:00:00,0.0,3.454378573178981
2051-03-07 03:00:00,0.0,74.26913932334809
2051-03-07 04:00:00,0.0,164.94657686929634
2051-03-07 05:00:00,0.0,237.05672958440755
2051-03-07 06:00:00,0.0,282.8272456790291
2051-03-07 07:00:00,0.0,294.0539760418608
2051-03-07 08:00:00,0.0,287.14521889550275
2051-03-07 09:00:00,0.0,260.8055822750131
2051-03-07 10:00:00,0.0,198.6267679577914
2051-03-07 11:00:00,0.0,114.42629023655374
2051-03-07 12:00:00,0.0,45.338718772974126
2051-03-07 13:00:00,0.0,6.908757146357962
2051-03-07 14:00:00,0.0,0.0
2051-03-07 15:00:00,0.0,0.0
2051-03-07 16:00:00,0.0,0.0
2051-03-07 17:00:00,0.0,0.0
2051-03-07 18:00:00,0.0,0.0
2051-03-07 19:00:00,0.0,0.0
2051-03-07 20:00:00,0.0,0.0
2051-03-07 21:00:00,0.0,0.0
2051-03-07 22:00:00,0.0,0.0
2051-03-07 23:00:00,0.0,0.0
2051-03-08 00:00:00,0.0,0.0
2051-03-08 01:00:00,0.0,0.0
2051-03-08 02:00:00,0.0,3.886175894826353
2051-03-08 03:00:00,0.0,75.99632860993756
2051-03-08 04:00:00,0.0,161.06040097446996
2051-03-08 05:00:00,0.0,213.30787689380205
2051-03-08 06:00:00,0.0,232.30695904628647
2051-03-08 07:00:00,0.0,254.76041977194984
2051-03-08 08:00:00,0.0,250.0106492338287
2051-03-08 09:00:00,0.0,215.46686350203893
2051-03-08 10:00:00,0.0,181.3548750918965
2051-03-08 11:00:00,0.0,131.26638578080127
2051-03-08 12:00:00,0.0,60.883422352279524
2051-03-08 13:00:00,0.0,9.499541076242195
2051-03-08 14:00:00,0.0,0.0
2051-03-08 15:00:00,0.0,0.0
2051-03-08 16:00:00,0.0,0.0
2051-03-08 17:00:00,0.0,0.0
2051-03-08 18:00:00,0.0,0.0
2051-03-08 19:00:00,0.0,0.0
2051-03-08 20:00:00,0.0,0.0
2051-03-08 21:00:00,0.0,0.0
2051-03-08 22:00:00,0.0,0.0
2051-03-08 23:00:00,0.0,0.0
2051-03-09 00:00:00,0.0,0.0
2051-03-09 01:00:00,0.0,0.0
2051-03-09 02:00:00,0.0,3.0225812515316086
2051-03-09 03:00:00,0.0,56.99724645745318
2051-03-09 04:00:00,0.0,120.47145273961696
2051-03-09 05:00:00,0.0,188.69542955990184
2051-03-09 06:00:00,0.0,249.147054590534
2051-03-09 07:00:00,0.0,265.1235554914868
2051-03-09 08:00:00,0.0,243.96548673076552
2051-03-09 09:00:00,0.0,220.6484313618074
2051-03-09 10:00:00,0.0,177.03690187542276
2051-03-09 11:00:00,0.0,124.78942595609067
2051-03-09 12:00:00,0.0,66.92858485534275
2051-03-09 13:00:00,0.0,12.953919649421177
2051-03-09 14:00:00,0.0,0.0
2051-03-09 15:00:00,0.0,0.0
2051-03-09 16:00:00,0.0,0.0
2051-03-09 17:00:00,0.0,0.0
2051-03-09 18:00:00,0.0,0.0
2051-03-09 19:00:00,0.0,0.0
2051-03-09 20:00:00,0.0,0.0
2051-03-09 21:00:00,0.0,0.0
2051-03-09 22:00:00,0.0,0.0
2051-03-09 23:00:00,0.0,0.0
2051-03-10 00:00:00,0.0,0.0
2051-03-10 01:00:00,0.0,0.0
2051-03-10 02:00:00,0.0,6.045162503063217
2051-03-10 03:00:00,0.0,92.40462683253773
2051-03-10 04:00:00,0.0,188.26363223825444
2051-03-10 05:00:00,0.0,262.1009742399552
2051-03-10 06:00:00,0.0,310.8940715861083
2051-03-10 07:00:00,0.0,334.64292427671376
2051-03-10 08:00:00,0.0,336.3701135633033
2051-03-10 09:00:00,0.0,317.37103141081883
2051-03-10 10:00:00,0.0,275.0548938893764
2051-03-10 11:00:00,0.0,208.98990367732836
2051-03-10 12:00:00,0.0,119.6078580963222
2051-03-10 13:00:00,0.0,25.907839298842354
2051-03-10 14:00:00,0.0,0.0
2051-03-10 15:00:00,0.0,0.0
2051-03-10 16:00:00,0.0,0.0
2051-03-10 17:00:00,0.0,0.0
2051-03-10 18:00:00,0.0,0.0
2051-03-10 19:00:00,0.0,0.0
2051-03-10 20:00:00,0.0,0.0
2051-03-10 21:00:00,0.0,0.0
2051-03-10 22:00:00,0.0,0.0
2051-03-10 23:00:00,0.0,0.0
2051-03-11 00:00:00,0.0,0.0
2051-03-11 01:00:00,0.0,0.0
2051-03-11 02:00:00,0.0,7.772351789652706
2051-03-11 03:00:00,0.0,105.35854648195891
2051-03-11 04:00:00,0.0,203.37653849591248
2051-03-11 05:00:00,0.0,275.4866912110237
2051-03-11 06:00:00,0.0,325.57518052211896
2051-03-11 07:00:00,0.0,349.32403321272443
2051-03-11 08:00:00,0.0,350.6194251776665
2051-03-11 09:00:00,0.0,331.62034302518214
2051-03-11 10:00:00,0.0,289.73600282538706
2051-03-11 11:00:00,0.0,221.08022868345478
2051-03-11 12:00:00,0.0,122.63043934785381
2051-03-11 13:00:00,0.0,23.748852690605492
2051-03-11 14:00:00,0.0,0.0
2051-03-11 15:00:00,0.0,0.0
2051-03-11 16:00:00,0.0,0.0
2051-03-11 17:00:00,0.0,0.0
2051-03-11 18:00:00,0.0,0.0
2051-03-11 19:00:00,0.0,0.0
2051-03-11 20:00:00,0.0,0.0
2051-03-11 21:00:00,0.0,0.0
2051-03-11 22:00:00,0.0,0.0
2051-03-11 23:00:00,0.0,0.0
2051-03-12 00:00:00,0.0,0.0
2051-03-12 01:00:00,0.0,0.0
2051-03-12 02:00:00,0.0,2.5907839298842354
2051-03-12 03:00:00,0.0,42.31613752144252
2051-03-12 04:00:00,0.0,95.42720808406935
2051-03-12 05:00:00,0.0,140.33412953539607
2051-03-12 06:00:00,0.0,170.12814472906481
2051-03-12 07:00:00,0.0,173.1507259805964
2051-03-12 08:00:00,0.0,180.9230777702491
2051-03-12 09:00:00,0.0,172.28713133730167
2051-03-12 10:00:00,0.0,144.65210275186982
2051-03-12 11:00:00,0.0,109.24472237678526
2051-03-12 12:00:00,0.0,66.92858485534275
2051-03-12 13:00:00,0.0,18.56728483083702
2051-03-12 14:00:00,0.0,0.0
2051-03-12 15:00:00,0.0,0.0
2051-03-12 16:00:00,0.0,0.0
2051-03-12 17:00:00,0.0,0.0
2051-03-12 18:00:00,0.0,0.0
2051-03-12 19:00:00,0.0,0.0
2051-03-12 20:00:00,0.0,0.0
2051-03-12 21:00:00,0.0,0.0
2051-03-12 22:00:00,0.0,0.0
2051-03-12 23:00:00,0.0,0.0
2051-03-13 00:00:00,0.0,0.0
2051-03-13 01:00:00,0.0,0.0
2051-03-13 02:00:00,0.0,8.20414911130008
2051-03-13 03:00:00,0.0,105.79034380360629
2051-03-13 04:00:00,0.0,206.83091706909147
2051-03-13 05:00:00,0.0,280.23646174914484
2051-03-13 06:00:00,0.0,326.87057248706105
2051-03-13 07:00:00,0.0,350.6194251776665
2051-03-13 08:00:00,0.0,352.346614464256
2051-03-13 09:00:00,0.0,333.34753231177166
2051-03-13 10:00:00,0.0,291.4631921119765
2051-03-13 11:00:00,0.0,225.3982018999285
2051-03-13 12:00:00,0.0,134.72076435398023
2051-03-13 13:00:00,0.0,33.68019108849506
2051-03-13 14:00:00,0.0,0.0
2051-03-13 15:00:00,0.0,0.0
2051-03-13 16:00:00,0.0,0.0
2051-03-13 17:00:00,0.0,0.0
2051-03-13 18:00:00,0.0,0.0
2051-03-13 19:00:00,0.0,0.0
2051-03-13 20:00:00,0.0,0.0
2051-03-13 21:00:00,0.0,0.0
2051-03-13 22:00:00,0.0,0.0
2051-03-13 23:00:00,0.0,0.0
2051-03-14 00:00:00,0.0,0.0
2051-03-14 01:00:00,0.0,0.0
2051-03-14 02:00:00,0.0,9.499541076242195
2051-03-14 03:00:00,0.0,107.94933041184315
2051-03-14 04:00:00,0.0,204.6719304608546
2051-03-14 05:00:00,0.0,275.4866912110237
2051-03-14 06:00:00,0.0,321.6890046272926
2051-03-14 07:00:00,0.0,345.00605999625077
2051-03-14 08:00:00,0.0,346.7332492828403
2051-03-14 09:00:00,0.0,328.16596445200315
2051-03-14 10:00:00,0.0,287.57701621715023
2051-03-14 11:00:00,0.0,222.80741797004427
2051-03-14 12:00:00,0.0,134.72076435398023
2051-03-14 13:00:00,0.0,34.975583053437184
2051-03-14 14:00:00,0.0,0.0
2051-03-14 15:00:00,0.0,0.0
2051-03-14 16:00:00,0.0,0.0
2051-03-14 17:00:00,0.0,0.0
2051-03-14 18:00:00,0.0,0.0
2051-03-14 19:00:00,0.0,0.0
2051-03-14 20:00:00,0.0,0.0
2051-03-14 21:00:00,0.0,0.0
2051-03-14 22:00:00,0.0,0.0
2051-03-14 23:00:00,0.0,0.0
2051-03-15 00:00:00,0.0,0.0
2051-03-15 01:00:00,0.0,0.0
2051-03-15 02:00:00,0.0,10.363135719536942
2051-03-15 03:00:00,0.0,108.38112773349053
2051-03-15 04:00:00,0.0,202.94474117426512
2051-03-15 05:00:00,0.0,274.1912992460816
2051-03-15 06:00:00,0.0,320.8254099839979
2051-03-15 07:00:00,0.0,343.7106680313086
2051-03-15 08:00:00,0.0,345.4378573178981
2051-03-15 09:00:00,0.0,325.57518052211896
2051-03-15 10:00:00,0.0,283.25904300067646
2051-03-15 11:00:00,0.0,217.62585011027576
2051-03-15 12:00:00,0.0,128.67560185091705
2051-03-15 13:00:00,0.0,31.521204480258202
2051-03-15 14:00:00,0.0,0.0
2051-03-15 15:00:00,0.0,0.0
2051-03-15 16:00:00,0.0,0.0
2051-03-15 17:00:00,0.0,0.0
2051-03-15 18:00:00,0.0,0.0
2051-03-15 19:00:00,0.0,0.0
2051-03-15 20:00:00,0.0,0.0
2051-03-15 21:00:00,0.0,0.0
2051-03-15 22:00:00,0.0,0.0
2051-03-15 23:00:00,0.0,0.0
2051-03-16 00:00:00,0.0,0.0
2051-03-16 01:00:00,0.0,0.0
2051-03-16 02:00:00,0.0,8.20414911130008
2051-03-16 03:00:00,0.0,93.26822147583248
2051-03-16 04:00:00,0.0,186.10464563001761
2051-03-16 05:00:00,0.0,265.55535281313416
2051-03-16 06:00:00,0.0,310.8940715861083
2051-03-16 07:00:00,0.0,334.64292427671376
2051-03-16 08:00:00,0.0,336.80191088495064
2051-03-16 09:00:00,0.0,315.6438421242293
2051-03-16 10:00:00,0.0,274.1912992460816
2051-03-16 11:00:00,0.0,208.98990367732836
2051-03-16 12:00:00,0.0,121.76684470455905
2051-03-16 13:00:00,0.0,28.49862322872659
2051-03-16 14:00:00,0.0,0.0
2051-03-16 15:00:00,0.0,0.0
2051-03-16 16:00:00,0.0,0.0
2051-03-16 17:00:00,0.0,0.0
2051-03-16 18:00:00,0.0,0.0
2051-03-16 19:00:00,0.0,0.0
2051-03-16 20:00:00,0.0,0.0
2051-03-16 21:00:00,0.0,0.0
2051-03-16 22:00:00,0.0,0.0
2051-03-16 23:00:00,0.0,0.0
2051-03-17 00:00:00,0.0,0.0
2051-03-17 01:00:00,0.0,0.0
2051-03-17 02:00:00,0.0,8.20414911130008
2051-03-17 03:00:00,0.0,93.26822147583248
2051-03-17 04:00:00,0.0,190.4226188464913
2051-03-17 05:00:00,0.0,263.8281635265447
2051-03-17 06:00:00,0.0,306.1443010479872
2051-03-17 07:00:00,0.0,330.32495106024004
2051-03-17 08:00:00,0.0,332.9157349901243
2051-03-17 09:00:00,0.0,313.4848555159925
2051-03-17 10:00:00,0.0,272.46410995949213
2051-03-17 11:00:00,0.0,208.1263090340336
2051-03-17 12:00:00,0.0,121.76684470455905
2051-03-17 13:00:00,0.0,29.362217872021336
2051-03-17 14:00:00,0.0,0.0
2051-03-17 15:00:00,0.0,0.0
2051-03-17 16:00:00,0.0,0.0
2051-03-17 17:00:00,0.0,0.0
2051-03-17 18:00:00,0.0,0.0
2051-03-17 19:00:00,0.0,0.0
2051-03-17 20:00:00,0.0,0.0
2051-03-17 21:00:00,0.0,0.0
2051-03-17 22:00:00,0.0,0.0
2051-03-17 23:00:00,0.0,0.0
2051-03-18 00:00:00,0.0,0.0
2051-03-18 01:00:00,0.0,0.0
2051-03-18 02:00:00,0.0,7.772351789652706
2051-03-18 03:00:00,0.0,81.60969379135341
2051-03-18 04:00:00,0.0,177.46869919707012
2051-03-18 05:00:00,0.0,248.28345994723924
2051-03-18 06:00:00,0.0,300.96273318821864
2051-03-18 07:00:00,0.0,327.73416713035584
2051-03-18 08:00:00,0.0,329.02955909529794
2051-03-18 09:00:00,0.0,307.8714903345766
2051-03-18 10:00:00,0.0,265.1235554914868
2051-03-18 11:00:00,0.0,196.8995786712019
2051-03-18 12:00:00,0.0,107.51753309019577
2051-03-18 13:00:00,0.0,22.021663404016
2051-03-18 14:00:00,0.0,0.0
2051-03-18 15:00:00,0.0,0.0
2051-03-18 16:00:00,0.0,0.0
2051-03-18 17:00:00,0.0,0.0
2051-03-18 18:00:00,0.0,0.0
2051-03-18 19:00:00,0.0,0.0
2051-03-18 20:00:00,0.0,0.0
2051-03-18 21:00:00,0.0,0.0
2051-03-18 22:00:00,0.0,0.0
2051-03-18 23:00:00,0.0,0.0
2051-03-19 00:00:00,0.0,0.0
2051-03-19 01:00:00,0.0,0.0
2051-03-19 02:00:00,0.0,7.772351789652706
2051-03-19 03:00:00,0.0,92.83642415418511
2051-03-19 04:00:00,0.0,191.28621348978604
2051-03-19 05:00:00,0.0,265.55535281313416
2051-03-19 06:00:00,0.0,313.9166528376399
2051-03-19 07:00:00,0.0,334.64292427671376
2051-03-19 08:00:00,0.0,334.64292427671376
2051-03-19 09:00:00,0.0,307.4396930129293
2051-03-19 10:00:00,0.0,263.8281635265447
2051-03-19 11:00:00,0.0,197.3313759928493
2051-03-19 12:00:00,0.0,111.40370898502213
2051-03-19 13:00:00,0.0,25.044244655547615
2051-03-19 14:00:00,0.0,0.0
2051-03-19 15:00:00,0.0,0.0
2051-03-19 16:00:00,0.0,0.0
2051-03-19 17:00:00,0.0,0.0
2051-03-19 18:00:00,0.0,0.0
2051-03-19 19:00:00,0.0,0.0
2051-03-19 20:00:00,0.0,0.0
2051-03-19 21:00:00,0.0,0.0
2051-03-19 22:00:00,0.0,0.0
2051-03-19 23:00:00,0.0,0.0
2051-03-20 00:00:00,0.0,0.0
2051-03-20 01:00:00,0.0,0.0
2051-03-20 02:00:00,0.0,7.772351789652706
2051-03-20 03:00:00,0.0,88.51845093771138
2051-03-20 04:00:00,0.0,182.2184697351912
2051-03-20 05:00:00,0.0,255.19221709359724
2051-03-20 06:00:00,0.0,309.5986796211661
2051-03-20 07:00:00,0.0,331.62034302518214
2051-03-20 08:00:00,0.0,332.4839376684769
2051-03-20 09:00:00,0.0,313.9166528376399
2051-03-20 10:00:00,0.0,271.16871799455
2051-03-20 11:00:00,0.0,205.103727782502
2051-03-20 12:00:00,0.0,117.88066880973273
2051-03-20 13:00:00,0.0,28.06682590707922
2051-03-20 14:00:00,0.0,0.0
2051-03-20 15:00:00,0.0,0.0
2051-03-20 16:00:00,0.0,0.0
2051-03-20 17:00:00,0.0,0.0
2051-03-20 18:00:00,0.0,0.0
2051-03-20 19:00:00,0.0,0.0
2051-03-20 20:00:00,0.0,0.0
2051-03-20 21:00:00,0.0,0.0
2051-03-20 22:00:00,0.0,0.0
2051-03-20 23:00:00,0.0,0.0
2051-03-21 00:00:00,0.0,0.0
2051-03-21 01:00:00,0.0,0.0
2051-03-21 02:00:00,0.0,9.499541076242195
2051-03-21 03:00:00,0.0,94.99541076242197
2051-03-21 04:00:00,0.0,187.40003759495968
2051-03-21 05:00:00,0.0,257.3512037018341
2051-03-21 06:00:00,0.0,303.1217197964555
2051-03-21 07:00:00,0.0,326.43877516541363
2051-03-21 08:00:00,0.0,328.16596445200315
2051-03-21 09:00:00,0.0,304.4171117613977
2051-03-21 10:00:00,0.0,262.53277156160254
2051-03-21 11:00:00,0.0,198.194970636144
2051-03-21 12:00:00,0.0,113.562695593259
2051-03-21 13:00:00,0.0,27.635028585431847
2051-03-21 14:00:00,0.0,0.0
2051-03-21 15:00:00,0.0,0.0
2051-03-21 16:00:00,0.0,0.0
2051-03-21 17:00:00,0.0,0.0
2051-03-21 18:00:00,0.0,0.0
2051-03-21 19:00:00,0.0,0.0
2051-03-21 20:00:00,0.0,0.0
2051-03-21 21:00:00,0.0,0.0
2051-03-21 22:00:00,0.0,0.0
2051-03-21 23:00:00,0.0,0.0
2051-03-22 00:00:00,0.0,0.0
2051-03-22 01:00:00,0.0,0.0
2051-03-22 02:00:00,0.0,9.067743754594824
2051-03-22 03:00:00,0.0,88.51845093771138
2051-03-22 04:00:00,0.0,178.76409116201225
2051-03-22 05:00:00,0.0,249.147054590534
2051-03-22 06:00:00,0.0,291.8949894336239
2051-03-22 07:00:00,0.0,316.07563944587673
2051-03-22 08:00:00,0.0,320.8254099839979
2051-03-22 09:00:00,0.0,301.8263278315135
2051-03-22 10:00:00,0.0,260.3737849533657
2051-03-22 11:00:00,0.0,196.03598402790715
2051-03-22 12:00:00,0.0,111.8355063066695
2051-03-22 13:00:00,0.0,26.7714339421371
2051-03-22 14:00:00,0.0,0.0
2051-03-22 15:00:00,0.0,0.0
2051-03-22 16:00:00,0.0,0.0
2051-03-22 17:00:00,0.0,0.0
2051-03-22 18:00:00,0.0,0.0
2051-03-22 19:00:00,0.0,0.0
2051-03-22 20:00:00,0.0,0.0
2051-03-22 21:00:00,0.0,0.0
2051-03-22 22:00:00,0.0,0.0
2051-03-22 23:00:00,0.0,0.0
2051-03-23 00:00:00,0.0,0.0
2051-03-23 01:00:00,0.0,0.0
2051-03-23 02:00:00,0.0,8.635946432947453
2051-03-23 03:00:00,0.0,85.06407236453241
2051-03-23 04:00:00,0.0,180.05948312695435
2051-03-23 05:00:00,0.0,252.16963584206562
2051-03-23 06:00:00,0.0,299.23554390162917
2051-03-23 07:00:00,0.0,319.5300180190557
2051-03-23 08:00:00,0.0,313.05305819434517
2051-03-23 09:00:00,0.0,303.1217197964555
2051-03-23 10:00:00,0.0,270.30512335125525
2051-03-23 11:00:00,0.0,207.69451171238623
2051-03-23 12:00:00,0.0,123.49403399114857
2051-03-23 13:00:00,0.0,32.81659644520032
2051-03-23 14:00:00,0.0,0.0
2051-03-23 15:00:00,0.0,0.0
2051-03-23 16:00:00,0.0,0.0
2051-03-23 17:00:00,0.0,0.0
2051-03-23 18:00:00,0.0,0.0
2051-03-23 19:00:00,0.0,0.0
2051-03-23 20:00:00,0.0,0.0
2051-03-23 21:00:00,0.0,0.0
2051-03-23 22:00:00,0.0,0.0
2051-03-23 23:00:00,0.0,0.0
2051-03-24 00:00:00,0.0,0.0
2051-03-24 01:00:00,0.0,0.0
2051-03-24 02:00:00,0.0,11.65852768447906
2051-03-24 03:00:00,0.0,100.17697862219045
2051-03-24 04:00:00,0.0,195.17238938461242
2051-03-24 05:00:00,0.0,265.1235554914868
2051-03-24 06:00:00,0.0,310.4622742644609
2051-03-24 07:00:00,0.0,333.779329633419
2051-03-24 08:00:00,0.0,335.93831624165585
2051-03-24 09:00:00,0.0,316.5074367675241
2051-03-24 10:00:00,0.0,275.91848853267106
2051-03-24 11:00:00,0.0,212.01248492885995
2051-03-24 12:00:00,0.0,117.017074166438
2051-03-24 13:00:00,0.0,31.089407158610825
2051-03-24 14:00:00,0.0,0.0
2051-03-24 15:00:00,0.0,0.0
2051-03-24 16:00:00,0.0,0.0
2051-03-24 17:00:00,0.0,0.0
2051-03-24 18:00:00,0.0,0.0
2051-03-24 19:00:00,0.0,0.0
2051-03-24 20:00:00,0.0,0.0
2051-03-24 21:00:00,0.0,0.0
2051-03-24 22:00:00,0.0,0.0
2051-03-24 23:00:00,0.0,0.0
2051-03-25 00:00:00,0.0,0.0
2051-03-25 01:00:00,0.0,0.0
2051-03-25 02:00:00,0.0,11.226730362831688
2051-03-25 03:00:00,0.0,95.42720808406935
2051-03-25 04:00:00,0.0,194.30879474131766
2051-03-25 05:00:00,0.0,265.1235554914868
2051-03-25 06:00:00,0.0,313.05305819434517
2051-03-25 07:00:00,0.0,336.3701135633033
2051-03-25 08:00:00,0.0,338.9608974931875
2051-03-25 09:00:00,0.0,318.2346260541136
2051-03-25 10:00:00,0.0,278.5092724625553
2051-03-25 11:00:00,0.0,215.8986608236863
2051-03-25 12:00:00,0.0,131.26638578080127
2051-03-25 13:00:00,0.0,37.99816430496879
2051-03-25 14:00:00,0.0,0.0
2051-03-25 15:00:00,0.0,0.0
2051-03-25 16:00:00,0.0,0.0
2051-03-25 17:00:00,0.0,0.0
2051-03-25 18:00:00,0.0,0.0
2051-03-25 19:00:00,0.0,0.0
2051-03-25 20:00:00,0.0,0.0
2051-03-25 21:00:00,0.0,0.0
2051-03-25 22:00:00,0.0,0.0
2051-03-25 23:00:00,0.0,0.0
2051-03-26 00:00:00,0.0,0.0
2051-03-26 01:00:00,0.0,0.0
2051-03-26 02:00:00,0.0,13.38571697106855
2051-03-26 03:00:00,0.0,105.79034380360629
2051-03-26 04:00:00,0.0,199.05856527943877
2051-03-26 05:00:00,0.0,268.5779340646658
2051-03-26 06:00:00,0.0,313.4848555159925
2051-03-26 07:00:00,0.0,336.3701135633033
2051-03-26 08:00:00,0.0,338.0973028498927
2051-03-26 09:00:00,0.0,316.07563944587673
2051-03-26 10:00:00,0.0,276.3502858543185
2051-03-26 11:00:00,0.0,213.30787689380205
2051-03-26 12:00:00,0.0,129.10739917256439
2051-03-26 13:00:00,0.0,36.70277234002667
2051-03-26 14:00:00,0.0,0.0
2051-03-26 15:00:00,0.0,0.0
2051-03-26 16:00:00,0.0,0.0
2051-03-26 17:00:00,0.0,0.0
2051-03-26 18:00:00,0.0,0.0
2051-03-26 19:00:00,0.0,0.0
2051-03-26 20:00:00,0.0,0.0
2051-03-26 21:00:00,0.0,0.0
2051-03-26 22:00:00,0.0,0.0
2051-03-26 23:00:00,0.0,0.0
2051-03-27 00:00:00,0.0,0.0
2051-03-27 01:00:00,0.0,0.0
2051-03-27 02:00:00,0.0,14.249311614363295
2051-03-27 03:00:00,0.0,106.65393844690102
2051-03-27 04:00:00,0.0,197.76317331449664
2051-03-27 05:00:00,0.0,266.4189474564289
2051-03-27 06:00:00,0.0,312.1894635510504
2051-03-27 07:00:00,0.0,333.34753231177166
2051-03-27 08:00:00,0.0,333.779329633419
2051-03-27 09:00:00,0.0,314.7802474809347
2051-03-27 10:00:00,0.0,275.4866912110237
2051-03-27 11:00:00,0.0,216.3304581453337
2051-03-27 12:00:00,0.0,134.72076435398023
2051-03-27 13:00:00,0.0,41.020745556500394
2051-03-27 14:00:00,0.0,0.0
2051-03-27 15:00:00,0.0,0.0
2051-03-27 16:00:00,0.0,0.0
2051-03-27 17:00:00,0.0,0.0
2051-03-27 18:00:00,0.0,0.0
2051-03-27 19:00:00,0.0,0.0
2051-03-27 20:00:00,0.0,0.0
2051-03-27 21:00:00,0.0,0.0
2051-03-27 22:00:00,0.0,0.0
2051-03-27 23:00:00,0.0,0.0
2051-03-28 00:00:00,0.0,0.0
2051-03-28 01:00:00,0.0,0.0
2051-03-28 02:00:00,0.0,15.112906257658043
2051-03-28 03:00:00,0.0,106.65393844690102
2051-03-28 04:00:00,0.0,196.8995786712019
2051-03-28 05:00:00,0.0,265.1235554914868
2051-03-28 06:00:00,0.0,308.3032876562241
2051-03-28 07:00:00,0.0,329.8931537385927
2051-03-28 08:00:00,0.0,331.18854570353477
2051-03-28 09:00:00,0.0,312.62126087269775
2051-03-28 10:00:00,0.0,272.89590728113944
2051-03-28 11:00:00,0.0,205.103727782502
2051-03-28 12:00:00,0.0,114.42629023655374
2051-03-28 13:00:00,0.0,29.362217872021336
2051-03-28 14:00:00,0.0,0.0
2051-03-28 15:00:00,0.0,0.0
2051-03-28 16:00:00,0.0,0.0
2051-03-28 17:00:00,0.0,0.0
2051-03-28 18:00:00,0.0,0.0
2051-03-28 19:00:00,0.0,0.0
2051-03-28 20:00:00,0.0,0.0
2051-03-28 21:00:00,0.0,0.0
2051-03-28 22:00:00,0.0,0.0
2051-03-28 23:00:00,0.0,0.0
2051-03-29 00:00:00,0.0,0.0
2051-03-29 01:00:00,0.0,0.0
2051-03-29 02:00:00,0.0,12.953919649421177
2051-03-29 03:00:00,0.0,98.44978933560095
2051-03-29 04:00:00,0.0,186.96824027331232
2051-03-29 05:00:00,0.0,255.19221709359724
2051-03-29 06:00:00,0.0,298.8037465799818
2051-03-29 07:00:00,0.0,320.39361266235045
2051-03-29 08:00:00,0.0,326.0069778437663
2051-03-29 09:00:00,0.0,308.7350849778714
2051-03-29 10:00:00,0.0,269.44152870796046
2051-03-29 11:00:00,0.0,207.26271439073884
2051-03-29 12:00:00,0.0,122.19864202620646
2051-03-29 13:00:00,0.0,34.975583053437184
2051-03-29 14:00:00,0.0,0.0
2051-03-29 15:00:00,0.0,0.0
2051-03-29 16:00:00,0.0,0.0
2051-03-29 17:00:00,0.0,0.0
2051-03-29 18:00:00,0.0,0.0
2051-03-29 19:00:00,0.0,0.0
2051-03-29 20:00:00,0.0,0.0
2051-03-29 21:00:00,0.0,0.0
2051-03-29 22:00:00,0.0,0.0
2051-03-29 23:00:00,0.0,0.0
2051-03-30 00:00:00,0.0,0.0
2051-03-30 01:00:00,0.0,0.0
2051-03-30 02:00:00,0.0,13.817514292715924
2051-03-30 03:00:00,0.0,101.04057326548518
2051-03-30 04:00:00,0.0,193.01340277637556
2051-03-30 05:00:00,0.0,261.66917691830776
2051-03-30 06:00:00,0.0,306.1443010479872
2051-03-30 07:00:00,0.0,329.02955909529794
2051-03-30 08:00:00,0.0,331.18854570353477
2051-03-30 09:00:00,0.0,312.1894635510504
2051-03-30 10:00:00,0.0,273.32770460278687
2051-03-30 11:00:00,0.0,212.01248492885995
2051-03-30 12:00:00,0.0,129.53919649421178
2051-03-30 13:00:00,0.0,38.861758948263535
2051-03-30 14:00:00,0.0,0.0
2051-03-30 15:00:00,0.0,0.0
2051-03-30 16:00:00,0.0,0.0
2051-03-30 17:00:00,0.0,0.0
2051-03-30 18:00:00,0.0,0.0
2051-03-30 19:00:00,0.0,0.0
2051-03-30 20:00:00,0.0,0.0
2051-03-30 21:00:00,0.0,0.0
2051-03-30 22:00:00,0.0,0.0
2051-03-30 23:00:00,0.0,0.0
2051-03-31 00:00:00,0.0,0.0
2051-03-31 01:00:00,0.0,0.0
2051-03-31 02:00:00,0.0,15.976500900952788
2051-03-31 03:00:00,0.0,108.81292505513788
2051-03-31 04:00:00,0.0,199.05856527943877
2051-03-31 05:00:00,0.0,267.2825420997236
2051-03-31 06:00:00,0.0,311.32586890775565
2051-03-31 07:00:00,0.0,332.9157349901243
2051-03-31 08:00:00,0.0,334.64292427671376
2051-03-31 09:00:00,0.0,316.5074367675241
2051-03-31 10:00:00,0.0,277.2138804976132
2051-03-31 11:00:00,0.0,215.46686350203893
2051-03-31 12:00:00,0.0,132.5617777457434
2051-03-31 13:00:00,0.0,40.58894823485303
2051-03-31 14:00:00,0.0,0.0
2051-03-31 15:00:00,0.0,0.0
2051-03-31 16:00:00,0.0,0.0
2051-03-31 17:00:00,0.0,0.0
2051-03-31 18:00:00,0.0,0.0
2051-03-31 19:00:00,0.0,0.0
2051-03-31 20:00:00,0.0,0.0
2051-03-31 21:00:00,0.0,0.0
2051-03-31 22:00:00,0.0,0.0
2051-03-31 23:00:00,0.0,0.0
2051-04-01 00:00:00,0.0,0.0
2051-04-01 01:00:00,0.0,0.0
2051-04-01 02:00:00,0.0,16.40829822260016
2051-04-01 03:00:00,0.0,107.51753309019577
2051-04-01 04:00:00,0.0,196.8995786712019
2051-04-01 05:00:00,0.0,264.6917581698394
2051-04-01 06:00:00,0.0,307.8714903345766
2051-04-01 07:00:00,0.0,329.02955909529794
2051-04-01 08:00:00,0.0,330.7567483818874
2051-04-01 09:00:00,0.0,312.62126087269775
2051-04-01 10:00:00,0.0,274.1912992460816
2051-04-01 11:00:00,0.0,213.30787689380205
2051-04-01 12:00:00,0.0,131.26638578080127
2051-04-01 13:00:00,0.0,40.157150913205655
2051-04-01 14:00:00,0.0,0.0
2051-04-01 15:00:00,0.0,0.0
2051-04-01 16:00:00,0.0,0.0
2051-04-01 17:00:00,0.0,0.0
2051-04-01 18:00:00,0.0,0.0
2051-04-01 19:00:00,0.0,0.0
2051-04-01 20:00:00,0.0,0.0
2051-04-01 21:00:00,0.0,0.0
2051-04-01 22:00:00,0.0,0.0
2051-04-01 23:00:00,0.0,0.0
2051-04-02 00:00:00,0.0,0.0
2051-04-02 01:00:00,0.0,0.0
2051-04-02 02:00:00,0.0,16.84009554424753
2051-04-02 03:00:00,0.0,108.81292505513788
2051-04-02 04:00:00,0.0,199.05856527943877
2051-04-02 05:00:00,0.0,266.4189474564289
2051-04-02 06:00:00,0.0,304.84890908304504
2051-04-02 07:00:00,0.0,304.4171117613977
2051-04-02 08:00:00,0.0,284.9862322872659
2051-04-02 09:00:00,0.0,268.14613674301836
2051-04-02 10:00:00,0.0,246.12447333900238
2051-04-02 11:00:00,0.0,205.96732242579674
2051-04-02 12:00:00,0.0,132.12998042409603
2051-04-02 13:00:00,0.0,41.020745556500394
2051-04-02 14:00:00,0.0,0.0
2051-04-02 15:00:00,0.0,0.0
2051-04-02 16:00:00,0.0,0.0
2051-04-02 17:00:00,0.0,0.0
2051-04-02 18:00:00,0.0,0.0
2051-04-02 19:00:00,0.0,0.0
2051-04-02 20:00:00,0.0,0.0
2051-04-02 21:00:00,0.0,0.0
2051-04-02 22:00:00,0.0,0.0
2051-04-02 23:00:00,0.0,0.0
2051-04-03 00:00:00,0.0,0.0
2051-04-03 01:00:00,0.0,0.0
2051-04-03 02:00:00,0.0,10.794933041184315
2051-04-03 03:00:00,0.0,87.22305897276928
2051-04-03 04:00:00,0.0,195.60418670625978
2051-04-03 05:00:00,0.0,264.25996084819207
2051-04-03 06:00:00,0.0,306.57609836963456
2051-04-03 07:00:00,0.0,328.16596445200315
2051-04-03 08:00:00,0.0,330.7567483818874
2051-04-03 09:00:00,0.0,313.05305819434517
2051-04-03 10:00:00,0.0,273.75950192443423
2051-04-03 11:00:00,0.0,208.55810635568096
2051-04-03 12:00:00,0.0,110.97191166337475
2051-04-03 13:00:00,0.0,31.089407158610825
2051-04-03 14:00:00,0.0,0.0
2051-04-03 15:00:00,0.0,0.0
2051-04-03 16:00:00,0.0,0.0
2051-04-03 17:00:00,0.0,0.0
2051-04-03 18:00:00,0.0,0.0
2051-04-03 19:00:00,0.0,0.0
2051-04-03 20:00:00,0.0,0.0
2051-04-03 21:00:00,0.0,0.0
2051-04-03 22:00:00,0.0,0.0
2051-04-03 23:00:00,0.0,0.0
2051-04-04 00:00:00,0.0,0.0
2051-04-04 01:00:00,0.0,0.0
2051-04-04 02:00:00,0.0,18.135487509189648
2051-04-04 03:00:00,0.0,111.40370898502213
2051-04-04 04:00:00,0.0,201.21755188767565
2051-04-04 05:00:00,0.0,267.714339421371
2051-04-04 06:00:00,0.0,309.16688229951876
2051-04-04 07:00:00,0.0,328.5977617736505
2051-04-04 08:00:00,0.0,327.3023698087084
2051-04-04 09:00:00,0.0,303.55351711810295
2051-04-04 10:00:00,0.0,257.3512037018341
2051-04-04 11:00:00,0.0,188.26363223825444
2051-04-04 12:00:00,0.0,108.81292505513788
2051-04-04 13:00:00,0.0,35.40738037508456
2051-04-04 14:00:00,0.0,0.0
2051-04-04 15:00:00,0.0,0.0
2051-04-04 16:00:00,0.0,0.0
2051-04-04 17:00:00,0.0,0.0
2051-04-04 18:00:00,0.0,0.0
2051-04-04 19:00:00,0.0,0.0
2051-04-04 20:00:00,0.0,0.0
2051-04-04 21:00:00,0.0,0.0
2051-04-04 22:00:00,0.0,0.0
2051-04-04 23:00:00,0.0,0.0
2051-04-05 00:00:00,0.0,0.0
2051-04-05 01:00:00,0.0,0.0
2051-04-05 02:00:00,0.0,9.499541076242195
2051-04-05 03:00:00,0.0,62.610611638869024
2051-04-05 04:00:00,0.0,135.15256167562762
2051-04-05 05:00:00,0.0,196.46778134955454
2051-04-05 06:00:00,0.0,269.44152870796046
2051-04-05 07:00:00,0.0,319.5300180190557
2051-04-05 08:00:00,0.0,328.16596445200315
2051-04-05 09:00:00,0.0,299.23554390162917
2051-04-05 10:00:00,0.0,256.4876090585393
2051-04-05 11:00:00,0.0,208.1263090340336
2051-04-05 12:00:00,0.0,131.26638578080127
2051-04-05 13:00:00,0.0,40.157150913205655
2051-04-05 14:00:00,0.0,0.0
2051-04-05 15:00:00,0.0,0.0
2051-04-05 16:00:00,0.0,0.0
2051-04-05 17:00:00,0.0,0.0
2051-04-05 18:00:00,0.0,0.0
2051-04-05 19:00:00,0.0,0.0
2051-04-05 20:00:00,0.0,0.0
2051-04-05 21:00:00,0.0,0.0
2051-04-05 22:00:00,0.0,0.0
2051-04-05 23:00:00,0.0,0.0
2051-04-06 00:00:00,0.0,0.0
2051-04-06 01:00:00,0.0,0.0
2051-04-06 02:00:00,0.0,7.340554468005334
2051-04-06 03:00:00,0.0,77.72351789652707
2051-04-06 04:00:00,0.0,171.4235366940069
2051-04-06 05:00:00,0.0,229.71617511640224
2051-04-06 06:00:00,0.0,264.25996084819207
2051-04-06 07:00:00,0.0,293.190381398566
2051-04-06 08:00:00,0.0,318.2346260541136
2051-04-06 09:00:00,0.0,310.03047694281355
2051-04-06 10:00:00,0.0,272.03231263784477
2051-04-06 11:00:00,0.0,208.98990367732836
2051-04-06 12:00:00,0.0,126.94841256432754
2051-04-06 13:00:00,0.0,39.72535359155828
2051-04-06 14:00:00,0.0,0.0
2051-04-06 15:00:00,0.0,0.0
2051-04-06 16:00:00,0.0,0.0
2051-04-06 17:00:00,0.0,0.0
2051-04-06 18:00:00,0.0,0.0
2051-04-06 19:00:00,0.0,0.0
2051-04-06 20:00:00,0.0,0.0
2051-04-06 21:00:00,0.0,0.0
2051-04-06 22:00:00,0.0,0.0
2051-04-06 23:00:00,0.0,0.0
2051-04-07 00:00:00,0.0,0.0
2051-04-07 01:00:00,0.0,0.0
2051-04-07 02:00:00,0.0,13.38571697106855
2051-04-07 03:00:00,0.0,85.06407236453241
2051-04-07 04:00:00,0.0,171.4235366940069
2051-04-07 05:00:00,0.0,243.96548673076552
2051-04-07 06:00:00,0.0,291.4631921119765
2051-04-07 07:00:00,0.0,315.6438421242293
2051-04-07 08:00:00,0.0,319.09822069740835
2051-04-07 09:00:00,0.0,298.8037465799818
2051-04-07 10:00:00,0.0,256.4876090585393
2051-04-07 11:00:00,0.0,189.55902420319657
2051-04-07 12:00:00,0.0,104.92674916031154
2051-04-07 13:00:00,0.0,27.20323126378447
2051-04-07 14:00:00,0.0,0.0
2051-04-07 15:00:00,0.0,0.0
2051-04-07 16:00:00,0.0,0.0
2051-04-07 17:00:00,0.0,0.0
2051-04-07 18:00:00,0.0,0.0
2051-04-07 19:00:00,0.0,0.0
2051-04-07 20:00:00,0.0,0.0
2051-04-07 21:00:00,0.0,0.0
2051-04-07 22:00:00,0.0,0.0
2051-04-07 23:00:00,0.0,0.0
2051-04-08 00:00:00,0.0,0.0
2051-04-08 01:00:00,0.0,0.0
2051-04-08 02:00:00,0.0,18.56728483083702
2051-04-08 03:00:00,0.0,105.35854648195891
2051-04-08 04:00:00,0.0,185.24105098672285
2051-04-08 05:00:00,0.0,243.53368940911815
2051-04-08 06:00:00,0.0,274.62309656772896
2051-04-08 07:00:00,0.0,292.32678675527126
2051-04-08 08:00:00,0.0,312.62126087269775
2051-04-08 09:00:00,0.0,307.0078956912819
2051-04-08 10:00:00,0.0,271.16871799455
2051-04-08 11:00:00,0.0,210.71709296391782
2051-04-08 12:00:00,0.0,129.53919649421178
2051-04-08 13:00:00,0.0,41.020745556500394
2051-04-08 14:00:00,0.0,0.0
2051-04-08 15:00:00,0.0,0.0
2051-04-08 16:00:00,0.0,0.0
2051-04-08 17:00:00,0.0,0.0
2051-04-08 18:00:00,0.0,0.0
2051-04-08 19:00:00,0.0,0.0
2051-04-08 20:00:00,0.0,0.0
2051-04-08 21:00:00,0.0,0.0
2051-04-08 22:00:00,0.0,0.0
2051-04-08 23:00:00,0.0,0.0
2051-04-09 00:00:00,0.0,0.0
2051-04-09 01:00:00,0.0,0.0
2051-04-09 02:00:00,0.0,15.976500900952788
2051-04-09 03:00:00,0.0,95.42720808406935
2051-04-09 04:00:00,0.0,190.8544161681387
2051-04-09 05:00:00,0.0,259.9419876317183
2051-04-09 06:00:00,0.0,302.68992247480816
2051-04-09 07:00:00,0.0,324.2797885571768
2051-04-09 08:00:00,0.0,326.0069778437663
2051-04-09 09:00:00,0.0,307.4396930129293
2051-04-09 10:00:00,0.0,269.0097313863131
2051-04-09 11:00:00,0.0,208.55810635568096
2051-04-09 12:00:00,0.0,127.8120072076223
2051-04-09 13:00:00,0.0,40.58894823485303
2051-04-09 14:00:00,0.0,0.0
2051-04-09 15:00:00,0.0,0.0
2051-04-09 16:00:00,0.0,0.0
2051-04-09 17:00:00,0.0,0.0
2051-04-09 18:00:00,0.0,0.0
2051-04-09 19:00:00,0.0,0.0
2051-04-09 20:00:00,0.0,0.0
2051-04-09 21:00:00,0.0,0.0
2051-04-09 22:00:00,0.0,0.0
2051-04-09 23:00:00,0.0,0.0
2051-04-10 00:00:00,0.0,0.0
2051-04-10 01:00:00,0.0,0.0
2051-04-10 02:00:00,0.0,19.86267679577914
2051-04-10 03:00:00,0.0,107.94933041184315
2051-04-10 04:00:00,0.0,195.60418670625978
2051-04-10 05:00:00,0.0,261.66917691830776
2051-04-10 06:00:00,0.0,303.1217197964555
2051-04-10 07:00:00,0.0,325.57518052211896
2051-04-10 08:00:00,0.0,328.16596445200315
2051-04-10 09:00:00,0.0,310.03047694281355
2051-04-10 10:00:00,0.0,271.6005153161974
2051-04-10 11:00:00,0.0,208.98990367732836
2051-04-10 12:00:00,0.0,129.97099381585915
2051-04-10 13:00:00,0.0,41.88434019979514
2051-04-10 14:00:00,0.0,0.0
2051-04-10 15:00:00,0.0,0.0
2051-04-10 16:00:00,0.0,0.0
2051-04-10 17:00:00,0.0,0.0
2051-04-10 18:00:00,0.0,0.0
2051-04-10 19:00:00,0.0,0.0
2051-04-10 20:00:00,0.0,0.0
2051-04-10 21:00:00,0.0,0.0
2051-04-10 22:00:00,0.0,0.0
2051-04-10 23:00:00,0.0,0.0
2051-04-11 00:00:00,0.0,0.0
2051-04-11 01:00:00,0.0,0.0
2051-04-11 02:00:00,0.0,20.294474117426514
2051-04-11 03:00:00,0.0,107.0857357685484
2051-04-11 04:00:00,0.0,193.8769974196703
2051-04-11 05:00:00,0.0,260.3737849533657
2051-04-11 06:00:00,0.0,302.68992247480816
2051-04-11 07:00:00,0.0,324.2797885571768
2051-04-11 08:00:00,0.0,326.0069778437663
2051-04-11 09:00:00,0.0,306.1443010479872
2051-04-11 10:00:00,0.0,266.85074477807626
2051-04-11 11:00:00,0.0,206.83091706909147
2051-04-11 12:00:00,0.0,126.94841256432754
2051-04-11 13:00:00,0.0,40.58894823485303
2051-04-11 14:00:00,0.0,0.0
2051-04-11 15:00:00,0.0,0.0
2051-04-11 16:00:00,0.0,0.0
2051-04-11 17:00:00,0.0,0.0
2051-04-11 18:00:00,0.0,0.0
2051-04-11 19:00:00,0.0,0.0
2051-04-11 20:00:00,0.0,0.0
2051-04-11 21:00:00,0.0,0.0
2051-04-11 22:00:00,0.0,0.0
2051-04-11 23:00:00,0.0,0.0
2051-04-12 00:00:00,0.0,0.0
2051-04-12 01:00:00,0.0,0.0
2051-04-12 02:00:00,0.0,18.99908215248439
2051-04-12 03:00:00,0.0,101.47237058713256
2051-04-12 04:00:00,0.0,186.10464563001761
2051-04-12 05:00:00,0.0,252.16963584206562
2051-04-12 06:00:00,0.0,297.50835461503976
2051-04-12 07:00:00,0.0,319.5300180190557
2051-04-12 08:00:00,0.0,319.9618153407031
2051-04-12 09:00:00,0.0,302.68992247480816
2051-04-12 10:00:00,0.0,262.53277156160254
2051-04-12 11:00:00,0.0,202.08114653097036
2051-04-12 12:00:00,0.0,116.15347952314323
2051-04-12 13:00:00,0.0,32.81659644520032
2051-04-12 14:00:00,0.0,0.0
2051-04-12 15:00:00,0.0,0.0
2051-04-12 16:00:00,0.0,0.0
2051-04-12 17:00:00,0.0,0.0
2051-04-12 18:00:00,0.0,0.0
2051-04-12 19:00:00,0.0,0.0
2051-04-12 20:00:00,0.0,0.0
2051-04-12 21:00:00,0.0,0.0
2051-04-12 22:00:00,0.0,0.0
2051-04-12 23:00:00,0.0,0.0
2051-04-13 00:00:00,0.0,0.0
2051-04-13 01:00:00,0.0,0.0
2051-04-13 02:00:00,0.0,15.112906257658043
2051-04-13 03:00:00,0.0,85.06407236453241
2051-04-13 04:00:00,0.0,170.55994205071218
2051-04-13 05:00:00,0.0,223.671012613339
2051-04-13 06:00:00,0.0,215.03506618039154
2051-04-13 07:00:00,0.0,250.87424387712346
2051-04-13 08:00:00,0.0,290.16780014703437
2051-04-13 09:00:00,0.0,277.6456778192605
2051-04-13 10:00:00,0.0,228.42078315146009
2051-04-13 11:00:00,0.0,169.69634740741745
2051-04-13 12:00:00,0.0,117.017074166438
2051-04-13 13:00:00,0.0,38.42996162661616
2051-04-13 14:00:00,0.0,0.0
2051-04-13 15:00:00,0.0,0.0
2051-04-13 16:00:00,0.0,0.0
2051-04-13 17:00:00,0.0,0.0
2051-04-13 18:00:00,0.0,0.0
2051-04-13 19:00:00,0.0,0.0
2051-04-13 20:00:00,0.0,0.0
2051-04-13 21:00:00,0.0,0.0
2051-04-13 22:00:00,0.0,0.0
2051-04-13 23:00:00,0.0,0.0
2051-04-14 00:00:00,0.0,0.0
2051-04-14 01:00:00,0.0,0.0
2051-04-14 02:00:00,0.0,4.749770538121099
2051-04-14 03:00:00,0.0,50.95208395438997
2051-04-14 04:00:00,0.0,133.42537238903813
2051-04-14 05:00:00,0.0,192.1498081330808
2051-04-14 06:00:00,0.0,229.71617511640224
2051-04-14 07:00:00,0.0,257.3512037018341
2051-04-14 08:00:00,0.0,265.1235554914868
2051-04-14 09:00:00,0.0,230.57976975969694
2051-04-14 10:00:00,0.0,210.28529564227046
2051-04-14 11:00:00,0.0,164.94657686929634
2051-04-14 12:00:00,0.0,85.92766700782715
2051-04-14 13:00:00,0.0,19.430879474131768
2051-04-14 14:00:00,0.0,0.0
2051-04-14 15:00:00,0.0,0.0
2051-04-14 16:00:00,0.0,0.0
2051-04-14 17:00:00,0.0,0.0
2051-04-14 18:00:00,0.0,0.0
2051-04-14 19:00:00,0.0,0.0
2051-04-14 20:00:00,0.0,0.0
2051-04-14 21:00:00,0.0,0.0
2051-04-14 22:00:00,0.0,0.0
2051-04-14 23:00:00,0.0,0.0
2051-04-15 00:00:00,0.0,0.0
2051-04-15 01:00:00,0.0,0.0
2051-04-15 02:00:00,0.0,18.135487509189648
2051-04-15 03:00:00,0.0,99.74518130054308
2051-04-15 04:00:00,0.0,187.40003759495968
2051-04-15 05:00:00,0.0,255.19221709359724
2051-04-15 06:00:00,0.0,300.96273318821864
2051-04-15 07:00:00,0.0,324.7115858788242
2051-04-15 08:00:00,0.0,328.5977617736505
2051-04-15 09:00:00,0.0,314.7802474809347
2051-04-15 10:00:00,0.0,276.3502858543185
2051-04-15 11:00:00,0.0,215.03506618039154
2051-04-15 12:00:00,0.0,133.42537238903813
2051-04-15 13:00:00,0.0,44.043326808032
2051-04-15 14:00:00,0.0,0.0
2051-04-15 15:00:00,0.0,0.0
2051-04-15 16:00:00,0.0,0.0
2051-04-15 17:00:00,0.0,0.0
2051-04-15 18:00:00,0.0,0.0
2051-04-15 19:00:00,0.0,0.0
2051-04-15 20:00:00,0.0,0.0
2051-04-15 21:00:00,0.0,0.0
2051-04-15 22:00:00,0.0,0.0
2051-04-15 23:00:00,0.0,0.0
2051-04-16 00:00:00,0.0,0.0
2051-04-16 01:00:00,0.0,0.0
2051-04-16 02:00:00,0.0,22.021663404016
2051-04-16 03:00:00,0.0,110.97191166337475
2051-04-16 04:00:00,0.0,199.9221599227335
2051-04-16 05:00:00,0.0,265.55535281313416
2051-04-16 06:00:00,0.0,308.3032876562241
2051-04-16 07:00:00,0.0,330.7567483818874
2051-04-16 08:00:00,0.0,332.4839376684769
2051-04-16 09:00:00,0.0,314.3484501592872
2051-04-16 10:00:00,0.0,275.4866912110237
2051-04-16 11:00:00,0.0,214.6032688587442
2051-04-16 12:00:00,0.0,133.8571697106855
2051-04-16 13:00:00,0.0,44.90692145132675
2051-04-16 14:00:00,0.0,0.0
2051-04-16 15:00:00,0.0,0.0
2051-04-16 16:00:00,0.0,0.0
2051-04-16 17:00:00,0.0,0.0
2051-04-16 18:00:00,0.0,0.0
2051-04-16 19:00:00,0.0,0.0
2051-04-16 20:00:00,0.0,0.0
2051-04-16 21:00:00,0.0,0.0
2051-04-16 22:00:00,0.0,0.0
2051-04-16 23:00:00,0.0,0.0
2051-04-17 00:00:00,0.0,0.0
2051-04-17 01:00:00,0.0,0.0
2051-04-17 02:00:00,0.0,22.453460725663376
2051-04-17 03:00:00,0.0,112.69910094996425
2051-04-17 04:00:00,0.0,202.08114653097036
2051-04-17 05:00:00,0.0,267.714339421371
2051-04-17 06:00:00,0.0,310.03047694281355
2051-04-17 07:00:00,0.0,331.62034302518214
2051-04-17 08:00:00,0.0,333.34753231177166
2051-04-17 09:00:00,0.0,316.07563944587673
2051-04-17 10:00:00,0.0,277.2138804976132
2051-04-17 11:00:00,0.0,216.76225546698106
2051-04-17 12:00:00,0.0,135.584358997275
2051-04-17 13:00:00,0.0,45.77051609462149
2051-04-17 14:00:00,0.0,0.0
2051-04-17 15:00:00,0.0,0.0
2051-04-17 16:00:00,0.0,0.0
2051-04-17 17:00:00,0.0,0.0
2051-04-17 18:00:00,0.0,0.0
2051-04-17 19:00:00,0.0,0.0
2051-04-17 20:00:00,0.0,0.0
2051-04-17 21:00:00,0.0,0.0
2051-04-17 22:00:00,0.0,0.0
2051-04-17 23:00:00,0.0,0.0
2051-04-18 00:00:00,0.0,0.0
2051-04-18 01:00:00,0.0,0.0
2051-04-18 02:00:00,0.0,23.31705536895812
2051-04-18 03:00:00,0.0,113.13089827161161
2051-04-18 04:00:00,0.0,200.3539572443809
2051-04-18 05:00:00,0.0,266.4189474564289
2051-04-18 06:00:00,0.0,309.16688229951876
2051-04-18 07:00:00,0.0,330.7567483818874
2051-04-18 08:00:00,0.0,332.05214034682956
2051-04-18 09:00:00,0.0,313.9166528376399
2051-04-18 10:00:00,0.0,275.4866912110237
2051-04-18 11:00:00,0.0,215.46686350203893
2051-04-18 12:00:00,0.0,135.15256167562762
2051-04-18 13:00:00,0.0,46.202313416268865
2051-04-18 14:00:00,0.0,0.0
2051-04-18 15:00:00,0.0,0.0
2051-04-18 16:00:00,0.0,0.0
2051-04-18 17:00:00,0.0,0.0
2051-04-18 18:00:00,0.0,0.0
2051-04-18 19:00:00,0.0,0.0
2051-04-18 20:00:00,0.0,0.0
2051-04-18 21:00:00,0.0,0.0
2051-04-18 22:00:00,0.0,0.0
2051-04-18 23:00:00,0.0,0.0
2051-04-19 00:00:00,0.0,0.0
2051-04-19 01:00:00,0.0,0.0
2051-04-19 02:00:00,0.0,22.885258047310746
2051-04-19 03:00:00,0.0,109.24472237678526
2051-04-19 04:00:00,0.0,194.74059206296505
2051-04-19 05:00:00,0.0,260.3737849533657
2051-04-19 06:00:00,0.0,304.4171117613977
2051-04-19 07:00:00,0.0,326.0069778437663
2051-04-19 08:00:00,0.0,327.73416713035584
2051-04-19 09:00:00,0.0,309.5986796211661
2051-04-19 10:00:00,0.0,271.6005153161974
2051-04-19 11:00:00,0.0,212.44428225050734
2051-04-19 12:00:00,0.0,133.42537238903813
2051-04-19 13:00:00,0.0,45.77051609462149
2051-04-19 14:00:00,0.0,0.0
2051-04-19 15:00:00,0.0,0.0
2051-04-19 16:00:00,0.0,0.0
2051-04-19 17:00:00,0.0,0.0
2051-04-19 18:00:00,0.0,0.0
2051-04-19 19:00:00,0.0,0.0
2051-04-19 20:00:00,0.0,0.0
2051-04-19 21:00:00,0.0,0.0
2051-04-19 22:00:00,0.0,0.0
2051-04-19 23:00:00,0.0,0.0
2051-04-20 00:00:00,0.0,0.0
2051-04-20 01:00:00,0.0,0.0
2051-04-20 02:00:00,0.0,22.885258047310746
2051-04-20 03:00:00,0.0,108.38112773349053
2051-04-20 04:00:00,0.0,193.44520009802295
2051-04-20 05:00:00,0.0,258.6465956667762
2051-04-20 06:00:00,0.0,301.8263278315135
2051-04-20 07:00:00,0.0,323.41619391388207
2051-04-20 08:00:00,0.0,325.57518052211896
2051-04-20 09:00:00,0.0,307.8714903345766
2051-04-20 10:00:00,0.0,269.8733260296079
2051-04-20 11:00:00,0.0,210.28529564227046
2051-04-20 12:00:00,0.0,131.69818310244864
2051-04-20 13:00:00,0.0,44.90692145132675
2051-04-20 14:00:00,0.0,0.0
2051-04-20 15:00:00,0.0,0.0
2051-04-20 16:00:00,0.0,0.0
2051-04-20 17:00:00,0.0,0.0
2051-04-20 18:00:00,0.0,0.0
2051-04-20 19:00:00,0.0,0.0
2051-04-20 20:00:00,0.0,0.0
2051-04-20 21:00:00,0.0,0.0
2051-04-20 22:00:00,0.0,0.0
2051-04-20 23:00:00,0.0,0.0
2051-04-21 00:00:00,0.0,0.0
2051-04-21 01:00:00,0.0,0.0
2051-04-21 02:00:00,0.0,22.885258047310746
2051-04-21 03:00:00,0.0,107.94933041184315
2051-04-21 04:00:00,0.0,192.5816054547282
2051-04-21 05:00:00,0.0,257.78300102348146
2051-04-21 06:00:00,0.0,299.6673412232766
2051-04-21 07:00:00,0.0,320.8254099839979
2051-04-21 08:00:00,0.0,322.5525992705874
2051-04-21 09:00:00,0.0,305.28070640469247
2051-04-21 10:00:00,0.0,267.2825420997236
2051-04-21 11:00:00,0.0,208.55810635568096
2051-04-21 12:00:00,0.0,130.40279113750654
2051-04-21 13:00:00,0.0,44.90692145132675
2051-04-21 14:00:00,0.0,0.0
2051-04-21 15:00:00,0.0,0.0
2051-04-21 16:00:00,0.0,0.0
2051-04-21 17:00:00,0.0,0.0
2051-04-21 18:00:00,0.0,0.0
2051-04-21 19:00:00,0.0,0.0
2051-04-21 20:00:00,0.0,0.0
2051-04-21 21:00:00,0.0,0.0
2051-04-21 22:00:00,0.0,0.0
2051-04-21 23:00:00,0.0,0.0
2051-04-22 00:00:00,0.0,0.0
2051-04-22 01:00:00,0.0,0.0
2051-04-22 02:00:00,0.0,23.31705536895812
2051-04-22 03:00:00,0.0,108.38112773349053
2051-04-22 04:00:00,0.0,193.01340277637556
2051-04-22 05:00:00,0.0,258.21479834512877
2051-04-22 06:00:00,0.0,301.39453050986606
2051-04-22 07:00:00,0.0,322.9843965922347
2051-04-22 08:00:00,0.0,325.14338320047153
2051-04-22 09:00:00,0.0,306.57609836963456
2051-04-22 10:00:00,0.0,268.5779340646658
2051-04-22 11:00:00,0.0,209.8534983206231
2051-04-22 12:00:00,0.0,131.26638578080127
2051-04-22 13:00:00,0.0,45.338718772974126
2051-04-22 14:00:00,0.0,0.0
2051-04-22 15:00:00,0.0,0.0
2051-04-22 16:00:00,0.0,0.0
2051-04-22 17:00:00,0.0,0.0
2051-04-22 18:00:00,0.0,0.0
2051-04-22 19:00:00,0.0,0.0
2051-04-22 20:00:00,0.0,0.0
2051-04-22 21:00:00,0.0,0.0
2051-04-22 22:00:00,0.0,0.0
2051-04-22 23:00:00,0.0,0.0
2051-04-23 00:00:00,0.0,0.0
2051-04-23 01:00:00,0.0,0.0
2051-04-23 02:00:00,0.0,24.180650012252865
2051-04-23 03:00:00,0.0,110.54011434172739
2051-04-23 04:00:00,0.0,195.60418670625978
2051-04-23 05:00:00,0.0,261.2373795966604
2051-04-23 06:00:00,0.0,304.4171117613977
2051-04-23 07:00:00,0.0,325.57518052211896
2051-04-23 08:00:00,0.0,327.3023698087084
2051-04-23 09:00:00,0.0,309.16688229951876
2051-04-23 10:00:00,0.0,271.16871799455
2051-04-23 11:00:00,0.0,212.44428225050734
2051-04-23 12:00:00,0.0,133.42537238903813
2051-04-23 13:00:00,0.0,46.202313416268865
2051-04-23 14:00:00,0.0,0.0
2051-04-23 15:00:00,0.0,0.0
2051-04-23 16:00:00,0.0,0.0
2051-04-23 17:00:00,0.0,0.0
2051-04-23 18:00:00,0.0,0.0
2051-04-23 19:00:00,0.0,0.0
2051-04-23 20:00:00,0.0,0.0
2051-04-23 21:00:00,0.0,0.0
2051-04-23 22:00:00,0.0,0.0
2051-04-23 23:00:00,0.0,0.0
2051-04-24 00:00:00,0.0,0.0
2051-04-24 01:00:00,0.0,0.0
2051-04-24 02:00:00,0.0,24.180650012252865
2051-04-24 03:00:00,0.0,106.65393844690102
2051-04-24 04:00:00,0.0,189.1272268815492
2051-04-24 05:00:00,0.0,252.60143316371298
2051-04-24 06:00:00,0.0,294.9175706851555
2051-04-24 07:00:00,0.0,315.6438421242293
2051-04-24 08:00:00,0.0,316.07563944587673
2051-04-24 09:00:00,0.0,293.62217872021336
2051-04-24 10:00:00,0.0,253.89682512865508
2051-04-24 11:00:00,0.0,193.44520009802295
2051-04-24 12:00:00,0.0,116.15347952314323
2051-04-24 13:00:00,0.0,37.566366983321416
2051-04-24 14:00:00,0.0,0.0
2051-04-24 15:00:00,0.0,0.0
2051-04-24 16:00:00,0.0,0.0
2051-04-24 17:00:00,0.0,0.0
2051-04-24 18:00:00,0.0,0.0
2051-04-24 19:00:00,0.0,0.0
2051-04-24 20:00:00,0.0,0.0
2051-04-24 21:00:00,0.0,0.0
2051-04-24 22:00:00,0.0,0.0
2051-04-24 23:00:00,0.0,0.0
2051-04-25 00:00:00,0.0,0.0
2051-04-25 01:00:00,0.0,0.0
2051-04-25 02:00:00,0.0,18.99908215248439
2051-04-25 03:00:00,0.0,92.40462683253773
2051-04-25 04:00:00,0.0,174.01432062389117
2051-04-25 05:00:00,0.0,240.0793108359392
2051-04-25 06:00:00,0.0,285.84982693056065
2051-04-25 07:00:00,0.0,307.8714903345766
2051-04-25 08:00:00,0.0,309.16688229951876
2051-04-25 09:00:00,0.0,294.48577336350814
2051-04-25 10:00:00,0.0,255.6240144152446
2051-04-25 11:00:00,0.0,196.46778134955454
2051-04-25 12:00:00,0.0,119.6078580963222
2051-04-25 13:00:00,0.0,40.58894823485303
2051-04-25 14:00:00,0.0,0.0
2051-04-25 15:00:00,0.0,0.0
2051-04-25 16:00:00,0.0,0.0
2051-04-25 17:00:00,0.0,0.0
2051-04-25 18:00:00,0.0,0.0
2051-04-25 19:00:00,0.0,0.0
2051-04-25 20:00:00,0.0,0.0
2051-04-25 21:00:00,0.0,0.0
2051-04-25 22:00:00,0.0,0.0
2051-04-25 23:00:00,0.0,0.0
2051-04-26 00:00:00,0.0,0.0
2051-04-26 01:00:00,0.0,0.0
2051-04-26 02:00:00,0.0,21.15806876072126
2051-04-26 03:00:00,0.0,98.01799201395357
2051-04-26 04:00:00,0.0,180.49128044860174
2051-04-26 05:00:00,0.0,246.12447333900238
2051-04-26 06:00:00,0.0,294.0539760418608
2051-04-26 07:00:00,0.0,315.212044802582
2051-04-26 08:00:00,0.0,316.9392340891715
2051-04-26 09:00:00,0.0,300.5309358665713
2051-04-26 10:00:00,0.0,261.66917691830776
2051-04-26 11:00:00,0.0,202.08114653097036
2051-04-26 12:00:00,0.0,124.3576286344433
2051-04-26 13:00:00,0.0,42.31613752144252
2051-04-26 14:00:00,0.0,0.0
2051-04-26 15:00:00,0.0,0.0
2051-04-26 16:00:00,0.0,0.0
2051-04-26 17:00:00,0.0,0.0
2051-04-26 18:00:00,0.0,0.0
2051-04-26 19:00:00,0.0,0.0
2051-04-26 20:00:00,0.0,0.0
2051-04-26 21:00:00,0.0,0.0
2051-04-26 22:00:00,0.0,0.0
2051-04-26 23:00:00,0.0,0.0
2051-04-27 00:00:00,0.0,0.0
2051-04-27 01:00:00,0.0,0.0
2051-04-27 02:00:00,0.0,22.453460725663376
2051-04-27 03:00:00,0.0,101.47237058713256
2051-04-27 04:00:00,0.0,184.3774563434281
2051-04-27 05:00:00,0.0,249.147054590534
2051-04-27 06:00:00,0.0,293.62217872021336
2051-04-27 07:00:00,0.0,314.7802474809347
2051-04-27 08:00:00,0.0,316.5074367675241
2051-04-27 09:00:00,0.0,299.23554390162917
2051-04-27 10:00:00,0.0,261.2373795966604
2051-04-27 11:00:00,0.0,202.94474117426512
2051-04-27 12:00:00,0.0,126.08481792103281
2051-04-27 13:00:00,0.0,43.61152948638464
2051-04-27 14:00:00,0.0,0.0
2051-04-27 15:00:00,0.0,0.0
2051-04-27 16:00:00,0.0,0.0
2051-04-27 17:00:00,0.0,0.0
2051-04-27 18:00:00,0.0,0.0
2051-04-27 19:00:00,0.0,0.0
2051-04-27 20:00:00,0.0,0.0
2051-04-27 21:00:00,0.0,0.0
2051-04-27 22:00:00,0.0,0.0
2051-04-27 23:00:00,0.0,0.0
2051-04-28 00:00:00,0.0,0.0
2051-04-28 01:00:00,0.0,0.0
2051-04-28 02:00:00,0.0,23.748852690605492
2051-04-28 03:00:00,0.0,105.79034380360629
2051-04-28 04:00:00,0.0,189.55902420319657
2051-04-28 05:00:00,0.0,253.89682512865508
2051-04-28 06:00:00,0.0,294.48577336350814
2051-04-28 07:00:00,0.0,314.7802474809347
2051-04-28 08:00:00,0.0,315.6438421242293
2051-04-28 09:00:00,0.0,298.8037465799818
2051-04-28 10:00:00,0.0,261.66917691830776
2051-04-28 11:00:00,0.0,203.80833581755988
2051-04-28 12:00:00,0.0,127.38020988597492
2051-04-28 13:00:00,0.0,44.47512412967938
2051-04-28 14:00:00,0.0,0.0
2051-04-28 15:00:00,0.0,0.0
2051-04-28 16:00:00,0.0,0.0
2051-04-28 17:00:00,0.0,0.0
2051-04-28 18:00:00,0.0,0.0
2051-04-28 19:00:00,0.0,0.0
2051-04-28 20:00:00,0.0,0.0
2051-04-28 21:00:00,0.0,0.0
2051-04-28 22:00:00,0.0,0.0
2051-04-28 23:00:00,0.0,0.0
2051-04-29 00:00:00,0.0,0.0
2051-04-29 01:00:00,0.0,0.0
2051-04-29 02:00:00,0.0,24.180650012252865
2051-04-29 03:00:00,0.0,104.49495183866418
2051-04-29 04:00:00,0.0,186.53644295166495
2051-04-29 05:00:00,0.0,248.28345994723924
2051-04-29 06:00:00,0.0,288.44061086044485
2051-04-29 07:00:00,0.0,309.5986796211661
2051-04-29 08:00:00,0.0,311.32586890775565
2051-04-29 09:00:00,0.0,294.0539760418608
2051-04-29 10:00:00,0.0,257.3512037018341
2051-04-29 11:00:00,0.0,199.05856527943877
2051-04-29 12:00:00,0.0,123.06223666950119
2051-04-29 13:00:00,0.0,42.74793484308989
2051-04-29 14:00:00,0.0,0.0
2051-04-29 15:00:00,0.0,0.0
2051-04-29 16:00:00,0.0,0.0
2051-04-29 17:00:00,0.0,0.0
2051-04-29 18:00:00,0.0,0.0
2051-04-29 19:00:00,0.0,0.0
2051-04-29 20:00:00,0.0,0.0
2051-04-29 21:00:00,0.0,0.0
2051-04-29 22:00:00,0.0,0.0
2051-04-29 23:00:00,0.0,0.0
2051-04-30 00:00:00,0.0,0.0
2051-04-30 01:00:00,0.0,0.0
2051-04-30 02:00:00,0.0,21.15806876072126
2051-04-30 03:00:00,0.0,93.70001879747984
2051-04-30 04:00:00,0.0,173.1507259805964
2051-04-30 05:00:00,0.0,236.62493226276015
2051-04-30 06:00:00,0.0,278.94106978420274
2051-04-30 07:00:00,0.0,300.96273318821864
2051-04-30 08:00:00,0.0,302.68992247480816
2051-04-30 09:00:00,0.0,284.9862322872659
2051-04-30 10:00:00,0.0,246.98806798229714
2051-04-30 11:00:00,0.0,189.1272268815492
2051-04-30 12:00:00,0.0,114.85808755820112
2051-04-30 13:00:00,0.0,39.72535359155828
2051-04-30 14:00:00,0.0,0.0
2051-04-30 15:00:00,0.0,0.0
2051-04-30 16:00:00,0.0,0.0
2051-04-30 17:00:00,0.0,0.0
2051-04-30 18:00:00,0.0,0.0
2051-04-30 19:00:00,0.0,0.0
2051-04-30 20:00:00,0.0,0.0
2051-04-30 21:00:00,0.0,0.0
2051-04-30 22:00:00,0.0,0.0
2051-04-30 23:00:00,0.0,0.0
2051-05-01 00:00:00,0.0,0.0
2051-05-01 01:00:00,0.0,0.0
2051-05-01 02:00:00,0.0,22.885258047310746
2051-05-01 03:00:00,0.0,98.01799201395357
2051-05-01 04:00:00,0.0,177.03690187542276
2051-05-01 05:00:00,0.0,238.783918870997
2051-05-01 06:00:00,0.0,280.23646174914484
2051-05-01 07:00:00,0.0,301.8263278315135
2051-05-01 08:00:00,0.0,303.9853144397503
2051-05-01 09:00:00,0.0,290.5995974686818
2051-05-01 10:00:00,0.0,252.60143316371298
2051-05-01 11:00:00,0.0,194.30879474131766
2051-05-01 12:00:00,0.0,118.74426345302746
2051-05-01 13:00:00,0.0,41.020745556500394
2051-05-01 14:00:00,0.0,0.0
2051-05-01 15:00:00,0.0,0.0
2051-05-01 16:00:00,0.0,0.0
2051-05-01 17:00:00,0.0,0.0
2051-05-01 18:00:00,0.0,0.0
2051-05-01 19:00:00,0.0,0.0
2051-05-01 20:00:00,0.0,0.0
2051-05-01 21:00:00,0.0,0.0
2051-05-01 22:00:00,0.0,0.0
2051-05-01 23:00:00,0.0,0.0
2051-05-02 00:00:00,0.0,0.0
2051-05-02 01:00:00,0.0,0.0
2051-05-02 02:00:00,0.0,24.180650012252865
2051-05-02 03:00:00,0.0,106.22214112525367
2051-05-02 04:00:00,0.0,190.8544161681387
2051-05-02 05:00:00,0.0,254.32862245030245
2051-05-02 06:00:00,0.0,296.21296265009767
2051-05-02 07:00:00,0.0,315.212044802582
2051-05-02 08:00:00,0.0,315.212044802582
2051-05-02 09:00:00,0.0,296.644759971745
2051-05-02 10:00:00,0.0,258.6465956667762
2051-05-02 11:00:00,0.0,200.3539572443809
2051-05-02 12:00:00,0.0,124.3576286344433
2051-05-02 13:00:00,0.0,43.61152948638464
2051-05-02 14:00:00,0.0,0.0
2051-05-02 15:00:00,0.0,0.0
2051-05-02 16:00:00,0.0,0.0
2051-05-02 17:00:00,0.0,0.0
2051-05-02 18:00:00,0.0,0.0
2051-05-02 19:00:00,0.0,0.0
2051-05-02 20:00:00,0.0,0.0
2051-05-02 21:00:00,0.0,0.0
2051-05-02 22:00:00,0.0,0.0
2051-05-02 23:00:00,0.0,0.0
2051-05-03 00:00:00,0.0,0.0
2051-05-03 01:00:00,0.0,0.0
2051-05-03 02:00:00,0.0,24.61244733390024
2051-05-03 03:00:00,0.0,104.49495183866418
2051-05-03 04:00:00,0.0,187.40003759495968
2051-05-03 05:00:00,0.0,250.4424465554761
2051-05-03 06:00:00,0.0,291.4631921119765
2051-05-03 07:00:00,0.0,313.05305819434517
2051-05-03 08:00:00,0.0,315.212044802582
2051-05-03 09:00:00,0.0,300.96273318821864
2051-05-03 10:00:00,0.0,263.3963662048973
2051-05-03 11:00:00,0.0,205.103727782502
2051-05-03 12:00:00,0.0,127.8120072076223
2051-05-03 13:00:00,0.0,44.90692145132675
2051-05-03 14:00:00,0.0,0.0
2051-05-03 15:00:00,0.0,0.0
2051-05-03 16:00:00,0.0,0.0
2051-05-03 17:00:00,0.0,0.0
2051-05-03 18:00:00,0.0,0.0
2051-05-03 19:00:00,0.0,0.0
2051-05-03 20:00:00,0.0,0.0
2051-05-03 21:00:00,0.0,0.0
2051-05-03 22:00:00,0.0,0.0
2051-05-03 23:00:00,0.0,0.0
2051-05-04 00:00:00,0.0,0.0
2051-05-04 01:00:00,0.0,0.0
2051-05-04 02:00:00,0.0,25.044244655547615
2051-05-04 03:00:00,0.0,104.49495183866418
2051-05-04 04:00:00,0.0,185.67284830837022
2051-05-04 05:00:00,0.0,249.147054590534
2051-05-04 06:00:00,0.0,291.03139479032916
2051-05-04 07:00:00,0.0,312.1894635510504
2051-05-04 08:00:00,0.0,314.3484501592872
2051-05-04 09:00:00,0.0,297.9401519366871
2051-05-04 10:00:00,0.0,261.66917691830776
2051-05-04 11:00:00,0.0,205.103727782502
2051-05-04 12:00:00,0.0,129.53919649421178
2051-05-04 13:00:00,0.0,46.63411073791624
2051-05-04 14:00:00,0.0,0.0
2051-05-04 15:00:00,0.0,0.0
2051-05-04 16:00:00,0.0,0.0
2051-05-04 17:00:00,0.0,0.0
2051-05-04 18:00:00,0.0,0.0
2051-05-04 19:00:00,0.0,0.0
2051-05-04 20:00:00,0.0,0.0
2051-05-04 21:00:00,0.0,0.0
2051-05-04 22:00:00,0.0,0.0
2051-05-04 23:00:00,0.0,0.0
2051-05-05 00:00:00,0.0,0.0
2051-05-05 01:00:00,0.0,0.0
2051-05-05 02:00:00,0.0,26.339636620489728
2051-05-05 03:00:00,0.0,108.81292505513788
2051-05-05 04:00:00,0.0,191.28621348978604
2051-05-05 05:00:00,0.0,253.89682512865508
2051-05-05 06:00:00,0.0,294.0539760418608
2051-05-05 07:00:00,0.0,316.07563944587673
2051-05-05 08:00:00,0.0,318.6664233757609
2051-05-05 09:00:00,0.0,301.8263278315135
2051-05-05 10:00:00,0.0,264.6917581698394
2051-05-05 11:00:00,0.0,207.26271439073884
2051-05-05 12:00:00,0.0,130.40279113750654
2051-05-05 13:00:00,0.0,46.63411073791624
2051-05-05 14:00:00,0.0,0.0
2051-05-05 15:00:00,0.0,0.0
2051-05-05 16:00:00,0.0,0.0
2051-05-05 17:00:00,0.0,0.0
2051-05-05 18:00:00,0.0,0.0
2051-05-05 19:00:00,0.0,0.0
2051-05-05 20:00:00,0.0,0.0
2051-05-05 21:00:00,0.0,0.0
2051-05-05 22:00:00,0.0,0.0
2051-05-05 23:00:00,0.0,0.0
2051-05-06 00:00:00,0.0,0.0
2051-05-06 01:00:00,0.0,0.0
2051-05-06 02:00:00,0.0,27.20323126378447
2051-05-06 03:00:00,0.0,110.10831702008002
2051-05-06 04:00:00,0.0,192.1498081330808
2051-05-06 05:00:00,0.0,252.16963584206562
2051-05-06 06:00:00,0.0,292.32678675527126
2051-05-06 07:00:00,0.0,313.05305819434517
2051-05-06 08:00:00,0.0,314.3484501592872
2051-05-06 09:00:00,0.0,297.07655729339234
2051-05-06 10:00:00,0.0,260.3737849533657
2051-05-06 11:00:00,0.0,202.94474117426512
2051-05-06 12:00:00,0.0,127.38020988597492
2051-05-06 13:00:00,0.0,45.338718772974126
2051-05-06 14:00:00,0.0,0.0
2051-05-06 15:00:00,0.0,0.0
2051-05-06 16:00:00,0.0,0.0
2051-05-06 17:00:00,0.0,0.0
2051-05-06 18:00:00,0.0,0.0
2051-05-06 19:00:00,0.0,0.0
2051-05-06 20:00:00,0.0,0.0
2051-05-06 21:00:00,0.0,0.0
2051-05-06 22:00:00,0.0,0.0
2051-05-06 23:00:00,0.0,0.0
2051-05-07 00:00:00,0.0,0.0
2051-05-07 01:00:00,0.0,0.0
2051-05-07 02:00:00,0.0,24.61244733390024
2051-05-07 03:00:00,0.0,98.44978933560095
2051-05-07 04:00:00,0.0,176.6051045537754
2051-05-07 05:00:00,0.0,238.783918870997
2051-05-07 06:00:00,0.0,284.12263764397113
2051-05-07 07:00:00,0.0,304.84890908304504
2051-05-07 08:00:00,0.0,306.1443010479872
2051-05-07 09:00:00,0.0,290.16780014703437
2051-05-07 10:00:00,0.0,253.03323048536038
2051-05-07 11:00:00,0.0,195.60418670625978
2051-05-07 12:00:00,0.0,121.3350473829117
2051-05-07 13:00:00,0.0,43.17973216473726
2051-05-07 14:00:00,0.0,0.0
2051-05-07 15:00:00,0.0,0.0
2051-05-07 16:00:00,0.0,0.0
2051-05-07 17:00:00,0.0,0.0
2051-05-07 18:00:00,0.0,0.0
2051-05-07 19:00:00,0.0,0.0
2051-05-07 20:00:00,0.0,0.0
2051-05-07 21:00:00,0.0,0.0
2051-05-07 22:00:00,0.0,0.0
2051-05-07 23:00:00,0.0,0.0
2051-05-08 00:00:00,0.0,0.0
2051-05-08 01:00:00,0.0,0.0
2051-05-08 02:00:00,0.0,22.453460725663376
2051-05-08 03:00:00,0.0,91.97282951089036
2051-05-08 04:00:00,0.0,168.40095544247532
2051-05-08 05:00:00,0.0,230.57976975969694
2051-05-08 06:00:00,0.0,273.75950192443423
2051-05-08 07:00:00,0.0,296.644759971745
2051-05-08 08:00:00,0.0,300.09913854492396
2051-05-08 09:00:00,0.0,289.30420550373964
2051-05-08 10:00:00,0.0,252.60143316371298
2051-05-08 11:00:00,0.0,195.60418670625978
2051-05-08 12:00:00,0.0,121.76684470455905
2051-05-08 13:00:00,0.0,44.043326808032
2051-05-08 14:00:00,0.0,0.0
2051-05-08 15:00:00,0.0,0.0
2051-05-08 16:00:00,0.0,0.0
2051-05-08 17:00:00,0.0,0.0
2051-05-08 18:00:00,0.0,0.0
2051-05-08 19:00:00,0.0,0.0
2051-05-08 20:00:00,0.0,0.0
2051-05-08 21:00:00,0.0,0.0
2051-05-08 22:00:00,0.0,0.0
2051-05-08 23:00:00,0.0,0.0
2051-05-09 00:00:00,0.0,0.0
2051-05-09 01:00:00,0.0,0.0
2051-05-09 02:00:00,0.0,25.476041977194985
2051-05-09 03:00:00,0.0,100.17697862219045
2051-05-09 04:00:00,0.0,178.76409116201225
2051-05-09 05:00:00,0.0,240.0793108359392
2051-05-09 06:00:00,0.0,284.9862322872659
2051-05-09 07:00:00,0.0,306.1443010479872
2051-05-09 08:00:00,0.0,307.0078956912819
2051-05-09 09:00:00,0.0,288.8724081820923
2051-05-09 10:00:00,0.0,251.30604119877086
2051-05-09 11:00:00,0.0,193.8769974196703
2051-05-09 12:00:00,0.0,120.0396554179696
2051-05-09 13:00:00,0.0,43.61152948638464
2051-05-09 14:00:00,0.0,0.0
2051-05-09 15:00:00,0.0,0.0
2051-05-09 16:00:00,0.0,0.0
2051-05-09 17:00:00,0.0,0.0
2051-05-09 18:00:00,0.0,0.0
2051-05-09 19:00:00,0.0,0.0
2051-05-09 20:00:00,0.0,0.0
2051-05-09 21:00:00,0.0,0.0
2051-05-09 22:00:00,0.0,0.0
2051-05-09 23:00:00,0.0,0.0
2051-05-10 00:00:00,0.0,0.0
2051-05-10 01:00:00,0.0,0.0
2051-05-10 02:00:00,0.0,25.907839298842354
2051-05-10 03:00:00,0.0,101.47237058713256
2051-05-10 04:00:00,0.0,180.05948312695435
2051-05-10 05:00:00,0.0,241.8065001225287
2051-05-10 06:00:00,0.0,282.8272456790291
2051-05-10 07:00:00,0.0,303.1217197964555
2051-05-10 08:00:00,0.0,304.4171117613977
2051-05-10 09:00:00,0.0,287.57701621715023
2051-05-10 10:00:00,0.0,250.4424465554761
2051-05-10 11:00:00,0.0,193.44520009802295
2051-05-10 12:00:00,0.0,120.0396554179696
2051-05-10 13:00:00,0.0,43.61152948638464
2051-05-10 14:00:00,0.0,0.0
2051-05-10 15:00:00,0.0,0.0
2051-05-10 16:00:00,0.0,0.0
2051-05-10 17:00:00,0.0,0.0
2051-05-10 18:00:00,0.0,0.0
2051-05-10 19:00:00,0.0,0.0
2051-05-10 20:00:00,0.0,0.0
2051-05-10 21:00:00,0.0,0.0
2051-05-10 22:00:00,0.0,0.0
2051-05-10 23:00:00,0.0,0.0
2051-05-11 00:00:00,0.0,0.0
2051-05-11 01:00:00,0.0,0.0
2051-05-11 02:00:00,0.0,25.476041977194985
2051-05-11 03:00:00,0.0,98.88158665724832
2051-05-11 04:00:00,0.0,176.173307232128
2051-05-11 05:00:00,0.0,237.9203242277023
2051-05-11 06:00:00,0.0,281.10005639243957
2051-05-11 07:00:00,0.0,301.8263278315135
2051-05-11 08:00:00,0.0,303.55351711810295
2051-05-11 09:00:00,0.0,288.00881353879754
2051-05-11 10:00:00,0.0,250.87424387712346
2051-05-11 11:00:00,0.0,194.74059206296505
2051-05-11 12:00:00,0.0,120.90325006126432
2051-05-11 13:00:00,0.0,43.61152948638464
2051-05-11 14:00:00,0.0,0.0
2051-05-11 15:00:00,0.0,0.0
2051-05-11 16:00:00,0.0,0.0
2051-05-11 17:00:00,0.0,0.0
2051-05-11 18:00:00,0.0,0.0
2051-05-11 19:00:00,0.0,0.0
2051-05-11 20:00:00,0.0,0.0
2051-05-11 21:00:00,0.0,0.0
2051-05-11 22:00:00,0.0,0.0
2051-05-11 23:00:00,0.0,0.0
2051-05-12 00:00:00,0.0,0.0
2051-05-12 01:00:00,0.0,0.0
2051-05-12 02:00:00,0.0,26.339636620489728
2051-05-12 03:00:00,0.0,100.17697862219045
2051-05-12 04:00:00,0.0,178.33229384036485
2051-05-12 05:00:00,0.0,239.64751351429183
2051-05-12 06:00:00,0.0,281.9636510357343
2051-05-12 07:00:00,0.0,303.55351711810295
2051-05-12 08:00:00,0.0,306.57609836963456
2051-05-12 09:00:00,0.0,289.73600282538706
2051-05-12 10:00:00,0.0,253.89682512865508
2051-05-12 11:00:00,0.0,198.194970636144
2051-05-12 12:00:00,0.0,124.78942595609067
2051-05-12 13:00:00,0.0,46.202313416268865
2051-05-12 14:00:00,0.0,0.0
2051-05-12 15:00:00,0.0,0.0
2051-05-12 16:00:00,0.0,0.0
2051-05-12 17:00:00,0.0,0.0
2051-05-12 18:00:00,0.0,0.0
2051-05-12 19:00:00,0.0,0.0
2051-05-12 20:00:00,0.0,0.0
2051-05-12 21:00:00,0.0,0.0
2051-05-12 22:00:00,0.0,0.0
2051-05-12 23:00:00,0.0,0.0
2051-05-13 00:00:00,0.0,0.0
2051-05-13 01:00:00,0.0,0.0
2051-05-13 02:00:00,0.0,25.907839298842354
2051-05-13 03:00:00,0.0,99.3133839788957
2051-05-13 04:00:00,0.0,175.74150991048063
2051-05-13 05:00:00,0.0,237.05672958440755
2051-05-13 06:00:00,0.0,282.8272456790291
2051-05-13 07:00:00,0.0,303.1217197964555
2051-05-13 08:00:00,0.0,303.9853144397503
2051-05-13 09:00:00,0.0,287.57701621715023
2051-05-13 10:00:00,0.0,250.0106492338287
2051-05-13 11:00:00,0.0,193.44520009802295
2051-05-13 12:00:00,0.0,120.47145273961696
2051-05-13 13:00:00,0.0,44.043326808032
2051-05-13 14:00:00,0.0,0.0
2051-05-13 15:00:00,0.0,0.0
2051-05-13 16:00:00,0.0,0.0
2051-05-13 17:00:00,0.0,0.0
2051-05-13 18:00:00,0.0,0.0
2051-05-13 19:00:00,0.0,0.0
2051-05-13 20:00:00,0.0,0.0
2051-05-13 21:00:00,0.0,0.0
2051-05-13 22:00:00,0.0,0.0
2051-05-13 23:00:00,0.0,0.0
2051-05-14 00:00:00,0.0,0.0
2051-05-14 01:00:00,0.0,0.0
2051-05-14 02:00:00,0.0,25.907839298842354
2051-05-14 03:00:00,0.0,98.44978933560095
2051-05-14 04:00:00,0.0,174.44611794553856
2051-05-14 05:00:00,0.0,235.32954029781808
2051-05-14 06:00:00,0.0,278.94106978420274
2051-05-14 07:00:00,0.0,298.8037465799818
2051-05-14 08:00:00,0.0,299.6673412232766
2051-05-14 09:00:00,0.0,281.9636510357343
2051-05-14 10:00:00,0.0,244.3972840524129
2051-05-14 11:00:00,0.0,187.83183491660708
2051-05-14 12:00:00,0.0,115.72168220149585
2051-05-14 13:00:00,0.0,42.31613752144252
2051-05-14 14:00:00,0.0,0.0
2051-05-14 15:00:00,0.0,0.0
2051-05-14 16:00:00,0.0,0.0
2051-05-14 17:00:00,0.0,0.0
2051-05-14 18:00:00,0.0,0.0
2051-05-14 19:00:00,0.0,0.0
2051-05-14 20:00:00,0.0,0.0
2051-05-14 21:00:00,0.0,0.0
2051-05-14 22:00:00,0.0,0.0
2051-05-14 23:00:00,0.0,0.0
2051-05-15 00:00:00,0.0,0.0
2051-05-15 01:00:00,0.0,0.0
2051-05-15 02:00:00,0.0,24.180650012252865
2051-05-15 03:00:00,0.0,93.70001879747984
2051-05-15 04:00:00,0.0,167.96915812082793
2051-05-15 05:00:00,0.0,228.85258047310748
2051-05-15 06:00:00,0.0,271.16871799455
2051-05-15 07:00:00,0.0,291.8949894336239
2051-05-15 08:00:00,0.0,292.32678675527126
2051-05-15 09:00:00,0.0,277.6456778192605
2051-05-15 10:00:00,0.0,239.2157161926444
2051-05-15 11:00:00,0.0,183.08206437848597
2051-05-15 12:00:00,0.0,112.26730362831688
2051-05-15 13:00:00,0.0,41.45254287814777
2051-05-15 14:00:00,0.0,0.0
2051-05-15 15:00:00,0.0,0.0
2051-05-15 16:00:00,0.0,0.0
2051-05-15 17:00:00,0.0,0.0
2051-05-15 18:00:00,0.0,0.0
2051-05-15 19:00:00,0.0,0.0
2051-05-15 20:00:00,0.0,0.0
2051-05-15 21:00:00,0.0,0.0
2051-05-15 22:00:00,0.0,0.0
2051-05-15 23:00:00,0.0,0.0
2051-05-16 00:00:00,0.0,0.0
2051-05-16 01:00:00,0.0,0.0
2051-05-16 02:00:00,0.0,18.135487509189648
2051-05-16 03:00:00,0.0,73.83734200170072
2051-05-16 04:00:00,0.0,139.038737570454
2051-05-16 05:00:00,0.0,198.6267679577914
2051-05-16 06:00:00,0.0,253.03323048536038
2051-05-16 07:00:00,0.0,276.7820831759658
2051-05-16 08:00:00,0.0,281.10005639243957
2051-05-16 09:00:00,0.0,265.98715013478153
2051-05-16 10:00:00,0.0,225.3982018999285
2051-05-16 11:00:00,0.0,168.8327527641227
2051-05-16 12:00:00,0.0,101.47237058713256
2051-05-16 13:00:00,0.0,36.70277234002667
2051-05-16 14:00:00,0.0,0.0
2051-05-16 15:00:00,0.0,0.0
2051-05-16 16:00:00,0.0,0.0
2051-05-16 17:00:00,0.0,0.0
2051-05-16 18:00:00,0.0,0.0
2051-05-16 19:00:00,0.0,0.0
2051-05-16 20:00:00,0.0,0.0
2051-05-16 21:00:00,0.0,0.0
2051-05-16 22:00:00,0.0,0.0
2051-05-16 23:00:00,0.0,0.0
2051-05-17 00:00:00,0.0,0.0
2051-05-17 01:00:00,0.0,0.0
2051-05-17 02:00:00,0.0,22.021663404016
2051-05-17 03:00:00,0.0,89.8138429026535
2051-05-17 04:00:00,0.0,162.78759026105948
2051-05-17 05:00:00,0.0,223.23921529169164
2051-05-17 06:00:00,0.0,264.25996084819207
2051-05-17 07:00:00,0.0,285.4180296089133
2051-05-17 08:00:00,0.0,288.00881353879754
2051-05-17 09:00:00,0.0,279.80466442749747
2051-05-17 10:00:00,0.0,243.53368940911815
2051-05-17 11:00:00,0.0,188.26363223825444
2051-05-17 12:00:00,0.0,116.58527684479061
2051-05-17 13:00:00,0.0,43.61152948638464
2051-05-17 14:00:00,0.0,0.0
2051-05-17 15:00:00,0.0,0.0
2051-05-17 16:00:00,0.0,0.0
2051-05-17 17:00:00,0.0,0.0
2051-05-17 18:00:00,0.0,0.0
2051-05-17 19:00:00,0.0,0.0
2051-05-17 20:00:00,0.0,0.0
2051-05-17 21:00:00,0.0,0.0
2051-05-17 22:00:00,0.0,0.0
2051-05-17 23:00:00,0.0,0.0
2051-05-18 00:00:00,0.0,0.0
2051-05-18 01:00:00,0.0,0.0
2051-05-18 02:00:00,0.0,25.476041977194985
2051-05-18 03:00:00,0.0,91.54103218924298
2051-05-18 04:00:00,0.0,158.46961704458576
2051-05-18 05:00:00,0.0,212.44428225050734
2051-05-18 06:00:00,0.0,256.4876090585393
2051-05-18 07:00:00,0.0,273.75950192443423
2051-05-18 08:00:00,0.0,272.03231263784477
2051-05-18 09:00:00,0.0,257.3512037018341
2051-05-18 10:00:00,0.0,223.671012613339
2051-05-18 11:00:00,0.0,162.3557929394121
2051-05-18 12:00:00,0.0,109.24472237678526
2051-05-18 13:00:00,0.0,42.31613752144252
2051-05-18 14:00:00,0.0,0.0
2051-05-18 15:00:00,0.0,0.0
2051-05-18 16:00:00,0.0,0.0
2051-05-18 17:00:00,0.0,0.0
2051-05-18 18:00:00,0.0,0.0
2051-05-18 19:00:00,0.0,0.0
2051-05-18 20:00:00,0.0,0.0
2051-05-18 21:00:00,0.0,0.0
2051-05-18 22:00:00,0.0,0.0
2051-05-18 23:00:00,0.0,0.0
2051-05-19 00:00:00,0.0,0.0
2051-05-19 01:00:00,0.0,0.0
2051-05-19 02:00:00,0.0,25.476041977194985
2051-05-19 03:00:00,0.0,94.13181611912722
2051-05-19 04:00:00,0.0,164.94657686929634
2051-05-19 05:00:00,0.0,221.08022868345478
2051-05-19 06:00:00,0.0,259.5101903100709
2051-05-19 07:00:00,0.0,267.2825420997236
2051-05-19 08:00:00,0.0,227.98898582981272
2051-05-19 09:00:00,0.0,226.69359386487062
2051-05-19 10:00:00,0.0,221.51202600510211
2051-05-19 11:00:00,0.0,180.49128044860174
2051-05-19 12:00:00,0.0,114.42629023655374
2051-05-19 13:00:00,0.0,41.88434019979514
2051-05-19 14:00:00,0.0,0.0
2051-05-19 15:00:00,0.0,0.0
2051-05-19 16:00:00,0.0,0.0
2051-05-19 17:00:00,0.0,0.0
2051-05-19 18:00:00,0.0,0.0
2051-05-19 19:00:00,0.0,0.0
2051-05-19 20:00:00,0.0,0.0
2051-05-19 21:00:00,0.0,0.0
2051-05-19 22:00:00,0.0,0.0
2051-05-19 23:00:00,0.0,0.0
2051-05-20 00:00:00,0.0,0.0
2051-05-20 01:00:00,0.0,0.0
2051-05-20 02:00:00,0.0,15.544703579305413
2051-05-20 03:00:00,0.0,62.610611638869024
2051-05-20 04:00:00,0.0,128.24380452926965
2051-05-20 05:00:00,0.0,192.1498081330808
2051-05-20 06:00:00,0.0,238.35212154934968
2051-05-20 07:00:00,0.0,268.14613674301836
2051-05-20 08:00:00,0.0,265.55535281313416
2051-05-20 09:00:00,0.0,242.23829744417606
2051-05-20 10:00:00,0.0,202.51294385261772
2051-05-20 11:00:00,0.0,155.44703579305414
2051-05-20 12:00:00,0.0,98.01799201395357
2051-05-20 13:00:00,0.0,37.99816430496879
2051-05-20 14:00:00,0.0,0.0
2051-05-20 15:00:00,0.0,0.0
2051-05-20 16:00:00,0.0,0.0
2051-05-20 17:00:00,0.0,0.0
2051-05-20 18:00:00,0.0,0.0
2051-05-20 19:00:00,0.0,0.0
2051-05-20 20:00:00,0.0,0.0
2051-05-20 21:00:00,0.0,0.0
2051-05-20 22:00:00,0.0,0.0
2051-05-20 23:00:00,0.0,0.0
2051-05-21 00:00:00,0.0,0.0
2051-05-21 01:00:00,0.0,0.0
2051-05-21 02:00:00,0.0,25.476041977194985
2051-05-21 03:00:00,0.0,97.58619469230621
2051-05-21 04:00:00,0.0,176.6051045537754
2051-05-21 05:00:00,0.0,238.783918870997
2051-05-21 06:00:00,0.0,278.94106978420274
2051-05-21 07:00:00,0.0,296.644759971745
2051-05-21 08:00:00,0.0,297.07655729339234
2051-05-21 09:00:00,0.0,281.10005639243957
2051-05-21 10:00:00,0.0,246.55627066064977
2051-05-21 11:00:00,0.0,192.1498081330808
2051-05-21 12:00:00,0.0,122.19864202620646
2051-05-21 13:00:00,0.0,46.202313416268865
2051-05-21 14:00:00,0.0,0.4317973216473726
2051-05-21 15:00:00,0.0,0.0
2051-05-21 16:00:00,0.0,0.0
2051-05-21 17:00:00,0.0,0.0
2051-05-21 18:00:00,0.0,0.0
2051-05-21 19:00:00,0.0,0.0
2051-05-21 20:00:00,0.0,0.0
2051-05-21 21:00:00,0.0,0.0
2051-05-21 22:00:00,0.0,0.0
2051-05-21 23:00:00,0.0,0.0
2051-05-22 00:00:00,0.0,0.0
2051-05-22 01:00:00,0.0,0.0
2051-05-22 02:00:00,0.0,26.7714339421371
2051-05-22 03:00:00,0.0,92.83642415418511
2051-05-22 04:00:00,0.0,158.90141436623313
2051-05-22 05:00:00,0.0,216.76225546698106
2051-05-22 06:00:00,0.0,267.2825420997236
2051-05-22 07:00:00,0.0,291.03139479032916
2051-05-22 08:00:00,0.0,293.62217872021336
2051-05-22 09:00:00,0.0,274.62309656772896
2051-05-22 10:00:00,0.0,236.62493226276015
2051-05-22 11:00:00,0.0,178.33229384036485
2051-05-22 12:00:00,0.0,106.22214112525367
2051-05-22 13:00:00,0.0,40.157150913205655
2051-05-22 14:00:00,0.0,0.0
2051-05-22 15:00:00,0.0,0.0
2051-05-22 16:00:00,0.0,0.0
2051-05-22 17:00:00,0.0,0.0
2051-05-22 18:00:00,0.0,0.0
2051-05-22 19:00:00,0.0,0.0
2051-05-22 20:00:00,0.0,0.0
2051-05-22 21:00:00,0.0,0.0
2051-05-22 22:00:00,0.0,0.0
2051-05-22 23:00:00,0.0,0.0
2051-05-23 00:00:00,0.0,0.0
2051-05-23 01:00:00,0.0,0.0
2051-05-23 02:00:00,0.0,20.294474117426514
2051-05-23 03:00:00,0.0,79.01890986146918
2051-05-23 04:00:00,0.0,150.69726525493303
2051-05-23 05:00:00,0.0,208.55810635568096
2051-05-23 06:00:00,0.0,254.32862245030245
2051-05-23 07:00:00,0.0,278.5092724625553
2051-05-23 08:00:00,0.0,283.25904300067646
2051-05-23 09:00:00,0.0,267.2825420997236
2051-05-23 10:00:00,0.0,231.0115670813443
2051-05-23 11:00:00,0.0,179.627685805307
2051-05-23 12:00:00,0.0,114.85808755820112
2051-05-23 13:00:00,0.0,44.90692145132675
2051-05-23 14:00:00,0.0,0.4317973216473726
2051-05-23 15:00:00,0.0,0.0
2051-05-23 16:00:00,0.0,0.0
2051-05-23 17:00:00,0.0,0.0
2051-05-23 18:00:00,0.0,0.0
2051-05-23 19:00:00,0.0,0.0
2051-05-23 20:00:00,0.0,0.0
2051-05-23 21:00:00,0.0,0.0
2051-05-23 22:00:00,0.0,0.0
2051-05-23 23:00:00,0.0,0.0
2051-05-24 00:00:00,0.0,0.0
2051-05-24 01:00:00,0.0,0.0
2051-05-24 02:00:00,0.0,25.476041977194985
2051-05-24 03:00:00,0.0,92.40462683253773
2051-05-24 04:00:00,0.0,163.21938758270682
2051-05-24 05:00:00,0.0,222.37562064839688
2051-05-24 06:00:00,0.0,263.8281635265447
2051-05-24 07:00:00,0.0,284.9862322872659
2051-05-24 08:00:00,0.0,288.8724081820923
2051-05-24 09:00:00,0.0,277.2138804976132
2051-05-24 10:00:00,0.0,242.23829744417606
2051-05-24 11:00:00,0.0,188.69542955990184
2051-05-24 12:00:00,0.0,118.31246613138008
2051-05-24 13:00:00,0.0,44.90692145132675
2051-05-24 14:00:00,0.0,0.4317973216473726
2051-05-24 15:00:00,0.0,0.0
2051-05-24 16:00:00,0.0,0.0
2051-05-24 17:00:00,0.0,0.0
2051-05-24 18:00:00,0.0,0.0
2051-05-24 19:00:00,0.0,0.0
2051-05-24 20:00:00,0.0,0.0
2051-05-24 21:00:00,0.0,0.0
2051-05-24 22:00:00,0.0,0.0
2051-05-24 23:00:00,0.0,0.0
2051-05-25 00:00:00,0.0,0.0
2051-05-25 01:00:00,0.0,0.0
2051-05-25 02:00:00,0.0,27.20323126378447
2051-05-25 03:00:00,0.0,98.01799201395357
2051-05-25 04:00:00,0.0,171.8553340156543
2051-05-25 05:00:00,0.0,229.28437779475485
2051-05-25 06:00:00,0.0,272.89590728113944
2051-05-25 07:00:00,0.0,293.190381398566
2051-05-25 08:00:00,0.0,295.3493680068029
2051-05-25 09:00:00,0.0,279.80466442749747
2051-05-25 10:00:00,0.0,244.82908137406028
2051-05-25 11:00:00,0.0,190.8544161681387
2051-05-25 12:00:00,0.0,120.47145273961696
2051-05-25 13:00:00,0.0,46.202313416268865
2051-05-25 14:00:00,0.0,0.8635946432947452
2051-05-25 15:00:00,0.0,0.0
2051-05-25 16:00:00,0.0,0.0
2051-05-25 17:00:00,0.0,0.0
2051-05-25 18:00:00,0.0,0.0
2051-05-25 19:00:00,0.0,0.0
2051-05-25 20:00:00,0.0,0.0
2051-05-25 21:00:00,0.0,0.0
2051-05-25 22:00:00,0.0,0.0
2051-05-25 23:00:00,0.0,0.0
2051-05-26 00:00:00,0.0,0.0
2051-05-26 01:00:00,0.0,0.0
2051-05-26 02:00:00,0.0,27.635028585431847
2051-05-26 03:00:00,0.0,98.44978933560095
2051-05-26 04:00:00,0.0,169.26455008577008
2051-05-26 05:00:00,0.0,226.69359386487062
2051-05-26 06:00:00,0.0,271.16871799455
2051-05-26 07:00:00,0.0,294.0539760418608
2051-05-26 08:00:00,0.0,297.9401519366871
2051-05-26 09:00:00,0.0,280.23646174914484
2051-05-26 10:00:00,0.0,243.96548673076552
2051-05-26 11:00:00,0.0,189.1272268815492
2051-05-26 12:00:00,0.0,120.47145273961696
2051-05-26 13:00:00,0.0,47.497705381210984
2051-05-26 14:00:00,0.0,0.8635946432947452
2051-05-26 15:00:00,0.0,0.0
2051-05-26 16:00:00,0.0,0.0
2051-05-26 17:00:00,0.0,0.0
2051-05-26 18:00:00,0.0,0.0
2051-05-26 19:00:00,0.0,0.0
2051-05-26 20:00:00,0.0,0.0
2051-05-26 21:00:00,0.0,0.0
2051-05-26 22:00:00,0.0,0.0
2051-05-26 23:00:00,0.0,0.0
2051-05-27 00:00:00,0.0,0.0
2051-05-27 01:00:00,0.0,0.0
2051-05-27 02:00:00,0.0,26.7714339421371
2051-05-27 03:00:00,0.0,93.70001879747984
2051-05-27 04:00:00,0.0,164.51477954764897
2051-05-27 05:00:00,0.0,225.3982018999285
2051-05-27 06:00:00,0.0,271.6005153161974
2051-05-27 07:00:00,0.0,297.07655729339234
2051-05-27 08:00:00,0.0,302.68992247480816
2051-05-27 09:00:00,0.0,288.44061086044485
2051-05-27 10:00:00,0.0,253.89682512865508
2051-05-27 11:00:00,0.0,199.05856527943877
2051-05-27 12:00:00,0.0,126.94841256432754
2051-05-27 13:00:00,0.0,48.793097346153104
2051-05-27 14:00:00,0.0,0.8635946432947452
2051-05-27 15:00:00,0.0,0.0
2051-05-27 16:00:00,0.0,0.0
2051-05-27 17:00:00,0.0,0.0
2051-05-27 18:00:00,0.0,0.0
2051-05-27 19:00:00,0.0,0.0
2051-05-27 20:00:00,0.0,0.0
2051-05-27 21:00:00,0.0,0.0
2051-05-27 22:00:00,0.0,0.0
2051-05-27 23:00:00,0.0,0.0
2051-05-28 00:00:00,0.0,0.0
2051-05-28 01:00:00,0.0,0.0
2051-05-28 02:00:00,0.0,26.339636620489728
2051-05-28 03:00:00,0.0,94.5636134407746
2051-05-28 04:00:00,0.0,170.99173937235955
2051-05-28 05:00:00,0.0,235.76133761946545
2051-05-28 06:00:00,0.0,278.5092724625553
2051-05-28 07:00:00,0.0,299.6673412232766
2051-05-28 08:00:00,0.0,301.39453050986606
2051-05-28 09:00:00,0.0,285.4180296089133
2051-05-28 10:00:00,0.0,251.73783852041822
2051-05-28 11:00:00,0.0,196.03598402790715
2051-05-28 12:00:00,0.0,117.44887148808535
2051-05-28 13:00:00,0.0,42.74793484308989
2051-05-28 14:00:00,0.0,0.8635946432947452
2051-05-28 15:00:00,0.0,0.0
2051-05-28 16:00:00,0.0,0.0
2051-05-28 17:00:00,0.0,0.0
2051-05-28 18:00:00,0.0,0.0
2051-05-28 19:00:00,0.0,0.0
2051-05-28 20:00:00,0.0,0.0
2051-05-28 21:00:00,0.0,0.0
2051-05-28 22:00:00,0.0,0.0
2051-05-28 23:00:00,0.0,0.0
2051-05-29 00:00:00,0.0,0.0
2051-05-29 01:00:00,0.0,0.0
2051-05-29 02:00:00,0.0,26.7714339421371
2051-05-29 03:00:00,0.0,93.70001879747984
2051-05-29 04:00:00,0.0,157.606022401291
2051-05-29 05:00:00,0.0,216.76225546698106
2051-05-29 06:00:00,0.0,253.46502780700774
2051-05-29 07:00:00,0.0,280.66825907079215
2051-05-29 08:00:00,0.0,286.281624252208
2051-05-29 09:00:00,0.0,272.89590728113944
2051-05-29 10:00:00,0.0,239.64751351429183
2051-05-29 11:00:00,0.0,187.40003759495968
2051-05-29 12:00:00,0.0,119.17606077467484
2051-05-29 13:00:00,0.0,47.06590805956361
2051-05-29 14:00:00,0.0,1.2953919649421177
2051-05-29 15:00:00,0.0,0.0
2051-05-29 16:00:00,0.0,0.0
2051-05-29 17:00:00,0.0,0.0
2051-05-29 18:00:00,0.0,0.0
2051-05-29 19:00:00,0.0,0.0
2051-05-29 20:00:00,0.0,0.0
2051-05-29 21:00:00,0.0,0.0
2051-05-29 22:00:00,0.0,0.0
2051-05-29 23:00:00,0.0,0.0
2051-05-30 00:00:00,0.0,0.0
2051-05-30 01:00:00,0.0,0.0
2051-05-30 02:00:00,0.0,28.49862322872659
2051-05-30 03:00:00,0.0,95.42720808406935
2051-05-30 04:00:00,0.0,167.10556347753322
2051-05-30 05:00:00,0.0,225.3982018999285
2051-05-30 06:00:00,0.0,266.4189474564289
2051-05-30 07:00:00,0.0,288.00881353879754
2051-05-30 08:00:00,0.0,291.4631921119765
2051-05-30 09:00:00,0.0,276.3502858543185
2051-05-30 10:00:00,0.0,242.23829744417606
2051-05-30 11:00:00,0.0,189.55902420319657
2051-05-30 12:00:00,0.0,120.47145273961696
2051-05-30 13:00:00,0.0,46.63411073791624
2051-05-30 14:00:00,0.0,0.8635946432947452
2051-05-30 15:00:00,0.0,0.0
2051-05-30 16:00:00,0.0,0.0
2051-05-30 17:00:00,0.0,0.0
2051-05-30 18:00:00,0.0,0.0
2051-05-30 19:00:00,0.0,0.0
2051-05-30 20:00:00,0.0,0.0
2051-05-30 21:00:00,0.0,0.0
2051-05-30 22:00:00,0.0,0.0
2051-05-30 23:00:00,0.0,0.0
2051-05-31 00:00:00,0.0,0.0
2051-05-31 01:00:00,0.0,0.0
2051-05-31 02:00:00,0.0,25.907839298842354
2051-05-31 03:00:00,0.0,84.63227504288504
2051-05-31 04:00:00,0.0,137.74334560551185
2051-05-31 05:00:00,0.0,185.67284830837022
2051-05-31 06:00:00,0.0,228.85258047310748
2051-05-31 07:00:00,0.0,250.0106492338287
2051-05-31 08:00:00,0.0,247.41986530394448
2051-05-31 09:00:00,0.0,218.05764743192316
2051-05-31 10:00:00,0.0,177.46869919707012
2051-05-31 11:00:00,0.0,130.40279113750654
2051-05-31 12:00:00,0.0,78.5871125398218
2051-05-31 13:00:00,0.0,31.089407158610825
2051-05-31 14:00:00,0.0,0.0
2051-05-31 15:00:00,0.0,0.0
2051-05-31 16:00:00,0.0,0.0
2051-05-31 17:00:00,0.0,0.0
2051-05-31 18:00:00,0.0,0.0
2051-05-31 19:00:00,0.0,0.0
2051-05-31 20:00:00,0.0,0.0
2051-05-31 21:00:00,0.0,0.0
2051-05-31 22:00:00,0.0,0.0
2051-05-31 23:00:00,0.0,0.0
2051-06-01 00:00:00,0.0,0.0
2051-06-01 01:00:00,0.0,0.0
2051-06-01 02:00:00,0.0,24.180650012252865
2051-06-01 03:00:00,0.0,82.04149111300079
2051-06-01 04:00:00,0.0,139.038737570454
2051-06-01 05:00:00,0.0,188.69542955990184
2051-06-01 06:00:00,0.0,226.69359386487062
2051-06-01 07:00:00,0.0,239.64751351429183
2051-06-01 08:00:00,0.0,228.42078315146009
2051-06-01 09:00:00,0.0,207.26271439073884
2051-06-01 10:00:00,0.0,177.90049651871752
2051-06-01 11:00:00,0.0,143.35671078692772
2051-06-01 12:00:00,0.0,100.17697862219045
2051-06-01 13:00:00,0.0,43.17973216473726
2051-06-01 14:00:00,0.0,1.2953919649421177
2051-06-01 15:00:00,0.0,0.0
2051-06-01 16:00:00,0.0,0.0
2051-06-01 17:00:00,0.0,0.0
2051-06-01 18:00:00,0.0,0.0
2051-06-01 19:00:00,0.0,0.0
2051-06-01 20:00:00,0.0,0.0
2051-06-01 21:00:00,0.0,0.0
2051-06-01 22:00:00,0.0,0.0
2051-06-01 23:00:00,0.0,0.0
2051-06-02 00:00:00,0.0,0.0
2051-06-02 01:00:00,0.0,0.0
2051-06-02 02:00:00,0.0,17.70369018754228
2051-06-02 03:00:00,0.0,61.315219673926904
2051-06-02 04:00:00,0.0,110.97191166337475
2051-06-02 05:00:00,0.0,162.78759026105948
2051-06-02 06:00:00,0.0,209.8534983206231
2051-06-02 07:00:00,0.0,234.034148332876
2051-06-02 08:00:00,0.0,233.17055368958123
2051-06-02 09:00:00,0.0,219.35303939686528
2051-06-02 10:00:00,0.0,185.67284830837022
2051-06-02 11:00:00,0.0,139.038737570454
2051-06-02 12:00:00,0.0,90.67743754594825
2051-06-02 13:00:00,0.0,40.58894823485303
2051-06-02 14:00:00,0.0,1.2953919649421177
2051-06-02 15:00:00,0.0,0.0
2051-06-02 16:00:00,0.0,0.0
2051-06-02 17:00:00,0.0,0.0
2051-06-02 18:00:00,0.0,0.0
2051-06-02 19:00:00,0.0,0.0
2051-06-02 20:00:00,0.0,0.0
2051-06-02 21:00:00,0.0,0.0
2051-06-02 22:00:00,0.0,0.0
2051-06-02 23:00:00,0.0,0.0
2051-06-03 00:00:00,0.0,0.0
2051-06-03 01:00:00,0.0,0.0
2051-06-03 02:00:00,0.0,24.180650012252865
2051-06-03 03:00:00,0.0,85.92766700782715
2051-06-03 04:00:00,0.0,159.33321168788046
2051-06-03 05:00:00,0.0,220.21663404016005
2051-06-03 06:00:00,0.0,265.1235554914868
2051-06-03 07:00:00,0.0,286.71342157385544
2051-06-03 08:00:00,0.0,288.44061086044485
2051-06-03 09:00:00,0.0,272.89590728113944
2051-06-03 10:00:00,0.0,237.48852690605497
2051-06-03 11:00:00,0.0,184.3774563434281
2051-06-03 12:00:00,0.0,116.15347952314323
2051-06-03 13:00:00,0.0,46.202313416268865
2051-06-03 14:00:00,0.0,1.2953919649421177
2051-06-03 15:00:00,0.0,0.0
2051-06-03 16:00:00,0.0,0.0
2051-06-03 17:00:00,0.0,0.0
2051-06-03 18:00:00,0.0,0.0
2051-06-03 19:00:00,0.0,0.0
2051-06-03 20:00:00,0.0,0.0
2051-06-03 21:00:00,0.0,0.0
2051-06-03 22:00:00,0.0,0.0
2051-06-03 23:00:00,0.0,0.0
2051-06-04 00:00:00,0.0,0.0
2051-06-04 01:00:00,0.0,0.0
2051-06-04 02:00:00,0.0,25.476041977194985
2051-06-04 03:00:00,0.0,89.38204558100612
2051-06-04 04:00:00,0.0,159.76500900952786
2051-06-04 05:00:00,0.0,218.92124207521792
2051-06-04 06:00:00,0.0,263.8281635265447
2051-06-04 07:00:00,0.0,288.44061086044485
2051-06-04 08:00:00,0.0,293.190381398566
2051-06-04 09:00:00,0.0,278.94106978420274
2051-06-04 10:00:00,0.0,244.3972840524129
2051-06-04 11:00:00,0.0,190.4226188464913
2051-06-04 12:00:00,0.0,121.3350473829117
2051-06-04 13:00:00,0.0,47.92950270285836
2051-06-04 14:00:00,0.0,1.2953919649421177
2051-06-04 15:00:00,0.0,0.0
2051-06-04 16:00:00,0.0,0.0
2051-06-04 17:00:00,0.0,0.0
2051-06-04 18:00:00,0.0,0.0
2051-06-04 19:00:00,0.0,0.0
2051-06-04 20:00:00,0.0,0.0
2051-06-04 21:00:00,0.0,0.0
2051-06-04 22:00:00,0.0,0.0
2051-06-04 23:00:00,0.0,0.0
2051-06-05 00:00:00,0.0,0.0
2051-06-05 01:00:00,0.0,0.0
2051-06-05 02:00:00,0.0,28.06682590707922
2051-06-05 03:00:00,0.0,91.1092348675956
2051-06-05 04:00:00,0.0,153.71984650646465
2051-06-05 05:00:00,0.0,211.1488902855652
2051-06-05 06:00:00,0.0,256.05581173689194
2051-06-05 07:00:00,0.0,279.80466442749747
2051-06-05 08:00:00,0.0,280.23646174914484
2051-06-05 09:00:00,0.0,262.1009742399552
2051-06-05 10:00:00,0.0,215.8986608236863
2051-06-05 11:00:00,0.0,159.33321168788046
2051-06-05 12:00:00,0.0,101.90416790877994
2051-06-05 13:00:00,0.0,46.63411073791624
2051-06-05 14:00:00,0.0,1.7271892865894904
2051-06-05 15:00:00,0.0,0.0
2051-06-05 16:00:00,0.0,0.0
2051-06-05 17:00:00,0.0,0.0
2051-06-05 18:00:00,0.0,0.0
2051-06-05 19:00:00,0.0,0.0
2051-06-05 20:00:00,0.0,0.0
2051-06-05 21:00:00,0.0,0.0
2051-06-05 22:00:00,0.0,0.0
2051-06-05 23:00:00,0.0,0.0
2051-06-06 00:00:00,0.0,0.0
2051-06-06 01:00:00,0.0,0.0
2051-06-06 02:00:00,0.0,26.339636620489728
2051-06-06 03:00:00,0.0,81.60969379135341
2051-06-06 04:00:00,0.0,137.31154828386448
2051-06-06 05:00:00,0.0,187.83183491660708
2051-06-06 06:00:00,0.0,229.71617511640224
2051-06-06 07:00:00,0.0,253.89682512865508
2051-06-06 08:00:00,0.0,261.2373795966604
2051-06-06 09:00:00,0.0,250.87424387712346
2051-06-06 10:00:00,0.0,221.9438233267495
2051-06-06 11:00:00,0.0,176.6051045537754
2051-06-06 12:00:00,0.0,114.42629023655374
2051-06-06 13:00:00,0.0,47.497705381210984
2051-06-06 14:00:00,0.0,1.7271892865894904
2051-06-06 15:00:00,0.0,0.0
2051-06-06 16:00:00,0.0,0.0
2051-06-06 17:00:00,0.0,0.0
2051-06-06 18:00:00,0.0,0.0
2051-06-06 19:00:00,0.0,0.0
2051-06-06 20:00:00,0.0,0.0
2051-06-06 21:00:00,0.0,0.0
2051-06-06 22:00:00,0.0,0.0
2051-06-06 23:00:00,0.0,0.0
2051-06-07 00:00:00,0.0,0.0
2051-06-07 01:00:00,0.0,0.0
2051-06-07 02:00:00,0.0,25.044244655547615
2051-06-07 03:00:00,0.0,75.99632860993756
2051-06-07 04:00:00,0.0,123.06223666950119
2051-06-07 05:00:00,0.0,161.06040097446996
2051-06-07 06:00:00,0.0,193.01340277637556
2051-06-07 07:00:00,0.0,215.03506618039154
2051-06-07 08:00:00,0.0,222.80741797004427
2051-06-07 09:00:00,0.0,210.28529564227046
2051-06-07 10:00:00,0.0,183.94565902178073
2051-06-07 11:00:00,0.0,142.92491346528033
2051-06-07 12:00:00,0.0,89.38204558100612
2051-06-07 13:00:00,0.0,34.54378573178981
2051-06-07 14:00:00,0.0,0.4317973216473726
2051-06-07 15:00:00,0.0,0.0
2051-06-07 16:00:00,0.0,0.0
2051-06-07 17:00:00,0.0,0.0
2051-06-07 18:00:00,0.0,0.0
2051-06-07 19:00:00,0.0,0.0
2051-06-07 20:00:00,0.0,0.0
2051-06-07 21:00:00,0.0,0.0
2051-06-07 22:00:00,0.0,0.0
2051-06-07 23:00:00,0.0,0.0
2051-06-08 00:00:00,0.0,0.0
2051-06-08 01:00:00,0.0,0.0
2051-06-08 02:00:00,0.0,21.58986608236863
2051-06-08 03:00:00,0.0,76.42812593158494
2051-06-08 04:00:00,0.0,143.78850810857512
2051-06-08 05:00:00,0.0,199.9221599227335
2051-06-08 06:00:00,0.0,242.6700947658234
2051-06-08 07:00:00,0.0,268.14613674301836
2051-06-08 08:00:00,0.0,274.1912992460816
2051-06-08 09:00:00,0.0,259.5101903100709
2051-06-08 10:00:00,0.0,227.55718850816538
2051-06-08 11:00:00,0.0,177.03690187542276
2051-06-08 12:00:00,0.0,113.99449291490636
2051-06-08 13:00:00,0.0,47.497705381210984
2051-06-08 14:00:00,0.0,1.7271892865894904
2051-06-08 15:00:00,0.0,0.0
2051-06-08 16:00:00,0.0,0.0
2051-06-08 17:00:00,0.0,0.0
2051-06-08 18:00:00,0.0,0.0
2051-06-08 19:00:00,0.0,0.0
2051-06-08 20:00:00,0.0,0.0
2051-06-08 21:00:00,0.0,0.0
2051-06-08 22:00:00,0.0,0.0
2051-06-08 23:00:00,0.0,0.0
2051-06-09 00:00:00,0.0,0.0
2051-06-09 01:00:00,0.0,0.0
2051-06-09 02:00:00,0.0,28.49862322872659
2051-06-09 03:00:00,0.0,95.42720808406935
2051-06-09 04:00:00,0.0,165.81017151259107
2051-06-09 05:00:00,0.0,220.21663404016005
2051-06-09 06:00:00,0.0,258.21479834512877
2051-06-09 07:00:00,0.0,278.94106978420274
2051-06-09 08:00:00,0.0,280.66825907079215
2051-06-09 09:00:00,0.0,264.6917581698394
2051-06-09 10:00:00,0.0,231.4433644029917
2051-06-09 11:00:00,0.0,179.627685805307
2051-06-09 12:00:00,0.0,113.99449291490636
2051-06-09 13:00:00,0.0,46.202313416268865
2051-06-09 14:00:00,0.0,1.7271892865894904
2051-06-09 15:00:00,0.0,0.0
2051-06-09 16:00:00,0.0,0.0
2051-06-09 17:00:00,0.0,0.0
2051-06-09 18:00:00,0.0,0.0
2051-06-09 19:00:00,0.0,0.0
2051-06-09 20:00:00,0.0,0.0
2051-06-09 21:00:00,0.0,0.0
2051-06-09 22:00:00,0.0,0.0
2051-06-09 23:00:00,0.0,0.0
2051-06-10 00:00:00,0.0,0.0
2051-06-10 01:00:00,0.0,0.0
2051-06-10 02:00:00,0.0,28.06682590707922
2051-06-10 03:00:00,0.0,93.70001879747984
2051-06-10 04:00:00,0.0,158.03781972293837
2051-06-10 05:00:00,0.0,214.1714715370968
2051-06-10 06:00:00,0.0,254.76041977194984
2051-06-10 07:00:00,0.0,272.89590728113944
2051-06-10 08:00:00,0.0,272.89590728113944
2051-06-10 09:00:00,0.0,253.03323048536038
2051-06-10 10:00:00,0.0,217.62585011027576
2051-06-10 11:00:00,0.0,166.24196883423846
2051-06-10 12:00:00,0.0,102.76776255207467
2051-06-10 13:00:00,0.0,41.45254287814777
2051-06-10 14:00:00,0.0,1.2953919649421177
2051-06-10 15:00:00,0.0,0.0
2051-06-10 16:00:00,0.0,0.0
2051-06-10 17:00:00,0.0,0.0
2051-06-10 18:00:00,0.0,0.0
2051-06-10 19:00:00,0.0,0.0
2051-06-10 20:00:00,0.0,0.0
2051-06-10 21:00:00,0.0,0.0
2051-06-10 22:00:00,0.0,0.0
2051-06-10 23:00:00,0.0,0.0
2051-06-11 00:00:00,0.0,0.0
2051-06-11 01:00:00,0.0,0.0
2051-06-11 02:00:00,0.0,25.044244655547615
2051-06-11 03:00:00,0.0,82.90508575629553
2051-06-11 04:00:00,0.0,140.76592685704347
2051-06-11 05:00:00,0.0,199.9221599227335
2051-06-11 06:00:00,0.0,246.98806798229714
2051-06-11 07:00:00,0.0,266.85074477807626
2051-06-11 08:00:00,0.0,271.16871799455
2051-06-11 09:00:00,0.0,257.3512037018341
2051-06-11 10:00:00,0.0,218.48944475357052
2051-06-11 11:00:00,0.0,167.96915812082793
2051-06-11 12:00:00,0.0,104.49495183866418
2051-06-11 13:00:00,0.0,43.61152948638464
2051-06-11 14:00:00,0.0,1.2953919649421177
2051-06-11 15:00:00,0.0,0.0
2051-06-11 16:00:00,0.0,0.0
2051-06-11 17:00:00,0.0,0.0
2051-06-11 18:00:00,0.0,0.0
2051-06-11 19:00:00,0.0,0.0
2051-06-11 20:00:00,0.0,0.0
2051-06-11 21:00:00,0.0,0.0
2051-06-11 22:00:00,0.0,0.0
2051-06-11 23:00:00,0.0,0.0
2051-06-12 00:00:00,0.0,0.0
2051-06-12 01:00:00,0.0,0.0
2051-06-12 02:00:00,0.0,24.180650012252865
2051-06-12 03:00:00,0.0,75.13273396664283
2051-06-12 04:00:00,0.0,135.15256167562762
2051-06-12 05:00:00,0.0,194.30879474131766
2051-06-12 06:00:00,0.0,233.17055368958123
2051-06-12 07:00:00,0.0,256.9194063801867
2051-06-12 08:00:00,0.0,261.66917691830776
2051-06-12 09:00:00,0.0,247.85166262559184
2051-06-12 10:00:00,0.0,208.55810635568096
2051-06-12 11:00:00,0.0,151.56085989822776
2051-06-12 12:00:00,0.0,91.97282951089036
2051-06-12 13:00:00,0.0,36.70277234002667
2051-06-12 14:00:00,0.0,0.8635946432947452
2051-06-12 15:00:00,0.0,0.0
2051-06-12 16:00:00,0.0,0.0
2051-06-12 17:00:00,0.0,0.0
2051-06-12 18:00:00,0.0,0.0
2051-06-12 19:00:00,0.0,0.0
2051-06-12 20:00:00,0.0,0.0
2051-06-12 21:00:00,0.0,0.0
2051-06-12 22:00:00,0.0,0.0
2051-06-12 23:00:00,0.0,0.0
2051-06-13 00:00:00,0.0,0.0
2051-06-13 01:00:00,0.0,0.0
2051-06-13 02:00:00,0.0,19.430879474131768
2051-06-13 03:00:00,0.0,74.26913932334809
2051-06-13 04:00:00,0.0,135.15256167562762
2051-06-13 05:00:00,0.0,183.94565902178073
2051-06-13 06:00:00,0.0,213.30787689380205
2051-06-13 07:00:00,0.0,237.9203242277023
2051-06-13 08:00:00,0.0,243.53368940911815
2051-06-13 09:00:00,0.0,235.32954029781808
2051-06-13 10:00:00,0.0,203.80833581755988
2051-06-13 11:00:00,0.0,153.71984650646465
2051-06-13 12:00:00,0.0,97.15439737065883
2051-06-13 13:00:00,0.0,40.157150913205655
2051-06-13 14:00:00,0.0,1.2953919649421177
2051-06-13 15:00:00,0.0,0.0
2051-06-13 16:00:00,0.0,0.0
2051-06-13 17:00:00,0.0,0.0
2051-06-13 18:00:00,0.0,0.0
2051-06-13 19:00:00,0.0,0.0
2051-06-13 20:00:00,0.0,0.0
2051-06-13 21:00:00,0.0,0.0
2051-06-13 22:00:00,0.0,0.0
2051-06-13 23:00:00,0.0,0.0
2051-06-14 00:00:00,0.0,0.0
2051-06-14 01:00:00,0.0,0.0
2051-06-14 02:00:00,0.0,20.726271439073884
2051-06-14 03:00:00,0.0,72.11015271511121
2051-06-14 04:00:00,0.0,126.94841256432754
2051-06-14 05:00:00,0.0,174.44611794553856
2051-06-14 06:00:00,0.0,217.1940527886284
2051-06-14 07:00:00,0.0,240.51110815758653
2051-06-14 08:00:00,0.0,234.034148332876
2051-06-14 09:00:00,0.0,216.76225546698106
2051-06-14 10:00:00,0.0,186.53644295166495
2051-06-14 11:00:00,0.0,144.22030543022242
2051-06-14 12:00:00,0.0,88.95024825935876
2051-06-14 13:00:00,0.0,35.83917769673193
2051-06-14 14:00:00,0.0,0.8635946432947452
2051-06-14 15:00:00,0.0,0.0
2051-06-14 16:00:00,0.0,0.0
2051-06-14 17:00:00,0.0,0.0
2051-06-14 18:00:00,0.0,0.0
2051-06-14 19:00:00,0.0,0.0
2051-06-14 20:00:00,0.0,0.0
2051-06-14 21:00:00,0.0,0.0
2051-06-14 22:00:00,0.0,0.0
2051-06-14 23:00:00,0.0,0.0
2051-06-15 00:00:00,0.0,0.0
2051-06-15 01:00:00,0.0,0.0
2051-06-15 02:00:00,0.0,22.885258047310746
2051-06-15 03:00:00,0.0,75.56453128829021
2051-06-15 04:00:00,0.0,132.5617777457434
2051-06-15 05:00:00,0.0,185.24105098672285
2051-06-15 06:00:00,0.0,217.62585011027576
2051-06-15 07:00:00,0.0,227.125391186518
2051-06-15 08:00:00,0.0,217.1940527886284
2051-06-15 09:00:00,0.0,196.8995786712019
2051-06-15 10:00:00,0.0,171.8553340156543
2051-06-15 11:00:00,0.0,134.72076435398023
2051-06-15 12:00:00,0.0,83.33688307794291
2051-06-15 13:00:00,0.0,33.68019108849506
2051-06-15 14:00:00,0.0,0.4317973216473726
2051-06-15 15:00:00,0.0,0.0
2051-06-15 16:00:00,0.0,0.0
2051-06-15 17:00:00,0.0,0.0
2051-06-15 18:00:00,0.0,0.0
2051-06-15 19:00:00,0.0,0.0
2051-06-15 20:00:00,0.0,0.0
2051-06-15 21:00:00,0.0,0.0
2051-06-15 22:00:00,0.0,0.0
2051-06-15 23:00:00,0.0,0.0
2051-06-16 00:00:00,0.0,0.0
2051-06-16 01:00:00,0.0,0.0
2051-06-16 02:00:00,0.0,14.681108936010668
2051-06-16 03:00:00,0.0,49.22489466780048
2051-06-16 04:00:00,0.0,87.22305897276928
2051-06-16 05:00:00,0.0,124.78942595609067
2051-06-16 06:00:00,0.0,144.22030543022242
2051-06-16 07:00:00,0.0,144.65210275186982
2051-06-16 08:00:00,0.0,122.63043934785381
2051-06-16 09:00:00,0.0,100.17697862219045
2051-06-16 10:00:00,0.0,82.47328843464817
2051-06-16 11:00:00,0.0,58.29263842239531
2051-06-16 12:00:00,0.0,26.7714339421371
2051-06-16 13:00:00,0.0,6.908757146357962
2051-06-16 14:00:00,0.0,0.0
2051-06-16 15:00:00,0.0,0.0
2051-06-16 16:00:00,0.0,0.0
2051-06-16 17:00:00,0.0,0.0
2051-06-16 18:00:00,0.0,0.0
2051-06-16 19:00:00,0.0,0.0
2051-06-16 20:00:00,0.0,0.0
2051-06-16 21:00:00,0.0,0.0
2051-06-16 22:00:00,0.0,0.0
2051-06-16 23:00:00,0.0,0.0
2051-06-17 00:00:00,0.0,0.0
2051-06-17 01:00:00,0.0,0.0
2051-06-17 02:00:00,0.0,19.430879474131768
2051-06-17 03:00:00,0.0,67.36038217699011
2051-06-17 04:00:00,0.0,119.6078580963222
2051-06-17 05:00:00,0.0,167.10556347753322
2051-06-17 06:00:00,0.0,215.8986608236863
2051-06-17 07:00:00,0.0,239.2157161926444
2051-06-17 08:00:00,0.0,245.692676017355
2051-06-17 09:00:00,0.0,232.30695904628647
2051-06-17 10:00:00,0.0,206.83091706909147
2051-06-17 11:00:00,0.0,159.76500900952786
2051-06-17 12:00:00,0.0,100.17697862219045
2051-06-17 13:00:00,0.0,40.58894823485303
2051-06-17 14:00:00,0.0,1.2953919649421177
2051-06-17 15:00:00,0.0,0.0
2051-06-17 16:00:00,0.0,0.0
2051-06-17 17:00:00,0.0,0.0
2051-06-17 18:00:00,0.0,0.0
2051-06-17 19:00:00,0.0,0.0
2051-06-17 20:00:00,0.0,0.0
2051-06-17 21:00:00,0.0,0.0
2051-06-17 22:00:00,0.0,0.0
2051-06-17 23:00:00,0.0,0.0
2051-06-18 00:00:00,0.0,0.0
2051-06-18 01:00:00,0.0,0.0
2051-06-18 02:00:00,0.0,21.58986608236863
2051-06-18 03:00:00,0.0,78.15531521817442
2051-06-18 04:00:00,0.0,147.67468400340144
2051-06-18 05:00:00,0.0,208.55810635568096
2051-06-18 06:00:00,0.0,253.89682512865508
2051-06-18 07:00:00,0.0,275.91848853267106
2051-06-18 08:00:00,0.0,275.4866912110237
2051-06-18 09:00:00,0.0,265.1235554914868
2051-06-18 10:00:00,0.0,226.69359386487062
2051-06-18 11:00:00,0.0,167.96915812082793
2051-06-18 12:00:00,0.0,104.92674916031154
2051-06-18 13:00:00,0.0,41.45254287814777
2051-06-18 14:00:00,0.0,1.2953919649421177
2051-06-18 15:00:00,0.0,0.0
2051-06-18 16:00:00,0.0,0.0
2051-06-18 17:00:00,0.0,0.0
2051-06-18 18:00:00,0.0,0.0
2051-06-18 19:00:00,0.0,0.0
2051-06-18 20:00:00,0.0,0.0
2051-06-18 21:00:00,0.0,0.0
2051-06-18 22:00:00,0.0,0.0
2051-06-18 23:00:00,0.0,0.0
2051-06-19 00:00:00,0.0,0.0
2051-06-19 01:00:00,0.0,0.0
2051-06-19 02:00:00,0.0,27.20323126378447
2051-06-19 03:00:00,0.0,92.83642415418511
2051-06-19 04:00:00,0.0,163.21938758270682
2051-06-19 05:00:00,0.0,220.21663404016005
2051-06-19 06:00:00,0.0,259.5101903100709
2051-06-19 07:00:00,0.0,278.077475140908
2051-06-19 08:00:00,0.0,278.5092724625553
2051-06-19 09:00:00,0.0,262.53277156160254
2051-06-19 10:00:00,0.0,228.85258047310748
2051-06-19 11:00:00,0.0,177.46869919707012
2051-06-19 12:00:00,0.0,111.40370898502213
2051-06-19 13:00:00,0.0,44.90692145132675
2051-06-19 14:00:00,0.0,1.7271892865894904
2051-06-19 15:00:00,0.0,0.0
2051-06-19 16:00:00,0.0,0.0
2051-06-19 17:00:00,0.0,0.0
2051-06-19 18:00:00,0.0,0.0
2051-06-19 19:00:00,0.0,0.0
2051-06-19 20:00:00,0.0,0.0
2051-06-19 21:00:00,0.0,0.0
2051-06-19 22:00:00,0.0,0.0
2051-06-19 23:00:00,0.0,0.0
2051-06-20 00:00:00,0.0,0.0
2051-06-20 01:00:00,0.0,0.0
2051-06-20 02:00:00,0.0,28.49862322872659
2051-06-20 03:00:00,0.0,101.04057326548518
2051-06-20 04:00:00,0.0,176.173307232128
2051-06-20 05:00:00,0.0,235.32954029781808
2051-06-20 06:00:00,0.0,274.1912992460816
2051-06-20 07:00:00,0.0,293.62217872021336
2051-06-20 08:00:00,0.0,295.3493680068029
2051-06-20 09:00:00,0.0,278.077475140908
2051-06-20 10:00:00,0.0,240.94290547923393
2051-06-20 11:00:00,0.0,183.08206437848597
2051-06-20 12:00:00,0.0,110.97191166337475
2051-06-20 13:00:00,0.0,41.45254287814777
2051-06-20 14:00:00,0.0,0.8635946432947452
2051-06-20 15:00:00,0.0,0.0
2051-06-20 16:00:00,0.0,0.0
2051-06-20 17:00:00,0.0,0.0
2051-06-20 18:00:00,0.0,0.0
2051-06-20 19:00:00,0.0,0.0
2051-06-20 20:00:00,0.0,0.0
2051-06-20 21:00:00,0.0,0.0
2051-06-20 22:00:00,0.0,0.0
2051-06-20 23:00:00,0.0,0.0
2051-06-21 00:00:00,0.0,0.0
2051-06-21 01:00:00,0.0,0.0
2051-06-21 02:00:00,0.0,21.58986608236863
2051-06-21 03:00:00,0.0,78.5871125398218
2051-06-21 04:00:00,0.0,145.08390007351719
2051-06-21 05:00:00,0.0,202.08114653097036
2051-06-21 06:00:00,0.0,263.3963662048973
2051-06-21 07:00:00,0.0,283.25904300067646
2051-06-21 08:00:00,0.0,284.5544349656186
2051-06-21 09:00:00,0.0,266.85074477807626
2051-06-21 10:00:00,0.0,231.0115670813443
2051-06-21 11:00:00,0.0,177.46869919707012
2051-06-21 12:00:00,0.0,111.8355063066695
2051-06-21 13:00:00,0.0,44.90692145132675
2051-06-21 14:00:00,0.0,1.7271892865894904
2051-06-21 15:00:00,0.0,0.0
2051-06-21 16:00:00,0.0,0.0
2051-06-21 17:00:00,0.0,0.0
2051-06-21 18:00:00,0.0,0.0
2051-06-21 19:00:00,0.0,0.0
2051-06-21 20:00:00,0.0,0.0
2051-06-21 21:00:00,0.0,0.0
2051-06-21 22:00:00,0.0,0.0
2051-06-21 23:00:00,0.0,0.0
2051-06-22 00:00:00,0.0,0.0
2051-06-22 01:00:00,0.0,0.0
2051-06-22 02:00:00,0.0,27.635028585431847
2051-06-22 03:00:00,0.0,96.2908027273641
2051-06-22 04:00:00,0.0,169.26455008577008
2051-06-22 05:00:00,0.0,228.42078315146009
2051-06-22 06:00:00,0.0,267.714339421371
2051-06-22 07:00:00,0.0,287.57701621715023
2051-06-22 08:00:00,0.0,288.8724081820923
2051-06-22 09:00:00,0.0,273.32770460278687
2051-06-22 10:00:00,0.0,238.35212154934968
2051-06-22 11:00:00,0.0,185.24105098672285
2051-06-22 12:00:00,0.0,117.017074166438
2051-06-22 13:00:00,0.0,47.06590805956361
2051-06-22 14:00:00,0.0,1.7271892865894904
2051-06-22 15:00:00,0.0,0.0
2051-06-22 16:00:00,0.0,0.0
2051-06-22 17:00:00,0.0,0.0
2051-06-22 18:00:00,0.0,0.0
2051-06-22 19:00:00,0.0,0.0
2051-06-22 20:00:00,0.0,0.0
2051-06-22 21:00:00,0.0,0.0
2051-06-22 22:00:00,0.0,0.0
2051-06-22 23:00:00,0.0,0.0
2051-06-23 00:00:00,0.0,0.0
2051-06-23 01:00:00,0.0,0.0
2051-06-23 02:00:00,0.0,27.635028585431847
2051-06-23 03:00:00,0.0,94.5636134407746
2051-06-23 04:00:00,0.0,164.94657686929634
2051-06-23 05:00:00,0.0,221.9438233267495
2051-06-23 06:00:00,0.0,263.8281635265447
2051-06-23 07:00:00,0.0,282.39544835738167
2051-06-23 08:00:00,0.0,281.10005639243957
2051-06-23 09:00:00,0.0,260.8055822750131
2051-06-23 10:00:00,0.0,224.53460725663376
2051-06-23 11:00:00,0.0,171.8553340156543
2051-06-23 12:00:00,0.0,109.24472237678526
2051-06-23 13:00:00,0.0,45.338718772974126
2051-06-23 14:00:00,0.0,1.7271892865894904
2051-06-23 15:00:00,0.0,0.0
2051-06-23 16:00:00,0.0,0.0
2051-06-23 17:00:00,0.0,0.0
2051-06-23 18:00:00,0.0,0.0
2051-06-23 19:00:00,0.0,0.0
2051-06-23 20:00:00,0.0,0.0
2051-06-23 21:00:00,0.0,0.0
2051-06-23 22:00:00,0.0,0.0
2051-06-23 23:00:00,0.0,0.0
2051-06-24 00:00:00,0.0,0.0
2051-06-24 01:00:00,0.0,0.0
2051-06-24 02:00:00,0.0,27.635028585431847
2051-06-24 03:00:00,0.0,92.83642415418511
2051-06-24 04:00:00,0.0,162.3557929394121
2051-06-24 05:00:00,0.0,219.35303939686528
2051-06-24 06:00:00,0.0,255.6240144152446
2051-06-24 07:00:00,0.0,270.30512335125525
2051-06-24 08:00:00,0.0,264.6917581698394
2051-06-24 09:00:00,0.0,228.42078315146009
2051-06-24 10:00:00,0.0,186.10464563001761
2051-06-24 11:00:00,0.0,130.83458845915388
2051-06-24 12:00:00,0.0,70.81476075016911
2051-06-24 13:00:00,0.0,24.61244733390024
2051-06-24 14:00:00,0.0,0.0
2051-06-24 15:00:00,0.0,0.0
2051-06-24 16:00:00,0.0,0.0
2051-06-24 17:00:00,0.0,0.0
2051-06-24 18:00:00,0.0,0.0
2051-06-24 19:00:00,0.0,0.0
2051-06-24 20:00:00,0.0,0.0
2051-06-24 21:00:00,0.0,0.0
2051-06-24 22:00:00,0.0,0.0
2051-06-24 23:00:00,0.0,0.0
2051-06-25 00:00:00,0.0,0.0
2051-06-25 01:00:00,0.0,0.0
2051-06-25 02:00:00,0.0,26.339636620489728
2051-06-25 03:00:00,0.0,90.67743754594825
2051-06-25 04:00:00,0.0,162.3557929394121
2051-06-25 05:00:00,0.0,221.51202600510211
2051-06-25 06:00:00,0.0,263.8281635265447
2051-06-25 07:00:00,0.0,286.281624252208
2051-06-25 08:00:00,0.0,288.8724081820923
2051-06-25 09:00:00,0.0,273.32770460278687
2051-06-25 10:00:00,0.0,238.35212154934968
2051-06-25 11:00:00,0.0,185.24105098672285
2051-06-25 12:00:00,0.0,117.44887148808535
2051-06-25 13:00:00,0.0,47.497705381210984
2051-06-25 14:00:00,0.0,1.7271892865894904
2051-06-25 15:00:00,0.0,0.0
2051-06-25 16:00:00,0.0,0.0
2051-06-25 17:00:00,0.0,0.0
2051-06-25 18:00:00,0.0,0.0
2051-06-25 19:00:00,0.0,0.0
2051-06-25 20:00:00,0.0,0.0
2051-06-25 21:00:00,0.0,0.0
2051-06-25 22:00:00,0.0,0.0
2051-06-25 23:00:00,0.0,0.0
2051-06-26 00:00:00,0.0,0.0
2051-06-26 01:00:00,0.0,0.0
2051-06-26 02:00:00,0.0,27.20323126378447
2051-06-26 03:00:00,0.0,96.2908027273641
2051-06-26 04:00:00,0.0,169.69634740741745
2051-06-26 05:00:00,0.0,228.85258047310748
2051-06-26 06:00:00,0.0,269.8733260296079
2051-06-26 07:00:00,0.0,290.5995974686818
2051-06-26 08:00:00,0.0,292.32678675527126
2051-06-26 09:00:00,0.0,274.1912992460816
2051-06-26 10:00:00,0.0,236.62493226276015
2051-06-26 11:00:00,0.0,181.78667241354387
2051-06-26 12:00:00,0.0,113.99449291490636
2051-06-26 13:00:00,0.0,44.90692145132675
2051-06-26 14:00:00,0.0,1.2953919649421177
2051-06-26 15:00:00,0.0,0.0
2051-06-26 16:00:00,0.0,0.0
2051-06-26 17:00:00,0.0,0.0
2051-06-26 18:00:00,0.0,0.0
2051-06-26 19:00:00,0.0,0.0
2051-06-26 20:00:00,0.0,0.0
2051-06-26 21:00:00,0.0,0.0
2051-06-26 22:00:00,0.0,0.0
2051-06-26 23:00:00,0.0,0.0
2051-06-27 00:00:00,0.0,0.0
2051-06-27 01:00:00,0.0,0.0
2051-06-27 02:00:00,0.0,26.339636620489728
2051-06-27 03:00:00,0.0,94.5636134407746
2051-06-27 04:00:00,0.0,167.10556347753322
2051-06-27 05:00:00,0.0,225.82999922157586
2051-06-27 06:00:00,0.0,266.4189474564289
2051-06-27 07:00:00,0.0,281.53185371408694
2051-06-27 08:00:00,0.0,269.8733260296079
2051-06-27 09:00:00,0.0,236.62493226276015
2051-06-27 10:00:00,0.0,205.53552510414934
2051-06-27 11:00:00,0.0,170.55994205071218
2051-06-27 12:00:00,0.0,115.28988487984847
2051-06-27 13:00:00,0.0,47.92950270285836
2051-06-27 14:00:00,0.0,1.7271892865894904
2051-06-27 15:00:00,0.0,0.0
2051-06-27 16:00:00,0.0,0.0
2051-06-27 17:00:00,0.0,0.0
2051-06-27 18:00:00,0.0,0.0
2051-06-27 19:00:00,0.0,0.0
2051-06-27 20:00:00,0.0,0.0
2051-06-27 21:00:00,0.0,0.0
2051-06-27 22:00:00,0.0,0.0
2051-06-27 23:00:00,0.0,0.0
2051-06-28 00:00:00,0.0,0.0
2051-06-28 01:00:00,0.0,0.0
2051-06-28 02:00:00,0.0,26.7714339421371
2051-06-28 03:00:00,0.0,94.99541076242197
2051-06-28 04:00:00,0.0,167.53736079918056
2051-06-28 05:00:00,0.0,226.69359386487062
2051-06-28 06:00:00,0.0,267.2825420997236
2051-06-28 07:00:00,0.0,287.57701621715023
2051-06-28 08:00:00,0.0,289.30420550373964
2051-06-28 09:00:00,0.0,274.1912992460816
2051-06-28 10:00:00,0.0,238.783918870997
2051-06-28 11:00:00,0.0,184.80925366507546
2051-06-28 12:00:00,0.0,117.017074166438
2051-06-28 13:00:00,0.0,47.497705381210984
2051-06-28 14:00:00,0.0,1.7271892865894904
2051-06-28 15:00:00,0.0,0.0
2051-06-28 16:00:00,0.0,0.0
2051-06-28 17:00:00,0.0,0.0
2051-06-28 18:00:00,0.0,0.0
2051-06-28 19:00:00,0.0,0.0
2051-06-28 20:00:00,0.0,0.0
2051-06-28 21:00:00,0.0,0.0
2051-06-28 22:00:00,0.0,0.0
2051-06-28 23:00:00,0.0,0.0
2051-06-29 00:00:00,0.0,0.0
2051-06-29 01:00:00,0.0,0.0
2051-06-29 02:00:00,0.0,27.635028585431847
2051-06-29 03:00:00,0.0,94.5636134407746
2051-06-29 04:00:00,0.0,164.94657686929634
2051-06-29 05:00:00,0.0,222.37562064839688
2051-06-29 06:00:00,0.0,266.85074477807626
2051-06-29 07:00:00,0.0,286.281624252208
2051-06-29 08:00:00,0.0,287.57701621715023
2051-06-29 09:00:00,0.0,270.30512335125525
2051-06-29 10:00:00,0.0,234.034148332876
2051-06-29 11:00:00,0.0,179.19588848365962
2051-06-29 12:00:00,0.0,110.54011434172739
2051-06-29 13:00:00,0.0,42.31613752144252
2051-06-29 14:00:00,0.0,1.2953919649421177
2051-06-29 15:00:00,0.0,0.0
2051-06-29 16:00:00,0.0,0.0
2051-06-29 17:00:00,0.0,0.0
2051-06-29 18:00:00,0.0,0.0
2051-06-29 19:00:00,0.0,0.0
2051-06-29 20:00:00,0.0,0.0
2051-06-29 21:00:00,0.0,0.0
2051-06-29 22:00:00,0.0,0.0
2051-06-29 23:00:00,0.0,0.0
2051-06-30 00:00:00,0.0,0.0
2051-06-30 01:00:00,0.0,0.0
2051-06-30 02:00:00,0.0,27.20323126378447
2051-06-30 03:00:00,0.0,93.26822147583248
2051-06-30 04:00:00,0.0,163.6511849043542
2051-06-30 05:00:00,0.0,221.9438233267495
2051-06-30 06:00:00,0.0,266.85074477807626
2051-06-30 07:00:00,0.0,286.281624252208
2051-06-30 08:00:00,0.0,287.14521889550275
2051-06-30 09:00:00,0.0,271.6005153161974
2051-06-30 10:00:00,0.0,235.32954029781808
2051-06-30 11:00:00,0.0,180.49128044860174
2051-06-30 12:00:00,0.0,111.8355063066695
2051-06-30 13:00:00,0.0,44.47512412967938
2051-06-30 14:00:00,0.0,1.2953919649421177
2051-06-30 15:00:00,0.0,0.0
2051-06-30 16:00:00,0.0,0.0
2051-06-30 17:00:00,0.0,0.0
2051-06-30 18:00:00,0.0,0.0
2051-06-30 19:00:00,0.0,0.0
2051-06-30 20:00:00,0.0,0.0
2051-06-30 21:00:00,0.0,0.0
2051-06-30 22:00:00,0.0,0.0
2051-06-30 23:00:00,0.0,0.0
2051-07-01 00:00:00,0.0,0.0
2051-07-01 01:00:00,0.0,0.0
2051-07-01 02:00:00,0.0,24.180650012252865
2051-07-01 03:00:00,0.0,88.95024825935876
2051-07-01 04:00:00,0.0,162.3557929394121
2051-07-01 05:00:00,0.0,220.6484313618074
2051-07-01 06:00:00,0.0,260.3737849533657
2051-07-01 07:00:00,0.0,283.6908403223238
2051-07-01 08:00:00,0.0,286.281624252208
2051-07-01 09:00:00,0.0,268.5779340646658
2051-07-01 10:00:00,0.0,232.73875636793383
2051-07-01 11:00:00,0.0,180.05948312695435
2051-07-01 12:00:00,0.0,113.562695593259
2051-07-01 13:00:00,0.0,46.63411073791624
2051-07-01 14:00:00,0.0,1.7271892865894904
2051-07-01 15:00:00,0.0,0.0
2051-07-01 16:00:00,0.0,0.0
2051-07-01 17:00:00,0.0,0.0
2051-07-01 18:00:00,0.0,0.0
2051-07-01 19:00:00,0.0,0.0
2051-07-01 20:00:00,0.0,0.0
2051-07-01 21:00:00,0.0,0.0
2051-07-01 22:00:00,0.0,0.0
2051-07-01 23:00:00,0.0,0.0
2051-07-02 00:00:00,0.0,0.0
2051-07-02 01:00:00,0.0,0.0
2051-07-02 02:00:00,0.0,27.635028585431847
2051-07-02 03:00:00,0.0,96.72260004901148
2051-07-02 04:00:00,0.0,169.69634740741745
2051-07-02 05:00:00,0.0,227.98898582981272
2051-07-02 06:00:00,0.0,267.714339421371
2051-07-02 07:00:00,0.0,286.281624252208
2051-07-02 08:00:00,0.0,285.84982693056065
2051-07-02 09:00:00,0.0,270.30512335125525
2051-07-02 10:00:00,0.0,234.8977429761707
2051-07-02 11:00:00,0.0,180.9230777702491
2051-07-02 12:00:00,0.0,113.13089827161161
2051-07-02 13:00:00,0.0,44.043326808032
2051-07-02 14:00:00,0.0,1.2953919649421177
2051-07-02 15:00:00,0.0,0.0
2051-07-02 16:00:00,0.0,0.0
2051-07-02 17:00:00,0.0,0.0
2051-07-02 18:00:00,0.0,0.0
2051-07-02 19:00:00,0.0,0.0
2051-07-02 20:00:00,0.0,0.0
2051-07-02 21:00:00,0.0,0.0
2051-07-02 22:00:00,0.0,0.0
2051-07-02 23:00:00,0.0,0.0
2051-07-03 00:00:00,0.0,0.0
2051-07-03 01:00:00,0.0,0.0
2051-07-03 02:00:00,0.0,26.339636620489728
2051-07-03 03:00:00,0.0,90.24564022430087
2051-07-03 04:00:00,0.0,159.33321168788046
2051-07-03 05:00:00,0.0,210.71709296391782
2051-07-03 06:00:00,0.0,250.4424465554761
2051-07-03 07:00:00,0.0,256.9194063801867
2051-07-03 08:00:00,0.0,265.1235554914868
2051-07-03 09:00:00,0.0,248.7152572688866
2051-07-03 10:00:00,0.0,206.83091706909147
2051-07-03 11:00:00,0.0,151.99265721987513
2051-07-03 12:00:00,0.0,91.1092348675956
2051-07-03 13:00:00,0.0,35.40738037508456
2051-07-03 14:00:00,0.0,0.4317973216473726
2051-07-03 15:00:00,0.0,0.0
2051-07-03 16:00:00,0.0,0.0
2051-07-03 17:00:00,0.0,0.0
2051-07-03 18:00:00,0.0,0.0
2051-07-03 19:00:00,0.0,0.0
2051-07-03 20:00:00,0.0,0.0
2051-07-03 21:00:00,0.0,0.0
2051-07-03 22:00:00,0.0,0.0
2051-07-03 23:00:00,0.0,0.0
2051-07-04 00:00:00,0.0,0.0
2051-07-04 01:00:00,0.0,0.0
2051-07-04 02:00:00,0.0,20.726271439073884
2051-07-04 03:00:00,0.0,75.13273396664283
2051-07-04 04:00:00,0.0,147.24288668175407
2051-07-04 05:00:00,0.0,207.69451171238623
2051-07-04 06:00:00,0.0,249.57885191218134
2051-07-04 07:00:00,0.0,272.89590728113944
2051-07-04 08:00:00,0.0,273.32770460278687
2051-07-04 09:00:00,0.0,265.1235554914868
2051-07-04 10:00:00,0.0,229.71617511640224
2051-07-04 11:00:00,0.0,177.03690187542276
2051-07-04 12:00:00,0.0,111.8355063066695
2051-07-04 13:00:00,0.0,44.90692145132675
2051-07-04 14:00:00,0.0,1.2953919649421177
2051-07-04 15:00:00,0.0,0.0
2051-07-04 16:00:00,0.0,0.0
2051-07-04 17:00:00,0.0,0.0
2051-07-04 18:00:00,0.0,0.0
2051-07-04 19:00:00,0.0,0.0
2051-07-04 20:00:00,0.0,0.0
2051-07-04 21:00:00,0.0,0.0
2051-07-04 22:00:00,0.0,0.0
2051-07-04 23:00:00,0.0,0.0
2051-07-05 00:00:00,0.0,0.0
2051-07-05 01:00:00,0.0,0.0
2051-07-05 02:00:00,0.0,25.476041977194985
2051-07-05 03:00:00,0.0,85.06407236453241
2051-07-05 04:00:00,0.0,137.74334560551185
2051-07-05 05:00:00,0.0,168.40095544247532
2051-07-05 06:00:00,0.0,198.194970636144
2051-07-05 07:00:00,0.0,251.73783852041822
2051-07-05 08:00:00,0.0,275.0548938893764
2051-07-05 09:00:00,0.0,258.21479834512877
2051-07-05 10:00:00,0.0,227.125391186518
2051-07-05 11:00:00,0.0,171.8553340156543
2051-07-05 12:00:00,0.0,104.0631545170168
2051-07-05 13:00:00,0.0,39.72535359155828
2051-07-05 14:00:00,0.0,0.8635946432947452
2051-07-05 15:00:00,0.0,0.0
2051-07-05 16:00:00,0.0,0.0
2051-07-05 17:00:00,0.0,0.0
2051-07-05 18:00:00,0.0,0.0
2051-07-05 19:00:00,0.0,0.0
2051-07-05 20:00:00,0.0,0.0
2051-07-05 21:00:00,0.0,0.0
2051-07-05 22:00:00,0.0,0.0
2051-07-05 23:00:00,0.0,0.0
2051-07-06 00:00:00,0.0,0.0
2051-07-06 01:00:00,0.0,0.0
2051-07-06 02:00:00,0.0,23.31705536895812
2051-07-06 03:00:00,0.0,82.04149111300079
2051-07-06 04:00:00,0.0,149.4018732899909
2051-07-06 05:00:00,0.0,207.26271439073884
2051-07-06 06:00:00,0.0,247.41986530394448
2051-07-06 07:00:00,0.0,262.1009742399552
2051-07-06 08:00:00,0.0,259.9419876317183
2051-07-06 09:00:00,0.0,254.32862245030245
2051-07-06 10:00:00,0.0,221.9438233267495
2051-07-06 11:00:00,0.0,170.12814472906481
2051-07-06 12:00:00,0.0,107.51753309019577
2051-07-06 13:00:00,0.0,42.31613752144252
2051-07-06 14:00:00,0.0,0.8635946432947452
2051-07-06 15:00:00,0.0,0.0
2051-07-06 16:00:00,0.0,0.0
2051-07-06 17:00:00,0.0,0.0
2051-07-06 18:00:00,0.0,0.0
2051-07-06 19:00:00,0.0,0.0
2051-07-06 20:00:00,0.0,0.0
2051-07-06 21:00:00,0.0,0.0
2051-07-06 22:00:00,0.0,0.0
2051-07-06 23:00:00,0.0,0.0
2051-07-07 00:00:00,0.0,0.0
2051-07-07 01:00:00,0.0,0.0
2051-07-07 02:00:00,0.0,20.726271439073884
2051-07-07 03:00:00,0.0,77.29172057487969
2051-07-07 04:00:00,0.0,140.33412953539607
2051-07-07 05:00:00,0.0,184.80925366507546
2051-07-07 06:00:00,0.0,221.51202600510211
2051-07-07 07:00:00,0.0,243.10189208747076
2051-07-07 08:00:00,0.0,244.82908137406028
2051-07-07 09:00:00,0.0,235.76133761946545
2051-07-07 10:00:00,0.0,210.71709296391782
2051-07-07 11:00:00,0.0,167.96915812082793
2051-07-07 12:00:00,0.0,107.94933041184315
2051-07-07 13:00:00,0.0,43.17973216473726
2051-07-07 14:00:00,0.0,0.8635946432947452
2051-07-07 15:00:00,0.0,0.0
2051-07-07 16:00:00,0.0,0.0
2051-07-07 17:00:00,0.0,0.0
2051-07-07 18:00:00,0.0,0.0
2051-07-07 19:00:00,0.0,0.0
2051-07-07 20:00:00,0.0,0.0
2051-07-07 21:00:00,0.0,0.0
2051-07-07 22:00:00,0.0,0.0
2051-07-07 23:00:00,0.0,0.0
2051-07-08 00:00:00,0.0,0.0
2051-07-08 01:00:00,0.0,0.0
2051-07-08 02:00:00,0.0,25.476041977194985
2051-07-08 03:00:00,0.0,92.83642415418511
2051-07-08 04:00:00,0.0,166.24196883423846
2051-07-08 05:00:00,0.0,224.96640457828113
2051-07-08 06:00:00,0.0,264.6917581698394
2051-07-08 07:00:00,0.0,282.8272456790291
2051-07-08 08:00:00,0.0,284.12263764397113
2051-07-08 09:00:00,0.0,267.714339421371
2051-07-08 10:00:00,0.0,224.53460725663376
2051-07-08 11:00:00,0.0,158.90141436623313
2051-07-08 12:00:00,0.0,82.04149111300079
2051-07-08 13:00:00,0.0,29.362217872021336
2051-07-08 14:00:00,0.0,0.0
2051-07-08 15:00:00,0.0,0.0
2051-07-08 16:00:00,0.0,0.0
2051-07-08 17:00:00,0.0,0.0
2051-07-08 18:00:00,0.0,0.0
2051-07-08 19:00:00,0.0,0.0
2051-07-08 20:00:00,0.0,0.0
2051-07-08 21:00:00,0.0,0.0
2051-07-08 22:00:00,0.0,0.0
2051-07-08 23:00:00,0.0,0.0
2051-07-09 00:00:00,0.0,0.0
2051-07-09 01:00:00,0.0,0.0
2051-07-09 02:00:00,0.0,26.339636620489728
2051-07-09 03:00:00,0.0,91.97282951089036
2051-07-09 04:00:00,0.0,162.78759026105948
2051-07-09 05:00:00,0.0,219.35303939686528
2051-07-09 06:00:00,0.0,246.12447333900238
2051-07-09 07:00:00,0.0,231.87516172463907
2051-07-09 08:00:00,0.0,196.03598402790715
2051-07-09 09:00:00,0.0,175.74150991048063
2051-07-09 10:00:00,0.0,166.24196883423846
2051-07-09 11:00:00,0.0,153.28804918481728
2051-07-09 12:00:00,0.0,104.49495183866418
2051-07-09 13:00:00,0.0,40.58894823485303
2051-07-09 14:00:00,0.0,0.0
2051-07-09 15:00:00,0.0,0.0
2051-07-09 16:00:00,0.0,0.0
2051-07-09 17:00:00,0.0,0.0
2051-07-09 18:00:00,0.0,0.0
2051-07-09 19:00:00,0.0,0.0
2051-07-09 20:00:00,0.0,0.0
2051-07-09 21:00:00,0.0,0.0
2051-07-09 22:00:00,0.0,0.0
2051-07-09 23:00:00,0.0,0.0
2051-07-10 00:00:00,0.0,0.0
2051-07-10 01:00:00,0.0,0.0
2051-07-10 02:00:00,0.0,21.15806876072126
2051-07-10 03:00:00,0.0,73.40554468005334
2051-07-10 04:00:00,0.0,132.5617777457434
2051-07-10 05:00:00,0.0,190.8544161681387
2051-07-10 06:00:00,0.0,252.16963584206562
2051-07-10 07:00:00,0.0,278.94106978420274
2051-07-10 08:00:00,0.0,282.8272456790291
2051-07-10 09:00:00,0.0,268.14613674301836
2051-07-10 10:00:00,0.0,231.4433644029917
2051-07-10 11:00:00,0.0,174.44611794553856
2051-07-10 12:00:00,0.0,100.60877594383783
2051-07-10 13:00:00,0.0,39.72535359155828
2051-07-10 14:00:00,0.0,0.4317973216473726
2051-07-10 15:00:00,0.0,0.0
2051-07-10 16:00:00,0.0,0.0
2051-07-10 17:00:00,0.0,0.0
2051-07-10 18:00:00,0.0,0.0
2051-07-10 19:00:00,0.0,0.0
2051-07-10 20:00:00,0.0,0.0
2051-07-10 21:00:00,0.0,0.0
2051-07-10 22:00:00,0.0,0.0
2051-07-10 23:00:00,0.0,0.0
2051-07-11 00:00:00,0.0,0.0
2051-07-11 01:00:00,0.0,0.0
2051-07-11 02:00:00,0.0,24.61244733390024
2051-07-11 03:00:00,0.0,89.38204558100612
2051-07-11 04:00:00,0.0,159.33321168788046
2051-07-11 05:00:00,0.0,217.62585011027576
2051-07-11 06:00:00,0.0,256.9194063801867
2051-07-11 07:00:00,0.0,275.4866912110237
2051-07-11 08:00:00,0.0,275.4866912110237
2051-07-11 09:00:00,0.0,272.03231263784477
2051-07-11 10:00:00,0.0,235.76133761946545
2051-07-11 11:00:00,0.0,181.78667241354387
2051-07-11 12:00:00,0.0,113.562695593259
2051-07-11 13:00:00,0.0,44.90692145132675
2051-07-11 14:00:00,0.0,0.8635946432947452
2051-07-11 15:00:00,0.0,0.0
2051-07-11 16:00:00,0.0,0.0
2051-07-11 17:00:00,0.0,0.0
2051-07-11 18:00:00,0.0,0.0
2051-07-11 19:00:00,0.0,0.0
2051-07-11 20:00:00,0.0,0.0
2051-07-11 21:00:00,0.0,0.0
2051-07-11 22:00:00,0.0,0.0
2051-07-11 23:00:00,0.0,0.0
2051-07-12 00:00:00,0.0,0.0
2051-07-12 01:00:00,0.0,0.0
2051-07-12 02:00:00,0.0,23.748852690605492
2051-07-12 03:00:00,0.0,85.06407236453241
2051-07-12 04:00:00,0.0,147.67468400340144
2051-07-12 05:00:00,0.0,195.17238938461242
2051-07-12 06:00:00,0.0,236.19313494111285
2051-07-12 07:00:00,0.0,260.8055822750131
2051-07-12 08:00:00,0.0,270.7369206729026
2051-07-12 09:00:00,0.0,261.2373795966604
2051-07-12 10:00:00,0.0,226.69359386487062
2051-07-12 11:00:00,0.0,173.5825233022438
2051-07-12 12:00:00,0.0,107.51753309019577
2051-07-12 13:00:00,0.0,41.88434019979514
2051-07-12 14:00:00,0.0,0.8635946432947452
2051-07-12 15:00:00,0.0,0.0
2051-07-12 16:00:00,0.0,0.0
2051-07-12 17:00:00,0.0,0.0
2051-07-12 18:00:00,0.0,0.0
2051-07-12 19:00:00,0.0,0.0
2051-07-12 20:00:00,0.0,0.0
2051-07-12 21:00:00,0.0,0.0
2051-07-12 22:00:00,0.0,0.0
2051-07-12 23:00:00,0.0,0.0
2051-07-13 00:00:00,0.0,0.0
2051-07-13 01:00:00,0.0,0.0
2051-07-13 02:00:00,0.0,25.044244655547615
2051-07-13 03:00:00,0.0,90.24564022430087
2051-07-13 04:00:00,0.0,160.19680633117522
2051-07-13 05:00:00,0.0,217.62585011027576
2051-07-13 06:00:00,0.0,256.9194063801867
2051-07-13 07:00:00,0.0,276.7820831759658
2051-07-13 08:00:00,0.0,276.3502858543185
2051-07-13 09:00:00,0.0,273.32770460278687
2051-07-13 10:00:00,0.0,237.9203242277023
2051-07-13 11:00:00,0.0,185.24105098672285
2051-07-13 12:00:00,0.0,117.017074166438
2051-07-13 13:00:00,0.0,46.63411073791624
2051-07-13 14:00:00,0.0,0.8635946432947452
2051-07-13 15:00:00,0.0,0.0
2051-07-13 16:00:00,0.0,0.0
2051-07-13 17:00:00,0.0,0.0
2051-07-13 18:00:00,0.0,0.0
2051-07-13 19:00:00,0.0,0.0
2051-07-13 20:00:00,0.0,0.0
2051-07-13 21:00:00,0.0,0.0
2051-07-13 22:00:00,0.0,0.0
2051-07-13 23:00:00,0.0,0.0
2051-07-14 00:00:00,0.0,0.0
2051-07-14 01:00:00,0.0,0.0
2051-07-14 02:00:00,0.0,24.61244733390024
2051-07-14 03:00:00,0.0,91.97282951089036
2051-07-14 04:00:00,0.0,163.6511849043542
2051-07-14 05:00:00,0.0,222.80741797004427
2051-07-14 06:00:00,0.0,262.9645688832499
2051-07-14 07:00:00,0.0,283.6908403223238
2051-07-14 08:00:00,0.0,284.9862322872659
2051-07-14 09:00:00,0.0,277.6456778192605
2051-07-14 10:00:00,0.0,240.51110815758653
2051-07-14 11:00:00,0.0,184.80925366507546
2051-07-14 12:00:00,0.0,114.85808755820112
2051-07-14 13:00:00,0.0,44.47512412967938
2051-07-14 14:00:00,0.0,0.8635946432947452
2051-07-14 15:00:00,0.0,0.0
2051-07-14 16:00:00,0.0,0.0
2051-07-14 17:00:00,0.0,0.0
2051-07-14 18:00:00,0.0,0.0
2051-07-14 19:00:00,0.0,0.0
2051-07-14 20:00:00,0.0,0.0
2051-07-14 21:00:00,0.0,0.0
2051-07-14 22:00:00,0.0,0.0
2051-07-14 23:00:00,0.0,0.0
2051-07-15 00:00:00,0.0,0.0
2051-07-15 01:00:00,0.0,0.0
2051-07-15 02:00:00,0.0,23.748852690605492
2051-07-15 03:00:00,0.0,85.92766700782715
2051-07-15 04:00:00,0.0,154.58344114975938
2051-07-15 05:00:00,0.0,210.71709296391782
2051-07-15 06:00:00,0.0,257.78300102348146
2051-07-15 07:00:00,0.0,278.5092724625553
2051-07-15 08:00:00,0.0,280.66825907079215
2051-07-15 09:00:00,0.0,265.55535281313416
2051-07-15 10:00:00,0.0,229.28437779475485
2051-07-15 11:00:00,0.0,176.173307232128
2051-07-15 12:00:00,0.0,110.54011434172739
2051-07-15 13:00:00,0.0,43.61152948638464
2051-07-15 14:00:00,0.0,0.8635946432947452
2051-07-15 15:00:00,0.0,0.0
2051-07-15 16:00:00,0.0,0.0
2051-07-15 17:00:00,0.0,0.0
2051-07-15 18:00:00,0.0,0.0
2051-07-15 19:00:00,0.0,0.0
2051-07-15 20:00:00,0.0,0.0
2051-07-15 21:00:00,0.0,0.0
2051-07-15 22:00:00,0.0,0.0
2051-07-15 23:00:00,0.0,0.0
2051-07-16 00:00:00,0.0,0.0
2051-07-16 01:00:00,0.0,0.0
2051-07-16 02:00:00,0.0,24.61244733390024
2051-07-16 03:00:00,0.0,90.67743754594825
2051-07-16 04:00:00,0.0,162.78759026105948
2051-07-16 05:00:00,0.0,222.37562064839688
2051-07-16 06:00:00,0.0,269.44152870796046
2051-07-16 07:00:00,0.0,288.00881353879754
2051-07-16 08:00:00,0.0,288.00881353879754
2051-07-16 09:00:00,0.0,270.30512335125525
2051-07-16 10:00:00,0.0,234.034148332876
2051-07-16 11:00:00,0.0,180.05948312695435
2051-07-16 12:00:00,0.0,112.69910094996425
2051-07-16 13:00:00,0.0,44.043326808032
2051-07-16 14:00:00,0.0,0.4317973216473726
2051-07-16 15:00:00,0.0,0.0
2051-07-16 16:00:00,0.0,0.0
2051-07-16 17:00:00,0.0,0.0
2051-07-16 18:00:00,0.0,0.0
2051-07-16 19:00:00,0.0,0.0
2051-07-16 20:00:00,0.0,0.0
2051-07-16 21:00:00,0.0,0.0
2051-07-16 22:00:00,0.0,0.0
2051-07-16 23:00:00,0.0,0.0
2051-07-17 00:00:00,0.0,0.0
2051-07-17 01:00:00,0.0,0.0
2051-07-17 02:00:00,0.0,24.61244733390024
2051-07-17 03:00:00,0.0,91.54103218924298
2051-07-17 04:00:00,0.0,164.51477954764897
2051-07-17 05:00:00,0.0,224.53460725663376
2051-07-17 06:00:00,0.0,272.89590728113944
2051-07-17 07:00:00,0.0,291.03139479032916
2051-07-17 08:00:00,0.0,289.73600282538706
2051-07-17 09:00:00,0.0,270.30512335125525
2051-07-17 10:00:00,0.0,231.87516172463907
2051-07-17 11:00:00,0.0,176.173307232128
2051-07-17 12:00:00,0.0,108.81292505513788
2051-07-17 13:00:00,0.0,42.74793484308989
2051-07-17 14:00:00,0.0,0.4317973216473726
2051-07-17 15:00:00,0.0,0.0
2051-07-17 16:00:00,0.0,0.0
2051-07-17 17:00:00,0.0,0.0
2051-07-17 18:00:00,0.0,0.0
2051-07-17 19:00:00,0.0,0.0
2051-07-17 20:00:00,0.0,0.0
2051-07-17 21:00:00,0.0,0.0
2051-07-17 22:00:00,0.0,0.0
2051-07-17 23:00:00,0.0,0.0
2051-07-18 00:00:00,0.0,0.0
2051-07-18 01:00:00,0.0,0.0
2051-07-18 02:00:00,0.0,22.021663404016
2051-07-18 03:00:00,0.0,81.60969379135341
2051-07-18 04:00:00,0.0,145.08390007351719
2051-07-18 05:00:00,0.0,201.64934920932302
2051-07-18 06:00:00,0.0,246.12447333900238
2051-07-18 07:00:00,0.0,269.44152870796046
2051-07-18 08:00:00,0.0,273.32770460278687
2051-07-18 09:00:00,0.0,266.85074477807626
2051-07-18 10:00:00,0.0,229.28437779475485
2051-07-18 11:00:00,0.0,173.1507259805964
2051-07-18 12:00:00,0.0,105.79034380360629
2051-07-18 13:00:00,0.0,42.74793484308989
2051-07-18 14:00:00,0.0,0.4317973216473726
2051-07-18 15:00:00,0.0,0.0
2051-07-18 16:00:00,0.0,0.0
2051-07-18 17:00:00,0.0,0.0
2051-07-18 18:00:00,0.0,0.0
2051-07-18 19:00:00,0.0,0.0
2051-07-18 20:00:00,0.0,0.0
2051-07-18 21:00:00,0.0,0.0
2051-07-18 22:00:00,0.0,0.0
2051-07-18 23:00:00,0.0,0.0
2051-07-19 00:00:00,0.0,0.0
2051-07-19 01:00:00,0.0,0.0
2051-07-19 02:00:00,0.0,22.021663404016
2051-07-19 03:00:00,0.0,82.90508575629553
2051-07-19 04:00:00,0.0,150.69726525493303
2051-07-19 05:00:00,0.0,208.1263090340336
2051-07-19 06:00:00,0.0,261.2373795966604
2051-07-19 07:00:00,0.0,281.53185371408694
2051-07-19 08:00:00,0.0,283.25904300067646
2051-07-19 09:00:00,0.0,266.4189474564289
2051-07-19 10:00:00,0.0,230.14797243804955
2051-07-19 11:00:00,0.0,176.173307232128
2051-07-19 12:00:00,0.0,109.24472237678526
2051-07-19 13:00:00,0.0,41.88434019979514
2051-07-19 14:00:00,0.0,0.4317973216473726
2051-07-19 15:00:00,0.0,0.0
2051-07-19 16:00:00,0.0,0.0
2051-07-19 17:00:00,0.0,0.0
2051-07-19 18:00:00,0.0,0.0
2051-07-19 19:00:00,0.0,0.0
2051-07-19 20:00:00,0.0,0.0
2051-07-19 21:00:00,0.0,0.0
2051-07-19 22:00:00,0.0,0.0
2051-07-19 23:00:00,0.0,0.0
2051-07-20 00:00:00,0.0,0.0
2051-07-20 01:00:00,0.0,0.0
2051-07-20 02:00:00,0.0,24.61244733390024
2051-07-20 03:00:00,0.0,92.83642415418511
2051-07-20 04:00:00,0.0,165.81017151259107
2051-07-20 05:00:00,0.0,223.671012613339
2051-07-20 06:00:00,0.0,263.8281635265447
2051-07-20 07:00:00,0.0,291.03139479032916
2051-07-20 08:00:00,0.0,297.07655729339234
2051-07-20 09:00:00,0.0,278.94106978420274
2051-07-20 10:00:00,0.0,242.23829744417606
2051-07-20 11:00:00,0.0,186.96824027331232
2051-07-20 12:00:00,0.0,117.017074166438
2051-07-20 13:00:00,0.0,45.77051609462149
2051-07-20 14:00:00,0.0,0.4317973216473726
2051-07-20 15:00:00,0.0,0.0
2051-07-20 16:00:00,0.0,0.0
2051-07-20 17:00:00,0.0,0.0
2051-07-20 18:00:00,0.0,0.0
2051-07-20 19:00:00,0.0,0.0
2051-07-20 20:00:00,0.0,0.0
2051-07-20 21:00:00,0.0,0.0
2051-07-20 22:00:00,0.0,0.0
2051-07-20 23:00:00,0.0,0.0
2051-07-21 00:00:00,0.0,0.0
2051-07-21 01:00:00,0.0,0.0
2051-07-21 02:00:00,0.0,23.748852690605492
2051-07-21 03:00:00,0.0,90.67743754594825
2051-07-21 04:00:00,0.0,158.03781972293837
2051-07-21 05:00:00,0.0,215.46686350203893
2051-07-21 06:00:00,0.0,245.692676017355
2051-07-21 07:00:00,0.0,259.07839298842356
2051-07-21 08:00:00,0.0,246.12447333900238
2051-07-21 09:00:00,0.0,231.87516172463907
2051-07-21 10:00:00,0.0,215.46686350203893
2051-07-21 11:00:00,0.0,176.6051045537754
2051-07-21 12:00:00,0.0,113.13089827161161
2051-07-21 13:00:00,0.0,44.043326808032
2051-07-21 14:00:00,0.0,0.4317973216473726
2051-07-21 15:00:00,0.0,0.0
2051-07-21 16:00:00,0.0,0.0
2051-07-21 17:00:00,0.0,0.0
2051-07-21 18:00:00,0.0,0.0
2051-07-21 19:00:00,0.0,0.0
2051-07-21 20:00:00,0.0,0.0
2051-07-21 21:00:00,0.0,0.0
2051-07-21 22:00:00,0.0,0.0
2051-07-21 23:00:00,0.0,0.0
2051-07-22 00:00:00,0.0,0.0
2051-07-22 01:00:00,0.0,0.0
2051-07-22 02:00:00,0.0,22.885258047310746
2051-07-22 03:00:00,0.0,84.20047772123766
2051-07-22 04:00:00,0.0,159.33321168788046
2051-07-22 05:00:00,0.0,222.80741797004427
2051-07-22 06:00:00,0.0,269.44152870796046
2051-07-22 07:00:00,0.0,292.32678675527126
2051-07-22 08:00:00,0.0,294.0539760418608
2051-07-22 09:00:00,0.0,275.91848853267106
2051-07-22 10:00:00,0.0,240.0793108359392
2051-07-22 11:00:00,0.0,184.3774563434281
2051-07-22 12:00:00,0.0,113.562695593259
2051-07-22 13:00:00,0.0,43.17973216473726
2051-07-22 14:00:00,0.0,0.0
2051-07-22 15:00:00,0.0,0.0
2051-07-22 16:00:00,0.0,0.0
2051-07-22 17:00:00,0.0,0.0
2051-07-22 18:00:00,0.0,0.0
2051-07-22 19:00:00,0.0,0.0
2051-07-22 20:00:00,0.0,0.0
2051-07-22 21:00:00,0.0,0.0
2051-07-22 22:00:00,0.0,0.0
2051-07-22 23:00:00,0.0,0.0
2051-07-23 00:00:00,0.0,0.0
2051-07-23 01:00:00,0.0,0.0
2051-07-23 02:00:00,0.0,18.56728483083702
2051-07-23 03:00:00,0.0,79.01890986146918
2051-07-23 04:00:00,0.0,144.22030543022242
2051-07-23 05:00:00,0.0,212.01248492885995
2051-07-23 06:00:00,0.0,259.9419876317183
2051-07-23 07:00:00,0.0,281.9636510357343
2051-07-23 08:00:00,0.0,290.16780014703437
2051-07-23 09:00:00,0.0,278.94106978420274
2051-07-23 10:00:00,0.0,245.692676017355
2051-07-23 11:00:00,0.0,193.01340277637556
2051-07-23 12:00:00,0.0,123.06223666950119
2051-07-23 13:00:00,0.0,49.65669198944785
2051-07-23 14:00:00,0.0,0.4317973216473726
2051-07-23 15:00:00,0.0,0.0
2051-07-23 16:00:00,0.0,0.0
2051-07-23 17:00:00,0.0,0.0
2051-07-23 18:00:00,0.0,0.0
2051-07-23 19:00:00,0.0,0.0
2051-07-23 20:00:00,0.0,0.0
2051-07-23 21:00:00,0.0,0.0
2051-07-23 22:00:00,0.0,0.0
2051-07-23 23:00:00,0.0,0.0
2051-07-24 00:00:00,0.0,0.0
2051-07-24 01:00:00,0.0,0.0
2051-07-24 02:00:00,0.0,22.885258047310746
2051-07-24 03:00:00,0.0,86.35946432947452
2051-07-24 04:00:00,0.0,159.33321168788046
2051-07-24 05:00:00,0.0,214.1714715370968
2051-07-24 06:00:00,0.0,264.25996084819207
2051-07-24 07:00:00,0.0,283.6908403223238
2051-07-24 08:00:00,0.0,285.84982693056065
2051-07-24 09:00:00,0.0,265.98715013478153
2051-07-24 10:00:00,0.0,226.26179654322323
2051-07-24 11:00:00,0.0,172.28713133730167
2051-07-24 12:00:00,0.0,107.51753309019577
2051-07-24 13:00:00,0.0,39.72535359155828
2051-07-24 14:00:00,0.0,0.0
2051-07-24 15:00:00,0.0,0.0
2051-07-24 16:00:00,0.0,0.0
2051-07-24 17:00:00,0.0,0.0
2051-07-24 18:00:00,0.0,0.0
2051-07-24 19:00:00,0.0,0.0
2051-07-24 20:00:00,0.0,0.0
2051-07-24 21:00:00,0.0,0.0
2051-07-24 22:00:00,0.0,0.0
2051-07-24 23:00:00,0.0,0.0
2051-07-25 00:00:00,0.0,0.0
2051-07-25 01:00:00,0.0,0.0
2051-07-25 02:00:00,0.0,19.430879474131768
2051-07-25 03:00:00,0.0,77.29172057487969
2051-07-25 04:00:00,0.0,145.94749471681195
2051-07-25 05:00:00,0.0,193.44520009802295
2051-07-25 06:00:00,0.0,247.85166262559184
2051-07-25 07:00:00,0.0,281.9636510357343
2051-07-25 08:00:00,0.0,285.4180296089133
2051-07-25 09:00:00,0.0,270.30512335125525
2051-07-25 10:00:00,0.0,227.55718850816538
2051-07-25 11:00:00,0.0,171.4235366940069
2051-07-25 12:00:00,0.0,98.01799201395357
2051-07-25 13:00:00,0.0,34.54378573178981
2051-07-25 14:00:00,0.0,0.0
2051-07-25 15:00:00,0.0,0.0
2051-07-25 16:00:00,0.0,0.0
2051-07-25 17:00:00,0.0,0.0
2051-07-25 18:00:00,0.0,0.0
2051-07-25 19:00:00,0.0,0.0
2051-07-25 20:00:00,0.0,0.0
2051-07-25 21:00:00,0.0,0.0
2051-07-25 22:00:00,0.0,0.0
2051-07-25 23:00:00,0.0,0.0
2051-07-26 00:00:00,0.0,0.0
2051-07-26 01:00:00,0.0,0.0
2051-07-26 02:00:00,0.0,19.86267679577914
2051-07-26 03:00:00,0.0,86.35946432947452
2051-07-26 04:00:00,0.0,162.3557929394121
2051-07-26 05:00:00,0.0,221.08022868345478
2051-07-26 06:00:00,0.0,265.98715013478153
2051-07-26 07:00:00,0.0,286.71342157385544
2051-07-26 08:00:00,0.0,290.16780014703437
2051-07-26 09:00:00,0.0,273.32770460278687
2051-07-26 10:00:00,0.0,235.32954029781808
2051-07-26 11:00:00,0.0,179.19588848365962
2051-07-26 12:00:00,0.0,110.10831702008002
2051-07-26 13:00:00,0.0,41.020745556500394
2051-07-26 14:00:00,0.0,0.0
2051-07-26 15:00:00,0.0,0.0
2051-07-26 16:00:00,0.0,0.0
2051-07-26 17:00:00,0.0,0.0
2051-07-26 18:00:00,0.0,0.0
2051-07-26 19:00:00,0.0,0.0
2051-07-26 20:00:00,0.0,0.0
2051-07-26 21:00:00,0.0,0.0
2051-07-26 22:00:00,0.0,0.0
2051-07-26 23:00:00,0.0,0.0
2051-07-27 00:00:00,0.0,0.0
2051-07-27 01:00:00,0.0,0.0
2051-07-27 02:00:00,0.0,21.58986608236863
2051-07-27 03:00:00,0.0,85.49586968617977
2051-07-27 04:00:00,0.0,158.90141436623313
2051-07-27 05:00:00,0.0,217.62585011027576
2051-07-27 06:00:00,0.0,257.3512037018341
2051-07-27 07:00:00,0.0,278.94106978420274
2051-07-27 08:00:00,0.0,283.6908403223238
2051-07-27 09:00:00,0.0,280.66825907079215
2051-07-27 10:00:00,0.0,243.53368940911815
2051-07-27 11:00:00,0.0,187.40003759495968
2051-07-27 12:00:00,0.0,116.58527684479061
2051-07-27 13:00:00,0.0,44.47512412967938
2051-07-27 14:00:00,0.0,0.0
2051-07-27 15:00:00,0.0,0.0
2051-07-27 16:00:00,0.0,0.0
2051-07-27 17:00:00,0.0,0.0
2051-07-27 18:00:00,0.0,0.0
2051-07-27 19:00:00,0.0,0.0
2051-07-27 20:00:00,0.0,0.0
2051-07-27 21:00:00,0.0,0.0
2051-07-27 22:00:00,0.0,0.0
2051-07-27 23:00:00,0.0,0.0
2051-07-28 00:00:00,0.0,0.0
2051-07-28 01:00:00,0.0,0.0
2051-07-28 02:00:00,0.0,23.748852690605492
2051-07-28 03:00:00,0.0,94.13181611912722
2051-07-28 04:00:00,0.0,168.8327527641227
2051-07-28 05:00:00,0.0,230.14797243804955
2051-07-28 06:00:00,0.0,278.077475140908
2051-07-28 07:00:00,0.0,299.6673412232766
2051-07-28 08:00:00,0.0,301.8263278315135
2051-07-28 09:00:00,0.0,284.5544349656186
2051-07-28 10:00:00,0.0,247.41986530394448
2051-07-28 11:00:00,0.0,191.28621348978604
2051-07-28 12:00:00,0.0,119.6078580963222
2051-07-28 13:00:00,0.0,45.338718772974126
2051-07-28 14:00:00,0.0,0.0
2051-07-28 15:00:00,0.0,0.0
2051-07-28 16:00:00,0.0,0.0
2051-07-28 17:00:00,0.0,0.0
2051-07-28 18:00:00,0.0,0.0
2051-07-28 19:00:00,0.0,0.0
2051-07-28 20:00:00,0.0,0.0
2051-07-28 21:00:00,0.0,0.0
2051-07-28 22:00:00,0.0,0.0
2051-07-28 23:00:00,0.0,0.0
2051-07-29 00:00:00,0.0,0.0
2051-07-29 01:00:00,0.0,0.0
2051-07-29 02:00:00,0.0,22.021663404016
2051-07-29 03:00:00,0.0,84.63227504288504
2051-07-29 04:00:00,0.0,142.92491346528033
2051-07-29 05:00:00,0.0,212.87607957215468
2051-07-29 06:00:00,0.0,266.85074477807626
2051-07-29 07:00:00,0.0,289.73600282538706
2051-07-29 08:00:00,0.0,293.62217872021336
2051-07-29 09:00:00,0.0,276.3502858543185
2051-07-29 10:00:00,0.0,231.87516172463907
2051-07-29 11:00:00,0.0,149.4018732899909
2051-07-29 12:00:00,0.0,59.15623306569004
2051-07-29 13:00:00,0.0,17.271892865894905
2051-07-29 14:00:00,0.0,0.0
2051-07-29 15:00:00,0.0,0.0
2051-07-29 16:00:00,0.0,0.0
2051-07-29 17:00:00,0.0,0.0
2051-07-29 18:00:00,0.0,0.0
2051-07-29 19:00:00,0.0,0.0
2051-07-29 20:00:00,0.0,0.0
2051-07-29 21:00:00,0.0,0.0
2051-07-29 22:00:00,0.0,0.0
2051-07-29 23:00:00,0.0,0.0
2051-07-30 00:00:00,0.0,0.0
2051-07-30 01:00:00,0.0,0.0
2051-07-30 02:00:00,0.0,17.70369018754228
2051-07-30 03:00:00,0.0,68.65577414193224
2051-07-30 04:00:00,0.0,145.08390007351719
2051-07-30 05:00:00,0.0,215.03506618039154
2051-07-30 06:00:00,0.0,256.9194063801867
2051-07-30 07:00:00,0.0,274.1912992460816
2051-07-30 08:00:00,0.0,273.75950192443423
2051-07-30 09:00:00,0.0,248.28345994723924
2051-07-30 10:00:00,0.0,195.17238938461242
2051-07-30 11:00:00,0.0,134.2889670323329
2051-07-30 12:00:00,0.0,66.49678753369538
2051-07-30 13:00:00,0.0,24.180650012252865
2051-07-30 14:00:00,0.0,0.0
2051-07-30 15:00:00,0.0,0.0
2051-07-30 16:00:00,0.0,0.0
2051-07-30 17:00:00,0.0,0.0
2051-07-30 18:00:00,0.0,0.0
2051-07-30 19:00:00,0.0,0.0
2051-07-30 20:00:00,0.0,0.0
2051-07-30 21:00:00,0.0,0.0
2051-07-30 22:00:00,0.0,0.0
2051-07-30 23:00:00,0.0,0.0
2051-07-31 00:00:00,0.0,0.0
2051-07-31 01:00:00,0.0,0.0
2051-07-31 02:00:00,0.0,17.271892865894905
2051-07-31 03:00:00,0.0,60.45162503063217
2051-07-31 04:00:00,0.0,107.94933041184315
2051-07-31 05:00:00,0.0,152.42445454152252
2051-07-31 06:00:00,0.0,193.01340277637556
2051-07-31 07:00:00,0.0,218.92124207521792
2051-07-31 08:00:00,0.0,231.0115670813443
2051-07-31 09:00:00,0.0,237.05672958440755
2051-07-31 10:00:00,0.0,209.8534983206231
2051-07-31 11:00:00,0.0,136.01615631892238
2051-07-31 12:00:00,0.0,53.974665205921575
2051-07-31 13:00:00,0.0,12.953919649421177
2051-07-31 14:00:00,0.0,0.0
2051-07-31 15:00:00,0.0,0.0
2051-07-31 16:00:00,0.0,0.0
2051-07-31 17:00:00,0.0,0.0
2051-07-31 18:00:00,0.0,0.0
2051-07-31 19:00:00,0.0,0.0
2051-07-31 20:00:00,0.0,0.0
2051-07-31 21:00:00,0.0,0.0
2051-07-31 22:00:00,0.0,0.0
2051-07-31 23:00:00,0.0,0.0
2051-08-01 00:00:00,0.0,0.0
2051-08-01 01:00:00,0.0,0.0
2051-08-01 02:00:00,0.0,20.726271439073884
2051-08-01 03:00:00,0.0,73.40554468005334
2051-08-01 04:00:00,0.0,126.51661524268019
2051-08-01 05:00:00,0.0,178.33229384036485
2051-08-01 06:00:00,0.0,224.96640457828113
2051-08-01 07:00:00,0.0,266.85074477807626
2051-08-01 08:00:00,0.0,290.16780014703437
2051-08-01 09:00:00,0.0,267.2825420997236
2051-08-01 10:00:00,0.0,224.96640457828113
2051-08-01 11:00:00,0.0,162.78759026105948
2051-08-01 12:00:00,0.0,87.22305897276928
2051-08-01 13:00:00,0.0,26.7714339421371
2051-08-01 14:00:00,0.0,0.0
2051-08-01 15:00:00,0.0,0.0
2051-08-01 16:00:00,0.0,0.0
2051-08-01 17:00:00,0.0,0.0
2051-08-01 18:00:00,0.0,0.0
2051-08-01 19:00:00,0.0,0.0
2051-08-01 20:00:00,0.0,0.0
2051-08-01 21:00:00,0.0,0.0
2051-08-01 22:00:00,0.0,0.0
2051-08-01 23:00:00,0.0,0.0
2051-08-02 00:00:00,0.0,0.0
2051-08-02 01:00:00,0.0,0.0
2051-08-02 02:00:00,0.0,10.794933041184315
2051-08-02 03:00:00,0.0,57.860841100747926
2051-08-02 04:00:00,0.0,127.8120072076223
2051-08-02 05:00:00,0.0,167.10556347753322
2051-08-02 06:00:00,0.0,186.53644295166495
2051-08-02 07:00:00,0.0,179.19588848365962
2051-08-02 08:00:00,0.0,167.96915812082793
2051-08-02 09:00:00,0.0,142.92491346528033
2051-08-02 10:00:00,0.0,119.6078580963222
2051-08-02 11:00:00,0.0,84.63227504288504
2051-08-02 12:00:00,0.0,48.36130002450573
2051-08-02 13:00:00,0.0,18.99908215248439
2051-08-02 14:00:00,0.0,0.0
2051-08-02 15:00:00,0.0,0.0
2051-08-02 16:00:00,0.0,0.0
2051-08-02 17:00:00,0.0,0.0
2051-08-02 18:00:00,0.0,0.0
2051-08-02 19:00:00,0.0,0.0
2051-08-02 20:00:00,0.0,0.0
2051-08-02 21:00:00,0.0,0.0
2051-08-02 22:00:00,0.0,0.0
2051-08-02 23:00:00,0.0,0.0
2051-08-03 00:00:00,0.0,0.0
2051-08-03 01:00:00,0.0,0.0
2051-08-03 02:00:00,0.0,11.226730362831688
2051-08-03 03:00:00,0.0,45.338718772974126
2051-08-03 04:00:00,0.0,82.47328843464817
2051-08-03 05:00:00,0.0,116.58527684479061
2051-08-03 06:00:00,0.0,158.46961704458576
2051-08-03 07:00:00,0.0,209.8534983206231
2051-08-03 08:00:00,0.0,259.07839298842356
2051-08-03 09:00:00,0.0,268.14613674301836
2051-08-03 10:00:00,0.0,234.034148332876
2051-08-03 11:00:00,0.0,176.6051045537754
2051-08-03 12:00:00,0.0,107.51753309019577
2051-08-03 13:00:00,0.0,37.566366983321416
2051-08-03 14:00:00,0.0,0.0
2051-08-03 15:00:00,0.0,0.0
2051-08-03 16:00:00,0.0,0.0
2051-08-03 17:00:00,0.0,0.0
2051-08-03 18:00:00,0.0,0.0
2051-08-03 19:00:00,0.0,0.0
2051-08-03 20:00:00,0.0,0.0
2051-08-03 21:00:00,0.0,0.0
2051-08-03 22:00:00,0.0,0.0
2051-08-03 23:00:00,0.0,0.0
2051-08-04 00:00:00,0.0,0.0
2051-08-04 01:00:00,0.0,0.0
2051-08-04 02:00:00,0.0,18.99908215248439
2051-08-04 03:00:00,0.0,75.56453128829021
2051-08-04 04:00:00,0.0,147.24288668175407
2051-08-04 05:00:00,0.0,212.01248492885995
2051-08-04 06:00:00,0.0,269.0097313863131
2051-08-04 07:00:00,0.0,287.57701621715023
2051-08-04 08:00:00,0.0,280.23646174914484
2051-08-04 09:00:00,0.0,246.98806798229714
2051-08-04 10:00:00,0.0,209.8534983206231
2051-08-04 11:00:00,0.0,163.21938758270682
2051-08-04 12:00:00,0.0,100.17697862219045
2051-08-04 13:00:00,0.0,34.54378573178981
2051-08-04 14:00:00,0.0,0.0
2051-08-04 15:00:00,0.0,0.0
2051-08-04 16:00:00,0.0,0.0
2051-08-04 17:00:00,0.0,0.0
2051-08-04 18:00:00,0.0,0.0
2051-08-04 19:00:00,0.0,0.0
2051-08-04 20:00:00,0.0,0.0
2051-08-04 21:00:00,0.0,0.0
2051-08-04 22:00:00,0.0,0.0
2051-08-04 23:00:00,0.0,0.0
2051-08-05 00:00:00,0.0,0.0
2051-08-05 01:00:00,0.0,0.0
2051-08-05 02:00:00,0.0,8.635946432947453
2051-08-05 03:00:00,0.0,46.63411073791624
2051-08-05 04:00:00,0.0,108.38112773349053
2051-08-05 05:00:00,0.0,175.74150991048063
2051-08-05 06:00:00,0.0,221.51202600510211
2051-08-05 07:00:00,0.0,245.26087869570762
2051-08-05 08:00:00,0.0,250.4424465554761
2051-08-05 09:00:00,0.0,250.0106492338287
2051-08-05 10:00:00,0.0,212.01248492885995
2051-08-05 11:00:00,0.0,161.92399561776472
2051-08-05 12:00:00,0.0,97.15439737065883
2051-08-05 13:00:00,0.0,36.270975018379296
2051-08-05 14:00:00,0.0,0.0
2051-08-05 15:00:00,0.0,0.0
2051-08-05 16:00:00,0.0,0.0
2051-08-05 17:00:00,0.0,0.0
2051-08-05 18:00:00,0.0,0.0
2051-08-05 19:00:00,0.0,0.0
2051-08-05 20:00:00,0.0,0.0
2051-08-05 21:00:00,0.0,0.0
2051-08-05 22:00:00,0.0,0.0
2051-08-05 23:00:00,0.0,0.0
2051-08-06 00:00:00,0.0,0.0
2051-08-06 01:00:00,0.0,0.0
2051-08-06 02:00:00,0.0,12.953919649421177
2051-08-06 03:00:00,0.0,60.45162503063217
2051-08-06 04:00:00,0.0,123.92583131279592
2051-08-06 05:00:00,0.0,184.80925366507546
2051-08-06 06:00:00,0.0,228.85258047310748
2051-08-06 07:00:00,0.0,261.66917691830776
2051-08-06 08:00:00,0.0,272.89590728113944
2051-08-06 09:00:00,0.0,261.66917691830776
2051-08-06 10:00:00,0.0,224.96640457828113
2051-08-06 11:00:00,0.0,171.8553340156543
2051-08-06 12:00:00,0.0,105.79034380360629
2051-08-06 13:00:00,0.0,38.861758948263535
2051-08-06 14:00:00,0.0,0.0
2051-08-06 15:00:00,0.0,0.0
2051-08-06 16:00:00,0.0,0.0
2051-08-06 17:00:00,0.0,0.0
2051-08-06 18:00:00,0.0,0.0
2051-08-06 19:00:00,0.0,0.0
2051-08-06 20:00:00,0.0,0.0
2051-08-06 21:00:00,0.0,0.0
2051-08-06 22:00:00,0.0,0.0
2051-08-06 23:00:00,0.0,0.0
2051-08-07 00:00:00,0.0,0.0
2051-08-07 01:00:00,0.0,0.0
2051-08-07 02:00:00,0.0,12.090325006126433
2051-08-07 03:00:00,0.0,64.33780092545852
2051-08-07 04:00:00,0.0,138.6069402488066
2051-08-07 05:00:00,0.0,196.03598402790715
2051-08-07 06:00:00,0.0,235.32954029781808
2051-08-07 07:00:00,0.0,264.25996084819207
2051-08-07 08:00:00,0.0,272.89590728113944
2051-08-07 09:00:00,0.0,265.1235554914868
2051-08-07 10:00:00,0.0,225.3982018999285
2051-08-07 11:00:00,0.0,172.28713133730167
2051-08-07 12:00:00,0.0,108.38112773349053
2051-08-07 13:00:00,0.0,38.42996162661616
2051-08-07 14:00:00,0.0,0.0
2051-08-07 15:00:00,0.0,0.0
2051-08-07 16:00:00,0.0,0.0
2051-08-07 17:00:00,0.0,0.0
2051-08-07 18:00:00,0.0,0.0
2051-08-07 19:00:00,0.0,0.0
2051-08-07 20:00:00,0.0,0.0
2051-08-07 21:00:00,0.0,0.0
2051-08-07 22:00:00,0.0,0.0
2051-08-07 23:00:00,0.0,0.0
2051-08-08 00:00:00,0.0,0.0
2051-08-08 01:00:00,0.0,0.0
2051-08-08 02:00:00,0.0,14.681108936010668
2051-08-08 03:00:00,0.0,66.92858485534275
2051-08-08 04:00:00,0.0,129.53919649421178
2051-08-08 05:00:00,0.0,181.78667241354387
2051-08-08 06:00:00,0.0,238.35212154934968
2051-08-08 07:00:00,0.0,256.4876090585393
2051-08-08 08:00:00,0.0,260.3737849533657
2051-08-08 09:00:00,0.0,258.21479834512877
2051-08-08 10:00:00,0.0,228.85258047310748
2051-08-08 11:00:00,0.0,175.30971258883326
2051-08-08 12:00:00,0.0,100.17697862219045
2051-08-08 13:00:00,0.0,30.225812515316086
2051-08-08 14:00:00,0.0,0.0
2051-08-08 15:00:00,0.0,0.0
2051-08-08 16:00:00,0.0,0.0
2051-08-08 17:00:00,0.0,0.0
2051-08-08 18:00:00,0.0,0.0
2051-08-08 19:00:00,0.0,0.0
2051-08-08 20:00:00,0.0,0.0
2051-08-08 21:00:00,0.0,0.0
2051-08-08 22:00:00,0.0,0.0
2051-08-08 23:00:00,0.0,0.0
2051-08-09 00:00:00,0.0,0.0
2051-08-09 01:00:00,0.0,0.0
2051-08-09 02:00:00,0.0,13.38571697106855
2051-08-09 03:00:00,0.0,63.90600360381115
2051-08-09 04:00:00,0.0,130.40279113750654
2051-08-09 05:00:00,0.0,192.5816054547282
2051-08-09 06:00:00,0.0,267.714339421371
2051-08-09 07:00:00,0.0,284.9862322872659
2051-08-09 08:00:00,0.0,281.53185371408694
2051-08-09 09:00:00,0.0,252.16963584206562
2051-08-09 10:00:00,0.0,211.58068760721258
2051-08-09 11:00:00,0.0,154.15164382811201
2051-08-09 12:00:00,0.0,88.086653616064
2051-08-09 13:00:00,0.0,28.06682590707922
2051-08-09 14:00:00,0.0,0.0
2051-08-09 15:00:00,0.0,0.0
2051-08-09 16:00:00,0.0,0.0
2051-08-09 17:00:00,0.0,0.0
2051-08-09 18:00:00,0.0,0.0
2051-08-09 19:00:00,0.0,0.0
2051-08-09 20:00:00,0.0,0.0
2051-08-09 21:00:00,0.0,0.0
2051-08-09 22:00:00,0.0,0.0
2051-08-09 23:00:00,0.0,0.0
2051-08-10 00:00:00,0.0,0.0
2051-08-10 01:00:00,0.0,0.0
2051-08-10 02:00:00,0.0,14.681108936010668
2051-08-10 03:00:00,0.0,69.95116610687437
2051-08-10 04:00:00,0.0,138.6069402488066
2051-08-10 05:00:00,0.0,199.49036260108616
2051-08-10 06:00:00,0.0,262.53277156160254
2051-08-10 07:00:00,0.0,279.37286710585005
2051-08-10 08:00:00,0.0,276.3502858543185
2051-08-10 09:00:00,0.0,262.1009742399552
2051-08-10 10:00:00,0.0,224.53460725663376
2051-08-10 11:00:00,0.0,167.96915812082793
2051-08-10 12:00:00,0.0,95.42720808406935
2051-08-10 13:00:00,0.0,24.61244733390024
2051-08-10 14:00:00,0.0,0.0
2051-08-10 15:00:00,0.0,0.0
2051-08-10 16:00:00,0.0,0.0
2051-08-10 17:00:00,0.0,0.0
2051-08-10 18:00:00,0.0,0.0
2051-08-10 19:00:00,0.0,0.0
2051-08-10 20:00:00,0.0,0.0
2051-08-10 21:00:00,0.0,0.0
2051-08-10 22:00:00,0.0,0.0
2051-08-10 23:00:00,0.0,0.0
2051-08-11 00:00:00,0.0,0.0
2051-08-11 01:00:00,0.0,0.0
2051-08-11 02:00:00,0.0,15.112906257658043
2051-08-11 03:00:00,0.0,69.95116610687437
2051-08-11 04:00:00,0.0,137.31154828386448
2051-08-11 05:00:00,0.0,197.76317331449664
2051-08-11 06:00:00,0.0,250.0106492338287
2051-08-11 07:00:00,0.0,272.89590728113944
2051-08-11 08:00:00,0.0,272.46410995949213
2051-08-11 09:00:00,0.0,253.89682512865508
2051-08-11 10:00:00,0.0,215.03506618039154
2051-08-11 11:00:00,0.0,149.83367061163827
2051-08-11 12:00:00,0.0,69.95116610687437
2051-08-11 13:00:00,0.0,14.681108936010668
2051-08-11 14:00:00,0.0,0.0
2051-08-11 15:00:00,0.0,0.0
2051-08-11 16:00:00,0.0,0.0
2051-08-11 17:00:00,0.0,0.0
2051-08-11 18:00:00,0.0,0.0
2051-08-11 19:00:00,0.0,0.0
2051-08-11 20:00:00,0.0,0.0
2051-08-11 21:00:00,0.0,0.0
2051-08-11 22:00:00,0.0,0.0
2051-08-11 23:00:00,0.0,0.0
2051-08-12 00:00:00,0.0,0.0
2051-08-12 01:00:00,0.0,0.0
2051-08-12 02:00:00,0.0,4.749770538121099
2051-08-12 03:00:00,0.0,31.521204480258202
2051-08-12 04:00:00,0.0,71.67835539346386
2051-08-12 05:00:00,0.0,112.26730362831688
2051-08-12 06:00:00,0.0,147.67468400340144
2051-08-12 07:00:00,0.0,183.51386170013336
2051-08-12 08:00:00,0.0,195.17238938461242
2051-08-12 09:00:00,0.0,179.19588848365962
2051-08-12 10:00:00,0.0,158.46961704458576
2051-08-12 11:00:00,0.0,123.06223666950119
2051-08-12 12:00:00,0.0,76.85992325323232
2051-08-12 13:00:00,0.0,29.362217872021336
2051-08-12 14:00:00,0.0,0.0
2051-08-12 15:00:00,0.0,0.0
2051-08-12 16:00:00,0.0,0.0
2051-08-12 17:00:00,0.0,0.0
2051-08-12 18:00:00,0.0,0.0
2051-08-12 19:00:00,0.0,0.0
2051-08-12 20:00:00,0.0,0.0
2051-08-12 21:00:00,0.0,0.0
2051-08-12 22:00:00,0.0,0.0
2051-08-12 23:00:00,0.0,0.0
2051-08-13 00:00:00,0.0,0.0
2051-08-13 01:00:00,0.0,0.0
2051-08-13 02:00:00,0.0,17.70369018754228
2051-08-13 03:00:00,0.0,81.60969379135341
2051-08-13 04:00:00,0.0,152.42445454152252
2051-08-13 05:00:00,0.0,206.39911974744408
2051-08-13 06:00:00,0.0,244.82908137406028
2051-08-13 07:00:00,0.0,267.714339421371
2051-08-13 08:00:00,0.0,265.1235554914868
2051-08-13 09:00:00,0.0,248.28345994723924
2051-08-13 10:00:00,0.0,209.8534983206231
2051-08-13 11:00:00,0.0,155.01523847140678
2051-08-13 12:00:00,0.0,93.26822147583248
2051-08-13 13:00:00,0.0,30.657609836963452
2051-08-13 14:00:00,0.0,0.0
2051-08-13 15:00:00,0.0,0.0
2051-08-13 16:00:00,0.0,0.0
2051-08-13 17:00:00,0.0,0.0
2051-08-13 18:00:00,0.0,0.0
2051-08-13 19:00:00,0.0,0.0
2051-08-13 20:00:00,0.0,0.0
2051-08-13 21:00:00,0.0,0.0
2051-08-13 22:00:00,0.0,0.0
2051-08-13 23:00:00,0.0,0.0
2051-08-14 00:00:00,0.0,0.0
2051-08-14 01:00:00,0.0,0.0
2051-08-14 02:00:00,0.0,12.522122327773806
2051-08-14 03:00:00,0.0,53.5428678842742
2051-08-14 04:00:00,0.0,97.58619469230621
2051-08-14 05:00:00,0.0,155.01523847140678
2051-08-14 06:00:00,0.0,218.92124207521792
2051-08-14 07:00:00,0.0,254.32862245030245
2051-08-14 08:00:00,0.0,255.19221709359724
2051-08-14 09:00:00,0.0,238.783918870997
2051-08-14 10:00:00,0.0,206.83091706909147
2051-08-14 11:00:00,0.0,152.42445454152252
2051-08-14 12:00:00,0.0,88.086653616064
2051-08-14 13:00:00,0.0,29.79401519366871
2051-08-14 14:00:00,0.0,0.0
2051-08-14 15:00:00,0.0,0.0
2051-08-14 16:00:00,0.0,0.0
2051-08-14 17:00:00,0.0,0.0
2051-08-14 18:00:00,0.0,0.0
2051-08-14 19:00:00,0.0,0.0
2051-08-14 20:00:00,0.0,0.0
2051-08-14 21:00:00,0.0,0.0
2051-08-14 22:00:00,0.0,0.0
2051-08-14 23:00:00,0.0,0.0
2051-08-15 00:00:00,0.0,0.0
2051-08-15 01:00:00,0.0,0.0
2051-08-15 02:00:00,0.0,19.86267679577914
2051-08-15 03:00:00,0.0,90.67743754594825
2051-08-15 04:00:00,0.0,168.40095544247532
2051-08-15 05:00:00,0.0,231.4433644029917
2051-08-15 06:00:00,0.0,272.03231263784477
2051-08-15 07:00:00,0.0,292.32678675527126
2051-08-15 08:00:00,0.0,292.7585840769187
2051-08-15 09:00:00,0.0,273.75950192443423
2051-08-15 10:00:00,0.0,237.05672958440755
2051-08-15 11:00:00,0.0,180.05948312695435
2051-08-15 12:00:00,0.0,107.94933041184315
2051-08-15 13:00:00,0.0,36.70277234002667
2051-08-15 14:00:00,0.0,0.0
2051-08-15 15:00:00,0.0,0.0
2051-08-15 16:00:00,0.0,0.0
2051-08-15 17:00:00,0.0,0.0
2051-08-15 18:00:00,0.0,0.0
2051-08-15 19:00:00,0.0,0.0
2051-08-15 20:00:00,0.0,0.0
2051-08-15 21:00:00,0.0,0.0
2051-08-15 22:00:00,0.0,0.0
2051-08-15 23:00:00,0.0,0.0
2051-08-16 00:00:00,0.0,0.0
2051-08-16 01:00:00,0.0,0.0
2051-08-16 02:00:00,0.0,16.84009554424753
2051-08-16 03:00:00,0.0,72.54195003675859
2051-08-16 04:00:00,0.0,154.15164382811201
2051-08-16 05:00:00,0.0,221.51202600510211
2051-08-16 06:00:00,0.0,261.2373795966604
2051-08-16 07:00:00,0.0,283.6908403223238
2051-08-16 08:00:00,0.0,288.00881353879754
2051-08-16 09:00:00,0.0,270.7369206729026
2051-08-16 10:00:00,0.0,235.32954029781808
2051-08-16 11:00:00,0.0,178.33229384036485
2051-08-16 12:00:00,0.0,105.79034380360629
2051-08-16 13:00:00,0.0,34.11198841014243
2051-08-16 14:00:00,0.0,0.0
2051-08-16 15:00:00,0.0,0.0
2051-08-16 16:00:00,0.0,0.0
2051-08-16 17:00:00,0.0,0.0
2051-08-16 18:00:00,0.0,0.0
2051-08-16 19:00:00,0.0,0.0
2051-08-16 20:00:00,0.0,0.0
2051-08-16 21:00:00,0.0,0.0
2051-08-16 22:00:00,0.0,0.0
2051-08-16 23:00:00,0.0,0.0
2051-08-17 00:00:00,0.0,0.0
2051-08-17 01:00:00,0.0,0.0
2051-08-17 02:00:00,0.0,9.067743754594824
2051-08-17 03:00:00,0.0,54.83825984921632
2051-08-17 04:00:00,0.0,134.72076435398023
2051-08-17 05:00:00,0.0,211.58068760721258
2051-08-17 06:00:00,0.0,262.9645688832499
2051-08-17 07:00:00,0.0,291.8949894336239
2051-08-17 08:00:00,0.0,298.8037465799818
2051-08-17 09:00:00,0.0,285.4180296089133
2051-08-17 10:00:00,0.0,250.0106492338287
2051-08-17 11:00:00,0.0,194.30879474131766
2051-08-17 12:00:00,0.0,120.90325006126432
2051-08-17 13:00:00,0.0,42.74793484308989
2051-08-17 14:00:00,0.0,0.0
2051-08-17 15:00:00,0.0,0.0
2051-08-17 16:00:00,0.0,0.0
2051-08-17 17:00:00,0.0,0.0
2051-08-17 18:00:00,0.0,0.0
2051-08-17 19:00:00,0.0,0.0
2051-08-17 20:00:00,0.0,0.0
2051-08-17 21:00:00,0.0,0.0
2051-08-17 22:00:00,0.0,0.0
2051-08-17 23:00:00,0.0,0.0
2051-08-18 00:00:00,0.0,0.0
2051-08-18 01:00:00,0.0,0.0
2051-08-18 02:00:00,0.0,20.294474117426514
2051-08-18 03:00:00,0.0,95.42720808406935
2051-08-18 04:00:00,0.0,175.74150991048063
2051-08-18 05:00:00,0.0,239.2157161926444
2051-08-18 06:00:00,0.0,279.37286710585005
2051-08-18 07:00:00,0.0,298.8037465799818
2051-08-18 08:00:00,0.0,300.5309358665713
2051-08-18 09:00:00,0.0,281.10005639243957
2051-08-18 10:00:00,0.0,243.10189208747076
2051-08-18 11:00:00,0.0,186.10464563001761
2051-08-18 12:00:00,0.0,112.69910094996425
2051-08-18 13:00:00,0.0,37.99816430496879
2051-08-18 14:00:00,0.0,0.0
2051-08-18 15:00:00,0.0,0.0
2051-08-18 16:00:00,0.0,0.0
2051-08-18 17:00:00,0.0,0.0
2051-08-18 18:00:00,0.0,0.0
2051-08-18 19:00:00,0.0,0.0
2051-08-18 20:00:00,0.0,0.0
2051-08-18 21:00:00,0.0,0.0
2051-08-18 22:00:00,0.0,0.0
2051-08-18 23:00:00,0.0,0.0
2051-08-19 00:00:00,0.0,0.0
2051-08-19 01:00:00,0.0,0.0
2051-08-19 02:00:00,0.0,19.86267679577914
2051-08-19 03:00:00,0.0,95.85900540571672
2051-08-19 04:00:00,0.0,178.76409116201225
2051-08-19 05:00:00,0.0,244.3972840524129
2051-08-19 06:00:00,0.0,287.57701621715023
2051-08-19 07:00:00,0.0,309.16688229951876
2051-08-19 08:00:00,0.0,311.757666229403
2051-08-19 09:00:00,0.0,293.190381398566
2051-08-19 10:00:00,0.0,256.4876090585393
2051-08-19 11:00:00,0.0,199.05856527943877
2051-08-19 12:00:00,0.0,123.49403399114857
2051-08-19 13:00:00,0.0,43.17973216473726
2051-08-19 14:00:00,0.0,0.0
2051-08-19 15:00:00,0.0,0.0
2051-08-19 16:00:00,0.0,0.0
2051-08-19 17:00:00,0.0,0.0
2051-08-19 18:00:00,0.0,0.0
2051-08-19 19:00:00,0.0,0.0
2051-08-19 20:00:00,0.0,0.0
2051-08-19 21:00:00,0.0,0.0
2051-08-19 22:00:00,0.0,0.0
2051-08-19 23:00:00,0.0,0.0
2051-08-20 00:00:00,0.0,0.0
2051-08-20 01:00:00,0.0,0.0
2051-08-20 02:00:00,0.0,20.294474117426514
2051-08-20 03:00:00,0.0,93.26822147583248
2051-08-20 04:00:00,0.0,180.05948312695435
2051-08-20 05:00:00,0.0,246.12447333900238
2051-08-20 06:00:00,0.0,290.5995974686818
2051-08-20 07:00:00,0.0,311.757666229403
2051-08-20 08:00:00,0.0,314.7802474809347
2051-08-20 09:00:00,0.0,294.48577336350814
2051-08-20 10:00:00,0.0,257.3512037018341
2051-08-20 11:00:00,0.0,199.9221599227335
2051-08-20 12:00:00,0.0,124.78942595609067
2051-08-20 13:00:00,0.0,43.17973216473726
2051-08-20 14:00:00,0.0,0.0
2051-08-20 15:00:00,0.0,0.0
2051-08-20 16:00:00,0.0,0.0
2051-08-20 17:00:00,0.0,0.0
2051-08-20 18:00:00,0.0,0.0
2051-08-20 19:00:00,0.0,0.0
2051-08-20 20:00:00,0.0,0.0
2051-08-20 21:00:00,0.0,0.0
2051-08-20 22:00:00,0.0,0.0
2051-08-20 23:00:00,0.0,0.0
2051-08-21 00:00:00,0.0,0.0
2051-08-21 01:00:00,0.0,0.0
2051-08-21 02:00:00,0.0,18.56728483083702
2051-08-21 03:00:00,0.0,89.38204558100612
2051-08-21 04:00:00,0.0,169.26455008577008
2051-08-21 05:00:00,0.0,243.53368940911815
2051-08-21 06:00:00,0.0,289.30420550373964
2051-08-21 07:00:00,0.0,313.4848555159925
2051-08-21 08:00:00,0.0,316.07563944587673
2051-08-21 09:00:00,0.0,298.8037465799818
2051-08-21 10:00:00,0.0,260.8055822750131
2051-08-21 11:00:00,0.0,202.51294385261772
2051-08-21 12:00:00,0.0,125.65302059938543
2051-08-21 13:00:00,0.0,43.61152948638464
2051-08-21 14:00:00,0.0,0.0
2051-08-21 15:00:00,0.0,0.0
2051-08-21 16:00:00,0.0,0.0
2051-08-21 17:00:00,0.0,0.0
2051-08-21 18:00:00,0.0,0.0
2051-08-21 19:00:00,0.0,0.0
2051-08-21 20:00:00,0.0,0.0
2051-08-21 21:00:00,0.0,0.0
2051-08-21 22:00:00,0.0,0.0
2051-08-21 23:00:00,0.0,0.0
2051-08-22 00:00:00,0.0,0.0
2051-08-22 01:00:00,0.0,0.0
2051-08-22 02:00:00,0.0,19.86267679577914
2051-08-22 03:00:00,0.0,97.58619469230621
2051-08-22 04:00:00,0.0,180.05948312695435
2051-08-22 05:00:00,0.0,244.82908137406028
2051-08-22 06:00:00,0.0,287.57701621715023
2051-08-22 07:00:00,0.0,308.7350849778714
2051-08-22 08:00:00,0.0,310.03047694281355
2051-08-22 09:00:00,0.0,292.32678675527126
2051-08-22 10:00:00,0.0,254.76041977194984
2051-08-22 11:00:00,0.0,196.46778134955454
2051-08-22 12:00:00,0.0,120.47145273961696
2051-08-22 13:00:00,0.0,40.58894823485303
2051-08-22 14:00:00,0.0,0.0
2051-08-22 15:00:00,0.0,0.0
2051-08-22 16:00:00,0.0,0.0
2051-08-22 17:00:00,0.0,0.0
2051-08-22 18:00:00,0.0,0.0
2051-08-22 19:00:00,0.0,0.0
2051-08-22 20:00:00,0.0,0.0
2051-08-22 21:00:00,0.0,0.0
2051-08-22 22:00:00,0.0,0.0
2051-08-22 23:00:00,0.0,0.0
2051-08-23 00:00:00,0.0,0.0
2051-08-23 01:00:00,0.0,0.0
2051-08-23 02:00:00,0.0,19.86267679577914
2051-08-23 03:00:00,0.0,97.58619469230621
2051-08-23 04:00:00,0.0,179.19588848365962
2051-08-23 05:00:00,0.0,243.10189208747076
2051-08-23 06:00:00,0.0,285.4180296089133
2051-08-23 07:00:00,0.0,306.1443010479872
2051-08-23 08:00:00,0.0,307.0078956912819
2051-08-23 09:00:00,0.0,290.5995974686818
2051-08-23 10:00:00,0.0,253.03323048536038
2051-08-23 11:00:00,0.0,195.60418670625978
2051-08-23 12:00:00,0.0,120.47145273961696
2051-08-23 13:00:00,0.0,40.58894823485303
2051-08-23 14:00:00,0.0,0.0
2051-08-23 15:00:00,0.0,0.0
2051-08-23 16:00:00,0.0,0.0
2051-08-23 17:00:00,0.0,0.0
2051-08-23 18:00:00,0.0,0.0
2051-08-23 19:00:00,0.0,0.0
2051-08-23 20:00:00,0.0,0.0
2051-08-23 21:00:00,0.0,0.0
2051-08-23 22:00:00,0.0,0.0
2051-08-23 23:00:00,0.0,0.0
2051-08-24 00:00:00,0.0,0.0
2051-08-24 01:00:00,0.0,0.0
2051-08-24 02:00:00,0.0,20.726271439073884
2051-08-24 03:00:00,0.0,102.3359652304273
2051-08-24 04:00:00,0.0,186.10464563001761
2051-08-24 05:00:00,0.0,250.87424387712346
2051-08-24 06:00:00,0.0,292.32678675527126
2051-08-24 07:00:00,0.0,313.05305819434517
2051-08-24 08:00:00,0.0,313.9166528376399
2051-08-24 09:00:00,0.0,296.644759971745
2051-08-24 10:00:00,0.0,259.5101903100709
2051-08-24 11:00:00,0.0,202.08114653097036
2051-08-24 12:00:00,0.0,125.65302059938543
2051-08-24 13:00:00,0.0,43.17973216473726
2051-08-24 14:00:00,0.0,0.0
2051-08-24 15:00:00,0.0,0.0
2051-08-24 16:00:00,0.0,0.0
2051-08-24 17:00:00,0.0,0.0
2051-08-24 18:00:00,0.0,0.0
2051-08-24 19:00:00,0.0,0.0
2051-08-24 20:00:00,0.0,0.0
2051-08-24 21:00:00,0.0,0.0
2051-08-24 22:00:00,0.0,0.0
2051-08-24 23:00:00,0.0,0.0
2051-08-25 00:00:00,0.0,0.0
2051-08-25 01:00:00,0.0,0.0
2051-08-25 02:00:00,0.0,21.15806876072126
2051-08-25 03:00:00,0.0,103.19955987372204
2051-08-25 04:00:00,0.0,186.10464563001761
2051-08-25 05:00:00,0.0,250.0106492338287
2051-08-25 06:00:00,0.0,290.5995974686818
2051-08-25 07:00:00,0.0,310.4622742644609
2051-08-25 08:00:00,0.0,310.8940715861083
2051-08-25 09:00:00,0.0,293.190381398566
2051-08-25 10:00:00,0.0,255.6240144152446
2051-08-25 11:00:00,0.0,198.194970636144
2051-08-25 12:00:00,0.0,122.63043934785381
2051-08-25 13:00:00,0.0,41.020745556500394
2051-08-25 14:00:00,0.0,0.0
2051-08-25 15:00:00,0.0,0.0
2051-08-25 16:00:00,0.0,0.0
2051-08-25 17:00:00,0.0,0.0
2051-08-25 18:00:00,0.0,0.0
2051-08-25 19:00:00,0.0,0.0
2051-08-25 20:00:00,0.0,0.0
2051-08-25 21:00:00,0.0,0.0
2051-08-25 22:00:00,0.0,0.0
2051-08-25 23:00:00,0.0,0.0
2051-08-26 00:00:00,0.0,0.0
2051-08-26 01:00:00,0.0,0.0
2051-08-26 02:00:00,0.0,18.99908215248439
2051-08-26 03:00:00,0.0,96.72260004901148
2051-08-26 04:00:00,0.0,178.33229384036485
2051-08-26 05:00:00,0.0,242.23829744417606
2051-08-26 06:00:00,0.0,282.8272456790291
2051-08-26 07:00:00,0.0,303.1217197964555
2051-08-26 08:00:00,0.0,303.9853144397503
2051-08-26 09:00:00,0.0,288.8724081820923
2051-08-26 10:00:00,0.0,251.73783852041822
2051-08-26 11:00:00,0.0,194.30879474131766
2051-08-26 12:00:00,0.0,118.31246613138008
2051-08-26 13:00:00,0.0,38.861758948263535
2051-08-26 14:00:00,0.0,0.0
2051-08-26 15:00:00,0.0,0.0
2051-08-26 16:00:00,0.0,0.0
2051-08-26 17:00:00,0.0,0.0
2051-08-26 18:00:00,0.0,0.0
2051-08-26 19:00:00,0.0,0.0
2051-08-26 20:00:00,0.0,0.0
2051-08-26 21:00:00,0.0,0.0
2051-08-26 22:00:00,0.0,0.0
2051-08-26 23:00:00,0.0,0.0
2051-08-27 00:00:00,0.0,0.0
2051-08-27 01:00:00,0.0,0.0
2051-08-27 02:00:00,0.0,9.499541076242195
2051-08-27 03:00:00,0.0,51.81567859768471
2051-08-27 04:00:00,0.0,103.19955987372204
2051-08-27 05:00:00,0.0,149.4018732899909
2051-08-27 06:00:00,0.0,190.4226188464913
2051-08-27 07:00:00,0.0,213.73967421544944
2051-08-27 08:00:00,0.0,224.53460725663376
2051-08-27 09:00:00,0.0,240.51110815758653
2051-08-27 10:00:00,0.0,233.17055368958123
2051-08-27 11:00:00,0.0,186.10464563001761
2051-08-27 12:00:00,0.0,114.85808755820112
2051-08-27 13:00:00,0.0,37.99816430496879
2051-08-27 14:00:00,0.0,0.0
2051-08-27 15:00:00,0.0,0.0
2051-08-27 16:00:00,0.0,0.0
2051-08-27 17:00:00,0.0,0.0
2051-08-27 18:00:00,0.0,0.0
2051-08-27 19:00:00,0.0,0.0
2051-08-27 20:00:00,0.0,0.0
2051-08-27 21:00:00,0.0,0.0
2051-08-27 22:00:00,0.0,0.0
2051-08-27 23:00:00,0.0,0.0
2051-08-28 00:00:00,0.0,0.0
2051-08-28 01:00:00,0.0,0.0
2051-08-28 02:00:00,0.0,17.271892865894905
2051-08-28 03:00:00,0.0,95.85900540571672
2051-08-28 04:00:00,0.0,184.3774563434281
2051-08-28 05:00:00,0.0,250.0106492338287
2051-08-28 06:00:00,0.0,291.4631921119765
2051-08-28 07:00:00,0.0,307.8714903345766
2051-08-28 08:00:00,0.0,291.03139479032916
2051-08-28 09:00:00,0.0,247.41986530394448
2051-08-28 10:00:00,0.0,195.60418670625978
2051-08-28 11:00:00,0.0,141.62952150033823
2051-08-28 12:00:00,0.0,89.8138429026535
2051-08-28 13:00:00,0.0,33.24839376684769
2051-08-28 14:00:00,0.0,0.0
2051-08-28 15:00:00,0.0,0.0
2051-08-28 16:00:00,0.0,0.0
2051-08-28 17:00:00,0.0,0.0
2051-08-28 18:00:00,0.0,0.0
2051-08-28 19:00:00,0.0,0.0
2051-08-28 20:00:00,0.0,0.0
2051-08-28 21:00:00,0.0,0.0
2051-08-28 22:00:00,0.0,0.0
2051-08-28 23:00:00,0.0,0.0
2051-08-29 00:00:00,0.0,0.0
2051-08-29 01:00:00,0.0,0.0
2051-08-29 02:00:00,0.0,17.70369018754228
2051-08-29 03:00:00,0.0,94.5636134407746
2051-08-29 04:00:00,0.0,174.8779152671859
2051-08-29 05:00:00,0.0,237.05672958440755
2051-08-29 06:00:00,0.0,273.32770460278687
2051-08-29 07:00:00,0.0,285.4180296089133
2051-08-29 08:00:00,0.0,288.00881353879754
2051-08-29 09:00:00,0.0,275.91848853267106
2051-08-29 10:00:00,0.0,245.26087869570762
2051-08-29 11:00:00,0.0,190.8544161681387
2051-08-29 12:00:00,0.0,116.15347952314323
2051-08-29 13:00:00,0.0,37.566366983321416
2051-08-29 14:00:00,0.0,0.0
2051-08-29 15:00:00,0.0,0.0
2051-08-29 16:00:00,0.0,0.0
2051-08-29 17:00:00,0.0,0.0
2051-08-29 18:00:00,0.0,0.0
2051-08-29 19:00:00,0.0,0.0
2051-08-29 20:00:00,0.0,0.0
2051-08-29 21:00:00,0.0,0.0
2051-08-29 22:00:00,0.0,0.0
2051-08-29 23:00:00,0.0,0.0
2051-08-30 00:00:00,0.0,0.0
2051-08-30 01:00:00,0.0,0.0
2051-08-30 02:00:00,0.0,12.522122327773806
2051-08-30 03:00:00,0.0,75.99632860993756
2051-08-30 04:00:00,0.0,165.81017151259107
2051-08-30 05:00:00,0.0,240.94290547923393
2051-08-30 06:00:00,0.0,288.00881353879754
2051-08-30 07:00:00,0.0,311.32586890775565
2051-08-30 08:00:00,0.0,311.757666229403
2051-08-30 09:00:00,0.0,289.30420550373964
2051-08-30 10:00:00,0.0,243.96548673076552
2051-08-30 11:00:00,0.0,185.24105098672285
2051-08-30 12:00:00,0.0,112.69910094996425
2051-08-30 13:00:00,0.0,36.270975018379296
2051-08-30 14:00:00,0.0,0.0
2051-08-30 15:00:00,0.0,0.0
2051-08-30 16:00:00,0.0,0.0
2051-08-30 17:00:00,0.0,0.0
2051-08-30 18:00:00,0.0,0.0
2051-08-30 19:00:00,0.0,0.0
2051-08-30 20:00:00,0.0,0.0
2051-08-30 21:00:00,0.0,0.0
2051-08-30 22:00:00,0.0,0.0
2051-08-30 23:00:00,0.0,0.0
2051-08-31 00:00:00,0.0,0.0
2051-08-31 01:00:00,0.0,0.0
2051-08-31 02:00:00,0.0,14.681108936010668
2051-08-31 03:00:00,0.0,84.63227504288504
2051-08-31 04:00:00,0.0,170.12814472906481
2051-08-31 05:00:00,0.0,242.23829744417606
2051-08-31 06:00:00,0.0,287.57701621715023
2051-08-31 07:00:00,0.0,308.3032876562241
2051-08-31 08:00:00,0.0,310.03047694281355
2051-08-31 09:00:00,0.0,292.7585840769187
2051-08-31 10:00:00,0.0,255.19221709359724
2051-08-31 11:00:00,0.0,196.8995786712019
2051-08-31 12:00:00,0.0,120.47145273961696
2051-08-31 13:00:00,0.0,38.861758948263535
2051-08-31 14:00:00,0.0,0.0
2051-08-31 15:00:00,0.0,0.0
2051-08-31 16:00:00,0.0,0.0
2051-08-31 17:00:00,0.0,0.0
2051-08-31 18:00:00,0.0,0.0
2051-08-31 19:00:00,0.0,0.0
2051-08-31 20:00:00,0.0,0.0
2051-08-31 21:00:00,0.0,0.0
2051-08-31 22:00:00,0.0,0.0
2051-08-31 23:00:00,0.0,0.0
2051-09-01 00:00:00,0.0,0.0
2051-09-01 01:00:00,0.0,0.0
2051-09-01 02:00:00,0.0,17.271892865894905
2051-09-01 03:00:00,0.0,95.42720808406935
2051-09-01 04:00:00,0.0,178.76409116201225
2051-09-01 05:00:00,0.0,243.10189208747076
2051-09-01 06:00:00,0.0,287.14521889550275
2051-09-01 07:00:00,0.0,306.57609836963456
2051-09-01 08:00:00,0.0,300.96273318821864
2051-09-01 09:00:00,0.0,274.1912992460816
2051-09-01 10:00:00,0.0,231.4433644029917
2051-09-01 11:00:00,0.0,190.4226188464913
2051-09-01 12:00:00,0.0,118.74426345302746
2051-09-01 13:00:00,0.0,37.566366983321416
2051-09-01 14:00:00,0.0,0.0
2051-09-01 15:00:00,0.0,0.0
2051-09-01 16:00:00,0.0,0.0
2051-09-01 17:00:00,0.0,0.0
2051-09-01 18:00:00,0.0,0.0
2051-09-01 19:00:00,0.0,0.0
2051-09-01 20:00:00,0.0,0.0
2051-09-01 21:00:00,0.0,0.0
2051-09-01 22:00:00,0.0,0.0
2051-09-01 23:00:00,0.0,0.0
2051-09-02 00:00:00,0.0,0.0
2051-09-02 01:00:00,0.0,0.0
2051-09-02 02:00:00,0.0,9.93133839788957
2051-09-02 03:00:00,0.0,56.99724645745318
2051-09-02 04:00:00,0.0,112.69910094996425
2051-09-02 05:00:00,0.0,173.1507259805964
2051-09-02 06:00:00,0.0,218.92124207521792
2051-09-02 07:00:00,0.0,239.64751351429183
2051-09-02 08:00:00,0.0,231.87516172463907
2051-09-02 09:00:00,0.0,213.30787689380205
2051-09-02 10:00:00,0.0,203.80833581755988
2051-09-02 11:00:00,0.0,177.46869919707012
2051-09-02 12:00:00,0.0,111.40370898502213
2051-09-02 13:00:00,0.0,35.83917769673193
2051-09-02 14:00:00,0.0,0.0
2051-09-02 15:00:00,0.0,0.0
2051-09-02 16:00:00,0.0,0.0
2051-09-02 17:00:00,0.0,0.0
2051-09-02 18:00:00,0.0,0.0
2051-09-02 19:00:00,0.0,0.0
2051-09-02 20:00:00,0.0,0.0
2051-09-02 21:00:00,0.0,0.0
2051-09-02 22:00:00,0.0,0.0
2051-09-02 23:00:00,0.0,0.0
2051-09-03 00:00:00,0.0,0.0
2051-09-03 01:00:00,0.0,0.0
2051-09-03 02:00:00,0.0,11.65852768447906
2051-09-03 03:00:00,0.0,72.54195003675859
2051-09-03 04:00:00,0.0,159.33321168788046
2051-09-03 05:00:00,0.0,234.034148332876
2051-09-03 06:00:00,0.0,284.5544349656186
2051-09-03 07:00:00,0.0,305.7125037263398
2051-09-03 08:00:00,0.0,308.3032876562241
2051-09-03 09:00:00,0.0,287.14521889550275
2051-09-03 10:00:00,0.0,245.692676017355
2051-09-03 11:00:00,0.0,180.49128044860174
2051-09-03 12:00:00,0.0,102.76776255207467
2051-09-03 13:00:00,0.0,29.79401519366871
2051-09-03 14:00:00,0.0,0.0
2051-09-03 15:00:00,0.0,0.0
2051-09-03 16:00:00,0.0,0.0
2051-09-03 17:00:00,0.0,0.0
2051-09-03 18:00:00,0.0,0.0
2051-09-03 19:00:00,0.0,0.0
2051-09-03 20:00:00,0.0,0.0
2051-09-03 21:00:00,0.0,0.0
2051-09-03 22:00:00,0.0,0.0
2051-09-03 23:00:00,0.0,0.0
2051-09-04 00:00:00,0.0,0.0
2051-09-04 01:00:00,0.0,0.0
2051-09-04 02:00:00,0.0,12.953919649421177
2051-09-04 03:00:00,0.0,83.33688307794291
2051-09-04 04:00:00,0.0,179.19588848365962
2051-09-04 05:00:00,0.0,249.147054590534
2051-09-04 06:00:00,0.0,292.7585840769187
2051-09-04 07:00:00,0.0,313.9166528376399
2051-09-04 08:00:00,0.0,314.7802474809347
2051-09-04 09:00:00,0.0,294.0539760418608
2051-09-04 10:00:00,0.0,256.05581173689194
2051-09-04 11:00:00,0.0,196.8995786712019
2051-09-04 12:00:00,0.0,119.17606077467484
2051-09-04 13:00:00,0.0,36.70277234002667
2051-09-04 14:00:00,0.0,0.0
2051-09-04 15:00:00,0.0,0.0
2051-09-04 16:00:00,0.0,0.0
2051-09-04 17:00:00,0.0,0.0
2051-09-04 18:00:00,0.0,0.0
2051-09-04 19:00:00,0.0,0.0
2051-09-04 20:00:00,0.0,0.0
2051-09-04 21:00:00,0.0,0.0
2051-09-04 22:00:00,0.0,0.0
2051-09-04 23:00:00,0.0,0.0
2051-09-05 00:00:00,0.0,0.0
2051-09-05 01:00:00,0.0,0.0
2051-09-05 02:00:00,0.0,7.772351789652706
2051-09-05 03:00:00,0.0,60.0198277089848
2051-09-05 04:00:00,0.0,140.76592685704347
2051-09-05 05:00:00,0.0,231.0115670813443
2051-09-05 06:00:00,0.0,279.80466442749747
2051-09-05 07:00:00,0.0,302.68992247480816
2051-09-05 08:00:00,0.0,302.68992247480816
2051-09-05 09:00:00,0.0,284.12263764397113
2051-09-05 10:00:00,0.0,246.12447333900238
2051-09-05 11:00:00,0.0,188.26363223825444
2051-09-05 12:00:00,0.0,111.40370898502213
2051-09-05 13:00:00,0.0,32.81659644520032
2051-09-05 14:00:00,0.0,0.0
2051-09-05 15:00:00,0.0,0.0
2051-09-05 16:00:00,0.0,0.0
2051-09-05 17:00:00,0.0,0.0
2051-09-05 18:00:00,0.0,0.0
2051-09-05 19:00:00,0.0,0.0
2051-09-05 20:00:00,0.0,0.0
2051-09-05 21:00:00,0.0,0.0
2051-09-05 22:00:00,0.0,0.0
2051-09-05 23:00:00,0.0,0.0
2051-09-06 00:00:00,0.0,0.0
2051-09-06 01:00:00,0.0,0.0
2051-09-06 02:00:00,0.0,12.522122327773806
2051-09-06 03:00:00,0.0,76.42812593158494
2051-09-06 04:00:00,0.0,149.4018732899909
2051-09-06 05:00:00,0.0,215.46686350203893
2051-09-06 06:00:00,0.0,267.2825420997236
2051-09-06 07:00:00,0.0,295.78116532845024
2051-09-06 08:00:00,0.0,297.50835461503976
2051-09-06 09:00:00,0.0,282.39544835738167
2051-09-06 10:00:00,0.0,245.692676017355
2051-09-06 11:00:00,0.0,187.40003759495968
2051-09-06 12:00:00,0.0,111.8355063066695
2051-09-06 13:00:00,0.0,32.81659644520032
2051-09-06 14:00:00,0.0,0.0
2051-09-06 15:00:00,0.0,0.0
2051-09-06 16:00:00,0.0,0.0
2051-09-06 17:00:00,0.0,0.0
2051-09-06 18:00:00,0.0,0.0
2051-09-06 19:00:00,0.0,0.0
2051-09-06 20:00:00,0.0,0.0
2051-09-06 21:00:00,0.0,0.0
2051-09-06 22:00:00,0.0,0.0
2051-09-06 23:00:00,0.0,0.0
2051-09-07 00:00:00,0.0,0.0
2051-09-07 01:00:00,0.0,0.0
2051-09-07 02:00:00,0.0,4.749770538121099
2051-09-07 03:00:00,0.0,44.043326808032
2051-09-07 04:00:00,0.0,116.15347952314323
2051-09-07 05:00:00,0.0,212.01248492885995
2051-09-07 06:00:00,0.0,270.30512335125525
2051-09-07 07:00:00,0.0,288.00881353879754
2051-09-07 08:00:00,0.0,291.03139479032916
2051-09-07 09:00:00,0.0,279.37286710585005
2051-09-07 10:00:00,0.0,243.53368940911815
2051-09-07 11:00:00,0.0,186.10464563001761
2051-09-07 12:00:00,0.0,109.24472237678526
2051-09-07 13:00:00,0.0,29.362217872021336
2051-09-07 14:00:00,0.0,0.0
2051-09-07 15:00:00,0.0,0.0
2051-09-07 16:00:00,0.0,0.0
2051-09-07 17:00:00,0.0,0.0
2051-09-07 18:00:00,0.0,0.0
2051-09-07 19:00:00,0.0,0.0
2051-09-07 20:00:00,0.0,0.0
2051-09-07 21:00:00,0.0,0.0
2051-09-07 22:00:00,0.0,0.0
2051-09-07 23:00:00,0.0,0.0
2051-09-08 00:00:00,0.0,0.0
2051-09-08 01:00:00,0.0,0.0
2051-09-08 02:00:00,0.0,7.340554468005334
2051-09-08 03:00:00,0.0,49.22489466780048
2051-09-08 04:00:00,0.0,106.22214112525367
2051-09-08 05:00:00,0.0,172.28713133730167
2051-09-08 06:00:00,0.0,234.034148332876
2051-09-08 07:00:00,0.0,280.66825907079215
2051-09-08 08:00:00,0.0,295.78116532845024
2051-09-08 09:00:00,0.0,274.62309656772896
2051-09-08 10:00:00,0.0,233.6023510112286
2051-09-08 11:00:00,0.0,170.99173937235955
2051-09-08 12:00:00,0.0,95.85900540571672
2051-09-08 13:00:00,0.0,23.748852690605492
2051-09-08 14:00:00,0.0,0.0
2051-09-08 15:00:00,0.0,0.0
2051-09-08 16:00:00,0.0,0.0
2051-09-08 17:00:00,0.0,0.0
2051-09-08 18:00:00,0.0,0.0
2051-09-08 19:00:00,0.0,0.0
2051-09-08 20:00:00,0.0,0.0
2051-09-08 21:00:00,0.0,0.0
2051-09-08 22:00:00,0.0,0.0
2051-09-08 23:00:00,0.0,0.0
2051-09-09 00:00:00,0.0,0.0
2051-09-09 01:00:00,0.0,0.0
2051-09-09 02:00:00,0.0,9.067743754594824
2051-09-09 03:00:00,0.0,66.92858485534275
2051-09-09 04:00:00,0.0,138.6069402488066
2051-09-09 05:00:00,0.0,202.94474117426512
2051-09-09 06:00:00,0.0,266.4189474564289
2051-09-09 07:00:00,0.0,292.32678675527126
2051-09-09 08:00:00,0.0,295.3493680068029
2051-09-09 09:00:00,0.0,280.66825907079215
2051-09-09 10:00:00,0.0,244.3972840524129
2051-09-09 11:00:00,0.0,183.94565902178073
2051-09-09 12:00:00,0.0,107.0857357685484
2051-09-09 13:00:00,0.0,31.089407158610825
2051-09-09 14:00:00,0.0,0.0
2051-09-09 15:00:00,0.0,0.0
2051-09-09 16:00:00,0.0,0.0
2051-09-09 17:00:00,0.0,0.0
2051-09-09 18:00:00,0.0,0.0
2051-09-09 19:00:00,0.0,0.0
2051-09-09 20:00:00,0.0,0.0
2051-09-09 21:00:00,0.0,0.0
2051-09-09 22:00:00,0.0,0.0
2051-09-09 23:00:00,0.0,0.0
2051-09-10 00:00:00,0.0,0.0
2051-09-10 01:00:00,0.0,0.0
2051-09-10 02:00:00,0.0,10.363135719536942
2051-09-10 03:00:00,0.0,66.06499021204802
2051-09-10 04:00:00,0.0,132.5617777457434
2051-09-10 05:00:00,0.0,173.1507259805964
2051-09-10 06:00:00,0.0,209.4217009989757
2051-09-10 07:00:00,0.0,228.42078315146009
2051-09-10 08:00:00,0.0,218.48944475357052
2051-09-10 09:00:00,0.0,205.96732242579674
2051-09-10 10:00:00,0.0,179.19588848365962
2051-09-10 11:00:00,0.0,130.40279113750654
2051-09-10 12:00:00,0.0,75.56453128829021
2051-09-10 13:00:00,0.0,18.99908215248439
2051-09-10 14:00:00,0.0,0.0
2051-09-10 15:00:00,0.0,0.0
2051-09-10 16:00:00,0.0,0.0
2051-09-10 17:00:00,0.0,0.0
2051-09-10 18:00:00,0.0,0.0
2051-09-10 19:00:00,0.0,0.0
2051-09-10 20:00:00,0.0,0.0
2051-09-10 21:00:00,0.0,0.0
2051-09-10 22:00:00,0.0,0.0
2051-09-10 23:00:00,0.0,0.0
2051-09-11 00:00:00,0.0,0.0
2051-09-11 01:00:00,0.0,0.0
2051-09-11 02:00:00,0.0,13.817514292715924
2051-09-11 03:00:00,0.0,89.8138429026535
2051-09-11 04:00:00,0.0,173.5825233022438
2051-09-11 05:00:00,0.0,242.6700947658234
2051-09-11 06:00:00,0.0,289.73600282538706
2051-09-11 07:00:00,0.0,313.05305819434517
2051-09-11 08:00:00,0.0,311.757666229403
2051-09-11 09:00:00,0.0,280.23646174914484
2051-09-11 10:00:00,0.0,220.21663404016005
2051-09-11 11:00:00,0.0,132.12998042409603
2051-09-11 12:00:00,0.0,57.42904377910056
2051-09-11 13:00:00,0.0,10.363135719536942
2051-09-11 14:00:00,0.0,0.0
2051-09-11 15:00:00,0.0,0.0
2051-09-11 16:00:00,0.0,0.0
2051-09-11 17:00:00,0.0,0.0
2051-09-11 18:00:00,0.0,0.0
2051-09-11 19:00:00,0.0,0.0
2051-09-11 20:00:00,0.0,0.0
2051-09-11 21:00:00,0.0,0.0
2051-09-11 22:00:00,0.0,0.0
2051-09-11 23:00:00,0.0,0.0
2051-09-12 00:00:00,0.0,0.0
2051-09-12 01:00:00,0.0,0.0
2051-09-12 02:00:00,0.0,15.544703579305413
2051-09-12 03:00:00,0.0,99.74518130054308
2051-09-12 04:00:00,0.0,185.67284830837022
2051-09-12 05:00:00,0.0,251.73783852041822
2051-09-12 06:00:00,0.0,294.9175706851555
2051-09-12 07:00:00,0.0,314.3484501592872
2051-09-12 08:00:00,0.0,310.4622742644609
2051-09-12 09:00:00,0.0,289.30420550373964
2051-09-12 10:00:00,0.0,246.12447333900238
2051-09-12 11:00:00,0.0,189.1272268815492
2051-09-12 12:00:00,0.0,108.38112773349053
2051-09-12 13:00:00,0.0,26.7714339421371
2051-09-12 14:00:00,0.0,0.0
2051-09-12 15:00:00,0.0,0.0
2051-09-12 16:00:00,0.0,0.0
2051-09-12 17:00:00,0.0,0.0
2051-09-12 18:00:00,0.0,0.0
2051-09-12 19:00:00,0.0,0.0
2051-09-12 20:00:00,0.0,0.0
2051-09-12 21:00:00,0.0,0.0
2051-09-12 22:00:00,0.0,0.0
2051-09-12 23:00:00,0.0,0.0
2051-09-13 00:00:00,0.0,0.0
2051-09-13 01:00:00,0.0,0.0
2051-09-13 02:00:00,0.0,10.794933041184315
2051-09-13 03:00:00,0.0,85.92766700782715
2051-09-13 04:00:00,0.0,177.03690187542276
2051-09-13 05:00:00,0.0,245.692676017355
2051-09-13 06:00:00,0.0,288.8724081820923
2051-09-13 07:00:00,0.0,307.8714903345766
2051-09-13 08:00:00,0.0,302.25812515316085
2051-09-13 09:00:00,0.0,265.1235554914868
2051-09-13 10:00:00,0.0,205.103727782502
2051-09-13 11:00:00,0.0,140.76592685704347
2051-09-13 12:00:00,0.0,82.47328843464817
2051-09-13 13:00:00,0.0,26.7714339421371
2051-09-13 14:00:00,0.0,0.0
2051-09-13 15:00:00,0.0,0.0
2051-09-13 16:00:00,0.0,0.0
2051-09-13 17:00:00,0.0,0.0
2051-09-13 18:00:00,0.0,0.0
2051-09-13 19:00:00,0.0,0.0
2051-09-13 20:00:00,0.0,0.0
2051-09-13 21:00:00,0.0,0.0
2051-09-13 22:00:00,0.0,0.0
2051-09-13 23:00:00,0.0,0.0
2051-09-14 00:00:00,0.0,0.0
2051-09-14 01:00:00,0.0,0.0
2051-09-14 02:00:00,0.0,12.090325006126433
2051-09-14 03:00:00,0.0,85.49586968617977
2051-09-14 04:00:00,0.0,173.5825233022438
2051-09-14 05:00:00,0.0,242.23829744417606
2051-09-14 06:00:00,0.0,288.00881353879754
2051-09-14 07:00:00,0.0,313.05305819434517
2051-09-14 08:00:00,0.0,317.37103141081883
2051-09-14 09:00:00,0.0,301.39453050986606
2051-09-14 10:00:00,0.0,263.3963662048973
2051-09-14 11:00:00,0.0,203.37653849591248
2051-09-14 12:00:00,0.0,121.3350473829117
2051-09-14 13:00:00,0.0,32.81659644520032
2051-09-14 14:00:00,0.0,0.0
2051-09-14 15:00:00,0.0,0.0
2051-09-14 16:00:00,0.0,0.0
2051-09-14 17:00:00,0.0,0.0
2051-09-14 18:00:00,0.0,0.0
2051-09-14 19:00:00,0.0,0.0
2051-09-14 20:00:00,0.0,0.0
2051-09-14 21:00:00,0.0,0.0
2051-09-14 22:00:00,0.0,0.0
2051-09-14 23:00:00,0.0,0.0
2051-09-15 00:00:00,0.0,0.0
2051-09-15 01:00:00,0.0,0.0
2051-09-15 02:00:00,0.0,7.340554468005334
2051-09-15 03:00:00,0.0,69.519368785227
2051-09-15 04:00:00,0.0,142.49311614363296
2051-09-15 05:00:00,0.0,174.01432062389117
2051-09-15 06:00:00,0.0,204.24013313920724
2051-09-15 07:00:00,0.0,226.69359386487062
2051-09-15 08:00:00,0.0,225.3982018999285
2051-09-15 09:00:00,0.0,179.627685805307
2051-09-15 10:00:00,0.0,120.90325006126432
2051-09-15 11:00:00,0.0,73.83734200170072
2051-09-15 12:00:00,0.0,38.861758948263535
2051-09-15 13:00:00,0.0,9.93133839788957
2051-09-15 14:00:00,0.0,0.0
2051-09-15 15:00:00,0.0,0.0
2051-09-15 16:00:00,0.0,0.0
2051-09-15 17:00:00,0.0,0.0
2051-09-15 18:00:00,0.0,0.0
2051-09-15 19:00:00,0.0,0.0
2051-09-15 20:00:00,0.0,0.0
2051-09-15 21:00:00,0.0,0.0
2051-09-15 22:00:00,0.0,0.0
2051-09-15 23:00:00,0.0,0.0
2051-09-16 00:00:00,0.0,0.0
2051-09-16 01:00:00,0.0,0.0
2051-09-16 02:00:00,0.0,10.794933041184315
2051-09-16 03:00:00,0.0,87.22305897276928
2051-09-16 04:00:00,0.0,175.74150991048063
2051-09-16 05:00:00,0.0,242.6700947658234
2051-09-16 06:00:00,0.0,289.30420550373964
2051-09-16 07:00:00,0.0,314.7802474809347
2051-09-16 08:00:00,0.0,318.6664233757609
2051-09-16 09:00:00,0.0,301.39453050986606
2051-09-16 10:00:00,0.0,263.3963662048973
2051-09-16 11:00:00,0.0,202.51294385261772
2051-09-16 12:00:00,0.0,121.3350473829117
2051-09-16 13:00:00,0.0,34.11198841014243
2051-09-16 14:00:00,0.0,0.0
2051-09-16 15:00:00,0.0,0.0
2051-09-16 16:00:00,0.0,0.0
2051-09-16 17:00:00,0.0,0.0
2051-09-16 18:00:00,0.0,0.0
2051-09-16 19:00:00,0.0,0.0
2051-09-16 20:00:00,0.0,0.0
2051-09-16 21:00:00,0.0,0.0
2051-09-16 22:00:00,0.0,0.0
2051-09-16 23:00:00,0.0,0.0
2051-09-17 00:00:00,0.0,0.0
2051-09-17 01:00:00,0.0,0.0
2051-09-17 02:00:00,0.0,12.522122327773806
2051-09-17 03:00:00,0.0,93.26822147583248
2051-09-17 04:00:00,0.0,182.2184697351912
2051-09-17 05:00:00,0.0,250.4424465554761
2051-09-17 06:00:00,0.0,297.07655729339234
2051-09-17 07:00:00,0.0,320.39361266235045
2051-09-17 08:00:00,0.0,322.5525992705874
2051-09-17 09:00:00,0.0,303.9853144397503
2051-09-17 10:00:00,0.0,264.6917581698394
2051-09-17 11:00:00,0.0,203.80833581755988
2051-09-17 12:00:00,0.0,122.19864202620646
2051-09-17 13:00:00,0.0,34.11198841014243
2051-09-17 14:00:00,0.0,0.0
2051-09-17 15:00:00,0.0,0.0
2051-09-17 16:00:00,0.0,0.0
2051-09-17 17:00:00,0.0,0.0
2051-09-17 18:00:00,0.0,0.0
2051-09-17 19:00:00,0.0,0.0
2051-09-17 20:00:00,0.0,0.0
2051-09-17 21:00:00,0.0,0.0
2051-09-17 22:00:00,0.0,0.0
2051-09-17 23:00:00,0.0,0.0
2051-09-18 00:00:00,0.0,0.0
2051-09-18 01:00:00,0.0,0.0
2051-09-18 02:00:00,0.0,11.65852768447906
2051-09-18 03:00:00,0.0,90.67743754594825
2051-09-18 04:00:00,0.0,179.19588848365962
2051-09-18 05:00:00,0.0,243.53368940911815
2051-09-18 06:00:00,0.0,291.8949894336239
2051-09-18 07:00:00,0.0,315.6438421242293
2051-09-18 08:00:00,0.0,318.6664233757609
2051-09-18 09:00:00,0.0,300.09913854492396
2051-09-18 10:00:00,0.0,261.2373795966604
2051-09-18 11:00:00,0.0,200.78575456602826
2051-09-18 12:00:00,0.0,117.44887148808535
2051-09-18 13:00:00,0.0,31.953001801905575
2051-09-18 14:00:00,0.0,0.0
2051-09-18 15:00:00,0.0,0.0
2051-09-18 16:00:00,0.0,0.0
2051-09-18 17:00:00,0.0,0.0
2051-09-18 18:00:00,0.0,0.0
2051-09-18 19:00:00,0.0,0.0
2051-09-18 20:00:00,0.0,0.0
2051-09-18 21:00:00,0.0,0.0
2051-09-18 22:00:00,0.0,0.0
2051-09-18 23:00:00,0.0,0.0
2051-09-19 00:00:00,0.0,0.0
2051-09-19 01:00:00,0.0,0.0
2051-09-19 02:00:00,0.0,13.817514292715924
2051-09-19 03:00:00,0.0,96.72260004901148
2051-09-19 04:00:00,0.0,188.69542955990184
2051-09-19 05:00:00,0.0,255.6240144152446
2051-09-19 06:00:00,0.0,296.21296265009767
2051-09-19 07:00:00,0.0,319.09822069740835
2051-09-19 08:00:00,0.0,321.25720730564524
2051-09-19 09:00:00,0.0,305.28070640469247
2051-09-19 10:00:00,0.0,266.4189474564289
2051-09-19 11:00:00,0.0,205.53552510414934
2051-09-19 12:00:00,0.0,123.92583131279592
2051-09-19 13:00:00,0.0,34.54378573178981
2051-09-19 14:00:00,0.0,0.0
2051-09-19 15:00:00,0.0,0.0
2051-09-19 16:00:00,0.0,0.0
2051-09-19 17:00:00,0.0,0.0
2051-09-19 18:00:00,0.0,0.0
2051-09-19 19:00:00,0.0,0.0
2051-09-19 20:00:00,0.0,0.0
2051-09-19 21:00:00,0.0,0.0
2051-09-19 22:00:00,0.0,0.0
2051-09-19 23:00:00,0.0,0.0
2051-09-20 00:00:00,0.0,0.0
2051-09-20 01:00:00,0.0,0.0
2051-09-20 02:00:00,0.0,12.953919649421177
2051-09-20 03:00:00,0.0,94.5636134407746
2051-09-20 04:00:00,0.0,187.40003759495968
2051-09-20 05:00:00,0.0,255.19221709359724
2051-09-20 06:00:00,0.0,300.5309358665713
2051-09-20 07:00:00,0.0,322.1208019489399
2051-09-20 08:00:00,0.0,323.84799123552943
2051-09-20 09:00:00,0.0,303.55351711810295
2051-09-20 10:00:00,0.0,264.6917581698394
2051-09-20 11:00:00,0.0,203.80833581755988
2051-09-20 12:00:00,0.0,122.63043934785381
2051-09-20 13:00:00,0.0,33.68019108849506
2051-09-20 14:00:00,0.0,0.0
2051-09-20 15:00:00,0.0,0.0
2051-09-20 16:00:00,0.0,0.0
2051-09-20 17:00:00,0.0,0.0
2051-09-20 18:00:00,0.0,0.0
2051-09-20 19:00:00,0.0,0.0
2051-09-20 20:00:00,0.0,0.0
2051-09-20 21:00:00,0.0,0.0
2051-09-20 22:00:00,0.0,0.0
2051-09-20 23:00:00,0.0,0.0
2051-09-21 00:00:00,0.0,0.0
2051-09-21 01:00:00,0.0,0.0
2051-09-21 02:00:00,0.0,12.522122327773806
2051-09-21 03:00:00,0.0,96.2908027273641
2051-09-21 04:00:00,0.0,185.67284830837022
2051-09-21 05:00:00,0.0,254.32862245030245
2051-09-21 06:00:00,0.0,295.78116532845024
2051-09-21 07:00:00,0.0,317.80282873246625
2051-09-21 08:00:00,0.0,318.6664233757609
2051-09-21 09:00:00,0.0,299.6673412232766
2051-09-21 10:00:00,0.0,260.8055822750131
2051-09-21 11:00:00,0.0,199.9221599227335
2051-09-21 12:00:00,0.0,119.17606077467484
2051-09-21 13:00:00,0.0,31.521204480258202
2051-09-21 14:00:00,0.0,0.0
2051-09-21 15:00:00,0.0,0.0
2051-09-21 16:00:00,0.0,0.0
2051-09-21 17:00:00,0.0,0.0
2051-09-21 18:00:00,0.0,0.0
2051-09-21 19:00:00,0.0,0.0
2051-09-21 20:00:00,0.0,0.0
2051-09-21 21:00:00,0.0,0.0
2051-09-21 22:00:00,0.0,0.0
2051-09-21 23:00:00,0.0,0.0
2051-09-22 00:00:00,0.0,0.0
2051-09-22 01:00:00,0.0,0.0
2051-09-22 02:00:00,0.0,12.090325006126433
2051-09-22 03:00:00,0.0,96.2908027273641
2051-09-22 04:00:00,0.0,185.24105098672285
2051-09-22 05:00:00,0.0,253.89682512865508
2051-09-22 06:00:00,0.0,298.8037465799818
2051-09-22 07:00:00,0.0,320.8254099839979
2051-09-22 08:00:00,0.0,322.9843965922347
2051-09-22 09:00:00,0.0,301.8263278315135
2051-09-22 10:00:00,0.0,262.53277156160254
2051-09-22 11:00:00,0.0,201.21755188767565
2051-09-22 12:00:00,0.0,118.74426345302746
2051-09-22 13:00:00,0.0,30.657609836963452
2051-09-22 14:00:00,0.0,0.0
2051-09-22 15:00:00,0.0,0.0
2051-09-22 16:00:00,0.0,0.0
2051-09-22 17:00:00,0.0,0.0
2051-09-22 18:00:00,0.0,0.0
2051-09-22 19:00:00,0.0,0.0
2051-09-22 20:00:00,0.0,0.0
2051-09-22 21:00:00,0.0,0.0
2051-09-22 22:00:00,0.0,0.0
2051-09-22 23:00:00,0.0,0.0
2051-09-23 00:00:00,0.0,0.0
2051-09-23 01:00:00,0.0,0.0
2051-09-23 02:00:00,0.0,11.226730362831688
2051-09-23 03:00:00,0.0,91.1092348675956
2051-09-23 04:00:00,0.0,177.46869919707012
2051-09-23 05:00:00,0.0,245.26087869570762
2051-09-23 06:00:00,0.0,289.73600282538706
2051-09-23 07:00:00,0.0,312.62126087269775
2051-09-23 08:00:00,0.0,313.4848555159925
2051-09-23 09:00:00,0.0,294.9175706851555
2051-09-23 10:00:00,0.0,254.76041977194984
2051-09-23 11:00:00,0.0,190.8544161681387
2051-09-23 12:00:00,0.0,105.79034380360629
2051-09-23 13:00:00,0.0,23.748852690605492
2051-09-23 14:00:00,0.0,0.0
2051-09-23 15:00:00,0.0,0.0
2051-09-23 16:00:00,0.0,0.0
2051-09-23 17:00:00,0.0,0.0
2051-09-23 18:00:00,0.0,0.0
2051-09-23 19:00:00,0.0,0.0
2051-09-23 20:00:00,0.0,0.0
2051-09-23 21:00:00,0.0,0.0
2051-09-23 22:00:00,0.0,0.0
2051-09-23 23:00:00,0.0,0.0
2051-09-24 00:00:00,0.0,0.0
2051-09-24 01:00:00,0.0,0.0
2051-09-24 02:00:00,0.0,8.20414911130008
2051-09-24 03:00:00,0.0,71.67835539346386
2051-09-24 04:00:00,0.0,142.92491346528033
2051-09-24 05:00:00,0.0,190.8544161681387
2051-09-24 06:00:00,0.0,220.21663404016005
2051-09-24 07:00:00,0.0,241.8065001225287
2051-09-24 08:00:00,0.0,249.147054590534
2051-09-24 09:00:00,0.0,239.2157161926444
2051-09-24 10:00:00,0.0,216.76225546698106
2051-09-24 11:00:00,0.0,180.05948312695435
2051-09-24 12:00:00,0.0,108.38112773349053
2051-09-24 13:00:00,0.0,27.635028585431847
2051-09-24 14:00:00,0.0,0.0
2051-09-24 15:00:00,0.0,0.0
2051-09-24 16:00:00,0.0,0.0
2051-09-24 17:00:00,0.0,0.0
2051-09-24 18:00:00,0.0,0.0
2051-09-24 19:00:00,0.0,0.0
2051-09-24 20:00:00,0.0,0.0
2051-09-24 21:00:00,0.0,0.0
2051-09-24 22:00:00,0.0,0.0
2051-09-24 23:00:00,0.0,0.0
2051-09-25 00:00:00,0.0,0.0
2051-09-25 01:00:00,0.0,0.0
2051-09-25 02:00:00,0.0,6.908757146357962
2051-09-25 03:00:00,0.0,72.11015271511121
2051-09-25 04:00:00,0.0,159.33321168788046
2051-09-25 05:00:00,0.0,231.0115670813443
2051-09-25 06:00:00,0.0,286.71342157385544
2051-09-25 07:00:00,0.0,307.8714903345766
2051-09-25 08:00:00,0.0,309.5986796211661
2051-09-25 09:00:00,0.0,286.281624252208
2051-09-25 10:00:00,0.0,246.55627066064977
2051-09-25 11:00:00,0.0,186.10464563001761
2051-09-25 12:00:00,0.0,104.92674916031154
2051-09-25 13:00:00,0.0,25.044244655547615
2051-09-25 14:00:00,0.0,0.0
2051-09-25 15:00:00,0.0,0.0
2051-09-25 16:00:00,0.0,0.0
2051-09-25 17:00:00,0.0,0.0
2051-09-25 18:00:00,0.0,0.0
2051-09-25 19:00:00,0.0,0.0
2051-09-25 20:00:00,0.0,0.0
2051-09-25 21:00:00,0.0,0.0
2051-09-25 22:00:00,0.0,0.0
2051-09-25 23:00:00,0.0,0.0
2051-09-26 00:00:00,0.0,0.0
2051-09-26 01:00:00,0.0,0.0
2051-09-26 02:00:00,0.0,6.476959824710589
2051-09-26 03:00:00,0.0,77.72351789652707
2051-09-26 04:00:00,0.0,170.12814472906481
2051-09-26 05:00:00,0.0,240.94290547923393
2051-09-26 06:00:00,0.0,288.44061086044485
2051-09-26 07:00:00,0.0,313.4848555159925
2051-09-26 08:00:00,0.0,319.9618153407031
2051-09-26 09:00:00,0.0,303.9853144397503
2051-09-26 10:00:00,0.0,267.2825420997236
2051-09-26 11:00:00,0.0,206.39911974744408
2051-09-26 12:00:00,0.0,123.92583131279592
2051-09-26 13:00:00,0.0,32.81659644520032
2051-09-26 14:00:00,0.0,0.0
2051-09-26 15:00:00,0.0,0.0
2051-09-26 16:00:00,0.0,0.0
2051-09-26 17:00:00,0.0,0.0
2051-09-26 18:00:00,0.0,0.0
2051-09-26 19:00:00,0.0,0.0
2051-09-26 20:00:00,0.0,0.0
2051-09-26 21:00:00,0.0,0.0
2051-09-26 22:00:00,0.0,0.0
2051-09-26 23:00:00,0.0,0.0
2051-09-27 00:00:00,0.0,0.0
2051-09-27 01:00:00,0.0,0.0
2051-09-27 02:00:00,0.0,10.363135719536942
2051-09-27 03:00:00,0.0,92.83642415418511
2051-09-27 04:00:00,0.0,181.3548750918965
2051-09-27 05:00:00,0.0,252.60143316371298
2051-09-27 06:00:00,0.0,297.50835461503976
2051-09-27 07:00:00,0.0,319.5300180190557
2051-09-27 08:00:00,0.0,319.9618153407031
2051-09-27 09:00:00,0.0,297.9401519366871
2051-09-27 10:00:00,0.0,250.87424387712346
2051-09-27 11:00:00,0.0,177.03690187542276
2051-09-27 12:00:00,0.0,93.70001879747984
2051-09-27 13:00:00,0.0,22.453460725663376
2051-09-27 14:00:00,0.0,0.0
2051-09-27 15:00:00,0.0,0.0
2051-09-27 16:00:00,0.0,0.0
2051-09-27 17:00:00,0.0,0.0
2051-09-27 18:00:00,0.0,0.0
2051-09-27 19:00:00,0.0,0.0
2051-09-27 20:00:00,0.0,0.0
2051-09-27 21:00:00,0.0,0.0
2051-09-27 22:00:00,0.0,0.0
2051-09-27 23:00:00,0.0,0.0
2051-09-28 00:00:00,0.0,0.0
2051-09-28 01:00:00,0.0,0.0
2051-09-28 02:00:00,0.0,6.045162503063217
2051-09-28 03:00:00,0.0,69.519368785227
2051-09-28 04:00:00,0.0,168.8327527641227
2051-09-28 05:00:00,0.0,243.53368940911815
2051-09-28 06:00:00,0.0,290.5995974686818
2051-09-28 07:00:00,0.0,313.05305819434517
2051-09-28 08:00:00,0.0,315.212044802582
2051-09-28 09:00:00,0.0,297.9401519366871
2051-09-28 10:00:00,0.0,262.1009742399552
2051-09-28 11:00:00,0.0,204.24013313920724
2051-09-28 12:00:00,0.0,123.49403399114857
2051-09-28 13:00:00,0.0,32.384799123552945
2051-09-28 14:00:00,0.0,0.0
2051-09-28 15:00:00,0.0,0.0
2051-09-28 16:00:00,0.0,0.0
2051-09-28 17:00:00,0.0,0.0
2051-09-28 18:00:00,0.0,0.0
2051-09-28 19:00:00,0.0,0.0
2051-09-28 20:00:00,0.0,0.0
2051-09-28 21:00:00,0.0,0.0
2051-09-28 22:00:00,0.0,0.0
2051-09-28 23:00:00,0.0,0.0
2051-09-29 00:00:00,0.0,0.0
2051-09-29 01:00:00,0.0,0.0
2051-09-29 02:00:00,0.0,10.363135719536942
2051-09-29 03:00:00,0.0,94.5636134407746
2051-09-29 04:00:00,0.0,183.08206437848597
2051-09-29 05:00:00,0.0,250.87424387712346
2051-09-29 06:00:00,0.0,294.9175706851555
2051-09-29 07:00:00,0.0,317.37103141081883
2051-09-29 08:00:00,0.0,319.5300180190557
2051-09-29 09:00:00,0.0,302.68992247480816
2051-09-29 10:00:00,0.0,263.3963662048973
2051-09-29 11:00:00,0.0,201.21755188767565
2051-09-29 12:00:00,0.0,118.74426345302746
2051-09-29 13:00:00,0.0,29.362217872021336
2051-09-29 14:00:00,0.0,0.0
2051-09-29 15:00:00,0.0,0.0
2051-09-29 16:00:00,0.0,0.0
2051-09-29 17:00:00,0.0,0.0
2051-09-29 18:00:00,0.0,0.0
2051-09-29 19:00:00,0.0,0.0
2051-09-29 20:00:00,0.0,0.0
2051-09-29 21:00:00,0.0,0.0
2051-09-29 22:00:00,0.0,0.0
2051-09-29 23:00:00,0.0,0.0
2051-09-30 00:00:00,0.0,0.0
2051-09-30 01:00:00,0.0,0.0
2051-09-30 02:00:00,0.0,8.20414911130008
2051-09-30 03:00:00,0.0,87.22305897276928
2051-09-30 04:00:00,0.0,178.33229384036485
2051-09-30 05:00:00,0.0,247.41986530394448
2051-09-30 06:00:00,0.0,291.8949894336239
2051-09-30 07:00:00,0.0,314.7802474809347
2051-09-30 08:00:00,0.0,316.9392340891715
2051-09-30 09:00:00,0.0,298.8037465799818
2051-09-30 10:00:00,0.0,259.9419876317183
2051-09-30 11:00:00,0.0,198.6267679577914
2051-09-30 12:00:00,0.0,116.15347952314323
2051-09-30 13:00:00,0.0,28.06682590707922
2051-09-30 14:00:00,0.0,0.0
2051-09-30 15:00:00,0.0,0.0
2051-09-30 16:00:00,0.0,0.0
2051-09-30 17:00:00,0.0,0.0
2051-09-30 18:00:00,0.0,0.0
2051-09-30 19:00:00,0.0,0.0
2051-09-30 20:00:00,0.0,0.0
2051-09-30 21:00:00,0.0,0.0
2051-09-30 22:00:00,0.0,0.0
2051-09-30 23:00:00,0.0,0.0
2051-10-01 00:00:00,0.0,0.0
2051-10-01 01:00:00,0.0,0.0
2051-10-01 02:00:00,0.0,8.635946432947453
2051-10-01 03:00:00,0.0,89.38204558100612
2051-10-01 04:00:00,0.0,178.76409116201225
2051-10-01 05:00:00,0.0,247.41986530394448
2051-10-01 06:00:00,0.0,291.8949894336239
2051-10-01 07:00:00,0.0,314.3484501592872
2051-10-01 08:00:00,0.0,316.5074367675241
2051-10-01 09:00:00,0.0,297.50835461503976
2051-10-01 10:00:00,0.0,257.3512037018341
2051-10-01 11:00:00,0.0,194.74059206296505
2051-10-01 12:00:00,0.0,111.40370898502213
2051-10-01 13:00:00,0.0,25.044244655547615
2051-10-01 14:00:00,0.0,0.0
2051-10-01 15:00:00,0.0,0.0
2051-10-01 16:00:00,0.0,0.0
2051-10-01 17:00:00,0.0,0.0
2051-10-01 18:00:00,0.0,0.0
2051-10-01 19:00:00,0.0,0.0
2051-10-01 20:00:00,0.0,0.0
2051-10-01 21:00:00,0.0,0.0
2051-10-01 22:00:00,0.0,0.0
2051-10-01 23:00:00,0.0,0.0
2051-10-02 00:00:00,0.0,0.0
2051-10-02 01:00:00,0.0,0.0
2051-10-02 02:00:00,0.0,6.908757146357962
2051-10-02 03:00:00,0.0,83.76868039959028
2051-10-02 04:00:00,0.0,173.5825233022438
2051-10-02 05:00:00,0.0,243.53368940911815
2051-10-02 06:00:00,0.0,290.5995974686818
2051-10-02 07:00:00,0.0,313.4848555159925
2051-10-02 08:00:00,0.0,315.6438421242293
2051-10-02 09:00:00,0.0,297.9401519366871
2051-10-02 10:00:00,0.0,258.21479834512877
2051-10-02 11:00:00,0.0,195.60418670625978
2051-10-02 12:00:00,0.0,112.26730362831688
2051-10-02 13:00:00,0.0,25.044244655547615
2051-10-02 14:00:00,0.0,0.0
2051-10-02 15:00:00,0.0,0.0
2051-10-02 16:00:00,0.0,0.0
2051-10-02 17:00:00,0.0,0.0
2051-10-02 18:00:00,0.0,0.0
2051-10-02 19:00:00,0.0,0.0
2051-10-02 20:00:00,0.0,0.0
2051-10-02 21:00:00,0.0,0.0
2051-10-02 22:00:00,0.0,0.0
2051-10-02 23:00:00,0.0,0.0
2051-10-03 00:00:00,0.0,0.0
2051-10-03 01:00:00,0.0,0.0
2051-10-03 02:00:00,0.0,7.772351789652706
2051-10-03 03:00:00,0.0,86.7912616511219
2051-10-03 04:00:00,0.0,176.173307232128
2051-10-03 05:00:00,0.0,245.26087869570762
2051-10-03 06:00:00,0.0,291.4631921119765
2051-10-03 07:00:00,0.0,313.4848555159925
2051-10-03 08:00:00,0.0,315.212044802582
2051-10-03 09:00:00,0.0,295.3493680068029
2051-10-03 10:00:00,0.0,254.32862245030245
2051-10-03 11:00:00,0.0,190.8544161681387
2051-10-03 12:00:00,0.0,107.51753309019577
2051-10-03 13:00:00,0.0,22.885258047310746
2051-10-03 14:00:00,0.0,0.0
2051-10-03 15:00:00,0.0,0.0
2051-10-03 16:00:00,0.0,0.0
2051-10-03 17:00:00,0.0,0.0
2051-10-03 18:00:00,0.0,0.0
2051-10-03 19:00:00,0.0,0.0
2051-10-03 20:00:00,0.0,0.0
2051-10-03 21:00:00,0.0,0.0
2051-10-03 22:00:00,0.0,0.0
2051-10-03 23:00:00,0.0,0.0
2051-10-04 00:00:00,0.0,0.0
2051-10-04 01:00:00,0.0,0.0
2051-10-04 02:00:00,0.0,6.908757146357962
2051-10-04 03:00:00,0.0,84.20047772123766
2051-10-04 04:00:00,0.0,173.1507259805964
2051-10-04 05:00:00,0.0,242.23829744417606
2051-10-04 06:00:00,0.0,288.44061086044485
2051-10-04 07:00:00,0.0,310.8940715861083
2051-10-04 08:00:00,0.0,312.62126087269775
2051-10-04 09:00:00,0.0,293.62217872021336
2051-10-04 10:00:00,0.0,252.60143316371298
2051-10-04 11:00:00,0.0,189.1272268815492
2051-10-04 12:00:00,0.0,105.35854648195891
2051-10-04 13:00:00,0.0,21.15806876072126
2051-10-04 14:00:00,0.0,0.0
2051-10-04 15:00:00,0.0,0.0
2051-10-04 16:00:00,0.0,0.0
2051-10-04 17:00:00,0.0,0.0
2051-10-04 18:00:00,0.0,0.0
2051-10-04 19:00:00,0.0,0.0
2051-10-04 20:00:00,0.0,0.0
2051-10-04 21:00:00,0.0,0.0
2051-10-04 22:00:00,0.0,0.0
2051-10-04 23:00:00,0.0,0.0
2051-10-05 00:00:00,0.0,0.0
2051-10-05 01:00:00,0.0,0.0
2051-10-05 02:00:00,0.0,5.613365181415844
2051-10-05 03:00:00,0.0,75.99632860993756
2051-10-05 04:00:00,0.0,169.26455008577008
2051-10-05 05:00:00,0.0,240.0793108359392
2051-10-05 06:00:00,0.0,291.03139479032916
2051-10-05 07:00:00,0.0,314.7802474809347
2051-10-05 08:00:00,0.0,316.5074367675241
2051-10-05 09:00:00,0.0,297.9401519366871
2051-10-05 10:00:00,0.0,256.4876090585393
2051-10-05 11:00:00,0.0,188.26363223825444
2051-10-05 12:00:00,0.0,101.90416790877994
2051-10-05 13:00:00,0.0,18.56728483083702
2051-10-05 14:00:00,0.0,0.0
2051-10-05 15:00:00,0.0,0.0
2051-10-05 16:00:00,0.0,0.0
2051-10-05 17:00:00,0.0,0.0
2051-10-05 18:00:00,0.0,0.0
2051-10-05 19:00:00,0.0,0.0
2051-10-05 20:00:00,0.0,0.0
2051-10-05 21:00:00,0.0,0.0
2051-10-05 22:00:00,0.0,0.0
2051-10-05 23:00:00,0.0,0.0
2051-10-06 00:00:00,0.0,0.0
2051-10-06 01:00:00,0.0,0.0
2051-10-06 02:00:00,0.0,4.317973216473726
2051-10-06 03:00:00,0.0,70.81476075016911
2051-10-06 04:00:00,0.0,163.6511849043542
2051-10-06 05:00:00,0.0,243.10189208747076
2051-10-06 06:00:00,0.0,290.16780014703437
2051-10-06 07:00:00,0.0,310.8940715861083
2051-10-06 08:00:00,0.0,311.757666229403
2051-10-06 09:00:00,0.0,294.0539760418608
2051-10-06 10:00:00,0.0,253.46502780700774
2051-10-06 11:00:00,0.0,190.8544161681387
2051-10-06 12:00:00,0.0,105.35854648195891
2051-10-06 13:00:00,0.0,21.15806876072126
2051-10-06 14:00:00,0.0,0.0
2051-10-06 15:00:00,0.0,0.0
2051-10-06 16:00:00,0.0,0.0
2051-10-06 17:00:00,0.0,0.0
2051-10-06 18:00:00,0.0,0.0
2051-10-06 19:00:00,0.0,0.0
2051-10-06 20:00:00,0.0,0.0
2051-10-06 21:00:00,0.0,0.0
2051-10-06 22:00:00,0.0,0.0
2051-10-06 23:00:00,0.0,0.0
2051-10-07 00:00:00,0.0,0.0
2051-10-07 01:00:00,0.0,0.0
2051-10-07 02:00:00,0.0,4.749770538121099
2051-10-07 03:00:00,0.0,71.24655807181648
2051-10-07 04:00:00,0.0,170.55994205071218
2051-10-07 05:00:00,0.0,240.94290547923393
2051-10-07 06:00:00,0.0,289.30420550373964
2051-10-07 07:00:00,0.0,315.6438421242293
2051-10-07 08:00:00,0.0,319.5300180190557
2051-10-07 09:00:00,0.0,300.96273318821864
2051-10-07 10:00:00,0.0,262.1009742399552
2051-10-07 11:00:00,0.0,199.9221599227335
2051-10-07 12:00:00,0.0,114.42629023655374
2051-10-07 13:00:00,0.0,23.748852690605492
2051-10-07 14:00:00,0.0,0.0
2051-10-07 15:00:00,0.0,0.0
2051-10-07 16:00:00,0.0,0.0
2051-10-07 17:00:00,0.0,0.0
2051-10-07 18:00:00,0.0,0.0
2051-10-07 19:00:00,0.0,0.0
2051-10-07 20:00:00,0.0,0.0
2051-10-07 21:00:00,0.0,0.0
2051-10-07 22:00:00,0.0,0.0
2051-10-07 23:00:00,0.0,0.0
2051-10-08 00:00:00,0.0,0.0
2051-10-08 01:00:00,0.0,0.0
2051-10-08 02:00:00,0.0,5.613365181415844
2051-10-08 03:00:00,0.0,83.33688307794291
2051-10-08 04:00:00,0.0,170.55994205071218
2051-10-08 05:00:00,0.0,246.12447333900238
2051-10-08 06:00:00,0.0,294.48577336350814
2051-10-08 07:00:00,0.0,318.2346260541136
2051-10-08 08:00:00,0.0,320.8254099839979
2051-10-08 09:00:00,0.0,301.8263278315135
2051-10-08 10:00:00,0.0,262.1009742399552
2051-10-08 11:00:00,0.0,200.3539572443809
2051-10-08 12:00:00,0.0,117.017074166438
2051-10-08 13:00:00,0.0,24.61244733390024
2051-10-08 14:00:00,0.0,0.0
2051-10-08 15:00:00,0.0,0.0
2051-10-08 16:00:00,0.0,0.0
2051-10-08 17:00:00,0.0,0.0
2051-10-08 18:00:00,0.0,0.0
2051-10-08 19:00:00,0.0,0.0
2051-10-08 20:00:00,0.0,0.0
2051-10-08 21:00:00,0.0,0.0
2051-10-08 22:00:00,0.0,0.0
2051-10-08 23:00:00,0.0,0.0
2051-10-09 00:00:00,0.0,0.0
2051-10-09 01:00:00,0.0,0.0
2051-10-09 02:00:00,0.0,7.340554468005334
2051-10-09 03:00:00,0.0,91.54103218924298
2051-10-09 04:00:00,0.0,183.51386170013336
2051-10-09 05:00:00,0.0,252.60143316371298
2051-10-09 06:00:00,0.0,297.50835461503976
2051-10-09 07:00:00,0.0,319.9618153407031
2051-10-09 08:00:00,0.0,322.5525992705874
2051-10-09 09:00:00,0.0,304.84890908304504
2051-10-09 10:00:00,0.0,265.98715013478153
2051-10-09 11:00:00,0.0,205.103727782502
2051-10-09 12:00:00,0.0,121.76684470455905
2051-10-09 13:00:00,0.0,26.7714339421371
2051-10-09 14:00:00,0.0,0.0
2051-10-09 15:00:00,0.0,0.0
2051-10-09 16:00:00,0.0,0.0
2051-10-09 17:00:00,0.0,0.0
2051-10-09 18:00:00,0.0,0.0
2051-10-09 19:00:00,0.0,0.0
2051-10-09 20:00:00,0.0,0.0
2051-10-09 21:00:00,0.0,0.0
2051-10-09 22:00:00,0.0,0.0
2051-10-09 23:00:00,0.0,0.0
2051-10-10 00:00:00,0.0,0.0
2051-10-10 01:00:00,0.0,0.0
2051-10-10 02:00:00,0.0,7.340554468005334
2051-10-10 03:00:00,0.0,93.26822147583248
2051-10-10 04:00:00,0.0,186.10464563001761
2051-10-10 05:00:00,0.0,255.19221709359724
2051-10-10 06:00:00,0.0,299.6673412232766
2051-10-10 07:00:00,0.0,322.1208019489399
2051-10-10 08:00:00,0.0,323.84799123552943
2051-10-10 09:00:00,0.0,306.1443010479872
2051-10-10 10:00:00,0.0,267.2825420997236
2051-10-10 11:00:00,0.0,205.96732242579674
2051-10-10 12:00:00,0.0,122.19864202620646
2051-10-10 13:00:00,0.0,25.907839298842354
2051-10-10 14:00:00,0.0,0.0
2051-10-10 15:00:00,0.0,0.0
2051-10-10 16:00:00,0.0,0.0
2051-10-10 17:00:00,0.0,0.0
2051-10-10 18:00:00,0.0,0.0
2051-10-10 19:00:00,0.0,0.0
2051-10-10 20:00:00,0.0,0.0
2051-10-10 21:00:00,0.0,0.0
2051-10-10 22:00:00,0.0,0.0
2051-10-10 23:00:00,0.0,0.0
2051-10-11 00:00:00,0.0,0.0
2051-10-11 01:00:00,0.0,0.0
2051-10-11 02:00:00,0.0,4.749770538121099
2051-10-11 03:00:00,0.0,80.31430182641131
2051-10-11 04:00:00,0.0,174.8779152671859
2051-10-11 05:00:00,0.0,247.85166262559184
2051-10-11 06:00:00,0.0,294.48577336350814
2051-10-11 07:00:00,0.0,318.2346260541136
2051-10-11 08:00:00,0.0,321.25720730564524
2051-10-11 09:00:00,0.0,302.25812515316085
2051-10-11 10:00:00,0.0,261.2373795966604
2051-10-11 11:00:00,0.0,197.76317331449664
2051-10-11 12:00:00,0.0,113.562695593259
2051-10-11 13:00:00,0.0,22.453460725663376
2051-10-11 14:00:00,0.0,0.0
2051-10-11 15:00:00,0.0,0.0
2051-10-11 16:00:00,0.0,0.0
2051-10-11 17:00:00,0.0,0.0
2051-10-11 18:00:00,0.0,0.0
2051-10-11 19:00:00,0.0,0.0
2051-10-11 20:00:00,0.0,0.0
2051-10-11 21:00:00,0.0,0.0
2051-10-11 22:00:00,0.0,0.0
2051-10-11 23:00:00,0.0,0.0
2051-10-12 00:00:00,0.0,0.0
2051-10-12 01:00:00,0.0,0.0
2051-10-12 02:00:00,0.0,4.749770538121099
2051-10-12 03:00:00,0.0,82.47328843464817
2051-10-12 04:00:00,0.0,174.8779152671859
2051-10-12 05:00:00,0.0,246.12447333900238
2051-10-12 06:00:00,0.0,292.32678675527126
2051-10-12 07:00:00,0.0,315.212044802582
2051-10-12 08:00:00,0.0,316.9392340891715
2051-10-12 09:00:00,0.0,298.8037465799818
2051-10-12 10:00:00,0.0,258.6465956667762
2051-10-12 11:00:00,0.0,196.46778134955454
2051-10-12 12:00:00,0.0,112.26730362831688
2051-10-12 13:00:00,0.0,20.726271439073884
2051-10-12 14:00:00,0.0,0.0
2051-10-12 15:00:00,0.0,0.0
2051-10-12 16:00:00,0.0,0.0
2051-10-12 17:00:00,0.0,0.0
2051-10-12 18:00:00,0.0,0.0
2051-10-12 19:00:00,0.0,0.0
2051-10-12 20:00:00,0.0,0.0
2051-10-12 21:00:00,0.0,0.0
2051-10-12 22:00:00,0.0,0.0
2051-10-12 23:00:00,0.0,0.0
2051-10-13 00:00:00,0.0,0.0
2051-10-13 01:00:00,0.0,0.0
2051-10-13 02:00:00,0.0,5.181567859768471
2051-10-13 03:00:00,0.0,85.92766700782715
2051-10-13 04:00:00,0.0,179.627685805307
2051-10-13 05:00:00,0.0,250.87424387712346
2051-10-13 06:00:00,0.0,294.48577336350814
2051-10-13 07:00:00,0.0,319.5300180190557
2051-10-13 08:00:00,0.0,322.1208019489399
2051-10-13 09:00:00,0.0,303.1217197964555
2051-10-13 10:00:00,0.0,262.9645688832499
2051-10-13 11:00:00,0.0,199.49036260108616
2051-10-13 12:00:00,0.0,113.99449291490636
2051-10-13 13:00:00,0.0,20.726271439073884
2051-10-13 14:00:00,0.0,0.0
2051-10-13 15:00:00,0.0,0.0
2051-10-13 16:00:00,0.0,0.0
2051-10-13 17:00:00,0.0,0.0
2051-10-13 18:00:00,0.0,0.0
2051-10-13 19:00:00,0.0,0.0
2051-10-13 20:00:00,0.0,0.0
2051-10-13 21:00:00,0.0,0.0
2051-10-13 22:00:00,0.0,0.0
2051-10-13 23:00:00,0.0,0.0
2051-10-14 00:00:00,0.0,0.0
2051-10-14 01:00:00,0.0,0.0
2051-10-14 02:00:00,0.0,1.2953919649421177
2051-10-14 03:00:00,0.0,53.111070562626836
2051-10-14 04:00:00,0.0,129.97099381585915
2051-10-14 05:00:00,0.0,202.51294385261772
2051-10-14 06:00:00,0.0,248.28345994723924
2051-10-14 07:00:00,0.0,274.1912992460816
2051-10-14 08:00:00,0.0,288.8724081820923
2051-10-14 09:00:00,0.0,278.5092724625553
2051-10-14 10:00:00,0.0,244.3972840524129
2051-10-14 11:00:00,0.0,188.26363223825444
2051-10-14 12:00:00,0.0,110.10831702008002
2051-10-14 13:00:00,0.0,18.56728483083702
2051-10-14 14:00:00,0.0,0.0
2051-10-14 15:00:00,0.0,0.0
2051-10-14 16:00:00,0.0,0.0
2051-10-14 17:00:00,0.0,0.0
2051-10-14 18:00:00,0.0,0.0
2051-10-14 19:00:00,0.0,0.0
2051-10-14 20:00:00,0.0,0.0
2051-10-14 21:00:00,0.0,0.0
2051-10-14 22:00:00,0.0,0.0
2051-10-14 23:00:00,0.0,0.0
2051-10-15 00:00:00,0.0,0.0
2051-10-15 01:00:00,0.0,0.0
2051-10-15 02:00:00,0.0,4.749770538121099
2051-10-15 03:00:00,0.0,82.90508575629553
2051-10-15 04:00:00,0.0,172.71892865894904
2051-10-15 05:00:00,0.0,249.147054590534
2051-10-15 06:00:00,0.0,294.9175706851555
2051-10-15 07:00:00,0.0,318.6664233757609
2051-10-15 08:00:00,0.0,319.09822069740835
2051-10-15 09:00:00,0.0,301.39453050986606
2051-10-15 10:00:00,0.0,262.1009742399552
2051-10-15 11:00:00,0.0,201.21755188767565
2051-10-15 12:00:00,0.0,117.44887148808535
2051-10-15 13:00:00,0.0,21.58986608236863
2051-10-15 14:00:00,0.0,0.0
2051-10-15 15:00:00,0.0,0.0
2051-10-15 16:00:00,0.0,0.0
2051-10-15 17:00:00,0.0,0.0
2051-10-15 18:00:00,0.0,0.0
2051-10-15 19:00:00,0.0,0.0
2051-10-15 20:00:00,0.0,0.0
2051-10-15 21:00:00,0.0,0.0
2051-10-15 22:00:00,0.0,0.0
2051-10-15 23:00:00,0.0,0.0
2051-10-16 00:00:00,0.0,0.0
2051-10-16 01:00:00,0.0,0.0
2051-10-16 02:00:00,0.0,4.317973216473726
2051-10-16 03:00:00,0.0,83.76868039959028
2051-10-16 04:00:00,0.0,175.74150991048063
2051-10-16 05:00:00,0.0,245.26087869570762
2051-10-16 06:00:00,0.0,288.8724081820923
2051-10-16 07:00:00,0.0,313.05305819434517
2051-10-16 08:00:00,0.0,316.5074367675241
2051-10-16 09:00:00,0.0,298.8037465799818
2051-10-16 10:00:00,0.0,259.5101903100709
2051-10-16 11:00:00,0.0,197.76317331449664
2051-10-16 12:00:00,0.0,113.99449291490636
2051-10-16 13:00:00,0.0,19.86267679577914
2051-10-16 14:00:00,0.0,0.0
2051-10-16 15:00:00,0.0,0.0
2051-10-16 16:00:00,0.0,0.0
2051-10-16 17:00:00,0.0,0.0
2051-10-16 18:00:00,0.0,0.0
2051-10-16 19:00:00,0.0,0.0
2051-10-16 20:00:00,0.0,0.0
2051-10-16 21:00:00,0.0,0.0
2051-10-16 22:00:00,0.0,0.0
2051-10-16 23:00:00,0.0,0.0
2051-10-17 00:00:00,0.0,0.0
2051-10-17 01:00:00,0.0,0.0
2051-10-17 02:00:00,0.0,4.317973216473726
2051-10-17 03:00:00,0.0,86.35946432947452
2051-10-17 04:00:00,0.0,180.9230777702491
2051-10-17 05:00:00,0.0,251.30604119877086
2051-10-17 06:00:00,0.0,298.8037465799818
2051-10-17 07:00:00,0.0,322.1208019489399
2051-10-17 08:00:00,0.0,324.7115858788242
2051-10-17 09:00:00,0.0,304.84890908304504
2051-10-17 10:00:00,0.0,264.6917581698394
2051-10-17 11:00:00,0.0,201.21755188767565
2051-10-17 12:00:00,0.0,115.28988487984847
2051-10-17 13:00:00,0.0,19.86267679577914
2051-10-17 14:00:00,0.0,0.0
2051-10-17 15:00:00,0.0,0.0
2051-10-17 16:00:00,0.0,0.0
2051-10-17 17:00:00,0.0,0.0
2051-10-17 18:00:00,0.0,0.0
2051-10-17 19:00:00,0.0,0.0
2051-10-17 20:00:00,0.0,0.0
2051-10-17 21:00:00,0.0,0.0
2051-10-17 22:00:00,0.0,0.0
2051-10-17 23:00:00,0.0,0.0
2051-10-18 00:00:00,0.0,0.0
2051-10-18 01:00:00,0.0,0.0
2051-10-18 02:00:00,0.0,4.749770538121099
2051-10-18 03:00:00,0.0,88.51845093771138
2051-10-18 04:00:00,0.0,182.2184697351912
2051-10-18 05:00:00,0.0,253.03323048536038
2051-10-18 06:00:00,0.0,298.37194925833444
2051-10-18 07:00:00,0.0,321.6890046272926
2051-10-18 08:00:00,0.0,324.2797885571768
2051-10-18 09:00:00,0.0,306.1443010479872
2051-10-18 10:00:00,0.0,267.2825420997236
2051-10-18 11:00:00,0.0,205.103727782502
2051-10-18 12:00:00,0.0,120.47145273961696
2051-10-18 13:00:00,0.0,21.58986608236863
2051-10-18 14:00:00,0.0,0.0
2051-10-18 15:00:00,0.0,0.0
2051-10-18 16:00:00,0.0,0.0
2051-10-18 17:00:00,0.0,0.0
2051-10-18 18:00:00,0.0,0.0
2051-10-18 19:00:00,0.0,0.0
2051-10-18 20:00:00,0.0,0.0
2051-10-18 21:00:00,0.0,0.0
2051-10-18 22:00:00,0.0,0.0
2051-10-18 23:00:00,0.0,0.0
2051-10-19 00:00:00,0.0,0.0
2051-10-19 01:00:00,0.0,0.0
2051-10-19 02:00:00,0.0,4.317973216473726
2051-10-19 03:00:00,0.0,88.086653616064
2051-10-19 04:00:00,0.0,181.78667241354387
2051-10-19 05:00:00,0.0,251.73783852041822
2051-10-19 06:00:00,0.0,294.0539760418608
2051-10-19 07:00:00,0.0,318.2346260541136
2051-10-19 08:00:00,0.0,321.6890046272926
2051-10-19 09:00:00,0.0,302.68992247480816
2051-10-19 10:00:00,0.0,263.8281635265447
2051-10-19 11:00:00,0.0,201.64934920932302
2051-10-19 12:00:00,0.0,117.44887148808535
2051-10-19 13:00:00,0.0,20.294474117426514
2051-10-19 14:00:00,0.0,0.0
2051-10-19 15:00:00,0.0,0.0
2051-10-19 16:00:00,0.0,0.0
2051-10-19 17:00:00,0.0,0.0
2051-10-19 18:00:00,0.0,0.0
2051-10-19 19:00:00,0.0,0.0
2051-10-19 20:00:00,0.0,0.0
2051-10-19 21:00:00,0.0,0.0
2051-10-19 22:00:00,0.0,0.0
2051-10-19 23:00:00,0.0,0.0
2051-10-20 00:00:00,0.0,0.0
2051-10-20 01:00:00,0.0,0.0
2051-10-20 02:00:00,0.0,4.317973216473726
2051-10-20 03:00:00,0.0,87.65485629441663
2051-10-20 04:00:00,0.0,181.78667241354387
2051-10-20 05:00:00,0.0,252.16963584206562
2051-10-20 06:00:00,0.0,295.78116532845024
2051-10-20 07:00:00,0.0,319.09822069740835
2051-10-20 08:00:00,0.0,321.6890046272926
2051-10-20 09:00:00,0.0,303.55351711810295
2051-10-20 10:00:00,0.0,263.8281635265447
2051-10-20 11:00:00,0.0,201.64934920932302
2051-10-20 12:00:00,0.0,116.58527684479061
2051-10-20 13:00:00,0.0,18.99908215248439
2051-10-20 14:00:00,0.0,0.0
2051-10-20 15:00:00,0.0,0.0
2051-10-20 16:00:00,0.0,0.0
2051-10-20 17:00:00,0.0,0.0
2051-10-20 18:00:00,0.0,0.0
2051-10-20 19:00:00,0.0,0.0
2051-10-20 20:00:00,0.0,0.0
2051-10-20 21:00:00,0.0,0.0
2051-10-20 22:00:00,0.0,0.0
2051-10-20 23:00:00,0.0,0.0
2051-10-21 00:00:00,0.0,0.0
2051-10-21 01:00:00,0.0,0.0
2051-10-21 02:00:00,0.0,2.5907839298842354
2051-10-21 03:00:00,0.0,77.29172057487969
2051-10-21 04:00:00,0.0,170.99173937235955
2051-10-21 05:00:00,0.0,243.53368940911815
2051-10-21 06:00:00,0.0,291.8949894336239
2051-10-21 07:00:00,0.0,315.6438421242293
2051-10-21 08:00:00,0.0,318.6664233757609
2051-10-21 09:00:00,0.0,301.39453050986606
2051-10-21 10:00:00,0.0,262.53277156160254
2051-10-21 11:00:00,0.0,199.9221599227335
2051-10-21 12:00:00,0.0,114.85808755820112
2051-10-21 13:00:00,0.0,18.135487509189648
2051-10-21 14:00:00,0.0,0.0
2051-10-21 15:00:00,0.0,0.0
2051-10-21 16:00:00,0.0,0.0
2051-10-21 17:00:00,0.0,0.0
2051-10-21 18:00:00,0.0,0.0
2051-10-21 19:00:00,0.0,0.0
2051-10-21 20:00:00,0.0,0.0
2051-10-21 21:00:00,0.0,0.0
2051-10-21 22:00:00,0.0,0.0
2051-10-21 23:00:00,0.0,0.0
2051-10-22 00:00:00,0.0,0.0
2051-10-22 01:00:00,0.0,0.0
2051-10-22 02:00:00,0.0,2.5907839298842354
2051-10-22 03:00:00,0.0,76.85992325323232
2051-10-22 04:00:00,0.0,172.28713133730167
2051-10-22 05:00:00,0.0,245.692676017355
2051-10-22 06:00:00,0.0,290.5995974686818
2051-10-22 07:00:00,0.0,315.6438421242293
2051-10-22 08:00:00,0.0,319.09822069740835
2051-10-22 09:00:00,0.0,300.96273318821864
2051-10-22 10:00:00,0.0,262.1009742399552
2051-10-22 11:00:00,0.0,199.49036260108616
2051-10-22 12:00:00,0.0,113.99449291490636
2051-10-22 13:00:00,0.0,17.271892865894905
2051-10-22 14:00:00,0.0,0.0
2051-10-22 15:00:00,0.0,0.0
2051-10-22 16:00:00,0.0,0.0
2051-10-22 17:00:00,0.0,0.0
2051-10-22 18:00:00,0.0,0.0
2051-10-22 19:00:00,0.0,0.0
2051-10-22 20:00:00,0.0,0.0
2051-10-22 21:00:00,0.0,0.0
2051-10-22 22:00:00,0.0,0.0
2051-10-22 23:00:00,0.0,0.0
2051-10-23 00:00:00,0.0,0.0
2051-10-23 01:00:00,0.0,0.0
2051-10-23 02:00:00,0.0,1.7271892865894904
2051-10-23 03:00:00,0.0,71.67835539346386
2051-10-23 04:00:00,0.0,164.51477954764897
2051-10-23 05:00:00,0.0,237.48852690605497
2051-10-23 06:00:00,0.0,284.12263764397113
2051-10-23 07:00:00,0.0,308.7350849778714
2051-10-23 08:00:00,0.0,311.757666229403
2051-10-23 09:00:00,0.0,293.62217872021336
2051-10-23 10:00:00,0.0,253.89682512865508
2051-10-23 11:00:00,0.0,191.28621348978604
2051-10-23 12:00:00,0.0,107.51753309019577
2051-10-23 13:00:00,0.0,15.544703579305413
2051-10-23 14:00:00,0.0,0.0
2051-10-23 15:00:00,0.0,0.0
2051-10-23 16:00:00,0.0,0.0
2051-10-23 17:00:00,0.0,0.0
2051-10-23 18:00:00,0.0,0.0
2051-10-23 19:00:00,0.0,0.0
2051-10-23 20:00:00,0.0,0.0
2051-10-23 21:00:00,0.0,0.0
2051-10-23 22:00:00,0.0,0.0
2051-10-23 23:00:00,0.0,0.0
2051-10-24 00:00:00,0.0,0.0
2051-10-24 01:00:00,0.0,0.0
2051-10-24 02:00:00,0.0,2.158986608236863
2051-10-24 03:00:00,0.0,77.72351789652707
2051-10-24 04:00:00,0.0,173.1507259805964
2051-10-24 05:00:00,0.0,244.82908137406028
2051-10-24 06:00:00,0.0,290.16780014703437
2051-10-24 07:00:00,0.0,314.3484501592872
2051-10-24 08:00:00,0.0,317.37103141081883
2051-10-24 09:00:00,0.0,299.23554390162917
2051-10-24 10:00:00,0.0,259.9419876317183
2051-10-24 11:00:00,0.0,197.76317331449664
2051-10-24 12:00:00,0.0,113.13089827161161
2051-10-24 13:00:00,0.0,16.40829822260016
2051-10-24 14:00:00,0.0,0.0
2051-10-24 15:00:00,0.0,0.0
2051-10-24 16:00:00,0.0,0.0
2051-10-24 17:00:00,0.0,0.0
2051-10-24 18:00:00,0.0,0.0
2051-10-24 19:00:00,0.0,0.0
2051-10-24 20:00:00,0.0,0.0
2051-10-24 21:00:00,0.0,0.0
2051-10-24 22:00:00,0.0,0.0
2051-10-24 23:00:00,0.0,0.0
2051-10-25 00:00:00,0.0,0.0
2051-10-25 01:00:00,0.0,0.0
2051-10-25 02:00:00,0.0,2.5907839298842354
2051-10-25 03:00:00,0.0,85.06407236453241
2051-10-25 04:00:00,0.0,181.3548750918965
2051-10-25 05:00:00,0.0,252.60143316371298
2051-10-25 06:00:00,0.0,297.50835461503976
2051-10-25 07:00:00,0.0,320.8254099839979
2051-10-25 08:00:00,0.0,322.9843965922347
2051-10-25 09:00:00,0.0,304.84890908304504
2051-10-25 10:00:00,0.0,264.6917581698394
2051-10-25 11:00:00,0.0,201.21755188767565
2051-10-25 12:00:00,0.0,115.28988487984847
2051-10-25 13:00:00,0.0,16.40829822260016
2051-10-25 14:00:00,0.0,0.0
2051-10-25 15:00:00,0.0,0.0
2051-10-25 16:00:00,0.0,0.0
2051-10-25 17:00:00,0.0,0.0
2051-10-25 18:00:00,0.0,0.0
2051-10-25 19:00:00,0.0,0.0
2051-10-25 20:00:00,0.0,0.0
2051-10-25 21:00:00,0.0,0.0
2051-10-25 22:00:00,0.0,0.0
2051-10-25 23:00:00,0.0,0.0
2051-10-26 00:00:00,0.0,0.0
2051-10-26 01:00:00,0.0,0.0
2051-10-26 02:00:00,0.0,2.158986608236863
2051-10-26 03:00:00,0.0,84.63227504288504
2051-10-26 04:00:00,0.0,181.78667241354387
2051-10-26 05:00:00,0.0,253.03323048536038
2051-10-26 06:00:00,0.0,297.07655729339234
2051-10-26 07:00:00,0.0,319.5300180190557
2051-10-26 08:00:00,0.0,322.1208019489399
2051-10-26 09:00:00,0.0,303.55351711810295
2051-10-26 10:00:00,0.0,263.8281635265447
2051-10-26 11:00:00,0.0,200.78575456602826
2051-10-26 12:00:00,0.0,115.72168220149585
2051-10-26 13:00:00,0.0,15.976500900952788
2051-10-26 14:00:00,0.0,0.0
2051-10-26 15:00:00,0.0,0.0
2051-10-26 16:00:00,0.0,0.0
2051-10-26 17:00:00,0.0,0.0
2051-10-26 18:00:00,0.0,0.0
2051-10-26 19:00:00,0.0,0.0
2051-10-26 20:00:00,0.0,0.0
2051-10-26 21:00:00,0.0,0.0
2051-10-26 22:00:00,0.0,0.0
2051-10-26 23:00:00,0.0,0.0
2051-10-27 00:00:00,0.0,0.0
2051-10-27 01:00:00,0.0,0.0
2051-10-27 02:00:00,0.0,1.7271892865894904
2051-10-27 03:00:00,0.0,81.60969379135341
2051-10-27 04:00:00,0.0,177.46869919707012
2051-10-27 05:00:00,0.0,249.147054590534
2051-10-27 06:00:00,0.0,294.48577336350814
2051-10-27 07:00:00,0.0,318.6664233757609
2051-10-27 08:00:00,0.0,321.25720730564524
2051-10-27 09:00:00,0.0,303.1217197964555
2051-10-27 10:00:00,0.0,263.8281635265447
2051-10-27 11:00:00,0.0,200.78575456602826
2051-10-27 12:00:00,0.0,114.85808755820112
2051-10-27 13:00:00,0.0,15.544703579305413
2051-10-27 14:00:00,0.0,0.0
2051-10-27 15:00:00,0.0,0.0
2051-10-27 16:00:00,0.0,0.0
2051-10-27 17:00:00,0.0,0.0
2051-10-27 18:00:00,0.0,0.0
2051-10-27 19:00:00,0.0,0.0
2051-10-27 20:00:00,0.0,0.0
2051-10-27 21:00:00,0.0,0.0
2051-10-27 22:00:00,0.0,0.0
2051-10-27 23:00:00,0.0,0.0
2051-10-28 00:00:00,0.0,0.0
2051-10-28 01:00:00,0.0,0.0
2051-10-28 02:00:00,0.0,1.2953919649421177
2051-10-28 03:00:00,0.0,75.56453128829021
2051-10-28 04:00:00,0.0,170.55994205071218
2051-10-28 05:00:00,0.0,242.6700947658234
2051-10-28 06:00:00,0.0,289.30420550373964
2051-10-28 07:00:00,0.0,313.05305819434517
2051-10-28 08:00:00,0.0,315.212044802582
2051-10-28 09:00:00,0.0,296.644759971745
2051-10-28 10:00:00,0.0,255.6240144152446
2051-10-28 11:00:00,0.0,190.8544161681387
2051-10-28 12:00:00,0.0,103.19955987372204
2051-10-28 13:00:00,0.0,12.090325006126433
2051-10-28 14:00:00,0.0,0.0
2051-10-28 15:00:00,0.0,0.0
2051-10-28 16:00:00,0.0,0.0
2051-10-28 17:00:00,0.0,0.0
2051-10-28 18:00:00,0.0,0.0
2051-10-28 19:00:00,0.0,0.0
2051-10-28 20:00:00,0.0,0.0
2051-10-28 21:00:00,0.0,0.0
2051-10-28 22:00:00,0.0,0.0
2051-10-28 23:00:00,0.0,0.0
2051-10-29 00:00:00,0.0,0.0
2051-10-29 01:00:00,0.0,0.0
2051-10-29 02:00:00,0.0,0.8635946432947452
2051-10-29 03:00:00,0.0,69.519368785227
2051-10-29 04:00:00,0.0,167.96915812082793
2051-10-29 05:00:00,0.0,240.51110815758653
2051-10-29 06:00:00,0.0,284.12263764397113
2051-10-29 07:00:00,0.0,307.4396930129293
2051-10-29 08:00:00,0.0,308.7350849778714
2051-10-29 09:00:00,0.0,289.30420550373964
2051-10-29 10:00:00,0.0,247.41986530394448
2051-10-29 11:00:00,0.0,181.3548750918965
2051-10-29 12:00:00,0.0,92.40462683253773
2051-10-29 13:00:00,0.0,8.635946432947453
2051-10-29 14:00:00,0.0,0.0
2051-10-29 15:00:00,0.0,0.0
2051-10-29 16:00:00,0.0,0.0
2051-10-29 17:00:00,0.0,0.0
2051-10-29 18:00:00,0.0,0.0
2051-10-29 19:00:00,0.0,0.0
2051-10-29 20:00:00,0.0,0.0
2051-10-29 21:00:00,0.0,0.0
2051-10-29 22:00:00,0.0,0.0
2051-10-29 23:00:00,0.0,0.0
2051-10-30 00:00:00,0.0,0.0
2051-10-30 01:00:00,0.0,0.0
2051-10-30 02:00:00,0.0,0.4317973216473726
2051-10-30 03:00:00,0.0,72.97374735840597
2051-10-30 04:00:00,0.0,168.40095544247532
2051-10-30 05:00:00,0.0,240.0793108359392
2051-10-30 06:00:00,0.0,284.5544349656186
2051-10-30 07:00:00,0.0,306.57609836963456
2051-10-30 08:00:00,0.0,305.7125037263398
2051-10-30 09:00:00,0.0,271.6005153161974
2051-10-30 10:00:00,0.0,207.69451171238623
2051-10-30 11:00:00,0.0,129.10739917256439
2051-10-30 12:00:00,0.0,56.99724645745318
2051-10-30 13:00:00,0.0,4.317973216473726
2051-10-30 14:00:00,0.0,0.0
2051-10-30 15:00:00,0.0,0.0
2051-10-30 16:00:00,0.0,0.0
2051-10-30 17:00:00,0.0,0.0
2051-10-30 18:00:00,0.0,0.0
2051-10-30 19:00:00,0.0,0.0
2051-10-30 20:00:00,0.0,0.0
2051-10-30 21:00:00,0.0,0.0
2051-10-30 22:00:00,0.0,0.0
2051-10-30 23:00:00,0.0,0.0
2051-10-31 00:00:00,0.0,0.0
2051-10-31 01:00:00,0.0,0.0
2051-10-31 02:00:00,0.0,0.0
2051-10-31 03:00:00,0.0,51.383881276037336
2051-10-31 04:00:00,0.0,124.3576286344433
2051-10-31 05:00:00,0.0,198.194970636144
2051-10-31 06:00:00,0.0,255.19221709359724
2051-10-31 07:00:00,0.0,278.5092724625553
2051-10-31 08:00:00,0.0,279.37286710585005
2051-10-31 09:00:00,0.0,262.9645688832499
2051-10-31 10:00:00,0.0,217.1940527886284
2051-10-31 11:00:00,0.0,150.26546793328566
2051-10-31 12:00:00,0.0,79.45070718311656
2051-10-31 13:00:00,0.0,6.045162503063217
2051-10-31 14:00:00,0.0,0.0
2051-10-31 15:00:00,0.0,0.0
2051-10-31 16:00:00,0.0,0.0
2051-10-31 17:00:00,0.0,0.0
2051-10-31 18:00:00,0.0,0.0
2051-10-31 19:00:00,0.0,0.0
2051-10-31 20:00:00,0.0,0.0
2051-10-31 21:00:00,0.0,0.0
2051-10-31 22:00:00,0.0,0.0
2051-10-31 23:00:00,0.0,0.0
2051-11-01 00:00:00,0.0,0.0
2051-11-01 01:00:00,0.0,0.0
2051-11-01 02:00:00,0.0,0.0
2051-11-01 03:00:00,0.0,59.15623306569004
2051-11-01 04:00:00,0.0,162.3557929394121
2051-11-01 05:00:00,0.0,229.71617511640224
2051-11-01 06:00:00,0.0,279.80466442749747
2051-11-01 07:00:00,0.0,314.3484501592872
2051-11-01 08:00:00,0.0,319.9618153407031
2051-11-01 09:00:00,0.0,302.68992247480816
2051-11-01 10:00:00,0.0,263.8281635265447
2051-11-01 11:00:00,0.0,202.08114653097036
2051-11-01 12:00:00,0.0,117.44887148808535
2051-11-01 13:00:00,0.0,14.681108936010668
2051-11-01 14:00:00,0.0,0.0
2051-11-01 15:00:00,0.0,0.0
2051-11-01 16:00:00,0.0,0.0
2051-11-01 17:00:00,0.0,0.0
2051-11-01 18:00:00,0.0,0.0
2051-11-01 19:00:00,0.0,0.0
2051-11-01 20:00:00,0.0,0.0
2051-11-01 21:00:00,0.0,0.0
2051-11-01 22:00:00,0.0,0.0
2051-11-01 23:00:00,0.0,0.0
2051-11-02 00:00:00,0.0,0.0
2051-11-02 01:00:00,0.0,0.0
2051-11-02 02:00:00,0.0,0.4317973216473726
2051-11-02 03:00:00,0.0,73.40554468005334
2051-11-02 04:00:00,0.0,167.53736079918056
2051-11-02 05:00:00,0.0,239.2157161926444
2051-11-02 06:00:00,0.0,286.71342157385544
2051-11-02 07:00:00,0.0,310.4622742644609
2051-11-02 08:00:00,0.0,313.4848555159925
2051-11-02 09:00:00,0.0,295.78116532845024
2051-11-02 10:00:00,0.0,256.05581173689194
2051-11-02 11:00:00,0.0,193.44520009802295
2051-11-02 12:00:00,0.0,108.81292505513788
2051-11-02 13:00:00,0.0,12.090325006126433
2051-11-02 14:00:00,0.0,0.0
2051-11-02 15:00:00,0.0,0.0
2051-11-02 16:00:00,0.0,0.0
2051-11-02 17:00:00,0.0,0.0
2051-11-02 18:00:00,0.0,0.0
2051-11-02 19:00:00,0.0,0.0
2051-11-02 20:00:00,0.0,0.0
2051-11-02 21:00:00,0.0,0.0
2051-11-02 22:00:00,0.0,0.0
2051-11-02 23:00:00,0.0,0.0
2051-11-03 00:00:00,0.0,0.0
2051-11-03 01:00:00,0.0,0.0
2051-11-03 02:00:00,0.0,0.0
2051-11-03 03:00:00,0.0,68.65577414193224
2051-11-03 04:00:00,0.0,163.6511849043542
2051-11-03 05:00:00,0.0,236.19313494111285
2051-11-03 06:00:00,0.0,284.9862322872659
2051-11-03 07:00:00,0.0,309.5986796211661
2051-11-03 08:00:00,0.0,312.62126087269775
2051-11-03 09:00:00,0.0,294.9175706851555
2051-11-03 10:00:00,0.0,256.05581173689194
2051-11-03 11:00:00,0.0,193.44520009802295
2051-11-03 12:00:00,0.0,108.38112773349053
2051-11-03 13:00:00,0.0,11.65852768447906
2051-11-03 14:00:00,0.0,0.0
2051-11-03 15:00:00,0.0,0.0
2051-11-03 16:00:00,0.0,0.0
2051-11-03 17:00:00,0.0,0.0
2051-11-03 18:00:00,0.0,0.0
2051-11-03 19:00:00,0.0,0.0
2051-11-03 20:00:00,0.0,0.0
2051-11-03 21:00:00,0.0,0.0
2051-11-03 22:00:00,0.0,0.0
2051-11-03 23:00:00,0.0,0.0
2051-11-04 00:00:00,0.0,0.0
2051-11-04 01:00:00,0.0,0.0
2051-11-04 02:00:00,0.0,0.0
2051-11-04 03:00:00,0.0,67.36038217699011
2051-11-04 04:00:00,0.0,162.78759026105948
2051-11-04 05:00:00,0.0,236.19313494111285
2051-11-04 06:00:00,0.0,281.53185371408694
2051-11-04 07:00:00,0.0,306.57609836963456
2051-11-04 08:00:00,0.0,310.03047694281355
2051-11-04 09:00:00,0.0,293.62217872021336
2051-11-04 10:00:00,0.0,253.46502780700774
2051-11-04 11:00:00,0.0,189.1272268815492
2051-11-04 12:00:00,0.0,101.90416790877994
2051-11-04 13:00:00,0.0,9.93133839788957
2051-11-04 14:00:00,0.0,0.0
2051-11-04 15:00:00,0.0,0.0
2051-11-04 16:00:00,0.0,0.0
2051-11-04 17:00:00,0.0,0.0
2051-11-04 18:00:00,0.0,0.0
2051-11-04 19:00:00,0.0,0.0
2051-11-04 20:00:00,0.0,0.0
2051-11-04 21:00:00,0.0,0.0
2051-11-04 22:00:00,0.0,0.0
2051-11-04 23:00:00,0.0,0.0
2051-11-05 00:00:00,0.0,0.0
2051-11-05 01:00:00,0.0,0.0
2051-11-05 02:00:00,0.0,0.0
2051-11-05 03:00:00,0.0,60.883422352279524
2051-11-05 04:00:00,0.0,160.19680633117522
2051-11-05 05:00:00,0.0,237.9203242277023
2051-11-05 06:00:00,0.0,284.9862322872659
2051-11-05 07:00:00,0.0,309.5986796211661
2051-11-05 08:00:00,0.0,311.757666229403
2051-11-05 09:00:00,0.0,293.190381398566
2051-11-05 10:00:00,0.0,252.16963584206562
2051-11-05 11:00:00,0.0,187.40003759495968
2051-11-05 12:00:00,0.0,99.74518130054308
2051-11-05 13:00:00,0.0,8.635946432947453
2051-11-05 14:00:00,0.0,0.0
2051-11-05 15:00:00,0.0,0.0
2051-11-05 16:00:00,0.0,0.0
2051-11-05 17:00:00,0.0,0.0
2051-11-05 18:00:00,0.0,0.0
2051-11-05 19:00:00,0.0,0.0
2051-11-05 20:00:00,0.0,0.0
2051-11-05 21:00:00,0.0,0.0
2051-11-05 22:00:00,0.0,0.0
2051-11-05 23:00:00,0.0,0.0
2051-11-06 00:00:00,0.0,0.0
2051-11-06 01:00:00,0.0,0.0
2051-11-06 02:00:00,0.0,0.0
2051-11-06 03:00:00,0.0,62.17881431722165
2051-11-06 04:00:00,0.0,153.71984650646465
2051-11-06 05:00:00,0.0,224.53460725663376
2051-11-06 06:00:00,0.0,281.53185371408694
2051-11-06 07:00:00,0.0,307.0078956912819
2051-11-06 08:00:00,0.0,309.16688229951876
2051-11-06 09:00:00,0.0,292.32678675527126
2051-11-06 10:00:00,0.0,252.16963584206562
2051-11-06 11:00:00,0.0,188.69542955990184
2051-11-06 12:00:00,0.0,103.19955987372204
2051-11-06 13:00:00,0.0,9.499541076242195
2051-11-06 14:00:00,0.0,0.0
2051-11-06 15:00:00,0.0,0.0
2051-11-06 16:00:00,0.0,0.0
2051-11-06 17:00:00,0.0,0.0
2051-11-06 18:00:00,0.0,0.0
2051-11-06 19:00:00,0.0,0.0
2051-11-06 20:00:00,0.0,0.0
2051-11-06 21:00:00,0.0,0.0
2051-11-06 22:00:00,0.0,0.0
2051-11-06 23:00:00,0.0,0.0
2051-11-07 00:00:00,0.0,0.0
2051-11-07 01:00:00,0.0,0.0
2051-11-07 02:00:00,0.0,0.0
2051-11-07 03:00:00,0.0,66.92858485534275
2051-11-07 04:00:00,0.0,161.06040097446996
2051-11-07 05:00:00,0.0,234.034148332876
2051-11-07 06:00:00,0.0,284.12263764397113
2051-11-07 07:00:00,0.0,307.8714903345766
2051-11-07 08:00:00,0.0,311.32586890775565
2051-11-07 09:00:00,0.0,288.44061086044485
2051-11-07 10:00:00,0.0,247.85166262559184
2051-11-07 11:00:00,0.0,164.51477954764897
2051-11-07 12:00:00,0.0,78.5871125398218
2051-11-07 13:00:00,0.0,4.749770538121099
2051-11-07 14:00:00,0.0,0.0
2051-11-07 15:00:00,0.0,0.0
2051-11-07 16:00:00,0.0,0.0
2051-11-07 17:00:00,0.0,0.0
2051-11-07 18:00:00,0.0,0.0
2051-11-07 19:00:00,0.0,0.0
2051-11-07 20:00:00,0.0,0.0
2051-11-07 21:00:00,0.0,0.0
2051-11-07 22:00:00,0.0,0.0
2051-11-07 23:00:00,0.0,0.0
2051-11-08 00:00:00,0.0,0.0
2051-11-08 01:00:00,0.0,0.0
2051-11-08 02:00:00,0.0,0.0
2051-11-08 03:00:00,0.0,64.76959824710589
2051-11-08 04:00:00,0.0,158.46961704458576
2051-11-08 05:00:00,0.0,228.42078315146009
2051-11-08 06:00:00,0.0,281.53185371408694
2051-11-08 07:00:00,0.0,306.1443010479872
2051-11-08 08:00:00,0.0,296.21296265009767
2051-11-08 09:00:00,0.0,244.3972840524129
2051-11-08 10:00:00,0.0,198.6267679577914
2051-11-08 11:00:00,0.0,165.3783741909437
2051-11-08 12:00:00,0.0,90.67743754594825
2051-11-08 13:00:00,0.0,7.772351789652706
2051-11-08 14:00:00,0.0,0.0
2051-11-08 15:00:00,0.0,0.0
2051-11-08 16:00:00,0.0,0.0
2051-11-08 17:00:00,0.0,0.0
2051-11-08 18:00:00,0.0,0.0
2051-11-08 19:00:00,0.0,0.0
2051-11-08 20:00:00,0.0,0.0
2051-11-08 21:00:00,0.0,0.0
2051-11-08 22:00:00,0.0,0.0
2051-11-08 23:00:00,0.0,0.0
2051-11-09 00:00:00,0.0,0.0
2051-11-09 01:00:00,0.0,0.0
2051-11-09 02:00:00,0.0,0.0
2051-11-09 03:00:00,0.0,47.06590805956361
2051-11-09 04:00:00,0.0,148.97007596834354
2051-11-09 05:00:00,0.0,228.42078315146009
2051-11-09 06:00:00,0.0,271.6005153161974
2051-11-09 07:00:00,0.0,301.39453050986606
2051-11-09 08:00:00,0.0,312.1894635510504
2051-11-09 09:00:00,0.0,299.6673412232766
2051-11-09 10:00:00,0.0,260.3737849533657
2051-11-09 11:00:00,0.0,196.8995786712019
2051-11-09 12:00:00,0.0,110.97191166337475
2051-11-09 13:00:00,0.0,10.363135719536942
2051-11-09 14:00:00,0.0,0.0
2051-11-09 15:00:00,0.0,0.0
2051-11-09 16:00:00,0.0,0.0
2051-11-09 17:00:00,0.0,0.0
2051-11-09 18:00:00,0.0,0.0
2051-11-09 19:00:00,0.0,0.0
2051-11-09 20:00:00,0.0,0.0
2051-11-09 21:00:00,0.0,0.0
2051-11-09 22:00:00,0.0,0.0
2051-11-09 23:00:00,0.0,0.0
2051-11-10 00:00:00,0.0,0.0
2051-11-10 01:00:00,0.0,0.0
2051-11-10 02:00:00,0.0,0.0
2051-11-10 03:00:00,0.0,53.5428678842742
2051-11-10 04:00:00,0.0,158.90141436623313
2051-11-10 05:00:00,0.0,224.96640457828113
2051-11-10 06:00:00,0.0,289.30420550373964
2051-11-10 07:00:00,0.0,316.07563944587673
2051-11-10 08:00:00,0.0,319.09822069740835
2051-11-10 09:00:00,0.0,300.96273318821864
2051-11-10 10:00:00,0.0,261.2373795966604
2051-11-10 11:00:00,0.0,197.76317331449664
2051-11-10 12:00:00,0.0,109.67651969843264
2051-11-10 13:00:00,0.0,9.499541076242195
2051-11-10 14:00:00,0.0,0.0
2051-11-10 15:00:00,0.0,0.0
2051-11-10 16:00:00,0.0,0.0
2051-11-10 17:00:00,0.0,0.0
2051-11-10 18:00:00,0.0,0.0
2051-11-10 19:00:00,0.0,0.0
2051-11-10 20:00:00,0.0,0.0
2051-11-10 21:00:00,0.0,0.0
2051-11-10 22:00:00,0.0,0.0
2051-11-10 23:00:00,0.0,0.0
2051-11-11 00:00:00,0.0,0.0
2051-11-11 01:00:00,0.0,0.0
2051-11-11 02:00:00,0.0,0.0
2051-11-11 03:00:00,0.0,64.33780092545852
2051-11-11 04:00:00,0.0,158.90141436623313
2051-11-11 05:00:00,0.0,233.17055368958123
2051-11-11 06:00:00,0.0,282.8272456790291
2051-11-11 07:00:00,0.0,307.8714903345766
2051-11-11 08:00:00,0.0,311.32586890775565
2051-11-11 09:00:00,0.0,291.4631921119765
2051-11-11 10:00:00,0.0,247.85166262559184
2051-11-11 11:00:00,0.0,178.33229384036485
2051-11-11 12:00:00,0.0,71.67835539346386
2051-11-11 13:00:00,0.0,2.5907839298842354
2051-11-11 14:00:00,0.0,0.0
2051-11-11 15:00:00,0.0,0.0
2051-11-11 16:00:00,0.0,0.0
2051-11-11 17:00:00,0.0,0.0
2051-11-11 18:00:00,0.0,0.0
2051-11-11 19:00:00,0.0,0.0
2051-11-11 20:00:00,0.0,0.0
2051-11-11 21:00:00,0.0,0.0
2051-11-11 22:00:00,0.0,0.0
2051-11-11 23:00:00,0.0,0.0
2051-11-12 00:00:00,0.0,0.0
2051-11-12 01:00:00,0.0,0.0
2051-11-12 02:00:00,0.0,0.0
2051-11-12 03:00:00,0.0,57.42904377910056
2051-11-12 04:00:00,0.0,149.83367061163827
2051-11-12 05:00:00,0.0,218.92124207521792
2051-11-12 06:00:00,0.0,265.1235554914868
2051-11-12 07:00:00,0.0,286.71342157385544
2051-11-12 08:00:00,0.0,286.71342157385544
2051-11-12 09:00:00,0.0,265.1235554914868
2051-11-12 10:00:00,0.0,218.05764743192316
2051-11-12 11:00:00,0.0,148.97007596834354
2051-11-12 12:00:00,0.0,66.49678753369538
2051-11-12 13:00:00,0.0,3.886175894826353
2051-11-12 14:00:00,0.0,0.0
2051-11-12 15:00:00,0.0,0.0
2051-11-12 16:00:00,0.0,0.0
2051-11-12 17:00:00,0.0,0.0
2051-11-12 18:00:00,0.0,0.0
2051-11-12 19:00:00,0.0,0.0
2051-11-12 20:00:00,0.0,0.0
2051-11-12 21:00:00,0.0,0.0
2051-11-12 22:00:00,0.0,0.0
2051-11-12 23:00:00,0.0,0.0
2051-11-13 00:00:00,0.0,0.0
2051-11-13 01:00:00,0.0,0.0
2051-11-13 02:00:00,0.0,0.0
2051-11-13 03:00:00,0.0,55.70185449251107
2051-11-13 04:00:00,0.0,146.81108936010668
2051-11-13 05:00:00,0.0,218.92124207521792
2051-11-13 06:00:00,0.0,263.3963662048973
2051-11-13 07:00:00,0.0,284.5544349656186
2051-11-13 08:00:00,0.0,279.80466442749747
2051-11-13 09:00:00,0.0,241.3747028008813
2051-11-13 10:00:00,0.0,188.69542955990184
2051-11-13 11:00:00,0.0,117.017074166438
2051-11-13 12:00:00,0.0,53.111070562626836
2051-11-13 13:00:00,0.0,4.749770538121099
2051-11-13 14:00:00,0.0,0.0
2051-11-13 15:00:00,0.0,0.0
2051-11-13 16:00:00,0.0,0.0
2051-11-13 17:00:00,0.0,0.0
2051-11-13 18:00:00,0.0,0.0
2051-11-13 19:00:00,0.0,0.0
2051-11-13 20:00:00,0.0,0.0
2051-11-13 21:00:00,0.0,0.0
2051-11-13 22:00:00,0.0,0.0
2051-11-13 23:00:00,0.0,0.0
2051-11-14 00:00:00,0.0,0.0
2051-11-14 01:00:00,0.0,0.0
2051-11-14 02:00:00,0.0,0.0
2051-11-14 03:00:00,0.0,65.63319289040064
2051-11-14 04:00:00,0.0,162.78759026105948
2051-11-14 05:00:00,0.0,237.48852690605497
2051-11-14 06:00:00,0.0,285.84982693056065
2051-11-14 07:00:00,0.0,308.7350849778714
2051-11-14 08:00:00,0.0,312.1894635510504
2051-11-14 09:00:00,0.0,294.9175706851555
2051-11-14 10:00:00,0.0,253.89682512865508
2051-11-14 11:00:00,0.0,184.80925366507546
2051-11-14 12:00:00,0.0,98.88158665724832
2051-11-14 13:00:00,0.0,6.908757146357962
2051-11-14 14:00:00,0.0,0.0
2051-11-14 15:00:00,0.0,0.0
2051-11-14 16:00:00,0.0,0.0
2051-11-14 17:00:00,0.0,0.0
2051-11-14 18:00:00,0.0,0.0
2051-11-14 19:00:00,0.0,0.0
2051-11-14 20:00:00,0.0,0.0
2051-11-14 21:00:00,0.0,0.0
2051-11-14 22:00:00,0.0,0.0
2051-11-14 23:00:00,0.0,0.0
2051-11-15 00:00:00,0.0,0.0
2051-11-15 01:00:00,0.0,0.0
2051-11-15 02:00:00,0.0,0.0
2051-11-15 03:00:00,0.0,68.22397682028486
2051-11-15 04:00:00,0.0,168.40095544247532
2051-11-15 05:00:00,0.0,242.23829744417606
2051-11-15 06:00:00,0.0,291.03139479032916
2051-11-15 07:00:00,0.0,315.6438421242293
2051-11-15 08:00:00,0.0,319.09822069740835
2051-11-15 09:00:00,0.0,301.39453050986606
2051-11-15 10:00:00,0.0,261.66917691830776
2051-11-15 11:00:00,0.0,198.6267679577914
2051-11-15 12:00:00,0.0,110.54011434172739
2051-11-15 13:00:00,0.0,7.772351789652706
2051-11-15 14:00:00,0.0,0.0
2051-11-15 15:00:00,0.0,0.0
2051-11-15 16:00:00,0.0,0.0
2051-11-15 17:00:00,0.0,0.0
2051-11-15 18:00:00,0.0,0.0
2051-11-15 19:00:00,0.0,0.0
2051-11-15 20:00:00,0.0,0.0
2051-11-15 21:00:00,0.0,0.0
2051-11-15 22:00:00,0.0,0.0
2051-11-15 23:00:00,0.0,0.0
2051-11-16 00:00:00,0.0,0.0
2051-11-16 01:00:00,0.0,0.0
2051-11-16 02:00:00,0.0,0.0
2051-11-16 03:00:00,0.0,71.24655807181648
2051-11-16 04:00:00,0.0,170.12814472906481
2051-11-16 05:00:00,0.0,243.10189208747076
2051-11-16 06:00:00,0.0,293.190381398566
2051-11-16 07:00:00,0.0,319.09822069740835
2051-11-16 08:00:00,0.0,322.1208019489399
2051-11-16 09:00:00,0.0,303.9853144397503
2051-11-16 10:00:00,0.0,264.25996084819207
2051-11-16 11:00:00,0.0,200.78575456602826
2051-11-16 12:00:00,0.0,113.99449291490636
2051-11-16 13:00:00,0.0,9.067743754594824
2051-11-16 14:00:00,0.0,0.0
2051-11-16 15:00:00,0.0,0.0
2051-11-16 16:00:00,0.0,0.0
2051-11-16 17:00:00,0.0,0.0
2051-11-16 18:00:00,0.0,0.0
2051-11-16 19:00:00,0.0,0.0
2051-11-16 20:00:00,0.0,0.0
2051-11-16 21:00:00,0.0,0.0
2051-11-16 22:00:00,0.0,0.0
2051-11-16 23:00:00,0.0,0.0
2051-11-17 00:00:00,0.0,0.0
2051-11-17 01:00:00,0.0,0.0
2051-11-17 02:00:00,0.0,0.0
2051-11-17 03:00:00,0.0,75.56453128829021
2051-11-17 04:00:00,0.0,174.8779152671859
2051-11-17 05:00:00,0.0,248.7152572688866
2051-11-17 06:00:00,0.0,296.644759971745
2051-11-17 07:00:00,0.0,320.39361266235045
2051-11-17 08:00:00,0.0,322.9843965922347
2051-11-17 09:00:00,0.0,304.84890908304504
2051-11-17 10:00:00,0.0,264.25996084819207
2051-11-17 11:00:00,0.0,200.3539572443809
2051-11-17 12:00:00,0.0,112.26730362831688
2051-11-17 13:00:00,0.0,8.20414911130008
2051-11-17 14:00:00,0.0,0.0
2051-11-17 15:00:00,0.0,0.0
2051-11-17 16:00:00,0.0,0.0
2051-11-17 17:00:00,0.0,0.0
2051-11-17 18:00:00,0.0,0.0
2051-11-17 19:00:00,0.0,0.0
2051-11-17 20:00:00,0.0,0.0
2051-11-17 21:00:00,0.0,0.0
2051-11-17 22:00:00,0.0,0.0
2051-11-17 23:00:00,0.0,0.0
2051-11-18 00:00:00,0.0,0.0
2051-11-18 01:00:00,0.0,0.0
2051-11-18 02:00:00,0.0,0.0
2051-11-18 03:00:00,0.0,40.58894823485303
2051-11-18 04:00:00,0.0,120.47145273961696
2051-11-18 05:00:00,0.0,196.8995786712019
2051-11-18 06:00:00,0.0,244.82908137406028
2051-11-18 07:00:00,0.0,263.8281635265447
2051-11-18 08:00:00,0.0,251.73783852041822
2051-11-18 09:00:00,0.0,220.21663404016005
2051-11-18 10:00:00,0.0,172.28713133730167
2051-11-18 11:00:00,0.0,117.44887148808535
2051-11-18 12:00:00,0.0,56.56544913580582
2051-11-18 13:00:00,0.0,1.7271892865894904
2051-11-18 14:00:00,0.0,0.0
2051-11-18 15:00:00,0.0,0.0
2051-11-18 16:00:00,0.0,0.0
2051-11-18 17:00:00,0.0,0.0
2051-11-18 18:00:00,0.0,0.0
2051-11-18 19:00:00,0.0,0.0
2051-11-18 20:00:00,0.0,0.0
2051-11-18 21:00:00,0.0,0.0
2051-11-18 22:00:00,0.0,0.0
2051-11-18 23:00:00,0.0,0.0
2051-11-19 00:00:00,0.0,0.0
2051-11-19 01:00:00,0.0,0.0
2051-11-19 02:00:00,0.0,0.0
2051-11-19 03:00:00,0.0,48.36130002450573
2051-11-19 04:00:00,0.0,112.69910094996425
2051-11-19 05:00:00,0.0,172.71892865894904
2051-11-19 06:00:00,0.0,212.44428225050734
2051-11-19 07:00:00,0.0,235.32954029781808
2051-11-19 08:00:00,0.0,256.4876090585393
2051-11-19 09:00:00,0.0,274.62309656772896
2051-11-19 10:00:00,0.0,248.7152572688866
2051-11-19 11:00:00,0.0,185.24105098672285
2051-11-19 12:00:00,0.0,87.22305897276928
2051-11-19 13:00:00,0.0,3.454378573178981
2051-11-19 14:00:00,0.0,0.0
2051-11-19 15:00:00,0.0,0.0
2051-11-19 16:00:00,0.0,0.0
2051-11-19 17:00:00,0.0,0.0
2051-11-19 18:00:00,0.0,0.0
2051-11-19 19:00:00,0.0,0.0
2051-11-19 20:00:00,0.0,0.0
2051-11-19 21:00:00,0.0,0.0
2051-11-19 22:00:00,0.0,0.0
2051-11-19 23:00:00,0.0,0.0
2051-11-20 00:00:00,0.0,0.0
2051-11-20 01:00:00,0.0,0.0
2051-11-20 02:00:00,0.0,0.0
2051-11-20 03:00:00,0.0,47.92950270285836
2051-11-20 04:00:00,0.0,142.92491346528033
2051-11-20 05:00:00,0.0,216.76225546698106
2051-11-20 06:00:00,0.0,254.76041977194984
2051-11-20 07:00:00,0.0,284.9862322872659
2051-11-20 08:00:00,0.0,297.9401519366871
2051-11-20 09:00:00,0.0,282.8272456790291
2051-11-20 10:00:00,0.0,240.0793108359392
2051-11-20 11:00:00,0.0,171.8553340156543
2051-11-20 12:00:00,0.0,74.26913932334809
2051-11-20 13:00:00,0.0,3.0225812515316086
2051-11-20 14:00:00,0.0,0.0
2051-11-20 15:00:00,0.0,0.0
2051-11-20 16:00:00,0.0,0.0
2051-11-20 17:00:00,0.0,0.0
2051-11-20 18:00:00,0.0,0.0
2051-11-20 19:00:00,0.0,0.0
2051-11-20 20:00:00,0.0,0.0
2051-11-20 21:00:00,0.0,0.0
2051-11-20 22:00:00,0.0,0.0
2051-11-20 23:00:00,0.0,0.0
2051-11-21 00:00:00,0.0,0.0
2051-11-21 01:00:00,0.0,0.0
2051-11-21 02:00:00,0.0,0.0
2051-11-21 03:00:00,0.0,47.92950270285836
2051-11-21 04:00:00,0.0,136.01615631892238
2051-11-21 05:00:00,0.0,212.44428225050734
2051-11-21 06:00:00,0.0,252.16963584206562
2051-11-21 07:00:00,0.0,274.62309656772896
2051-11-21 08:00:00,0.0,274.1912992460816
2051-11-21 09:00:00,0.0,248.28345994723924
2051-11-21 10:00:00,0.0,207.69451171238623
2051-11-21 11:00:00,0.0,142.06131882198557
2051-11-21 12:00:00,0.0,52.679273240979455
2051-11-21 13:00:00,0.0,0.8635946432947452
2051-11-21 14:00:00,0.0,0.0
2051-11-21 15:00:00,0.0,0.0
2051-11-21 16:00:00,0.0,0.0
2051-11-21 17:00:00,0.0,0.0
2051-11-21 18:00:00,0.0,0.0
2051-11-21 19:00:00,0.0,0.0
2051-11-21 20:00:00,0.0,0.0
2051-11-21 21:00:00,0.0,0.0
2051-11-21 22:00:00,0.0,0.0
2051-11-21 23:00:00,0.0,0.0
2051-11-22 00:00:00,0.0,0.0
2051-11-22 01:00:00,0.0,0.0
2051-11-22 02:00:00,0.0,0.0
2051-11-22 03:00:00,0.0,42.31613752144252
2051-11-22 04:00:00,0.0,135.584358997275
2051-11-22 05:00:00,0.0,217.1940527886284
2051-11-22 06:00:00,0.0,275.0548938893764
2051-11-22 07:00:00,0.0,299.23554390162917
2051-11-22 08:00:00,0.0,300.96273318821864
2051-11-22 09:00:00,0.0,287.14521889550275
2051-11-22 10:00:00,0.0,244.82908137406028
2051-11-22 11:00:00,0.0,178.33229384036485
2051-11-22 12:00:00,0.0,88.51845093771138
2051-11-22 13:00:00,0.0,3.886175894826353
2051-11-22 14:00:00,0.0,0.0
2051-11-22 15:00:00,0.0,0.0
2051-11-22 16:00:00,0.0,0.0
2051-11-22 17:00:00,0.0,0.0
2051-11-22 18:00:00,0.0,0.0
2051-11-22 19:00:00,0.0,0.0
2051-11-22 20:00:00,0.0,0.0
2051-11-22 21:00:00,0.0,0.0
2051-11-22 22:00:00,0.0,0.0
2051-11-22 23:00:00,0.0,0.0
2051-11-23 00:00:00,0.0,0.0
2051-11-23 01:00:00,0.0,0.0
2051-11-23 02:00:00,0.0,0.0
2051-11-23 03:00:00,0.0,39.72535359155828
2051-11-23 04:00:00,0.0,107.51753309019577
2051-11-23 05:00:00,0.0,162.78759026105948
2051-11-23 06:00:00,0.0,203.80833581755988
2051-11-23 07:00:00,0.0,237.9203242277023
2051-11-23 08:00:00,0.0,268.14613674301836
2051-11-23 09:00:00,0.0,258.21479834512877
2051-11-23 10:00:00,0.0,215.46686350203893
2051-11-23 11:00:00,0.0,161.92399561776472
2051-11-23 12:00:00,0.0,73.83734200170072
2051-11-23 13:00:00,0.0,1.2953919649421177
2051-11-23 14:00:00,0.0,0.0
2051-11-23 15:00:00,0.0,0.0
2051-11-23 16:00:00,0.0,0.0
2051-11-23 17:00:00,0.0,0.0
2051-11-23 18:00:00,0.0,0.0
2051-11-23 19:00:00,0.0,0.0
2051-11-23 20:00:00,0.0,0.0
2051-11-23 21:00:00,0.0,0.0
2051-11-23 22:00:00,0.0,0.0
2051-11-23 23:00:00,0.0,0.0
2051-11-24 00:00:00,0.0,0.0
2051-11-24 01:00:00,0.0,0.0
2051-11-24 02:00:00,0.0,0.0
2051-11-24 03:00:00,0.0,47.92950270285836
2051-11-24 04:00:00,0.0,145.51569739516458
2051-11-24 05:00:00,0.0,220.21663404016005
2051-11-24 06:00:00,0.0,266.85074477807626
2051-11-24 07:00:00,0.0,290.16780014703437
2051-11-24 08:00:00,0.0,290.16780014703437
2051-11-24 09:00:00,0.0,272.46410995949213
2051-11-24 10:00:00,0.0,228.85258047310748
2051-11-24 11:00:00,0.0,159.33321168788046
2051-11-24 12:00:00,0.0,63.90600360381115
2051-11-24 13:00:00,0.0,2.158986608236863
2051-11-24 14:00:00,0.0,0.0
2051-11-24 15:00:00,0.0,0.0
2051-11-24 16:00:00,0.0,0.0
2051-11-24 17:00:00,0.0,0.0
2051-11-24 18:00:00,0.0,0.0
2051-11-24 19:00:00,0.0,0.0
2051-11-24 20:00:00,0.0,0.0
2051-11-24 21:00:00,0.0,0.0
2051-11-24 22:00:00,0.0,0.0
2051-11-24 23:00:00,0.0,0.0
2051-11-25 00:00:00,0.0,0.0
2051-11-25 01:00:00,0.0,0.0
2051-11-25 02:00:00,0.0,0.0
2051-11-25 03:00:00,0.0,53.974665205921575
2051-11-25 04:00:00,0.0,149.83367061163827
2051-11-25 05:00:00,0.0,224.96640457828113
2051-11-25 06:00:00,0.0,274.62309656772896
2051-11-25 07:00:00,0.0,300.09913854492396
2051-11-25 08:00:00,0.0,303.55351711810295
2051-11-25 09:00:00,0.0,286.281624252208
2051-11-25 10:00:00,0.0,235.76133761946545
2051-11-25 11:00:00,0.0,174.8779152671859
2051-11-25 12:00:00,0.0,76.85992325323232
2051-11-25 13:00:00,0.0,3.0225812515316086
2051-11-25 14:00:00,0.0,0.0
2051-11-25 15:00:00,0.0,0.0
2051-11-25 16:00:00,0.0,0.0
2051-11-25 17:00:00,0.0,0.0
2051-11-25 18:00:00,0.0,0.0
2051-11-25 19:00:00,0.0,0.0
2051-11-25 20:00:00,0.0,0.0
2051-11-25 21:00:00,0.0,0.0
2051-11-25 22:00:00,0.0,0.0
2051-11-25 23:00:00,0.0,0.0
2051-11-26 00:00:00,0.0,0.0
2051-11-26 01:00:00,0.0,0.0
2051-11-26 02:00:00,0.0,0.0
2051-11-26 03:00:00,0.0,56.13365181415844
2051-11-26 04:00:00,0.0,154.15164382811201
2051-11-26 05:00:00,0.0,230.57976975969694
2051-11-26 06:00:00,0.0,279.80466442749747
2051-11-26 07:00:00,0.0,304.84890908304504
2051-11-26 08:00:00,0.0,308.3032876562241
2051-11-26 09:00:00,0.0,290.16780014703437
2051-11-26 10:00:00,0.0,250.4424465554761
2051-11-26 11:00:00,0.0,184.3774563434281
2051-11-26 12:00:00,0.0,94.99541076242197
2051-11-26 13:00:00,0.0,3.886175894826353
2051-11-26 14:00:00,0.0,0.0
2051-11-26 15:00:00,0.0,0.0
2051-11-26 16:00:00,0.0,0.0
2051-11-26 17:00:00,0.0,0.0
2051-11-26 18:00:00,0.0,0.0
2051-11-26 19:00:00,0.0,0.0
2051-11-26 20:00:00,0.0,0.0
2051-11-26 21:00:00,0.0,0.0
2051-11-26 22:00:00,0.0,0.0
2051-11-26 23:00:00,0.0,0.0
2051-11-27 00:00:00,0.0,0.0
2051-11-27 01:00:00,0.0,0.0
2051-11-27 02:00:00,0.0,0.0
2051-11-27 03:00:00,0.0,61.315219673926904
2051-11-27 04:00:00,0.0,161.06040097446996
2051-11-27 05:00:00,0.0,236.19313494111285
2051-11-27 06:00:00,0.0,286.281624252208
2051-11-27 07:00:00,0.0,311.757666229403
2051-11-27 08:00:00,0.0,315.212044802582
2051-11-27 09:00:00,0.0,297.07655729339234
2051-11-27 10:00:00,0.0,256.4876090585393
2051-11-27 11:00:00,0.0,191.28621348978604
2051-11-27 12:00:00,0.0,101.47237058713256
2051-11-27 13:00:00,0.0,4.749770538121099
2051-11-27 14:00:00,0.0,0.0
2051-11-27 15:00:00,0.0,0.0
2051-11-27 16:00:00,0.0,0.0
2051-11-27 17:00:00,0.0,0.0
2051-11-27 18:00:00,0.0,0.0
2051-11-27 19:00:00,0.0,0.0
2051-11-27 20:00:00,0.0,0.0
2051-11-27 21:00:00,0.0,0.0
2051-11-27 22:00:00,0.0,0.0
2051-11-27 23:00:00,0.0,0.0
2051-11-28 00:00:00,0.0,0.0
2051-11-28 01:00:00,0.0,0.0
2051-11-28 02:00:00,0.0,0.0
2051-11-28 03:00:00,0.0,51.81567859768471
2051-11-28 04:00:00,0.0,155.8788331147015
2051-11-28 05:00:00,0.0,230.57976975969694
2051-11-28 06:00:00,0.0,275.4866912110237
2051-11-28 07:00:00,0.0,305.7125037263398
2051-11-28 08:00:00,0.0,310.4622742644609
2051-11-28 09:00:00,0.0,290.5995974686818
2051-11-28 10:00:00,0.0,247.41986530394448
2051-11-28 11:00:00,0.0,183.51386170013336
2051-11-28 12:00:00,0.0,94.99541076242197
2051-11-28 13:00:00,0.0,4.317973216473726
2051-11-28 14:00:00,0.0,0.0
2051-11-28 15:00:00,0.0,0.0
2051-11-28 16:00:00,0.0,0.0
2051-11-28 17:00:00,0.0,0.0
2051-11-28 18:00:00,0.0,0.0
2051-11-28 19:00:00,0.0,0.0
2051-11-28 20:00:00,0.0,0.0
2051-11-28 21:00:00,0.0,0.0
2051-11-28 22:00:00,0.0,0.0
2051-11-28 23:00:00,0.0,0.0
2051-11-29 00:00:00,0.0,0.0
2051-11-29 01:00:00,0.0,0.0
2051-11-29 02:00:00,0.0,0.0
2051-11-29 03:00:00,0.0,68.22397682028486
2051-11-29 04:00:00,0.0,168.40095544247532
2051-11-29 05:00:00,0.0,243.10189208747076
2051-11-29 06:00:00,0.0,291.4631921119765
2051-11-29 07:00:00,0.0,315.6438421242293
2051-11-29 08:00:00,0.0,318.2346260541136
2051-11-29 09:00:00,0.0,299.23554390162917
2051-11-29 10:00:00,0.0,257.78300102348146
2051-11-29 11:00:00,0.0,192.1498081330808
2051-11-29 12:00:00,0.0,101.47237058713256
2051-11-29 13:00:00,0.0,4.749770538121099
2051-11-29 14:00:00,0.0,0.0
2051-11-29 15:00:00,0.0,0.0
2051-11-29 16:00:00,0.0,0.0
2051-11-29 17:00:00,0.0,0.0
2051-11-29 18:00:00,0.0,0.0
2051-11-29 19:00:00,0.0,0.0
2051-11-29 20:00:00,0.0,0.0
2051-11-29 21:00:00,0.0,0.0
2051-11-29 22:00:00,0.0,0.0
2051-11-29 23:00:00,0.0,0.0
2051-11-30 00:00:00,0.0,0.0
2051-11-30 01:00:00,0.0,0.0
2051-11-30 02:00:00,0.0,0.0
2051-11-30 03:00:00,0.0,66.06499021204802
2051-11-30 04:00:00,0.0,166.67376615588583
2051-11-30 05:00:00,0.0,240.51110815758653
2051-11-30 06:00:00,0.0,288.8724081820923
2051-11-30 07:00:00,0.0,313.4848555159925
2051-11-30 08:00:00,0.0,316.07563944587673
2051-11-30 09:00:00,0.0,297.07655729339234
2051-11-30 10:00:00,0.0,255.6240144152446
2051-11-30 11:00:00,0.0,189.1272268815492
2051-11-30 12:00:00,0.0,101.04057326548518
2051-11-30 13:00:00,0.0,5.181567859768471
2051-11-30 14:00:00,0.0,0.0
2051-11-30 15:00:00,0.0,0.0
2051-11-30 16:00:00,0.0,0.0
2051-11-30 17:00:00,0.0,0.0
2051-11-30 18:00:00,0.0,0.0
2051-11-30 19:00:00,0.0,0.0
2051-11-30 20:00:00,0.0,0.0
2051-11-30 21:00:00,0.0,0.0
2051-11-30 22:00:00,0.0,0.0
2051-11-30 23:00:00,0.0,0.0
2051-12-01 00:00:00,0.0,0.0
2051-12-01 01:00:00,0.0,0.0
2051-12-01 02:00:00,0.0,0.0
2051-12-01 03:00:00,0.0,65.63319289040064
2051-12-01 04:00:00,0.0,165.3783741909437
2051-12-01 05:00:00,0.0,240.51110815758653
2051-12-01 06:00:00,0.0,288.44061086044485
2051-12-01 07:00:00,0.0,313.4848555159925
2051-12-01 08:00:00,0.0,316.5074367675241
2051-12-01 09:00:00,0.0,297.9401519366871
2051-12-01 10:00:00,0.0,257.3512037018341
2051-12-01 11:00:00,0.0,192.1498081330808
2051-12-01 12:00:00,0.0,101.90416790877994
2051-12-01 13:00:00,0.0,4.749770538121099
2051-12-01 14:00:00,0.0,0.0
2051-12-01 15:00:00,0.0,0.0
2051-12-01 16:00:00,0.0,0.0
2051-12-01 17:00:00,0.0,0.0
2051-12-01 18:00:00,0.0,0.0
2051-12-01 19:00:00,0.0,0.0
2051-12-01 20:00:00,0.0,0.0
2051-12-01 21:00:00,0.0,0.0
2051-12-01 22:00:00,0.0,0.0
2051-12-01 23:00:00,0.0,0.0
2051-12-02 00:00:00,0.0,0.0
2051-12-02 01:00:00,0.0,0.0
2051-12-02 02:00:00,0.0,0.0
2051-12-02 03:00:00,0.0,55.70185449251107
2051-12-02 04:00:00,0.0,148.53827864669617
2051-12-02 05:00:00,0.0,232.73875636793383
2051-12-02 06:00:00,0.0,275.0548938893764
2051-12-02 07:00:00,0.0,301.8263278315135
2051-12-02 08:00:00,0.0,300.09913854492396
2051-12-02 09:00:00,0.0,283.25904300067646
2051-12-02 10:00:00,0.0,236.62493226276015
2051-12-02 11:00:00,0.0,171.4235366940069
2051-12-02 12:00:00,0.0,66.49678753369538
2051-12-02 13:00:00,0.0,1.7271892865894904
2051-12-02 14:00:00,0.0,0.0
2051-12-02 15:00:00,0.0,0.0
2051-12-02 16:00:00,0.0,0.0
2051-12-02 17:00:00,0.0,0.0
2051-12-02 18:00:00,0.0,0.0
2051-12-02 19:00:00,0.0,0.0
2051-12-02 20:00:00,0.0,0.0
2051-12-02 21:00:00,0.0,0.0
2051-12-02 22:00:00,0.0,0.0
2051-12-02 23:00:00,0.0,0.0
2051-12-03 00:00:00,0.0,0.0
2051-12-03 01:00:00,0.0,0.0
2051-12-03 02:00:00,0.0,0.0
2051-12-03 03:00:00,0.0,45.338718772974126
2051-12-03 04:00:00,0.0,125.22122327773805
2051-12-03 05:00:00,0.0,196.46778134955454
2051-12-03 06:00:00,0.0,265.98715013478153
2051-12-03 07:00:00,0.0,297.9401519366871
2051-12-03 08:00:00,0.0,300.5309358665713
2051-12-03 09:00:00,0.0,279.37286710585005
2051-12-03 10:00:00,0.0,233.6023510112286
2051-12-03 11:00:00,0.0,160.19680633117522
2051-12-03 12:00:00,0.0,72.54195003675859
2051-12-03 13:00:00,0.0,2.5907839298842354
2051-12-03 14:00:00,0.0,0.0
2051-12-03 15:00:00,0.0,0.0
2051-12-03 16:00:00,0.0,0.0
2051-12-03 17:00:00,0.0,0.0
2051-12-03 18:00:00,0.0,0.0
2051-12-03 19:00:00,0.0,0.0
2051-12-03 20:00:00,0.0,0.0
2051-12-03 21:00:00,0.0,0.0
2051-12-03 22:00:00,0.0,0.0
2051-12-03 23:00:00,0.0,0.0
2051-12-04 00:00:00,0.0,0.0
2051-12-04 01:00:00,0.0,0.0
2051-12-04 02:00:00,0.0,0.0
2051-12-04 03:00:00,0.0,50.52028663274259
2051-12-04 04:00:00,0.0,142.06131882198557
2051-12-04 05:00:00,0.0,212.87607957215468
2051-12-04 06:00:00,0.0,262.53277156160254
2051-12-04 07:00:00,0.0,288.8724081820923
2051-12-04 08:00:00,0.0,292.32678675527126
2051-12-04 09:00:00,0.0,279.80466442749747
2051-12-04 10:00:00,0.0,247.85166262559184
2051-12-04 11:00:00,0.0,184.80925366507546
2051-12-04 12:00:00,0.0,94.5636134407746
2051-12-04 13:00:00,0.0,3.454378573178981
2051-12-04 14:00:00,0.0,0.0
2051-12-04 15:00:00,0.0,0.0
2051-12-04 16:00:00,0.0,0.0
2051-12-04 17:00:00,0.0,0.0
2051-12-04 18:00:00,0.0,0.0
2051-12-04 19:00:00,0.0,0.0
2051-12-04 20:00:00,0.0,0.0
2051-12-04 21:00:00,0.0,0.0
2051-12-04 22:00:00,0.0,0.0
2051-12-04 23:00:00,0.0,0.0
2051-12-05 00:00:00,0.0,0.0
2051-12-05 01:00:00,0.0,0.0
2051-12-05 02:00:00,0.0,0.0
2051-12-05 03:00:00,0.0,45.77051609462149
2051-12-05 04:00:00,0.0,141.62952150033823
2051-12-05 05:00:00,0.0,221.08022868345478
2051-12-05 06:00:00,0.0,272.03231263784477
2051-12-05 07:00:00,0.0,297.9401519366871
2051-12-05 08:00:00,0.0,299.6673412232766
2051-12-05 09:00:00,0.0,249.147054590534
2051-12-05 10:00:00,0.0,196.8995786712019
2051-12-05 11:00:00,0.0,122.19864202620646
2051-12-05 12:00:00,0.0,50.08848931109523
2051-12-05 13:00:00,0.0,0.0
2051-12-05 14:00:00,0.0,0.0
2051-12-05 15:00:00,0.0,0.0
2051-12-05 16:00:00,0.0,0.0
2051-12-05 17:00:00,0.0,0.0
2051-12-05 18:00:00,0.0,0.0
2051-12-05 19:00:00,0.0,0.0
2051-12-05 20:00:00,0.0,0.0
2051-12-05 21:00:00,0.0,0.0
2051-12-05 22:00:00,0.0,0.0
2051-12-05 23:00:00,0.0,0.0
2051-12-06 00:00:00,0.0,0.0
2051-12-06 01:00:00,0.0,0.0
2051-12-06 02:00:00,0.0,0.0
2051-12-06 03:00:00,0.0,25.907839298842354
2051-12-06 04:00:00,0.0,94.99541076242197
2051-12-06 05:00:00,0.0,161.06040097446996
2051-12-06 06:00:00,0.0,219.35303939686528
2051-12-06 07:00:00,0.0,249.147054590534
2051-12-06 08:00:00,0.0,250.0106492338287
2051-12-06 09:00:00,0.0,229.28437779475485
2051-12-06 10:00:00,0.0,186.96824027331232
2051-12-06 11:00:00,0.0,124.78942595609067
2051-12-06 12:00:00,0.0,53.111070562626836
2051-12-06 13:00:00,0.0,0.0
2051-12-06 14:00:00,0.0,0.0
2051-12-06 15:00:00,0.0,0.0
2051-12-06 16:00:00,0.0,0.0
2051-12-06 17:00:00,0.0,0.0
2051-12-06 18:00:00,0.0,0.0
2051-12-06 19:00:00,0.0,0.0
2051-12-06 20:00:00,0.0,0.0
2051-12-06 21:00:00,0.0,0.0
2051-12-06 22:00:00,0.0,0.0
2051-12-06 23:00:00,0.0,0.0
2051-12-07 00:00:00,0.0,0.0
2051-12-07 01:00:00,0.0,0.0
2051-12-07 02:00:00,0.0,0.0
2051-12-07 03:00:00,0.0,23.748852690605492
2051-12-07 04:00:00,0.0,87.65485629441663
2051-12-07 05:00:00,0.0,173.5825233022438
2051-12-07 06:00:00,0.0,236.62493226276015
2051-12-07 07:00:00,0.0,271.16871799455
2051-12-07 08:00:00,0.0,270.30512335125525
2051-12-07 09:00:00,0.0,239.64751351429183
2051-12-07 10:00:00,0.0,183.08206437848597
2051-12-07 11:00:00,0.0,123.92583131279592
2051-12-07 12:00:00,0.0,47.06590805956361
2051-12-07 13:00:00,0.0,0.0
2051-12-07 14:00:00,0.0,0.0
2051-12-07 15:00:00,0.0,0.0
2051-12-07 16:00:00,0.0,0.0
2051-12-07 17:00:00,0.0,0.0
2051-12-07 18:00:00,0.0,0.0
2051-12-07 19:00:00,0.0,0.0
2051-12-07 20:00:00,0.0,0.0
2051-12-07 21:00:00,0.0,0.0
2051-12-07 22:00:00,0.0,0.0
2051-12-07 23:00:00,0.0,0.0
2051-12-08 00:00:00,0.0,0.0
2051-12-08 01:00:00,0.0,0.0
2051-12-08 02:00:00,0.0,0.0
2051-12-08 03:00:00,0.0,27.635028585431847
2051-12-08 04:00:00,0.0,98.44978933560095
2051-12-08 05:00:00,0.0,186.53644295166495
2051-12-08 06:00:00,0.0,242.6700947658234
2051-12-08 07:00:00,0.0,270.7369206729026
2051-12-08 08:00:00,0.0,278.5092724625553
2051-12-08 09:00:00,0.0,270.30512335125525
2051-12-08 10:00:00,0.0,227.98898582981272
2051-12-08 11:00:00,0.0,159.76500900952786
2051-12-08 12:00:00,0.0,71.67835539346386
2051-12-08 13:00:00,0.0,1.2953919649421177
2051-12-08 14:00:00,0.0,0.0
2051-12-08 15:00:00,0.0,0.0
2051-12-08 16:00:00,0.0,0.0
2051-12-08 17:00:00,0.0,0.0
2051-12-08 18:00:00,0.0,0.0
2051-12-08 19:00:00,0.0,0.0
2051-12-08 20:00:00,0.0,0.0
2051-12-08 21:00:00,0.0,0.0
2051-12-08 22:00:00,0.0,0.0
2051-12-08 23:00:00,0.0,0.0
2051-12-09 00:00:00,0.0,0.0
2051-12-09 01:00:00,0.0,0.0
2051-12-09 02:00:00,0.0,0.0
2051-12-09 03:00:00,0.0,44.47512412967938
2051-12-09 04:00:00,0.0,135.584358997275
2051-12-09 05:00:00,0.0,215.8986608236863
2051-12-09 06:00:00,0.0,267.2825420997236
2051-12-09 07:00:00,0.0,293.190381398566
2051-12-09 08:00:00,0.0,296.21296265009767
2051-12-09 09:00:00,0.0,274.1912992460816
2051-12-09 10:00:00,0.0,233.6023510112286
2051-12-09 11:00:00,0.0,167.53736079918056
2051-12-09 12:00:00,0.0,79.01890986146918
2051-12-09 13:00:00,0.0,1.7271892865894904
2051-12-09 14:00:00,0.0,0.0
2051-12-09 15:00:00,0.0,0.0
2051-12-09 16:00:00,0.0,0.0
2051-12-09 17:00:00,0.0,0.0
2051-12-09 18:00:00,0.0,0.0
2051-12-09 19:00:00,0.0,0.0
2051-12-09 20:00:00,0.0,0.0
2051-12-09 21:00:00,0.0,0.0
2051-12-09 22:00:00,0.0,0.0
2051-12-09 23:00:00,0.0,0.0
2051-12-10 00:00:00,0.0,0.0
2051-12-10 01:00:00,0.0,0.0
2051-12-10 02:00:00,0.0,0.0
2051-12-10 03:00:00,0.0,49.22489466780048
2051-12-10 04:00:00,0.0,145.08390007351719
2051-12-10 05:00:00,0.0,220.6484313618074
2051-12-10 06:00:00,0.0,274.1912992460816
2051-12-10 07:00:00,0.0,300.5309358665713
2051-12-10 08:00:00,0.0,303.9853144397503
2051-12-10 09:00:00,0.0,286.71342157385544
2051-12-10 10:00:00,0.0,246.98806798229714
2051-12-10 11:00:00,0.0,182.6502670568386
2051-12-10 12:00:00,0.0,93.26822147583248
2051-12-10 13:00:00,0.0,3.0225812515316086
2051-12-10 14:00:00,0.0,0.0
2051-12-10 15:00:00,0.0,0.0
2051-12-10 16:00:00,0.0,0.0
2051-12-10 17:00:00,0.0,0.0
2051-12-10 18:00:00,0.0,0.0
2051-12-10 19:00:00,0.0,0.0
2051-12-10 20:00:00,0.0,0.0
2051-12-10 21:00:00,0.0,0.0
2051-12-10 22:00:00,0.0,0.0
2051-12-10 23:00:00,0.0,0.0
2051-12-11 00:00:00,0.0,0.0
2051-12-11 01:00:00,0.0,0.0
2051-12-11 02:00:00,0.0,0.0
2051-12-11 03:00:00,0.0,61.315219673926904
2051-12-11 04:00:00,0.0,161.06040097446996
2051-12-11 05:00:00,0.0,235.32954029781808
2051-12-11 06:00:00,0.0,282.8272456790291
2051-12-11 07:00:00,0.0,307.0078956912819
2051-12-11 08:00:00,0.0,309.16688229951876
2051-12-11 09:00:00,0.0,290.16780014703437
2051-12-11 10:00:00,0.0,249.147054590534
2051-12-11 11:00:00,0.0,184.3774563434281
2051-12-11 12:00:00,0.0,95.42720808406935
2051-12-11 13:00:00,0.0,3.454378573178981
2051-12-11 14:00:00,0.0,0.0
2051-12-11 15:00:00,0.0,0.0
2051-12-11 16:00:00,0.0,0.0
2051-12-11 17:00:00,0.0,0.0
2051-12-11 18:00:00,0.0,0.0
2051-12-11 19:00:00,0.0,0.0
2051-12-11 20:00:00,0.0,0.0
2051-12-11 21:00:00,0.0,0.0
2051-12-11 22:00:00,0.0,0.0
2051-12-11 23:00:00,0.0,0.0
2051-12-12 00:00:00,0.0,0.0
2051-12-12 01:00:00,0.0,0.0
2051-12-12 02:00:00,0.0,0.0
2051-12-12 03:00:00,0.0,53.5428678842742
2051-12-12 04:00:00,0.0,150.69726525493303
2051-12-12 05:00:00,0.0,224.96640457828113
2051-12-12 06:00:00,0.0,272.89590728113944
2051-12-12 07:00:00,0.0,296.644759971745
2051-12-12 08:00:00,0.0,299.23554390162917
2051-12-12 09:00:00,0.0,278.5092724625553
2051-12-12 10:00:00,0.0,236.62493226276015
2051-12-12 11:00:00,0.0,169.69634740741745
2051-12-12 12:00:00,0.0,80.31430182641131
2051-12-12 13:00:00,0.0,0.8635946432947452
2051-12-12 14:00:00,0.0,0.0
2051-12-12 15:00:00,0.0,0.0
2051-12-12 16:00:00,0.0,0.0
2051-12-12 17:00:00,0.0,0.0
2051-12-12 18:00:00,0.0,0.0
2051-12-12 19:00:00,0.0,0.0
2051-12-12 20:00:00,0.0,0.0
2051-12-12 21:00:00,0.0,0.0
2051-12-12 22:00:00,0.0,0.0
2051-12-12 23:00:00,0.0,0.0
2051-12-13 00:00:00,0.0,0.0
2051-12-13 01:00:00,0.0,0.0
2051-12-13 02:00:00,0.0,0.0
2051-12-13 03:00:00,0.0,60.883422352279524
2051-12-13 04:00:00,0.0,163.6511849043542
2051-12-13 05:00:00,0.0,238.783918870997
2051-12-13 06:00:00,0.0,287.14521889550275
2051-12-13 07:00:00,0.0,311.757666229403
2051-12-13 08:00:00,0.0,314.3484501592872
2051-12-13 09:00:00,0.0,296.21296265009767
2051-12-13 10:00:00,0.0,255.19221709359724
2051-12-13 11:00:00,0.0,189.99082152484394
2051-12-13 12:00:00,0.0,100.17697862219045
2051-12-13 13:00:00,0.0,3.886175894826353
2051-12-13 14:00:00,0.0,0.0
2051-12-13 15:00:00,0.0,0.0
2051-12-13 16:00:00,0.0,0.0
2051-12-13 17:00:00,0.0,0.0
2051-12-13 18:00:00,0.0,0.0
2051-12-13 19:00:00,0.0,0.0
2051-12-13 20:00:00,0.0,0.0
2051-12-13 21:00:00,0.0,0.0
2051-12-13 22:00:00,0.0,0.0
2051-12-13 23:00:00,0.0,0.0
2051-12-14 00:00:00,0.0,0.0
2051-12-14 01:00:00,0.0,0.0
2051-12-14 02:00:00,0.0,0.0
2051-12-14 03:00:00,0.0,61.747016995574285
2051-12-14 04:00:00,0.0,160.62860365282262
2051-12-14 05:00:00,0.0,234.034148332876
2051-12-14 06:00:00,0.0,281.10005639243957
2051-12-14 07:00:00,0.0,305.28070640469247
2051-12-14 08:00:00,0.0,307.8714903345766
2051-12-14 09:00:00,0.0,289.30420550373964
2051-12-14 10:00:00,0.0,249.147054590534
2051-12-14 11:00:00,0.0,184.3774563434281
2051-12-14 12:00:00,0.0,93.70001879747984
2051-12-14 13:00:00,0.0,3.0225812515316086
2051-12-14 14:00:00,0.0,0.0
2051-12-14 15:00:00,0.0,0.0
2051-12-14 16:00:00,0.0,0.0
2051-12-14 17:00:00,0.0,0.0
2051-12-14 18:00:00,0.0,0.0
2051-12-14 19:00:00,0.0,0.0
2051-12-14 20:00:00,0.0,0.0
2051-12-14 21:00:00,0.0,0.0
2051-12-14 22:00:00,0.0,0.0
2051-12-14 23:00:00,0.0,0.0
2051-12-15 00:00:00,0.0,0.0
2051-12-15 01:00:00,0.0,0.0
2051-12-15 02:00:00,0.0,0.0
2051-12-15 03:00:00,0.0,56.13365181415844
2051-12-15 04:00:00,0.0,154.58344114975938
2051-12-15 05:00:00,0.0,229.28437779475485
2051-12-15 06:00:00,0.0,278.5092724625553
2051-12-15 07:00:00,0.0,303.55351711810295
2051-12-15 08:00:00,0.0,307.0078956912819
2051-12-15 09:00:00,0.0,289.30420550373964
2051-12-15 10:00:00,0.0,248.7152572688866
2051-12-15 11:00:00,0.0,183.51386170013336
2051-12-15 12:00:00,0.0,92.83642415418511
2051-12-15 13:00:00,0.0,3.0225812515316086
2051-12-15 14:00:00,0.0,0.0
2051-12-15 15:00:00,0.0,0.0
2051-12-15 16:00:00,0.0,0.0
2051-12-15 17:00:00,0.0,0.0
2051-12-15 18:00:00,0.0,0.0
2051-12-15 19:00:00,0.0,0.0
2051-12-15 20:00:00,0.0,0.0
2051-12-15 21:00:00,0.0,0.0
2051-12-15 22:00:00,0.0,0.0
2051-12-15 23:00:00,0.0,0.0
2051-12-16 00:00:00,0.0,0.0
2051-12-16 01:00:00,0.0,0.0
2051-12-16 02:00:00,0.0,0.0
2051-12-16 03:00:00,0.0,58.29263842239531
2051-12-16 04:00:00,0.0,156.31063043634884
2051-12-16 05:00:00,0.0,230.57976975969694
2051-12-16 06:00:00,0.0,277.2138804976132
2051-12-16 07:00:00,0.0,302.25812515316085
2051-12-16 08:00:00,0.0,305.7125037263398
2051-12-16 09:00:00,0.0,287.57701621715023
2051-12-16 10:00:00,0.0,244.3972840524129
2051-12-16 11:00:00,0.0,178.33229384036485
2051-12-16 12:00:00,0.0,86.35946432947452
2051-12-16 13:00:00,0.0,2.5907839298842354
2051-12-16 14:00:00,0.0,0.0
2051-12-16 15:00:00,0.0,0.0
2051-12-16 16:00:00,0.0,0.0
2051-12-16 17:00:00,0.0,0.0
2051-12-16 18:00:00,0.0,0.0
2051-12-16 19:00:00,0.0,0.0
2051-12-16 20:00:00,0.0,0.0
2051-12-16 21:00:00,0.0,0.0
2051-12-16 22:00:00,0.0,0.0
2051-12-16 23:00:00,0.0,0.0
2051-12-17 00:00:00,0.0,0.0
2051-12-17 01:00:00,0.0,0.0
2051-12-17 02:00:00,0.0,0.0
2051-12-17 03:00:00,0.0,37.566366983321416
2051-12-17 04:00:00,0.0,121.3350473829117
2051-12-17 05:00:00,0.0,222.80741797004427
2051-12-17 06:00:00,0.0,264.6917581698394
2051-12-17 07:00:00,0.0,302.25812515316085
2051-12-17 08:00:00,0.0,307.4396930129293
2051-12-17 09:00:00,0.0,289.30420550373964
2051-12-17 10:00:00,0.0,252.16963584206562
2051-12-17 11:00:00,0.0,186.53644295166495
2051-12-17 12:00:00,0.0,82.04149111300079
2051-12-17 13:00:00,0.0,1.7271892865894904
2051-12-17 14:00:00,0.0,0.0
2051-12-17 15:00:00,0.0,0.0
2051-12-17 16:00:00,0.0,0.0
2051-12-17 17:00:00,0.0,0.0
2051-12-17 18:00:00,0.0,0.0
2051-12-17 19:00:00,0.0,0.0
2051-12-17 20:00:00,0.0,0.0
2051-12-17 21:00:00,0.0,0.0
2051-12-17 22:00:00,0.0,0.0
2051-12-17 23:00:00,0.0,0.0
2051-12-18 00:00:00,0.0,0.0
2051-12-18 01:00:00,0.0,0.0
2051-12-18 02:00:00,0.0,0.0
2051-12-18 03:00:00,0.0,34.11198841014243
2051-12-18 04:00:00,0.0,119.17606077467484
2051-12-18 05:00:00,0.0,193.44520009802295
2051-12-18 06:00:00,0.0,261.2373795966604
2051-12-18 07:00:00,0.0,303.55351711810295
2051-12-18 08:00:00,0.0,308.3032876562241
2051-12-18 09:00:00,0.0,291.4631921119765
2051-12-18 10:00:00,0.0,252.60143316371298
2051-12-18 11:00:00,0.0,188.26363223825444
2051-12-18 12:00:00,0.0,96.2908027273641
2051-12-18 13:00:00,0.0,3.0225812515316086
2051-12-18 14:00:00,0.0,0.0
2051-12-18 15:00:00,0.0,0.0
2051-12-18 16:00:00,0.0,0.0
2051-12-18 17:00:00,0.0,0.0
2051-12-18 18:00:00,0.0,0.0
2051-12-18 19:00:00,0.0,0.0
2051-12-18 20:00:00,0.0,0.0
2051-12-18 21:00:00,0.0,0.0
2051-12-18 22:00:00,0.0,0.0
2051-12-18 23:00:00,0.0,0.0
2051-12-19 00:00:00,0.0,0.0
2051-12-19 01:00:00,0.0,0.0
2051-12-19 02:00:00,0.0,0.0
2051-12-19 03:00:00,0.0,50.08848931109523
2051-12-19 04:00:00,0.0,154.58344114975938
2051-12-19 05:00:00,0.0,229.71617511640224
2051-12-19 06:00:00,0.0,278.077475140908
2051-12-19 07:00:00,0.0,302.25812515316085
2051-12-19 08:00:00,0.0,304.4171117613977
2051-12-19 09:00:00,0.0,284.9862322872659
2051-12-19 10:00:00,0.0,240.0793108359392
2051-12-19 11:00:00,0.0,173.1507259805964
2051-12-19 12:00:00,0.0,84.20047772123766
2051-12-19 13:00:00,0.0,1.7271892865894904
2051-12-19 14:00:00,0.0,0.0
2051-12-19 15:00:00,0.0,0.0
2051-12-19 16:00:00,0.0,0.0
2051-12-19 17:00:00,0.0,0.0
2051-12-19 18:00:00,0.0,0.0
2051-12-19 19:00:00,0.0,0.0
2051-12-19 20:00:00,0.0,0.0
2051-12-19 21:00:00,0.0,0.0
2051-12-19 22:00:00,0.0,0.0
2051-12-19 23:00:00,0.0,0.0
2051-12-20 00:00:00,0.0,0.0
2051-12-20 01:00:00,0.0,0.0
2051-12-20 02:00:00,0.0,0.0
2051-12-20 03:00:00,0.0,40.157150913205655
2051-12-20 04:00:00,0.0,132.5617777457434
2051-12-20 05:00:00,0.0,210.28529564227046
2051-12-20 06:00:00,0.0,274.1912992460816
2051-12-20 07:00:00,0.0,298.37194925833444
2051-12-20 08:00:00,0.0,300.5309358665713
2051-12-20 09:00:00,0.0,276.7820831759658
2051-12-20 10:00:00,0.0,233.17055368958123
2051-12-20 11:00:00,0.0,164.08298222600158
2051-12-20 12:00:00,0.0,72.11015271511121
2051-12-20 13:00:00,0.0,0.0
2051-12-20 14:00:00,0.0,0.0
2051-12-20 15:00:00,0.0,0.0
2051-12-20 16:00:00,0.0,0.0
2051-12-20 17:00:00,0.0,0.0
2051-12-20 18:00:00,0.0,0.0
2051-12-20 19:00:00,0.0,0.0
2051-12-20 20:00:00,0.0,0.0
2051-12-20 21:00:00,0.0,0.0
2051-12-20 22:00:00,0.0,0.0
2051-12-20 23:00:00,0.0,0.0
2051-12-21 00:00:00,0.0,0.0
2051-12-21 01:00:00,0.0,0.0
2051-12-21 02:00:00,0.0,0.0
2051-12-21 03:00:00,0.0,47.92950270285836
2051-12-21 04:00:00,0.0,146.81108936010668
2051-12-21 05:00:00,0.0,224.53460725663376
2051-12-21 06:00:00,0.0,275.4866912110237
2051-12-21 07:00:00,0.0,301.39453050986606
2051-12-21 08:00:00,0.0,303.1217197964555
2051-12-21 09:00:00,0.0,279.80466442749747
2051-12-21 10:00:00,0.0,234.8977429761707
2051-12-21 11:00:00,0.0,155.8788331147015
2051-12-21 12:00:00,0.0,71.24655807181648
2051-12-21 13:00:00,0.0,0.8635946432947452
2051-12-21 14:00:00,0.0,0.0
2051-12-21 15:00:00,0.0,0.0
2051-12-21 16:00:00,0.0,0.0
2051-12-21 17:00:00,0.0,0.0
2051-12-21 18:00:00,0.0,0.0
2051-12-21 19:00:00,0.0,0.0
2051-12-21 20:00:00,0.0,0.0
2051-12-21 21:00:00,0.0,0.0
2051-12-21 22:00:00,0.0,0.0
2051-12-21 23:00:00,0.0,0.0
2051-12-22 00:00:00,0.0,0.0
2051-12-22 01:00:00,0.0,0.0
2051-12-22 02:00:00,0.0,0.0
2051-12-22 03:00:00,0.0,53.5428678842742
2051-12-22 04:00:00,0.0,151.56085989822776
2051-12-22 05:00:00,0.0,227.125391186518
2051-12-22 06:00:00,0.0,275.91848853267106
2051-12-22 07:00:00,0.0,301.8263278315135
2051-12-22 08:00:00,0.0,303.9853144397503
2051-12-22 09:00:00,0.0,284.5544349656186
2051-12-22 10:00:00,0.0,245.692676017355
2051-12-22 11:00:00,0.0,183.08206437848597
2051-12-22 12:00:00,0.0,91.97282951089036
2051-12-22 13:00:00,0.0,2.5907839298842354
2051-12-22 14:00:00,0.0,0.0
2051-12-22 15:00:00,0.0,0.0
2051-12-22 16:00:00,0.0,0.0
2051-12-22 17:00:00,0.0,0.0
2051-12-22 18:00:00,0.0,0.0
2051-12-22 19:00:00,0.0,0.0
2051-12-22 20:00:00,0.0,0.0
2051-12-22 21:00:00,0.0,0.0
2051-12-22 22:00:00,0.0,0.0
2051-12-22 23:00:00,0.0,0.0
2051-12-23 00:00:00,0.0,0.0
2051-12-23 01:00:00,0.0,0.0
2051-12-23 02:00:00,0.0,0.0
2051-12-23 03:00:00,0.0,67.36038217699011
2051-12-23 04:00:00,0.0,169.26455008577008
2051-12-23 05:00:00,0.0,243.53368940911815
2051-12-23 06:00:00,0.0,292.32678675527126
2051-12-23 07:00:00,0.0,316.5074367675241
2051-12-23 08:00:00,0.0,319.5300180190557
2051-12-23 09:00:00,0.0,300.96273318821864
2051-12-23 10:00:00,0.0,259.07839298842356
2051-12-23 11:00:00,0.0,192.5816054547282
2051-12-23 12:00:00,0.0,99.74518130054308
2051-12-23 13:00:00,0.0,3.886175894826353
2051-12-23 14:00:00,0.0,0.0
2051-12-23 15:00:00,0.0,0.0
2051-12-23 16:00:00,0.0,0.0
2051-12-23 17:00:00,0.0,0.0
2051-12-23 18:00:00,0.0,0.0
2051-12-23 19:00:00,0.0,0.0
2051-12-23 20:00:00,0.0,0.0
2051-12-23 21:00:00,0.0,0.0
2051-12-23 22:00:00,0.0,0.0
2051-12-23 23:00:00,0.0,0.0
2051-12-24 00:00:00,0.0,0.0
2051-12-24 01:00:00,0.0,0.0
2051-12-24 02:00:00,0.0,0.0
2051-12-24 03:00:00,0.0,55.70185449251107
2051-12-24 04:00:00,0.0,160.19680633117522
2051-12-24 05:00:00,0.0,235.32954029781808
2051-12-24 06:00:00,0.0,276.3502858543185
2051-12-24 07:00:00,0.0,297.9401519366871
2051-12-24 08:00:00,0.0,298.8037465799818
2051-12-24 09:00:00,0.0,278.94106978420274
2051-12-24 10:00:00,0.0,237.9203242277023
2051-12-24 11:00:00,0.0,174.8779152671859
2051-12-24 12:00:00,0.0,87.65485629441663
2051-12-24 13:00:00,0.0,3.0225812515316086
2051-12-24 14:00:00,0.0,0.0
2051-12-24 15:00:00,0.0,0.0
2051-12-24 16:00:00,0.0,0.0
2051-12-24 17:00:00,0.0,0.0
2051-12-24 18:00:00,0.0,0.0
2051-12-24 19:00:00,0.0,0.0
2051-12-24 20:00:00,0.0,0.0
2051-12-24 21:00:00,0.0,0.0
2051-12-24 22:00:00,0.0,0.0
2051-12-24 23:00:00,0.0,0.0
2051-12-25 00:00:00,0.0,0.0
2051-12-25 01:00:00,0.0,0.0
2051-12-25 02:00:00,0.0,0.0
2051-12-25 03:00:00,0.0,72.97374735840597
2051-12-25 04:00:00,0.0,174.01432062389117
2051-12-25 05:00:00,0.0,247.41986530394448
2051-12-25 06:00:00,0.0,294.48577336350814
2051-12-25 07:00:00,0.0,318.6664233757609
2051-12-25 08:00:00,0.0,320.8254099839979
2051-12-25 09:00:00,0.0,303.55351711810295
2051-12-25 10:00:00,0.0,262.1009742399552
2051-12-25 11:00:00,0.0,196.03598402790715
2051-12-25 12:00:00,0.0,103.19955987372204
2051-12-25 13:00:00,0.0,4.749770538121099
2051-12-25 14:00:00,0.0,0.0
2051-12-25 15:00:00,0.0,0.0
2051-12-25 16:00:00,0.0,0.0
2051-12-25 17:00:00,0.0,0.0
2051-12-25 18:00:00,0.0,0.0
2051-12-25 19:00:00,0.0,0.0
2051-12-25 20:00:00,0.0,0.0
2051-12-25 21:00:00,0.0,0.0
2051-12-25 22:00:00,0.0,0.0
2051-12-25 23:00:00,0.0,0.0
2051-12-26 00:00:00,0.0,0.0
2051-12-26 01:00:00,0.0,0.0
2051-12-26 02:00:00,0.0,0.0
2051-12-26 03:00:00,0.0,53.5428678842742
2051-12-26 04:00:00,0.0,154.58344114975938
2051-12-26 05:00:00,0.0,237.05672958440755
2051-12-26 06:00:00,0.0,278.5092724625553
2051-12-26 07:00:00,0.0,307.0078956912819
2051-12-26 08:00:00,0.0,294.0539760418608
2051-12-26 09:00:00,0.0,244.82908137406028
2051-12-26 10:00:00,0.0,189.1272268815492
2051-12-26 11:00:00,0.0,123.92583131279592
2051-12-26 12:00:00,0.0,53.5428678842742
2051-12-26 13:00:00,0.0,0.0
2051-12-26 14:00:00,0.0,0.0
2051-12-26 15:00:00,0.0,0.0
2051-12-26 16:00:00,0.0,0.0
2051-12-26 17:00:00,0.0,0.0
2051-12-26 18:00:00,0.0,0.0
2051-12-26 19:00:00,0.0,0.0
2051-12-26 20:00:00,0.0,0.0
2051-12-26 21:00:00,0.0,0.0
2051-12-26 22:00:00,0.0,0.0
2051-12-26 23:00:00,0.0,0.0
2051-12-27 00:00:00,0.0,0.0
2051-12-27 01:00:00,0.0,0.0
2051-12-27 02:00:00,0.0,0.0
2051-12-27 03:00:00,0.0,25.476041977194985
2051-12-27 04:00:00,0.0,81.60969379135341
2051-12-27 05:00:00,0.0,140.76592685704347
2051-12-27 06:00:00,0.0,186.96824027331232
2051-12-27 07:00:00,0.0,215.46686350203893
2051-12-27 08:00:00,0.0,218.48944475357052
2051-12-27 09:00:00,0.0,183.94565902178073
2051-12-27 10:00:00,0.0,143.35671078692772
2051-12-27 11:00:00,0.0,94.5636134407746
2051-12-27 12:00:00,0.0,39.72535359155828
2051-12-27 13:00:00,0.0,0.0
2051-12-27 14:00:00,0.0,0.0
2051-12-27 15:00:00,0.0,0.0
2051-12-27 16:00:00,0.0,0.0
2051-12-27 17:00:00,0.0,0.0
2051-12-27 18:00:00,0.0,0.0
2051-12-27 19:00:00,0.0,0.0
2051-12-27 20:00:00,0.0,0.0
2051-12-27 21:00:00,0.0,0.0
2051-12-27 22:00:00,0.0,0.0
2051-12-27 23:00:00,0.0,0.0
2051-12-28 00:00:00,0.0,0.0
2051-12-28 01:00:00,0.0,0.0
2051-12-28 02:00:00,0.0,0.0
2051-12-28 03:00:00,0.0,14.249311614363295
2051-12-28 04:00:00,0.0,57.860841100747926
2051-12-28 05:00:00,0.0,96.72260004901148
2051-12-28 06:00:00,0.0,120.90325006126432
2051-12-28 07:00:00,0.0,128.67560185091705
2051-12-28 08:00:00,0.0,121.76684470455905
2051-12-28 09:00:00,0.0,102.76776255207467
2051-12-28 10:00:00,0.0,79.45070718311656
2051-12-28 11:00:00,0.0,51.383881276037336
2051-12-28 12:00:00,0.0,20.294474117426514
2051-12-28 13:00:00,0.0,0.0
2051-12-28 14:00:00,0.0,0.0
2051-12-28 15:00:00,0.0,0.0
2051-12-28 16:00:00,0.0,0.0
2051-12-28 17:00:00,0.0,0.0
2051-12-28 18:00:00,0.0,0.0
2051-12-28 19:00:00,0.0,0.0
2051-12-28 20:00:00,0.0,0.0
2051-12-28 21:00:00,0.0,0.0
2051-12-28 22:00:00,0.0,0.0
2051-12-28 23:00:00,0.0,0.0
2051-12-29 00:00:00,0.0,0.0
2051-12-29 01:00:00,0.0,0.0
2051-12-29 02:00:00,0.0,0.0
2051-12-29 03:00:00,0.0,27.20323126378447
2051-12-29 04:00:00,0.0,96.72260004901148
2051-12-29 05:00:00,0.0,174.44611794553856
2051-12-29 06:00:00,0.0,199.9221599227335
2051-12-29 07:00:00,0.0,215.03506618039154
2051-12-29 08:00:00,0.0,214.6032688587442
2051-12-29 09:00:00,0.0,204.6719304608546
2051-12-29 10:00:00,0.0,163.21938758270682
2051-12-29 11:00:00,0.0,105.35854648195891
2051-12-29 12:00:00,0.0,37.566366983321416
2051-12-29 13:00:00,0.0,0.0
2051-12-29 14:00:00,0.0,0.0
2051-12-29 15:00:00,0.0,0.0
2051-12-29 16:00:00,0.0,0.0
2051-12-29 17:00:00,0.0,0.0
2051-12-29 18:00:00,0.0,0.0
2051-12-29 19:00:00,0.0,0.0
2051-12-29 20:00:00,0.0,0.0
2051-12-29 21:00:00,0.0,0.0
2051-12-29 22:00:00,0.0,0.0
2051-12-29 23:00:00,0.0,0.0
2051-12-30 00:00:00,0.0,0.0
2051-12-30 01:00:00,0.0,0.0
2051-12-30 02:00:00,0.0,0.0
2051-12-30 03:00:00,0.0,49.22489466780048
2051-12-30 04:00:00,0.0,145.51569739516458
2051-12-30 05:00:00,0.0,220.6484313618074
2051-12-30 06:00:00,0.0,269.0097313863131
2051-12-30 07:00:00,0.0,283.6908403223238
2051-12-30 08:00:00,0.0,288.8724081820923
2051-12-30 09:00:00,0.0,248.7152572688866
2051-12-30 10:00:00,0.0,189.99082152484394
2051-12-30 11:00:00,0.0,134.72076435398023
2051-12-30 12:00:00,0.0,61.747016995574285
2051-12-30 13:00:00,0.0,0.8635946432947452
2051-12-30 14:00:00,0.0,0.0
2051-12-30 15:00:00,0.0,0.0
2051-12-30 16:00:00,0.0,0.0
2051-12-30 17:00:00,0.0,0.0
2051-12-30 18:00:00,0.0,0.0
2051-12-30 19:00:00,0.0,0.0
2051-12-30 20:00:00,0.0,0.0
2051-12-30 21:00:00,0.0,0.0
2051-12-30 22:00:00,0.0,0.0
2051-12-30 23:00:00,0.0,0.0
2051-12-31 00:00:00,0.0,0.0
2051-12-31 01:00:00,0.0,0.0
2051-12-31 02:00:00,0.0,0.0
2051-12-31 03:00:00,0.0,61.747016995574285
2051-12-31 04:00:00,0.0,158.46961704458576
2051-12-31 05:00:00,0.0,232.30695904628647
2051-12-31 06:00:00,0.0,265.1235554914868
2051-12-31 07:00:00,0.0,284.12263764397113
2051-12-31 08:00:00,0.0,278.5092724625553
2051-12-31 09:00:00,0.0,277.6456778192605
2051-12-31 10:00:00,0.0,229.71617511640224
2051-12-31 11:00:00,0.0,168.8327527641227
2051-12-31 12:00:00,0.0,70.38296342852173
2051-12-31 13:00:00,0.0,0.8635946432947452
2051-12-31 14:00:00,0.0,0.0
2051-12-31 15:00:00,0.0,0.0
2051-12-31 16:00:00,0.0,0.0
2051-12-31 17:00:00,0.0,0.0
2051-12-31 18:00:00,0.0,0.0
2051-12-31 19:00:00,0.0,0.0
2051-12-31 20:00:00,0.0,0.0
2051-12-31 21:00:00,0.0,0.0
2051-12-31 22:00:00,0.0,0.0
2051-12-31 23:00:00,0.0,0.0
