timestamp,P_wind_MW,P_solar_MW
2049-01-01 00:00:00,0.0,0.0
2049-01-01 01:00:00,0.0,0.0
2049-01-01 02:00:00,0.0,0.0
2049-01-01 03:00:00,0.0,71.1636104441919
2049-01-01 04:00:00,0.0,171.5785208869167
2049-01-01 05:00:00,0.0,245.79823730110454
2049-01-01 06:00:00,0.0,291.63982685104406
2049-01-01 07:00:00,0.0,316.5252611781542
2049-01-01 08:00:00,0.0,319.58136714815015
2049-01-01 09:00:00,0.0,299.9349716267475
2049-01-01 10:00:00,0.0,258.02266118108844
2049-01-01 11:00:00,0.0,191.22491640831936
2049-01-01 12:00:00,0.0,97.3588044727288
2049-01-01 13:00:00,0.0,3.9292791042805346
2049-01-01 14:00:00,0.0,0.0
2049-01-01 15:00:00,0.0,0.0
2049-01-01 16:00:00,0.0,0.0
2049-01-01 17:00:00,0.0,0.0
2049-01-01 18:00:00,0.0,0.0
2049-01-01 19:00:00,0.0,0.0
2049-01-01 20:00:00,0.0,0.0
2049-01-01 21:00:00,0.0,0.0
2049-01-01 22:00:00,0.0,0.0
2049-01-01 23:00:00,0.0,0.0
2049-01-02 00:00:00,0.0,0.0
2049-01-02 01:00:00,0.0,0.0
2049-01-02 02:00:00,0.0,0.0
2049-01-02 03:00:00,0.0,66.36115820562681
2049-01-02 04:00:00,0.0,166.77606864835158
2049-01-02 05:00:00,0.0,241.868958196824
2049-01-02 06:00:00,0.0,289.89348058247504
2049-01-02 07:00:00,0.0,314.778914909585
2049-01-02 08:00:00,0.0,316.96184774529644
2049-01-02 09:00:00,0.0,296.8788656567515
2049-01-02 10:00:00,0.0,254.52996864395018
2049-01-02 11:00:00,0.0,187.29563730403882
2049-01-02 12:00:00,0.0,93.86611193559055
2049-01-02 13:00:00,0.0,3.9292791042805346
2049-01-02 14:00:00,0.0,0.0
2049-01-02 15:00:00,0.0,0.0
2049-01-02 16:00:00,0.0,0.0
2049-01-02 17:00:00,0.0,0.0
2049-01-02 18:00:00,0.0,0.0
2049-01-02 19:00:00,0.0,0.0
2049-01-02 20:00:00,0.0,0.0
2049-01-02 21:00:00,0.0,0.0
2049-01-02 22:00:00,0.0,0.0
2049-01-02 23:00:00,0.0,0.0
2049-01-03 00:00:00,0.0,0.0
2049-01-03 01:00:00,0.0,0.0
2049-01-03 02:00:00,0.0,0.0
2049-01-03 03:00:00,0.0,71.1636104441919
2049-01-03 04:00:00,0.0,171.1419343197744
2049-01-03 05:00:00,0.0,246.23482386824685
2049-01-03 06:00:00,0.0,295.1325193881824
2049-01-03 07:00:00,0.0,319.1447805810078
2049-01-03 08:00:00,0.0,321.3277134167193
2049-01-03 09:00:00,0.0,302.11790446245885
2049-01-03 10:00:00,0.0,260.64218058394215
2049-01-03 11:00:00,0.0,194.28102237831533
2049-01-03 12:00:00,0.0,101.28808357700933
2049-01-03 13:00:00,0.0,5.23903880570738
2049-01-03 14:00:00,0.0,0.0
2049-01-03 15:00:00,0.0,0.0
2049-01-03 16:00:00,0.0,0.0
2049-01-03 17:00:00,0.0,0.0
2049-01-03 18:00:00,0.0,0.0
2049-01-03 19:00:00,0.0,0.0
2049-01-03 20:00:00,0.0,0.0
2049-01-03 21:00:00,0.0,0.0
2049-01-03 22:00:00,0.0,0.0
2049-01-03 23:00:00,0.0,0.0
2049-01-04 00:00:00,0.0,0.0
2049-01-04 01:00:00,0.0,0.0
2049-01-04 02:00:00,0.0,0.0
2049-01-04 03:00:00,0.0,74.65630298133017
2049-01-04 04:00:00,0.0,175.94438655833952
2049-01-04 05:00:00,0.0,249.29092983824282
2049-01-04 06:00:00,0.0,294.6959328210401
2049-01-04 07:00:00,0.0,317.835020879581
2049-01-04 08:00:00,0.0,319.58136714815015
2049-01-04 09:00:00,0.0,300.3715581938897
2049-01-04 10:00:00,0.0,258.02266118108844
2049-01-04 11:00:00,0.0,191.66150297546164
2049-01-04 12:00:00,0.0,98.66856417415565
2049-01-04 13:00:00,0.0,5.23903880570738
2049-01-04 14:00:00,0.0,0.0
2049-01-04 15:00:00,0.0,0.0
2049-01-04 16:00:00,0.0,0.0
2049-01-04 17:00:00,0.0,0.0
2049-01-04 18:00:00,0.0,0.0
2049-01-04 19:00:00,0.0,0.0
2049-01-04 20:00:00,0.0,0.0
2049-01-04 21:00:00,0.0,0.0
2049-01-04 22:00:00,0.0,0.0
2049-01-04 23:00:00,0.0,0.0
2049-01-05 00:00:00,0.0,0.0
2049-01-05 01:00:00,0.0,0.0
2049-01-05 02:00:00,0.0,0.0
2049-01-05 03:00:00,0.0,67.23433133991138
2049-01-05 04:00:00,0.0,165.902895514067
2049-01-05 05:00:00,0.0,238.81285222682806
2049-01-05 06:00:00,0.0,282.03492237391396
2049-01-05 07:00:00,0.0,305.17401043245485
2049-01-05 08:00:00,0.0,306.920356701024
2049-01-05 09:00:00,0.0,288.1471343139059
2049-01-05 10:00:00,0.0,245.36165073396225
2049-01-05 11:00:00,0.0,176.81755969262403
2049-01-05 12:00:00,0.0,82.51486118989122
2049-01-05 13:00:00,0.0,2.182932835711408
2049-01-05 14:00:00,0.0,0.0
2049-01-05 15:00:00,0.0,0.0
2049-01-05 16:00:00,0.0,0.0
2049-01-05 17:00:00,0.0,0.0
2049-01-05 18:00:00,0.0,0.0
2049-01-05 19:00:00,0.0,0.0
2049-01-05 20:00:00,0.0,0.0
2049-01-05 21:00:00,0.0,0.0
2049-01-05 22:00:00,0.0,0.0
2049-01-05 23:00:00,0.0,0.0
2049-01-06 00:00:00,0.0,0.0
2049-01-06 01:00:00,0.0,0.0
2049-01-06 02:00:00,0.0,0.0
2049-01-06 03:00:00,0.0,50.20745522136239
2049-01-06 04:00:00,0.0,142.7638074555261
2049-01-06 05:00:00,0.0,226.58842834684415
2049-01-06 06:00:00,0.0,278.1056432696334
2049-01-06 07:00:00,0.0,305.17401043245485
2049-01-06 08:00:00,0.0,309.10328953673536
2049-01-06 09:00:00,0.0,290.33006714961726
2049-01-06 10:00:00,0.0,247.5445835696737
2049-01-06 11:00:00,0.0,179.87366566262003
2049-01-06 12:00:00,0.0,85.13438059274492
2049-01-06 13:00:00,0.0,3.0561059699959716
2049-01-06 14:00:00,0.0,0.0
2049-01-06 15:00:00,0.0,0.0
2049-01-06 16:00:00,0.0,0.0
2049-01-06 17:00:00,0.0,0.0
2049-01-06 18:00:00,0.0,0.0
2049-01-06 19:00:00,0.0,0.0
2049-01-06 20:00:00,0.0,0.0
2049-01-06 21:00:00,0.0,0.0
2049-01-06 22:00:00,0.0,0.0
2049-01-06 23:00:00,0.0,0.0
2049-01-07 00:00:00,0.0,0.0
2049-01-07 01:00:00,0.0,0.0
2049-01-07 02:00:00,0.0,0.0
2049-01-07 03:00:00,0.0,71.1636104441919
2049-01-07 04:00:00,0.0,170.70534775263212
2049-01-07 05:00:00,0.0,245.79823730110454
2049-01-07 06:00:00,0.0,293.38617311961326
2049-01-07 07:00:00,0.0,318.7081940138656
2049-01-07 08:00:00,0.0,320.891126849577
2049-01-07 09:00:00,0.0,298.6252119253207
2049-01-07 10:00:00,0.0,255.40314177823475
2049-01-07 11:00:00,0.0,186.85905073689653
2049-01-07 12:00:00,0.0,91.24659253273686
2049-01-07 13:00:00,0.0,3.492692537138253
2049-01-07 14:00:00,0.0,0.0
2049-01-07 15:00:00,0.0,0.0
2049-01-07 16:00:00,0.0,0.0
2049-01-07 17:00:00,0.0,0.0
2049-01-07 18:00:00,0.0,0.0
2049-01-07 19:00:00,0.0,0.0
2049-01-07 20:00:00,0.0,0.0
2049-01-07 21:00:00,0.0,0.0
2049-01-07 22:00:00,0.0,0.0
2049-01-07 23:00:00,0.0,0.0
2049-01-08 00:00:00,0.0,0.0
2049-01-08 01:00:00,0.0,0.0
2049-01-08 02:00:00,0.0,0.0
2049-01-08 03:00:00,0.0,68.54409104133822
2049-01-08 04:00:00,0.0,170.70534775263212
2049-01-08 05:00:00,0.0,245.79823730110454
2049-01-08 06:00:00,0.0,292.5129999853287
2049-01-08 07:00:00,0.0,316.96184774529644
2049-01-08 08:00:00,0.0,318.7081940138656
2049-01-08 09:00:00,0.0,299.49838505960525
2049-01-08 10:00:00,0.0,256.27631491251935
2049-01-08 11:00:00,0.0,188.60539700546565
2049-01-08 12:00:00,0.0,95.61245820415968
2049-01-08 13:00:00,0.0,5.23903880570738
2049-01-08 14:00:00,0.0,0.0
2049-01-08 15:00:00,0.0,0.0
2049-01-08 16:00:00,0.0,0.0
2049-01-08 17:00:00,0.0,0.0
2049-01-08 18:00:00,0.0,0.0
2049-01-08 19:00:00,0.0,0.0
2049-01-08 20:00:00,0.0,0.0
2049-01-08 21:00:00,0.0,0.0
2049-01-08 22:00:00,0.0,0.0
2049-01-08 23:00:00,0.0,0.0
2049-01-09 00:00:00,0.0,0.0
2049-01-09 01:00:00,0.0,0.0
2049-01-09 02:00:00,0.0,0.0
2049-01-09 03:00:00,0.0,72.47337014561876
2049-01-09 04:00:00,0.0,172.45169402120126
2049-01-09 05:00:00,0.0,247.10799700253142
2049-01-09 06:00:00,0.0,296.005692522467
2049-01-09 07:00:00,0.0,320.0179537152924
2049-01-09 08:00:00,0.0,322.63747311814615
2049-01-09 09:00:00,0.0,300.80814476103205
2049-01-09 10:00:00,0.0,258.02266118108844
2049-01-09 11:00:00,0.0,187.7322238711811
2049-01-09 12:00:00,0.0,96.48563133844424
2049-01-09 13:00:00,0.0,5.675625372849661
2049-01-09 14:00:00,0.0,0.0
2049-01-09 15:00:00,0.0,0.0
2049-01-09 16:00:00,0.0,0.0
2049-01-09 17:00:00,0.0,0.0
2049-01-09 18:00:00,0.0,0.0
2049-01-09 19:00:00,0.0,0.0
2049-01-09 20:00:00,0.0,0.0
2049-01-09 21:00:00,0.0,0.0
2049-01-09 22:00:00,0.0,0.0
2049-01-09 23:00:00,0.0,0.0
2049-01-10 00:00:00,0.0,0.0
2049-01-10 01:00:00,0.0,0.0
2049-01-10 02:00:00,0.0,0.0
2049-01-10 03:00:00,0.0,62.868465668488554
2049-01-10 04:00:00,0.0,172.45169402120126
2049-01-10 05:00:00,0.0,247.10799700253142
2049-01-10 06:00:00,0.0,297.31545222389383
2049-01-10 07:00:00,0.0,321.3277134167193
2049-01-10 08:00:00,0.0,323.0740596852884
2049-01-10 09:00:00,0.0,302.11790446245885
2049-01-10 10:00:00,0.0,258.02266118108844
2049-01-10 11:00:00,0.0,191.66150297546164
2049-01-10 12:00:00,0.0,98.23197760701336
2049-01-10 13:00:00,0.0,5.675625372849661
2049-01-10 14:00:00,0.0,0.0
2049-01-10 15:00:00,0.0,0.0
2049-01-10 16:00:00,0.0,0.0
2049-01-10 17:00:00,0.0,0.0
2049-01-10 18:00:00,0.0,0.0
2049-01-10 19:00:00,0.0,0.0
2049-01-10 20:00:00,0.0,0.0
2049-01-10 21:00:00,0.0,0.0
2049-01-10 22:00:00,0.0,0.0
2049-01-10 23:00:00,0.0,0.0
2049-01-11 00:00:00,0.0,0.0
2049-01-11 01:00:00,0.0,0.0
2049-01-11 02:00:00,0.0,0.0
2049-01-11 03:00:00,0.0,61.99529253420398
2049-01-11 04:00:00,0.0,163.28337611121333
2049-01-11 05:00:00,0.0,239.6860253611126
2049-01-11 06:00:00,0.0,292.94958655247103
2049-01-11 07:00:00,0.0,314.778914909585
2049-01-11 08:00:00,0.0,314.778914909585
2049-01-11 09:00:00,0.0,287.27396117962127
2049-01-11 10:00:00,0.0,238.81285222682806
2049-01-11 11:00:00,0.0,163.28337611121333
2049-01-11 12:00:00,0.0,67.23433133991138
2049-01-11 13:00:00,0.0,1.309759701426845
2049-01-11 14:00:00,0.0,0.0
2049-01-11 15:00:00,0.0,0.0
2049-01-11 16:00:00,0.0,0.0
2049-01-11 17:00:00,0.0,0.0
2049-01-11 18:00:00,0.0,0.0
2049-01-11 19:00:00,0.0,0.0
2049-01-11 20:00:00,0.0,0.0
2049-01-11 21:00:00,0.0,0.0
2049-01-11 22:00:00,0.0,0.0
2049-01-11 23:00:00,0.0,0.0
2049-01-12 00:00:00,0.0,0.0
2049-01-12 01:00:00,0.0,0.0
2049-01-12 02:00:00,0.0,0.0
2049-01-12 03:00:00,0.0,64.1782253699154
2049-01-12 04:00:00,0.0,166.3394820812093
2049-01-12 05:00:00,0.0,242.30554476396634
2049-01-12 06:00:00,0.0,298.6252119253207
2049-01-12 07:00:00,0.0,320.0179537152924
2049-01-12 08:00:00,0.0,320.4545402824347
2049-01-12 09:00:00,0.0,300.3715581938897
2049-01-12 10:00:00,0.0,256.7129014796616
2049-01-12 11:00:00,0.0,189.04198357260793
2049-01-12 12:00:00,0.0,93.86611193559055
2049-01-12 13:00:00,0.0,4.802452238565098
2049-01-12 14:00:00,0.0,0.0
2049-01-12 15:00:00,0.0,0.0
2049-01-12 16:00:00,0.0,0.0
2049-01-12 17:00:00,0.0,0.0
2049-01-12 18:00:00,0.0,0.0
2049-01-12 19:00:00,0.0,0.0
2049-01-12 20:00:00,0.0,0.0
2049-01-12 21:00:00,0.0,0.0
2049-01-12 22:00:00,0.0,0.0
2049-01-12 23:00:00,0.0,0.0
2049-01-13 00:00:00,0.0,0.0
2049-01-13 01:00:00,0.0,0.0
2049-01-13 02:00:00,0.0,0.0
2049-01-13 03:00:00,0.0,68.10750447419592
2049-01-13 04:00:00,0.0,167.64924178263615
2049-01-13 05:00:00,0.0,243.17871789825085
2049-01-13 06:00:00,0.0,289.02030744819047
2049-01-13 07:00:00,0.0,313.9057417753005
2049-01-13 08:00:00,0.0,316.5252611781542
2049-01-13 09:00:00,0.0,296.4422790896092
2049-01-13 10:00:00,0.0,252.78362237538104
2049-01-13 11:00:00,0.0,183.80294476690057
2049-01-13 12:00:00,0.0,88.62707312988317
2049-01-13 13:00:00,0.0,3.9292791042805346
2049-01-13 14:00:00,0.0,0.0
2049-01-13 15:00:00,0.0,0.0
2049-01-13 16:00:00,0.0,0.0
2049-01-13 17:00:00,0.0,0.0
2049-01-13 18:00:00,0.0,0.0
2049-01-13 19:00:00,0.0,0.0
2049-01-13 20:00:00,0.0,0.0
2049-01-13 21:00:00,0.0,0.0
2049-01-13 22:00:00,0.0,0.0
2049-01-13 23:00:00,0.0,0.0
2049-01-14 00:00:00,0.0,0.0
2049-01-14 01:00:00,0.0,0.0
2049-01-14 02:00:00,0.0,0.0
2049-01-14 03:00:00,0.0,49.77086865422011
2049-01-14 04:00:00,0.0,149.31260596266034
2049-01-14 05:00:00,0.0,221.3493895411368
2049-01-14 06:00:00,0.0,280.72516267248704
2049-01-14 07:00:00,0.0,312.15939550673136
2049-01-14 08:00:00,0.0,302.9910775967435
2049-01-14 09:00:00,0.0,282.4715089410562
2049-01-14 10:00:00,0.0,247.98117013681593
2049-01-14 11:00:00,0.0,178.56390596119317
2049-01-14 12:00:00,0.0,86.00755372702947
2049-01-14 13:00:00,0.0,3.0561059699959716
2049-01-14 14:00:00,0.0,0.0
2049-01-14 15:00:00,0.0,0.0
2049-01-14 16:00:00,0.0,0.0
2049-01-14 17:00:00,0.0,0.0
2049-01-14 18:00:00,0.0,0.0
2049-01-14 19:00:00,0.0,0.0
2049-01-14 20:00:00,0.0,0.0
2049-01-14 21:00:00,0.0,0.0
2049-01-14 22:00:00,0.0,0.0
2049-01-14 23:00:00,0.0,0.0
2049-01-15 00:00:00,0.0,0.0
2049-01-15 01:00:00,0.0,0.0
2049-01-15 02:00:00,0.0,0.0
2049-01-15 03:00:00,0.0,58.93918656420802
2049-01-15 04:00:00,0.0,145.81991342552203
2049-01-15 05:00:00,0.0,223.09573580970593
2049-01-15 06:00:00,0.0,280.72516267248704
2049-01-15 07:00:00,0.0,309.5398761038777
2049-01-15 08:00:00,0.0,313.4691552081582
2049-01-15 09:00:00,0.0,299.9349716267475
2049-01-15 10:00:00,0.0,261.0787671510844
2049-01-15 11:00:00,0.0,194.28102237831533
2049-01-15 12:00:00,0.0,100.41491044272477
2049-01-15 13:00:00,0.0,6.985385074276506
2049-01-15 14:00:00,0.0,0.0
2049-01-15 15:00:00,0.0,0.0
2049-01-15 16:00:00,0.0,0.0
2049-01-15 17:00:00,0.0,0.0
2049-01-15 18:00:00,0.0,0.0
2049-01-15 19:00:00,0.0,0.0
2049-01-15 20:00:00,0.0,0.0
2049-01-15 21:00:00,0.0,0.0
2049-01-15 22:00:00,0.0,0.0
2049-01-15 23:00:00,0.0,0.0
2049-01-16 00:00:00,0.0,0.0
2049-01-16 01:00:00,0.0,0.0
2049-01-16 02:00:00,0.0,0.0
2049-01-16 03:00:00,0.0,73.7831298470456
2049-01-16 04:00:00,0.0,172.45169402120126
2049-01-16 05:00:00,0.0,247.98117013681593
2049-01-16 06:00:00,0.0,296.8788656567515
2049-01-16 07:00:00,0.0,321.3277134167193
2049-01-16 08:00:00,0.0,323.51064625243066
2049-01-16 09:00:00,0.0,305.61059699959713
2049-01-16 10:00:00,0.0,262.8251134196535
2049-01-16 11:00:00,0.0,195.59078207974218
2049-01-16 12:00:00,0.0,102.16125671129389
2049-01-16 13:00:00,0.0,7.4219716414187875
2049-01-16 14:00:00,0.0,0.0
2049-01-16 15:00:00,0.0,0.0
2049-01-16 16:00:00,0.0,0.0
2049-01-16 17:00:00,0.0,0.0
2049-01-16 18:00:00,0.0,0.0
2049-01-16 19:00:00,0.0,0.0
2049-01-16 20:00:00,0.0,0.0
2049-01-16 21:00:00,0.0,0.0
2049-01-16 22:00:00,0.0,0.0
2049-01-16 23:00:00,0.0,0.0
2049-01-17 00:00:00,0.0,0.0
2049-01-17 01:00:00,0.0,0.0
2049-01-17 02:00:00,0.0,0.0
2049-01-17 03:00:00,0.0,79.02216865275297
2049-01-17 04:00:00,0.0,178.56390596119317
2049-01-17 05:00:00,0.0,252.78362237538104
2049-01-17 06:00:00,0.0,300.3715581938897
2049-01-17 07:00:00,0.0,324.38381938671523
2049-01-17 08:00:00,0.0,325.6935790881421
2049-01-17 09:00:00,0.0,303.864250731028
2049-01-17 10:00:00,0.0,260.20559401679986
2049-01-17 11:00:00,0.0,191.22491640831936
2049-01-17 12:00:00,0.0,96.04904477130195
2049-01-17 13:00:00,0.0,6.112211939991943
2049-01-17 14:00:00,0.0,0.0
2049-01-17 15:00:00,0.0,0.0
2049-01-17 16:00:00,0.0,0.0
2049-01-17 17:00:00,0.0,0.0
2049-01-17 18:00:00,0.0,0.0
2049-01-17 19:00:00,0.0,0.0
2049-01-17 20:00:00,0.0,0.0
2049-01-17 21:00:00,0.0,0.0
2049-01-17 22:00:00,0.0,0.0
2049-01-17 23:00:00,0.0,0.0
2049-01-18 00:00:00,0.0,0.0
2049-01-18 01:00:00,0.0,0.0
2049-01-18 02:00:00,0.0,0.0
2049-01-18 03:00:00,0.0,72.47337014561876
2049-01-18 04:00:00,0.0,169.39558805120527
2049-01-18 05:00:00,0.0,237.93967909254349
2049-01-18 06:00:00,0.0,279.41540297106025
2049-01-18 07:00:00,0.0,313.4691552081582
2049-01-18 08:00:00,0.0,314.3423283424428
2049-01-18 09:00:00,0.0,296.005692522467
2049-01-18 10:00:00,0.0,256.7129014796616
2049-01-18 11:00:00,0.0,190.78832984117707
2049-01-18 12:00:00,0.0,97.3588044727288
2049-01-18 13:00:00,0.0,6.985385074276506
2049-01-18 14:00:00,0.0,0.0
2049-01-18 15:00:00,0.0,0.0
2049-01-18 16:00:00,0.0,0.0
2049-01-18 17:00:00,0.0,0.0
2049-01-18 18:00:00,0.0,0.0
2049-01-18 19:00:00,0.0,0.0
2049-01-18 20:00:00,0.0,0.0
2049-01-18 21:00:00,0.0,0.0
2049-01-18 22:00:00,0.0,0.0
2049-01-18 23:00:00,0.0,0.0
2049-01-19 00:00:00,0.0,0.0
2049-01-19 01:00:00,0.0,0.0
2049-01-19 02:00:00,0.0,0.0
2049-01-19 03:00:00,0.0,72.47337014561876
2049-01-19 04:00:00,0.0,171.5785208869167
2049-01-19 05:00:00,0.0,244.92506416682002
2049-01-19 06:00:00,0.0,292.5129999853287
2049-01-19 07:00:00,0.0,316.5252611781542
2049-01-19 08:00:00,0.0,318.7081940138656
2049-01-19 09:00:00,0.0,293.38617311961326
2049-01-19 10:00:00,0.0,247.98117013681593
2049-01-19 11:00:00,0.0,175.94438655833952
2049-01-19 12:00:00,0.0,79.45875521989525
2049-01-19 13:00:00,0.0,3.492692537138253
2049-01-19 14:00:00,0.0,0.0
2049-01-19 15:00:00,0.0,0.0
2049-01-19 16:00:00,0.0,0.0
2049-01-19 17:00:00,0.0,0.0
2049-01-19 18:00:00,0.0,0.0
2049-01-19 19:00:00,0.0,0.0
2049-01-19 20:00:00,0.0,0.0
2049-01-19 21:00:00,0.0,0.0
2049-01-19 22:00:00,0.0,0.0
2049-01-19 23:00:00,0.0,0.0
2049-01-20 00:00:00,0.0,0.0
2049-01-20 01:00:00,0.0,0.0
2049-01-20 02:00:00,0.0,0.0
2049-01-20 03:00:00,0.0,44.968416415655014
2049-01-20 04:00:00,0.0,135.3418358141073
2049-01-20 05:00:00,0.0,214.36400446686028
2049-01-20 06:00:00,0.0,273.7397775982106
2049-01-20 07:00:00,0.0,298.6252119253207
2049-01-20 08:00:00,0.0,299.0617984924629
2049-01-20 09:00:00,0.0,278.97881640391796
2049-01-20 10:00:00,0.0,230.51770745112466
2049-01-20 11:00:00,0.0,157.1711641712214
2049-01-20 12:00:00,0.0,67.23433133991138
2049-01-20 13:00:00,0.0,2.61951940285369
2049-01-20 14:00:00,0.0,0.0
2049-01-20 15:00:00,0.0,0.0
2049-01-20 16:00:00,0.0,0.0
2049-01-20 17:00:00,0.0,0.0
2049-01-20 18:00:00,0.0,0.0
2049-01-20 19:00:00,0.0,0.0
2049-01-20 20:00:00,0.0,0.0
2049-01-20 21:00:00,0.0,0.0
2049-01-20 22:00:00,0.0,0.0
2049-01-20 23:00:00,0.0,0.0
2049-01-21 00:00:00,0.0,0.0
2049-01-21 01:00:00,0.0,0.0
2049-01-21 02:00:00,0.0,0.0
2049-01-21 03:00:00,0.0,79.02216865275297
2049-01-21 04:00:00,0.0,183.80294476690057
2049-01-21 05:00:00,0.0,258.4592477482307
2049-01-21 06:00:00,0.0,306.920356701024
2049-01-21 07:00:00,0.0,329.18627162528037
2049-01-21 08:00:00,0.0,330.0594447595649
2049-01-21 09:00:00,0.0,309.10328953673536
2049-01-21 10:00:00,0.0,264.57145968822266
2049-01-21 11:00:00,0.0,193.84443581117304
2049-01-21 12:00:00,0.0,96.48563133844424
2049-01-21 13:00:00,0.0,6.985385074276506
2049-01-21 14:00:00,0.0,0.0
2049-01-21 15:00:00,0.0,0.0
2049-01-21 16:00:00,0.0,0.0
2049-01-21 17:00:00,0.0,0.0
2049-01-21 18:00:00,0.0,0.0
2049-01-21 19:00:00,0.0,0.0
2049-01-21 20:00:00,0.0,0.0
2049-01-21 21:00:00,0.0,0.0
2049-01-21 22:00:00,0.0,0.0
2049-01-21 23:00:00,0.0,0.0
2049-01-22 00:00:00,0.0,0.0
2049-01-22 01:00:00,0.0,0.0
2049-01-22 02:00:00,0.0,0.0
2049-01-22 03:00:00,0.0,79.02216865275297
2049-01-22 04:00:00,0.0,182.05659849833143
2049-01-22 05:00:00,0.0,257.14948804680387
2049-01-22 06:00:00,0.0,307.3569432681663
2049-01-22 07:00:00,0.0,331.3692044609918
2049-01-22 08:00:00,0.0,332.2423775952763
2049-01-22 09:00:00,0.0,312.59598207387364
2049-01-22 10:00:00,0.0,268.0641522253609
2049-01-22 11:00:00,0.0,197.77371491545355
2049-01-22 12:00:00,0.0,100.41491044272477
2049-01-22 13:00:00,0.0,7.4219716414187875
2049-01-22 14:00:00,0.0,0.0
2049-01-22 15:00:00,0.0,0.0
2049-01-22 16:00:00,0.0,0.0
2049-01-22 17:00:00,0.0,0.0
2049-01-22 18:00:00,0.0,0.0
2049-01-22 19:00:00,0.0,0.0
2049-01-22 20:00:00,0.0,0.0
2049-01-22 21:00:00,0.0,0.0
2049-01-22 22:00:00,0.0,0.0
2049-01-22 23:00:00,0.0,0.0
2049-01-23 00:00:00,0.0,0.0
2049-01-23 01:00:00,0.0,0.0
2049-01-23 02:00:00,0.0,0.0
2049-01-23 03:00:00,0.0,78.14899551846841
2049-01-23 04:00:00,0.0,180.74683879690457
2049-01-23 05:00:00,0.0,256.27631491251935
2049-01-23 06:00:00,0.0,302.9910775967435
2049-01-23 07:00:00,0.0,327.87651192385346
2049-01-23 08:00:00,0.0,329.6228581924226
2049-01-23 09:00:00,0.0,311.72280893958913
2049-01-23 10:00:00,0.0,268.0641522253609
2049-01-23 11:00:00,0.0,198.64688804973815
2049-01-23 12:00:00,0.0,102.16125671129389
2049-01-23 13:00:00,0.0,8.731731342845633
2049-01-23 14:00:00,0.0,0.0
2049-01-23 15:00:00,0.0,0.0
2049-01-23 16:00:00,0.0,0.0
2049-01-23 17:00:00,0.0,0.0
2049-01-23 18:00:00,0.0,0.0
2049-01-23 19:00:00,0.0,0.0
2049-01-23 20:00:00,0.0,0.0
2049-01-23 21:00:00,0.0,0.0
2049-01-23 22:00:00,0.0,0.0
2049-01-23 23:00:00,0.0,0.0
2049-01-24 00:00:00,0.0,0.0
2049-01-24 01:00:00,0.0,0.0
2049-01-24 02:00:00,0.0,0.0
2049-01-24 03:00:00,0.0,80.33192835417982
2049-01-24 04:00:00,0.0,180.31025222976228
2049-01-24 05:00:00,0.0,254.52996864395018
2049-01-24 06:00:00,0.0,302.9910775967435
2049-01-24 07:00:00,0.0,327.4399253567112
2049-01-24 08:00:00,0.0,329.6228581924226
2049-01-24 09:00:00,0.0,310.8496358053045
2049-01-24 10:00:00,0.0,267.6275656582186
2049-01-24 11:00:00,0.0,199.08347461688044
2049-01-24 12:00:00,0.0,103.90760297986303
2049-01-24 13:00:00,0.0,10.041491044272478
2049-01-24 14:00:00,0.0,0.0
2049-01-24 15:00:00,0.0,0.0
2049-01-24 16:00:00,0.0,0.0
2049-01-24 17:00:00,0.0,0.0
2049-01-24 18:00:00,0.0,0.0
2049-01-24 19:00:00,0.0,0.0
2049-01-24 20:00:00,0.0,0.0
2049-01-24 21:00:00,0.0,0.0
2049-01-24 22:00:00,0.0,0.0
2049-01-24 23:00:00,0.0,0.0
2049-01-25 00:00:00,0.0,0.0
2049-01-25 01:00:00,0.0,0.0
2049-01-25 02:00:00,0.0,0.0
2049-01-25 03:00:00,0.0,75.09288954847243
2049-01-25 04:00:00,0.0,172.45169402120126
2049-01-25 05:00:00,0.0,247.5445835696737
2049-01-25 06:00:00,0.0,296.005692522467
2049-01-25 07:00:00,0.0,320.891126849577
2049-01-25 08:00:00,0.0,323.94723281957295
2049-01-25 09:00:00,0.0,301.2447313281743
2049-01-25 10:00:00,0.0,255.40314177823475
2049-01-25 11:00:00,0.0,187.7322238711811
2049-01-25 12:00:00,0.0,96.04904477130195
2049-01-25 13:00:00,0.0,7.858558208561069
2049-01-25 14:00:00,0.0,0.0
2049-01-25 15:00:00,0.0,0.0
2049-01-25 16:00:00,0.0,0.0
2049-01-25 17:00:00,0.0,0.0
2049-01-25 18:00:00,0.0,0.0
2049-01-25 19:00:00,0.0,0.0
2049-01-25 20:00:00,0.0,0.0
2049-01-25 21:00:00,0.0,0.0
2049-01-25 22:00:00,0.0,0.0
2049-01-25 23:00:00,0.0,0.0
2049-01-26 00:00:00,0.0,0.0
2049-01-26 01:00:00,0.0,0.0
2049-01-26 02:00:00,0.0,0.0
2049-01-26 03:00:00,0.0,73.34654327990332
2049-01-26 04:00:00,0.0,172.01510745405895
2049-01-26 05:00:00,0.0,247.10799700253142
2049-01-26 06:00:00,0.0,297.31545222389383
2049-01-26 07:00:00,0.0,322.2008865510038
2049-01-26 08:00:00,0.0,323.94723281957295
2049-01-26 09:00:00,0.0,304.3008372981702
2049-01-26 10:00:00,0.0,260.64218058394215
2049-01-26 11:00:00,0.0,191.66150297546164
2049-01-26 12:00:00,0.0,96.04904477130195
2049-01-26 13:00:00,0.0,7.858558208561069
2049-01-26 14:00:00,0.0,0.0
2049-01-26 15:00:00,0.0,0.0
2049-01-26 16:00:00,0.0,0.0
2049-01-26 17:00:00,0.0,0.0
2049-01-26 18:00:00,0.0,0.0
2049-01-26 19:00:00,0.0,0.0
2049-01-26 20:00:00,0.0,0.0
2049-01-26 21:00:00,0.0,0.0
2049-01-26 22:00:00,0.0,0.0
2049-01-26 23:00:00,0.0,0.0
2049-01-27 00:00:00,0.0,0.0
2049-01-27 01:00:00,0.0,0.0
2049-01-27 02:00:00,0.0,0.0
2049-01-27 03:00:00,0.0,73.34654327990332
2049-01-27 04:00:00,0.0,172.88828058834352
2049-01-27 05:00:00,0.0,247.98117013681593
2049-01-27 06:00:00,0.0,297.7520387910361
2049-01-27 07:00:00,0.0,322.63747311814615
2049-01-27 08:00:00,0.0,324.8204059538575
2049-01-27 09:00:00,0.0,302.9910775967435
2049-01-27 10:00:00,0.0,258.895834315373
2049-01-27 11:00:00,0.0,189.47857013975022
2049-01-27 12:00:00,0.0,94.30269850273282
2049-01-27 13:00:00,0.0,7.858558208561069
2049-01-27 14:00:00,0.0,0.0
2049-01-27 15:00:00,0.0,0.0
2049-01-27 16:00:00,0.0,0.0
2049-01-27 17:00:00,0.0,0.0
2049-01-27 18:00:00,0.0,0.0
2049-01-27 19:00:00,0.0,0.0
2049-01-27 20:00:00,0.0,0.0
2049-01-27 21:00:00,0.0,0.0
2049-01-27 22:00:00,0.0,0.0
2049-01-27 23:00:00,0.0,0.0
2049-01-28 00:00:00,0.0,0.0
2049-01-28 01:00:00,0.0,0.0
2049-01-28 02:00:00,0.0,0.0
2049-01-28 03:00:00,0.0,76.40264924989928
2049-01-28 04:00:00,0.0,174.63462685691266
2049-01-28 05:00:00,0.0,247.98117013681593
2049-01-28 06:00:00,0.0,298.6252119253207
2049-01-28 07:00:00,0.0,323.51064625243066
2049-01-28 08:00:00,0.0,326.13016565528443
2049-01-28 09:00:00,0.0,307.3569432681663
2049-01-28 10:00:00,0.0,264.57145968822266
2049-01-28 11:00:00,0.0,196.02736864688444
2049-01-28 12:00:00,0.0,101.72467014415163
2049-01-28 13:00:00,0.0,10.041491044272478
2049-01-28 14:00:00,0.0,0.0
2049-01-28 15:00:00,0.0,0.0
2049-01-28 16:00:00,0.0,0.0
2049-01-28 17:00:00,0.0,0.0
2049-01-28 18:00:00,0.0,0.0
2049-01-28 19:00:00,0.0,0.0
2049-01-28 20:00:00,0.0,0.0
2049-01-28 21:00:00,0.0,0.0
2049-01-28 22:00:00,0.0,0.0
2049-01-28 23:00:00,0.0,0.0
2049-01-29 00:00:00,0.0,0.0
2049-01-29 01:00:00,0.0,0.0
2049-01-29 02:00:00,0.0,0.0
2049-01-29 03:00:00,0.0,46.27817611708185
2049-01-29 04:00:00,0.0,136.21500894839184
2049-01-29 05:00:00,0.0,200.82982088544955
2049-01-29 06:00:00,0.0,281.1617492396294
2049-01-29 07:00:00,0.0,317.3984343124388
2049-01-29 08:00:00,0.0,325.6935790881421
2049-01-29 09:00:00,0.0,307.3569432681663
2049-01-29 10:00:00,0.0,264.57145968822266
2049-01-29 11:00:00,0.0,196.02736864688444
2049-01-29 12:00:00,0.0,100.85149700986706
2049-01-29 13:00:00,0.0,10.041491044272478
2049-01-29 14:00:00,0.0,0.0
2049-01-29 15:00:00,0.0,0.0
2049-01-29 16:00:00,0.0,0.0
2049-01-29 17:00:00,0.0,0.0
2049-01-29 18:00:00,0.0,0.0
2049-01-29 19:00:00,0.0,0.0
2049-01-29 20:00:00,0.0,0.0
2049-01-29 21:00:00,0.0,0.0
2049-01-29 22:00:00,0.0,0.0
2049-01-29 23:00:00,0.0,0.0
2049-01-30 00:00:00,0.0,0.0
2049-01-30 01:00:00,0.0,0.0
2049-01-30 02:00:00,0.0,0.0
2049-01-30 03:00:00,0.0,75.52947611561471
2049-01-30 04:00:00,0.0,175.50779999119723
2049-01-30 05:00:00,0.0,251.03727610681193
2049-01-30 06:00:00,0.0,298.6252119253207
2049-01-30 07:00:00,0.0,323.0740596852884
2049-01-30 08:00:00,0.0,324.8204059538575
2049-01-30 09:00:00,0.0,304.3008372981702
2049-01-30 10:00:00,0.0,261.0787671510844
2049-01-30 11:00:00,0.0,192.0980895426039
2049-01-30 12:00:00,0.0,98.23197760701336
2049-01-30 13:00:00,0.0,9.168317909987914
2049-01-30 14:00:00,0.0,0.0
2049-01-30 15:00:00,0.0,0.0
2049-01-30 16:00:00,0.0,0.0
2049-01-30 17:00:00,0.0,0.0
2049-01-30 18:00:00,0.0,0.0
2049-01-30 19:00:00,0.0,0.0
2049-01-30 20:00:00,0.0,0.0
2049-01-30 21:00:00,0.0,0.0
2049-01-30 22:00:00,0.0,0.0
2049-01-30 23:00:00,0.0,0.0
2049-01-31 00:00:00,0.0,0.0
2049-01-31 01:00:00,0.0,0.0
2049-01-31 02:00:00,0.0,0.0
2049-01-31 03:00:00,0.0,69.85385074276506
2049-01-31 04:00:00,0.0,165.902895514067
2049-01-31 05:00:00,0.0,240.12261192825494
2049-01-31 06:00:00,0.0,289.4568940153327
2049-01-31 07:00:00,0.0,314.778914909585
2049-01-31 08:00:00,0.0,316.5252611781542
2049-01-31 09:00:00,0.0,290.7666537167596
2049-01-31 10:00:00,0.0,244.92506416682002
2049-01-31 11:00:00,0.0,174.19804028977038
2049-01-31 12:00:00,0.0,80.33192835417982
2049-01-31 13:00:00,0.0,5.675625372849661
2049-01-31 14:00:00,0.0,0.0
2049-01-31 15:00:00,0.0,0.0
2049-01-31 16:00:00,0.0,0.0
2049-01-31 17:00:00,0.0,0.0
2049-01-31 18:00:00,0.0,0.0
2049-01-31 19:00:00,0.0,0.0
2049-01-31 20:00:00,0.0,0.0
2049-01-31 21:00:00,0.0,0.0
2049-01-31 22:00:00,0.0,0.0
2049-01-31 23:00:00,0.0,0.0
2049-02-01 00:00:00,0.0,0.0
2049-02-01 01:00:00,0.0,0.0
2049-02-01 02:00:00,0.0,0.0
2049-02-01 03:00:00,0.0,57.629426862781166
2049-02-01 04:00:00,0.0,154.1150582012254
2049-02-01 05:00:00,0.0,231.82746715255155
2049-02-01 06:00:00,0.0,282.03492237391396
2049-02-01 07:00:00,0.0,308.2301164024508
2049-02-01 08:00:00,0.0,311.72280893958913
2049-02-01 09:00:00,0.0,298.6252119253207
2049-02-01 10:00:00,0.0,256.7129014796616
2049-02-01 11:00:00,0.0,187.7322238711811
2049-02-01 12:00:00,0.0,94.30269850273282
2049-02-01 13:00:00,0.0,9.168317909987914
2049-02-01 14:00:00,0.0,0.0
2049-02-01 15:00:00,0.0,0.0
2049-02-01 16:00:00,0.0,0.0
2049-02-01 17:00:00,0.0,0.0
2049-02-01 18:00:00,0.0,0.0
2049-02-01 19:00:00,0.0,0.0
2049-02-01 20:00:00,0.0,0.0
2049-02-01 21:00:00,0.0,0.0
2049-02-01 22:00:00,0.0,0.0
2049-02-01 23:00:00,0.0,0.0
2049-02-02 00:00:00,0.0,0.0
2049-02-02 01:00:00,0.0,0.0
2049-02-02 02:00:00,0.0,0.0
2049-02-02 03:00:00,0.0,75.09288954847243
2049-02-02 04:00:00,0.0,172.01510745405895
2049-02-02 05:00:00,0.0,247.10799700253142
2049-02-02 06:00:00,0.0,299.0617984924629
2049-02-02 07:00:00,0.0,325.2569925209998
2049-02-02 08:00:00,0.0,327.87651192385346
2049-02-02 09:00:00,0.0,307.3569432681663
2049-02-02 10:00:00,0.0,263.6982865539381
2049-02-02 11:00:00,0.0,195.1541955125999
2049-02-02 12:00:00,0.0,101.28808357700933
2049-02-02 13:00:00,0.0,10.47807761141476
2049-02-02 14:00:00,0.0,0.0
2049-02-02 15:00:00,0.0,0.0
2049-02-02 16:00:00,0.0,0.0
2049-02-02 17:00:00,0.0,0.0
2049-02-02 18:00:00,0.0,0.0
2049-02-02 19:00:00,0.0,0.0
2049-02-02 20:00:00,0.0,0.0
2049-02-02 21:00:00,0.0,0.0
2049-02-02 22:00:00,0.0,0.0
2049-02-02 23:00:00,0.0,0.0
2049-02-03 00:00:00,0.0,0.0
2049-02-03 01:00:00,0.0,0.0
2049-02-03 02:00:00,0.0,0.0
2049-02-03 03:00:00,0.0,62.431879101346276
2049-02-03 04:00:00,0.0,167.21265521549384
2049-02-03 05:00:00,0.0,246.67141043538913
2049-02-03 06:00:00,0.0,294.25934625389783
2049-02-03 07:00:00,0.0,320.0179537152924
2049-02-03 08:00:00,0.0,322.63747311814615
2049-02-03 09:00:00,0.0,301.68131789531657
2049-02-03 10:00:00,0.0,254.0933820768079
2049-02-03 11:00:00,0.0,181.18342536404685
2049-02-03 12:00:00,0.0,86.44414029417176
2049-02-03 13:00:00,0.0,8.295144775703351
2049-02-03 14:00:00,0.0,0.0
2049-02-03 15:00:00,0.0,0.0
2049-02-03 16:00:00,0.0,0.0
2049-02-03 17:00:00,0.0,0.0
2049-02-03 18:00:00,0.0,0.0
2049-02-03 19:00:00,0.0,0.0
2049-02-03 20:00:00,0.0,0.0
2049-02-03 21:00:00,0.0,0.0
2049-02-03 22:00:00,0.0,0.0
2049-02-03 23:00:00,0.0,0.0
2049-02-04 00:00:00,0.0,0.0
2049-02-04 01:00:00,0.0,0.0
2049-02-04 02:00:00,0.0,0.0
2049-02-04 03:00:00,0.0,68.98067760848049
2049-02-04 04:00:00,0.0,170.70534775263212
2049-02-04 05:00:00,0.0,244.48847759967774
2049-02-04 06:00:00,0.0,293.38617311961326
2049-02-04 07:00:00,0.0,318.27160744672335
2049-02-04 08:00:00,0.0,320.4545402824347
2049-02-04 09:00:00,0.0,299.0617984924629
2049-02-04 10:00:00,0.0,252.34703580823873
2049-02-04 11:00:00,0.0,182.929771632616
2049-02-04 12:00:00,0.0,94.30269850273282
2049-02-04 13:00:00,0.0,9.604904477130194
2049-02-04 14:00:00,0.0,0.0
2049-02-04 15:00:00,0.0,0.0
2049-02-04 16:00:00,0.0,0.0
2049-02-04 17:00:00,0.0,0.0
2049-02-04 18:00:00,0.0,0.0
2049-02-04 19:00:00,0.0,0.0
2049-02-04 20:00:00,0.0,0.0
2049-02-04 21:00:00,0.0,0.0
2049-02-04 22:00:00,0.0,0.0
2049-02-04 23:00:00,0.0,0.0
2049-02-05 00:00:00,0.0,0.0
2049-02-05 01:00:00,0.0,0.0
2049-02-05 02:00:00,0.0,0.0
2049-02-05 03:00:00,0.0,72.47337014561876
2049-02-05 04:00:00,0.0,170.26876118548984
2049-02-05 05:00:00,0.0,244.92506416682002
2049-02-05 06:00:00,0.0,292.5129999853287
2049-02-05 07:00:00,0.0,316.0886746110119
2049-02-05 08:00:00,0.0,316.5252611781542
2049-02-05 09:00:00,0.0,292.94958655247103
2049-02-05 10:00:00,0.0,244.05189103253545
2049-02-05 11:00:00,0.0,176.3809731254818
2049-02-05 12:00:00,0.0,88.62707312988317
2049-02-05 13:00:00,0.0,8.295144775703351
2049-02-05 14:00:00,0.0,0.0
2049-02-05 15:00:00,0.0,0.0
2049-02-05 16:00:00,0.0,0.0
2049-02-05 17:00:00,0.0,0.0
2049-02-05 18:00:00,0.0,0.0
2049-02-05 19:00:00,0.0,0.0
2049-02-05 20:00:00,0.0,0.0
2049-02-05 21:00:00,0.0,0.0
2049-02-05 22:00:00,0.0,0.0
2049-02-05 23:00:00,0.0,0.0
2049-02-06 00:00:00,0.0,0.0
2049-02-06 01:00:00,0.0,0.0
2049-02-06 02:00:00,0.0,0.0
2049-02-06 03:00:00,0.0,32.74399253567112
2049-02-06 04:00:00,0.0,92.5563522341637
2049-02-06 05:00:00,0.0,151.05895223122943
2049-02-06 06:00:00,0.0,189.47857013975022
2049-02-06 07:00:00,0.0,226.58842834684415
2049-02-06 08:00:00,0.0,245.79823730110454
2049-02-06 09:00:00,0.0,221.78597610827904
2049-02-06 10:00:00,0.0,166.3394820812093
2049-02-06 11:00:00,0.0,102.16125671129389
2049-02-06 12:00:00,0.0,41.47572387851675
2049-02-06 13:00:00,0.0,2.182932835711408
2049-02-06 14:00:00,0.0,0.0
2049-02-06 15:00:00,0.0,0.0
2049-02-06 16:00:00,0.0,0.0
2049-02-06 17:00:00,0.0,0.0
2049-02-06 18:00:00,0.0,0.0
2049-02-06 19:00:00,0.0,0.0
2049-02-06 20:00:00,0.0,0.0
2049-02-06 21:00:00,0.0,0.0
2049-02-06 22:00:00,0.0,0.0
2049-02-06 23:00:00,0.0,0.0
2049-02-07 00:00:00,0.0,0.0
2049-02-07 01:00:00,0.0,0.0
2049-02-07 02:00:00,0.0,0.0
2049-02-07 03:00:00,0.0,56.31966716135433
2049-02-07 04:00:00,0.0,156.7345776040791
2049-02-07 05:00:00,0.0,246.67141043538913
2049-02-07 06:00:00,0.0,297.31545222389383
2049-02-07 07:00:00,0.0,327.00333878956894
2049-02-07 08:00:00,0.0,334.86189699812996
2049-02-07 09:00:00,0.0,313.0325686410159
2049-02-07 10:00:00,0.0,271.9934313296414
2049-02-07 11:00:00,0.0,203.01275372116095
2049-02-07 12:00:00,0.0,107.40029551700128
2049-02-07 13:00:00,0.0,13.097597014268448
2049-02-07 14:00:00,0.0,0.0
2049-02-07 15:00:00,0.0,0.0
2049-02-07 16:00:00,0.0,0.0
2049-02-07 17:00:00,0.0,0.0
2049-02-07 18:00:00,0.0,0.0
2049-02-07 19:00:00,0.0,0.0
2049-02-07 20:00:00,0.0,0.0
2049-02-07 21:00:00,0.0,0.0
2049-02-07 22:00:00,0.0,0.0
2049-02-07 23:00:00,0.0,0.0
2049-02-08 00:00:00,0.0,0.0
2049-02-08 01:00:00,0.0,0.0
2049-02-08 02:00:00,0.0,0.0
2049-02-08 03:00:00,0.0,92.5563522341637
2049-02-08 04:00:00,0.0,192.0980895426039
2049-02-08 05:00:00,0.0,266.3178059567918
2049-02-08 06:00:00,0.0,315.2155014767273
2049-02-08 07:00:00,0.0,340.1009358038374
2049-02-08 08:00:00,0.0,342.2838686395488
2049-02-08 09:00:00,0.0,323.0740596852884
2049-02-08 10:00:00,0.0,280.2885761053448
2049-02-08 11:00:00,0.0,212.18107163114885
2049-02-08 12:00:00,0.0,117.87837312841604
2049-02-08 13:00:00,0.0,17.463462685691265
2049-02-08 14:00:00,0.0,0.0
2049-02-08 15:00:00,0.0,0.0
2049-02-08 16:00:00,0.0,0.0
2049-02-08 17:00:00,0.0,0.0
2049-02-08 18:00:00,0.0,0.0
2049-02-08 19:00:00,0.0,0.0
2049-02-08 20:00:00,0.0,0.0
2049-02-08 21:00:00,0.0,0.0
2049-02-08 22:00:00,0.0,0.0
2049-02-08 23:00:00,0.0,0.0
2049-02-09 00:00:00,0.0,0.0
2049-02-09 01:00:00,0.0,0.0
2049-02-09 02:00:00,0.0,0.4365865671422816
2049-02-09 03:00:00,0.0,103.47101641272074
2049-02-09 04:00:00,0.0,200.39323431830724
2049-02-09 05:00:00,0.0,272.4300178967837
2049-02-09 06:00:00,0.0,319.58136714815015
2049-02-09 07:00:00,0.0,343.5936283409756
2049-02-09 08:00:00,0.0,345.77656117668704
2049-02-09 09:00:00,0.0,325.6935790881421
2049-02-09 10:00:00,0.0,283.3446820753408
2049-02-09 11:00:00,0.0,215.6737641682871
2049-02-09 12:00:00,0.0,121.37106566555431
2049-02-09 13:00:00,0.0,18.773222387118107
2049-02-09 14:00:00,0.0,0.0
2049-02-09 15:00:00,0.0,0.0
2049-02-09 16:00:00,0.0,0.0
2049-02-09 17:00:00,0.0,0.0
2049-02-09 18:00:00,0.0,0.0
2049-02-09 19:00:00,0.0,0.0
2049-02-09 20:00:00,0.0,0.0
2049-02-09 21:00:00,0.0,0.0
2049-02-09 22:00:00,0.0,0.0
2049-02-09 23:00:00,0.0,0.0
2049-02-10 00:00:00,0.0,0.0
2049-02-10 01:00:00,0.0,0.0
2049-02-10 02:00:00,0.0,0.8731731342845632
2049-02-10 03:00:00,0.0,100.41491044272477
2049-02-10 04:00:00,0.0,196.900541781169
2049-02-10 05:00:00,0.0,269.3739119267878
2049-02-10 06:00:00,0.0,307.3569432681663
2049-02-10 07:00:00,0.0,330.93261789384945
2049-02-10 08:00:00,0.0,335.2984835652723
2049-02-10 09:00:00,0.0,319.1447805810078
2049-02-10 10:00:00,0.0,274.1763641653529
2049-02-10 11:00:00,0.0,208.25179252686834
2049-02-10 12:00:00,0.0,115.69544029270462
2049-02-10 13:00:00,0.0,17.463462685691265
2049-02-10 14:00:00,0.0,0.0
2049-02-10 15:00:00,0.0,0.0
2049-02-10 16:00:00,0.0,0.0
2049-02-10 17:00:00,0.0,0.0
2049-02-10 18:00:00,0.0,0.0
2049-02-10 19:00:00,0.0,0.0
2049-02-10 20:00:00,0.0,0.0
2049-02-10 21:00:00,0.0,0.0
2049-02-10 22:00:00,0.0,0.0
2049-02-10 23:00:00,0.0,0.0
2049-02-11 00:00:00,0.0,0.0
2049-02-11 01:00:00,0.0,0.0
2049-02-11 02:00:00,0.0,0.0
2049-02-11 03:00:00,0.0,68.54409104133822
2049-02-11 04:00:00,0.0,144.94674029123752
2049-02-11 05:00:00,0.0,225.7152552125596
2049-02-11 06:00:00,0.0,291.63982685104406
2049-02-11 07:00:00,0.0,322.63747311814615
2049-02-11 08:00:00,0.0,326.56675222242666
2049-02-11 09:00:00,0.0,306.920356701024
2049-02-11 10:00:00,0.0,264.1348731210804
2049-02-11 11:00:00,0.0,198.64688804973815
2049-02-11 12:00:00,0.0,108.71005521842812
2049-02-11 13:00:00,0.0,14.843943282837575
2049-02-11 14:00:00,0.0,0.0
2049-02-11 15:00:00,0.0,0.0
2049-02-11 16:00:00,0.0,0.0
2049-02-11 17:00:00,0.0,0.0
2049-02-11 18:00:00,0.0,0.0
2049-02-11 19:00:00,0.0,0.0
2049-02-11 20:00:00,0.0,0.0
2049-02-11 21:00:00,0.0,0.0
2049-02-11 22:00:00,0.0,0.0
2049-02-11 23:00:00,0.0,0.0
2049-02-12 00:00:00,0.0,0.0
2049-02-12 01:00:00,0.0,0.0
2049-02-12 02:00:00,0.0,0.0
2049-02-12 03:00:00,0.0,80.7685149213221
2049-02-12 04:00:00,0.0,173.7614537226281
2049-02-12 05:00:00,0.0,238.81285222682806
2049-02-12 06:00:00,0.0,282.9080955081985
2049-02-12 07:00:00,0.0,315.2155014767273
2049-02-12 08:00:00,0.0,319.58136714815015
2049-02-12 09:00:00,0.0,289.02030744819047
2049-02-12 10:00:00,0.0,243.17871789825085
2049-02-12 11:00:00,0.0,177.25414625976634
2049-02-12 12:00:00,0.0,82.51486118989122
2049-02-12 13:00:00,0.0,6.985385074276506
2049-02-12 14:00:00,0.0,0.0
2049-02-12 15:00:00,0.0,0.0
2049-02-12 16:00:00,0.0,0.0
2049-02-12 17:00:00,0.0,0.0
2049-02-12 18:00:00,0.0,0.0
2049-02-12 19:00:00,0.0,0.0
2049-02-12 20:00:00,0.0,0.0
2049-02-12 21:00:00,0.0,0.0
2049-02-12 22:00:00,0.0,0.0
2049-02-12 23:00:00,0.0,0.0
2049-02-13 00:00:00,0.0,0.0
2049-02-13 01:00:00,0.0,0.0
2049-02-13 02:00:00,0.0,0.0
2049-02-13 03:00:00,0.0,61.99529253420398
2049-02-13 04:00:00,0.0,160.22727014121736
2049-02-13 05:00:00,0.0,239.6860253611126
2049-02-13 06:00:00,0.0,296.8788656567515
2049-02-13 07:00:00,0.0,321.3277134167193
2049-02-13 08:00:00,0.0,322.63747311814615
2049-02-13 09:00:00,0.0,303.864250731028
2049-02-13 10:00:00,0.0,259.7690074496576
2049-02-13 11:00:00,0.0,190.3517432740348
2049-02-13 12:00:00,0.0,97.79539103987109
2049-02-13 13:00:00,0.0,11.787837312841603
2049-02-13 14:00:00,0.0,0.0
2049-02-13 15:00:00,0.0,0.0
2049-02-13 16:00:00,0.0,0.0
2049-02-13 17:00:00,0.0,0.0
2049-02-13 18:00:00,0.0,0.0
2049-02-13 19:00:00,0.0,0.0
2049-02-13 20:00:00,0.0,0.0
2049-02-13 21:00:00,0.0,0.0
2049-02-13 22:00:00,0.0,0.0
2049-02-13 23:00:00,0.0,0.0
2049-02-14 00:00:00,0.0,0.0
2049-02-14 01:00:00,0.0,0.0
2049-02-14 02:00:00,0.0,0.8731731342845632
2049-02-14 03:00:00,0.0,93.42952536844827
2049-02-14 04:00:00,0.0,194.28102237831533
2049-02-14 05:00:00,0.0,268.0641522253609
2049-02-14 06:00:00,0.0,312.59598207387364
2049-02-14 07:00:00,0.0,337.4814164009837
2049-02-14 08:00:00,0.0,339.6643492366951
2049-02-14 09:00:00,0.0,319.1447805810078
2049-02-14 10:00:00,0.0,275.04953729963745
2049-02-14 11:00:00,0.0,206.06885969115694
2049-02-14 12:00:00,0.0,111.32957462128182
2049-02-14 13:00:00,0.0,16.15370298426442
2049-02-14 14:00:00,0.0,0.0
2049-02-14 15:00:00,0.0,0.0
2049-02-14 16:00:00,0.0,0.0
2049-02-14 17:00:00,0.0,0.0
2049-02-14 18:00:00,0.0,0.0
2049-02-14 19:00:00,0.0,0.0
2049-02-14 20:00:00,0.0,0.0
2049-02-14 21:00:00,0.0,0.0
2049-02-14 22:00:00,0.0,0.0
2049-02-14 23:00:00,0.0,0.0
2049-02-15 00:00:00,0.0,0.0
2049-02-15 01:00:00,0.0,0.0
2049-02-15 02:00:00,0.0,0.8731731342845632
2049-02-15 03:00:00,0.0,90.37341939845228
2049-02-15 04:00:00,0.0,188.60539700546565
2049-02-15 05:00:00,0.0,262.8251134196535
2049-02-15 06:00:00,0.0,311.2862223724468
2049-02-15 07:00:00,0.0,335.7350701324146
2049-02-15 08:00:00,0.0,337.918002968126
2049-02-15 09:00:00,0.0,318.27160744672335
2049-02-15 10:00:00,0.0,275.92271043392196
2049-02-15 11:00:00,0.0,209.12496566115288
2049-02-15 12:00:00,0.0,117.00519999413147
2049-02-15 13:00:00,0.0,18.773222387118107
2049-02-15 14:00:00,0.0,0.0
2049-02-15 15:00:00,0.0,0.0
2049-02-15 16:00:00,0.0,0.0
2049-02-15 17:00:00,0.0,0.0
2049-02-15 18:00:00,0.0,0.0
2049-02-15 19:00:00,0.0,0.0
2049-02-15 20:00:00,0.0,0.0
2049-02-15 21:00:00,0.0,0.0
2049-02-15 22:00:00,0.0,0.0
2049-02-15 23:00:00,0.0,0.0
2049-02-16 00:00:00,0.0,0.0
2049-02-16 01:00:00,0.0,0.0
2049-02-16 02:00:00,0.0,1.7463462685691264
2049-02-16 03:00:00,0.0,99.97832387558248
2049-02-16 04:00:00,0.0,196.900541781169
2049-02-16 05:00:00,0.0,269.81049849393
2049-02-16 06:00:00,0.0,316.0886746110119
2049-02-16 07:00:00,0.0,340.1009358038374
2049-02-16 08:00:00,0.0,341.8472820724065
2049-02-16 09:00:00,0.0,322.2008865510038
2049-02-16 10:00:00,0.0,280.2885761053448
2049-02-16 11:00:00,0.0,214.36400446686028
2049-02-16 12:00:00,0.0,122.24423879983884
2049-02-16 13:00:00,0.0,21.3927417899718
2049-02-16 14:00:00,0.0,0.0
2049-02-16 15:00:00,0.0,0.0
2049-02-16 16:00:00,0.0,0.0
2049-02-16 17:00:00,0.0,0.0
2049-02-16 18:00:00,0.0,0.0
2049-02-16 19:00:00,0.0,0.0
2049-02-16 20:00:00,0.0,0.0
2049-02-16 21:00:00,0.0,0.0
2049-02-16 22:00:00,0.0,0.0
2049-02-16 23:00:00,0.0,0.0
2049-02-17 00:00:00,0.0,0.0
2049-02-17 01:00:00,0.0,0.0
2049-02-17 02:00:00,0.0,1.309759701426845
2049-02-17 03:00:00,0.0,90.81000596559457
2049-02-17 04:00:00,0.0,196.02736864688444
2049-02-17 05:00:00,0.0,268.50073879250317
2049-02-17 06:00:00,0.0,314.778914909585
2049-02-17 07:00:00,0.0,337.4814164009837
2049-02-17 08:00:00,0.0,338.79117610241053
2049-02-17 09:00:00,0.0,317.835020879581
2049-02-17 10:00:00,0.0,275.92271043392196
2049-02-17 11:00:00,0.0,209.56155222829517
2049-02-17 12:00:00,0.0,117.44178656127376
2049-02-17 13:00:00,0.0,19.646395521402674
2049-02-17 14:00:00,0.0,0.0
2049-02-17 15:00:00,0.0,0.0
2049-02-17 16:00:00,0.0,0.0
2049-02-17 17:00:00,0.0,0.0
2049-02-17 18:00:00,0.0,0.0
2049-02-17 19:00:00,0.0,0.0
2049-02-17 20:00:00,0.0,0.0
2049-02-17 21:00:00,0.0,0.0
2049-02-17 22:00:00,0.0,0.0
2049-02-17 23:00:00,0.0,0.0
2049-02-18 00:00:00,0.0,0.0
2049-02-18 01:00:00,0.0,0.0
2049-02-18 02:00:00,0.0,0.4365865671422816
2049-02-18 03:00:00,0.0,67.23433133991138
2049-02-18 04:00:00,0.0,156.7345776040791
2049-02-18 05:00:00,0.0,248.85434327110053
2049-02-18 06:00:00,0.0,303.864250731028
2049-02-18 07:00:00,0.0,327.4399253567112
2049-02-18 08:00:00,0.0,328.749685058138
2049-02-18 09:00:00,0.0,307.79352983530856
2049-02-18 10:00:00,0.0,263.6982865539381
2049-02-18 11:00:00,0.0,194.7176089454576
2049-02-18 12:00:00,0.0,102.16125671129389
2049-02-18 13:00:00,0.0,13.970770148553012
2049-02-18 14:00:00,0.0,0.0
2049-02-18 15:00:00,0.0,0.0
2049-02-18 16:00:00,0.0,0.0
2049-02-18 17:00:00,0.0,0.0
2049-02-18 18:00:00,0.0,0.0
2049-02-18 19:00:00,0.0,0.0
2049-02-18 20:00:00,0.0,0.0
2049-02-18 21:00:00,0.0,0.0
2049-02-18 22:00:00,0.0,0.0
2049-02-18 23:00:00,0.0,0.0
2049-02-19 00:00:00,0.0,0.0
2049-02-19 01:00:00,0.0,0.0
2049-02-19 02:00:00,0.0,0.4365865671422816
2049-02-19 03:00:00,0.0,73.34654327990332
2049-02-19 04:00:00,0.0,169.83217461834755
2049-02-19 05:00:00,0.0,243.61530446539317
2049-02-19 06:00:00,0.0,296.005692522467
2049-02-19 07:00:00,0.0,320.4545402824347
2049-02-19 08:00:00,0.0,323.0740596852884
2049-02-19 09:00:00,0.0,305.61059699959713
2049-02-19 10:00:00,0.0,263.2616999867958
2049-02-19 11:00:00,0.0,196.46395521402673
2049-02-19 12:00:00,0.0,104.78077611414759
2049-02-19 13:00:00,0.0,14.407356715695292
2049-02-19 14:00:00,0.0,0.0
2049-02-19 15:00:00,0.0,0.0
2049-02-19 16:00:00,0.0,0.0
2049-02-19 17:00:00,0.0,0.0
2049-02-19 18:00:00,0.0,0.0
2049-02-19 19:00:00,0.0,0.0
2049-02-19 20:00:00,0.0,0.0
2049-02-19 21:00:00,0.0,0.0
2049-02-19 22:00:00,0.0,0.0
2049-02-19 23:00:00,0.0,0.0
2049-02-20 00:00:00,0.0,0.0
2049-02-20 01:00:00,0.0,0.0
2049-02-20 02:00:00,0.0,0.4365865671422816
2049-02-20 03:00:00,0.0,69.85385074276506
2049-02-20 04:00:00,0.0,163.7199626783556
2049-02-20 05:00:00,0.0,238.37626565968577
2049-02-20 06:00:00,0.0,288.1471343139059
2049-02-20 07:00:00,0.0,311.2862223724468
2049-02-20 08:00:00,0.0,311.2862223724468
2049-02-20 09:00:00,0.0,287.7105477467636
2049-02-20 10:00:00,0.0,240.55919849539717
2049-02-20 11:00:00,0.0,169.39558805120527
2049-02-20 12:00:00,0.0,81.64168805560666
2049-02-20 13:00:00,0.0,10.041491044272478
2049-02-20 14:00:00,0.0,0.0
2049-02-20 15:00:00,0.0,0.0
2049-02-20 16:00:00,0.0,0.0
2049-02-20 17:00:00,0.0,0.0
2049-02-20 18:00:00,0.0,0.0
2049-02-20 19:00:00,0.0,0.0
2049-02-20 20:00:00,0.0,0.0
2049-02-20 21:00:00,0.0,0.0
2049-02-20 22:00:00,0.0,0.0
2049-02-20 23:00:00,0.0,0.0
2049-02-21 00:00:00,0.0,0.0
2049-02-21 01:00:00,0.0,0.0
2049-02-21 02:00:00,0.0,0.8731731342845632
2049-02-21 03:00:00,0.0,76.83923581704155
2049-02-21 04:00:00,0.0,175.94438655833952
2049-02-21 05:00:00,0.0,252.34703580823873
2049-02-21 06:00:00,0.0,296.4422790896092
2049-02-21 07:00:00,0.0,321.7642999838616
2049-02-21 08:00:00,0.0,323.94723281957295
2049-02-21 09:00:00,0.0,304.3008372981702
2049-02-21 10:00:00,0.0,260.64218058394215
2049-02-21 11:00:00,0.0,191.66150297546164
2049-02-21 12:00:00,0.0,99.97832387558248
2049-02-21 13:00:00,0.0,14.407356715695292
2049-02-21 14:00:00,0.0,0.0
2049-02-21 15:00:00,0.0,0.0
2049-02-21 16:00:00,0.0,0.0
2049-02-21 17:00:00,0.0,0.0
2049-02-21 18:00:00,0.0,0.0
2049-02-21 19:00:00,0.0,0.0
2049-02-21 20:00:00,0.0,0.0
2049-02-21 21:00:00,0.0,0.0
2049-02-21 22:00:00,0.0,0.0
2049-02-21 23:00:00,0.0,0.0
2049-02-22 00:00:00,0.0,0.0
2049-02-22 01:00:00,0.0,0.0
2049-02-22 02:00:00,0.0,1.309759701426845
2049-02-22 03:00:00,0.0,81.20510148846438
2049-02-22 04:00:00,0.0,178.1273193940509
2049-02-22 05:00:00,0.0,251.47386267395422
2049-02-22 06:00:00,0.0,298.6252119253207
2049-02-22 07:00:00,0.0,301.2447313281743
2049-02-22 08:00:00,0.0,309.97646267101993
2049-02-22 09:00:00,0.0,306.48377013388165
2049-02-22 10:00:00,0.0,257.14948804680387
2049-02-22 11:00:00,0.0,191.66150297546164
2049-02-22 12:00:00,0.0,104.3441895470053
2049-02-22 13:00:00,0.0,15.717116417122138
2049-02-22 14:00:00,0.0,0.0
2049-02-22 15:00:00,0.0,0.0
2049-02-22 16:00:00,0.0,0.0
2049-02-22 17:00:00,0.0,0.0
2049-02-22 18:00:00,0.0,0.0
2049-02-22 19:00:00,0.0,0.0
2049-02-22 20:00:00,0.0,0.0
2049-02-22 21:00:00,0.0,0.0
2049-02-22 22:00:00,0.0,0.0
2049-02-22 23:00:00,0.0,0.0
2049-02-23 00:00:00,0.0,0.0
2049-02-23 01:00:00,0.0,0.0
2049-02-23 02:00:00,0.0,0.4365865671422816
2049-02-23 03:00:00,0.0,61.99529253420398
2049-02-23 04:00:00,0.0,161.1004432755019
2049-02-23 05:00:00,0.0,250.16410297252733
2049-02-23 06:00:00,0.0,307.3569432681663
2049-02-23 07:00:00,0.0,332.6789641624186
2049-02-23 08:00:00,0.0,335.2984835652723
2049-02-23 09:00:00,0.0,315.2155014767273
2049-02-23 10:00:00,0.0,268.0641522253609
2049-02-23 11:00:00,0.0,195.59078207974218
2049-02-23 12:00:00,0.0,90.37341939845228
2049-02-23 13:00:00,0.0,12.224423879983885
2049-02-23 14:00:00,0.0,0.0
2049-02-23 15:00:00,0.0,0.0
2049-02-23 16:00:00,0.0,0.0
2049-02-23 17:00:00,0.0,0.0
2049-02-23 18:00:00,0.0,0.0
2049-02-23 19:00:00,0.0,0.0
2049-02-23 20:00:00,0.0,0.0
2049-02-23 21:00:00,0.0,0.0
2049-02-23 22:00:00,0.0,0.0
2049-02-23 23:00:00,0.0,0.0
2049-02-24 00:00:00,0.0,0.0
2049-02-24 01:00:00,0.0,0.0
2049-02-24 02:00:00,0.0,1.7463462685691264
2049-02-24 03:00:00,0.0,83.38803432417579
2049-02-24 04:00:00,0.0,182.929771632616
2049-02-24 05:00:00,0.0,259.3324208825153
2049-02-24 06:00:00,0.0,307.79352983530856
2049-02-24 07:00:00,0.0,331.805791028134
2049-02-24 08:00:00,0.0,333.9887238638454
2049-02-24 09:00:00,0.0,314.3423283424428
2049-02-24 10:00:00,0.0,272.4300178967837
2049-02-24 11:00:00,0.0,206.06885969115694
2049-02-24 12:00:00,0.0,115.25885372556233
2049-02-24 13:00:00,0.0,20.082982088544956
2049-02-24 14:00:00,0.0,0.0
2049-02-24 15:00:00,0.0,0.0
2049-02-24 16:00:00,0.0,0.0
2049-02-24 17:00:00,0.0,0.0
2049-02-24 18:00:00,0.0,0.0
2049-02-24 19:00:00,0.0,0.0
2049-02-24 20:00:00,0.0,0.0
2049-02-24 21:00:00,0.0,0.0
2049-02-24 22:00:00,0.0,0.0
2049-02-24 23:00:00,0.0,0.0
2049-02-25 00:00:00,0.0,0.0
2049-02-25 01:00:00,0.0,0.0
2049-02-25 02:00:00,0.0,2.61951940285369
2049-02-25 03:00:00,0.0,89.06365969702544
2049-02-25 04:00:00,0.0,184.6761179011851
2049-02-25 05:00:00,0.0,257.14948804680387
2049-02-25 06:00:00,0.0,304.73742386531256
2049-02-25 07:00:00,0.0,327.00333878956894
2049-02-25 08:00:00,0.0,328.749685058138
2049-02-25 09:00:00,0.0,306.920356701024
2049-02-25 10:00:00,0.0,256.7129014796616
2049-02-25 11:00:00,0.0,174.19804028977038
2049-02-25 12:00:00,0.0,104.3441895470053
2049-02-25 13:00:00,0.0,20.082982088544956
2049-02-25 14:00:00,0.0,0.0
2049-02-25 15:00:00,0.0,0.0
2049-02-25 16:00:00,0.0,0.0
2049-02-25 17:00:00,0.0,0.0
2049-02-25 18:00:00,0.0,0.0
2049-02-25 19:00:00,0.0,0.0
2049-02-25 20:00:00,0.0,0.0
2049-02-25 21:00:00,0.0,0.0
2049-02-25 22:00:00,0.0,0.0
2049-02-25 23:00:00,0.0,0.0
2049-02-26 00:00:00,0.0,0.0
2049-02-26 01:00:00,0.0,0.0
2049-02-26 02:00:00,0.0,1.309759701426845
2049-02-26 03:00:00,0.0,70.29043730990735
2049-02-26 04:00:00,0.0,168.959001484063
2049-02-26 05:00:00,0.0,248.41775670395825
2049-02-26 06:00:00,0.0,300.3715581938897
2049-02-26 07:00:00,0.0,327.00333878956894
2049-02-26 08:00:00,0.0,330.0594447595649
2049-02-26 09:00:00,0.0,304.73742386531256
2049-02-26 10:00:00,0.0,260.64218058394215
2049-02-26 11:00:00,0.0,194.7176089454576
2049-02-26 12:00:00,0.0,106.963708949859
2049-02-26 13:00:00,0.0,18.773222387118107
2049-02-26 14:00:00,0.0,0.0
2049-02-26 15:00:00,0.0,0.0
2049-02-26 16:00:00,0.0,0.0
2049-02-26 17:00:00,0.0,0.0
2049-02-26 18:00:00,0.0,0.0
2049-02-26 19:00:00,0.0,0.0
2049-02-26 20:00:00,0.0,0.0
2049-02-26 21:00:00,0.0,0.0
2049-02-26 22:00:00,0.0,0.0
2049-02-26 23:00:00,0.0,0.0
2049-02-27 00:00:00,0.0,0.0
2049-02-27 01:00:00,0.0,0.0
2049-02-27 02:00:00,0.0,3.0561059699959716
2049-02-27 03:00:00,0.0,91.68317909987914
2049-02-27 04:00:00,0.0,191.66150297546164
2049-02-27 05:00:00,0.0,265.8812193896495
2049-02-27 06:00:00,0.0,312.59598207387364
2049-02-27 07:00:00,0.0,334.4253104309877
2049-02-27 08:00:00,0.0,333.55213729670317
2049-02-27 09:00:00,0.0,311.2862223724468
2049-02-27 10:00:00,0.0,265.8812193896495
2049-02-27 11:00:00,0.0,196.900541781169
2049-02-27 12:00:00,0.0,106.52712238271671
2049-02-27 13:00:00,0.0,18.33663581997583
2049-02-27 14:00:00,0.0,0.0
2049-02-27 15:00:00,0.0,0.0
2049-02-27 16:00:00,0.0,0.0
2049-02-27 17:00:00,0.0,0.0
2049-02-27 18:00:00,0.0,0.0
2049-02-27 19:00:00,0.0,0.0
2049-02-27 20:00:00,0.0,0.0
2049-02-27 21:00:00,0.0,0.0
2049-02-27 22:00:00,0.0,0.0
2049-02-27 23:00:00,0.0,0.0
2049-02-28 00:00:00,0.0,0.0
2049-02-28 01:00:00,0.0,0.0
2049-02-28 02:00:00,0.0,3.0561059699959716
2049-02-28 03:00:00,0.0,84.69779402560263
2049-02-28 04:00:00,0.0,180.31025222976228
2049-02-28 05:00:00,0.0,254.0933820768079
2049-02-28 06:00:00,0.0,300.80814476103205
2049-02-28 07:00:00,0.0,325.2569925209998
2049-02-28 08:00:00,0.0,327.4399253567112
2049-02-28 09:00:00,0.0,306.920356701024
2049-02-28 10:00:00,0.0,263.6982865539381
2049-02-28 11:00:00,0.0,196.02736864688444
2049-02-28 12:00:00,0.0,106.09053581557443
2049-02-28 13:00:00,0.0,17.900049252833547
2049-02-28 14:00:00,0.0,0.0
2049-02-28 15:00:00,0.0,0.0
2049-02-28 16:00:00,0.0,0.0
2049-02-28 17:00:00,0.0,0.0
2049-02-28 18:00:00,0.0,0.0
2049-02-28 19:00:00,0.0,0.0
2049-02-28 20:00:00,0.0,0.0
2049-02-28 21:00:00,0.0,0.0
2049-02-28 22:00:00,0.0,0.0
2049-02-28 23:00:00,0.0,0.0
2049-03-01 00:00:00,0.0,0.0
2049-03-01 01:00:00,0.0,0.0
2049-03-01 02:00:00,0.0,3.0561059699959716
2049-03-01 03:00:00,0.0,84.26120745846036
2049-03-01 04:00:00,0.0,178.56390596119317
2049-03-01 05:00:00,0.0,251.9104492410965
2049-03-01 06:00:00,0.0,299.49838505960525
2049-03-01 07:00:00,0.0,323.51064625243066
2049-03-01 08:00:00,0.0,325.2569925209998
2049-03-01 09:00:00,0.0,302.9910775967435
2049-03-01 10:00:00,0.0,259.7690074496576
2049-03-01 11:00:00,0.0,191.66150297546164
2049-03-01 12:00:00,0.0,101.28808357700933
2049-03-01 13:00:00,0.0,15.717116417122138
2049-03-01 14:00:00,0.0,0.0
2049-03-01 15:00:00,0.0,0.0
2049-03-01 16:00:00,0.0,0.0
2049-03-01 17:00:00,0.0,0.0
2049-03-01 18:00:00,0.0,0.0
2049-03-01 19:00:00,0.0,0.0
2049-03-01 20:00:00,0.0,0.0
2049-03-01 21:00:00,0.0,0.0
2049-03-01 22:00:00,0.0,0.0
2049-03-01 23:00:00,0.0,0.0
2049-03-02 00:00:00,0.0,0.0
2049-03-02 01:00:00,0.0,0.0
2049-03-02 02:00:00,0.0,0.8731731342845632
2049-03-02 03:00:00,0.0,51.517214922789236
2049-03-02 04:00:00,0.0,133.1589029783959
2049-03-02 05:00:00,0.0,206.9420328254415
2049-03-02 06:00:00,0.0,258.895834315373
2049-03-02 07:00:00,0.0,284.2178552096254
2049-03-02 08:00:00,0.0,287.27396117962127
2049-03-02 09:00:00,0.0,261.95194028536895
2049-03-02 10:00:00,0.0,212.61765819829114
2049-03-02 11:00:00,0.0,143.63698058981063
2049-03-02 12:00:00,0.0,68.54409104133822
2049-03-02 13:00:00,0.0,9.604904477130194
2049-03-02 14:00:00,0.0,0.0
2049-03-02 15:00:00,0.0,0.0
2049-03-02 16:00:00,0.0,0.0
2049-03-02 17:00:00,0.0,0.0
2049-03-02 18:00:00,0.0,0.0
2049-03-02 19:00:00,0.0,0.0
2049-03-02 20:00:00,0.0,0.0
2049-03-02 21:00:00,0.0,0.0
2049-03-02 22:00:00,0.0,0.0
2049-03-02 23:00:00,0.0,0.0
2049-03-03 00:00:00,0.0,0.0
2049-03-03 01:00:00,0.0,0.0
2049-03-03 02:00:00,0.0,3.0561059699959716
2049-03-03 03:00:00,0.0,79.02216865275297
2049-03-03 04:00:00,0.0,176.3809731254818
2049-03-03 05:00:00,0.0,253.6567955096656
2049-03-03 06:00:00,0.0,306.920356701024
2049-03-03 07:00:00,0.0,330.0594447595649
2049-03-03 08:00:00,0.0,330.0594447595649
2049-03-03 09:00:00,0.0,315.2155014767273
2049-03-03 10:00:00,0.0,270.2470850610723
2049-03-03 11:00:00,0.0,200.82982088544955
2049-03-03 12:00:00,0.0,108.71005521842812
2049-03-03 13:00:00,0.0,18.773222387118107
2049-03-03 14:00:00,0.0,0.0
2049-03-03 15:00:00,0.0,0.0
2049-03-03 16:00:00,0.0,0.0
2049-03-03 17:00:00,0.0,0.0
2049-03-03 18:00:00,0.0,0.0
2049-03-03 19:00:00,0.0,0.0
2049-03-03 20:00:00,0.0,0.0
2049-03-03 21:00:00,0.0,0.0
2049-03-03 22:00:00,0.0,0.0
2049-03-03 23:00:00,0.0,0.0
2049-03-04 00:00:00,0.0,0.0
2049-03-04 01:00:00,0.0,0.0
2049-03-04 02:00:00,0.0,2.61951940285369
2049-03-04 03:00:00,0.0,74.65630298133017
2049-03-04 04:00:00,0.0,171.1419343197744
2049-03-04 05:00:00,0.0,248.85434327110053
2049-03-04 06:00:00,0.0,280.72516267248704
2049-03-04 07:00:00,0.0,305.17401043245485
2049-03-04 08:00:00,0.0,306.04718356673936
2049-03-04 09:00:00,0.0,285.5276149110522
2049-03-04 10:00:00,0.0,240.55919849539717
2049-03-04 11:00:00,0.0,173.3248671554858
2049-03-04 12:00:00,0.0,89.93683283131001
2049-03-04 13:00:00,0.0,14.843943282837575
2049-03-04 14:00:00,0.0,0.0
2049-03-04 15:00:00,0.0,0.0
2049-03-04 16:00:00,0.0,0.0
2049-03-04 17:00:00,0.0,0.0
2049-03-04 18:00:00,0.0,0.0
2049-03-04 19:00:00,0.0,0.0
2049-03-04 20:00:00,0.0,0.0
2049-03-04 21:00:00,0.0,0.0
2049-03-04 22:00:00,0.0,0.0
2049-03-04 23:00:00,0.0,0.0
2049-03-05 00:00:00,0.0,0.0
2049-03-05 01:00:00,0.0,0.0
2049-03-05 02:00:00,0.0,3.492692537138253
2049-03-05 03:00:00,0.0,85.5709671598872
2049-03-05 04:00:00,0.0,183.80294476690057
2049-03-05 05:00:00,0.0,258.895834315373
2049-03-05 06:00:00,0.0,307.3569432681663
2049-03-05 07:00:00,0.0,331.3692044609918
2049-03-05 08:00:00,0.0,332.6789641624186
2049-03-05 09:00:00,0.0,313.4691552081582
2049-03-05 10:00:00,0.0,268.9373253596455
2049-03-05 11:00:00,0.0,199.52006118402272
2049-03-05 12:00:00,0.0,107.83688208414355
2049-03-05 13:00:00,0.0,19.20980895426039
2049-03-05 14:00:00,0.0,0.0
2049-03-05 15:00:00,0.0,0.0
2049-03-05 16:00:00,0.0,0.0
2049-03-05 17:00:00,0.0,0.0
2049-03-05 18:00:00,0.0,0.0
2049-03-05 19:00:00,0.0,0.0
2049-03-05 20:00:00,0.0,0.0
2049-03-05 21:00:00,0.0,0.0
2049-03-05 22:00:00,0.0,0.0
2049-03-05 23:00:00,0.0,0.0
2049-03-06 00:00:00,0.0,0.0
2049-03-06 01:00:00,0.0,0.0
2049-03-06 02:00:00,0.0,4.365865671422816
2049-03-06 03:00:00,0.0,87.75389999559862
2049-03-06 04:00:00,0.0,183.80294476690057
2049-03-06 05:00:00,0.0,256.27631491251935
2049-03-06 06:00:00,0.0,308.2301164024508
2049-03-06 07:00:00,0.0,331.805791028134
2049-03-06 08:00:00,0.0,333.1155507295609
2049-03-06 09:00:00,0.0,312.15939550673136
2049-03-06 10:00:00,0.0,268.0641522253609
2049-03-06 11:00:00,0.0,199.95664775116495
2049-03-06 12:00:00,0.0,110.01981491985497
2049-03-06 13:00:00,0.0,20.519568655687237
2049-03-06 14:00:00,0.0,0.0
2049-03-06 15:00:00,0.0,0.0
2049-03-06 16:00:00,0.0,0.0
2049-03-06 17:00:00,0.0,0.0
2049-03-06 18:00:00,0.0,0.0
2049-03-06 19:00:00,0.0,0.0
2049-03-06 20:00:00,0.0,0.0
2049-03-06 21:00:00,0.0,0.0
2049-03-06 22:00:00,0.0,0.0
2049-03-06 23:00:00,0.0,0.0
2049-03-07 00:00:00,0.0,0.0
2049-03-07 01:00:00,0.0,0.0
2049-03-07 02:00:00,0.0,3.492692537138253
2049-03-07 03:00:00,0.0,75.09288954847243
2049-03-07 04:00:00,0.0,166.77606864835158
2049-03-07 05:00:00,0.0,239.6860253611126
2049-03-07 06:00:00,0.0,285.96420147819447
2049-03-07 07:00:00,0.0,297.31545222389383
2049-03-07 08:00:00,0.0,290.33006714961726
2049-03-07 09:00:00,0.0,263.6982865539381
2049-03-07 10:00:00,0.0,200.82982088544955
2049-03-07 11:00:00,0.0,115.69544029270462
2049-03-07 12:00:00,0.0,45.84158954993957
2049-03-07 13:00:00,0.0,6.985385074276506
2049-03-07 14:00:00,0.0,0.0
2049-03-07 15:00:00,0.0,0.0
2049-03-07 16:00:00,0.0,0.0
2049-03-07 17:00:00,0.0,0.0
2049-03-07 18:00:00,0.0,0.0
2049-03-07 19:00:00,0.0,0.0
2049-03-07 20:00:00,0.0,0.0
2049-03-07 21:00:00,0.0,0.0
2049-03-07 22:00:00,0.0,0.0
2049-03-07 23:00:00,0.0,0.0
2049-03-08 00:00:00,0.0,0.0
2049-03-08 01:00:00,0.0,0.0
2049-03-08 02:00:00,0.0,3.9292791042805346
2049-03-08 03:00:00,0.0,76.83923581704155
2049-03-08 04:00:00,0.0,162.84678954407104
2049-03-08 05:00:00,0.0,215.6737641682871
2049-03-08 06:00:00,0.0,234.88357312254752
2049-03-08 07:00:00,0.0,257.58607461394615
2049-03-08 08:00:00,0.0,252.78362237538104
2049-03-08 09:00:00,0.0,217.85669700399853
2049-03-08 10:00:00,0.0,183.36635819975828
2049-03-08 11:00:00,0.0,132.72231641125362
2049-03-08 12:00:00,0.0,61.5587059670617
2049-03-08 13:00:00,0.0,9.604904477130194
2049-03-08 14:00:00,0.0,0.0
2049-03-08 15:00:00,0.0,0.0
2049-03-08 16:00:00,0.0,0.0
2049-03-08 17:00:00,0.0,0.0
2049-03-08 18:00:00,0.0,0.0
2049-03-08 19:00:00,0.0,0.0
2049-03-08 20:00:00,0.0,0.0
2049-03-08 21:00:00,0.0,0.0
2049-03-08 22:00:00,0.0,0.0
2049-03-08 23:00:00,0.0,0.0
2049-03-09 00:00:00,0.0,0.0
2049-03-09 01:00:00,0.0,0.0
2049-03-09 02:00:00,0.0,3.0561059699959716
2049-03-09 03:00:00,0.0,57.629426862781166
2049-03-09 04:00:00,0.0,121.80765223269658
2049-03-09 05:00:00,0.0,190.78832984117707
2049-03-09 06:00:00,0.0,251.9104492410965
2049-03-09 07:00:00,0.0,268.0641522253609
2049-03-09 08:00:00,0.0,246.67141043538913
2049-03-09 09:00:00,0.0,223.09573580970593
2049-03-09 10:00:00,0.0,179.00049252833546
2049-03-09 11:00:00,0.0,126.17351790411936
2049-03-09 12:00:00,0.0,67.67091790705365
2049-03-09 13:00:00,0.0,13.097597014268448
2049-03-09 14:00:00,0.0,0.0
2049-03-09 15:00:00,0.0,0.0
2049-03-09 16:00:00,0.0,0.0
2049-03-09 17:00:00,0.0,0.0
2049-03-09 18:00:00,0.0,0.0
2049-03-09 19:00:00,0.0,0.0
2049-03-09 20:00:00,0.0,0.0
2049-03-09 21:00:00,0.0,0.0
2049-03-09 22:00:00,0.0,0.0
2049-03-09 23:00:00,0.0,0.0
2049-03-10 00:00:00,0.0,0.0
2049-03-10 01:00:00,0.0,0.0
2049-03-10 02:00:00,0.0,6.112211939991943
2049-03-10 03:00:00,0.0,93.42952536844827
2049-03-10 04:00:00,0.0,190.3517432740348
2049-03-10 05:00:00,0.0,265.00804625536495
2049-03-10 06:00:00,0.0,314.3423283424428
2049-03-10 07:00:00,0.0,338.35458953526825
2049-03-10 08:00:00,0.0,340.1009358038374
2049-03-10 09:00:00,0.0,320.891126849577
2049-03-10 10:00:00,0.0,278.1056432696334
2049-03-10 11:00:00,0.0,211.3078984968643
2049-03-10 12:00:00,0.0,120.934479098412
2049-03-10 13:00:00,0.0,26.195194028536896
2049-03-10 14:00:00,0.0,0.0
2049-03-10 15:00:00,0.0,0.0
2049-03-10 16:00:00,0.0,0.0
2049-03-10 17:00:00,0.0,0.0
2049-03-10 18:00:00,0.0,0.0
2049-03-10 19:00:00,0.0,0.0
2049-03-10 20:00:00,0.0,0.0
2049-03-10 21:00:00,0.0,0.0
2049-03-10 22:00:00,0.0,0.0
2049-03-10 23:00:00,0.0,0.0
2049-03-11 00:00:00,0.0,0.0
2049-03-11 01:00:00,0.0,0.0
2049-03-11 02:00:00,0.0,7.858558208561069
2049-03-11 03:00:00,0.0,106.52712238271671
2049-03-11 04:00:00,0.0,205.63227312401466
2049-03-11 05:00:00,0.0,278.5422298367757
2049-03-11 06:00:00,0.0,329.18627162528037
2049-03-11 07:00:00,0.0,353.19853281810583
2049-03-11 08:00:00,0.0,354.5082925195327
2049-03-11 09:00:00,0.0,335.2984835652723
2049-03-11 10:00:00,0.0,292.94958655247103
2049-03-11 11:00:00,0.0,223.53232237684819
2049-03-11 12:00:00,0.0,123.99058506840797
2049-03-11 13:00:00,0.0,24.012261192825488
2049-03-11 14:00:00,0.0,0.0
2049-03-11 15:00:00,0.0,0.0
2049-03-11 16:00:00,0.0,0.0
2049-03-11 17:00:00,0.0,0.0
2049-03-11 18:00:00,0.0,0.0
2049-03-11 19:00:00,0.0,0.0
2049-03-11 20:00:00,0.0,0.0
2049-03-11 21:00:00,0.0,0.0
2049-03-11 22:00:00,0.0,0.0
2049-03-11 23:00:00,0.0,0.0
2049-03-12 00:00:00,0.0,0.0
2049-03-12 01:00:00,0.0,0.0
2049-03-12 02:00:00,0.0,2.61951940285369
2049-03-12 03:00:00,0.0,42.7854835799436
2049-03-12 04:00:00,0.0,96.48563133844424
2049-03-12 05:00:00,0.0,141.89063432124152
2049-03-12 06:00:00,0.0,172.01510745405895
2049-03-12 07:00:00,0.0,175.07121342405495
2049-03-12 08:00:00,0.0,182.929771632616
2049-03-12 09:00:00,0.0,174.19804028977038
2049-03-12 10:00:00,0.0,146.25649999266435
2049-03-12 11:00:00,0.0,110.45640148699725
2049-03-12 12:00:00,0.0,67.67091790705365
2049-03-12 13:00:00,0.0,18.773222387118107
2049-03-12 14:00:00,0.0,0.0
2049-03-12 15:00:00,0.0,0.0
2049-03-12 16:00:00,0.0,0.0
2049-03-12 17:00:00,0.0,0.0
2049-03-12 18:00:00,0.0,0.0
2049-03-12 19:00:00,0.0,0.0
2049-03-12 20:00:00,0.0,0.0
2049-03-12 21:00:00,0.0,0.0
2049-03-12 22:00:00,0.0,0.0
2049-03-12 23:00:00,0.0,0.0
2049-03-13 00:00:00,0.0,0.0
2049-03-13 01:00:00,0.0,0.0
2049-03-13 02:00:00,0.0,8.295144775703351
2049-03-13 03:00:00,0.0,106.963708949859
2049-03-13 04:00:00,0.0,209.12496566115288
2049-03-13 05:00:00,0.0,283.3446820753408
2049-03-13 06:00:00,0.0,330.4960313267072
2049-03-13 07:00:00,0.0,354.5082925195327
2049-03-13 08:00:00,0.0,356.2546387881018
2049-03-13 09:00:00,0.0,337.04482983384145
2049-03-13 10:00:00,0.0,294.6959328210401
2049-03-13 11:00:00,0.0,227.898188048271
2049-03-13 12:00:00,0.0,136.21500894839184
2049-03-13 13:00:00,0.0,34.05375223709796
2049-03-13 14:00:00,0.0,0.0
2049-03-13 15:00:00,0.0,0.0
2049-03-13 16:00:00,0.0,0.0
2049-03-13 17:00:00,0.0,0.0
2049-03-13 18:00:00,0.0,0.0
2049-03-13 19:00:00,0.0,0.0
2049-03-13 20:00:00,0.0,0.0
2049-03-13 21:00:00,0.0,0.0
2049-03-13 22:00:00,0.0,0.0
2049-03-13 23:00:00,0.0,0.0
2049-03-14 00:00:00,0.0,0.0
2049-03-14 01:00:00,0.0,0.0
2049-03-14 02:00:00,0.0,9.604904477130194
2049-03-14 03:00:00,0.0,109.14664178557041
2049-03-14 04:00:00,0.0,206.9420328254415
2049-03-14 05:00:00,0.0,278.5422298367757
2049-03-14 06:00:00,0.0,325.2569925209998
2049-03-14 07:00:00,0.0,348.83266714668304
2049-03-14 08:00:00,0.0,350.57901341525223
2049-03-14 09:00:00,0.0,331.805791028134
2049-03-14 10:00:00,0.0,290.7666537167596
2049-03-14 11:00:00,0.0,225.27866864541733
2049-03-14 12:00:00,0.0,136.21500894839184
2049-03-14 13:00:00,0.0,35.363511938524816
2049-03-14 14:00:00,0.0,0.0
2049-03-14 15:00:00,0.0,0.0
2049-03-14 16:00:00,0.0,0.0
2049-03-14 17:00:00,0.0,0.0
2049-03-14 18:00:00,0.0,0.0
2049-03-14 19:00:00,0.0,0.0
2049-03-14 20:00:00,0.0,0.0
2049-03-14 21:00:00,0.0,0.0
2049-03-14 22:00:00,0.0,0.0
2049-03-14 23:00:00,0.0,0.0
2049-03-15 00:00:00,0.0,0.0
2049-03-15 01:00:00,0.0,0.0
2049-03-15 02:00:00,0.0,10.47807761141476
2049-03-15 03:00:00,0.0,109.5832283527127
2049-03-15 04:00:00,0.0,205.19568655687235
2049-03-15 05:00:00,0.0,277.2324701353488
2049-03-15 06:00:00,0.0,324.38381938671523
2049-03-15 07:00:00,0.0,347.5229074452562
2049-03-15 08:00:00,0.0,349.2692537138253
2049-03-15 09:00:00,0.0,329.18627162528037
2049-03-15 10:00:00,0.0,286.40078804533675
2049-03-15 11:00:00,0.0,220.03962983970993
2049-03-15 12:00:00,0.0,130.10279700839993
2049-03-15 13:00:00,0.0,31.87081940138656
2049-03-15 14:00:00,0.0,0.0
2049-03-15 15:00:00,0.0,0.0
2049-03-15 16:00:00,0.0,0.0
2049-03-15 17:00:00,0.0,0.0
2049-03-15 18:00:00,0.0,0.0
2049-03-15 19:00:00,0.0,0.0
2049-03-15 20:00:00,0.0,0.0
2049-03-15 21:00:00,0.0,0.0
2049-03-15 22:00:00,0.0,0.0
2049-03-15 23:00:00,0.0,0.0
2049-03-16 00:00:00,0.0,0.0
2049-03-16 01:00:00,0.0,0.0
2049-03-16 02:00:00,0.0,8.295144775703351
2049-03-16 03:00:00,0.0,94.30269850273282
2049-03-16 04:00:00,0.0,188.1688104383234
2049-03-16 05:00:00,0.0,268.50073879250317
2049-03-16 06:00:00,0.0,314.3423283424428
2049-03-16 07:00:00,0.0,338.35458953526825
2049-03-16 08:00:00,0.0,340.5375223709797
2049-03-16 09:00:00,0.0,319.1447805810078
2049-03-16 10:00:00,0.0,277.2324701353488
2049-03-16 11:00:00,0.0,211.3078984968643
2049-03-16 12:00:00,0.0,123.1174119341234
2049-03-16 13:00:00,0.0,28.814713431390583
2049-03-16 14:00:00,0.0,0.0
2049-03-16 15:00:00,0.0,0.0
2049-03-16 16:00:00,0.0,0.0
2049-03-16 17:00:00,0.0,0.0
2049-03-16 18:00:00,0.0,0.0
2049-03-16 19:00:00,0.0,0.0
2049-03-16 20:00:00,0.0,0.0
2049-03-16 21:00:00,0.0,0.0
2049-03-16 22:00:00,0.0,0.0
2049-03-16 23:00:00,0.0,0.0
2049-03-17 00:00:00,0.0,0.0
2049-03-17 01:00:00,0.0,0.0
2049-03-17 02:00:00,0.0,8.295144775703351
2049-03-17 03:00:00,0.0,94.30269850273282
2049-03-17 04:00:00,0.0,192.5346761097462
2049-03-17 05:00:00,0.0,266.7543925239341
2049-03-17 06:00:00,0.0,309.5398761038777
2049-03-17 07:00:00,0.0,333.9887238638454
2049-03-17 08:00:00,0.0,336.60824326669916
2049-03-17 09:00:00,0.0,316.96184774529644
2049-03-17 10:00:00,0.0,275.48612386677974
2049-03-17 11:00:00,0.0,210.43472536257977
2049-03-17 12:00:00,0.0,123.1174119341234
2049-03-17 13:00:00,0.0,29.68788656567515
2049-03-17 14:00:00,0.0,0.0
2049-03-17 15:00:00,0.0,0.0
2049-03-17 16:00:00,0.0,0.0
2049-03-17 17:00:00,0.0,0.0
2049-03-17 18:00:00,0.0,0.0
2049-03-17 19:00:00,0.0,0.0
2049-03-17 20:00:00,0.0,0.0
2049-03-17 21:00:00,0.0,0.0
2049-03-17 22:00:00,0.0,0.0
2049-03-17 23:00:00,0.0,0.0
2049-03-18 00:00:00,0.0,0.0
2049-03-18 01:00:00,0.0,0.0
2049-03-18 02:00:00,0.0,7.858558208561069
2049-03-18 03:00:00,0.0,82.51486118989122
2049-03-18 04:00:00,0.0,179.43707909547774
2049-03-18 05:00:00,0.0,251.03727610681193
2049-03-18 06:00:00,0.0,304.3008372981702
2049-03-18 07:00:00,0.0,331.3692044609918
2049-03-18 08:00:00,0.0,332.6789641624186
2049-03-18 09:00:00,0.0,311.2862223724468
2049-03-18 10:00:00,0.0,268.0641522253609
2049-03-18 11:00:00,0.0,199.08347461688044
2049-03-18 12:00:00,0.0,108.71005521842812
2049-03-18 13:00:00,0.0,22.26591492425636
2049-03-18 14:00:00,0.0,0.0
2049-03-18 15:00:00,0.0,0.0
2049-03-18 16:00:00,0.0,0.0
2049-03-18 17:00:00,0.0,0.0
2049-03-18 18:00:00,0.0,0.0
2049-03-18 19:00:00,0.0,0.0
2049-03-18 20:00:00,0.0,0.0
2049-03-18 21:00:00,0.0,0.0
2049-03-18 22:00:00,0.0,0.0
2049-03-18 23:00:00,0.0,0.0
2049-03-19 00:00:00,0.0,0.0
2049-03-19 01:00:00,0.0,0.0
2049-03-19 02:00:00,0.0,7.858558208561069
2049-03-19 03:00:00,0.0,93.86611193559055
2049-03-19 04:00:00,0.0,193.40784924403073
2049-03-19 05:00:00,0.0,268.50073879250317
2049-03-19 06:00:00,0.0,317.3984343124388
2049-03-19 07:00:00,0.0,338.35458953526825
2049-03-19 08:00:00,0.0,338.35458953526825
2049-03-19 09:00:00,0.0,310.8496358053045
2049-03-19 10:00:00,0.0,266.7543925239341
2049-03-19 11:00:00,0.0,199.52006118402272
2049-03-19 12:00:00,0.0,112.63933432270866
2049-03-19 13:00:00,0.0,25.322020894252336
2049-03-19 14:00:00,0.0,0.0
2049-03-19 15:00:00,0.0,0.0
2049-03-19 16:00:00,0.0,0.0
2049-03-19 17:00:00,0.0,0.0
2049-03-19 18:00:00,0.0,0.0
2049-03-19 19:00:00,0.0,0.0
2049-03-19 20:00:00,0.0,0.0
2049-03-19 21:00:00,0.0,0.0
2049-03-19 22:00:00,0.0,0.0
2049-03-19 23:00:00,0.0,0.0
2049-03-20 00:00:00,0.0,0.0
2049-03-20 01:00:00,0.0,0.0
2049-03-20 02:00:00,0.0,7.858558208561069
2049-03-20 03:00:00,0.0,89.50024626416773
2049-03-20 04:00:00,0.0,184.23953133404282
2049-03-20 05:00:00,0.0,258.02266118108844
2049-03-20 06:00:00,0.0,313.0325686410159
2049-03-20 07:00:00,0.0,335.2984835652723
2049-03-20 08:00:00,0.0,336.1716566995569
2049-03-20 09:00:00,0.0,317.3984343124388
2049-03-20 10:00:00,0.0,274.1763641653529
2049-03-20 11:00:00,0.0,207.37861939258377
2049-03-20 12:00:00,0.0,119.18813282984289
2049-03-20 13:00:00,0.0,28.37812686424831
2049-03-20 14:00:00,0.0,0.0
2049-03-20 15:00:00,0.0,0.0
2049-03-20 16:00:00,0.0,0.0
2049-03-20 17:00:00,0.0,0.0
2049-03-20 18:00:00,0.0,0.0
2049-03-20 19:00:00,0.0,0.0
2049-03-20 20:00:00,0.0,0.0
2049-03-20 21:00:00,0.0,0.0
2049-03-20 22:00:00,0.0,0.0
2049-03-20 23:00:00,0.0,0.0
2049-03-21 00:00:00,0.0,0.0
2049-03-21 01:00:00,0.0,0.0
2049-03-21 02:00:00,0.0,9.604904477130194
2049-03-21 03:00:00,0.0,96.04904477130195
2049-03-21 04:00:00,0.0,189.47857013975022
2049-03-21 05:00:00,0.0,260.20559401679986
2049-03-21 06:00:00,0.0,306.48377013388165
2049-03-21 07:00:00,0.0,330.0594447595649
2049-03-21 08:00:00,0.0,331.805791028134
2049-03-21 09:00:00,0.0,307.79352983530856
2049-03-21 10:00:00,0.0,265.44463282250723
2049-03-21 11:00:00,0.0,200.39323431830724
2049-03-21 12:00:00,0.0,114.82226715842008
2049-03-21 13:00:00,0.0,27.941540297106023
2049-03-21 14:00:00,0.0,0.0
2049-03-21 15:00:00,0.0,0.0
2049-03-21 16:00:00,0.0,0.0
2049-03-21 17:00:00,0.0,0.0
2049-03-21 18:00:00,0.0,0.0
2049-03-21 19:00:00,0.0,0.0
2049-03-21 20:00:00,0.0,0.0
2049-03-21 21:00:00,0.0,0.0
2049-03-21 22:00:00,0.0,0.0
2049-03-21 23:00:00,0.0,0.0
2049-03-22 00:00:00,0.0,0.0
2049-03-22 01:00:00,0.0,0.0
2049-03-22 02:00:00,0.0,9.168317909987914
2049-03-22 03:00:00,0.0,89.50024626416773
2049-03-22 04:00:00,0.0,180.74683879690457
2049-03-22 05:00:00,0.0,251.9104492410965
2049-03-22 06:00:00,0.0,295.1325193881824
2049-03-22 07:00:00,0.0,319.58136714815015
2049-03-22 08:00:00,0.0,324.38381938671523
2049-03-22 09:00:00,0.0,305.17401043245485
2049-03-22 10:00:00,0.0,263.2616999867958
2049-03-22 11:00:00,0.0,198.21030148259584
2049-03-22 12:00:00,0.0,113.07592088985093
2049-03-22 13:00:00,0.0,27.06836716282146
2049-03-22 14:00:00,0.0,0.0
2049-03-22 15:00:00,0.0,0.0
2049-03-22 16:00:00,0.0,0.0
2049-03-22 17:00:00,0.0,0.0
2049-03-22 18:00:00,0.0,0.0
2049-03-22 19:00:00,0.0,0.0
2049-03-22 20:00:00,0.0,0.0
2049-03-22 21:00:00,0.0,0.0
2049-03-22 22:00:00,0.0,0.0
2049-03-22 23:00:00,0.0,0.0
2049-03-23 00:00:00,0.0,0.0
2049-03-23 01:00:00,0.0,0.0
2049-03-23 02:00:00,0.0,8.731731342845633
2049-03-23 03:00:00,0.0,86.00755372702947
2049-03-23 04:00:00,0.0,182.05659849833143
2049-03-23 05:00:00,0.0,254.96655521109247
2049-03-23 06:00:00,0.0,302.55449102960114
2049-03-23 07:00:00,0.0,323.0740596852884
2049-03-23 08:00:00,0.0,316.5252611781542
2049-03-23 09:00:00,0.0,306.48377013388165
2049-03-23 10:00:00,0.0,273.3031910310683
2049-03-23 11:00:00,0.0,209.99813879543746
2049-03-23 12:00:00,0.0,124.86375820269255
2049-03-23 13:00:00,0.0,33.180579102813404
2049-03-23 14:00:00,0.0,0.0
2049-03-23 15:00:00,0.0,0.0
2049-03-23 16:00:00,0.0,0.0
2049-03-23 17:00:00,0.0,0.0
2049-03-23 18:00:00,0.0,0.0
2049-03-23 19:00:00,0.0,0.0
2049-03-23 20:00:00,0.0,0.0
2049-03-23 21:00:00,0.0,0.0
2049-03-23 22:00:00,0.0,0.0
2049-03-23 23:00:00,0.0,0.0
2049-03-24 00:00:00,0.0,0.0
2049-03-24 01:00:00,0.0,0.0
2049-03-24 02:00:00,0.0,11.787837312841603
2049-03-24 03:00:00,0.0,101.28808357700933
2049-03-24 04:00:00,0.0,197.3371283483113
2049-03-24 05:00:00,0.0,268.0641522253609
2049-03-24 06:00:00,0.0,313.9057417753005
2049-03-24 07:00:00,0.0,337.4814164009837
2049-03-24 08:00:00,0.0,339.6643492366951
2049-03-24 09:00:00,0.0,320.0179537152924
2049-03-24 10:00:00,0.0,278.97881640391796
2049-03-24 11:00:00,0.0,214.36400446686028
2049-03-24 12:00:00,0.0,118.31495969555833
2049-03-24 13:00:00,0.0,31.434232834244277
2049-03-24 14:00:00,0.0,0.0
2049-03-24 15:00:00,0.0,0.0
2049-03-24 16:00:00,0.0,0.0
2049-03-24 17:00:00,0.0,0.0
2049-03-24 18:00:00,0.0,0.0
2049-03-24 19:00:00,0.0,0.0
2049-03-24 20:00:00,0.0,0.0
2049-03-24 21:00:00,0.0,0.0
2049-03-24 22:00:00,0.0,0.0
2049-03-24 23:00:00,0.0,0.0
2049-03-25 00:00:00,0.0,0.0
2049-03-25 01:00:00,0.0,0.0
2049-03-25 02:00:00,0.0,11.351250745699321
2049-03-25 03:00:00,0.0,96.48563133844424
2049-03-25 04:00:00,0.0,196.46395521402673
2049-03-25 05:00:00,0.0,268.0641522253609
2049-03-25 06:00:00,0.0,316.5252611781542
2049-03-25 07:00:00,0.0,340.1009358038374
2049-03-25 08:00:00,0.0,342.72045520669104
2049-03-25 09:00:00,0.0,321.7642999838616
2049-03-25 10:00:00,0.0,281.5983358067716
2049-03-25 11:00:00,0.0,218.29328357114082
2049-03-25 12:00:00,0.0,132.72231641125362
2049-03-25 13:00:00,0.0,38.419617908520785
2049-03-25 14:00:00,0.0,0.0
2049-03-25 15:00:00,0.0,0.0
2049-03-25 16:00:00,0.0,0.0
2049-03-25 17:00:00,0.0,0.0
2049-03-25 18:00:00,0.0,0.0
2049-03-25 19:00:00,0.0,0.0
2049-03-25 20:00:00,0.0,0.0
2049-03-25 21:00:00,0.0,0.0
2049-03-25 22:00:00,0.0,0.0
2049-03-25 23:00:00,0.0,0.0
2049-03-26 00:00:00,0.0,0.0
2049-03-26 01:00:00,0.0,0.0
2049-03-26 02:00:00,0.0,13.53418358141073
2049-03-26 03:00:00,0.0,106.963708949859
2049-03-26 04:00:00,0.0,201.26640745259184
2049-03-26 05:00:00,0.0,271.55684476249917
2049-03-26 06:00:00,0.0,316.96184774529644
2049-03-26 07:00:00,0.0,340.1009358038374
2049-03-26 08:00:00,0.0,341.8472820724065
2049-03-26 09:00:00,0.0,319.58136714815015
2049-03-26 10:00:00,0.0,279.41540297106025
2049-03-26 11:00:00,0.0,215.6737641682871
2049-03-26 12:00:00,0.0,130.5393835755422
2049-03-26 13:00:00,0.0,37.109858207093936
2049-03-26 14:00:00,0.0,0.0
2049-03-26 15:00:00,0.0,0.0
2049-03-26 16:00:00,0.0,0.0
2049-03-26 17:00:00,0.0,0.0
2049-03-26 18:00:00,0.0,0.0
2049-03-26 19:00:00,0.0,0.0
2049-03-26 20:00:00,0.0,0.0
2049-03-26 21:00:00,0.0,0.0
2049-03-26 22:00:00,0.0,0.0
2049-03-26 23:00:00,0.0,0.0
2049-03-27 00:00:00,0.0,0.0
2049-03-27 01:00:00,0.0,0.0
2049-03-27 02:00:00,0.0,14.407356715695292
2049-03-27 03:00:00,0.0,107.83688208414355
2049-03-27 04:00:00,0.0,199.95664775116495
2049-03-27 05:00:00,0.0,269.3739119267878
2049-03-27 06:00:00,0.0,315.6520880438696
2049-03-27 07:00:00,0.0,337.04482983384145
2049-03-27 08:00:00,0.0,337.4814164009837
2049-03-27 09:00:00,0.0,318.27160744672335
2049-03-27 10:00:00,0.0,278.5422298367757
2049-03-27 11:00:00,0.0,218.7298701382831
2049-03-27 12:00:00,0.0,136.21500894839184
2049-03-27 13:00:00,0.0,41.47572387851675
2049-03-27 14:00:00,0.0,0.0
2049-03-27 15:00:00,0.0,0.0
2049-03-27 16:00:00,0.0,0.0
2049-03-27 17:00:00,0.0,0.0
2049-03-27 18:00:00,0.0,0.0
2049-03-27 19:00:00,0.0,0.0
2049-03-27 20:00:00,0.0,0.0
2049-03-27 21:00:00,0.0,0.0
2049-03-27 22:00:00,0.0,0.0
2049-03-27 23:00:00,0.0,0.0
2049-03-28 00:00:00,0.0,0.0
2049-03-28 01:00:00,0.0,0.0
2049-03-28 02:00:00,0.0,15.280529849979859
2049-03-28 03:00:00,0.0,107.83688208414355
2049-03-28 04:00:00,0.0,199.08347461688044
2049-03-28 05:00:00,0.0,268.0641522253609
2049-03-28 06:00:00,0.0,311.72280893958913
2049-03-28 07:00:00,0.0,333.55213729670317
2049-03-28 08:00:00,0.0,334.86189699812996
2049-03-28 09:00:00,0.0,316.0886746110119
2049-03-28 10:00:00,0.0,275.92271043392196
2049-03-28 11:00:00,0.0,207.37861939258377
2049-03-28 12:00:00,0.0,115.69544029270462
2049-03-28 13:00:00,0.0,29.68788656567515
2049-03-28 14:00:00,0.0,0.0
2049-03-28 15:00:00,0.0,0.0
2049-03-28 16:00:00,0.0,0.0
2049-03-28 17:00:00,0.0,0.0
2049-03-28 18:00:00,0.0,0.0
2049-03-28 19:00:00,0.0,0.0
2049-03-28 20:00:00,0.0,0.0
2049-03-28 21:00:00,0.0,0.0
2049-03-28 22:00:00,0.0,0.0
2049-03-28 23:00:00,0.0,0.0
2049-03-29 00:00:00,0.0,0.0
2049-03-29 01:00:00,0.0,0.0
2049-03-29 02:00:00,0.0,13.097597014268448
2049-03-29 03:00:00,0.0,99.54173730844022
2049-03-29 04:00:00,0.0,189.04198357260793
2049-03-29 05:00:00,0.0,258.02266118108844
2049-03-29 06:00:00,0.0,302.11790446245885
2049-03-29 07:00:00,0.0,323.94723281957295
2049-03-29 08:00:00,0.0,329.6228581924226
2049-03-29 09:00:00,0.0,312.15939550673136
2049-03-29 10:00:00,0.0,272.4300178967837
2049-03-29 11:00:00,0.0,209.56155222829517
2049-03-29 12:00:00,0.0,123.55399850126571
2049-03-29 13:00:00,0.0,35.363511938524816
2049-03-29 14:00:00,0.0,0.0
2049-03-29 15:00:00,0.0,0.0
2049-03-29 16:00:00,0.0,0.0
2049-03-29 17:00:00,0.0,0.0
2049-03-29 18:00:00,0.0,0.0
2049-03-29 19:00:00,0.0,0.0
2049-03-29 20:00:00,0.0,0.0
2049-03-29 21:00:00,0.0,0.0
2049-03-29 22:00:00,0.0,0.0
2049-03-29 23:00:00,0.0,0.0
2049-03-30 00:00:00,0.0,0.0
2049-03-30 01:00:00,0.0,0.0
2049-03-30 02:00:00,0.0,13.970770148553012
2049-03-30 03:00:00,0.0,102.16125671129389
2049-03-30 04:00:00,0.0,195.1541955125999
2049-03-30 05:00:00,0.0,264.57145968822266
2049-03-30 06:00:00,0.0,309.5398761038777
2049-03-30 07:00:00,0.0,332.6789641624186
2049-03-30 08:00:00,0.0,334.86189699812996
2049-03-30 09:00:00,0.0,315.6520880438696
2049-03-30 10:00:00,0.0,276.35929700106425
2049-03-30 11:00:00,0.0,214.36400446686028
2049-03-30 12:00:00,0.0,130.97597014268447
2049-03-30 13:00:00,0.0,39.29279104280535
2049-03-30 14:00:00,0.0,0.0
2049-03-30 15:00:00,0.0,0.0
2049-03-30 16:00:00,0.0,0.0
2049-03-30 17:00:00,0.0,0.0
2049-03-30 18:00:00,0.0,0.0
2049-03-30 19:00:00,0.0,0.0
2049-03-30 20:00:00,0.0,0.0
2049-03-30 21:00:00,0.0,0.0
2049-03-30 22:00:00,0.0,0.0
2049-03-30 23:00:00,0.0,0.0
2049-03-31 00:00:00,0.0,0.0
2049-03-31 01:00:00,0.0,0.0
2049-03-31 02:00:00,0.0,16.15370298426442
2049-03-31 03:00:00,0.0,110.01981491985497
2049-03-31 04:00:00,0.0,201.26640745259184
2049-03-31 05:00:00,0.0,270.2470850610723
2049-03-31 06:00:00,0.0,314.778914909585
2049-03-31 07:00:00,0.0,336.60824326669916
2049-03-31 08:00:00,0.0,338.35458953526825
2049-03-31 09:00:00,0.0,320.0179537152924
2049-03-31 10:00:00,0.0,280.2885761053448
2049-03-31 11:00:00,0.0,217.85669700399853
2049-03-31 12:00:00,0.0,134.03207611268044
2049-03-31 13:00:00,0.0,41.039137311374475
2049-03-31 14:00:00,0.0,0.0
2049-03-31 15:00:00,0.0,0.0
2049-03-31 16:00:00,0.0,0.0
2049-03-31 17:00:00,0.0,0.0
2049-03-31 18:00:00,0.0,0.0
2049-03-31 19:00:00,0.0,0.0
2049-03-31 20:00:00,0.0,0.0
2049-03-31 21:00:00,0.0,0.0
2049-03-31 22:00:00,0.0,0.0
2049-03-31 23:00:00,0.0,0.0
2049-04-01 00:00:00,0.0,0.0
2049-04-01 01:00:00,0.0,0.0
2049-04-01 02:00:00,0.0,16.590289551406702
2049-04-01 03:00:00,0.0,108.71005521842812
2049-04-01 04:00:00,0.0,199.08347461688044
2049-04-01 05:00:00,0.0,267.6275656582186
2049-04-01 06:00:00,0.0,311.2862223724468
2049-04-01 07:00:00,0.0,332.6789641624186
2049-04-01 08:00:00,0.0,334.4253104309877
2049-04-01 09:00:00,0.0,316.0886746110119
2049-04-01 10:00:00,0.0,277.2324701353488
2049-04-01 11:00:00,0.0,215.6737641682871
2049-04-01 12:00:00,0.0,132.72231641125362
2049-04-01 13:00:00,0.0,40.60255074423219
2049-04-01 14:00:00,0.0,0.0
2049-04-01 15:00:00,0.0,0.0
2049-04-01 16:00:00,0.0,0.0
2049-04-01 17:00:00,0.0,0.0
2049-04-01 18:00:00,0.0,0.0
2049-04-01 19:00:00,0.0,0.0
2049-04-01 20:00:00,0.0,0.0
2049-04-01 21:00:00,0.0,0.0
2049-04-01 22:00:00,0.0,0.0
2049-04-01 23:00:00,0.0,0.0
2049-04-02 00:00:00,0.0,0.0
2049-04-02 01:00:00,0.0,0.0
2049-04-02 02:00:00,0.0,17.02687611854898
2049-04-02 03:00:00,0.0,110.01981491985497
2049-04-02 04:00:00,0.0,201.26640745259184
2049-04-02 05:00:00,0.0,269.3739119267878
2049-04-02 06:00:00,0.0,308.2301164024508
2049-04-02 07:00:00,0.0,307.79352983530856
2049-04-02 08:00:00,0.0,288.1471343139059
2049-04-02 09:00:00,0.0,271.1202581953569
2049-04-02 10:00:00,0.0,248.85434327110053
2049-04-02 11:00:00,0.0,208.25179252686834
2049-04-02 12:00:00,0.0,133.5954895455382
2049-04-02 13:00:00,0.0,41.47572387851675
2049-04-02 14:00:00,0.0,0.0
2049-04-02 15:00:00,0.0,0.0
2049-04-02 16:00:00,0.0,0.0
2049-04-02 17:00:00,0.0,0.0
2049-04-02 18:00:00,0.0,0.0
2049-04-02 19:00:00,0.0,0.0
2049-04-02 20:00:00,0.0,0.0
2049-04-02 21:00:00,0.0,0.0
2049-04-02 22:00:00,0.0,0.0
2049-04-02 23:00:00,0.0,0.0
2049-04-03 00:00:00,0.0,0.0
2049-04-03 01:00:00,0.0,0.0
2049-04-03 02:00:00,0.0,10.914664178557041
2049-04-03 03:00:00,0.0,88.1904865627409
2049-04-03 04:00:00,0.0,197.77371491545355
2049-04-03 05:00:00,0.0,267.1909790910764
2049-04-03 06:00:00,0.0,309.97646267101993
2049-04-03 07:00:00,0.0,331.805791028134
2049-04-03 08:00:00,0.0,334.4253104309877
2049-04-03 09:00:00,0.0,316.5252611781542
2049-04-03 10:00:00,0.0,276.79588356820653
2049-04-03 11:00:00,0.0,210.87131192972203
2049-04-03 12:00:00,0.0,112.20274775556636
2049-04-03 13:00:00,0.0,31.434232834244277
2049-04-03 14:00:00,0.0,0.0
2049-04-03 15:00:00,0.0,0.0
2049-04-03 16:00:00,0.0,0.0
2049-04-03 17:00:00,0.0,0.0
2049-04-03 18:00:00,0.0,0.0
2049-04-03 19:00:00,0.0,0.0
2049-04-03 20:00:00,0.0,0.0
2049-04-03 21:00:00,0.0,0.0
2049-04-03 22:00:00,0.0,0.0
2049-04-03 23:00:00,0.0,0.0
2049-04-04 00:00:00,0.0,0.0
2049-04-04 01:00:00,0.0,0.0
2049-04-04 02:00:00,0.0,18.33663581997583
2049-04-04 03:00:00,0.0,112.63933432270866
2049-04-04 04:00:00,0.0,203.44934028830326
2049-04-04 05:00:00,0.0,270.6836716282146
2049-04-04 06:00:00,0.0,312.59598207387364
2049-04-04 07:00:00,0.0,332.2423775952763
2049-04-04 08:00:00,0.0,330.93261789384945
2049-04-04 09:00:00,0.0,306.920356701024
2049-04-04 10:00:00,0.0,260.20559401679986
2049-04-04 11:00:00,0.0,190.3517432740348
2049-04-04 12:00:00,0.0,110.01981491985497
2049-04-04 13:00:00,0.0,35.800098505667094
2049-04-04 14:00:00,0.0,0.0
2049-04-04 15:00:00,0.0,0.0
2049-04-04 16:00:00,0.0,0.0
2049-04-04 17:00:00,0.0,0.0
2049-04-04 18:00:00,0.0,0.0
2049-04-04 19:00:00,0.0,0.0
2049-04-04 20:00:00,0.0,0.0
2049-04-04 21:00:00,0.0,0.0
2049-04-04 22:00:00,0.0,0.0
2049-04-04 23:00:00,0.0,0.0
2049-04-05 00:00:00,0.0,0.0
2049-04-05 01:00:00,0.0,0.0
2049-04-05 02:00:00,0.0,9.604904477130194
2049-04-05 03:00:00,0.0,63.30505223563083
2049-04-05 04:00:00,0.0,136.65159551553415
2049-04-05 05:00:00,0.0,198.64688804973815
2049-04-05 06:00:00,0.0,272.4300178967837
2049-04-05 07:00:00,0.0,323.0740596852884
2049-04-05 08:00:00,0.0,331.805791028134
2049-04-05 09:00:00,0.0,302.55449102960114
2049-04-05 10:00:00,0.0,259.3324208825153
2049-04-05 11:00:00,0.0,210.43472536257977
2049-04-05 12:00:00,0.0,132.72231641125362
2049-04-05 13:00:00,0.0,40.60255074423219
2049-04-05 14:00:00,0.0,0.0
2049-04-05 15:00:00,0.0,0.0
2049-04-05 16:00:00,0.0,0.0
2049-04-05 17:00:00,0.0,0.0
2049-04-05 18:00:00,0.0,0.0
2049-04-05 19:00:00,0.0,0.0
2049-04-05 20:00:00,0.0,0.0
2049-04-05 21:00:00,0.0,0.0
2049-04-05 22:00:00,0.0,0.0
2049-04-05 23:00:00,0.0,0.0
2049-04-06 00:00:00,0.0,0.0
2049-04-06 01:00:00,0.0,0.0
2049-04-06 02:00:00,0.0,7.4219716414187875
2049-04-06 03:00:00,0.0,78.5855820856107
2049-04-06 04:00:00,0.0,173.3248671554858
2049-04-06 05:00:00,0.0,232.26405371969383
2049-04-06 06:00:00,0.0,267.1909790910764
2049-04-06 07:00:00,0.0,296.4422790896092
2049-04-06 08:00:00,0.0,321.7642999838616
2049-04-06 09:00:00,0.0,313.4691552081582
2049-04-06 10:00:00,0.0,275.04953729963745
2049-04-06 11:00:00,0.0,211.3078984968643
2049-04-06 12:00:00,0.0,128.3564507398308
2049-04-06 13:00:00,0.0,40.16596417708991
2049-04-06 14:00:00,0.0,0.0
2049-04-06 15:00:00,0.0,0.0
2049-04-06 16:00:00,0.0,0.0
2049-04-06 17:00:00,0.0,0.0
2049-04-06 18:00:00,0.0,0.0
2049-04-06 19:00:00,0.0,0.0
2049-04-06 20:00:00,0.0,0.0
2049-04-06 21:00:00,0.0,0.0
2049-04-06 22:00:00,0.0,0.0
2049-04-06 23:00:00,0.0,0.0
2049-04-07 00:00:00,0.0,0.0
2049-04-07 01:00:00,0.0,0.0
2049-04-07 02:00:00,0.0,13.53418358141073
2049-04-07 03:00:00,0.0,86.00755372702947
2049-04-07 04:00:00,0.0,173.3248671554858
2049-04-07 05:00:00,0.0,246.67141043538913
2049-04-07 06:00:00,0.0,294.6959328210401
2049-04-07 07:00:00,0.0,319.1447805810078
2049-04-07 08:00:00,0.0,322.63747311814615
2049-04-07 09:00:00,0.0,302.11790446245885
2049-04-07 10:00:00,0.0,259.3324208825153
2049-04-07 11:00:00,0.0,191.66150297546164
2049-04-07 12:00:00,0.0,106.09053581557443
2049-04-07 13:00:00,0.0,27.50495372996374
2049-04-07 14:00:00,0.0,0.0
2049-04-07 15:00:00,0.0,0.0
2049-04-07 16:00:00,0.0,0.0
2049-04-07 17:00:00,0.0,0.0
2049-04-07 18:00:00,0.0,0.0
2049-04-07 19:00:00,0.0,0.0
2049-04-07 20:00:00,0.0,0.0
2049-04-07 21:00:00,0.0,0.0
2049-04-07 22:00:00,0.0,0.0
2049-04-07 23:00:00,0.0,0.0
2049-04-08 00:00:00,0.0,0.0
2049-04-08 01:00:00,0.0,0.0
2049-04-08 02:00:00,0.0,18.773222387118107
2049-04-08 03:00:00,0.0,106.52712238271671
2049-04-08 04:00:00,0.0,187.29563730403882
2049-04-08 05:00:00,0.0,246.23482386824685
2049-04-08 06:00:00,0.0,277.6690567024911
2049-04-08 07:00:00,0.0,295.56910595532463
2049-04-08 08:00:00,0.0,316.0886746110119
2049-04-08 09:00:00,0.0,310.41304923816216
2049-04-08 10:00:00,0.0,274.1763641653529
2049-04-08 11:00:00,0.0,213.05424476543342
2049-04-08 12:00:00,0.0,130.97597014268447
2049-04-08 13:00:00,0.0,41.47572387851675
2049-04-08 14:00:00,0.0,0.0
2049-04-08 15:00:00,0.0,0.0
2049-04-08 16:00:00,0.0,0.0
2049-04-08 17:00:00,0.0,0.0
2049-04-08 18:00:00,0.0,0.0
2049-04-08 19:00:00,0.0,0.0
2049-04-08 20:00:00,0.0,0.0
2049-04-08 21:00:00,0.0,0.0
2049-04-08 22:00:00,0.0,0.0
2049-04-08 23:00:00,0.0,0.0
2049-04-09 00:00:00,0.0,0.0
2049-04-09 01:00:00,0.0,0.0
2049-04-09 02:00:00,0.0,16.15370298426442
2049-04-09 03:00:00,0.0,96.48563133844424
2049-04-09 04:00:00,0.0,192.97126267688847
2049-04-09 05:00:00,0.0,262.8251134196535
2049-04-09 06:00:00,0.0,306.04718356673936
2049-04-09 07:00:00,0.0,327.87651192385346
2049-04-09 08:00:00,0.0,329.6228581924226
2049-04-09 09:00:00,0.0,310.8496358053045
2049-04-09 10:00:00,0.0,271.9934313296414
2049-04-09 11:00:00,0.0,210.87131192972203
2049-04-09 12:00:00,0.0,129.22962387411536
2049-04-09 13:00:00,0.0,41.039137311374475
2049-04-09 14:00:00,0.0,0.0
2049-04-09 15:00:00,0.0,0.0
2049-04-09 16:00:00,0.0,0.0
2049-04-09 17:00:00,0.0,0.0
2049-04-09 18:00:00,0.0,0.0
2049-04-09 19:00:00,0.0,0.0
2049-04-09 20:00:00,0.0,0.0
2049-04-09 21:00:00,0.0,0.0
2049-04-09 22:00:00,0.0,0.0
2049-04-09 23:00:00,0.0,0.0
2049-04-10 00:00:00,0.0,0.0
2049-04-10 01:00:00,0.0,0.0
2049-04-10 02:00:00,0.0,20.082982088544956
2049-04-10 03:00:00,0.0,109.14664178557041
2049-04-10 04:00:00,0.0,197.77371491545355
2049-04-10 05:00:00,0.0,264.57145968822266
2049-04-10 06:00:00,0.0,306.48377013388165
2049-04-10 07:00:00,0.0,329.18627162528037
2049-04-10 08:00:00,0.0,331.805791028134
2049-04-10 09:00:00,0.0,313.4691552081582
2049-04-10 10:00:00,0.0,274.61295073249516
2049-04-10 11:00:00,0.0,211.3078984968643
2049-04-10 12:00:00,0.0,131.41255670982676
2049-04-10 13:00:00,0.0,42.34889701280131
2049-04-10 14:00:00,0.0,0.0
2049-04-10 15:00:00,0.0,0.0
2049-04-10 16:00:00,0.0,0.0
2049-04-10 17:00:00,0.0,0.0
2049-04-10 18:00:00,0.0,0.0
2049-04-10 19:00:00,0.0,0.0
2049-04-10 20:00:00,0.0,0.0
2049-04-10 21:00:00,0.0,0.0
2049-04-10 22:00:00,0.0,0.0
2049-04-10 23:00:00,0.0,0.0
2049-04-11 00:00:00,0.0,0.0
2049-04-11 01:00:00,0.0,0.0
2049-04-11 02:00:00,0.0,20.519568655687237
2049-04-11 03:00:00,0.0,108.27346865128584
2049-04-11 04:00:00,0.0,196.02736864688444
2049-04-11 05:00:00,0.0,263.2616999867958
2049-04-11 06:00:00,0.0,306.04718356673936
2049-04-11 07:00:00,0.0,327.87651192385346
2049-04-11 08:00:00,0.0,329.6228581924226
2049-04-11 09:00:00,0.0,309.5398761038777
2049-04-11 10:00:00,0.0,269.81049849393
2049-04-11 11:00:00,0.0,209.12496566115288
2049-04-11 12:00:00,0.0,128.3564507398308
2049-04-11 13:00:00,0.0,41.039137311374475
2049-04-11 14:00:00,0.0,0.0
2049-04-11 15:00:00,0.0,0.0
2049-04-11 16:00:00,0.0,0.0
2049-04-11 17:00:00,0.0,0.0
2049-04-11 18:00:00,0.0,0.0
2049-04-11 19:00:00,0.0,0.0
2049-04-11 20:00:00,0.0,0.0
2049-04-11 21:00:00,0.0,0.0
2049-04-11 22:00:00,0.0,0.0
2049-04-11 23:00:00,0.0,0.0
2049-04-12 00:00:00,0.0,0.0
2049-04-12 01:00:00,0.0,0.0
2049-04-12 02:00:00,0.0,19.20980895426039
2049-04-12 03:00:00,0.0,102.59784327843617
2049-04-12 04:00:00,0.0,188.1688104383234
2049-04-12 05:00:00,0.0,254.96655521109247
2049-04-12 06:00:00,0.0,300.80814476103205
2049-04-12 07:00:00,0.0,323.0740596852884
2049-04-12 08:00:00,0.0,323.51064625243066
2049-04-12 09:00:00,0.0,306.04718356673936
2049-04-12 10:00:00,0.0,265.44463282250723
2049-04-12 11:00:00,0.0,204.32251342258778
2049-04-12 12:00:00,0.0,117.44178656127376
2049-04-12 13:00:00,0.0,33.180579102813404
2049-04-12 14:00:00,0.0,0.0
2049-04-12 15:00:00,0.0,0.0
2049-04-12 16:00:00,0.0,0.0
2049-04-12 17:00:00,0.0,0.0
2049-04-12 18:00:00,0.0,0.0
2049-04-12 19:00:00,0.0,0.0
2049-04-12 20:00:00,0.0,0.0
2049-04-12 21:00:00,0.0,0.0
2049-04-12 22:00:00,0.0,0.0
2049-04-12 23:00:00,0.0,0.0
2049-04-13 00:00:00,0.0,0.0
2049-04-13 01:00:00,0.0,0.0
2049-04-13 02:00:00,0.0,15.280529849979859
2049-04-13 03:00:00,0.0,86.00755372702947
2049-04-13 04:00:00,0.0,172.45169402120126
2049-04-13 05:00:00,0.0,226.15184177970187
2049-04-13 06:00:00,0.0,217.42011043685625
2049-04-13 07:00:00,0.0,253.6567955096656
2049-04-13 08:00:00,0.0,293.38617311961326
2049-04-13 09:00:00,0.0,280.72516267248704
2049-04-13 10:00:00,0.0,230.95429401826695
2049-04-13 11:00:00,0.0,171.5785208869167
2049-04-13 12:00:00,0.0,118.31495969555833
2049-04-13 13:00:00,0.0,38.85620447566306
2049-04-13 14:00:00,0.0,0.0
2049-04-13 15:00:00,0.0,0.0
2049-04-13 16:00:00,0.0,0.0
2049-04-13 17:00:00,0.0,0.0
2049-04-13 18:00:00,0.0,0.0
2049-04-13 19:00:00,0.0,0.0
2049-04-13 20:00:00,0.0,0.0
2049-04-13 21:00:00,0.0,0.0
2049-04-13 22:00:00,0.0,0.0
2049-04-13 23:00:00,0.0,0.0
2049-04-14 00:00:00,0.0,0.0
2049-04-14 01:00:00,0.0,0.0
2049-04-14 02:00:00,0.0,4.802452238565098
2049-04-14 03:00:00,0.0,51.517214922789236
2049-04-14 04:00:00,0.0,134.905249246965
2049-04-14 05:00:00,0.0,194.28102237831533
2049-04-14 06:00:00,0.0,232.26405371969383
2049-04-14 07:00:00,0.0,260.20559401679986
2049-04-14 08:00:00,0.0,268.0641522253609
2049-04-14 09:00:00,0.0,233.13722685397835
2049-04-14 10:00:00,0.0,212.61765819829114
2049-04-14 11:00:00,0.0,166.77606864835158
2049-04-14 12:00:00,0.0,86.88072686131405
2049-04-14 13:00:00,0.0,19.646395521402674
2049-04-14 14:00:00,0.0,0.0
2049-04-14 15:00:00,0.0,0.0
2049-04-14 16:00:00,0.0,0.0
2049-04-14 17:00:00,0.0,0.0
2049-04-14 18:00:00,0.0,0.0
2049-04-14 19:00:00,0.0,0.0
2049-04-14 20:00:00,0.0,0.0
2049-04-14 21:00:00,0.0,0.0
2049-04-14 22:00:00,0.0,0.0
2049-04-14 23:00:00,0.0,0.0
2049-04-15 00:00:00,0.0,0.0
2049-04-15 01:00:00,0.0,0.0
2049-04-15 02:00:00,0.0,18.33663581997583
2049-04-15 03:00:00,0.0,100.85149700986706
2049-04-15 04:00:00,0.0,189.47857013975022
2049-04-15 05:00:00,0.0,258.02266118108844
2049-04-15 06:00:00,0.0,304.3008372981702
2049-04-15 07:00:00,0.0,328.3130984909958
2049-04-15 08:00:00,0.0,332.2423775952763
2049-04-15 09:00:00,0.0,318.27160744672335
2049-04-15 10:00:00,0.0,279.41540297106025
2049-04-15 11:00:00,0.0,217.42011043685625
2049-04-15 12:00:00,0.0,134.905249246965
2049-04-15 13:00:00,0.0,44.53182984851272
2049-04-15 14:00:00,0.0,0.0
2049-04-15 15:00:00,0.0,0.0
2049-04-15 16:00:00,0.0,0.0
2049-04-15 17:00:00,0.0,0.0
2049-04-15 18:00:00,0.0,0.0
2049-04-15 19:00:00,0.0,0.0
2049-04-15 20:00:00,0.0,0.0
2049-04-15 21:00:00,0.0,0.0
2049-04-15 22:00:00,0.0,0.0
2049-04-15 23:00:00,0.0,0.0
2049-04-16 00:00:00,0.0,0.0
2049-04-16 01:00:00,0.0,0.0
2049-04-16 02:00:00,0.0,22.26591492425636
2049-04-16 03:00:00,0.0,112.20274775556636
2049-04-16 04:00:00,0.0,202.13958058687638
2049-04-16 05:00:00,0.0,268.50073879250317
2049-04-16 06:00:00,0.0,311.72280893958913
2049-04-16 07:00:00,0.0,334.4253104309877
2049-04-16 08:00:00,0.0,336.1716566995569
2049-04-16 09:00:00,0.0,317.835020879581
2049-04-16 10:00:00,0.0,278.5422298367757
2049-04-16 11:00:00,0.0,216.98352386971396
2049-04-16 12:00:00,0.0,135.3418358141073
2049-04-16 13:00:00,0.0,45.405002982797285
2049-04-16 14:00:00,0.0,0.0
2049-04-16 15:00:00,0.0,0.0
2049-04-16 16:00:00,0.0,0.0
2049-04-16 17:00:00,0.0,0.0
2049-04-16 18:00:00,0.0,0.0
2049-04-16 19:00:00,0.0,0.0
2049-04-16 20:00:00,0.0,0.0
2049-04-16 21:00:00,0.0,0.0
2049-04-16 22:00:00,0.0,0.0
2049-04-16 23:00:00,0.0,0.0
2049-04-17 00:00:00,0.0,0.0
2049-04-17 01:00:00,0.0,0.0
2049-04-17 02:00:00,0.0,22.702501491398642
2049-04-17 03:00:00,0.0,113.9490940241355
2049-04-17 04:00:00,0.0,204.32251342258778
2049-04-17 05:00:00,0.0,270.6836716282146
2049-04-17 06:00:00,0.0,313.4691552081582
2049-04-17 07:00:00,0.0,335.2984835652723
2049-04-17 08:00:00,0.0,337.04482983384145
2049-04-17 09:00:00,0.0,319.58136714815015
2049-04-17 10:00:00,0.0,280.2885761053448
2049-04-17 11:00:00,0.0,219.1664567054254
2049-04-17 12:00:00,0.0,137.08818208267644
2049-04-17 13:00:00,0.0,46.27817611708185
2049-04-17 14:00:00,0.0,0.0
2049-04-17 15:00:00,0.0,0.0
2049-04-17 16:00:00,0.0,0.0
2049-04-17 17:00:00,0.0,0.0
2049-04-17 18:00:00,0.0,0.0
2049-04-17 19:00:00,0.0,0.0
2049-04-17 20:00:00,0.0,0.0
2049-04-17 21:00:00,0.0,0.0
2049-04-17 22:00:00,0.0,0.0
2049-04-17 23:00:00,0.0,0.0
2049-04-18 00:00:00,0.0,0.0
2049-04-18 01:00:00,0.0,0.0
2049-04-18 02:00:00,0.0,23.575674625683206
2049-04-18 03:00:00,0.0,114.38568059127778
2049-04-18 04:00:00,0.0,202.57616715401866
2049-04-18 05:00:00,0.0,269.3739119267878
2049-04-18 06:00:00,0.0,312.59598207387364
2049-04-18 07:00:00,0.0,334.4253104309877
2049-04-18 08:00:00,0.0,335.7350701324146
2049-04-18 09:00:00,0.0,317.3984343124388
2049-04-18 10:00:00,0.0,278.5422298367757
2049-04-18 11:00:00,0.0,217.85669700399853
2049-04-18 12:00:00,0.0,136.65159551553415
2049-04-18 13:00:00,0.0,46.714762684224134
2049-04-18 14:00:00,0.0,0.0
2049-04-18 15:00:00,0.0,0.0
2049-04-18 16:00:00,0.0,0.0
2049-04-18 17:00:00,0.0,0.0
2049-04-18 18:00:00,0.0,0.0
2049-04-18 19:00:00,0.0,0.0
2049-04-18 20:00:00,0.0,0.0
2049-04-18 21:00:00,0.0,0.0
2049-04-18 22:00:00,0.0,0.0
2049-04-18 23:00:00,0.0,0.0
2049-04-19 00:00:00,0.0,0.0
2049-04-19 01:00:00,0.0,0.0
2049-04-19 02:00:00,0.0,23.139088058540924
2049-04-19 03:00:00,0.0,110.45640148699725
2049-04-19 04:00:00,0.0,196.900541781169
2049-04-19 05:00:00,0.0,263.2616999867958
2049-04-19 06:00:00,0.0,307.79352983530856
2049-04-19 07:00:00,0.0,329.6228581924226
2049-04-19 08:00:00,0.0,331.3692044609918
2049-04-19 09:00:00,0.0,313.0325686410159
2049-04-19 10:00:00,0.0,274.61295073249516
2049-04-19 11:00:00,0.0,214.80059103400257
2049-04-19 12:00:00,0.0,134.905249246965
2049-04-19 13:00:00,0.0,46.27817611708185
2049-04-19 14:00:00,0.0,0.0
2049-04-19 15:00:00,0.0,0.0
2049-04-19 16:00:00,0.0,0.0
2049-04-19 17:00:00,0.0,0.0
2049-04-19 18:00:00,0.0,0.0
2049-04-19 19:00:00,0.0,0.0
2049-04-19 20:00:00,0.0,0.0
2049-04-19 21:00:00,0.0,0.0
2049-04-19 22:00:00,0.0,0.0
2049-04-19 23:00:00,0.0,0.0
2049-04-20 00:00:00,0.0,0.0
2049-04-20 01:00:00,0.0,0.0
2049-04-20 02:00:00,0.0,23.139088058540924
2049-04-20 03:00:00,0.0,109.5832283527127
2049-04-20 04:00:00,0.0,195.59078207974218
2049-04-20 05:00:00,0.0,261.51535371822666
2049-04-20 06:00:00,0.0,305.17401043245485
2049-04-20 07:00:00,0.0,327.00333878956894
2049-04-20 08:00:00,0.0,329.18627162528037
2049-04-20 09:00:00,0.0,311.2862223724468
2049-04-20 10:00:00,0.0,272.86660446392597
2049-04-20 11:00:00,0.0,212.61765819829114
2049-04-20 12:00:00,0.0,133.1589029783959
2049-04-20 13:00:00,0.0,45.405002982797285
2049-04-20 14:00:00,0.0,0.0
2049-04-20 15:00:00,0.0,0.0
2049-04-20 16:00:00,0.0,0.0
2049-04-20 17:00:00,0.0,0.0
2049-04-20 18:00:00,0.0,0.0
2049-04-20 19:00:00,0.0,0.0
2049-04-20 20:00:00,0.0,0.0
2049-04-20 21:00:00,0.0,0.0
2049-04-20 22:00:00,0.0,0.0
2049-04-20 23:00:00,0.0,0.0
2049-04-21 00:00:00,0.0,0.0
2049-04-21 01:00:00,0.0,0.0
2049-04-21 02:00:00,0.0,23.139088058540924
2049-04-21 03:00:00,0.0,109.14664178557041
2049-04-21 04:00:00,0.0,194.7176089454576
2049-04-21 05:00:00,0.0,260.64218058394215
2049-04-21 06:00:00,0.0,302.9910775967435
2049-04-21 07:00:00,0.0,324.38381938671523
2049-04-21 08:00:00,0.0,326.13016565528443
2049-04-21 09:00:00,0.0,308.66670296959313
2049-04-21 10:00:00,0.0,270.2470850610723
2049-04-21 11:00:00,0.0,210.87131192972203
2049-04-21 12:00:00,0.0,131.84914327696904
2049-04-21 13:00:00,0.0,45.405002982797285
2049-04-21 14:00:00,0.0,0.0
2049-04-21 15:00:00,0.0,0.0
2049-04-21 16:00:00,0.0,0.0
2049-04-21 17:00:00,0.0,0.0
2049-04-21 18:00:00,0.0,0.0
2049-04-21 19:00:00,0.0,0.0
2049-04-21 20:00:00,0.0,0.0
2049-04-21 21:00:00,0.0,0.0
2049-04-21 22:00:00,0.0,0.0
2049-04-21 23:00:00,0.0,0.0
2049-04-22 00:00:00,0.0,0.0
2049-04-22 01:00:00,0.0,0.0
2049-04-22 02:00:00,0.0,23.575674625683206
2049-04-22 03:00:00,0.0,109.5832283527127
2049-04-22 04:00:00,0.0,195.1541955125999
2049-04-22 05:00:00,0.0,261.0787671510844
2049-04-22 06:00:00,0.0,304.73742386531256
2049-04-22 07:00:00,0.0,326.56675222242666
2049-04-22 08:00:00,0.0,328.749685058138
2049-04-22 09:00:00,0.0,309.97646267101993
2049-04-22 10:00:00,0.0,271.55684476249917
2049-04-22 11:00:00,0.0,212.18107163114885
2049-04-22 12:00:00,0.0,132.72231641125362
2049-04-22 13:00:00,0.0,45.84158954993957
2049-04-22 14:00:00,0.0,0.0
2049-04-22 15:00:00,0.0,0.0
2049-04-22 16:00:00,0.0,0.0
2049-04-22 17:00:00,0.0,0.0
2049-04-22 18:00:00,0.0,0.0
2049-04-22 19:00:00,0.0,0.0
2049-04-22 20:00:00,0.0,0.0
2049-04-22 21:00:00,0.0,0.0
2049-04-22 22:00:00,0.0,0.0
2049-04-22 23:00:00,0.0,0.0
2049-04-23 00:00:00,0.0,0.0
2049-04-23 01:00:00,0.0,0.0
2049-04-23 02:00:00,0.0,24.44884775996777
2049-04-23 03:00:00,0.0,111.76616118842409
2049-04-23 04:00:00,0.0,197.77371491545355
2049-04-23 05:00:00,0.0,264.1348731210804
2049-04-23 06:00:00,0.0,307.79352983530856
2049-04-23 07:00:00,0.0,329.18627162528037
2049-04-23 08:00:00,0.0,330.93261789384945
2049-04-23 09:00:00,0.0,312.59598207387364
2049-04-23 10:00:00,0.0,274.1763641653529
2049-04-23 11:00:00,0.0,214.80059103400257
2049-04-23 12:00:00,0.0,134.905249246965
2049-04-23 13:00:00,0.0,46.714762684224134
2049-04-23 14:00:00,0.0,0.0
2049-04-23 15:00:00,0.0,0.0
2049-04-23 16:00:00,0.0,0.0
2049-04-23 17:00:00,0.0,0.0
2049-04-23 18:00:00,0.0,0.0
2049-04-23 19:00:00,0.0,0.0
2049-04-23 20:00:00,0.0,0.0
2049-04-23 21:00:00,0.0,0.0
2049-04-23 22:00:00,0.0,0.0
2049-04-23 23:00:00,0.0,0.0
2049-04-24 00:00:00,0.0,0.0
2049-04-24 01:00:00,0.0,0.0
2049-04-24 02:00:00,0.0,24.44884775996777
2049-04-24 03:00:00,0.0,107.83688208414355
2049-04-24 04:00:00,0.0,191.22491640831936
2049-04-24 05:00:00,0.0,255.40314177823475
2049-04-24 06:00:00,0.0,298.1886253581784
2049-04-24 07:00:00,0.0,319.1447805810078
2049-04-24 08:00:00,0.0,319.58136714815015
2049-04-24 09:00:00,0.0,296.8788656567515
2049-04-24 10:00:00,0.0,256.7129014796616
2049-04-24 11:00:00,0.0,195.59078207974218
2049-04-24 12:00:00,0.0,117.44178656127376
2049-04-24 13:00:00,0.0,37.9830313413785
2049-04-24 14:00:00,0.0,0.0
2049-04-24 15:00:00,0.0,0.0
2049-04-24 16:00:00,0.0,0.0
2049-04-24 17:00:00,0.0,0.0
2049-04-24 18:00:00,0.0,0.0
2049-04-24 19:00:00,0.0,0.0
2049-04-24 20:00:00,0.0,0.0
2049-04-24 21:00:00,0.0,0.0
2049-04-24 22:00:00,0.0,0.0
2049-04-24 23:00:00,0.0,0.0
2049-04-25 00:00:00,0.0,0.0
2049-04-25 01:00:00,0.0,0.0
2049-04-25 02:00:00,0.0,19.20980895426039
2049-04-25 03:00:00,0.0,93.42952536844827
2049-04-25 04:00:00,0.0,175.94438655833952
2049-04-25 05:00:00,0.0,242.74213133110862
2049-04-25 06:00:00,0.0,289.02030744819047
2049-04-25 07:00:00,0.0,311.2862223724468
2049-04-25 08:00:00,0.0,312.59598207387364
2049-04-25 09:00:00,0.0,297.7520387910361
2049-04-25 10:00:00,0.0,258.4592477482307
2049-04-25 11:00:00,0.0,198.64688804973815
2049-04-25 12:00:00,0.0,120.934479098412
2049-04-25 13:00:00,0.0,41.039137311374475
2049-04-25 14:00:00,0.0,0.0
2049-04-25 15:00:00,0.0,0.0
2049-04-25 16:00:00,0.0,0.0
2049-04-25 17:00:00,0.0,0.0
2049-04-25 18:00:00,0.0,0.0
2049-04-25 19:00:00,0.0,0.0
2049-04-25 20:00:00,0.0,0.0
2049-04-25 21:00:00,0.0,0.0
2049-04-25 22:00:00,0.0,0.0
2049-04-25 23:00:00,0.0,0.0
2049-04-26 00:00:00,0.0,0.0
2049-04-26 01:00:00,0.0,0.0
2049-04-26 02:00:00,0.0,21.3927417899718
2049-04-26 03:00:00,0.0,99.10515074129792
2049-04-26 04:00:00,0.0,182.4931850654737
2049-04-26 05:00:00,0.0,248.85434327110053
2049-04-26 06:00:00,0.0,297.31545222389383
2049-04-26 07:00:00,0.0,318.7081940138656
2049-04-26 08:00:00,0.0,320.4545402824347
2049-04-26 09:00:00,0.0,303.864250731028
2049-04-26 10:00:00,0.0,264.57145968822266
2049-04-26 11:00:00,0.0,204.32251342258778
2049-04-26 12:00:00,0.0,125.73693133697711
2049-04-26 13:00:00,0.0,42.7854835799436
2049-04-26 14:00:00,0.0,0.0
2049-04-26 15:00:00,0.0,0.0
2049-04-26 16:00:00,0.0,0.0
2049-04-26 17:00:00,0.0,0.0
2049-04-26 18:00:00,0.0,0.0
2049-04-26 19:00:00,0.0,0.0
2049-04-26 20:00:00,0.0,0.0
2049-04-26 21:00:00,0.0,0.0
2049-04-26 22:00:00,0.0,0.0
2049-04-26 23:00:00,0.0,0.0
2049-04-27 00:00:00,0.0,0.0
2049-04-27 01:00:00,0.0,0.0
2049-04-27 02:00:00,0.0,22.702501491398642
2049-04-27 03:00:00,0.0,102.59784327843617
2049-04-27 04:00:00,0.0,186.42246416975425
2049-04-27 05:00:00,0.0,251.9104492410965
2049-04-27 06:00:00,0.0,296.8788656567515
2049-04-27 07:00:00,0.0,318.27160744672335
2049-04-27 08:00:00,0.0,320.0179537152924
2049-04-27 09:00:00,0.0,302.55449102960114
2049-04-27 10:00:00,0.0,264.1348731210804
2049-04-27 11:00:00,0.0,205.19568655687235
2049-04-27 12:00:00,0.0,127.48327760554623
2049-04-27 13:00:00,0.0,44.09524328137045
2049-04-27 14:00:00,0.0,0.0
2049-04-27 15:00:00,0.0,0.0
2049-04-27 16:00:00,0.0,0.0
2049-04-27 17:00:00,0.0,0.0
2049-04-27 18:00:00,0.0,0.0
2049-04-27 19:00:00,0.0,0.0
2049-04-27 20:00:00,0.0,0.0
2049-04-27 21:00:00,0.0,0.0
2049-04-27 22:00:00,0.0,0.0
2049-04-27 23:00:00,0.0,0.0
2049-04-28 00:00:00,0.0,0.0
2049-04-28 01:00:00,0.0,0.0
2049-04-28 02:00:00,0.0,24.012261192825488
2049-04-28 03:00:00,0.0,106.963708949859
2049-04-28 04:00:00,0.0,191.66150297546164
2049-04-28 05:00:00,0.0,256.7129014796616
2049-04-28 06:00:00,0.0,297.7520387910361
2049-04-28 07:00:00,0.0,318.27160744672335
2049-04-28 08:00:00,0.0,319.1447805810078
2049-04-28 09:00:00,0.0,302.11790446245885
2049-04-28 10:00:00,0.0,264.57145968822266
2049-04-28 11:00:00,0.0,206.06885969115694
2049-04-28 12:00:00,0.0,128.79303730697308
2049-04-28 13:00:00,0.0,44.968416415655014
2049-04-28 14:00:00,0.0,0.0
2049-04-28 15:00:00,0.0,0.0
2049-04-28 16:00:00,0.0,0.0
2049-04-28 17:00:00,0.0,0.0
2049-04-28 18:00:00,0.0,0.0
2049-04-28 19:00:00,0.0,0.0
2049-04-28 20:00:00,0.0,0.0
2049-04-28 21:00:00,0.0,0.0
2049-04-28 22:00:00,0.0,0.0
2049-04-28 23:00:00,0.0,0.0
2049-04-29 00:00:00,0.0,0.0
2049-04-29 01:00:00,0.0,0.0
2049-04-29 02:00:00,0.0,24.44884775996777
2049-04-29 03:00:00,0.0,105.65394924843216
2049-04-29 04:00:00,0.0,188.60539700546565
2049-04-29 05:00:00,0.0,251.03727610681193
2049-04-29 06:00:00,0.0,291.63982685104406
2049-04-29 07:00:00,0.0,313.0325686410159
2049-04-29 08:00:00,0.0,314.778914909585
2049-04-29 09:00:00,0.0,297.31545222389383
2049-04-29 10:00:00,0.0,260.20559401679986
2049-04-29 11:00:00,0.0,201.26640745259184
2049-04-29 12:00:00,0.0,124.42717163555027
2049-04-29 13:00:00,0.0,43.22207014708588
2049-04-29 14:00:00,0.0,0.0
2049-04-29 15:00:00,0.0,0.0
2049-04-29 16:00:00,0.0,0.0
2049-04-29 17:00:00,0.0,0.0
2049-04-29 18:00:00,0.0,0.0
2049-04-29 19:00:00,0.0,0.0
2049-04-29 20:00:00,0.0,0.0
2049-04-29 21:00:00,0.0,0.0
2049-04-29 22:00:00,0.0,0.0
2049-04-29 23:00:00,0.0,0.0
2049-04-30 00:00:00,0.0,0.0
2049-04-30 01:00:00,0.0,0.0
2049-04-30 02:00:00,0.0,21.3927417899718
2049-04-30 03:00:00,0.0,94.73928506987511
2049-04-30 04:00:00,0.0,175.07121342405495
2049-04-30 05:00:00,0.0,239.2494387939703
2049-04-30 06:00:00,0.0,282.03492237391396
2049-04-30 07:00:00,0.0,304.3008372981702
2049-04-30 08:00:00,0.0,306.04718356673936
2049-04-30 09:00:00,0.0,288.1471343139059
2049-04-30 10:00:00,0.0,249.7275164053851
2049-04-30 11:00:00,0.0,191.22491640831936
2049-04-30 12:00:00,0.0,116.13202685984692
2049-04-30 13:00:00,0.0,40.16596417708991
2049-04-30 14:00:00,0.0,0.0
2049-04-30 15:00:00,0.0,0.0
2049-04-30 16:00:00,0.0,0.0
2049-04-30 17:00:00,0.0,0.0
2049-04-30 18:00:00,0.0,0.0
2049-04-30 19:00:00,0.0,0.0
2049-04-30 20:00:00,0.0,0.0
2049-04-30 21:00:00,0.0,0.0
2049-04-30 22:00:00,0.0,0.0
2049-04-30 23:00:00,0.0,0.0
2049-05-01 00:00:00,0.0,0.0
2049-05-01 01:00:00,0.0,0.0
2049-05-01 02:00:00,0.0,23.139088058540924
2049-05-01 03:00:00,0.0,99.10515074129792
2049-05-01 04:00:00,0.0,179.00049252833546
2049-05-01 05:00:00,0.0,241.4323716296817
2049-05-01 06:00:00,0.0,283.3446820753408
2049-05-01 07:00:00,0.0,305.17401043245485
2049-05-01 08:00:00,0.0,307.3569432681663
2049-05-01 09:00:00,0.0,293.8227596867556
2049-05-01 10:00:00,0.0,255.40314177823475
2049-05-01 11:00:00,0.0,196.46395521402673
2049-05-01 12:00:00,0.0,120.06130596412744
2049-05-01 13:00:00,0.0,41.47572387851675
2049-05-01 14:00:00,0.0,0.0
2049-05-01 15:00:00,0.0,0.0
2049-05-01 16:00:00,0.0,0.0
2049-05-01 17:00:00,0.0,0.0
2049-05-01 18:00:00,0.0,0.0
2049-05-01 19:00:00,0.0,0.0
2049-05-01 20:00:00,0.0,0.0
2049-05-01 21:00:00,0.0,0.0
2049-05-01 22:00:00,0.0,0.0
2049-05-01 23:00:00,0.0,0.0
2049-05-02 00:00:00,0.0,0.0
2049-05-02 01:00:00,0.0,0.0
2049-05-02 02:00:00,0.0,24.44884775996777
2049-05-02 03:00:00,0.0,107.40029551700128
2049-05-02 04:00:00,0.0,192.97126267688847
2049-05-02 05:00:00,0.0,257.14948804680387
2049-05-02 06:00:00,0.0,299.49838505960525
2049-05-02 07:00:00,0.0,318.7081940138656
2049-05-02 08:00:00,0.0,318.7081940138656
2049-05-02 09:00:00,0.0,299.9349716267475
2049-05-02 10:00:00,0.0,261.51535371822666
2049-05-02 11:00:00,0.0,202.57616715401866
2049-05-02 12:00:00,0.0,125.73693133697711
2049-05-02 13:00:00,0.0,44.09524328137045
2049-05-02 14:00:00,0.0,0.0
2049-05-02 15:00:00,0.0,0.0
2049-05-02 16:00:00,0.0,0.0
2049-05-02 17:00:00,0.0,0.0
2049-05-02 18:00:00,0.0,0.0
2049-05-02 19:00:00,0.0,0.0
2049-05-02 20:00:00,0.0,0.0
2049-05-02 21:00:00,0.0,0.0
2049-05-02 22:00:00,0.0,0.0
2049-05-02 23:00:00,0.0,0.0
2049-05-03 00:00:00,0.0,0.0
2049-05-03 01:00:00,0.0,0.0
2049-05-03 02:00:00,0.0,24.885434327110055
2049-05-03 03:00:00,0.0,105.65394924843216
2049-05-03 04:00:00,0.0,189.47857013975022
2049-05-03 05:00:00,0.0,253.22020894252333
2049-05-03 06:00:00,0.0,294.6959328210401
2049-05-03 07:00:00,0.0,316.5252611781542
2049-05-03 08:00:00,0.0,318.7081940138656
2049-05-03 09:00:00,0.0,304.3008372981702
2049-05-03 10:00:00,0.0,266.3178059567918
2049-05-03 11:00:00,0.0,207.37861939258377
2049-05-03 12:00:00,0.0,129.22962387411536
2049-05-03 13:00:00,0.0,45.405002982797285
2049-05-03 14:00:00,0.0,0.0
2049-05-03 15:00:00,0.0,0.0
2049-05-03 16:00:00,0.0,0.0
2049-05-03 17:00:00,0.0,0.0
2049-05-03 18:00:00,0.0,0.0
2049-05-03 19:00:00,0.0,0.0
2049-05-03 20:00:00,0.0,0.0
2049-05-03 21:00:00,0.0,0.0
2049-05-03 22:00:00,0.0,0.0
2049-05-03 23:00:00,0.0,0.0
2049-05-04 00:00:00,0.0,0.0
2049-05-04 01:00:00,0.0,0.0
2049-05-04 02:00:00,0.0,25.322020894252336
2049-05-04 03:00:00,0.0,105.65394924843216
2049-05-04 04:00:00,0.0,187.7322238711811
2049-05-04 05:00:00,0.0,251.9104492410965
2049-05-04 06:00:00,0.0,294.25934625389783
2049-05-04 07:00:00,0.0,315.6520880438696
2049-05-04 08:00:00,0.0,317.835020879581
2049-05-04 09:00:00,0.0,301.2447313281743
2049-05-04 10:00:00,0.0,264.57145968822266
2049-05-04 11:00:00,0.0,207.37861939258377
2049-05-04 12:00:00,0.0,130.97597014268447
2049-05-04 13:00:00,0.0,47.15134925136641
2049-05-04 14:00:00,0.0,0.0
2049-05-04 15:00:00,0.0,0.0
2049-05-04 16:00:00,0.0,0.0
2049-05-04 17:00:00,0.0,0.0
2049-05-04 18:00:00,0.0,0.0
2049-05-04 19:00:00,0.0,0.0
2049-05-04 20:00:00,0.0,0.0
2049-05-04 21:00:00,0.0,0.0
2049-05-04 22:00:00,0.0,0.0
2049-05-04 23:00:00,0.0,0.0
2049-05-05 00:00:00,0.0,0.0
2049-05-05 01:00:00,0.0,0.0
2049-05-05 02:00:00,0.0,26.631780595679178
2049-05-05 03:00:00,0.0,110.01981491985497
2049-05-05 04:00:00,0.0,193.40784924403073
2049-05-05 05:00:00,0.0,256.7129014796616
2049-05-05 06:00:00,0.0,297.31545222389383
2049-05-05 07:00:00,0.0,319.58136714815015
2049-05-05 08:00:00,0.0,322.2008865510038
2049-05-05 09:00:00,0.0,305.17401043245485
2049-05-05 10:00:00,0.0,267.6275656582186
2049-05-05 11:00:00,0.0,209.56155222829517
2049-05-05 12:00:00,0.0,131.84914327696904
2049-05-05 13:00:00,0.0,47.15134925136641
2049-05-05 14:00:00,0.0,0.0
2049-05-05 15:00:00,0.0,0.0
2049-05-05 16:00:00,0.0,0.0
2049-05-05 17:00:00,0.0,0.0
2049-05-05 18:00:00,0.0,0.0
2049-05-05 19:00:00,0.0,0.0
2049-05-05 20:00:00,0.0,0.0
2049-05-05 21:00:00,0.0,0.0
2049-05-05 22:00:00,0.0,0.0
2049-05-05 23:00:00,0.0,0.0
2049-05-06 00:00:00,0.0,0.0
2049-05-06 01:00:00,0.0,0.0
2049-05-06 02:00:00,0.0,27.50495372996374
2049-05-06 03:00:00,0.0,111.32957462128182
2049-05-06 04:00:00,0.0,194.28102237831533
2049-05-06 05:00:00,0.0,254.96655521109247
2049-05-06 06:00:00,0.0,295.56910595532463
2049-05-06 07:00:00,0.0,316.5252611781542
2049-05-06 08:00:00,0.0,317.835020879581
2049-05-06 09:00:00,0.0,300.3715581938897
2049-05-06 10:00:00,0.0,263.2616999867958
2049-05-06 11:00:00,0.0,205.19568655687235
2049-05-06 12:00:00,0.0,128.79303730697308
2049-05-06 13:00:00,0.0,45.84158954993957
2049-05-06 14:00:00,0.0,0.0
2049-05-06 15:00:00,0.0,0.0
2049-05-06 16:00:00,0.0,0.0
2049-05-06 17:00:00,0.0,0.0
2049-05-06 18:00:00,0.0,0.0
2049-05-06 19:00:00,0.0,0.0
2049-05-06 20:00:00,0.0,0.0
2049-05-06 21:00:00,0.0,0.0
2049-05-06 22:00:00,0.0,0.0
2049-05-06 23:00:00,0.0,0.0
2049-05-07 00:00:00,0.0,0.0
2049-05-07 01:00:00,0.0,0.0
2049-05-07 02:00:00,0.0,24.885434327110055
2049-05-07 03:00:00,0.0,99.54173730844022
2049-05-07 04:00:00,0.0,178.56390596119317
2049-05-07 05:00:00,0.0,241.4323716296817
2049-05-07 06:00:00,0.0,287.27396117962127
2049-05-07 07:00:00,0.0,308.2301164024508
2049-05-07 08:00:00,0.0,309.5398761038777
2049-05-07 09:00:00,0.0,293.38617311961326
2049-05-07 10:00:00,0.0,255.83972834537707
2049-05-07 11:00:00,0.0,197.77371491545355
2049-05-07 12:00:00,0.0,122.68082536698113
2049-05-07 13:00:00,0.0,43.658656714228165
2049-05-07 14:00:00,0.0,0.0
2049-05-07 15:00:00,0.0,0.0
2049-05-07 16:00:00,0.0,0.0
2049-05-07 17:00:00,0.0,0.0
2049-05-07 18:00:00,0.0,0.0
2049-05-07 19:00:00,0.0,0.0
2049-05-07 20:00:00,0.0,0.0
2049-05-07 21:00:00,0.0,0.0
2049-05-07 22:00:00,0.0,0.0
2049-05-07 23:00:00,0.0,0.0
2049-05-08 00:00:00,0.0,0.0
2049-05-08 01:00:00,0.0,0.0
2049-05-08 02:00:00,0.0,22.702501491398642
2049-05-08 03:00:00,0.0,92.99293880130598
2049-05-08 04:00:00,0.0,170.26876118548984
2049-05-08 05:00:00,0.0,233.13722685397835
2049-05-08 06:00:00,0.0,276.79588356820653
2049-05-08 07:00:00,0.0,299.9349716267475
2049-05-08 08:00:00,0.0,303.4276641638857
2049-05-08 09:00:00,0.0,292.5129999853287
2049-05-08 10:00:00,0.0,255.40314177823475
2049-05-08 11:00:00,0.0,197.77371491545355
2049-05-08 12:00:00,0.0,123.1174119341234
2049-05-08 13:00:00,0.0,44.53182984851272
2049-05-08 14:00:00,0.0,0.0
2049-05-08 15:00:00,0.0,0.0
2049-05-08 16:00:00,0.0,0.0
2049-05-08 17:00:00,0.0,0.0
2049-05-08 18:00:00,0.0,0.0
2049-05-08 19:00:00,0.0,0.0
2049-05-08 20:00:00,0.0,0.0
2049-05-08 21:00:00,0.0,0.0
2049-05-08 22:00:00,0.0,0.0
2049-05-08 23:00:00,0.0,0.0
2049-05-09 00:00:00,0.0,0.0
2049-05-09 01:00:00,0.0,0.0
2049-05-09 02:00:00,0.0,25.758607461394618
2049-05-09 03:00:00,0.0,101.28808357700933
2049-05-09 04:00:00,0.0,180.74683879690457
2049-05-09 05:00:00,0.0,242.74213133110862
2049-05-09 06:00:00,0.0,288.1471343139059
2049-05-09 07:00:00,0.0,309.5398761038777
2049-05-09 08:00:00,0.0,310.41304923816216
2049-05-09 09:00:00,0.0,292.0764134181864
2049-05-09 10:00:00,0.0,254.0933820768079
2049-05-09 11:00:00,0.0,196.02736864688444
2049-05-09 12:00:00,0.0,121.37106566555431
2049-05-09 13:00:00,0.0,44.09524328137045
2049-05-09 14:00:00,0.0,0.0
2049-05-09 15:00:00,0.0,0.0
2049-05-09 16:00:00,0.0,0.0
2049-05-09 17:00:00,0.0,0.0
2049-05-09 18:00:00,0.0,0.0
2049-05-09 19:00:00,0.0,0.0
2049-05-09 20:00:00,0.0,0.0
2049-05-09 21:00:00,0.0,0.0
2049-05-09 22:00:00,0.0,0.0
2049-05-09 23:00:00,0.0,0.0
2049-05-10 00:00:00,0.0,0.0
2049-05-10 01:00:00,0.0,0.0
2049-05-10 02:00:00,0.0,26.195194028536896
2049-05-10 03:00:00,0.0,102.59784327843617
2049-05-10 04:00:00,0.0,182.05659849833143
2049-05-10 05:00:00,0.0,244.48847759967774
2049-05-10 06:00:00,0.0,285.96420147819447
2049-05-10 07:00:00,0.0,306.48377013388165
2049-05-10 08:00:00,0.0,307.79352983530856
2049-05-10 09:00:00,0.0,290.7666537167596
2049-05-10 10:00:00,0.0,253.22020894252333
2049-05-10 11:00:00,0.0,195.59078207974218
2049-05-10 12:00:00,0.0,121.37106566555431
2049-05-10 13:00:00,0.0,44.09524328137045
2049-05-10 14:00:00,0.0,0.0
2049-05-10 15:00:00,0.0,0.0
2049-05-10 16:00:00,0.0,0.0
2049-05-10 17:00:00,0.0,0.0
2049-05-10 18:00:00,0.0,0.0
2049-05-10 19:00:00,0.0,0.0
2049-05-10 20:00:00,0.0,0.0
2049-05-10 21:00:00,0.0,0.0
2049-05-10 22:00:00,0.0,0.0
2049-05-10 23:00:00,0.0,0.0
2049-05-11 00:00:00,0.0,0.0
2049-05-11 01:00:00,0.0,0.0
2049-05-11 02:00:00,0.0,25.758607461394618
2049-05-11 03:00:00,0.0,99.97832387558248
2049-05-11 04:00:00,0.0,178.1273193940509
2049-05-11 05:00:00,0.0,240.55919849539717
2049-05-11 06:00:00,0.0,284.2178552096254
2049-05-11 07:00:00,0.0,305.17401043245485
2049-05-11 08:00:00,0.0,306.920356701024
2049-05-11 09:00:00,0.0,291.20324028390183
2049-05-11 10:00:00,0.0,253.6567955096656
2049-05-11 11:00:00,0.0,196.900541781169
2049-05-11 12:00:00,0.0,122.24423879983884
2049-05-11 13:00:00,0.0,44.09524328137045
2049-05-11 14:00:00,0.0,0.0
2049-05-11 15:00:00,0.0,0.0
2049-05-11 16:00:00,0.0,0.0
2049-05-11 17:00:00,0.0,0.0
2049-05-11 18:00:00,0.0,0.0
2049-05-11 19:00:00,0.0,0.0
2049-05-11 20:00:00,0.0,0.0
2049-05-11 21:00:00,0.0,0.0
2049-05-11 22:00:00,0.0,0.0
2049-05-11 23:00:00,0.0,0.0
2049-05-12 00:00:00,0.0,0.0
2049-05-12 01:00:00,0.0,0.0
2049-05-12 02:00:00,0.0,26.631780595679178
2049-05-12 03:00:00,0.0,101.28808357700933
2049-05-12 04:00:00,0.0,180.31025222976228
2049-05-12 05:00:00,0.0,242.30554476396634
2049-05-12 06:00:00,0.0,285.0910283439099
2049-05-12 07:00:00,0.0,306.920356701024
2049-05-12 08:00:00,0.0,309.97646267101993
2049-05-12 09:00:00,0.0,292.94958655247103
2049-05-12 10:00:00,0.0,256.7129014796616
2049-05-12 11:00:00,0.0,200.39323431830724
2049-05-12 12:00:00,0.0,126.17351790411936
2049-05-12 13:00:00,0.0,46.714762684224134
2049-05-12 14:00:00,0.0,0.0
2049-05-12 15:00:00,0.0,0.0
2049-05-12 16:00:00,0.0,0.0
2049-05-12 17:00:00,0.0,0.0
2049-05-12 18:00:00,0.0,0.0
2049-05-12 19:00:00,0.0,0.0
2049-05-12 20:00:00,0.0,0.0
2049-05-12 21:00:00,0.0,0.0
2049-05-12 22:00:00,0.0,0.0
2049-05-12 23:00:00,0.0,0.0
2049-05-13 00:00:00,0.0,0.0
2049-05-13 01:00:00,0.0,0.0
2049-05-13 02:00:00,0.0,26.195194028536896
2049-05-13 03:00:00,0.0,100.41491044272477
2049-05-13 04:00:00,0.0,177.6907328269086
2049-05-13 05:00:00,0.0,239.6860253611126
2049-05-13 06:00:00,0.0,285.96420147819447
2049-05-13 07:00:00,0.0,306.48377013388165
2049-05-13 08:00:00,0.0,307.3569432681663
2049-05-13 09:00:00,0.0,290.7666537167596
2049-05-13 10:00:00,0.0,252.78362237538104
2049-05-13 11:00:00,0.0,195.59078207974218
2049-05-13 12:00:00,0.0,121.80765223269658
2049-05-13 13:00:00,0.0,44.53182984851272
2049-05-13 14:00:00,0.0,0.0
2049-05-13 15:00:00,0.0,0.0
2049-05-13 16:00:00,0.0,0.0
2049-05-13 17:00:00,0.0,0.0
2049-05-13 18:00:00,0.0,0.0
2049-05-13 19:00:00,0.0,0.0
2049-05-13 20:00:00,0.0,0.0
2049-05-13 21:00:00,0.0,0.0
2049-05-13 22:00:00,0.0,0.0
2049-05-13 23:00:00,0.0,0.0
2049-05-14 00:00:00,0.0,0.0
2049-05-14 01:00:00,0.0,0.0
2049-05-14 02:00:00,0.0,26.195194028536896
2049-05-14 03:00:00,0.0,99.54173730844022
2049-05-14 04:00:00,0.0,176.3809731254818
2049-05-14 05:00:00,0.0,237.93967909254349
2049-05-14 06:00:00,0.0,282.03492237391396
2049-05-14 07:00:00,0.0,302.11790446245885
2049-05-14 08:00:00,0.0,302.9910775967435
2049-05-14 09:00:00,0.0,285.0910283439099
2049-05-14 10:00:00,0.0,247.10799700253142
2049-05-14 11:00:00,0.0,189.9151567068925
2049-05-14 12:00:00,0.0,117.00519999413147
2049-05-14 13:00:00,0.0,42.7854835799436
2049-05-14 14:00:00,0.0,0.0
2049-05-14 15:00:00,0.0,0.0
2049-05-14 16:00:00,0.0,0.0
2049-05-14 17:00:00,0.0,0.0
2049-05-14 18:00:00,0.0,0.0
2049-05-14 19:00:00,0.0,0.0
2049-05-14 20:00:00,0.0,0.0
2049-05-14 21:00:00,0.0,0.0
2049-05-14 22:00:00,0.0,0.0
2049-05-14 23:00:00,0.0,0.0
2049-05-15 00:00:00,0.0,0.0
2049-05-15 01:00:00,0.0,0.0
2049-05-15 02:00:00,0.0,24.44884775996777
2049-05-15 03:00:00,0.0,94.73928506987511
2049-05-15 04:00:00,0.0,169.83217461834755
2049-05-15 05:00:00,0.0,231.39088058540923
2049-05-15 06:00:00,0.0,274.1763641653529
2049-05-15 07:00:00,0.0,295.1325193881824
2049-05-15 08:00:00,0.0,295.56910595532463
2049-05-15 09:00:00,0.0,280.72516267248704
2049-05-15 10:00:00,0.0,241.868958196824
2049-05-15 11:00:00,0.0,185.1127044683274
2049-05-15 12:00:00,0.0,113.51250745699323
2049-05-15 13:00:00,0.0,41.91231044565904
2049-05-15 14:00:00,0.0,0.0
2049-05-15 15:00:00,0.0,0.0
2049-05-15 16:00:00,0.0,0.0
2049-05-15 17:00:00,0.0,0.0
2049-05-15 18:00:00,0.0,0.0
2049-05-15 19:00:00,0.0,0.0
2049-05-15 20:00:00,0.0,0.0
2049-05-15 21:00:00,0.0,0.0
2049-05-15 22:00:00,0.0,0.0
2049-05-15 23:00:00,0.0,0.0
2049-05-16 00:00:00,0.0,0.0
2049-05-16 01:00:00,0.0,0.0
2049-05-16 02:00:00,0.0,18.33663581997583
2049-05-16 03:00:00,0.0,74.65630298133017
2049-05-16 04:00:00,0.0,140.5808746198147
2049-05-16 05:00:00,0.0,200.82982088544955
2049-05-16 06:00:00,0.0,255.83972834537707
2049-05-16 07:00:00,0.0,279.8519895382025
2049-05-16 08:00:00,0.0,284.2178552096254
2049-05-16 09:00:00,0.0,268.9373253596455
2049-05-16 10:00:00,0.0,227.898188048271
2049-05-16 11:00:00,0.0,170.70534775263212
2049-05-16 12:00:00,0.0,102.59784327843617
2049-05-16 13:00:00,0.0,37.109858207093936
2049-05-16 14:00:00,0.0,0.0
2049-05-16 15:00:00,0.0,0.0
2049-05-16 16:00:00,0.0,0.0
2049-05-16 17:00:00,0.0,0.0
2049-05-16 18:00:00,0.0,0.0
2049-05-16 19:00:00,0.0,0.0
2049-05-16 20:00:00,0.0,0.0
2049-05-16 21:00:00,0.0,0.0
2049-05-16 22:00:00,0.0,0.0
2049-05-16 23:00:00,0.0,0.0
2049-05-17 00:00:00,0.0,0.0
2049-05-17 01:00:00,0.0,0.0
2049-05-17 02:00:00,0.0,22.26591492425636
2049-05-17 03:00:00,0.0,90.81000596559457
2049-05-17 04:00:00,0.0,164.59313581264018
2049-05-17 05:00:00,0.0,225.7152552125596
2049-05-17 06:00:00,0.0,267.1909790910764
2049-05-17 07:00:00,0.0,288.5837208810482
2049-05-17 08:00:00,0.0,291.20324028390183
2049-05-17 09:00:00,0.0,282.9080955081985
2049-05-17 10:00:00,0.0,246.23482386824685
2049-05-17 11:00:00,0.0,190.3517432740348
2049-05-17 12:00:00,0.0,117.87837312841604
2049-05-17 13:00:00,0.0,44.09524328137045
2049-05-17 14:00:00,0.0,0.0
2049-05-17 15:00:00,0.0,0.0
2049-05-17 16:00:00,0.0,0.0
2049-05-17 17:00:00,0.0,0.0
2049-05-17 18:00:00,0.0,0.0
2049-05-17 19:00:00,0.0,0.0
2049-05-17 20:00:00,0.0,0.0
2049-05-17 21:00:00,0.0,0.0
2049-05-17 22:00:00,0.0,0.0
2049-05-17 23:00:00,0.0,0.0
2049-05-18 00:00:00,0.0,0.0
2049-05-18 01:00:00,0.0,0.0
2049-05-18 02:00:00,0.0,25.758607461394618
2049-05-18 03:00:00,0.0,92.5563522341637
2049-05-18 04:00:00,0.0,160.22727014121736
2049-05-18 05:00:00,0.0,214.80059103400257
2049-05-18 06:00:00,0.0,259.3324208825153
2049-05-18 07:00:00,0.0,276.79588356820653
2049-05-18 08:00:00,0.0,275.04953729963745
2049-05-18 09:00:00,0.0,260.20559401679986
2049-05-18 10:00:00,0.0,226.15184177970187
2049-05-18 11:00:00,0.0,164.1565492454979
2049-05-18 12:00:00,0.0,110.45640148699725
2049-05-18 13:00:00,0.0,42.7854835799436
2049-05-18 14:00:00,0.0,0.0
2049-05-18 15:00:00,0.0,0.0
2049-05-18 16:00:00,0.0,0.0
2049-05-18 17:00:00,0.0,0.0
2049-05-18 18:00:00,0.0,0.0
2049-05-18 19:00:00,0.0,0.0
2049-05-18 20:00:00,0.0,0.0
2049-05-18 21:00:00,0.0,0.0
2049-05-18 22:00:00,0.0,0.0
2049-05-18 23:00:00,0.0,0.0
2049-05-19 00:00:00,0.0,0.0
2049-05-19 01:00:00,0.0,0.0
2049-05-19 02:00:00,0.0,25.758607461394618
2049-05-19 03:00:00,0.0,95.1758716370174
2049-05-19 04:00:00,0.0,166.77606864835158
2049-05-19 05:00:00,0.0,223.53232237684819
2049-05-19 06:00:00,0.0,262.38852685251123
2049-05-19 07:00:00,0.0,270.2470850610723
2049-05-19 08:00:00,0.0,230.51770745112466
2049-05-19 09:00:00,0.0,229.20794774969784
2049-05-19 10:00:00,0.0,223.96890894399044
2049-05-19 11:00:00,0.0,182.4931850654737
2049-05-19 12:00:00,0.0,115.69544029270462
2049-05-19 13:00:00,0.0,42.34889701280131
2049-05-19 14:00:00,0.0,0.0
2049-05-19 15:00:00,0.0,0.0
2049-05-19 16:00:00,0.0,0.0
2049-05-19 17:00:00,0.0,0.0
2049-05-19 18:00:00,0.0,0.0
2049-05-19 19:00:00,0.0,0.0
2049-05-19 20:00:00,0.0,0.0
2049-05-19 21:00:00,0.0,0.0
2049-05-19 22:00:00,0.0,0.0
2049-05-19 23:00:00,0.0,0.0
2049-05-20 00:00:00,0.0,0.0
2049-05-20 01:00:00,0.0,0.0
2049-05-20 02:00:00,0.0,15.717116417122138
2049-05-20 03:00:00,0.0,63.30505223563083
2049-05-20 04:00:00,0.0,129.66621044125765
2049-05-20 05:00:00,0.0,194.28102237831533
2049-05-20 06:00:00,0.0,240.99578506253945
2049-05-20 07:00:00,0.0,271.1202581953569
2049-05-20 08:00:00,0.0,268.50073879250317
2049-05-20 09:00:00,0.0,244.92506416682002
2049-05-20 10:00:00,0.0,204.75909998973006
2049-05-20 11:00:00,0.0,157.1711641712214
2049-05-20 12:00:00,0.0,99.10515074129792
2049-05-20 13:00:00,0.0,38.419617908520785
2049-05-20 14:00:00,0.0,0.0
2049-05-20 15:00:00,0.0,0.0
2049-05-20 16:00:00,0.0,0.0
2049-05-20 17:00:00,0.0,0.0
2049-05-20 18:00:00,0.0,0.0
2049-05-20 19:00:00,0.0,0.0
2049-05-20 20:00:00,0.0,0.0
2049-05-20 21:00:00,0.0,0.0
2049-05-20 22:00:00,0.0,0.0
2049-05-20 23:00:00,0.0,0.0
2049-05-21 00:00:00,0.0,0.0
2049-05-21 01:00:00,0.0,0.0
2049-05-21 02:00:00,0.0,25.758607461394618
2049-05-21 03:00:00,0.0,98.66856417415565
2049-05-21 04:00:00,0.0,178.56390596119317
2049-05-21 05:00:00,0.0,241.4323716296817
2049-05-21 06:00:00,0.0,282.03492237391396
2049-05-21 07:00:00,0.0,299.9349716267475
2049-05-21 08:00:00,0.0,300.3715581938897
2049-05-21 09:00:00,0.0,284.2178552096254
2049-05-21 10:00:00,0.0,249.29092983824282
2049-05-21 11:00:00,0.0,194.28102237831533
2049-05-21 12:00:00,0.0,123.55399850126571
2049-05-21 13:00:00,0.0,46.714762684224134
2049-05-21 14:00:00,0.0,0.4365865671422816
2049-05-21 15:00:00,0.0,0.0
2049-05-21 16:00:00,0.0,0.0
2049-05-21 17:00:00,0.0,0.0
2049-05-21 18:00:00,0.0,0.0
2049-05-21 19:00:00,0.0,0.0
2049-05-21 20:00:00,0.0,0.0
2049-05-21 21:00:00,0.0,0.0
2049-05-21 22:00:00,0.0,0.0
2049-05-21 23:00:00,0.0,0.0
2049-05-22 00:00:00,0.0,0.0
2049-05-22 01:00:00,0.0,0.0
2049-05-22 02:00:00,0.0,27.06836716282146
2049-05-22 03:00:00,0.0,93.86611193559055
2049-05-22 04:00:00,0.0,160.66385670835965
2049-05-22 05:00:00,0.0,219.1664567054254
2049-05-22 06:00:00,0.0,270.2470850610723
2049-05-22 07:00:00,0.0,294.25934625389783
2049-05-22 08:00:00,0.0,296.8788656567515
2049-05-22 09:00:00,0.0,277.6690567024911
2049-05-22 10:00:00,0.0,239.2494387939703
2049-05-22 11:00:00,0.0,180.31025222976228
2049-05-22 12:00:00,0.0,107.40029551700128
2049-05-22 13:00:00,0.0,40.60255074423219
2049-05-22 14:00:00,0.0,0.0
2049-05-22 15:00:00,0.0,0.0
2049-05-22 16:00:00,0.0,0.0
2049-05-22 17:00:00,0.0,0.0
2049-05-22 18:00:00,0.0,0.0
2049-05-22 19:00:00,0.0,0.0
2049-05-22 20:00:00,0.0,0.0
2049-05-22 21:00:00,0.0,0.0
2049-05-22 22:00:00,0.0,0.0
2049-05-22 23:00:00,0.0,0.0
2049-05-23 00:00:00,0.0,0.0
2049-05-23 01:00:00,0.0,0.0
2049-05-23 02:00:00,0.0,20.519568655687237
2049-05-23 03:00:00,0.0,79.89534178703754
2049-05-23 04:00:00,0.0,152.36871193265628
2049-05-23 05:00:00,0.0,210.87131192972203
2049-05-23 06:00:00,0.0,257.14948804680387
2049-05-23 07:00:00,0.0,281.5983358067716
2049-05-23 08:00:00,0.0,286.40078804533675
2049-05-23 09:00:00,0.0,270.2470850610723
2049-05-23 10:00:00,0.0,233.57381342112063
2049-05-23 11:00:00,0.0,181.62001193118914
2049-05-23 12:00:00,0.0,116.13202685984692
2049-05-23 13:00:00,0.0,45.405002982797285
2049-05-23 14:00:00,0.0,0.4365865671422816
2049-05-23 15:00:00,0.0,0.0
2049-05-23 16:00:00,0.0,0.0
2049-05-23 17:00:00,0.0,0.0
2049-05-23 18:00:00,0.0,0.0
2049-05-23 19:00:00,0.0,0.0
2049-05-23 20:00:00,0.0,0.0
2049-05-23 21:00:00,0.0,0.0
2049-05-23 22:00:00,0.0,0.0
2049-05-23 23:00:00,0.0,0.0
2049-05-24 00:00:00,0.0,0.0
2049-05-24 01:00:00,0.0,0.0
2049-05-24 02:00:00,0.0,25.758607461394618
2049-05-24 03:00:00,0.0,93.42952536844827
2049-05-24 04:00:00,0.0,165.02972237978244
2049-05-24 05:00:00,0.0,224.84208207827504
2049-05-24 06:00:00,0.0,266.7543925239341
2049-05-24 07:00:00,0.0,288.1471343139059
2049-05-24 08:00:00,0.0,292.0764134181864
2049-05-24 09:00:00,0.0,280.2885761053448
2049-05-24 10:00:00,0.0,244.92506416682002
2049-05-24 11:00:00,0.0,190.78832984117707
2049-05-24 12:00:00,0.0,119.62471939698516
2049-05-24 13:00:00,0.0,45.405002982797285
2049-05-24 14:00:00,0.0,0.4365865671422816
2049-05-24 15:00:00,0.0,0.0
2049-05-24 16:00:00,0.0,0.0
2049-05-24 17:00:00,0.0,0.0
2049-05-24 18:00:00,0.0,0.0
2049-05-24 19:00:00,0.0,0.0
2049-05-24 20:00:00,0.0,0.0
2049-05-24 21:00:00,0.0,0.0
2049-05-24 22:00:00,0.0,0.0
2049-05-24 23:00:00,0.0,0.0
2049-05-25 00:00:00,0.0,0.0
2049-05-25 01:00:00,0.0,0.0
2049-05-25 02:00:00,0.0,27.50495372996374
2049-05-25 03:00:00,0.0,99.10515074129792
2049-05-25 04:00:00,0.0,173.7614537226281
2049-05-25 05:00:00,0.0,231.82746715255155
2049-05-25 06:00:00,0.0,275.92271043392196
2049-05-25 07:00:00,0.0,296.4422790896092
2049-05-25 08:00:00,0.0,298.6252119253207
2049-05-25 09:00:00,0.0,282.9080955081985
2049-05-25 10:00:00,0.0,247.5445835696737
2049-05-25 11:00:00,0.0,192.97126267688847
2049-05-25 12:00:00,0.0,121.80765223269658
2049-05-25 13:00:00,0.0,46.714762684224134
2049-05-25 14:00:00,0.0,0.8731731342845632
2049-05-25 15:00:00,0.0,0.0
2049-05-25 16:00:00,0.0,0.0
2049-05-25 17:00:00,0.0,0.0
2049-05-25 18:00:00,0.0,0.0
2049-05-25 19:00:00,0.0,0.0
2049-05-25 20:00:00,0.0,0.0
2049-05-25 21:00:00,0.0,0.0
2049-05-25 22:00:00,0.0,0.0
2049-05-25 23:00:00,0.0,0.0
2049-05-26 00:00:00,0.0,0.0
2049-05-26 01:00:00,0.0,0.0
2049-05-26 02:00:00,0.0,27.941540297106023
2049-05-26 03:00:00,0.0,99.54173730844022
2049-05-26 04:00:00,0.0,171.1419343197744
2049-05-26 05:00:00,0.0,229.20794774969784
2049-05-26 06:00:00,0.0,274.1763641653529
2049-05-26 07:00:00,0.0,297.31545222389383
2049-05-26 08:00:00,0.0,301.2447313281743
2049-05-26 09:00:00,0.0,283.3446820753408
2049-05-26 10:00:00,0.0,246.67141043538913
2049-05-26 11:00:00,0.0,191.22491640831936
2049-05-26 12:00:00,0.0,121.80765223269658
2049-05-26 13:00:00,0.0,48.024522385650975
2049-05-26 14:00:00,0.0,0.8731731342845632
2049-05-26 15:00:00,0.0,0.0
2049-05-26 16:00:00,0.0,0.0
2049-05-26 17:00:00,0.0,0.0
2049-05-26 18:00:00,0.0,0.0
2049-05-26 19:00:00,0.0,0.0
2049-05-26 20:00:00,0.0,0.0
2049-05-26 21:00:00,0.0,0.0
2049-05-26 22:00:00,0.0,0.0
2049-05-26 23:00:00,0.0,0.0
2049-05-27 00:00:00,0.0,0.0
2049-05-27 01:00:00,0.0,0.0
2049-05-27 02:00:00,0.0,27.06836716282146
2049-05-27 03:00:00,0.0,94.73928506987511
2049-05-27 04:00:00,0.0,166.3394820812093
2049-05-27 05:00:00,0.0,227.898188048271
2049-05-27 06:00:00,0.0,274.61295073249516
2049-05-27 07:00:00,0.0,300.3715581938897
2049-05-27 08:00:00,0.0,306.04718356673936
2049-05-27 09:00:00,0.0,291.63982685104406
2049-05-27 10:00:00,0.0,256.7129014796616
2049-05-27 11:00:00,0.0,201.26640745259184
2049-05-27 12:00:00,0.0,128.3564507398308
2049-05-27 13:00:00,0.0,49.334282087077824
2049-05-27 14:00:00,0.0,0.8731731342845632
2049-05-27 15:00:00,0.0,0.0
2049-05-27 16:00:00,0.0,0.0
2049-05-27 17:00:00,0.0,0.0
2049-05-27 18:00:00,0.0,0.0
2049-05-27 19:00:00,0.0,0.0
2049-05-27 20:00:00,0.0,0.0
2049-05-27 21:00:00,0.0,0.0
2049-05-27 22:00:00,0.0,0.0
2049-05-27 23:00:00,0.0,0.0
2049-05-28 00:00:00,0.0,0.0
2049-05-28 01:00:00,0.0,0.0
2049-05-28 02:00:00,0.0,26.631780595679178
2049-05-28 03:00:00,0.0,95.61245820415968
2049-05-28 04:00:00,0.0,172.88828058834352
2049-05-28 05:00:00,0.0,238.37626565968577
2049-05-28 06:00:00,0.0,281.5983358067716
2049-05-28 07:00:00,0.0,302.9910775967435
2049-05-28 08:00:00,0.0,304.73742386531256
2049-05-28 09:00:00,0.0,288.5837208810482
2049-05-28 10:00:00,0.0,254.52996864395018
2049-05-28 11:00:00,0.0,198.21030148259584
2049-05-28 12:00:00,0.0,118.7515462627006
2049-05-28 13:00:00,0.0,43.22207014708588
2049-05-28 14:00:00,0.0,0.8731731342845632
2049-05-28 15:00:00,0.0,0.0
2049-05-28 16:00:00,0.0,0.0
2049-05-28 17:00:00,0.0,0.0
2049-05-28 18:00:00,0.0,0.0
2049-05-28 19:00:00,0.0,0.0
2049-05-28 20:00:00,0.0,0.0
2049-05-28 21:00:00,0.0,0.0
2049-05-28 22:00:00,0.0,0.0
2049-05-28 23:00:00,0.0,0.0
2049-05-29 00:00:00,0.0,0.0
2049-05-29 01:00:00,0.0,0.0
2049-05-29 02:00:00,0.0,27.06836716282146
2049-05-29 03:00:00,0.0,94.73928506987511
2049-05-29 04:00:00,0.0,159.3540970069328
2049-05-29 05:00:00,0.0,219.1664567054254
2049-05-29 06:00:00,0.0,256.27631491251935
2049-05-29 07:00:00,0.0,283.78126864248304
2049-05-29 08:00:00,0.0,289.4568940153327
2049-05-29 09:00:00,0.0,275.92271043392196
2049-05-29 10:00:00,0.0,242.30554476396634
2049-05-29 11:00:00,0.0,189.47857013975022
2049-05-29 12:00:00,0.0,120.49789253126973
2049-05-29 13:00:00,0.0,47.5879358185087
2049-05-29 14:00:00,0.0,1.309759701426845
2049-05-29 15:00:00,0.0,0.0
2049-05-29 16:00:00,0.0,0.0
2049-05-29 17:00:00,0.0,0.0
2049-05-29 18:00:00,0.0,0.0
2049-05-29 19:00:00,0.0,0.0
2049-05-29 20:00:00,0.0,0.0
2049-05-29 21:00:00,0.0,0.0
2049-05-29 22:00:00,0.0,0.0
2049-05-29 23:00:00,0.0,0.0
2049-05-30 00:00:00,0.0,0.0
2049-05-30 01:00:00,0.0,0.0
2049-05-30 02:00:00,0.0,28.814713431390583
2049-05-30 03:00:00,0.0,96.48563133844424
2049-05-30 04:00:00,0.0,168.959001484063
2049-05-30 05:00:00,0.0,227.898188048271
2049-05-30 06:00:00,0.0,269.3739119267878
2049-05-30 07:00:00,0.0,291.20324028390183
2049-05-30 08:00:00,0.0,294.6959328210401
2049-05-30 09:00:00,0.0,279.41540297106025
2049-05-30 10:00:00,0.0,244.92506416682002
2049-05-30 11:00:00,0.0,191.66150297546164
2049-05-30 12:00:00,0.0,121.80765223269658
2049-05-30 13:00:00,0.0,47.15134925136641
2049-05-30 14:00:00,0.0,0.8731731342845632
2049-05-30 15:00:00,0.0,0.0
2049-05-30 16:00:00,0.0,0.0
2049-05-30 17:00:00,0.0,0.0
2049-05-30 18:00:00,0.0,0.0
2049-05-30 19:00:00,0.0,0.0
2049-05-30 20:00:00,0.0,0.0
2049-05-30 21:00:00,0.0,0.0
2049-05-30 22:00:00,0.0,0.0
2049-05-30 23:00:00,0.0,0.0
2049-05-31 00:00:00,0.0,0.0
2049-05-31 01:00:00,0.0,0.0
2049-05-31 02:00:00,0.0,26.195194028536896
2049-05-31 03:00:00,0.0,85.5709671598872
2049-05-31 04:00:00,0.0,139.27111491838784
2049-05-31 05:00:00,0.0,187.7322238711811
2049-05-31 06:00:00,0.0,231.39088058540923
2049-05-31 07:00:00,0.0,252.78362237538104
2049-05-31 08:00:00,0.0,250.16410297252733
2049-05-31 09:00:00,0.0,220.47621640685222
2049-05-31 10:00:00,0.0,179.43707909547774
2049-05-31 11:00:00,0.0,131.84914327696904
2049-05-31 12:00:00,0.0,79.45875521989525
2049-05-31 13:00:00,0.0,31.434232834244277
2049-05-31 14:00:00,0.0,0.0
2049-05-31 15:00:00,0.0,0.0
2049-05-31 16:00:00,0.0,0.0
2049-05-31 17:00:00,0.0,0.0
2049-05-31 18:00:00,0.0,0.0
2049-05-31 19:00:00,0.0,0.0
2049-05-31 20:00:00,0.0,0.0
2049-05-31 21:00:00,0.0,0.0
2049-05-31 22:00:00,0.0,0.0
2049-05-31 23:00:00,0.0,0.0
2049-06-01 00:00:00,0.0,0.0
2049-06-01 01:00:00,0.0,0.0
2049-06-01 02:00:00,0.0,24.44884775996777
2049-06-01 03:00:00,0.0,82.9514477570335
2049-06-01 04:00:00,0.0,140.5808746198147
2049-06-01 05:00:00,0.0,190.78832984117707
2049-06-01 06:00:00,0.0,229.20794774969784
2049-06-01 07:00:00,0.0,242.30554476396634
2049-06-01 08:00:00,0.0,230.95429401826695
2049-06-01 09:00:00,0.0,209.56155222829517
2049-06-01 10:00:00,0.0,179.87366566262003
2049-06-01 11:00:00,0.0,144.94674029123752
2049-06-01 12:00:00,0.0,101.28808357700933
2049-06-01 13:00:00,0.0,43.658656714228165
2049-06-01 14:00:00,0.0,1.309759701426845
2049-06-01 15:00:00,0.0,0.0
2049-06-01 16:00:00,0.0,0.0
2049-06-01 17:00:00,0.0,0.0
2049-06-01 18:00:00,0.0,0.0
2049-06-01 19:00:00,0.0,0.0
2049-06-01 20:00:00,0.0,0.0
2049-06-01 21:00:00,0.0,0.0
2049-06-01 22:00:00,0.0,0.0
2049-06-01 23:00:00,0.0,0.0
2049-06-02 00:00:00,0.0,0.0
2049-06-02 01:00:00,0.0,0.0
2049-06-02 02:00:00,0.0,17.900049252833547
2049-06-02 03:00:00,0.0,61.99529253420398
2049-06-02 04:00:00,0.0,112.20274775556636
2049-06-02 05:00:00,0.0,164.59313581264018
2049-06-02 06:00:00,0.0,212.18107163114885
2049-06-02 07:00:00,0.0,236.62991939111666
2049-06-02 08:00:00,0.0,235.7567462568321
2049-06-02 09:00:00,0.0,221.78597610827904
2049-06-02 10:00:00,0.0,187.7322238711811
2049-06-02 11:00:00,0.0,140.5808746198147
2049-06-02 12:00:00,0.0,91.68317909987914
2049-06-02 13:00:00,0.0,41.039137311374475
2049-06-02 14:00:00,0.0,1.309759701426845
2049-06-02 15:00:00,0.0,0.0
2049-06-02 16:00:00,0.0,0.0
2049-06-02 17:00:00,0.0,0.0
2049-06-02 18:00:00,0.0,0.0
2049-06-02 19:00:00,0.0,0.0
2049-06-02 20:00:00,0.0,0.0
2049-06-02 21:00:00,0.0,0.0
2049-06-02 22:00:00,0.0,0.0
2049-06-02 23:00:00,0.0,0.0
2049-06-03 00:00:00,0.0,0.0
2049-06-03 01:00:00,0.0,0.0
2049-06-03 02:00:00,0.0,24.44884775996777
2049-06-03 03:00:00,0.0,86.88072686131405
2049-06-03 04:00:00,0.0,161.1004432755019
2049-06-03 05:00:00,0.0,222.65914924256364
2049-06-03 06:00:00,0.0,268.0641522253609
2049-06-03 07:00:00,0.0,289.89348058247504
2049-06-03 08:00:00,0.0,291.63982685104406
2049-06-03 09:00:00,0.0,275.92271043392196
2049-06-03 10:00:00,0.0,240.12261192825494
2049-06-03 11:00:00,0.0,186.42246416975425
2049-06-03 12:00:00,0.0,117.44178656127376
2049-06-03 13:00:00,0.0,46.714762684224134
2049-06-03 14:00:00,0.0,1.309759701426845
2049-06-03 15:00:00,0.0,0.0
2049-06-03 16:00:00,0.0,0.0
2049-06-03 17:00:00,0.0,0.0
2049-06-03 18:00:00,0.0,0.0
2049-06-03 19:00:00,0.0,0.0
2049-06-03 20:00:00,0.0,0.0
2049-06-03 21:00:00,0.0,0.0
2049-06-03 22:00:00,0.0,0.0
2049-06-03 23:00:00,0.0,0.0
2049-06-04 00:00:00,0.0,0.0
2049-06-04 01:00:00,0.0,0.0
2049-06-04 02:00:00,0.0,25.758607461394618
2049-06-04 03:00:00,0.0,90.37341939845228
2049-06-04 04:00:00,0.0,161.5370298426442
2049-06-04 05:00:00,0.0,221.3493895411368
2049-06-04 06:00:00,0.0,266.7543925239341
2049-06-04 07:00:00,0.0,291.63982685104406
2049-06-04 08:00:00,0.0,296.4422790896092
2049-06-04 09:00:00,0.0,282.03492237391396
2049-06-04 10:00:00,0.0,247.10799700253142
2049-06-04 11:00:00,0.0,192.5346761097462
2049-06-04 12:00:00,0.0,122.68082536698113
2049-06-04 13:00:00,0.0,48.46110895279326
2049-06-04 14:00:00,0.0,1.309759701426845
2049-06-04 15:00:00,0.0,0.0
2049-06-04 16:00:00,0.0,0.0
2049-06-04 17:00:00,0.0,0.0
2049-06-04 18:00:00,0.0,0.0
2049-06-04 19:00:00,0.0,0.0
2049-06-04 20:00:00,0.0,0.0
2049-06-04 21:00:00,0.0,0.0
2049-06-04 22:00:00,0.0,0.0
2049-06-04 23:00:00,0.0,0.0
2049-06-05 00:00:00,0.0,0.0
2049-06-05 01:00:00,0.0,0.0
2049-06-05 02:00:00,0.0,28.37812686424831
2049-06-05 03:00:00,0.0,92.11976566702141
2049-06-05 04:00:00,0.0,155.42481790265225
2049-06-05 05:00:00,0.0,213.4908313325757
2049-06-05 06:00:00,0.0,258.895834315373
2049-06-05 07:00:00,0.0,282.9080955081985
2049-06-05 08:00:00,0.0,283.3446820753408
2049-06-05 09:00:00,0.0,265.00804625536495
2049-06-05 10:00:00,0.0,218.29328357114082
2049-06-05 11:00:00,0.0,161.1004432755019
2049-06-05 12:00:00,0.0,103.03442984557847
2049-06-05 13:00:00,0.0,47.15134925136641
2049-06-05 14:00:00,0.0,1.7463462685691264
2049-06-05 15:00:00,0.0,0.0
2049-06-05 16:00:00,0.0,0.0
2049-06-05 17:00:00,0.0,0.0
2049-06-05 18:00:00,0.0,0.0
2049-06-05 19:00:00,0.0,0.0
2049-06-05 20:00:00,0.0,0.0
2049-06-05 21:00:00,0.0,0.0
2049-06-05 22:00:00,0.0,0.0
2049-06-05 23:00:00,0.0,0.0
2049-06-06 00:00:00,0.0,0.0
2049-06-06 01:00:00,0.0,0.0
2049-06-06 02:00:00,0.0,26.631780595679178
2049-06-06 03:00:00,0.0,82.51486118989122
2049-06-06 04:00:00,0.0,138.83452835124555
2049-06-06 05:00:00,0.0,189.9151567068925
2049-06-06 06:00:00,0.0,232.26405371969383
2049-06-06 07:00:00,0.0,256.7129014796616
2049-06-06 08:00:00,0.0,264.1348731210804
2049-06-06 09:00:00,0.0,253.6567955096656
2049-06-06 10:00:00,0.0,224.40549551113273
2049-06-06 11:00:00,0.0,178.56390596119317
2049-06-06 12:00:00,0.0,115.69544029270462
2049-06-06 13:00:00,0.0,48.024522385650975
2049-06-06 14:00:00,0.0,1.7463462685691264
2049-06-06 15:00:00,0.0,0.0
2049-06-06 16:00:00,0.0,0.0
2049-06-06 17:00:00,0.0,0.0
2049-06-06 18:00:00,0.0,0.0
2049-06-06 19:00:00,0.0,0.0
2049-06-06 20:00:00,0.0,0.0
2049-06-06 21:00:00,0.0,0.0
2049-06-06 22:00:00,0.0,0.0
2049-06-06 23:00:00,0.0,0.0
2049-06-07 00:00:00,0.0,0.0
2049-06-07 01:00:00,0.0,0.0
2049-06-07 02:00:00,0.0,25.322020894252336
2049-06-07 03:00:00,0.0,76.83923581704155
2049-06-07 04:00:00,0.0,124.42717163555027
2049-06-07 05:00:00,0.0,162.84678954407104
2049-06-07 06:00:00,0.0,195.1541955125999
2049-06-07 07:00:00,0.0,217.42011043685625
2049-06-07 08:00:00,0.0,225.27866864541733
2049-06-07 09:00:00,0.0,212.61765819829114
2049-06-07 10:00:00,0.0,185.98587760261196
2049-06-07 11:00:00,0.0,144.51015372409523
2049-06-07 12:00:00,0.0,90.37341939845228
2049-06-07 13:00:00,0.0,34.92692537138253
2049-06-07 14:00:00,0.0,0.4365865671422816
2049-06-07 15:00:00,0.0,0.0
2049-06-07 16:00:00,0.0,0.0
2049-06-07 17:00:00,0.0,0.0
2049-06-07 18:00:00,0.0,0.0
2049-06-07 19:00:00,0.0,0.0
2049-06-07 20:00:00,0.0,0.0
2049-06-07 21:00:00,0.0,0.0
2049-06-07 22:00:00,0.0,0.0
2049-06-07 23:00:00,0.0,0.0
2049-06-08 00:00:00,0.0,0.0
2049-06-08 01:00:00,0.0,0.0
2049-06-08 02:00:00,0.0,21.829328357114083
2049-06-08 03:00:00,0.0,77.27582238418384
2049-06-08 04:00:00,0.0,145.3833268583798
2049-06-08 05:00:00,0.0,202.13958058687638
2049-06-08 06:00:00,0.0,245.36165073396225
2049-06-08 07:00:00,0.0,271.1202581953569
2049-06-08 08:00:00,0.0,277.2324701353488
2049-06-08 09:00:00,0.0,262.38852685251123
2049-06-08 10:00:00,0.0,230.08112088398244
2049-06-08 11:00:00,0.0,179.00049252833546
2049-06-08 12:00:00,0.0,115.25885372556233
2049-06-08 13:00:00,0.0,48.024522385650975
2049-06-08 14:00:00,0.0,1.7463462685691264
2049-06-08 15:00:00,0.0,0.0
2049-06-08 16:00:00,0.0,0.0
2049-06-08 17:00:00,0.0,0.0
2049-06-08 18:00:00,0.0,0.0
2049-06-08 19:00:00,0.0,0.0
2049-06-08 20:00:00,0.0,0.0
2049-06-08 21:00:00,0.0,0.0
2049-06-08 22:00:00,0.0,0.0
2049-06-08 23:00:00,0.0,0.0
2049-06-09 00:00:00,0.0,0.0
2049-06-09 01:00:00,0.0,0.0
2049-06-09 02:00:00,0.0,28.814713431390583
2049-06-09 03:00:00,0.0,96.48563133844424
2049-06-09 04:00:00,0.0,167.64924178263615
2049-06-09 05:00:00,0.0,222.65914924256364
2049-06-09 06:00:00,0.0,261.0787671510844
2049-06-09 07:00:00,0.0,282.03492237391396
2049-06-09 08:00:00,0.0,283.78126864248304
2049-06-09 09:00:00,0.0,267.6275656582186
2049-06-09 10:00:00,0.0,234.01039998826295
2049-06-09 11:00:00,0.0,181.62001193118914
2049-06-09 12:00:00,0.0,115.25885372556233
2049-06-09 13:00:00,0.0,46.714762684224134
2049-06-09 14:00:00,0.0,1.7463462685691264
2049-06-09 15:00:00,0.0,0.0
2049-06-09 16:00:00,0.0,0.0
2049-06-09 17:00:00,0.0,0.0
2049-06-09 18:00:00,0.0,0.0
2049-06-09 19:00:00,0.0,0.0
2049-06-09 20:00:00,0.0,0.0
2049-06-09 21:00:00,0.0,0.0
2049-06-09 22:00:00,0.0,0.0
2049-06-09 23:00:00,0.0,0.0
2049-06-10 00:00:00,0.0,0.0
2049-06-10 01:00:00,0.0,0.0
2049-06-10 02:00:00,0.0,28.37812686424831
2049-06-10 03:00:00,0.0,94.73928506987511
2049-06-10 04:00:00,0.0,159.79068357407508
2049-06-10 05:00:00,0.0,216.54693730257168
2049-06-10 06:00:00,0.0,257.58607461394615
2049-06-10 07:00:00,0.0,275.92271043392196
2049-06-10 08:00:00,0.0,275.92271043392196
2049-06-10 09:00:00,0.0,255.83972834537707
2049-06-10 10:00:00,0.0,220.03962983970993
2049-06-10 11:00:00,0.0,168.08582834977844
2049-06-10 12:00:00,0.0,103.90760297986303
2049-06-10 13:00:00,0.0,41.91231044565904
2049-06-10 14:00:00,0.0,1.309759701426845
2049-06-10 15:00:00,0.0,0.0
2049-06-10 16:00:00,0.0,0.0
2049-06-10 17:00:00,0.0,0.0
2049-06-10 18:00:00,0.0,0.0
2049-06-10 19:00:00,0.0,0.0
2049-06-10 20:00:00,0.0,0.0
2049-06-10 21:00:00,0.0,0.0
2049-06-10 22:00:00,0.0,0.0
2049-06-10 23:00:00,0.0,0.0
2049-06-11 00:00:00,0.0,0.0
2049-06-11 01:00:00,0.0,0.0
2049-06-11 02:00:00,0.0,25.322020894252336
2049-06-11 03:00:00,0.0,83.82462089131808
2049-06-11 04:00:00,0.0,142.3272208883838
2049-06-11 05:00:00,0.0,202.13958058687638
2049-06-11 06:00:00,0.0,249.7275164053851
2049-06-11 07:00:00,0.0,269.81049849393
2049-06-11 08:00:00,0.0,274.1763641653529
2049-06-11 09:00:00,0.0,260.20559401679986
2049-06-11 10:00:00,0.0,220.9128029739945
2049-06-11 11:00:00,0.0,169.83217461834755
2049-06-11 12:00:00,0.0,105.65394924843216
2049-06-11 13:00:00,0.0,44.09524328137045
2049-06-11 14:00:00,0.0,1.309759701426845
2049-06-11 15:00:00,0.0,0.0
2049-06-11 16:00:00,0.0,0.0
2049-06-11 17:00:00,0.0,0.0
2049-06-11 18:00:00,0.0,0.0
2049-06-11 19:00:00,0.0,0.0
2049-06-11 20:00:00,0.0,0.0
2049-06-11 21:00:00,0.0,0.0
2049-06-11 22:00:00,0.0,0.0
2049-06-11 23:00:00,0.0,0.0
2049-06-12 00:00:00,0.0,0.0
2049-06-12 01:00:00,0.0,0.0
2049-06-12 02:00:00,0.0,24.44884775996777
2049-06-12 03:00:00,0.0,75.966062682757
2049-06-12 04:00:00,0.0,136.65159551553415
2049-06-12 05:00:00,0.0,196.46395521402673
2049-06-12 06:00:00,0.0,235.7567462568321
2049-06-12 07:00:00,0.0,259.7690074496576
2049-06-12 08:00:00,0.0,264.57145968822266
2049-06-12 09:00:00,0.0,250.60068953966965
2049-06-12 10:00:00,0.0,210.87131192972203
2049-06-12 11:00:00,0.0,153.24188506694082
2049-06-12 12:00:00,0.0,92.99293880130598
2049-06-12 13:00:00,0.0,37.109858207093936
2049-06-12 14:00:00,0.0,0.8731731342845632
2049-06-12 15:00:00,0.0,0.0
2049-06-12 16:00:00,0.0,0.0
2049-06-12 17:00:00,0.0,0.0
2049-06-12 18:00:00,0.0,0.0
2049-06-12 19:00:00,0.0,0.0
2049-06-12 20:00:00,0.0,0.0
2049-06-12 21:00:00,0.0,0.0
2049-06-12 22:00:00,0.0,0.0
2049-06-12 23:00:00,0.0,0.0
2049-06-13 00:00:00,0.0,0.0
2049-06-13 01:00:00,0.0,0.0
2049-06-13 02:00:00,0.0,19.646395521402674
2049-06-13 03:00:00,0.0,75.09288954847243
2049-06-13 04:00:00,0.0,136.65159551553415
2049-06-13 05:00:00,0.0,185.98587760261196
2049-06-13 06:00:00,0.0,215.6737641682871
2049-06-13 07:00:00,0.0,240.55919849539717
2049-06-13 08:00:00,0.0,246.23482386824685
2049-06-13 09:00:00,0.0,237.93967909254349
2049-06-13 10:00:00,0.0,206.06885969115694
2049-06-13 11:00:00,0.0,155.42481790265225
2049-06-13 12:00:00,0.0,98.23197760701336
2049-06-13 13:00:00,0.0,40.60255074423219
2049-06-13 14:00:00,0.0,1.309759701426845
2049-06-13 15:00:00,0.0,0.0
2049-06-13 16:00:00,0.0,0.0
2049-06-13 17:00:00,0.0,0.0
2049-06-13 18:00:00,0.0,0.0
2049-06-13 19:00:00,0.0,0.0
2049-06-13 20:00:00,0.0,0.0
2049-06-13 21:00:00,0.0,0.0
2049-06-13 22:00:00,0.0,0.0
2049-06-13 23:00:00,0.0,0.0
2049-06-14 00:00:00,0.0,0.0
2049-06-14 01:00:00,0.0,0.0
2049-06-14 02:00:00,0.0,20.95615522282952
2049-06-14 03:00:00,0.0,72.90995671276102
2049-06-14 04:00:00,0.0,128.3564507398308
2049-06-14 05:00:00,0.0,176.3809731254818
2049-06-14 06:00:00,0.0,219.60304327256765
2049-06-14 07:00:00,0.0,243.17871789825085
2049-06-14 08:00:00,0.0,236.62991939111666
2049-06-14 09:00:00,0.0,219.1664567054254
2049-06-14 10:00:00,0.0,188.60539700546565
2049-06-14 11:00:00,0.0,145.81991342552203
2049-06-14 12:00:00,0.0,89.93683283131001
2049-06-14 13:00:00,0.0,36.23668507280938
2049-06-14 14:00:00,0.0,0.8731731342845632
2049-06-14 15:00:00,0.0,0.0
2049-06-14 16:00:00,0.0,0.0
2049-06-14 17:00:00,0.0,0.0
2049-06-14 18:00:00,0.0,0.0
2049-06-14 19:00:00,0.0,0.0
2049-06-14 20:00:00,0.0,0.0
2049-06-14 21:00:00,0.0,0.0
2049-06-14 22:00:00,0.0,0.0
2049-06-14 23:00:00,0.0,0.0
2049-06-15 00:00:00,0.0,0.0
2049-06-15 01:00:00,0.0,0.0
2049-06-15 02:00:00,0.0,23.139088058540924
2049-06-15 03:00:00,0.0,76.40264924989928
2049-06-15 04:00:00,0.0,134.03207611268044
2049-06-15 05:00:00,0.0,187.29563730403882
2049-06-15 06:00:00,0.0,220.03962983970993
2049-06-15 07:00:00,0.0,229.64453431684015
2049-06-15 08:00:00,0.0,219.60304327256765
2049-06-15 09:00:00,0.0,199.08347461688044
2049-06-15 10:00:00,0.0,173.7614537226281
2049-06-15 11:00:00,0.0,136.21500894839184
2049-06-15 12:00:00,0.0,84.26120745846036
2049-06-15 13:00:00,0.0,34.05375223709796
2049-06-15 14:00:00,0.0,0.4365865671422816
2049-06-15 15:00:00,0.0,0.0
2049-06-15 16:00:00,0.0,0.0
2049-06-15 17:00:00,0.0,0.0
2049-06-15 18:00:00,0.0,0.0
2049-06-15 19:00:00,0.0,0.0
2049-06-15 20:00:00,0.0,0.0
2049-06-15 21:00:00,0.0,0.0
2049-06-15 22:00:00,0.0,0.0
2049-06-15 23:00:00,0.0,0.0
2049-06-16 00:00:00,0.0,0.0
2049-06-16 01:00:00,0.0,0.0
2049-06-16 02:00:00,0.0,14.843943282837575
2049-06-16 03:00:00,0.0,49.77086865422011
2049-06-16 04:00:00,0.0,88.1904865627409
2049-06-16 05:00:00,0.0,126.17351790411936
2049-06-16 06:00:00,0.0,145.81991342552203
2049-06-16 07:00:00,0.0,146.25649999266435
2049-06-16 08:00:00,0.0,123.99058506840797
2049-06-16 09:00:00,0.0,101.28808357700933
2049-06-16 10:00:00,0.0,83.38803432417579
2049-06-16 11:00:00,0.0,58.93918656420802
2049-06-16 12:00:00,0.0,27.06836716282146
2049-06-16 13:00:00,0.0,6.985385074276506
2049-06-16 14:00:00,0.0,0.0
2049-06-16 15:00:00,0.0,0.0
2049-06-16 16:00:00,0.0,0.0
2049-06-16 17:00:00,0.0,0.0
2049-06-16 18:00:00,0.0,0.0
2049-06-16 19:00:00,0.0,0.0
2049-06-16 20:00:00,0.0,0.0
2049-06-16 21:00:00,0.0,0.0
2049-06-16 22:00:00,0.0,0.0
2049-06-16 23:00:00,0.0,0.0
2049-06-17 00:00:00,0.0,0.0
2049-06-17 01:00:00,0.0,0.0
2049-06-17 02:00:00,0.0,19.646395521402674
2049-06-17 03:00:00,0.0,68.10750447419592
2049-06-17 04:00:00,0.0,120.934479098412
2049-06-17 05:00:00,0.0,168.959001484063
2049-06-17 06:00:00,0.0,218.29328357114082
2049-06-17 07:00:00,0.0,241.868958196824
2049-06-17 08:00:00,0.0,248.41775670395825
2049-06-17 09:00:00,0.0,234.88357312254752
2049-06-17 10:00:00,0.0,209.12496566115288
2049-06-17 11:00:00,0.0,161.5370298426442
2049-06-17 12:00:00,0.0,101.28808357700933
2049-06-17 13:00:00,0.0,41.039137311374475
2049-06-17 14:00:00,0.0,1.309759701426845
2049-06-17 15:00:00,0.0,0.0
2049-06-17 16:00:00,0.0,0.0
2049-06-17 17:00:00,0.0,0.0
2049-06-17 18:00:00,0.0,0.0
2049-06-17 19:00:00,0.0,0.0
2049-06-17 20:00:00,0.0,0.0
2049-06-17 21:00:00,0.0,0.0
2049-06-17 22:00:00,0.0,0.0
2049-06-17 23:00:00,0.0,0.0
2049-06-18 00:00:00,0.0,0.0
2049-06-18 01:00:00,0.0,0.0
2049-06-18 02:00:00,0.0,21.829328357114083
2049-06-18 03:00:00,0.0,79.02216865275297
2049-06-18 04:00:00,0.0,149.31260596266034
2049-06-18 05:00:00,0.0,210.87131192972203
2049-06-18 06:00:00,0.0,256.7129014796616
2049-06-18 07:00:00,0.0,278.97881640391796
2049-06-18 08:00:00,0.0,278.5422298367757
2049-06-18 09:00:00,0.0,268.0641522253609
2049-06-18 10:00:00,0.0,229.20794774969784
2049-06-18 11:00:00,0.0,169.83217461834755
2049-06-18 12:00:00,0.0,106.09053581557443
2049-06-18 13:00:00,0.0,41.91231044565904
2049-06-18 14:00:00,0.0,1.309759701426845
2049-06-18 15:00:00,0.0,0.0
2049-06-18 16:00:00,0.0,0.0
2049-06-18 17:00:00,0.0,0.0
2049-06-18 18:00:00,0.0,0.0
2049-06-18 19:00:00,0.0,0.0
2049-06-18 20:00:00,0.0,0.0
2049-06-18 21:00:00,0.0,0.0
2049-06-18 22:00:00,0.0,0.0
2049-06-18 23:00:00,0.0,0.0
2049-06-19 00:00:00,0.0,0.0
2049-06-19 01:00:00,0.0,0.0
2049-06-19 02:00:00,0.0,27.50495372996374
2049-06-19 03:00:00,0.0,93.86611193559055
2049-06-19 04:00:00,0.0,165.02972237978244
2049-06-19 05:00:00,0.0,222.65914924256364
2049-06-19 06:00:00,0.0,262.38852685251123
2049-06-19 07:00:00,0.0,281.1617492396294
2049-06-19 08:00:00,0.0,281.5983358067716
2049-06-19 09:00:00,0.0,265.44463282250723
2049-06-19 10:00:00,0.0,231.39088058540923
2049-06-19 11:00:00,0.0,179.43707909547774
2049-06-19 12:00:00,0.0,112.63933432270866
2049-06-19 13:00:00,0.0,45.405002982797285
2049-06-19 14:00:00,0.0,1.7463462685691264
2049-06-19 15:00:00,0.0,0.0
2049-06-19 16:00:00,0.0,0.0
2049-06-19 17:00:00,0.0,0.0
2049-06-19 18:00:00,0.0,0.0
2049-06-19 19:00:00,0.0,0.0
2049-06-19 20:00:00,0.0,0.0
2049-06-19 21:00:00,0.0,0.0
2049-06-19 22:00:00,0.0,0.0
2049-06-19 23:00:00,0.0,0.0
2049-06-20 00:00:00,0.0,0.0
2049-06-20 01:00:00,0.0,0.0
2049-06-20 02:00:00,0.0,28.814713431390583
2049-06-20 03:00:00,0.0,102.16125671129389
2049-06-20 04:00:00,0.0,178.1273193940509
2049-06-20 05:00:00,0.0,237.93967909254349
2049-06-20 06:00:00,0.0,277.2324701353488
2049-06-20 07:00:00,0.0,296.8788656567515
2049-06-20 08:00:00,0.0,298.6252119253207
2049-06-20 09:00:00,0.0,281.1617492396294
2049-06-20 10:00:00,0.0,243.61530446539317
2049-06-20 11:00:00,0.0,185.1127044683274
2049-06-20 12:00:00,0.0,112.20274775556636
2049-06-20 13:00:00,0.0,41.91231044565904
2049-06-20 14:00:00,0.0,0.8731731342845632
2049-06-20 15:00:00,0.0,0.0
2049-06-20 16:00:00,0.0,0.0
2049-06-20 17:00:00,0.0,0.0
2049-06-20 18:00:00,0.0,0.0
2049-06-20 19:00:00,0.0,0.0
2049-06-20 20:00:00,0.0,0.0
2049-06-20 21:00:00,0.0,0.0
2049-06-20 22:00:00,0.0,0.0
2049-06-20 23:00:00,0.0,0.0
2049-06-21 00:00:00,0.0,0.0
2049-06-21 01:00:00,0.0,0.0
2049-06-21 02:00:00,0.0,21.829328357114083
2049-06-21 03:00:00,0.0,79.45875521989525
2049-06-21 04:00:00,0.0,146.69308655980663
2049-06-21 05:00:00,0.0,204.32251342258778
2049-06-21 06:00:00,0.0,266.3178059567918
2049-06-21 07:00:00,0.0,286.40078804533675
2049-06-21 08:00:00,0.0,287.7105477467636
2049-06-21 09:00:00,0.0,269.81049849393
2049-06-21 10:00:00,0.0,233.57381342112063
2049-06-21 11:00:00,0.0,179.43707909547774
2049-06-21 12:00:00,0.0,113.07592088985093
2049-06-21 13:00:00,0.0,45.405002982797285
2049-06-21 14:00:00,0.0,1.7463462685691264
2049-06-21 15:00:00,0.0,0.0
2049-06-21 16:00:00,0.0,0.0
2049-06-21 17:00:00,0.0,0.0
2049-06-21 18:00:00,0.0,0.0
2049-06-21 19:00:00,0.0,0.0
2049-06-21 20:00:00,0.0,0.0
2049-06-21 21:00:00,0.0,0.0
2049-06-21 22:00:00,0.0,0.0
2049-06-21 23:00:00,0.0,0.0
2049-06-22 00:00:00,0.0,0.0
2049-06-22 01:00:00,0.0,0.0
2049-06-22 02:00:00,0.0,27.941540297106023
2049-06-22 03:00:00,0.0,97.3588044727288
2049-06-22 04:00:00,0.0,171.1419343197744
2049-06-22 05:00:00,0.0,230.95429401826695
2049-06-22 06:00:00,0.0,270.6836716282146
2049-06-22 07:00:00,0.0,290.7666537167596
2049-06-22 08:00:00,0.0,292.0764134181864
2049-06-22 09:00:00,0.0,276.35929700106425
2049-06-22 10:00:00,0.0,240.99578506253945
2049-06-22 11:00:00,0.0,187.29563730403882
2049-06-22 12:00:00,0.0,118.31495969555833
2049-06-22 13:00:00,0.0,47.5879358185087
2049-06-22 14:00:00,0.0,1.7463462685691264
2049-06-22 15:00:00,0.0,0.0
2049-06-22 16:00:00,0.0,0.0
2049-06-22 17:00:00,0.0,0.0
2049-06-22 18:00:00,0.0,0.0
2049-06-22 19:00:00,0.0,0.0
2049-06-22 20:00:00,0.0,0.0
2049-06-22 21:00:00,0.0,0.0
2049-06-22 22:00:00,0.0,0.0
2049-06-22 23:00:00,0.0,0.0
2049-06-23 00:00:00,0.0,0.0
2049-06-23 01:00:00,0.0,0.0
2049-06-23 02:00:00,0.0,27.941540297106023
2049-06-23 03:00:00,0.0,95.61245820415968
2049-06-23 04:00:00,0.0,166.77606864835158
2049-06-23 05:00:00,0.0,224.40549551113273
2049-06-23 06:00:00,0.0,266.7543925239341
2049-06-23 07:00:00,0.0,285.5276149110522
2049-06-23 08:00:00,0.0,284.2178552096254
2049-06-23 09:00:00,0.0,263.6982865539381
2049-06-23 10:00:00,0.0,227.02501491398647
2049-06-23 11:00:00,0.0,173.7614537226281
2049-06-23 12:00:00,0.0,110.45640148699725
2049-06-23 13:00:00,0.0,45.84158954993957
2049-06-23 14:00:00,0.0,1.7463462685691264
2049-06-23 15:00:00,0.0,0.0
2049-06-23 16:00:00,0.0,0.0
2049-06-23 17:00:00,0.0,0.0
2049-06-23 18:00:00,0.0,0.0
2049-06-23 19:00:00,0.0,0.0
2049-06-23 20:00:00,0.0,0.0
2049-06-23 21:00:00,0.0,0.0
2049-06-23 22:00:00,0.0,0.0
2049-06-23 23:00:00,0.0,0.0
2049-06-24 00:00:00,0.0,0.0
2049-06-24 01:00:00,0.0,0.0
2049-06-24 02:00:00,0.0,27.941540297106023
2049-06-24 03:00:00,0.0,93.86611193559055
2049-06-24 04:00:00,0.0,164.1565492454979
2049-06-24 05:00:00,0.0,221.78597610827904
2049-06-24 06:00:00,0.0,258.4592477482307
2049-06-24 07:00:00,0.0,273.3031910310683
2049-06-24 08:00:00,0.0,267.6275656582186
2049-06-24 09:00:00,0.0,230.95429401826695
2049-06-24 10:00:00,0.0,188.1688104383234
2049-06-24 11:00:00,0.0,132.28572984411133
2049-06-24 12:00:00,0.0,71.60019701133419
2049-06-24 13:00:00,0.0,24.885434327110055
2049-06-24 14:00:00,0.0,0.0
2049-06-24 15:00:00,0.0,0.0
2049-06-24 16:00:00,0.0,0.0
2049-06-24 17:00:00,0.0,0.0
2049-06-24 18:00:00,0.0,0.0
2049-06-24 19:00:00,0.0,0.0
2049-06-24 20:00:00,0.0,0.0
2049-06-24 21:00:00,0.0,0.0
2049-06-24 22:00:00,0.0,0.0
2049-06-24 23:00:00,0.0,0.0
2049-06-25 00:00:00,0.0,0.0
2049-06-25 01:00:00,0.0,0.0
2049-06-25 02:00:00,0.0,26.631780595679178
2049-06-25 03:00:00,0.0,91.68317909987914
2049-06-25 04:00:00,0.0,164.1565492454979
2049-06-25 05:00:00,0.0,223.96890894399044
2049-06-25 06:00:00,0.0,266.7543925239341
2049-06-25 07:00:00,0.0,289.4568940153327
2049-06-25 08:00:00,0.0,292.0764134181864
2049-06-25 09:00:00,0.0,276.35929700106425
2049-06-25 10:00:00,0.0,240.99578506253945
2049-06-25 11:00:00,0.0,187.29563730403882
2049-06-25 12:00:00,0.0,118.7515462627006
2049-06-25 13:00:00,0.0,48.024522385650975
2049-06-25 14:00:00,0.0,1.7463462685691264
2049-06-25 15:00:00,0.0,0.0
2049-06-25 16:00:00,0.0,0.0
2049-06-25 17:00:00,0.0,0.0
2049-06-25 18:00:00,0.0,0.0
2049-06-25 19:00:00,0.0,0.0
2049-06-25 20:00:00,0.0,0.0
2049-06-25 21:00:00,0.0,0.0
2049-06-25 22:00:00,0.0,0.0
2049-06-25 23:00:00,0.0,0.0
2049-06-26 00:00:00,0.0,0.0
2049-06-26 01:00:00,0.0,0.0
2049-06-26 02:00:00,0.0,27.50495372996374
2049-06-26 03:00:00,0.0,97.3588044727288
2049-06-26 04:00:00,0.0,171.5785208869167
2049-06-26 05:00:00,0.0,231.39088058540923
2049-06-26 06:00:00,0.0,272.86660446392597
2049-06-26 07:00:00,0.0,293.8227596867556
2049-06-26 08:00:00,0.0,295.56910595532463
2049-06-26 09:00:00,0.0,277.2324701353488
2049-06-26 10:00:00,0.0,239.2494387939703
2049-06-26 11:00:00,0.0,183.80294476690057
2049-06-26 12:00:00,0.0,115.25885372556233
2049-06-26 13:00:00,0.0,45.405002982797285
2049-06-26 14:00:00,0.0,1.309759701426845
2049-06-26 15:00:00,0.0,0.0
2049-06-26 16:00:00,0.0,0.0
2049-06-26 17:00:00,0.0,0.0
2049-06-26 18:00:00,0.0,0.0
2049-06-26 19:00:00,0.0,0.0
2049-06-26 20:00:00,0.0,0.0
2049-06-26 21:00:00,0.0,0.0
2049-06-26 22:00:00,0.0,0.0
2049-06-26 23:00:00,0.0,0.0
2049-06-27 00:00:00,0.0,0.0
2049-06-27 01:00:00,0.0,0.0
2049-06-27 02:00:00,0.0,26.631780595679178
2049-06-27 03:00:00,0.0,95.61245820415968
2049-06-27 04:00:00,0.0,168.959001484063
2049-06-27 05:00:00,0.0,228.33477461541327
2049-06-27 06:00:00,0.0,269.3739119267878
2049-06-27 07:00:00,0.0,284.6544417767676
2049-06-27 08:00:00,0.0,272.86660446392597
2049-06-27 09:00:00,0.0,239.2494387939703
2049-06-27 10:00:00,0.0,207.81520595972606
2049-06-27 11:00:00,0.0,172.45169402120126
2049-06-27 12:00:00,0.0,116.56861342698917
2049-06-27 13:00:00,0.0,48.46110895279326
2049-06-27 14:00:00,0.0,1.7463462685691264
2049-06-27 15:00:00,0.0,0.0
2049-06-27 16:00:00,0.0,0.0
2049-06-27 17:00:00,0.0,0.0
2049-06-27 18:00:00,0.0,0.0
2049-06-27 19:00:00,0.0,0.0
2049-06-27 20:00:00,0.0,0.0
2049-06-27 21:00:00,0.0,0.0
2049-06-27 22:00:00,0.0,0.0
2049-06-27 23:00:00,0.0,0.0
2049-06-28 00:00:00,0.0,0.0
2049-06-28 01:00:00,0.0,0.0
2049-06-28 02:00:00,0.0,27.06836716282146
2049-06-28 03:00:00,0.0,96.04904477130195
2049-06-28 04:00:00,0.0,169.39558805120527
2049-06-28 05:00:00,0.0,229.20794774969784
2049-06-28 06:00:00,0.0,270.2470850610723
2049-06-28 07:00:00,0.0,290.7666537167596
2049-06-28 08:00:00,0.0,292.5129999853287
2049-06-28 09:00:00,0.0,277.2324701353488
2049-06-28 10:00:00,0.0,241.4323716296817
2049-06-28 11:00:00,0.0,186.85905073689653
2049-06-28 12:00:00,0.0,118.31495969555833
2049-06-28 13:00:00,0.0,48.024522385650975
2049-06-28 14:00:00,0.0,1.7463462685691264
2049-06-28 15:00:00,0.0,0.0
2049-06-28 16:00:00,0.0,0.0
2049-06-28 17:00:00,0.0,0.0
2049-06-28 18:00:00,0.0,0.0
2049-06-28 19:00:00,0.0,0.0
2049-06-28 20:00:00,0.0,0.0
2049-06-28 21:00:00,0.0,0.0
2049-06-28 22:00:00,0.0,0.0
2049-06-28 23:00:00,0.0,0.0
2049-06-29 00:00:00,0.0,0.0
2049-06-29 01:00:00,0.0,0.0
2049-06-29 02:00:00,0.0,27.941540297106023
2049-06-29 03:00:00,0.0,95.61245820415968
2049-06-29 04:00:00,0.0,166.77606864835158
2049-06-29 05:00:00,0.0,224.84208207827504
2049-06-29 06:00:00,0.0,269.81049849393
2049-06-29 07:00:00,0.0,289.4568940153327
2049-06-29 08:00:00,0.0,290.7666537167596
2049-06-29 09:00:00,0.0,273.3031910310683
2049-06-29 10:00:00,0.0,236.62991939111666
2049-06-29 11:00:00,0.0,181.18342536404685
2049-06-29 12:00:00,0.0,111.76616118842409
2049-06-29 13:00:00,0.0,42.7854835799436
2049-06-29 14:00:00,0.0,1.309759701426845
2049-06-29 15:00:00,0.0,0.0
2049-06-29 16:00:00,0.0,0.0
2049-06-29 17:00:00,0.0,0.0
2049-06-29 18:00:00,0.0,0.0
2049-06-29 19:00:00,0.0,0.0
2049-06-29 20:00:00,0.0,0.0
2049-06-29 21:00:00,0.0,0.0
2049-06-29 22:00:00,0.0,0.0
2049-06-29 23:00:00,0.0,0.0
2049-06-30 00:00:00,0.0,0.0
2049-06-30 01:00:00,0.0,0.0
2049-06-30 02:00:00,0.0,27.50495372996374
2049-06-30 03:00:00,0.0,94.30269850273282
2049-06-30 04:00:00,0.0,165.46630894692473
2049-06-30 05:00:00,0.0,224.40549551113273
2049-06-30 06:00:00,0.0,269.81049849393
2049-06-30 07:00:00,0.0,289.4568940153327
2049-06-30 08:00:00,0.0,290.33006714961726
2049-06-30 09:00:00,0.0,274.61295073249516
2049-06-30 10:00:00,0.0,237.93967909254349
2049-06-30 11:00:00,0.0,182.4931850654737
2049-06-30 12:00:00,0.0,113.07592088985093
2049-06-30 13:00:00,0.0,44.968416415655014
2049-06-30 14:00:00,0.0,1.309759701426845
2049-06-30 15:00:00,0.0,0.0
2049-06-30 16:00:00,0.0,0.0
2049-06-30 17:00:00,0.0,0.0
2049-06-30 18:00:00,0.0,0.0
2049-06-30 19:00:00,0.0,0.0
2049-06-30 20:00:00,0.0,0.0
2049-06-30 21:00:00,0.0,0.0
2049-06-30 22:00:00,0.0,0.0
2049-06-30 23:00:00,0.0,0.0
2049-07-01 00:00:00,0.0,0.0
2049-07-01 01:00:00,0.0,0.0
2049-07-01 02:00:00,0.0,24.44884775996777
2049-07-01 03:00:00,0.0,89.93683283131001
2049-07-01 04:00:00,0.0,164.1565492454979
2049-07-01 05:00:00,0.0,223.09573580970593
2049-07-01 06:00:00,0.0,263.2616999867958
2049-07-01 07:00:00,0.0,286.83737461247904
2049-07-01 08:00:00,0.0,289.4568940153327
2049-07-01 09:00:00,0.0,271.55684476249917
2049-07-01 10:00:00,0.0,235.3201596896898
2049-07-01 11:00:00,0.0,182.05659849833143
2049-07-01 12:00:00,0.0,114.82226715842008
2049-07-01 13:00:00,0.0,47.15134925136641
2049-07-01 14:00:00,0.0,1.7463462685691264
2049-07-01 15:00:00,0.0,0.0
2049-07-01 16:00:00,0.0,0.0
2049-07-01 17:00:00,0.0,0.0
2049-07-01 18:00:00,0.0,0.0
2049-07-01 19:00:00,0.0,0.0
2049-07-01 20:00:00,0.0,0.0
2049-07-01 21:00:00,0.0,0.0
2049-07-01 22:00:00,0.0,0.0
2049-07-01 23:00:00,0.0,0.0
2049-07-02 00:00:00,0.0,0.0
2049-07-02 01:00:00,0.0,0.0
2049-07-02 02:00:00,0.0,27.941540297106023
2049-07-02 03:00:00,0.0,97.79539103987109
2049-07-02 04:00:00,0.0,171.5785208869167
2049-07-02 05:00:00,0.0,230.51770745112466
2049-07-02 06:00:00,0.0,270.6836716282146
2049-07-02 07:00:00,0.0,289.4568940153327
2049-07-02 08:00:00,0.0,289.02030744819047
2049-07-02 09:00:00,0.0,273.3031910310683
2049-07-02 10:00:00,0.0,237.5030925254012
2049-07-02 11:00:00,0.0,182.929771632616
2049-07-02 12:00:00,0.0,114.38568059127778
2049-07-02 13:00:00,0.0,44.53182984851272
2049-07-02 14:00:00,0.0,1.309759701426845
2049-07-02 15:00:00,0.0,0.0
2049-07-02 16:00:00,0.0,0.0
2049-07-02 17:00:00,0.0,0.0
2049-07-02 18:00:00,0.0,0.0
2049-07-02 19:00:00,0.0,0.0
2049-07-02 20:00:00,0.0,0.0
2049-07-02 21:00:00,0.0,0.0
2049-07-02 22:00:00,0.0,0.0
2049-07-02 23:00:00,0.0,0.0
2049-07-03 00:00:00,0.0,0.0
2049-07-03 01:00:00,0.0,0.0
2049-07-03 02:00:00,0.0,26.631780595679178
2049-07-03 03:00:00,0.0,91.24659253273686
2049-07-03 04:00:00,0.0,161.1004432755019
2049-07-03 05:00:00,0.0,213.05424476543342
2049-07-03 06:00:00,0.0,253.22020894252333
2049-07-03 07:00:00,0.0,259.7690074496576
2049-07-03 08:00:00,0.0,268.0641522253609
2049-07-03 09:00:00,0.0,251.47386267395422
2049-07-03 10:00:00,0.0,209.12496566115288
2049-07-03 11:00:00,0.0,153.6784716340831
2049-07-03 12:00:00,0.0,92.11976566702141
2049-07-03 13:00:00,0.0,35.800098505667094
2049-07-03 14:00:00,0.0,0.4365865671422816
2049-07-03 15:00:00,0.0,0.0
2049-07-03 16:00:00,0.0,0.0
2049-07-03 17:00:00,0.0,0.0
2049-07-03 18:00:00,0.0,0.0
2049-07-03 19:00:00,0.0,0.0
2049-07-03 20:00:00,0.0,0.0
2049-07-03 21:00:00,0.0,0.0
2049-07-03 22:00:00,0.0,0.0
2049-07-03 23:00:00,0.0,0.0
2049-07-04 00:00:00,0.0,0.0
2049-07-04 01:00:00,0.0,0.0
2049-07-04 02:00:00,0.0,20.95615522282952
2049-07-04 03:00:00,0.0,75.966062682757
2049-07-04 04:00:00,0.0,148.87601939551806
2049-07-04 05:00:00,0.0,209.99813879543746
2049-07-04 06:00:00,0.0,252.34703580823873
2049-07-04 07:00:00,0.0,275.92271043392196
2049-07-04 08:00:00,0.0,276.35929700106425
2049-07-04 09:00:00,0.0,268.0641522253609
2049-07-04 10:00:00,0.0,232.26405371969383
2049-07-04 11:00:00,0.0,179.00049252833546
2049-07-04 12:00:00,0.0,113.07592088985093
2049-07-04 13:00:00,0.0,45.405002982797285
2049-07-04 14:00:00,0.0,1.309759701426845
2049-07-04 15:00:00,0.0,0.0
2049-07-04 16:00:00,0.0,0.0
2049-07-04 17:00:00,0.0,0.0
2049-07-04 18:00:00,0.0,0.0
2049-07-04 19:00:00,0.0,0.0
2049-07-04 20:00:00,0.0,0.0
2049-07-04 21:00:00,0.0,0.0
2049-07-04 22:00:00,0.0,0.0
2049-07-04 23:00:00,0.0,0.0
2049-07-05 00:00:00,0.0,0.0
2049-07-05 01:00:00,0.0,0.0
2049-07-05 02:00:00,0.0,25.758607461394618
2049-07-05 03:00:00,0.0,86.00755372702947
2049-07-05 04:00:00,0.0,139.27111491838784
2049-07-05 05:00:00,0.0,170.26876118548984
2049-07-05 06:00:00,0.0,200.39323431830724
2049-07-05 07:00:00,0.0,254.52996864395018
2049-07-05 08:00:00,0.0,278.1056432696334
2049-07-05 09:00:00,0.0,261.0787671510844
2049-07-05 10:00:00,0.0,229.64453431684015
2049-07-05 11:00:00,0.0,173.7614537226281
2049-07-05 12:00:00,0.0,105.21736268128988
2049-07-05 13:00:00,0.0,40.16596417708991
2049-07-05 14:00:00,0.0,0.8731731342845632
2049-07-05 15:00:00,0.0,0.0
2049-07-05 16:00:00,0.0,0.0
2049-07-05 17:00:00,0.0,0.0
2049-07-05 18:00:00,0.0,0.0
2049-07-05 19:00:00,0.0,0.0
2049-07-05 20:00:00,0.0,0.0
2049-07-05 21:00:00,0.0,0.0
2049-07-05 22:00:00,0.0,0.0
2049-07-05 23:00:00,0.0,0.0
2049-07-06 00:00:00,0.0,0.0
2049-07-06 01:00:00,0.0,0.0
2049-07-06 02:00:00,0.0,23.575674625683206
2049-07-06 03:00:00,0.0,82.9514477570335
2049-07-06 04:00:00,0.0,151.05895223122943
2049-07-06 05:00:00,0.0,209.56155222829517
2049-07-06 06:00:00,0.0,250.16410297252733
2049-07-06 07:00:00,0.0,265.00804625536495
2049-07-06 08:00:00,0.0,262.8251134196535
2049-07-06 09:00:00,0.0,257.14948804680387
2049-07-06 10:00:00,0.0,224.40549551113273
2049-07-06 11:00:00,0.0,172.01510745405895
2049-07-06 12:00:00,0.0,108.71005521842812
2049-07-06 13:00:00,0.0,42.7854835799436
2049-07-06 14:00:00,0.0,0.8731731342845632
2049-07-06 15:00:00,0.0,0.0
2049-07-06 16:00:00,0.0,0.0
2049-07-06 17:00:00,0.0,0.0
2049-07-06 18:00:00,0.0,0.0
2049-07-06 19:00:00,0.0,0.0
2049-07-06 20:00:00,0.0,0.0
2049-07-06 21:00:00,0.0,0.0
2049-07-06 22:00:00,0.0,0.0
2049-07-06 23:00:00,0.0,0.0
2049-07-07 00:00:00,0.0,0.0
2049-07-07 01:00:00,0.0,0.0
2049-07-07 02:00:00,0.0,20.95615522282952
2049-07-07 03:00:00,0.0,78.14899551846841
2049-07-07 04:00:00,0.0,141.89063432124152
2049-07-07 05:00:00,0.0,186.85905073689653
2049-07-07 06:00:00,0.0,223.96890894399044
2049-07-07 07:00:00,0.0,245.79823730110454
2049-07-07 08:00:00,0.0,247.5445835696737
2049-07-07 09:00:00,0.0,238.37626565968577
2049-07-07 10:00:00,0.0,213.05424476543342
2049-07-07 11:00:00,0.0,169.83217461834755
2049-07-07 12:00:00,0.0,109.14664178557041
2049-07-07 13:00:00,0.0,43.658656714228165
2049-07-07 14:00:00,0.0,0.8731731342845632
2049-07-07 15:00:00,0.0,0.0
2049-07-07 16:00:00,0.0,0.0
2049-07-07 17:00:00,0.0,0.0
2049-07-07 18:00:00,0.0,0.0
2049-07-07 19:00:00,0.0,0.0
2049-07-07 20:00:00,0.0,0.0
2049-07-07 21:00:00,0.0,0.0
2049-07-07 22:00:00,0.0,0.0
2049-07-07 23:00:00,0.0,0.0
2049-07-08 00:00:00,0.0,0.0
2049-07-08 01:00:00,0.0,0.0
2049-07-08 02:00:00,0.0,25.758607461394618
2049-07-08 03:00:00,0.0,93.86611193559055
2049-07-08 04:00:00,0.0,168.08582834977844
2049-07-08 05:00:00,0.0,227.46160148112872
2049-07-08 06:00:00,0.0,267.6275656582186
2049-07-08 07:00:00,0.0,285.96420147819447
2049-07-08 08:00:00,0.0,287.27396117962127
2049-07-08 09:00:00,0.0,270.6836716282146
2049-07-08 10:00:00,0.0,227.02501491398647
2049-07-08 11:00:00,0.0,160.66385670835965
2049-07-08 12:00:00,0.0,82.9514477570335
2049-07-08 13:00:00,0.0,29.68788656567515
2049-07-08 14:00:00,0.0,0.0
2049-07-08 15:00:00,0.0,0.0
2049-07-08 16:00:00,0.0,0.0
2049-07-08 17:00:00,0.0,0.0
2049-07-08 18:00:00,0.0,0.0
2049-07-08 19:00:00,0.0,0.0
2049-07-08 20:00:00,0.0,0.0
2049-07-08 21:00:00,0.0,0.0
2049-07-08 22:00:00,0.0,0.0
2049-07-08 23:00:00,0.0,0.0
2049-07-09 00:00:00,0.0,0.0
2049-07-09 01:00:00,0.0,0.0
2049-07-09 02:00:00,0.0,26.631780595679178
2049-07-09 03:00:00,0.0,92.99293880130598
2049-07-09 04:00:00,0.0,164.59313581264018
2049-07-09 05:00:00,0.0,221.78597610827904
2049-07-09 06:00:00,0.0,248.85434327110053
2049-07-09 07:00:00,0.0,234.44698655540523
2049-07-09 08:00:00,0.0,198.21030148259584
2049-07-09 09:00:00,0.0,177.6907328269086
2049-07-09 10:00:00,0.0,168.08582834977844
2049-07-09 11:00:00,0.0,154.98823133550997
2049-07-09 12:00:00,0.0,105.65394924843216
2049-07-09 13:00:00,0.0,41.039137311374475
2049-07-09 14:00:00,0.0,0.0
2049-07-09 15:00:00,0.0,0.0
2049-07-09 16:00:00,0.0,0.0
2049-07-09 17:00:00,0.0,0.0
2049-07-09 18:00:00,0.0,0.0
2049-07-09 19:00:00,0.0,0.0
2049-07-09 20:00:00,0.0,0.0
2049-07-09 21:00:00,0.0,0.0
2049-07-09 22:00:00,0.0,0.0
2049-07-09 23:00:00,0.0,0.0
2049-07-10 00:00:00,0.0,0.0
2049-07-10 01:00:00,0.0,0.0
2049-07-10 02:00:00,0.0,21.3927417899718
2049-07-10 03:00:00,0.0,74.21971641418787
2049-07-10 04:00:00,0.0,134.03207611268044
2049-07-10 05:00:00,0.0,192.97126267688847
2049-07-10 06:00:00,0.0,254.96655521109247
2049-07-10 07:00:00,0.0,282.03492237391396
2049-07-10 08:00:00,0.0,285.96420147819447
2049-07-10 09:00:00,0.0,271.1202581953569
2049-07-10 10:00:00,0.0,234.01039998826295
2049-07-10 11:00:00,0.0,176.3809731254818
2049-07-10 12:00:00,0.0,101.72467014415163
2049-07-10 13:00:00,0.0,40.16596417708991
2049-07-10 14:00:00,0.0,0.4365865671422816
2049-07-10 15:00:00,0.0,0.0
2049-07-10 16:00:00,0.0,0.0
2049-07-10 17:00:00,0.0,0.0
2049-07-10 18:00:00,0.0,0.0
2049-07-10 19:00:00,0.0,0.0
2049-07-10 20:00:00,0.0,0.0
2049-07-10 21:00:00,0.0,0.0
2049-07-10 22:00:00,0.0,0.0
2049-07-10 23:00:00,0.0,0.0
2049-07-11 00:00:00,0.0,0.0
2049-07-11 01:00:00,0.0,0.0
2049-07-11 02:00:00,0.0,24.885434327110055
2049-07-11 03:00:00,0.0,90.37341939845228
2049-07-11 04:00:00,0.0,161.1004432755019
2049-07-11 05:00:00,0.0,220.03962983970993
2049-07-11 06:00:00,0.0,259.7690074496576
2049-07-11 07:00:00,0.0,278.5422298367757
2049-07-11 08:00:00,0.0,278.5422298367757
2049-07-11 09:00:00,0.0,275.04953729963745
2049-07-11 10:00:00,0.0,238.37626565968577
2049-07-11 11:00:00,0.0,183.80294476690057
2049-07-11 12:00:00,0.0,114.82226715842008
2049-07-11 13:00:00,0.0,45.405002982797285
2049-07-11 14:00:00,0.0,0.8731731342845632
2049-07-11 15:00:00,0.0,0.0
2049-07-11 16:00:00,0.0,0.0
2049-07-11 17:00:00,0.0,0.0
2049-07-11 18:00:00,0.0,0.0
2049-07-11 19:00:00,0.0,0.0
2049-07-11 20:00:00,0.0,0.0
2049-07-11 21:00:00,0.0,0.0
2049-07-11 22:00:00,0.0,0.0
2049-07-11 23:00:00,0.0,0.0
2049-07-12 00:00:00,0.0,0.0
2049-07-12 01:00:00,0.0,0.0
2049-07-12 02:00:00,0.0,24.012261192825488
2049-07-12 03:00:00,0.0,86.00755372702947
2049-07-12 04:00:00,0.0,149.31260596266034
2049-07-12 05:00:00,0.0,197.3371283483113
2049-07-12 06:00:00,0.0,238.81285222682806
2049-07-12 07:00:00,0.0,263.6982865539381
2049-07-12 08:00:00,0.0,273.7397775982106
2049-07-12 09:00:00,0.0,264.1348731210804
2049-07-12 10:00:00,0.0,229.20794774969784
2049-07-12 11:00:00,0.0,175.50779999119723
2049-07-12 12:00:00,0.0,108.71005521842812
2049-07-12 13:00:00,0.0,42.34889701280131
2049-07-12 14:00:00,0.0,0.8731731342845632
2049-07-12 15:00:00,0.0,0.0
2049-07-12 16:00:00,0.0,0.0
2049-07-12 17:00:00,0.0,0.0
2049-07-12 18:00:00,0.0,0.0
2049-07-12 19:00:00,0.0,0.0
2049-07-12 20:00:00,0.0,0.0
2049-07-12 21:00:00,0.0,0.0
2049-07-12 22:00:00,0.0,0.0
2049-07-12 23:00:00,0.0,0.0
2049-07-13 00:00:00,0.0,0.0
2049-07-13 01:00:00,0.0,0.0
2049-07-13 02:00:00,0.0,25.322020894252336
2049-07-13 03:00:00,0.0,91.24659253273686
2049-07-13 04:00:00,0.0,161.97361640978647
2049-07-13 05:00:00,0.0,220.03962983970993
2049-07-13 06:00:00,0.0,259.7690074496576
2049-07-13 07:00:00,0.0,279.8519895382025
2049-07-13 08:00:00,0.0,279.41540297106025
2049-07-13 09:00:00,0.0,276.35929700106425
2049-07-13 10:00:00,0.0,240.55919849539717
2049-07-13 11:00:00,0.0,187.29563730403882
2049-07-13 12:00:00,0.0,118.31495969555833
2049-07-13 13:00:00,0.0,47.15134925136641
2049-07-13 14:00:00,0.0,0.8731731342845632
2049-07-13 15:00:00,0.0,0.0
2049-07-13 16:00:00,0.0,0.0
2049-07-13 17:00:00,0.0,0.0
2049-07-13 18:00:00,0.0,0.0
2049-07-13 19:00:00,0.0,0.0
2049-07-13 20:00:00,0.0,0.0
2049-07-13 21:00:00,0.0,0.0
2049-07-13 22:00:00,0.0,0.0
2049-07-13 23:00:00,0.0,0.0
2049-07-14 00:00:00,0.0,0.0
2049-07-14 01:00:00,0.0,0.0
2049-07-14 02:00:00,0.0,24.885434327110055
2049-07-14 03:00:00,0.0,92.99293880130598
2049-07-14 04:00:00,0.0,165.46630894692473
2049-07-14 05:00:00,0.0,225.27866864541733
2049-07-14 06:00:00,0.0,265.8812193896495
2049-07-14 07:00:00,0.0,286.83737461247904
2049-07-14 08:00:00,0.0,288.1471343139059
2049-07-14 09:00:00,0.0,280.72516267248704
2049-07-14 10:00:00,0.0,243.17871789825085
2049-07-14 11:00:00,0.0,186.85905073689653
2049-07-14 12:00:00,0.0,116.13202685984692
2049-07-14 13:00:00,0.0,44.968416415655014
2049-07-14 14:00:00,0.0,0.8731731342845632
2049-07-14 15:00:00,0.0,0.0
2049-07-14 16:00:00,0.0,0.0
2049-07-14 17:00:00,0.0,0.0
2049-07-14 18:00:00,0.0,0.0
2049-07-14 19:00:00,0.0,0.0
2049-07-14 20:00:00,0.0,0.0
2049-07-14 21:00:00,0.0,0.0
2049-07-14 22:00:00,0.0,0.0
2049-07-14 23:00:00,0.0,0.0
2049-07-15 00:00:00,0.0,0.0
2049-07-15 01:00:00,0.0,0.0
2049-07-15 02:00:00,0.0,24.012261192825488
2049-07-15 03:00:00,0.0,86.88072686131405
2049-07-15 04:00:00,0.0,156.29799103693682
2049-07-15 05:00:00,0.0,213.05424476543342
2049-07-15 06:00:00,0.0,260.64218058394215
2049-07-15 07:00:00,0.0,281.5983358067716
2049-07-15 08:00:00,0.0,283.78126864248304
2049-07-15 09:00:00,0.0,268.50073879250317
2049-07-15 10:00:00,0.0,231.82746715255155
2049-07-15 11:00:00,0.0,178.1273193940509
2049-07-15 12:00:00,0.0,111.76616118842409
2049-07-15 13:00:00,0.0,44.09524328137045
2049-07-15 14:00:00,0.0,0.8731731342845632
2049-07-15 15:00:00,0.0,0.0
2049-07-15 16:00:00,0.0,0.0
2049-07-15 17:00:00,0.0,0.0
2049-07-15 18:00:00,0.0,0.0
2049-07-15 19:00:00,0.0,0.0
2049-07-15 20:00:00,0.0,0.0
2049-07-15 21:00:00,0.0,0.0
2049-07-15 22:00:00,0.0,0.0
2049-07-15 23:00:00,0.0,0.0
2049-07-16 00:00:00,0.0,0.0
2049-07-16 01:00:00,0.0,0.0
2049-07-16 02:00:00,0.0,24.885434327110055
2049-07-16 03:00:00,0.0,91.68317909987914
2049-07-16 04:00:00,0.0,164.59313581264018
2049-07-16 05:00:00,0.0,224.84208207827504
2049-07-16 06:00:00,0.0,272.4300178967837
2049-07-16 07:00:00,0.0,291.20324028390183
2049-07-16 08:00:00,0.0,291.20324028390183
2049-07-16 09:00:00,0.0,273.3031910310683
2049-07-16 10:00:00,0.0,236.62991939111666
2049-07-16 11:00:00,0.0,182.05659849833143
2049-07-16 12:00:00,0.0,113.9490940241355
2049-07-16 13:00:00,0.0,44.53182984851272
2049-07-16 14:00:00,0.0,0.4365865671422816
2049-07-16 15:00:00,0.0,0.0
2049-07-16 16:00:00,0.0,0.0
2049-07-16 17:00:00,0.0,0.0
2049-07-16 18:00:00,0.0,0.0
2049-07-16 19:00:00,0.0,0.0
2049-07-16 20:00:00,0.0,0.0
2049-07-16 21:00:00,0.0,0.0
2049-07-16 22:00:00,0.0,0.0
2049-07-16 23:00:00,0.0,0.0
2049-07-17 00:00:00,0.0,0.0
2049-07-17 01:00:00,0.0,0.0
2049-07-17 02:00:00,0.0,24.885434327110055
2049-07-17 03:00:00,0.0,92.5563522341637
2049-07-17 04:00:00,0.0,166.3394820812093
2049-07-17 05:00:00,0.0,227.02501491398647
2049-07-17 06:00:00,0.0,275.92271043392196
2049-07-17 07:00:00,0.0,294.25934625389783
2049-07-17 08:00:00,0.0,292.94958655247103
2049-07-17 09:00:00,0.0,273.3031910310683
2049-07-17 10:00:00,0.0,234.44698655540523
2049-07-17 11:00:00,0.0,178.1273193940509
2049-07-17 12:00:00,0.0,110.01981491985497
2049-07-17 13:00:00,0.0,43.22207014708588
2049-07-17 14:00:00,0.0,0.4365865671422816
2049-07-17 15:00:00,0.0,0.0
2049-07-17 16:00:00,0.0,0.0
2049-07-17 17:00:00,0.0,0.0
2049-07-17 18:00:00,0.0,0.0
2049-07-17 19:00:00,0.0,0.0
2049-07-17 20:00:00,0.0,0.0
2049-07-17 21:00:00,0.0,0.0
2049-07-17 22:00:00,0.0,0.0
2049-07-17 23:00:00,0.0,0.0
2049-07-18 00:00:00,0.0,0.0
2049-07-18 01:00:00,0.0,0.0
2049-07-18 02:00:00,0.0,22.26591492425636
2049-07-18 03:00:00,0.0,82.51486118989122
2049-07-18 04:00:00,0.0,146.69308655980663
2049-07-18 05:00:00,0.0,203.88592685544555
2049-07-18 06:00:00,0.0,248.85434327110053
2049-07-18 07:00:00,0.0,272.4300178967837
2049-07-18 08:00:00,0.0,276.35929700106425
2049-07-18 09:00:00,0.0,269.81049849393
2049-07-18 10:00:00,0.0,231.82746715255155
2049-07-18 11:00:00,0.0,175.07121342405495
2049-07-18 12:00:00,0.0,106.963708949859
2049-07-18 13:00:00,0.0,43.22207014708588
2049-07-18 14:00:00,0.0,0.4365865671422816
2049-07-18 15:00:00,0.0,0.0
2049-07-18 16:00:00,0.0,0.0
2049-07-18 17:00:00,0.0,0.0
2049-07-18 18:00:00,0.0,0.0
2049-07-18 19:00:00,0.0,0.0
2049-07-18 20:00:00,0.0,0.0
2049-07-18 21:00:00,0.0,0.0
2049-07-18 22:00:00,0.0,0.0
2049-07-18 23:00:00,0.0,0.0
2049-07-19 00:00:00,0.0,0.0
2049-07-19 01:00:00,0.0,0.0
2049-07-19 02:00:00,0.0,22.26591492425636
2049-07-19 03:00:00,0.0,83.82462089131808
2049-07-19 04:00:00,0.0,152.36871193265628
2049-07-19 05:00:00,0.0,210.43472536257977
2049-07-19 06:00:00,0.0,264.1348731210804
2049-07-19 07:00:00,0.0,284.6544417767676
2049-07-19 08:00:00,0.0,286.40078804533675
2049-07-19 09:00:00,0.0,269.3739119267878
2049-07-19 10:00:00,0.0,232.70064028683606
2049-07-19 11:00:00,0.0,178.1273193940509
2049-07-19 12:00:00,0.0,110.45640148699725
2049-07-19 13:00:00,0.0,42.34889701280131
2049-07-19 14:00:00,0.0,0.4365865671422816
2049-07-19 15:00:00,0.0,0.0
2049-07-19 16:00:00,0.0,0.0
2049-07-19 17:00:00,0.0,0.0
2049-07-19 18:00:00,0.0,0.0
2049-07-19 19:00:00,0.0,0.0
2049-07-19 20:00:00,0.0,0.0
2049-07-19 21:00:00,0.0,0.0
2049-07-19 22:00:00,0.0,0.0
2049-07-19 23:00:00,0.0,0.0
2049-07-20 00:00:00,0.0,0.0
2049-07-20 01:00:00,0.0,0.0
2049-07-20 02:00:00,0.0,24.885434327110055
2049-07-20 03:00:00,0.0,93.86611193559055
2049-07-20 04:00:00,0.0,167.64924178263615
2049-07-20 05:00:00,0.0,226.15184177970187
2049-07-20 06:00:00,0.0,266.7543925239341
2049-07-20 07:00:00,0.0,294.25934625389783
2049-07-20 08:00:00,0.0,300.3715581938897
2049-07-20 09:00:00,0.0,282.03492237391396
2049-07-20 10:00:00,0.0,244.92506416682002
2049-07-20 11:00:00,0.0,189.04198357260793
2049-07-20 12:00:00,0.0,118.31495969555833
2049-07-20 13:00:00,0.0,46.27817611708185
2049-07-20 14:00:00,0.0,0.4365865671422816
2049-07-20 15:00:00,0.0,0.0
2049-07-20 16:00:00,0.0,0.0
2049-07-20 17:00:00,0.0,0.0
2049-07-20 18:00:00,0.0,0.0
2049-07-20 19:00:00,0.0,0.0
2049-07-20 20:00:00,0.0,0.0
2049-07-20 21:00:00,0.0,0.0
2049-07-20 22:00:00,0.0,0.0
2049-07-20 23:00:00,0.0,0.0
2049-07-21 00:00:00,0.0,0.0
2049-07-21 01:00:00,0.0,0.0
2049-07-21 02:00:00,0.0,24.012261192825488
2049-07-21 03:00:00,0.0,91.68317909987914
2049-07-21 04:00:00,0.0,159.79068357407508
2049-07-21 05:00:00,0.0,217.85669700399853
2049-07-21 06:00:00,0.0,248.41775670395825
2049-07-21 07:00:00,0.0,261.95194028536895
2049-07-21 08:00:00,0.0,248.85434327110053
2049-07-21 09:00:00,0.0,234.44698655540523
2049-07-21 10:00:00,0.0,217.85669700399853
2049-07-21 11:00:00,0.0,178.56390596119317
2049-07-21 12:00:00,0.0,114.38568059127778
2049-07-21 13:00:00,0.0,44.53182984851272
2049-07-21 14:00:00,0.0,0.4365865671422816
2049-07-21 15:00:00,0.0,0.0
2049-07-21 16:00:00,0.0,0.0
2049-07-21 17:00:00,0.0,0.0
2049-07-21 18:00:00,0.0,0.0
2049-07-21 19:00:00,0.0,0.0
2049-07-21 20:00:00,0.0,0.0
2049-07-21 21:00:00,0.0,0.0
2049-07-21 22:00:00,0.0,0.0
2049-07-21 23:00:00,0.0,0.0
2049-07-22 00:00:00,0.0,0.0
2049-07-22 01:00:00,0.0,0.0
2049-07-22 02:00:00,0.0,23.139088058540924
2049-07-22 03:00:00,0.0,85.13438059274492
2049-07-22 04:00:00,0.0,161.1004432755019
2049-07-22 05:00:00,0.0,225.27866864541733
2049-07-22 06:00:00,0.0,272.4300178967837
2049-07-22 07:00:00,0.0,295.56910595532463
2049-07-22 08:00:00,0.0,297.31545222389383
2049-07-22 09:00:00,0.0,278.97881640391796
2049-07-22 10:00:00,0.0,242.74213133110862
2049-07-22 11:00:00,0.0,186.42246416975425
2049-07-22 12:00:00,0.0,114.82226715842008
2049-07-22 13:00:00,0.0,43.658656714228165
2049-07-22 14:00:00,0.0,0.0
2049-07-22 15:00:00,0.0,0.0
2049-07-22 16:00:00,0.0,0.0
2049-07-22 17:00:00,0.0,0.0
2049-07-22 18:00:00,0.0,0.0
2049-07-22 19:00:00,0.0,0.0
2049-07-22 20:00:00,0.0,0.0
2049-07-22 21:00:00,0.0,0.0
2049-07-22 22:00:00,0.0,0.0
2049-07-22 23:00:00,0.0,0.0
2049-07-23 00:00:00,0.0,0.0
2049-07-23 01:00:00,0.0,0.0
2049-07-23 02:00:00,0.0,18.773222387118107
2049-07-23 03:00:00,0.0,79.89534178703754
2049-07-23 04:00:00,0.0,145.81991342552203
2049-07-23 05:00:00,0.0,214.36400446686028
2049-07-23 06:00:00,0.0,262.8251134196535
2049-07-23 07:00:00,0.0,285.0910283439099
2049-07-23 08:00:00,0.0,293.38617311961326
2049-07-23 09:00:00,0.0,282.03492237391396
2049-07-23 10:00:00,0.0,248.41775670395825
2049-07-23 11:00:00,0.0,195.1541955125999
2049-07-23 12:00:00,0.0,124.42717163555027
2049-07-23 13:00:00,0.0,50.20745522136239
2049-07-23 14:00:00,0.0,0.4365865671422816
2049-07-23 15:00:00,0.0,0.0
2049-07-23 16:00:00,0.0,0.0
2049-07-23 17:00:00,0.0,0.0
2049-07-23 18:00:00,0.0,0.0
2049-07-23 19:00:00,0.0,0.0
2049-07-23 20:00:00,0.0,0.0
2049-07-23 21:00:00,0.0,0.0
2049-07-23 22:00:00,0.0,0.0
2049-07-23 23:00:00,0.0,0.0
2049-07-24 00:00:00,0.0,0.0
2049-07-24 01:00:00,0.0,0.0
2049-07-24 02:00:00,0.0,23.139088058540924
2049-07-24 03:00:00,0.0,87.31731342845633
2049-07-24 04:00:00,0.0,161.1004432755019
2049-07-24 05:00:00,0.0,216.54693730257168
2049-07-24 06:00:00,0.0,267.1909790910764
2049-07-24 07:00:00,0.0,286.83737461247904
2049-07-24 08:00:00,0.0,289.02030744819047
2049-07-24 09:00:00,0.0,268.9373253596455
2049-07-24 10:00:00,0.0,228.77136118255555
2049-07-24 11:00:00,0.0,174.19804028977038
2049-07-24 12:00:00,0.0,108.71005521842812
2049-07-24 13:00:00,0.0,40.16596417708991
2049-07-24 14:00:00,0.0,0.0
2049-07-24 15:00:00,0.0,0.0
2049-07-24 16:00:00,0.0,0.0
2049-07-24 17:00:00,0.0,0.0
2049-07-24 18:00:00,0.0,0.0
2049-07-24 19:00:00,0.0,0.0
2049-07-24 20:00:00,0.0,0.0
2049-07-24 21:00:00,0.0,0.0
2049-07-24 22:00:00,0.0,0.0
2049-07-24 23:00:00,0.0,0.0
2049-07-25 00:00:00,0.0,0.0
2049-07-25 01:00:00,0.0,0.0
2049-07-25 02:00:00,0.0,19.646395521402674
2049-07-25 03:00:00,0.0,78.14899551846841
2049-07-25 04:00:00,0.0,147.5662596940912
2049-07-25 05:00:00,0.0,195.59078207974218
2049-07-25 06:00:00,0.0,250.60068953966965
2049-07-25 07:00:00,0.0,285.0910283439099
2049-07-25 08:00:00,0.0,288.5837208810482
2049-07-25 09:00:00,0.0,273.3031910310683
2049-07-25 10:00:00,0.0,230.08112088398244
2049-07-25 11:00:00,0.0,173.3248671554858
2049-07-25 12:00:00,0.0,99.10515074129792
2049-07-25 13:00:00,0.0,34.92692537138253
2049-07-25 14:00:00,0.0,0.0
2049-07-25 15:00:00,0.0,0.0
2049-07-25 16:00:00,0.0,0.0
2049-07-25 17:00:00,0.0,0.0
2049-07-25 18:00:00,0.0,0.0
2049-07-25 19:00:00,0.0,0.0
2049-07-25 20:00:00,0.0,0.0
2049-07-25 21:00:00,0.0,0.0
2049-07-25 22:00:00,0.0,0.0
2049-07-25 23:00:00,0.0,0.0
2049-07-26 00:00:00,0.0,0.0
2049-07-26 01:00:00,0.0,0.0
2049-07-26 02:00:00,0.0,20.082982088544956
2049-07-26 03:00:00,0.0,87.31731342845633
2049-07-26 04:00:00,0.0,164.1565492454979
2049-07-26 05:00:00,0.0,223.53232237684819
2049-07-26 06:00:00,0.0,268.9373253596455
2049-07-26 07:00:00,0.0,289.89348058247504
2049-07-26 08:00:00,0.0,293.38617311961326
2049-07-26 09:00:00,0.0,276.35929700106425
2049-07-26 10:00:00,0.0,237.93967909254349
2049-07-26 11:00:00,0.0,181.18342536404685
2049-07-26 12:00:00,0.0,111.32957462128182
2049-07-26 13:00:00,0.0,41.47572387851675
2049-07-26 14:00:00,0.0,0.0
2049-07-26 15:00:00,0.0,0.0
2049-07-26 16:00:00,0.0,0.0
2049-07-26 17:00:00,0.0,0.0
2049-07-26 18:00:00,0.0,0.0
2049-07-26 19:00:00,0.0,0.0
2049-07-26 20:00:00,0.0,0.0
2049-07-26 21:00:00,0.0,0.0
2049-07-26 22:00:00,0.0,0.0
2049-07-26 23:00:00,0.0,0.0
2049-07-27 00:00:00,0.0,0.0
2049-07-27 01:00:00,0.0,0.0
2049-07-27 02:00:00,0.0,21.829328357114083
2049-07-27 03:00:00,0.0,86.44414029417176
2049-07-27 04:00:00,0.0,160.66385670835965
2049-07-27 05:00:00,0.0,220.03962983970993
2049-07-27 06:00:00,0.0,260.20559401679986
2049-07-27 07:00:00,0.0,282.03492237391396
2049-07-27 08:00:00,0.0,286.83737461247904
2049-07-27 09:00:00,0.0,283.78126864248304
2049-07-27 10:00:00,0.0,246.23482386824685
2049-07-27 11:00:00,0.0,189.47857013975022
2049-07-27 12:00:00,0.0,117.87837312841604
2049-07-27 13:00:00,0.0,44.968416415655014
2049-07-27 14:00:00,0.0,0.0
2049-07-27 15:00:00,0.0,0.0
2049-07-27 16:00:00,0.0,0.0
2049-07-27 17:00:00,0.0,0.0
2049-07-27 18:00:00,0.0,0.0
2049-07-27 19:00:00,0.0,0.0
2049-07-27 20:00:00,0.0,0.0
2049-07-27 21:00:00,0.0,0.0
2049-07-27 22:00:00,0.0,0.0
2049-07-27 23:00:00,0.0,0.0
2049-07-28 00:00:00,0.0,0.0
2049-07-28 01:00:00,0.0,0.0
2049-07-28 02:00:00,0.0,24.012261192825488
2049-07-28 03:00:00,0.0,95.1758716370174
2049-07-28 04:00:00,0.0,170.70534775263212
2049-07-28 05:00:00,0.0,232.70064028683606
2049-07-28 06:00:00,0.0,281.1617492396294
2049-07-28 07:00:00,0.0,302.9910775967435
2049-07-28 08:00:00,0.0,305.17401043245485
2049-07-28 09:00:00,0.0,287.7105477467636
2049-07-28 10:00:00,0.0,250.16410297252733
2049-07-28 11:00:00,0.0,193.40784924403073
2049-07-28 12:00:00,0.0,120.934479098412
2049-07-28 13:00:00,0.0,45.84158954993957
2049-07-28 14:00:00,0.0,0.0
2049-07-28 15:00:00,0.0,0.0
2049-07-28 16:00:00,0.0,0.0
2049-07-28 17:00:00,0.0,0.0
2049-07-28 18:00:00,0.0,0.0
2049-07-28 19:00:00,0.0,0.0
2049-07-28 20:00:00,0.0,0.0
2049-07-28 21:00:00,0.0,0.0
2049-07-28 22:00:00,0.0,0.0
2049-07-28 23:00:00,0.0,0.0
2049-07-29 00:00:00,0.0,0.0
2049-07-29 01:00:00,0.0,0.0
2049-07-29 02:00:00,0.0,22.26591492425636
2049-07-29 03:00:00,0.0,85.5709671598872
2049-07-29 04:00:00,0.0,144.51015372409523
2049-07-29 05:00:00,0.0,215.23717760114482
2049-07-29 06:00:00,0.0,269.81049849393
2049-07-29 07:00:00,0.0,292.94958655247103
2049-07-29 08:00:00,0.0,296.8788656567515
2049-07-29 09:00:00,0.0,279.41540297106025
2049-07-29 10:00:00,0.0,234.44698655540523
2049-07-29 11:00:00,0.0,151.05895223122943
2049-07-29 12:00:00,0.0,59.81235969849258
2049-07-29 13:00:00,0.0,17.463462685691265
2049-07-29 14:00:00,0.0,0.0
2049-07-29 15:00:00,0.0,0.0
2049-07-29 16:00:00,0.0,0.0
2049-07-29 17:00:00,0.0,0.0
2049-07-29 18:00:00,0.0,0.0
2049-07-29 19:00:00,0.0,0.0
2049-07-29 20:00:00,0.0,0.0
2049-07-29 21:00:00,0.0,0.0
2049-07-29 22:00:00,0.0,0.0
2049-07-29 23:00:00,0.0,0.0
2049-07-30 00:00:00,0.0,0.0
2049-07-30 01:00:00,0.0,0.0
2049-07-30 02:00:00,0.0,17.900049252833547
2049-07-30 03:00:00,0.0,69.41726417562278
2049-07-30 04:00:00,0.0,146.69308655980663
2049-07-30 05:00:00,0.0,217.42011043685625
2049-07-30 06:00:00,0.0,259.7690074496576
2049-07-30 07:00:00,0.0,277.2324701353488
2049-07-30 08:00:00,0.0,276.79588356820653
2049-07-30 09:00:00,0.0,251.03727610681193
2049-07-30 10:00:00,0.0,197.3371283483113
2049-07-30 11:00:00,0.0,135.77842238124958
2049-07-30 12:00:00,0.0,67.23433133991138
2049-07-30 13:00:00,0.0,24.44884775996777
2049-07-30 14:00:00,0.0,0.0
2049-07-30 15:00:00,0.0,0.0
2049-07-30 16:00:00,0.0,0.0
2049-07-30 17:00:00,0.0,0.0
2049-07-30 18:00:00,0.0,0.0
2049-07-30 19:00:00,0.0,0.0
2049-07-30 20:00:00,0.0,0.0
2049-07-30 21:00:00,0.0,0.0
2049-07-30 22:00:00,0.0,0.0
2049-07-30 23:00:00,0.0,0.0
2049-07-31 00:00:00,0.0,0.0
2049-07-31 01:00:00,0.0,0.0
2049-07-31 02:00:00,0.0,17.463462685691265
2049-07-31 03:00:00,0.0,61.122119399919434
2049-07-31 04:00:00,0.0,109.14664178557041
2049-07-31 05:00:00,0.0,154.1150582012254
2049-07-31 06:00:00,0.0,195.1541955125999
2049-07-31 07:00:00,0.0,221.3493895411368
2049-07-31 08:00:00,0.0,233.57381342112063
2049-07-31 09:00:00,0.0,239.6860253611126
2049-07-31 10:00:00,0.0,212.18107163114885
2049-07-31 11:00:00,0.0,137.52476864981872
2049-07-31 12:00:00,0.0,54.573320892785205
2049-07-31 13:00:00,0.0,13.097597014268448
2049-07-31 14:00:00,0.0,0.0
2049-07-31 15:00:00,0.0,0.0
2049-07-31 16:00:00,0.0,0.0
2049-07-31 17:00:00,0.0,0.0
2049-07-31 18:00:00,0.0,0.0
2049-07-31 19:00:00,0.0,0.0
2049-07-31 20:00:00,0.0,0.0
2049-07-31 21:00:00,0.0,0.0
2049-07-31 22:00:00,0.0,0.0
2049-07-31 23:00:00,0.0,0.0
2049-08-01 00:00:00,0.0,0.0
2049-08-01 01:00:00,0.0,0.0
2049-08-01 02:00:00,0.0,20.95615522282952
2049-08-01 03:00:00,0.0,74.21971641418787
2049-08-01 04:00:00,0.0,127.91986417268853
2049-08-01 05:00:00,0.0,180.31025222976228
2049-08-01 06:00:00,0.0,227.46160148112872
2049-08-01 07:00:00,0.0,269.81049849393
2049-08-01 08:00:00,0.0,293.38617311961326
2049-08-01 09:00:00,0.0,270.2470850610723
2049-08-01 10:00:00,0.0,227.46160148112872
2049-08-01 11:00:00,0.0,164.59313581264018
2049-08-01 12:00:00,0.0,88.1904865627409
2049-08-01 13:00:00,0.0,27.06836716282146
2049-08-01 14:00:00,0.0,0.0
2049-08-01 15:00:00,0.0,0.0
2049-08-01 16:00:00,0.0,0.0
2049-08-01 17:00:00,0.0,0.0
2049-08-01 18:00:00,0.0,0.0
2049-08-01 19:00:00,0.0,0.0
2049-08-01 20:00:00,0.0,0.0
2049-08-01 21:00:00,0.0,0.0
2049-08-01 22:00:00,0.0,0.0
2049-08-01 23:00:00,0.0,0.0
2049-08-02 00:00:00,0.0,0.0
2049-08-02 01:00:00,0.0,0.0
2049-08-02 02:00:00,0.0,10.914664178557041
2049-08-02 03:00:00,0.0,58.50259999706574
2049-08-02 04:00:00,0.0,129.22962387411536
2049-08-02 05:00:00,0.0,168.959001484063
2049-08-02 06:00:00,0.0,188.60539700546565
2049-08-02 07:00:00,0.0,181.18342536404685
2049-08-02 08:00:00,0.0,169.83217461834755
2049-08-02 09:00:00,0.0,144.51015372409523
2049-08-02 10:00:00,0.0,120.934479098412
2049-08-02 11:00:00,0.0,85.5709671598872
2049-08-02 12:00:00,0.0,48.89769551993554
2049-08-02 13:00:00,0.0,19.20980895426039
2049-08-02 14:00:00,0.0,0.0
2049-08-02 15:00:00,0.0,0.0
2049-08-02 16:00:00,0.0,0.0
2049-08-02 17:00:00,0.0,0.0
2049-08-02 18:00:00,0.0,0.0
2049-08-02 19:00:00,0.0,0.0
2049-08-02 20:00:00,0.0,0.0
2049-08-02 21:00:00,0.0,0.0
2049-08-02 22:00:00,0.0,0.0
2049-08-02 23:00:00,0.0,0.0
2049-08-03 00:00:00,0.0,0.0
2049-08-03 01:00:00,0.0,0.0
2049-08-03 02:00:00,0.0,11.351250745699321
2049-08-03 03:00:00,0.0,45.84158954993957
2049-08-03 04:00:00,0.0,83.38803432417579
2049-08-03 05:00:00,0.0,117.87837312841604
2049-08-03 06:00:00,0.0,160.22727014121736
2049-08-03 07:00:00,0.0,212.18107163114885
2049-08-03 08:00:00,0.0,261.95194028536895
2049-08-03 09:00:00,0.0,271.1202581953569
2049-08-03 10:00:00,0.0,236.62991939111666
2049-08-03 11:00:00,0.0,178.56390596119317
2049-08-03 12:00:00,0.0,108.71005521842812
2049-08-03 13:00:00,0.0,37.9830313413785
2049-08-03 14:00:00,0.0,0.0
2049-08-03 15:00:00,0.0,0.0
2049-08-03 16:00:00,0.0,0.0
2049-08-03 17:00:00,0.0,0.0
2049-08-03 18:00:00,0.0,0.0
2049-08-03 19:00:00,0.0,0.0
2049-08-03 20:00:00,0.0,0.0
2049-08-03 21:00:00,0.0,0.0
2049-08-03 22:00:00,0.0,0.0
2049-08-03 23:00:00,0.0,0.0
2049-08-04 00:00:00,0.0,0.0
2049-08-04 01:00:00,0.0,0.0
2049-08-04 02:00:00,0.0,19.20980895426039
2049-08-04 03:00:00,0.0,76.40264924989928
2049-08-04 04:00:00,0.0,148.87601939551806
2049-08-04 05:00:00,0.0,214.36400446686028
2049-08-04 06:00:00,0.0,271.9934313296414
2049-08-04 07:00:00,0.0,290.7666537167596
2049-08-04 08:00:00,0.0,283.3446820753408
2049-08-04 09:00:00,0.0,249.7275164053851
2049-08-04 10:00:00,0.0,212.18107163114885
2049-08-04 11:00:00,0.0,165.02972237978244
2049-08-04 12:00:00,0.0,101.28808357700933
2049-08-04 13:00:00,0.0,34.92692537138253
2049-08-04 14:00:00,0.0,0.0
2049-08-04 15:00:00,0.0,0.0
2049-08-04 16:00:00,0.0,0.0
2049-08-04 17:00:00,0.0,0.0
2049-08-04 18:00:00,0.0,0.0
2049-08-04 19:00:00,0.0,0.0
2049-08-04 20:00:00,0.0,0.0
2049-08-04 21:00:00,0.0,0.0
2049-08-04 22:00:00,0.0,0.0
2049-08-04 23:00:00,0.0,0.0
2049-08-05 00:00:00,0.0,0.0
2049-08-05 01:00:00,0.0,0.0
2049-08-05 02:00:00,0.0,8.731731342845633
2049-08-05 03:00:00,0.0,47.15134925136641
2049-08-05 04:00:00,0.0,109.5832283527127
2049-08-05 05:00:00,0.0,177.6907328269086
2049-08-05 06:00:00,0.0,223.96890894399044
2049-08-05 07:00:00,0.0,247.98117013681593
2049-08-05 08:00:00,0.0,253.22020894252333
2049-08-05 09:00:00,0.0,252.78362237538104
2049-08-05 10:00:00,0.0,214.36400446686028
2049-08-05 11:00:00,0.0,163.7199626783556
2049-08-05 12:00:00,0.0,98.23197760701336
2049-08-05 13:00:00,0.0,36.67327163995166
2049-08-05 14:00:00,0.0,0.0
2049-08-05 15:00:00,0.0,0.0
2049-08-05 16:00:00,0.0,0.0
2049-08-05 17:00:00,0.0,0.0
2049-08-05 18:00:00,0.0,0.0
2049-08-05 19:00:00,0.0,0.0
2049-08-05 20:00:00,0.0,0.0
2049-08-05 21:00:00,0.0,0.0
2049-08-05 22:00:00,0.0,0.0
2049-08-05 23:00:00,0.0,0.0
2049-08-06 00:00:00,0.0,0.0
2049-08-06 01:00:00,0.0,0.0
2049-08-06 02:00:00,0.0,13.097597014268448
2049-08-06 03:00:00,0.0,61.122119399919434
2049-08-06 04:00:00,0.0,125.30034476983482
2049-08-06 05:00:00,0.0,186.85905073689653
2049-08-06 06:00:00,0.0,231.39088058540923
2049-08-06 07:00:00,0.0,264.57145968822266
2049-08-06 08:00:00,0.0,275.92271043392196
2049-08-06 09:00:00,0.0,264.57145968822266
2049-08-06 10:00:00,0.0,227.46160148112872
2049-08-06 11:00:00,0.0,173.7614537226281
2049-08-06 12:00:00,0.0,106.963708949859
2049-08-06 13:00:00,0.0,39.29279104280535
2049-08-06 14:00:00,0.0,0.0
2049-08-06 15:00:00,0.0,0.0
2049-08-06 16:00:00,0.0,0.0
2049-08-06 17:00:00,0.0,0.0
2049-08-06 18:00:00,0.0,0.0
2049-08-06 19:00:00,0.0,0.0
2049-08-06 20:00:00,0.0,0.0
2049-08-06 21:00:00,0.0,0.0
2049-08-06 22:00:00,0.0,0.0
2049-08-06 23:00:00,0.0,0.0
2049-08-07 00:00:00,0.0,0.0
2049-08-07 01:00:00,0.0,0.0
2049-08-07 02:00:00,0.0,12.224423879983885
2049-08-07 03:00:00,0.0,65.05139850419997
2049-08-07 04:00:00,0.0,140.1442880526724
2049-08-07 05:00:00,0.0,198.21030148259584
2049-08-07 06:00:00,0.0,237.93967909254349
2049-08-07 07:00:00,0.0,267.1909790910764
2049-08-07 08:00:00,0.0,275.92271043392196
2049-08-07 09:00:00,0.0,268.0641522253609
2049-08-07 10:00:00,0.0,227.898188048271
2049-08-07 11:00:00,0.0,174.19804028977038
2049-08-07 12:00:00,0.0,109.5832283527127
2049-08-07 13:00:00,0.0,38.85620447566306
2049-08-07 14:00:00,0.0,0.0
2049-08-07 15:00:00,0.0,0.0
2049-08-07 16:00:00,0.0,0.0
2049-08-07 17:00:00,0.0,0.0
2049-08-07 18:00:00,0.0,0.0
2049-08-07 19:00:00,0.0,0.0
2049-08-07 20:00:00,0.0,0.0
2049-08-07 21:00:00,0.0,0.0
2049-08-07 22:00:00,0.0,0.0
2049-08-07 23:00:00,0.0,0.0
2049-08-08 00:00:00,0.0,0.0
2049-08-08 01:00:00,0.0,0.0
2049-08-08 02:00:00,0.0,14.843943282837575
2049-08-08 03:00:00,0.0,67.67091790705365
2049-08-08 04:00:00,0.0,130.97597014268447
2049-08-08 05:00:00,0.0,183.80294476690057
2049-08-08 06:00:00,0.0,240.99578506253945
2049-08-08 07:00:00,0.0,259.3324208825153
2049-08-08 08:00:00,0.0,263.2616999867958
2049-08-08 09:00:00,0.0,261.0787671510844
2049-08-08 10:00:00,0.0,231.39088058540923
2049-08-08 11:00:00,0.0,177.25414625976634
2049-08-08 12:00:00,0.0,101.28808357700933
2049-08-08 13:00:00,0.0,30.561059699959717
2049-08-08 14:00:00,0.0,0.0
2049-08-08 15:00:00,0.0,0.0
2049-08-08 16:00:00,0.0,0.0
2049-08-08 17:00:00,0.0,0.0
2049-08-08 18:00:00,0.0,0.0
2049-08-08 19:00:00,0.0,0.0
2049-08-08 20:00:00,0.0,0.0
2049-08-08 21:00:00,0.0,0.0
2049-08-08 22:00:00,0.0,0.0
2049-08-08 23:00:00,0.0,0.0
2049-08-09 00:00:00,0.0,0.0
2049-08-09 01:00:00,0.0,0.0
2049-08-09 02:00:00,0.0,13.53418358141073
2049-08-09 03:00:00,0.0,64.61481193705768
2049-08-09 04:00:00,0.0,131.84914327696904
2049-08-09 05:00:00,0.0,194.7176089454576
2049-08-09 06:00:00,0.0,270.6836716282146
2049-08-09 07:00:00,0.0,288.1471343139059
2049-08-09 08:00:00,0.0,284.6544417767676
2049-08-09 09:00:00,0.0,254.96655521109247
2049-08-09 10:00:00,0.0,213.927417899718
2049-08-09 11:00:00,0.0,155.86140446979454
2049-08-09 12:00:00,0.0,89.06365969702544
2049-08-09 13:00:00,0.0,28.37812686424831
2049-08-09 14:00:00,0.0,0.0
2049-08-09 15:00:00,0.0,0.0
2049-08-09 16:00:00,0.0,0.0
2049-08-09 17:00:00,0.0,0.0
2049-08-09 18:00:00,0.0,0.0
2049-08-09 19:00:00,0.0,0.0
2049-08-09 20:00:00,0.0,0.0
2049-08-09 21:00:00,0.0,0.0
2049-08-09 22:00:00,0.0,0.0
2049-08-09 23:00:00,0.0,0.0
2049-08-10 00:00:00,0.0,0.0
2049-08-10 01:00:00,0.0,0.0
2049-08-10 02:00:00,0.0,14.843943282837575
2049-08-10 03:00:00,0.0,70.72702387704963
2049-08-10 04:00:00,0.0,140.1442880526724
2049-08-10 05:00:00,0.0,201.70299401973412
2049-08-10 06:00:00,0.0,265.44463282250723
2049-08-10 07:00:00,0.0,282.4715089410562
2049-08-10 08:00:00,0.0,279.41540297106025
2049-08-10 09:00:00,0.0,265.00804625536495
2049-08-10 10:00:00,0.0,227.02501491398647
2049-08-10 11:00:00,0.0,169.83217461834755
2049-08-10 12:00:00,0.0,96.48563133844424
2049-08-10 13:00:00,0.0,24.885434327110055
2049-08-10 14:00:00,0.0,0.0
2049-08-10 15:00:00,0.0,0.0
2049-08-10 16:00:00,0.0,0.0
2049-08-10 17:00:00,0.0,0.0
2049-08-10 18:00:00,0.0,0.0
2049-08-10 19:00:00,0.0,0.0
2049-08-10 20:00:00,0.0,0.0
2049-08-10 21:00:00,0.0,0.0
2049-08-10 22:00:00,0.0,0.0
2049-08-10 23:00:00,0.0,0.0
2049-08-11 00:00:00,0.0,0.0
2049-08-11 01:00:00,0.0,0.0
2049-08-11 02:00:00,0.0,15.280529849979859
2049-08-11 03:00:00,0.0,70.72702387704963
2049-08-11 04:00:00,0.0,138.83452835124555
2049-08-11 05:00:00,0.0,199.95664775116495
2049-08-11 06:00:00,0.0,252.78362237538104
2049-08-11 07:00:00,0.0,275.92271043392196
2049-08-11 08:00:00,0.0,275.48612386677974
2049-08-11 09:00:00,0.0,256.7129014796616
2049-08-11 10:00:00,0.0,217.42011043685625
2049-08-11 11:00:00,0.0,151.4955387983717
2049-08-11 12:00:00,0.0,70.72702387704963
2049-08-11 13:00:00,0.0,14.843943282837575
2049-08-11 14:00:00,0.0,0.0
2049-08-11 15:00:00,0.0,0.0
2049-08-11 16:00:00,0.0,0.0
2049-08-11 17:00:00,0.0,0.0
2049-08-11 18:00:00,0.0,0.0
2049-08-11 19:00:00,0.0,0.0
2049-08-11 20:00:00,0.0,0.0
2049-08-11 21:00:00,0.0,0.0
2049-08-11 22:00:00,0.0,0.0
2049-08-11 23:00:00,0.0,0.0
2049-08-12 00:00:00,0.0,0.0
2049-08-12 01:00:00,0.0,0.0
2049-08-12 02:00:00,0.0,4.802452238565098
2049-08-12 03:00:00,0.0,31.87081940138656
2049-08-12 04:00:00,0.0,72.47337014561876
2049-08-12 05:00:00,0.0,113.51250745699323
2049-08-12 06:00:00,0.0,149.31260596266034
2049-08-12 07:00:00,0.0,185.54929103546968
2049-08-12 08:00:00,0.0,197.3371283483113
2049-08-12 09:00:00,0.0,181.18342536404685
2049-08-12 10:00:00,0.0,160.22727014121736
2049-08-12 11:00:00,0.0,124.42717163555027
2049-08-12 12:00:00,0.0,77.71240895132613
2049-08-12 13:00:00,0.0,29.68788656567515
2049-08-12 14:00:00,0.0,0.0
2049-08-12 15:00:00,0.0,0.0
2049-08-12 16:00:00,0.0,0.0
2049-08-12 17:00:00,0.0,0.0
2049-08-12 18:00:00,0.0,0.0
2049-08-12 19:00:00,0.0,0.0
2049-08-12 20:00:00,0.0,0.0
2049-08-12 21:00:00,0.0,0.0
2049-08-12 22:00:00,0.0,0.0
2049-08-12 23:00:00,0.0,0.0
2049-08-13 00:00:00,0.0,0.0
2049-08-13 01:00:00,0.0,0.0
2049-08-13 02:00:00,0.0,17.900049252833547
2049-08-13 03:00:00,0.0,82.51486118989122
2049-08-13 04:00:00,0.0,154.1150582012254
2049-08-13 05:00:00,0.0,208.6883790940106
2049-08-13 06:00:00,0.0,247.5445835696737
2049-08-13 07:00:00,0.0,270.6836716282146
2049-08-13 08:00:00,0.0,268.0641522253609
2049-08-13 09:00:00,0.0,251.03727610681193
2049-08-13 10:00:00,0.0,212.18107163114885
2049-08-13 11:00:00,0.0,156.7345776040791
2049-08-13 12:00:00,0.0,94.30269850273282
2049-08-13 13:00:00,0.0,30.99764626710199
2049-08-13 14:00:00,0.0,0.0
2049-08-13 15:00:00,0.0,0.0
2049-08-13 16:00:00,0.0,0.0
2049-08-13 17:00:00,0.0,0.0
2049-08-13 18:00:00,0.0,0.0
2049-08-13 19:00:00,0.0,0.0
2049-08-13 20:00:00,0.0,0.0
2049-08-13 21:00:00,0.0,0.0
2049-08-13 22:00:00,0.0,0.0
2049-08-13 23:00:00,0.0,0.0
2049-08-14 00:00:00,0.0,0.0
2049-08-14 01:00:00,0.0,0.0
2049-08-14 02:00:00,0.0,12.661010447126166
2049-08-14 03:00:00,0.0,54.13673432564292
2049-08-14 04:00:00,0.0,98.66856417415565
2049-08-14 05:00:00,0.0,156.7345776040791
2049-08-14 06:00:00,0.0,221.3493895411368
2049-08-14 07:00:00,0.0,257.14948804680387
2049-08-14 08:00:00,0.0,258.02266118108844
2049-08-14 09:00:00,0.0,241.4323716296817
2049-08-14 10:00:00,0.0,209.12496566115288
2049-08-14 11:00:00,0.0,154.1150582012254
2049-08-14 12:00:00,0.0,89.06365969702544
2049-08-14 13:00:00,0.0,30.12447313281743
2049-08-14 14:00:00,0.0,0.0
2049-08-14 15:00:00,0.0,0.0
2049-08-14 16:00:00,0.0,0.0
2049-08-14 17:00:00,0.0,0.0
2049-08-14 18:00:00,0.0,0.0
2049-08-14 19:00:00,0.0,0.0
2049-08-14 20:00:00,0.0,0.0
2049-08-14 21:00:00,0.0,0.0
2049-08-14 22:00:00,0.0,0.0
2049-08-14 23:00:00,0.0,0.0
2049-08-15 00:00:00,0.0,0.0
2049-08-15 01:00:00,0.0,0.0
2049-08-15 02:00:00,0.0,20.082982088544956
2049-08-15 03:00:00,0.0,91.68317909987914
2049-08-15 04:00:00,0.0,170.26876118548984
2049-08-15 05:00:00,0.0,234.01039998826295
2049-08-15 06:00:00,0.0,275.04953729963745
2049-08-15 07:00:00,0.0,295.56910595532463
2049-08-15 08:00:00,0.0,296.005692522467
2049-08-15 09:00:00,0.0,276.79588356820653
2049-08-15 10:00:00,0.0,239.6860253611126
2049-08-15 11:00:00,0.0,182.05659849833143
2049-08-15 12:00:00,0.0,109.14664178557041
2049-08-15 13:00:00,0.0,37.109858207093936
2049-08-15 14:00:00,0.0,0.0
2049-08-15 15:00:00,0.0,0.0
2049-08-15 16:00:00,0.0,0.0
2049-08-15 17:00:00,0.0,0.0
2049-08-15 18:00:00,0.0,0.0
2049-08-15 19:00:00,0.0,0.0
2049-08-15 20:00:00,0.0,0.0
2049-08-15 21:00:00,0.0,0.0
2049-08-15 22:00:00,0.0,0.0
2049-08-15 23:00:00,0.0,0.0
2049-08-16 00:00:00,0.0,0.0
2049-08-16 01:00:00,0.0,0.0
2049-08-16 02:00:00,0.0,17.02687611854898
2049-08-16 03:00:00,0.0,73.34654327990332
2049-08-16 04:00:00,0.0,155.86140446979454
2049-08-16 05:00:00,0.0,223.96890894399044
2049-08-16 06:00:00,0.0,264.1348731210804
2049-08-16 07:00:00,0.0,286.83737461247904
2049-08-16 08:00:00,0.0,291.20324028390183
2049-08-16 09:00:00,0.0,273.7397775982106
2049-08-16 10:00:00,0.0,237.93967909254349
2049-08-16 11:00:00,0.0,180.31025222976228
2049-08-16 12:00:00,0.0,106.963708949859
2049-08-16 13:00:00,0.0,34.490338804240245
2049-08-16 14:00:00,0.0,0.0
2049-08-16 15:00:00,0.0,0.0
2049-08-16 16:00:00,0.0,0.0
2049-08-16 17:00:00,0.0,0.0
2049-08-16 18:00:00,0.0,0.0
2049-08-16 19:00:00,0.0,0.0
2049-08-16 20:00:00,0.0,0.0
2049-08-16 21:00:00,0.0,0.0
2049-08-16 22:00:00,0.0,0.0
2049-08-16 23:00:00,0.0,0.0
2049-08-17 00:00:00,0.0,0.0
2049-08-17 01:00:00,0.0,0.0
2049-08-17 02:00:00,0.0,9.168317909987914
2049-08-17 03:00:00,0.0,55.44649402706976
2049-08-17 04:00:00,0.0,136.21500894839184
2049-08-17 05:00:00,0.0,213.927417899718
2049-08-17 06:00:00,0.0,265.8812193896495
2049-08-17 07:00:00,0.0,295.1325193881824
2049-08-17 08:00:00,0.0,302.11790446245885
2049-08-17 09:00:00,0.0,288.5837208810482
2049-08-17 10:00:00,0.0,252.78362237538104
2049-08-17 11:00:00,0.0,196.46395521402673
2049-08-17 12:00:00,0.0,122.24423879983884
2049-08-17 13:00:00,0.0,43.22207014708588
2049-08-17 14:00:00,0.0,0.0
2049-08-17 15:00:00,0.0,0.0
2049-08-17 16:00:00,0.0,0.0
2049-08-17 17:00:00,0.0,0.0
2049-08-17 18:00:00,0.0,0.0
2049-08-17 19:00:00,0.0,0.0
2049-08-17 20:00:00,0.0,0.0
2049-08-17 21:00:00,0.0,0.0
2049-08-17 22:00:00,0.0,0.0
2049-08-17 23:00:00,0.0,0.0
2049-08-18 00:00:00,0.0,0.0
2049-08-18 01:00:00,0.0,0.0
2049-08-18 02:00:00,0.0,20.519568655687237
2049-08-18 03:00:00,0.0,96.48563133844424
2049-08-18 04:00:00,0.0,177.6907328269086
2049-08-18 05:00:00,0.0,241.868958196824
2049-08-18 06:00:00,0.0,282.4715089410562
2049-08-18 07:00:00,0.0,302.11790446245885
2049-08-18 08:00:00,0.0,303.864250731028
2049-08-18 09:00:00,0.0,284.2178552096254
2049-08-18 10:00:00,0.0,245.79823730110454
2049-08-18 11:00:00,0.0,188.1688104383234
2049-08-18 12:00:00,0.0,113.9490940241355
2049-08-18 13:00:00,0.0,38.419617908520785
2049-08-18 14:00:00,0.0,0.0
2049-08-18 15:00:00,0.0,0.0
2049-08-18 16:00:00,0.0,0.0
2049-08-18 17:00:00,0.0,0.0
2049-08-18 18:00:00,0.0,0.0
2049-08-18 19:00:00,0.0,0.0
2049-08-18 20:00:00,0.0,0.0
2049-08-18 21:00:00,0.0,0.0
2049-08-18 22:00:00,0.0,0.0
2049-08-18 23:00:00,0.0,0.0
2049-08-19 00:00:00,0.0,0.0
2049-08-19 01:00:00,0.0,0.0
2049-08-19 02:00:00,0.0,20.082982088544956
2049-08-19 03:00:00,0.0,96.92221790558652
2049-08-19 04:00:00,0.0,180.74683879690457
2049-08-19 05:00:00,0.0,247.10799700253142
2049-08-19 06:00:00,0.0,290.7666537167596
2049-08-19 07:00:00,0.0,312.59598207387364
2049-08-19 08:00:00,0.0,315.2155014767273
2049-08-19 09:00:00,0.0,296.4422790896092
2049-08-19 10:00:00,0.0,259.3324208825153
2049-08-19 11:00:00,0.0,201.26640745259184
2049-08-19 12:00:00,0.0,124.86375820269255
2049-08-19 13:00:00,0.0,43.658656714228165
2049-08-19 14:00:00,0.0,0.0
2049-08-19 15:00:00,0.0,0.0
2049-08-19 16:00:00,0.0,0.0
2049-08-19 17:00:00,0.0,0.0
2049-08-19 18:00:00,0.0,0.0
2049-08-19 19:00:00,0.0,0.0
2049-08-19 20:00:00,0.0,0.0
2049-08-19 21:00:00,0.0,0.0
2049-08-19 22:00:00,0.0,0.0
2049-08-19 23:00:00,0.0,0.0
2049-08-20 00:00:00,0.0,0.0
2049-08-20 01:00:00,0.0,0.0
2049-08-20 02:00:00,0.0,20.519568655687237
2049-08-20 03:00:00,0.0,94.30269850273282
2049-08-20 04:00:00,0.0,182.05659849833143
2049-08-20 05:00:00,0.0,248.85434327110053
2049-08-20 06:00:00,0.0,293.8227596867556
2049-08-20 07:00:00,0.0,315.2155014767273
2049-08-20 08:00:00,0.0,318.27160744672335
2049-08-20 09:00:00,0.0,297.7520387910361
2049-08-20 10:00:00,0.0,260.20559401679986
2049-08-20 11:00:00,0.0,202.13958058687638
2049-08-20 12:00:00,0.0,126.17351790411936
2049-08-20 13:00:00,0.0,43.658656714228165
2049-08-20 14:00:00,0.0,0.0
2049-08-20 15:00:00,0.0,0.0
2049-08-20 16:00:00,0.0,0.0
2049-08-20 17:00:00,0.0,0.0
2049-08-20 18:00:00,0.0,0.0
2049-08-20 19:00:00,0.0,0.0
2049-08-20 20:00:00,0.0,0.0
2049-08-20 21:00:00,0.0,0.0
2049-08-20 22:00:00,0.0,0.0
2049-08-20 23:00:00,0.0,0.0
2049-08-21 00:00:00,0.0,0.0
2049-08-21 01:00:00,0.0,0.0
2049-08-21 02:00:00,0.0,18.773222387118107
2049-08-21 03:00:00,0.0,90.37341939845228
2049-08-21 04:00:00,0.0,171.1419343197744
2049-08-21 05:00:00,0.0,246.23482386824685
2049-08-21 06:00:00,0.0,292.5129999853287
2049-08-21 07:00:00,0.0,316.96184774529644
2049-08-21 08:00:00,0.0,319.58136714815015
2049-08-21 09:00:00,0.0,302.11790446245885
2049-08-21 10:00:00,0.0,263.6982865539381
2049-08-21 11:00:00,0.0,204.75909998973006
2049-08-21 12:00:00,0.0,127.04669103840395
2049-08-21 13:00:00,0.0,44.09524328137045
2049-08-21 14:00:00,0.0,0.0
2049-08-21 15:00:00,0.0,0.0
2049-08-21 16:00:00,0.0,0.0
2049-08-21 17:00:00,0.0,0.0
2049-08-21 18:00:00,0.0,0.0
2049-08-21 19:00:00,0.0,0.0
2049-08-21 20:00:00,0.0,0.0
2049-08-21 21:00:00,0.0,0.0
2049-08-21 22:00:00,0.0,0.0
2049-08-21 23:00:00,0.0,0.0
2049-08-22 00:00:00,0.0,0.0
2049-08-22 01:00:00,0.0,0.0
2049-08-22 02:00:00,0.0,20.082982088544956
2049-08-22 03:00:00,0.0,98.66856417415565
2049-08-22 04:00:00,0.0,182.05659849833143
2049-08-22 05:00:00,0.0,247.5445835696737
2049-08-22 06:00:00,0.0,290.7666537167596
2049-08-22 07:00:00,0.0,312.15939550673136
2049-08-22 08:00:00,0.0,313.4691552081582
2049-08-22 09:00:00,0.0,295.56910595532463
2049-08-22 10:00:00,0.0,257.58607461394615
2049-08-22 11:00:00,0.0,198.64688804973815
2049-08-22 12:00:00,0.0,121.80765223269658
2049-08-22 13:00:00,0.0,41.039137311374475
2049-08-22 14:00:00,0.0,0.0
2049-08-22 15:00:00,0.0,0.0
2049-08-22 16:00:00,0.0,0.0
2049-08-22 17:00:00,0.0,0.0
2049-08-22 18:00:00,0.0,0.0
2049-08-22 19:00:00,0.0,0.0
2049-08-22 20:00:00,0.0,0.0
2049-08-22 21:00:00,0.0,0.0
2049-08-22 22:00:00,0.0,0.0
2049-08-22 23:00:00,0.0,0.0
2049-08-23 00:00:00,0.0,0.0
2049-08-23 01:00:00,0.0,0.0
2049-08-23 02:00:00,0.0,20.082982088544956
2049-08-23 03:00:00,0.0,98.66856417415565
2049-08-23 04:00:00,0.0,181.18342536404685
2049-08-23 05:00:00,0.0,245.79823730110454
2049-08-23 06:00:00,0.0,288.5837208810482
2049-08-23 07:00:00,0.0,309.5398761038777
2049-08-23 08:00:00,0.0,310.41304923816216
2049-08-23 09:00:00,0.0,293.8227596867556
2049-08-23 10:00:00,0.0,255.83972834537707
2049-08-23 11:00:00,0.0,197.77371491545355
2049-08-23 12:00:00,0.0,121.80765223269658
2049-08-23 13:00:00,0.0,41.039137311374475
2049-08-23 14:00:00,0.0,0.0
2049-08-23 15:00:00,0.0,0.0
2049-08-23 16:00:00,0.0,0.0
2049-08-23 17:00:00,0.0,0.0
2049-08-23 18:00:00,0.0,0.0
2049-08-23 19:00:00,0.0,0.0
2049-08-23 20:00:00,0.0,0.0
2049-08-23 21:00:00,0.0,0.0
2049-08-23 22:00:00,0.0,0.0
2049-08-23 23:00:00,0.0,0.0
2049-08-24 00:00:00,0.0,0.0
2049-08-24 01:00:00,0.0,0.0
2049-08-24 02:00:00,0.0,20.95615522282952
2049-08-24 03:00:00,0.0,103.47101641272074
2049-08-24 04:00:00,0.0,188.1688104383234
2049-08-24 05:00:00,0.0,253.6567955096656
2049-08-24 06:00:00,0.0,295.56910595532463
2049-08-24 07:00:00,0.0,316.5252611781542
2049-08-24 08:00:00,0.0,317.3984343124388
2049-08-24 09:00:00,0.0,299.9349716267475
2049-08-24 10:00:00,0.0,262.38852685251123
2049-08-24 11:00:00,0.0,204.32251342258778
2049-08-24 12:00:00,0.0,127.04669103840395
2049-08-24 13:00:00,0.0,43.658656714228165
2049-08-24 14:00:00,0.0,0.0
2049-08-24 15:00:00,0.0,0.0
2049-08-24 16:00:00,0.0,0.0
2049-08-24 17:00:00,0.0,0.0
2049-08-24 18:00:00,0.0,0.0
2049-08-24 19:00:00,0.0,0.0
2049-08-24 20:00:00,0.0,0.0
2049-08-24 21:00:00,0.0,0.0
2049-08-24 22:00:00,0.0,0.0
2049-08-24 23:00:00,0.0,0.0
2049-08-25 00:00:00,0.0,0.0
2049-08-25 01:00:00,0.0,0.0
2049-08-25 02:00:00,0.0,21.3927417899718
2049-08-25 03:00:00,0.0,104.3441895470053
2049-08-25 04:00:00,0.0,188.1688104383234
2049-08-25 05:00:00,0.0,252.78362237538104
2049-08-25 06:00:00,0.0,293.8227596867556
2049-08-25 07:00:00,0.0,313.9057417753005
2049-08-25 08:00:00,0.0,314.3423283424428
2049-08-25 09:00:00,0.0,296.4422790896092
2049-08-25 10:00:00,0.0,258.4592477482307
2049-08-25 11:00:00,0.0,200.39323431830724
2049-08-25 12:00:00,0.0,123.99058506840797
2049-08-25 13:00:00,0.0,41.47572387851675
2049-08-25 14:00:00,0.0,0.0
2049-08-25 15:00:00,0.0,0.0
2049-08-25 16:00:00,0.0,0.0
2049-08-25 17:00:00,0.0,0.0
2049-08-25 18:00:00,0.0,0.0
2049-08-25 19:00:00,0.0,0.0
2049-08-25 20:00:00,0.0,0.0
2049-08-25 21:00:00,0.0,0.0
2049-08-25 22:00:00,0.0,0.0
2049-08-25 23:00:00,0.0,0.0
2049-08-26 00:00:00,0.0,0.0
2049-08-26 01:00:00,0.0,0.0
2049-08-26 02:00:00,0.0,19.20980895426039
2049-08-26 03:00:00,0.0,97.79539103987109
2049-08-26 04:00:00,0.0,180.31025222976228
2049-08-26 05:00:00,0.0,244.92506416682002
2049-08-26 06:00:00,0.0,285.96420147819447
2049-08-26 07:00:00,0.0,306.48377013388165
2049-08-26 08:00:00,0.0,307.3569432681663
2049-08-26 09:00:00,0.0,292.0764134181864
2049-08-26 10:00:00,0.0,254.52996864395018
2049-08-26 11:00:00,0.0,196.46395521402673
2049-08-26 12:00:00,0.0,119.62471939698516
2049-08-26 13:00:00,0.0,39.29279104280535
2049-08-26 14:00:00,0.0,0.0
2049-08-26 15:00:00,0.0,0.0
2049-08-26 16:00:00,0.0,0.0
2049-08-26 17:00:00,0.0,0.0
2049-08-26 18:00:00,0.0,0.0
2049-08-26 19:00:00,0.0,0.0
2049-08-26 20:00:00,0.0,0.0
2049-08-26 21:00:00,0.0,0.0
2049-08-26 22:00:00,0.0,0.0
2049-08-26 23:00:00,0.0,0.0
2049-08-27 00:00:00,0.0,0.0
2049-08-27 01:00:00,0.0,0.0
2049-08-27 02:00:00,0.0,9.604904477130194
2049-08-27 03:00:00,0.0,52.39038805707379
2049-08-27 04:00:00,0.0,104.3441895470053
2049-08-27 05:00:00,0.0,151.05895223122943
2049-08-27 06:00:00,0.0,192.5346761097462
2049-08-27 07:00:00,0.0,216.1103507354294
2049-08-27 08:00:00,0.0,227.02501491398647
2049-08-27 09:00:00,0.0,243.17871789825085
2049-08-27 10:00:00,0.0,235.7567462568321
2049-08-27 11:00:00,0.0,188.1688104383234
2049-08-27 12:00:00,0.0,116.13202685984692
2049-08-27 13:00:00,0.0,38.419617908520785
2049-08-27 14:00:00,0.0,0.0
2049-08-27 15:00:00,0.0,0.0
2049-08-27 16:00:00,0.0,0.0
2049-08-27 17:00:00,0.0,0.0
2049-08-27 18:00:00,0.0,0.0
2049-08-27 19:00:00,0.0,0.0
2049-08-27 20:00:00,0.0,0.0
2049-08-27 21:00:00,0.0,0.0
2049-08-27 22:00:00,0.0,0.0
2049-08-27 23:00:00,0.0,0.0
2049-08-28 00:00:00,0.0,0.0
2049-08-28 01:00:00,0.0,0.0
2049-08-28 02:00:00,0.0,17.463462685691265
2049-08-28 03:00:00,0.0,96.92221790558652
2049-08-28 04:00:00,0.0,186.42246416975425
2049-08-28 05:00:00,0.0,252.78362237538104
2049-08-28 06:00:00,0.0,294.6959328210401
2049-08-28 07:00:00,0.0,311.2862223724468
2049-08-28 08:00:00,0.0,294.25934625389783
2049-08-28 09:00:00,0.0,250.16410297252733
2049-08-28 10:00:00,0.0,197.77371491545355
2049-08-28 11:00:00,0.0,143.20039402266838
2049-08-28 12:00:00,0.0,90.81000596559457
2049-08-28 13:00:00,0.0,33.61716566995569
2049-08-28 14:00:00,0.0,0.0
2049-08-28 15:00:00,0.0,0.0
2049-08-28 16:00:00,0.0,0.0
2049-08-28 17:00:00,0.0,0.0
2049-08-28 18:00:00,0.0,0.0
2049-08-28 19:00:00,0.0,0.0
2049-08-28 20:00:00,0.0,0.0
2049-08-28 21:00:00,0.0,0.0
2049-08-28 22:00:00,0.0,0.0
2049-08-28 23:00:00,0.0,0.0
2049-08-29 00:00:00,0.0,0.0
2049-08-29 01:00:00,0.0,0.0
2049-08-29 02:00:00,0.0,17.900049252833547
2049-08-29 03:00:00,0.0,95.61245820415968
2049-08-29 04:00:00,0.0,176.81755969262403
2049-08-29 05:00:00,0.0,239.6860253611126
2049-08-29 06:00:00,0.0,276.35929700106425
2049-08-29 07:00:00,0.0,288.5837208810482
2049-08-29 08:00:00,0.0,291.20324028390183
2049-08-29 09:00:00,0.0,278.97881640391796
2049-08-29 10:00:00,0.0,247.98117013681593
2049-08-29 11:00:00,0.0,192.97126267688847
2049-08-29 12:00:00,0.0,117.44178656127376
2049-08-29 13:00:00,0.0,37.9830313413785
2049-08-29 14:00:00,0.0,0.0
2049-08-29 15:00:00,0.0,0.0
2049-08-29 16:00:00,0.0,0.0
2049-08-29 17:00:00,0.0,0.0
2049-08-29 18:00:00,0.0,0.0
2049-08-29 19:00:00,0.0,0.0
2049-08-29 20:00:00,0.0,0.0
2049-08-29 21:00:00,0.0,0.0
2049-08-29 22:00:00,0.0,0.0
2049-08-29 23:00:00,0.0,0.0
2049-08-30 00:00:00,0.0,0.0
2049-08-30 01:00:00,0.0,0.0
2049-08-30 02:00:00,0.0,12.661010447126166
2049-08-30 03:00:00,0.0,76.83923581704155
2049-08-30 04:00:00,0.0,167.64924178263615
2049-08-30 05:00:00,0.0,243.61530446539317
2049-08-30 06:00:00,0.0,291.20324028390183
2049-08-30 07:00:00,0.0,314.778914909585
2049-08-30 08:00:00,0.0,315.2155014767273
2049-08-30 09:00:00,0.0,292.5129999853287
2049-08-30 10:00:00,0.0,246.67141043538913
2049-08-30 11:00:00,0.0,187.29563730403882
2049-08-30 12:00:00,0.0,113.9490940241355
2049-08-30 13:00:00,0.0,36.67327163995166
2049-08-30 14:00:00,0.0,0.0
2049-08-30 15:00:00,0.0,0.0
2049-08-30 16:00:00,0.0,0.0
2049-08-30 17:00:00,0.0,0.0
2049-08-30 18:00:00,0.0,0.0
2049-08-30 19:00:00,0.0,0.0
2049-08-30 20:00:00,0.0,0.0
2049-08-30 21:00:00,0.0,0.0
2049-08-30 22:00:00,0.0,0.0
2049-08-30 23:00:00,0.0,0.0
2049-08-31 00:00:00,0.0,0.0
2049-08-31 01:00:00,0.0,0.0
2049-08-31 02:00:00,0.0,14.843943282837575
2049-08-31 03:00:00,0.0,85.5709671598872
2049-08-31 04:00:00,0.0,172.01510745405895
2049-08-31 05:00:00,0.0,244.92506416682002
2049-08-31 06:00:00,0.0,290.7666537167596
2049-08-31 07:00:00,0.0,311.72280893958913
2049-08-31 08:00:00,0.0,313.4691552081582
2049-08-31 09:00:00,0.0,296.005692522467
2049-08-31 10:00:00,0.0,258.02266118108844
2049-08-31 11:00:00,0.0,199.08347461688044
2049-08-31 12:00:00,0.0,121.80765223269658
2049-08-31 13:00:00,0.0,39.29279104280535
2049-08-31 14:00:00,0.0,0.0
2049-08-31 15:00:00,0.0,0.0
2049-08-31 16:00:00,0.0,0.0
2049-08-31 17:00:00,0.0,0.0
2049-08-31 18:00:00,0.0,0.0
2049-08-31 19:00:00,0.0,0.0
2049-08-31 20:00:00,0.0,0.0
2049-08-31 21:00:00,0.0,0.0
2049-08-31 22:00:00,0.0,0.0
2049-08-31 23:00:00,0.0,0.0
2049-09-01 00:00:00,0.0,0.0
2049-09-01 01:00:00,0.0,0.0
2049-09-01 02:00:00,0.0,17.463462685691265
2049-09-01 03:00:00,0.0,96.48563133844424
2049-09-01 04:00:00,0.0,180.74683879690457
2049-09-01 05:00:00,0.0,245.79823730110454
2049-09-01 06:00:00,0.0,290.33006714961726
2049-09-01 07:00:00,0.0,309.97646267101993
2049-09-01 08:00:00,0.0,304.3008372981702
2049-09-01 09:00:00,0.0,277.2324701353488
2049-09-01 10:00:00,0.0,234.01039998826295
2049-09-01 11:00:00,0.0,192.5346761097462
2049-09-01 12:00:00,0.0,120.06130596412744
2049-09-01 13:00:00,0.0,37.9830313413785
2049-09-01 14:00:00,0.0,0.0
2049-09-01 15:00:00,0.0,0.0
2049-09-01 16:00:00,0.0,0.0
2049-09-01 17:00:00,0.0,0.0
2049-09-01 18:00:00,0.0,0.0
2049-09-01 19:00:00,0.0,0.0
2049-09-01 20:00:00,0.0,0.0
2049-09-01 21:00:00,0.0,0.0
2049-09-01 22:00:00,0.0,0.0
2049-09-01 23:00:00,0.0,0.0
2049-09-02 00:00:00,0.0,0.0
2049-09-02 01:00:00,0.0,0.0
2049-09-02 02:00:00,0.0,10.041491044272478
2049-09-02 03:00:00,0.0,57.629426862781166
2049-09-02 04:00:00,0.0,113.9490940241355
2049-09-02 05:00:00,0.0,175.07121342405495
2049-09-02 06:00:00,0.0,221.3493895411368
2049-09-02 07:00:00,0.0,242.30554476396634
2049-09-02 08:00:00,0.0,234.44698655540523
2049-09-02 09:00:00,0.0,215.6737641682871
2049-09-02 10:00:00,0.0,206.06885969115694
2049-09-02 11:00:00,0.0,179.43707909547774
2049-09-02 12:00:00,0.0,112.63933432270866
2049-09-02 13:00:00,0.0,36.23668507280938
2049-09-02 14:00:00,0.0,0.0
2049-09-02 15:00:00,0.0,0.0
2049-09-02 16:00:00,0.0,0.0
2049-09-02 17:00:00,0.0,0.0
2049-09-02 18:00:00,0.0,0.0
2049-09-02 19:00:00,0.0,0.0
2049-09-02 20:00:00,0.0,0.0
2049-09-02 21:00:00,0.0,0.0
2049-09-02 22:00:00,0.0,0.0
2049-09-02 23:00:00,0.0,0.0
2049-09-03 00:00:00,0.0,0.0
2049-09-03 01:00:00,0.0,0.0
2049-09-03 02:00:00,0.0,11.787837312841603
2049-09-03 03:00:00,0.0,73.34654327990332
2049-09-03 04:00:00,0.0,161.1004432755019
2049-09-03 05:00:00,0.0,236.62991939111666
2049-09-03 06:00:00,0.0,287.7105477467636
2049-09-03 07:00:00,0.0,309.10328953673536
2049-09-03 08:00:00,0.0,311.72280893958913
2049-09-03 09:00:00,0.0,290.33006714961726
2049-09-03 10:00:00,0.0,248.41775670395825
2049-09-03 11:00:00,0.0,182.4931850654737
2049-09-03 12:00:00,0.0,103.90760297986303
2049-09-03 13:00:00,0.0,30.12447313281743
2049-09-03 14:00:00,0.0,0.0
2049-09-03 15:00:00,0.0,0.0
2049-09-03 16:00:00,0.0,0.0
2049-09-03 17:00:00,0.0,0.0
2049-09-03 18:00:00,0.0,0.0
2049-09-03 19:00:00,0.0,0.0
2049-09-03 20:00:00,0.0,0.0
2049-09-03 21:00:00,0.0,0.0
2049-09-03 22:00:00,0.0,0.0
2049-09-03 23:00:00,0.0,0.0
2049-09-04 00:00:00,0.0,0.0
2049-09-04 01:00:00,0.0,0.0
2049-09-04 02:00:00,0.0,13.097597014268448
2049-09-04 03:00:00,0.0,84.26120745846036
2049-09-04 04:00:00,0.0,181.18342536404685
2049-09-04 05:00:00,0.0,251.9104492410965
2049-09-04 06:00:00,0.0,296.005692522467
2049-09-04 07:00:00,0.0,317.3984343124388
2049-09-04 08:00:00,0.0,318.27160744672335
2049-09-04 09:00:00,0.0,297.31545222389383
2049-09-04 10:00:00,0.0,258.895834315373
2049-09-04 11:00:00,0.0,199.08347461688044
2049-09-04 12:00:00,0.0,120.49789253126973
2049-09-04 13:00:00,0.0,37.109858207093936
2049-09-04 14:00:00,0.0,0.0
2049-09-04 15:00:00,0.0,0.0
2049-09-04 16:00:00,0.0,0.0
2049-09-04 17:00:00,0.0,0.0
2049-09-04 18:00:00,0.0,0.0
2049-09-04 19:00:00,0.0,0.0
2049-09-04 20:00:00,0.0,0.0
2049-09-04 21:00:00,0.0,0.0
2049-09-04 22:00:00,0.0,0.0
2049-09-04 23:00:00,0.0,0.0
2049-09-05 00:00:00,0.0,0.0
2049-09-05 01:00:00,0.0,0.0
2049-09-05 02:00:00,0.0,7.858558208561069
2049-09-05 03:00:00,0.0,60.685532832777156
2049-09-05 04:00:00,0.0,142.3272208883838
2049-09-05 05:00:00,0.0,233.57381342112063
2049-09-05 06:00:00,0.0,282.9080955081985
2049-09-05 07:00:00,0.0,306.04718356673936
2049-09-05 08:00:00,0.0,306.04718356673936
2049-09-05 09:00:00,0.0,287.27396117962127
2049-09-05 10:00:00,0.0,248.85434327110053
2049-09-05 11:00:00,0.0,190.3517432740348
2049-09-05 12:00:00,0.0,112.63933432270866
2049-09-05 13:00:00,0.0,33.180579102813404
2049-09-05 14:00:00,0.0,0.0
2049-09-05 15:00:00,0.0,0.0
2049-09-05 16:00:00,0.0,0.0
2049-09-05 17:00:00,0.0,0.0
2049-09-05 18:00:00,0.0,0.0
2049-09-05 19:00:00,0.0,0.0
2049-09-05 20:00:00,0.0,0.0
2049-09-05 21:00:00,0.0,0.0
2049-09-05 22:00:00,0.0,0.0
2049-09-05 23:00:00,0.0,0.0
2049-09-06 00:00:00,0.0,0.0
2049-09-06 01:00:00,0.0,0.0
2049-09-06 02:00:00,0.0,12.661010447126166
2049-09-06 03:00:00,0.0,77.27582238418384
2049-09-06 04:00:00,0.0,151.05895223122943
2049-09-06 05:00:00,0.0,217.85669700399853
2049-09-06 06:00:00,0.0,270.2470850610723
2049-09-06 07:00:00,0.0,299.0617984924629
2049-09-06 08:00:00,0.0,300.80814476103205
2049-09-06 09:00:00,0.0,285.5276149110522
2049-09-06 10:00:00,0.0,248.41775670395825
2049-09-06 11:00:00,0.0,189.47857013975022
2049-09-06 12:00:00,0.0,113.07592088985093
2049-09-06 13:00:00,0.0,33.180579102813404
2049-09-06 14:00:00,0.0,0.0
2049-09-06 15:00:00,0.0,0.0
2049-09-06 16:00:00,0.0,0.0
2049-09-06 17:00:00,0.0,0.0
2049-09-06 18:00:00,0.0,0.0
2049-09-06 19:00:00,0.0,0.0
2049-09-06 20:00:00,0.0,0.0
2049-09-06 21:00:00,0.0,0.0
2049-09-06 22:00:00,0.0,0.0
2049-09-06 23:00:00,0.0,0.0
2049-09-07 00:00:00,0.0,0.0
2049-09-07 01:00:00,0.0,0.0
2049-09-07 02:00:00,0.0,4.802452238565098
2049-09-07 03:00:00,0.0,44.53182984851272
2049-09-07 04:00:00,0.0,117.44178656127376
2049-09-07 05:00:00,0.0,214.36400446686028
2049-09-07 06:00:00,0.0,273.3031910310683
2049-09-07 07:00:00,0.0,291.20324028390183
2049-09-07 08:00:00,0.0,294.25934625389783
2049-09-07 09:00:00,0.0,282.4715089410562
2049-09-07 10:00:00,0.0,246.23482386824685
2049-09-07 11:00:00,0.0,188.1688104383234
2049-09-07 12:00:00,0.0,110.45640148699725
2049-09-07 13:00:00,0.0,29.68788656567515
2049-09-07 14:00:00,0.0,0.0
2049-09-07 15:00:00,0.0,0.0
2049-09-07 16:00:00,0.0,0.0
2049-09-07 17:00:00,0.0,0.0
2049-09-07 18:00:00,0.0,0.0
2049-09-07 19:00:00,0.0,0.0
2049-09-07 20:00:00,0.0,0.0
2049-09-07 21:00:00,0.0,0.0
2049-09-07 22:00:00,0.0,0.0
2049-09-07 23:00:00,0.0,0.0
2049-09-08 00:00:00,0.0,0.0
2049-09-08 01:00:00,0.0,0.0
2049-09-08 02:00:00,0.0,7.4219716414187875
2049-09-08 03:00:00,0.0,49.77086865422011
2049-09-08 04:00:00,0.0,107.40029551700128
2049-09-08 05:00:00,0.0,174.19804028977038
2049-09-08 06:00:00,0.0,236.62991939111666
2049-09-08 07:00:00,0.0,283.78126864248304
2049-09-08 08:00:00,0.0,299.0617984924629
2049-09-08 09:00:00,0.0,277.6690567024911
2049-09-08 10:00:00,0.0,236.19333282397437
2049-09-08 11:00:00,0.0,172.88828058834352
2049-09-08 12:00:00,0.0,96.92221790558652
2049-09-08 13:00:00,0.0,24.012261192825488
2049-09-08 14:00:00,0.0,0.0
2049-09-08 15:00:00,0.0,0.0
2049-09-08 16:00:00,0.0,0.0
2049-09-08 17:00:00,0.0,0.0
2049-09-08 18:00:00,0.0,0.0
2049-09-08 19:00:00,0.0,0.0
2049-09-08 20:00:00,0.0,0.0
2049-09-08 21:00:00,0.0,0.0
2049-09-08 22:00:00,0.0,0.0
2049-09-08 23:00:00,0.0,0.0
2049-09-09 00:00:00,0.0,0.0
2049-09-09 01:00:00,0.0,0.0
2049-09-09 02:00:00,0.0,9.168317909987914
2049-09-09 03:00:00,0.0,67.67091790705365
2049-09-09 04:00:00,0.0,140.1442880526724
2049-09-09 05:00:00,0.0,205.19568655687235
2049-09-09 06:00:00,0.0,269.3739119267878
2049-09-09 07:00:00,0.0,295.56910595532463
2049-09-09 08:00:00,0.0,298.6252119253207
2049-09-09 09:00:00,0.0,283.78126864248304
2049-09-09 10:00:00,0.0,247.10799700253142
2049-09-09 11:00:00,0.0,185.98587760261196
2049-09-09 12:00:00,0.0,108.27346865128584
2049-09-09 13:00:00,0.0,31.434232834244277
2049-09-09 14:00:00,0.0,0.0
2049-09-09 15:00:00,0.0,0.0
2049-09-09 16:00:00,0.0,0.0
2049-09-09 17:00:00,0.0,0.0
2049-09-09 18:00:00,0.0,0.0
2049-09-09 19:00:00,0.0,0.0
2049-09-09 20:00:00,0.0,0.0
2049-09-09 21:00:00,0.0,0.0
2049-09-09 22:00:00,0.0,0.0
2049-09-09 23:00:00,0.0,0.0
2049-09-10 00:00:00,0.0,0.0
2049-09-10 01:00:00,0.0,0.0
2049-09-10 02:00:00,0.0,10.47807761141476
2049-09-10 03:00:00,0.0,66.7977447727691
2049-09-10 04:00:00,0.0,134.03207611268044
2049-09-10 05:00:00,0.0,175.07121342405495
2049-09-10 06:00:00,0.0,211.74448506400657
2049-09-10 07:00:00,0.0,230.95429401826695
2049-09-10 08:00:00,0.0,220.9128029739945
2049-09-10 09:00:00,0.0,208.25179252686834
2049-09-10 10:00:00,0.0,181.18342536404685
2049-09-10 11:00:00,0.0,131.84914327696904
2049-09-10 12:00:00,0.0,76.40264924989928
2049-09-10 13:00:00,0.0,19.20980895426039
2049-09-10 14:00:00,0.0,0.0
2049-09-10 15:00:00,0.0,0.0
2049-09-10 16:00:00,0.0,0.0
2049-09-10 17:00:00,0.0,0.0
2049-09-10 18:00:00,0.0,0.0
2049-09-10 19:00:00,0.0,0.0
2049-09-10 20:00:00,0.0,0.0
2049-09-10 21:00:00,0.0,0.0
2049-09-10 22:00:00,0.0,0.0
2049-09-10 23:00:00,0.0,0.0
2049-09-11 00:00:00,0.0,0.0
2049-09-11 01:00:00,0.0,0.0
2049-09-11 02:00:00,0.0,13.970770148553012
2049-09-11 03:00:00,0.0,90.81000596559457
2049-09-11 04:00:00,0.0,175.50779999119723
2049-09-11 05:00:00,0.0,245.36165073396225
2049-09-11 06:00:00,0.0,292.94958655247103
2049-09-11 07:00:00,0.0,316.5252611781542
2049-09-11 08:00:00,0.0,315.2155014767273
2049-09-11 09:00:00,0.0,283.3446820753408
2049-09-11 10:00:00,0.0,222.65914924256364
2049-09-11 11:00:00,0.0,133.5954895455382
2049-09-11 12:00:00,0.0,58.06601342992346
2049-09-11 13:00:00,0.0,10.47807761141476
2049-09-11 14:00:00,0.0,0.0
2049-09-11 15:00:00,0.0,0.0
2049-09-11 16:00:00,0.0,0.0
2049-09-11 17:00:00,0.0,0.0
2049-09-11 18:00:00,0.0,0.0
2049-09-11 19:00:00,0.0,0.0
2049-09-11 20:00:00,0.0,0.0
2049-09-11 21:00:00,0.0,0.0
2049-09-11 22:00:00,0.0,0.0
2049-09-11 23:00:00,0.0,0.0
2049-09-12 00:00:00,0.0,0.0
2049-09-12 01:00:00,0.0,0.0
2049-09-12 02:00:00,0.0,15.717116417122138
2049-09-12 03:00:00,0.0,100.85149700986706
2049-09-12 04:00:00,0.0,187.7322238711811
2049-09-12 05:00:00,0.0,254.52996864395018
2049-09-12 06:00:00,0.0,298.1886253581784
2049-09-12 07:00:00,0.0,317.835020879581
2049-09-12 08:00:00,0.0,313.9057417753005
2049-09-12 09:00:00,0.0,292.5129999853287
2049-09-12 10:00:00,0.0,248.85434327110053
2049-09-12 11:00:00,0.0,191.22491640831936
2049-09-12 12:00:00,0.0,109.5832283527127
2049-09-12 13:00:00,0.0,27.06836716282146
2049-09-12 14:00:00,0.0,0.0
2049-09-12 15:00:00,0.0,0.0
2049-09-12 16:00:00,0.0,0.0
2049-09-12 17:00:00,0.0,0.0
2049-09-12 18:00:00,0.0,0.0
2049-09-12 19:00:00,0.0,0.0
2049-09-12 20:00:00,0.0,0.0
2049-09-12 21:00:00,0.0,0.0
2049-09-12 22:00:00,0.0,0.0
2049-09-12 23:00:00,0.0,0.0
2049-09-13 00:00:00,0.0,0.0
2049-09-13 01:00:00,0.0,0.0
2049-09-13 02:00:00,0.0,10.914664178557041
2049-09-13 03:00:00,0.0,86.88072686131405
2049-09-13 04:00:00,0.0,179.00049252833546
2049-09-13 05:00:00,0.0,248.41775670395825
2049-09-13 06:00:00,0.0,292.0764134181864
2049-09-13 07:00:00,0.0,311.2862223724468
2049-09-13 08:00:00,0.0,305.61059699959713
2049-09-13 09:00:00,0.0,268.0641522253609
2049-09-13 10:00:00,0.0,207.37861939258377
2049-09-13 11:00:00,0.0,142.3272208883838
2049-09-13 12:00:00,0.0,83.38803432417579
2049-09-13 13:00:00,0.0,27.06836716282146
2049-09-13 14:00:00,0.0,0.0
2049-09-13 15:00:00,0.0,0.0
2049-09-13 16:00:00,0.0,0.0
2049-09-13 17:00:00,0.0,0.0
2049-09-13 18:00:00,0.0,0.0
2049-09-13 19:00:00,0.0,0.0
2049-09-13 20:00:00,0.0,0.0
2049-09-13 21:00:00,0.0,0.0
2049-09-13 22:00:00,0.0,0.0
2049-09-13 23:00:00,0.0,0.0
2049-09-14 00:00:00,0.0,0.0
2049-09-14 01:00:00,0.0,0.0
2049-09-14 02:00:00,0.0,12.224423879983885
2049-09-14 03:00:00,0.0,86.44414029417176
2049-09-14 04:00:00,0.0,175.50779999119723
2049-09-14 05:00:00,0.0,244.92506416682002
2049-09-14 06:00:00,0.0,291.20324028390183
2049-09-14 07:00:00,0.0,316.5252611781542
2049-09-14 08:00:00,0.0,320.891126849577
2049-09-14 09:00:00,0.0,304.73742386531256
2049-09-14 10:00:00,0.0,266.3178059567918
2049-09-14 11:00:00,0.0,205.63227312401466
2049-09-14 12:00:00,0.0,122.68082536698113
2049-09-14 13:00:00,0.0,33.180579102813404
2049-09-14 14:00:00,0.0,0.0
2049-09-14 15:00:00,0.0,0.0
2049-09-14 16:00:00,0.0,0.0
2049-09-14 17:00:00,0.0,0.0
2049-09-14 18:00:00,0.0,0.0
2049-09-14 19:00:00,0.0,0.0
2049-09-14 20:00:00,0.0,0.0
2049-09-14 21:00:00,0.0,0.0
2049-09-14 22:00:00,0.0,0.0
2049-09-14 23:00:00,0.0,0.0
2049-09-15 00:00:00,0.0,0.0
2049-09-15 01:00:00,0.0,0.0
2049-09-15 02:00:00,0.0,7.4219716414187875
2049-09-15 03:00:00,0.0,70.29043730990735
2049-09-15 04:00:00,0.0,144.07356715695295
2049-09-15 05:00:00,0.0,175.94438655833952
2049-09-15 06:00:00,0.0,206.5054462582992
2049-09-15 07:00:00,0.0,229.20794774969784
2049-09-15 08:00:00,0.0,227.898188048271
2049-09-15 09:00:00,0.0,181.62001193118914
2049-09-15 10:00:00,0.0,122.24423879983884
2049-09-15 11:00:00,0.0,74.65630298133017
2049-09-15 12:00:00,0.0,39.29279104280535
2049-09-15 13:00:00,0.0,10.041491044272478
2049-09-15 14:00:00,0.0,0.0
2049-09-15 15:00:00,0.0,0.0
2049-09-15 16:00:00,0.0,0.0
2049-09-15 17:00:00,0.0,0.0
2049-09-15 18:00:00,0.0,0.0
2049-09-15 19:00:00,0.0,0.0
2049-09-15 20:00:00,0.0,0.0
2049-09-15 21:00:00,0.0,0.0
2049-09-15 22:00:00,0.0,0.0
2049-09-15 23:00:00,0.0,0.0
2049-09-16 00:00:00,0.0,0.0
2049-09-16 01:00:00,0.0,0.0
2049-09-16 02:00:00,0.0,10.914664178557041
2049-09-16 03:00:00,0.0,88.1904865627409
2049-09-16 04:00:00,0.0,177.6907328269086
2049-09-16 05:00:00,0.0,245.36165073396225
2049-09-16 06:00:00,0.0,292.5129999853287
2049-09-16 07:00:00,0.0,318.27160744672335
2049-09-16 08:00:00,0.0,322.2008865510038
2049-09-16 09:00:00,0.0,304.73742386531256
2049-09-16 10:00:00,0.0,266.3178059567918
2049-09-16 11:00:00,0.0,204.75909998973006
2049-09-16 12:00:00,0.0,122.68082536698113
2049-09-16 13:00:00,0.0,34.490338804240245
2049-09-16 14:00:00,0.0,0.0
2049-09-16 15:00:00,0.0,0.0
2049-09-16 16:00:00,0.0,0.0
2049-09-16 17:00:00,0.0,0.0
2049-09-16 18:00:00,0.0,0.0
2049-09-16 19:00:00,0.0,0.0
2049-09-16 20:00:00,0.0,0.0
2049-09-16 21:00:00,0.0,0.0
2049-09-16 22:00:00,0.0,0.0
2049-09-16 23:00:00,0.0,0.0
2049-09-17 00:00:00,0.0,0.0
2049-09-17 01:00:00,0.0,0.0
2049-09-17 02:00:00,0.0,12.661010447126166
2049-09-17 03:00:00,0.0,94.30269850273282
2049-09-17 04:00:00,0.0,184.23953133404282
2049-09-17 05:00:00,0.0,253.22020894252333
2049-09-17 06:00:00,0.0,300.3715581938897
2049-09-17 07:00:00,0.0,323.94723281957295
2049-09-17 08:00:00,0.0,326.13016565528443
2049-09-17 09:00:00,0.0,307.3569432681663
2049-09-17 10:00:00,0.0,267.6275656582186
2049-09-17 11:00:00,0.0,206.06885969115694
2049-09-17 12:00:00,0.0,123.55399850126571
2049-09-17 13:00:00,0.0,34.490338804240245
2049-09-17 14:00:00,0.0,0.0
2049-09-17 15:00:00,0.0,0.0
2049-09-17 16:00:00,0.0,0.0
2049-09-17 17:00:00,0.0,0.0
2049-09-17 18:00:00,0.0,0.0
2049-09-17 19:00:00,0.0,0.0
2049-09-17 20:00:00,0.0,0.0
2049-09-17 21:00:00,0.0,0.0
2049-09-17 22:00:00,0.0,0.0
2049-09-17 23:00:00,0.0,0.0
2049-09-18 00:00:00,0.0,0.0
2049-09-18 01:00:00,0.0,0.0
2049-09-18 02:00:00,0.0,11.787837312841603
2049-09-18 03:00:00,0.0,91.68317909987914
2049-09-18 04:00:00,0.0,181.18342536404685
2049-09-18 05:00:00,0.0,246.23482386824685
2049-09-18 06:00:00,0.0,295.1325193881824
2049-09-18 07:00:00,0.0,319.1447805810078
2049-09-18 08:00:00,0.0,322.2008865510038
2049-09-18 09:00:00,0.0,303.4276641638857
2049-09-18 10:00:00,0.0,264.1348731210804
2049-09-18 11:00:00,0.0,203.01275372116095
2049-09-18 12:00:00,0.0,118.7515462627006
2049-09-18 13:00:00,0.0,32.30740596852884
2049-09-18 14:00:00,0.0,0.0
2049-09-18 15:00:00,0.0,0.0
2049-09-18 16:00:00,0.0,0.0
2049-09-18 17:00:00,0.0,0.0
2049-09-18 18:00:00,0.0,0.0
2049-09-18 19:00:00,0.0,0.0
2049-09-18 20:00:00,0.0,0.0
2049-09-18 21:00:00,0.0,0.0
2049-09-18 22:00:00,0.0,0.0
2049-09-18 23:00:00,0.0,0.0
2049-09-19 00:00:00,0.0,0.0
2049-09-19 01:00:00,0.0,0.0
2049-09-19 02:00:00,0.0,13.970770148553012
2049-09-19 03:00:00,0.0,97.79539103987109
2049-09-19 04:00:00,0.0,190.78832984117707
2049-09-19 05:00:00,0.0,258.4592477482307
2049-09-19 06:00:00,0.0,299.49838505960525
2049-09-19 07:00:00,0.0,322.63747311814615
2049-09-19 08:00:00,0.0,324.8204059538575
2049-09-19 09:00:00,0.0,308.66670296959313
2049-09-19 10:00:00,0.0,269.3739119267878
2049-09-19 11:00:00,0.0,207.81520595972606
2049-09-19 12:00:00,0.0,125.30034476983482
2049-09-19 13:00:00,0.0,34.92692537138253
2049-09-19 14:00:00,0.0,0.0
2049-09-19 15:00:00,0.0,0.0
2049-09-19 16:00:00,0.0,0.0
2049-09-19 17:00:00,0.0,0.0
2049-09-19 18:00:00,0.0,0.0
2049-09-19 19:00:00,0.0,0.0
2049-09-19 20:00:00,0.0,0.0
2049-09-19 21:00:00,0.0,0.0
2049-09-19 22:00:00,0.0,0.0
2049-09-19 23:00:00,0.0,0.0
2049-09-20 00:00:00,0.0,0.0
2049-09-20 01:00:00,0.0,0.0
2049-09-20 02:00:00,0.0,13.097597014268448
2049-09-20 03:00:00,0.0,95.61245820415968
2049-09-20 04:00:00,0.0,189.47857013975022
2049-09-20 05:00:00,0.0,258.02266118108844
2049-09-20 06:00:00,0.0,303.864250731028
2049-09-20 07:00:00,0.0,325.6935790881421
2049-09-20 08:00:00,0.0,327.4399253567112
2049-09-20 09:00:00,0.0,306.920356701024
2049-09-20 10:00:00,0.0,267.6275656582186
2049-09-20 11:00:00,0.0,206.06885969115694
2049-09-20 12:00:00,0.0,123.99058506840797
2049-09-20 13:00:00,0.0,34.05375223709796
2049-09-20 14:00:00,0.0,0.0
2049-09-20 15:00:00,0.0,0.0
2049-09-20 16:00:00,0.0,0.0
2049-09-20 17:00:00,0.0,0.0
2049-09-20 18:00:00,0.0,0.0
2049-09-20 19:00:00,0.0,0.0
2049-09-20 20:00:00,0.0,0.0
2049-09-20 21:00:00,0.0,0.0
2049-09-20 22:00:00,0.0,0.0
2049-09-20 23:00:00,0.0,0.0
2049-09-21 00:00:00,0.0,0.0
2049-09-21 01:00:00,0.0,0.0
2049-09-21 02:00:00,0.0,12.661010447126166
2049-09-21 03:00:00,0.0,97.3588044727288
2049-09-21 04:00:00,0.0,187.7322238711811
2049-09-21 05:00:00,0.0,257.14948804680387
2049-09-21 06:00:00,0.0,299.0617984924629
2049-09-21 07:00:00,0.0,321.3277134167193
2049-09-21 08:00:00,0.0,322.2008865510038
2049-09-21 09:00:00,0.0,302.9910775967435
2049-09-21 10:00:00,0.0,263.6982865539381
2049-09-21 11:00:00,0.0,202.13958058687638
2049-09-21 12:00:00,0.0,120.49789253126973
2049-09-21 13:00:00,0.0,31.87081940138656
2049-09-21 14:00:00,0.0,0.0
2049-09-21 15:00:00,0.0,0.0
2049-09-21 16:00:00,0.0,0.0
2049-09-21 17:00:00,0.0,0.0
2049-09-21 18:00:00,0.0,0.0
2049-09-21 19:00:00,0.0,0.0
2049-09-21 20:00:00,0.0,0.0
2049-09-21 21:00:00,0.0,0.0
2049-09-21 22:00:00,0.0,0.0
2049-09-21 23:00:00,0.0,0.0
2049-09-22 00:00:00,0.0,0.0
2049-09-22 01:00:00,0.0,0.0
2049-09-22 02:00:00,0.0,12.224423879983885
2049-09-22 03:00:00,0.0,97.3588044727288
2049-09-22 04:00:00,0.0,187.29563730403882
2049-09-22 05:00:00,0.0,256.7129014796616
2049-09-22 06:00:00,0.0,302.11790446245885
2049-09-22 07:00:00,0.0,324.38381938671523
2049-09-22 08:00:00,0.0,326.56675222242666
2049-09-22 09:00:00,0.0,305.17401043245485
2049-09-22 10:00:00,0.0,265.44463282250723
2049-09-22 11:00:00,0.0,203.44934028830326
2049-09-22 12:00:00,0.0,120.06130596412744
2049-09-22 13:00:00,0.0,30.99764626710199
2049-09-22 14:00:00,0.0,0.0
2049-09-22 15:00:00,0.0,0.0
2049-09-22 16:00:00,0.0,0.0
2049-09-22 17:00:00,0.0,0.0
2049-09-22 18:00:00,0.0,0.0
2049-09-22 19:00:00,0.0,0.0
2049-09-22 20:00:00,0.0,0.0
2049-09-22 21:00:00,0.0,0.0
2049-09-22 22:00:00,0.0,0.0
2049-09-22 23:00:00,0.0,0.0
2049-09-23 00:00:00,0.0,0.0
2049-09-23 01:00:00,0.0,0.0
2049-09-23 02:00:00,0.0,11.351250745699321
2049-09-23 03:00:00,0.0,92.11976566702141
2049-09-23 04:00:00,0.0,179.43707909547774
2049-09-23 05:00:00,0.0,247.98117013681593
2049-09-23 06:00:00,0.0,292.94958655247103
2049-09-23 07:00:00,0.0,316.0886746110119
2049-09-23 08:00:00,0.0,316.96184774529644
2049-09-23 09:00:00,0.0,298.1886253581784
2049-09-23 10:00:00,0.0,257.58607461394615
2049-09-23 11:00:00,0.0,192.97126267688847
2049-09-23 12:00:00,0.0,106.963708949859
2049-09-23 13:00:00,0.0,24.012261192825488
2049-09-23 14:00:00,0.0,0.0
2049-09-23 15:00:00,0.0,0.0
2049-09-23 16:00:00,0.0,0.0
2049-09-23 17:00:00,0.0,0.0
2049-09-23 18:00:00,0.0,0.0
2049-09-23 19:00:00,0.0,0.0
2049-09-23 20:00:00,0.0,0.0
2049-09-23 21:00:00,0.0,0.0
2049-09-23 22:00:00,0.0,0.0
2049-09-23 23:00:00,0.0,0.0
2049-09-24 00:00:00,0.0,0.0
2049-09-24 01:00:00,0.0,0.0
2049-09-24 02:00:00,0.0,8.295144775703351
2049-09-24 03:00:00,0.0,72.47337014561876
2049-09-24 04:00:00,0.0,144.51015372409523
2049-09-24 05:00:00,0.0,192.97126267688847
2049-09-24 06:00:00,0.0,222.65914924256364
2049-09-24 07:00:00,0.0,244.48847759967774
2049-09-24 08:00:00,0.0,251.9104492410965
2049-09-24 09:00:00,0.0,241.868958196824
2049-09-24 10:00:00,0.0,219.1664567054254
2049-09-24 11:00:00,0.0,182.05659849833143
2049-09-24 12:00:00,0.0,109.5832283527127
2049-09-24 13:00:00,0.0,27.941540297106023
2049-09-24 14:00:00,0.0,0.0
2049-09-24 15:00:00,0.0,0.0
2049-09-24 16:00:00,0.0,0.0
2049-09-24 17:00:00,0.0,0.0
2049-09-24 18:00:00,0.0,0.0
2049-09-24 19:00:00,0.0,0.0
2049-09-24 20:00:00,0.0,0.0
2049-09-24 21:00:00,0.0,0.0
2049-09-24 22:00:00,0.0,0.0
2049-09-24 23:00:00,0.0,0.0
2049-09-25 00:00:00,0.0,0.0
2049-09-25 01:00:00,0.0,0.0
2049-09-25 02:00:00,0.0,6.985385074276506
2049-09-25 03:00:00,0.0,72.90995671276102
2049-09-25 04:00:00,0.0,161.1004432755019
2049-09-25 05:00:00,0.0,233.57381342112063
2049-09-25 06:00:00,0.0,289.89348058247504
2049-09-25 07:00:00,0.0,311.2862223724468
2049-09-25 08:00:00,0.0,313.0325686410159
2049-09-25 09:00:00,0.0,289.4568940153327
2049-09-25 10:00:00,0.0,249.29092983824282
2049-09-25 11:00:00,0.0,188.1688104383234
2049-09-25 12:00:00,0.0,106.09053581557443
2049-09-25 13:00:00,0.0,25.322020894252336
2049-09-25 14:00:00,0.0,0.0
2049-09-25 15:00:00,0.0,0.0
2049-09-25 16:00:00,0.0,0.0
2049-09-25 17:00:00,0.0,0.0
2049-09-25 18:00:00,0.0,0.0
2049-09-25 19:00:00,0.0,0.0
2049-09-25 20:00:00,0.0,0.0
2049-09-25 21:00:00,0.0,0.0
2049-09-25 22:00:00,0.0,0.0
2049-09-25 23:00:00,0.0,0.0
2049-09-26 00:00:00,0.0,0.0
2049-09-26 01:00:00,0.0,0.0
2049-09-26 02:00:00,0.0,6.548798507134224
2049-09-26 03:00:00,0.0,78.5855820856107
2049-09-26 04:00:00,0.0,172.01510745405895
2049-09-26 05:00:00,0.0,243.61530446539317
2049-09-26 06:00:00,0.0,291.63982685104406
2049-09-26 07:00:00,0.0,316.96184774529644
2049-09-26 08:00:00,0.0,323.51064625243066
2049-09-26 09:00:00,0.0,307.3569432681663
2049-09-26 10:00:00,0.0,270.2470850610723
2049-09-26 11:00:00,0.0,208.6883790940106
2049-09-26 12:00:00,0.0,125.30034476983482
2049-09-26 13:00:00,0.0,33.180579102813404
2049-09-26 14:00:00,0.0,0.0
2049-09-26 15:00:00,0.0,0.0
2049-09-26 16:00:00,0.0,0.0
2049-09-26 17:00:00,0.0,0.0
2049-09-26 18:00:00,0.0,0.0
2049-09-26 19:00:00,0.0,0.0
2049-09-26 20:00:00,0.0,0.0
2049-09-26 21:00:00,0.0,0.0
2049-09-26 22:00:00,0.0,0.0
2049-09-26 23:00:00,0.0,0.0
2049-09-27 00:00:00,0.0,0.0
2049-09-27 01:00:00,0.0,0.0
2049-09-27 02:00:00,0.0,10.47807761141476
2049-09-27 03:00:00,0.0,93.86611193559055
2049-09-27 04:00:00,0.0,183.36635819975828
2049-09-27 05:00:00,0.0,255.40314177823475
2049-09-27 06:00:00,0.0,300.80814476103205
2049-09-27 07:00:00,0.0,323.0740596852884
2049-09-27 08:00:00,0.0,323.51064625243066
2049-09-27 09:00:00,0.0,301.2447313281743
2049-09-27 10:00:00,0.0,253.6567955096656
2049-09-27 11:00:00,0.0,179.00049252833546
2049-09-27 12:00:00,0.0,94.73928506987511
2049-09-27 13:00:00,0.0,22.702501491398642
2049-09-27 14:00:00,0.0,0.0
2049-09-27 15:00:00,0.0,0.0
2049-09-27 16:00:00,0.0,0.0
2049-09-27 17:00:00,0.0,0.0
2049-09-27 18:00:00,0.0,0.0
2049-09-27 19:00:00,0.0,0.0
2049-09-27 20:00:00,0.0,0.0
2049-09-27 21:00:00,0.0,0.0
2049-09-27 22:00:00,0.0,0.0
2049-09-27 23:00:00,0.0,0.0
2049-09-28 00:00:00,0.0,0.0
2049-09-28 01:00:00,0.0,0.0
2049-09-28 02:00:00,0.0,6.112211939991943
2049-09-28 03:00:00,0.0,70.29043730990735
2049-09-28 04:00:00,0.0,170.70534775263212
2049-09-28 05:00:00,0.0,246.23482386824685
2049-09-28 06:00:00,0.0,293.8227596867556
2049-09-28 07:00:00,0.0,316.5252611781542
2049-09-28 08:00:00,0.0,318.7081940138656
2049-09-28 09:00:00,0.0,301.2447313281743
2049-09-28 10:00:00,0.0,265.00804625536495
2049-09-28 11:00:00,0.0,206.5054462582992
2049-09-28 12:00:00,0.0,124.86375820269255
2049-09-28 13:00:00,0.0,32.74399253567112
2049-09-28 14:00:00,0.0,0.0
2049-09-28 15:00:00,0.0,0.0
2049-09-28 16:00:00,0.0,0.0
2049-09-28 17:00:00,0.0,0.0
2049-09-28 18:00:00,0.0,0.0
2049-09-28 19:00:00,0.0,0.0
2049-09-28 20:00:00,0.0,0.0
2049-09-28 21:00:00,0.0,0.0
2049-09-28 22:00:00,0.0,0.0
2049-09-28 23:00:00,0.0,0.0
2049-09-29 00:00:00,0.0,0.0
2049-09-29 01:00:00,0.0,0.0
2049-09-29 02:00:00,0.0,10.47807761141476
2049-09-29 03:00:00,0.0,95.61245820415968
2049-09-29 04:00:00,0.0,185.1127044683274
2049-09-29 05:00:00,0.0,253.6567955096656
2049-09-29 06:00:00,0.0,298.1886253581784
2049-09-29 07:00:00,0.0,320.891126849577
2049-09-29 08:00:00,0.0,323.0740596852884
2049-09-29 09:00:00,0.0,306.04718356673936
2049-09-29 10:00:00,0.0,266.3178059567918
2049-09-29 11:00:00,0.0,203.44934028830326
2049-09-29 12:00:00,0.0,120.06130596412744
2049-09-29 13:00:00,0.0,29.68788656567515
2049-09-29 14:00:00,0.0,0.0
2049-09-29 15:00:00,0.0,0.0
2049-09-29 16:00:00,0.0,0.0
2049-09-29 17:00:00,0.0,0.0
2049-09-29 18:00:00,0.0,0.0
2049-09-29 19:00:00,0.0,0.0
2049-09-29 20:00:00,0.0,0.0
2049-09-29 21:00:00,0.0,0.0
2049-09-29 22:00:00,0.0,0.0
2049-09-29 23:00:00,0.0,0.0
2049-09-30 00:00:00,0.0,0.0
2049-09-30 01:00:00,0.0,0.0
2049-09-30 02:00:00,0.0,8.295144775703351
2049-09-30 03:00:00,0.0,88.1904865627409
2049-09-30 04:00:00,0.0,180.31025222976228
2049-09-30 05:00:00,0.0,250.16410297252733
2049-09-30 06:00:00,0.0,295.1325193881824
2049-09-30 07:00:00,0.0,318.27160744672335
2049-09-30 08:00:00,0.0,320.4545402824347
2049-09-30 09:00:00,0.0,302.11790446245885
2049-09-30 10:00:00,0.0,262.8251134196535
2049-09-30 11:00:00,0.0,200.82982088544955
2049-09-30 12:00:00,0.0,117.44178656127376
2049-09-30 13:00:00,0.0,28.37812686424831
2049-09-30 14:00:00,0.0,0.0
2049-09-30 15:00:00,0.0,0.0
2049-09-30 16:00:00,0.0,0.0
2049-09-30 17:00:00,0.0,0.0
2049-09-30 18:00:00,0.0,0.0
2049-09-30 19:00:00,0.0,0.0
2049-09-30 20:00:00,0.0,0.0
2049-09-30 21:00:00,0.0,0.0
2049-09-30 22:00:00,0.0,0.0
2049-09-30 23:00:00,0.0,0.0
2049-10-01 00:00:00,0.0,0.0
2049-10-01 01:00:00,0.0,0.0
2049-10-01 02:00:00,0.0,8.731731342845633
2049-10-01 03:00:00,0.0,90.37341939845228
2049-10-01 04:00:00,0.0,180.74683879690457
2049-10-01 05:00:00,0.0,250.16410297252733
2049-10-01 06:00:00,0.0,295.1325193881824
2049-10-01 07:00:00,0.0,317.835020879581
2049-10-01 08:00:00,0.0,320.0179537152924
2049-10-01 09:00:00,0.0,300.80814476103205
2049-10-01 10:00:00,0.0,260.20559401679986
2049-10-01 11:00:00,0.0,196.900541781169
2049-10-01 12:00:00,0.0,112.63933432270866
2049-10-01 13:00:00,0.0,25.322020894252336
2049-10-01 14:00:00,0.0,0.0
2049-10-01 15:00:00,0.0,0.0
2049-10-01 16:00:00,0.0,0.0
2049-10-01 17:00:00,0.0,0.0
2049-10-01 18:00:00,0.0,0.0
2049-10-01 19:00:00,0.0,0.0
2049-10-01 20:00:00,0.0,0.0
2049-10-01 21:00:00,0.0,0.0
2049-10-01 22:00:00,0.0,0.0
2049-10-01 23:00:00,0.0,0.0
2049-10-02 00:00:00,0.0,0.0
2049-10-02 01:00:00,0.0,0.0
2049-10-02 02:00:00,0.0,6.985385074276506
2049-10-02 03:00:00,0.0,84.69779402560263
2049-10-02 04:00:00,0.0,175.50779999119723
2049-10-02 05:00:00,0.0,246.23482386824685
2049-10-02 06:00:00,0.0,293.8227596867556
2049-10-02 07:00:00,0.0,316.96184774529644
2049-10-02 08:00:00,0.0,319.1447805810078
2049-10-02 09:00:00,0.0,301.2447313281743
2049-10-02 10:00:00,0.0,261.0787671510844
2049-10-02 11:00:00,0.0,197.77371491545355
2049-10-02 12:00:00,0.0,113.51250745699323
2049-10-02 13:00:00,0.0,25.322020894252336
2049-10-02 14:00:00,0.0,0.0
2049-10-02 15:00:00,0.0,0.0
2049-10-02 16:00:00,0.0,0.0
2049-10-02 17:00:00,0.0,0.0
2049-10-02 18:00:00,0.0,0.0
2049-10-02 19:00:00,0.0,0.0
2049-10-02 20:00:00,0.0,0.0
2049-10-02 21:00:00,0.0,0.0
2049-10-02 22:00:00,0.0,0.0
2049-10-02 23:00:00,0.0,0.0
2049-10-03 00:00:00,0.0,0.0
2049-10-03 01:00:00,0.0,0.0
2049-10-03 02:00:00,0.0,7.858558208561069
2049-10-03 03:00:00,0.0,87.75389999559862
2049-10-03 04:00:00,0.0,178.1273193940509
2049-10-03 05:00:00,0.0,247.98117013681593
2049-10-03 06:00:00,0.0,294.6959328210401
2049-10-03 07:00:00,0.0,316.96184774529644
2049-10-03 08:00:00,0.0,318.7081940138656
2049-10-03 09:00:00,0.0,298.6252119253207
2049-10-03 10:00:00,0.0,257.14948804680387
2049-10-03 11:00:00,0.0,192.97126267688847
2049-10-03 12:00:00,0.0,108.71005521842812
2049-10-03 13:00:00,0.0,23.139088058540924
2049-10-03 14:00:00,0.0,0.0
2049-10-03 15:00:00,0.0,0.0
2049-10-03 16:00:00,0.0,0.0
2049-10-03 17:00:00,0.0,0.0
2049-10-03 18:00:00,0.0,0.0
2049-10-03 19:00:00,0.0,0.0
2049-10-03 20:00:00,0.0,0.0
2049-10-03 21:00:00,0.0,0.0
2049-10-03 22:00:00,0.0,0.0
2049-10-03 23:00:00,0.0,0.0
2049-10-04 00:00:00,0.0,0.0
2049-10-04 01:00:00,0.0,0.0
2049-10-04 02:00:00,0.0,6.985385074276506
2049-10-04 03:00:00,0.0,85.13438059274492
2049-10-04 04:00:00,0.0,175.07121342405495
2049-10-04 05:00:00,0.0,244.92506416682002
2049-10-04 06:00:00,0.0,291.63982685104406
2049-10-04 07:00:00,0.0,314.3423283424428
2049-10-04 08:00:00,0.0,316.0886746110119
2049-10-04 09:00:00,0.0,296.8788656567515
2049-10-04 10:00:00,0.0,255.40314177823475
2049-10-04 11:00:00,0.0,191.22491640831936
2049-10-04 12:00:00,0.0,106.52712238271671
2049-10-04 13:00:00,0.0,21.3927417899718
2049-10-04 14:00:00,0.0,0.0
2049-10-04 15:00:00,0.0,0.0
2049-10-04 16:00:00,0.0,0.0
2049-10-04 17:00:00,0.0,0.0
2049-10-04 18:00:00,0.0,0.0
2049-10-04 19:00:00,0.0,0.0
2049-10-04 20:00:00,0.0,0.0
2049-10-04 21:00:00,0.0,0.0
2049-10-04 22:00:00,0.0,0.0
2049-10-04 23:00:00,0.0,0.0
2049-10-05 00:00:00,0.0,0.0
2049-10-05 01:00:00,0.0,0.0
2049-10-05 02:00:00,0.0,5.675625372849661
2049-10-05 03:00:00,0.0,76.83923581704155
2049-10-05 04:00:00,0.0,171.1419343197744
2049-10-05 05:00:00,0.0,242.74213133110862
2049-10-05 06:00:00,0.0,294.25934625389783
2049-10-05 07:00:00,0.0,318.27160744672335
2049-10-05 08:00:00,0.0,320.0179537152924
2049-10-05 09:00:00,0.0,301.2447313281743
2049-10-05 10:00:00,0.0,259.3324208825153
2049-10-05 11:00:00,0.0,190.3517432740348
2049-10-05 12:00:00,0.0,103.03442984557847
2049-10-05 13:00:00,0.0,18.773222387118107
2049-10-05 14:00:00,0.0,0.0
2049-10-05 15:00:00,0.0,0.0
2049-10-05 16:00:00,0.0,0.0
2049-10-05 17:00:00,0.0,0.0
2049-10-05 18:00:00,0.0,0.0
2049-10-05 19:00:00,0.0,0.0
2049-10-05 20:00:00,0.0,0.0
2049-10-05 21:00:00,0.0,0.0
2049-10-05 22:00:00,0.0,0.0
2049-10-05 23:00:00,0.0,0.0
2049-10-06 00:00:00,0.0,0.0
2049-10-06 01:00:00,0.0,0.0
2049-10-06 02:00:00,0.0,4.365865671422816
2049-10-06 03:00:00,0.0,71.60019701133419
2049-10-06 04:00:00,0.0,165.46630894692473
2049-10-06 05:00:00,0.0,245.79823730110454
2049-10-06 06:00:00,0.0,293.38617311961326
2049-10-06 07:00:00,0.0,314.3423283424428
2049-10-06 08:00:00,0.0,315.2155014767273
2049-10-06 09:00:00,0.0,297.31545222389383
2049-10-06 10:00:00,0.0,256.27631491251935
2049-10-06 11:00:00,0.0,192.97126267688847
2049-10-06 12:00:00,0.0,106.52712238271671
2049-10-06 13:00:00,0.0,21.3927417899718
2049-10-06 14:00:00,0.0,0.0
2049-10-06 15:00:00,0.0,0.0
2049-10-06 16:00:00,0.0,0.0
2049-10-06 17:00:00,0.0,0.0
2049-10-06 18:00:00,0.0,0.0
2049-10-06 19:00:00,0.0,0.0
2049-10-06 20:00:00,0.0,0.0
2049-10-06 21:00:00,0.0,0.0
2049-10-06 22:00:00,0.0,0.0
2049-10-06 23:00:00,0.0,0.0
2049-10-07 00:00:00,0.0,0.0
2049-10-07 01:00:00,0.0,0.0
2049-10-07 02:00:00,0.0,4.802452238565098
2049-10-07 03:00:00,0.0,72.03678357847647
2049-10-07 04:00:00,0.0,172.45169402120126
2049-10-07 05:00:00,0.0,243.61530446539317
2049-10-07 06:00:00,0.0,292.5129999853287
2049-10-07 07:00:00,0.0,319.1447805810078
2049-10-07 08:00:00,0.0,323.0740596852884
2049-10-07 09:00:00,0.0,304.3008372981702
2049-10-07 10:00:00,0.0,265.00804625536495
2049-10-07 11:00:00,0.0,202.13958058687638
2049-10-07 12:00:00,0.0,115.69544029270462
2049-10-07 13:00:00,0.0,24.012261192825488
2049-10-07 14:00:00,0.0,0.0
2049-10-07 15:00:00,0.0,0.0
2049-10-07 16:00:00,0.0,0.0
2049-10-07 17:00:00,0.0,0.0
2049-10-07 18:00:00,0.0,0.0
2049-10-07 19:00:00,0.0,0.0
2049-10-07 20:00:00,0.0,0.0
2049-10-07 21:00:00,0.0,0.0
2049-10-07 22:00:00,0.0,0.0
2049-10-07 23:00:00,0.0,0.0
2049-10-08 00:00:00,0.0,0.0
2049-10-08 01:00:00,0.0,0.0
2049-10-08 02:00:00,0.0,5.675625372849661
2049-10-08 03:00:00,0.0,84.26120745846036
2049-10-08 04:00:00,0.0,172.45169402120126
2049-10-08 05:00:00,0.0,248.85434327110053
2049-10-08 06:00:00,0.0,297.7520387910361
2049-10-08 07:00:00,0.0,321.7642999838616
2049-10-08 08:00:00,0.0,324.38381938671523
2049-10-08 09:00:00,0.0,305.17401043245485
2049-10-08 10:00:00,0.0,265.00804625536495
2049-10-08 11:00:00,0.0,202.57616715401866
2049-10-08 12:00:00,0.0,118.31495969555833
2049-10-08 13:00:00,0.0,24.885434327110055
2049-10-08 14:00:00,0.0,0.0
2049-10-08 15:00:00,0.0,0.0
2049-10-08 16:00:00,0.0,0.0
2049-10-08 17:00:00,0.0,0.0
2049-10-08 18:00:00,0.0,0.0
2049-10-08 19:00:00,0.0,0.0
2049-10-08 20:00:00,0.0,0.0
2049-10-08 21:00:00,0.0,0.0
2049-10-08 22:00:00,0.0,0.0
2049-10-08 23:00:00,0.0,0.0
2049-10-09 00:00:00,0.0,0.0
2049-10-09 01:00:00,0.0,0.0
2049-10-09 02:00:00,0.0,7.4219716414187875
2049-10-09 03:00:00,0.0,92.5563522341637
2049-10-09 04:00:00,0.0,185.54929103546968
2049-10-09 05:00:00,0.0,255.40314177823475
2049-10-09 06:00:00,0.0,300.80814476103205
2049-10-09 07:00:00,0.0,323.51064625243066
2049-10-09 08:00:00,0.0,326.13016565528443
2049-10-09 09:00:00,0.0,308.2301164024508
2049-10-09 10:00:00,0.0,268.9373253596455
2049-10-09 11:00:00,0.0,207.37861939258377
2049-10-09 12:00:00,0.0,123.1174119341234
2049-10-09 13:00:00,0.0,27.06836716282146
2049-10-09 14:00:00,0.0,0.0
2049-10-09 15:00:00,0.0,0.0
2049-10-09 16:00:00,0.0,0.0
2049-10-09 17:00:00,0.0,0.0
2049-10-09 18:00:00,0.0,0.0
2049-10-09 19:00:00,0.0,0.0
2049-10-09 20:00:00,0.0,0.0
2049-10-09 21:00:00,0.0,0.0
2049-10-09 22:00:00,0.0,0.0
2049-10-09 23:00:00,0.0,0.0
2049-10-10 00:00:00,0.0,0.0
2049-10-10 01:00:00,0.0,0.0
2049-10-10 02:00:00,0.0,7.4219716414187875
2049-10-10 03:00:00,0.0,94.30269850273282
2049-10-10 04:00:00,0.0,188.1688104383234
2049-10-10 05:00:00,0.0,258.02266118108844
2049-10-10 06:00:00,0.0,302.9910775967435
2049-10-10 07:00:00,0.0,325.6935790881421
2049-10-10 08:00:00,0.0,327.4399253567112
2049-10-10 09:00:00,0.0,309.5398761038777
2049-10-10 10:00:00,0.0,270.2470850610723
2049-10-10 11:00:00,0.0,208.25179252686834
2049-10-10 12:00:00,0.0,123.55399850126571
2049-10-10 13:00:00,0.0,26.195194028536896
2049-10-10 14:00:00,0.0,0.0
2049-10-10 15:00:00,0.0,0.0
2049-10-10 16:00:00,0.0,0.0
2049-10-10 17:00:00,0.0,0.0
2049-10-10 18:00:00,0.0,0.0
2049-10-10 19:00:00,0.0,0.0
2049-10-10 20:00:00,0.0,0.0
2049-10-10 21:00:00,0.0,0.0
2049-10-10 22:00:00,0.0,0.0
2049-10-10 23:00:00,0.0,0.0
2049-10-11 00:00:00,0.0,0.0
2049-10-11 01:00:00,0.0,0.0
2049-10-11 02:00:00,0.0,4.802452238565098
2049-10-11 03:00:00,0.0,81.20510148846438
2049-10-11 04:00:00,0.0,176.81755969262403
2049-10-11 05:00:00,0.0,250.60068953966965
2049-10-11 06:00:00,0.0,297.7520387910361
2049-10-11 07:00:00,0.0,321.7642999838616
2049-10-11 08:00:00,0.0,324.8204059538575
2049-10-11 09:00:00,0.0,305.61059699959713
2049-10-11 10:00:00,0.0,264.1348731210804
2049-10-11 11:00:00,0.0,199.95664775116495
2049-10-11 12:00:00,0.0,114.82226715842008
2049-10-11 13:00:00,0.0,22.702501491398642
2049-10-11 14:00:00,0.0,0.0
2049-10-11 15:00:00,0.0,0.0
2049-10-11 16:00:00,0.0,0.0
2049-10-11 17:00:00,0.0,0.0
2049-10-11 18:00:00,0.0,0.0
2049-10-11 19:00:00,0.0,0.0
2049-10-11 20:00:00,0.0,0.0
2049-10-11 21:00:00,0.0,0.0
2049-10-11 22:00:00,0.0,0.0
2049-10-11 23:00:00,0.0,0.0
2049-10-12 00:00:00,0.0,0.0
2049-10-12 01:00:00,0.0,0.0
2049-10-12 02:00:00,0.0,4.802452238565098
2049-10-12 03:00:00,0.0,83.38803432417579
2049-10-12 04:00:00,0.0,176.81755969262403
2049-10-12 05:00:00,0.0,248.85434327110053
2049-10-12 06:00:00,0.0,295.56910595532463
2049-10-12 07:00:00,0.0,318.7081940138656
2049-10-12 08:00:00,0.0,320.4545402824347
2049-10-12 09:00:00,0.0,302.11790446245885
2049-10-12 10:00:00,0.0,261.51535371822666
2049-10-12 11:00:00,0.0,198.64688804973815
2049-10-12 12:00:00,0.0,113.51250745699323
2049-10-12 13:00:00,0.0,20.95615522282952
2049-10-12 14:00:00,0.0,0.0
2049-10-12 15:00:00,0.0,0.0
2049-10-12 16:00:00,0.0,0.0
2049-10-12 17:00:00,0.0,0.0
2049-10-12 18:00:00,0.0,0.0
2049-10-12 19:00:00,0.0,0.0
2049-10-12 20:00:00,0.0,0.0
2049-10-12 21:00:00,0.0,0.0
2049-10-12 22:00:00,0.0,0.0
2049-10-12 23:00:00,0.0,0.0
2049-10-13 00:00:00,0.0,0.0
2049-10-13 01:00:00,0.0,0.0
2049-10-13 02:00:00,0.0,5.23903880570738
2049-10-13 03:00:00,0.0,86.88072686131405
2049-10-13 04:00:00,0.0,181.62001193118914
2049-10-13 05:00:00,0.0,253.6567955096656
2049-10-13 06:00:00,0.0,297.7520387910361
2049-10-13 07:00:00,0.0,323.0740596852884
2049-10-13 08:00:00,0.0,325.6935790881421
2049-10-13 09:00:00,0.0,306.48377013388165
2049-10-13 10:00:00,0.0,265.8812193896495
2049-10-13 11:00:00,0.0,201.70299401973412
2049-10-13 12:00:00,0.0,115.25885372556233
2049-10-13 13:00:00,0.0,20.95615522282952
2049-10-13 14:00:00,0.0,0.0
2049-10-13 15:00:00,0.0,0.0
2049-10-13 16:00:00,0.0,0.0
2049-10-13 17:00:00,0.0,0.0
2049-10-13 18:00:00,0.0,0.0
2049-10-13 19:00:00,0.0,0.0
2049-10-13 20:00:00,0.0,0.0
2049-10-13 21:00:00,0.0,0.0
2049-10-13 22:00:00,0.0,0.0
2049-10-13 23:00:00,0.0,0.0
2049-10-14 00:00:00,0.0,0.0
2049-10-14 01:00:00,0.0,0.0
2049-10-14 02:00:00,0.0,1.309759701426845
2049-10-14 03:00:00,0.0,53.70014775850064
2049-10-14 04:00:00,0.0,131.41255670982676
2049-10-14 05:00:00,0.0,204.75909998973006
2049-10-14 06:00:00,0.0,251.03727610681193
2049-10-14 07:00:00,0.0,277.2324701353488
2049-10-14 08:00:00,0.0,292.0764134181864
2049-10-14 09:00:00,0.0,281.5983358067716
2049-10-14 10:00:00,0.0,247.10799700253142
2049-10-14 11:00:00,0.0,190.3517432740348
2049-10-14 12:00:00,0.0,111.32957462128182
2049-10-14 13:00:00,0.0,18.773222387118107
2049-10-14 14:00:00,0.0,0.0
2049-10-14 15:00:00,0.0,0.0
2049-10-14 16:00:00,0.0,0.0
2049-10-14 17:00:00,0.0,0.0
2049-10-14 18:00:00,0.0,0.0
2049-10-14 19:00:00,0.0,0.0
2049-10-14 20:00:00,0.0,0.0
2049-10-14 21:00:00,0.0,0.0
2049-10-14 22:00:00,0.0,0.0
2049-10-14 23:00:00,0.0,0.0
2049-10-15 00:00:00,0.0,0.0
2049-10-15 01:00:00,0.0,0.0
2049-10-15 02:00:00,0.0,4.802452238565098
2049-10-15 03:00:00,0.0,83.82462089131808
2049-10-15 04:00:00,0.0,174.63462685691266
2049-10-15 05:00:00,0.0,251.9104492410965
2049-10-15 06:00:00,0.0,298.1886253581784
2049-10-15 07:00:00,0.0,322.2008865510038
2049-10-15 08:00:00,0.0,322.63747311814615
2049-10-15 09:00:00,0.0,304.73742386531256
2049-10-15 10:00:00,0.0,265.00804625536495
2049-10-15 11:00:00,0.0,203.44934028830326
2049-10-15 12:00:00,0.0,118.7515462627006
2049-10-15 13:00:00,0.0,21.829328357114083
2049-10-15 14:00:00,0.0,0.0
2049-10-15 15:00:00,0.0,0.0
2049-10-15 16:00:00,0.0,0.0
2049-10-15 17:00:00,0.0,0.0
2049-10-15 18:00:00,0.0,0.0
2049-10-15 19:00:00,0.0,0.0
2049-10-15 20:00:00,0.0,0.0
2049-10-15 21:00:00,0.0,0.0
2049-10-15 22:00:00,0.0,0.0
2049-10-15 23:00:00,0.0,0.0
2049-10-16 00:00:00,0.0,0.0
2049-10-16 01:00:00,0.0,0.0
2049-10-16 02:00:00,0.0,4.365865671422816
2049-10-16 03:00:00,0.0,84.69779402560263
2049-10-16 04:00:00,0.0,177.6907328269086
2049-10-16 05:00:00,0.0,247.98117013681593
2049-10-16 06:00:00,0.0,292.0764134181864
2049-10-16 07:00:00,0.0,316.5252611781542
2049-10-16 08:00:00,0.0,320.0179537152924
2049-10-16 09:00:00,0.0,302.11790446245885
2049-10-16 10:00:00,0.0,262.38852685251123
2049-10-16 11:00:00,0.0,199.95664775116495
2049-10-16 12:00:00,0.0,115.25885372556233
2049-10-16 13:00:00,0.0,20.082982088544956
2049-10-16 14:00:00,0.0,0.0
2049-10-16 15:00:00,0.0,0.0
2049-10-16 16:00:00,0.0,0.0
2049-10-16 17:00:00,0.0,0.0
2049-10-16 18:00:00,0.0,0.0
2049-10-16 19:00:00,0.0,0.0
2049-10-16 20:00:00,0.0,0.0
2049-10-16 21:00:00,0.0,0.0
2049-10-16 22:00:00,0.0,0.0
2049-10-16 23:00:00,0.0,0.0
2049-10-17 00:00:00,0.0,0.0
2049-10-17 01:00:00,0.0,0.0
2049-10-17 02:00:00,0.0,4.365865671422816
2049-10-17 03:00:00,0.0,87.31731342845633
2049-10-17 04:00:00,0.0,182.929771632616
2049-10-17 05:00:00,0.0,254.0933820768079
2049-10-17 06:00:00,0.0,302.11790446245885
2049-10-17 07:00:00,0.0,325.6935790881421
2049-10-17 08:00:00,0.0,328.3130984909958
2049-10-17 09:00:00,0.0,308.2301164024508
2049-10-17 10:00:00,0.0,267.6275656582186
2049-10-17 11:00:00,0.0,203.44934028830326
2049-10-17 12:00:00,0.0,116.56861342698917
2049-10-17 13:00:00,0.0,20.082982088544956
2049-10-17 14:00:00,0.0,0.0
2049-10-17 15:00:00,0.0,0.0
2049-10-17 16:00:00,0.0,0.0
2049-10-17 17:00:00,0.0,0.0
2049-10-17 18:00:00,0.0,0.0
2049-10-17 19:00:00,0.0,0.0
2049-10-17 20:00:00,0.0,0.0
2049-10-17 21:00:00,0.0,0.0
2049-10-17 22:00:00,0.0,0.0
2049-10-17 23:00:00,0.0,0.0
2049-10-18 00:00:00,0.0,0.0
2049-10-18 01:00:00,0.0,0.0
2049-10-18 02:00:00,0.0,4.802452238565098
2049-10-18 03:00:00,0.0,89.50024626416773
2049-10-18 04:00:00,0.0,184.23953133404282
2049-10-18 05:00:00,0.0,255.83972834537707
2049-10-18 06:00:00,0.0,301.68131789531657
2049-10-18 07:00:00,0.0,325.2569925209998
2049-10-18 08:00:00,0.0,327.87651192385346
2049-10-18 09:00:00,0.0,309.5398761038777
2049-10-18 10:00:00,0.0,270.2470850610723
2049-10-18 11:00:00,0.0,207.37861939258377
2049-10-18 12:00:00,0.0,121.80765223269658
2049-10-18 13:00:00,0.0,21.829328357114083
2049-10-18 14:00:00,0.0,0.0
2049-10-18 15:00:00,0.0,0.0
2049-10-18 16:00:00,0.0,0.0
2049-10-18 17:00:00,0.0,0.0
2049-10-18 18:00:00,0.0,0.0
2049-10-18 19:00:00,0.0,0.0
2049-10-18 20:00:00,0.0,0.0
2049-10-18 21:00:00,0.0,0.0
2049-10-18 22:00:00,0.0,0.0
2049-10-18 23:00:00,0.0,0.0
2049-10-19 00:00:00,0.0,0.0
2049-10-19 01:00:00,0.0,0.0
2049-10-19 02:00:00,0.0,4.365865671422816
2049-10-19 03:00:00,0.0,89.06365969702544
2049-10-19 04:00:00,0.0,183.80294476690057
2049-10-19 05:00:00,0.0,254.52996864395018
2049-10-19 06:00:00,0.0,297.31545222389383
2049-10-19 07:00:00,0.0,321.7642999838616
2049-10-19 08:00:00,0.0,325.2569925209998
2049-10-19 09:00:00,0.0,306.04718356673936
2049-10-19 10:00:00,0.0,266.7543925239341
2049-10-19 11:00:00,0.0,203.88592685544555
2049-10-19 12:00:00,0.0,118.7515462627006
2049-10-19 13:00:00,0.0,20.519568655687237
2049-10-19 14:00:00,0.0,0.0
2049-10-19 15:00:00,0.0,0.0
2049-10-19 16:00:00,0.0,0.0
2049-10-19 17:00:00,0.0,0.0
2049-10-19 18:00:00,0.0,0.0
2049-10-19 19:00:00,0.0,0.0
2049-10-19 20:00:00,0.0,0.0
2049-10-19 21:00:00,0.0,0.0
2049-10-19 22:00:00,0.0,0.0
2049-10-19 23:00:00,0.0,0.0
2049-10-20 00:00:00,0.0,0.0
2049-10-20 01:00:00,0.0,0.0
2049-10-20 02:00:00,0.0,4.365865671422816
2049-10-20 03:00:00,0.0,88.62707312988317
2049-10-20 04:00:00,0.0,183.80294476690057
2049-10-20 05:00:00,0.0,254.96655521109247
2049-10-20 06:00:00,0.0,299.0617984924629
2049-10-20 07:00:00,0.0,322.63747311814615
2049-10-20 08:00:00,0.0,325.2569925209998
2049-10-20 09:00:00,0.0,306.920356701024
2049-10-20 10:00:00,0.0,266.7543925239341
2049-10-20 11:00:00,0.0,203.88592685544555
2049-10-20 12:00:00,0.0,117.87837312841604
2049-10-20 13:00:00,0.0,19.20980895426039
2049-10-20 14:00:00,0.0,0.0
2049-10-20 15:00:00,0.0,0.0
2049-10-20 16:00:00,0.0,0.0
2049-10-20 17:00:00,0.0,0.0
2049-10-20 18:00:00,0.0,0.0
2049-10-20 19:00:00,0.0,0.0
2049-10-20 20:00:00,0.0,0.0
2049-10-20 21:00:00,0.0,0.0
2049-10-20 22:00:00,0.0,0.0
2049-10-20 23:00:00,0.0,0.0
2049-10-21 00:00:00,0.0,0.0
2049-10-21 01:00:00,0.0,0.0
2049-10-21 02:00:00,0.0,2.61951940285369
2049-10-21 03:00:00,0.0,78.14899551846841
2049-10-21 04:00:00,0.0,172.88828058834352
2049-10-21 05:00:00,0.0,246.23482386824685
2049-10-21 06:00:00,0.0,295.1325193881824
2049-10-21 07:00:00,0.0,319.1447805810078
2049-10-21 08:00:00,0.0,322.2008865510038
2049-10-21 09:00:00,0.0,304.73742386531256
2049-10-21 10:00:00,0.0,265.44463282250723
2049-10-21 11:00:00,0.0,202.13958058687638
2049-10-21 12:00:00,0.0,116.13202685984692
2049-10-21 13:00:00,0.0,18.33663581997583
2049-10-21 14:00:00,0.0,0.0
2049-10-21 15:00:00,0.0,0.0
2049-10-21 16:00:00,0.0,0.0
2049-10-21 17:00:00,0.0,0.0
2049-10-21 18:00:00,0.0,0.0
2049-10-21 19:00:00,0.0,0.0
2049-10-21 20:00:00,0.0,0.0
2049-10-21 21:00:00,0.0,0.0
2049-10-21 22:00:00,0.0,0.0
2049-10-21 23:00:00,0.0,0.0
2049-10-22 00:00:00,0.0,0.0
2049-10-22 01:00:00,0.0,0.0
2049-10-22 02:00:00,0.0,2.61951940285369
2049-10-22 03:00:00,0.0,77.71240895132613
2049-10-22 04:00:00,0.0,174.19804028977038
2049-10-22 05:00:00,0.0,248.41775670395825
2049-10-22 06:00:00,0.0,293.8227596867556
2049-10-22 07:00:00,0.0,319.1447805810078
2049-10-22 08:00:00,0.0,322.63747311814615
2049-10-22 09:00:00,0.0,304.3008372981702
2049-10-22 10:00:00,0.0,265.00804625536495
2049-10-22 11:00:00,0.0,201.70299401973412
2049-10-22 12:00:00,0.0,115.25885372556233
2049-10-22 13:00:00,0.0,17.463462685691265
2049-10-22 14:00:00,0.0,0.0
2049-10-22 15:00:00,0.0,0.0
2049-10-22 16:00:00,0.0,0.0
2049-10-22 17:00:00,0.0,0.0
2049-10-22 18:00:00,0.0,0.0
2049-10-22 19:00:00,0.0,0.0
2049-10-22 20:00:00,0.0,0.0
2049-10-22 21:00:00,0.0,0.0
2049-10-22 22:00:00,0.0,0.0
2049-10-22 23:00:00,0.0,0.0
2049-10-23 00:00:00,0.0,0.0
2049-10-23 01:00:00,0.0,0.0
2049-10-23 02:00:00,0.0,1.7463462685691264
2049-10-23 03:00:00,0.0,72.47337014561876
2049-10-23 04:00:00,0.0,166.3394820812093
2049-10-23 05:00:00,0.0,240.12261192825494
2049-10-23 06:00:00,0.0,287.27396117962127
2049-10-23 07:00:00,0.0,312.15939550673136
2049-10-23 08:00:00,0.0,315.2155014767273
2049-10-23 09:00:00,0.0,296.8788656567515
2049-10-23 10:00:00,0.0,256.7129014796616
2049-10-23 11:00:00,0.0,193.40784924403073
2049-10-23 12:00:00,0.0,108.71005521842812
2049-10-23 13:00:00,0.0,15.717116417122138
2049-10-23 14:00:00,0.0,0.0
2049-10-23 15:00:00,0.0,0.0
2049-10-23 16:00:00,0.0,0.0
2049-10-23 17:00:00,0.0,0.0
2049-10-23 18:00:00,0.0,0.0
2049-10-23 19:00:00,0.0,0.0
2049-10-23 20:00:00,0.0,0.0
2049-10-23 21:00:00,0.0,0.0
2049-10-23 22:00:00,0.0,0.0
2049-10-23 23:00:00,0.0,0.0
2049-10-24 00:00:00,0.0,0.0
2049-10-24 01:00:00,0.0,0.0
2049-10-24 02:00:00,0.0,2.182932835711408
2049-10-24 03:00:00,0.0,78.5855820856107
2049-10-24 04:00:00,0.0,175.07121342405495
2049-10-24 05:00:00,0.0,247.5445835696737
2049-10-24 06:00:00,0.0,293.38617311961326
2049-10-24 07:00:00,0.0,317.835020879581
2049-10-24 08:00:00,0.0,320.891126849577
2049-10-24 09:00:00,0.0,302.55449102960114
2049-10-24 10:00:00,0.0,262.8251134196535
2049-10-24 11:00:00,0.0,199.95664775116495
2049-10-24 12:00:00,0.0,114.38568059127778
2049-10-24 13:00:00,0.0,16.590289551406702
2049-10-24 14:00:00,0.0,0.0
2049-10-24 15:00:00,0.0,0.0
2049-10-24 16:00:00,0.0,0.0
2049-10-24 17:00:00,0.0,0.0
2049-10-24 18:00:00,0.0,0.0
2049-10-24 19:00:00,0.0,0.0
2049-10-24 20:00:00,0.0,0.0
2049-10-24 21:00:00,0.0,0.0
2049-10-24 22:00:00,0.0,0.0
2049-10-24 23:00:00,0.0,0.0
2049-10-25 00:00:00,0.0,0.0
2049-10-25 01:00:00,0.0,0.0
2049-10-25 02:00:00,0.0,2.61951940285369
2049-10-25 03:00:00,0.0,86.00755372702947
2049-10-25 04:00:00,0.0,183.36635819975828
2049-10-25 05:00:00,0.0,255.40314177823475
2049-10-25 06:00:00,0.0,300.80814476103205
2049-10-25 07:00:00,0.0,324.38381938671523
2049-10-25 08:00:00,0.0,326.56675222242666
2049-10-25 09:00:00,0.0,308.2301164024508
2049-10-25 10:00:00,0.0,267.6275656582186
2049-10-25 11:00:00,0.0,203.44934028830326
2049-10-25 12:00:00,0.0,116.56861342698917
2049-10-25 13:00:00,0.0,16.590289551406702
2049-10-25 14:00:00,0.0,0.0
2049-10-25 15:00:00,0.0,0.0
2049-10-25 16:00:00,0.0,0.0
2049-10-25 17:00:00,0.0,0.0
2049-10-25 18:00:00,0.0,0.0
2049-10-25 19:00:00,0.0,0.0
2049-10-25 20:00:00,0.0,0.0
2049-10-25 21:00:00,0.0,0.0
2049-10-25 22:00:00,0.0,0.0
2049-10-25 23:00:00,0.0,0.0
2049-10-26 00:00:00,0.0,0.0
2049-10-26 01:00:00,0.0,0.0
2049-10-26 02:00:00,0.0,2.182932835711408
2049-10-26 03:00:00,0.0,85.5709671598872
2049-10-26 04:00:00,0.0,183.80294476690057
2049-10-26 05:00:00,0.0,255.83972834537707
2049-10-26 06:00:00,0.0,300.3715581938897
2049-10-26 07:00:00,0.0,323.0740596852884
2049-10-26 08:00:00,0.0,325.6935790881421
2049-10-26 09:00:00,0.0,306.920356701024
2049-10-26 10:00:00,0.0,266.7543925239341
2049-10-26 11:00:00,0.0,203.01275372116095
2049-10-26 12:00:00,0.0,117.00519999413147
2049-10-26 13:00:00,0.0,16.15370298426442
2049-10-26 14:00:00,0.0,0.0
2049-10-26 15:00:00,0.0,0.0
2049-10-26 16:00:00,0.0,0.0
2049-10-26 17:00:00,0.0,0.0
2049-10-26 18:00:00,0.0,0.0
2049-10-26 19:00:00,0.0,0.0
2049-10-26 20:00:00,0.0,0.0
2049-10-26 21:00:00,0.0,0.0
2049-10-26 22:00:00,0.0,0.0
2049-10-26 23:00:00,0.0,0.0
2049-10-27 00:00:00,0.0,0.0
2049-10-27 01:00:00,0.0,0.0
2049-10-27 02:00:00,0.0,1.7463462685691264
2049-10-27 03:00:00,0.0,82.51486118989122
2049-10-27 04:00:00,0.0,179.43707909547774
2049-10-27 05:00:00,0.0,251.9104492410965
2049-10-27 06:00:00,0.0,297.7520387910361
2049-10-27 07:00:00,0.0,322.2008865510038
2049-10-27 08:00:00,0.0,324.8204059538575
2049-10-27 09:00:00,0.0,306.48377013388165
2049-10-27 10:00:00,0.0,266.7543925239341
2049-10-27 11:00:00,0.0,203.01275372116095
2049-10-27 12:00:00,0.0,116.13202685984692
2049-10-27 13:00:00,0.0,15.717116417122138
2049-10-27 14:00:00,0.0,0.0
2049-10-27 15:00:00,0.0,0.0
2049-10-27 16:00:00,0.0,0.0
2049-10-27 17:00:00,0.0,0.0
2049-10-27 18:00:00,0.0,0.0
2049-10-27 19:00:00,0.0,0.0
2049-10-27 20:00:00,0.0,0.0
2049-10-27 21:00:00,0.0,0.0
2049-10-27 22:00:00,0.0,0.0
2049-10-27 23:00:00,0.0,0.0
2049-10-28 00:00:00,0.0,0.0
2049-10-28 01:00:00,0.0,0.0
2049-10-28 02:00:00,0.0,1.309759701426845
2049-10-28 03:00:00,0.0,76.40264924989928
2049-10-28 04:00:00,0.0,172.45169402120126
2049-10-28 05:00:00,0.0,245.36165073396225
2049-10-28 06:00:00,0.0,292.5129999853287
2049-10-28 07:00:00,0.0,316.5252611781542
2049-10-28 08:00:00,0.0,318.7081940138656
2049-10-28 09:00:00,0.0,299.9349716267475
2049-10-28 10:00:00,0.0,258.4592477482307
2049-10-28 11:00:00,0.0,192.97126267688847
2049-10-28 12:00:00,0.0,104.3441895470053
2049-10-28 13:00:00,0.0,12.224423879983885
2049-10-28 14:00:00,0.0,0.0
2049-10-28 15:00:00,0.0,0.0
2049-10-28 16:00:00,0.0,0.0
2049-10-28 17:00:00,0.0,0.0
2049-10-28 18:00:00,0.0,0.0
2049-10-28 19:00:00,0.0,0.0
2049-10-28 20:00:00,0.0,0.0
2049-10-28 21:00:00,0.0,0.0
2049-10-28 22:00:00,0.0,0.0
2049-10-28 23:00:00,0.0,0.0
2049-10-29 00:00:00,0.0,0.0
2049-10-29 01:00:00,0.0,0.0
2049-10-29 02:00:00,0.0,0.8731731342845632
2049-10-29 03:00:00,0.0,70.29043730990735
2049-10-29 04:00:00,0.0,169.83217461834755
2049-10-29 05:00:00,0.0,243.17871789825085
2049-10-29 06:00:00,0.0,287.27396117962127
2049-10-29 07:00:00,0.0,310.8496358053045
2049-10-29 08:00:00,0.0,312.15939550673136
2049-10-29 09:00:00,0.0,292.5129999853287
2049-10-29 10:00:00,0.0,250.16410297252733
2049-10-29 11:00:00,0.0,183.36635819975828
2049-10-29 12:00:00,0.0,93.42952536844827
2049-10-29 13:00:00,0.0,8.731731342845633
2049-10-29 14:00:00,0.0,0.0
2049-10-29 15:00:00,0.0,0.0
2049-10-29 16:00:00,0.0,0.0
2049-10-29 17:00:00,0.0,0.0
2049-10-29 18:00:00,0.0,0.0
2049-10-29 19:00:00,0.0,0.0
2049-10-29 20:00:00,0.0,0.0
2049-10-29 21:00:00,0.0,0.0
2049-10-29 22:00:00,0.0,0.0
2049-10-29 23:00:00,0.0,0.0
2049-10-30 00:00:00,0.0,0.0
2049-10-30 01:00:00,0.0,0.0
2049-10-30 02:00:00,0.0,0.4365865671422816
2049-10-30 03:00:00,0.0,73.7831298470456
2049-10-30 04:00:00,0.0,170.26876118548984
2049-10-30 05:00:00,0.0,242.74213133110862
2049-10-30 06:00:00,0.0,287.7105477467636
2049-10-30 07:00:00,0.0,309.97646267101993
2049-10-30 08:00:00,0.0,309.10328953673536
2049-10-30 09:00:00,0.0,274.61295073249516
2049-10-30 10:00:00,0.0,209.99813879543746
2049-10-30 11:00:00,0.0,130.5393835755422
2049-10-30 12:00:00,0.0,57.629426862781166
2049-10-30 13:00:00,0.0,4.365865671422816
2049-10-30 14:00:00,0.0,0.0
2049-10-30 15:00:00,0.0,0.0
2049-10-30 16:00:00,0.0,0.0
2049-10-30 17:00:00,0.0,0.0
2049-10-30 18:00:00,0.0,0.0
2049-10-30 19:00:00,0.0,0.0
2049-10-30 20:00:00,0.0,0.0
2049-10-30 21:00:00,0.0,0.0
2049-10-30 22:00:00,0.0,0.0
2049-10-30 23:00:00,0.0,0.0
2049-10-31 00:00:00,0.0,0.0
2049-10-31 01:00:00,0.0,0.0
2049-10-31 02:00:00,0.0,0.0
2049-10-31 03:00:00,0.0,51.953801489931514
2049-10-31 04:00:00,0.0,125.73693133697711
2049-10-31 05:00:00,0.0,200.39323431830724
2049-10-31 06:00:00,0.0,258.02266118108844
2049-10-31 07:00:00,0.0,281.5983358067716
2049-10-31 08:00:00,0.0,282.4715089410562
2049-10-31 09:00:00,0.0,265.8812193896495
2049-10-31 10:00:00,0.0,219.60304327256765
2049-10-31 11:00:00,0.0,151.932125365514
2049-10-31 12:00:00,0.0,80.33192835417982
2049-10-31 13:00:00,0.0,6.112211939991943
2049-10-31 14:00:00,0.0,0.0
2049-10-31 15:00:00,0.0,0.0
2049-10-31 16:00:00,0.0,0.0
2049-10-31 17:00:00,0.0,0.0
2049-10-31 18:00:00,0.0,0.0
2049-10-31 19:00:00,0.0,0.0
2049-10-31 20:00:00,0.0,0.0
2049-10-31 21:00:00,0.0,0.0
2049-10-31 22:00:00,0.0,0.0
2049-10-31 23:00:00,0.0,0.0
2049-11-01 00:00:00,0.0,0.0
2049-11-01 01:00:00,0.0,0.0
2049-11-01 02:00:00,0.0,0.0
2049-11-01 03:00:00,0.0,59.81235969849258
2049-11-01 04:00:00,0.0,164.1565492454979
2049-11-01 05:00:00,0.0,232.26405371969383
2049-11-01 06:00:00,0.0,282.9080955081985
2049-11-01 07:00:00,0.0,317.835020879581
2049-11-01 08:00:00,0.0,323.51064625243066
2049-11-01 09:00:00,0.0,306.04718356673936
2049-11-01 10:00:00,0.0,266.7543925239341
2049-11-01 11:00:00,0.0,204.32251342258778
2049-11-01 12:00:00,0.0,118.7515462627006
2049-11-01 13:00:00,0.0,14.843943282837575
2049-11-01 14:00:00,0.0,0.0
2049-11-01 15:00:00,0.0,0.0
2049-11-01 16:00:00,0.0,0.0
2049-11-01 17:00:00,0.0,0.0
2049-11-01 18:00:00,0.0,0.0
2049-11-01 19:00:00,0.0,0.0
2049-11-01 20:00:00,0.0,0.0
2049-11-01 21:00:00,0.0,0.0
2049-11-01 22:00:00,0.0,0.0
2049-11-01 23:00:00,0.0,0.0
2049-11-02 00:00:00,0.0,0.0
2049-11-02 01:00:00,0.0,0.0
2049-11-02 02:00:00,0.0,0.4365865671422816
2049-11-02 03:00:00,0.0,74.21971641418787
2049-11-02 04:00:00,0.0,169.39558805120527
2049-11-02 05:00:00,0.0,241.868958196824
2049-11-02 06:00:00,0.0,289.89348058247504
2049-11-02 07:00:00,0.0,313.9057417753005
2049-11-02 08:00:00,0.0,316.96184774529644
2049-11-02 09:00:00,0.0,299.0617984924629
2049-11-02 10:00:00,0.0,258.895834315373
2049-11-02 11:00:00,0.0,195.59078207974218
2049-11-02 12:00:00,0.0,110.01981491985497
2049-11-02 13:00:00,0.0,12.224423879983885
2049-11-02 14:00:00,0.0,0.0
2049-11-02 15:00:00,0.0,0.0
2049-11-02 16:00:00,0.0,0.0
2049-11-02 17:00:00,0.0,0.0
2049-11-02 18:00:00,0.0,0.0
2049-11-02 19:00:00,0.0,0.0
2049-11-02 20:00:00,0.0,0.0
2049-11-02 21:00:00,0.0,0.0
2049-11-02 22:00:00,0.0,0.0
2049-11-02 23:00:00,0.0,0.0
2049-11-03 00:00:00,0.0,0.0
2049-11-03 01:00:00,0.0,0.0
2049-11-03 02:00:00,0.0,0.0
2049-11-03 03:00:00,0.0,69.41726417562278
2049-11-03 04:00:00,0.0,165.46630894692473
2049-11-03 05:00:00,0.0,238.81285222682806
2049-11-03 06:00:00,0.0,288.1471343139059
2049-11-03 07:00:00,0.0,313.0325686410159
2049-11-03 08:00:00,0.0,316.0886746110119
2049-11-03 09:00:00,0.0,298.1886253581784
2049-11-03 10:00:00,0.0,258.895834315373
2049-11-03 11:00:00,0.0,195.59078207974218
2049-11-03 12:00:00,0.0,109.5832283527127
2049-11-03 13:00:00,0.0,11.787837312841603
2049-11-03 14:00:00,0.0,0.0
2049-11-03 15:00:00,0.0,0.0
2049-11-03 16:00:00,0.0,0.0
2049-11-03 17:00:00,0.0,0.0
2049-11-03 18:00:00,0.0,0.0
2049-11-03 19:00:00,0.0,0.0
2049-11-03 20:00:00,0.0,0.0
2049-11-03 21:00:00,0.0,0.0
2049-11-03 22:00:00,0.0,0.0
2049-11-03 23:00:00,0.0,0.0
2049-11-04 00:00:00,0.0,0.0
2049-11-04 01:00:00,0.0,0.0
2049-11-04 02:00:00,0.0,0.0
2049-11-04 03:00:00,0.0,68.10750447419592
2049-11-04 04:00:00,0.0,164.59313581264018
2049-11-04 05:00:00,0.0,238.81285222682806
2049-11-04 06:00:00,0.0,284.6544417767676
2049-11-04 07:00:00,0.0,309.97646267101993
2049-11-04 08:00:00,0.0,313.4691552081582
2049-11-04 09:00:00,0.0,296.8788656567515
2049-11-04 10:00:00,0.0,256.27631491251935
2049-11-04 11:00:00,0.0,191.22491640831936
2049-11-04 12:00:00,0.0,103.03442984557847
2049-11-04 13:00:00,0.0,10.041491044272478
2049-11-04 14:00:00,0.0,0.0
2049-11-04 15:00:00,0.0,0.0
2049-11-04 16:00:00,0.0,0.0
2049-11-04 17:00:00,0.0,0.0
2049-11-04 18:00:00,0.0,0.0
2049-11-04 19:00:00,0.0,0.0
2049-11-04 20:00:00,0.0,0.0
2049-11-04 21:00:00,0.0,0.0
2049-11-04 22:00:00,0.0,0.0
2049-11-04 23:00:00,0.0,0.0
2049-11-05 00:00:00,0.0,0.0
2049-11-05 01:00:00,0.0,0.0
2049-11-05 02:00:00,0.0,0.0
2049-11-05 03:00:00,0.0,61.5587059670617
2049-11-05 04:00:00,0.0,161.97361640978647
2049-11-05 05:00:00,0.0,240.55919849539717
2049-11-05 06:00:00,0.0,288.1471343139059
2049-11-05 07:00:00,0.0,313.0325686410159
2049-11-05 08:00:00,0.0,315.2155014767273
2049-11-05 09:00:00,0.0,296.4422790896092
2049-11-05 10:00:00,0.0,254.96655521109247
2049-11-05 11:00:00,0.0,189.47857013975022
2049-11-05 12:00:00,0.0,100.85149700986706
2049-11-05 13:00:00,0.0,8.731731342845633
2049-11-05 14:00:00,0.0,0.0
2049-11-05 15:00:00,0.0,0.0
2049-11-05 16:00:00,0.0,0.0
2049-11-05 17:00:00,0.0,0.0
2049-11-05 18:00:00,0.0,0.0
2049-11-05 19:00:00,0.0,0.0
2049-11-05 20:00:00,0.0,0.0
2049-11-05 21:00:00,0.0,0.0
2049-11-05 22:00:00,0.0,0.0
2049-11-05 23:00:00,0.0,0.0
2049-11-06 00:00:00,0.0,0.0
2049-11-06 01:00:00,0.0,0.0
2049-11-06 02:00:00,0.0,0.0
2049-11-06 03:00:00,0.0,62.868465668488554
2049-11-06 04:00:00,0.0,155.42481790265225
2049-11-06 05:00:00,0.0,227.02501491398647
2049-11-06 06:00:00,0.0,284.6544417767676
2049-11-06 07:00:00,0.0,310.41304923816216
2049-11-06 08:00:00,0.0,312.59598207387364
2049-11-06 09:00:00,0.0,295.56910595532463
2049-11-06 10:00:00,0.0,254.96655521109247
2049-11-06 11:00:00,0.0,190.78832984117707
2049-11-06 12:00:00,0.0,104.3441895470053
2049-11-06 13:00:00,0.0,9.604904477130194
2049-11-06 14:00:00,0.0,0.0
2049-11-06 15:00:00,0.0,0.0
2049-11-06 16:00:00,0.0,0.0
2049-11-06 17:00:00,0.0,0.0
2049-11-06 18:00:00,0.0,0.0
2049-11-06 19:00:00,0.0,0.0
2049-11-06 20:00:00,0.0,0.0
2049-11-06 21:00:00,0.0,0.0
2049-11-06 22:00:00,0.0,0.0
2049-11-06 23:00:00,0.0,0.0
2049-11-07 00:00:00,0.0,0.0
2049-11-07 01:00:00,0.0,0.0
2049-11-07 02:00:00,0.0,0.0
2049-11-07 03:00:00,0.0,67.67091790705365
2049-11-07 04:00:00,0.0,162.84678954407104
2049-11-07 05:00:00,0.0,236.62991939111666
2049-11-07 06:00:00,0.0,287.27396117962127
2049-11-07 07:00:00,0.0,311.2862223724468
2049-11-07 08:00:00,0.0,314.778914909585
2049-11-07 09:00:00,0.0,291.63982685104406
2049-11-07 10:00:00,0.0,250.60068953966965
2049-11-07 11:00:00,0.0,166.3394820812093
2049-11-07 12:00:00,0.0,79.45875521989525
2049-11-07 13:00:00,0.0,4.802452238565098
2049-11-07 14:00:00,0.0,0.0
2049-11-07 15:00:00,0.0,0.0
2049-11-07 16:00:00,0.0,0.0
2049-11-07 17:00:00,0.0,0.0
2049-11-07 18:00:00,0.0,0.0
2049-11-07 19:00:00,0.0,0.0
2049-11-07 20:00:00,0.0,0.0
2049-11-07 21:00:00,0.0,0.0
2049-11-07 22:00:00,0.0,0.0
2049-11-07 23:00:00,0.0,0.0
2049-11-08 00:00:00,0.0,0.0
2049-11-08 01:00:00,0.0,0.0
2049-11-08 02:00:00,0.0,0.0
2049-11-08 03:00:00,0.0,65.48798507134224
2049-11-08 04:00:00,0.0,160.22727014121736
2049-11-08 05:00:00,0.0,230.95429401826695
2049-11-08 06:00:00,0.0,284.6544417767676
2049-11-08 07:00:00,0.0,309.5398761038777
2049-11-08 08:00:00,0.0,299.49838505960525
2049-11-08 09:00:00,0.0,247.10799700253142
2049-11-08 10:00:00,0.0,200.82982088544955
2049-11-08 11:00:00,0.0,167.21265521549384
2049-11-08 12:00:00,0.0,91.68317909987914
2049-11-08 13:00:00,0.0,7.858558208561069
2049-11-08 14:00:00,0.0,0.0
2049-11-08 15:00:00,0.0,0.0
2049-11-08 16:00:00,0.0,0.0
2049-11-08 17:00:00,0.0,0.0
2049-11-08 18:00:00,0.0,0.0
2049-11-08 19:00:00,0.0,0.0
2049-11-08 20:00:00,0.0,0.0
2049-11-08 21:00:00,0.0,0.0
2049-11-08 22:00:00,0.0,0.0
2049-11-08 23:00:00,0.0,0.0
2049-11-09 00:00:00,0.0,0.0
2049-11-09 01:00:00,0.0,0.0
2049-11-09 02:00:00,0.0,0.0
2049-11-09 03:00:00,0.0,47.5879358185087
2049-11-09 04:00:00,0.0,150.62236566408714
2049-11-09 05:00:00,0.0,230.95429401826695
2049-11-09 06:00:00,0.0,274.61295073249516
2049-11-09 07:00:00,0.0,304.73742386531256
2049-11-09 08:00:00,0.0,315.6520880438696
2049-11-09 09:00:00,0.0,302.9910775967435
2049-11-09 10:00:00,0.0,263.2616999867958
2049-11-09 11:00:00,0.0,199.08347461688044
2049-11-09 12:00:00,0.0,112.20274775556636
2049-11-09 13:00:00,0.0,10.47807761141476
2049-11-09 14:00:00,0.0,0.0
2049-11-09 15:00:00,0.0,0.0
2049-11-09 16:00:00,0.0,0.0
2049-11-09 17:00:00,0.0,0.0
2049-11-09 18:00:00,0.0,0.0
2049-11-09 19:00:00,0.0,0.0
2049-11-09 20:00:00,0.0,0.0
2049-11-09 21:00:00,0.0,0.0
2049-11-09 22:00:00,0.0,0.0
2049-11-09 23:00:00,0.0,0.0
2049-11-10 00:00:00,0.0,0.0
2049-11-10 01:00:00,0.0,0.0
2049-11-10 02:00:00,0.0,0.0
2049-11-10 03:00:00,0.0,54.13673432564292
2049-11-10 04:00:00,0.0,160.66385670835965
2049-11-10 05:00:00,0.0,227.46160148112872
2049-11-10 06:00:00,0.0,292.5129999853287
2049-11-10 07:00:00,0.0,319.58136714815015
2049-11-10 08:00:00,0.0,322.63747311814615
2049-11-10 09:00:00,0.0,304.3008372981702
2049-11-10 10:00:00,0.0,264.1348731210804
2049-11-10 11:00:00,0.0,199.95664775116495
2049-11-10 12:00:00,0.0,110.89298805413952
2049-11-10 13:00:00,0.0,9.604904477130194
2049-11-10 14:00:00,0.0,0.0
2049-11-10 15:00:00,0.0,0.0
2049-11-10 16:00:00,0.0,0.0
2049-11-10 17:00:00,0.0,0.0
2049-11-10 18:00:00,0.0,0.0
2049-11-10 19:00:00,0.0,0.0
2049-11-10 20:00:00,0.0,0.0
2049-11-10 21:00:00,0.0,0.0
2049-11-10 22:00:00,0.0,0.0
2049-11-10 23:00:00,0.0,0.0
2049-11-11 00:00:00,0.0,0.0
2049-11-11 01:00:00,0.0,0.0
2049-11-11 02:00:00,0.0,0.0
2049-11-11 03:00:00,0.0,65.05139850419997
2049-11-11 04:00:00,0.0,160.66385670835965
2049-11-11 05:00:00,0.0,235.7567462568321
2049-11-11 06:00:00,0.0,285.96420147819447
2049-11-11 07:00:00,0.0,311.2862223724468
2049-11-11 08:00:00,0.0,314.778914909585
2049-11-11 09:00:00,0.0,294.6959328210401
2049-11-11 10:00:00,0.0,250.60068953966965
2049-11-11 11:00:00,0.0,180.31025222976228
2049-11-11 12:00:00,0.0,72.47337014561876
2049-11-11 13:00:00,0.0,2.61951940285369
2049-11-11 14:00:00,0.0,0.0
2049-11-11 15:00:00,0.0,0.0
2049-11-11 16:00:00,0.0,0.0
2049-11-11 17:00:00,0.0,0.0
2049-11-11 18:00:00,0.0,0.0
2049-11-11 19:00:00,0.0,0.0
2049-11-11 20:00:00,0.0,0.0
2049-11-11 21:00:00,0.0,0.0
2049-11-11 22:00:00,0.0,0.0
2049-11-11 23:00:00,0.0,0.0
2049-11-12 00:00:00,0.0,0.0
2049-11-12 01:00:00,0.0,0.0
2049-11-12 02:00:00,0.0,0.0
2049-11-12 03:00:00,0.0,58.06601342992346
2049-11-12 04:00:00,0.0,151.4955387983717
2049-11-12 05:00:00,0.0,221.3493895411368
2049-11-12 06:00:00,0.0,268.0641522253609
2049-11-12 07:00:00,0.0,289.89348058247504
2049-11-12 08:00:00,0.0,289.89348058247504
2049-11-12 09:00:00,0.0,268.0641522253609
2049-11-12 10:00:00,0.0,220.47621640685222
2049-11-12 11:00:00,0.0,150.62236566408714
2049-11-12 12:00:00,0.0,67.23433133991138
2049-11-12 13:00:00,0.0,3.9292791042805346
2049-11-12 14:00:00,0.0,0.0
2049-11-12 15:00:00,0.0,0.0
2049-11-12 16:00:00,0.0,0.0
2049-11-12 17:00:00,0.0,0.0
2049-11-12 18:00:00,0.0,0.0
2049-11-12 19:00:00,0.0,0.0
2049-11-12 20:00:00,0.0,0.0
2049-11-12 21:00:00,0.0,0.0
2049-11-12 22:00:00,0.0,0.0
2049-11-12 23:00:00,0.0,0.0
2049-11-13 00:00:00,0.0,0.0
2049-11-13 01:00:00,0.0,0.0
2049-11-13 02:00:00,0.0,0.0
2049-11-13 03:00:00,0.0,56.31966716135433
2049-11-13 04:00:00,0.0,148.43943282837574
2049-11-13 05:00:00,0.0,221.3493895411368
2049-11-13 06:00:00,0.0,266.3178059567918
2049-11-13 07:00:00,0.0,287.7105477467636
2049-11-13 08:00:00,0.0,282.9080955081985
2049-11-13 09:00:00,0.0,244.05189103253545
2049-11-13 10:00:00,0.0,190.78832984117707
2049-11-13 11:00:00,0.0,118.31495969555833
2049-11-13 12:00:00,0.0,53.70014775850064
2049-11-13 13:00:00,0.0,4.802452238565098
2049-11-13 14:00:00,0.0,0.0
2049-11-13 15:00:00,0.0,0.0
2049-11-13 16:00:00,0.0,0.0
2049-11-13 17:00:00,0.0,0.0
2049-11-13 18:00:00,0.0,0.0
2049-11-13 19:00:00,0.0,0.0
2049-11-13 20:00:00,0.0,0.0
2049-11-13 21:00:00,0.0,0.0
2049-11-13 22:00:00,0.0,0.0
2049-11-13 23:00:00,0.0,0.0
2049-11-14 00:00:00,0.0,0.0
2049-11-14 01:00:00,0.0,0.0
2049-11-14 02:00:00,0.0,0.0
2049-11-14 03:00:00,0.0,66.36115820562681
2049-11-14 04:00:00,0.0,164.59313581264018
2049-11-14 05:00:00,0.0,240.12261192825494
2049-11-14 06:00:00,0.0,289.02030744819047
2049-11-14 07:00:00,0.0,312.15939550673136
2049-11-14 08:00:00,0.0,315.6520880438696
2049-11-14 09:00:00,0.0,298.1886253581784
2049-11-14 10:00:00,0.0,256.7129014796616
2049-11-14 11:00:00,0.0,186.85905073689653
2049-11-14 12:00:00,0.0,99.97832387558248
2049-11-14 13:00:00,0.0,6.985385074276506
2049-11-14 14:00:00,0.0,0.0
2049-11-14 15:00:00,0.0,0.0
2049-11-14 16:00:00,0.0,0.0
2049-11-14 17:00:00,0.0,0.0
2049-11-14 18:00:00,0.0,0.0
2049-11-14 19:00:00,0.0,0.0
2049-11-14 20:00:00,0.0,0.0
2049-11-14 21:00:00,0.0,0.0
2049-11-14 22:00:00,0.0,0.0
2049-11-14 23:00:00,0.0,0.0
2049-11-15 00:00:00,0.0,0.0
2049-11-15 01:00:00,0.0,0.0
2049-11-15 02:00:00,0.0,0.0
2049-11-15 03:00:00,0.0,68.98067760848049
2049-11-15 04:00:00,0.0,170.26876118548984
2049-11-15 05:00:00,0.0,244.92506416682002
2049-11-15 06:00:00,0.0,294.25934625389783
2049-11-15 07:00:00,0.0,319.1447805810078
2049-11-15 08:00:00,0.0,322.63747311814615
2049-11-15 09:00:00,0.0,304.73742386531256
2049-11-15 10:00:00,0.0,264.57145968822266
2049-11-15 11:00:00,0.0,200.82982088544955
2049-11-15 12:00:00,0.0,111.76616118842409
2049-11-15 13:00:00,0.0,7.858558208561069
2049-11-15 14:00:00,0.0,0.0
2049-11-15 15:00:00,0.0,0.0
2049-11-15 16:00:00,0.0,0.0
2049-11-15 17:00:00,0.0,0.0
2049-11-15 18:00:00,0.0,0.0
2049-11-15 19:00:00,0.0,0.0
2049-11-15 20:00:00,0.0,0.0
2049-11-15 21:00:00,0.0,0.0
2049-11-15 22:00:00,0.0,0.0
2049-11-15 23:00:00,0.0,0.0
2049-11-16 00:00:00,0.0,0.0
2049-11-16 01:00:00,0.0,0.0
2049-11-16 02:00:00,0.0,0.0
2049-11-16 03:00:00,0.0,72.03678357847647
2049-11-16 04:00:00,0.0,172.01510745405895
2049-11-16 05:00:00,0.0,245.79823730110454
2049-11-16 06:00:00,0.0,296.4422790896092
2049-11-16 07:00:00,0.0,322.63747311814615
2049-11-16 08:00:00,0.0,325.6935790881421
2049-11-16 09:00:00,0.0,307.3569432681663
2049-11-16 10:00:00,0.0,267.1909790910764
2049-11-16 11:00:00,0.0,203.01275372116095
2049-11-16 12:00:00,0.0,115.25885372556233
2049-11-16 13:00:00,0.0,9.168317909987914
2049-11-16 14:00:00,0.0,0.0
2049-11-16 15:00:00,0.0,0.0
2049-11-16 16:00:00,0.0,0.0
2049-11-16 17:00:00,0.0,0.0
2049-11-16 18:00:00,0.0,0.0
2049-11-16 19:00:00,0.0,0.0
2049-11-16 20:00:00,0.0,0.0
2049-11-16 21:00:00,0.0,0.0
2049-11-16 22:00:00,0.0,0.0
2049-11-16 23:00:00,0.0,0.0
2049-11-17 00:00:00,0.0,0.0
2049-11-17 01:00:00,0.0,0.0
2049-11-17 02:00:00,0.0,0.0
2049-11-17 03:00:00,0.0,76.40264924989928
2049-11-17 04:00:00,0.0,176.81755969262403
2049-11-17 05:00:00,0.0,251.47386267395422
2049-11-17 06:00:00,0.0,299.9349716267475
2049-11-17 07:00:00,0.0,323.94723281957295
2049-11-17 08:00:00,0.0,326.56675222242666
2049-11-17 09:00:00,0.0,308.2301164024508
2049-11-17 10:00:00,0.0,267.1909790910764
2049-11-17 11:00:00,0.0,202.57616715401866
2049-11-17 12:00:00,0.0,113.51250745699323
2049-11-17 13:00:00,0.0,8.295144775703351
2049-11-17 14:00:00,0.0,0.0
2049-11-17 15:00:00,0.0,0.0
2049-11-17 16:00:00,0.0,0.0
2049-11-17 17:00:00,0.0,0.0
2049-11-17 18:00:00,0.0,0.0
2049-11-17 19:00:00,0.0,0.0
2049-11-17 20:00:00,0.0,0.0
2049-11-17 21:00:00,0.0,0.0
2049-11-17 22:00:00,0.0,0.0
2049-11-17 23:00:00,0.0,0.0
2049-11-18 00:00:00,0.0,0.0
2049-11-18 01:00:00,0.0,0.0
2049-11-18 02:00:00,0.0,0.0
2049-11-18 03:00:00,0.0,41.039137311374475
2049-11-18 04:00:00,0.0,121.80765223269658
2049-11-18 05:00:00,0.0,199.08347461688044
2049-11-18 06:00:00,0.0,247.5445835696737
2049-11-18 07:00:00,0.0,266.7543925239341
2049-11-18 08:00:00,0.0,254.52996864395018
2049-11-18 09:00:00,0.0,222.65914924256364
2049-11-18 10:00:00,0.0,174.19804028977038
2049-11-18 11:00:00,0.0,118.7515462627006
2049-11-18 12:00:00,0.0,57.1928402956389
2049-11-18 13:00:00,0.0,1.7463462685691264
2049-11-18 14:00:00,0.0,0.0
2049-11-18 15:00:00,0.0,0.0
2049-11-18 16:00:00,0.0,0.0
2049-11-18 17:00:00,0.0,0.0
2049-11-18 18:00:00,0.0,0.0
2049-11-18 19:00:00,0.0,0.0
2049-11-18 20:00:00,0.0,0.0
2049-11-18 21:00:00,0.0,0.0
2049-11-18 22:00:00,0.0,0.0
2049-11-18 23:00:00,0.0,0.0
2049-11-19 00:00:00,0.0,0.0
2049-11-19 01:00:00,0.0,0.0
2049-11-19 02:00:00,0.0,0.0
2049-11-19 03:00:00,0.0,48.89769551993554
2049-11-19 04:00:00,0.0,113.9490940241355
2049-11-19 05:00:00,0.0,174.63462685691266
2049-11-19 06:00:00,0.0,214.80059103400257
2049-11-19 07:00:00,0.0,237.93967909254349
2049-11-19 08:00:00,0.0,259.3324208825153
2049-11-19 09:00:00,0.0,277.6690567024911
2049-11-19 10:00:00,0.0,251.47386267395422
2049-11-19 11:00:00,0.0,187.29563730403882
2049-11-19 12:00:00,0.0,88.1904865627409
2049-11-19 13:00:00,0.0,3.492692537138253
2049-11-19 14:00:00,0.0,0.0
2049-11-19 15:00:00,0.0,0.0
2049-11-19 16:00:00,0.0,0.0
2049-11-19 17:00:00,0.0,0.0
2049-11-19 18:00:00,0.0,0.0
2049-11-19 19:00:00,0.0,0.0
2049-11-19 20:00:00,0.0,0.0
2049-11-19 21:00:00,0.0,0.0
2049-11-19 22:00:00,0.0,0.0
2049-11-19 23:00:00,0.0,0.0
2049-11-20 00:00:00,0.0,0.0
2049-11-20 01:00:00,0.0,0.0
2049-11-20 02:00:00,0.0,0.0
2049-11-20 03:00:00,0.0,48.46110895279326
2049-11-20 04:00:00,0.0,144.51015372409523
2049-11-20 05:00:00,0.0,219.1664567054254
2049-11-20 06:00:00,0.0,257.58607461394615
2049-11-20 07:00:00,0.0,288.1471343139059
2049-11-20 08:00:00,0.0,301.2447313281743
2049-11-20 09:00:00,0.0,285.96420147819447
2049-11-20 10:00:00,0.0,242.74213133110862
2049-11-20 11:00:00,0.0,173.7614537226281
2049-11-20 12:00:00,0.0,75.09288954847243
2049-11-20 13:00:00,0.0,3.0561059699959716
2049-11-20 14:00:00,0.0,0.0
2049-11-20 15:00:00,0.0,0.0
2049-11-20 16:00:00,0.0,0.0
2049-11-20 17:00:00,0.0,0.0
2049-11-20 18:00:00,0.0,0.0
2049-11-20 19:00:00,0.0,0.0
2049-11-20 20:00:00,0.0,0.0
2049-11-20 21:00:00,0.0,0.0
2049-11-20 22:00:00,0.0,0.0
2049-11-20 23:00:00,0.0,0.0
2049-11-21 00:00:00,0.0,0.0
2049-11-21 01:00:00,0.0,0.0
2049-11-21 02:00:00,0.0,0.0
2049-11-21 03:00:00,0.0,48.46110895279326
2049-11-21 04:00:00,0.0,137.52476864981872
2049-11-21 05:00:00,0.0,214.80059103400257
2049-11-21 06:00:00,0.0,254.96655521109247
2049-11-21 07:00:00,0.0,277.6690567024911
2049-11-21 08:00:00,0.0,277.2324701353488
2049-11-21 09:00:00,0.0,251.03727610681193
2049-11-21 10:00:00,0.0,209.99813879543746
2049-11-21 11:00:00,0.0,143.63698058981063
2049-11-21 12:00:00,0.0,53.263561191358356
2049-11-21 13:00:00,0.0,0.8731731342845632
2049-11-21 14:00:00,0.0,0.0
2049-11-21 15:00:00,0.0,0.0
2049-11-21 16:00:00,0.0,0.0
2049-11-21 17:00:00,0.0,0.0
2049-11-21 18:00:00,0.0,0.0
2049-11-21 19:00:00,0.0,0.0
2049-11-21 20:00:00,0.0,0.0
2049-11-21 21:00:00,0.0,0.0
2049-11-21 22:00:00,0.0,0.0
2049-11-21 23:00:00,0.0,0.0
2049-11-22 00:00:00,0.0,0.0
2049-11-22 01:00:00,0.0,0.0
2049-11-22 02:00:00,0.0,0.0
2049-11-22 03:00:00,0.0,42.7854835799436
2049-11-22 04:00:00,0.0,137.08818208267644
2049-11-22 05:00:00,0.0,219.60304327256765
2049-11-22 06:00:00,0.0,278.1056432696334
2049-11-22 07:00:00,0.0,302.55449102960114
2049-11-22 08:00:00,0.0,304.3008372981702
2049-11-22 09:00:00,0.0,290.33006714961726
2049-11-22 10:00:00,0.0,247.5445835696737
2049-11-22 11:00:00,0.0,180.31025222976228
2049-11-22 12:00:00,0.0,89.50024626416773
2049-11-22 13:00:00,0.0,3.9292791042805346
2049-11-22 14:00:00,0.0,0.0
2049-11-22 15:00:00,0.0,0.0
2049-11-22 16:00:00,0.0,0.0
2049-11-22 17:00:00,0.0,0.0
2049-11-22 18:00:00,0.0,0.0
2049-11-22 19:00:00,0.0,0.0
2049-11-22 20:00:00,0.0,0.0
2049-11-22 21:00:00,0.0,0.0
2049-11-22 22:00:00,0.0,0.0
2049-11-22 23:00:00,0.0,0.0
2049-11-23 00:00:00,0.0,0.0
2049-11-23 01:00:00,0.0,0.0
2049-11-23 02:00:00,0.0,0.0
2049-11-23 03:00:00,0.0,40.16596417708991
2049-11-23 04:00:00,0.0,108.71005521842812
2049-11-23 05:00:00,0.0,164.59313581264018
2049-11-23 06:00:00,0.0,206.06885969115694
2049-11-23 07:00:00,0.0,240.55919849539717
2049-11-23 08:00:00,0.0,271.1202581953569
2049-11-23 09:00:00,0.0,261.0787671510844
2049-11-23 10:00:00,0.0,217.85669700399853
2049-11-23 11:00:00,0.0,163.7199626783556
2049-11-23 12:00:00,0.0,74.65630298133017
2049-11-23 13:00:00,0.0,1.309759701426845
2049-11-23 14:00:00,0.0,0.0
2049-11-23 15:00:00,0.0,0.0
2049-11-23 16:00:00,0.0,0.0
2049-11-23 17:00:00,0.0,0.0
2049-11-23 18:00:00,0.0,0.0
2049-11-23 19:00:00,0.0,0.0
2049-11-23 20:00:00,0.0,0.0
2049-11-23 21:00:00,0.0,0.0
2049-11-23 22:00:00,0.0,0.0
2049-11-23 23:00:00,0.0,0.0
2049-11-24 00:00:00,0.0,0.0
2049-11-24 01:00:00,0.0,0.0
2049-11-24 02:00:00,0.0,0.0
2049-11-24 03:00:00,0.0,48.46110895279326
2049-11-24 04:00:00,0.0,147.12967312694892
2049-11-24 05:00:00,0.0,222.65914924256364
2049-11-24 06:00:00,0.0,269.81049849393
2049-11-24 07:00:00,0.0,293.38617311961326
2049-11-24 08:00:00,0.0,293.38617311961326
2049-11-24 09:00:00,0.0,275.48612386677974
2049-11-24 10:00:00,0.0,231.39088058540923
2049-11-24 11:00:00,0.0,161.1004432755019
2049-11-24 12:00:00,0.0,64.61481193705768
2049-11-24 13:00:00,0.0,2.182932835711408
2049-11-24 14:00:00,0.0,0.0
2049-11-24 15:00:00,0.0,0.0
2049-11-24 16:00:00,0.0,0.0
2049-11-24 17:00:00,0.0,0.0
2049-11-24 18:00:00,0.0,0.0
2049-11-24 19:00:00,0.0,0.0
2049-11-24 20:00:00,0.0,0.0
2049-11-24 21:00:00,0.0,0.0
2049-11-24 22:00:00,0.0,0.0
2049-11-24 23:00:00,0.0,0.0
2049-11-25 00:00:00,0.0,0.0
2049-11-25 01:00:00,0.0,0.0
2049-11-25 02:00:00,0.0,0.0
2049-11-25 03:00:00,0.0,54.573320892785205
2049-11-25 04:00:00,0.0,151.4955387983717
2049-11-25 05:00:00,0.0,227.46160148112872
2049-11-25 06:00:00,0.0,277.6690567024911
2049-11-25 07:00:00,0.0,303.4276641638857
2049-11-25 08:00:00,0.0,306.920356701024
2049-11-25 09:00:00,0.0,289.4568940153327
2049-11-25 10:00:00,0.0,238.37626565968577
2049-11-25 11:00:00,0.0,176.81755969262403
2049-11-25 12:00:00,0.0,77.71240895132613
2049-11-25 13:00:00,0.0,3.0561059699959716
2049-11-25 14:00:00,0.0,0.0
2049-11-25 15:00:00,0.0,0.0
2049-11-25 16:00:00,0.0,0.0
2049-11-25 17:00:00,0.0,0.0
2049-11-25 18:00:00,0.0,0.0
2049-11-25 19:00:00,0.0,0.0
2049-11-25 20:00:00,0.0,0.0
2049-11-25 21:00:00,0.0,0.0
2049-11-25 22:00:00,0.0,0.0
2049-11-25 23:00:00,0.0,0.0
2049-11-26 00:00:00,0.0,0.0
2049-11-26 01:00:00,0.0,0.0
2049-11-26 02:00:00,0.0,0.0
2049-11-26 03:00:00,0.0,56.75625372849662
2049-11-26 04:00:00,0.0,155.86140446979454
2049-11-26 05:00:00,0.0,233.13722685397835
2049-11-26 06:00:00,0.0,282.9080955081985
2049-11-26 07:00:00,0.0,308.2301164024508
2049-11-26 08:00:00,0.0,311.72280893958913
2049-11-26 09:00:00,0.0,293.38617311961326
2049-11-26 10:00:00,0.0,253.22020894252333
2049-11-26 11:00:00,0.0,186.42246416975425
2049-11-26 12:00:00,0.0,96.04904477130195
2049-11-26 13:00:00,0.0,3.9292791042805346
2049-11-26 14:00:00,0.0,0.0
2049-11-26 15:00:00,0.0,0.0
2049-11-26 16:00:00,0.0,0.0
2049-11-26 17:00:00,0.0,0.0
2049-11-26 18:00:00,0.0,0.0
2049-11-26 19:00:00,0.0,0.0
2049-11-26 20:00:00,0.0,0.0
2049-11-26 21:00:00,0.0,0.0
2049-11-26 22:00:00,0.0,0.0
2049-11-26 23:00:00,0.0,0.0
2049-11-27 00:00:00,0.0,0.0
2049-11-27 01:00:00,0.0,0.0
2049-11-27 02:00:00,0.0,0.0
2049-11-27 03:00:00,0.0,61.99529253420398
2049-11-27 04:00:00,0.0,162.84678954407104
2049-11-27 05:00:00,0.0,238.81285222682806
2049-11-27 06:00:00,0.0,289.4568940153327
2049-11-27 07:00:00,0.0,315.2155014767273
2049-11-27 08:00:00,0.0,318.7081940138656
2049-11-27 09:00:00,0.0,300.3715581938897
2049-11-27 10:00:00,0.0,259.3324208825153
2049-11-27 11:00:00,0.0,193.40784924403073
2049-11-27 12:00:00,0.0,102.59784327843617
2049-11-27 13:00:00,0.0,4.802452238565098
2049-11-27 14:00:00,0.0,0.0
2049-11-27 15:00:00,0.0,0.0
2049-11-27 16:00:00,0.0,0.0
2049-11-27 17:00:00,0.0,0.0
2049-11-27 18:00:00,0.0,0.0
2049-11-27 19:00:00,0.0,0.0
2049-11-27 20:00:00,0.0,0.0
2049-11-27 21:00:00,0.0,0.0
2049-11-27 22:00:00,0.0,0.0
2049-11-27 23:00:00,0.0,0.0
2049-11-28 00:00:00,0.0,0.0
2049-11-28 01:00:00,0.0,0.0
2049-11-28 02:00:00,0.0,0.0
2049-11-28 03:00:00,0.0,52.39038805707379
2049-11-28 04:00:00,0.0,157.60775073836365
2049-11-28 05:00:00,0.0,233.13722685397835
2049-11-28 06:00:00,0.0,278.5422298367757
2049-11-28 07:00:00,0.0,309.10328953673536
2049-11-28 08:00:00,0.0,313.9057417753005
2049-11-28 09:00:00,0.0,293.8227596867556
2049-11-28 10:00:00,0.0,250.16410297252733
2049-11-28 11:00:00,0.0,185.54929103546968
2049-11-28 12:00:00,0.0,96.04904477130195
2049-11-28 13:00:00,0.0,4.365865671422816
2049-11-28 14:00:00,0.0,0.0
2049-11-28 15:00:00,0.0,0.0
2049-11-28 16:00:00,0.0,0.0
2049-11-28 17:00:00,0.0,0.0
2049-11-28 18:00:00,0.0,0.0
2049-11-28 19:00:00,0.0,0.0
2049-11-28 20:00:00,0.0,0.0
2049-11-28 21:00:00,0.0,0.0
2049-11-28 22:00:00,0.0,0.0
2049-11-28 23:00:00,0.0,0.0
2049-11-29 00:00:00,0.0,0.0
2049-11-29 01:00:00,0.0,0.0
2049-11-29 02:00:00,0.0,0.0
2049-11-29 03:00:00,0.0,68.98067760848049
2049-11-29 04:00:00,0.0,170.26876118548984
2049-11-29 05:00:00,0.0,245.79823730110454
2049-11-29 06:00:00,0.0,294.6959328210401
2049-11-29 07:00:00,0.0,319.1447805810078
2049-11-29 08:00:00,0.0,321.7642999838616
2049-11-29 09:00:00,0.0,302.55449102960114
2049-11-29 10:00:00,0.0,260.64218058394215
2049-11-29 11:00:00,0.0,194.28102237831533
2049-11-29 12:00:00,0.0,102.59784327843617
2049-11-29 13:00:00,0.0,4.802452238565098
2049-11-29 14:00:00,0.0,0.0
2049-11-29 15:00:00,0.0,0.0
2049-11-29 16:00:00,0.0,0.0
2049-11-29 17:00:00,0.0,0.0
2049-11-29 18:00:00,0.0,0.0
2049-11-29 19:00:00,0.0,0.0
2049-11-29 20:00:00,0.0,0.0
2049-11-29 21:00:00,0.0,0.0
2049-11-29 22:00:00,0.0,0.0
2049-11-29 23:00:00,0.0,0.0
2049-11-30 00:00:00,0.0,0.0
2049-11-30 01:00:00,0.0,0.0
2049-11-30 02:00:00,0.0,0.0
2049-11-30 03:00:00,0.0,66.7977447727691
2049-11-30 04:00:00,0.0,168.52241491692072
2049-11-30 05:00:00,0.0,243.17871789825085
2049-11-30 06:00:00,0.0,292.0764134181864
2049-11-30 07:00:00,0.0,316.96184774529644
2049-11-30 08:00:00,0.0,319.58136714815015
2049-11-30 09:00:00,0.0,300.3715581938897
2049-11-30 10:00:00,0.0,258.4592477482307
2049-11-30 11:00:00,0.0,191.22491640831936
2049-11-30 12:00:00,0.0,102.16125671129389
2049-11-30 13:00:00,0.0,5.23903880570738
2049-11-30 14:00:00,0.0,0.0
2049-11-30 15:00:00,0.0,0.0
2049-11-30 16:00:00,0.0,0.0
2049-11-30 17:00:00,0.0,0.0
2049-11-30 18:00:00,0.0,0.0
2049-11-30 19:00:00,0.0,0.0
2049-11-30 20:00:00,0.0,0.0
2049-11-30 21:00:00,0.0,0.0
2049-11-30 22:00:00,0.0,0.0
2049-11-30 23:00:00,0.0,0.0
2049-12-01 00:00:00,0.0,0.0
2049-12-01 01:00:00,0.0,0.0
2049-12-01 02:00:00,0.0,0.0
2049-12-01 03:00:00,0.0,66.36115820562681
2049-12-01 04:00:00,0.0,167.21265521549384
2049-12-01 05:00:00,0.0,243.17871789825085
2049-12-01 06:00:00,0.0,291.63982685104406
2049-12-01 07:00:00,0.0,316.96184774529644
2049-12-01 08:00:00,0.0,320.0179537152924
2049-12-01 09:00:00,0.0,301.2447313281743
2049-12-01 10:00:00,0.0,260.20559401679986
2049-12-01 11:00:00,0.0,194.28102237831533
2049-12-01 12:00:00,0.0,103.03442984557847
2049-12-01 13:00:00,0.0,4.802452238565098
2049-12-01 14:00:00,0.0,0.0
2049-12-01 15:00:00,0.0,0.0
2049-12-01 16:00:00,0.0,0.0
2049-12-01 17:00:00,0.0,0.0
2049-12-01 18:00:00,0.0,0.0
2049-12-01 19:00:00,0.0,0.0
2049-12-01 20:00:00,0.0,0.0
2049-12-01 21:00:00,0.0,0.0
2049-12-01 22:00:00,0.0,0.0
2049-12-01 23:00:00,0.0,0.0
2049-12-02 00:00:00,0.0,0.0
2049-12-02 01:00:00,0.0,0.0
2049-12-02 02:00:00,0.0,0.0
2049-12-02 03:00:00,0.0,56.31966716135433
2049-12-02 04:00:00,0.0,150.18577909694486
2049-12-02 05:00:00,0.0,235.3201596896898
2049-12-02 06:00:00,0.0,278.1056432696334
2049-12-02 07:00:00,0.0,305.17401043245485
2049-12-02 08:00:00,0.0,303.4276641638857
2049-12-02 09:00:00,0.0,286.40078804533675
2049-12-02 10:00:00,0.0,239.2494387939703
2049-12-02 11:00:00,0.0,173.3248671554858
2049-12-02 12:00:00,0.0,67.23433133991138
2049-12-02 13:00:00,0.0,1.7463462685691264
2049-12-02 14:00:00,0.0,0.0
2049-12-02 15:00:00,0.0,0.0
2049-12-02 16:00:00,0.0,0.0
2049-12-02 17:00:00,0.0,0.0
2049-12-02 18:00:00,0.0,0.0
2049-12-02 19:00:00,0.0,0.0
2049-12-02 20:00:00,0.0,0.0
2049-12-02 21:00:00,0.0,0.0
2049-12-02 22:00:00,0.0,0.0
2049-12-02 23:00:00,0.0,0.0
2049-12-03 00:00:00,0.0,0.0
2049-12-03 01:00:00,0.0,0.0
2049-12-03 02:00:00,0.0,0.0
2049-12-03 03:00:00,0.0,45.84158954993957
2049-12-03 04:00:00,0.0,126.61010447126166
2049-12-03 05:00:00,0.0,198.64688804973815
2049-12-03 06:00:00,0.0,268.9373253596455
2049-12-03 07:00:00,0.0,301.2447313281743
2049-12-03 08:00:00,0.0,303.864250731028
2049-12-03 09:00:00,0.0,282.4715089410562
2049-12-03 10:00:00,0.0,236.19333282397437
2049-12-03 11:00:00,0.0,161.97361640978647
2049-12-03 12:00:00,0.0,73.34654327990332
2049-12-03 13:00:00,0.0,2.61951940285369
2049-12-03 14:00:00,0.0,0.0
2049-12-03 15:00:00,0.0,0.0
2049-12-03 16:00:00,0.0,0.0
2049-12-03 17:00:00,0.0,0.0
2049-12-03 18:00:00,0.0,0.0
2049-12-03 19:00:00,0.0,0.0
2049-12-03 20:00:00,0.0,0.0
2049-12-03 21:00:00,0.0,0.0
2049-12-03 22:00:00,0.0,0.0
2049-12-03 23:00:00,0.0,0.0
2049-12-04 00:00:00,0.0,0.0
2049-12-04 01:00:00,0.0,0.0
2049-12-04 02:00:00,0.0,0.0
2049-12-04 03:00:00,0.0,51.080628355646944
2049-12-04 04:00:00,0.0,143.63698058981063
2049-12-04 05:00:00,0.0,215.23717760114482
2049-12-04 06:00:00,0.0,265.44463282250723
2049-12-04 07:00:00,0.0,292.0764134181864
2049-12-04 08:00:00,0.0,295.56910595532463
2049-12-04 09:00:00,0.0,282.9080955081985
2049-12-04 10:00:00,0.0,250.60068953966965
2049-12-04 11:00:00,0.0,186.85905073689653
2049-12-04 12:00:00,0.0,95.61245820415968
2049-12-04 13:00:00,0.0,3.492692537138253
2049-12-04 14:00:00,0.0,0.0
2049-12-04 15:00:00,0.0,0.0
2049-12-04 16:00:00,0.0,0.0
2049-12-04 17:00:00,0.0,0.0
2049-12-04 18:00:00,0.0,0.0
2049-12-04 19:00:00,0.0,0.0
2049-12-04 20:00:00,0.0,0.0
2049-12-04 21:00:00,0.0,0.0
2049-12-04 22:00:00,0.0,0.0
2049-12-04 23:00:00,0.0,0.0
2049-12-05 00:00:00,0.0,0.0
2049-12-05 01:00:00,0.0,0.0
2049-12-05 02:00:00,0.0,0.0
2049-12-05 03:00:00,0.0,46.27817611708185
2049-12-05 04:00:00,0.0,143.20039402266838
2049-12-05 05:00:00,0.0,223.53232237684819
2049-12-05 06:00:00,0.0,275.04953729963745
2049-12-05 07:00:00,0.0,301.2447313281743
2049-12-05 08:00:00,0.0,302.9910775967435
2049-12-05 09:00:00,0.0,251.9104492410965
2049-12-05 10:00:00,0.0,199.08347461688044
2049-12-05 11:00:00,0.0,123.55399850126571
2049-12-05 12:00:00,0.0,50.64404178850467
2049-12-05 13:00:00,0.0,0.0
2049-12-05 14:00:00,0.0,0.0
2049-12-05 15:00:00,0.0,0.0
2049-12-05 16:00:00,0.0,0.0
2049-12-05 17:00:00,0.0,0.0
2049-12-05 18:00:00,0.0,0.0
2049-12-05 19:00:00,0.0,0.0
2049-12-05 20:00:00,0.0,0.0
2049-12-05 21:00:00,0.0,0.0
2049-12-05 22:00:00,0.0,0.0
2049-12-05 23:00:00,0.0,0.0
2049-12-06 00:00:00,0.0,0.0
2049-12-06 01:00:00,0.0,0.0
2049-12-06 02:00:00,0.0,0.0
2049-12-06 03:00:00,0.0,26.195194028536896
2049-12-06 04:00:00,0.0,96.04904477130195
2049-12-06 05:00:00,0.0,162.84678954407104
2049-12-06 06:00:00,0.0,221.78597610827904
2049-12-06 07:00:00,0.0,251.9104492410965
2049-12-06 08:00:00,0.0,252.78362237538104
2049-12-06 09:00:00,0.0,231.82746715255155
2049-12-06 10:00:00,0.0,189.04198357260793
2049-12-06 11:00:00,0.0,126.17351790411936
2049-12-06 12:00:00,0.0,53.70014775850064
2049-12-06 13:00:00,0.0,0.0
2049-12-06 14:00:00,0.0,0.0
2049-12-06 15:00:00,0.0,0.0
2049-12-06 16:00:00,0.0,0.0
2049-12-06 17:00:00,0.0,0.0
2049-12-06 18:00:00,0.0,0.0
2049-12-06 19:00:00,0.0,0.0
2049-12-06 20:00:00,0.0,0.0
2049-12-06 21:00:00,0.0,0.0
2049-12-06 22:00:00,0.0,0.0
2049-12-06 23:00:00,0.0,0.0
2049-12-07 00:00:00,0.0,0.0
2049-12-07 01:00:00,0.0,0.0
2049-12-07 02:00:00,0.0,0.0
2049-12-07 03:00:00,0.0,24.012261192825488
2049-12-07 04:00:00,0.0,88.62707312988317
2049-12-07 05:00:00,0.0,175.50779999119723
2049-12-07 06:00:00,0.0,239.2494387939703
2049-12-07 07:00:00,0.0,274.1763641653529
2049-12-07 08:00:00,0.0,273.3031910310683
2049-12-07 09:00:00,0.0,242.30554476396634
2049-12-07 10:00:00,0.0,185.1127044683274
2049-12-07 11:00:00,0.0,125.30034476983482
2049-12-07 12:00:00,0.0,47.5879358185087
2049-12-07 13:00:00,0.0,0.0
2049-12-07 14:00:00,0.0,0.0
2049-12-07 15:00:00,0.0,0.0
2049-12-07 16:00:00,0.0,0.0
2049-12-07 17:00:00,0.0,0.0
2049-12-07 18:00:00,0.0,0.0
2049-12-07 19:00:00,0.0,0.0
2049-12-07 20:00:00,0.0,0.0
2049-12-07 21:00:00,0.0,0.0
2049-12-07 22:00:00,0.0,0.0
2049-12-07 23:00:00,0.0,0.0
2049-12-08 00:00:00,0.0,0.0
2049-12-08 01:00:00,0.0,0.0
2049-12-08 02:00:00,0.0,0.0
2049-12-08 03:00:00,0.0,27.941540297106023
2049-12-08 04:00:00,0.0,99.54173730844022
2049-12-08 05:00:00,0.0,188.60539700546565
2049-12-08 06:00:00,0.0,245.36165073396225
2049-12-08 07:00:00,0.0,273.7397775982106
2049-12-08 08:00:00,0.0,281.5983358067716
2049-12-08 09:00:00,0.0,273.3031910310683
2049-12-08 10:00:00,0.0,230.51770745112466
2049-12-08 11:00:00,0.0,161.5370298426442
2049-12-08 12:00:00,0.0,72.47337014561876
2049-12-08 13:00:00,0.0,1.309759701426845
2049-12-08 14:00:00,0.0,0.0
2049-12-08 15:00:00,0.0,0.0
2049-12-08 16:00:00,0.0,0.0
2049-12-08 17:00:00,0.0,0.0
2049-12-08 18:00:00,0.0,0.0
2049-12-08 19:00:00,0.0,0.0
2049-12-08 20:00:00,0.0,0.0
2049-12-08 21:00:00,0.0,0.0
2049-12-08 22:00:00,0.0,0.0
2049-12-08 23:00:00,0.0,0.0
2049-12-09 00:00:00,0.0,0.0
2049-12-09 01:00:00,0.0,0.0
2049-12-09 02:00:00,0.0,0.0
2049-12-09 03:00:00,0.0,44.968416415655014
2049-12-09 04:00:00,0.0,137.08818208267644
2049-12-09 05:00:00,0.0,218.29328357114082
2049-12-09 06:00:00,0.0,270.2470850610723
2049-12-09 07:00:00,0.0,296.4422790896092
2049-12-09 08:00:00,0.0,299.49838505960525
2049-12-09 09:00:00,0.0,277.2324701353488
2049-12-09 10:00:00,0.0,236.19333282397437
2049-12-09 11:00:00,0.0,169.39558805120527
2049-12-09 12:00:00,0.0,79.89534178703754
2049-12-09 13:00:00,0.0,1.7463462685691264
2049-12-09 14:00:00,0.0,0.0
2049-12-09 15:00:00,0.0,0.0
2049-12-09 16:00:00,0.0,0.0
2049-12-09 17:00:00,0.0,0.0
2049-12-09 18:00:00,0.0,0.0
2049-12-09 19:00:00,0.0,0.0
2049-12-09 20:00:00,0.0,0.0
2049-12-09 21:00:00,0.0,0.0
2049-12-09 22:00:00,0.0,0.0
2049-12-09 23:00:00,0.0,0.0
2049-12-10 00:00:00,0.0,0.0
2049-12-10 01:00:00,0.0,0.0
2049-12-10 02:00:00,0.0,0.0
2049-12-10 03:00:00,0.0,49.77086865422011
2049-12-10 04:00:00,0.0,146.69308655980663
2049-12-10 05:00:00,0.0,223.09573580970593
2049-12-10 06:00:00,0.0,277.2324701353488
2049-12-10 07:00:00,0.0,303.864250731028
2049-12-10 08:00:00,0.0,307.3569432681663
2049-12-10 09:00:00,0.0,289.89348058247504
2049-12-10 10:00:00,0.0,249.7275164053851
2049-12-10 11:00:00,0.0,184.6761179011851
2049-12-10 12:00:00,0.0,94.30269850273282
2049-12-10 13:00:00,0.0,3.0561059699959716
2049-12-10 14:00:00,0.0,0.0
2049-12-10 15:00:00,0.0,0.0
2049-12-10 16:00:00,0.0,0.0
2049-12-10 17:00:00,0.0,0.0
2049-12-10 18:00:00,0.0,0.0
2049-12-10 19:00:00,0.0,0.0
2049-12-10 20:00:00,0.0,0.0
2049-12-10 21:00:00,0.0,0.0
2049-12-10 22:00:00,0.0,0.0
2049-12-10 23:00:00,0.0,0.0
2049-12-11 00:00:00,0.0,0.0
2049-12-11 01:00:00,0.0,0.0
2049-12-11 02:00:00,0.0,0.0
2049-12-11 03:00:00,0.0,61.99529253420398
2049-12-11 04:00:00,0.0,162.84678954407104
2049-12-11 05:00:00,0.0,237.93967909254349
2049-12-11 06:00:00,0.0,285.96420147819447
2049-12-11 07:00:00,0.0,310.41304923816216
2049-12-11 08:00:00,0.0,312.59598207387364
2049-12-11 09:00:00,0.0,293.38617311961326
2049-12-11 10:00:00,0.0,251.9104492410965
2049-12-11 11:00:00,0.0,186.42246416975425
2049-12-11 12:00:00,0.0,96.48563133844424
2049-12-11 13:00:00,0.0,3.492692537138253
2049-12-11 14:00:00,0.0,0.0
2049-12-11 15:00:00,0.0,0.0
2049-12-11 16:00:00,0.0,0.0
2049-12-11 17:00:00,0.0,0.0
2049-12-11 18:00:00,0.0,0.0
2049-12-11 19:00:00,0.0,0.0
2049-12-11 20:00:00,0.0,0.0
2049-12-11 21:00:00,0.0,0.0
2049-12-11 22:00:00,0.0,0.0
2049-12-11 23:00:00,0.0,0.0
2049-12-12 00:00:00,0.0,0.0
2049-12-12 01:00:00,0.0,0.0
2049-12-12 02:00:00,0.0,0.0
2049-12-12 03:00:00,0.0,54.13673432564292
2049-12-12 04:00:00,0.0,152.36871193265628
2049-12-12 05:00:00,0.0,227.46160148112872
2049-12-12 06:00:00,0.0,275.92271043392196
2049-12-12 07:00:00,0.0,299.9349716267475
2049-12-12 08:00:00,0.0,302.55449102960114
2049-12-12 09:00:00,0.0,281.5983358067716
2049-12-12 10:00:00,0.0,239.2494387939703
2049-12-12 11:00:00,0.0,171.5785208869167
2049-12-12 12:00:00,0.0,81.20510148846438
2049-12-12 13:00:00,0.0,0.8731731342845632
2049-12-12 14:00:00,0.0,0.0
2049-12-12 15:00:00,0.0,0.0
2049-12-12 16:00:00,0.0,0.0
2049-12-12 17:00:00,0.0,0.0
2049-12-12 18:00:00,0.0,0.0
2049-12-12 19:00:00,0.0,0.0
2049-12-12 20:00:00,0.0,0.0
2049-12-12 21:00:00,0.0,0.0
2049-12-12 22:00:00,0.0,0.0
2049-12-12 23:00:00,0.0,0.0
2049-12-13 00:00:00,0.0,0.0
2049-12-13 01:00:00,0.0,0.0
2049-12-13 02:00:00,0.0,0.0
2049-12-13 03:00:00,0.0,61.5587059670617
2049-12-13 04:00:00,0.0,165.46630894692473
2049-12-13 05:00:00,0.0,241.4323716296817
2049-12-13 06:00:00,0.0,290.33006714961726
2049-12-13 07:00:00,0.0,315.2155014767273
2049-12-13 08:00:00,0.0,317.835020879581
2049-12-13 09:00:00,0.0,299.49838505960525
2049-12-13 10:00:00,0.0,258.02266118108844
2049-12-13 11:00:00,0.0,192.0980895426039
2049-12-13 12:00:00,0.0,101.28808357700933
2049-12-13 13:00:00,0.0,3.9292791042805346
2049-12-13 14:00:00,0.0,0.0
2049-12-13 15:00:00,0.0,0.0
2049-12-13 16:00:00,0.0,0.0
2049-12-13 17:00:00,0.0,0.0
2049-12-13 18:00:00,0.0,0.0
2049-12-13 19:00:00,0.0,0.0
2049-12-13 20:00:00,0.0,0.0
2049-12-13 21:00:00,0.0,0.0
2049-12-13 22:00:00,0.0,0.0
2049-12-13 23:00:00,0.0,0.0
2049-12-14 00:00:00,0.0,0.0
2049-12-14 01:00:00,0.0,0.0
2049-12-14 02:00:00,0.0,0.0
2049-12-14 03:00:00,0.0,62.431879101346276
2049-12-14 04:00:00,0.0,162.41020297692876
2049-12-14 05:00:00,0.0,236.62991939111666
2049-12-14 06:00:00,0.0,284.2178552096254
2049-12-14 07:00:00,0.0,308.66670296959313
2049-12-14 08:00:00,0.0,311.2862223724468
2049-12-14 09:00:00,0.0,292.5129999853287
2049-12-14 10:00:00,0.0,251.9104492410965
2049-12-14 11:00:00,0.0,186.42246416975425
2049-12-14 12:00:00,0.0,94.73928506987511
2049-12-14 13:00:00,0.0,3.0561059699959716
2049-12-14 14:00:00,0.0,0.0
2049-12-14 15:00:00,0.0,0.0
2049-12-14 16:00:00,0.0,0.0
2049-12-14 17:00:00,0.0,0.0
2049-12-14 18:00:00,0.0,0.0
2049-12-14 19:00:00,0.0,0.0
2049-12-14 20:00:00,0.0,0.0
2049-12-14 21:00:00,0.0,0.0
2049-12-14 22:00:00,0.0,0.0
2049-12-14 23:00:00,0.0,0.0
2049-12-15 00:00:00,0.0,0.0
2049-12-15 01:00:00,0.0,0.0
2049-12-15 02:00:00,0.0,0.0
2049-12-15 03:00:00,0.0,56.75625372849662
2049-12-15 04:00:00,0.0,156.29799103693682
2049-12-15 05:00:00,0.0,231.82746715255155
2049-12-15 06:00:00,0.0,281.5983358067716
2049-12-15 07:00:00,0.0,306.920356701024
2049-12-15 08:00:00,0.0,310.41304923816216
2049-12-15 09:00:00,0.0,292.5129999853287
2049-12-15 10:00:00,0.0,251.47386267395422
2049-12-15 11:00:00,0.0,185.54929103546968
2049-12-15 12:00:00,0.0,93.86611193559055
2049-12-15 13:00:00,0.0,3.0561059699959716
2049-12-15 14:00:00,0.0,0.0
2049-12-15 15:00:00,0.0,0.0
2049-12-15 16:00:00,0.0,0.0
2049-12-15 17:00:00,0.0,0.0
2049-12-15 18:00:00,0.0,0.0
2049-12-15 19:00:00,0.0,0.0
2049-12-15 20:00:00,0.0,0.0
2049-12-15 21:00:00,0.0,0.0
2049-12-15 22:00:00,0.0,0.0
2049-12-15 23:00:00,0.0,0.0
2049-12-16 00:00:00,0.0,0.0
2049-12-16 01:00:00,0.0,0.0
2049-12-16 02:00:00,0.0,0.0
2049-12-16 03:00:00,0.0,58.93918656420802
2049-12-16 04:00:00,0.0,158.04433730550593
2049-12-16 05:00:00,0.0,233.13722685397835
2049-12-16 06:00:00,0.0,280.2885761053448
2049-12-16 07:00:00,0.0,305.61059699959713
2049-12-16 08:00:00,0.0,309.10328953673536
2049-12-16 09:00:00,0.0,290.7666537167596
2049-12-16 10:00:00,0.0,247.10799700253142
2049-12-16 11:00:00,0.0,180.31025222976228
2049-12-16 12:00:00,0.0,87.31731342845633
2049-12-16 13:00:00,0.0,2.61951940285369
2049-12-16 14:00:00,0.0,0.0
2049-12-16 15:00:00,0.0,0.0
2049-12-16 16:00:00,0.0,0.0
2049-12-16 17:00:00,0.0,0.0
2049-12-16 18:00:00,0.0,0.0
2049-12-16 19:00:00,0.0,0.0
2049-12-16 20:00:00,0.0,0.0
2049-12-16 21:00:00,0.0,0.0
2049-12-16 22:00:00,0.0,0.0
2049-12-16 23:00:00,0.0,0.0
2049-12-17 00:00:00,0.0,0.0
2049-12-17 01:00:00,0.0,0.0
2049-12-17 02:00:00,0.0,0.0
2049-12-17 03:00:00,0.0,37.9830313413785
2049-12-17 04:00:00,0.0,122.68082536698113
2049-12-17 05:00:00,0.0,225.27866864541733
2049-12-17 06:00:00,0.0,267.6275656582186
2049-12-17 07:00:00,0.0,305.61059699959713
2049-12-17 08:00:00,0.0,310.8496358053045
2049-12-17 09:00:00,0.0,292.5129999853287
2049-12-17 10:00:00,0.0,254.96655521109247
2049-12-17 11:00:00,0.0,188.60539700546565
2049-12-17 12:00:00,0.0,82.9514477570335
2049-12-17 13:00:00,0.0,1.7463462685691264
2049-12-17 14:00:00,0.0,0.0
2049-12-17 15:00:00,0.0,0.0
2049-12-17 16:00:00,0.0,0.0
2049-12-17 17:00:00,0.0,0.0
2049-12-17 18:00:00,0.0,0.0
2049-12-17 19:00:00,0.0,0.0
2049-12-17 20:00:00,0.0,0.0
2049-12-17 21:00:00,0.0,0.0
2049-12-17 22:00:00,0.0,0.0
2049-12-17 23:00:00,0.0,0.0
2049-12-18 00:00:00,0.0,0.0
2049-12-18 01:00:00,0.0,0.0
2049-12-18 02:00:00,0.0,0.0
2049-12-18 03:00:00,0.0,34.490338804240245
2049-12-18 04:00:00,0.0,120.49789253126973
2049-12-18 05:00:00,0.0,195.59078207974218
2049-12-18 06:00:00,0.0,264.1348731210804
2049-12-18 07:00:00,0.0,306.920356701024
2049-12-18 08:00:00,0.0,311.72280893958913
2049-12-18 09:00:00,0.0,294.6959328210401
2049-12-18 10:00:00,0.0,255.40314177823475
2049-12-18 11:00:00,0.0,190.3517432740348
2049-12-18 12:00:00,0.0,97.3588044727288
2049-12-18 13:00:00,0.0,3.0561059699959716
2049-12-18 14:00:00,0.0,0.0
2049-12-18 15:00:00,0.0,0.0
2049-12-18 16:00:00,0.0,0.0
2049-12-18 17:00:00,0.0,0.0
2049-12-18 18:00:00,0.0,0.0
2049-12-18 19:00:00,0.0,0.0
2049-12-18 20:00:00,0.0,0.0
2049-12-18 21:00:00,0.0,0.0
2049-12-18 22:00:00,0.0,0.0
2049-12-18 23:00:00,0.0,0.0
2049-12-19 00:00:00,0.0,0.0
2049-12-19 01:00:00,0.0,0.0
2049-12-19 02:00:00,0.0,0.0
2049-12-19 03:00:00,0.0,50.64404178850467
2049-12-19 04:00:00,0.0,156.29799103693682
2049-12-19 05:00:00,0.0,232.26405371969383
2049-12-19 06:00:00,0.0,281.1617492396294
2049-12-19 07:00:00,0.0,305.61059699959713
2049-12-19 08:00:00,0.0,307.79352983530856
2049-12-19 09:00:00,0.0,288.1471343139059
2049-12-19 10:00:00,0.0,242.74213133110862
2049-12-19 11:00:00,0.0,175.07121342405495
2049-12-19 12:00:00,0.0,85.13438059274492
2049-12-19 13:00:00,0.0,1.7463462685691264
2049-12-19 14:00:00,0.0,0.0
2049-12-19 15:00:00,0.0,0.0
2049-12-19 16:00:00,0.0,0.0
2049-12-19 17:00:00,0.0,0.0
2049-12-19 18:00:00,0.0,0.0
2049-12-19 19:00:00,0.0,0.0
2049-12-19 20:00:00,0.0,0.0
2049-12-19 21:00:00,0.0,0.0
2049-12-19 22:00:00,0.0,0.0
2049-12-19 23:00:00,0.0,0.0
2049-12-20 00:00:00,0.0,0.0
2049-12-20 01:00:00,0.0,0.0
2049-12-20 02:00:00,0.0,0.0
2049-12-20 03:00:00,0.0,40.60255074423219
2049-12-20 04:00:00,0.0,134.03207611268044
2049-12-20 05:00:00,0.0,212.61765819829114
2049-12-20 06:00:00,0.0,277.2324701353488
2049-12-20 07:00:00,0.0,301.68131789531657
2049-12-20 08:00:00,0.0,303.864250731028
2049-12-20 09:00:00,0.0,279.8519895382025
2049-12-20 10:00:00,0.0,235.7567462568321
2049-12-20 11:00:00,0.0,165.902895514067
2049-12-20 12:00:00,0.0,72.90995671276102
2049-12-20 13:00:00,0.0,0.0
2049-12-20 14:00:00,0.0,0.0
2049-12-20 15:00:00,0.0,0.0
2049-12-20 16:00:00,0.0,0.0
2049-12-20 17:00:00,0.0,0.0
2049-12-20 18:00:00,0.0,0.0
2049-12-20 19:00:00,0.0,0.0
2049-12-20 20:00:00,0.0,0.0
2049-12-20 21:00:00,0.0,0.0
2049-12-20 22:00:00,0.0,0.0
2049-12-20 23:00:00,0.0,0.0
2049-12-21 00:00:00,0.0,0.0
2049-12-21 01:00:00,0.0,0.0
2049-12-21 02:00:00,0.0,0.0
2049-12-21 03:00:00,0.0,48.46110895279326
2049-12-21 04:00:00,0.0,148.43943282837574
2049-12-21 05:00:00,0.0,227.02501491398647
2049-12-21 06:00:00,0.0,278.5422298367757
2049-12-21 07:00:00,0.0,304.73742386531256
2049-12-21 08:00:00,0.0,306.48377013388165
2049-12-21 09:00:00,0.0,282.9080955081985
2049-12-21 10:00:00,0.0,237.5030925254012
2049-12-21 11:00:00,0.0,157.60775073836365
2049-12-21 12:00:00,0.0,72.03678357847647
2049-12-21 13:00:00,0.0,0.8731731342845632
2049-12-21 14:00:00,0.0,0.0
2049-12-21 15:00:00,0.0,0.0
2049-12-21 16:00:00,0.0,0.0
2049-12-21 17:00:00,0.0,0.0
2049-12-21 18:00:00,0.0,0.0
2049-12-21 19:00:00,0.0,0.0
2049-12-21 20:00:00,0.0,0.0
2049-12-21 21:00:00,0.0,0.0
2049-12-21 22:00:00,0.0,0.0
2049-12-21 23:00:00,0.0,0.0
2049-12-22 00:00:00,0.0,0.0
2049-12-22 01:00:00,0.0,0.0
2049-12-22 02:00:00,0.0,0.0
2049-12-22 03:00:00,0.0,54.13673432564292
2049-12-22 04:00:00,0.0,153.24188506694082
2049-12-22 05:00:00,0.0,229.64453431684015
2049-12-22 06:00:00,0.0,278.97881640391796
2049-12-22 07:00:00,0.0,305.17401043245485
2049-12-22 08:00:00,0.0,307.3569432681663
2049-12-22 09:00:00,0.0,287.7105477467636
2049-12-22 10:00:00,0.0,248.41775670395825
2049-12-22 11:00:00,0.0,185.1127044683274
2049-12-22 12:00:00,0.0,92.99293880130598
2049-12-22 13:00:00,0.0,2.61951940285369
2049-12-22 14:00:00,0.0,0.0
2049-12-22 15:00:00,0.0,0.0
2049-12-22 16:00:00,0.0,0.0
2049-12-22 17:00:00,0.0,0.0
2049-12-22 18:00:00,0.0,0.0
2049-12-22 19:00:00,0.0,0.0
2049-12-22 20:00:00,0.0,0.0
2049-12-22 21:00:00,0.0,0.0
2049-12-22 22:00:00,0.0,0.0
2049-12-22 23:00:00,0.0,0.0
2049-12-23 00:00:00,0.0,0.0
2049-12-23 01:00:00,0.0,0.0
2049-12-23 02:00:00,0.0,0.0
2049-12-23 03:00:00,0.0,68.10750447419592
2049-12-23 04:00:00,0.0,171.1419343197744
2049-12-23 05:00:00,0.0,246.23482386824685
2049-12-23 06:00:00,0.0,295.56910595532463
2049-12-23 07:00:00,0.0,320.0179537152924
2049-12-23 08:00:00,0.0,323.0740596852884
2049-12-23 09:00:00,0.0,304.3008372981702
2049-12-23 10:00:00,0.0,261.95194028536895
2049-12-23 11:00:00,0.0,194.7176089454576
2049-12-23 12:00:00,0.0,100.85149700986706
2049-12-23 13:00:00,0.0,3.9292791042805346
2049-12-23 14:00:00,0.0,0.0
2049-12-23 15:00:00,0.0,0.0
2049-12-23 16:00:00,0.0,0.0
2049-12-23 17:00:00,0.0,0.0
2049-12-23 18:00:00,0.0,0.0
2049-12-23 19:00:00,0.0,0.0
2049-12-23 20:00:00,0.0,0.0
2049-12-23 21:00:00,0.0,0.0
2049-12-23 22:00:00,0.0,0.0
2049-12-23 23:00:00,0.0,0.0
2049-12-24 00:00:00,0.0,0.0
2049-12-24 01:00:00,0.0,0.0
2049-12-24 02:00:00,0.0,0.0
2049-12-24 03:00:00,0.0,56.31966716135433
2049-12-24 04:00:00,0.0,161.97361640978647
2049-12-24 05:00:00,0.0,237.93967909254349
2049-12-24 06:00:00,0.0,279.41540297106025
2049-12-24 07:00:00,0.0,301.2447313281743
2049-12-24 08:00:00,0.0,302.11790446245885
2049-12-24 09:00:00,0.0,282.03492237391396
2049-12-24 10:00:00,0.0,240.55919849539717
2049-12-24 11:00:00,0.0,176.81755969262403
2049-12-24 12:00:00,0.0,88.62707312988317
2049-12-24 13:00:00,0.0,3.0561059699959716
2049-12-24 14:00:00,0.0,0.0
2049-12-24 15:00:00,0.0,0.0
2049-12-24 16:00:00,0.0,0.0
2049-12-24 17:00:00,0.0,0.0
2049-12-24 18:00:00,0.0,0.0
2049-12-24 19:00:00,0.0,0.0
2049-12-24 20:00:00,0.0,0.0
2049-12-24 21:00:00,0.0,0.0
2049-12-24 22:00:00,0.0,0.0
2049-12-24 23:00:00,0.0,0.0
2049-12-25 00:00:00,0.0,0.0
2049-12-25 01:00:00,0.0,0.0
2049-12-25 02:00:00,0.0,0.0
2049-12-25 03:00:00,0.0,73.7831298470456
2049-12-25 04:00:00,0.0,175.94438655833952
2049-12-25 05:00:00,0.0,250.16410297252733
2049-12-25 06:00:00,0.0,297.7520387910361
2049-12-25 07:00:00,0.0,322.2008865510038
2049-12-25 08:00:00,0.0,324.38381938671523
2049-12-25 09:00:00,0.0,306.920356701024
2049-12-25 10:00:00,0.0,265.00804625536495
2049-12-25 11:00:00,0.0,198.21030148259584
2049-12-25 12:00:00,0.0,104.3441895470053
2049-12-25 13:00:00,0.0,4.802452238565098
2049-12-25 14:00:00,0.0,0.0
2049-12-25 15:00:00,0.0,0.0
2049-12-25 16:00:00,0.0,0.0
2049-12-25 17:00:00,0.0,0.0
2049-12-25 18:00:00,0.0,0.0
2049-12-25 19:00:00,0.0,0.0
2049-12-25 20:00:00,0.0,0.0
2049-12-25 21:00:00,0.0,0.0
2049-12-25 22:00:00,0.0,0.0
2049-12-25 23:00:00,0.0,0.0
2049-12-26 00:00:00,0.0,0.0
2049-12-26 01:00:00,0.0,0.0
2049-12-26 02:00:00,0.0,0.0
2049-12-26 03:00:00,0.0,54.13673432564292
2049-12-26 04:00:00,0.0,156.29799103693682
2049-12-26 05:00:00,0.0,239.6860253611126
2049-12-26 06:00:00,0.0,281.5983358067716
2049-12-26 07:00:00,0.0,310.41304923816216
2049-12-26 08:00:00,0.0,297.31545222389383
2049-12-26 09:00:00,0.0,247.5445835696737
2049-12-26 10:00:00,0.0,191.22491640831936
2049-12-26 11:00:00,0.0,125.30034476983482
2049-12-26 12:00:00,0.0,54.13673432564292
2049-12-26 13:00:00,0.0,0.0
2049-12-26 14:00:00,0.0,0.0
2049-12-26 15:00:00,0.0,0.0
2049-12-26 16:00:00,0.0,0.0
2049-12-26 17:00:00,0.0,0.0
2049-12-26 18:00:00,0.0,0.0
2049-12-26 19:00:00,0.0,0.0
2049-12-26 20:00:00,0.0,0.0
2049-12-26 21:00:00,0.0,0.0
2049-12-26 22:00:00,0.0,0.0
2049-12-26 23:00:00,0.0,0.0
2049-12-27 00:00:00,0.0,0.0
2049-12-27 01:00:00,0.0,0.0
2049-12-27 02:00:00,0.0,0.0
2049-12-27 03:00:00,0.0,25.758607461394618
2049-12-27 04:00:00,0.0,82.51486118989122
2049-12-27 05:00:00,0.0,142.3272208883838
2049-12-27 06:00:00,0.0,189.04198357260793
2049-12-27 07:00:00,0.0,217.85669700399853
2049-12-27 08:00:00,0.0,220.9128029739945
2049-12-27 09:00:00,0.0,185.98587760261196
2049-12-27 10:00:00,0.0,144.94674029123752
2049-12-27 11:00:00,0.0,95.61245820415968
2049-12-27 12:00:00,0.0,40.16596417708991
2049-12-27 13:00:00,0.0,0.0
2049-12-27 14:00:00,0.0,0.0
2049-12-27 15:00:00,0.0,0.0
2049-12-27 16:00:00,0.0,0.0
2049-12-27 17:00:00,0.0,0.0
2049-12-27 18:00:00,0.0,0.0
2049-12-27 19:00:00,0.0,0.0
2049-12-27 20:00:00,0.0,0.0
2049-12-27 21:00:00,0.0,0.0
2049-12-27 22:00:00,0.0,0.0
2049-12-27 23:00:00,0.0,0.0
2049-12-28 00:00:00,0.0,0.0
2049-12-28 01:00:00,0.0,0.0
2049-12-28 02:00:00,0.0,0.0
2049-12-28 03:00:00,0.0,14.407356715695292
2049-12-28 04:00:00,0.0,58.50259999706574
2049-12-28 05:00:00,0.0,97.79539103987109
2049-12-28 06:00:00,0.0,122.24423879983884
2049-12-28 07:00:00,0.0,130.10279700839993
2049-12-28 08:00:00,0.0,123.1174119341234
2049-12-28 09:00:00,0.0,103.90760297986303
2049-12-28 10:00:00,0.0,80.33192835417982
2049-12-28 11:00:00,0.0,51.953801489931514
2049-12-28 12:00:00,0.0,20.519568655687237
2049-12-28 13:00:00,0.0,0.0
2049-12-28 14:00:00,0.0,0.0
2049-12-28 15:00:00,0.0,0.0
2049-12-28 16:00:00,0.0,0.0
2049-12-28 17:00:00,0.0,0.0
2049-12-28 18:00:00,0.0,0.0
2049-12-28 19:00:00,0.0,0.0
2049-12-28 20:00:00,0.0,0.0
2049-12-28 21:00:00,0.0,0.0
2049-12-28 22:00:00,0.0,0.0
2049-12-28 23:00:00,0.0,0.0
2049-12-29 00:00:00,0.0,0.0
2049-12-29 01:00:00,0.0,0.0
2049-12-29 02:00:00,0.0,0.0
2049-12-29 03:00:00,0.0,27.50495372996374
2049-12-29 04:00:00,0.0,97.79539103987109
2049-12-29 05:00:00,0.0,176.3809731254818
2049-12-29 06:00:00,0.0,202.13958058687638
2049-12-29 07:00:00,0.0,217.42011043685625
2049-12-29 08:00:00,0.0,216.98352386971396
2049-12-29 09:00:00,0.0,206.9420328254415
2049-12-29 10:00:00,0.0,165.02972237978244
2049-12-29 11:00:00,0.0,106.52712238271671
2049-12-29 12:00:00,0.0,37.9830313413785
2049-12-29 13:00:00,0.0,0.0
2049-12-29 14:00:00,0.0,0.0
2049-12-29 15:00:00,0.0,0.0
2049-12-29 16:00:00,0.0,0.0
2049-12-29 17:00:00,0.0,0.0
2049-12-29 18:00:00,0.0,0.0
2049-12-29 19:00:00,0.0,0.0
2049-12-29 20:00:00,0.0,0.0
2049-12-29 21:00:00,0.0,0.0
2049-12-29 22:00:00,0.0,0.0
2049-12-29 23:00:00,0.0,0.0
2049-12-30 00:00:00,0.0,0.0
2049-12-30 01:00:00,0.0,0.0
2049-12-30 02:00:00,0.0,0.0
2049-12-30 03:00:00,0.0,49.77086865422011
2049-12-30 04:00:00,0.0,147.12967312694892
2049-12-30 05:00:00,0.0,223.09573580970593
2049-12-30 06:00:00,0.0,271.9934313296414
2049-12-30 07:00:00,0.0,286.83737461247904
2049-12-30 08:00:00,0.0,292.0764134181864
2049-12-30 09:00:00,0.0,251.47386267395422
2049-12-30 10:00:00,0.0,192.0980895426039
2049-12-30 11:00:00,0.0,136.21500894839184
2049-12-30 12:00:00,0.0,62.431879101346276
2049-12-30 13:00:00,0.0,0.8731731342845632
2049-12-30 14:00:00,0.0,0.0
2049-12-30 15:00:00,0.0,0.0
2049-12-30 16:00:00,0.0,0.0
2049-12-30 17:00:00,0.0,0.0
2049-12-30 18:00:00,0.0,0.0
2049-12-30 19:00:00,0.0,0.0
2049-12-30 20:00:00,0.0,0.0
2049-12-30 21:00:00,0.0,0.0
2049-12-30 22:00:00,0.0,0.0
2049-12-30 23:00:00,0.0,0.0
2049-12-31 00:00:00,0.0,0.0
2049-12-31 01:00:00,0.0,0.0
2049-12-31 02:00:00,0.0,0.0
2049-12-31 03:00:00,0.0,62.431879101346276
2049-12-31 04:00:00,0.0,160.22727014121736
2049-12-31 05:00:00,0.0,234.88357312254752
2049-12-31 06:00:00,0.0,268.0641522253609
2049-12-31 07:00:00,0.0,287.27396117962127
2049-12-31 08:00:00,0.0,281.5983358067716
2049-12-31 09:00:00,0.0,280.72516267248704
2049-12-31 10:00:00,0.0,232.26405371969383
2049-12-31 11:00:00,0.0,170.70534775263212
2049-12-31 12:00:00,0.0,71.1636104441919
2049-12-31 13:00:00,0.0,0.8731731342845632
2049-12-31 14:00:00,0.0,0.0
2049-12-31 15:00:00,0.0,0.0
2049-12-31 16:00:00,0.0,0.0
2049-12-31 17:00:00,0.0,0.0
2049-12-31 18:00:00,0.0,0.0
2049-12-31 19:00:00,0.0,0.0
2049-12-31 20:00:00,0.0,0.0
2049-12-31 21:00:00,0.0,0.0
2049-12-31 22:00:00,0.0,0.0
2049-12-31 23:00:00,0.0,0.0
