timestamp,P_wind_MW,P_solar_MW
2057-01-01 00:00:00,0.0,0.0
2057-01-01 01:00:00,0.0,0.0
2057-01-01 02:00:00,0.0,0.0
2057-01-01 03:00:00,0.0,68.09202866967416
2057-01-01 04:00:00,0.0,164.17280532013467
2057-01-01 05:00:00,0.0,235.18903154004025
2057-01-01 06:00:00,0.0,279.0519947935113
2057-01-01 07:00:00,0.0,302.8633177025385
2057-01-01 08:00:00,0.0,305.78751525276994
2057-01-01 09:00:00,0.0,286.98910242985374
2057-01-01 10:00:00,0.0,246.88582174096587
2057-01-01 11:00:00,0.0,182.97121814305083
2057-01-01 12:00:00,0.0,93.15657910022908
2057-01-01 13:00:00,0.0,3.7596825645832364
2057-01-01 14:00:00,0.0,0.0
2057-01-01 15:00:00,0.0,0.0
2057-01-01 16:00:00,0.0,0.0
2057-01-01 17:00:00,0.0,0.0
2057-01-01 18:00:00,0.0,0.0
2057-01-01 19:00:00,0.0,0.0
2057-01-01 20:00:00,0.0,0.0
2057-01-01 21:00:00,0.0,0.0
2057-01-01 22:00:00,0.0,0.0
2057-01-01 23:00:00,0.0,0.0
2057-01-02 00:00:00,0.0,0.0
2057-01-02 01:00:00,0.0,0.0
2057-01-02 02:00:00,0.0,0.0
2057-01-02 03:00:00,0.0,63.4968610907391
2057-01-02 04:00:00,0.0,159.5776377411996
2057-01-02 05:00:00,0.0,231.42934897545697
2057-01-02 06:00:00,0.0,277.3810247648077
2057-01-02 07:00:00,0.0,301.19234767383483
2057-01-02 08:00:00,0.0,303.2810602097144
2057-01-02 09:00:00,0.0,284.0649048796223
2057-01-02 10:00:00,0.0,243.54388168355854
2057-01-02 11:00:00,0.0,179.21153557846762
2057-01-02 12:00:00,0.0,89.81463904282177
2057-01-02 13:00:00,0.0,3.7596825645832364
2057-01-02 14:00:00,0.0,0.0
2057-01-02 15:00:00,0.0,0.0
2057-01-02 16:00:00,0.0,0.0
2057-01-02 17:00:00,0.0,0.0
2057-01-02 18:00:00,0.0,0.0
2057-01-02 19:00:00,0.0,0.0
2057-01-02 20:00:00,0.0,0.0
2057-01-02 21:00:00,0.0,0.0
2057-01-02 22:00:00,0.0,0.0
2057-01-02 23:00:00,0.0,0.0
2057-01-03 00:00:00,0.0,0.0
2057-01-03 01:00:00,0.0,0.0
2057-01-03 02:00:00,0.0,0.0
2057-01-03 03:00:00,0.0,68.09202866967416
2057-01-03 04:00:00,0.0,163.75506281295876
2057-01-03 05:00:00,0.0,235.60677404721616
2057-01-03 06:00:00,0.0,282.3939348509187
2057-01-03 07:00:00,0.0,305.36977274559393
2057-01-03 08:00:00,0.0,307.45848528147354
2057-01-03 09:00:00,0.0,289.07781496573324
2057-01-03 10:00:00,0.0,249.39227678402136
2057-01-03 11:00:00,0.0,185.89541569328225
2057-01-03 12:00:00,0.0,96.91626166481231
2057-01-03 13:00:00,0.0,5.012910086110982
2057-01-03 14:00:00,0.0,0.0
2057-01-03 15:00:00,0.0,0.0
2057-01-03 16:00:00,0.0,0.0
2057-01-03 17:00:00,0.0,0.0
2057-01-03 18:00:00,0.0,0.0
2057-01-03 19:00:00,0.0,0.0
2057-01-03 20:00:00,0.0,0.0
2057-01-03 21:00:00,0.0,0.0
2057-01-03 22:00:00,0.0,0.0
2057-01-03 23:00:00,0.0,0.0
2057-01-04 00:00:00,0.0,0.0
2057-01-04 01:00:00,0.0,0.0
2057-01-04 02:00:00,0.0,0.0
2057-01-04 03:00:00,0.0,71.4339687270815
2057-01-04 04:00:00,0.0,168.35023039189383
2057-01-04 05:00:00,0.0,238.53097159744758
2057-01-04 06:00:00,0.0,281.97619234374275
2057-01-04 07:00:00,0.0,304.1165452240662
2057-01-04 08:00:00,0.0,305.78751525276994
2057-01-04 09:00:00,0.0,287.40684493702963
2057-01-04 10:00:00,0.0,246.88582174096587
2057-01-04 11:00:00,0.0,183.38896065022675
2057-01-04 12:00:00,0.0,94.40980662175683
2057-01-04 13:00:00,0.0,5.012910086110982
2057-01-04 14:00:00,0.0,0.0
2057-01-04 15:00:00,0.0,0.0
2057-01-04 16:00:00,0.0,0.0
2057-01-04 17:00:00,0.0,0.0
2057-01-04 18:00:00,0.0,0.0
2057-01-04 19:00:00,0.0,0.0
2057-01-04 20:00:00,0.0,0.0
2057-01-04 21:00:00,0.0,0.0
2057-01-04 22:00:00,0.0,0.0
2057-01-04 23:00:00,0.0,0.0
2057-01-05 00:00:00,0.0,0.0
2057-01-05 01:00:00,0.0,0.0
2057-01-05 02:00:00,0.0,0.0
2057-01-05 03:00:00,0.0,64.33234610509093
2057-01-05 04:00:00,0.0,158.74215272684776
2057-01-05 05:00:00,0.0,228.50515142522562
2057-01-05 06:00:00,0.0,269.8616596356412
2057-01-05 07:00:00,0.0,292.00201251596474
2057-01-05 08:00:00,0.0,293.67298254466834
2057-01-05 09:00:00,0.0,275.710054736104
2057-01-05 10:00:00,0.0,234.7712890328643
2057-01-05 11:00:00,0.0,169.18571540624563
2057-01-05 12:00:00,0.0,78.95333385624795
2057-01-05 13:00:00,0.0,2.088712535879576
2057-01-05 14:00:00,0.0,0.0
2057-01-05 15:00:00,0.0,0.0
2057-01-05 16:00:00,0.0,0.0
2057-01-05 17:00:00,0.0,0.0
2057-01-05 18:00:00,0.0,0.0
2057-01-05 19:00:00,0.0,0.0
2057-01-05 20:00:00,0.0,0.0
2057-01-05 21:00:00,0.0,0.0
2057-01-05 22:00:00,0.0,0.0
2057-01-05 23:00:00,0.0,0.0
2057-01-06 00:00:00,0.0,0.0
2057-01-06 01:00:00,0.0,0.0
2057-01-06 02:00:00,0.0,0.0
2057-01-06 03:00:00,0.0,48.04038832523024
2057-01-06 04:00:00,0.0,136.60179984652427
2057-01-06 05:00:00,0.0,216.80836122429997
2057-01-06 06:00:00,0.0,266.101977071058
2057-01-06 07:00:00,0.0,292.00201251596474
2057-01-06 08:00:00,0.0,295.7616950805479
2057-01-06 09:00:00,0.0,277.7987672719836
2057-01-06 10:00:00,0.0,236.8600015687439
2057-01-06 11:00:00,0.0,172.10991295647705
2057-01-06 12:00:00,0.0,81.45978889930346
2057-01-06 13:00:00,0.0,2.9241975502314066
2057-01-06 14:00:00,0.0,0.0
2057-01-06 15:00:00,0.0,0.0
2057-01-06 16:00:00,0.0,0.0
2057-01-06 17:00:00,0.0,0.0
2057-01-06 18:00:00,0.0,0.0
2057-01-06 19:00:00,0.0,0.0
2057-01-06 20:00:00,0.0,0.0
2057-01-06 21:00:00,0.0,0.0
2057-01-06 22:00:00,0.0,0.0
2057-01-06 23:00:00,0.0,0.0
2057-01-07 00:00:00,0.0,0.0
2057-01-07 01:00:00,0.0,0.0
2057-01-07 02:00:00,0.0,0.0
2057-01-07 03:00:00,0.0,68.09202866967416
2057-01-07 04:00:00,0.0,163.33732030578284
2057-01-07 05:00:00,0.0,235.18903154004025
2057-01-07 06:00:00,0.0,280.722964822215
2057-01-07 07:00:00,0.0,304.95203023841805
2057-01-07 08:00:00,0.0,307.04074277429766
2057-01-07 09:00:00,0.0,285.735874908326
2057-01-07 10:00:00,0.0,244.3793666979104
2057-01-07 11:00:00,0.0,178.79379307129167
2057-01-07 12:00:00,0.0,87.30818399976627
2057-01-07 13:00:00,0.0,3.3419400574073213
2057-01-07 14:00:00,0.0,0.0
2057-01-07 15:00:00,0.0,0.0
2057-01-07 16:00:00,0.0,0.0
2057-01-07 17:00:00,0.0,0.0
2057-01-07 18:00:00,0.0,0.0
2057-01-07 19:00:00,0.0,0.0
2057-01-07 20:00:00,0.0,0.0
2057-01-07 21:00:00,0.0,0.0
2057-01-07 22:00:00,0.0,0.0
2057-01-07 23:00:00,0.0,0.0
2057-01-08 00:00:00,0.0,0.0
2057-01-08 01:00:00,0.0,0.0
2057-01-08 02:00:00,0.0,0.0
2057-01-08 03:00:00,0.0,65.58557362661868
2057-01-08 04:00:00,0.0,163.33732030578284
2057-01-08 05:00:00,0.0,235.18903154004025
2057-01-08 06:00:00,0.0,279.88747980786314
2057-01-08 07:00:00,0.0,303.2810602097144
2057-01-08 08:00:00,0.0,304.95203023841805
2057-01-08 09:00:00,0.0,286.57135992267786
2057-01-08 10:00:00,0.0,245.21485171226223
2057-01-08 11:00:00,0.0,180.46476309999534
2057-01-08 12:00:00,0.0,91.48560907152542
2057-01-08 13:00:00,0.0,5.012910086110982
2057-01-08 14:00:00,0.0,0.0
2057-01-08 15:00:00,0.0,0.0
2057-01-08 16:00:00,0.0,0.0
2057-01-08 17:00:00,0.0,0.0
2057-01-08 18:00:00,0.0,0.0
2057-01-08 19:00:00,0.0,0.0
2057-01-08 20:00:00,0.0,0.0
2057-01-08 21:00:00,0.0,0.0
2057-01-08 22:00:00,0.0,0.0
2057-01-08 23:00:00,0.0,0.0
2057-01-09 00:00:00,0.0,0.0
2057-01-09 01:00:00,0.0,0.0
2057-01-09 02:00:00,0.0,0.0
2057-01-09 03:00:00,0.0,69.34525619120193
2057-01-09 04:00:00,0.0,165.0082903344865
2057-01-09 05:00:00,0.0,236.442259061568
2057-01-09 06:00:00,0.0,283.22941986527053
2057-01-09 07:00:00,0.0,306.20525775994577
2057-01-09 08:00:00,0.0,308.7117128030013
2057-01-09 09:00:00,0.0,287.8245874442056
2057-01-09 10:00:00,0.0,246.88582174096587
2057-01-09 11:00:00,0.0,179.62927808564353
2057-01-09 12:00:00,0.0,92.32109408587725
2057-01-09 13:00:00,0.0,5.430652593286897
2057-01-09 14:00:00,0.0,0.0
2057-01-09 15:00:00,0.0,0.0
2057-01-09 16:00:00,0.0,0.0
2057-01-09 17:00:00,0.0,0.0
2057-01-09 18:00:00,0.0,0.0
2057-01-09 19:00:00,0.0,0.0
2057-01-09 20:00:00,0.0,0.0
2057-01-09 21:00:00,0.0,0.0
2057-01-09 22:00:00,0.0,0.0
2057-01-09 23:00:00,0.0,0.0
2057-01-10 00:00:00,0.0,0.0
2057-01-10 01:00:00,0.0,0.0
2057-01-10 02:00:00,0.0,0.0
2057-01-10 03:00:00,0.0,60.15492103333178
2057-01-10 04:00:00,0.0,165.0082903344865
2057-01-10 05:00:00,0.0,236.442259061568
2057-01-10 06:00:00,0.0,284.48264738679825
2057-01-10 07:00:00,0.0,307.45848528147354
2057-01-10 08:00:00,0.0,309.1294553101772
2057-01-10 09:00:00,0.0,289.07781496573324
2057-01-10 10:00:00,0.0,246.88582174096587
2057-01-10 11:00:00,0.0,183.38896065022675
2057-01-10 12:00:00,0.0,93.99206411458091
2057-01-10 13:00:00,0.0,5.430652593286897
2057-01-10 14:00:00,0.0,0.0
2057-01-10 15:00:00,0.0,0.0
2057-01-10 16:00:00,0.0,0.0
2057-01-10 17:00:00,0.0,0.0
2057-01-10 18:00:00,0.0,0.0
2057-01-10 19:00:00,0.0,0.0
2057-01-10 20:00:00,0.0,0.0
2057-01-10 21:00:00,0.0,0.0
2057-01-10 22:00:00,0.0,0.0
2057-01-10 23:00:00,0.0,0.0
2057-01-11 00:00:00,0.0,0.0
2057-01-11 01:00:00,0.0,0.0
2057-01-11 02:00:00,0.0,0.0
2057-01-11 03:00:00,0.0,59.31943601897995
2057-01-11 04:00:00,0.0,156.23569768379227
2057-01-11 05:00:00,0.0,229.34063643957742
2057-01-11 06:00:00,0.0,280.3052223150391
2057-01-11 07:00:00,0.0,301.19234767383483
2057-01-11 08:00:00,0.0,301.19234767383483
2057-01-11 09:00:00,0.0,274.87456972175215
2057-01-11 10:00:00,0.0,228.50515142522562
2057-01-11 11:00:00,0.0,156.23569768379227
2057-01-11 12:00:00,0.0,64.33234610509093
2057-01-11 13:00:00,0.0,1.2532275215277455
2057-01-11 14:00:00,0.0,0.0
2057-01-11 15:00:00,0.0,0.0
2057-01-11 16:00:00,0.0,0.0
2057-01-11 17:00:00,0.0,0.0
2057-01-11 18:00:00,0.0,0.0
2057-01-11 19:00:00,0.0,0.0
2057-01-11 20:00:00,0.0,0.0
2057-01-11 21:00:00,0.0,0.0
2057-01-11 22:00:00,0.0,0.0
2057-01-11 23:00:00,0.0,0.0
2057-01-12 00:00:00,0.0,0.0
2057-01-12 01:00:00,0.0,0.0
2057-01-12 02:00:00,0.0,0.0
2057-01-12 03:00:00,0.0,61.40814855485953
2057-01-12 04:00:00,0.0,159.15989523402368
2057-01-12 05:00:00,0.0,231.84709148263295
2057-01-12 06:00:00,0.0,285.735874908326
2057-01-12 07:00:00,0.0,306.20525775994577
2057-01-12 08:00:00,0.0,306.62300026712177
2057-01-12 09:00:00,0.0,287.40684493702963
2057-01-12 10:00:00,0.0,245.63259421943812
2057-01-12 11:00:00,0.0,180.88250560717125
2057-01-12 12:00:00,0.0,89.81463904282177
2057-01-12 13:00:00,0.0,4.595167578935067
2057-01-12 14:00:00,0.0,0.0
2057-01-12 15:00:00,0.0,0.0
2057-01-12 16:00:00,0.0,0.0
2057-01-12 17:00:00,0.0,0.0
2057-01-12 18:00:00,0.0,0.0
2057-01-12 19:00:00,0.0,0.0
2057-01-12 20:00:00,0.0,0.0
2057-01-12 21:00:00,0.0,0.0
2057-01-12 22:00:00,0.0,0.0
2057-01-12 23:00:00,0.0,0.0
2057-01-13 00:00:00,0.0,0.0
2057-01-13 01:00:00,0.0,0.0
2057-01-13 02:00:00,0.0,0.0
2057-01-13 03:00:00,0.0,65.16783111944275
2057-01-13 04:00:00,0.0,160.41312275555143
2057-01-13 05:00:00,0.0,232.68257649698475
2057-01-13 06:00:00,0.0,276.5455397504559
2057-01-13 07:00:00,0.0,300.356862659483
2057-01-13 08:00:00,0.0,302.8633177025385
2057-01-13 09:00:00,0.0,283.6471623724464
2057-01-13 10:00:00,0.0,241.87291165485485
2057-01-13 11:00:00,0.0,175.8695955210603
2057-01-13 12:00:00,0.0,84.80172895671078
2057-01-13 13:00:00,0.0,3.7596825645832364
2057-01-13 14:00:00,0.0,0.0
2057-01-13 15:00:00,0.0,0.0
2057-01-13 16:00:00,0.0,0.0
2057-01-13 17:00:00,0.0,0.0
2057-01-13 18:00:00,0.0,0.0
2057-01-13 19:00:00,0.0,0.0
2057-01-13 20:00:00,0.0,0.0
2057-01-13 21:00:00,0.0,0.0
2057-01-13 22:00:00,0.0,0.0
2057-01-13 23:00:00,0.0,0.0
2057-01-14 00:00:00,0.0,0.0
2057-01-14 01:00:00,0.0,0.0
2057-01-14 02:00:00,0.0,0.0
2057-01-14 03:00:00,0.0,47.62264581805433
2057-01-14 04:00:00,0.0,142.867937454163
2057-01-14 05:00:00,0.0,211.795451138189
2057-01-14 06:00:00,0.0,268.60843211411344
2057-01-14 07:00:00,0.0,298.68589263077934
2057-01-14 08:00:00,0.0,289.9132999800851
2057-01-14 09:00:00,0.0,270.2794021428171
2057-01-14 10:00:00,0.0,237.2777440759198
2057-01-14 11:00:00,0.0,170.8566854349493
2057-01-14 12:00:00,0.0,82.2952739136553
2057-01-14 13:00:00,0.0,2.9241975502314066
2057-01-14 14:00:00,0.0,0.0
2057-01-14 15:00:00,0.0,0.0
2057-01-14 16:00:00,0.0,0.0
2057-01-14 17:00:00,0.0,0.0
2057-01-14 18:00:00,0.0,0.0
2057-01-14 19:00:00,0.0,0.0
2057-01-14 20:00:00,0.0,0.0
2057-01-14 21:00:00,0.0,0.0
2057-01-14 22:00:00,0.0,0.0
2057-01-14 23:00:00,0.0,0.0
2057-01-15 00:00:00,0.0,0.0
2057-01-15 01:00:00,0.0,0.0
2057-01-15 02:00:00,0.0,0.0
2057-01-15 03:00:00,0.0,56.39523846874855
2057-01-15 04:00:00,0.0,139.52599739675566
2057-01-15 05:00:00,0.0,213.46642116689267
2057-01-15 06:00:00,0.0,268.60843211411344
2057-01-15 07:00:00,0.0,296.1794375877239
2057-01-15 08:00:00,0.0,299.9391201523071
2057-01-15 09:00:00,0.0,286.98910242985374
2057-01-15 10:00:00,0.0,249.81001929119725
2057-01-15 11:00:00,0.0,185.89541569328225
2057-01-15 12:00:00,0.0,96.08077665046048
2057-01-15 13:00:00,0.0,6.6838801148146425
2057-01-15 14:00:00,0.0,0.0
2057-01-15 15:00:00,0.0,0.0
2057-01-15 16:00:00,0.0,0.0
2057-01-15 17:00:00,0.0,0.0
2057-01-15 18:00:00,0.0,0.0
2057-01-15 19:00:00,0.0,0.0
2057-01-15 20:00:00,0.0,0.0
2057-01-15 21:00:00,0.0,0.0
2057-01-15 22:00:00,0.0,0.0
2057-01-15 23:00:00,0.0,0.0
2057-01-16 00:00:00,0.0,0.0
2057-01-16 01:00:00,0.0,0.0
2057-01-16 02:00:00,0.0,0.0
2057-01-16 03:00:00,0.0,70.59848371272967
2057-01-16 04:00:00,0.0,165.0082903344865
2057-01-16 05:00:00,0.0,237.2777440759198
2057-01-16 06:00:00,0.0,284.0649048796223
2057-01-16 07:00:00,0.0,307.45848528147354
2057-01-16 08:00:00,0.0,309.54719781735315
2057-01-16 09:00:00,0.0,292.4197550231406
2057-01-16 10:00:00,0.0,251.48098931990094
2057-01-16 11:00:00,0.0,187.14864321481002
2057-01-16 12:00:00,0.0,97.75174667916414
2057-01-16 13:00:00,0.0,7.101622621990558
2057-01-16 14:00:00,0.0,0.0
2057-01-16 15:00:00,0.0,0.0
2057-01-16 16:00:00,0.0,0.0
2057-01-16 17:00:00,0.0,0.0
2057-01-16 18:00:00,0.0,0.0
2057-01-16 19:00:00,0.0,0.0
2057-01-16 20:00:00,0.0,0.0
2057-01-16 21:00:00,0.0,0.0
2057-01-16 22:00:00,0.0,0.0
2057-01-16 23:00:00,0.0,0.0
2057-01-17 00:00:00,0.0,0.0
2057-01-17 01:00:00,0.0,0.0
2057-01-17 02:00:00,0.0,0.0
2057-01-17 03:00:00,0.0,75.61139379884064
2057-01-17 04:00:00,0.0,170.8566854349493
2057-01-17 05:00:00,0.0,241.87291165485485
2057-01-17 06:00:00,0.0,287.40684493702963
2057-01-17 07:00:00,0.0,310.382682831705
2057-01-17 08:00:00,0.0,311.6359103532327
2057-01-17 09:00:00,0.0,290.74878499443696
2057-01-17 10:00:00,0.0,248.97453427684545
2057-01-17 11:00:00,0.0,182.97121814305083
2057-01-17 12:00:00,0.0,91.90335157870133
2057-01-17 13:00:00,0.0,5.848395100462813
2057-01-17 14:00:00,0.0,0.0
2057-01-17 15:00:00,0.0,0.0
2057-01-17 16:00:00,0.0,0.0
2057-01-17 17:00:00,0.0,0.0
2057-01-17 18:00:00,0.0,0.0
2057-01-17 19:00:00,0.0,0.0
2057-01-17 20:00:00,0.0,0.0
2057-01-17 21:00:00,0.0,0.0
2057-01-17 22:00:00,0.0,0.0
2057-01-17 23:00:00,0.0,0.0
2057-01-18 00:00:00,0.0,0.0
2057-01-18 01:00:00,0.0,0.0
2057-01-18 02:00:00,0.0,0.0
2057-01-18 03:00:00,0.0,69.34525619120193
2057-01-18 04:00:00,0.0,162.0840927842551
2057-01-18 05:00:00,0.0,227.66966641087376
2057-01-18 06:00:00,0.0,267.3552045925857
2057-01-18 07:00:00,0.0,299.9391201523071
2057-01-18 08:00:00,0.0,300.77460516665894
2057-01-18 09:00:00,0.0,283.22941986527053
2057-01-18 10:00:00,0.0,245.63259421943812
2057-01-18 11:00:00,0.0,182.55347563587495
2057-01-18 12:00:00,0.0,93.15657910022908
2057-01-18 13:00:00,0.0,6.6838801148146425
2057-01-18 14:00:00,0.0,0.0
2057-01-18 15:00:00,0.0,0.0
2057-01-18 16:00:00,0.0,0.0
2057-01-18 17:00:00,0.0,0.0
2057-01-18 18:00:00,0.0,0.0
2057-01-18 19:00:00,0.0,0.0
2057-01-18 20:00:00,0.0,0.0
2057-01-18 21:00:00,0.0,0.0
2057-01-18 22:00:00,0.0,0.0
2057-01-18 23:00:00,0.0,0.0
2057-01-19 00:00:00,0.0,0.0
2057-01-19 01:00:00,0.0,0.0
2057-01-19 02:00:00,0.0,0.0
2057-01-19 03:00:00,0.0,69.34525619120193
2057-01-19 04:00:00,0.0,164.17280532013467
2057-01-19 05:00:00,0.0,234.35354652568844
2057-01-19 06:00:00,0.0,279.88747980786314
2057-01-19 07:00:00,0.0,302.8633177025385
2057-01-19 08:00:00,0.0,304.95203023841805
2057-01-19 09:00:00,0.0,280.722964822215
2057-01-19 10:00:00,0.0,237.2777440759198
2057-01-19 11:00:00,0.0,168.35023039189383
2057-01-19 12:00:00,0.0,76.02913630601655
2057-01-19 13:00:00,0.0,3.3419400574073213
2057-01-19 14:00:00,0.0,0.0
2057-01-19 15:00:00,0.0,0.0
2057-01-19 16:00:00,0.0,0.0
2057-01-19 17:00:00,0.0,0.0
2057-01-19 18:00:00,0.0,0.0
2057-01-19 19:00:00,0.0,0.0
2057-01-19 20:00:00,0.0,0.0
2057-01-19 21:00:00,0.0,0.0
2057-01-19 22:00:00,0.0,0.0
2057-01-19 23:00:00,0.0,0.0
2057-01-20 00:00:00,0.0,0.0
2057-01-20 01:00:00,0.0,0.0
2057-01-20 02:00:00,0.0,0.0
2057-01-20 03:00:00,0.0,43.02747823911927
2057-01-20 04:00:00,0.0,129.5001772245337
2057-01-20 05:00:00,0.0,205.11157102337435
2057-01-20 06:00:00,0.0,261.9245519992988
2057-01-20 07:00:00,0.0,285.735874908326
2057-01-20 08:00:00,0.0,286.1536174155019
2057-01-20 09:00:00,0.0,266.9374620854098
2057-01-20 10:00:00,0.0,220.5680437888832
2057-01-20 11:00:00,0.0,150.38730258332947
2057-01-20 12:00:00,0.0,64.33234610509093
2057-01-20 13:00:00,0.0,2.506455043055491
2057-01-20 14:00:00,0.0,0.0
2057-01-20 15:00:00,0.0,0.0
2057-01-20 16:00:00,0.0,0.0
2057-01-20 17:00:00,0.0,0.0
2057-01-20 18:00:00,0.0,0.0
2057-01-20 19:00:00,0.0,0.0
2057-01-20 20:00:00,0.0,0.0
2057-01-20 21:00:00,0.0,0.0
2057-01-20 22:00:00,0.0,0.0
2057-01-20 23:00:00,0.0,0.0
2057-01-21 00:00:00,0.0,0.0
2057-01-21 01:00:00,0.0,0.0
2057-01-21 02:00:00,0.0,0.0
2057-01-21 03:00:00,0.0,75.61139379884064
2057-01-21 04:00:00,0.0,175.8695955210603
2057-01-21 05:00:00,0.0,247.3035642481418
2057-01-21 06:00:00,0.0,293.67298254466834
2057-01-21 07:00:00,0.0,314.9778504106401
2057-01-21 08:00:00,0.0,315.8133354249918
2057-01-21 09:00:00,0.0,295.7616950805479
2057-01-21 10:00:00,0.0,253.15195934860458
2057-01-21 11:00:00,0.0,185.47767318610633
2057-01-21 12:00:00,0.0,92.32109408587725
2057-01-21 13:00:00,0.0,6.6838801148146425
2057-01-21 14:00:00,0.0,0.0
2057-01-21 15:00:00,0.0,0.0
2057-01-21 16:00:00,0.0,0.0
2057-01-21 17:00:00,0.0,0.0
2057-01-21 18:00:00,0.0,0.0
2057-01-21 19:00:00,0.0,0.0
2057-01-21 20:00:00,0.0,0.0
2057-01-21 21:00:00,0.0,0.0
2057-01-21 22:00:00,0.0,0.0
2057-01-21 23:00:00,0.0,0.0
2057-01-22 00:00:00,0.0,0.0
2057-01-22 01:00:00,0.0,0.0
2057-01-22 02:00:00,0.0,0.0
2057-01-22 03:00:00,0.0,75.61139379884064
2057-01-22 04:00:00,0.0,174.1986254923566
2057-01-22 05:00:00,0.0,246.05033672661403
2057-01-22 06:00:00,0.0,294.0907250518443
2057-01-22 07:00:00,0.0,317.06656294651964
2057-01-22 08:00:00,0.0,317.9020479608714
2057-01-22 09:00:00,0.0,299.1036351379552
2057-01-22 10:00:00,0.0,256.4938994060119
2057-01-22 11:00:00,0.0,189.23735575068955
2057-01-22 12:00:00,0.0,96.08077665046048
2057-01-22 13:00:00,0.0,7.101622621990558
2057-01-22 14:00:00,0.0,0.0
2057-01-22 15:00:00,0.0,0.0
2057-01-22 16:00:00,0.0,0.0
2057-01-22 17:00:00,0.0,0.0
2057-01-22 18:00:00,0.0,0.0
2057-01-22 19:00:00,0.0,0.0
2057-01-22 20:00:00,0.0,0.0
2057-01-22 21:00:00,0.0,0.0
2057-01-22 22:00:00,0.0,0.0
2057-01-22 23:00:00,0.0,0.0
2057-01-23 00:00:00,0.0,0.0
2057-01-23 01:00:00,0.0,0.0
2057-01-23 02:00:00,0.0,0.0
2057-01-23 03:00:00,0.0,74.7759087844888
2057-01-23 04:00:00,0.0,172.94539797082885
2057-01-23 05:00:00,0.0,245.21485171226223
2057-01-23 06:00:00,0.0,289.9132999800851
2057-01-23 07:00:00,0.0,313.72462288911225
2057-01-23 08:00:00,0.0,315.3955929178159
2057-01-23 09:00:00,0.0,298.26815012360345
2057-01-23 10:00:00,0.0,256.4938994060119
2057-01-23 11:00:00,0.0,190.0728407650414
2057-01-23 12:00:00,0.0,97.75174667916414
2057-01-23 13:00:00,0.0,8.354850143518304
2057-01-23 14:00:00,0.0,0.0
2057-01-23 15:00:00,0.0,0.0
2057-01-23 16:00:00,0.0,0.0
2057-01-23 17:00:00,0.0,0.0
2057-01-23 18:00:00,0.0,0.0
2057-01-23 19:00:00,0.0,0.0
2057-01-23 20:00:00,0.0,0.0
2057-01-23 21:00:00,0.0,0.0
2057-01-23 22:00:00,0.0,0.0
2057-01-23 23:00:00,0.0,0.0
2057-01-24 00:00:00,0.0,0.0
2057-01-24 01:00:00,0.0,0.0
2057-01-24 02:00:00,0.0,0.0
2057-01-24 03:00:00,0.0,76.86462132036839
2057-01-24 04:00:00,0.0,172.52765546365293
2057-01-24 05:00:00,0.0,243.54388168355854
2057-01-24 06:00:00,0.0,289.9132999800851
2057-01-24 07:00:00,0.0,313.30688038193637
2057-01-24 08:00:00,0.0,315.3955929178159
2057-01-24 09:00:00,0.0,297.4326651092516
2057-01-24 10:00:00,0.0,256.07615689883596
2057-01-24 11:00:00,0.0,190.49058327221732
2057-01-24 12:00:00,0.0,99.4227167078678
2057-01-24 13:00:00,0.0,9.608077665046048
2057-01-24 14:00:00,0.0,0.0
2057-01-24 15:00:00,0.0,0.0
2057-01-24 16:00:00,0.0,0.0
2057-01-24 17:00:00,0.0,0.0
2057-01-24 18:00:00,0.0,0.0
2057-01-24 19:00:00,0.0,0.0
2057-01-24 20:00:00,0.0,0.0
2057-01-24 21:00:00,0.0,0.0
2057-01-24 22:00:00,0.0,0.0
2057-01-24 23:00:00,0.0,0.0
2057-01-25 00:00:00,0.0,0.0
2057-01-25 01:00:00,0.0,0.0
2057-01-25 02:00:00,0.0,0.0
2057-01-25 03:00:00,0.0,71.85171123425741
2057-01-25 04:00:00,0.0,165.0082903344865
2057-01-25 05:00:00,0.0,236.8600015687439
2057-01-25 06:00:00,0.0,283.22941986527053
2057-01-25 07:00:00,0.0,307.04074277429766
2057-01-25 08:00:00,0.0,309.96494032452904
2057-01-25 09:00:00,0.0,288.24232995138146
2057-01-25 10:00:00,0.0,244.3793666979104
2057-01-25 11:00:00,0.0,179.62927808564353
2057-01-25 12:00:00,0.0,91.90335157870133
2057-01-25 13:00:00,0.0,7.519365129166473
2057-01-25 14:00:00,0.0,0.0
2057-01-25 15:00:00,0.0,0.0
2057-01-25 16:00:00,0.0,0.0
2057-01-25 17:00:00,0.0,0.0
2057-01-25 18:00:00,0.0,0.0
2057-01-25 19:00:00,0.0,0.0
2057-01-25 20:00:00,0.0,0.0
2057-01-25 21:00:00,0.0,0.0
2057-01-25 22:00:00,0.0,0.0
2057-01-25 23:00:00,0.0,0.0
2057-01-26 00:00:00,0.0,0.0
2057-01-26 01:00:00,0.0,0.0
2057-01-26 02:00:00,0.0,0.0
2057-01-26 03:00:00,0.0,70.18074120555374
2057-01-26 04:00:00,0.0,164.5905478273106
2057-01-26 05:00:00,0.0,236.442259061568
2057-01-26 06:00:00,0.0,284.48264738679825
2057-01-26 07:00:00,0.0,308.2939702958254
2057-01-26 08:00:00,0.0,309.96494032452904
2057-01-26 09:00:00,0.0,291.1665275016128
2057-01-26 10:00:00,0.0,249.39227678402136
2057-01-26 11:00:00,0.0,183.38896065022675
2057-01-26 12:00:00,0.0,91.90335157870133
2057-01-26 13:00:00,0.0,7.519365129166473
2057-01-26 14:00:00,0.0,0.0
2057-01-26 15:00:00,0.0,0.0
2057-01-26 16:00:00,0.0,0.0
2057-01-26 17:00:00,0.0,0.0
2057-01-26 18:00:00,0.0,0.0
2057-01-26 19:00:00,0.0,0.0
2057-01-26 20:00:00,0.0,0.0
2057-01-26 21:00:00,0.0,0.0
2057-01-26 22:00:00,0.0,0.0
2057-01-26 23:00:00,0.0,0.0
2057-01-27 00:00:00,0.0,0.0
2057-01-27 01:00:00,0.0,0.0
2057-01-27 02:00:00,0.0,0.0
2057-01-27 03:00:00,0.0,70.18074120555374
2057-01-27 04:00:00,0.0,165.4260328416624
2057-01-27 05:00:00,0.0,237.2777440759198
2057-01-27 06:00:00,0.0,284.9003898939742
2057-01-27 07:00:00,0.0,308.7117128030013
2057-01-27 08:00:00,0.0,310.80042533888087
2057-01-27 09:00:00,0.0,289.9132999800851
2057-01-27 10:00:00,0.0,247.72130675531767
2057-01-27 11:00:00,0.0,181.30024811434717
2057-01-27 12:00:00,0.0,90.23238154999767
2057-01-27 13:00:00,0.0,7.519365129166473
2057-01-27 14:00:00,0.0,0.0
2057-01-27 15:00:00,0.0,0.0
2057-01-27 16:00:00,0.0,0.0
2057-01-27 17:00:00,0.0,0.0
2057-01-27 18:00:00,0.0,0.0
2057-01-27 19:00:00,0.0,0.0
2057-01-27 20:00:00,0.0,0.0
2057-01-27 21:00:00,0.0,0.0
2057-01-27 22:00:00,0.0,0.0
2057-01-27 23:00:00,0.0,0.0
2057-01-28 00:00:00,0.0,0.0
2057-01-28 01:00:00,0.0,0.0
2057-01-28 02:00:00,0.0,0.0
2057-01-28 03:00:00,0.0,73.10493875578516
2057-01-28 04:00:00,0.0,167.09700287036605
2057-01-28 05:00:00,0.0,237.2777440759198
2057-01-28 06:00:00,0.0,285.735874908326
2057-01-28 07:00:00,0.0,309.54719781735315
2057-01-28 08:00:00,0.0,312.05365286040865
2057-01-28 09:00:00,0.0,294.0907250518443
2057-01-28 10:00:00,0.0,253.15195934860458
2057-01-28 11:00:00,0.0,187.56638572198588
2057-01-28 12:00:00,0.0,97.33400417198824
2057-01-28 13:00:00,0.0,9.608077665046048
2057-01-28 14:00:00,0.0,0.0
2057-01-28 15:00:00,0.0,0.0
2057-01-28 16:00:00,0.0,0.0
2057-01-28 17:00:00,0.0,0.0
2057-01-28 18:00:00,0.0,0.0
2057-01-28 19:00:00,0.0,0.0
2057-01-28 20:00:00,0.0,0.0
2057-01-28 21:00:00,0.0,0.0
2057-01-28 22:00:00,0.0,0.0
2057-01-28 23:00:00,0.0,0.0
2057-01-29 00:00:00,0.0,0.0
2057-01-29 01:00:00,0.0,0.0
2057-01-29 02:00:00,0.0,0.0
2057-01-29 03:00:00,0.0,44.280705760647
2057-01-29 04:00:00,0.0,130.3356622388855
2057-01-29 05:00:00,0.0,192.16155330092096
2057-01-29 06:00:00,0.0,269.0261746212894
2057-01-29 07:00:00,0.0,303.6988027168903
2057-01-29 08:00:00,0.0,311.6359103532327
2057-01-29 09:00:00,0.0,294.0907250518443
2057-01-29 10:00:00,0.0,253.15195934860458
2057-01-29 11:00:00,0.0,187.56638572198588
2057-01-29 12:00:00,0.0,96.49851915763641
2057-01-29 13:00:00,0.0,9.608077665046048
2057-01-29 14:00:00,0.0,0.0
2057-01-29 15:00:00,0.0,0.0
2057-01-29 16:00:00,0.0,0.0
2057-01-29 17:00:00,0.0,0.0
2057-01-29 18:00:00,0.0,0.0
2057-01-29 19:00:00,0.0,0.0
2057-01-29 20:00:00,0.0,0.0
2057-01-29 21:00:00,0.0,0.0
2057-01-29 22:00:00,0.0,0.0
2057-01-29 23:00:00,0.0,0.0
2057-01-30 00:00:00,0.0,0.0
2057-01-30 01:00:00,0.0,0.0
2057-01-30 02:00:00,0.0,0.0
2057-01-30 03:00:00,0.0,72.26945374143331
2057-01-30 04:00:00,0.0,167.93248788471791
2057-01-30 05:00:00,0.0,240.2019416261512
2057-01-30 06:00:00,0.0,285.735874908326
2057-01-30 07:00:00,0.0,309.1294553101772
2057-01-30 08:00:00,0.0,310.80042533888087
2057-01-30 09:00:00,0.0,291.1665275016128
2057-01-30 10:00:00,0.0,249.81001929119725
2057-01-30 11:00:00,0.0,183.80670315740267
2057-01-30 12:00:00,0.0,93.99206411458091
2057-01-30 13:00:00,0.0,8.772592650694218
2057-01-30 14:00:00,0.0,0.0
2057-01-30 15:00:00,0.0,0.0
2057-01-30 16:00:00,0.0,0.0
2057-01-30 17:00:00,0.0,0.0
2057-01-30 18:00:00,0.0,0.0
2057-01-30 19:00:00,0.0,0.0
2057-01-30 20:00:00,0.0,0.0
2057-01-30 21:00:00,0.0,0.0
2057-01-30 22:00:00,0.0,0.0
2057-01-30 23:00:00,0.0,0.0
2057-01-31 00:00:00,0.0,0.0
2057-01-31 01:00:00,0.0,0.0
2057-01-31 02:00:00,0.0,0.0
2057-01-31 03:00:00,0.0,66.83880114814643
2057-01-31 04:00:00,0.0,158.74215272684776
2057-01-31 05:00:00,0.0,229.7583789467534
2057-01-31 06:00:00,0.0,276.9632822576317
2057-01-31 07:00:00,0.0,301.19234767383483
2057-01-31 08:00:00,0.0,302.8633177025385
2057-01-31 09:00:00,0.0,278.21650977915954
2057-01-31 10:00:00,0.0,234.35354652568844
2057-01-31 11:00:00,0.0,166.67926036319017
2057-01-31 12:00:00,0.0,76.86462132036839
2057-01-31 13:00:00,0.0,5.430652593286897
2057-01-31 14:00:00,0.0,0.0
2057-01-31 15:00:00,0.0,0.0
2057-01-31 16:00:00,0.0,0.0
2057-01-31 17:00:00,0.0,0.0
2057-01-31 18:00:00,0.0,0.0
2057-01-31 19:00:00,0.0,0.0
2057-01-31 20:00:00,0.0,0.0
2057-01-31 21:00:00,0.0,0.0
2057-01-31 22:00:00,0.0,0.0
2057-01-31 23:00:00,0.0,0.0
2057-02-01 00:00:00,0.0,0.0
2057-02-01 01:00:00,0.0,0.0
2057-02-01 02:00:00,0.0,0.0
2057-02-01 03:00:00,0.0,55.1420109472208
2057-02-01 04:00:00,0.0,147.46310503309803
2057-02-01 05:00:00,0.0,221.82127131041094
2057-02-01 06:00:00,0.0,269.8616596356412
2057-02-01 07:00:00,0.0,294.92621006619606
2057-02-01 08:00:00,0.0,298.26815012360345
2057-02-01 09:00:00,0.0,285.735874908326
2057-02-01 10:00:00,0.0,245.63259421943812
2057-02-01 11:00:00,0.0,179.62927808564353
2057-02-01 12:00:00,0.0,90.23238154999767
2057-02-01 13:00:00,0.0,8.772592650694218
2057-02-01 14:00:00,0.0,0.0
2057-02-01 15:00:00,0.0,0.0
2057-02-01 16:00:00,0.0,0.0
2057-02-01 17:00:00,0.0,0.0
2057-02-01 18:00:00,0.0,0.0
2057-02-01 19:00:00,0.0,0.0
2057-02-01 20:00:00,0.0,0.0
2057-02-01 21:00:00,0.0,0.0
2057-02-01 22:00:00,0.0,0.0
2057-02-01 23:00:00,0.0,0.0
2057-02-02 00:00:00,0.0,0.0
2057-02-02 01:00:00,0.0,0.0
2057-02-02 02:00:00,0.0,0.0
2057-02-02 03:00:00,0.0,71.85171123425741
2057-02-02 04:00:00,0.0,164.5905478273106
2057-02-02 05:00:00,0.0,236.442259061568
2057-02-02 06:00:00,0.0,286.1536174155019
2057-02-02 07:00:00,0.0,311.2181678460568
2057-02-02 08:00:00,0.0,313.72462288911225
2057-02-02 09:00:00,0.0,294.0907250518443
2057-02-02 10:00:00,0.0,252.31647433425277
2057-02-02 11:00:00,0.0,186.7309007076341
2057-02-02 12:00:00,0.0,96.91626166481231
2057-02-02 13:00:00,0.0,10.025820172221964
2057-02-02 14:00:00,0.0,0.0
2057-02-02 15:00:00,0.0,0.0
2057-02-02 16:00:00,0.0,0.0
2057-02-02 17:00:00,0.0,0.0
2057-02-02 18:00:00,0.0,0.0
2057-02-02 19:00:00,0.0,0.0
2057-02-02 20:00:00,0.0,0.0
2057-02-02 21:00:00,0.0,0.0
2057-02-02 22:00:00,0.0,0.0
2057-02-02 23:00:00,0.0,0.0
2057-02-03 00:00:00,0.0,0.0
2057-02-03 01:00:00,0.0,0.0
2057-02-03 02:00:00,0.0,0.0
2057-02-03 03:00:00,0.0,59.73717852615587
2057-02-03 04:00:00,0.0,159.9953802483755
2057-02-03 05:00:00,0.0,236.02451655439208
2057-02-03 06:00:00,0.0,281.5584498365668
2057-02-03 07:00:00,0.0,306.20525775994577
2057-02-03 08:00:00,0.0,308.7117128030013
2057-02-03 09:00:00,0.0,288.66007245855735
2057-02-03 10:00:00,0.0,243.12613917638262
2057-02-03 11:00:00,0.0,173.3631404780048
2057-02-03 12:00:00,0.0,82.7130164208312
2057-02-03 13:00:00,0.0,7.937107636342388
2057-02-03 14:00:00,0.0,0.0
2057-02-03 15:00:00,0.0,0.0
2057-02-03 16:00:00,0.0,0.0
2057-02-03 17:00:00,0.0,0.0
2057-02-03 18:00:00,0.0,0.0
2057-02-03 19:00:00,0.0,0.0
2057-02-03 20:00:00,0.0,0.0
2057-02-03 21:00:00,0.0,0.0
2057-02-03 22:00:00,0.0,0.0
2057-02-03 23:00:00,0.0,0.0
2057-02-04 00:00:00,0.0,0.0
2057-02-04 01:00:00,0.0,0.0
2057-02-04 02:00:00,0.0,0.0
2057-02-04 03:00:00,0.0,66.0033161337946
2057-02-04 04:00:00,0.0,163.33732030578284
2057-02-04 05:00:00,0.0,233.93580401851253
2057-02-04 06:00:00,0.0,280.722964822215
2057-02-04 07:00:00,0.0,304.5342877312422
2057-02-04 08:00:00,0.0,306.62300026712177
2057-02-04 09:00:00,0.0,286.1536174155019
2057-02-04 10:00:00,0.0,241.45516914767893
2057-02-04 11:00:00,0.0,175.03411050670846
2057-02-04 12:00:00,0.0,90.23238154999767
2057-02-04 13:00:00,0.0,9.190335157870132
2057-02-04 14:00:00,0.0,0.0
2057-02-04 15:00:00,0.0,0.0
2057-02-04 16:00:00,0.0,0.0
2057-02-04 17:00:00,0.0,0.0
2057-02-04 18:00:00,0.0,0.0
2057-02-04 19:00:00,0.0,0.0
2057-02-04 20:00:00,0.0,0.0
2057-02-04 21:00:00,0.0,0.0
2057-02-04 22:00:00,0.0,0.0
2057-02-04 23:00:00,0.0,0.0
2057-02-05 00:00:00,0.0,0.0
2057-02-05 01:00:00,0.0,0.0
2057-02-05 02:00:00,0.0,0.0
2057-02-05 03:00:00,0.0,69.34525619120193
2057-02-05 04:00:00,0.0,162.91957779860692
2057-02-05 05:00:00,0.0,234.35354652568844
2057-02-05 06:00:00,0.0,279.88747980786314
2057-02-05 07:00:00,0.0,302.4455751953626
2057-02-05 08:00:00,0.0,302.8633177025385
2057-02-05 09:00:00,0.0,280.3052223150391
2057-02-05 10:00:00,0.0,233.51806151133658
2057-02-05 11:00:00,0.0,168.76797289906975
2057-02-05 12:00:00,0.0,84.80172895671078
2057-02-05 13:00:00,0.0,7.937107636342388
2057-02-05 14:00:00,0.0,0.0
2057-02-05 15:00:00,0.0,0.0
2057-02-05 16:00:00,0.0,0.0
2057-02-05 17:00:00,0.0,0.0
2057-02-05 18:00:00,0.0,0.0
2057-02-05 19:00:00,0.0,0.0
2057-02-05 20:00:00,0.0,0.0
2057-02-05 21:00:00,0.0,0.0
2057-02-05 22:00:00,0.0,0.0
2057-02-05 23:00:00,0.0,0.0
2057-02-06 00:00:00,0.0,0.0
2057-02-06 01:00:00,0.0,0.0
2057-02-06 02:00:00,0.0,0.0
2057-02-06 03:00:00,0.0,31.330688038193635
2057-02-06 04:00:00,0.0,88.561411521294
2057-02-06 05:00:00,0.0,144.53890748286662
2057-02-06 06:00:00,0.0,181.30024811434717
2057-02-06 07:00:00,0.0,216.80836122429997
2057-02-06 08:00:00,0.0,235.18903154004025
2057-02-06 09:00:00,0.0,212.2131936453649
2057-02-06 10:00:00,0.0,159.15989523402368
2057-02-06 11:00:00,0.0,97.75174667916414
2057-02-06 12:00:00,0.0,39.68553818171194
2057-02-06 13:00:00,0.0,2.088712535879576
2057-02-06 14:00:00,0.0,0.0
2057-02-06 15:00:00,0.0,0.0
2057-02-06 16:00:00,0.0,0.0
2057-02-06 17:00:00,0.0,0.0
2057-02-06 18:00:00,0.0,0.0
2057-02-06 19:00:00,0.0,0.0
2057-02-06 20:00:00,0.0,0.0
2057-02-06 21:00:00,0.0,0.0
2057-02-06 22:00:00,0.0,0.0
2057-02-06 23:00:00,0.0,0.0
2057-02-07 00:00:00,0.0,0.0
2057-02-07 01:00:00,0.0,0.0
2057-02-07 02:00:00,0.0,0.0
2057-02-07 03:00:00,0.0,53.888783425693056
2057-02-07 04:00:00,0.0,149.96956007615356
2057-02-07 05:00:00,0.0,236.02451655439208
2057-02-07 06:00:00,0.0,284.48264738679825
2057-02-07 07:00:00,0.0,312.8891378747605
2057-02-07 08:00:00,0.0,320.4085030039269
2057-02-07 09:00:00,0.0,299.52137764513117
2057-02-07 10:00:00,0.0,260.2535819705951
2057-02-07 11:00:00,0.0,194.25026583680057
2057-02-07 12:00:00,0.0,102.76465676527513
2057-02-07 13:00:00,0.0,12.532275215277455
2057-02-07 14:00:00,0.0,0.0
2057-02-07 15:00:00,0.0,0.0
2057-02-07 16:00:00,0.0,0.0
2057-02-07 17:00:00,0.0,0.0
2057-02-07 18:00:00,0.0,0.0
2057-02-07 19:00:00,0.0,0.0
2057-02-07 20:00:00,0.0,0.0
2057-02-07 21:00:00,0.0,0.0
2057-02-07 22:00:00,0.0,0.0
2057-02-07 23:00:00,0.0,0.0
2057-02-08 00:00:00,0.0,0.0
2057-02-08 01:00:00,0.0,0.0
2057-02-08 02:00:00,0.0,0.0
2057-02-08 03:00:00,0.0,88.561411521294
2057-02-08 04:00:00,0.0,183.80670315740267
2057-02-08 05:00:00,0.0,254.82292937730827
2057-02-08 06:00:00,0.0,301.6100901810107
2057-02-08 07:00:00,0.0,325.42141309003796
2057-02-08 08:00:00,0.0,327.5101256259175
2057-02-08 09:00:00,0.0,309.1294553101772
2057-02-08 10:00:00,0.0,268.19068960693755
2057-02-08 11:00:00,0.0,203.02285848749477
2057-02-08 12:00:00,0.0,112.7904769374971
2057-02-08 13:00:00,0.0,16.709700287036608
2057-02-08 14:00:00,0.0,0.0
2057-02-08 15:00:00,0.0,0.0
2057-02-08 16:00:00,0.0,0.0
2057-02-08 17:00:00,0.0,0.0
2057-02-08 18:00:00,0.0,0.0
2057-02-08 19:00:00,0.0,0.0
2057-02-08 20:00:00,0.0,0.0
2057-02-08 21:00:00,0.0,0.0
2057-02-08 22:00:00,0.0,0.0
2057-02-08 23:00:00,0.0,0.0
2057-02-09 00:00:00,0.0,0.0
2057-02-09 01:00:00,0.0,0.0
2057-02-09 02:00:00,0.0,0.41774250717591516
2057-02-09 03:00:00,0.0,99.00497420069189
2057-02-09 04:00:00,0.0,191.74381079374504
2057-02-09 05:00:00,0.0,260.671324477771
2057-02-09 06:00:00,0.0,305.78751525276994
2057-02-09 07:00:00,0.0,328.76335314744523
2057-02-09 08:00:00,0.0,330.8520656833248
2057-02-09 09:00:00,0.0,311.6359103532327
2057-02-09 10:00:00,0.0,271.11488715716894
2057-02-09 11:00:00,0.0,206.36479854490207
2057-02-09 12:00:00,0.0,116.13241699490443
2057-02-09 13:00:00,0.0,17.962927808564352
2057-02-09 14:00:00,0.0,0.0
2057-02-09 15:00:00,0.0,0.0
2057-02-09 16:00:00,0.0,0.0
2057-02-09 17:00:00,0.0,0.0
2057-02-09 18:00:00,0.0,0.0
2057-02-09 19:00:00,0.0,0.0
2057-02-09 20:00:00,0.0,0.0
2057-02-09 21:00:00,0.0,0.0
2057-02-09 22:00:00,0.0,0.0
2057-02-09 23:00:00,0.0,0.0
2057-02-10 00:00:00,0.0,0.0
2057-02-10 01:00:00,0.0,0.0
2057-02-10 02:00:00,0.0,0.8354850143518303
2057-02-10 03:00:00,0.0,96.08077665046048
2057-02-10 04:00:00,0.0,188.40187073633774
2057-02-10 05:00:00,0.0,257.7471269275397
2057-02-10 06:00:00,0.0,294.0907250518443
2057-02-10 07:00:00,0.0,316.64882043934364
2057-02-10 08:00:00,0.0,320.82624551110285
2057-02-10 09:00:00,0.0,305.36977274559393
2057-02-10 10:00:00,0.0,262.34229450647473
2057-02-10 11:00:00,0.0,199.26317592291153
2057-02-10 12:00:00,0.0,110.70176440161751
2057-02-10 13:00:00,0.0,16.709700287036608
2057-02-10 14:00:00,0.0,0.0
2057-02-10 15:00:00,0.0,0.0
2057-02-10 16:00:00,0.0,0.0
2057-02-10 17:00:00,0.0,0.0
2057-02-10 18:00:00,0.0,0.0
2057-02-10 19:00:00,0.0,0.0
2057-02-10 20:00:00,0.0,0.0
2057-02-10 21:00:00,0.0,0.0
2057-02-10 22:00:00,0.0,0.0
2057-02-10 23:00:00,0.0,0.0
2057-02-11 00:00:00,0.0,0.0
2057-02-11 01:00:00,0.0,0.0
2057-02-11 02:00:00,0.0,0.0
2057-02-11 03:00:00,0.0,65.58557362661868
2057-02-11 04:00:00,0.0,138.69051238240385
2057-02-11 05:00:00,0.0,215.97287620994814
2057-02-11 06:00:00,0.0,279.0519947935113
2057-02-11 07:00:00,0.0,308.7117128030013
2057-02-11 08:00:00,0.0,312.47139536758453
2057-02-11 09:00:00,0.0,293.67298254466834
2057-02-11 10:00:00,0.0,252.73421684142866
2057-02-11 11:00:00,0.0,190.0728407650414
2057-02-11 12:00:00,0.0,104.01788428680287
2057-02-11 13:00:00,0.0,14.203245243981115
2057-02-11 14:00:00,0.0,0.0
2057-02-11 15:00:00,0.0,0.0
2057-02-11 16:00:00,0.0,0.0
2057-02-11 17:00:00,0.0,0.0
2057-02-11 18:00:00,0.0,0.0
2057-02-11 19:00:00,0.0,0.0
2057-02-11 20:00:00,0.0,0.0
2057-02-11 21:00:00,0.0,0.0
2057-02-11 22:00:00,0.0,0.0
2057-02-11 23:00:00,0.0,0.0
2057-02-12 00:00:00,0.0,0.0
2057-02-12 01:00:00,0.0,0.0
2057-02-12 02:00:00,0.0,0.0
2057-02-12 03:00:00,0.0,77.2823638275443
2057-02-12 04:00:00,0.0,166.26151785601425
2057-02-12 05:00:00,0.0,228.50515142522562
2057-02-12 06:00:00,0.0,270.69714464999305
2057-02-12 07:00:00,0.0,301.6100901810107
2057-02-12 08:00:00,0.0,305.78751525276994
2057-02-12 09:00:00,0.0,276.5455397504559
2057-02-12 10:00:00,0.0,232.68257649698475
2057-02-12 11:00:00,0.0,169.60345791342155
2057-02-12 12:00:00,0.0,78.95333385624795
2057-02-12 13:00:00,0.0,6.6838801148146425
2057-02-12 14:00:00,0.0,0.0
2057-02-12 15:00:00,0.0,0.0
2057-02-12 16:00:00,0.0,0.0
2057-02-12 17:00:00,0.0,0.0
2057-02-12 18:00:00,0.0,0.0
2057-02-12 19:00:00,0.0,0.0
2057-02-12 20:00:00,0.0,0.0
2057-02-12 21:00:00,0.0,0.0
2057-02-12 22:00:00,0.0,0.0
2057-02-12 23:00:00,0.0,0.0
2057-02-13 00:00:00,0.0,0.0
2057-02-13 01:00:00,0.0,0.0
2057-02-13 02:00:00,0.0,0.0
2057-02-13 03:00:00,0.0,59.31943601897995
2057-02-13 04:00:00,0.0,153.31150013356088
2057-02-13 05:00:00,0.0,229.34063643957742
2057-02-13 06:00:00,0.0,284.0649048796223
2057-02-13 07:00:00,0.0,307.45848528147354
2057-02-13 08:00:00,0.0,308.7117128030013
2057-02-13 09:00:00,0.0,290.74878499443696
2057-02-13 10:00:00,0.0,248.55679176966953
2057-02-13 11:00:00,0.0,182.13573312869903
2057-02-13 12:00:00,0.0,93.57432160740501
2057-02-13 13:00:00,0.0,11.279047693749709
2057-02-13 14:00:00,0.0,0.0
2057-02-13 15:00:00,0.0,0.0
2057-02-13 16:00:00,0.0,0.0
2057-02-13 17:00:00,0.0,0.0
2057-02-13 18:00:00,0.0,0.0
2057-02-13 19:00:00,0.0,0.0
2057-02-13 20:00:00,0.0,0.0
2057-02-13 21:00:00,0.0,0.0
2057-02-13 22:00:00,0.0,0.0
2057-02-13 23:00:00,0.0,0.0
2057-02-14 00:00:00,0.0,0.0
2057-02-14 01:00:00,0.0,0.0
2057-02-14 02:00:00,0.0,0.8354850143518303
2057-02-14 03:00:00,0.0,89.39689653564584
2057-02-14 04:00:00,0.0,185.89541569328225
2057-02-14 05:00:00,0.0,256.4938994060119
2057-02-14 06:00:00,0.0,299.1036351379552
2057-02-14 07:00:00,0.0,322.9149580469824
2057-02-14 08:00:00,0.0,325.00367058286196
2057-02-14 09:00:00,0.0,305.36977274559393
2057-02-14 10:00:00,0.0,263.17777952082656
2057-02-14 11:00:00,0.0,197.17446338703198
2057-02-14 12:00:00,0.0,106.52433932985836
2057-02-14 13:00:00,0.0,15.456472765508863
2057-02-14 14:00:00,0.0,0.0
2057-02-14 15:00:00,0.0,0.0
2057-02-14 16:00:00,0.0,0.0
2057-02-14 17:00:00,0.0,0.0
2057-02-14 18:00:00,0.0,0.0
2057-02-14 19:00:00,0.0,0.0
2057-02-14 20:00:00,0.0,0.0
2057-02-14 21:00:00,0.0,0.0
2057-02-14 22:00:00,0.0,0.0
2057-02-14 23:00:00,0.0,0.0
2057-02-15 00:00:00,0.0,0.0
2057-02-15 01:00:00,0.0,0.0
2057-02-15 02:00:00,0.0,0.8354850143518303
2057-02-15 03:00:00,0.0,86.47269898541443
2057-02-15 04:00:00,0.0,180.46476309999534
2057-02-15 05:00:00,0.0,251.48098931990094
2057-02-15 06:00:00,0.0,297.8504076164275
2057-02-15 07:00:00,0.0,321.24398801827874
2057-02-15 08:00:00,0.0,323.3327005541584
2057-02-15 09:00:00,0.0,304.5342877312422
2057-02-15 10:00:00,0.0,264.0132645351784
2057-02-15 11:00:00,0.0,200.09866093726336
2057-02-15 12:00:00,0.0,111.95499192314526
2057-02-15 13:00:00,0.0,17.962927808564352
2057-02-15 14:00:00,0.0,0.0
2057-02-15 15:00:00,0.0,0.0
2057-02-15 16:00:00,0.0,0.0
2057-02-15 17:00:00,0.0,0.0
2057-02-15 18:00:00,0.0,0.0
2057-02-15 19:00:00,0.0,0.0
2057-02-15 20:00:00,0.0,0.0
2057-02-15 21:00:00,0.0,0.0
2057-02-15 22:00:00,0.0,0.0
2057-02-15 23:00:00,0.0,0.0
2057-02-16 00:00:00,0.0,0.0
2057-02-16 01:00:00,0.0,0.0
2057-02-16 02:00:00,0.0,1.6709700287036606
2057-02-16 03:00:00,0.0,95.66303414328456
2057-02-16 04:00:00,0.0,188.40187073633774
2057-02-16 05:00:00,0.0,258.16486943471557
2057-02-16 06:00:00,0.0,302.4455751953626
2057-02-16 07:00:00,0.0,325.42141309003796
2057-02-16 08:00:00,0.0,327.09238311874157
2057-02-16 09:00:00,0.0,308.2939702958254
2057-02-16 10:00:00,0.0,268.19068960693755
2057-02-16 11:00:00,0.0,205.11157102337435
2057-02-16 12:00:00,0.0,116.96790200925624
2057-02-16 13:00:00,0.0,20.469382851619844
2057-02-16 14:00:00,0.0,0.0
2057-02-16 15:00:00,0.0,0.0
2057-02-16 16:00:00,0.0,0.0
2057-02-16 17:00:00,0.0,0.0
2057-02-16 18:00:00,0.0,0.0
2057-02-16 19:00:00,0.0,0.0
2057-02-16 20:00:00,0.0,0.0
2057-02-16 21:00:00,0.0,0.0
2057-02-16 22:00:00,0.0,0.0
2057-02-16 23:00:00,0.0,0.0
2057-02-17 00:00:00,0.0,0.0
2057-02-17 01:00:00,0.0,0.0
2057-02-17 02:00:00,0.0,1.2532275215277455
2057-02-17 03:00:00,0.0,86.89044149259036
2057-02-17 04:00:00,0.0,187.56638572198588
2057-02-17 05:00:00,0.0,256.91164191318785
2057-02-17 06:00:00,0.0,301.19234767383483
2057-02-17 07:00:00,0.0,322.9149580469824
2057-02-17 08:00:00,0.0,324.1681855685102
2057-02-17 09:00:00,0.0,304.1165452240662
2057-02-17 10:00:00,0.0,264.0132645351784
2057-02-17 11:00:00,0.0,200.51640344443928
2057-02-17 12:00:00,0.0,112.37273443032117
2057-02-17 13:00:00,0.0,18.798412822916184
2057-02-17 14:00:00,0.0,0.0
2057-02-17 15:00:00,0.0,0.0
2057-02-17 16:00:00,0.0,0.0
2057-02-17 17:00:00,0.0,0.0
2057-02-17 18:00:00,0.0,0.0
2057-02-17 19:00:00,0.0,0.0
2057-02-17 20:00:00,0.0,0.0
2057-02-17 21:00:00,0.0,0.0
2057-02-17 22:00:00,0.0,0.0
2057-02-17 23:00:00,0.0,0.0
2057-02-18 00:00:00,0.0,0.0
2057-02-18 01:00:00,0.0,0.0
2057-02-18 02:00:00,0.0,0.41774250717591516
2057-02-18 03:00:00,0.0,64.33234610509093
2057-02-18 04:00:00,0.0,149.96956007615356
2057-02-18 05:00:00,0.0,238.11322909027166
2057-02-18 06:00:00,0.0,290.74878499443696
2057-02-18 07:00:00,0.0,313.30688038193637
2057-02-18 08:00:00,0.0,314.5601079034641
2057-02-18 09:00:00,0.0,294.5084675590202
2057-02-18 10:00:00,0.0,252.31647433425277
2057-02-18 11:00:00,0.0,186.31315820045816
2057-02-18 12:00:00,0.0,97.75174667916414
2057-02-18 13:00:00,0.0,13.367760229629285
2057-02-18 14:00:00,0.0,0.0
2057-02-18 15:00:00,0.0,0.0
2057-02-18 16:00:00,0.0,0.0
2057-02-18 17:00:00,0.0,0.0
2057-02-18 18:00:00,0.0,0.0
2057-02-18 19:00:00,0.0,0.0
2057-02-18 20:00:00,0.0,0.0
2057-02-18 21:00:00,0.0,0.0
2057-02-18 22:00:00,0.0,0.0
2057-02-18 23:00:00,0.0,0.0
2057-02-19 00:00:00,0.0,0.0
2057-02-19 01:00:00,0.0,0.0
2057-02-19 02:00:00,0.0,0.41774250717591516
2057-02-19 03:00:00,0.0,70.18074120555374
2057-02-19 04:00:00,0.0,162.50183529143098
2057-02-19 05:00:00,0.0,233.10031900416067
2057-02-19 06:00:00,0.0,283.22941986527053
2057-02-19 07:00:00,0.0,306.62300026712177
2057-02-19 08:00:00,0.0,309.1294553101772
2057-02-19 09:00:00,0.0,292.4197550231406
2057-02-19 10:00:00,0.0,251.89873182707686
2057-02-19 11:00:00,0.0,187.98412822916183
2057-02-19 12:00:00,0.0,100.25820172221964
2057-02-19 13:00:00,0.0,13.7855027368052
2057-02-19 14:00:00,0.0,0.0
2057-02-19 15:00:00,0.0,0.0
2057-02-19 16:00:00,0.0,0.0
2057-02-19 17:00:00,0.0,0.0
2057-02-19 18:00:00,0.0,0.0
2057-02-19 19:00:00,0.0,0.0
2057-02-19 20:00:00,0.0,0.0
2057-02-19 21:00:00,0.0,0.0
2057-02-19 22:00:00,0.0,0.0
2057-02-19 23:00:00,0.0,0.0
2057-02-20 00:00:00,0.0,0.0
2057-02-20 01:00:00,0.0,0.0
2057-02-20 02:00:00,0.0,0.41774250717591516
2057-02-20 03:00:00,0.0,66.83880114814643
2057-02-20 04:00:00,0.0,156.65344019096818
2057-02-20 05:00:00,0.0,228.0874089180497
2057-02-20 06:00:00,0.0,275.710054736104
2057-02-20 07:00:00,0.0,297.8504076164275
2057-02-20 08:00:00,0.0,297.8504076164275
2057-02-20 09:00:00,0.0,275.29231222892815
2057-02-20 10:00:00,0.0,230.17612145392926
2057-02-20 11:00:00,0.0,162.0840927842551
2057-02-20 12:00:00,0.0,78.11784884189613
2057-02-20 13:00:00,0.0,9.608077665046048
2057-02-20 14:00:00,0.0,0.0
2057-02-20 15:00:00,0.0,0.0
2057-02-20 16:00:00,0.0,0.0
2057-02-20 17:00:00,0.0,0.0
2057-02-20 18:00:00,0.0,0.0
2057-02-20 19:00:00,0.0,0.0
2057-02-20 20:00:00,0.0,0.0
2057-02-20 21:00:00,0.0,0.0
2057-02-20 22:00:00,0.0,0.0
2057-02-20 23:00:00,0.0,0.0
2057-02-21 00:00:00,0.0,0.0
2057-02-21 01:00:00,0.0,0.0
2057-02-21 02:00:00,0.0,0.8354850143518303
2057-02-21 03:00:00,0.0,73.52268126296106
2057-02-21 04:00:00,0.0,168.35023039189383
2057-02-21 05:00:00,0.0,241.45516914767893
2057-02-21 06:00:00,0.0,283.6471623724464
2057-02-21 07:00:00,0.0,307.8762277886495
2057-02-21 08:00:00,0.0,309.96494032452904
2057-02-21 09:00:00,0.0,291.1665275016128
2057-02-21 10:00:00,0.0,249.39227678402136
2057-02-21 11:00:00,0.0,183.38896065022675
2057-02-21 12:00:00,0.0,95.66303414328456
2057-02-21 13:00:00,0.0,13.7855027368052
2057-02-21 14:00:00,0.0,0.0
2057-02-21 15:00:00,0.0,0.0
2057-02-21 16:00:00,0.0,0.0
2057-02-21 17:00:00,0.0,0.0
2057-02-21 18:00:00,0.0,0.0
2057-02-21 19:00:00,0.0,0.0
2057-02-21 20:00:00,0.0,0.0
2057-02-21 21:00:00,0.0,0.0
2057-02-21 22:00:00,0.0,0.0
2057-02-21 23:00:00,0.0,0.0
2057-02-22 00:00:00,0.0,0.0
2057-02-22 01:00:00,0.0,0.0
2057-02-22 02:00:00,0.0,1.2532275215277455
2057-02-22 03:00:00,0.0,77.70010633472022
2057-02-22 04:00:00,0.0,170.43894292777338
2057-02-22 05:00:00,0.0,240.61968413332713
2057-02-22 06:00:00,0.0,285.735874908326
2057-02-22 07:00:00,0.0,288.24232995138146
2057-02-22 08:00:00,0.0,296.5971800948998
2057-02-22 09:00:00,0.0,293.2552400374924
2057-02-22 10:00:00,0.0,246.05033672661403
2057-02-22 11:00:00,0.0,183.38896065022675
2057-02-22 12:00:00,0.0,99.84045921504372
2057-02-22 13:00:00,0.0,15.038730258332945
2057-02-22 14:00:00,0.0,0.0
2057-02-22 15:00:00,0.0,0.0
2057-02-22 16:00:00,0.0,0.0
2057-02-22 17:00:00,0.0,0.0
2057-02-22 18:00:00,0.0,0.0
2057-02-22 19:00:00,0.0,0.0
2057-02-22 20:00:00,0.0,0.0
2057-02-22 21:00:00,0.0,0.0
2057-02-22 22:00:00,0.0,0.0
2057-02-22 23:00:00,0.0,0.0
2057-02-23 00:00:00,0.0,0.0
2057-02-23 01:00:00,0.0,0.0
2057-02-23 02:00:00,0.0,0.41774250717591516
2057-02-23 03:00:00,0.0,59.31943601897995
2057-02-23 04:00:00,0.0,154.1469851479127
2057-02-23 05:00:00,0.0,239.36645661179938
2057-02-23 06:00:00,0.0,294.0907250518443
2057-02-23 07:00:00,0.0,318.31979046804736
2057-02-23 08:00:00,0.0,320.82624551110285
2057-02-23 09:00:00,0.0,301.6100901810107
2057-02-23 10:00:00,0.0,256.4938994060119
2057-02-23 11:00:00,0.0,187.14864321481002
2057-02-23 12:00:00,0.0,86.47269898541443
2057-02-23 13:00:00,0.0,11.696790200925625
2057-02-23 14:00:00,0.0,0.0
2057-02-23 15:00:00,0.0,0.0
2057-02-23 16:00:00,0.0,0.0
2057-02-23 17:00:00,0.0,0.0
2057-02-23 18:00:00,0.0,0.0
2057-02-23 19:00:00,0.0,0.0
2057-02-23 20:00:00,0.0,0.0
2057-02-23 21:00:00,0.0,0.0
2057-02-23 22:00:00,0.0,0.0
2057-02-23 23:00:00,0.0,0.0
2057-02-24 00:00:00,0.0,0.0
2057-02-24 01:00:00,0.0,0.0
2057-02-24 02:00:00,0.0,1.6709700287036606
2057-02-24 03:00:00,0.0,79.7888188705998
2057-02-24 04:00:00,0.0,175.03411050670846
2057-02-24 05:00:00,0.0,248.1390492624936
2057-02-24 06:00:00,0.0,294.5084675590202
2057-02-24 07:00:00,0.0,317.4843054536955
2057-02-24 08:00:00,0.0,319.5730179895751
2057-02-24 09:00:00,0.0,300.77460516665894
2057-02-24 10:00:00,0.0,260.671324477771
2057-02-24 11:00:00,0.0,197.17446338703198
2057-02-24 12:00:00,0.0,110.2840218944416
2057-02-24 13:00:00,0.0,19.216155330092096
2057-02-24 14:00:00,0.0,0.0
2057-02-24 15:00:00,0.0,0.0
2057-02-24 16:00:00,0.0,0.0
2057-02-24 17:00:00,0.0,0.0
2057-02-24 18:00:00,0.0,0.0
2057-02-24 19:00:00,0.0,0.0
2057-02-24 20:00:00,0.0,0.0
2057-02-24 21:00:00,0.0,0.0
2057-02-24 22:00:00,0.0,0.0
2057-02-24 23:00:00,0.0,0.0
2057-02-25 00:00:00,0.0,0.0
2057-02-25 01:00:00,0.0,0.0
2057-02-25 02:00:00,0.0,2.506455043055491
2057-02-25 03:00:00,0.0,85.21947146388669
2057-02-25 04:00:00,0.0,176.7050805354121
2057-02-25 05:00:00,0.0,246.05033672661403
2057-02-25 06:00:00,0.0,291.5842700087888
2057-02-25 07:00:00,0.0,312.8891378747605
2057-02-25 08:00:00,0.0,314.5601079034641
2057-02-25 09:00:00,0.0,293.67298254466834
2057-02-25 10:00:00,0.0,245.63259421943812
2057-02-25 11:00:00,0.0,166.67926036319017
2057-02-25 12:00:00,0.0,99.84045921504372
2057-02-25 13:00:00,0.0,19.216155330092096
2057-02-25 14:00:00,0.0,0.0
2057-02-25 15:00:00,0.0,0.0
2057-02-25 16:00:00,0.0,0.0
2057-02-25 17:00:00,0.0,0.0
2057-02-25 18:00:00,0.0,0.0
2057-02-25 19:00:00,0.0,0.0
2057-02-25 20:00:00,0.0,0.0
2057-02-25 21:00:00,0.0,0.0
2057-02-25 22:00:00,0.0,0.0
2057-02-25 23:00:00,0.0,0.0
2057-02-26 00:00:00,0.0,0.0
2057-02-26 01:00:00,0.0,0.0
2057-02-26 02:00:00,0.0,1.2532275215277455
2057-02-26 03:00:00,0.0,67.25654365532235
2057-02-26 04:00:00,0.0,161.6663502770792
2057-02-26 05:00:00,0.0,237.69548658309571
2057-02-26 06:00:00,0.0,287.40684493702963
2057-02-26 07:00:00,0.0,312.8891378747605
2057-02-26 08:00:00,0.0,315.8133354249918
2057-02-26 09:00:00,0.0,291.5842700087888
2057-02-26 10:00:00,0.0,249.39227678402136
2057-02-26 11:00:00,0.0,186.31315820045816
2057-02-26 12:00:00,0.0,102.34691425809922
2057-02-26 13:00:00,0.0,17.962927808564352
2057-02-26 14:00:00,0.0,0.0
2057-02-26 15:00:00,0.0,0.0
2057-02-26 16:00:00,0.0,0.0
2057-02-26 17:00:00,0.0,0.0
2057-02-26 18:00:00,0.0,0.0
2057-02-26 19:00:00,0.0,0.0
2057-02-26 20:00:00,0.0,0.0
2057-02-26 21:00:00,0.0,0.0
2057-02-26 22:00:00,0.0,0.0
2057-02-26 23:00:00,0.0,0.0
2057-02-27 00:00:00,0.0,0.0
2057-02-27 01:00:00,0.0,0.0
2057-02-27 02:00:00,0.0,2.9241975502314066
2057-02-27 03:00:00,0.0,87.72592650694219
2057-02-27 04:00:00,0.0,183.38896065022675
2057-02-27 05:00:00,0.0,254.40518687013235
2057-02-27 06:00:00,0.0,299.1036351379552
2057-02-27 07:00:00,0.0,319.990760496751
2057-02-27 08:00:00,0.0,319.1552754823992
2057-02-27 09:00:00,0.0,297.8504076164275
2057-02-27 10:00:00,0.0,254.40518687013235
2057-02-27 11:00:00,0.0,188.40187073633774
2057-02-27 12:00:00,0.0,101.92917175092329
2057-02-27 13:00:00,0.0,17.545185301388436
2057-02-27 14:00:00,0.0,0.0
2057-02-27 15:00:00,0.0,0.0
2057-02-27 16:00:00,0.0,0.0
2057-02-27 17:00:00,0.0,0.0
2057-02-27 18:00:00,0.0,0.0
2057-02-27 19:00:00,0.0,0.0
2057-02-27 20:00:00,0.0,0.0
2057-02-27 21:00:00,0.0,0.0
2057-02-27 22:00:00,0.0,0.0
2057-02-27 23:00:00,0.0,0.0
2057-02-28 00:00:00,0.0,0.0
2057-02-28 01:00:00,0.0,0.0
2057-02-28 02:00:00,0.0,2.9241975502314066
2057-02-28 03:00:00,0.0,81.04204639212755
2057-02-28 04:00:00,0.0,172.52765546365293
2057-02-28 05:00:00,0.0,243.12613917638262
2057-02-28 06:00:00,0.0,287.8245874442056
2057-02-28 07:00:00,0.0,311.2181678460568
2057-02-28 08:00:00,0.0,313.30688038193637
2057-02-28 09:00:00,0.0,293.67298254466834
2057-02-28 10:00:00,0.0,252.31647433425277
2057-02-28 11:00:00,0.0,187.56638572198588
2057-02-28 12:00:00,0.0,101.51142924374739
2057-02-28 13:00:00,0.0,17.127442794212524
2057-02-28 14:00:00,0.0,0.0
2057-02-28 15:00:00,0.0,0.0
2057-02-28 16:00:00,0.0,0.0
2057-02-28 17:00:00,0.0,0.0
2057-02-28 18:00:00,0.0,0.0
2057-02-28 19:00:00,0.0,0.0
2057-02-28 20:00:00,0.0,0.0
2057-02-28 21:00:00,0.0,0.0
2057-02-28 22:00:00,0.0,0.0
2057-02-28 23:00:00,0.0,0.0
2057-03-01 00:00:00,0.0,0.0
2057-03-01 01:00:00,0.0,0.0
2057-03-01 02:00:00,0.0,2.9241975502314066
2057-03-01 03:00:00,0.0,80.62430388495163
2057-03-01 04:00:00,0.0,170.8566854349493
2057-03-01 05:00:00,0.0,241.03742664050304
2057-03-01 06:00:00,0.0,286.57135992267786
2057-03-01 07:00:00,0.0,309.54719781735315
2057-03-01 08:00:00,0.0,311.2181678460568
2057-03-01 09:00:00,0.0,289.9132999800851
2057-03-01 10:00:00,0.0,248.55679176966953
2057-03-01 11:00:00,0.0,183.38896065022675
2057-03-01 12:00:00,0.0,96.91626166481231
2057-03-01 13:00:00,0.0,15.038730258332945
2057-03-01 14:00:00,0.0,0.0
2057-03-01 15:00:00,0.0,0.0
2057-03-01 16:00:00,0.0,0.0
2057-03-01 17:00:00,0.0,0.0
2057-03-01 18:00:00,0.0,0.0
2057-03-01 19:00:00,0.0,0.0
2057-03-01 20:00:00,0.0,0.0
2057-03-01 21:00:00,0.0,0.0
2057-03-01 22:00:00,0.0,0.0
2057-03-01 23:00:00,0.0,0.0
2057-03-02 00:00:00,0.0,0.0
2057-03-02 01:00:00,0.0,0.0
2057-03-02 02:00:00,0.0,0.8354850143518303
2057-03-02 03:00:00,0.0,49.293615846757994
2057-03-02 04:00:00,0.0,127.41146468865414
2057-03-02 05:00:00,0.0,198.00994840138378
2057-03-02 06:00:00,0.0,247.72130675531767
2057-03-02 07:00:00,0.0,271.9503721715208
2057-03-02 08:00:00,0.0,274.87456972175215
2057-03-02 09:00:00,0.0,250.64550430554908
2057-03-02 10:00:00,0.0,203.4406009946707
2057-03-02 11:00:00,0.0,137.43728486087608
2057-03-02 12:00:00,0.0,65.58557362661868
2057-03-02 13:00:00,0.0,9.190335157870132
2057-03-02 14:00:00,0.0,0.0
2057-03-02 15:00:00,0.0,0.0
2057-03-02 16:00:00,0.0,0.0
2057-03-02 17:00:00,0.0,0.0
2057-03-02 18:00:00,0.0,0.0
2057-03-02 19:00:00,0.0,0.0
2057-03-02 20:00:00,0.0,0.0
2057-03-02 21:00:00,0.0,0.0
2057-03-02 22:00:00,0.0,0.0
2057-03-02 23:00:00,0.0,0.0
2057-03-03 00:00:00,0.0,0.0
2057-03-03 01:00:00,0.0,0.0
2057-03-03 02:00:00,0.0,2.9241975502314066
2057-03-03 03:00:00,0.0,75.61139379884064
2057-03-03 04:00:00,0.0,168.76797289906975
2057-03-03 05:00:00,0.0,242.7083966692067
2057-03-03 06:00:00,0.0,293.67298254466834
2057-03-03 07:00:00,0.0,315.8133354249918
2057-03-03 08:00:00,0.0,315.8133354249918
2057-03-03 09:00:00,0.0,301.6100901810107
2057-03-03 10:00:00,0.0,258.58261194189146
2057-03-03 11:00:00,0.0,192.16155330092096
2057-03-03 12:00:00,0.0,104.01788428680287
2057-03-03 13:00:00,0.0,17.962927808564352
2057-03-03 14:00:00,0.0,0.0
2057-03-03 15:00:00,0.0,0.0
2057-03-03 16:00:00,0.0,0.0
2057-03-03 17:00:00,0.0,0.0
2057-03-03 18:00:00,0.0,0.0
2057-03-03 19:00:00,0.0,0.0
2057-03-03 20:00:00,0.0,0.0
2057-03-03 21:00:00,0.0,0.0
2057-03-03 22:00:00,0.0,0.0
2057-03-03 23:00:00,0.0,0.0
2057-03-04 00:00:00,0.0,0.0
2057-03-04 01:00:00,0.0,0.0
2057-03-04 02:00:00,0.0,2.506455043055491
2057-03-04 03:00:00,0.0,71.4339687270815
2057-03-04 04:00:00,0.0,163.75506281295876
2057-03-04 05:00:00,0.0,238.11322909027166
2057-03-04 06:00:00,0.0,268.60843211411344
2057-03-04 07:00:00,0.0,292.00201251596474
2057-03-04 08:00:00,0.0,292.8374975303165
2057-03-04 09:00:00,0.0,273.20359969304855
2057-03-04 10:00:00,0.0,230.17612145392926
2057-03-04 11:00:00,0.0,165.8437753488383
2057-03-04 12:00:00,0.0,86.05495647823852
2057-03-04 13:00:00,0.0,14.203245243981115
2057-03-04 14:00:00,0.0,0.0
2057-03-04 15:00:00,0.0,0.0
2057-03-04 16:00:00,0.0,0.0
2057-03-04 17:00:00,0.0,0.0
2057-03-04 18:00:00,0.0,0.0
2057-03-04 19:00:00,0.0,0.0
2057-03-04 20:00:00,0.0,0.0
2057-03-04 21:00:00,0.0,0.0
2057-03-04 22:00:00,0.0,0.0
2057-03-04 23:00:00,0.0,0.0
2057-03-05 00:00:00,0.0,0.0
2057-03-05 01:00:00,0.0,0.0
2057-03-05 02:00:00,0.0,3.3419400574073213
2057-03-05 03:00:00,0.0,81.87753140647938
2057-03-05 04:00:00,0.0,175.8695955210603
2057-03-05 05:00:00,0.0,247.72130675531767
2057-03-05 06:00:00,0.0,294.0907250518443
2057-03-05 07:00:00,0.0,317.06656294651964
2057-03-05 08:00:00,0.0,318.31979046804736
2057-03-05 09:00:00,0.0,299.9391201523071
2057-03-05 10:00:00,0.0,257.32938442036374
2057-03-05 11:00:00,0.0,190.90832577939324
2057-03-05 12:00:00,0.0,103.18239927245104
2057-03-05 13:00:00,0.0,18.380670315740264
2057-03-05 14:00:00,0.0,0.0
2057-03-05 15:00:00,0.0,0.0
2057-03-05 16:00:00,0.0,0.0
2057-03-05 17:00:00,0.0,0.0
2057-03-05 18:00:00,0.0,0.0
2057-03-05 19:00:00,0.0,0.0
2057-03-05 20:00:00,0.0,0.0
2057-03-05 21:00:00,0.0,0.0
2057-03-05 22:00:00,0.0,0.0
2057-03-05 23:00:00,0.0,0.0
2057-03-06 00:00:00,0.0,0.0
2057-03-06 01:00:00,0.0,0.0
2057-03-06 02:00:00,0.0,4.177425071759152
2057-03-06 03:00:00,0.0,83.96624394235896
2057-03-06 04:00:00,0.0,175.8695955210603
2057-03-06 05:00:00,0.0,245.21485171226223
2057-03-06 06:00:00,0.0,294.92621006619606
2057-03-06 07:00:00,0.0,317.4843054536955
2057-03-06 08:00:00,0.0,318.7375329752233
2057-03-06 09:00:00,0.0,298.68589263077934
2057-03-06 10:00:00,0.0,256.4938994060119
2057-03-06 11:00:00,0.0,191.32606828656913
2057-03-06 12:00:00,0.0,105.27111180833062
2057-03-06 13:00:00,0.0,19.633897837268012
2057-03-06 14:00:00,0.0,0.0
2057-03-06 15:00:00,0.0,0.0
2057-03-06 16:00:00,0.0,0.0
2057-03-06 17:00:00,0.0,0.0
2057-03-06 18:00:00,0.0,0.0
2057-03-06 19:00:00,0.0,0.0
2057-03-06 20:00:00,0.0,0.0
2057-03-06 21:00:00,0.0,0.0
2057-03-06 22:00:00,0.0,0.0
2057-03-06 23:00:00,0.0,0.0
2057-03-07 00:00:00,0.0,0.0
2057-03-07 01:00:00,0.0,0.0
2057-03-07 02:00:00,0.0,3.3419400574073213
2057-03-07 03:00:00,0.0,71.85171123425741
2057-03-07 04:00:00,0.0,159.5776377411996
2057-03-07 05:00:00,0.0,229.34063643957742
2057-03-07 06:00:00,0.0,273.62134220022443
2057-03-07 07:00:00,0.0,284.48264738679825
2057-03-07 08:00:00,0.0,277.7987672719836
2057-03-07 09:00:00,0.0,252.31647433425277
2057-03-07 10:00:00,0.0,192.16155330092096
2057-03-07 11:00:00,0.0,110.70176440161751
2057-03-07 12:00:00,0.0,43.862963253471094
2057-03-07 13:00:00,0.0,6.6838801148146425
2057-03-07 14:00:00,0.0,0.0
2057-03-07 15:00:00,0.0,0.0
2057-03-07 16:00:00,0.0,0.0
2057-03-07 17:00:00,0.0,0.0
2057-03-07 18:00:00,0.0,0.0
2057-03-07 19:00:00,0.0,0.0
2057-03-07 20:00:00,0.0,0.0
2057-03-07 21:00:00,0.0,0.0
2057-03-07 22:00:00,0.0,0.0
2057-03-07 23:00:00,0.0,0.0
2057-03-08 00:00:00,0.0,0.0
2057-03-08 01:00:00,0.0,0.0
2057-03-08 02:00:00,0.0,3.7596825645832364
2057-03-08 03:00:00,0.0,73.52268126296106
2057-03-08 04:00:00,0.0,155.81795517661635
2057-03-08 05:00:00,0.0,206.36479854490207
2057-03-08 06:00:00,0.0,224.74546886064235
2057-03-08 07:00:00,0.0,246.46807923378995
2057-03-08 08:00:00,0.0,241.87291165485485
2057-03-08 09:00:00,0.0,208.45351108078165
2057-03-08 10:00:00,0.0,175.45185301388437
2057-03-08 11:00:00,0.0,126.9937221814782
2057-03-08 12:00:00,0.0,58.90169351180403
2057-03-08 13:00:00,0.0,9.190335157870132
2057-03-08 14:00:00,0.0,0.0
2057-03-08 15:00:00,0.0,0.0
2057-03-08 16:00:00,0.0,0.0
2057-03-08 17:00:00,0.0,0.0
2057-03-08 18:00:00,0.0,0.0
2057-03-08 19:00:00,0.0,0.0
2057-03-08 20:00:00,0.0,0.0
2057-03-08 21:00:00,0.0,0.0
2057-03-08 22:00:00,0.0,0.0
2057-03-08 23:00:00,0.0,0.0
2057-03-09 00:00:00,0.0,0.0
2057-03-09 01:00:00,0.0,0.0
2057-03-09 02:00:00,0.0,2.9241975502314066
2057-03-09 03:00:00,0.0,55.1420109472208
2057-03-09 04:00:00,0.0,116.55015950208033
2057-03-09 05:00:00,0.0,182.55347563587495
2057-03-09 06:00:00,0.0,241.03742664050304
2057-03-09 07:00:00,0.0,256.4938994060119
2057-03-09 08:00:00,0.0,236.02451655439208
2057-03-09 09:00:00,0.0,213.46642116689267
2057-03-09 10:00:00,0.0,171.27442794212521
2057-03-09 11:00:00,0.0,120.72758457383947
2057-03-09 12:00:00,0.0,64.75008861226685
2057-03-09 13:00:00,0.0,12.532275215277455
2057-03-09 14:00:00,0.0,0.0
2057-03-09 15:00:00,0.0,0.0
2057-03-09 16:00:00,0.0,0.0
2057-03-09 17:00:00,0.0,0.0
2057-03-09 18:00:00,0.0,0.0
2057-03-09 19:00:00,0.0,0.0
2057-03-09 20:00:00,0.0,0.0
2057-03-09 21:00:00,0.0,0.0
2057-03-09 22:00:00,0.0,0.0
2057-03-09 23:00:00,0.0,0.0
2057-03-10 00:00:00,0.0,0.0
2057-03-10 01:00:00,0.0,0.0
2057-03-10 02:00:00,0.0,5.848395100462813
2057-03-10 03:00:00,0.0,89.39689653564584
2057-03-10 04:00:00,0.0,182.13573312869903
2057-03-10 05:00:00,0.0,253.5697018557805
2057-03-10 06:00:00,0.0,300.77460516665894
2057-03-10 07:00:00,0.0,323.75044306133424
2057-03-10 08:00:00,0.0,325.42141309003796
2057-03-10 09:00:00,0.0,307.04074277429766
2057-03-10 10:00:00,0.0,266.101977071058
2057-03-10 11:00:00,0.0,202.18737347314294
2057-03-10 12:00:00,0.0,115.71467448772849
2057-03-10 13:00:00,0.0,25.06455043055491
2057-03-10 14:00:00,0.0,0.0
2057-03-10 15:00:00,0.0,0.0
2057-03-10 16:00:00,0.0,0.0
2057-03-10 17:00:00,0.0,0.0
2057-03-10 18:00:00,0.0,0.0
2057-03-10 19:00:00,0.0,0.0
2057-03-10 20:00:00,0.0,0.0
2057-03-10 21:00:00,0.0,0.0
2057-03-10 22:00:00,0.0,0.0
2057-03-10 23:00:00,0.0,0.0
2057-03-11 00:00:00,0.0,0.0
2057-03-11 01:00:00,0.0,0.0
2057-03-11 02:00:00,0.0,7.519365129166473
2057-03-11 03:00:00,0.0,101.92917175092329
2057-03-11 04:00:00,0.0,196.75672087985603
2057-03-11 05:00:00,0.0,266.51971957823383
2057-03-11 06:00:00,0.0,314.9778504106401
2057-03-11 07:00:00,0.0,337.9536883053154
2057-03-11 08:00:00,0.0,339.2069158268431
2057-03-11 09:00:00,0.0,320.82624551110285
2057-03-11 10:00:00,0.0,280.3052223150391
2057-03-11 11:00:00,0.0,213.88416367406856
2057-03-11 12:00:00,0.0,118.6388720379599
2057-03-11 13:00:00,0.0,22.975837894675333
2057-03-11 14:00:00,0.0,0.0
2057-03-11 15:00:00,0.0,0.0
2057-03-11 16:00:00,0.0,0.0
2057-03-11 17:00:00,0.0,0.0
2057-03-11 18:00:00,0.0,0.0
2057-03-11 19:00:00,0.0,0.0
2057-03-11 20:00:00,0.0,0.0
2057-03-11 21:00:00,0.0,0.0
2057-03-11 22:00:00,0.0,0.0
2057-03-11 23:00:00,0.0,0.0
2057-03-12 00:00:00,0.0,0.0
2057-03-12 01:00:00,0.0,0.0
2057-03-12 02:00:00,0.0,2.506455043055491
2057-03-12 03:00:00,0.0,40.93876570323969
2057-03-12 04:00:00,0.0,92.32109408587725
2057-03-12 05:00:00,0.0,135.7663148321724
2057-03-12 06:00:00,0.0,164.5905478273106
2057-03-12 07:00:00,0.0,167.514745377542
2057-03-12 08:00:00,0.0,175.03411050670846
2057-03-12 09:00:00,0.0,166.67926036319017
2057-03-12 10:00:00,0.0,139.94373990393157
2057-03-12 11:00:00,0.0,105.68885431550653
2057-03-12 12:00:00,0.0,64.75008861226685
2057-03-12 13:00:00,0.0,17.962927808564352
2057-03-12 14:00:00,0.0,0.0
2057-03-12 15:00:00,0.0,0.0
2057-03-12 16:00:00,0.0,0.0
2057-03-12 17:00:00,0.0,0.0
2057-03-12 18:00:00,0.0,0.0
2057-03-12 19:00:00,0.0,0.0
2057-03-12 20:00:00,0.0,0.0
2057-03-12 21:00:00,0.0,0.0
2057-03-12 22:00:00,0.0,0.0
2057-03-12 23:00:00,0.0,0.0
2057-03-13 00:00:00,0.0,0.0
2057-03-13 01:00:00,0.0,0.0
2057-03-13 02:00:00,0.0,7.937107636342388
2057-03-13 03:00:00,0.0,102.34691425809922
2057-03-13 04:00:00,0.0,200.09866093726336
2057-03-13 05:00:00,0.0,271.11488715716894
2057-03-13 06:00:00,0.0,316.2310779321678
2057-03-13 07:00:00,0.0,339.2069158268431
2057-03-13 08:00:00,0.0,340.87788585554677
2057-03-13 09:00:00,0.0,322.4972155398065
2057-03-13 10:00:00,0.0,281.97619234374275
2057-03-13 11:00:00,0.0,218.06158874582772
2057-03-13 12:00:00,0.0,130.3356622388855
2057-03-13 13:00:00,0.0,32.583915559721376
2057-03-13 14:00:00,0.0,0.0
2057-03-13 15:00:00,0.0,0.0
2057-03-13 16:00:00,0.0,0.0
2057-03-13 17:00:00,0.0,0.0
2057-03-13 18:00:00,0.0,0.0
2057-03-13 19:00:00,0.0,0.0
2057-03-13 20:00:00,0.0,0.0
2057-03-13 21:00:00,0.0,0.0
2057-03-13 22:00:00,0.0,0.0
2057-03-13 23:00:00,0.0,0.0
2057-03-14 00:00:00,0.0,0.0
2057-03-14 01:00:00,0.0,0.0
2057-03-14 02:00:00,0.0,9.190335157870132
2057-03-14 03:00:00,0.0,104.4356267939788
2057-03-14 04:00:00,0.0,198.00994840138378
2057-03-14 05:00:00,0.0,266.51971957823383
2057-03-14 06:00:00,0.0,311.2181678460568
2057-03-14 07:00:00,0.0,333.7762632335563
2057-03-14 08:00:00,0.0,335.44723326225994
2057-03-14 09:00:00,0.0,317.4843054536955
2057-03-14 10:00:00,0.0,278.21650977915954
2057-03-14 11:00:00,0.0,215.55513370277222
2057-03-14 12:00:00,0.0,130.3356622388855
2057-03-14 13:00:00,0.0,33.83714308124913
2057-03-14 14:00:00,0.0,0.0
2057-03-14 15:00:00,0.0,0.0
2057-03-14 16:00:00,0.0,0.0
2057-03-14 17:00:00,0.0,0.0
2057-03-14 18:00:00,0.0,0.0
2057-03-14 19:00:00,0.0,0.0
2057-03-14 20:00:00,0.0,0.0
2057-03-14 21:00:00,0.0,0.0
2057-03-14 22:00:00,0.0,0.0
2057-03-14 23:00:00,0.0,0.0
2057-03-15 00:00:00,0.0,0.0
2057-03-15 01:00:00,0.0,0.0
2057-03-15 02:00:00,0.0,10.025820172221964
2057-03-15 03:00:00,0.0,104.85336930115471
2057-03-15 04:00:00,0.0,196.33897837268012
2057-03-15 05:00:00,0.0,265.2664920567061
2057-03-15 06:00:00,0.0,310.382682831705
2057-03-15 07:00:00,0.0,332.5230357120285
2057-03-15 08:00:00,0.0,334.1940057407321
2057-03-15 09:00:00,0.0,314.9778504106401
2057-03-15 10:00:00,0.0,274.0390847074004
2057-03-15 11:00:00,0.0,210.54222361666123
2057-03-15 12:00:00,0.0,124.48726713842272
2057-03-15 13:00:00,0.0,30.495203023841807
2057-03-15 14:00:00,0.0,0.0
2057-03-15 15:00:00,0.0,0.0
2057-03-15 16:00:00,0.0,0.0
2057-03-15 17:00:00,0.0,0.0
2057-03-15 18:00:00,0.0,0.0
2057-03-15 19:00:00,0.0,0.0
2057-03-15 20:00:00,0.0,0.0
2057-03-15 21:00:00,0.0,0.0
2057-03-15 22:00:00,0.0,0.0
2057-03-15 23:00:00,0.0,0.0
2057-03-16 00:00:00,0.0,0.0
2057-03-16 01:00:00,0.0,0.0
2057-03-16 02:00:00,0.0,7.937107636342388
2057-03-16 03:00:00,0.0,90.23238154999767
2057-03-16 04:00:00,0.0,180.04702059281945
2057-03-16 05:00:00,0.0,256.91164191318785
2057-03-16 06:00:00,0.0,300.77460516665894
2057-03-16 07:00:00,0.0,323.75044306133424
2057-03-16 08:00:00,0.0,325.83915559721385
2057-03-16 09:00:00,0.0,305.36977274559393
2057-03-16 10:00:00,0.0,265.2664920567061
2057-03-16 11:00:00,0.0,202.18737347314294
2057-03-16 12:00:00,0.0,117.80338702360805
2057-03-16 13:00:00,0.0,27.5710054736104
2057-03-16 14:00:00,0.0,0.0
2057-03-16 15:00:00,0.0,0.0
2057-03-16 16:00:00,0.0,0.0
2057-03-16 17:00:00,0.0,0.0
2057-03-16 18:00:00,0.0,0.0
2057-03-16 19:00:00,0.0,0.0
2057-03-16 20:00:00,0.0,0.0
2057-03-16 21:00:00,0.0,0.0
2057-03-16 22:00:00,0.0,0.0
2057-03-16 23:00:00,0.0,0.0
2057-03-17 00:00:00,0.0,0.0
2057-03-17 01:00:00,0.0,0.0
2057-03-17 02:00:00,0.0,7.937107636342388
2057-03-17 03:00:00,0.0,90.23238154999767
2057-03-17 04:00:00,0.0,184.22444566457858
2057-03-17 05:00:00,0.0,255.2406718844842
2057-03-17 06:00:00,0.0,296.1794375877239
2057-03-17 07:00:00,0.0,319.5730179895751
2057-03-17 08:00:00,0.0,322.07947303263063
2057-03-17 09:00:00,0.0,303.2810602097144
2057-03-17 10:00:00,0.0,263.5955220280025
2057-03-17 11:00:00,0.0,201.3518884587911
2057-03-17 12:00:00,0.0,117.80338702360805
2057-03-17 13:00:00,0.0,28.40649048796223
2057-03-17 14:00:00,0.0,0.0
2057-03-17 15:00:00,0.0,0.0
2057-03-17 16:00:00,0.0,0.0
2057-03-17 17:00:00,0.0,0.0
2057-03-17 18:00:00,0.0,0.0
2057-03-17 19:00:00,0.0,0.0
2057-03-17 20:00:00,0.0,0.0
2057-03-17 21:00:00,0.0,0.0
2057-03-17 22:00:00,0.0,0.0
2057-03-17 23:00:00,0.0,0.0
2057-03-18 00:00:00,0.0,0.0
2057-03-18 01:00:00,0.0,0.0
2057-03-18 02:00:00,0.0,7.519365129166473
2057-03-18 03:00:00,0.0,78.95333385624795
2057-03-18 04:00:00,0.0,171.69217044930113
2057-03-18 05:00:00,0.0,240.2019416261512
2057-03-18 06:00:00,0.0,291.1665275016128
2057-03-18 07:00:00,0.0,317.06656294651964
2057-03-18 08:00:00,0.0,318.31979046804736
2057-03-18 09:00:00,0.0,297.8504076164275
2057-03-18 10:00:00,0.0,256.4938994060119
2057-03-18 11:00:00,0.0,190.49058327221732
2057-03-18 12:00:00,0.0,104.01788428680287
2057-03-18 13:00:00,0.0,21.304867865971673
2057-03-18 14:00:00,0.0,0.0
2057-03-18 15:00:00,0.0,0.0
2057-03-18 16:00:00,0.0,0.0
2057-03-18 17:00:00,0.0,0.0
2057-03-18 18:00:00,0.0,0.0
2057-03-18 19:00:00,0.0,0.0
2057-03-18 20:00:00,0.0,0.0
2057-03-18 21:00:00,0.0,0.0
2057-03-18 22:00:00,0.0,0.0
2057-03-18 23:00:00,0.0,0.0
2057-03-19 00:00:00,0.0,0.0
2057-03-19 01:00:00,0.0,0.0
2057-03-19 02:00:00,0.0,7.519365129166473
2057-03-19 03:00:00,0.0,89.81463904282177
2057-03-19 04:00:00,0.0,185.0599306789304
2057-03-19 05:00:00,0.0,256.91164191318785
2057-03-19 06:00:00,0.0,303.6988027168903
2057-03-19 07:00:00,0.0,323.75044306133424
2057-03-19 08:00:00,0.0,323.75044306133424
2057-03-19 09:00:00,0.0,297.4326651092516
2057-03-19 10:00:00,0.0,255.2406718844842
2057-03-19 11:00:00,0.0,190.90832577939324
2057-03-19 12:00:00,0.0,107.77756685138611
2057-03-19 13:00:00,0.0,24.22906541620308
2057-03-19 14:00:00,0.0,0.0
2057-03-19 15:00:00,0.0,0.0
2057-03-19 16:00:00,0.0,0.0
2057-03-19 17:00:00,0.0,0.0
2057-03-19 18:00:00,0.0,0.0
2057-03-19 19:00:00,0.0,0.0
2057-03-19 20:00:00,0.0,0.0
2057-03-19 21:00:00,0.0,0.0
2057-03-19 22:00:00,0.0,0.0
2057-03-19 23:00:00,0.0,0.0
2057-03-20 00:00:00,0.0,0.0
2057-03-20 01:00:00,0.0,0.0
2057-03-20 02:00:00,0.0,7.519365129166473
2057-03-20 03:00:00,0.0,85.63721397106261
2057-03-20 04:00:00,0.0,176.28733802823618
2057-03-20 05:00:00,0.0,246.88582174096587
2057-03-20 06:00:00,0.0,299.52137764513117
2057-03-20 07:00:00,0.0,320.82624551110285
2057-03-20 08:00:00,0.0,321.6617305254547
2057-03-20 09:00:00,0.0,303.6988027168903
2057-03-20 10:00:00,0.0,262.34229450647473
2057-03-20 11:00:00,0.0,198.42769090855973
2057-03-20 12:00:00,0.0,114.04370445902485
2057-03-20 13:00:00,0.0,27.153262966434486
2057-03-20 14:00:00,0.0,0.0
2057-03-20 15:00:00,0.0,0.0
2057-03-20 16:00:00,0.0,0.0
2057-03-20 17:00:00,0.0,0.0
2057-03-20 18:00:00,0.0,0.0
2057-03-20 19:00:00,0.0,0.0
2057-03-20 20:00:00,0.0,0.0
2057-03-20 21:00:00,0.0,0.0
2057-03-20 22:00:00,0.0,0.0
2057-03-20 23:00:00,0.0,0.0
2057-03-21 00:00:00,0.0,0.0
2057-03-21 01:00:00,0.0,0.0
2057-03-21 02:00:00,0.0,9.190335157870132
2057-03-21 03:00:00,0.0,91.90335157870133
2057-03-21 04:00:00,0.0,181.30024811434717
2057-03-21 05:00:00,0.0,248.97453427684545
2057-03-21 06:00:00,0.0,293.2552400374924
2057-03-21 07:00:00,0.0,315.8133354249918
2057-03-21 08:00:00,0.0,317.4843054536955
2057-03-21 09:00:00,0.0,294.5084675590202
2057-03-21 10:00:00,0.0,253.9874443629564
2057-03-21 11:00:00,0.0,191.74381079374504
2057-03-21 12:00:00,0.0,109.86627938726569
2057-03-21 13:00:00,0.0,26.73552045925857
2057-03-21 14:00:00,0.0,0.0
2057-03-21 15:00:00,0.0,0.0
2057-03-21 16:00:00,0.0,0.0
2057-03-21 17:00:00,0.0,0.0
2057-03-21 18:00:00,0.0,0.0
2057-03-21 19:00:00,0.0,0.0
2057-03-21 20:00:00,0.0,0.0
2057-03-21 21:00:00,0.0,0.0
2057-03-21 22:00:00,0.0,0.0
2057-03-21 23:00:00,0.0,0.0
2057-03-22 00:00:00,0.0,0.0
2057-03-22 01:00:00,0.0,0.0
2057-03-22 02:00:00,0.0,8.772592650694218
2057-03-22 03:00:00,0.0,85.63721397106261
2057-03-22 04:00:00,0.0,172.94539797082885
2057-03-22 05:00:00,0.0,241.03742664050304
2057-03-22 06:00:00,0.0,282.3939348509187
2057-03-22 07:00:00,0.0,305.78751525276994
2057-03-22 08:00:00,0.0,310.382682831705
2057-03-22 09:00:00,0.0,292.00201251596474
2057-03-22 10:00:00,0.0,251.89873182707686
2057-03-22 11:00:00,0.0,189.6550982578655
2057-03-22 12:00:00,0.0,108.19530935856203
2057-03-22 13:00:00,0.0,25.90003544490674
2057-03-22 14:00:00,0.0,0.0
2057-03-22 15:00:00,0.0,0.0
2057-03-22 16:00:00,0.0,0.0
2057-03-22 17:00:00,0.0,0.0
2057-03-22 18:00:00,0.0,0.0
2057-03-22 19:00:00,0.0,0.0
2057-03-22 20:00:00,0.0,0.0
2057-03-22 21:00:00,0.0,0.0
2057-03-22 22:00:00,0.0,0.0
2057-03-22 23:00:00,0.0,0.0
2057-03-23 00:00:00,0.0,0.0
2057-03-23 01:00:00,0.0,0.0
2057-03-23 02:00:00,0.0,8.354850143518304
2057-03-23 03:00:00,0.0,82.2952739136553
2057-03-23 04:00:00,0.0,174.1986254923566
2057-03-23 05:00:00,0.0,243.96162419073445
2057-03-23 06:00:00,0.0,289.4955574729092
2057-03-23 07:00:00,0.0,309.1294553101772
2057-03-23 08:00:00,0.0,302.8633177025385
2057-03-23 09:00:00,0.0,293.2552400374924
2057-03-23 10:00:00,0.0,261.5068094921229
2057-03-23 11:00:00,0.0,200.9341459516152
2057-03-23 12:00:00,0.0,119.47435705231175
2057-03-23 13:00:00,0.0,31.74843054536955
2057-03-23 14:00:00,0.0,0.0
2057-03-23 15:00:00,0.0,0.0
2057-03-23 16:00:00,0.0,0.0
2057-03-23 17:00:00,0.0,0.0
2057-03-23 18:00:00,0.0,0.0
2057-03-23 19:00:00,0.0,0.0
2057-03-23 20:00:00,0.0,0.0
2057-03-23 21:00:00,0.0,0.0
2057-03-23 22:00:00,0.0,0.0
2057-03-23 23:00:00,0.0,0.0
2057-03-24 00:00:00,0.0,0.0
2057-03-24 01:00:00,0.0,0.0
2057-03-24 02:00:00,0.0,11.279047693749709
2057-03-24 03:00:00,0.0,96.91626166481231
2057-03-24 04:00:00,0.0,188.81961324351366
2057-03-24 05:00:00,0.0,256.4938994060119
2057-03-24 06:00:00,0.0,300.356862659483
2057-03-24 07:00:00,0.0,322.9149580469824
2057-03-24 08:00:00,0.0,325.00367058286196
2057-03-24 09:00:00,0.0,306.20525775994577
2057-03-24 10:00:00,0.0,266.9374620854098
2057-03-24 11:00:00,0.0,205.11157102337435
2057-03-24 12:00:00,0.0,113.20821944467302
2057-03-24 13:00:00,0.0,30.07746051666589
2057-03-24 14:00:00,0.0,0.0
2057-03-24 15:00:00,0.0,0.0
2057-03-24 16:00:00,0.0,0.0
2057-03-24 17:00:00,0.0,0.0
2057-03-24 18:00:00,0.0,0.0
2057-03-24 19:00:00,0.0,0.0
2057-03-24 20:00:00,0.0,0.0
2057-03-24 21:00:00,0.0,0.0
2057-03-24 22:00:00,0.0,0.0
2057-03-24 23:00:00,0.0,0.0
2057-03-25 00:00:00,0.0,0.0
2057-03-25 01:00:00,0.0,0.0
2057-03-25 02:00:00,0.0,10.861305186573794
2057-03-25 03:00:00,0.0,92.32109408587725
2057-03-25 04:00:00,0.0,187.98412822916183
2057-03-25 05:00:00,0.0,256.4938994060119
2057-03-25 06:00:00,0.0,302.8633177025385
2057-03-25 07:00:00,0.0,325.42141309003796
2057-03-25 08:00:00,0.0,327.9278681330934
2057-03-25 09:00:00,0.0,307.8762277886495
2057-03-25 10:00:00,0.0,269.4439171284653
2057-03-25 11:00:00,0.0,208.8712535879576
2057-03-25 12:00:00,0.0,126.9937221814782
2057-03-25 13:00:00,0.0,36.761340631480536
2057-03-25 14:00:00,0.0,0.0
2057-03-25 15:00:00,0.0,0.0
2057-03-25 16:00:00,0.0,0.0
2057-03-25 17:00:00,0.0,0.0
2057-03-25 18:00:00,0.0,0.0
2057-03-25 19:00:00,0.0,0.0
2057-03-25 20:00:00,0.0,0.0
2057-03-25 21:00:00,0.0,0.0
2057-03-25 22:00:00,0.0,0.0
2057-03-25 23:00:00,0.0,0.0
2057-03-26 00:00:00,0.0,0.0
2057-03-26 01:00:00,0.0,0.0
2057-03-26 02:00:00,0.0,12.95001772245337
2057-03-26 03:00:00,0.0,102.34691425809922
2057-03-26 04:00:00,0.0,192.5792958080969
2057-03-26 05:00:00,0.0,259.83583946341923
2057-03-26 06:00:00,0.0,303.2810602097144
2057-03-26 07:00:00,0.0,325.42141309003796
2057-03-26 08:00:00,0.0,327.09238311874157
2057-03-26 09:00:00,0.0,305.78751525276994
2057-03-26 10:00:00,0.0,267.3552045925857
2057-03-26 11:00:00,0.0,206.36479854490207
2057-03-26 12:00:00,0.0,124.90500964559862
2057-03-26 13:00:00,0.0,35.50811310995279
2057-03-26 14:00:00,0.0,0.0
2057-03-26 15:00:00,0.0,0.0
2057-03-26 16:00:00,0.0,0.0
2057-03-26 17:00:00,0.0,0.0
2057-03-26 18:00:00,0.0,0.0
2057-03-26 19:00:00,0.0,0.0
2057-03-26 20:00:00,0.0,0.0
2057-03-26 21:00:00,0.0,0.0
2057-03-26 22:00:00,0.0,0.0
2057-03-26 23:00:00,0.0,0.0
2057-03-27 00:00:00,0.0,0.0
2057-03-27 01:00:00,0.0,0.0
2057-03-27 02:00:00,0.0,13.7855027368052
2057-03-27 03:00:00,0.0,103.18239927245104
2057-03-27 04:00:00,0.0,191.32606828656913
2057-03-27 05:00:00,0.0,257.7471269275397
2057-03-27 06:00:00,0.0,302.02783268818666
2057-03-27 07:00:00,0.0,322.4972155398065
2057-03-27 08:00:00,0.0,322.9149580469824
2057-03-27 09:00:00,0.0,304.5342877312422
2057-03-27 10:00:00,0.0,266.51971957823383
2057-03-27 11:00:00,0.0,209.2889960951335
2057-03-27 12:00:00,0.0,130.3356622388855
2057-03-27 13:00:00,0.0,39.68553818171194
2057-03-27 14:00:00,0.0,0.0
2057-03-27 15:00:00,0.0,0.0
2057-03-27 16:00:00,0.0,0.0
2057-03-27 17:00:00,0.0,0.0
2057-03-27 18:00:00,0.0,0.0
2057-03-27 19:00:00,0.0,0.0
2057-03-27 20:00:00,0.0,0.0
2057-03-27 21:00:00,0.0,0.0
2057-03-27 22:00:00,0.0,0.0
2057-03-27 23:00:00,0.0,0.0
2057-03-28 00:00:00,0.0,0.0
2057-03-28 01:00:00,0.0,0.0
2057-03-28 02:00:00,0.0,14.620987751157033
2057-03-28 03:00:00,0.0,103.18239927245104
2057-03-28 04:00:00,0.0,190.49058327221732
2057-03-28 05:00:00,0.0,256.4938994060119
2057-03-28 06:00:00,0.0,298.26815012360345
2057-03-28 07:00:00,0.0,319.1552754823992
2057-03-28 08:00:00,0.0,320.4085030039269
2057-03-28 09:00:00,0.0,302.4455751953626
2057-03-28 10:00:00,0.0,264.0132645351784
2057-03-28 11:00:00,0.0,198.42769090855973
2057-03-28 12:00:00,0.0,110.70176440161751
2057-03-28 13:00:00,0.0,28.40649048796223
2057-03-28 14:00:00,0.0,0.0
2057-03-28 15:00:00,0.0,0.0
2057-03-28 16:00:00,0.0,0.0
2057-03-28 17:00:00,0.0,0.0
2057-03-28 18:00:00,0.0,0.0
2057-03-28 19:00:00,0.0,0.0
2057-03-28 20:00:00,0.0,0.0
2057-03-28 21:00:00,0.0,0.0
2057-03-28 22:00:00,0.0,0.0
2057-03-28 23:00:00,0.0,0.0
2057-03-29 00:00:00,0.0,0.0
2057-03-29 01:00:00,0.0,0.0
2057-03-29 02:00:00,0.0,12.532275215277455
2057-03-29 03:00:00,0.0,95.24529163610866
2057-03-29 04:00:00,0.0,180.88250560717125
2057-03-29 05:00:00,0.0,246.88582174096587
2057-03-29 06:00:00,0.0,289.07781496573324
2057-03-29 07:00:00,0.0,309.96494032452904
2057-03-29 08:00:00,0.0,315.3955929178159
2057-03-29 09:00:00,0.0,298.68589263077934
2057-03-29 10:00:00,0.0,260.671324477771
2057-03-29 11:00:00,0.0,200.51640344443928
2057-03-29 12:00:00,0.0,118.221129530784
2057-03-29 13:00:00,0.0,33.83714308124913
2057-03-29 14:00:00,0.0,0.0
2057-03-29 15:00:00,0.0,0.0
2057-03-29 16:00:00,0.0,0.0
2057-03-29 17:00:00,0.0,0.0
2057-03-29 18:00:00,0.0,0.0
2057-03-29 19:00:00,0.0,0.0
2057-03-29 20:00:00,0.0,0.0
2057-03-29 21:00:00,0.0,0.0
2057-03-29 22:00:00,0.0,0.0
2057-03-29 23:00:00,0.0,0.0
2057-03-30 00:00:00,0.0,0.0
2057-03-30 01:00:00,0.0,0.0
2057-03-30 02:00:00,0.0,13.367760229629285
2057-03-30 03:00:00,0.0,97.75174667916414
2057-03-30 04:00:00,0.0,186.7309007076341
2057-03-30 05:00:00,0.0,253.15195934860458
2057-03-30 06:00:00,0.0,296.1794375877239
2057-03-30 07:00:00,0.0,318.31979046804736
2057-03-30 08:00:00,0.0,320.4085030039269
2057-03-30 09:00:00,0.0,302.02783268818666
2057-03-30 10:00:00,0.0,264.4310070423543
2057-03-30 11:00:00,0.0,205.11157102337435
2057-03-30 12:00:00,0.0,125.32275215277454
2057-03-30 13:00:00,0.0,37.59682564583237
2057-03-30 14:00:00,0.0,0.0
2057-03-30 15:00:00,0.0,0.0
2057-03-30 16:00:00,0.0,0.0
2057-03-30 17:00:00,0.0,0.0
2057-03-30 18:00:00,0.0,0.0
2057-03-30 19:00:00,0.0,0.0
2057-03-30 20:00:00,0.0,0.0
2057-03-30 21:00:00,0.0,0.0
2057-03-30 22:00:00,0.0,0.0
2057-03-30 23:00:00,0.0,0.0
2057-03-31 00:00:00,0.0,0.0
2057-03-31 01:00:00,0.0,0.0
2057-03-31 02:00:00,0.0,15.456472765508863
2057-03-31 03:00:00,0.0,105.27111180833062
2057-03-31 04:00:00,0.0,192.5792958080969
2057-03-31 05:00:00,0.0,258.58261194189146
2057-03-31 06:00:00,0.0,301.19234767383483
2057-03-31 07:00:00,0.0,322.07947303263063
2057-03-31 08:00:00,0.0,323.75044306133424
2057-03-31 09:00:00,0.0,306.20525775994577
2057-03-31 10:00:00,0.0,268.19068960693755
2057-03-31 11:00:00,0.0,208.45351108078165
2057-03-31 12:00:00,0.0,128.24694970300595
2057-03-31 13:00:00,0.0,39.267795674536025
2057-03-31 14:00:00,0.0,0.0
2057-03-31 15:00:00,0.0,0.0
2057-03-31 16:00:00,0.0,0.0
2057-03-31 17:00:00,0.0,0.0
2057-03-31 18:00:00,0.0,0.0
2057-03-31 19:00:00,0.0,0.0
2057-03-31 20:00:00,0.0,0.0
2057-03-31 21:00:00,0.0,0.0
2057-03-31 22:00:00,0.0,0.0
2057-03-31 23:00:00,0.0,0.0
2057-04-01 00:00:00,0.0,0.0
2057-04-01 01:00:00,0.0,0.0
2057-04-01 02:00:00,0.0,15.874215272684776
2057-04-01 03:00:00,0.0,104.01788428680287
2057-04-01 04:00:00,0.0,190.49058327221732
2057-04-01 05:00:00,0.0,256.07615689883596
2057-04-01 06:00:00,0.0,297.8504076164275
2057-04-01 07:00:00,0.0,318.31979046804736
2057-04-01 08:00:00,0.0,319.990760496751
2057-04-01 09:00:00,0.0,302.4455751953626
2057-04-01 10:00:00,0.0,265.2664920567061
2057-04-01 11:00:00,0.0,206.36479854490207
2057-04-01 12:00:00,0.0,126.9937221814782
2057-04-01 13:00:00,0.0,38.85005316736011
2057-04-01 14:00:00,0.0,0.0
2057-04-01 15:00:00,0.0,0.0
2057-04-01 16:00:00,0.0,0.0
2057-04-01 17:00:00,0.0,0.0
2057-04-01 18:00:00,0.0,0.0
2057-04-01 19:00:00,0.0,0.0
2057-04-01 20:00:00,0.0,0.0
2057-04-01 21:00:00,0.0,0.0
2057-04-01 22:00:00,0.0,0.0
2057-04-01 23:00:00,0.0,0.0
2057-04-02 00:00:00,0.0,0.0
2057-04-02 01:00:00,0.0,0.0
2057-04-02 02:00:00,0.0,16.291957779860688
2057-04-02 03:00:00,0.0,105.27111180833062
2057-04-02 04:00:00,0.0,192.5792958080969
2057-04-02 05:00:00,0.0,257.7471269275397
2057-04-02 06:00:00,0.0,294.92621006619606
2057-04-02 07:00:00,0.0,294.5084675590202
2057-04-02 08:00:00,0.0,275.710054736104
2057-04-02 09:00:00,0.0,259.4180969562433
2057-04-02 10:00:00,0.0,238.11322909027166
2057-04-02 11:00:00,0.0,199.26317592291153
2057-04-02 12:00:00,0.0,127.82920719583005
2057-04-02 13:00:00,0.0,39.68553818171194
2057-04-02 14:00:00,0.0,0.0
2057-04-02 15:00:00,0.0,0.0
2057-04-02 16:00:00,0.0,0.0
2057-04-02 17:00:00,0.0,0.0
2057-04-02 18:00:00,0.0,0.0
2057-04-02 19:00:00,0.0,0.0
2057-04-02 20:00:00,0.0,0.0
2057-04-02 21:00:00,0.0,0.0
2057-04-02 22:00:00,0.0,0.0
2057-04-02 23:00:00,0.0,0.0
2057-04-03 00:00:00,0.0,0.0
2057-04-03 01:00:00,0.0,0.0
2057-04-03 02:00:00,0.0,10.443562679397878
2057-04-03 03:00:00,0.0,84.38398644953487
2057-04-03 04:00:00,0.0,189.23735575068955
2057-04-03 05:00:00,0.0,255.6584143916601
2057-04-03 06:00:00,0.0,296.5971800948998
2057-04-03 07:00:00,0.0,317.4843054536955
2057-04-03 08:00:00,0.0,319.990760496751
2057-04-03 09:00:00,0.0,302.8633177025385
2057-04-03 10:00:00,0.0,264.8487495495302
2057-04-03 11:00:00,0.0,201.76963096596702
2057-04-03 12:00:00,0.0,107.3598243442102
2057-04-03 13:00:00,0.0,30.07746051666589
2057-04-03 14:00:00,0.0,0.0
2057-04-03 15:00:00,0.0,0.0
2057-04-03 16:00:00,0.0,0.0
2057-04-03 17:00:00,0.0,0.0
2057-04-03 18:00:00,0.0,0.0
2057-04-03 19:00:00,0.0,0.0
2057-04-03 20:00:00,0.0,0.0
2057-04-03 21:00:00,0.0,0.0
2057-04-03 22:00:00,0.0,0.0
2057-04-03 23:00:00,0.0,0.0
2057-04-04 00:00:00,0.0,0.0
2057-04-04 01:00:00,0.0,0.0
2057-04-04 02:00:00,0.0,17.545185301388436
2057-04-04 03:00:00,0.0,107.77756685138611
2057-04-04 04:00:00,0.0,194.66800834397648
2057-04-04 05:00:00,0.0,259.0003544490674
2057-04-04 06:00:00,0.0,299.1036351379552
2057-04-04 07:00:00,0.0,317.9020479608714
2057-04-04 08:00:00,0.0,316.64882043934364
2057-04-04 09:00:00,0.0,293.67298254466834
2057-04-04 10:00:00,0.0,248.97453427684545
2057-04-04 11:00:00,0.0,182.13573312869903
2057-04-04 12:00:00,0.0,105.27111180833062
2057-04-04 13:00:00,0.0,34.25488558842505
2057-04-04 14:00:00,0.0,0.0
2057-04-04 15:00:00,0.0,0.0
2057-04-04 16:00:00,0.0,0.0
2057-04-04 17:00:00,0.0,0.0
2057-04-04 18:00:00,0.0,0.0
2057-04-04 19:00:00,0.0,0.0
2057-04-04 20:00:00,0.0,0.0
2057-04-04 21:00:00,0.0,0.0
2057-04-04 22:00:00,0.0,0.0
2057-04-04 23:00:00,0.0,0.0
2057-04-05 00:00:00,0.0,0.0
2057-04-05 01:00:00,0.0,0.0
2057-04-05 02:00:00,0.0,9.190335157870132
2057-04-05 03:00:00,0.0,60.57266354050769
2057-04-05 04:00:00,0.0,130.75340474606145
2057-04-05 05:00:00,0.0,190.0728407650414
2057-04-05 06:00:00,0.0,260.671324477771
2057-04-05 07:00:00,0.0,309.1294553101772
2057-04-05 08:00:00,0.0,317.4843054536955
2057-04-05 09:00:00,0.0,289.4955574729092
2057-04-05 10:00:00,0.0,248.1390492624936
2057-04-05 11:00:00,0.0,201.3518884587911
2057-04-05 12:00:00,0.0,126.9937221814782
2057-04-05 13:00:00,0.0,38.85005316736011
2057-04-05 14:00:00,0.0,0.0
2057-04-05 15:00:00,0.0,0.0
2057-04-05 16:00:00,0.0,0.0
2057-04-05 17:00:00,0.0,0.0
2057-04-05 18:00:00,0.0,0.0
2057-04-05 19:00:00,0.0,0.0
2057-04-05 20:00:00,0.0,0.0
2057-04-05 21:00:00,0.0,0.0
2057-04-05 22:00:00,0.0,0.0
2057-04-05 23:00:00,0.0,0.0
2057-04-06 00:00:00,0.0,0.0
2057-04-06 01:00:00,0.0,0.0
2057-04-06 02:00:00,0.0,7.101622621990558
2057-04-06 03:00:00,0.0,75.19365129166474
2057-04-06 04:00:00,0.0,165.8437753488383
2057-04-06 05:00:00,0.0,222.23901381758688
2057-04-06 06:00:00,0.0,255.6584143916601
2057-04-06 07:00:00,0.0,283.6471623724464
2057-04-06 08:00:00,0.0,307.8762277886495
2057-04-06 09:00:00,0.0,299.9391201523071
2057-04-06 10:00:00,0.0,263.17777952082656
2057-04-06 11:00:00,0.0,202.18737347314294
2057-04-06 12:00:00,0.0,122.81629710971906
2057-04-06 13:00:00,0.0,38.43231066018419
2057-04-06 14:00:00,0.0,0.0
2057-04-06 15:00:00,0.0,0.0
2057-04-06 16:00:00,0.0,0.0
2057-04-06 17:00:00,0.0,0.0
2057-04-06 18:00:00,0.0,0.0
2057-04-06 19:00:00,0.0,0.0
2057-04-06 20:00:00,0.0,0.0
2057-04-06 21:00:00,0.0,0.0
2057-04-06 22:00:00,0.0,0.0
2057-04-06 23:00:00,0.0,0.0
2057-04-07 00:00:00,0.0,0.0
2057-04-07 01:00:00,0.0,0.0
2057-04-07 02:00:00,0.0,12.95001772245337
2057-04-07 03:00:00,0.0,82.2952739136553
2057-04-07 04:00:00,0.0,165.8437753488383
2057-04-07 05:00:00,0.0,236.02451655439208
2057-04-07 06:00:00,0.0,281.97619234374275
2057-04-07 07:00:00,0.0,305.36977274559393
2057-04-07 08:00:00,0.0,308.7117128030013
2057-04-07 09:00:00,0.0,289.07781496573324
2057-04-07 10:00:00,0.0,248.1390492624936
2057-04-07 11:00:00,0.0,183.38896065022675
2057-04-07 12:00:00,0.0,101.51142924374739
2057-04-07 13:00:00,0.0,26.317777952082654
2057-04-07 14:00:00,0.0,0.0
2057-04-07 15:00:00,0.0,0.0
2057-04-07 16:00:00,0.0,0.0
2057-04-07 17:00:00,0.0,0.0
2057-04-07 18:00:00,0.0,0.0
2057-04-07 19:00:00,0.0,0.0
2057-04-07 20:00:00,0.0,0.0
2057-04-07 21:00:00,0.0,0.0
2057-04-07 22:00:00,0.0,0.0
2057-04-07 23:00:00,0.0,0.0
2057-04-08 00:00:00,0.0,0.0
2057-04-08 01:00:00,0.0,0.0
2057-04-08 02:00:00,0.0,17.962927808564352
2057-04-08 03:00:00,0.0,101.92917175092329
2057-04-08 04:00:00,0.0,179.21153557846762
2057-04-08 05:00:00,0.0,235.60677404721616
2057-04-08 06:00:00,0.0,265.68423456388206
2057-04-08 07:00:00,0.0,282.8116773580945
2057-04-08 08:00:00,0.0,302.4455751953626
2057-04-08 09:00:00,0.0,297.0149226020756
2057-04-08 10:00:00,0.0,262.34229450647473
2057-04-08 11:00:00,0.0,203.85834350184658
2057-04-08 12:00:00,0.0,125.32275215277454
2057-04-08 13:00:00,0.0,39.68553818171194
2057-04-08 14:00:00,0.0,0.0
2057-04-08 15:00:00,0.0,0.0
2057-04-08 16:00:00,0.0,0.0
2057-04-08 17:00:00,0.0,0.0
2057-04-08 18:00:00,0.0,0.0
2057-04-08 19:00:00,0.0,0.0
2057-04-08 20:00:00,0.0,0.0
2057-04-08 21:00:00,0.0,0.0
2057-04-08 22:00:00,0.0,0.0
2057-04-08 23:00:00,0.0,0.0
2057-04-09 00:00:00,0.0,0.0
2057-04-09 01:00:00,0.0,0.0
2057-04-09 02:00:00,0.0,15.456472765508863
2057-04-09 03:00:00,0.0,92.32109408587725
2057-04-09 04:00:00,0.0,184.6421881717545
2057-04-09 05:00:00,0.0,251.48098931990094
2057-04-09 06:00:00,0.0,292.8374975303165
2057-04-09 07:00:00,0.0,313.72462288911225
2057-04-09 08:00:00,0.0,315.3955929178159
2057-04-09 09:00:00,0.0,297.4326651092516
2057-04-09 10:00:00,0.0,260.2535819705951
2057-04-09 11:00:00,0.0,201.76963096596702
2057-04-09 12:00:00,0.0,123.6517821240709
2057-04-09 13:00:00,0.0,39.267795674536025
2057-04-09 14:00:00,0.0,0.0
2057-04-09 15:00:00,0.0,0.0
2057-04-09 16:00:00,0.0,0.0
2057-04-09 17:00:00,0.0,0.0
2057-04-09 18:00:00,0.0,0.0
2057-04-09 19:00:00,0.0,0.0
2057-04-09 20:00:00,0.0,0.0
2057-04-09 21:00:00,0.0,0.0
2057-04-09 22:00:00,0.0,0.0
2057-04-09 23:00:00,0.0,0.0
2057-04-10 00:00:00,0.0,0.0
2057-04-10 01:00:00,0.0,0.0
2057-04-10 02:00:00,0.0,19.216155330092096
2057-04-10 03:00:00,0.0,104.4356267939788
2057-04-10 04:00:00,0.0,189.23735575068955
2057-04-10 05:00:00,0.0,253.15195934860458
2057-04-10 06:00:00,0.0,293.2552400374924
2057-04-10 07:00:00,0.0,314.9778504106401
2057-04-10 08:00:00,0.0,317.4843054536955
2057-04-10 09:00:00,0.0,299.9391201523071
2057-04-10 10:00:00,0.0,262.7600370136507
2057-04-10 11:00:00,0.0,202.18737347314294
2057-04-10 12:00:00,0.0,125.74049465995047
2057-04-10 13:00:00,0.0,40.521023196063766
2057-04-10 14:00:00,0.0,0.0
2057-04-10 15:00:00,0.0,0.0
2057-04-10 16:00:00,0.0,0.0
2057-04-10 17:00:00,0.0,0.0
2057-04-10 18:00:00,0.0,0.0
2057-04-10 19:00:00,0.0,0.0
2057-04-10 20:00:00,0.0,0.0
2057-04-10 21:00:00,0.0,0.0
2057-04-10 22:00:00,0.0,0.0
2057-04-10 23:00:00,0.0,0.0
2057-04-11 00:00:00,0.0,0.0
2057-04-11 01:00:00,0.0,0.0
2057-04-11 02:00:00,0.0,19.633897837268012
2057-04-11 03:00:00,0.0,103.60014177962697
2057-04-11 04:00:00,0.0,187.56638572198588
2057-04-11 05:00:00,0.0,251.89873182707686
2057-04-11 06:00:00,0.0,292.8374975303165
2057-04-11 07:00:00,0.0,313.72462288911225
2057-04-11 08:00:00,0.0,315.3955929178159
2057-04-11 09:00:00,0.0,296.1794375877239
2057-04-11 10:00:00,0.0,258.16486943471557
2057-04-11 11:00:00,0.0,200.09866093726336
2057-04-11 12:00:00,0.0,122.81629710971906
2057-04-11 13:00:00,0.0,39.267795674536025
2057-04-11 14:00:00,0.0,0.0
2057-04-11 15:00:00,0.0,0.0
2057-04-11 16:00:00,0.0,0.0
2057-04-11 17:00:00,0.0,0.0
2057-04-11 18:00:00,0.0,0.0
2057-04-11 19:00:00,0.0,0.0
2057-04-11 20:00:00,0.0,0.0
2057-04-11 21:00:00,0.0,0.0
2057-04-11 22:00:00,0.0,0.0
2057-04-11 23:00:00,0.0,0.0
2057-04-12 00:00:00,0.0,0.0
2057-04-12 01:00:00,0.0,0.0
2057-04-12 02:00:00,0.0,18.380670315740264
2057-04-12 03:00:00,0.0,98.16948918634006
2057-04-12 04:00:00,0.0,180.04702059281945
2057-04-12 05:00:00,0.0,243.96162419073445
2057-04-12 06:00:00,0.0,287.8245874442056
2057-04-12 07:00:00,0.0,309.1294553101772
2057-04-12 08:00:00,0.0,309.54719781735315
2057-04-12 09:00:00,0.0,292.8374975303165
2057-04-12 10:00:00,0.0,253.9874443629564
2057-04-12 11:00:00,0.0,195.50349335832829
2057-04-12 12:00:00,0.0,112.37273443032117
2057-04-12 13:00:00,0.0,31.74843054536955
2057-04-12 14:00:00,0.0,0.0
2057-04-12 15:00:00,0.0,0.0
2057-04-12 16:00:00,0.0,0.0
2057-04-12 17:00:00,0.0,0.0
2057-04-12 18:00:00,0.0,0.0
2057-04-12 19:00:00,0.0,0.0
2057-04-12 20:00:00,0.0,0.0
2057-04-12 21:00:00,0.0,0.0
2057-04-12 22:00:00,0.0,0.0
2057-04-12 23:00:00,0.0,0.0
2057-04-13 00:00:00,0.0,0.0
2057-04-13 01:00:00,0.0,0.0
2057-04-13 02:00:00,0.0,14.620987751157033
2057-04-13 03:00:00,0.0,82.2952739136553
2057-04-13 04:00:00,0.0,165.0082903344865
2057-04-13 05:00:00,0.0,216.39061871712406
2057-04-13 06:00:00,0.0,208.03576857360574
2057-04-13 07:00:00,0.0,242.7083966692067
2057-04-13 08:00:00,0.0,280.722964822215
2057-04-13 09:00:00,0.0,268.60843211411344
2057-04-13 10:00:00,0.0,220.9857862960591
2057-04-13 11:00:00,0.0,164.17280532013467
2057-04-13 12:00:00,0.0,113.20821944467302
2057-04-13 13:00:00,0.0,37.17908313865645
2057-04-13 14:00:00,0.0,0.0
2057-04-13 15:00:00,0.0,0.0
2057-04-13 16:00:00,0.0,0.0
2057-04-13 17:00:00,0.0,0.0
2057-04-13 18:00:00,0.0,0.0
2057-04-13 19:00:00,0.0,0.0
2057-04-13 20:00:00,0.0,0.0
2057-04-13 21:00:00,0.0,0.0
2057-04-13 22:00:00,0.0,0.0
2057-04-13 23:00:00,0.0,0.0
2057-04-14 00:00:00,0.0,0.0
2057-04-14 01:00:00,0.0,0.0
2057-04-14 02:00:00,0.0,4.595167578935067
2057-04-14 03:00:00,0.0,49.293615846757994
2057-04-14 04:00:00,0.0,129.08243471735778
2057-04-14 05:00:00,0.0,185.89541569328225
2057-04-14 06:00:00,0.0,222.23901381758688
2057-04-14 07:00:00,0.0,248.97453427684545
2057-04-14 08:00:00,0.0,256.4938994060119
2057-04-14 09:00:00,0.0,223.07449883193866
2057-04-14 10:00:00,0.0,203.4406009946707
2057-04-14 11:00:00,0.0,159.5776377411996
2057-04-14 12:00:00,0.0,83.13075892800713
2057-04-14 13:00:00,0.0,18.798412822916184
2057-04-14 14:00:00,0.0,0.0
2057-04-14 15:00:00,0.0,0.0
2057-04-14 16:00:00,0.0,0.0
2057-04-14 17:00:00,0.0,0.0
2057-04-14 18:00:00,0.0,0.0
2057-04-14 19:00:00,0.0,0.0
2057-04-14 20:00:00,0.0,0.0
2057-04-14 21:00:00,0.0,0.0
2057-04-14 22:00:00,0.0,0.0
2057-04-14 23:00:00,0.0,0.0
2057-04-15 00:00:00,0.0,0.0
2057-04-15 01:00:00,0.0,0.0
2057-04-15 02:00:00,0.0,17.545185301388436
2057-04-15 03:00:00,0.0,96.49851915763641
2057-04-15 04:00:00,0.0,181.30024811434717
2057-04-15 05:00:00,0.0,246.88582174096587
2057-04-15 06:00:00,0.0,291.1665275016128
2057-04-15 07:00:00,0.0,314.1423653962882
2057-04-15 08:00:00,0.0,317.9020479608714
2057-04-15 09:00:00,0.0,304.5342877312422
2057-04-15 10:00:00,0.0,267.3552045925857
2057-04-15 11:00:00,0.0,208.03576857360574
2057-04-15 12:00:00,0.0,129.08243471735778
2057-04-15 13:00:00,0.0,42.609735731943346
2057-04-15 14:00:00,0.0,0.0
2057-04-15 15:00:00,0.0,0.0
2057-04-15 16:00:00,0.0,0.0
2057-04-15 17:00:00,0.0,0.0
2057-04-15 18:00:00,0.0,0.0
2057-04-15 19:00:00,0.0,0.0
2057-04-15 20:00:00,0.0,0.0
2057-04-15 21:00:00,0.0,0.0
2057-04-15 22:00:00,0.0,0.0
2057-04-15 23:00:00,0.0,0.0
2057-04-16 00:00:00,0.0,0.0
2057-04-16 01:00:00,0.0,0.0
2057-04-16 02:00:00,0.0,21.304867865971673
2057-04-16 03:00:00,0.0,107.3598243442102
2057-04-16 04:00:00,0.0,193.4147808224487
2057-04-16 05:00:00,0.0,256.91164191318785
2057-04-16 06:00:00,0.0,298.26815012360345
2057-04-16 07:00:00,0.0,319.990760496751
2057-04-16 08:00:00,0.0,321.6617305254547
2057-04-16 09:00:00,0.0,304.1165452240662
2057-04-16 10:00:00,0.0,266.51971957823383
2057-04-16 11:00:00,0.0,207.61802606642985
2057-04-16 12:00:00,0.0,129.5001772245337
2057-04-16 13:00:00,0.0,43.44522074629518
2057-04-16 14:00:00,0.0,0.0
2057-04-16 15:00:00,0.0,0.0
2057-04-16 16:00:00,0.0,0.0
2057-04-16 17:00:00,0.0,0.0
2057-04-16 18:00:00,0.0,0.0
2057-04-16 19:00:00,0.0,0.0
2057-04-16 20:00:00,0.0,0.0
2057-04-16 21:00:00,0.0,0.0
2057-04-16 22:00:00,0.0,0.0
2057-04-16 23:00:00,0.0,0.0
2057-04-17 00:00:00,0.0,0.0
2057-04-17 01:00:00,0.0,0.0
2057-04-17 02:00:00,0.0,21.72261037314759
2057-04-17 03:00:00,0.0,109.03079437291386
2057-04-17 04:00:00,0.0,195.50349335832829
2057-04-17 05:00:00,0.0,259.0003544490674
2057-04-17 06:00:00,0.0,299.9391201523071
2057-04-17 07:00:00,0.0,320.82624551110285
2057-04-17 08:00:00,0.0,322.4972155398065
2057-04-17 09:00:00,0.0,305.78751525276994
2057-04-17 10:00:00,0.0,268.19068960693755
2057-04-17 11:00:00,0.0,209.70673860230943
2057-04-17 12:00:00,0.0,131.17114725323736
2057-04-17 13:00:00,0.0,44.280705760647
2057-04-17 14:00:00,0.0,0.0
2057-04-17 15:00:00,0.0,0.0
2057-04-17 16:00:00,0.0,0.0
2057-04-17 17:00:00,0.0,0.0
2057-04-17 18:00:00,0.0,0.0
2057-04-17 19:00:00,0.0,0.0
2057-04-17 20:00:00,0.0,0.0
2057-04-17 21:00:00,0.0,0.0
2057-04-17 22:00:00,0.0,0.0
2057-04-17 23:00:00,0.0,0.0
2057-04-18 00:00:00,0.0,0.0
2057-04-18 01:00:00,0.0,0.0
2057-04-18 02:00:00,0.0,22.558095387499417
2057-04-18 03:00:00,0.0,109.44853688008978
2057-04-18 04:00:00,0.0,193.83252332962462
2057-04-18 05:00:00,0.0,257.7471269275397
2057-04-18 06:00:00,0.0,299.1036351379552
2057-04-18 07:00:00,0.0,319.990760496751
2057-04-18 08:00:00,0.0,321.24398801827874
2057-04-18 09:00:00,0.0,303.6988027168903
2057-04-18 10:00:00,0.0,266.51971957823383
2057-04-18 11:00:00,0.0,208.45351108078165
2057-04-18 12:00:00,0.0,130.75340474606145
2057-04-18 13:00:00,0.0,44.69844826782292
2057-04-18 14:00:00,0.0,0.0
2057-04-18 15:00:00,0.0,0.0
2057-04-18 16:00:00,0.0,0.0
2057-04-18 17:00:00,0.0,0.0
2057-04-18 18:00:00,0.0,0.0
2057-04-18 19:00:00,0.0,0.0
2057-04-18 20:00:00,0.0,0.0
2057-04-18 21:00:00,0.0,0.0
2057-04-18 22:00:00,0.0,0.0
2057-04-18 23:00:00,0.0,0.0
2057-04-19 00:00:00,0.0,0.0
2057-04-19 01:00:00,0.0,0.0
2057-04-19 02:00:00,0.0,22.1403528803235
2057-04-19 03:00:00,0.0,105.68885431550653
2057-04-19 04:00:00,0.0,188.40187073633774
2057-04-19 05:00:00,0.0,251.89873182707686
2057-04-19 06:00:00,0.0,294.5084675590202
2057-04-19 07:00:00,0.0,315.3955929178159
2057-04-19 08:00:00,0.0,317.06656294651964
2057-04-19 09:00:00,0.0,299.52137764513117
2057-04-19 10:00:00,0.0,262.7600370136507
2057-04-19 11:00:00,0.0,205.52931353055027
2057-04-19 12:00:00,0.0,129.08243471735778
2057-04-19 13:00:00,0.0,44.280705760647
2057-04-19 14:00:00,0.0,0.0
2057-04-19 15:00:00,0.0,0.0
2057-04-19 16:00:00,0.0,0.0
2057-04-19 17:00:00,0.0,0.0
2057-04-19 18:00:00,0.0,0.0
2057-04-19 19:00:00,0.0,0.0
2057-04-19 20:00:00,0.0,0.0
2057-04-19 21:00:00,0.0,0.0
2057-04-19 22:00:00,0.0,0.0
2057-04-19 23:00:00,0.0,0.0
2057-04-20 00:00:00,0.0,0.0
2057-04-20 01:00:00,0.0,0.0
2057-04-20 02:00:00,0.0,22.1403528803235
2057-04-20 03:00:00,0.0,104.85336930115471
2057-04-20 04:00:00,0.0,187.14864321481002
2057-04-20 05:00:00,0.0,250.22776179837317
2057-04-20 06:00:00,0.0,292.00201251596474
2057-04-20 07:00:00,0.0,312.8891378747605
2057-04-20 08:00:00,0.0,314.9778504106401
2057-04-20 09:00:00,0.0,297.8504076164275
2057-04-20 10:00:00,0.0,261.08906698494695
2057-04-20 11:00:00,0.0,203.4406009946707
2057-04-20 12:00:00,0.0,127.41146468865414
2057-04-20 13:00:00,0.0,43.44522074629518
2057-04-20 14:00:00,0.0,0.0
2057-04-20 15:00:00,0.0,0.0
2057-04-20 16:00:00,0.0,0.0
2057-04-20 17:00:00,0.0,0.0
2057-04-20 18:00:00,0.0,0.0
2057-04-20 19:00:00,0.0,0.0
2057-04-20 20:00:00,0.0,0.0
2057-04-20 21:00:00,0.0,0.0
2057-04-20 22:00:00,0.0,0.0
2057-04-20 23:00:00,0.0,0.0
2057-04-21 00:00:00,0.0,0.0
2057-04-21 01:00:00,0.0,0.0
2057-04-21 02:00:00,0.0,22.1403528803235
2057-04-21 03:00:00,0.0,104.4356267939788
2057-04-21 04:00:00,0.0,186.31315820045816
2057-04-21 05:00:00,0.0,249.39227678402136
2057-04-21 06:00:00,0.0,289.9132999800851
2057-04-21 07:00:00,0.0,310.382682831705
2057-04-21 08:00:00,0.0,312.05365286040865
2057-04-21 09:00:00,0.0,295.34395257337206
2057-04-21 10:00:00,0.0,258.58261194189146
2057-04-21 11:00:00,0.0,201.76963096596702
2057-04-21 12:00:00,0.0,126.15823716712639
2057-04-21 13:00:00,0.0,43.44522074629518
2057-04-21 14:00:00,0.0,0.0
2057-04-21 15:00:00,0.0,0.0
2057-04-21 16:00:00,0.0,0.0
2057-04-21 17:00:00,0.0,0.0
2057-04-21 18:00:00,0.0,0.0
2057-04-21 19:00:00,0.0,0.0
2057-04-21 20:00:00,0.0,0.0
2057-04-21 21:00:00,0.0,0.0
2057-04-21 22:00:00,0.0,0.0
2057-04-21 23:00:00,0.0,0.0
2057-04-22 00:00:00,0.0,0.0
2057-04-22 01:00:00,0.0,0.0
2057-04-22 02:00:00,0.0,22.558095387499417
2057-04-22 03:00:00,0.0,104.85336930115471
2057-04-22 04:00:00,0.0,186.7309007076341
2057-04-22 05:00:00,0.0,249.81001929119725
2057-04-22 06:00:00,0.0,291.5842700087888
2057-04-22 07:00:00,0.0,312.47139536758453
2057-04-22 08:00:00,0.0,314.5601079034641
2057-04-22 09:00:00,0.0,296.5971800948998
2057-04-22 10:00:00,0.0,259.83583946341923
2057-04-22 11:00:00,0.0,203.02285848749477
2057-04-22 12:00:00,0.0,126.9937221814782
2057-04-22 13:00:00,0.0,43.862963253471094
2057-04-22 14:00:00,0.0,0.0
2057-04-22 15:00:00,0.0,0.0
2057-04-22 16:00:00,0.0,0.0
2057-04-22 17:00:00,0.0,0.0
2057-04-22 18:00:00,0.0,0.0
2057-04-22 19:00:00,0.0,0.0
2057-04-22 20:00:00,0.0,0.0
2057-04-22 21:00:00,0.0,0.0
2057-04-22 22:00:00,0.0,0.0
2057-04-22 23:00:00,0.0,0.0
2057-04-23 00:00:00,0.0,0.0
2057-04-23 01:00:00,0.0,0.0
2057-04-23 02:00:00,0.0,23.39358040185125
2057-04-23 03:00:00,0.0,106.94208183703428
2057-04-23 04:00:00,0.0,189.23735575068955
2057-04-23 05:00:00,0.0,252.73421684142866
2057-04-23 06:00:00,0.0,294.5084675590202
2057-04-23 07:00:00,0.0,314.9778504106401
2057-04-23 08:00:00,0.0,316.64882043934364
2057-04-23 09:00:00,0.0,299.1036351379552
2057-04-23 10:00:00,0.0,262.34229450647473
2057-04-23 11:00:00,0.0,205.52931353055027
2057-04-23 12:00:00,0.0,129.08243471735778
2057-04-23 13:00:00,0.0,44.69844826782292
2057-04-23 14:00:00,0.0,0.0
2057-04-23 15:00:00,0.0,0.0
2057-04-23 16:00:00,0.0,0.0
2057-04-23 17:00:00,0.0,0.0
2057-04-23 18:00:00,0.0,0.0
2057-04-23 19:00:00,0.0,0.0
2057-04-23 20:00:00,0.0,0.0
2057-04-23 21:00:00,0.0,0.0
2057-04-23 22:00:00,0.0,0.0
2057-04-23 23:00:00,0.0,0.0
2057-04-24 00:00:00,0.0,0.0
2057-04-24 01:00:00,0.0,0.0
2057-04-24 02:00:00,0.0,23.39358040185125
2057-04-24 03:00:00,0.0,103.18239927245104
2057-04-24 04:00:00,0.0,182.97121814305083
2057-04-24 05:00:00,0.0,244.3793666979104
2057-04-24 06:00:00,0.0,285.3181324011501
2057-04-24 07:00:00,0.0,305.36977274559393
2057-04-24 08:00:00,0.0,305.78751525276994
2057-04-24 09:00:00,0.0,284.0649048796223
2057-04-24 10:00:00,0.0,245.63259421943812
2057-04-24 11:00:00,0.0,187.14864321481002
2057-04-24 12:00:00,0.0,112.37273443032117
2057-04-24 13:00:00,0.0,36.34359812430462
2057-04-24 14:00:00,0.0,0.0
2057-04-24 15:00:00,0.0,0.0
2057-04-24 16:00:00,0.0,0.0
2057-04-24 17:00:00,0.0,0.0
2057-04-24 18:00:00,0.0,0.0
2057-04-24 19:00:00,0.0,0.0
2057-04-24 20:00:00,0.0,0.0
2057-04-24 21:00:00,0.0,0.0
2057-04-24 22:00:00,0.0,0.0
2057-04-24 23:00:00,0.0,0.0
2057-04-25 00:00:00,0.0,0.0
2057-04-25 01:00:00,0.0,0.0
2057-04-25 02:00:00,0.0,18.380670315740264
2057-04-25 03:00:00,0.0,89.39689653564584
2057-04-25 04:00:00,0.0,168.35023039189383
2057-04-25 05:00:00,0.0,232.26483398980886
2057-04-25 06:00:00,0.0,276.5455397504559
2057-04-25 07:00:00,0.0,297.8504076164275
2057-04-25 08:00:00,0.0,299.1036351379552
2057-04-25 09:00:00,0.0,284.9003898939742
2057-04-25 10:00:00,0.0,247.3035642481418
2057-04-25 11:00:00,0.0,190.0728407650414
2057-04-25 12:00:00,0.0,115.71467448772849
2057-04-25 13:00:00,0.0,39.267795674536025
2057-04-25 14:00:00,0.0,0.0
2057-04-25 15:00:00,0.0,0.0
2057-04-25 16:00:00,0.0,0.0
2057-04-25 17:00:00,0.0,0.0
2057-04-25 18:00:00,0.0,0.0
2057-04-25 19:00:00,0.0,0.0
2057-04-25 20:00:00,0.0,0.0
2057-04-25 21:00:00,0.0,0.0
2057-04-25 22:00:00,0.0,0.0
2057-04-25 23:00:00,0.0,0.0
2057-04-26 00:00:00,0.0,0.0
2057-04-26 01:00:00,0.0,0.0
2057-04-26 02:00:00,0.0,20.469382851619844
2057-04-26 03:00:00,0.0,94.82754912893274
2057-04-26 04:00:00,0.0,174.61636799953254
2057-04-26 05:00:00,0.0,238.11322909027166
2057-04-26 06:00:00,0.0,284.48264738679825
2057-04-26 07:00:00,0.0,304.95203023841805
2057-04-26 08:00:00,0.0,306.62300026712177
2057-04-26 09:00:00,0.0,290.74878499443696
2057-04-26 10:00:00,0.0,253.15195934860458
2057-04-26 11:00:00,0.0,195.50349335832829
2057-04-26 12:00:00,0.0,120.30984206666356
2057-04-26 13:00:00,0.0,40.93876570323969
2057-04-26 14:00:00,0.0,0.0
2057-04-26 15:00:00,0.0,0.0
2057-04-26 16:00:00,0.0,0.0
2057-04-26 17:00:00,0.0,0.0
2057-04-26 18:00:00,0.0,0.0
2057-04-26 19:00:00,0.0,0.0
2057-04-26 20:00:00,0.0,0.0
2057-04-26 21:00:00,0.0,0.0
2057-04-26 22:00:00,0.0,0.0
2057-04-26 23:00:00,0.0,0.0
2057-04-27 00:00:00,0.0,0.0
2057-04-27 01:00:00,0.0,0.0
2057-04-27 02:00:00,0.0,21.72261037314759
2057-04-27 03:00:00,0.0,98.16948918634006
2057-04-27 04:00:00,0.0,178.37605056411576
2057-04-27 05:00:00,0.0,241.03742664050304
2057-04-27 06:00:00,0.0,284.0649048796223
2057-04-27 07:00:00,0.0,304.5342877312422
2057-04-27 08:00:00,0.0,306.20525775994577
2057-04-27 09:00:00,0.0,289.4955574729092
2057-04-27 10:00:00,0.0,252.73421684142866
2057-04-27 11:00:00,0.0,196.33897837268012
2057-04-27 12:00:00,0.0,121.98081209536723
2057-04-27 13:00:00,0.0,42.19199322476744
2057-04-27 14:00:00,0.0,0.0
2057-04-27 15:00:00,0.0,0.0
2057-04-27 16:00:00,0.0,0.0
2057-04-27 17:00:00,0.0,0.0
2057-04-27 18:00:00,0.0,0.0
2057-04-27 19:00:00,0.0,0.0
2057-04-27 20:00:00,0.0,0.0
2057-04-27 21:00:00,0.0,0.0
2057-04-27 22:00:00,0.0,0.0
2057-04-27 23:00:00,0.0,0.0
2057-04-28 00:00:00,0.0,0.0
2057-04-28 01:00:00,0.0,0.0
2057-04-28 02:00:00,0.0,22.975837894675333
2057-04-28 03:00:00,0.0,102.34691425809922
2057-04-28 04:00:00,0.0,183.38896065022675
2057-04-28 05:00:00,0.0,245.63259421943812
2057-04-28 06:00:00,0.0,284.9003898939742
2057-04-28 07:00:00,0.0,304.5342877312422
2057-04-28 08:00:00,0.0,305.36977274559393
2057-04-28 09:00:00,0.0,289.07781496573324
2057-04-28 10:00:00,0.0,253.15195934860458
2057-04-28 11:00:00,0.0,197.17446338703198
2057-04-28 12:00:00,0.0,123.23403961689498
2057-04-28 13:00:00,0.0,43.02747823911927
2057-04-28 14:00:00,0.0,0.0
2057-04-28 15:00:00,0.0,0.0
2057-04-28 16:00:00,0.0,0.0
2057-04-28 17:00:00,0.0,0.0
2057-04-28 18:00:00,0.0,0.0
2057-04-28 19:00:00,0.0,0.0
2057-04-28 20:00:00,0.0,0.0
2057-04-28 21:00:00,0.0,0.0
2057-04-28 22:00:00,0.0,0.0
2057-04-28 23:00:00,0.0,0.0
2057-04-29 00:00:00,0.0,0.0
2057-04-29 01:00:00,0.0,0.0
2057-04-29 02:00:00,0.0,23.39358040185125
2057-04-29 03:00:00,0.0,101.09368673657147
2057-04-29 04:00:00,0.0,180.46476309999534
2057-04-29 05:00:00,0.0,240.2019416261512
2057-04-29 06:00:00,0.0,279.0519947935113
2057-04-29 07:00:00,0.0,299.52137764513117
2057-04-29 08:00:00,0.0,301.19234767383483
2057-04-29 09:00:00,0.0,284.48264738679825
2057-04-29 10:00:00,0.0,248.97453427684545
2057-04-29 11:00:00,0.0,192.5792958080969
2057-04-29 12:00:00,0.0,119.05661454513583
2057-04-29 13:00:00,0.0,41.3565082104156
2057-04-29 14:00:00,0.0,0.0
2057-04-29 15:00:00,0.0,0.0
2057-04-29 16:00:00,0.0,0.0
2057-04-29 17:00:00,0.0,0.0
2057-04-29 18:00:00,0.0,0.0
2057-04-29 19:00:00,0.0,0.0
2057-04-29 20:00:00,0.0,0.0
2057-04-29 21:00:00,0.0,0.0
2057-04-29 22:00:00,0.0,0.0
2057-04-29 23:00:00,0.0,0.0
2057-04-30 00:00:00,0.0,0.0
2057-04-30 01:00:00,0.0,0.0
2057-04-30 02:00:00,0.0,20.469382851619844
2057-04-30 03:00:00,0.0,90.65012405717358
2057-04-30 04:00:00,0.0,167.514745377542
2057-04-30 05:00:00,0.0,228.92289393240148
2057-04-30 06:00:00,0.0,269.8616596356412
2057-04-30 07:00:00,0.0,291.1665275016128
2057-04-30 08:00:00,0.0,292.8374975303165
2057-04-30 09:00:00,0.0,275.710054736104
2057-04-30 10:00:00,0.0,238.9487141046235
2057-04-30 11:00:00,0.0,182.97121814305083
2057-04-30 12:00:00,0.0,111.11950690879344
2057-04-30 13:00:00,0.0,38.43231066018419
2057-04-30 14:00:00,0.0,0.0
2057-04-30 15:00:00,0.0,0.0
2057-04-30 16:00:00,0.0,0.0
2057-04-30 17:00:00,0.0,0.0
2057-04-30 18:00:00,0.0,0.0
2057-04-30 19:00:00,0.0,0.0
2057-04-30 20:00:00,0.0,0.0
2057-04-30 21:00:00,0.0,0.0
2057-04-30 22:00:00,0.0,0.0
2057-04-30 23:00:00,0.0,0.0
2057-05-01 00:00:00,0.0,0.0
2057-05-01 01:00:00,0.0,0.0
2057-05-01 02:00:00,0.0,22.1403528803235
2057-05-01 03:00:00,0.0,94.82754912893274
2057-05-01 04:00:00,0.0,171.27442794212521
2057-05-01 05:00:00,0.0,231.01160646828106
2057-05-01 06:00:00,0.0,271.11488715716894
2057-05-01 07:00:00,0.0,292.00201251596474
2057-05-01 08:00:00,0.0,294.0907250518443
2057-05-01 09:00:00,0.0,281.140707329391
2057-05-01 10:00:00,0.0,244.3793666979104
2057-05-01 11:00:00,0.0,187.98412822916183
2057-05-01 12:00:00,0.0,114.87918947337667
2057-05-01 13:00:00,0.0,39.68553818171194
2057-05-01 14:00:00,0.0,0.0
2057-05-01 15:00:00,0.0,0.0
2057-05-01 16:00:00,0.0,0.0
2057-05-01 17:00:00,0.0,0.0
2057-05-01 18:00:00,0.0,0.0
2057-05-01 19:00:00,0.0,0.0
2057-05-01 20:00:00,0.0,0.0
2057-05-01 21:00:00,0.0,0.0
2057-05-01 22:00:00,0.0,0.0
2057-05-01 23:00:00,0.0,0.0
2057-05-02 00:00:00,0.0,0.0
2057-05-02 01:00:00,0.0,0.0
2057-05-02 02:00:00,0.0,23.39358040185125
2057-05-02 03:00:00,0.0,102.76465676527513
2057-05-02 04:00:00,0.0,184.6421881717545
2057-05-02 05:00:00,0.0,246.05033672661403
2057-05-02 06:00:00,0.0,286.57135992267786
2057-05-02 07:00:00,0.0,304.95203023841805
2057-05-02 08:00:00,0.0,304.95203023841805
2057-05-02 09:00:00,0.0,286.98910242985374
2057-05-02 10:00:00,0.0,250.22776179837317
2057-05-02 11:00:00,0.0,193.83252332962462
2057-05-02 12:00:00,0.0,120.30984206666356
2057-05-02 13:00:00,0.0,42.19199322476744
2057-05-02 14:00:00,0.0,0.0
2057-05-02 15:00:00,0.0,0.0
2057-05-02 16:00:00,0.0,0.0
2057-05-02 17:00:00,0.0,0.0
2057-05-02 18:00:00,0.0,0.0
2057-05-02 19:00:00,0.0,0.0
2057-05-02 20:00:00,0.0,0.0
2057-05-02 21:00:00,0.0,0.0
2057-05-02 22:00:00,0.0,0.0
2057-05-02 23:00:00,0.0,0.0
2057-05-03 00:00:00,0.0,0.0
2057-05-03 01:00:00,0.0,0.0
2057-05-03 02:00:00,0.0,23.811322909027165
2057-05-03 03:00:00,0.0,101.09368673657147
2057-05-03 04:00:00,0.0,181.30024811434717
2057-05-03 05:00:00,0.0,242.29065416203076
2057-05-03 06:00:00,0.0,281.97619234374275
2057-05-03 07:00:00,0.0,302.8633177025385
2057-05-03 08:00:00,0.0,304.95203023841805
2057-05-03 09:00:00,0.0,291.1665275016128
2057-05-03 10:00:00,0.0,254.82292937730827
2057-05-03 11:00:00,0.0,198.42769090855973
2057-05-03 12:00:00,0.0,123.6517821240709
2057-05-03 13:00:00,0.0,43.44522074629518
2057-05-03 14:00:00,0.0,0.0
2057-05-03 15:00:00,0.0,0.0
2057-05-03 16:00:00,0.0,0.0
2057-05-03 17:00:00,0.0,0.0
2057-05-03 18:00:00,0.0,0.0
2057-05-03 19:00:00,0.0,0.0
2057-05-03 20:00:00,0.0,0.0
2057-05-03 21:00:00,0.0,0.0
2057-05-03 22:00:00,0.0,0.0
2057-05-03 23:00:00,0.0,0.0
2057-05-04 00:00:00,0.0,0.0
2057-05-04 01:00:00,0.0,0.0
2057-05-04 02:00:00,0.0,24.22906541620308
2057-05-04 03:00:00,0.0,101.09368673657147
2057-05-04 04:00:00,0.0,179.62927808564353
2057-05-04 05:00:00,0.0,241.03742664050304
2057-05-04 06:00:00,0.0,281.5584498365668
2057-05-04 07:00:00,0.0,302.02783268818666
2057-05-04 08:00:00,0.0,304.1165452240662
2057-05-04 09:00:00,0.0,288.24232995138146
2057-05-04 10:00:00,0.0,253.15195934860458
2057-05-04 11:00:00,0.0,198.42769090855973
2057-05-04 12:00:00,0.0,125.32275215277454
2057-05-04 13:00:00,0.0,45.116190774998834
2057-05-04 14:00:00,0.0,0.0
2057-05-04 15:00:00,0.0,0.0
2057-05-04 16:00:00,0.0,0.0
2057-05-04 17:00:00,0.0,0.0
2057-05-04 18:00:00,0.0,0.0
2057-05-04 19:00:00,0.0,0.0
2057-05-04 20:00:00,0.0,0.0
2057-05-04 21:00:00,0.0,0.0
2057-05-04 22:00:00,0.0,0.0
2057-05-04 23:00:00,0.0,0.0
2057-05-05 00:00:00,0.0,0.0
2057-05-05 01:00:00,0.0,0.0
2057-05-05 02:00:00,0.0,25.482292937730822
2057-05-05 03:00:00,0.0,105.27111180833062
2057-05-05 04:00:00,0.0,185.0599306789304
2057-05-05 05:00:00,0.0,245.63259421943812
2057-05-05 06:00:00,0.0,284.48264738679825
2057-05-05 07:00:00,0.0,305.78751525276994
2057-05-05 08:00:00,0.0,308.2939702958254
2057-05-05 09:00:00,0.0,292.00201251596474
2057-05-05 10:00:00,0.0,256.07615689883596
2057-05-05 11:00:00,0.0,200.51640344443928
2057-05-05 12:00:00,0.0,126.15823716712639
2057-05-05 13:00:00,0.0,45.116190774998834
2057-05-05 14:00:00,0.0,0.0
2057-05-05 15:00:00,0.0,0.0
2057-05-05 16:00:00,0.0,0.0
2057-05-05 17:00:00,0.0,0.0
2057-05-05 18:00:00,0.0,0.0
2057-05-05 19:00:00,0.0,0.0
2057-05-05 20:00:00,0.0,0.0
2057-05-05 21:00:00,0.0,0.0
2057-05-05 22:00:00,0.0,0.0
2057-05-05 23:00:00,0.0,0.0
2057-05-06 00:00:00,0.0,0.0
2057-05-06 01:00:00,0.0,0.0
2057-05-06 02:00:00,0.0,26.317777952082654
2057-05-06 03:00:00,0.0,106.52433932985836
2057-05-06 04:00:00,0.0,185.89541569328225
2057-05-06 05:00:00,0.0,243.96162419073445
2057-05-06 06:00:00,0.0,282.8116773580945
2057-05-06 07:00:00,0.0,302.8633177025385
2057-05-06 08:00:00,0.0,304.1165452240662
2057-05-06 09:00:00,0.0,287.40684493702963
2057-05-06 10:00:00,0.0,251.89873182707686
2057-05-06 11:00:00,0.0,196.33897837268012
2057-05-06 12:00:00,0.0,123.23403961689498
2057-05-06 13:00:00,0.0,43.862963253471094
2057-05-06 14:00:00,0.0,0.0
2057-05-06 15:00:00,0.0,0.0
2057-05-06 16:00:00,0.0,0.0
2057-05-06 17:00:00,0.0,0.0
2057-05-06 18:00:00,0.0,0.0
2057-05-06 19:00:00,0.0,0.0
2057-05-06 20:00:00,0.0,0.0
2057-05-06 21:00:00,0.0,0.0
2057-05-06 22:00:00,0.0,0.0
2057-05-06 23:00:00,0.0,0.0
2057-05-07 00:00:00,0.0,0.0
2057-05-07 01:00:00,0.0,0.0
2057-05-07 02:00:00,0.0,23.811322909027165
2057-05-07 03:00:00,0.0,95.24529163610866
2057-05-07 04:00:00,0.0,170.8566854349493
2057-05-07 05:00:00,0.0,231.01160646828106
2057-05-07 06:00:00,0.0,274.87456972175215
2057-05-07 07:00:00,0.0,294.92621006619606
2057-05-07 08:00:00,0.0,296.1794375877239
2057-05-07 09:00:00,0.0,280.722964822215
2057-05-07 10:00:00,0.0,244.79710920508631
2057-05-07 11:00:00,0.0,189.23735575068955
2057-05-07 12:00:00,0.0,117.38564451643215
2057-05-07 13:00:00,0.0,41.774250717591514
2057-05-07 14:00:00,0.0,0.0
2057-05-07 15:00:00,0.0,0.0
2057-05-07 16:00:00,0.0,0.0
2057-05-07 17:00:00,0.0,0.0
2057-05-07 18:00:00,0.0,0.0
2057-05-07 19:00:00,0.0,0.0
2057-05-07 20:00:00,0.0,0.0
2057-05-07 21:00:00,0.0,0.0
2057-05-07 22:00:00,0.0,0.0
2057-05-07 23:00:00,0.0,0.0
2057-05-08 00:00:00,0.0,0.0
2057-05-08 01:00:00,0.0,0.0
2057-05-08 02:00:00,0.0,21.72261037314759
2057-05-08 03:00:00,0.0,88.97915402846994
2057-05-08 04:00:00,0.0,162.91957779860692
2057-05-08 05:00:00,0.0,223.07449883193866
2057-05-08 06:00:00,0.0,264.8487495495302
2057-05-08 07:00:00,0.0,286.98910242985374
2057-05-08 08:00:00,0.0,290.331042487261
2057-05-08 09:00:00,0.0,279.88747980786314
2057-05-08 10:00:00,0.0,244.3793666979104
2057-05-08 11:00:00,0.0,189.23735575068955
2057-05-08 12:00:00,0.0,117.80338702360805
2057-05-08 13:00:00,0.0,42.609735731943346
2057-05-08 14:00:00,0.0,0.0
2057-05-08 15:00:00,0.0,0.0
2057-05-08 16:00:00,0.0,0.0
2057-05-08 17:00:00,0.0,0.0
2057-05-08 18:00:00,0.0,0.0
2057-05-08 19:00:00,0.0,0.0
2057-05-08 20:00:00,0.0,0.0
2057-05-08 21:00:00,0.0,0.0
2057-05-08 22:00:00,0.0,0.0
2057-05-08 23:00:00,0.0,0.0
2057-05-09 00:00:00,0.0,0.0
2057-05-09 01:00:00,0.0,0.0
2057-05-09 02:00:00,0.0,24.646807923378997
2057-05-09 03:00:00,0.0,96.91626166481231
2057-05-09 04:00:00,0.0,172.94539797082885
2057-05-09 05:00:00,0.0,232.26483398980886
2057-05-09 06:00:00,0.0,275.710054736104
2057-05-09 07:00:00,0.0,296.1794375877239
2057-05-09 08:00:00,0.0,297.0149226020756
2057-05-09 09:00:00,0.0,279.46973730068726
2057-05-09 10:00:00,0.0,243.12613917638262
2057-05-09 11:00:00,0.0,187.56638572198588
2057-05-09 12:00:00,0.0,116.13241699490443
2057-05-09 13:00:00,0.0,42.19199322476744
2057-05-09 14:00:00,0.0,0.0
2057-05-09 15:00:00,0.0,0.0
2057-05-09 16:00:00,0.0,0.0
2057-05-09 17:00:00,0.0,0.0
2057-05-09 18:00:00,0.0,0.0
2057-05-09 19:00:00,0.0,0.0
2057-05-09 20:00:00,0.0,0.0
2057-05-09 21:00:00,0.0,0.0
2057-05-09 22:00:00,0.0,0.0
2057-05-09 23:00:00,0.0,0.0
2057-05-10 00:00:00,0.0,0.0
2057-05-10 01:00:00,0.0,0.0
2057-05-10 02:00:00,0.0,25.06455043055491
2057-05-10 03:00:00,0.0,98.16948918634006
2057-05-10 04:00:00,0.0,174.1986254923566
2057-05-10 05:00:00,0.0,233.93580401851253
2057-05-10 06:00:00,0.0,273.62134220022443
2057-05-10 07:00:00,0.0,293.2552400374924
2057-05-10 08:00:00,0.0,294.5084675590202
2057-05-10 09:00:00,0.0,278.21650977915954
2057-05-10 10:00:00,0.0,242.29065416203076
2057-05-10 11:00:00,0.0,187.14864321481002
2057-05-10 12:00:00,0.0,116.13241699490443
2057-05-10 13:00:00,0.0,42.19199322476744
2057-05-10 14:00:00,0.0,0.0
2057-05-10 15:00:00,0.0,0.0
2057-05-10 16:00:00,0.0,0.0
2057-05-10 17:00:00,0.0,0.0
2057-05-10 18:00:00,0.0,0.0
2057-05-10 19:00:00,0.0,0.0
2057-05-10 20:00:00,0.0,0.0
2057-05-10 21:00:00,0.0,0.0
2057-05-10 22:00:00,0.0,0.0
2057-05-10 23:00:00,0.0,0.0
2057-05-11 00:00:00,0.0,0.0
2057-05-11 01:00:00,0.0,0.0
2057-05-11 02:00:00,0.0,24.646807923378997
2057-05-11 03:00:00,0.0,95.66303414328456
2057-05-11 04:00:00,0.0,170.43894292777338
2057-05-11 05:00:00,0.0,230.17612145392926
2057-05-11 06:00:00,0.0,271.9503721715208
2057-05-11 07:00:00,0.0,292.00201251596474
2057-05-11 08:00:00,0.0,293.67298254466834
2057-05-11 09:00:00,0.0,278.6342522863354
2057-05-11 10:00:00,0.0,242.7083966692067
2057-05-11 11:00:00,0.0,188.40187073633774
2057-05-11 12:00:00,0.0,116.96790200925624
2057-05-11 13:00:00,0.0,42.19199322476744
2057-05-11 14:00:00,0.0,0.0
2057-05-11 15:00:00,0.0,0.0
2057-05-11 16:00:00,0.0,0.0
2057-05-11 17:00:00,0.0,0.0
2057-05-11 18:00:00,0.0,0.0
2057-05-11 19:00:00,0.0,0.0
2057-05-11 20:00:00,0.0,0.0
2057-05-11 21:00:00,0.0,0.0
2057-05-11 22:00:00,0.0,0.0
2057-05-11 23:00:00,0.0,0.0
2057-05-12 00:00:00,0.0,0.0
2057-05-12 01:00:00,0.0,0.0
2057-05-12 02:00:00,0.0,25.482292937730822
2057-05-12 03:00:00,0.0,96.91626166481231
2057-05-12 04:00:00,0.0,172.52765546365293
2057-05-12 05:00:00,0.0,231.84709148263295
2057-05-12 06:00:00,0.0,272.7858571858726
2057-05-12 07:00:00,0.0,293.67298254466834
2057-05-12 08:00:00,0.0,296.5971800948998
2057-05-12 09:00:00,0.0,280.3052223150391
2057-05-12 10:00:00,0.0,245.63259421943812
2057-05-12 11:00:00,0.0,191.74381079374504
2057-05-12 12:00:00,0.0,120.72758457383947
2057-05-12 13:00:00,0.0,44.69844826782292
2057-05-12 14:00:00,0.0,0.0
2057-05-12 15:00:00,0.0,0.0
2057-05-12 16:00:00,0.0,0.0
2057-05-12 17:00:00,0.0,0.0
2057-05-12 18:00:00,0.0,0.0
2057-05-12 19:00:00,0.0,0.0
2057-05-12 20:00:00,0.0,0.0
2057-05-12 21:00:00,0.0,0.0
2057-05-12 22:00:00,0.0,0.0
2057-05-12 23:00:00,0.0,0.0
2057-05-13 00:00:00,0.0,0.0
2057-05-13 01:00:00,0.0,0.0
2057-05-13 02:00:00,0.0,25.06455043055491
2057-05-13 03:00:00,0.0,96.08077665046048
2057-05-13 04:00:00,0.0,170.02120042059744
2057-05-13 05:00:00,0.0,229.34063643957742
2057-05-13 06:00:00,0.0,273.62134220022443
2057-05-13 07:00:00,0.0,293.2552400374924
2057-05-13 08:00:00,0.0,294.0907250518443
2057-05-13 09:00:00,0.0,278.21650977915954
2057-05-13 10:00:00,0.0,241.87291165485485
2057-05-13 11:00:00,0.0,187.14864321481002
2057-05-13 12:00:00,0.0,116.55015950208033
2057-05-13 13:00:00,0.0,42.609735731943346
2057-05-13 14:00:00,0.0,0.0
2057-05-13 15:00:00,0.0,0.0
2057-05-13 16:00:00,0.0,0.0
2057-05-13 17:00:00,0.0,0.0
2057-05-13 18:00:00,0.0,0.0
2057-05-13 19:00:00,0.0,0.0
2057-05-13 20:00:00,0.0,0.0
2057-05-13 21:00:00,0.0,0.0
2057-05-13 22:00:00,0.0,0.0
2057-05-13 23:00:00,0.0,0.0
2057-05-14 00:00:00,0.0,0.0
2057-05-14 01:00:00,0.0,0.0
2057-05-14 02:00:00,0.0,25.06455043055491
2057-05-14 03:00:00,0.0,95.24529163610866
2057-05-14 04:00:00,0.0,168.76797289906975
2057-05-14 05:00:00,0.0,227.66966641087376
2057-05-14 06:00:00,0.0,269.8616596356412
2057-05-14 07:00:00,0.0,289.07781496573324
2057-05-14 08:00:00,0.0,289.9132999800851
2057-05-14 09:00:00,0.0,272.7858571858726
2057-05-14 10:00:00,0.0,236.442259061568
2057-05-14 11:00:00,0.0,181.7179906215231
2057-05-14 12:00:00,0.0,111.95499192314526
2057-05-14 13:00:00,0.0,40.93876570323969
2057-05-14 14:00:00,0.0,0.0
2057-05-14 15:00:00,0.0,0.0
2057-05-14 16:00:00,0.0,0.0
2057-05-14 17:00:00,0.0,0.0
2057-05-14 18:00:00,0.0,0.0
2057-05-14 19:00:00,0.0,0.0
2057-05-14 20:00:00,0.0,0.0
2057-05-14 21:00:00,0.0,0.0
2057-05-14 22:00:00,0.0,0.0
2057-05-14 23:00:00,0.0,0.0
2057-05-15 00:00:00,0.0,0.0
2057-05-15 01:00:00,0.0,0.0
2057-05-15 02:00:00,0.0,23.39358040185125
2057-05-15 03:00:00,0.0,90.65012405717358
2057-05-15 04:00:00,0.0,162.50183529143098
2057-05-15 05:00:00,0.0,221.40352880323502
2057-05-15 06:00:00,0.0,262.34229450647473
2057-05-15 07:00:00,0.0,282.3939348509187
2057-05-15 08:00:00,0.0,282.8116773580945
2057-05-15 09:00:00,0.0,268.60843211411344
2057-05-15 10:00:00,0.0,231.42934897545697
2057-05-15 11:00:00,0.0,177.122823042588
2057-05-15 12:00:00,0.0,108.61305186573794
2057-05-15 13:00:00,0.0,40.10328068888786
2057-05-15 14:00:00,0.0,0.0
2057-05-15 15:00:00,0.0,0.0
2057-05-15 16:00:00,0.0,0.0
2057-05-15 17:00:00,0.0,0.0
2057-05-15 18:00:00,0.0,0.0
2057-05-15 19:00:00,0.0,0.0
2057-05-15 20:00:00,0.0,0.0
2057-05-15 21:00:00,0.0,0.0
2057-05-15 22:00:00,0.0,0.0
2057-05-15 23:00:00,0.0,0.0
2057-05-16 00:00:00,0.0,0.0
2057-05-16 01:00:00,0.0,0.0
2057-05-16 02:00:00,0.0,17.545185301388436
2057-05-16 03:00:00,0.0,71.4339687270815
2057-05-16 04:00:00,0.0,134.5130873106447
2057-05-16 05:00:00,0.0,192.16155330092096
2057-05-16 06:00:00,0.0,244.79710920508631
2057-05-16 07:00:00,0.0,267.77294709976155
2057-05-16 08:00:00,0.0,271.9503721715208
2057-05-16 09:00:00,0.0,257.32938442036374
2057-05-16 10:00:00,0.0,218.06158874582772
2057-05-16 11:00:00,0.0,163.33732030578284
2057-05-16 12:00:00,0.0,98.16948918634006
2057-05-16 13:00:00,0.0,35.50811310995279
2057-05-16 14:00:00,0.0,0.0
2057-05-16 15:00:00,0.0,0.0
2057-05-16 16:00:00,0.0,0.0
2057-05-16 17:00:00,0.0,0.0
2057-05-16 18:00:00,0.0,0.0
2057-05-16 19:00:00,0.0,0.0
2057-05-16 20:00:00,0.0,0.0
2057-05-16 21:00:00,0.0,0.0
2057-05-16 22:00:00,0.0,0.0
2057-05-16 23:00:00,0.0,0.0
2057-05-17 00:00:00,0.0,0.0
2057-05-17 01:00:00,0.0,0.0
2057-05-17 02:00:00,0.0,21.304867865971673
2057-05-17 03:00:00,0.0,86.89044149259036
2057-05-17 04:00:00,0.0,157.48892520532004
2057-05-17 05:00:00,0.0,215.97287620994814
2057-05-17 06:00:00,0.0,255.6584143916601
2057-05-17 07:00:00,0.0,276.12779724327993
2057-05-17 08:00:00,0.0,278.6342522863354
2057-05-17 09:00:00,0.0,270.69714464999305
2057-05-17 10:00:00,0.0,235.60677404721616
2057-05-17 11:00:00,0.0,182.13573312869903
2057-05-17 12:00:00,0.0,112.7904769374971
2057-05-17 13:00:00,0.0,42.19199322476744
2057-05-17 14:00:00,0.0,0.0
2057-05-17 15:00:00,0.0,0.0
2057-05-17 16:00:00,0.0,0.0
2057-05-17 17:00:00,0.0,0.0
2057-05-17 18:00:00,0.0,0.0
2057-05-17 19:00:00,0.0,0.0
2057-05-17 20:00:00,0.0,0.0
2057-05-17 21:00:00,0.0,0.0
2057-05-17 22:00:00,0.0,0.0
2057-05-17 23:00:00,0.0,0.0
2057-05-18 00:00:00,0.0,0.0
2057-05-18 01:00:00,0.0,0.0
2057-05-18 02:00:00,0.0,24.646807923378997
2057-05-18 03:00:00,0.0,88.561411521294
2057-05-18 04:00:00,0.0,153.31150013356088
2057-05-18 05:00:00,0.0,205.52931353055027
2057-05-18 06:00:00,0.0,248.1390492624936
2057-05-18 07:00:00,0.0,264.8487495495302
2057-05-18 08:00:00,0.0,263.17777952082656
2057-05-18 09:00:00,0.0,248.97453427684545
2057-05-18 10:00:00,0.0,216.39061871712406
2057-05-18 11:00:00,0.0,157.0711826981441
2057-05-18 12:00:00,0.0,105.68885431550653
2057-05-18 13:00:00,0.0,40.93876570323969
2057-05-18 14:00:00,0.0,0.0
2057-05-18 15:00:00,0.0,0.0
2057-05-18 16:00:00,0.0,0.0
2057-05-18 17:00:00,0.0,0.0
2057-05-18 18:00:00,0.0,0.0
2057-05-18 19:00:00,0.0,0.0
2057-05-18 20:00:00,0.0,0.0
2057-05-18 21:00:00,0.0,0.0
2057-05-18 22:00:00,0.0,0.0
2057-05-18 23:00:00,0.0,0.0
2057-05-19 00:00:00,0.0,0.0
2057-05-19 01:00:00,0.0,0.0
2057-05-19 02:00:00,0.0,24.646807923378997
2057-05-19 03:00:00,0.0,91.06786656434952
2057-05-19 04:00:00,0.0,159.5776377411996
2057-05-19 05:00:00,0.0,213.88416367406856
2057-05-19 06:00:00,0.0,251.063246812725
2057-05-19 07:00:00,0.0,258.58261194189146
2057-05-19 08:00:00,0.0,220.5680437888832
2057-05-19 09:00:00,0.0,219.31481626735547
2057-05-19 10:00:00,0.0,214.30190618124445
2057-05-19 11:00:00,0.0,174.61636799953254
2057-05-19 12:00:00,0.0,110.70176440161751
2057-05-19 13:00:00,0.0,40.521023196063766
2057-05-19 14:00:00,0.0,0.0
2057-05-19 15:00:00,0.0,0.0
2057-05-19 16:00:00,0.0,0.0
2057-05-19 17:00:00,0.0,0.0
2057-05-19 18:00:00,0.0,0.0
2057-05-19 19:00:00,0.0,0.0
2057-05-19 20:00:00,0.0,0.0
2057-05-19 21:00:00,0.0,0.0
2057-05-19 22:00:00,0.0,0.0
2057-05-19 23:00:00,0.0,0.0
2057-05-20 00:00:00,0.0,0.0
2057-05-20 01:00:00,0.0,0.0
2057-05-20 02:00:00,0.0,15.038730258332945
2057-05-20 03:00:00,0.0,60.57266354050769
2057-05-20 04:00:00,0.0,124.0695246312468
2057-05-20 05:00:00,0.0,185.89541569328225
2057-05-20 06:00:00,0.0,230.59386396110517
2057-05-20 07:00:00,0.0,259.4180969562433
2057-05-20 08:00:00,0.0,256.91164191318785
2057-05-20 09:00:00,0.0,234.35354652568844
2057-05-20 10:00:00,0.0,195.9212358655042
2057-05-20 11:00:00,0.0,150.38730258332947
2057-05-20 12:00:00,0.0,94.82754912893274
2057-05-20 13:00:00,0.0,36.761340631480536
2057-05-20 14:00:00,0.0,0.0
2057-05-20 15:00:00,0.0,0.0
2057-05-20 16:00:00,0.0,0.0
2057-05-20 17:00:00,0.0,0.0
2057-05-20 18:00:00,0.0,0.0
2057-05-20 19:00:00,0.0,0.0
2057-05-20 20:00:00,0.0,0.0
2057-05-20 21:00:00,0.0,0.0
2057-05-20 22:00:00,0.0,0.0
2057-05-20 23:00:00,0.0,0.0
2057-05-21 00:00:00,0.0,0.0
2057-05-21 01:00:00,0.0,0.0
2057-05-21 02:00:00,0.0,24.646807923378997
2057-05-21 03:00:00,0.0,94.40980662175683
2057-05-21 04:00:00,0.0,170.8566854349493
2057-05-21 05:00:00,0.0,231.01160646828106
2057-05-21 06:00:00,0.0,269.8616596356412
2057-05-21 07:00:00,0.0,286.98910242985374
2057-05-21 08:00:00,0.0,287.40684493702963
2057-05-21 09:00:00,0.0,271.9503721715208
2057-05-21 10:00:00,0.0,238.53097159744758
2057-05-21 11:00:00,0.0,185.89541569328225
2057-05-21 12:00:00,0.0,118.221129530784
2057-05-21 13:00:00,0.0,44.69844826782292
2057-05-21 14:00:00,0.0,0.41774250717591516
2057-05-21 15:00:00,0.0,0.0
2057-05-21 16:00:00,0.0,0.0
2057-05-21 17:00:00,0.0,0.0
2057-05-21 18:00:00,0.0,0.0
2057-05-21 19:00:00,0.0,0.0
2057-05-21 20:00:00,0.0,0.0
2057-05-21 21:00:00,0.0,0.0
2057-05-21 22:00:00,0.0,0.0
2057-05-21 23:00:00,0.0,0.0
2057-05-22 00:00:00,0.0,0.0
2057-05-22 01:00:00,0.0,0.0
2057-05-22 02:00:00,0.0,25.90003544490674
2057-05-22 03:00:00,0.0,89.81463904282177
2057-05-22 04:00:00,0.0,153.72924264073677
2057-05-22 05:00:00,0.0,209.70673860230943
2057-05-22 06:00:00,0.0,258.58261194189146
2057-05-22 07:00:00,0.0,281.5584498365668
2057-05-22 08:00:00,0.0,284.0649048796223
2057-05-22 09:00:00,0.0,265.68423456388206
2057-05-22 10:00:00,0.0,228.92289393240148
2057-05-22 11:00:00,0.0,172.52765546365293
2057-05-22 12:00:00,0.0,102.76465676527513
2057-05-22 13:00:00,0.0,38.85005316736011
2057-05-22 14:00:00,0.0,0.0
2057-05-22 15:00:00,0.0,0.0
2057-05-22 16:00:00,0.0,0.0
2057-05-22 17:00:00,0.0,0.0
2057-05-22 18:00:00,0.0,0.0
2057-05-22 19:00:00,0.0,0.0
2057-05-22 20:00:00,0.0,0.0
2057-05-22 21:00:00,0.0,0.0
2057-05-22 22:00:00,0.0,0.0
2057-05-22 23:00:00,0.0,0.0
2057-05-23 00:00:00,0.0,0.0
2057-05-23 01:00:00,0.0,0.0
2057-05-23 02:00:00,0.0,19.633897837268012
2057-05-23 03:00:00,0.0,76.44687881319248
2057-05-23 04:00:00,0.0,145.7921350043944
2057-05-23 05:00:00,0.0,201.76963096596702
2057-05-23 06:00:00,0.0,246.05033672661403
2057-05-23 07:00:00,0.0,269.4439171284653
2057-05-23 08:00:00,0.0,274.0390847074004
2057-05-23 09:00:00,0.0,258.58261194189146
2057-05-23 10:00:00,0.0,223.4922413391146
2057-05-23 11:00:00,0.0,173.7808829851807
2057-05-23 12:00:00,0.0,111.11950690879344
2057-05-23 13:00:00,0.0,43.44522074629518
2057-05-23 14:00:00,0.0,0.41774250717591516
2057-05-23 15:00:00,0.0,0.0
2057-05-23 16:00:00,0.0,0.0
2057-05-23 17:00:00,0.0,0.0
2057-05-23 18:00:00,0.0,0.0
2057-05-23 19:00:00,0.0,0.0
2057-05-23 20:00:00,0.0,0.0
2057-05-23 21:00:00,0.0,0.0
2057-05-23 22:00:00,0.0,0.0
2057-05-23 23:00:00,0.0,0.0
2057-05-24 00:00:00,0.0,0.0
2057-05-24 01:00:00,0.0,0.0
2057-05-24 02:00:00,0.0,24.646807923378997
2057-05-24 03:00:00,0.0,89.39689653564584
2057-05-24 04:00:00,0.0,157.9066677124959
2057-05-24 05:00:00,0.0,215.1373911955963
2057-05-24 06:00:00,0.0,255.2406718844842
2057-05-24 07:00:00,0.0,275.710054736104
2057-05-24 08:00:00,0.0,279.46973730068726
2057-05-24 09:00:00,0.0,268.19068960693755
2057-05-24 10:00:00,0.0,234.35354652568844
2057-05-24 11:00:00,0.0,182.55347563587495
2057-05-24 12:00:00,0.0,114.46144696620074
2057-05-24 13:00:00,0.0,43.44522074629518
2057-05-24 14:00:00,0.0,0.41774250717591516
2057-05-24 15:00:00,0.0,0.0
2057-05-24 16:00:00,0.0,0.0
2057-05-24 17:00:00,0.0,0.0
2057-05-24 18:00:00,0.0,0.0
2057-05-24 19:00:00,0.0,0.0
2057-05-24 20:00:00,0.0,0.0
2057-05-24 21:00:00,0.0,0.0
2057-05-24 22:00:00,0.0,0.0
2057-05-24 23:00:00,0.0,0.0
2057-05-25 00:00:00,0.0,0.0
2057-05-25 01:00:00,0.0,0.0
2057-05-25 02:00:00,0.0,26.317777952082654
2057-05-25 03:00:00,0.0,94.82754912893274
2057-05-25 04:00:00,0.0,166.26151785601425
2057-05-25 05:00:00,0.0,221.82127131041094
2057-05-25 06:00:00,0.0,264.0132645351784
2057-05-25 07:00:00,0.0,283.6471623724464
2057-05-25 08:00:00,0.0,285.735874908326
2057-05-25 09:00:00,0.0,270.69714464999305
2057-05-25 10:00:00,0.0,236.8600015687439
2057-05-25 11:00:00,0.0,184.6421881717545
2057-05-25 12:00:00,0.0,116.55015950208033
2057-05-25 13:00:00,0.0,44.69844826782292
2057-05-25 14:00:00,0.0,0.8354850143518303
2057-05-25 15:00:00,0.0,0.0
2057-05-25 16:00:00,0.0,0.0
2057-05-25 17:00:00,0.0,0.0
2057-05-25 18:00:00,0.0,0.0
2057-05-25 19:00:00,0.0,0.0
2057-05-25 20:00:00,0.0,0.0
2057-05-25 21:00:00,0.0,0.0
2057-05-25 22:00:00,0.0,0.0
2057-05-25 23:00:00,0.0,0.0
2057-05-26 00:00:00,0.0,0.0
2057-05-26 01:00:00,0.0,0.0
2057-05-26 02:00:00,0.0,26.73552045925857
2057-05-26 03:00:00,0.0,95.24529163610866
2057-05-26 04:00:00,0.0,163.75506281295876
2057-05-26 05:00:00,0.0,219.31481626735547
2057-05-26 06:00:00,0.0,262.34229450647473
2057-05-26 07:00:00,0.0,284.48264738679825
2057-05-26 08:00:00,0.0,288.24232995138146
2057-05-26 09:00:00,0.0,271.11488715716894
2057-05-26 10:00:00,0.0,236.02451655439208
2057-05-26 11:00:00,0.0,182.97121814305083
2057-05-26 12:00:00,0.0,116.55015950208033
2057-05-26 13:00:00,0.0,45.951675789350666
2057-05-26 14:00:00,0.0,0.8354850143518303
2057-05-26 15:00:00,0.0,0.0
2057-05-26 16:00:00,0.0,0.0
2057-05-26 17:00:00,0.0,0.0
2057-05-26 18:00:00,0.0,0.0
2057-05-26 19:00:00,0.0,0.0
2057-05-26 20:00:00,0.0,0.0
2057-05-26 21:00:00,0.0,0.0
2057-05-26 22:00:00,0.0,0.0
2057-05-26 23:00:00,0.0,0.0
2057-05-27 00:00:00,0.0,0.0
2057-05-27 01:00:00,0.0,0.0
2057-05-27 02:00:00,0.0,25.90003544490674
2057-05-27 03:00:00,0.0,90.65012405717358
2057-05-27 04:00:00,0.0,159.15989523402368
2057-05-27 05:00:00,0.0,218.06158874582772
2057-05-27 06:00:00,0.0,262.7600370136507
2057-05-27 07:00:00,0.0,287.40684493702963
2057-05-27 08:00:00,0.0,292.8374975303165
2057-05-27 09:00:00,0.0,279.0519947935113
2057-05-27 10:00:00,0.0,245.63259421943812
2057-05-27 11:00:00,0.0,192.5792958080969
2057-05-27 12:00:00,0.0,122.81629710971906
2057-05-27 13:00:00,0.0,47.204903310878414
2057-05-27 14:00:00,0.0,0.8354850143518303
2057-05-27 15:00:00,0.0,0.0
2057-05-27 16:00:00,0.0,0.0
2057-05-27 17:00:00,0.0,0.0
2057-05-27 18:00:00,0.0,0.0
2057-05-27 19:00:00,0.0,0.0
2057-05-27 20:00:00,0.0,0.0
2057-05-27 21:00:00,0.0,0.0
2057-05-27 22:00:00,0.0,0.0
2057-05-27 23:00:00,0.0,0.0
2057-05-28 00:00:00,0.0,0.0
2057-05-28 01:00:00,0.0,0.0
2057-05-28 02:00:00,0.0,25.482292937730822
2057-05-28 03:00:00,0.0,91.48560907152542
2057-05-28 04:00:00,0.0,165.4260328416624
2057-05-28 05:00:00,0.0,228.0874089180497
2057-05-28 06:00:00,0.0,269.4439171284653
2057-05-28 07:00:00,0.0,289.9132999800851
2057-05-28 08:00:00,0.0,291.5842700087888
2057-05-28 09:00:00,0.0,276.12779724327993
2057-05-28 10:00:00,0.0,243.54388168355854
2057-05-28 11:00:00,0.0,189.6550982578655
2057-05-28 12:00:00,0.0,113.62596195184892
2057-05-28 13:00:00,0.0,41.3565082104156
2057-05-28 14:00:00,0.0,0.8354850143518303
2057-05-28 15:00:00,0.0,0.0
2057-05-28 16:00:00,0.0,0.0
2057-05-28 17:00:00,0.0,0.0
2057-05-28 18:00:00,0.0,0.0
2057-05-28 19:00:00,0.0,0.0
2057-05-28 20:00:00,0.0,0.0
2057-05-28 21:00:00,0.0,0.0
2057-05-28 22:00:00,0.0,0.0
2057-05-28 23:00:00,0.0,0.0
2057-05-29 00:00:00,0.0,0.0
2057-05-29 01:00:00,0.0,0.0
2057-05-29 02:00:00,0.0,25.90003544490674
2057-05-29 03:00:00,0.0,90.65012405717358
2057-05-29 04:00:00,0.0,152.47601511920902
2057-05-29 05:00:00,0.0,209.70673860230943
2057-05-29 06:00:00,0.0,245.21485171226223
2057-05-29 07:00:00,0.0,271.5326296643448
2057-05-29 08:00:00,0.0,276.9632822576317
2057-05-29 09:00:00,0.0,264.0132645351784
2057-05-29 10:00:00,0.0,231.84709148263295
2057-05-29 11:00:00,0.0,181.30024811434717
2057-05-29 12:00:00,0.0,115.29693198055259
2057-05-29 13:00:00,0.0,45.53393328217476
2057-05-29 14:00:00,0.0,1.2532275215277455
2057-05-29 15:00:00,0.0,0.0
2057-05-29 16:00:00,0.0,0.0
2057-05-29 17:00:00,0.0,0.0
2057-05-29 18:00:00,0.0,0.0
2057-05-29 19:00:00,0.0,0.0
2057-05-29 20:00:00,0.0,0.0
2057-05-29 21:00:00,0.0,0.0
2057-05-29 22:00:00,0.0,0.0
2057-05-29 23:00:00,0.0,0.0
2057-05-30 00:00:00,0.0,0.0
2057-05-30 01:00:00,0.0,0.0
2057-05-30 02:00:00,0.0,27.5710054736104
2057-05-30 03:00:00,0.0,92.32109408587725
2057-05-30 04:00:00,0.0,161.6663502770792
2057-05-30 05:00:00,0.0,218.06158874582772
2057-05-30 06:00:00,0.0,257.7471269275397
2057-05-30 07:00:00,0.0,278.6342522863354
2057-05-30 08:00:00,0.0,281.97619234374275
2057-05-30 09:00:00,0.0,267.3552045925857
2057-05-30 10:00:00,0.0,234.35354652568844
2057-05-30 11:00:00,0.0,183.38896065022675
2057-05-30 12:00:00,0.0,116.55015950208033
2057-05-30 13:00:00,0.0,45.116190774998834
2057-05-30 14:00:00,0.0,0.8354850143518303
2057-05-30 15:00:00,0.0,0.0
2057-05-30 16:00:00,0.0,0.0
2057-05-30 17:00:00,0.0,0.0
2057-05-30 18:00:00,0.0,0.0
2057-05-30 19:00:00,0.0,0.0
2057-05-30 20:00:00,0.0,0.0
2057-05-30 21:00:00,0.0,0.0
2057-05-30 22:00:00,0.0,0.0
2057-05-30 23:00:00,0.0,0.0
2057-05-31 00:00:00,0.0,0.0
2057-05-31 01:00:00,0.0,0.0
2057-05-31 02:00:00,0.0,25.06455043055491
2057-05-31 03:00:00,0.0,81.87753140647938
2057-05-31 04:00:00,0.0,133.25985978911692
2057-05-31 05:00:00,0.0,179.62927808564353
2057-05-31 06:00:00,0.0,221.40352880323502
2057-05-31 07:00:00,0.0,241.87291165485485
2057-05-31 08:00:00,0.0,239.36645661179938
2057-05-31 09:00:00,0.0,210.95996612383715
2057-05-31 10:00:00,0.0,171.69217044930113
2057-05-31 11:00:00,0.0,126.15823716712639
2057-05-31 12:00:00,0.0,76.02913630601655
2057-05-31 13:00:00,0.0,30.07746051666589
2057-05-31 14:00:00,0.0,0.0
2057-05-31 15:00:00,0.0,0.0
2057-05-31 16:00:00,0.0,0.0
2057-05-31 17:00:00,0.0,0.0
2057-05-31 18:00:00,0.0,0.0
2057-05-31 19:00:00,0.0,0.0
2057-05-31 20:00:00,0.0,0.0
2057-05-31 21:00:00,0.0,0.0
2057-05-31 22:00:00,0.0,0.0
2057-05-31 23:00:00,0.0,0.0
2057-06-01 00:00:00,0.0,0.0
2057-06-01 01:00:00,0.0,0.0
2057-06-01 02:00:00,0.0,23.39358040185125
2057-06-01 03:00:00,0.0,79.37107636342388
2057-06-01 04:00:00,0.0,134.5130873106447
2057-06-01 05:00:00,0.0,182.55347563587495
2057-06-01 06:00:00,0.0,219.31481626735547
2057-06-01 07:00:00,0.0,231.84709148263295
2057-06-01 08:00:00,0.0,220.9857862960591
2057-06-01 09:00:00,0.0,200.51640344443928
2057-06-01 10:00:00,0.0,172.10991295647705
2057-06-01 11:00:00,0.0,138.69051238240385
2057-06-01 12:00:00,0.0,96.91626166481231
2057-06-01 13:00:00,0.0,41.774250717591514
2057-06-01 14:00:00,0.0,1.2532275215277455
2057-06-01 15:00:00,0.0,0.0
2057-06-01 16:00:00,0.0,0.0
2057-06-01 17:00:00,0.0,0.0
2057-06-01 18:00:00,0.0,0.0
2057-06-01 19:00:00,0.0,0.0
2057-06-01 20:00:00,0.0,0.0
2057-06-01 21:00:00,0.0,0.0
2057-06-01 22:00:00,0.0,0.0
2057-06-01 23:00:00,0.0,0.0
2057-06-02 00:00:00,0.0,0.0
2057-06-02 01:00:00,0.0,0.0
2057-06-02 02:00:00,0.0,17.127442794212524
2057-06-02 03:00:00,0.0,59.31943601897995
2057-06-02 04:00:00,0.0,107.3598243442102
2057-06-02 05:00:00,0.0,157.48892520532004
2057-06-02 06:00:00,0.0,203.02285848749477
2057-06-02 07:00:00,0.0,226.41643888934604
2057-06-02 08:00:00,0.0,225.5809538749942
2057-06-02 09:00:00,0.0,212.2131936453649
2057-06-02 10:00:00,0.0,179.62927808564353
2057-06-02 11:00:00,0.0,134.5130873106447
2057-06-02 12:00:00,0.0,87.72592650694219
2057-06-02 13:00:00,0.0,39.267795674536025
2057-06-02 14:00:00,0.0,1.2532275215277455
2057-06-02 15:00:00,0.0,0.0
2057-06-02 16:00:00,0.0,0.0
2057-06-02 17:00:00,0.0,0.0
2057-06-02 18:00:00,0.0,0.0
2057-06-02 19:00:00,0.0,0.0
2057-06-02 20:00:00,0.0,0.0
2057-06-02 21:00:00,0.0,0.0
2057-06-02 22:00:00,0.0,0.0
2057-06-02 23:00:00,0.0,0.0
2057-06-03 00:00:00,0.0,0.0
2057-06-03 01:00:00,0.0,0.0
2057-06-03 02:00:00,0.0,23.39358040185125
2057-06-03 03:00:00,0.0,83.13075892800713
2057-06-03 04:00:00,0.0,154.1469851479127
2057-06-03 05:00:00,0.0,213.04867865971673
2057-06-03 06:00:00,0.0,256.4938994060119
2057-06-03 07:00:00,0.0,277.3810247648077
2057-06-03 08:00:00,0.0,279.0519947935113
2057-06-03 09:00:00,0.0,264.0132645351784
2057-06-03 10:00:00,0.0,229.7583789467534
2057-06-03 11:00:00,0.0,178.37605056411576
2057-06-03 12:00:00,0.0,112.37273443032117
2057-06-03 13:00:00,0.0,44.69844826782292
2057-06-03 14:00:00,0.0,1.2532275215277455
2057-06-03 15:00:00,0.0,0.0
2057-06-03 16:00:00,0.0,0.0
2057-06-03 17:00:00,0.0,0.0
2057-06-03 18:00:00,0.0,0.0
2057-06-03 19:00:00,0.0,0.0
2057-06-03 20:00:00,0.0,0.0
2057-06-03 21:00:00,0.0,0.0
2057-06-03 22:00:00,0.0,0.0
2057-06-03 23:00:00,0.0,0.0
2057-06-04 00:00:00,0.0,0.0
2057-06-04 01:00:00,0.0,0.0
2057-06-04 02:00:00,0.0,24.646807923378997
2057-06-04 03:00:00,0.0,86.47269898541443
2057-06-04 04:00:00,0.0,154.5647276550886
2057-06-04 05:00:00,0.0,211.795451138189
2057-06-04 06:00:00,0.0,255.2406718844842
2057-06-04 07:00:00,0.0,279.0519947935113
2057-06-04 08:00:00,0.0,283.6471623724464
2057-06-04 09:00:00,0.0,269.8616596356412
2057-06-04 10:00:00,0.0,236.442259061568
2057-06-04 11:00:00,0.0,184.22444566457858
2057-06-04 12:00:00,0.0,117.38564451643215
2057-06-04 13:00:00,0.0,46.36941829652658
2057-06-04 14:00:00,0.0,1.2532275215277455
2057-06-04 15:00:00,0.0,0.0
2057-06-04 16:00:00,0.0,0.0
2057-06-04 17:00:00,0.0,0.0
2057-06-04 18:00:00,0.0,0.0
2057-06-04 19:00:00,0.0,0.0
2057-06-04 20:00:00,0.0,0.0
2057-06-04 21:00:00,0.0,0.0
2057-06-04 22:00:00,0.0,0.0
2057-06-04 23:00:00,0.0,0.0
2057-06-05 00:00:00,0.0,0.0
2057-06-05 01:00:00,0.0,0.0
2057-06-05 02:00:00,0.0,27.153262966434486
2057-06-05 03:00:00,0.0,88.14366901411809
2057-06-05 04:00:00,0.0,148.7163325546258
2057-06-05 05:00:00,0.0,204.27608600902252
2057-06-05 06:00:00,0.0,247.72130675531767
2057-06-05 07:00:00,0.0,270.69714464999305
2057-06-05 08:00:00,0.0,271.11488715716894
2057-06-05 09:00:00,0.0,253.5697018557805
2057-06-05 10:00:00,0.0,208.8712535879576
2057-06-05 11:00:00,0.0,154.1469851479127
2057-06-05 12:00:00,0.0,98.58723169351599
2057-06-05 13:00:00,0.0,45.116190774998834
2057-06-05 14:00:00,0.0,1.6709700287036606
2057-06-05 15:00:00,0.0,0.0
2057-06-05 16:00:00,0.0,0.0
2057-06-05 17:00:00,0.0,0.0
2057-06-05 18:00:00,0.0,0.0
2057-06-05 19:00:00,0.0,0.0
2057-06-05 20:00:00,0.0,0.0
2057-06-05 21:00:00,0.0,0.0
2057-06-05 22:00:00,0.0,0.0
2057-06-05 23:00:00,0.0,0.0
2057-06-06 00:00:00,0.0,0.0
2057-06-06 01:00:00,0.0,0.0
2057-06-06 02:00:00,0.0,25.482292937730822
2057-06-06 03:00:00,0.0,78.95333385624795
2057-06-06 04:00:00,0.0,132.84211728194103
2057-06-06 05:00:00,0.0,181.7179906215231
2057-06-06 06:00:00,0.0,222.23901381758688
2057-06-06 07:00:00,0.0,245.63259421943812
2057-06-06 08:00:00,0.0,252.73421684142866
2057-06-06 09:00:00,0.0,242.7083966692067
2057-06-06 10:00:00,0.0,214.7196486884204
2057-06-06 11:00:00,0.0,170.8566854349493
2057-06-06 12:00:00,0.0,110.70176440161751
2057-06-06 13:00:00,0.0,45.951675789350666
2057-06-06 14:00:00,0.0,1.6709700287036606
2057-06-06 15:00:00,0.0,0.0
2057-06-06 16:00:00,0.0,0.0
2057-06-06 17:00:00,0.0,0.0
2057-06-06 18:00:00,0.0,0.0
2057-06-06 19:00:00,0.0,0.0
2057-06-06 20:00:00,0.0,0.0
2057-06-06 21:00:00,0.0,0.0
2057-06-06 22:00:00,0.0,0.0
2057-06-06 23:00:00,0.0,0.0
2057-06-07 00:00:00,0.0,0.0
2057-06-07 01:00:00,0.0,0.0
2057-06-07 02:00:00,0.0,24.22906541620308
2057-06-07 03:00:00,0.0,73.52268126296106
2057-06-07 04:00:00,0.0,119.05661454513583
2057-06-07 05:00:00,0.0,155.81795517661635
2057-06-07 06:00:00,0.0,186.7309007076341
2057-06-07 07:00:00,0.0,208.03576857360574
2057-06-07 08:00:00,0.0,215.55513370277222
2057-06-07 09:00:00,0.0,203.4406009946707
2057-06-07 10:00:00,0.0,177.95830805693987
2057-06-07 11:00:00,0.0,138.27276987522794
2057-06-07 12:00:00,0.0,86.47269898541443
2057-06-07 13:00:00,0.0,33.419400574073215
2057-06-07 14:00:00,0.0,0.41774250717591516
2057-06-07 15:00:00,0.0,0.0
2057-06-07 16:00:00,0.0,0.0
2057-06-07 17:00:00,0.0,0.0
2057-06-07 18:00:00,0.0,0.0
2057-06-07 19:00:00,0.0,0.0
2057-06-07 20:00:00,0.0,0.0
2057-06-07 21:00:00,0.0,0.0
2057-06-07 22:00:00,0.0,0.0
2057-06-07 23:00:00,0.0,0.0
2057-06-08 00:00:00,0.0,0.0
2057-06-08 01:00:00,0.0,0.0
2057-06-08 02:00:00,0.0,20.887125358795757
2057-06-08 03:00:00,0.0,73.94042377013697
2057-06-08 04:00:00,0.0,139.10825488957977
2057-06-08 05:00:00,0.0,193.4147808224487
2057-06-08 06:00:00,0.0,234.7712890328643
2057-06-08 07:00:00,0.0,259.4180969562433
2057-06-08 08:00:00,0.0,265.2664920567061
2057-06-08 09:00:00,0.0,251.063246812725
2057-06-08 10:00:00,0.0,220.1503012817073
2057-06-08 11:00:00,0.0,171.27442794212521
2057-06-08 12:00:00,0.0,110.2840218944416
2057-06-08 13:00:00,0.0,45.951675789350666
2057-06-08 14:00:00,0.0,1.6709700287036606
2057-06-08 15:00:00,0.0,0.0
2057-06-08 16:00:00,0.0,0.0
2057-06-08 17:00:00,0.0,0.0
2057-06-08 18:00:00,0.0,0.0
2057-06-08 19:00:00,0.0,0.0
2057-06-08 20:00:00,0.0,0.0
2057-06-08 21:00:00,0.0,0.0
2057-06-08 22:00:00,0.0,0.0
2057-06-08 23:00:00,0.0,0.0
2057-06-09 00:00:00,0.0,0.0
2057-06-09 01:00:00,0.0,0.0
2057-06-09 02:00:00,0.0,27.5710054736104
2057-06-09 03:00:00,0.0,92.32109408587725
2057-06-09 04:00:00,0.0,160.41312275555143
2057-06-09 05:00:00,0.0,213.04867865971673
2057-06-09 06:00:00,0.0,249.81001929119725
2057-06-09 07:00:00,0.0,269.8616596356412
2057-06-09 08:00:00,0.0,271.5326296643448
2057-06-09 09:00:00,0.0,256.07615689883596
2057-06-09 10:00:00,0.0,223.90998384629052
2057-06-09 11:00:00,0.0,173.7808829851807
2057-06-09 12:00:00,0.0,110.2840218944416
2057-06-09 13:00:00,0.0,44.69844826782292
2057-06-09 14:00:00,0.0,1.6709700287036606
2057-06-09 15:00:00,0.0,0.0
2057-06-09 16:00:00,0.0,0.0
2057-06-09 17:00:00,0.0,0.0
2057-06-09 18:00:00,0.0,0.0
2057-06-09 19:00:00,0.0,0.0
2057-06-09 20:00:00,0.0,0.0
2057-06-09 21:00:00,0.0,0.0
2057-06-09 22:00:00,0.0,0.0
2057-06-09 23:00:00,0.0,0.0
2057-06-10 00:00:00,0.0,0.0
2057-06-10 01:00:00,0.0,0.0
2057-06-10 02:00:00,0.0,27.153262966434486
2057-06-10 03:00:00,0.0,90.65012405717358
2057-06-10 04:00:00,0.0,152.89375762638497
2057-06-10 05:00:00,0.0,207.20028355925393
2057-06-10 06:00:00,0.0,246.46807923378995
2057-06-10 07:00:00,0.0,264.0132645351784
2057-06-10 08:00:00,0.0,264.0132645351784
2057-06-10 09:00:00,0.0,244.79710920508631
2057-06-10 10:00:00,0.0,210.54222361666123
2057-06-10 11:00:00,0.0,160.83086526272734
2057-06-10 12:00:00,0.0,99.4227167078678
2057-06-10 13:00:00,0.0,40.10328068888786
2057-06-10 14:00:00,0.0,1.2532275215277455
2057-06-10 15:00:00,0.0,0.0
2057-06-10 16:00:00,0.0,0.0
2057-06-10 17:00:00,0.0,0.0
2057-06-10 18:00:00,0.0,0.0
2057-06-10 19:00:00,0.0,0.0
2057-06-10 20:00:00,0.0,0.0
2057-06-10 21:00:00,0.0,0.0
2057-06-10 22:00:00,0.0,0.0
2057-06-10 23:00:00,0.0,0.0
2057-06-11 00:00:00,0.0,0.0
2057-06-11 01:00:00,0.0,0.0
2057-06-11 02:00:00,0.0,24.22906541620308
2057-06-11 03:00:00,0.0,80.20656137777571
2057-06-11 04:00:00,0.0,136.18405733934833
2057-06-11 05:00:00,0.0,193.4147808224487
2057-06-11 06:00:00,0.0,238.9487141046235
2057-06-11 07:00:00,0.0,258.16486943471557
2057-06-11 08:00:00,0.0,262.34229450647473
2057-06-11 09:00:00,0.0,248.97453427684545
2057-06-11 10:00:00,0.0,211.37770863101306
2057-06-11 11:00:00,0.0,162.50183529143098
2057-06-11 12:00:00,0.0,101.09368673657147
2057-06-11 13:00:00,0.0,42.19199322476744
2057-06-11 14:00:00,0.0,1.2532275215277455
2057-06-11 15:00:00,0.0,0.0
2057-06-11 16:00:00,0.0,0.0
2057-06-11 17:00:00,0.0,0.0
2057-06-11 18:00:00,0.0,0.0
2057-06-11 19:00:00,0.0,0.0
2057-06-11 20:00:00,0.0,0.0
2057-06-11 21:00:00,0.0,0.0
2057-06-11 22:00:00,0.0,0.0
2057-06-11 23:00:00,0.0,0.0
2057-06-12 00:00:00,0.0,0.0
2057-06-12 01:00:00,0.0,0.0
2057-06-12 02:00:00,0.0,23.39358040185125
2057-06-12 03:00:00,0.0,72.68719624860924
2057-06-12 04:00:00,0.0,130.75340474606145
2057-06-12 05:00:00,0.0,187.98412822916183
2057-06-12 06:00:00,0.0,225.5809538749942
2057-06-12 07:00:00,0.0,248.55679176966953
2057-06-12 08:00:00,0.0,253.15195934860458
2057-06-12 09:00:00,0.0,239.7841991189753
2057-06-12 10:00:00,0.0,201.76963096596702
2057-06-12 11:00:00,0.0,146.6276200187462
2057-06-12 12:00:00,0.0,88.97915402846994
2057-06-12 13:00:00,0.0,35.50811310995279
2057-06-12 14:00:00,0.0,0.8354850143518303
2057-06-12 15:00:00,0.0,0.0
2057-06-12 16:00:00,0.0,0.0
2057-06-12 17:00:00,0.0,0.0
2057-06-12 18:00:00,0.0,0.0
2057-06-12 19:00:00,0.0,0.0
2057-06-12 20:00:00,0.0,0.0
2057-06-12 21:00:00,0.0,0.0
2057-06-12 22:00:00,0.0,0.0
2057-06-12 23:00:00,0.0,0.0
2057-06-13 00:00:00,0.0,0.0
2057-06-13 01:00:00,0.0,0.0
2057-06-13 02:00:00,0.0,18.798412822916184
2057-06-13 03:00:00,0.0,71.85171123425741
2057-06-13 04:00:00,0.0,130.75340474606145
2057-06-13 05:00:00,0.0,177.95830805693987
2057-06-13 06:00:00,0.0,206.36479854490207
2057-06-13 07:00:00,0.0,230.17612145392926
2057-06-13 08:00:00,0.0,235.60677404721616
2057-06-13 09:00:00,0.0,227.66966641087376
2057-06-13 10:00:00,0.0,197.17446338703198
2057-06-13 11:00:00,0.0,148.7163325546258
2057-06-13 12:00:00,0.0,93.99206411458091
2057-06-13 13:00:00,0.0,38.85005316736011
2057-06-13 14:00:00,0.0,1.2532275215277455
2057-06-13 15:00:00,0.0,0.0
2057-06-13 16:00:00,0.0,0.0
2057-06-13 17:00:00,0.0,0.0
2057-06-13 18:00:00,0.0,0.0
2057-06-13 19:00:00,0.0,0.0
2057-06-13 20:00:00,0.0,0.0
2057-06-13 21:00:00,0.0,0.0
2057-06-13 22:00:00,0.0,0.0
2057-06-13 23:00:00,0.0,0.0
2057-06-14 00:00:00,0.0,0.0
2057-06-14 01:00:00,0.0,0.0
2057-06-14 02:00:00,0.0,20.05164034444393
2057-06-14 03:00:00,0.0,69.76299869837783
2057-06-14 04:00:00,0.0,122.81629710971906
2057-06-14 05:00:00,0.0,168.76797289906975
2057-06-14 06:00:00,0.0,210.12448110948532
2057-06-14 07:00:00,0.0,232.68257649698475
2057-06-14 08:00:00,0.0,226.41643888934604
2057-06-14 09:00:00,0.0,209.70673860230943
2057-06-14 10:00:00,0.0,180.46476309999534
2057-06-14 11:00:00,0.0,139.52599739675566
2057-06-14 12:00:00,0.0,86.05495647823852
2057-06-14 13:00:00,0.0,34.67262809560096
2057-06-14 14:00:00,0.0,0.8354850143518303
2057-06-14 15:00:00,0.0,0.0
2057-06-14 16:00:00,0.0,0.0
2057-06-14 17:00:00,0.0,0.0
2057-06-14 18:00:00,0.0,0.0
2057-06-14 19:00:00,0.0,0.0
2057-06-14 20:00:00,0.0,0.0
2057-06-14 21:00:00,0.0,0.0
2057-06-14 22:00:00,0.0,0.0
2057-06-14 23:00:00,0.0,0.0
2057-06-15 00:00:00,0.0,0.0
2057-06-15 01:00:00,0.0,0.0
2057-06-15 02:00:00,0.0,22.1403528803235
2057-06-15 03:00:00,0.0,73.10493875578516
2057-06-15 04:00:00,0.0,128.24694970300595
2057-06-15 05:00:00,0.0,179.21153557846762
2057-06-15 06:00:00,0.0,210.54222361666123
2057-06-15 07:00:00,0.0,219.73255877453138
2057-06-15 08:00:00,0.0,210.12448110948532
2057-06-15 09:00:00,0.0,190.49058327221732
2057-06-15 10:00:00,0.0,166.26151785601425
2057-06-15 11:00:00,0.0,130.3356622388855
2057-06-15 12:00:00,0.0,80.62430388495163
2057-06-15 13:00:00,0.0,32.583915559721376
2057-06-15 14:00:00,0.0,0.41774250717591516
2057-06-15 15:00:00,0.0,0.0
2057-06-15 16:00:00,0.0,0.0
2057-06-15 17:00:00,0.0,0.0
2057-06-15 18:00:00,0.0,0.0
2057-06-15 19:00:00,0.0,0.0
2057-06-15 20:00:00,0.0,0.0
2057-06-15 21:00:00,0.0,0.0
2057-06-15 22:00:00,0.0,0.0
2057-06-15 23:00:00,0.0,0.0
2057-06-16 00:00:00,0.0,0.0
2057-06-16 01:00:00,0.0,0.0
2057-06-16 02:00:00,0.0,14.203245243981115
2057-06-16 03:00:00,0.0,47.62264581805433
2057-06-16 04:00:00,0.0,84.38398644953487
2057-06-16 05:00:00,0.0,120.72758457383947
2057-06-16 06:00:00,0.0,139.52599739675566
2057-06-16 07:00:00,0.0,139.94373990393157
2057-06-16 08:00:00,0.0,118.6388720379599
2057-06-16 09:00:00,0.0,96.91626166481231
2057-06-16 10:00:00,0.0,79.7888188705998
2057-06-16 11:00:00,0.0,56.39523846874855
2057-06-16 12:00:00,0.0,25.90003544490674
2057-06-16 13:00:00,0.0,6.6838801148146425
2057-06-16 14:00:00,0.0,0.0
2057-06-16 15:00:00,0.0,0.0
2057-06-16 16:00:00,0.0,0.0
2057-06-16 17:00:00,0.0,0.0
2057-06-16 18:00:00,0.0,0.0
2057-06-16 19:00:00,0.0,0.0
2057-06-16 20:00:00,0.0,0.0
2057-06-16 21:00:00,0.0,0.0
2057-06-16 22:00:00,0.0,0.0
2057-06-16 23:00:00,0.0,0.0
2057-06-17 00:00:00,0.0,0.0
2057-06-17 01:00:00,0.0,0.0
2057-06-17 02:00:00,0.0,18.798412822916184
2057-06-17 03:00:00,0.0,65.16783111944275
2057-06-17 04:00:00,0.0,115.71467448772849
2057-06-17 05:00:00,0.0,161.6663502770792
2057-06-17 06:00:00,0.0,208.8712535879576
2057-06-17 07:00:00,0.0,231.42934897545697
2057-06-17 08:00:00,0.0,237.69548658309571
2057-06-17 09:00:00,0.0,224.74546886064235
2057-06-17 10:00:00,0.0,200.09866093726336
2057-06-17 11:00:00,0.0,154.5647276550886
2057-06-17 12:00:00,0.0,96.91626166481231
2057-06-17 13:00:00,0.0,39.267795674536025
2057-06-17 14:00:00,0.0,1.2532275215277455
2057-06-17 15:00:00,0.0,0.0
2057-06-17 16:00:00,0.0,0.0
2057-06-17 17:00:00,0.0,0.0
2057-06-17 18:00:00,0.0,0.0
2057-06-17 19:00:00,0.0,0.0
2057-06-17 20:00:00,0.0,0.0
2057-06-17 21:00:00,0.0,0.0
2057-06-17 22:00:00,0.0,0.0
2057-06-17 23:00:00,0.0,0.0
2057-06-18 00:00:00,0.0,0.0
2057-06-18 01:00:00,0.0,0.0
2057-06-18 02:00:00,0.0,20.887125358795757
2057-06-18 03:00:00,0.0,75.61139379884064
2057-06-18 04:00:00,0.0,142.867937454163
2057-06-18 05:00:00,0.0,201.76963096596702
2057-06-18 06:00:00,0.0,245.63259421943812
2057-06-18 07:00:00,0.0,266.9374620854098
2057-06-18 08:00:00,0.0,266.51971957823383
2057-06-18 09:00:00,0.0,256.4938994060119
2057-06-18 10:00:00,0.0,219.31481626735547
2057-06-18 11:00:00,0.0,162.50183529143098
2057-06-18 12:00:00,0.0,101.51142924374739
2057-06-18 13:00:00,0.0,40.10328068888786
2057-06-18 14:00:00,0.0,1.2532275215277455
2057-06-18 15:00:00,0.0,0.0
2057-06-18 16:00:00,0.0,0.0
2057-06-18 17:00:00,0.0,0.0
2057-06-18 18:00:00,0.0,0.0
2057-06-18 19:00:00,0.0,0.0
2057-06-18 20:00:00,0.0,0.0
2057-06-18 21:00:00,0.0,0.0
2057-06-18 22:00:00,0.0,0.0
2057-06-18 23:00:00,0.0,0.0
2057-06-19 00:00:00,0.0,0.0
2057-06-19 01:00:00,0.0,0.0
2057-06-19 02:00:00,0.0,26.317777952082654
2057-06-19 03:00:00,0.0,89.81463904282177
2057-06-19 04:00:00,0.0,157.9066677124959
2057-06-19 05:00:00,0.0,213.04867865971673
2057-06-19 06:00:00,0.0,251.063246812725
2057-06-19 07:00:00,0.0,269.0261746212894
2057-06-19 08:00:00,0.0,269.4439171284653
2057-06-19 09:00:00,0.0,253.9874443629564
2057-06-19 10:00:00,0.0,221.40352880323502
2057-06-19 11:00:00,0.0,171.69217044930113
2057-06-19 12:00:00,0.0,107.77756685138611
2057-06-19 13:00:00,0.0,43.44522074629518
2057-06-19 14:00:00,0.0,1.6709700287036606
2057-06-19 15:00:00,0.0,0.0
2057-06-19 16:00:00,0.0,0.0
2057-06-19 17:00:00,0.0,0.0
2057-06-19 18:00:00,0.0,0.0
2057-06-19 19:00:00,0.0,0.0
2057-06-19 20:00:00,0.0,0.0
2057-06-19 21:00:00,0.0,0.0
2057-06-19 22:00:00,0.0,0.0
2057-06-19 23:00:00,0.0,0.0
2057-06-20 00:00:00,0.0,0.0
2057-06-20 01:00:00,0.0,0.0
2057-06-20 02:00:00,0.0,27.5710054736104
2057-06-20 03:00:00,0.0,97.75174667916414
2057-06-20 04:00:00,0.0,170.43894292777338
2057-06-20 05:00:00,0.0,227.66966641087376
2057-06-20 06:00:00,0.0,265.2664920567061
2057-06-20 07:00:00,0.0,284.0649048796223
2057-06-20 08:00:00,0.0,285.735874908326
2057-06-20 09:00:00,0.0,269.0261746212894
2057-06-20 10:00:00,0.0,233.10031900416067
2057-06-20 11:00:00,0.0,177.122823042588
2057-06-20 12:00:00,0.0,107.3598243442102
2057-06-20 13:00:00,0.0,40.10328068888786
2057-06-20 14:00:00,0.0,0.8354850143518303
2057-06-20 15:00:00,0.0,0.0
2057-06-20 16:00:00,0.0,0.0
2057-06-20 17:00:00,0.0,0.0
2057-06-20 18:00:00,0.0,0.0
2057-06-20 19:00:00,0.0,0.0
2057-06-20 20:00:00,0.0,0.0
2057-06-20 21:00:00,0.0,0.0
2057-06-20 22:00:00,0.0,0.0
2057-06-20 23:00:00,0.0,0.0
2057-06-21 00:00:00,0.0,0.0
2057-06-21 01:00:00,0.0,0.0
2057-06-21 02:00:00,0.0,20.887125358795757
2057-06-21 03:00:00,0.0,76.02913630601655
2057-06-21 04:00:00,0.0,140.3614824111075
2057-06-21 05:00:00,0.0,195.50349335832829
2057-06-21 06:00:00,0.0,254.82292937730827
2057-06-21 07:00:00,0.0,274.0390847074004
2057-06-21 08:00:00,0.0,275.29231222892815
2057-06-21 09:00:00,0.0,258.16486943471557
2057-06-21 10:00:00,0.0,223.4922413391146
2057-06-21 11:00:00,0.0,171.69217044930113
2057-06-21 12:00:00,0.0,108.19530935856203
2057-06-21 13:00:00,0.0,43.44522074629518
2057-06-21 14:00:00,0.0,1.6709700287036606
2057-06-21 15:00:00,0.0,0.0
2057-06-21 16:00:00,0.0,0.0
2057-06-21 17:00:00,0.0,0.0
2057-06-21 18:00:00,0.0,0.0
2057-06-21 19:00:00,0.0,0.0
2057-06-21 20:00:00,0.0,0.0
2057-06-21 21:00:00,0.0,0.0
2057-06-21 22:00:00,0.0,0.0
2057-06-21 23:00:00,0.0,0.0
2057-06-22 00:00:00,0.0,0.0
2057-06-22 01:00:00,0.0,0.0
2057-06-22 02:00:00,0.0,26.73552045925857
2057-06-22 03:00:00,0.0,93.15657910022908
2057-06-22 04:00:00,0.0,163.75506281295876
2057-06-22 05:00:00,0.0,220.9857862960591
2057-06-22 06:00:00,0.0,259.0003544490674
2057-06-22 07:00:00,0.0,278.21650977915954
2057-06-22 08:00:00,0.0,279.46973730068726
2057-06-22 09:00:00,0.0,264.4310070423543
2057-06-22 10:00:00,0.0,230.59386396110517
2057-06-22 11:00:00,0.0,179.21153557846762
2057-06-22 12:00:00,0.0,113.20821944467302
2057-06-22 13:00:00,0.0,45.53393328217476
2057-06-22 14:00:00,0.0,1.6709700287036606
2057-06-22 15:00:00,0.0,0.0
2057-06-22 16:00:00,0.0,0.0
2057-06-22 17:00:00,0.0,0.0
2057-06-22 18:00:00,0.0,0.0
2057-06-22 19:00:00,0.0,0.0
2057-06-22 20:00:00,0.0,0.0
2057-06-22 21:00:00,0.0,0.0
2057-06-22 22:00:00,0.0,0.0
2057-06-22 23:00:00,0.0,0.0
2057-06-23 00:00:00,0.0,0.0
2057-06-23 01:00:00,0.0,0.0
2057-06-23 02:00:00,0.0,26.73552045925857
2057-06-23 03:00:00,0.0,91.48560907152542
2057-06-23 04:00:00,0.0,159.5776377411996
2057-06-23 05:00:00,0.0,214.7196486884204
2057-06-23 06:00:00,0.0,255.2406718844842
2057-06-23 07:00:00,0.0,273.20359969304855
2057-06-23 08:00:00,0.0,271.9503721715208
2057-06-23 09:00:00,0.0,252.31647433425277
2057-06-23 10:00:00,0.0,217.2261037314759
2057-06-23 11:00:00,0.0,166.26151785601425
2057-06-23 12:00:00,0.0,105.68885431550653
2057-06-23 13:00:00,0.0,43.862963253471094
2057-06-23 14:00:00,0.0,1.6709700287036606
2057-06-23 15:00:00,0.0,0.0
2057-06-23 16:00:00,0.0,0.0
2057-06-23 17:00:00,0.0,0.0
2057-06-23 18:00:00,0.0,0.0
2057-06-23 19:00:00,0.0,0.0
2057-06-23 20:00:00,0.0,0.0
2057-06-23 21:00:00,0.0,0.0
2057-06-23 22:00:00,0.0,0.0
2057-06-23 23:00:00,0.0,0.0
2057-06-24 00:00:00,0.0,0.0
2057-06-24 01:00:00,0.0,0.0
2057-06-24 02:00:00,0.0,26.73552045925857
2057-06-24 03:00:00,0.0,89.81463904282177
2057-06-24 04:00:00,0.0,157.0711826981441
2057-06-24 05:00:00,0.0,212.2131936453649
2057-06-24 06:00:00,0.0,247.3035642481418
2057-06-24 07:00:00,0.0,261.5068094921229
2057-06-24 08:00:00,0.0,256.07615689883596
2057-06-24 09:00:00,0.0,220.9857862960591
2057-06-24 10:00:00,0.0,180.04702059281945
2057-06-24 11:00:00,0.0,126.57597967430229
2057-06-24 12:00:00,0.0,68.5097711768501
2057-06-24 13:00:00,0.0,23.811322909027165
2057-06-24 14:00:00,0.0,0.0
2057-06-24 15:00:00,0.0,0.0
2057-06-24 16:00:00,0.0,0.0
2057-06-24 17:00:00,0.0,0.0
2057-06-24 18:00:00,0.0,0.0
2057-06-24 19:00:00,0.0,0.0
2057-06-24 20:00:00,0.0,0.0
2057-06-24 21:00:00,0.0,0.0
2057-06-24 22:00:00,0.0,0.0
2057-06-24 23:00:00,0.0,0.0
2057-06-25 00:00:00,0.0,0.0
2057-06-25 01:00:00,0.0,0.0
2057-06-25 02:00:00,0.0,25.482292937730822
2057-06-25 03:00:00,0.0,87.72592650694219
2057-06-25 04:00:00,0.0,157.0711826981441
2057-06-25 05:00:00,0.0,214.30190618124445
2057-06-25 06:00:00,0.0,255.2406718844842
2057-06-25 07:00:00,0.0,276.9632822576317
2057-06-25 08:00:00,0.0,279.46973730068726
2057-06-25 09:00:00,0.0,264.4310070423543
2057-06-25 10:00:00,0.0,230.59386396110517
2057-06-25 11:00:00,0.0,179.21153557846762
2057-06-25 12:00:00,0.0,113.62596195184892
2057-06-25 13:00:00,0.0,45.951675789350666
2057-06-25 14:00:00,0.0,1.6709700287036606
2057-06-25 15:00:00,0.0,0.0
2057-06-25 16:00:00,0.0,0.0
2057-06-25 17:00:00,0.0,0.0
2057-06-25 18:00:00,0.0,0.0
2057-06-25 19:00:00,0.0,0.0
2057-06-25 20:00:00,0.0,0.0
2057-06-25 21:00:00,0.0,0.0
2057-06-25 22:00:00,0.0,0.0
2057-06-25 23:00:00,0.0,0.0
2057-06-26 00:00:00,0.0,0.0
2057-06-26 01:00:00,0.0,0.0
2057-06-26 02:00:00,0.0,26.317777952082654
2057-06-26 03:00:00,0.0,93.15657910022908
2057-06-26 04:00:00,0.0,164.17280532013467
2057-06-26 05:00:00,0.0,221.40352880323502
2057-06-26 06:00:00,0.0,261.08906698494695
2057-06-26 07:00:00,0.0,281.140707329391
2057-06-26 08:00:00,0.0,282.8116773580945
2057-06-26 09:00:00,0.0,265.2664920567061
2057-06-26 10:00:00,0.0,228.92289393240148
2057-06-26 11:00:00,0.0,175.8695955210603
2057-06-26 12:00:00,0.0,110.2840218944416
2057-06-26 13:00:00,0.0,43.44522074629518
2057-06-26 14:00:00,0.0,1.2532275215277455
2057-06-26 15:00:00,0.0,0.0
2057-06-26 16:00:00,0.0,0.0
2057-06-26 17:00:00,0.0,0.0
2057-06-26 18:00:00,0.0,0.0
2057-06-26 19:00:00,0.0,0.0
2057-06-26 20:00:00,0.0,0.0
2057-06-26 21:00:00,0.0,0.0
2057-06-26 22:00:00,0.0,0.0
2057-06-26 23:00:00,0.0,0.0
2057-06-27 00:00:00,0.0,0.0
2057-06-27 01:00:00,0.0,0.0
2057-06-27 02:00:00,0.0,25.482292937730822
2057-06-27 03:00:00,0.0,91.48560907152542
2057-06-27 04:00:00,0.0,161.6663502770792
2057-06-27 05:00:00,0.0,218.4793312530036
2057-06-27 06:00:00,0.0,257.7471269275397
2057-06-27 07:00:00,0.0,272.36811467869666
2057-06-27 08:00:00,0.0,261.08906698494695
2057-06-27 09:00:00,0.0,228.92289393240148
2057-06-27 10:00:00,0.0,198.8454334157356
2057-06-27 11:00:00,0.0,165.0082903344865
2057-06-27 12:00:00,0.0,111.53724941596933
2057-06-27 13:00:00,0.0,46.36941829652658
2057-06-27 14:00:00,0.0,1.6709700287036606
2057-06-27 15:00:00,0.0,0.0
2057-06-27 16:00:00,0.0,0.0
2057-06-27 17:00:00,0.0,0.0
2057-06-27 18:00:00,0.0,0.0
2057-06-27 19:00:00,0.0,0.0
2057-06-27 20:00:00,0.0,0.0
2057-06-27 21:00:00,0.0,0.0
2057-06-27 22:00:00,0.0,0.0
2057-06-27 23:00:00,0.0,0.0
2057-06-28 00:00:00,0.0,0.0
2057-06-28 01:00:00,0.0,0.0
2057-06-28 02:00:00,0.0,25.90003544490674
2057-06-28 03:00:00,0.0,91.90335157870133
2057-06-28 04:00:00,0.0,162.0840927842551
2057-06-28 05:00:00,0.0,219.31481626735547
2057-06-28 06:00:00,0.0,258.58261194189146
2057-06-28 07:00:00,0.0,278.21650977915954
2057-06-28 08:00:00,0.0,279.88747980786314
2057-06-28 09:00:00,0.0,265.2664920567061
2057-06-28 10:00:00,0.0,231.01160646828106
2057-06-28 11:00:00,0.0,178.79379307129167
2057-06-28 12:00:00,0.0,113.20821944467302
2057-06-28 13:00:00,0.0,45.951675789350666
2057-06-28 14:00:00,0.0,1.6709700287036606
2057-06-28 15:00:00,0.0,0.0
2057-06-28 16:00:00,0.0,0.0
2057-06-28 17:00:00,0.0,0.0
2057-06-28 18:00:00,0.0,0.0
2057-06-28 19:00:00,0.0,0.0
2057-06-28 20:00:00,0.0,0.0
2057-06-28 21:00:00,0.0,0.0
2057-06-28 22:00:00,0.0,0.0
2057-06-28 23:00:00,0.0,0.0
2057-06-29 00:00:00,0.0,0.0
2057-06-29 01:00:00,0.0,0.0
2057-06-29 02:00:00,0.0,26.73552045925857
2057-06-29 03:00:00,0.0,91.48560907152542
2057-06-29 04:00:00,0.0,159.5776377411996
2057-06-29 05:00:00,0.0,215.1373911955963
2057-06-29 06:00:00,0.0,258.16486943471557
2057-06-29 07:00:00,0.0,276.9632822576317
2057-06-29 08:00:00,0.0,278.21650977915954
2057-06-29 09:00:00,0.0,261.5068094921229
2057-06-29 10:00:00,0.0,226.41643888934604
2057-06-29 11:00:00,0.0,173.3631404780048
2057-06-29 12:00:00,0.0,106.94208183703428
2057-06-29 13:00:00,0.0,40.93876570323969
2057-06-29 14:00:00,0.0,1.2532275215277455
2057-06-29 15:00:00,0.0,0.0
2057-06-29 16:00:00,0.0,0.0
2057-06-29 17:00:00,0.0,0.0
2057-06-29 18:00:00,0.0,0.0
2057-06-29 19:00:00,0.0,0.0
2057-06-29 20:00:00,0.0,0.0
2057-06-29 21:00:00,0.0,0.0
2057-06-29 22:00:00,0.0,0.0
2057-06-29 23:00:00,0.0,0.0
2057-06-30 00:00:00,0.0,0.0
2057-06-30 01:00:00,0.0,0.0
2057-06-30 02:00:00,0.0,26.317777952082654
2057-06-30 03:00:00,0.0,90.23238154999767
2057-06-30 04:00:00,0.0,158.32441021967182
2057-06-30 05:00:00,0.0,214.7196486884204
2057-06-30 06:00:00,0.0,258.16486943471557
2057-06-30 07:00:00,0.0,276.9632822576317
2057-06-30 08:00:00,0.0,277.7987672719836
2057-06-30 09:00:00,0.0,262.7600370136507
2057-06-30 10:00:00,0.0,227.66966641087376
2057-06-30 11:00:00,0.0,174.61636799953254
2057-06-30 12:00:00,0.0,108.19530935856203
2057-06-30 13:00:00,0.0,43.02747823911927
2057-06-30 14:00:00,0.0,1.2532275215277455
2057-06-30 15:00:00,0.0,0.0
2057-06-30 16:00:00,0.0,0.0
2057-06-30 17:00:00,0.0,0.0
2057-06-30 18:00:00,0.0,0.0
2057-06-30 19:00:00,0.0,0.0
2057-06-30 20:00:00,0.0,0.0
2057-06-30 21:00:00,0.0,0.0
2057-06-30 22:00:00,0.0,0.0
2057-06-30 23:00:00,0.0,0.0
2057-07-01 00:00:00,0.0,0.0
2057-07-01 01:00:00,0.0,0.0
2057-07-01 02:00:00,0.0,23.39358040185125
2057-07-01 03:00:00,0.0,86.05495647823852
2057-07-01 04:00:00,0.0,157.0711826981441
2057-07-01 05:00:00,0.0,213.46642116689267
2057-07-01 06:00:00,0.0,251.89873182707686
2057-07-01 07:00:00,0.0,274.45682721457626
2057-07-01 08:00:00,0.0,276.9632822576317
2057-07-01 09:00:00,0.0,259.83583946341923
2057-07-01 10:00:00,0.0,225.1632113678183
2057-07-01 11:00:00,0.0,174.1986254923566
2057-07-01 12:00:00,0.0,109.86627938726569
2057-07-01 13:00:00,0.0,45.116190774998834
2057-07-01 14:00:00,0.0,1.6709700287036606
2057-07-01 15:00:00,0.0,0.0
2057-07-01 16:00:00,0.0,0.0
2057-07-01 17:00:00,0.0,0.0
2057-07-01 18:00:00,0.0,0.0
2057-07-01 19:00:00,0.0,0.0
2057-07-01 20:00:00,0.0,0.0
2057-07-01 21:00:00,0.0,0.0
2057-07-01 22:00:00,0.0,0.0
2057-07-01 23:00:00,0.0,0.0
2057-07-02 00:00:00,0.0,0.0
2057-07-02 01:00:00,0.0,0.0
2057-07-02 02:00:00,0.0,26.73552045925857
2057-07-02 03:00:00,0.0,93.57432160740501
2057-07-02 04:00:00,0.0,164.17280532013467
2057-07-02 05:00:00,0.0,220.5680437888832
2057-07-02 06:00:00,0.0,259.0003544490674
2057-07-02 07:00:00,0.0,276.9632822576317
2057-07-02 08:00:00,0.0,276.5455397504559
2057-07-02 09:00:00,0.0,261.5068094921229
2057-07-02 10:00:00,0.0,227.25192390369784
2057-07-02 11:00:00,0.0,175.03411050670846
2057-07-02 12:00:00,0.0,109.44853688008978
2057-07-02 13:00:00,0.0,42.609735731943346
2057-07-02 14:00:00,0.0,1.2532275215277455
2057-07-02 15:00:00,0.0,0.0
2057-07-02 16:00:00,0.0,0.0
2057-07-02 17:00:00,0.0,0.0
2057-07-02 18:00:00,0.0,0.0
2057-07-02 19:00:00,0.0,0.0
2057-07-02 20:00:00,0.0,0.0
2057-07-02 21:00:00,0.0,0.0
2057-07-02 22:00:00,0.0,0.0
2057-07-02 23:00:00,0.0,0.0
2057-07-03 00:00:00,0.0,0.0
2057-07-03 01:00:00,0.0,0.0
2057-07-03 02:00:00,0.0,25.482292937730822
2057-07-03 03:00:00,0.0,87.30818399976627
2057-07-03 04:00:00,0.0,154.1469851479127
2057-07-03 05:00:00,0.0,203.85834350184658
2057-07-03 06:00:00,0.0,242.29065416203076
2057-07-03 07:00:00,0.0,248.55679176966953
2057-07-03 08:00:00,0.0,256.4938994060119
2057-07-03 09:00:00,0.0,240.61968413332713
2057-07-03 10:00:00,0.0,200.09866093726336
2057-07-03 11:00:00,0.0,147.04536252592212
2057-07-03 12:00:00,0.0,88.14366901411809
2057-07-03 13:00:00,0.0,34.25488558842505
2057-07-03 14:00:00,0.0,0.41774250717591516
2057-07-03 15:00:00,0.0,0.0
2057-07-03 16:00:00,0.0,0.0
2057-07-03 17:00:00,0.0,0.0
2057-07-03 18:00:00,0.0,0.0
2057-07-03 19:00:00,0.0,0.0
2057-07-03 20:00:00,0.0,0.0
2057-07-03 21:00:00,0.0,0.0
2057-07-03 22:00:00,0.0,0.0
2057-07-03 23:00:00,0.0,0.0
2057-07-04 00:00:00,0.0,0.0
2057-07-04 01:00:00,0.0,0.0
2057-07-04 02:00:00,0.0,20.05164034444393
2057-07-04 03:00:00,0.0,72.68719624860924
2057-07-04 04:00:00,0.0,142.4501949469871
2057-07-04 05:00:00,0.0,200.9341459516152
2057-07-04 06:00:00,0.0,241.45516914767893
2057-07-04 07:00:00,0.0,264.0132645351784
2057-07-04 08:00:00,0.0,264.4310070423543
2057-07-04 09:00:00,0.0,256.4938994060119
2057-07-04 10:00:00,0.0,222.23901381758688
2057-07-04 11:00:00,0.0,171.27442794212521
2057-07-04 12:00:00,0.0,108.19530935856203
2057-07-04 13:00:00,0.0,43.44522074629518
2057-07-04 14:00:00,0.0,1.2532275215277455
2057-07-04 15:00:00,0.0,0.0
2057-07-04 16:00:00,0.0,0.0
2057-07-04 17:00:00,0.0,0.0
2057-07-04 18:00:00,0.0,0.0
2057-07-04 19:00:00,0.0,0.0
2057-07-04 20:00:00,0.0,0.0
2057-07-04 21:00:00,0.0,0.0
2057-07-04 22:00:00,0.0,0.0
2057-07-04 23:00:00,0.0,0.0
2057-07-05 00:00:00,0.0,0.0
2057-07-05 01:00:00,0.0,0.0
2057-07-05 02:00:00,0.0,24.646807923378997
2057-07-05 03:00:00,0.0,82.2952739136553
2057-07-05 04:00:00,0.0,133.25985978911692
2057-07-05 05:00:00,0.0,162.91957779860692
2057-07-05 06:00:00,0.0,191.74381079374504
2057-07-05 07:00:00,0.0,243.54388168355854
2057-07-05 08:00:00,0.0,266.101977071058
2057-07-05 09:00:00,0.0,249.81001929119725
2057-07-05 10:00:00,0.0,219.73255877453138
2057-07-05 11:00:00,0.0,166.26151785601425
2057-07-05 12:00:00,0.0,100.67594422939555
2057-07-05 13:00:00,0.0,38.43231066018419
2057-07-05 14:00:00,0.0,0.8354850143518303
2057-07-05 15:00:00,0.0,0.0
2057-07-05 16:00:00,0.0,0.0
2057-07-05 17:00:00,0.0,0.0
2057-07-05 18:00:00,0.0,0.0
2057-07-05 19:00:00,0.0,0.0
2057-07-05 20:00:00,0.0,0.0
2057-07-05 21:00:00,0.0,0.0
2057-07-05 22:00:00,0.0,0.0
2057-07-05 23:00:00,0.0,0.0
2057-07-06 00:00:00,0.0,0.0
2057-07-06 01:00:00,0.0,0.0
2057-07-06 02:00:00,0.0,22.558095387499417
2057-07-06 03:00:00,0.0,79.37107636342388
2057-07-06 04:00:00,0.0,144.53890748286662
2057-07-06 05:00:00,0.0,200.51640344443928
2057-07-06 06:00:00,0.0,239.36645661179938
2057-07-06 07:00:00,0.0,253.5697018557805
2057-07-06 08:00:00,0.0,251.48098931990094
2057-07-06 09:00:00,0.0,246.05033672661403
2057-07-06 10:00:00,0.0,214.7196486884204
2057-07-06 11:00:00,0.0,164.5905478273106
2057-07-06 12:00:00,0.0,104.01788428680287
2057-07-06 13:00:00,0.0,40.93876570323969
2057-07-06 14:00:00,0.0,0.8354850143518303
2057-07-06 15:00:00,0.0,0.0
2057-07-06 16:00:00,0.0,0.0
2057-07-06 17:00:00,0.0,0.0
2057-07-06 18:00:00,0.0,0.0
2057-07-06 19:00:00,0.0,0.0
2057-07-06 20:00:00,0.0,0.0
2057-07-06 21:00:00,0.0,0.0
2057-07-06 22:00:00,0.0,0.0
2057-07-06 23:00:00,0.0,0.0
2057-07-07 00:00:00,0.0,0.0
2057-07-07 01:00:00,0.0,0.0
2057-07-07 02:00:00,0.0,20.05164034444393
2057-07-07 03:00:00,0.0,74.7759087844888
2057-07-07 04:00:00,0.0,135.7663148321724
2057-07-07 05:00:00,0.0,178.79379307129167
2057-07-07 06:00:00,0.0,214.30190618124445
2057-07-07 07:00:00,0.0,235.18903154004025
2057-07-07 08:00:00,0.0,236.8600015687439
2057-07-07 09:00:00,0.0,228.0874089180497
2057-07-07 10:00:00,0.0,203.85834350184658
2057-07-07 11:00:00,0.0,162.50183529143098
2057-07-07 12:00:00,0.0,104.4356267939788
2057-07-07 13:00:00,0.0,41.774250717591514
2057-07-07 14:00:00,0.0,0.8354850143518303
2057-07-07 15:00:00,0.0,0.0
2057-07-07 16:00:00,0.0,0.0
2057-07-07 17:00:00,0.0,0.0
2057-07-07 18:00:00,0.0,0.0
2057-07-07 19:00:00,0.0,0.0
2057-07-07 20:00:00,0.0,0.0
2057-07-07 21:00:00,0.0,0.0
2057-07-07 22:00:00,0.0,0.0
2057-07-07 23:00:00,0.0,0.0
2057-07-08 00:00:00,0.0,0.0
2057-07-08 01:00:00,0.0,0.0
2057-07-08 02:00:00,0.0,24.646807923378997
2057-07-08 03:00:00,0.0,89.81463904282177
2057-07-08 04:00:00,0.0,160.83086526272734
2057-07-08 05:00:00,0.0,217.6438462386518
2057-07-08 06:00:00,0.0,256.07615689883596
2057-07-08 07:00:00,0.0,273.62134220022443
2057-07-08 08:00:00,0.0,274.87456972175215
2057-07-08 09:00:00,0.0,259.0003544490674
2057-07-08 10:00:00,0.0,217.2261037314759
2057-07-08 11:00:00,0.0,153.72924264073677
2057-07-08 12:00:00,0.0,79.37107636342388
2057-07-08 13:00:00,0.0,28.40649048796223
2057-07-08 14:00:00,0.0,0.0
2057-07-08 15:00:00,0.0,0.0
2057-07-08 16:00:00,0.0,0.0
2057-07-08 17:00:00,0.0,0.0
2057-07-08 18:00:00,0.0,0.0
2057-07-08 19:00:00,0.0,0.0
2057-07-08 20:00:00,0.0,0.0
2057-07-08 21:00:00,0.0,0.0
2057-07-08 22:00:00,0.0,0.0
2057-07-08 23:00:00,0.0,0.0
2057-07-09 00:00:00,0.0,0.0
2057-07-09 01:00:00,0.0,0.0
2057-07-09 02:00:00,0.0,25.482292937730822
2057-07-09 03:00:00,0.0,88.97915402846994
2057-07-09 04:00:00,0.0,157.48892520532004
2057-07-09 05:00:00,0.0,212.2131936453649
2057-07-09 06:00:00,0.0,238.11322909027166
2057-07-09 07:00:00,0.0,224.32772635346643
2057-07-09 08:00:00,0.0,189.6550982578655
2057-07-09 09:00:00,0.0,170.02120042059744
2057-07-09 10:00:00,0.0,160.83086526272734
2057-07-09 11:00:00,0.0,148.2985900474499
2057-07-09 12:00:00,0.0,101.09368673657147
2057-07-09 13:00:00,0.0,39.267795674536025
2057-07-09 14:00:00,0.0,0.0
2057-07-09 15:00:00,0.0,0.0
2057-07-09 16:00:00,0.0,0.0
2057-07-09 17:00:00,0.0,0.0
2057-07-09 18:00:00,0.0,0.0
2057-07-09 19:00:00,0.0,0.0
2057-07-09 20:00:00,0.0,0.0
2057-07-09 21:00:00,0.0,0.0
2057-07-09 22:00:00,0.0,0.0
2057-07-09 23:00:00,0.0,0.0
2057-07-10 00:00:00,0.0,0.0
2057-07-10 01:00:00,0.0,0.0
2057-07-10 02:00:00,0.0,20.469382851619844
2057-07-10 03:00:00,0.0,71.01622621990558
2057-07-10 04:00:00,0.0,128.24694970300595
2057-07-10 05:00:00,0.0,184.6421881717545
2057-07-10 06:00:00,0.0,243.96162419073445
2057-07-10 07:00:00,0.0,269.8616596356412
2057-07-10 08:00:00,0.0,273.62134220022443
2057-07-10 09:00:00,0.0,259.4180969562433
2057-07-10 10:00:00,0.0,223.90998384629052
2057-07-10 11:00:00,0.0,168.76797289906975
2057-07-10 12:00:00,0.0,97.33400417198824
2057-07-10 13:00:00,0.0,38.43231066018419
2057-07-10 14:00:00,0.0,0.41774250717591516
2057-07-10 15:00:00,0.0,0.0
2057-07-10 16:00:00,0.0,0.0
2057-07-10 17:00:00,0.0,0.0
2057-07-10 18:00:00,0.0,0.0
2057-07-10 19:00:00,0.0,0.0
2057-07-10 20:00:00,0.0,0.0
2057-07-10 21:00:00,0.0,0.0
2057-07-10 22:00:00,0.0,0.0
2057-07-10 23:00:00,0.0,0.0
2057-07-11 00:00:00,0.0,0.0
2057-07-11 01:00:00,0.0,0.0
2057-07-11 02:00:00,0.0,23.811322909027165
2057-07-11 03:00:00,0.0,86.47269898541443
2057-07-11 04:00:00,0.0,154.1469851479127
2057-07-11 05:00:00,0.0,210.54222361666123
2057-07-11 06:00:00,0.0,248.55679176966953
2057-07-11 07:00:00,0.0,266.51971957823383
2057-07-11 08:00:00,0.0,266.51971957823383
2057-07-11 09:00:00,0.0,263.17777952082656
2057-07-11 10:00:00,0.0,228.0874089180497
2057-07-11 11:00:00,0.0,175.8695955210603
2057-07-11 12:00:00,0.0,109.86627938726569
2057-07-11 13:00:00,0.0,43.44522074629518
2057-07-11 14:00:00,0.0,0.8354850143518303
2057-07-11 15:00:00,0.0,0.0
2057-07-11 16:00:00,0.0,0.0
2057-07-11 17:00:00,0.0,0.0
2057-07-11 18:00:00,0.0,0.0
2057-07-11 19:00:00,0.0,0.0
2057-07-11 20:00:00,0.0,0.0
2057-07-11 21:00:00,0.0,0.0
2057-07-11 22:00:00,0.0,0.0
2057-07-11 23:00:00,0.0,0.0
2057-07-12 00:00:00,0.0,0.0
2057-07-12 01:00:00,0.0,0.0
2057-07-12 02:00:00,0.0,22.975837894675333
2057-07-12 03:00:00,0.0,82.2952739136553
2057-07-12 04:00:00,0.0,142.867937454163
2057-07-12 05:00:00,0.0,188.81961324351366
2057-07-12 06:00:00,0.0,228.50515142522562
2057-07-12 07:00:00,0.0,252.31647433425277
2057-07-12 08:00:00,0.0,261.9245519992988
2057-07-12 09:00:00,0.0,252.73421684142866
2057-07-12 10:00:00,0.0,219.31481626735547
2057-07-12 11:00:00,0.0,167.93248788471791
2057-07-12 12:00:00,0.0,104.01788428680287
2057-07-12 13:00:00,0.0,40.521023196063766
2057-07-12 14:00:00,0.0,0.8354850143518303
2057-07-12 15:00:00,0.0,0.0
2057-07-12 16:00:00,0.0,0.0
2057-07-12 17:00:00,0.0,0.0
2057-07-12 18:00:00,0.0,0.0
2057-07-12 19:00:00,0.0,0.0
2057-07-12 20:00:00,0.0,0.0
2057-07-12 21:00:00,0.0,0.0
2057-07-12 22:00:00,0.0,0.0
2057-07-12 23:00:00,0.0,0.0
2057-07-13 00:00:00,0.0,0.0
2057-07-13 01:00:00,0.0,0.0
2057-07-13 02:00:00,0.0,24.22906541620308
2057-07-13 03:00:00,0.0,87.30818399976627
2057-07-13 04:00:00,0.0,154.98247016226452
2057-07-13 05:00:00,0.0,210.54222361666123
2057-07-13 06:00:00,0.0,248.55679176966953
2057-07-13 07:00:00,0.0,267.77294709976155
2057-07-13 08:00:00,0.0,267.3552045925857
2057-07-13 09:00:00,0.0,264.4310070423543
2057-07-13 10:00:00,0.0,230.17612145392926
2057-07-13 11:00:00,0.0,179.21153557846762
2057-07-13 12:00:00,0.0,113.20821944467302
2057-07-13 13:00:00,0.0,45.116190774998834
2057-07-13 14:00:00,0.0,0.8354850143518303
2057-07-13 15:00:00,0.0,0.0
2057-07-13 16:00:00,0.0,0.0
2057-07-13 17:00:00,0.0,0.0
2057-07-13 18:00:00,0.0,0.0
2057-07-13 19:00:00,0.0,0.0
2057-07-13 20:00:00,0.0,0.0
2057-07-13 21:00:00,0.0,0.0
2057-07-13 22:00:00,0.0,0.0
2057-07-13 23:00:00,0.0,0.0
2057-07-14 00:00:00,0.0,0.0
2057-07-14 01:00:00,0.0,0.0
2057-07-14 02:00:00,0.0,23.811322909027165
2057-07-14 03:00:00,0.0,88.97915402846994
2057-07-14 04:00:00,0.0,158.32441021967182
2057-07-14 05:00:00,0.0,215.55513370277222
2057-07-14 06:00:00,0.0,254.40518687013235
2057-07-14 07:00:00,0.0,274.45682721457626
2057-07-14 08:00:00,0.0,275.710054736104
2057-07-14 09:00:00,0.0,268.60843211411344
2057-07-14 10:00:00,0.0,232.68257649698475
2057-07-14 11:00:00,0.0,178.79379307129167
2057-07-14 12:00:00,0.0,111.11950690879344
2057-07-14 13:00:00,0.0,43.02747823911927
2057-07-14 14:00:00,0.0,0.8354850143518303
2057-07-14 15:00:00,0.0,0.0
2057-07-14 16:00:00,0.0,0.0
2057-07-14 17:00:00,0.0,0.0
2057-07-14 18:00:00,0.0,0.0
2057-07-14 19:00:00,0.0,0.0
2057-07-14 20:00:00,0.0,0.0
2057-07-14 21:00:00,0.0,0.0
2057-07-14 22:00:00,0.0,0.0
2057-07-14 23:00:00,0.0,0.0
2057-07-15 00:00:00,0.0,0.0
2057-07-15 01:00:00,0.0,0.0
2057-07-15 02:00:00,0.0,22.975837894675333
2057-07-15 03:00:00,0.0,83.13075892800713
2057-07-15 04:00:00,0.0,149.5518175689776
2057-07-15 05:00:00,0.0,203.85834350184658
2057-07-15 06:00:00,0.0,249.39227678402136
2057-07-15 07:00:00,0.0,269.4439171284653
2057-07-15 08:00:00,0.0,271.5326296643448
2057-07-15 09:00:00,0.0,256.91164191318785
2057-07-15 10:00:00,0.0,221.82127131041094
2057-07-15 11:00:00,0.0,170.43894292777338
2057-07-15 12:00:00,0.0,106.94208183703428
2057-07-15 13:00:00,0.0,42.19199322476744
2057-07-15 14:00:00,0.0,0.8354850143518303
2057-07-15 15:00:00,0.0,0.0
2057-07-15 16:00:00,0.0,0.0
2057-07-15 17:00:00,0.0,0.0
2057-07-15 18:00:00,0.0,0.0
2057-07-15 19:00:00,0.0,0.0
2057-07-15 20:00:00,0.0,0.0
2057-07-15 21:00:00,0.0,0.0
2057-07-15 22:00:00,0.0,0.0
2057-07-15 23:00:00,0.0,0.0
2057-07-16 00:00:00,0.0,0.0
2057-07-16 01:00:00,0.0,0.0
2057-07-16 02:00:00,0.0,23.811322909027165
2057-07-16 03:00:00,0.0,87.72592650694219
2057-07-16 04:00:00,0.0,157.48892520532004
2057-07-16 05:00:00,0.0,215.1373911955963
2057-07-16 06:00:00,0.0,260.671324477771
2057-07-16 07:00:00,0.0,278.6342522863354
2057-07-16 08:00:00,0.0,278.6342522863354
2057-07-16 09:00:00,0.0,261.5068094921229
2057-07-16 10:00:00,0.0,226.41643888934604
2057-07-16 11:00:00,0.0,174.1986254923566
2057-07-16 12:00:00,0.0,109.03079437291386
2057-07-16 13:00:00,0.0,42.609735731943346
2057-07-16 14:00:00,0.0,0.41774250717591516
2057-07-16 15:00:00,0.0,0.0
2057-07-16 16:00:00,0.0,0.0
2057-07-16 17:00:00,0.0,0.0
2057-07-16 18:00:00,0.0,0.0
2057-07-16 19:00:00,0.0,0.0
2057-07-16 20:00:00,0.0,0.0
2057-07-16 21:00:00,0.0,0.0
2057-07-16 22:00:00,0.0,0.0
2057-07-16 23:00:00,0.0,0.0
2057-07-17 00:00:00,0.0,0.0
2057-07-17 01:00:00,0.0,0.0
2057-07-17 02:00:00,0.0,23.811322909027165
2057-07-17 03:00:00,0.0,88.561411521294
2057-07-17 04:00:00,0.0,159.15989523402368
2057-07-17 05:00:00,0.0,217.2261037314759
2057-07-17 06:00:00,0.0,264.0132645351784
2057-07-17 07:00:00,0.0,281.5584498365668
2057-07-17 08:00:00,0.0,280.3052223150391
2057-07-17 09:00:00,0.0,261.5068094921229
2057-07-17 10:00:00,0.0,224.32772635346643
2057-07-17 11:00:00,0.0,170.43894292777338
2057-07-17 12:00:00,0.0,105.27111180833062
2057-07-17 13:00:00,0.0,41.3565082104156
2057-07-17 14:00:00,0.0,0.41774250717591516
2057-07-17 15:00:00,0.0,0.0
2057-07-17 16:00:00,0.0,0.0
2057-07-17 17:00:00,0.0,0.0
2057-07-17 18:00:00,0.0,0.0
2057-07-17 19:00:00,0.0,0.0
2057-07-17 20:00:00,0.0,0.0
2057-07-17 21:00:00,0.0,0.0
2057-07-17 22:00:00,0.0,0.0
2057-07-17 23:00:00,0.0,0.0
2057-07-18 00:00:00,0.0,0.0
2057-07-18 01:00:00,0.0,0.0
2057-07-18 02:00:00,0.0,21.304867865971673
2057-07-18 03:00:00,0.0,78.95333385624795
2057-07-18 04:00:00,0.0,140.3614824111075
2057-07-18 05:00:00,0.0,195.0857508511524
2057-07-18 06:00:00,0.0,238.11322909027166
2057-07-18 07:00:00,0.0,260.671324477771
2057-07-18 08:00:00,0.0,264.4310070423543
2057-07-18 09:00:00,0.0,258.16486943471557
2057-07-18 10:00:00,0.0,221.82127131041094
2057-07-18 11:00:00,0.0,167.514745377542
2057-07-18 12:00:00,0.0,102.34691425809922
2057-07-18 13:00:00,0.0,41.3565082104156
2057-07-18 14:00:00,0.0,0.41774250717591516
2057-07-18 15:00:00,0.0,0.0
2057-07-18 16:00:00,0.0,0.0
2057-07-18 17:00:00,0.0,0.0
2057-07-18 18:00:00,0.0,0.0
2057-07-18 19:00:00,0.0,0.0
2057-07-18 20:00:00,0.0,0.0
2057-07-18 21:00:00,0.0,0.0
2057-07-18 22:00:00,0.0,0.0
2057-07-18 23:00:00,0.0,0.0
2057-07-19 00:00:00,0.0,0.0
2057-07-19 01:00:00,0.0,0.0
2057-07-19 02:00:00,0.0,21.304867865971673
2057-07-19 03:00:00,0.0,80.20656137777571
2057-07-19 04:00:00,0.0,145.7921350043944
2057-07-19 05:00:00,0.0,201.3518884587911
2057-07-19 06:00:00,0.0,252.73421684142866
2057-07-19 07:00:00,0.0,272.36811467869666
2057-07-19 08:00:00,0.0,274.0390847074004
2057-07-19 09:00:00,0.0,257.7471269275397
2057-07-19 10:00:00,0.0,222.65675632476274
2057-07-19 11:00:00,0.0,170.43894292777338
2057-07-19 12:00:00,0.0,105.68885431550653
2057-07-19 13:00:00,0.0,40.521023196063766
2057-07-19 14:00:00,0.0,0.41774250717591516
2057-07-19 15:00:00,0.0,0.0
2057-07-19 16:00:00,0.0,0.0
2057-07-19 17:00:00,0.0,0.0
2057-07-19 18:00:00,0.0,0.0
2057-07-19 19:00:00,0.0,0.0
2057-07-19 20:00:00,0.0,0.0
2057-07-19 21:00:00,0.0,0.0
2057-07-19 22:00:00,0.0,0.0
2057-07-19 23:00:00,0.0,0.0
2057-07-20 00:00:00,0.0,0.0
2057-07-20 01:00:00,0.0,0.0
2057-07-20 02:00:00,0.0,23.811322909027165
2057-07-20 03:00:00,0.0,89.81463904282177
2057-07-20 04:00:00,0.0,160.41312275555143
2057-07-20 05:00:00,0.0,216.39061871712406
2057-07-20 06:00:00,0.0,255.2406718844842
2057-07-20 07:00:00,0.0,281.5584498365668
2057-07-20 08:00:00,0.0,287.40684493702963
2057-07-20 09:00:00,0.0,269.8616596356412
2057-07-20 10:00:00,0.0,234.35354652568844
2057-07-20 11:00:00,0.0,180.88250560717125
2057-07-20 12:00:00,0.0,113.20821944467302
2057-07-20 13:00:00,0.0,44.280705760647
2057-07-20 14:00:00,0.0,0.41774250717591516
2057-07-20 15:00:00,0.0,0.0
2057-07-20 16:00:00,0.0,0.0
2057-07-20 17:00:00,0.0,0.0
2057-07-20 18:00:00,0.0,0.0
2057-07-20 19:00:00,0.0,0.0
2057-07-20 20:00:00,0.0,0.0
2057-07-20 21:00:00,0.0,0.0
2057-07-20 22:00:00,0.0,0.0
2057-07-20 23:00:00,0.0,0.0
2057-07-21 00:00:00,0.0,0.0
2057-07-21 01:00:00,0.0,0.0
2057-07-21 02:00:00,0.0,22.975837894675333
2057-07-21 03:00:00,0.0,87.72592650694219
2057-07-21 04:00:00,0.0,152.89375762638497
2057-07-21 05:00:00,0.0,208.45351108078165
2057-07-21 06:00:00,0.0,237.69548658309571
2057-07-21 07:00:00,0.0,250.64550430554908
2057-07-21 08:00:00,0.0,238.11322909027166
2057-07-21 09:00:00,0.0,224.32772635346643
2057-07-21 10:00:00,0.0,208.45351108078165
2057-07-21 11:00:00,0.0,170.8566854349493
2057-07-21 12:00:00,0.0,109.44853688008978
2057-07-21 13:00:00,0.0,42.609735731943346
2057-07-21 14:00:00,0.0,0.41774250717591516
2057-07-21 15:00:00,0.0,0.0
2057-07-21 16:00:00,0.0,0.0
2057-07-21 17:00:00,0.0,0.0
2057-07-21 18:00:00,0.0,0.0
2057-07-21 19:00:00,0.0,0.0
2057-07-21 20:00:00,0.0,0.0
2057-07-21 21:00:00,0.0,0.0
2057-07-21 22:00:00,0.0,0.0
2057-07-21 23:00:00,0.0,0.0
2057-07-22 00:00:00,0.0,0.0
2057-07-22 01:00:00,0.0,0.0
2057-07-22 02:00:00,0.0,22.1403528803235
2057-07-22 03:00:00,0.0,81.45978889930346
2057-07-22 04:00:00,0.0,154.1469851479127
2057-07-22 05:00:00,0.0,215.55513370277222
2057-07-22 06:00:00,0.0,260.671324477771
2057-07-22 07:00:00,0.0,282.8116773580945
2057-07-22 08:00:00,0.0,284.48264738679825
2057-07-22 09:00:00,0.0,266.9374620854098
2057-07-22 10:00:00,0.0,232.26483398980886
2057-07-22 11:00:00,0.0,178.37605056411576
2057-07-22 12:00:00,0.0,109.86627938726569
2057-07-22 13:00:00,0.0,41.774250717591514
2057-07-22 14:00:00,0.0,0.0
2057-07-22 15:00:00,0.0,0.0
2057-07-22 16:00:00,0.0,0.0
2057-07-22 17:00:00,0.0,0.0
2057-07-22 18:00:00,0.0,0.0
2057-07-22 19:00:00,0.0,0.0
2057-07-22 20:00:00,0.0,0.0
2057-07-22 21:00:00,0.0,0.0
2057-07-22 22:00:00,0.0,0.0
2057-07-22 23:00:00,0.0,0.0
2057-07-23 00:00:00,0.0,0.0
2057-07-23 01:00:00,0.0,0.0
2057-07-23 02:00:00,0.0,17.962927808564352
2057-07-23 03:00:00,0.0,76.44687881319248
2057-07-23 04:00:00,0.0,139.52599739675566
2057-07-23 05:00:00,0.0,205.11157102337435
2057-07-23 06:00:00,0.0,251.48098931990094
2057-07-23 07:00:00,0.0,272.7858571858726
2057-07-23 08:00:00,0.0,280.722964822215
2057-07-23 09:00:00,0.0,269.8616596356412
2057-07-23 10:00:00,0.0,237.69548658309571
2057-07-23 11:00:00,0.0,186.7309007076341
2057-07-23 12:00:00,0.0,119.05661454513583
2057-07-23 13:00:00,0.0,48.04038832523024
2057-07-23 14:00:00,0.0,0.41774250717591516
2057-07-23 15:00:00,0.0,0.0
2057-07-23 16:00:00,0.0,0.0
2057-07-23 17:00:00,0.0,0.0
2057-07-23 18:00:00,0.0,0.0
2057-07-23 19:00:00,0.0,0.0
2057-07-23 20:00:00,0.0,0.0
2057-07-23 21:00:00,0.0,0.0
2057-07-23 22:00:00,0.0,0.0
2057-07-23 23:00:00,0.0,0.0
2057-07-24 00:00:00,0.0,0.0
2057-07-24 01:00:00,0.0,0.0
2057-07-24 02:00:00,0.0,22.1403528803235
2057-07-24 03:00:00,0.0,83.54850143518303
2057-07-24 04:00:00,0.0,154.1469851479127
2057-07-24 05:00:00,0.0,207.20028355925393
2057-07-24 06:00:00,0.0,255.6584143916601
2057-07-24 07:00:00,0.0,274.45682721457626
2057-07-24 08:00:00,0.0,276.5455397504559
2057-07-24 09:00:00,0.0,257.32938442036374
2057-07-24 10:00:00,0.0,218.89707376017955
2057-07-24 11:00:00,0.0,166.67926036319017
2057-07-24 12:00:00,0.0,104.01788428680287
2057-07-24 13:00:00,0.0,38.43231066018419
2057-07-24 14:00:00,0.0,0.0
2057-07-24 15:00:00,0.0,0.0
2057-07-24 16:00:00,0.0,0.0
2057-07-24 17:00:00,0.0,0.0
2057-07-24 18:00:00,0.0,0.0
2057-07-24 19:00:00,0.0,0.0
2057-07-24 20:00:00,0.0,0.0
2057-07-24 21:00:00,0.0,0.0
2057-07-24 22:00:00,0.0,0.0
2057-07-24 23:00:00,0.0,0.0
2057-07-25 00:00:00,0.0,0.0
2057-07-25 01:00:00,0.0,0.0
2057-07-25 02:00:00,0.0,18.798412822916184
2057-07-25 03:00:00,0.0,74.7759087844888
2057-07-25 04:00:00,0.0,141.19696742545935
2057-07-25 05:00:00,0.0,187.14864321481002
2057-07-25 06:00:00,0.0,239.7841991189753
2057-07-25 07:00:00,0.0,272.7858571858726
2057-07-25 08:00:00,0.0,276.12779724327993
2057-07-25 09:00:00,0.0,261.5068094921229
2057-07-25 10:00:00,0.0,220.1503012817073
2057-07-25 11:00:00,0.0,165.8437753488383
2057-07-25 12:00:00,0.0,94.82754912893274
2057-07-25 13:00:00,0.0,33.419400574073215
2057-07-25 14:00:00,0.0,0.0
2057-07-25 15:00:00,0.0,0.0
2057-07-25 16:00:00,0.0,0.0
2057-07-25 17:00:00,0.0,0.0
2057-07-25 18:00:00,0.0,0.0
2057-07-25 19:00:00,0.0,0.0
2057-07-25 20:00:00,0.0,0.0
2057-07-25 21:00:00,0.0,0.0
2057-07-25 22:00:00,0.0,0.0
2057-07-25 23:00:00,0.0,0.0
2057-07-26 00:00:00,0.0,0.0
2057-07-26 01:00:00,0.0,0.0
2057-07-26 02:00:00,0.0,19.216155330092096
2057-07-26 03:00:00,0.0,83.54850143518303
2057-07-26 04:00:00,0.0,157.0711826981441
2057-07-26 05:00:00,0.0,213.88416367406856
2057-07-26 06:00:00,0.0,257.32938442036374
2057-07-26 07:00:00,0.0,277.3810247648077
2057-07-26 08:00:00,0.0,280.722964822215
2057-07-26 09:00:00,0.0,264.4310070423543
2057-07-26 10:00:00,0.0,227.66966641087376
2057-07-26 11:00:00,0.0,173.3631404780048
2057-07-26 12:00:00,0.0,106.52433932985836
2057-07-26 13:00:00,0.0,39.68553818171194
2057-07-26 14:00:00,0.0,0.0
2057-07-26 15:00:00,0.0,0.0
2057-07-26 16:00:00,0.0,0.0
2057-07-26 17:00:00,0.0,0.0
2057-07-26 18:00:00,0.0,0.0
2057-07-26 19:00:00,0.0,0.0
2057-07-26 20:00:00,0.0,0.0
2057-07-26 21:00:00,0.0,0.0
2057-07-26 22:00:00,0.0,0.0
2057-07-26 23:00:00,0.0,0.0
2057-07-27 00:00:00,0.0,0.0
2057-07-27 01:00:00,0.0,0.0
2057-07-27 02:00:00,0.0,20.887125358795757
2057-07-27 03:00:00,0.0,82.7130164208312
2057-07-27 04:00:00,0.0,153.72924264073677
2057-07-27 05:00:00,0.0,210.54222361666123
2057-07-27 06:00:00,0.0,248.97453427684545
2057-07-27 07:00:00,0.0,269.8616596356412
2057-07-27 08:00:00,0.0,274.45682721457626
2057-07-27 09:00:00,0.0,271.5326296643448
2057-07-27 10:00:00,0.0,235.60677404721616
2057-07-27 11:00:00,0.0,181.30024811434717
2057-07-27 12:00:00,0.0,112.7904769374971
2057-07-27 13:00:00,0.0,43.02747823911927
2057-07-27 14:00:00,0.0,0.0
2057-07-27 15:00:00,0.0,0.0
2057-07-27 16:00:00,0.0,0.0
2057-07-27 17:00:00,0.0,0.0
2057-07-27 18:00:00,0.0,0.0
2057-07-27 19:00:00,0.0,0.0
2057-07-27 20:00:00,0.0,0.0
2057-07-27 21:00:00,0.0,0.0
2057-07-27 22:00:00,0.0,0.0
2057-07-27 23:00:00,0.0,0.0
2057-07-28 00:00:00,0.0,0.0
2057-07-28 01:00:00,0.0,0.0
2057-07-28 02:00:00,0.0,22.975837894675333
2057-07-28 03:00:00,0.0,91.06786656434952
2057-07-28 04:00:00,0.0,163.33732030578284
2057-07-28 05:00:00,0.0,222.65675632476274
2057-07-28 06:00:00,0.0,269.0261746212894
2057-07-28 07:00:00,0.0,289.9132999800851
2057-07-28 08:00:00,0.0,292.00201251596474
2057-07-28 09:00:00,0.0,275.29231222892815
2057-07-28 10:00:00,0.0,239.36645661179938
2057-07-28 11:00:00,0.0,185.0599306789304
2057-07-28 12:00:00,0.0,115.71467448772849
2057-07-28 13:00:00,0.0,43.862963253471094
2057-07-28 14:00:00,0.0,0.0
2057-07-28 15:00:00,0.0,0.0
2057-07-28 16:00:00,0.0,0.0
2057-07-28 17:00:00,0.0,0.0
2057-07-28 18:00:00,0.0,0.0
2057-07-28 19:00:00,0.0,0.0
2057-07-28 20:00:00,0.0,0.0
2057-07-28 21:00:00,0.0,0.0
2057-07-28 22:00:00,0.0,0.0
2057-07-28 23:00:00,0.0,0.0
2057-07-29 00:00:00,0.0,0.0
2057-07-29 01:00:00,0.0,0.0
2057-07-29 02:00:00,0.0,21.304867865971673
2057-07-29 03:00:00,0.0,81.87753140647938
2057-07-29 04:00:00,0.0,138.27276987522794
2057-07-29 05:00:00,0.0,205.94705603772616
2057-07-29 06:00:00,0.0,258.16486943471557
2057-07-29 07:00:00,0.0,280.3052223150391
2057-07-29 08:00:00,0.0,284.0649048796223
2057-07-29 09:00:00,0.0,267.3552045925857
2057-07-29 10:00:00,0.0,224.32772635346643
2057-07-29 11:00:00,0.0,144.53890748286662
2057-07-29 12:00:00,0.0,57.23072348310037
2057-07-29 13:00:00,0.0,16.709700287036608
2057-07-29 14:00:00,0.0,0.0
2057-07-29 15:00:00,0.0,0.0
2057-07-29 16:00:00,0.0,0.0
2057-07-29 17:00:00,0.0,0.0
2057-07-29 18:00:00,0.0,0.0
2057-07-29 19:00:00,0.0,0.0
2057-07-29 20:00:00,0.0,0.0
2057-07-29 21:00:00,0.0,0.0
2057-07-29 22:00:00,0.0,0.0
2057-07-29 23:00:00,0.0,0.0
2057-07-30 00:00:00,0.0,0.0
2057-07-30 01:00:00,0.0,0.0
2057-07-30 02:00:00,0.0,17.127442794212524
2057-07-30 03:00:00,0.0,66.42105864097051
2057-07-30 04:00:00,0.0,140.3614824111075
2057-07-30 05:00:00,0.0,208.03576857360574
2057-07-30 06:00:00,0.0,248.55679176966953
2057-07-30 07:00:00,0.0,265.2664920567061
2057-07-30 08:00:00,0.0,264.8487495495302
2057-07-30 09:00:00,0.0,240.2019416261512
2057-07-30 10:00:00,0.0,188.81961324351366
2057-07-30 11:00:00,0.0,129.91791973170962
2057-07-30 12:00:00,0.0,64.33234610509093
2057-07-30 13:00:00,0.0,23.39358040185125
2057-07-30 14:00:00,0.0,0.0
2057-07-30 15:00:00,0.0,0.0
2057-07-30 16:00:00,0.0,0.0
2057-07-30 17:00:00,0.0,0.0
2057-07-30 18:00:00,0.0,0.0
2057-07-30 19:00:00,0.0,0.0
2057-07-30 20:00:00,0.0,0.0
2057-07-30 21:00:00,0.0,0.0
2057-07-30 22:00:00,0.0,0.0
2057-07-30 23:00:00,0.0,0.0
2057-07-31 00:00:00,0.0,0.0
2057-07-31 01:00:00,0.0,0.0
2057-07-31 02:00:00,0.0,16.709700287036608
2057-07-31 03:00:00,0.0,58.48395100462813
2057-07-31 04:00:00,0.0,104.4356267939788
2057-07-31 05:00:00,0.0,147.46310503309803
2057-07-31 06:00:00,0.0,186.7309007076341
2057-07-31 07:00:00,0.0,211.795451138189
2057-07-31 08:00:00,0.0,223.4922413391146
2057-07-31 09:00:00,0.0,229.34063643957742
2057-07-31 10:00:00,0.0,203.02285848749477
2057-07-31 11:00:00,0.0,131.58888976041328
2057-07-31 12:00:00,0.0,52.2178133969894
2057-07-31 13:00:00,0.0,12.532275215277455
2057-07-31 14:00:00,0.0,0.0
2057-07-31 15:00:00,0.0,0.0
2057-07-31 16:00:00,0.0,0.0
2057-07-31 17:00:00,0.0,0.0
2057-07-31 18:00:00,0.0,0.0
2057-07-31 19:00:00,0.0,0.0
2057-07-31 20:00:00,0.0,0.0
2057-07-31 21:00:00,0.0,0.0
2057-07-31 22:00:00,0.0,0.0
2057-07-31 23:00:00,0.0,0.0
2057-08-01 00:00:00,0.0,0.0
2057-08-01 01:00:00,0.0,0.0
2057-08-01 02:00:00,0.0,20.05164034444393
2057-08-01 03:00:00,0.0,71.01622621990558
2057-08-01 04:00:00,0.0,122.39855460254316
2057-08-01 05:00:00,0.0,172.52765546365293
2057-08-01 06:00:00,0.0,217.6438462386518
2057-08-01 07:00:00,0.0,258.16486943471557
2057-08-01 08:00:00,0.0,280.722964822215
2057-08-01 09:00:00,0.0,258.58261194189146
2057-08-01 10:00:00,0.0,217.6438462386518
2057-08-01 11:00:00,0.0,157.48892520532004
2057-08-01 12:00:00,0.0,84.38398644953487
2057-08-01 13:00:00,0.0,25.90003544490674
2057-08-01 14:00:00,0.0,0.0
2057-08-01 15:00:00,0.0,0.0
2057-08-01 16:00:00,0.0,0.0
2057-08-01 17:00:00,0.0,0.0
2057-08-01 18:00:00,0.0,0.0
2057-08-01 19:00:00,0.0,0.0
2057-08-01 20:00:00,0.0,0.0
2057-08-01 21:00:00,0.0,0.0
2057-08-01 22:00:00,0.0,0.0
2057-08-01 23:00:00,0.0,0.0
2057-08-02 00:00:00,0.0,0.0
2057-08-02 01:00:00,0.0,0.0
2057-08-02 02:00:00,0.0,10.443562679397878
2057-08-02 03:00:00,0.0,55.97749596157263
2057-08-02 04:00:00,0.0,123.6517821240709
2057-08-02 05:00:00,0.0,161.6663502770792
2057-08-02 06:00:00,0.0,180.46476309999534
2057-08-02 07:00:00,0.0,173.3631404780048
2057-08-02 08:00:00,0.0,162.50183529143098
2057-08-02 09:00:00,0.0,138.27276987522794
2057-08-02 10:00:00,0.0,115.71467448772849
2057-08-02 11:00:00,0.0,81.87753140647938
2057-08-02 12:00:00,0.0,46.7871608037025
2057-08-02 13:00:00,0.0,18.380670315740264
2057-08-02 14:00:00,0.0,0.0
2057-08-02 15:00:00,0.0,0.0
2057-08-02 16:00:00,0.0,0.0
2057-08-02 17:00:00,0.0,0.0
2057-08-02 18:00:00,0.0,0.0
2057-08-02 19:00:00,0.0,0.0
2057-08-02 20:00:00,0.0,0.0
2057-08-02 21:00:00,0.0,0.0
2057-08-02 22:00:00,0.0,0.0
2057-08-02 23:00:00,0.0,0.0
2057-08-03 00:00:00,0.0,0.0
2057-08-03 01:00:00,0.0,0.0
2057-08-03 02:00:00,0.0,10.861305186573794
2057-08-03 03:00:00,0.0,43.862963253471094
2057-08-03 04:00:00,0.0,79.7888188705998
2057-08-03 05:00:00,0.0,112.7904769374971
2057-08-03 06:00:00,0.0,153.31150013356088
2057-08-03 07:00:00,0.0,203.02285848749477
2057-08-03 08:00:00,0.0,250.64550430554908
2057-08-03 09:00:00,0.0,259.4180969562433
2057-08-03 10:00:00,0.0,226.41643888934604
2057-08-03 11:00:00,0.0,170.8566854349493
2057-08-03 12:00:00,0.0,104.01788428680287
2057-08-03 13:00:00,0.0,36.34359812430462
2057-08-03 14:00:00,0.0,0.0
2057-08-03 15:00:00,0.0,0.0
2057-08-03 16:00:00,0.0,0.0
2057-08-03 17:00:00,0.0,0.0
2057-08-03 18:00:00,0.0,0.0
2057-08-03 19:00:00,0.0,0.0
2057-08-03 20:00:00,0.0,0.0
2057-08-03 21:00:00,0.0,0.0
2057-08-03 22:00:00,0.0,0.0
2057-08-03 23:00:00,0.0,0.0
2057-08-04 00:00:00,0.0,0.0
2057-08-04 01:00:00,0.0,0.0
2057-08-04 02:00:00,0.0,18.380670315740264
2057-08-04 03:00:00,0.0,73.10493875578516
2057-08-04 04:00:00,0.0,142.4501949469871
2057-08-04 05:00:00,0.0,205.11157102337435
2057-08-04 06:00:00,0.0,260.2535819705951
2057-08-04 07:00:00,0.0,278.21650977915954
2057-08-04 08:00:00,0.0,271.11488715716894
2057-08-04 09:00:00,0.0,238.9487141046235
2057-08-04 10:00:00,0.0,203.02285848749477
2057-08-04 11:00:00,0.0,157.9066677124959
2057-08-04 12:00:00,0.0,96.91626166481231
2057-08-04 13:00:00,0.0,33.419400574073215
2057-08-04 14:00:00,0.0,0.0
2057-08-04 15:00:00,0.0,0.0
2057-08-04 16:00:00,0.0,0.0
2057-08-04 17:00:00,0.0,0.0
2057-08-04 18:00:00,0.0,0.0
2057-08-04 19:00:00,0.0,0.0
2057-08-04 20:00:00,0.0,0.0
2057-08-04 21:00:00,0.0,0.0
2057-08-04 22:00:00,0.0,0.0
2057-08-04 23:00:00,0.0,0.0
2057-08-05 00:00:00,0.0,0.0
2057-08-05 01:00:00,0.0,0.0
2057-08-05 02:00:00,0.0,8.354850143518304
2057-08-05 03:00:00,0.0,45.116190774998834
2057-08-05 04:00:00,0.0,104.85336930115471
2057-08-05 05:00:00,0.0,170.02120042059744
2057-08-05 06:00:00,0.0,214.30190618124445
2057-08-05 07:00:00,0.0,237.2777440759198
2057-08-05 08:00:00,0.0,242.29065416203076
2057-08-05 09:00:00,0.0,241.87291165485485
2057-08-05 10:00:00,0.0,205.11157102337435
2057-08-05 11:00:00,0.0,156.65344019096818
2057-08-05 12:00:00,0.0,93.99206411458091
2057-08-05 13:00:00,0.0,35.09037060277687
2057-08-05 14:00:00,0.0,0.0
2057-08-05 15:00:00,0.0,0.0
2057-08-05 16:00:00,0.0,0.0
2057-08-05 17:00:00,0.0,0.0
2057-08-05 18:00:00,0.0,0.0
2057-08-05 19:00:00,0.0,0.0
2057-08-05 20:00:00,0.0,0.0
2057-08-05 21:00:00,0.0,0.0
2057-08-05 22:00:00,0.0,0.0
2057-08-05 23:00:00,0.0,0.0
2057-08-06 00:00:00,0.0,0.0
2057-08-06 01:00:00,0.0,0.0
2057-08-06 02:00:00,0.0,12.532275215277455
2057-08-06 03:00:00,0.0,58.48395100462813
2057-08-06 04:00:00,0.0,119.89209955948765
2057-08-06 05:00:00,0.0,178.79379307129167
2057-08-06 06:00:00,0.0,221.40352880323502
2057-08-06 07:00:00,0.0,253.15195934860458
2057-08-06 08:00:00,0.0,264.0132645351784
2057-08-06 09:00:00,0.0,253.15195934860458
2057-08-06 10:00:00,0.0,217.6438462386518
2057-08-06 11:00:00,0.0,166.26151785601425
2057-08-06 12:00:00,0.0,102.34691425809922
2057-08-06 13:00:00,0.0,37.59682564583237
2057-08-06 14:00:00,0.0,0.0
2057-08-06 15:00:00,0.0,0.0
2057-08-06 16:00:00,0.0,0.0
2057-08-06 17:00:00,0.0,0.0
2057-08-06 18:00:00,0.0,0.0
2057-08-06 19:00:00,0.0,0.0
2057-08-06 20:00:00,0.0,0.0
2057-08-06 21:00:00,0.0,0.0
2057-08-06 22:00:00,0.0,0.0
2057-08-06 23:00:00,0.0,0.0
2057-08-07 00:00:00,0.0,0.0
2057-08-07 01:00:00,0.0,0.0
2057-08-07 02:00:00,0.0,11.696790200925625
2057-08-07 03:00:00,0.0,62.24363356921136
2057-08-07 04:00:00,0.0,134.09534480346878
2057-08-07 05:00:00,0.0,189.6550982578655
2057-08-07 06:00:00,0.0,227.66966641087376
2057-08-07 07:00:00,0.0,255.6584143916601
2057-08-07 08:00:00,0.0,264.0132645351784
2057-08-07 09:00:00,0.0,256.4938994060119
2057-08-07 10:00:00,0.0,218.06158874582772
2057-08-07 11:00:00,0.0,166.67926036319017
2057-08-07 12:00:00,0.0,104.85336930115471
2057-08-07 13:00:00,0.0,37.17908313865645
2057-08-07 14:00:00,0.0,0.0
2057-08-07 15:00:00,0.0,0.0
2057-08-07 16:00:00,0.0,0.0
2057-08-07 17:00:00,0.0,0.0
2057-08-07 18:00:00,0.0,0.0
2057-08-07 19:00:00,0.0,0.0
2057-08-07 20:00:00,0.0,0.0
2057-08-07 21:00:00,0.0,0.0
2057-08-07 22:00:00,0.0,0.0
2057-08-07 23:00:00,0.0,0.0
2057-08-08 00:00:00,0.0,0.0
2057-08-08 01:00:00,0.0,0.0
2057-08-08 02:00:00,0.0,14.203245243981115
2057-08-08 03:00:00,0.0,64.75008861226685
2057-08-08 04:00:00,0.0,125.32275215277454
2057-08-08 05:00:00,0.0,175.8695955210603
2057-08-08 06:00:00,0.0,230.59386396110517
2057-08-08 07:00:00,0.0,248.1390492624936
2057-08-08 08:00:00,0.0,251.89873182707686
2057-08-08 09:00:00,0.0,249.81001929119725
2057-08-08 10:00:00,0.0,221.40352880323502
2057-08-08 11:00:00,0.0,169.60345791342155
2057-08-08 12:00:00,0.0,96.91626166481231
2057-08-08 13:00:00,0.0,29.241975502314066
2057-08-08 14:00:00,0.0,0.0
2057-08-08 15:00:00,0.0,0.0
2057-08-08 16:00:00,0.0,0.0
2057-08-08 17:00:00,0.0,0.0
2057-08-08 18:00:00,0.0,0.0
2057-08-08 19:00:00,0.0,0.0
2057-08-08 20:00:00,0.0,0.0
2057-08-08 21:00:00,0.0,0.0
2057-08-08 22:00:00,0.0,0.0
2057-08-08 23:00:00,0.0,0.0
2057-08-09 00:00:00,0.0,0.0
2057-08-09 01:00:00,0.0,0.0
2057-08-09 02:00:00,0.0,12.95001772245337
2057-08-09 03:00:00,0.0,61.82589106203545
2057-08-09 04:00:00,0.0,126.15823716712639
2057-08-09 05:00:00,0.0,186.31315820045816
2057-08-09 06:00:00,0.0,259.0003544490674
2057-08-09 07:00:00,0.0,275.710054736104
2057-08-09 08:00:00,0.0,272.36811467869666
2057-08-09 09:00:00,0.0,243.96162419073445
2057-08-09 10:00:00,0.0,204.69382851619844
2057-08-09 11:00:00,0.0,149.1340750618017
2057-08-09 12:00:00,0.0,85.21947146388669
2057-08-09 13:00:00,0.0,27.153262966434486
2057-08-09 14:00:00,0.0,0.0
2057-08-09 15:00:00,0.0,0.0
2057-08-09 16:00:00,0.0,0.0
2057-08-09 17:00:00,0.0,0.0
2057-08-09 18:00:00,0.0,0.0
2057-08-09 19:00:00,0.0,0.0
2057-08-09 20:00:00,0.0,0.0
2057-08-09 21:00:00,0.0,0.0
2057-08-09 22:00:00,0.0,0.0
2057-08-09 23:00:00,0.0,0.0
2057-08-10 00:00:00,0.0,0.0
2057-08-10 01:00:00,0.0,0.0
2057-08-10 02:00:00,0.0,14.203245243981115
2057-08-10 03:00:00,0.0,67.67428616249826
2057-08-10 04:00:00,0.0,134.09534480346878
2057-08-10 05:00:00,0.0,192.99703831527282
2057-08-10 06:00:00,0.0,253.9874443629564
2057-08-10 07:00:00,0.0,270.2794021428171
2057-08-10 08:00:00,0.0,267.3552045925857
2057-08-10 09:00:00,0.0,253.5697018557805
2057-08-10 10:00:00,0.0,217.2261037314759
2057-08-10 11:00:00,0.0,162.50183529143098
2057-08-10 12:00:00,0.0,92.32109408587725
2057-08-10 13:00:00,0.0,23.811322909027165
2057-08-10 14:00:00,0.0,0.0
2057-08-10 15:00:00,0.0,0.0
2057-08-10 16:00:00,0.0,0.0
2057-08-10 17:00:00,0.0,0.0
2057-08-10 18:00:00,0.0,0.0
2057-08-10 19:00:00,0.0,0.0
2057-08-10 20:00:00,0.0,0.0
2057-08-10 21:00:00,0.0,0.0
2057-08-10 22:00:00,0.0,0.0
2057-08-10 23:00:00,0.0,0.0
2057-08-11 00:00:00,0.0,0.0
2057-08-11 01:00:00,0.0,0.0
2057-08-11 02:00:00,0.0,14.620987751157033
2057-08-11 03:00:00,0.0,67.67428616249826
2057-08-11 04:00:00,0.0,132.84211728194103
2057-08-11 05:00:00,0.0,191.32606828656913
2057-08-11 06:00:00,0.0,241.87291165485485
2057-08-11 07:00:00,0.0,264.0132645351784
2057-08-11 08:00:00,0.0,263.5955220280025
2057-08-11 09:00:00,0.0,245.63259421943812
2057-08-11 10:00:00,0.0,208.03576857360574
2057-08-11 11:00:00,0.0,144.95664999004254
2057-08-11 12:00:00,0.0,67.67428616249826
2057-08-11 13:00:00,0.0,14.203245243981115
2057-08-11 14:00:00,0.0,0.0
2057-08-11 15:00:00,0.0,0.0
2057-08-11 16:00:00,0.0,0.0
2057-08-11 17:00:00,0.0,0.0
2057-08-11 18:00:00,0.0,0.0
2057-08-11 19:00:00,0.0,0.0
2057-08-11 20:00:00,0.0,0.0
2057-08-11 21:00:00,0.0,0.0
2057-08-11 22:00:00,0.0,0.0
2057-08-11 23:00:00,0.0,0.0
2057-08-12 00:00:00,0.0,0.0
2057-08-12 01:00:00,0.0,0.0
2057-08-12 02:00:00,0.0,4.595167578935067
2057-08-12 03:00:00,0.0,30.495203023841807
2057-08-12 04:00:00,0.0,69.34525619120193
2057-08-12 05:00:00,0.0,108.61305186573794
2057-08-12 06:00:00,0.0,142.867937454163
2057-08-12 07:00:00,0.0,177.54056554976393
2057-08-12 08:00:00,0.0,188.81961324351366
2057-08-12 09:00:00,0.0,173.3631404780048
2057-08-12 10:00:00,0.0,153.31150013356088
2057-08-12 11:00:00,0.0,119.05661454513583
2057-08-12 12:00:00,0.0,74.3581662773129
2057-08-12 13:00:00,0.0,28.40649048796223
2057-08-12 14:00:00,0.0,0.0
2057-08-12 15:00:00,0.0,0.0
2057-08-12 16:00:00,0.0,0.0
2057-08-12 17:00:00,0.0,0.0
2057-08-12 18:00:00,0.0,0.0
2057-08-12 19:00:00,0.0,0.0
2057-08-12 20:00:00,0.0,0.0
2057-08-12 21:00:00,0.0,0.0
2057-08-12 22:00:00,0.0,0.0
2057-08-12 23:00:00,0.0,0.0
2057-08-13 00:00:00,0.0,0.0
2057-08-13 01:00:00,0.0,0.0
2057-08-13 02:00:00,0.0,17.127442794212524
2057-08-13 03:00:00,0.0,78.95333385624795
2057-08-13 04:00:00,0.0,147.46310503309803
2057-08-13 05:00:00,0.0,199.68091843008744
2057-08-13 06:00:00,0.0,236.8600015687439
2057-08-13 07:00:00,0.0,259.0003544490674
2057-08-13 08:00:00,0.0,256.4938994060119
2057-08-13 09:00:00,0.0,240.2019416261512
2057-08-13 10:00:00,0.0,203.02285848749477
2057-08-13 11:00:00,0.0,149.96956007615356
2057-08-13 12:00:00,0.0,90.23238154999767
2057-08-13 13:00:00,0.0,29.659718009489975
2057-08-13 14:00:00,0.0,0.0
2057-08-13 15:00:00,0.0,0.0
2057-08-13 16:00:00,0.0,0.0
2057-08-13 17:00:00,0.0,0.0
2057-08-13 18:00:00,0.0,0.0
2057-08-13 19:00:00,0.0,0.0
2057-08-13 20:00:00,0.0,0.0
2057-08-13 21:00:00,0.0,0.0
2057-08-13 22:00:00,0.0,0.0
2057-08-13 23:00:00,0.0,0.0
2057-08-14 00:00:00,0.0,0.0
2057-08-14 01:00:00,0.0,0.0
2057-08-14 02:00:00,0.0,12.114532708101539
2057-08-14 03:00:00,0.0,51.80007088981348
2057-08-14 04:00:00,0.0,94.40980662175683
2057-08-14 05:00:00,0.0,149.96956007615356
2057-08-14 06:00:00,0.0,211.795451138189
2057-08-14 07:00:00,0.0,246.05033672661403
2057-08-14 08:00:00,0.0,246.88582174096587
2057-08-14 09:00:00,0.0,231.01160646828106
2057-08-14 10:00:00,0.0,200.09866093726336
2057-08-14 11:00:00,0.0,147.46310503309803
2057-08-14 12:00:00,0.0,85.21947146388669
2057-08-14 13:00:00,0.0,28.824232995138146
2057-08-14 14:00:00,0.0,0.0
2057-08-14 15:00:00,0.0,0.0
2057-08-14 16:00:00,0.0,0.0
2057-08-14 17:00:00,0.0,0.0
2057-08-14 18:00:00,0.0,0.0
2057-08-14 19:00:00,0.0,0.0
2057-08-14 20:00:00,0.0,0.0
2057-08-14 21:00:00,0.0,0.0
2057-08-14 22:00:00,0.0,0.0
2057-08-14 23:00:00,0.0,0.0
2057-08-15 00:00:00,0.0,0.0
2057-08-15 01:00:00,0.0,0.0
2057-08-15 02:00:00,0.0,19.216155330092096
2057-08-15 03:00:00,0.0,87.72592650694219
2057-08-15 04:00:00,0.0,162.91957779860692
2057-08-15 05:00:00,0.0,223.90998384629052
2057-08-15 06:00:00,0.0,263.17777952082656
2057-08-15 07:00:00,0.0,282.8116773580945
2057-08-15 08:00:00,0.0,283.22941986527053
2057-08-15 09:00:00,0.0,264.8487495495302
2057-08-15 10:00:00,0.0,229.34063643957742
2057-08-15 11:00:00,0.0,174.1986254923566
2057-08-15 12:00:00,0.0,104.4356267939788
2057-08-15 13:00:00,0.0,35.50811310995279
2057-08-15 14:00:00,0.0,0.0
2057-08-15 15:00:00,0.0,0.0
2057-08-15 16:00:00,0.0,0.0
2057-08-15 17:00:00,0.0,0.0
2057-08-15 18:00:00,0.0,0.0
2057-08-15 19:00:00,0.0,0.0
2057-08-15 20:00:00,0.0,0.0
2057-08-15 21:00:00,0.0,0.0
2057-08-15 22:00:00,0.0,0.0
2057-08-15 23:00:00,0.0,0.0
2057-08-16 00:00:00,0.0,0.0
2057-08-16 01:00:00,0.0,0.0
2057-08-16 02:00:00,0.0,16.291957779860688
2057-08-16 03:00:00,0.0,70.18074120555374
2057-08-16 04:00:00,0.0,149.1340750618017
2057-08-16 05:00:00,0.0,214.30190618124445
2057-08-16 06:00:00,0.0,252.73421684142866
2057-08-16 07:00:00,0.0,274.45682721457626
2057-08-16 08:00:00,0.0,278.6342522863354
2057-08-16 09:00:00,0.0,261.9245519992988
2057-08-16 10:00:00,0.0,227.66966641087376
2057-08-16 11:00:00,0.0,172.52765546365293
2057-08-16 12:00:00,0.0,102.34691425809922
2057-08-16 13:00:00,0.0,33.0016580668973
2057-08-16 14:00:00,0.0,0.0
2057-08-16 15:00:00,0.0,0.0
2057-08-16 16:00:00,0.0,0.0
2057-08-16 17:00:00,0.0,0.0
2057-08-16 18:00:00,0.0,0.0
2057-08-16 19:00:00,0.0,0.0
2057-08-16 20:00:00,0.0,0.0
2057-08-16 21:00:00,0.0,0.0
2057-08-16 22:00:00,0.0,0.0
2057-08-16 23:00:00,0.0,0.0
2057-08-17 00:00:00,0.0,0.0
2057-08-17 01:00:00,0.0,0.0
2057-08-17 02:00:00,0.0,8.772592650694218
2057-08-17 03:00:00,0.0,53.053298411341224
2057-08-17 04:00:00,0.0,130.3356622388855
2057-08-17 05:00:00,0.0,204.69382851619844
2057-08-17 06:00:00,0.0,254.40518687013235
2057-08-17 07:00:00,0.0,282.3939348509187
2057-08-17 08:00:00,0.0,289.07781496573324
2057-08-17 09:00:00,0.0,276.12779724327993
2057-08-17 10:00:00,0.0,241.87291165485485
2057-08-17 11:00:00,0.0,187.98412822916183
2057-08-17 12:00:00,0.0,116.96790200925624
2057-08-17 13:00:00,0.0,41.3565082104156
2057-08-17 14:00:00,0.0,0.0
2057-08-17 15:00:00,0.0,0.0
2057-08-17 16:00:00,0.0,0.0
2057-08-17 17:00:00,0.0,0.0
2057-08-17 18:00:00,0.0,0.0
2057-08-17 19:00:00,0.0,0.0
2057-08-17 20:00:00,0.0,0.0
2057-08-17 21:00:00,0.0,0.0
2057-08-17 22:00:00,0.0,0.0
2057-08-17 23:00:00,0.0,0.0
2057-08-18 00:00:00,0.0,0.0
2057-08-18 01:00:00,0.0,0.0
2057-08-18 02:00:00,0.0,19.633897837268012
2057-08-18 03:00:00,0.0,92.32109408587725
2057-08-18 04:00:00,0.0,170.02120042059744
2057-08-18 05:00:00,0.0,231.42934897545697
2057-08-18 06:00:00,0.0,270.2794021428171
2057-08-18 07:00:00,0.0,289.07781496573324
2057-08-18 08:00:00,0.0,290.74878499443696
2057-08-18 09:00:00,0.0,271.9503721715208
2057-08-18 10:00:00,0.0,235.18903154004025
2057-08-18 11:00:00,0.0,180.04702059281945
2057-08-18 12:00:00,0.0,109.03079437291386
2057-08-18 13:00:00,0.0,36.761340631480536
2057-08-18 14:00:00,0.0,0.0
2057-08-18 15:00:00,0.0,0.0
2057-08-18 16:00:00,0.0,0.0
2057-08-18 17:00:00,0.0,0.0
2057-08-18 18:00:00,0.0,0.0
2057-08-18 19:00:00,0.0,0.0
2057-08-18 20:00:00,0.0,0.0
2057-08-18 21:00:00,0.0,0.0
2057-08-18 22:00:00,0.0,0.0
2057-08-18 23:00:00,0.0,0.0
2057-08-19 00:00:00,0.0,0.0
2057-08-19 01:00:00,0.0,0.0
2057-08-19 02:00:00,0.0,19.216155330092096
2057-08-19 03:00:00,0.0,92.73883659305316
2057-08-19 04:00:00,0.0,172.94539797082885
2057-08-19 05:00:00,0.0,236.442259061568
2057-08-19 06:00:00,0.0,278.21650977915954
2057-08-19 07:00:00,0.0,299.1036351379552
2057-08-19 08:00:00,0.0,301.6100901810107
2057-08-19 09:00:00,0.0,283.6471623724464
2057-08-19 10:00:00,0.0,248.1390492624936
2057-08-19 11:00:00,0.0,192.5792958080969
2057-08-19 12:00:00,0.0,119.47435705231175
2057-08-19 13:00:00,0.0,41.774250717591514
2057-08-19 14:00:00,0.0,0.0
2057-08-19 15:00:00,0.0,0.0
2057-08-19 16:00:00,0.0,0.0
2057-08-19 17:00:00,0.0,0.0
2057-08-19 18:00:00,0.0,0.0
2057-08-19 19:00:00,0.0,0.0
2057-08-19 20:00:00,0.0,0.0
2057-08-19 21:00:00,0.0,0.0
2057-08-19 22:00:00,0.0,0.0
2057-08-19 23:00:00,0.0,0.0
2057-08-20 00:00:00,0.0,0.0
2057-08-20 01:00:00,0.0,0.0
2057-08-20 02:00:00,0.0,19.633897837268012
2057-08-20 03:00:00,0.0,90.23238154999767
2057-08-20 04:00:00,0.0,174.1986254923566
2057-08-20 05:00:00,0.0,238.11322909027166
2057-08-20 06:00:00,0.0,281.140707329391
2057-08-20 07:00:00,0.0,301.6100901810107
2057-08-20 08:00:00,0.0,304.5342877312422
2057-08-20 09:00:00,0.0,284.9003898939742
2057-08-20 10:00:00,0.0,248.97453427684545
2057-08-20 11:00:00,0.0,193.4147808224487
2057-08-20 12:00:00,0.0,120.72758457383947
2057-08-20 13:00:00,0.0,41.774250717591514
2057-08-20 14:00:00,0.0,0.0
2057-08-20 15:00:00,0.0,0.0
2057-08-20 16:00:00,0.0,0.0
2057-08-20 17:00:00,0.0,0.0
2057-08-20 18:00:00,0.0,0.0
2057-08-20 19:00:00,0.0,0.0
2057-08-20 20:00:00,0.0,0.0
2057-08-20 21:00:00,0.0,0.0
2057-08-20 22:00:00,0.0,0.0
2057-08-20 23:00:00,0.0,0.0
2057-08-21 00:00:00,0.0,0.0
2057-08-21 01:00:00,0.0,0.0
2057-08-21 02:00:00,0.0,17.962927808564352
2057-08-21 03:00:00,0.0,86.47269898541443
2057-08-21 04:00:00,0.0,163.75506281295876
2057-08-21 05:00:00,0.0,235.60677404721616
2057-08-21 06:00:00,0.0,279.88747980786314
2057-08-21 07:00:00,0.0,303.2810602097144
2057-08-21 08:00:00,0.0,305.78751525276994
2057-08-21 09:00:00,0.0,289.07781496573324
2057-08-21 10:00:00,0.0,252.31647433425277
2057-08-21 11:00:00,0.0,195.9212358655042
2057-08-21 12:00:00,0.0,121.56306958819131
2057-08-21 13:00:00,0.0,42.19199322476744
2057-08-21 14:00:00,0.0,0.0
2057-08-21 15:00:00,0.0,0.0
2057-08-21 16:00:00,0.0,0.0
2057-08-21 17:00:00,0.0,0.0
2057-08-21 18:00:00,0.0,0.0
2057-08-21 19:00:00,0.0,0.0
2057-08-21 20:00:00,0.0,0.0
2057-08-21 21:00:00,0.0,0.0
2057-08-21 22:00:00,0.0,0.0
2057-08-21 23:00:00,0.0,0.0
2057-08-22 00:00:00,0.0,0.0
2057-08-22 01:00:00,0.0,0.0
2057-08-22 02:00:00,0.0,19.216155330092096
2057-08-22 03:00:00,0.0,94.40980662175683
2057-08-22 04:00:00,0.0,174.1986254923566
2057-08-22 05:00:00,0.0,236.8600015687439
2057-08-22 06:00:00,0.0,278.21650977915954
2057-08-22 07:00:00,0.0,298.68589263077934
2057-08-22 08:00:00,0.0,299.9391201523071
2057-08-22 09:00:00,0.0,282.8116773580945
2057-08-22 10:00:00,0.0,246.46807923378995
2057-08-22 11:00:00,0.0,190.0728407650414
2057-08-22 12:00:00,0.0,116.55015950208033
2057-08-22 13:00:00,0.0,39.267795674536025
2057-08-22 14:00:00,0.0,0.0
2057-08-22 15:00:00,0.0,0.0
2057-08-22 16:00:00,0.0,0.0
2057-08-22 17:00:00,0.0,0.0
2057-08-22 18:00:00,0.0,0.0
2057-08-22 19:00:00,0.0,0.0
2057-08-22 20:00:00,0.0,0.0
2057-08-22 21:00:00,0.0,0.0
2057-08-22 22:00:00,0.0,0.0
2057-08-22 23:00:00,0.0,0.0
2057-08-23 00:00:00,0.0,0.0
2057-08-23 01:00:00,0.0,0.0
2057-08-23 02:00:00,0.0,19.216155330092096
2057-08-23 03:00:00,0.0,94.40980662175683
2057-08-23 04:00:00,0.0,173.3631404780048
2057-08-23 05:00:00,0.0,235.18903154004025
2057-08-23 06:00:00,0.0,276.12779724327993
2057-08-23 07:00:00,0.0,296.1794375877239
2057-08-23 08:00:00,0.0,297.0149226020756
2057-08-23 09:00:00,0.0,281.140707329391
2057-08-23 10:00:00,0.0,244.79710920508631
2057-08-23 11:00:00,0.0,189.23735575068955
2057-08-23 12:00:00,0.0,116.55015950208033
2057-08-23 13:00:00,0.0,39.267795674536025
2057-08-23 14:00:00,0.0,0.0
2057-08-23 15:00:00,0.0,0.0
2057-08-23 16:00:00,0.0,0.0
2057-08-23 17:00:00,0.0,0.0
2057-08-23 18:00:00,0.0,0.0
2057-08-23 19:00:00,0.0,0.0
2057-08-23 20:00:00,0.0,0.0
2057-08-23 21:00:00,0.0,0.0
2057-08-23 22:00:00,0.0,0.0
2057-08-23 23:00:00,0.0,0.0
2057-08-24 00:00:00,0.0,0.0
2057-08-24 01:00:00,0.0,0.0
2057-08-24 02:00:00,0.0,20.05164034444393
2057-08-24 03:00:00,0.0,99.00497420069189
2057-08-24 04:00:00,0.0,180.04702059281945
2057-08-24 05:00:00,0.0,242.7083966692067
2057-08-24 06:00:00,0.0,282.8116773580945
2057-08-24 07:00:00,0.0,302.8633177025385
2057-08-24 08:00:00,0.0,303.6988027168903
2057-08-24 09:00:00,0.0,286.98910242985374
2057-08-24 10:00:00,0.0,251.063246812725
2057-08-24 11:00:00,0.0,195.50349335832829
2057-08-24 12:00:00,0.0,121.56306958819131
2057-08-24 13:00:00,0.0,41.774250717591514
2057-08-24 14:00:00,0.0,0.0
2057-08-24 15:00:00,0.0,0.0
2057-08-24 16:00:00,0.0,0.0
2057-08-24 17:00:00,0.0,0.0
2057-08-24 18:00:00,0.0,0.0
2057-08-24 19:00:00,0.0,0.0
2057-08-24 20:00:00,0.0,0.0
2057-08-24 21:00:00,0.0,0.0
2057-08-24 22:00:00,0.0,0.0
2057-08-24 23:00:00,0.0,0.0
2057-08-25 00:00:00,0.0,0.0
2057-08-25 01:00:00,0.0,0.0
2057-08-25 02:00:00,0.0,20.469382851619844
2057-08-25 03:00:00,0.0,99.84045921504372
2057-08-25 04:00:00,0.0,180.04702059281945
2057-08-25 05:00:00,0.0,241.87291165485485
2057-08-25 06:00:00,0.0,281.140707329391
2057-08-25 07:00:00,0.0,300.356862659483
2057-08-25 08:00:00,0.0,300.77460516665894
2057-08-25 09:00:00,0.0,283.6471623724464
2057-08-25 10:00:00,0.0,247.3035642481418
2057-08-25 11:00:00,0.0,191.74381079374504
2057-08-25 12:00:00,0.0,118.6388720379599
2057-08-25 13:00:00,0.0,39.68553818171194
2057-08-25 14:00:00,0.0,0.0
2057-08-25 15:00:00,0.0,0.0
2057-08-25 16:00:00,0.0,0.0
2057-08-25 17:00:00,0.0,0.0
2057-08-25 18:00:00,0.0,0.0
2057-08-25 19:00:00,0.0,0.0
2057-08-25 20:00:00,0.0,0.0
2057-08-25 21:00:00,0.0,0.0
2057-08-25 22:00:00,0.0,0.0
2057-08-25 23:00:00,0.0,0.0
2057-08-26 00:00:00,0.0,0.0
2057-08-26 01:00:00,0.0,0.0
2057-08-26 02:00:00,0.0,18.380670315740264
2057-08-26 03:00:00,0.0,93.57432160740501
2057-08-26 04:00:00,0.0,172.52765546365293
2057-08-26 05:00:00,0.0,234.35354652568844
2057-08-26 06:00:00,0.0,273.62134220022443
2057-08-26 07:00:00,0.0,293.2552400374924
2057-08-26 08:00:00,0.0,294.0907250518443
2057-08-26 09:00:00,0.0,279.46973730068726
2057-08-26 10:00:00,0.0,243.54388168355854
2057-08-26 11:00:00,0.0,187.98412822916183
2057-08-26 12:00:00,0.0,114.46144696620074
2057-08-26 13:00:00,0.0,37.59682564583237
2057-08-26 14:00:00,0.0,0.0
2057-08-26 15:00:00,0.0,0.0
2057-08-26 16:00:00,0.0,0.0
2057-08-26 17:00:00,0.0,0.0
2057-08-26 18:00:00,0.0,0.0
2057-08-26 19:00:00,0.0,0.0
2057-08-26 20:00:00,0.0,0.0
2057-08-26 21:00:00,0.0,0.0
2057-08-26 22:00:00,0.0,0.0
2057-08-26 23:00:00,0.0,0.0
2057-08-27 00:00:00,0.0,0.0
2057-08-27 01:00:00,0.0,0.0
2057-08-27 02:00:00,0.0,9.190335157870132
2057-08-27 03:00:00,0.0,50.12910086110982
2057-08-27 04:00:00,0.0,99.84045921504372
2057-08-27 05:00:00,0.0,144.53890748286662
2057-08-27 06:00:00,0.0,184.22444566457858
2057-08-27 07:00:00,0.0,206.782541052078
2057-08-27 08:00:00,0.0,217.2261037314759
2057-08-27 09:00:00,0.0,232.68257649698475
2057-08-27 10:00:00,0.0,225.5809538749942
2057-08-27 11:00:00,0.0,180.04702059281945
2057-08-27 12:00:00,0.0,111.11950690879344
2057-08-27 13:00:00,0.0,36.761340631480536
2057-08-27 14:00:00,0.0,0.0
2057-08-27 15:00:00,0.0,0.0
2057-08-27 16:00:00,0.0,0.0
2057-08-27 17:00:00,0.0,0.0
2057-08-27 18:00:00,0.0,0.0
2057-08-27 19:00:00,0.0,0.0
2057-08-27 20:00:00,0.0,0.0
2057-08-27 21:00:00,0.0,0.0
2057-08-27 22:00:00,0.0,0.0
2057-08-27 23:00:00,0.0,0.0
2057-08-28 00:00:00,0.0,0.0
2057-08-28 01:00:00,0.0,0.0
2057-08-28 02:00:00,0.0,16.709700287036608
2057-08-28 03:00:00,0.0,92.73883659305316
2057-08-28 04:00:00,0.0,178.37605056411576
2057-08-28 05:00:00,0.0,241.87291165485485
2057-08-28 06:00:00,0.0,281.97619234374275
2057-08-28 07:00:00,0.0,297.8504076164275
2057-08-28 08:00:00,0.0,281.5584498365668
2057-08-28 09:00:00,0.0,239.36645661179938
2057-08-28 10:00:00,0.0,189.23735575068955
2057-08-28 11:00:00,0.0,137.0195423537002
2057-08-28 12:00:00,0.0,86.89044149259036
2057-08-28 13:00:00,0.0,32.16617305254547
2057-08-28 14:00:00,0.0,0.0
2057-08-28 15:00:00,0.0,0.0
2057-08-28 16:00:00,0.0,0.0
2057-08-28 17:00:00,0.0,0.0
2057-08-28 18:00:00,0.0,0.0
2057-08-28 19:00:00,0.0,0.0
2057-08-28 20:00:00,0.0,0.0
2057-08-28 21:00:00,0.0,0.0
2057-08-28 22:00:00,0.0,0.0
2057-08-28 23:00:00,0.0,0.0
2057-08-29 00:00:00,0.0,0.0
2057-08-29 01:00:00,0.0,0.0
2057-08-29 02:00:00,0.0,17.127442794212524
2057-08-29 03:00:00,0.0,91.48560907152542
2057-08-29 04:00:00,0.0,169.18571540624563
2057-08-29 05:00:00,0.0,229.34063643957742
2057-08-29 06:00:00,0.0,264.4310070423543
2057-08-29 07:00:00,0.0,276.12779724327993
2057-08-29 08:00:00,0.0,278.6342522863354
2057-08-29 09:00:00,0.0,266.9374620854098
2057-08-29 10:00:00,0.0,237.2777440759198
2057-08-29 11:00:00,0.0,184.6421881717545
2057-08-29 12:00:00,0.0,112.37273443032117
2057-08-29 13:00:00,0.0,36.34359812430462
2057-08-29 14:00:00,0.0,0.0
2057-08-29 15:00:00,0.0,0.0
2057-08-29 16:00:00,0.0,0.0
2057-08-29 17:00:00,0.0,0.0
2057-08-29 18:00:00,0.0,0.0
2057-08-29 19:00:00,0.0,0.0
2057-08-29 20:00:00,0.0,0.0
2057-08-29 21:00:00,0.0,0.0
2057-08-29 22:00:00,0.0,0.0
2057-08-29 23:00:00,0.0,0.0
2057-08-30 00:00:00,0.0,0.0
2057-08-30 01:00:00,0.0,0.0
2057-08-30 02:00:00,0.0,12.114532708101539
2057-08-30 03:00:00,0.0,73.52268126296106
2057-08-30 04:00:00,0.0,160.41312275555143
2057-08-30 05:00:00,0.0,233.10031900416067
2057-08-30 06:00:00,0.0,278.6342522863354
2057-08-30 07:00:00,0.0,301.19234767383483
2057-08-30 08:00:00,0.0,301.6100901810107
2057-08-30 09:00:00,0.0,279.88747980786314
2057-08-30 10:00:00,0.0,236.02451655439208
2057-08-30 11:00:00,0.0,179.21153557846762
2057-08-30 12:00:00,0.0,109.03079437291386
2057-08-30 13:00:00,0.0,35.09037060277687
2057-08-30 14:00:00,0.0,0.0
2057-08-30 15:00:00,0.0,0.0
2057-08-30 16:00:00,0.0,0.0
2057-08-30 17:00:00,0.0,0.0
2057-08-30 18:00:00,0.0,0.0
2057-08-30 19:00:00,0.0,0.0
2057-08-30 20:00:00,0.0,0.0
2057-08-30 21:00:00,0.0,0.0
2057-08-30 22:00:00,0.0,0.0
2057-08-30 23:00:00,0.0,0.0
2057-08-31 00:00:00,0.0,0.0
2057-08-31 01:00:00,0.0,0.0
2057-08-31 02:00:00,0.0,14.203245243981115
2057-08-31 03:00:00,0.0,81.87753140647938
2057-08-31 04:00:00,0.0,164.5905478273106
2057-08-31 05:00:00,0.0,234.35354652568844
2057-08-31 06:00:00,0.0,278.21650977915954
2057-08-31 07:00:00,0.0,298.26815012360345
2057-08-31 08:00:00,0.0,299.9391201523071
2057-08-31 09:00:00,0.0,283.22941986527053
2057-08-31 10:00:00,0.0,246.88582174096587
2057-08-31 11:00:00,0.0,190.49058327221732
2057-08-31 12:00:00,0.0,116.55015950208033
2057-08-31 13:00:00,0.0,37.59682564583237
2057-08-31 14:00:00,0.0,0.0
2057-08-31 15:00:00,0.0,0.0
2057-08-31 16:00:00,0.0,0.0
2057-08-31 17:00:00,0.0,0.0
2057-08-31 18:00:00,0.0,0.0
2057-08-31 19:00:00,0.0,0.0
2057-08-31 20:00:00,0.0,0.0
2057-08-31 21:00:00,0.0,0.0
2057-08-31 22:00:00,0.0,0.0
2057-08-31 23:00:00,0.0,0.0
2057-09-01 00:00:00,0.0,0.0
2057-09-01 01:00:00,0.0,0.0
2057-09-01 02:00:00,0.0,16.709700287036608
2057-09-01 03:00:00,0.0,92.32109408587725
2057-09-01 04:00:00,0.0,172.94539797082885
2057-09-01 05:00:00,0.0,235.18903154004025
2057-09-01 06:00:00,0.0,277.7987672719836
2057-09-01 07:00:00,0.0,296.5971800948998
2057-09-01 08:00:00,0.0,291.1665275016128
2057-09-01 09:00:00,0.0,265.2664920567061
2057-09-01 10:00:00,0.0,223.90998384629052
2057-09-01 11:00:00,0.0,184.22444566457858
2057-09-01 12:00:00,0.0,114.87918947337667
2057-09-01 13:00:00,0.0,36.34359812430462
2057-09-01 14:00:00,0.0,0.0
2057-09-01 15:00:00,0.0,0.0
2057-09-01 16:00:00,0.0,0.0
2057-09-01 17:00:00,0.0,0.0
2057-09-01 18:00:00,0.0,0.0
2057-09-01 19:00:00,0.0,0.0
2057-09-01 20:00:00,0.0,0.0
2057-09-01 21:00:00,0.0,0.0
2057-09-01 22:00:00,0.0,0.0
2057-09-01 23:00:00,0.0,0.0
2057-09-02 00:00:00,0.0,0.0
2057-09-02 01:00:00,0.0,0.0
2057-09-02 02:00:00,0.0,9.608077665046048
2057-09-02 03:00:00,0.0,55.1420109472208
2057-09-02 04:00:00,0.0,109.03079437291386
2057-09-02 05:00:00,0.0,167.514745377542
2057-09-02 06:00:00,0.0,211.795451138189
2057-09-02 07:00:00,0.0,231.84709148263295
2057-09-02 08:00:00,0.0,224.32772635346643
2057-09-02 09:00:00,0.0,206.36479854490207
2057-09-02 10:00:00,0.0,197.17446338703198
2057-09-02 11:00:00,0.0,171.69217044930113
2057-09-02 12:00:00,0.0,107.77756685138611
2057-09-02 13:00:00,0.0,34.67262809560096
2057-09-02 14:00:00,0.0,0.0
2057-09-02 15:00:00,0.0,0.0
2057-09-02 16:00:00,0.0,0.0
2057-09-02 17:00:00,0.0,0.0
2057-09-02 18:00:00,0.0,0.0
2057-09-02 19:00:00,0.0,0.0
2057-09-02 20:00:00,0.0,0.0
2057-09-02 21:00:00,0.0,0.0
2057-09-02 22:00:00,0.0,0.0
2057-09-02 23:00:00,0.0,0.0
2057-09-03 00:00:00,0.0,0.0
2057-09-03 01:00:00,0.0,0.0
2057-09-03 02:00:00,0.0,11.279047693749709
2057-09-03 03:00:00,0.0,70.18074120555374
2057-09-03 04:00:00,0.0,154.1469851479127
2057-09-03 05:00:00,0.0,226.41643888934604
2057-09-03 06:00:00,0.0,275.29231222892815
2057-09-03 07:00:00,0.0,295.7616950805479
2057-09-03 08:00:00,0.0,298.26815012360345
2057-09-03 09:00:00,0.0,277.7987672719836
2057-09-03 10:00:00,0.0,237.69548658309571
2057-09-03 11:00:00,0.0,174.61636799953254
2057-09-03 12:00:00,0.0,99.4227167078678
2057-09-03 13:00:00,0.0,28.824232995138146
2057-09-03 14:00:00,0.0,0.0
2057-09-03 15:00:00,0.0,0.0
2057-09-03 16:00:00,0.0,0.0
2057-09-03 17:00:00,0.0,0.0
2057-09-03 18:00:00,0.0,0.0
2057-09-03 19:00:00,0.0,0.0
2057-09-03 20:00:00,0.0,0.0
2057-09-03 21:00:00,0.0,0.0
2057-09-03 22:00:00,0.0,0.0
2057-09-03 23:00:00,0.0,0.0
2057-09-04 00:00:00,0.0,0.0
2057-09-04 01:00:00,0.0,0.0
2057-09-04 02:00:00,0.0,12.532275215277455
2057-09-04 03:00:00,0.0,80.62430388495163
2057-09-04 04:00:00,0.0,173.3631404780048
2057-09-04 05:00:00,0.0,241.03742664050304
2057-09-04 06:00:00,0.0,283.22941986527053
2057-09-04 07:00:00,0.0,303.6988027168903
2057-09-04 08:00:00,0.0,304.5342877312422
2057-09-04 09:00:00,0.0,284.48264738679825
2057-09-04 10:00:00,0.0,247.72130675531767
2057-09-04 11:00:00,0.0,190.49058327221732
2057-09-04 12:00:00,0.0,115.29693198055259
2057-09-04 13:00:00,0.0,35.50811310995279
2057-09-04 14:00:00,0.0,0.0
2057-09-04 15:00:00,0.0,0.0
2057-09-04 16:00:00,0.0,0.0
2057-09-04 17:00:00,0.0,0.0
2057-09-04 18:00:00,0.0,0.0
2057-09-04 19:00:00,0.0,0.0
2057-09-04 20:00:00,0.0,0.0
2057-09-04 21:00:00,0.0,0.0
2057-09-04 22:00:00,0.0,0.0
2057-09-04 23:00:00,0.0,0.0
2057-09-05 00:00:00,0.0,0.0
2057-09-05 01:00:00,0.0,0.0
2057-09-05 02:00:00,0.0,7.519365129166473
2057-09-05 03:00:00,0.0,58.066208497452216
2057-09-05 04:00:00,0.0,136.18405733934833
2057-09-05 05:00:00,0.0,223.4922413391146
2057-09-05 06:00:00,0.0,270.69714464999305
2057-09-05 07:00:00,0.0,292.8374975303165
2057-09-05 08:00:00,0.0,292.8374975303165
2057-09-05 09:00:00,0.0,274.87456972175215
2057-09-05 10:00:00,0.0,238.11322909027166
2057-09-05 11:00:00,0.0,182.13573312869903
2057-09-05 12:00:00,0.0,107.77756685138611
2057-09-05 13:00:00,0.0,31.74843054536955
2057-09-05 14:00:00,0.0,0.0
2057-09-05 15:00:00,0.0,0.0
2057-09-05 16:00:00,0.0,0.0
2057-09-05 17:00:00,0.0,0.0
2057-09-05 18:00:00,0.0,0.0
2057-09-05 19:00:00,0.0,0.0
2057-09-05 20:00:00,0.0,0.0
2057-09-05 21:00:00,0.0,0.0
2057-09-05 22:00:00,0.0,0.0
2057-09-05 23:00:00,0.0,0.0
2057-09-06 00:00:00,0.0,0.0
2057-09-06 01:00:00,0.0,0.0
2057-09-06 02:00:00,0.0,12.114532708101539
2057-09-06 03:00:00,0.0,73.94042377013697
2057-09-06 04:00:00,0.0,144.53890748286662
2057-09-06 05:00:00,0.0,208.45351108078165
2057-09-06 06:00:00,0.0,258.58261194189146
2057-09-06 07:00:00,0.0,286.1536174155019
2057-09-06 08:00:00,0.0,287.8245874442056
2057-09-06 09:00:00,0.0,273.20359969304855
2057-09-06 10:00:00,0.0,237.69548658309571
2057-09-06 11:00:00,0.0,181.30024811434717
2057-09-06 12:00:00,0.0,108.19530935856203
2057-09-06 13:00:00,0.0,31.74843054536955
2057-09-06 14:00:00,0.0,0.0
2057-09-06 15:00:00,0.0,0.0
2057-09-06 16:00:00,0.0,0.0
2057-09-06 17:00:00,0.0,0.0
2057-09-06 18:00:00,0.0,0.0
2057-09-06 19:00:00,0.0,0.0
2057-09-06 20:00:00,0.0,0.0
2057-09-06 21:00:00,0.0,0.0
2057-09-06 22:00:00,0.0,0.0
2057-09-06 23:00:00,0.0,0.0
2057-09-07 00:00:00,0.0,0.0
2057-09-07 01:00:00,0.0,0.0
2057-09-07 02:00:00,0.0,4.595167578935067
2057-09-07 03:00:00,0.0,42.609735731943346
2057-09-07 04:00:00,0.0,112.37273443032117
2057-09-07 05:00:00,0.0,205.11157102337435
2057-09-07 06:00:00,0.0,261.5068094921229
2057-09-07 07:00:00,0.0,278.6342522863354
2057-09-07 08:00:00,0.0,281.5584498365668
2057-09-07 09:00:00,0.0,270.2794021428171
2057-09-07 10:00:00,0.0,235.60677404721616
2057-09-07 11:00:00,0.0,180.04702059281945
2057-09-07 12:00:00,0.0,105.68885431550653
2057-09-07 13:00:00,0.0,28.40649048796223
2057-09-07 14:00:00,0.0,0.0
2057-09-07 15:00:00,0.0,0.0
2057-09-07 16:00:00,0.0,0.0
2057-09-07 17:00:00,0.0,0.0
2057-09-07 18:00:00,0.0,0.0
2057-09-07 19:00:00,0.0,0.0
2057-09-07 20:00:00,0.0,0.0
2057-09-07 21:00:00,0.0,0.0
2057-09-07 22:00:00,0.0,0.0
2057-09-07 23:00:00,0.0,0.0
2057-09-08 00:00:00,0.0,0.0
2057-09-08 01:00:00,0.0,0.0
2057-09-08 02:00:00,0.0,7.101622621990558
2057-09-08 03:00:00,0.0,47.62264581805433
2057-09-08 04:00:00,0.0,102.76465676527513
2057-09-08 05:00:00,0.0,166.67926036319017
2057-09-08 06:00:00,0.0,226.41643888934604
2057-09-08 07:00:00,0.0,271.5326296643448
2057-09-08 08:00:00,0.0,286.1536174155019
2057-09-08 09:00:00,0.0,265.68423456388206
2057-09-08 10:00:00,0.0,225.99869638217012
2057-09-08 11:00:00,0.0,165.4260328416624
2057-09-08 12:00:00,0.0,92.73883659305316
2057-09-08 13:00:00,0.0,22.975837894675333
2057-09-08 14:00:00,0.0,0.0
2057-09-08 15:00:00,0.0,0.0
2057-09-08 16:00:00,0.0,0.0
2057-09-08 17:00:00,0.0,0.0
2057-09-08 18:00:00,0.0,0.0
2057-09-08 19:00:00,0.0,0.0
2057-09-08 20:00:00,0.0,0.0
2057-09-08 21:00:00,0.0,0.0
2057-09-08 22:00:00,0.0,0.0
2057-09-08 23:00:00,0.0,0.0
2057-09-09 00:00:00,0.0,0.0
2057-09-09 01:00:00,0.0,0.0
2057-09-09 02:00:00,0.0,8.772592650694218
2057-09-09 03:00:00,0.0,64.75008861226685
2057-09-09 04:00:00,0.0,134.09534480346878
2057-09-09 05:00:00,0.0,196.33897837268012
2057-09-09 06:00:00,0.0,257.7471269275397
2057-09-09 07:00:00,0.0,282.8116773580945
2057-09-09 08:00:00,0.0,285.735874908326
2057-09-09 09:00:00,0.0,271.5326296643448
2057-09-09 10:00:00,0.0,236.442259061568
2057-09-09 11:00:00,0.0,177.95830805693987
2057-09-09 12:00:00,0.0,103.60014177962697
2057-09-09 13:00:00,0.0,30.07746051666589
2057-09-09 14:00:00,0.0,0.0
2057-09-09 15:00:00,0.0,0.0
2057-09-09 16:00:00,0.0,0.0
2057-09-09 17:00:00,0.0,0.0
2057-09-09 18:00:00,0.0,0.0
2057-09-09 19:00:00,0.0,0.0
2057-09-09 20:00:00,0.0,0.0
2057-09-09 21:00:00,0.0,0.0
2057-09-09 22:00:00,0.0,0.0
2057-09-09 23:00:00,0.0,0.0
2057-09-10 00:00:00,0.0,0.0
2057-09-10 01:00:00,0.0,0.0
2057-09-10 02:00:00,0.0,10.025820172221964
2057-09-10 03:00:00,0.0,63.914603597915026
2057-09-10 04:00:00,0.0,128.24694970300595
2057-09-10 05:00:00,0.0,167.514745377542
2057-09-10 06:00:00,0.0,202.60511598031883
2057-09-10 07:00:00,0.0,220.9857862960591
2057-09-10 08:00:00,0.0,211.37770863101306
2057-09-10 09:00:00,0.0,199.26317592291153
2057-09-10 10:00:00,0.0,173.3631404780048
2057-09-10 11:00:00,0.0,126.15823716712639
2057-09-10 12:00:00,0.0,73.10493875578516
2057-09-10 13:00:00,0.0,18.380670315740264
2057-09-10 14:00:00,0.0,0.0
2057-09-10 15:00:00,0.0,0.0
2057-09-10 16:00:00,0.0,0.0
2057-09-10 17:00:00,0.0,0.0
2057-09-10 18:00:00,0.0,0.0
2057-09-10 19:00:00,0.0,0.0
2057-09-10 20:00:00,0.0,0.0
2057-09-10 21:00:00,0.0,0.0
2057-09-10 22:00:00,0.0,0.0
2057-09-10 23:00:00,0.0,0.0
2057-09-11 00:00:00,0.0,0.0
2057-09-11 01:00:00,0.0,0.0
2057-09-11 02:00:00,0.0,13.367760229629285
2057-09-11 03:00:00,0.0,86.89044149259036
2057-09-11 04:00:00,0.0,167.93248788471791
2057-09-11 05:00:00,0.0,234.7712890328643
2057-09-11 06:00:00,0.0,280.3052223150391
2057-09-11 07:00:00,0.0,302.8633177025385
2057-09-11 08:00:00,0.0,301.6100901810107
2057-09-11 09:00:00,0.0,271.11488715716894
2057-09-11 10:00:00,0.0,213.04867865971673
2057-09-11 11:00:00,0.0,127.82920719583005
2057-09-11 12:00:00,0.0,55.55975345439672
2057-09-11 13:00:00,0.0,10.025820172221964
2057-09-11 14:00:00,0.0,0.0
2057-09-11 15:00:00,0.0,0.0
2057-09-11 16:00:00,0.0,0.0
2057-09-11 17:00:00,0.0,0.0
2057-09-11 18:00:00,0.0,0.0
2057-09-11 19:00:00,0.0,0.0
2057-09-11 20:00:00,0.0,0.0
2057-09-11 21:00:00,0.0,0.0
2057-09-11 22:00:00,0.0,0.0
2057-09-11 23:00:00,0.0,0.0
2057-09-12 00:00:00,0.0,0.0
2057-09-12 01:00:00,0.0,0.0
2057-09-12 02:00:00,0.0,15.038730258332945
2057-09-12 03:00:00,0.0,96.49851915763641
2057-09-12 04:00:00,0.0,179.62927808564353
2057-09-12 05:00:00,0.0,243.54388168355854
2057-09-12 06:00:00,0.0,285.3181324011501
2057-09-12 07:00:00,0.0,304.1165452240662
2057-09-12 08:00:00,0.0,300.356862659483
2057-09-12 09:00:00,0.0,279.88747980786314
2057-09-12 10:00:00,0.0,238.11322909027166
2057-09-12 11:00:00,0.0,182.97121814305083
2057-09-12 12:00:00,0.0,104.85336930115471
2057-09-12 13:00:00,0.0,25.90003544490674
2057-09-12 14:00:00,0.0,0.0
2057-09-12 15:00:00,0.0,0.0
2057-09-12 16:00:00,0.0,0.0
2057-09-12 17:00:00,0.0,0.0
2057-09-12 18:00:00,0.0,0.0
2057-09-12 19:00:00,0.0,0.0
2057-09-12 20:00:00,0.0,0.0
2057-09-12 21:00:00,0.0,0.0
2057-09-12 22:00:00,0.0,0.0
2057-09-12 23:00:00,0.0,0.0
2057-09-13 00:00:00,0.0,0.0
2057-09-13 01:00:00,0.0,0.0
2057-09-13 02:00:00,0.0,10.443562679397878
2057-09-13 03:00:00,0.0,83.13075892800713
2057-09-13 04:00:00,0.0,171.27442794212521
2057-09-13 05:00:00,0.0,237.69548658309571
2057-09-13 06:00:00,0.0,279.46973730068726
2057-09-13 07:00:00,0.0,297.8504076164275
2057-09-13 08:00:00,0.0,292.4197550231406
2057-09-13 09:00:00,0.0,256.4938994060119
2057-09-13 10:00:00,0.0,198.42769090855973
2057-09-13 11:00:00,0.0,136.18405733934833
2057-09-13 12:00:00,0.0,79.7888188705998
2057-09-13 13:00:00,0.0,25.90003544490674
2057-09-13 14:00:00,0.0,0.0
2057-09-13 15:00:00,0.0,0.0
2057-09-13 16:00:00,0.0,0.0
2057-09-13 17:00:00,0.0,0.0
2057-09-13 18:00:00,0.0,0.0
2057-09-13 19:00:00,0.0,0.0
2057-09-13 20:00:00,0.0,0.0
2057-09-13 21:00:00,0.0,0.0
2057-09-13 22:00:00,0.0,0.0
2057-09-13 23:00:00,0.0,0.0
2057-09-14 00:00:00,0.0,0.0
2057-09-14 01:00:00,0.0,0.0
2057-09-14 02:00:00,0.0,11.696790200925625
2057-09-14 03:00:00,0.0,82.7130164208312
2057-09-14 04:00:00,0.0,167.93248788471791
2057-09-14 05:00:00,0.0,234.35354652568844
2057-09-14 06:00:00,0.0,278.6342522863354
2057-09-14 07:00:00,0.0,302.8633177025385
2057-09-14 08:00:00,0.0,307.04074277429766
2057-09-14 09:00:00,0.0,291.5842700087888
2057-09-14 10:00:00,0.0,254.82292937730827
2057-09-14 11:00:00,0.0,196.75672087985603
2057-09-14 12:00:00,0.0,117.38564451643215
2057-09-14 13:00:00,0.0,31.74843054536955
2057-09-14 14:00:00,0.0,0.0
2057-09-14 15:00:00,0.0,0.0
2057-09-14 16:00:00,0.0,0.0
2057-09-14 17:00:00,0.0,0.0
2057-09-14 18:00:00,0.0,0.0
2057-09-14 19:00:00,0.0,0.0
2057-09-14 20:00:00,0.0,0.0
2057-09-14 21:00:00,0.0,0.0
2057-09-14 22:00:00,0.0,0.0
2057-09-14 23:00:00,0.0,0.0
2057-09-15 00:00:00,0.0,0.0
2057-09-15 01:00:00,0.0,0.0
2057-09-15 02:00:00,0.0,7.101622621990558
2057-09-15 03:00:00,0.0,67.25654365532235
2057-09-15 04:00:00,0.0,137.855027368052
2057-09-15 05:00:00,0.0,168.35023039189383
2057-09-15 06:00:00,0.0,197.59220589420786
2057-09-15 07:00:00,0.0,219.31481626735547
2057-09-15 08:00:00,0.0,218.06158874582772
2057-09-15 09:00:00,0.0,173.7808829851807
2057-09-15 10:00:00,0.0,116.96790200925624
2057-09-15 11:00:00,0.0,71.4339687270815
2057-09-15 12:00:00,0.0,37.59682564583237
2057-09-15 13:00:00,0.0,9.608077665046048
2057-09-15 14:00:00,0.0,0.0
2057-09-15 15:00:00,0.0,0.0
2057-09-15 16:00:00,0.0,0.0
2057-09-15 17:00:00,0.0,0.0
2057-09-15 18:00:00,0.0,0.0
2057-09-15 19:00:00,0.0,0.0
2057-09-15 20:00:00,0.0,0.0
2057-09-15 21:00:00,0.0,0.0
2057-09-15 22:00:00,0.0,0.0
2057-09-15 23:00:00,0.0,0.0
2057-09-16 00:00:00,0.0,0.0
2057-09-16 01:00:00,0.0,0.0
2057-09-16 02:00:00,0.0,10.443562679397878
2057-09-16 03:00:00,0.0,84.38398644953487
2057-09-16 04:00:00,0.0,170.02120042059744
2057-09-16 05:00:00,0.0,234.7712890328643
2057-09-16 06:00:00,0.0,279.88747980786314
2057-09-16 07:00:00,0.0,304.5342877312422
2057-09-16 08:00:00,0.0,308.2939702958254
2057-09-16 09:00:00,0.0,291.5842700087888
2057-09-16 10:00:00,0.0,254.82292937730827
2057-09-16 11:00:00,0.0,195.9212358655042
2057-09-16 12:00:00,0.0,117.38564451643215
2057-09-16 13:00:00,0.0,33.0016580668973
2057-09-16 14:00:00,0.0,0.0
2057-09-16 15:00:00,0.0,0.0
2057-09-16 16:00:00,0.0,0.0
2057-09-16 17:00:00,0.0,0.0
2057-09-16 18:00:00,0.0,0.0
2057-09-16 19:00:00,0.0,0.0
2057-09-16 20:00:00,0.0,0.0
2057-09-16 21:00:00,0.0,0.0
2057-09-16 22:00:00,0.0,0.0
2057-09-16 23:00:00,0.0,0.0
2057-09-17 00:00:00,0.0,0.0
2057-09-17 01:00:00,0.0,0.0
2057-09-17 02:00:00,0.0,12.114532708101539
2057-09-17 03:00:00,0.0,90.23238154999767
2057-09-17 04:00:00,0.0,176.28733802823618
2057-09-17 05:00:00,0.0,242.29065416203076
2057-09-17 06:00:00,0.0,287.40684493702963
2057-09-17 07:00:00,0.0,309.96494032452904
2057-09-17 08:00:00,0.0,312.05365286040865
2057-09-17 09:00:00,0.0,294.0907250518443
2057-09-17 10:00:00,0.0,256.07615689883596
2057-09-17 11:00:00,0.0,197.17446338703198
2057-09-17 12:00:00,0.0,118.221129530784
2057-09-17 13:00:00,0.0,33.0016580668973
2057-09-17 14:00:00,0.0,0.0
2057-09-17 15:00:00,0.0,0.0
2057-09-17 16:00:00,0.0,0.0
2057-09-17 17:00:00,0.0,0.0
2057-09-17 18:00:00,0.0,0.0
2057-09-17 19:00:00,0.0,0.0
2057-09-17 20:00:00,0.0,0.0
2057-09-17 21:00:00,0.0,0.0
2057-09-17 22:00:00,0.0,0.0
2057-09-17 23:00:00,0.0,0.0
2057-09-18 00:00:00,0.0,0.0
2057-09-18 01:00:00,0.0,0.0
2057-09-18 02:00:00,0.0,11.279047693749709
2057-09-18 03:00:00,0.0,87.72592650694219
2057-09-18 04:00:00,0.0,173.3631404780048
2057-09-18 05:00:00,0.0,235.60677404721616
2057-09-18 06:00:00,0.0,282.3939348509187
2057-09-18 07:00:00,0.0,305.36977274559393
2057-09-18 08:00:00,0.0,308.2939702958254
2057-09-18 09:00:00,0.0,290.331042487261
2057-09-18 10:00:00,0.0,252.73421684142866
2057-09-18 11:00:00,0.0,194.25026583680057
2057-09-18 12:00:00,0.0,113.62596195184892
2057-09-18 13:00:00,0.0,30.912945531017726
2057-09-18 14:00:00,0.0,0.0
2057-09-18 15:00:00,0.0,0.0
2057-09-18 16:00:00,0.0,0.0
2057-09-18 17:00:00,0.0,0.0
2057-09-18 18:00:00,0.0,0.0
2057-09-18 19:00:00,0.0,0.0
2057-09-18 20:00:00,0.0,0.0
2057-09-18 21:00:00,0.0,0.0
2057-09-18 22:00:00,0.0,0.0
2057-09-18 23:00:00,0.0,0.0
2057-09-19 00:00:00,0.0,0.0
2057-09-19 01:00:00,0.0,0.0
2057-09-19 02:00:00,0.0,13.367760229629285
2057-09-19 03:00:00,0.0,93.57432160740501
2057-09-19 04:00:00,0.0,182.55347563587495
2057-09-19 05:00:00,0.0,247.3035642481418
2057-09-19 06:00:00,0.0,286.57135992267786
2057-09-19 07:00:00,0.0,308.7117128030013
2057-09-19 08:00:00,0.0,310.80042533888087
2057-09-19 09:00:00,0.0,295.34395257337206
2057-09-19 10:00:00,0.0,257.7471269275397
2057-09-19 11:00:00,0.0,198.8454334157356
2057-09-19 12:00:00,0.0,119.89209955948765
2057-09-19 13:00:00,0.0,33.419400574073215
2057-09-19 14:00:00,0.0,0.0
2057-09-19 15:00:00,0.0,0.0
2057-09-19 16:00:00,0.0,0.0
2057-09-19 17:00:00,0.0,0.0
2057-09-19 18:00:00,0.0,0.0
2057-09-19 19:00:00,0.0,0.0
2057-09-19 20:00:00,0.0,0.0
2057-09-19 21:00:00,0.0,0.0
2057-09-19 22:00:00,0.0,0.0
2057-09-19 23:00:00,0.0,0.0
2057-09-20 00:00:00,0.0,0.0
2057-09-20 01:00:00,0.0,0.0
2057-09-20 02:00:00,0.0,12.532275215277455
2057-09-20 03:00:00,0.0,91.48560907152542
2057-09-20 04:00:00,0.0,181.30024811434717
2057-09-20 05:00:00,0.0,246.88582174096587
2057-09-20 06:00:00,0.0,290.74878499443696
2057-09-20 07:00:00,0.0,311.6359103532327
2057-09-20 08:00:00,0.0,313.30688038193637
2057-09-20 09:00:00,0.0,293.67298254466834
2057-09-20 10:00:00,0.0,256.07615689883596
2057-09-20 11:00:00,0.0,197.17446338703198
2057-09-20 12:00:00,0.0,118.6388720379599
2057-09-20 13:00:00,0.0,32.583915559721376
2057-09-20 14:00:00,0.0,0.0
2057-09-20 15:00:00,0.0,0.0
2057-09-20 16:00:00,0.0,0.0
2057-09-20 17:00:00,0.0,0.0
2057-09-20 18:00:00,0.0,0.0
2057-09-20 19:00:00,0.0,0.0
2057-09-20 20:00:00,0.0,0.0
2057-09-20 21:00:00,0.0,0.0
2057-09-20 22:00:00,0.0,0.0
2057-09-20 23:00:00,0.0,0.0
2057-09-21 00:00:00,0.0,0.0
2057-09-21 01:00:00,0.0,0.0
2057-09-21 02:00:00,0.0,12.114532708101539
2057-09-21 03:00:00,0.0,93.15657910022908
2057-09-21 04:00:00,0.0,179.62927808564353
2057-09-21 05:00:00,0.0,246.05033672661403
2057-09-21 06:00:00,0.0,286.1536174155019
2057-09-21 07:00:00,0.0,307.45848528147354
2057-09-21 08:00:00,0.0,308.2939702958254
2057-09-21 09:00:00,0.0,289.9132999800851
2057-09-21 10:00:00,0.0,252.31647433425277
2057-09-21 11:00:00,0.0,193.4147808224487
2057-09-21 12:00:00,0.0,115.29693198055259
2057-09-21 13:00:00,0.0,30.495203023841807
2057-09-21 14:00:00,0.0,0.0
2057-09-21 15:00:00,0.0,0.0
2057-09-21 16:00:00,0.0,0.0
2057-09-21 17:00:00,0.0,0.0
2057-09-21 18:00:00,0.0,0.0
2057-09-21 19:00:00,0.0,0.0
2057-09-21 20:00:00,0.0,0.0
2057-09-21 21:00:00,0.0,0.0
2057-09-21 22:00:00,0.0,0.0
2057-09-21 23:00:00,0.0,0.0
2057-09-22 00:00:00,0.0,0.0
2057-09-22 01:00:00,0.0,0.0
2057-09-22 02:00:00,0.0,11.696790200925625
2057-09-22 03:00:00,0.0,93.15657910022908
2057-09-22 04:00:00,0.0,179.21153557846762
2057-09-22 05:00:00,0.0,245.63259421943812
2057-09-22 06:00:00,0.0,289.07781496573324
2057-09-22 07:00:00,0.0,310.382682831705
2057-09-22 08:00:00,0.0,312.47139536758453
2057-09-22 09:00:00,0.0,292.00201251596474
2057-09-22 10:00:00,0.0,253.9874443629564
2057-09-22 11:00:00,0.0,194.66800834397648
2057-09-22 12:00:00,0.0,114.87918947337667
2057-09-22 13:00:00,0.0,29.659718009489975
2057-09-22 14:00:00,0.0,0.0
2057-09-22 15:00:00,0.0,0.0
2057-09-22 16:00:00,0.0,0.0
2057-09-22 17:00:00,0.0,0.0
2057-09-22 18:00:00,0.0,0.0
2057-09-22 19:00:00,0.0,0.0
2057-09-22 20:00:00,0.0,0.0
2057-09-22 21:00:00,0.0,0.0
2057-09-22 22:00:00,0.0,0.0
2057-09-22 23:00:00,0.0,0.0
2057-09-23 00:00:00,0.0,0.0
2057-09-23 01:00:00,0.0,0.0
2057-09-23 02:00:00,0.0,10.861305186573794
2057-09-23 03:00:00,0.0,88.14366901411809
2057-09-23 04:00:00,0.0,171.69217044930113
2057-09-23 05:00:00,0.0,237.2777440759198
2057-09-23 06:00:00,0.0,280.3052223150391
2057-09-23 07:00:00,0.0,302.4455751953626
2057-09-23 08:00:00,0.0,303.2810602097144
2057-09-23 09:00:00,0.0,285.3181324011501
2057-09-23 10:00:00,0.0,246.46807923378995
2057-09-23 11:00:00,0.0,184.6421881717545
2057-09-23 12:00:00,0.0,102.34691425809922
2057-09-23 13:00:00,0.0,22.975837894675333
2057-09-23 14:00:00,0.0,0.0
2057-09-23 15:00:00,0.0,0.0
2057-09-23 16:00:00,0.0,0.0
2057-09-23 17:00:00,0.0,0.0
2057-09-23 18:00:00,0.0,0.0
2057-09-23 19:00:00,0.0,0.0
2057-09-23 20:00:00,0.0,0.0
2057-09-23 21:00:00,0.0,0.0
2057-09-23 22:00:00,0.0,0.0
2057-09-23 23:00:00,0.0,0.0
2057-09-24 00:00:00,0.0,0.0
2057-09-24 01:00:00,0.0,0.0
2057-09-24 02:00:00,0.0,7.937107636342388
2057-09-24 03:00:00,0.0,69.34525619120193
2057-09-24 04:00:00,0.0,138.27276987522794
2057-09-24 05:00:00,0.0,184.6421881717545
2057-09-24 06:00:00,0.0,213.04867865971673
2057-09-24 07:00:00,0.0,233.93580401851253
2057-09-24 08:00:00,0.0,241.03742664050304
2057-09-24 09:00:00,0.0,231.42934897545697
2057-09-24 10:00:00,0.0,209.70673860230943
2057-09-24 11:00:00,0.0,174.1986254923566
2057-09-24 12:00:00,0.0,104.85336930115471
2057-09-24 13:00:00,0.0,26.73552045925857
2057-09-24 14:00:00,0.0,0.0
2057-09-24 15:00:00,0.0,0.0
2057-09-24 16:00:00,0.0,0.0
2057-09-24 17:00:00,0.0,0.0
2057-09-24 18:00:00,0.0,0.0
2057-09-24 19:00:00,0.0,0.0
2057-09-24 20:00:00,0.0,0.0
2057-09-24 21:00:00,0.0,0.0
2057-09-24 22:00:00,0.0,0.0
2057-09-24 23:00:00,0.0,0.0
2057-09-25 00:00:00,0.0,0.0
2057-09-25 01:00:00,0.0,0.0
2057-09-25 02:00:00,0.0,6.6838801148146425
2057-09-25 03:00:00,0.0,69.76299869837783
2057-09-25 04:00:00,0.0,154.1469851479127
2057-09-25 05:00:00,0.0,223.4922413391146
2057-09-25 06:00:00,0.0,277.3810247648077
2057-09-25 07:00:00,0.0,297.8504076164275
2057-09-25 08:00:00,0.0,299.52137764513117
2057-09-25 09:00:00,0.0,276.9632822576317
2057-09-25 10:00:00,0.0,238.53097159744758
2057-09-25 11:00:00,0.0,180.04702059281945
2057-09-25 12:00:00,0.0,101.51142924374739
2057-09-25 13:00:00,0.0,24.22906541620308
2057-09-25 14:00:00,0.0,0.0
2057-09-25 15:00:00,0.0,0.0
2057-09-25 16:00:00,0.0,0.0
2057-09-25 17:00:00,0.0,0.0
2057-09-25 18:00:00,0.0,0.0
2057-09-25 19:00:00,0.0,0.0
2057-09-25 20:00:00,0.0,0.0
2057-09-25 21:00:00,0.0,0.0
2057-09-25 22:00:00,0.0,0.0
2057-09-25 23:00:00,0.0,0.0
2057-09-26 00:00:00,0.0,0.0
2057-09-26 01:00:00,0.0,0.0
2057-09-26 02:00:00,0.0,6.266137607638727
2057-09-26 03:00:00,0.0,75.19365129166474
2057-09-26 04:00:00,0.0,164.5905478273106
2057-09-26 05:00:00,0.0,233.10031900416067
2057-09-26 06:00:00,0.0,279.0519947935113
2057-09-26 07:00:00,0.0,303.2810602097144
2057-09-26 08:00:00,0.0,309.54719781735315
2057-09-26 09:00:00,0.0,294.0907250518443
2057-09-26 10:00:00,0.0,258.58261194189146
2057-09-26 11:00:00,0.0,199.68091843008744
2057-09-26 12:00:00,0.0,119.89209955948765
2057-09-26 13:00:00,0.0,31.74843054536955
2057-09-26 14:00:00,0.0,0.0
2057-09-26 15:00:00,0.0,0.0
2057-09-26 16:00:00,0.0,0.0
2057-09-26 17:00:00,0.0,0.0
2057-09-26 18:00:00,0.0,0.0
2057-09-26 19:00:00,0.0,0.0
2057-09-26 20:00:00,0.0,0.0
2057-09-26 21:00:00,0.0,0.0
2057-09-26 22:00:00,0.0,0.0
2057-09-26 23:00:00,0.0,0.0
2057-09-27 00:00:00,0.0,0.0
2057-09-27 01:00:00,0.0,0.0
2057-09-27 02:00:00,0.0,10.025820172221964
2057-09-27 03:00:00,0.0,89.81463904282177
2057-09-27 04:00:00,0.0,175.45185301388437
2057-09-27 05:00:00,0.0,244.3793666979104
2057-09-27 06:00:00,0.0,287.8245874442056
2057-09-27 07:00:00,0.0,309.1294553101772
2057-09-27 08:00:00,0.0,309.54719781735315
2057-09-27 09:00:00,0.0,288.24232995138146
2057-09-27 10:00:00,0.0,242.7083966692067
2057-09-27 11:00:00,0.0,171.27442794212521
2057-09-27 12:00:00,0.0,90.65012405717358
2057-09-27 13:00:00,0.0,21.72261037314759
2057-09-27 14:00:00,0.0,0.0
2057-09-27 15:00:00,0.0,0.0
2057-09-27 16:00:00,0.0,0.0
2057-09-27 17:00:00,0.0,0.0
2057-09-27 18:00:00,0.0,0.0
2057-09-27 19:00:00,0.0,0.0
2057-09-27 20:00:00,0.0,0.0
2057-09-27 21:00:00,0.0,0.0
2057-09-27 22:00:00,0.0,0.0
2057-09-27 23:00:00,0.0,0.0
2057-09-28 00:00:00,0.0,0.0
2057-09-28 01:00:00,0.0,0.0
2057-09-28 02:00:00,0.0,5.848395100462813
2057-09-28 03:00:00,0.0,67.25654365532235
2057-09-28 04:00:00,0.0,163.33732030578284
2057-09-28 05:00:00,0.0,235.60677404721616
2057-09-28 06:00:00,0.0,281.140707329391
2057-09-28 07:00:00,0.0,302.8633177025385
2057-09-28 08:00:00,0.0,304.95203023841805
2057-09-28 09:00:00,0.0,288.24232995138146
2057-09-28 10:00:00,0.0,253.5697018557805
2057-09-28 11:00:00,0.0,197.59220589420786
2057-09-28 12:00:00,0.0,119.47435705231175
2057-09-28 13:00:00,0.0,31.330688038193635
2057-09-28 14:00:00,0.0,0.0
2057-09-28 15:00:00,0.0,0.0
2057-09-28 16:00:00,0.0,0.0
2057-09-28 17:00:00,0.0,0.0
2057-09-28 18:00:00,0.0,0.0
2057-09-28 19:00:00,0.0,0.0
2057-09-28 20:00:00,0.0,0.0
2057-09-28 21:00:00,0.0,0.0
2057-09-28 22:00:00,0.0,0.0
2057-09-28 23:00:00,0.0,0.0
2057-09-29 00:00:00,0.0,0.0
2057-09-29 01:00:00,0.0,0.0
2057-09-29 02:00:00,0.0,10.025820172221964
2057-09-29 03:00:00,0.0,91.48560907152542
2057-09-29 04:00:00,0.0,177.122823042588
2057-09-29 05:00:00,0.0,242.7083966692067
2057-09-29 06:00:00,0.0,285.3181324011501
2057-09-29 07:00:00,0.0,307.04074277429766
2057-09-29 08:00:00,0.0,309.1294553101772
2057-09-29 09:00:00,0.0,292.8374975303165
2057-09-29 10:00:00,0.0,254.82292937730827
2057-09-29 11:00:00,0.0,194.66800834397648
2057-09-29 12:00:00,0.0,114.87918947337667
2057-09-29 13:00:00,0.0,28.40649048796223
2057-09-29 14:00:00,0.0,0.0
2057-09-29 15:00:00,0.0,0.0
2057-09-29 16:00:00,0.0,0.0
2057-09-29 17:00:00,0.0,0.0
2057-09-29 18:00:00,0.0,0.0
2057-09-29 19:00:00,0.0,0.0
2057-09-29 20:00:00,0.0,0.0
2057-09-29 21:00:00,0.0,0.0
2057-09-29 22:00:00,0.0,0.0
2057-09-29 23:00:00,0.0,0.0
2057-09-30 00:00:00,0.0,0.0
2057-09-30 01:00:00,0.0,0.0
2057-09-30 02:00:00,0.0,7.937107636342388
2057-09-30 03:00:00,0.0,84.38398644953487
2057-09-30 04:00:00,0.0,172.52765546365293
2057-09-30 05:00:00,0.0,239.36645661179938
2057-09-30 06:00:00,0.0,282.3939348509187
2057-09-30 07:00:00,0.0,304.5342877312422
2057-09-30 08:00:00,0.0,306.62300026712177
2057-09-30 09:00:00,0.0,289.07781496573324
2057-09-30 10:00:00,0.0,251.48098931990094
2057-09-30 11:00:00,0.0,192.16155330092096
2057-09-30 12:00:00,0.0,112.37273443032117
2057-09-30 13:00:00,0.0,27.153262966434486
2057-09-30 14:00:00,0.0,0.0
2057-09-30 15:00:00,0.0,0.0
2057-09-30 16:00:00,0.0,0.0
2057-09-30 17:00:00,0.0,0.0
2057-09-30 18:00:00,0.0,0.0
2057-09-30 19:00:00,0.0,0.0
2057-09-30 20:00:00,0.0,0.0
2057-09-30 21:00:00,0.0,0.0
2057-09-30 22:00:00,0.0,0.0
2057-09-30 23:00:00,0.0,0.0
2057-10-01 00:00:00,0.0,0.0
2057-10-01 01:00:00,0.0,0.0
2057-10-01 02:00:00,0.0,8.354850143518304
2057-10-01 03:00:00,0.0,86.47269898541443
2057-10-01 04:00:00,0.0,172.94539797082885
2057-10-01 05:00:00,0.0,239.36645661179938
2057-10-01 06:00:00,0.0,282.3939348509187
2057-10-01 07:00:00,0.0,304.1165452240662
2057-10-01 08:00:00,0.0,306.20525775994577
2057-10-01 09:00:00,0.0,287.8245874442056
2057-10-01 10:00:00,0.0,248.97453427684545
2057-10-01 11:00:00,0.0,188.40187073633774
2057-10-01 12:00:00,0.0,107.77756685138611
2057-10-01 13:00:00,0.0,24.22906541620308
2057-10-01 14:00:00,0.0,0.0
2057-10-01 15:00:00,0.0,0.0
2057-10-01 16:00:00,0.0,0.0
2057-10-01 17:00:00,0.0,0.0
2057-10-01 18:00:00,0.0,0.0
2057-10-01 19:00:00,0.0,0.0
2057-10-01 20:00:00,0.0,0.0
2057-10-01 21:00:00,0.0,0.0
2057-10-01 22:00:00,0.0,0.0
2057-10-01 23:00:00,0.0,0.0
2057-10-02 00:00:00,0.0,0.0
2057-10-02 01:00:00,0.0,0.0
2057-10-02 02:00:00,0.0,6.6838801148146425
2057-10-02 03:00:00,0.0,81.04204639212755
2057-10-02 04:00:00,0.0,167.93248788471791
2057-10-02 05:00:00,0.0,235.60677404721616
2057-10-02 06:00:00,0.0,281.140707329391
2057-10-02 07:00:00,0.0,303.2810602097144
2057-10-02 08:00:00,0.0,305.36977274559393
2057-10-02 09:00:00,0.0,288.24232995138146
2057-10-02 10:00:00,0.0,249.81001929119725
2057-10-02 11:00:00,0.0,189.23735575068955
2057-10-02 12:00:00,0.0,108.61305186573794
2057-10-02 13:00:00,0.0,24.22906541620308
2057-10-02 14:00:00,0.0,0.0
2057-10-02 15:00:00,0.0,0.0
2057-10-02 16:00:00,0.0,0.0
2057-10-02 17:00:00,0.0,0.0
2057-10-02 18:00:00,0.0,0.0
2057-10-02 19:00:00,0.0,0.0
2057-10-02 20:00:00,0.0,0.0
2057-10-02 21:00:00,0.0,0.0
2057-10-02 22:00:00,0.0,0.0
2057-10-02 23:00:00,0.0,0.0
2057-10-03 00:00:00,0.0,0.0
2057-10-03 01:00:00,0.0,0.0
2057-10-03 02:00:00,0.0,7.519365129166473
2057-10-03 03:00:00,0.0,83.96624394235896
2057-10-03 04:00:00,0.0,170.43894292777338
2057-10-03 05:00:00,0.0,237.2777440759198
2057-10-03 06:00:00,0.0,281.97619234374275
2057-10-03 07:00:00,0.0,303.2810602097144
2057-10-03 08:00:00,0.0,304.95203023841805
2057-10-03 09:00:00,0.0,285.735874908326
2057-10-03 10:00:00,0.0,246.05033672661403
2057-10-03 11:00:00,0.0,184.6421881717545
2057-10-03 12:00:00,0.0,104.01788428680287
2057-10-03 13:00:00,0.0,22.1403528803235
2057-10-03 14:00:00,0.0,0.0
2057-10-03 15:00:00,0.0,0.0
2057-10-03 16:00:00,0.0,0.0
2057-10-03 17:00:00,0.0,0.0
2057-10-03 18:00:00,0.0,0.0
2057-10-03 19:00:00,0.0,0.0
2057-10-03 20:00:00,0.0,0.0
2057-10-03 21:00:00,0.0,0.0
2057-10-03 22:00:00,0.0,0.0
2057-10-03 23:00:00,0.0,0.0
2057-10-04 00:00:00,0.0,0.0
2057-10-04 01:00:00,0.0,0.0
2057-10-04 02:00:00,0.0,6.6838801148146425
2057-10-04 03:00:00,0.0,81.45978889930346
2057-10-04 04:00:00,0.0,167.514745377542
2057-10-04 05:00:00,0.0,234.35354652568844
2057-10-04 06:00:00,0.0,279.0519947935113
2057-10-04 07:00:00,0.0,300.77460516665894
2057-10-04 08:00:00,0.0,302.4455751953626
2057-10-04 09:00:00,0.0,284.0649048796223
2057-10-04 10:00:00,0.0,244.3793666979104
2057-10-04 11:00:00,0.0,182.97121814305083
2057-10-04 12:00:00,0.0,101.92917175092329
2057-10-04 13:00:00,0.0,20.469382851619844
2057-10-04 14:00:00,0.0,0.0
2057-10-04 15:00:00,0.0,0.0
2057-10-04 16:00:00,0.0,0.0
2057-10-04 17:00:00,0.0,0.0
2057-10-04 18:00:00,0.0,0.0
2057-10-04 19:00:00,0.0,0.0
2057-10-04 20:00:00,0.0,0.0
2057-10-04 21:00:00,0.0,0.0
2057-10-04 22:00:00,0.0,0.0
2057-10-04 23:00:00,0.0,0.0
2057-10-05 00:00:00,0.0,0.0
2057-10-05 01:00:00,0.0,0.0
2057-10-05 02:00:00,0.0,5.430652593286897
2057-10-05 03:00:00,0.0,73.52268126296106
2057-10-05 04:00:00,0.0,163.75506281295876
2057-10-05 05:00:00,0.0,232.26483398980886
2057-10-05 06:00:00,0.0,281.5584498365668
2057-10-05 07:00:00,0.0,304.5342877312422
2057-10-05 08:00:00,0.0,306.20525775994577
2057-10-05 09:00:00,0.0,288.24232995138146
2057-10-05 10:00:00,0.0,248.1390492624936
2057-10-05 11:00:00,0.0,182.13573312869903
2057-10-05 12:00:00,0.0,98.58723169351599
2057-10-05 13:00:00,0.0,17.962927808564352
2057-10-05 14:00:00,0.0,0.0
2057-10-05 15:00:00,0.0,0.0
2057-10-05 16:00:00,0.0,0.0
2057-10-05 17:00:00,0.0,0.0
2057-10-05 18:00:00,0.0,0.0
2057-10-05 19:00:00,0.0,0.0
2057-10-05 20:00:00,0.0,0.0
2057-10-05 21:00:00,0.0,0.0
2057-10-05 22:00:00,0.0,0.0
2057-10-05 23:00:00,0.0,0.0
2057-10-06 00:00:00,0.0,0.0
2057-10-06 01:00:00,0.0,0.0
2057-10-06 02:00:00,0.0,4.177425071759152
2057-10-06 03:00:00,0.0,68.5097711768501
2057-10-06 04:00:00,0.0,158.32441021967182
2057-10-06 05:00:00,0.0,235.18903154004025
2057-10-06 06:00:00,0.0,280.722964822215
2057-10-06 07:00:00,0.0,300.77460516665894
2057-10-06 08:00:00,0.0,301.6100901810107
2057-10-06 09:00:00,0.0,284.48264738679825
2057-10-06 10:00:00,0.0,245.21485171226223
2057-10-06 11:00:00,0.0,184.6421881717545
2057-10-06 12:00:00,0.0,101.92917175092329
2057-10-06 13:00:00,0.0,20.469382851619844
2057-10-06 14:00:00,0.0,0.0
2057-10-06 15:00:00,0.0,0.0
2057-10-06 16:00:00,0.0,0.0
2057-10-06 17:00:00,0.0,0.0
2057-10-06 18:00:00,0.0,0.0
2057-10-06 19:00:00,0.0,0.0
2057-10-06 20:00:00,0.0,0.0
2057-10-06 21:00:00,0.0,0.0
2057-10-06 22:00:00,0.0,0.0
2057-10-06 23:00:00,0.0,0.0
2057-10-07 00:00:00,0.0,0.0
2057-10-07 01:00:00,0.0,0.0
2057-10-07 02:00:00,0.0,4.595167578935067
2057-10-07 03:00:00,0.0,68.927513684026
2057-10-07 04:00:00,0.0,165.0082903344865
2057-10-07 05:00:00,0.0,233.10031900416067
2057-10-07 06:00:00,0.0,279.88747980786314
2057-10-07 07:00:00,0.0,305.36977274559393
2057-10-07 08:00:00,0.0,309.1294553101772
2057-10-07 09:00:00,0.0,291.1665275016128
2057-10-07 10:00:00,0.0,253.5697018557805
2057-10-07 11:00:00,0.0,193.4147808224487
2057-10-07 12:00:00,0.0,110.70176440161751
2057-10-07 13:00:00,0.0,22.975837894675333
2057-10-07 14:00:00,0.0,0.0
2057-10-07 15:00:00,0.0,0.0
2057-10-07 16:00:00,0.0,0.0
2057-10-07 17:00:00,0.0,0.0
2057-10-07 18:00:00,0.0,0.0
2057-10-07 19:00:00,0.0,0.0
2057-10-07 20:00:00,0.0,0.0
2057-10-07 21:00:00,0.0,0.0
2057-10-07 22:00:00,0.0,0.0
2057-10-07 23:00:00,0.0,0.0
2057-10-08 00:00:00,0.0,0.0
2057-10-08 01:00:00,0.0,0.0
2057-10-08 02:00:00,0.0,5.430652593286897
2057-10-08 03:00:00,0.0,80.62430388495163
2057-10-08 04:00:00,0.0,165.0082903344865
2057-10-08 05:00:00,0.0,238.11322909027166
2057-10-08 06:00:00,0.0,284.9003898939742
2057-10-08 07:00:00,0.0,307.8762277886495
2057-10-08 08:00:00,0.0,310.382682831705
2057-10-08 09:00:00,0.0,292.00201251596474
2057-10-08 10:00:00,0.0,253.5697018557805
2057-10-08 11:00:00,0.0,193.83252332962462
2057-10-08 12:00:00,0.0,113.20821944467302
2057-10-08 13:00:00,0.0,23.811322909027165
2057-10-08 14:00:00,0.0,0.0
2057-10-08 15:00:00,0.0,0.0
2057-10-08 16:00:00,0.0,0.0
2057-10-08 17:00:00,0.0,0.0
2057-10-08 18:00:00,0.0,0.0
2057-10-08 19:00:00,0.0,0.0
2057-10-08 20:00:00,0.0,0.0
2057-10-08 21:00:00,0.0,0.0
2057-10-08 22:00:00,0.0,0.0
2057-10-08 23:00:00,0.0,0.0
2057-10-09 00:00:00,0.0,0.0
2057-10-09 01:00:00,0.0,0.0
2057-10-09 02:00:00,0.0,7.101622621990558
2057-10-09 03:00:00,0.0,88.561411521294
2057-10-09 04:00:00,0.0,177.54056554976393
2057-10-09 05:00:00,0.0,244.3793666979104
2057-10-09 06:00:00,0.0,287.8245874442056
2057-10-09 07:00:00,0.0,309.54719781735315
2057-10-09 08:00:00,0.0,312.05365286040865
2057-10-09 09:00:00,0.0,294.92621006619606
2057-10-09 10:00:00,0.0,257.32938442036374
2057-10-09 11:00:00,0.0,198.42769090855973
2057-10-09 12:00:00,0.0,117.80338702360805
2057-10-09 13:00:00,0.0,25.90003544490674
2057-10-09 14:00:00,0.0,0.0
2057-10-09 15:00:00,0.0,0.0
2057-10-09 16:00:00,0.0,0.0
2057-10-09 17:00:00,0.0,0.0
2057-10-09 18:00:00,0.0,0.0
2057-10-09 19:00:00,0.0,0.0
2057-10-09 20:00:00,0.0,0.0
2057-10-09 21:00:00,0.0,0.0
2057-10-09 22:00:00,0.0,0.0
2057-10-09 23:00:00,0.0,0.0
2057-10-10 00:00:00,0.0,0.0
2057-10-10 01:00:00,0.0,0.0
2057-10-10 02:00:00,0.0,7.101622621990558
2057-10-10 03:00:00,0.0,90.23238154999767
2057-10-10 04:00:00,0.0,180.04702059281945
2057-10-10 05:00:00,0.0,246.88582174096587
2057-10-10 06:00:00,0.0,289.9132999800851
2057-10-10 07:00:00,0.0,311.6359103532327
2057-10-10 08:00:00,0.0,313.30688038193637
2057-10-10 09:00:00,0.0,296.1794375877239
2057-10-10 10:00:00,0.0,258.58261194189146
2057-10-10 11:00:00,0.0,199.26317592291153
2057-10-10 12:00:00,0.0,118.221129530784
2057-10-10 13:00:00,0.0,25.06455043055491
2057-10-10 14:00:00,0.0,0.0
2057-10-10 15:00:00,0.0,0.0
2057-10-10 16:00:00,0.0,0.0
2057-10-10 17:00:00,0.0,0.0
2057-10-10 18:00:00,0.0,0.0
2057-10-10 19:00:00,0.0,0.0
2057-10-10 20:00:00,0.0,0.0
2057-10-10 21:00:00,0.0,0.0
2057-10-10 22:00:00,0.0,0.0
2057-10-10 23:00:00,0.0,0.0
2057-10-11 00:00:00,0.0,0.0
2057-10-11 01:00:00,0.0,0.0
2057-10-11 02:00:00,0.0,4.595167578935067
2057-10-11 03:00:00,0.0,77.70010633472022
2057-10-11 04:00:00,0.0,169.18571540624563
2057-10-11 05:00:00,0.0,239.7841991189753
2057-10-11 06:00:00,0.0,284.9003898939742
2057-10-11 07:00:00,0.0,307.8762277886495
2057-10-11 08:00:00,0.0,310.80042533888087
2057-10-11 09:00:00,0.0,292.4197550231406
2057-10-11 10:00:00,0.0,252.73421684142866
2057-10-11 11:00:00,0.0,191.32606828656913
2057-10-11 12:00:00,0.0,109.86627938726569
2057-10-11 13:00:00,0.0,21.72261037314759
2057-10-11 14:00:00,0.0,0.0
2057-10-11 15:00:00,0.0,0.0
2057-10-11 16:00:00,0.0,0.0
2057-10-11 17:00:00,0.0,0.0
2057-10-11 18:00:00,0.0,0.0
2057-10-11 19:00:00,0.0,0.0
2057-10-11 20:00:00,0.0,0.0
2057-10-11 21:00:00,0.0,0.0
2057-10-11 22:00:00,0.0,0.0
2057-10-11 23:00:00,0.0,0.0
2057-10-12 00:00:00,0.0,0.0
2057-10-12 01:00:00,0.0,0.0
2057-10-12 02:00:00,0.0,4.595167578935067
2057-10-12 03:00:00,0.0,79.7888188705998
2057-10-12 04:00:00,0.0,169.18571540624563
2057-10-12 05:00:00,0.0,238.11322909027166
2057-10-12 06:00:00,0.0,282.8116773580945
2057-10-12 07:00:00,0.0,304.95203023841805
2057-10-12 08:00:00,0.0,306.62300026712177
2057-10-12 09:00:00,0.0,289.07781496573324
2057-10-12 10:00:00,0.0,250.22776179837317
2057-10-12 11:00:00,0.0,190.0728407650414
2057-10-12 12:00:00,0.0,108.61305186573794
2057-10-12 13:00:00,0.0,20.05164034444393
2057-10-12 14:00:00,0.0,0.0
2057-10-12 15:00:00,0.0,0.0
2057-10-12 16:00:00,0.0,0.0
2057-10-12 17:00:00,0.0,0.0
2057-10-12 18:00:00,0.0,0.0
2057-10-12 19:00:00,0.0,0.0
2057-10-12 20:00:00,0.0,0.0
2057-10-12 21:00:00,0.0,0.0
2057-10-12 22:00:00,0.0,0.0
2057-10-12 23:00:00,0.0,0.0
2057-10-13 00:00:00,0.0,0.0
2057-10-13 01:00:00,0.0,0.0
2057-10-13 02:00:00,0.0,5.012910086110982
2057-10-13 03:00:00,0.0,83.13075892800713
2057-10-13 04:00:00,0.0,173.7808829851807
2057-10-13 05:00:00,0.0,242.7083966692067
2057-10-13 06:00:00,0.0,284.9003898939742
2057-10-13 07:00:00,0.0,309.1294553101772
2057-10-13 08:00:00,0.0,311.6359103532327
2057-10-13 09:00:00,0.0,293.2552400374924
2057-10-13 10:00:00,0.0,254.40518687013235
2057-10-13 11:00:00,0.0,192.99703831527282
2057-10-13 12:00:00,0.0,110.2840218944416
2057-10-13 13:00:00,0.0,20.05164034444393
2057-10-13 14:00:00,0.0,0.0
2057-10-13 15:00:00,0.0,0.0
2057-10-13 16:00:00,0.0,0.0
2057-10-13 17:00:00,0.0,0.0
2057-10-13 18:00:00,0.0,0.0
2057-10-13 19:00:00,0.0,0.0
2057-10-13 20:00:00,0.0,0.0
2057-10-13 21:00:00,0.0,0.0
2057-10-13 22:00:00,0.0,0.0
2057-10-13 23:00:00,0.0,0.0
2057-10-14 00:00:00,0.0,0.0
2057-10-14 01:00:00,0.0,0.0
2057-10-14 02:00:00,0.0,1.2532275215277455
2057-10-14 03:00:00,0.0,51.38232838263757
2057-10-14 04:00:00,0.0,125.74049465995047
2057-10-14 05:00:00,0.0,195.9212358655042
2057-10-14 06:00:00,0.0,240.2019416261512
2057-10-14 07:00:00,0.0,265.2664920567061
2057-10-14 08:00:00,0.0,279.46973730068726
2057-10-14 09:00:00,0.0,269.4439171284653
2057-10-14 10:00:00,0.0,236.442259061568
2057-10-14 11:00:00,0.0,182.13573312869903
2057-10-14 12:00:00,0.0,106.52433932985836
2057-10-14 13:00:00,0.0,17.962927808564352
2057-10-14 14:00:00,0.0,0.0
2057-10-14 15:00:00,0.0,0.0
2057-10-14 16:00:00,0.0,0.0
2057-10-14 17:00:00,0.0,0.0
2057-10-14 18:00:00,0.0,0.0
2057-10-14 19:00:00,0.0,0.0
2057-10-14 20:00:00,0.0,0.0
2057-10-14 21:00:00,0.0,0.0
2057-10-14 22:00:00,0.0,0.0
2057-10-14 23:00:00,0.0,0.0
2057-10-15 00:00:00,0.0,0.0
2057-10-15 01:00:00,0.0,0.0
2057-10-15 02:00:00,0.0,4.595167578935067
2057-10-15 03:00:00,0.0,80.20656137777571
2057-10-15 04:00:00,0.0,167.09700287036605
2057-10-15 05:00:00,0.0,241.03742664050304
2057-10-15 06:00:00,0.0,285.3181324011501
2057-10-15 07:00:00,0.0,308.2939702958254
2057-10-15 08:00:00,0.0,308.7117128030013
2057-10-15 09:00:00,0.0,291.5842700087888
2057-10-15 10:00:00,0.0,253.5697018557805
2057-10-15 11:00:00,0.0,194.66800834397648
2057-10-15 12:00:00,0.0,113.62596195184892
2057-10-15 13:00:00,0.0,20.887125358795757
2057-10-15 14:00:00,0.0,0.0
2057-10-15 15:00:00,0.0,0.0
2057-10-15 16:00:00,0.0,0.0
2057-10-15 17:00:00,0.0,0.0
2057-10-15 18:00:00,0.0,0.0
2057-10-15 19:00:00,0.0,0.0
2057-10-15 20:00:00,0.0,0.0
2057-10-15 21:00:00,0.0,0.0
2057-10-15 22:00:00,0.0,0.0
2057-10-15 23:00:00,0.0,0.0
2057-10-16 00:00:00,0.0,0.0
2057-10-16 01:00:00,0.0,0.0
2057-10-16 02:00:00,0.0,4.177425071759152
2057-10-16 03:00:00,0.0,81.04204639212755
2057-10-16 04:00:00,0.0,170.02120042059744
2057-10-16 05:00:00,0.0,237.2777440759198
2057-10-16 06:00:00,0.0,279.46973730068726
2057-10-16 07:00:00,0.0,302.8633177025385
2057-10-16 08:00:00,0.0,306.20525775994577
2057-10-16 09:00:00,0.0,289.07781496573324
2057-10-16 10:00:00,0.0,251.063246812725
2057-10-16 11:00:00,0.0,191.32606828656913
2057-10-16 12:00:00,0.0,110.2840218944416
2057-10-16 13:00:00,0.0,19.216155330092096
2057-10-16 14:00:00,0.0,0.0
2057-10-16 15:00:00,0.0,0.0
2057-10-16 16:00:00,0.0,0.0
2057-10-16 17:00:00,0.0,0.0
2057-10-16 18:00:00,0.0,0.0
2057-10-16 19:00:00,0.0,0.0
2057-10-16 20:00:00,0.0,0.0
2057-10-16 21:00:00,0.0,0.0
2057-10-16 22:00:00,0.0,0.0
2057-10-16 23:00:00,0.0,0.0
2057-10-17 00:00:00,0.0,0.0
2057-10-17 01:00:00,0.0,0.0
2057-10-17 02:00:00,0.0,4.177425071759152
2057-10-17 03:00:00,0.0,83.54850143518303
2057-10-17 04:00:00,0.0,175.03411050670846
2057-10-17 05:00:00,0.0,243.12613917638262
2057-10-17 06:00:00,0.0,289.07781496573324
2057-10-17 07:00:00,0.0,311.6359103532327
2057-10-17 08:00:00,0.0,314.1423653962882
2057-10-17 09:00:00,0.0,294.92621006619606
2057-10-17 10:00:00,0.0,256.07615689883596
2057-10-17 11:00:00,0.0,194.66800834397648
2057-10-17 12:00:00,0.0,111.53724941596933
2057-10-17 13:00:00,0.0,19.216155330092096
2057-10-17 14:00:00,0.0,0.0
2057-10-17 15:00:00,0.0,0.0
2057-10-17 16:00:00,0.0,0.0
2057-10-17 17:00:00,0.0,0.0
2057-10-17 18:00:00,0.0,0.0
2057-10-17 19:00:00,0.0,0.0
2057-10-17 20:00:00,0.0,0.0
2057-10-17 21:00:00,0.0,0.0
2057-10-17 22:00:00,0.0,0.0
2057-10-17 23:00:00,0.0,0.0
2057-10-18 00:00:00,0.0,0.0
2057-10-18 01:00:00,0.0,0.0
2057-10-18 02:00:00,0.0,4.595167578935067
2057-10-18 03:00:00,0.0,85.63721397106261
2057-10-18 04:00:00,0.0,176.28733802823618
2057-10-18 05:00:00,0.0,244.79710920508631
2057-10-18 06:00:00,0.0,288.66007245855735
2057-10-18 07:00:00,0.0,311.2181678460568
2057-10-18 08:00:00,0.0,313.72462288911225
2057-10-18 09:00:00,0.0,296.1794375877239
2057-10-18 10:00:00,0.0,258.58261194189146
2057-10-18 11:00:00,0.0,198.42769090855973
2057-10-18 12:00:00,0.0,116.55015950208033
2057-10-18 13:00:00,0.0,20.887125358795757
2057-10-18 14:00:00,0.0,0.0
2057-10-18 15:00:00,0.0,0.0
2057-10-18 16:00:00,0.0,0.0
2057-10-18 17:00:00,0.0,0.0
2057-10-18 18:00:00,0.0,0.0
2057-10-18 19:00:00,0.0,0.0
2057-10-18 20:00:00,0.0,0.0
2057-10-18 21:00:00,0.0,0.0
2057-10-18 22:00:00,0.0,0.0
2057-10-18 23:00:00,0.0,0.0
2057-10-19 00:00:00,0.0,0.0
2057-10-19 01:00:00,0.0,0.0
2057-10-19 02:00:00,0.0,4.177425071759152
2057-10-19 03:00:00,0.0,85.21947146388669
2057-10-19 04:00:00,0.0,175.8695955210603
2057-10-19 05:00:00,0.0,243.54388168355854
2057-10-19 06:00:00,0.0,284.48264738679825
2057-10-19 07:00:00,0.0,307.8762277886495
2057-10-19 08:00:00,0.0,311.2181678460568
2057-10-19 09:00:00,0.0,292.8374975303165
2057-10-19 10:00:00,0.0,255.2406718844842
2057-10-19 11:00:00,0.0,195.0857508511524
2057-10-19 12:00:00,0.0,113.62596195184892
2057-10-19 13:00:00,0.0,19.633897837268012
2057-10-19 14:00:00,0.0,0.0
2057-10-19 15:00:00,0.0,0.0
2057-10-19 16:00:00,0.0,0.0
2057-10-19 17:00:00,0.0,0.0
2057-10-19 18:00:00,0.0,0.0
2057-10-19 19:00:00,0.0,0.0
2057-10-19 20:00:00,0.0,0.0
2057-10-19 21:00:00,0.0,0.0
2057-10-19 22:00:00,0.0,0.0
2057-10-19 23:00:00,0.0,0.0
2057-10-20 00:00:00,0.0,0.0
2057-10-20 01:00:00,0.0,0.0
2057-10-20 02:00:00,0.0,4.177425071759152
2057-10-20 03:00:00,0.0,84.80172895671078
2057-10-20 04:00:00,0.0,175.8695955210603
2057-10-20 05:00:00,0.0,243.96162419073445
2057-10-20 06:00:00,0.0,286.1536174155019
2057-10-20 07:00:00,0.0,308.7117128030013
2057-10-20 08:00:00,0.0,311.2181678460568
2057-10-20 09:00:00,0.0,293.67298254466834
2057-10-20 10:00:00,0.0,255.2406718844842
2057-10-20 11:00:00,0.0,195.0857508511524
2057-10-20 12:00:00,0.0,112.7904769374971
2057-10-20 13:00:00,0.0,18.380670315740264
2057-10-20 14:00:00,0.0,0.0
2057-10-20 15:00:00,0.0,0.0
2057-10-20 16:00:00,0.0,0.0
2057-10-20 17:00:00,0.0,0.0
2057-10-20 18:00:00,0.0,0.0
2057-10-20 19:00:00,0.0,0.0
2057-10-20 20:00:00,0.0,0.0
2057-10-20 21:00:00,0.0,0.0
2057-10-20 22:00:00,0.0,0.0
2057-10-20 23:00:00,0.0,0.0
2057-10-21 00:00:00,0.0,0.0
2057-10-21 01:00:00,0.0,0.0
2057-10-21 02:00:00,0.0,2.506455043055491
2057-10-21 03:00:00,0.0,74.7759087844888
2057-10-21 04:00:00,0.0,165.4260328416624
2057-10-21 05:00:00,0.0,235.60677404721616
2057-10-21 06:00:00,0.0,282.3939348509187
2057-10-21 07:00:00,0.0,305.36977274559393
2057-10-21 08:00:00,0.0,308.2939702958254
2057-10-21 09:00:00,0.0,291.5842700087888
2057-10-21 10:00:00,0.0,253.9874443629564
2057-10-21 11:00:00,0.0,193.4147808224487
2057-10-21 12:00:00,0.0,111.11950690879344
2057-10-21 13:00:00,0.0,17.545185301388436
2057-10-21 14:00:00,0.0,0.0
2057-10-21 15:00:00,0.0,0.0
2057-10-21 16:00:00,0.0,0.0
2057-10-21 17:00:00,0.0,0.0
2057-10-21 18:00:00,0.0,0.0
2057-10-21 19:00:00,0.0,0.0
2057-10-21 20:00:00,0.0,0.0
2057-10-21 21:00:00,0.0,0.0
2057-10-21 22:00:00,0.0,0.0
2057-10-21 23:00:00,0.0,0.0
2057-10-22 00:00:00,0.0,0.0
2057-10-22 01:00:00,0.0,0.0
2057-10-22 02:00:00,0.0,2.506455043055491
2057-10-22 03:00:00,0.0,74.3581662773129
2057-10-22 04:00:00,0.0,166.67926036319017
2057-10-22 05:00:00,0.0,237.69548658309571
2057-10-22 06:00:00,0.0,281.140707329391
2057-10-22 07:00:00,0.0,305.36977274559393
2057-10-22 08:00:00,0.0,308.7117128030013
2057-10-22 09:00:00,0.0,291.1665275016128
2057-10-22 10:00:00,0.0,253.5697018557805
2057-10-22 11:00:00,0.0,192.99703831527282
2057-10-22 12:00:00,0.0,110.2840218944416
2057-10-22 13:00:00,0.0,16.709700287036608
2057-10-22 14:00:00,0.0,0.0
2057-10-22 15:00:00,0.0,0.0
2057-10-22 16:00:00,0.0,0.0
2057-10-22 17:00:00,0.0,0.0
2057-10-22 18:00:00,0.0,0.0
2057-10-22 19:00:00,0.0,0.0
2057-10-22 20:00:00,0.0,0.0
2057-10-22 21:00:00,0.0,0.0
2057-10-22 22:00:00,0.0,0.0
2057-10-22 23:00:00,0.0,0.0
2057-10-23 00:00:00,0.0,0.0
2057-10-23 01:00:00,0.0,0.0
2057-10-23 02:00:00,0.0,1.6709700287036606
2057-10-23 03:00:00,0.0,69.34525619120193
2057-10-23 04:00:00,0.0,159.15989523402368
2057-10-23 05:00:00,0.0,229.7583789467534
2057-10-23 06:00:00,0.0,274.87456972175215
2057-10-23 07:00:00,0.0,298.68589263077934
2057-10-23 08:00:00,0.0,301.6100901810107
2057-10-23 09:00:00,0.0,284.0649048796223
2057-10-23 10:00:00,0.0,245.63259421943812
2057-10-23 11:00:00,0.0,185.0599306789304
2057-10-23 12:00:00,0.0,104.01788428680287
2057-10-23 13:00:00,0.0,15.038730258332945
2057-10-23 14:00:00,0.0,0.0
2057-10-23 15:00:00,0.0,0.0
2057-10-23 16:00:00,0.0,0.0
2057-10-23 17:00:00,0.0,0.0
2057-10-23 18:00:00,0.0,0.0
2057-10-23 19:00:00,0.0,0.0
2057-10-23 20:00:00,0.0,0.0
2057-10-23 21:00:00,0.0,0.0
2057-10-23 22:00:00,0.0,0.0
2057-10-23 23:00:00,0.0,0.0
2057-10-24 00:00:00,0.0,0.0
2057-10-24 01:00:00,0.0,0.0
2057-10-24 02:00:00,0.0,2.088712535879576
2057-10-24 03:00:00,0.0,75.19365129166474
2057-10-24 04:00:00,0.0,167.514745377542
2057-10-24 05:00:00,0.0,236.8600015687439
2057-10-24 06:00:00,0.0,280.722964822215
2057-10-24 07:00:00,0.0,304.1165452240662
2057-10-24 08:00:00,0.0,307.04074277429766
2057-10-24 09:00:00,0.0,289.4955574729092
2057-10-24 10:00:00,0.0,251.48098931990094
2057-10-24 11:00:00,0.0,191.32606828656913
2057-10-24 12:00:00,0.0,109.44853688008978
2057-10-24 13:00:00,0.0,15.874215272684776
2057-10-24 14:00:00,0.0,0.0
2057-10-24 15:00:00,0.0,0.0
2057-10-24 16:00:00,0.0,0.0
2057-10-24 17:00:00,0.0,0.0
2057-10-24 18:00:00,0.0,0.0
2057-10-24 19:00:00,0.0,0.0
2057-10-24 20:00:00,0.0,0.0
2057-10-24 21:00:00,0.0,0.0
2057-10-24 22:00:00,0.0,0.0
2057-10-24 23:00:00,0.0,0.0
2057-10-25 00:00:00,0.0,0.0
2057-10-25 01:00:00,0.0,0.0
2057-10-25 02:00:00,0.0,2.506455043055491
2057-10-25 03:00:00,0.0,82.2952739136553
2057-10-25 04:00:00,0.0,175.45185301388437
2057-10-25 05:00:00,0.0,244.3793666979104
2057-10-25 06:00:00,0.0,287.8245874442056
2057-10-25 07:00:00,0.0,310.382682831705
2057-10-25 08:00:00,0.0,312.47139536758453
2057-10-25 09:00:00,0.0,294.92621006619606
2057-10-25 10:00:00,0.0,256.07615689883596
2057-10-25 11:00:00,0.0,194.66800834397648
2057-10-25 12:00:00,0.0,111.53724941596933
2057-10-25 13:00:00,0.0,15.874215272684776
2057-10-25 14:00:00,0.0,0.0
2057-10-25 15:00:00,0.0,0.0
2057-10-25 16:00:00,0.0,0.0
2057-10-25 17:00:00,0.0,0.0
2057-10-25 18:00:00,0.0,0.0
2057-10-25 19:00:00,0.0,0.0
2057-10-25 20:00:00,0.0,0.0
2057-10-25 21:00:00,0.0,0.0
2057-10-25 22:00:00,0.0,0.0
2057-10-25 23:00:00,0.0,0.0
2057-10-26 00:00:00,0.0,0.0
2057-10-26 01:00:00,0.0,0.0
2057-10-26 02:00:00,0.0,2.088712535879576
2057-10-26 03:00:00,0.0,81.87753140647938
2057-10-26 04:00:00,0.0,175.8695955210603
2057-10-26 05:00:00,0.0,244.79710920508631
2057-10-26 06:00:00,0.0,287.40684493702963
2057-10-26 07:00:00,0.0,309.1294553101772
2057-10-26 08:00:00,0.0,311.6359103532327
2057-10-26 09:00:00,0.0,293.67298254466834
2057-10-26 10:00:00,0.0,255.2406718844842
2057-10-26 11:00:00,0.0,194.25026583680057
2057-10-26 12:00:00,0.0,111.95499192314526
2057-10-26 13:00:00,0.0,15.456472765508863
2057-10-26 14:00:00,0.0,0.0
2057-10-26 15:00:00,0.0,0.0
2057-10-26 16:00:00,0.0,0.0
2057-10-26 17:00:00,0.0,0.0
2057-10-26 18:00:00,0.0,0.0
2057-10-26 19:00:00,0.0,0.0
2057-10-26 20:00:00,0.0,0.0
2057-10-26 21:00:00,0.0,0.0
2057-10-26 22:00:00,0.0,0.0
2057-10-26 23:00:00,0.0,0.0
2057-10-27 00:00:00,0.0,0.0
2057-10-27 01:00:00,0.0,0.0
2057-10-27 02:00:00,0.0,1.6709700287036606
2057-10-27 03:00:00,0.0,78.95333385624795
2057-10-27 04:00:00,0.0,171.69217044930113
2057-10-27 05:00:00,0.0,241.03742664050304
2057-10-27 06:00:00,0.0,284.9003898939742
2057-10-27 07:00:00,0.0,308.2939702958254
2057-10-27 08:00:00,0.0,310.80042533888087
2057-10-27 09:00:00,0.0,293.2552400374924
2057-10-27 10:00:00,0.0,255.2406718844842
2057-10-27 11:00:00,0.0,194.25026583680057
2057-10-27 12:00:00,0.0,111.11950690879344
2057-10-27 13:00:00,0.0,15.038730258332945
2057-10-27 14:00:00,0.0,0.0
2057-10-27 15:00:00,0.0,0.0
2057-10-27 16:00:00,0.0,0.0
2057-10-27 17:00:00,0.0,0.0
2057-10-27 18:00:00,0.0,0.0
2057-10-27 19:00:00,0.0,0.0
2057-10-27 20:00:00,0.0,0.0
2057-10-27 21:00:00,0.0,0.0
2057-10-27 22:00:00,0.0,0.0
2057-10-27 23:00:00,0.0,0.0
2057-10-28 00:00:00,0.0,0.0
2057-10-28 01:00:00,0.0,0.0
2057-10-28 02:00:00,0.0,1.2532275215277455
2057-10-28 03:00:00,0.0,73.10493875578516
2057-10-28 04:00:00,0.0,165.0082903344865
2057-10-28 05:00:00,0.0,234.7712890328643
2057-10-28 06:00:00,0.0,279.88747980786314
2057-10-28 07:00:00,0.0,302.8633177025385
2057-10-28 08:00:00,0.0,304.95203023841805
2057-10-28 09:00:00,0.0,286.98910242985374
2057-10-28 10:00:00,0.0,247.3035642481418
2057-10-28 11:00:00,0.0,184.6421881717545
2057-10-28 12:00:00,0.0,99.84045921504372
2057-10-28 13:00:00,0.0,11.696790200925625
2057-10-28 14:00:00,0.0,0.0
2057-10-28 15:00:00,0.0,0.0
2057-10-28 16:00:00,0.0,0.0
2057-10-28 17:00:00,0.0,0.0
2057-10-28 18:00:00,0.0,0.0
2057-10-28 19:00:00,0.0,0.0
2057-10-28 20:00:00,0.0,0.0
2057-10-28 21:00:00,0.0,0.0
2057-10-28 22:00:00,0.0,0.0
2057-10-28 23:00:00,0.0,0.0
2057-10-29 00:00:00,0.0,0.0
2057-10-29 01:00:00,0.0,0.0
2057-10-29 02:00:00,0.0,0.8354850143518303
2057-10-29 03:00:00,0.0,67.25654365532235
2057-10-29 04:00:00,0.0,162.50183529143098
2057-10-29 05:00:00,0.0,232.68257649698475
2057-10-29 06:00:00,0.0,274.87456972175215
2057-10-29 07:00:00,0.0,297.4326651092516
2057-10-29 08:00:00,0.0,298.68589263077934
2057-10-29 09:00:00,0.0,279.88747980786314
2057-10-29 10:00:00,0.0,239.36645661179938
2057-10-29 11:00:00,0.0,175.45185301388437
2057-10-29 12:00:00,0.0,89.39689653564584
2057-10-29 13:00:00,0.0,8.354850143518304
2057-10-29 14:00:00,0.0,0.0
2057-10-29 15:00:00,0.0,0.0
2057-10-29 16:00:00,0.0,0.0
2057-10-29 17:00:00,0.0,0.0
2057-10-29 18:00:00,0.0,0.0
2057-10-29 19:00:00,0.0,0.0
2057-10-29 20:00:00,0.0,0.0
2057-10-29 21:00:00,0.0,0.0
2057-10-29 22:00:00,0.0,0.0
2057-10-29 23:00:00,0.0,0.0
2057-10-30 00:00:00,0.0,0.0
2057-10-30 01:00:00,0.0,0.0
2057-10-30 02:00:00,0.0,0.41774250717591516
2057-10-30 03:00:00,0.0,70.59848371272967
2057-10-30 04:00:00,0.0,162.91957779860692
2057-10-30 05:00:00,0.0,232.26483398980886
2057-10-30 06:00:00,0.0,275.29231222892815
2057-10-30 07:00:00,0.0,296.5971800948998
2057-10-30 08:00:00,0.0,295.7616950805479
2057-10-30 09:00:00,0.0,262.7600370136507
2057-10-30 10:00:00,0.0,200.9341459516152
2057-10-30 11:00:00,0.0,124.90500964559862
2057-10-30 12:00:00,0.0,55.1420109472208
2057-10-30 13:00:00,0.0,4.177425071759152
2057-10-30 14:00:00,0.0,0.0
2057-10-30 15:00:00,0.0,0.0
2057-10-30 16:00:00,0.0,0.0
2057-10-30 17:00:00,0.0,0.0
2057-10-30 18:00:00,0.0,0.0
2057-10-30 19:00:00,0.0,0.0
2057-10-30 20:00:00,0.0,0.0
2057-10-30 21:00:00,0.0,0.0
2057-10-30 22:00:00,0.0,0.0
2057-10-30 23:00:00,0.0,0.0
2057-10-31 00:00:00,0.0,0.0
2057-10-31 01:00:00,0.0,0.0
2057-10-31 02:00:00,0.0,0.0
2057-10-31 03:00:00,0.0,49.7113583539339
2057-10-31 04:00:00,0.0,120.30984206666356
2057-10-31 05:00:00,0.0,191.74381079374504
2057-10-31 06:00:00,0.0,246.88582174096587
2057-10-31 07:00:00,0.0,269.4439171284653
2057-10-31 08:00:00,0.0,270.2794021428171
2057-10-31 09:00:00,0.0,254.40518687013235
2057-10-31 10:00:00,0.0,210.12448110948532
2057-10-31 11:00:00,0.0,145.37439249721848
2057-10-31 12:00:00,0.0,76.86462132036839
2057-10-31 13:00:00,0.0,5.848395100462813
2057-10-31 14:00:00,0.0,0.0
2057-10-31 15:00:00,0.0,0.0
2057-10-31 16:00:00,0.0,0.0
2057-10-31 17:00:00,0.0,0.0
2057-10-31 18:00:00,0.0,0.0
2057-10-31 19:00:00,0.0,0.0
2057-10-31 20:00:00,0.0,0.0
2057-10-31 21:00:00,0.0,0.0
2057-10-31 22:00:00,0.0,0.0
2057-10-31 23:00:00,0.0,0.0
2057-11-01 00:00:00,0.0,0.0
2057-11-01 01:00:00,0.0,0.0
2057-11-01 02:00:00,0.0,0.0
2057-11-01 03:00:00,0.0,57.23072348310037
2057-11-01 04:00:00,0.0,157.0711826981441
2057-11-01 05:00:00,0.0,222.23901381758688
2057-11-01 06:00:00,0.0,270.69714464999305
2057-11-01 07:00:00,0.0,304.1165452240662
2057-11-01 08:00:00,0.0,309.54719781735315
2057-11-01 09:00:00,0.0,292.8374975303165
2057-11-01 10:00:00,0.0,255.2406718844842
2057-11-01 11:00:00,0.0,195.50349335832829
2057-11-01 12:00:00,0.0,113.62596195184892
2057-11-01 13:00:00,0.0,14.203245243981115
2057-11-01 14:00:00,0.0,0.0
2057-11-01 15:00:00,0.0,0.0
2057-11-01 16:00:00,0.0,0.0
2057-11-01 17:00:00,0.0,0.0
2057-11-01 18:00:00,0.0,0.0
2057-11-01 19:00:00,0.0,0.0
2057-11-01 20:00:00,0.0,0.0
2057-11-01 21:00:00,0.0,0.0
2057-11-01 22:00:00,0.0,0.0
2057-11-01 23:00:00,0.0,0.0
2057-11-02 00:00:00,0.0,0.0
2057-11-02 01:00:00,0.0,0.0
2057-11-02 02:00:00,0.0,0.41774250717591516
2057-11-02 03:00:00,0.0,71.01622621990558
2057-11-02 04:00:00,0.0,162.0840927842551
2057-11-02 05:00:00,0.0,231.42934897545697
2057-11-02 06:00:00,0.0,277.3810247648077
2057-11-02 07:00:00,0.0,300.356862659483
2057-11-02 08:00:00,0.0,303.2810602097144
2057-11-02 09:00:00,0.0,286.1536174155019
2057-11-02 10:00:00,0.0,247.72130675531767
2057-11-02 11:00:00,0.0,187.14864321481002
2057-11-02 12:00:00,0.0,105.27111180833062
2057-11-02 13:00:00,0.0,11.696790200925625
2057-11-02 14:00:00,0.0,0.0
2057-11-02 15:00:00,0.0,0.0
2057-11-02 16:00:00,0.0,0.0
2057-11-02 17:00:00,0.0,0.0
2057-11-02 18:00:00,0.0,0.0
2057-11-02 19:00:00,0.0,0.0
2057-11-02 20:00:00,0.0,0.0
2057-11-02 21:00:00,0.0,0.0
2057-11-02 22:00:00,0.0,0.0
2057-11-02 23:00:00,0.0,0.0
2057-11-03 00:00:00,0.0,0.0
2057-11-03 01:00:00,0.0,0.0
2057-11-03 02:00:00,0.0,0.0
2057-11-03 03:00:00,0.0,66.42105864097051
2057-11-03 04:00:00,0.0,158.32441021967182
2057-11-03 05:00:00,0.0,228.50515142522562
2057-11-03 06:00:00,0.0,275.710054736104
2057-11-03 07:00:00,0.0,299.52137764513117
2057-11-03 08:00:00,0.0,302.4455751953626
2057-11-03 09:00:00,0.0,285.3181324011501
2057-11-03 10:00:00,0.0,247.72130675531767
2057-11-03 11:00:00,0.0,187.14864321481002
2057-11-03 12:00:00,0.0,104.85336930115471
2057-11-03 13:00:00,0.0,11.279047693749709
2057-11-03 14:00:00,0.0,0.0
2057-11-03 15:00:00,0.0,0.0
2057-11-03 16:00:00,0.0,0.0
2057-11-03 17:00:00,0.0,0.0
2057-11-03 18:00:00,0.0,0.0
2057-11-03 19:00:00,0.0,0.0
2057-11-03 20:00:00,0.0,0.0
2057-11-03 21:00:00,0.0,0.0
2057-11-03 22:00:00,0.0,0.0
2057-11-03 23:00:00,0.0,0.0
2057-11-04 00:00:00,0.0,0.0
2057-11-04 01:00:00,0.0,0.0
2057-11-04 02:00:00,0.0,0.0
2057-11-04 03:00:00,0.0,65.16783111944275
2057-11-04 04:00:00,0.0,157.48892520532004
2057-11-04 05:00:00,0.0,228.50515142522562
2057-11-04 06:00:00,0.0,272.36811467869666
2057-11-04 07:00:00,0.0,296.5971800948998
2057-11-04 08:00:00,0.0,299.9391201523071
2057-11-04 09:00:00,0.0,284.0649048796223
2057-11-04 10:00:00,0.0,245.21485171226223
2057-11-04 11:00:00,0.0,182.97121814305083
2057-11-04 12:00:00,0.0,98.58723169351599
2057-11-04 13:00:00,0.0,9.608077665046048
2057-11-04 14:00:00,0.0,0.0
2057-11-04 15:00:00,0.0,0.0
2057-11-04 16:00:00,0.0,0.0
2057-11-04 17:00:00,0.0,0.0
2057-11-04 18:00:00,0.0,0.0
2057-11-04 19:00:00,0.0,0.0
2057-11-04 20:00:00,0.0,0.0
2057-11-04 21:00:00,0.0,0.0
2057-11-04 22:00:00,0.0,0.0
2057-11-04 23:00:00,0.0,0.0
2057-11-05 00:00:00,0.0,0.0
2057-11-05 01:00:00,0.0,0.0
2057-11-05 02:00:00,0.0,0.0
2057-11-05 03:00:00,0.0,58.90169351180403
2057-11-05 04:00:00,0.0,154.98247016226452
2057-11-05 05:00:00,0.0,230.17612145392926
2057-11-05 06:00:00,0.0,275.710054736104
2057-11-05 07:00:00,0.0,299.52137764513117
2057-11-05 08:00:00,0.0,301.6100901810107
2057-11-05 09:00:00,0.0,283.6471623724464
2057-11-05 10:00:00,0.0,243.96162419073445
2057-11-05 11:00:00,0.0,181.30024811434717
2057-11-05 12:00:00,0.0,96.49851915763641
2057-11-05 13:00:00,0.0,8.354850143518304
2057-11-05 14:00:00,0.0,0.0
2057-11-05 15:00:00,0.0,0.0
2057-11-05 16:00:00,0.0,0.0
2057-11-05 17:00:00,0.0,0.0
2057-11-05 18:00:00,0.0,0.0
2057-11-05 19:00:00,0.0,0.0
2057-11-05 20:00:00,0.0,0.0
2057-11-05 21:00:00,0.0,0.0
2057-11-05 22:00:00,0.0,0.0
2057-11-05 23:00:00,0.0,0.0
2057-11-06 00:00:00,0.0,0.0
2057-11-06 01:00:00,0.0,0.0
2057-11-06 02:00:00,0.0,0.0
2057-11-06 03:00:00,0.0,60.15492103333178
2057-11-06 04:00:00,0.0,148.7163325546258
2057-11-06 05:00:00,0.0,217.2261037314759
2057-11-06 06:00:00,0.0,272.36811467869666
2057-11-06 07:00:00,0.0,297.0149226020756
2057-11-06 08:00:00,0.0,299.1036351379552
2057-11-06 09:00:00,0.0,282.8116773580945
2057-11-06 10:00:00,0.0,243.96162419073445
2057-11-06 11:00:00,0.0,182.55347563587495
2057-11-06 12:00:00,0.0,99.84045921504372
2057-11-06 13:00:00,0.0,9.190335157870132
2057-11-06 14:00:00,0.0,0.0
2057-11-06 15:00:00,0.0,0.0
2057-11-06 16:00:00,0.0,0.0
2057-11-06 17:00:00,0.0,0.0
2057-11-06 18:00:00,0.0,0.0
2057-11-06 19:00:00,0.0,0.0
2057-11-06 20:00:00,0.0,0.0
2057-11-06 21:00:00,0.0,0.0
2057-11-06 22:00:00,0.0,0.0
2057-11-06 23:00:00,0.0,0.0
2057-11-07 00:00:00,0.0,0.0
2057-11-07 01:00:00,0.0,0.0
2057-11-07 02:00:00,0.0,0.0
2057-11-07 03:00:00,0.0,64.75008861226685
2057-11-07 04:00:00,0.0,155.81795517661635
2057-11-07 05:00:00,0.0,226.41643888934604
2057-11-07 06:00:00,0.0,274.87456972175215
2057-11-07 07:00:00,0.0,297.8504076164275
2057-11-07 08:00:00,0.0,301.19234767383483
2057-11-07 09:00:00,0.0,279.0519947935113
2057-11-07 10:00:00,0.0,239.7841991189753
2057-11-07 11:00:00,0.0,159.15989523402368
2057-11-07 12:00:00,0.0,76.02913630601655
2057-11-07 13:00:00,0.0,4.595167578935067
2057-11-07 14:00:00,0.0,0.0
2057-11-07 15:00:00,0.0,0.0
2057-11-07 16:00:00,0.0,0.0
2057-11-07 17:00:00,0.0,0.0
2057-11-07 18:00:00,0.0,0.0
2057-11-07 19:00:00,0.0,0.0
2057-11-07 20:00:00,0.0,0.0
2057-11-07 21:00:00,0.0,0.0
2057-11-07 22:00:00,0.0,0.0
2057-11-07 23:00:00,0.0,0.0
2057-11-08 00:00:00,0.0,0.0
2057-11-08 01:00:00,0.0,0.0
2057-11-08 02:00:00,0.0,0.0
2057-11-08 03:00:00,0.0,62.66137607638727
2057-11-08 04:00:00,0.0,153.31150013356088
2057-11-08 05:00:00,0.0,220.9857862960591
2057-11-08 06:00:00,0.0,272.36811467869666
2057-11-08 07:00:00,0.0,296.1794375877239
2057-11-08 08:00:00,0.0,286.57135992267786
2057-11-08 09:00:00,0.0,236.442259061568
2057-11-08 10:00:00,0.0,192.16155330092096
2057-11-08 11:00:00,0.0,159.9953802483755
2057-11-08 12:00:00,0.0,87.72592650694219
2057-11-08 13:00:00,0.0,7.519365129166473
2057-11-08 14:00:00,0.0,0.0
2057-11-08 15:00:00,0.0,0.0
2057-11-08 16:00:00,0.0,0.0
2057-11-08 17:00:00,0.0,0.0
2057-11-08 18:00:00,0.0,0.0
2057-11-08 19:00:00,0.0,0.0
2057-11-08 20:00:00,0.0,0.0
2057-11-08 21:00:00,0.0,0.0
2057-11-08 22:00:00,0.0,0.0
2057-11-08 23:00:00,0.0,0.0
2057-11-09 00:00:00,0.0,0.0
2057-11-09 01:00:00,0.0,0.0
2057-11-09 02:00:00,0.0,0.0
2057-11-09 03:00:00,0.0,45.53393328217476
2057-11-09 04:00:00,0.0,144.12116497569073
2057-11-09 05:00:00,0.0,220.9857862960591
2057-11-09 06:00:00,0.0,262.7600370136507
2057-11-09 07:00:00,0.0,291.5842700087888
2057-11-09 08:00:00,0.0,302.02783268818666
2057-11-09 09:00:00,0.0,289.9132999800851
2057-11-09 10:00:00,0.0,251.89873182707686
2057-11-09 11:00:00,0.0,190.49058327221732
2057-11-09 12:00:00,0.0,107.3598243442102
2057-11-09 13:00:00,0.0,10.025820172221964
2057-11-09 14:00:00,0.0,0.0
2057-11-09 15:00:00,0.0,0.0
2057-11-09 16:00:00,0.0,0.0
2057-11-09 17:00:00,0.0,0.0
2057-11-09 18:00:00,0.0,0.0
2057-11-09 19:00:00,0.0,0.0
2057-11-09 20:00:00,0.0,0.0
2057-11-09 21:00:00,0.0,0.0
2057-11-09 22:00:00,0.0,0.0
2057-11-09 23:00:00,0.0,0.0
2057-11-10 00:00:00,0.0,0.0
2057-11-10 01:00:00,0.0,0.0
2057-11-10 02:00:00,0.0,0.0
2057-11-10 03:00:00,0.0,51.80007088981348
2057-11-10 04:00:00,0.0,153.72924264073677
2057-11-10 05:00:00,0.0,217.6438462386518
2057-11-10 06:00:00,0.0,279.88747980786314
2057-11-10 07:00:00,0.0,305.78751525276994
2057-11-10 08:00:00,0.0,308.7117128030013
2057-11-10 09:00:00,0.0,291.1665275016128
2057-11-10 10:00:00,0.0,252.73421684142866
2057-11-10 11:00:00,0.0,191.32606828656913
2057-11-10 12:00:00,0.0,106.10659682268245
2057-11-10 13:00:00,0.0,9.190335157870132
2057-11-10 14:00:00,0.0,0.0
2057-11-10 15:00:00,0.0,0.0
2057-11-10 16:00:00,0.0,0.0
2057-11-10 17:00:00,0.0,0.0
2057-11-10 18:00:00,0.0,0.0
2057-11-10 19:00:00,0.0,0.0
2057-11-10 20:00:00,0.0,0.0
2057-11-10 21:00:00,0.0,0.0
2057-11-10 22:00:00,0.0,0.0
2057-11-10 23:00:00,0.0,0.0
2057-11-11 00:00:00,0.0,0.0
2057-11-11 01:00:00,0.0,0.0
2057-11-11 02:00:00,0.0,0.0
2057-11-11 03:00:00,0.0,62.24363356921136
2057-11-11 04:00:00,0.0,153.72924264073677
2057-11-11 05:00:00,0.0,225.5809538749942
2057-11-11 06:00:00,0.0,273.62134220022443
2057-11-11 07:00:00,0.0,297.8504076164275
2057-11-11 08:00:00,0.0,301.19234767383483
2057-11-11 09:00:00,0.0,281.97619234374275
2057-11-11 10:00:00,0.0,239.7841991189753
2057-11-11 11:00:00,0.0,172.52765546365293
2057-11-11 12:00:00,0.0,69.34525619120193
2057-11-11 13:00:00,0.0,2.506455043055491
2057-11-11 14:00:00,0.0,0.0
2057-11-11 15:00:00,0.0,0.0
2057-11-11 16:00:00,0.0,0.0
2057-11-11 17:00:00,0.0,0.0
2057-11-11 18:00:00,0.0,0.0
2057-11-11 19:00:00,0.0,0.0
2057-11-11 20:00:00,0.0,0.0
2057-11-11 21:00:00,0.0,0.0
2057-11-11 22:00:00,0.0,0.0
2057-11-11 23:00:00,0.0,0.0
2057-11-12 00:00:00,0.0,0.0
2057-11-12 01:00:00,0.0,0.0
2057-11-12 02:00:00,0.0,0.0
2057-11-12 03:00:00,0.0,55.55975345439672
2057-11-12 04:00:00,0.0,144.95664999004254
2057-11-12 05:00:00,0.0,211.795451138189
2057-11-12 06:00:00,0.0,256.4938994060119
2057-11-12 07:00:00,0.0,277.3810247648077
2057-11-12 08:00:00,0.0,277.3810247648077
2057-11-12 09:00:00,0.0,256.4938994060119
2057-11-12 10:00:00,0.0,210.95996612383715
2057-11-12 11:00:00,0.0,144.12116497569073
2057-11-12 12:00:00,0.0,64.33234610509093
2057-11-12 13:00:00,0.0,3.7596825645832364
2057-11-12 14:00:00,0.0,0.0
2057-11-12 15:00:00,0.0,0.0
2057-11-12 16:00:00,0.0,0.0
2057-11-12 17:00:00,0.0,0.0
2057-11-12 18:00:00,0.0,0.0
2057-11-12 19:00:00,0.0,0.0
2057-11-12 20:00:00,0.0,0.0
2057-11-12 21:00:00,0.0,0.0
2057-11-12 22:00:00,0.0,0.0
2057-11-12 23:00:00,0.0,0.0
2057-11-13 00:00:00,0.0,0.0
2057-11-13 01:00:00,0.0,0.0
2057-11-13 02:00:00,0.0,0.0
2057-11-13 03:00:00,0.0,53.888783425693056
2057-11-13 04:00:00,0.0,142.03245243981115
2057-11-13 05:00:00,0.0,211.795451138189
2057-11-13 06:00:00,0.0,254.82292937730827
2057-11-13 07:00:00,0.0,275.29231222892815
2057-11-13 08:00:00,0.0,270.69714464999305
2057-11-13 09:00:00,0.0,233.51806151133658
2057-11-13 10:00:00,0.0,182.55347563587495
2057-11-13 11:00:00,0.0,113.20821944467302
2057-11-13 12:00:00,0.0,51.38232838263757
2057-11-13 13:00:00,0.0,4.595167578935067
2057-11-13 14:00:00,0.0,0.0
2057-11-13 15:00:00,0.0,0.0
2057-11-13 16:00:00,0.0,0.0
2057-11-13 17:00:00,0.0,0.0
2057-11-13 18:00:00,0.0,0.0
2057-11-13 19:00:00,0.0,0.0
2057-11-13 20:00:00,0.0,0.0
2057-11-13 21:00:00,0.0,0.0
2057-11-13 22:00:00,0.0,0.0
2057-11-13 23:00:00,0.0,0.0
2057-11-14 00:00:00,0.0,0.0
2057-11-14 01:00:00,0.0,0.0
2057-11-14 02:00:00,0.0,0.0
2057-11-14 03:00:00,0.0,63.4968610907391
2057-11-14 04:00:00,0.0,157.48892520532004
2057-11-14 05:00:00,0.0,229.7583789467534
2057-11-14 06:00:00,0.0,276.5455397504559
2057-11-14 07:00:00,0.0,298.68589263077934
2057-11-14 08:00:00,0.0,302.02783268818666
2057-11-14 09:00:00,0.0,285.3181324011501
2057-11-14 10:00:00,0.0,245.63259421943812
2057-11-14 11:00:00,0.0,178.79379307129167
2057-11-14 12:00:00,0.0,95.66303414328456
2057-11-14 13:00:00,0.0,6.6838801148146425
2057-11-14 14:00:00,0.0,0.0
2057-11-14 15:00:00,0.0,0.0
2057-11-14 16:00:00,0.0,0.0
2057-11-14 17:00:00,0.0,0.0
2057-11-14 18:00:00,0.0,0.0
2057-11-14 19:00:00,0.0,0.0
2057-11-14 20:00:00,0.0,0.0
2057-11-14 21:00:00,0.0,0.0
2057-11-14 22:00:00,0.0,0.0
2057-11-14 23:00:00,0.0,0.0
2057-11-15 00:00:00,0.0,0.0
2057-11-15 01:00:00,0.0,0.0
2057-11-15 02:00:00,0.0,0.0
2057-11-15 03:00:00,0.0,66.0033161337946
2057-11-15 04:00:00,0.0,162.91957779860692
2057-11-15 05:00:00,0.0,234.35354652568844
2057-11-15 06:00:00,0.0,281.5584498365668
2057-11-15 07:00:00,0.0,305.36977274559393
2057-11-15 08:00:00,0.0,308.7117128030013
2057-11-15 09:00:00,0.0,291.5842700087888
2057-11-15 10:00:00,0.0,253.15195934860458
2057-11-15 11:00:00,0.0,192.16155330092096
2057-11-15 12:00:00,0.0,106.94208183703428
2057-11-15 13:00:00,0.0,7.519365129166473
2057-11-15 14:00:00,0.0,0.0
2057-11-15 15:00:00,0.0,0.0
2057-11-15 16:00:00,0.0,0.0
2057-11-15 17:00:00,0.0,0.0
2057-11-15 18:00:00,0.0,0.0
2057-11-15 19:00:00,0.0,0.0
2057-11-15 20:00:00,0.0,0.0
2057-11-15 21:00:00,0.0,0.0
2057-11-15 22:00:00,0.0,0.0
2057-11-15 23:00:00,0.0,0.0
2057-11-16 00:00:00,0.0,0.0
2057-11-16 01:00:00,0.0,0.0
2057-11-16 02:00:00,0.0,0.0
2057-11-16 03:00:00,0.0,68.927513684026
2057-11-16 04:00:00,0.0,164.5905478273106
2057-11-16 05:00:00,0.0,235.18903154004025
2057-11-16 06:00:00,0.0,283.6471623724464
2057-11-16 07:00:00,0.0,308.7117128030013
2057-11-16 08:00:00,0.0,311.6359103532327
2057-11-16 09:00:00,0.0,294.0907250518443
2057-11-16 10:00:00,0.0,255.6584143916601
2057-11-16 11:00:00,0.0,194.25026583680057
2057-11-16 12:00:00,0.0,110.2840218944416
2057-11-16 13:00:00,0.0,8.772592650694218
2057-11-16 14:00:00,0.0,0.0
2057-11-16 15:00:00,0.0,0.0
2057-11-16 16:00:00,0.0,0.0
2057-11-16 17:00:00,0.0,0.0
2057-11-16 18:00:00,0.0,0.0
2057-11-16 19:00:00,0.0,0.0
2057-11-16 20:00:00,0.0,0.0
2057-11-16 21:00:00,0.0,0.0
2057-11-16 22:00:00,0.0,0.0
2057-11-16 23:00:00,0.0,0.0
2057-11-17 00:00:00,0.0,0.0
2057-11-17 01:00:00,0.0,0.0
2057-11-17 02:00:00,0.0,0.0
2057-11-17 03:00:00,0.0,73.10493875578516
2057-11-17 04:00:00,0.0,169.18571540624563
2057-11-17 05:00:00,0.0,240.61968413332713
2057-11-17 06:00:00,0.0,286.98910242985374
2057-11-17 07:00:00,0.0,309.96494032452904
2057-11-17 08:00:00,0.0,312.47139536758453
2057-11-17 09:00:00,0.0,294.92621006619606
2057-11-17 10:00:00,0.0,255.6584143916601
2057-11-17 11:00:00,0.0,193.83252332962462
2057-11-17 12:00:00,0.0,108.61305186573794
2057-11-17 13:00:00,0.0,7.937107636342388
2057-11-17 14:00:00,0.0,0.0
2057-11-17 15:00:00,0.0,0.0
2057-11-17 16:00:00,0.0,0.0
2057-11-17 17:00:00,0.0,0.0
2057-11-17 18:00:00,0.0,0.0
2057-11-17 19:00:00,0.0,0.0
2057-11-17 20:00:00,0.0,0.0
2057-11-17 21:00:00,0.0,0.0
2057-11-17 22:00:00,0.0,0.0
2057-11-17 23:00:00,0.0,0.0
2057-11-18 00:00:00,0.0,0.0
2057-11-18 01:00:00,0.0,0.0
2057-11-18 02:00:00,0.0,0.0
2057-11-18 03:00:00,0.0,39.267795674536025
2057-11-18 04:00:00,0.0,116.55015950208033
2057-11-18 05:00:00,0.0,190.49058327221732
2057-11-18 06:00:00,0.0,236.8600015687439
2057-11-18 07:00:00,0.0,255.2406718844842
2057-11-18 08:00:00,0.0,243.54388168355854
2057-11-18 09:00:00,0.0,213.04867865971673
2057-11-18 10:00:00,0.0,166.67926036319017
2057-11-18 11:00:00,0.0,113.62596195184892
2057-11-18 12:00:00,0.0,54.724268440044895
2057-11-18 13:00:00,0.0,1.6709700287036606
2057-11-18 14:00:00,0.0,0.0
2057-11-18 15:00:00,0.0,0.0
2057-11-18 16:00:00,0.0,0.0
2057-11-18 17:00:00,0.0,0.0
2057-11-18 18:00:00,0.0,0.0
2057-11-18 19:00:00,0.0,0.0
2057-11-18 20:00:00,0.0,0.0
2057-11-18 21:00:00,0.0,0.0
2057-11-18 22:00:00,0.0,0.0
2057-11-18 23:00:00,0.0,0.0
2057-11-19 00:00:00,0.0,0.0
2057-11-19 01:00:00,0.0,0.0
2057-11-19 02:00:00,0.0,0.0
2057-11-19 03:00:00,0.0,46.7871608037025
2057-11-19 04:00:00,0.0,109.03079437291386
2057-11-19 05:00:00,0.0,167.09700287036605
2057-11-19 06:00:00,0.0,205.52931353055027
2057-11-19 07:00:00,0.0,227.66966641087376
2057-11-19 08:00:00,0.0,248.1390492624936
2057-11-19 09:00:00,0.0,265.68423456388206
2057-11-19 10:00:00,0.0,240.61968413332713
2057-11-19 11:00:00,0.0,179.21153557846762
2057-11-19 12:00:00,0.0,84.38398644953487
2057-11-19 13:00:00,0.0,3.3419400574073213
2057-11-19 14:00:00,0.0,0.0
2057-11-19 15:00:00,0.0,0.0
2057-11-19 16:00:00,0.0,0.0
2057-11-19 17:00:00,0.0,0.0
2057-11-19 18:00:00,0.0,0.0
2057-11-19 19:00:00,0.0,0.0
2057-11-19 20:00:00,0.0,0.0
2057-11-19 21:00:00,0.0,0.0
2057-11-19 22:00:00,0.0,0.0
2057-11-19 23:00:00,0.0,0.0
2057-11-20 00:00:00,0.0,0.0
2057-11-20 01:00:00,0.0,0.0
2057-11-20 02:00:00,0.0,0.0
2057-11-20 03:00:00,0.0,46.36941829652658
2057-11-20 04:00:00,0.0,138.27276987522794
2057-11-20 05:00:00,0.0,209.70673860230943
2057-11-20 06:00:00,0.0,246.46807923378995
2057-11-20 07:00:00,0.0,275.710054736104
2057-11-20 08:00:00,0.0,288.24232995138146
2057-11-20 09:00:00,0.0,273.62134220022443
2057-11-20 10:00:00,0.0,232.26483398980886
2057-11-20 11:00:00,0.0,166.26151785601425
2057-11-20 12:00:00,0.0,71.85171123425741
2057-11-20 13:00:00,0.0,2.9241975502314066
2057-11-20 14:00:00,0.0,0.0
2057-11-20 15:00:00,0.0,0.0
2057-11-20 16:00:00,0.0,0.0
2057-11-20 17:00:00,0.0,0.0
2057-11-20 18:00:00,0.0,0.0
2057-11-20 19:00:00,0.0,0.0
2057-11-20 20:00:00,0.0,0.0
2057-11-20 21:00:00,0.0,0.0
2057-11-20 22:00:00,0.0,0.0
2057-11-20 23:00:00,0.0,0.0
2057-11-21 00:00:00,0.0,0.0
2057-11-21 01:00:00,0.0,0.0
2057-11-21 02:00:00,0.0,0.0
2057-11-21 03:00:00,0.0,46.36941829652658
2057-11-21 04:00:00,0.0,131.58888976041328
2057-11-21 05:00:00,0.0,205.52931353055027
2057-11-21 06:00:00,0.0,243.96162419073445
2057-11-21 07:00:00,0.0,265.68423456388206
2057-11-21 08:00:00,0.0,265.2664920567061
2057-11-21 09:00:00,0.0,240.2019416261512
2057-11-21 10:00:00,0.0,200.9341459516152
2057-11-21 11:00:00,0.0,137.43728486087608
2057-11-21 12:00:00,0.0,50.964585875461644
2057-11-21 13:00:00,0.0,0.8354850143518303
2057-11-21 14:00:00,0.0,0.0
2057-11-21 15:00:00,0.0,0.0
2057-11-21 16:00:00,0.0,0.0
2057-11-21 17:00:00,0.0,0.0
2057-11-21 18:00:00,0.0,0.0
2057-11-21 19:00:00,0.0,0.0
2057-11-21 20:00:00,0.0,0.0
2057-11-21 21:00:00,0.0,0.0
2057-11-21 22:00:00,0.0,0.0
2057-11-21 23:00:00,0.0,0.0
2057-11-22 00:00:00,0.0,0.0
2057-11-22 01:00:00,0.0,0.0
2057-11-22 02:00:00,0.0,0.0
2057-11-22 03:00:00,0.0,40.93876570323969
2057-11-22 04:00:00,0.0,131.17114725323736
2057-11-22 05:00:00,0.0,210.12448110948532
2057-11-22 06:00:00,0.0,266.101977071058
2057-11-22 07:00:00,0.0,289.4955574729092
2057-11-22 08:00:00,0.0,291.1665275016128
2057-11-22 09:00:00,0.0,277.7987672719836
2057-11-22 10:00:00,0.0,236.8600015687439
2057-11-22 11:00:00,0.0,172.52765546365293
2057-11-22 12:00:00,0.0,85.63721397106261
2057-11-22 13:00:00,0.0,3.7596825645832364
2057-11-22 14:00:00,0.0,0.0
2057-11-22 15:00:00,0.0,0.0
2057-11-22 16:00:00,0.0,0.0
2057-11-22 17:00:00,0.0,0.0
2057-11-22 18:00:00,0.0,0.0
2057-11-22 19:00:00,0.0,0.0
2057-11-22 20:00:00,0.0,0.0
2057-11-22 21:00:00,0.0,0.0
2057-11-22 22:00:00,0.0,0.0
2057-11-22 23:00:00,0.0,0.0
2057-11-23 00:00:00,0.0,0.0
2057-11-23 01:00:00,0.0,0.0
2057-11-23 02:00:00,0.0,0.0
2057-11-23 03:00:00,0.0,38.43231066018419
2057-11-23 04:00:00,0.0,104.01788428680287
2057-11-23 05:00:00,0.0,157.48892520532004
2057-11-23 06:00:00,0.0,197.17446338703198
2057-11-23 07:00:00,0.0,230.17612145392926
2057-11-23 08:00:00,0.0,259.4180969562433
2057-11-23 09:00:00,0.0,249.81001929119725
2057-11-23 10:00:00,0.0,208.45351108078165
2057-11-23 11:00:00,0.0,156.65344019096818
2057-11-23 12:00:00,0.0,71.4339687270815
2057-11-23 13:00:00,0.0,1.2532275215277455
2057-11-23 14:00:00,0.0,0.0
2057-11-23 15:00:00,0.0,0.0
2057-11-23 16:00:00,0.0,0.0
2057-11-23 17:00:00,0.0,0.0
2057-11-23 18:00:00,0.0,0.0
2057-11-23 19:00:00,0.0,0.0
2057-11-23 20:00:00,0.0,0.0
2057-11-23 21:00:00,0.0,0.0
2057-11-23 22:00:00,0.0,0.0
2057-11-23 23:00:00,0.0,0.0
2057-11-24 00:00:00,0.0,0.0
2057-11-24 01:00:00,0.0,0.0
2057-11-24 02:00:00,0.0,0.0
2057-11-24 03:00:00,0.0,46.36941829652658
2057-11-24 04:00:00,0.0,140.7792249182834
2057-11-24 05:00:00,0.0,213.04867865971673
2057-11-24 06:00:00,0.0,258.16486943471557
2057-11-24 07:00:00,0.0,280.722964822215
2057-11-24 08:00:00,0.0,280.722964822215
2057-11-24 09:00:00,0.0,263.5955220280025
2057-11-24 10:00:00,0.0,221.40352880323502
2057-11-24 11:00:00,0.0,154.1469851479127
2057-11-24 12:00:00,0.0,61.82589106203545
2057-11-24 13:00:00,0.0,2.088712535879576
2057-11-24 14:00:00,0.0,0.0
2057-11-24 15:00:00,0.0,0.0
2057-11-24 16:00:00,0.0,0.0
2057-11-24 17:00:00,0.0,0.0
2057-11-24 18:00:00,0.0,0.0
2057-11-24 19:00:00,0.0,0.0
2057-11-24 20:00:00,0.0,0.0
2057-11-24 21:00:00,0.0,0.0
2057-11-24 22:00:00,0.0,0.0
2057-11-24 23:00:00,0.0,0.0
2057-11-25 00:00:00,0.0,0.0
2057-11-25 01:00:00,0.0,0.0
2057-11-25 02:00:00,0.0,0.0
2057-11-25 03:00:00,0.0,52.2178133969894
2057-11-25 04:00:00,0.0,144.95664999004254
2057-11-25 05:00:00,0.0,217.6438462386518
2057-11-25 06:00:00,0.0,265.68423456388206
2057-11-25 07:00:00,0.0,290.331042487261
2057-11-25 08:00:00,0.0,293.67298254466834
2057-11-25 09:00:00,0.0,276.9632822576317
2057-11-25 10:00:00,0.0,228.0874089180497
2057-11-25 11:00:00,0.0,169.18571540624563
2057-11-25 12:00:00,0.0,74.3581662773129
2057-11-25 13:00:00,0.0,2.9241975502314066
2057-11-25 14:00:00,0.0,0.0
2057-11-25 15:00:00,0.0,0.0
2057-11-25 16:00:00,0.0,0.0
2057-11-25 17:00:00,0.0,0.0
2057-11-25 18:00:00,0.0,0.0
2057-11-25 19:00:00,0.0,0.0
2057-11-25 20:00:00,0.0,0.0
2057-11-25 21:00:00,0.0,0.0
2057-11-25 22:00:00,0.0,0.0
2057-11-25 23:00:00,0.0,0.0
2057-11-26 00:00:00,0.0,0.0
2057-11-26 01:00:00,0.0,0.0
2057-11-26 02:00:00,0.0,0.0
2057-11-26 03:00:00,0.0,54.30652593286897
2057-11-26 04:00:00,0.0,149.1340750618017
2057-11-26 05:00:00,0.0,223.07449883193866
2057-11-26 06:00:00,0.0,270.69714464999305
2057-11-26 07:00:00,0.0,294.92621006619606
2057-11-26 08:00:00,0.0,298.26815012360345
2057-11-26 09:00:00,0.0,280.722964822215
2057-11-26 10:00:00,0.0,242.29065416203076
2057-11-26 11:00:00,0.0,178.37605056411576
2057-11-26 12:00:00,0.0,91.90335157870133
2057-11-26 13:00:00,0.0,3.7596825645832364
2057-11-26 14:00:00,0.0,0.0
2057-11-26 15:00:00,0.0,0.0
2057-11-26 16:00:00,0.0,0.0
2057-11-26 17:00:00,0.0,0.0
2057-11-26 18:00:00,0.0,0.0
2057-11-26 19:00:00,0.0,0.0
2057-11-26 20:00:00,0.0,0.0
2057-11-26 21:00:00,0.0,0.0
2057-11-26 22:00:00,0.0,0.0
2057-11-26 23:00:00,0.0,0.0
2057-11-27 00:00:00,0.0,0.0
2057-11-27 01:00:00,0.0,0.0
2057-11-27 02:00:00,0.0,0.0
2057-11-27 03:00:00,0.0,59.31943601897995
2057-11-27 04:00:00,0.0,155.81795517661635
2057-11-27 05:00:00,0.0,228.50515142522562
2057-11-27 06:00:00,0.0,276.9632822576317
2057-11-27 07:00:00,0.0,301.6100901810107
2057-11-27 08:00:00,0.0,304.95203023841805
2057-11-27 09:00:00,0.0,287.40684493702963
2057-11-27 10:00:00,0.0,248.1390492624936
2057-11-27 11:00:00,0.0,185.0599306789304
2057-11-27 12:00:00,0.0,98.16948918634006
2057-11-27 13:00:00,0.0,4.595167578935067
2057-11-27 14:00:00,0.0,0.0
2057-11-27 15:00:00,0.0,0.0
2057-11-27 16:00:00,0.0,0.0
2057-11-27 17:00:00,0.0,0.0
2057-11-27 18:00:00,0.0,0.0
2057-11-27 19:00:00,0.0,0.0
2057-11-27 20:00:00,0.0,0.0
2057-11-27 21:00:00,0.0,0.0
2057-11-27 22:00:00,0.0,0.0
2057-11-27 23:00:00,0.0,0.0
2057-11-28 00:00:00,0.0,0.0
2057-11-28 01:00:00,0.0,0.0
2057-11-28 02:00:00,0.0,0.0
2057-11-28 03:00:00,0.0,50.12910086110982
2057-11-28 04:00:00,0.0,150.80504509050536
2057-11-28 05:00:00,0.0,223.07449883193866
2057-11-28 06:00:00,0.0,266.51971957823383
2057-11-28 07:00:00,0.0,295.7616950805479
2057-11-28 08:00:00,0.0,300.356862659483
2057-11-28 09:00:00,0.0,281.140707329391
2057-11-28 10:00:00,0.0,239.36645661179938
2057-11-28 11:00:00,0.0,177.54056554976393
2057-11-28 12:00:00,0.0,91.90335157870133
2057-11-28 13:00:00,0.0,4.177425071759152
2057-11-28 14:00:00,0.0,0.0
2057-11-28 15:00:00,0.0,0.0
2057-11-28 16:00:00,0.0,0.0
2057-11-28 17:00:00,0.0,0.0
2057-11-28 18:00:00,0.0,0.0
2057-11-28 19:00:00,0.0,0.0
2057-11-28 20:00:00,0.0,0.0
2057-11-28 21:00:00,0.0,0.0
2057-11-28 22:00:00,0.0,0.0
2057-11-28 23:00:00,0.0,0.0
2057-11-29 00:00:00,0.0,0.0
2057-11-29 01:00:00,0.0,0.0
2057-11-29 02:00:00,0.0,0.0
2057-11-29 03:00:00,0.0,66.0033161337946
2057-11-29 04:00:00,0.0,162.91957779860692
2057-11-29 05:00:00,0.0,235.18903154004025
2057-11-29 06:00:00,0.0,281.97619234374275
2057-11-29 07:00:00,0.0,305.36977274559393
2057-11-29 08:00:00,0.0,307.8762277886495
2057-11-29 09:00:00,0.0,289.4955574729092
2057-11-29 10:00:00,0.0,249.39227678402136
2057-11-29 11:00:00,0.0,185.89541569328225
2057-11-29 12:00:00,0.0,98.16948918634006
2057-11-29 13:00:00,0.0,4.595167578935067
2057-11-29 14:00:00,0.0,0.0
2057-11-29 15:00:00,0.0,0.0
2057-11-29 16:00:00,0.0,0.0
2057-11-29 17:00:00,0.0,0.0
2057-11-29 18:00:00,0.0,0.0
2057-11-29 19:00:00,0.0,0.0
2057-11-29 20:00:00,0.0,0.0
2057-11-29 21:00:00,0.0,0.0
2057-11-29 22:00:00,0.0,0.0
2057-11-29 23:00:00,0.0,0.0
2057-11-30 00:00:00,0.0,0.0
2057-11-30 01:00:00,0.0,0.0
2057-11-30 02:00:00,0.0,0.0
2057-11-30 03:00:00,0.0,63.914603597915026
2057-11-30 04:00:00,0.0,161.24860776990326
2057-11-30 05:00:00,0.0,232.68257649698475
2057-11-30 06:00:00,0.0,279.46973730068726
2057-11-30 07:00:00,0.0,303.2810602097144
2057-11-30 08:00:00,0.0,305.78751525276994
2057-11-30 09:00:00,0.0,287.40684493702963
2057-11-30 10:00:00,0.0,247.3035642481418
2057-11-30 11:00:00,0.0,182.97121814305083
2057-11-30 12:00:00,0.0,97.75174667916414
2057-11-30 13:00:00,0.0,5.012910086110982
2057-11-30 14:00:00,0.0,0.0
2057-11-30 15:00:00,0.0,0.0
2057-11-30 16:00:00,0.0,0.0
2057-11-30 17:00:00,0.0,0.0
2057-11-30 18:00:00,0.0,0.0
2057-11-30 19:00:00,0.0,0.0
2057-11-30 20:00:00,0.0,0.0
2057-11-30 21:00:00,0.0,0.0
2057-11-30 22:00:00,0.0,0.0
2057-11-30 23:00:00,0.0,0.0
2057-12-01 00:00:00,0.0,0.0
2057-12-01 01:00:00,0.0,0.0
2057-12-01 02:00:00,0.0,0.0
2057-12-01 03:00:00,0.0,63.4968610907391
2057-12-01 04:00:00,0.0,159.9953802483755
2057-12-01 05:00:00,0.0,232.68257649698475
2057-12-01 06:00:00,0.0,279.0519947935113
2057-12-01 07:00:00,0.0,303.2810602097144
2057-12-01 08:00:00,0.0,306.20525775994577
2057-12-01 09:00:00,0.0,288.24232995138146
2057-12-01 10:00:00,0.0,248.97453427684545
2057-12-01 11:00:00,0.0,185.89541569328225
2057-12-01 12:00:00,0.0,98.58723169351599
2057-12-01 13:00:00,0.0,4.595167578935067
2057-12-01 14:00:00,0.0,0.0
2057-12-01 15:00:00,0.0,0.0
2057-12-01 16:00:00,0.0,0.0
2057-12-01 17:00:00,0.0,0.0
2057-12-01 18:00:00,0.0,0.0
2057-12-01 19:00:00,0.0,0.0
2057-12-01 20:00:00,0.0,0.0
2057-12-01 21:00:00,0.0,0.0
2057-12-01 22:00:00,0.0,0.0
2057-12-01 23:00:00,0.0,0.0
2057-12-02 00:00:00,0.0,0.0
2057-12-02 01:00:00,0.0,0.0
2057-12-02 02:00:00,0.0,0.0
2057-12-02 03:00:00,0.0,53.888783425693056
2057-12-02 04:00:00,0.0,143.70342246851482
2057-12-02 05:00:00,0.0,225.1632113678183
2057-12-02 06:00:00,0.0,266.101977071058
2057-12-02 07:00:00,0.0,292.00201251596474
2057-12-02 08:00:00,0.0,290.331042487261
2057-12-02 09:00:00,0.0,274.0390847074004
2057-12-02 10:00:00,0.0,228.92289393240148
2057-12-02 11:00:00,0.0,165.8437753488383
2057-12-02 12:00:00,0.0,64.33234610509093
2057-12-02 13:00:00,0.0,1.6709700287036606
2057-12-02 14:00:00,0.0,0.0
2057-12-02 15:00:00,0.0,0.0
2057-12-02 16:00:00,0.0,0.0
2057-12-02 17:00:00,0.0,0.0
2057-12-02 18:00:00,0.0,0.0
2057-12-02 19:00:00,0.0,0.0
2057-12-02 20:00:00,0.0,0.0
2057-12-02 21:00:00,0.0,0.0
2057-12-02 22:00:00,0.0,0.0
2057-12-02 23:00:00,0.0,0.0
2057-12-03 00:00:00,0.0,0.0
2057-12-03 01:00:00,0.0,0.0
2057-12-03 02:00:00,0.0,0.0
2057-12-03 03:00:00,0.0,43.862963253471094
2057-12-03 04:00:00,0.0,121.14532708101538
2057-12-03 05:00:00,0.0,190.0728407650414
2057-12-03 06:00:00,0.0,257.32938442036374
2057-12-03 07:00:00,0.0,288.24232995138146
2057-12-03 08:00:00,0.0,290.74878499443696
2057-12-03 09:00:00,0.0,270.2794021428171
2057-12-03 10:00:00,0.0,225.99869638217012
2057-12-03 11:00:00,0.0,154.98247016226452
2057-12-03 12:00:00,0.0,70.18074120555374
2057-12-03 13:00:00,0.0,2.506455043055491
2057-12-03 14:00:00,0.0,0.0
2057-12-03 15:00:00,0.0,0.0
2057-12-03 16:00:00,0.0,0.0
2057-12-03 17:00:00,0.0,0.0
2057-12-03 18:00:00,0.0,0.0
2057-12-03 19:00:00,0.0,0.0
2057-12-03 20:00:00,0.0,0.0
2057-12-03 21:00:00,0.0,0.0
2057-12-03 22:00:00,0.0,0.0
2057-12-03 23:00:00,0.0,0.0
2057-12-04 00:00:00,0.0,0.0
2057-12-04 01:00:00,0.0,0.0
2057-12-04 02:00:00,0.0,0.0
2057-12-04 03:00:00,0.0,48.87587333958207
2057-12-04 04:00:00,0.0,137.43728486087608
2057-12-04 05:00:00,0.0,205.94705603772616
2057-12-04 06:00:00,0.0,253.9874443629564
2057-12-04 07:00:00,0.0,279.46973730068726
2057-12-04 08:00:00,0.0,282.8116773580945
2057-12-04 09:00:00,0.0,270.69714464999305
2057-12-04 10:00:00,0.0,239.7841991189753
2057-12-04 11:00:00,0.0,178.79379307129167
2057-12-04 12:00:00,0.0,91.48560907152542
2057-12-04 13:00:00,0.0,3.3419400574073213
2057-12-04 14:00:00,0.0,0.0
2057-12-04 15:00:00,0.0,0.0
2057-12-04 16:00:00,0.0,0.0
2057-12-04 17:00:00,0.0,0.0
2057-12-04 18:00:00,0.0,0.0
2057-12-04 19:00:00,0.0,0.0
2057-12-04 20:00:00,0.0,0.0
2057-12-04 21:00:00,0.0,0.0
2057-12-04 22:00:00,0.0,0.0
2057-12-04 23:00:00,0.0,0.0
2057-12-05 00:00:00,0.0,0.0
2057-12-05 01:00:00,0.0,0.0
2057-12-05 02:00:00,0.0,0.0
2057-12-05 03:00:00,0.0,44.280705760647
2057-12-05 04:00:00,0.0,137.0195423537002
2057-12-05 05:00:00,0.0,213.88416367406856
2057-12-05 06:00:00,0.0,263.17777952082656
2057-12-05 07:00:00,0.0,288.24232995138146
2057-12-05 08:00:00,0.0,289.9132999800851
2057-12-05 09:00:00,0.0,241.03742664050304
2057-12-05 10:00:00,0.0,190.49058327221732
2057-12-05 11:00:00,0.0,118.221129530784
2057-12-05 12:00:00,0.0,48.45813083240616
2057-12-05 13:00:00,0.0,0.0
2057-12-05 14:00:00,0.0,0.0
2057-12-05 15:00:00,0.0,0.0
2057-12-05 16:00:00,0.0,0.0
2057-12-05 17:00:00,0.0,0.0
2057-12-05 18:00:00,0.0,0.0
2057-12-05 19:00:00,0.0,0.0
2057-12-05 20:00:00,0.0,0.0
2057-12-05 21:00:00,0.0,0.0
2057-12-05 22:00:00,0.0,0.0
2057-12-05 23:00:00,0.0,0.0
2057-12-06 00:00:00,0.0,0.0
2057-12-06 01:00:00,0.0,0.0
2057-12-06 02:00:00,0.0,0.0
2057-12-06 03:00:00,0.0,25.06455043055491
2057-12-06 04:00:00,0.0,91.90335157870133
2057-12-06 05:00:00,0.0,155.81795517661635
2057-12-06 06:00:00,0.0,212.2131936453649
2057-12-06 07:00:00,0.0,241.03742664050304
2057-12-06 08:00:00,0.0,241.87291165485485
2057-12-06 09:00:00,0.0,221.82127131041094
2057-12-06 10:00:00,0.0,180.88250560717125
2057-12-06 11:00:00,0.0,120.72758457383947
2057-12-06 12:00:00,0.0,51.38232838263757
2057-12-06 13:00:00,0.0,0.0
2057-12-06 14:00:00,0.0,0.0
2057-12-06 15:00:00,0.0,0.0
2057-12-06 16:00:00,0.0,0.0
2057-12-06 17:00:00,0.0,0.0
2057-12-06 18:00:00,0.0,0.0
2057-12-06 19:00:00,0.0,0.0
2057-12-06 20:00:00,0.0,0.0
2057-12-06 21:00:00,0.0,0.0
2057-12-06 22:00:00,0.0,0.0
2057-12-06 23:00:00,0.0,0.0
2057-12-07 00:00:00,0.0,0.0
2057-12-07 01:00:00,0.0,0.0
2057-12-07 02:00:00,0.0,0.0
2057-12-07 03:00:00,0.0,22.975837894675333
2057-12-07 04:00:00,0.0,84.80172895671078
2057-12-07 05:00:00,0.0,167.93248788471791
2057-12-07 06:00:00,0.0,228.92289393240148
2057-12-07 07:00:00,0.0,262.34229450647473
2057-12-07 08:00:00,0.0,261.5068094921229
2057-12-07 09:00:00,0.0,231.84709148263295
2057-12-07 10:00:00,0.0,177.122823042588
2057-12-07 11:00:00,0.0,119.89209955948765
2057-12-07 12:00:00,0.0,45.53393328217476
2057-12-07 13:00:00,0.0,0.0
2057-12-07 14:00:00,0.0,0.0
2057-12-07 15:00:00,0.0,0.0
2057-12-07 16:00:00,0.0,0.0
2057-12-07 17:00:00,0.0,0.0
2057-12-07 18:00:00,0.0,0.0
2057-12-07 19:00:00,0.0,0.0
2057-12-07 20:00:00,0.0,0.0
2057-12-07 21:00:00,0.0,0.0
2057-12-07 22:00:00,0.0,0.0
2057-12-07 23:00:00,0.0,0.0
2057-12-08 00:00:00,0.0,0.0
2057-12-08 01:00:00,0.0,0.0
2057-12-08 02:00:00,0.0,0.0
2057-12-08 03:00:00,0.0,26.73552045925857
2057-12-08 04:00:00,0.0,95.24529163610866
2057-12-08 05:00:00,0.0,180.46476309999534
2057-12-08 06:00:00,0.0,234.7712890328643
2057-12-08 07:00:00,0.0,261.9245519992988
2057-12-08 08:00:00,0.0,269.4439171284653
2057-12-08 09:00:00,0.0,261.5068094921229
2057-12-08 10:00:00,0.0,220.5680437888832
2057-12-08 11:00:00,0.0,154.5647276550886
2057-12-08 12:00:00,0.0,69.34525619120193
2057-12-08 13:00:00,0.0,1.2532275215277455
2057-12-08 14:00:00,0.0,0.0
2057-12-08 15:00:00,0.0,0.0
2057-12-08 16:00:00,0.0,0.0
2057-12-08 17:00:00,0.0,0.0
2057-12-08 18:00:00,0.0,0.0
2057-12-08 19:00:00,0.0,0.0
2057-12-08 20:00:00,0.0,0.0
2057-12-08 21:00:00,0.0,0.0
2057-12-08 22:00:00,0.0,0.0
2057-12-08 23:00:00,0.0,0.0
2057-12-09 00:00:00,0.0,0.0
2057-12-09 01:00:00,0.0,0.0
2057-12-09 02:00:00,0.0,0.0
2057-12-09 03:00:00,0.0,43.02747823911927
2057-12-09 04:00:00,0.0,131.17114725323736
2057-12-09 05:00:00,0.0,208.8712535879576
2057-12-09 06:00:00,0.0,258.58261194189146
2057-12-09 07:00:00,0.0,283.6471623724464
2057-12-09 08:00:00,0.0,286.57135992267786
2057-12-09 09:00:00,0.0,265.2664920567061
2057-12-09 10:00:00,0.0,225.99869638217012
2057-12-09 11:00:00,0.0,162.0840927842551
2057-12-09 12:00:00,0.0,76.44687881319248
2057-12-09 13:00:00,0.0,1.6709700287036606
2057-12-09 14:00:00,0.0,0.0
2057-12-09 15:00:00,0.0,0.0
2057-12-09 16:00:00,0.0,0.0
2057-12-09 17:00:00,0.0,0.0
2057-12-09 18:00:00,0.0,0.0
2057-12-09 19:00:00,0.0,0.0
2057-12-09 20:00:00,0.0,0.0
2057-12-09 21:00:00,0.0,0.0
2057-12-09 22:00:00,0.0,0.0
2057-12-09 23:00:00,0.0,0.0
2057-12-10 00:00:00,0.0,0.0
2057-12-10 01:00:00,0.0,0.0
2057-12-10 02:00:00,0.0,0.0
2057-12-10 03:00:00,0.0,47.62264581805433
2057-12-10 04:00:00,0.0,140.3614824111075
2057-12-10 05:00:00,0.0,213.46642116689267
2057-12-10 06:00:00,0.0,265.2664920567061
2057-12-10 07:00:00,0.0,290.74878499443696
2057-12-10 08:00:00,0.0,294.0907250518443
2057-12-10 09:00:00,0.0,277.3810247648077
2057-12-10 10:00:00,0.0,238.9487141046235
2057-12-10 11:00:00,0.0,176.7050805354121
2057-12-10 12:00:00,0.0,90.23238154999767
2057-12-10 13:00:00,0.0,2.9241975502314066
2057-12-10 14:00:00,0.0,0.0
2057-12-10 15:00:00,0.0,0.0
2057-12-10 16:00:00,0.0,0.0
2057-12-10 17:00:00,0.0,0.0
2057-12-10 18:00:00,0.0,0.0
2057-12-10 19:00:00,0.0,0.0
2057-12-10 20:00:00,0.0,0.0
2057-12-10 21:00:00,0.0,0.0
2057-12-10 22:00:00,0.0,0.0
2057-12-10 23:00:00,0.0,0.0
2057-12-11 00:00:00,0.0,0.0
2057-12-11 01:00:00,0.0,0.0
2057-12-11 02:00:00,0.0,0.0
2057-12-11 03:00:00,0.0,59.31943601897995
2057-12-11 04:00:00,0.0,155.81795517661635
2057-12-11 05:00:00,0.0,227.66966641087376
2057-12-11 06:00:00,0.0,273.62134220022443
2057-12-11 07:00:00,0.0,297.0149226020756
2057-12-11 08:00:00,0.0,299.1036351379552
2057-12-11 09:00:00,0.0,280.722964822215
2057-12-11 10:00:00,0.0,241.03742664050304
2057-12-11 11:00:00,0.0,178.37605056411576
2057-12-11 12:00:00,0.0,92.32109408587725
2057-12-11 13:00:00,0.0,3.3419400574073213
2057-12-11 14:00:00,0.0,0.0
2057-12-11 15:00:00,0.0,0.0
2057-12-11 16:00:00,0.0,0.0
2057-12-11 17:00:00,0.0,0.0
2057-12-11 18:00:00,0.0,0.0
2057-12-11 19:00:00,0.0,0.0
2057-12-11 20:00:00,0.0,0.0
2057-12-11 21:00:00,0.0,0.0
2057-12-11 22:00:00,0.0,0.0
2057-12-11 23:00:00,0.0,0.0
2057-12-12 00:00:00,0.0,0.0
2057-12-12 01:00:00,0.0,0.0
2057-12-12 02:00:00,0.0,0.0
2057-12-12 03:00:00,0.0,51.80007088981348
2057-12-12 04:00:00,0.0,145.7921350043944
2057-12-12 05:00:00,0.0,217.6438462386518
2057-12-12 06:00:00,0.0,264.0132645351784
2057-12-12 07:00:00,0.0,286.98910242985374
2057-12-12 08:00:00,0.0,289.4955574729092
2057-12-12 09:00:00,0.0,269.4439171284653
2057-12-12 10:00:00,0.0,228.92289393240148
2057-12-12 11:00:00,0.0,164.17280532013467
2057-12-12 12:00:00,0.0,77.70010633472022
2057-12-12 13:00:00,0.0,0.8354850143518303
2057-12-12 14:00:00,0.0,0.0
2057-12-12 15:00:00,0.0,0.0
2057-12-12 16:00:00,0.0,0.0
2057-12-12 17:00:00,0.0,0.0
2057-12-12 18:00:00,0.0,0.0
2057-12-12 19:00:00,0.0,0.0
2057-12-12 20:00:00,0.0,0.0
2057-12-12 21:00:00,0.0,0.0
2057-12-12 22:00:00,0.0,0.0
2057-12-12 23:00:00,0.0,0.0
2057-12-13 00:00:00,0.0,0.0
2057-12-13 01:00:00,0.0,0.0
2057-12-13 02:00:00,0.0,0.0
2057-12-13 03:00:00,0.0,58.90169351180403
2057-12-13 04:00:00,0.0,158.32441021967182
2057-12-13 05:00:00,0.0,231.01160646828106
2057-12-13 06:00:00,0.0,277.7987672719836
2057-12-13 07:00:00,0.0,301.6100901810107
2057-12-13 08:00:00,0.0,304.1165452240662
2057-12-13 09:00:00,0.0,286.57135992267786
2057-12-13 10:00:00,0.0,246.88582174096587
2057-12-13 11:00:00,0.0,183.80670315740267
2057-12-13 12:00:00,0.0,96.91626166481231
2057-12-13 13:00:00,0.0,3.7596825645832364
2057-12-13 14:00:00,0.0,0.0
2057-12-13 15:00:00,0.0,0.0
2057-12-13 16:00:00,0.0,0.0
2057-12-13 17:00:00,0.0,0.0
2057-12-13 18:00:00,0.0,0.0
2057-12-13 19:00:00,0.0,0.0
2057-12-13 20:00:00,0.0,0.0
2057-12-13 21:00:00,0.0,0.0
2057-12-13 22:00:00,0.0,0.0
2057-12-13 23:00:00,0.0,0.0
2057-12-14 00:00:00,0.0,0.0
2057-12-14 01:00:00,0.0,0.0
2057-12-14 02:00:00,0.0,0.0
2057-12-14 03:00:00,0.0,59.73717852615587
2057-12-14 04:00:00,0.0,155.40021266944044
2057-12-14 05:00:00,0.0,226.41643888934604
2057-12-14 06:00:00,0.0,271.9503721715208
2057-12-14 07:00:00,0.0,295.34395257337206
2057-12-14 08:00:00,0.0,297.8504076164275
2057-12-14 09:00:00,0.0,279.88747980786314
2057-12-14 10:00:00,0.0,241.03742664050304
2057-12-14 11:00:00,0.0,178.37605056411576
2057-12-14 12:00:00,0.0,90.65012405717358
2057-12-14 13:00:00,0.0,2.9241975502314066
2057-12-14 14:00:00,0.0,0.0
2057-12-14 15:00:00,0.0,0.0
2057-12-14 16:00:00,0.0,0.0
2057-12-14 17:00:00,0.0,0.0
2057-12-14 18:00:00,0.0,0.0
2057-12-14 19:00:00,0.0,0.0
2057-12-14 20:00:00,0.0,0.0
2057-12-14 21:00:00,0.0,0.0
2057-12-14 22:00:00,0.0,0.0
2057-12-14 23:00:00,0.0,0.0
2057-12-15 00:00:00,0.0,0.0
2057-12-15 01:00:00,0.0,0.0
2057-12-15 02:00:00,0.0,0.0
2057-12-15 03:00:00,0.0,54.30652593286897
2057-12-15 04:00:00,0.0,149.5518175689776
2057-12-15 05:00:00,0.0,221.82127131041094
2057-12-15 06:00:00,0.0,269.4439171284653
2057-12-15 07:00:00,0.0,293.67298254466834
2057-12-15 08:00:00,0.0,297.0149226020756
2057-12-15 09:00:00,0.0,279.88747980786314
2057-12-15 10:00:00,0.0,240.61968413332713
2057-12-15 11:00:00,0.0,177.54056554976393
2057-12-15 12:00:00,0.0,89.81463904282177
2057-12-15 13:00:00,0.0,2.9241975502314066
2057-12-15 14:00:00,0.0,0.0
2057-12-15 15:00:00,0.0,0.0
2057-12-15 16:00:00,0.0,0.0
2057-12-15 17:00:00,0.0,0.0
2057-12-15 18:00:00,0.0,0.0
2057-12-15 19:00:00,0.0,0.0
2057-12-15 20:00:00,0.0,0.0
2057-12-15 21:00:00,0.0,0.0
2057-12-15 22:00:00,0.0,0.0
2057-12-15 23:00:00,0.0,0.0
2057-12-16 00:00:00,0.0,0.0
2057-12-16 01:00:00,0.0,0.0
2057-12-16 02:00:00,0.0,0.0
2057-12-16 03:00:00,0.0,56.39523846874855
2057-12-16 04:00:00,0.0,151.22278759768128
2057-12-16 05:00:00,0.0,223.07449883193866
2057-12-16 06:00:00,0.0,268.19068960693755
2057-12-16 07:00:00,0.0,292.4197550231406
2057-12-16 08:00:00,0.0,295.7616950805479
2057-12-16 09:00:00,0.0,278.21650977915954
2057-12-16 10:00:00,0.0,236.442259061568
2057-12-16 11:00:00,0.0,172.52765546365293
2057-12-16 12:00:00,0.0,83.54850143518303
2057-12-16 13:00:00,0.0,2.506455043055491
2057-12-16 14:00:00,0.0,0.0
2057-12-16 15:00:00,0.0,0.0
2057-12-16 16:00:00,0.0,0.0
2057-12-16 17:00:00,0.0,0.0
2057-12-16 18:00:00,0.0,0.0
2057-12-16 19:00:00,0.0,0.0
2057-12-16 20:00:00,0.0,0.0
2057-12-16 21:00:00,0.0,0.0
2057-12-16 22:00:00,0.0,0.0
2057-12-16 23:00:00,0.0,0.0
2057-12-17 00:00:00,0.0,0.0
2057-12-17 01:00:00,0.0,0.0
2057-12-17 02:00:00,0.0,0.0
2057-12-17 03:00:00,0.0,36.34359812430462
2057-12-17 04:00:00,0.0,117.38564451643215
2057-12-17 05:00:00,0.0,215.55513370277222
2057-12-17 06:00:00,0.0,256.07615689883596
2057-12-17 07:00:00,0.0,292.4197550231406
2057-12-17 08:00:00,0.0,297.4326651092516
2057-12-17 09:00:00,0.0,279.88747980786314
2057-12-17 10:00:00,0.0,243.96162419073445
2057-12-17 11:00:00,0.0,180.46476309999534
2057-12-17 12:00:00,0.0,79.37107636342388
2057-12-17 13:00:00,0.0,1.6709700287036606
2057-12-17 14:00:00,0.0,0.0
2057-12-17 15:00:00,0.0,0.0
2057-12-17 16:00:00,0.0,0.0
2057-12-17 17:00:00,0.0,0.0
2057-12-17 18:00:00,0.0,0.0
2057-12-17 19:00:00,0.0,0.0
2057-12-17 20:00:00,0.0,0.0
2057-12-17 21:00:00,0.0,0.0
2057-12-17 22:00:00,0.0,0.0
2057-12-17 23:00:00,0.0,0.0
2057-12-18 00:00:00,0.0,0.0
2057-12-18 01:00:00,0.0,0.0
2057-12-18 02:00:00,0.0,0.0
2057-12-18 03:00:00,0.0,33.0016580668973
2057-12-18 04:00:00,0.0,115.29693198055259
2057-12-18 05:00:00,0.0,187.14864321481002
2057-12-18 06:00:00,0.0,252.73421684142866
2057-12-18 07:00:00,0.0,293.67298254466834
2057-12-18 08:00:00,0.0,298.26815012360345
2057-12-18 09:00:00,0.0,281.97619234374275
2057-12-18 10:00:00,0.0,244.3793666979104
2057-12-18 11:00:00,0.0,182.13573312869903
2057-12-18 12:00:00,0.0,93.15657910022908
2057-12-18 13:00:00,0.0,2.9241975502314066
2057-12-18 14:00:00,0.0,0.0
2057-12-18 15:00:00,0.0,0.0
2057-12-18 16:00:00,0.0,0.0
2057-12-18 17:00:00,0.0,0.0
2057-12-18 18:00:00,0.0,0.0
2057-12-18 19:00:00,0.0,0.0
2057-12-18 20:00:00,0.0,0.0
2057-12-18 21:00:00,0.0,0.0
2057-12-18 22:00:00,0.0,0.0
2057-12-18 23:00:00,0.0,0.0
2057-12-19 00:00:00,0.0,0.0
2057-12-19 01:00:00,0.0,0.0
2057-12-19 02:00:00,0.0,0.0
2057-12-19 03:00:00,0.0,48.45813083240616
2057-12-19 04:00:00,0.0,149.5518175689776
2057-12-19 05:00:00,0.0,222.23901381758688
2057-12-19 06:00:00,0.0,269.0261746212894
2057-12-19 07:00:00,0.0,292.4197550231406
2057-12-19 08:00:00,0.0,294.5084675590202
2057-12-19 09:00:00,0.0,275.710054736104
2057-12-19 10:00:00,0.0,232.26483398980886
2057-12-19 11:00:00,0.0,167.514745377542
2057-12-19 12:00:00,0.0,81.45978889930346
2057-12-19 13:00:00,0.0,1.6709700287036606
2057-12-19 14:00:00,0.0,0.0
2057-12-19 15:00:00,0.0,0.0
2057-12-19 16:00:00,0.0,0.0
2057-12-19 17:00:00,0.0,0.0
2057-12-19 18:00:00,0.0,0.0
2057-12-19 19:00:00,0.0,0.0
2057-12-19 20:00:00,0.0,0.0
2057-12-19 21:00:00,0.0,0.0
2057-12-19 22:00:00,0.0,0.0
2057-12-19 23:00:00,0.0,0.0
2057-12-20 00:00:00,0.0,0.0
2057-12-20 01:00:00,0.0,0.0
2057-12-20 02:00:00,0.0,0.0
2057-12-20 03:00:00,0.0,38.85005316736011
2057-12-20 04:00:00,0.0,128.24694970300595
2057-12-20 05:00:00,0.0,203.4406009946707
2057-12-20 06:00:00,0.0,265.2664920567061
2057-12-20 07:00:00,0.0,288.66007245855735
2057-12-20 08:00:00,0.0,290.74878499443696
2057-12-20 09:00:00,0.0,267.77294709976155
2057-12-20 10:00:00,0.0,225.5809538749942
2057-12-20 11:00:00,0.0,158.74215272684776
2057-12-20 12:00:00,0.0,69.76299869837783
2057-12-20 13:00:00,0.0,0.0
2057-12-20 14:00:00,0.0,0.0
2057-12-20 15:00:00,0.0,0.0
2057-12-20 16:00:00,0.0,0.0
2057-12-20 17:00:00,0.0,0.0
2057-12-20 18:00:00,0.0,0.0
2057-12-20 19:00:00,0.0,0.0
2057-12-20 20:00:00,0.0,0.0
2057-12-20 21:00:00,0.0,0.0
2057-12-20 22:00:00,0.0,0.0
2057-12-20 23:00:00,0.0,0.0
2057-12-21 00:00:00,0.0,0.0
2057-12-21 01:00:00,0.0,0.0
2057-12-21 02:00:00,0.0,0.0
2057-12-21 03:00:00,0.0,46.36941829652658
2057-12-21 04:00:00,0.0,142.03245243981115
2057-12-21 05:00:00,0.0,217.2261037314759
2057-12-21 06:00:00,0.0,266.51971957823383
2057-12-21 07:00:00,0.0,291.5842700087888
2057-12-21 08:00:00,0.0,293.2552400374924
2057-12-21 09:00:00,0.0,270.69714464999305
2057-12-21 10:00:00,0.0,227.25192390369784
2057-12-21 11:00:00,0.0,150.80504509050536
2057-12-21 12:00:00,0.0,68.927513684026
2057-12-21 13:00:00,0.0,0.8354850143518303
2057-12-21 14:00:00,0.0,0.0
2057-12-21 15:00:00,0.0,0.0
2057-12-21 16:00:00,0.0,0.0
2057-12-21 17:00:00,0.0,0.0
2057-12-21 18:00:00,0.0,0.0
2057-12-21 19:00:00,0.0,0.0
2057-12-21 20:00:00,0.0,0.0
2057-12-21 21:00:00,0.0,0.0
2057-12-21 22:00:00,0.0,0.0
2057-12-21 23:00:00,0.0,0.0
2057-12-22 00:00:00,0.0,0.0
2057-12-22 01:00:00,0.0,0.0
2057-12-22 02:00:00,0.0,0.0
2057-12-22 03:00:00,0.0,51.80007088981348
2057-12-22 04:00:00,0.0,146.6276200187462
2057-12-22 05:00:00,0.0,219.73255877453138
2057-12-22 06:00:00,0.0,266.9374620854098
2057-12-22 07:00:00,0.0,292.00201251596474
2057-12-22 08:00:00,0.0,294.0907250518443
2057-12-22 09:00:00,0.0,275.29231222892815
2057-12-22 10:00:00,0.0,237.69548658309571
2057-12-22 11:00:00,0.0,177.122823042588
2057-12-22 12:00:00,0.0,88.97915402846994
2057-12-22 13:00:00,0.0,2.506455043055491
2057-12-22 14:00:00,0.0,0.0
2057-12-22 15:00:00,0.0,0.0
2057-12-22 16:00:00,0.0,0.0
2057-12-22 17:00:00,0.0,0.0
2057-12-22 18:00:00,0.0,0.0
2057-12-22 19:00:00,0.0,0.0
2057-12-22 20:00:00,0.0,0.0
2057-12-22 21:00:00,0.0,0.0
2057-12-22 22:00:00,0.0,0.0
2057-12-22 23:00:00,0.0,0.0
2057-12-23 00:00:00,0.0,0.0
2057-12-23 01:00:00,0.0,0.0
2057-12-23 02:00:00,0.0,0.0
2057-12-23 03:00:00,0.0,65.16783111944275
2057-12-23 04:00:00,0.0,163.75506281295876
2057-12-23 05:00:00,0.0,235.60677404721616
2057-12-23 06:00:00,0.0,282.8116773580945
2057-12-23 07:00:00,0.0,306.20525775994577
2057-12-23 08:00:00,0.0,309.1294553101772
2057-12-23 09:00:00,0.0,291.1665275016128
2057-12-23 10:00:00,0.0,250.64550430554908
2057-12-23 11:00:00,0.0,186.31315820045816
2057-12-23 12:00:00,0.0,96.49851915763641
2057-12-23 13:00:00,0.0,3.7596825645832364
2057-12-23 14:00:00,0.0,0.0
2057-12-23 15:00:00,0.0,0.0
2057-12-23 16:00:00,0.0,0.0
2057-12-23 17:00:00,0.0,0.0
2057-12-23 18:00:00,0.0,0.0
2057-12-23 19:00:00,0.0,0.0
2057-12-23 20:00:00,0.0,0.0
2057-12-23 21:00:00,0.0,0.0
2057-12-23 22:00:00,0.0,0.0
2057-12-23 23:00:00,0.0,0.0
2057-12-24 00:00:00,0.0,0.0
2057-12-24 01:00:00,0.0,0.0
2057-12-24 02:00:00,0.0,0.0
2057-12-24 03:00:00,0.0,53.888783425693056
2057-12-24 04:00:00,0.0,154.98247016226452
2057-12-24 05:00:00,0.0,227.66966641087376
2057-12-24 06:00:00,0.0,267.3552045925857
2057-12-24 07:00:00,0.0,288.24232995138146
2057-12-24 08:00:00,0.0,289.07781496573324
2057-12-24 09:00:00,0.0,269.8616596356412
2057-12-24 10:00:00,0.0,230.17612145392926
2057-12-24 11:00:00,0.0,169.18571540624563
2057-12-24 12:00:00,0.0,84.80172895671078
2057-12-24 13:00:00,0.0,2.9241975502314066
2057-12-24 14:00:00,0.0,0.0
2057-12-24 15:00:00,0.0,0.0
2057-12-24 16:00:00,0.0,0.0
2057-12-24 17:00:00,0.0,0.0
2057-12-24 18:00:00,0.0,0.0
2057-12-24 19:00:00,0.0,0.0
2057-12-24 20:00:00,0.0,0.0
2057-12-24 21:00:00,0.0,0.0
2057-12-24 22:00:00,0.0,0.0
2057-12-24 23:00:00,0.0,0.0
2057-12-25 00:00:00,0.0,0.0
2057-12-25 01:00:00,0.0,0.0
2057-12-25 02:00:00,0.0,0.0
2057-12-25 03:00:00,0.0,70.59848371272967
2057-12-25 04:00:00,0.0,168.35023039189383
2057-12-25 05:00:00,0.0,239.36645661179938
2057-12-25 06:00:00,0.0,284.9003898939742
2057-12-25 07:00:00,0.0,308.2939702958254
2057-12-25 08:00:00,0.0,310.382682831705
2057-12-25 09:00:00,0.0,293.67298254466834
2057-12-25 10:00:00,0.0,253.5697018557805
2057-12-25 11:00:00,0.0,189.6550982578655
2057-12-25 12:00:00,0.0,99.84045921504372
2057-12-25 13:00:00,0.0,4.595167578935067
2057-12-25 14:00:00,0.0,0.0
2057-12-25 15:00:00,0.0,0.0
2057-12-25 16:00:00,0.0,0.0
2057-12-25 17:00:00,0.0,0.0
2057-12-25 18:00:00,0.0,0.0
2057-12-25 19:00:00,0.0,0.0
2057-12-25 20:00:00,0.0,0.0
2057-12-25 21:00:00,0.0,0.0
2057-12-25 22:00:00,0.0,0.0
2057-12-25 23:00:00,0.0,0.0
2057-12-26 00:00:00,0.0,0.0
2057-12-26 01:00:00,0.0,0.0
2057-12-26 02:00:00,0.0,0.0
2057-12-26 03:00:00,0.0,51.80007088981348
2057-12-26 04:00:00,0.0,149.5518175689776
2057-12-26 05:00:00,0.0,229.34063643957742
2057-12-26 06:00:00,0.0,269.4439171284653
2057-12-26 07:00:00,0.0,297.0149226020756
2057-12-26 08:00:00,0.0,284.48264738679825
2057-12-26 09:00:00,0.0,236.8600015687439
2057-12-26 10:00:00,0.0,182.97121814305083
2057-12-26 11:00:00,0.0,119.89209955948765
2057-12-26 12:00:00,0.0,51.80007088981348
2057-12-26 13:00:00,0.0,0.0
2057-12-26 14:00:00,0.0,0.0
2057-12-26 15:00:00,0.0,0.0
2057-12-26 16:00:00,0.0,0.0
2057-12-26 17:00:00,0.0,0.0
2057-12-26 18:00:00,0.0,0.0
2057-12-26 19:00:00,0.0,0.0
2057-12-26 20:00:00,0.0,0.0
2057-12-26 21:00:00,0.0,0.0
2057-12-26 22:00:00,0.0,0.0
2057-12-26 23:00:00,0.0,0.0
2057-12-27 00:00:00,0.0,0.0
2057-12-27 01:00:00,0.0,0.0
2057-12-27 02:00:00,0.0,0.0
2057-12-27 03:00:00,0.0,24.646807923378997
2057-12-27 04:00:00,0.0,78.95333385624795
2057-12-27 05:00:00,0.0,136.18405733934833
2057-12-27 06:00:00,0.0,180.88250560717125
2057-12-27 07:00:00,0.0,208.45351108078165
2057-12-27 08:00:00,0.0,211.37770863101306
2057-12-27 09:00:00,0.0,177.95830805693987
2057-12-27 10:00:00,0.0,138.69051238240385
2057-12-27 11:00:00,0.0,91.48560907152542
2057-12-27 12:00:00,0.0,38.43231066018419
2057-12-27 13:00:00,0.0,0.0
2057-12-27 14:00:00,0.0,0.0
2057-12-27 15:00:00,0.0,0.0
2057-12-27 16:00:00,0.0,0.0
2057-12-27 17:00:00,0.0,0.0
2057-12-27 18:00:00,0.0,0.0
2057-12-27 19:00:00,0.0,0.0
2057-12-27 20:00:00,0.0,0.0
2057-12-27 21:00:00,0.0,0.0
2057-12-27 22:00:00,0.0,0.0
2057-12-27 23:00:00,0.0,0.0
2057-12-28 00:00:00,0.0,0.0
2057-12-28 01:00:00,0.0,0.0
2057-12-28 02:00:00,0.0,0.0
2057-12-28 03:00:00,0.0,13.7855027368052
2057-12-28 04:00:00,0.0,55.97749596157263
2057-12-28 05:00:00,0.0,93.57432160740501
2057-12-28 06:00:00,0.0,116.96790200925624
2057-12-28 07:00:00,0.0,124.48726713842272
2057-12-28 08:00:00,0.0,117.80338702360805
2057-12-28 09:00:00,0.0,99.4227167078678
2057-12-28 10:00:00,0.0,76.86462132036839
2057-12-28 11:00:00,0.0,49.7113583539339
2057-12-28 12:00:00,0.0,19.633897837268012
2057-12-28 13:00:00,0.0,0.0
2057-12-28 14:00:00,0.0,0.0
2057-12-28 15:00:00,0.0,0.0
2057-12-28 16:00:00,0.0,0.0
2057-12-28 17:00:00,0.0,0.0
2057-12-28 18:00:00,0.0,0.0
2057-12-28 19:00:00,0.0,0.0
2057-12-28 20:00:00,0.0,0.0
2057-12-28 21:00:00,0.0,0.0
2057-12-28 22:00:00,0.0,0.0
2057-12-28 23:00:00,0.0,0.0
2057-12-29 00:00:00,0.0,0.0
2057-12-29 01:00:00,0.0,0.0
2057-12-29 02:00:00,0.0,0.0
2057-12-29 03:00:00,0.0,26.317777952082654
2057-12-29 04:00:00,0.0,93.57432160740501
2057-12-29 05:00:00,0.0,168.76797289906975
2057-12-29 06:00:00,0.0,193.4147808224487
2057-12-29 07:00:00,0.0,208.03576857360574
2057-12-29 08:00:00,0.0,207.61802606642985
2057-12-29 09:00:00,0.0,198.00994840138378
2057-12-29 10:00:00,0.0,157.9066677124959
2057-12-29 11:00:00,0.0,101.92917175092329
2057-12-29 12:00:00,0.0,36.34359812430462
2057-12-29 13:00:00,0.0,0.0
2057-12-29 14:00:00,0.0,0.0
2057-12-29 15:00:00,0.0,0.0
2057-12-29 16:00:00,0.0,0.0
2057-12-29 17:00:00,0.0,0.0
2057-12-29 18:00:00,0.0,0.0
2057-12-29 19:00:00,0.0,0.0
2057-12-29 20:00:00,0.0,0.0
2057-12-29 21:00:00,0.0,0.0
2057-12-29 22:00:00,0.0,0.0
2057-12-29 23:00:00,0.0,0.0
2057-12-30 00:00:00,0.0,0.0
2057-12-30 01:00:00,0.0,0.0
2057-12-30 02:00:00,0.0,0.0
2057-12-30 03:00:00,0.0,47.62264581805433
2057-12-30 04:00:00,0.0,140.7792249182834
2057-12-30 05:00:00,0.0,213.46642116689267
2057-12-30 06:00:00,0.0,260.2535819705951
2057-12-30 07:00:00,0.0,274.45682721457626
2057-12-30 08:00:00,0.0,279.46973730068726
2057-12-30 09:00:00,0.0,240.61968413332713
2057-12-30 10:00:00,0.0,183.80670315740267
2057-12-30 11:00:00,0.0,130.3356622388855
2057-12-30 12:00:00,0.0,59.73717852615587
2057-12-30 13:00:00,0.0,0.8354850143518303
2057-12-30 14:00:00,0.0,0.0
2057-12-30 15:00:00,0.0,0.0
2057-12-30 16:00:00,0.0,0.0
2057-12-30 17:00:00,0.0,0.0
2057-12-30 18:00:00,0.0,0.0
2057-12-30 19:00:00,0.0,0.0
2057-12-30 20:00:00,0.0,0.0
2057-12-30 21:00:00,0.0,0.0
2057-12-30 22:00:00,0.0,0.0
2057-12-30 23:00:00,0.0,0.0
2057-12-31 00:00:00,0.0,0.0
2057-12-31 01:00:00,0.0,0.0
2057-12-31 02:00:00,0.0,0.0
2057-12-31 03:00:00,0.0,59.73717852615587
2057-12-31 04:00:00,0.0,153.31150013356088
2057-12-31 05:00:00,0.0,224.74546886064235
2057-12-31 06:00:00,0.0,256.4938994060119
2057-12-31 07:00:00,0.0,274.87456972175215
2057-12-31 08:00:00,0.0,269.4439171284653
2057-12-31 09:00:00,0.0,268.60843211411344
2057-12-31 10:00:00,0.0,222.23901381758688
2057-12-31 11:00:00,0.0,163.33732030578284
2057-12-31 12:00:00,0.0,68.09202866967416
2057-12-31 13:00:00,0.0,0.8354850143518303
2057-12-31 14:00:00,0.0,0.0
2057-12-31 15:00:00,0.0,0.0
2057-12-31 16:00:00,0.0,0.0
2057-12-31 17:00:00,0.0,0.0
2057-12-31 18:00:00,0.0,0.0
2057-12-31 19:00:00,0.0,0.0
2057-12-31 20:00:00,0.0,0.0
2057-12-31 21:00:00,0.0,0.0
2057-12-31 22:00:00,0.0,0.0
2057-12-31 23:00:00,0.0,0.0
